adm_cd,adm_nm,year,tot_ppltn,ppltn_dnsty,avg_age,tot_family,tot_house,employee_cnt,corp_cnt,ewkt
21010510,중앙동,2024,4108,5038.7,45.3,2220,510,39863,5169,"SRID=4326;MULTIPOLYGON(((129.0387133 35.1118415, 129.0400255 35.1114469, 129.0400268 35.1114465, 129.0400549 35.1114381, 129.0400932 35.1114266, 129.0416000 35.1109690, 129.0412184 35.1102048, 129.0408742 35.1095155, 129.0411389 35.1086890, 129.0411981 35.1086669, 129.0440312 35.1076082, 129.0441835 35.1064562, 129.0422527 35.1058822, 129.0408639 35.1051651, 129.0425386 35.1041200, 129.0435835 35.1034594, 129.0435995 35.1033892, 129.0425418 35.1022464, 129.0420010 35.1016631, 129.0419961 35.1016601, 129.0397768 35.0999997, 129.0380745 35.0972485, 129.0379330 35.0970792, 129.0377814 35.0969358, 129.0376501 35.0968260, 129.0376191 35.0968060, 129.0375177 35.0967410, 129.0373896 35.0966643, 129.0372753 35.0966059, 129.0371853 35.0965614, 129.0370965 35.0965247, 129.0369289 35.0964635, 129.0360784 35.0962541, 129.0360247 35.0962422, 129.0359379 35.0974969, 129.0359227 35.0985064, 129.0356883 35.1000842, 129.0355164 35.1003084, 129.0353441 35.1005400, 129.0353435 35.1005408, 129.0350387 35.1010465, 129.0349993 35.1011243, 129.0348525 35.1015197, 129.0347756 35.1017846, 129.0347207 35.1020441, 129.0346976 35.1021931, 129.0346176 35.1027680, 129.0345579 35.1040495, 129.0346910 35.1049700, 129.0349993 35.1068402, 129.0350843 35.1070077, 129.0363434 35.1090145, 129.0382190 35.1119906, 129.0387133 35.1118415)))"
21010520,동광동,2024,2651,16356,52.5,1432,937,3214,761,"SRID=4326;MULTIPOLYGON(((129.0361086 35.1091098, 129.0363434 35.1090145, 129.0350843 35.1070077, 129.0349993 35.1068402, 129.0346910 35.1049700, 129.0345579 35.1040495, 129.0346176 35.1027680, 129.0346976 35.1021931, 129.0347207 35.1020441, 129.0347756 35.1017846, 129.0348525 35.1015197, 129.0349993 35.1011243, 129.0350387 35.1010465, 129.0353435 35.1005408, 129.0353441 35.1005400, 129.0355164 35.1003084, 129.0356883 35.1000842, 129.0359227 35.0985064, 129.0359379 35.0974969, 129.0352534 35.0982241, 129.0353830 35.0983344, 129.0354106 35.0987218, 129.0354083 35.0993233, 129.0354073 35.0993267, 129.0353528 35.0995119, 129.0349139 35.0997122, 129.0342173 35.0992697, 129.0340302 35.0991900, 129.0339583 35.0991672, 129.0339338 35.0991596, 129.0339120 35.0991531, 129.0335586 35.0990857, 129.0331184 35.1002456, 129.0330066 35.1007313, 129.0328531 35.1019525, 129.0332495 35.1019499, 129.0337198 35.1019491, 129.0344425 35.1042353, 129.0344493 35.1042620, 129.0345187 35.1045682, 129.0346712 35.1055216, 129.0346816 35.1056306, 129.0346856 35.1056770, 129.0346218 35.1058398, 129.0332202 35.1077765, 129.0323669 35.1085102, 129.0343114 35.1088177, 129.0361086 35.1091098)))"
21010530,대청동,2024,5543,15563.5,51.5,3094,2386,3581,774,"SRID=4326;MULTIPOLYGON(((129.0297877 35.1087589, 129.0323669 35.1085102, 129.0332202 35.1077765, 129.0346218 35.1058398, 129.0346856 35.1056770, 129.0346816 35.1056306, 129.0346712 35.1055216, 129.0345187 35.1045682, 129.0344493 35.1042620, 129.0344425 35.1042353, 129.0337198 35.1019491, 129.0332495 35.1019499, 129.0328531 35.1019525, 129.0287764 35.1027255, 129.0278709 35.1026210, 129.0278711 35.1029523, 129.0280878 35.1081943, 129.0297877 35.1087589)))"
21010540,보수동,2024,10154,24563.1,49.7,5642,4014,2908,981,"SRID=4326;MULTIPOLYGON(((129.0270611 35.1102745, 129.0275787 35.1102114, 129.0280878 35.1081943, 129.0278711 35.1029523, 129.0211906 35.1032429, 129.0223502 35.1075228, 129.0260025 35.1108316, 129.0270611 35.1102745)))"
21010560,부평동,2024,4258,18948.7,52,2333,1463,4696,2157,"SRID=4326;MULTIPOLYGON(((129.0251679 35.0979784, 129.0251676 35.0979775, 129.0245901 35.0992715, 129.0215205 35.1019403, 129.0211906 35.1032429, 129.0278711 35.1029523, 129.0278709 35.1026210, 129.0277572 35.0990177, 129.0251679 35.0979784)))"
21010570,광복동,2024,866,4121.2,54.4,433,322,4255,2015,"SRID=4326;MULTIPOLYGON(((129.0287764 35.1027255, 129.0328531 35.1019525, 129.0330066 35.1007313, 129.0331184 35.1002456, 129.0335586 35.0990857, 129.0339120 35.0991531, 129.0339338 35.0991596, 129.0339583 35.0991672, 129.0340302 35.0991900, 129.0342173 35.0992697, 129.0349139 35.0997122, 129.0353528 35.0995119, 129.0354073 35.0993267, 129.0354083 35.0993233, 129.0354106 35.0987218, 129.0353830 35.0983344, 129.0352534 35.0982241, 129.0348914 35.0981225, 129.0348741 35.0981177, 129.0346356 35.0980510, 129.0345703 35.0980368, 129.0343416 35.0979917, 129.0340737 35.0980151, 129.0339975 35.0980369, 129.0339401 35.0980532, 129.0338212 35.0980888, 129.0338124 35.0980914, 129.0333819 35.0982336, 129.0331578 35.0983081, 129.0328804 35.0984144, 129.0326798 35.0984967, 129.0323044 35.0986778, 129.0315932 35.0989313, 129.0312866 35.0990287, 129.0311997 35.0990457, 129.0298594 35.0990989, 129.0284417 35.0991330, 129.0277572 35.0990177, 129.0278709 35.1026210, 129.0287764 35.1027255)))"
21010580,남포동,2024,1040,4114,52.5,458,227,5940,2264,"SRID=4326;MULTIPOLYGON(((129.0284417 35.0991330, 129.0298594 35.0990989, 129.0311997 35.0990457, 129.0312866 35.0990287, 129.0315932 35.0989313, 129.0323044 35.0986778, 129.0326798 35.0984967, 129.0328804 35.0984144, 129.0331578 35.0983081, 129.0333819 35.0982336, 129.0338124 35.0980914, 129.0338212 35.0980888, 129.0339401 35.0980532, 129.0339975 35.0980369, 129.0340737 35.0980151, 129.0343416 35.0979917, 129.0345703 35.0980368, 129.0346356 35.0980510, 129.0348741 35.0981177, 129.0348914 35.0981225, 129.0352534 35.0982241, 129.0359379 35.0974969, 129.0360247 35.0962422, 129.0343173 35.0967263, 129.0308785 35.0963931, 129.0289221 35.0959601, 129.0265557 35.0953970, 129.0251676 35.0979775, 129.0251679 35.0979784, 129.0277572 35.0990177, 129.0284417 35.0991330)))"
21010590,영주1동,2024,4706,21777.5,48.6,2629,1703,2550,592,"SRID=4326;MULTIPOLYGON(((129.0336170 35.1155302, 129.0337545 35.1154560, 129.0338104 35.1154259, 129.0339780 35.1153273, 129.0342671 35.1151245, 129.0344000 35.1150158, 129.0356357 35.1139805, 129.0359927 35.1136283, 129.0360731 35.1135475, 129.0361186 35.1134846, 129.0361178 35.1134827, 129.0361007 35.1134404, 129.0360188 35.1134021, 129.0359826 35.1133852, 129.0360661 35.1132106, 129.0360937 35.1131530, 129.0364872 35.1128560, 129.0378092 35.1121687, 129.0382190 35.1119906, 129.0363434 35.1090145, 129.0361086 35.1091098, 129.0343114 35.1088177, 129.0347475 35.1090821, 129.0347982 35.1091181, 129.0348029 35.1091320, 129.0346782 35.1094624, 129.0346575 35.1095040, 129.0346067 35.1095720, 129.0336707 35.1106228, 129.0327725 35.1111093, 129.0324189 35.1114365, 129.0324201 35.1115390, 129.0330925 35.1149405, 129.0332099 35.1153993, 129.0336170 35.1155302)))"
21010600,영주2동,2024,6273,14628.7,53.9,3127,2638,1654,324,"SRID=4326;MULTIPOLYGON(((129.0323093 35.1164308, 129.0328324 35.1161599, 129.0332099 35.1153993, 129.0330925 35.1149405, 129.0324201 35.1115390, 129.0324189 35.1114365, 129.0327725 35.1111093, 129.0336707 35.1106228, 129.0346067 35.1095720, 129.0346575 35.1095040, 129.0346782 35.1094624, 129.0348029 35.1091320, 129.0347982 35.1091181, 129.0347475 35.1090821, 129.0343114 35.1088177, 129.0323669 35.1085102, 129.0297877 35.1087589, 129.0280878 35.1081943, 129.0275787 35.1102114, 129.0280644 35.1123961, 129.0280645 35.1123970, 129.0280900 35.1130843, 129.0279349 35.1144754, 129.0278249 35.1147162, 129.0276145 35.1151762, 129.0275048 35.1154156, 129.0274721 35.1154866, 129.0274470 35.1155410, 129.0293320 35.1162561, 129.0323093 35.1164308)))"
21020510,동대신1동,2024,5144,22292.4,48.4,2481,2025,1122,442,"SRID=4326;MULTIPOLYGON(((129.0246387 35.1124273, 129.0260025 35.1108316, 129.0223502 35.1075228, 129.0201791 35.1076243, 129.0178780 35.1100408, 129.0246387 35.1124273)))"
21020520,동대신2동,2024,6334,14548.4,54.1,3064,2527,1439,522,"SRID=4326;MULTIPOLYGON(((129.0255454 35.1168039, 129.0259249 35.1167377, 129.0274470 35.1155410, 129.0274721 35.1154866, 129.0275048 35.1154156, 129.0276145 35.1151762, 129.0278249 35.1147162, 129.0279349 35.1144754, 129.0280900 35.1130843, 129.0280645 35.1123970, 129.0280644 35.1123961, 129.0275787 35.1102114, 129.0270611 35.1102745, 129.0260025 35.1108316, 129.0246387 35.1124273, 129.0178780 35.1100408, 129.0165526 35.1124795, 129.0167113 35.1125355, 129.0171448 35.1126929, 129.0204717 35.1139098, 129.0205544 35.1139402, 129.0206715 35.1139837, 129.0210294 35.1141181, 129.0210427 35.1141461, 129.0210138 35.1141950, 129.0209884 35.1142440, 129.0207872 35.1146319, 129.0207404 35.1147222, 129.0219899 35.1162091, 129.0220503 35.1162755, 129.0225594 35.1167845, 129.0225856 35.1167837, 129.0233195 35.1167041, 129.0237335 35.1165638, 129.0240358 35.1164925, 129.0241739 35.1164903, 129.0242933 35.1164892, 129.0252606 35.1165134, 129.0253539 35.1165757, 129.0253892 35.1166008, 129.0255454 35.1168039)))"
21020530,동대신3동,2024,7019,4778.5,48.1,3586,2848,4727,674,"SRID=4326;MULTIPOLYGON(((129.0254059 35.1205950, 129.0243032 35.1187925, 129.0244177 35.1184776, 129.0245718 35.1180574, 129.0246423 35.1178697, 129.0249536 35.1175880, 129.0254849 35.1171115, 129.0259249 35.1167377, 129.0255454 35.1168039, 129.0253892 35.1166008, 129.0253539 35.1165757, 129.0252606 35.1165134, 129.0242933 35.1164892, 129.0241739 35.1164903, 129.0240358 35.1164925, 129.0237335 35.1165638, 129.0233195 35.1167041, 129.0225856 35.1167837, 129.0225594 35.1167845, 129.0220503 35.1162755, 129.0219899 35.1162091, 129.0207404 35.1147222, 129.0207872 35.1146319, 129.0209884 35.1142440, 129.0210138 35.1141950, 129.0210427 35.1141461, 129.0210294 35.1141181, 129.0206715 35.1139837, 129.0205544 35.1139402, 129.0204717 35.1139098, 129.0171448 35.1126929, 129.0167113 35.1125355, 129.0165526 35.1124795, 129.0151926 35.1149987, 129.0171964 35.1157680, 129.0173519 35.1158300, 129.0174217 35.1158665, 129.0163545 35.1175089, 129.0162190 35.1176376, 129.0179732 35.1218367, 129.0180217 35.1219606, 129.0181664 35.1223333, 129.0183267 35.1227519, 129.0186047 35.1236768, 129.0186065 35.1236828, 129.0186964 35.1239819, 129.0187107 35.1240296, 129.0189457 35.1248216, 129.0188292 35.1250430, 129.0187074 35.1252744, 129.0190444 35.1264097, 129.0210325 35.1324667, 129.0212250 35.1330507, 129.0222173 35.1351547, 129.0223177 35.1353670, 129.0224100 35.1355607, 129.0225572 35.1358687, 129.0229911 35.1366000, 129.0256299 35.1356614, 129.0260427 35.1313654, 129.0260098 35.1249185, 129.0257971 35.1233092, 129.0250880 35.1217393, 129.0254059 35.1205950)))"
21020540,서대신1동,2024,14540,23046.9,44.6,6451,5512,3191,951,"SRID=4326;MULTIPOLYGON(((129.0122296 35.1109517, 129.0165526 35.1124795, 129.0178780 35.1100408, 129.0201791 35.1076243, 129.0197808 35.1076292, 129.0171441 35.1077507, 129.0155009 35.1068106, 129.0152650 35.1065454, 129.0150552 35.1062972, 129.0142561 35.1053473, 129.0141214 35.1051851, 129.0140362 35.1048255, 129.0111857 35.1053855, 129.0104835 35.1056941, 129.0076007 35.1081855, 129.0054154 35.1097179, 129.0049817 35.1098455, 129.0046642 35.1099390, 129.0043272 35.1102400, 129.0035472 35.1112553, 129.0038888 35.1110058, 129.0043305 35.1109178, 129.0044690 35.1108902, 129.0088778 35.1108233, 129.0097169 35.1109087, 129.0097556 35.1109174, 129.0106343 35.1120593, 129.0119327 35.1115856, 129.0122296 35.1109517)))"
21020560,서대신3동,2024,7240,10281.3,47.1,2985,2682,1797,550,"SRID=4326;MULTIPOLYGON(((129.0075566 35.1167742, 129.0077440 35.1174745, 129.0080626 35.1174801, 129.0081454 35.1174801, 129.0126377 35.1166997, 129.0134184 35.1161175, 129.0135258 35.1159296, 129.0138622 35.1152395, 129.0142213 35.1146259, 129.0142234 35.1146223, 129.0147091 35.1148109, 129.0150069 35.1149266, 129.0151926 35.1149987, 129.0165526 35.1124795, 129.0122296 35.1109517, 129.0119327 35.1115856, 129.0106343 35.1120593, 129.0097556 35.1109174, 129.0097169 35.1109087, 129.0088778 35.1108233, 129.0044690 35.1108902, 129.0043305 35.1109178, 129.0038888 35.1110058, 129.0035472 35.1112553, 129.0039059 35.1131187, 129.0020169 35.1142744, 129.0024070 35.1154982, 129.0027211 35.1172535, 129.0021380 35.1180177, 129.0075566 35.1167742)))"
21020570,서대신4동,2024,6835,1780,46.9,2803,2633,1527,389,"SRID=4326;MULTIPOLYGON(((128.9985153 35.1409919, 128.9999905 35.1407036, 129.0039833 35.1395741, 129.0059784 35.1392472, 129.0076583 35.1395343, 129.0087060 35.1393924, 129.0105643 35.1388292, 129.0113276 35.1381899, 129.0121717 35.1374829, 129.0121754 35.1374785, 129.0121668 35.1374659, 129.0121961 35.1374405, 129.0125072 35.1371932, 129.0127119 35.1370304, 129.0127253 35.1370198, 129.0158880 35.1360293, 129.0180061 35.1364186, 129.0207839 35.1367256, 129.0212867 35.1367792, 129.0215193 35.1368025, 129.0215340 35.1368024, 129.0215414 35.1368023, 129.0229911 35.1366000, 129.0225572 35.1358687, 129.0224100 35.1355607, 129.0223177 35.1353670, 129.0222173 35.1351547, 129.0212250 35.1330507, 129.0210325 35.1324667, 129.0190444 35.1264097, 129.0187074 35.1252744, 129.0188292 35.1250430, 129.0189457 35.1248216, 129.0187107 35.1240296, 129.0186964 35.1239819, 129.0186065 35.1236828, 129.0186047 35.1236768, 129.0183267 35.1227519, 129.0181664 35.1223333, 129.0180217 35.1219606, 129.0179732 35.1218367, 129.0162190 35.1176376, 129.0163545 35.1175089, 129.0174217 35.1158665, 129.0173519 35.1158300, 129.0171964 35.1157680, 129.0151926 35.1149987, 129.0150069 35.1149266, 129.0147091 35.1148109, 129.0142234 35.1146223, 129.0142213 35.1146259, 129.0138622 35.1152395, 129.0135258 35.1159296, 129.0134184 35.1161175, 129.0126377 35.1166997, 129.0081454 35.1174801, 129.0080626 35.1174801, 129.0077440 35.1174745, 129.0075566 35.1167742, 129.0021380 35.1180177, 128.9990146 35.1185522, 128.9987886 35.1198012, 128.9997497 35.1232651, 129.0000102 35.1236990, 129.0012900 35.1247163, 129.0027204 35.1253283, 129.0031187 35.1277615, 129.0028623 35.1318522, 129.0026977 35.1337292, 129.0034965 35.1345849, 129.0043270 35.1364145, 128.9995256 35.1389161, 128.9960325 35.1404084, 128.9985153 35.1409919)))"
21020590,부민동,2024,8258,20284.3,41.9,3870,2838,4186,759,"SRID=4326;MULTIPOLYGON(((129.0197808 35.1076292, 129.0201791 35.1076243, 129.0223502 35.1075228, 129.0211906 35.1032429, 129.0215205 35.1019403, 129.0198265 35.1019847, 129.0191934 35.1020203, 129.0168419 35.1021253, 129.0167937 35.1020125, 129.0167912 35.1019939, 129.0167691 35.1018266, 129.0167053 35.1018140, 129.0165792 35.1018271, 129.0162549 35.1018642, 129.0138457 35.1021414, 129.0135716 35.1022327, 129.0130849 35.1023949, 129.0129631 35.1028345, 129.0132889 35.1035744, 129.0133505 35.1037091, 129.0140362 35.1048255, 129.0141214 35.1051851, 129.0142561 35.1053473, 129.0150552 35.1062972, 129.0152650 35.1065454, 129.0155009 35.1068106, 129.0171441 35.1077507, 129.0197808 35.1076292)))"
21020610,아미동,2024,6272,8696.1,53.8,3539,2873,4653,473,"SRID=4326;MULTIPOLYGON(((129.0111857 35.1053855, 129.0140362 35.1048255, 129.0133505 35.1037091, 129.0132889 35.1035744, 129.0129631 35.1028345, 129.0130849 35.1023949, 129.0135716 35.1022327, 129.0138457 35.1021414, 129.0162549 35.1018642, 129.0165792 35.1018271, 129.0167053 35.1018140, 129.0167691 35.1018266, 129.0167912 35.1019939, 129.0167937 35.1020125, 129.0168419 35.1021253, 129.0191934 35.1020203, 129.0198265 35.1019847, 129.0196107 35.0987289, 129.0184242 35.0987765, 129.0172991 35.0976161, 129.0167070 35.0967884, 129.0167156 35.0967597, 129.0164275 35.0963970, 129.0148729 35.0954826, 129.0144245 35.0952288, 129.0144038 35.0952172, 129.0134652 35.0946892, 129.0134636 35.0946883, 129.0121169 35.0962350, 129.0118403 35.0965660, 129.0114055 35.0970891, 129.0104357 35.0986305, 129.0084813 35.0993756, 129.0072402 35.0995229, 129.0073275 35.1011647, 129.0074665 35.1015293, 129.0075905 35.1018548, 129.0083299 35.1029243, 129.0085518 35.1030949, 129.0091962 35.1038247, 129.0099781 35.1048206, 129.0104835 35.1056941, 129.0111857 35.1053855)))"
21020630,초장동,2024,3596,8123.3,56.7,2031,1440,364,157,"SRID=4326;MULTIPOLYGON(((129.0202350 35.0986989, 129.0206247 35.0982295, 129.0215339 35.0961355, 129.0210690 35.0932138, 129.0210159 35.0932522, 129.0209584 35.0932350, 129.0205596 35.0931151, 129.0195729 35.0928151, 129.0193455 35.0926687, 129.0183134 35.0918129, 129.0162383 35.0900064, 129.0156043 35.0894084, 129.0149874 35.0888173, 129.0134955 35.0894872, 129.0134982 35.0894921, 129.0138741 35.0901553, 129.0141194 35.0905887, 129.0142839 35.0908820, 129.0143667 35.0910295, 129.0143254 35.0926648, 129.0143148 35.0929678, 129.0142088 35.0937436, 129.0134636 35.0946883, 129.0134652 35.0946892, 129.0144038 35.0952172, 129.0144245 35.0952288, 129.0148729 35.0954826, 129.0164275 35.0963970, 129.0167156 35.0967597, 129.0167070 35.0967884, 129.0172991 35.0976161, 129.0184242 35.0987765, 129.0196107 35.0987289, 129.0202350 35.0986989)))"
21020640,충무동,2024,9750,26405.3,49.3,5059,3576,6306,1625,"SRID=4326;MULTIPOLYGON(((129.0245901 35.0992715, 129.0251676 35.0979775, 129.0265557 35.0953970, 129.0252426 35.0935148, 129.0210690 35.0932138, 129.0215339 35.0961355, 129.0206247 35.0982295, 129.0202350 35.0986989, 129.0196107 35.0987289, 129.0198265 35.1019847, 129.0215205 35.1019403, 129.0245901 35.0992715)))"
21020650,남부민1동,2024,4508,9569.8,55.5,2267,1711,2036,883,"SRID=4326;MULTIPOLYGON(((129.0252870 35.0932570, 129.0260327 35.0868447, 129.0245825 35.0867700, 129.0234056 35.0875390, 129.0220233 35.0887411, 129.0220196 35.0887664, 129.0219904 35.0889764, 129.0221039 35.0892717, 129.0170629 35.0876227, 129.0149874 35.0888173, 129.0156043 35.0894084, 129.0162383 35.0900064, 129.0183134 35.0918129, 129.0193455 35.0926687, 129.0195729 35.0928151, 129.0205596 35.0931151, 129.0209584 35.0932350, 129.0210159 35.0932522, 129.0210690 35.0932138, 129.0252426 35.0935148, 129.0252870 35.0932570)))"
21020680,암남동,2024,16335,4310.2,48.3,7238,6365,11082,1856,"SRID=4326;MULTIPOLYGON(((129.0146980 35.0503106, 129.0148499 35.0503279, 129.0148919 35.0503279, 129.0149229 35.0503149, 129.0149626 35.0502781, 129.0156495 35.0496105, 129.0159760 35.0486772, 129.0159177 35.0480587, 129.0158980 35.0480235, 129.0155554 35.0476460, 129.0155285 35.0476237, 129.0154749 35.0475874, 129.0154546 35.0475759, 129.0154470 35.0475715, 129.0151815 35.0474220, 129.0151112 35.0473856, 129.0150689 35.0473699, 129.0150332 35.0473665, 129.0149921 35.0473707, 129.0148949 35.0473828, 129.0148776 35.0473874, 129.0139436 35.0480569, 129.0139202 35.0481062, 129.0139226 35.0481410, 129.0142050 35.0499987, 129.0142057 35.0500006, 129.0142271 35.0500596, 129.0142728 35.0501481, 129.0143212 35.0502297, 129.0143230 35.0502327, 129.0143536 35.0502840, 129.0143648 35.0502924, 129.0144121 35.0503280, 129.0144610 35.0503424, 129.0145326 35.0503513, 129.0145935 35.0503520, 129.0146563 35.0503380, 129.0146980 35.0503106)), ((129.0155957 35.0843222, 129.0155865 35.0842585, 129.0155927 35.0840428, 129.0158699 35.0837555, 129.0159097 35.0837166, 129.0159153 35.0837113, 129.0164826 35.0831725, 129.0169598 35.0827290, 129.0180938 35.0817171, 129.0181304 35.0817320, 129.0183121 35.0818061, 129.0183218 35.0818732, 129.0183224 35.0818773, 129.0186317 35.0819399, 129.0197410 35.0821288, 129.0209560 35.0821917, 129.0247961 35.0814127, 129.0256475 35.0811626, 129.0251570 35.0783586, 129.0246066 35.0763330, 129.0237914 35.0758202, 129.0236904 35.0757859, 129.0236108 35.0757695, 129.0235182 35.0757573, 129.0234263 35.0757504, 129.0233229 35.0757500, 129.0232534 35.0757538, 129.0231806 35.0757632, 129.0230916 35.0757845, 129.0229970 35.0758099, 129.0229369 35.0758301, 129.0228879 35.0758525, 129.0217959 35.0764473, 129.0215717 35.0766076, 129.0215239 35.0766580, 129.0214844 35.0766999, 129.0214706 35.0767349, 129.0214706 35.0767367, 129.0214705 35.0767438, 129.0214721 35.0767508, 129.0214780 35.0767626, 129.0215108 35.0767946, 129.0215732 35.0768332, 129.0215855 35.0768377, 129.0215921 35.0768394, 129.0215961 35.0768401, 129.0216035 35.0768402, 129.0216120 35.0768394, 129.0216185 35.0768379, 129.0216250 35.0768350, 129.0216292 35.0768315, 129.0217528 35.0766978, 129.0217835 35.0766626, 129.0218105 35.0766316, 129.0218507 35.0765955, 129.0218896 35.0765683, 129.0219238 35.0765464, 129.0219719 35.0765240, 129.0220060 35.0765111, 129.0220534 35.0764985, 129.0220994 35.0764939, 129.0221442 35.0764938, 129.0221807 35.0765003, 129.0222171 35.0765149, 129.0222430 35.0765304, 129.0222451 35.0765353, 129.0222455 35.0765397, 129.0222434 35.0765493, 129.0221740 35.0766554, 129.0221503 35.0766887, 129.0220654 35.0767704, 129.0219749 35.0768478, 129.0218366 35.0769142, 129.0213910 35.0771265, 129.0213780 35.0771283, 129.0203113 35.0770321, 129.0201753 35.0770060, 129.0195270 35.0768295, 129.0194045 35.0767870, 129.0193685 35.0767745, 129.0192326 35.0767120, 129.0190853 35.0766374, 129.0189584 35.0765589, 129.0188048 35.0764529, 129.0182606 35.0760716, 129.0182310 35.0760501, 129.0180705 35.0759339, 129.0178793 35.0757733, 129.0176487 35.0755714, 129.0175760 35.0754920, 129.0173799 35.0752648, 129.0172862 35.0751278, 129.0172081 35.0750006, 129.0171565 35.0749165, 129.0170357 35.0746995, 129.0169450 35.0745207, 129.0169144 35.0743959, 129.0168957 35.0742984, 129.0168921 35.0742620, 129.0168902 35.0741897, 129.0168963 35.0741373, 129.0169065 35.0740828, 129.0169455 35.0739529, 129.0181572 35.0717532, 129.0181802 35.0717124, 129.0182053 35.0716723, 129.0191784 35.0706132, 129.0193580 35.0705855, 129.0193649 35.0705882, 129.0196003 35.0707012, 129.0196607 35.0710092, 129.0196597 35.0710177, 129.0197581 35.0712617, 129.0207989 35.0703983, 129.0212867 35.0696748, 129.0213918 35.0664971, 129.0212296 35.0656988, 129.0218523 35.0627709, 129.0220936 35.0626237, 129.0221175 35.0626069, 129.0222440 35.0624542, 129.0222578 35.0624366, 129.0222596 35.0624342, 129.0222714 35.0624093, 129.0223414 35.0619941, 129.0223312 35.0619073, 129.0223264 35.0618811, 129.0220145 35.0612768, 129.0219915 35.0612393, 129.0219511 35.0611935, 129.0215329 35.0607211, 129.0164447 35.0572060, 129.0161366 35.0544366, 129.0161923 35.0542403, 129.0161779 35.0541858, 129.0160533 35.0537930, 129.0160414 35.0537622, 129.0160276 35.0537299, 129.0160008 35.0536838, 129.0159445 35.0535876, 129.0159216 35.0535520, 129.0158881 35.0535000, 129.0157187 35.0532962, 129.0156910 35.0532643, 129.0156671 35.0532391, 129.0156415 35.0532165, 129.0152001 35.0528687, 129.0149599 35.0527115, 129.0149308 35.0526987, 129.0105824 35.0516877, 129.0116461 35.0524558, 129.0094384 35.0587997, 129.0091754 35.0595545, 129.0111324 35.0630232, 129.0111345 35.0630267, 129.0120308 35.0651786, 129.0120304 35.0651820, 129.0109813 35.0654821, 129.0107241 35.0655547, 129.0096814 35.0658490, 129.0093469 35.0659450, 129.0093422 35.0659487, 129.0088621 35.0665786, 129.0058899 35.0705763, 129.0055010 35.0711000, 129.0054139 35.0717503, 129.0052631 35.0728172, 129.0047241 35.0766070, 129.0045450 35.0778455, 129.0044665 35.0783867, 129.0044581 35.0784430, 129.0062625 35.0786333, 129.0079229 35.0786235, 129.0081465 35.0783577, 129.0082503 35.0782421, 129.0086560 35.0778285, 129.0088408 35.0776408, 129.0089137 35.0775670, 129.0100812 35.0770147, 129.0111741 35.0767873, 129.0117418 35.0815867, 129.0119274 35.0839952, 129.0130427 35.0882208, 129.0130971 35.0883751, 129.0132297 35.0887512, 129.0134418 35.0893522, 129.0134955 35.0894872, 129.0149874 35.0888173, 129.0170629 35.0876227, 129.0155957 35.0843222)))"
21020690,남부민2동,2024,7582,11659,55.3,3951,3183,1784,561,"SRID=4326;MULTIPOLYGON(((129.0221039 35.0892717, 129.0219904 35.0889764, 129.0220196 35.0887664, 129.0220233 35.0887411, 129.0234056 35.0875390, 129.0245825 35.0867700, 129.0260327 35.0868447, 129.0270451 35.0853351, 129.0265419 35.0832759, 129.0256475 35.0811626, 129.0247961 35.0814127, 129.0209560 35.0821917, 129.0197410 35.0821288, 129.0186317 35.0819399, 129.0183224 35.0818773, 129.0183218 35.0818732, 129.0183121 35.0818061, 129.0181304 35.0817320, 129.0180938 35.0817171, 129.0169598 35.0827290, 129.0164826 35.0831725, 129.0159153 35.0837113, 129.0159097 35.0837166, 129.0158699 35.0837555, 129.0155927 35.0840428, 129.0155865 35.0842585, 129.0155957 35.0843222, 129.0170629 35.0876227, 129.0221039 35.0892717)))"
21030510,초량1동,2024,5394,20617.8,49,2779,1690,9300,1574,"SRID=4326;MULTIPOLYGON(((129.0364771 35.1184751, 129.0377928 35.1176858, 129.0379778 35.1168596, 129.0380420 35.1165729, 129.0380531 35.1165232, 129.0380541 35.1165187, 129.0379376 35.1162914, 129.0379079 35.1162333, 129.0376752 35.1157793, 129.0394308 35.1147554, 129.0400255 35.1114469, 129.0387133 35.1118415, 129.0382190 35.1119906, 129.0378092 35.1121687, 129.0364872 35.1128560, 129.0360937 35.1131530, 129.0360661 35.1132106, 129.0359826 35.1133852, 129.0360188 35.1134021, 129.0361007 35.1134404, 129.0361178 35.1134827, 129.0361186 35.1134846, 129.0360731 35.1135475, 129.0359927 35.1136283, 129.0356357 35.1139805, 129.0344000 35.1150158, 129.0342671 35.1151245, 129.0339780 35.1153273, 129.0338104 35.1154259, 129.0337545 35.1154560, 129.0336170 35.1155302, 129.0332099 35.1153993, 129.0328324 35.1161599, 129.0364771 35.1184751)))"
21030520,초량2동,2024,5366,15387.4,52.8,2732,1814,2729,1075,"SRID=4326;MULTIPOLYGON(((129.0399931 35.1193834, 129.0411590 35.1180428, 129.0402619 35.1162778, 129.0394308 35.1147554, 129.0376752 35.1157793, 129.0379079 35.1162333, 129.0379376 35.1162914, 129.0380541 35.1165187, 129.0380531 35.1165232, 129.0380420 35.1165729, 129.0379778 35.1168596, 129.0377928 35.1176858, 129.0364771 35.1184751, 129.0328324 35.1161599, 129.0323093 35.1164308, 129.0293320 35.1162561, 129.0282315 35.1174761, 129.0282399 35.1174901, 129.0284489 35.1177231, 129.0286377 35.1179202, 129.0294485 35.1187058, 129.0298145 35.1188376, 129.0299304 35.1188783, 129.0324557 35.1192329, 129.0367007 35.1201648, 129.0383275 35.1205362, 129.0399931 35.1193834)))"
21030530,초량3동,2024,12997,7136.4,42.7,5928,4223,24822,3214,"SRID=4326;MULTIPOLYGON(((129.0509820 35.1272206, 129.0500044 35.1253499, 129.0499501 35.1252475, 129.0498993 35.1252199, 129.0496651 35.1250927, 129.0494510 35.1249766, 129.0493735 35.1249282, 129.0493170 35.1248850, 129.0492122 35.1247957, 129.0491732 35.1247535, 129.0491571 35.1247346, 129.0491353 35.1247089, 129.0491033 35.1246655, 129.0490848 35.1246380, 129.0490588 35.1245949, 129.0487455 35.1239468, 129.0500409 35.1235666, 129.0499555 35.1234491, 129.0495813 35.1226750, 129.0490999 35.1216569, 129.0486548 35.1207105, 129.0501822 35.1192456, 129.0515967 35.1183673, 129.0528179 35.1176003, 129.0530799 35.1174358, 129.0545871 35.1164877, 129.0553263 35.1160212, 129.0553265 35.1160203, 129.0547683 35.1154143, 129.0543543 35.1149701, 129.0528016 35.1159424, 129.0509868 35.1170779, 129.0500798 35.1176453, 129.0484331 35.1158522, 129.0482440 35.1156453, 129.0502828 35.1143593, 129.0525095 35.1129612, 129.0501323 35.1103704, 129.0465643 35.1078680, 129.0463593 35.1077559, 129.0460735 35.1076772, 129.0460061 35.1076696, 129.0459568 35.1076672, 129.0440312 35.1076082, 129.0411981 35.1086669, 129.0411389 35.1086890, 129.0408742 35.1095155, 129.0412184 35.1102048, 129.0416000 35.1109690, 129.0400932 35.1114266, 129.0400549 35.1114381, 129.0400268 35.1114465, 129.0400255 35.1114469, 129.0394308 35.1147554, 129.0402619 35.1162778, 129.0411590 35.1180428, 129.0399931 35.1193834, 129.0383275 35.1205362, 129.0375729 35.1242936, 129.0384565 35.1246331, 129.0410199 35.1245401, 129.0410692 35.1245380, 129.0412920 35.1244658, 129.0417778 35.1242931, 129.0418171 35.1242791, 129.0418360 35.1242724, 129.0418827 35.1242556, 129.0419294 35.1242389, 129.0419310 35.1242010, 129.0417075 35.1240791, 129.0416175 35.1240304, 129.0411697 35.1237917, 129.0410795 35.1237438, 129.0410282 35.1237172, 129.0409535 35.1236786, 129.0409429 35.1236732, 129.0408474 35.1236192, 129.0406898 35.1235270, 129.0406598 35.1234741, 129.0406853 35.1233761, 129.0406935 35.1233446, 129.0407224 35.1233094, 129.0407555 35.1232748, 129.0415040 35.1225664, 129.0415269 35.1225490, 129.0416569 35.1224538, 129.0417250 35.1224269, 129.0418373 35.1223891, 129.0419558 35.1223688, 129.0419991 35.1223637, 129.0427068 35.1223621, 129.0431773 35.1232828, 129.0434861 35.1238877, 129.0442469 35.1253798, 129.0445541 35.1259831, 129.0446099 35.1260222, 129.0486783 35.1278058, 129.0509820 35.1272206)))"
21030550,초량6동,2024,4974,3872.2,55,2513,1943,1342,332,"SRID=4326;MULTIPOLYGON(((129.0368719 35.1243781, 129.0375729 35.1242936, 129.0383275 35.1205362, 129.0367007 35.1201648, 129.0324557 35.1192329, 129.0299304 35.1188783, 129.0298145 35.1188376, 129.0294485 35.1187058, 129.0286377 35.1179202, 129.0284489 35.1177231, 129.0282399 35.1174901, 129.0282315 35.1174761, 129.0293320 35.1162561, 129.0274470 35.1155410, 129.0259249 35.1167377, 129.0254849 35.1171115, 129.0249536 35.1175880, 129.0246423 35.1178697, 129.0245718 35.1180574, 129.0244177 35.1184776, 129.0243032 35.1187925, 129.0254059 35.1205950, 129.0250880 35.1217393, 129.0257971 35.1233092, 129.0260098 35.1249185, 129.0260427 35.1313654, 129.0280662 35.1307293, 129.0335363 35.1288974, 129.0347661 35.1279573, 129.0347025 35.1277569, 129.0346541 35.1274796, 129.0346288 35.1271871, 129.0346490 35.1267102, 129.0346728 35.1266417, 129.0350414 35.1261619, 129.0351969 35.1261064, 129.0353289 35.1260593, 129.0368719 35.1243781)))"
21030560,수정1동,2024,3788,18652.7,50.5,1886,1506,1501,304,"SRID=4326;MULTIPOLYGON(((129.0416954 35.1264803, 129.0445541 35.1259831, 129.0442469 35.1253798, 129.0434861 35.1238877, 129.0431773 35.1232828, 129.0427068 35.1223621, 129.0419991 35.1223637, 129.0419558 35.1223688, 129.0418373 35.1223891, 129.0417250 35.1224269, 129.0416569 35.1224538, 129.0415269 35.1225490, 129.0415040 35.1225664, 129.0407555 35.1232748, 129.0407224 35.1233094, 129.0406935 35.1233446, 129.0406853 35.1233761, 129.0406598 35.1234741, 129.0406898 35.1235270, 129.0408474 35.1236192, 129.0409429 35.1236732, 129.0409535 35.1236786, 129.0410282 35.1237172, 129.0410795 35.1237438, 129.0411697 35.1237917, 129.0416175 35.1240304, 129.0417075 35.1240791, 129.0419310 35.1242010, 129.0419294 35.1242389, 129.0418827 35.1242556, 129.0418360 35.1242724, 129.0418171 35.1242791, 129.0417778 35.1242931, 129.0412920 35.1244658, 129.0410692 35.1245380, 129.0410199 35.1245401, 129.0384565 35.1246331, 129.0375729 35.1242936, 129.0368719 35.1243781, 129.0353289 35.1260593, 129.0358551 35.1260021, 129.0358907 35.1259995, 129.0360847 35.1259863, 129.0361798 35.1259800, 129.0368493 35.1259515, 129.0369968 35.1259460, 129.0407150 35.1265535, 129.0416954 35.1264803)))"
21030570,수정2동,2024,8659,9179.3,51.8,4335,3390,6519,1445,"SRID=4326;MULTIPOLYGON(((129.0331345 35.1371195, 129.0342308 35.1375110, 129.0348086 35.1372176, 129.0350522 35.1370721, 129.0364982 35.1360511, 129.0368379 35.1358095, 129.0373519 35.1354149, 129.0374661 35.1352940, 129.0386896 35.1342854, 129.0391375 35.1339525, 129.0402890 35.1331094, 129.0446099 35.1307430, 129.0449340 35.1309931, 129.0461903 35.1321494, 129.0507723 35.1303919, 129.0486783 35.1278058, 129.0446099 35.1260222, 129.0450825 35.1270362, 129.0451417 35.1271632, 129.0453443 35.1275980, 129.0453802 35.1276752, 129.0451273 35.1278369, 129.0387851 35.1292809, 129.0387028 35.1292952, 129.0382623 35.1293721, 129.0377413 35.1293664, 129.0374938 35.1292721, 129.0372938 35.1291789, 129.0370131 35.1291349, 129.0367921 35.1291350, 129.0366400 35.1291890, 129.0365198 35.1292665, 129.0365146 35.1292699, 129.0364251 35.1293435, 129.0362908 35.1294726, 129.0362585 35.1295049, 129.0362403 35.1295243, 129.0356930 35.1302485, 129.0350555 35.1311237, 129.0344686 35.1318589, 129.0342330 35.1320928, 129.0339877 35.1323171, 129.0333213 35.1329065, 129.0331981 35.1330150, 129.0330358 35.1331309, 129.0328283 35.1332444, 129.0312319 35.1341125, 129.0310184 35.1342186, 129.0307929 35.1343148, 129.0302998 35.1344160, 129.0300081 35.1344653, 129.0293286 35.1345986, 129.0277229 35.1349909, 129.0275064 35.1350797, 129.0272839 35.1351932, 129.0270705 35.1353116, 129.0270226 35.1353539, 129.0280515 35.1366885, 129.0283191 35.1369022, 129.0331345 35.1371195)))"
21030590,수정4동,2024,3256,4961.9,57.7,1816,1541,528,243,"SRID=4326;MULTIPOLYGON(((129.0350555 35.1311237, 129.0356930 35.1302485, 129.0362403 35.1295243, 129.0362585 35.1295049, 129.0362908 35.1294726, 129.0364251 35.1293435, 129.0365146 35.1292699, 129.0365198 35.1292665, 129.0366400 35.1291890, 129.0367921 35.1291350, 129.0370131 35.1291349, 129.0372938 35.1291789, 129.0374938 35.1292721, 129.0377413 35.1293664, 129.0382623 35.1293721, 129.0387028 35.1292952, 129.0387851 35.1292809, 129.0451273 35.1278369, 129.0453802 35.1276752, 129.0453443 35.1275980, 129.0451417 35.1271632, 129.0450825 35.1270362, 129.0446099 35.1260222, 129.0445541 35.1259831, 129.0416954 35.1264803, 129.0407150 35.1265535, 129.0369968 35.1259460, 129.0368493 35.1259515, 129.0361798 35.1259800, 129.0360847 35.1259863, 129.0358907 35.1259995, 129.0358551 35.1260021, 129.0353289 35.1260593, 129.0351969 35.1261064, 129.0350414 35.1261619, 129.0346728 35.1266417, 129.0346490 35.1267102, 129.0346288 35.1271871, 129.0346541 35.1274796, 129.0347025 35.1277569, 129.0347661 35.1279573, 129.0335363 35.1288974, 129.0280662 35.1307293, 129.0260427 35.1313654, 129.0256299 35.1356614, 129.0280515 35.1366885, 129.0270226 35.1353539, 129.0270705 35.1353116, 129.0272839 35.1351932, 129.0275064 35.1350797, 129.0277229 35.1349909, 129.0293286 35.1345986, 129.0300081 35.1344653, 129.0302998 35.1344160, 129.0307929 35.1343148, 129.0310184 35.1342186, 129.0312319 35.1341125, 129.0328283 35.1332444, 129.0330358 35.1331309, 129.0331981 35.1330150, 129.0333213 35.1329065, 129.0339877 35.1323171, 129.0342330 35.1320928, 129.0344686 35.1318589, 129.0350555 35.1311237)))"
21030600,수정5동,2024,4520,6344,55.5,2284,1716,963,308,"SRID=4326;MULTIPOLYGON(((129.0446133 35.1397146, 129.0469349 35.1388187, 129.0474381 35.1378402, 129.0474852 35.1377397, 129.0475362 35.1373556, 129.0475324 35.1373310, 129.0475202 35.1372521, 129.0474778 35.1371230, 129.0474424 35.1370534, 129.0473828 35.1369669, 129.0473121 35.1368849, 129.0472971 35.1368674, 129.0467183 35.1362337, 129.0461819 35.1356816, 129.0457214 35.1350167, 129.0456093 35.1348282, 129.0454865 35.1345949, 129.0452367 35.1333345, 129.0453432 35.1330315, 129.0454730 35.1328882, 129.0461903 35.1321494, 129.0449340 35.1309931, 129.0446099 35.1307430, 129.0402890 35.1331094, 129.0391375 35.1339525, 129.0386896 35.1342854, 129.0374661 35.1352940, 129.0373519 35.1354149, 129.0368379 35.1358095, 129.0364982 35.1360511, 129.0350522 35.1370721, 129.0348086 35.1372176, 129.0342308 35.1375110, 129.0377130 35.1397303, 129.0383538 35.1397194, 129.0406187 35.1404101, 129.0418692 35.1405436, 129.0435362 35.1402426, 129.0442751 35.1400394, 129.0446133 35.1397146)))"
21030660,범일2동,2024,6896,7833.3,49.1,3767,1954,19211,4980,"SRID=4326;MULTIPOLYGON(((129.0591464 35.1412967, 129.0645390 35.1414154, 129.0660883 35.1369777, 129.0656340 35.1358247, 129.0656364 35.1346909, 129.0657435 35.1337217, 129.0661179 35.1303355, 129.0659340 35.1303261, 129.0600238 35.1298775, 129.0594904 35.1342435, 129.0564082 35.1342562, 129.0570336 35.1359980, 129.0572693 35.1420776, 129.0591464 35.1412967)))"
21030680,범일5동,2024,8620,6393.3,41.8,3894,3651,2388,511,"SRID=4326;MULTIPOLYGON(((129.0594904 35.1342435, 129.0600238 35.1298775, 129.0659340 35.1303261, 129.0655389 35.1289993, 129.0647851 35.1271807, 129.0571862 35.1192002, 129.0560699 35.1180279, 129.0544234 35.1190883, 129.0528204 35.1201228, 129.0527691 35.1201648, 129.0523437 35.1205134, 129.0525480 35.1206783, 129.0539865 35.1218468, 129.0552923 35.1229100, 129.0553295 35.1240537, 129.0553685 35.1253203, 129.0549544 35.1255918, 129.0545693 35.1258407, 129.0545477 35.1258393, 129.0540351 35.1258083, 129.0526830 35.1257084, 129.0524680 35.1252951, 129.0525738 35.1251758, 129.0527172 35.1249952, 129.0513014 35.1242369, 129.0500409 35.1235666, 129.0487455 35.1239468, 129.0490588 35.1245949, 129.0490848 35.1246380, 129.0491033 35.1246655, 129.0491353 35.1247089, 129.0491571 35.1247346, 129.0491732 35.1247535, 129.0492122 35.1247957, 129.0493170 35.1248850, 129.0493735 35.1249282, 129.0494510 35.1249766, 129.0496651 35.1250927, 129.0498993 35.1252199, 129.0499501 35.1252475, 129.0500044 35.1253499, 129.0509820 35.1272206, 129.0486783 35.1278058, 129.0507723 35.1303919, 129.0512053 35.1302059, 129.0536987 35.1317466, 129.0537035 35.1317499, 129.0538571 35.1318590, 129.0546904 35.1326421, 129.0564082 35.1342562, 129.0594904 35.1342435)))"
21030700,좌천동,2024,10934,18224.8,51.6,5227,4186,3040,781,"SRID=4326;MULTIPOLYGON(((129.0475875 35.1387089, 129.0511907 35.1368365, 129.0550153 35.1367281, 129.0570336 35.1359980, 129.0564082 35.1342562, 129.0546904 35.1326421, 129.0538571 35.1318590, 129.0537035 35.1317499, 129.0536987 35.1317466, 129.0512053 35.1302059, 129.0507723 35.1303919, 129.0461903 35.1321494, 129.0454730 35.1328882, 129.0453432 35.1330315, 129.0452367 35.1333345, 129.0454865 35.1345949, 129.0456093 35.1348282, 129.0457214 35.1350167, 129.0461819 35.1356816, 129.0467183 35.1362337, 129.0472971 35.1368674, 129.0473121 35.1368849, 129.0473828 35.1369669, 129.0474424 35.1370534, 129.0474778 35.1371230, 129.0475202 35.1372521, 129.0475324 35.1373310, 129.0475362 35.1373556, 129.0474852 35.1377397, 129.0474381 35.1378402, 129.0469349 35.1388187, 129.0475875 35.1387089)))"
21030710,범일1동,2024,10261,9636.9,54.6,5274,3902,2972,862,"SRID=4326;MULTIPOLYGON(((129.0421453 35.1461049, 129.0445298 35.1460822, 129.0446667 35.1460801, 129.0464093 35.1456614, 129.0507372 35.1434230, 129.0508467 35.1433507, 129.0508942 35.1433167, 129.0512333 35.1429117, 129.0516242 35.1424337, 129.0516613 35.1423590, 129.0517060 35.1423253, 129.0517335 35.1423046, 129.0520636 35.1421890, 129.0522662 35.1421441, 129.0525320 35.1420853, 129.0545451 35.1418349, 129.0553191 35.1418391, 129.0566627 35.1420715, 129.0572663 35.1426882, 129.0572693 35.1420776, 129.0570336 35.1359980, 129.0550153 35.1367281, 129.0511907 35.1368365, 129.0475875 35.1387089, 129.0469349 35.1388187, 129.0446133 35.1397146, 129.0442751 35.1400394, 129.0435362 35.1402426, 129.0418692 35.1405436, 129.0406187 35.1404101, 129.0383538 35.1397194, 129.0383651 35.1397349, 129.0384142 35.1398028, 129.0384187 35.1398095, 129.0387476 35.1403031, 129.0391306 35.1414219, 129.0391899 35.1415963, 129.0392094 35.1417010, 129.0393686 35.1425828, 129.0393196 35.1428242, 129.0392298 35.1432485, 129.0392011 35.1433385, 129.0391360 35.1434216, 129.0390473 35.1435423, 129.0391573 35.1442606, 129.0391966 35.1443276, 129.0408822 35.1460368, 129.0409257 35.1460699, 129.0409542 35.1460915, 129.0411367 35.1461571, 129.0411887 35.1461632, 129.0420327 35.1461765, 129.0421453 35.1461049)))"
21040530,남항동,2024,10332,13334.9,54,4868,3768,10288,3122,"SRID=4326;MULTIPOLYGON(((129.0383681 35.0935292, 129.0384881 35.0935913, 129.0428690 35.0920809, 129.0404045 35.0874684, 129.0392066 35.0853355, 129.0391340 35.0852006, 129.0390365 35.0850193, 129.0390185 35.0849858, 129.0388143 35.0845959, 129.0387549 35.0844685, 129.0386683 35.0842362, 129.0386699 35.0842340, 129.0389765 35.0840364, 129.0394056 35.0837782, 129.0397706 35.0835820, 129.0383357 35.0817221, 129.0364354 35.0832886, 129.0344031 35.0850187, 129.0325674 35.0899739, 129.0312434 35.0922468, 129.0312349 35.0922641, 129.0311181 35.0927551, 129.0312193 35.0937232, 129.0312229 35.0937377, 129.0313108 35.0938260, 129.0314384 35.0939340, 129.0316064 35.0940287, 129.0324524 35.0942140, 129.0331406 35.0943647, 129.0334273 35.0941699, 129.0367081 35.0926434, 129.0360541 35.0945076, 129.0373560 35.0948182, 129.0374765 35.0948470, 129.0374883 35.0948421, 129.0383681 35.0935292)))"
21040540,영선1동,2024,3571,20570.1,53,1675,1187,1612,705,"SRID=4326;MULTIPOLYGON(((129.0445011 35.0914934, 129.0454258 35.0915028, 129.0456208 35.0911380, 129.0454436 35.0893391, 129.0444186 35.0876446, 129.0439249 35.0868898, 129.0434295 35.0863594, 129.0431613 35.0864605, 129.0411523 35.0871904, 129.0404045 35.0874684, 129.0428690 35.0920809, 129.0445011 35.0914934)))"
21040550,영선2동,2024,6955,10553.1,53.4,3213,2654,1529,610,"SRID=4326;MULTIPOLYGON(((129.0411523 35.0871904, 129.0431613 35.0864605, 129.0425624 35.0853489, 129.0441578 35.0815254, 129.0447825 35.0806161, 129.0453823 35.0798354, 129.0455501 35.0799156, 129.0461612 35.0800234, 129.0475494 35.0801610, 129.0481192 35.0802047, 129.0505809 35.0793623, 129.0505122 35.0782964, 129.0505460 35.0769020, 129.0529187 35.0765921, 129.0519048 35.0726583, 129.0517290 35.0726760, 129.0517175 35.0726782, 129.0516933 35.0726862, 129.0516658 35.0726998, 129.0516353 35.0727185, 129.0516329 35.0727199, 129.0473009 35.0754960, 129.0465864 35.0760392, 129.0459061 35.0766312, 129.0458475 35.0766831, 129.0457971 35.0767422, 129.0457497 35.0768029, 129.0457079 35.0768635, 129.0456600 35.0769220, 129.0456096 35.0769804, 129.0453883 35.0772343, 129.0453341 35.0772937, 129.0452763 35.0773525, 129.0452203 35.0774041, 129.0438524 35.0786347, 129.0434534 35.0789584, 129.0433786 35.0790185, 129.0413934 35.0806017, 129.0411909 35.0807368, 129.0411729 35.0807447, 129.0409496 35.0807406, 129.0404258 35.0806637, 129.0399663 35.0805171, 129.0383357 35.0817221, 129.0397706 35.0835820, 129.0394056 35.0837782, 129.0389765 35.0840364, 129.0386699 35.0842340, 129.0386683 35.0842362, 129.0387549 35.0844685, 129.0388143 35.0845959, 129.0390185 35.0849858, 129.0390365 35.0850193, 129.0391340 35.0852006, 129.0392066 35.0853355, 129.0404045 35.0874684, 129.0411523 35.0871904)))"
21040590,봉래1동,2024,6032,20476,52.7,2909,2351,5396,941,"SRID=4326;MULTIPOLYGON(((129.0454757 35.0971352, 129.0466987 35.0967140, 129.0462825 35.0929973, 129.0454258 35.0915028, 129.0445011 35.0914934, 129.0428690 35.0920809, 129.0384881 35.0935913, 129.0388383 35.0948138, 129.0400239 35.0955609, 129.0407432 35.0958715, 129.0442047 35.0969651, 129.0454757 35.0971352)))"
21040630,청학1동,2024,5134,6636.8,52,2422,2129,1801,547,"SRID=4326;MULTIPOLYGON(((129.0631114 35.1033629, 129.0627145 35.1030719, 129.0592326 35.1004925, 129.0591291 35.1003980, 129.0601714 35.0998760, 129.0606334 35.0996467, 129.0612359 35.0993478, 129.0618260 35.0990517, 129.0618284 35.0990468, 129.0618283 35.0990437, 129.0614333 35.0979054, 129.0615064 35.0978703, 129.0615208 35.0978634, 129.0614738 35.0976405, 129.0596600 35.0925832, 129.0596419 35.0925353, 129.0595963 35.0924593, 129.0595435 35.0923711, 129.0592540 35.0919899, 129.0589257 35.0915615, 129.0547814 35.0866530, 129.0536901 35.0865362, 129.0528520 35.0874819, 129.0530389 35.0878400, 129.0533644 35.0882951, 129.0538954 35.0889546, 129.0540134 35.0891012, 129.0540459 35.0891416, 129.0544124 35.0894876, 129.0547526 35.0896865, 129.0548299 35.0897394, 129.0548951 35.0898084, 129.0549026 35.0898166, 129.0555388 35.0906935, 129.0556380 35.0909270, 129.0558617 35.0919581, 129.0560301 35.0928945, 129.0553046 35.0934777, 129.0547281 35.0938538, 129.0533255 35.0958764, 129.0542437 35.0965068, 129.0542803 35.0965342, 129.0526507 35.1000773, 129.0552318 35.1008738, 129.0583541 35.1019139, 129.0591011 35.1008593, 129.0624576 35.1040848, 129.0628707 35.1044311, 129.0628809 35.1044340, 129.0628925 35.1044346, 129.0629038 35.1044343, 129.0629131 35.1044319, 129.0629425 35.1044152, 129.0635899 35.1039668, 129.0636073 35.1039490, 129.0636173 35.1039242, 129.0636151 35.1039027, 129.0636020 35.1038706, 129.0635049 35.1036547, 129.0631114 35.1033629)))"
21040640,청학2동,2024,15798,8713.6,50.9,6941,6037,6391,1393,"SRID=4326;MULTIPOLYGON(((129.0638155 35.0981216, 129.0646307 35.0977441, 129.0659969 35.0971052, 129.0684682 35.0958970, 129.0704472 35.0943048, 129.0708879 35.0939469, 129.0709080 35.0939258, 129.0709518 35.0938768, 129.0710596 35.0937562, 129.0711769 35.0936250, 129.0734464 35.0910818, 129.0739651 35.0904982, 129.0714771 35.0883419, 129.0702112 35.0879772, 129.0701778 35.0879881, 129.0700826 35.0880093, 129.0699853 35.0880231, 129.0693675 35.0880814, 129.0692421 35.0880794, 129.0670958 35.0872817, 129.0652235 35.0850700, 129.0653240 35.0847918, 129.0653887 35.0846125, 129.0654029 35.0845672, 129.0653604 35.0845389, 129.0648627 35.0842108, 129.0647898 35.0841630, 129.0643849 35.0840036, 129.0643571 35.0839927, 129.0629192 35.0834607, 129.0609450 35.0828828, 129.0582303 35.0818018, 129.0571426 35.0813635, 129.0552598 35.0821058, 129.0536901 35.0865362, 129.0547814 35.0866530, 129.0589257 35.0915615, 129.0592540 35.0919899, 129.0595435 35.0923711, 129.0595963 35.0924593, 129.0596419 35.0925353, 129.0596600 35.0925832, 129.0614738 35.0976405, 129.0615208 35.0978634, 129.0615064 35.0978703, 129.0614333 35.0979054, 129.0638155 35.0981216)))"
21040650,동삼1동,2024,28274,8253.7,48.5,13274,12065,7608,1693,"SRID=4326;MULTIPOLYGON(((129.0829105 35.0836006, 129.0834173 35.0842462, 129.0838144 35.0834866, 129.0825253 35.0828821, 129.0793326 35.0813858, 129.0801953 35.0801373, 129.0814657 35.0783051, 129.0817417 35.0780649, 129.0760121 35.0754013, 129.0760019 35.0753964, 129.0759925 35.0753918, 129.0759833 35.0753870, 129.0759741 35.0753821, 129.0759650 35.0753770, 129.0759561 35.0753718, 129.0759472 35.0753665, 129.0759384 35.0753610, 129.0759299 35.0753554, 129.0759214 35.0753498, 129.0759131 35.0753439, 129.0759048 35.0753379, 129.0758968 35.0753318, 129.0758888 35.0753255, 129.0758810 35.0753192, 129.0758735 35.0753127, 129.0758659 35.0753062, 129.0758585 35.0752995, 129.0758514 35.0752927, 129.0758444 35.0752858, 129.0758375 35.0752788, 129.0758308 35.0752717, 129.0758242 35.0752645, 129.0752412 35.0745975, 129.0752232 35.0745544, 129.0754124 35.0740522, 129.0755188 35.0738289, 129.0755925 35.0737003, 129.0756886 35.0735447, 129.0757114 35.0735077, 129.0760100 35.0730744, 129.0760280 35.0730503, 129.0762925 35.0726973, 129.0763144 35.0726665, 129.0764386 35.0724870, 129.0765214 35.0722890, 129.0765254 35.0722785, 129.0765318 35.0722621, 129.0767603 35.0708357, 129.0762556 35.0692750, 129.0754786 35.0684585, 129.0743985 35.0674176, 129.0739862 35.0670828, 129.0737030 35.0668527, 129.0686137 35.0649898, 129.0682394 35.0657660, 129.0653977 35.0663554, 129.0653896 35.0663571, 129.0652576 35.0680633, 129.0652615 35.0680689, 129.0654482 35.0685453, 129.0654468 35.0685483, 129.0654279 35.0685692, 129.0651894 35.0687634, 129.0634145 35.0693139, 129.0633813 35.0693241, 129.0633800 35.0693245, 129.0633563 35.0693311, 129.0633380 35.0693358, 129.0626927 35.0694953, 129.0626751 35.0694989, 129.0617449 35.0696767, 129.0616998 35.0696752, 129.0615832 35.0695780, 129.0615204 35.0695230, 129.0582056 35.0694549, 129.0570118 35.0694476, 129.0569960 35.0694516, 129.0569402 35.0694705, 129.0569361 35.0694725, 129.0538998 35.0713333, 129.0538920 35.0713315, 129.0538860 35.0713307, 129.0538824 35.0713309, 129.0538799 35.0713315, 129.0536785 35.0714137, 129.0536679 35.0714194, 129.0522169 35.0723180, 129.0519048 35.0726583, 129.0529187 35.0765921, 129.0534565 35.0798786, 129.0541759 35.0809507, 129.0544860 35.0814128, 129.0552598 35.0821058, 129.0571426 35.0813635, 129.0588522 35.0785190, 129.0596747 35.0783556, 129.0622687 35.0778500, 129.0620969 35.0790601, 129.0619964 35.0790480, 129.0619922 35.0790475, 129.0614494 35.0812536, 129.0632978 35.0815010, 129.0635470 35.0813214, 129.0635922 35.0812832, 129.0636186 35.0812466, 129.0639375 35.0803831, 129.0657222 35.0794633, 129.0659093 35.0793709, 129.0659385 35.0793599, 129.0659497 35.0793557, 129.0660216 35.0793287, 129.0660420 35.0793410, 129.0660473 35.0793442, 129.0660549 35.0793487, 129.0661043 35.0795453, 129.0667805 35.0811836, 129.0668522 35.0812745, 129.0674532 35.0820368, 129.0674605 35.0820460, 129.0674931 35.0820873, 129.0724176 35.0844250, 129.0725823 35.0845031, 129.0729307 35.0846683, 129.0731231 35.0846840, 129.0734270 35.0846838, 129.0757389 35.0844421, 129.0759487 35.0843106, 129.0761697 35.0838363, 129.0763582 35.0835795, 129.0767014 35.0831685, 129.0777320 35.0836148, 129.0779336 35.0832605, 129.0792607 35.0820354, 129.0800818 35.0824177, 129.0826851 35.0836373, 129.0832359 35.0848483, 129.0830739 35.0856181, 129.0830487 35.0857369, 129.0832103 35.0857615, 129.0832111 35.0857614, 129.0834418 35.0847848, 129.0829105 35.0836006)))"
21040660,동삼2동,2024,8379,2104,35.9,2543,1931,3968,602,"SRID=4326;MULTIPOLYGON(((129.1052327 35.0793579, 129.1052470 35.0791761, 129.1030001 35.0790150, 129.1015458 35.0789117, 129.0980571 35.0786659, 129.0975853 35.0786335, 129.0975702 35.0788138, 129.0982335 35.0788646, 129.1040190 35.0792787, 129.1047160 35.0793284, 129.1047840 35.0793323, 129.1052327 35.0793579)), ((129.0945332 35.0806409, 129.0958283 35.0805421, 129.0958307 35.0805414, 129.0958337 35.0805397, 129.0958382 35.0805362, 129.0958435 35.0805310, 129.0959857 35.0803839, 129.0959962 35.0803726, 129.0960039 35.0803622, 129.0960079 35.0803532, 129.0960609 35.0800764, 129.0960623 35.0795800, 129.0960610 35.0795649, 129.0960372 35.0794531, 129.0960350 35.0794457, 129.0960260 35.0794213, 129.0952966 35.0775561, 129.0952883 35.0775352, 129.0950339 35.0769436, 129.0950279 35.0769298, 129.0950142 35.0769035, 129.0950005 35.0768824, 129.0947259 35.0765216, 129.0947144 35.0765068, 129.0946914 35.0764803, 129.0946715 35.0764609, 129.0946548 35.0764482, 129.0907724 35.0738396, 129.0870867 35.0727086, 129.0869644 35.0726832, 129.0869353 35.0726800, 129.0869094 35.0726779, 129.0868802 35.0726785, 129.0868574 35.0726813, 129.0868365 35.0726866, 129.0868218 35.0726939, 129.0868110 35.0727051, 129.0867663 35.0727808, 129.0867093 35.0728774, 129.0866164 35.0730471, 129.0865874 35.0731004, 129.0865637 35.0731482, 129.0865376 35.0731939, 129.0864384 35.0733621, 129.0862546 35.0736558, 129.0859895 35.0740573, 129.0859700 35.0740852, 129.0859448 35.0741064, 129.0859270 35.0741130, 129.0858996 35.0741167, 129.0858729 35.0741159, 129.0858490 35.0741118, 129.0858272 35.0741054, 129.0801083 35.0715036, 129.0800811 35.0714858, 129.0800532 35.0714670, 129.0800198 35.0714396, 129.0800061 35.0714273, 129.0799837 35.0714047, 129.0799812 35.0714018, 129.0799757 35.0713889, 129.0799745 35.0713714, 129.0799746 35.0713584, 129.0799764 35.0713234, 129.0800147 35.0708454, 129.0800177 35.0708371, 129.0801130 35.0706336, 129.0801295 35.0706151, 129.0803435 35.0704121, 129.0803678 35.0703897, 129.0811193 35.0697715, 129.0844328 35.0697201, 129.0846347 35.0678993, 129.0857149 35.0655422, 129.0860227 35.0649409, 129.0868419 35.0637518, 129.0869552 35.0635904, 129.0869977 35.0635299, 129.0870382 35.0634832, 129.0871933 35.0633300, 129.0875149 35.0630316, 129.0879170 35.0626798, 129.0896444 35.0617373, 129.0897271 35.0616952, 129.0909025 35.0610990, 129.0911281 35.0609930, 129.0911895 35.0609726, 129.0913048 35.0609412, 129.0939916 35.0602654, 129.0947914 35.0600712, 129.0953505 35.0600218, 129.0956312 35.0600088, 129.0955763 35.0580344, 129.0930480 35.0550361, 129.0924862 35.0543001, 129.0924405 35.0542396, 129.0923860 35.0541516, 129.0923602 35.0541060, 129.0922641 35.0539157, 129.0922358 35.0538446, 129.0922147 35.0537749, 129.0921986 35.0536812, 129.0921852 35.0535003, 129.0921821 35.0534211, 129.0921860 35.0533042, 129.0921976 35.0532550, 129.0922147 35.0532082, 129.0922361 35.0531704, 129.0922534 35.0531654, 129.0924739 35.0531315, 129.0930655 35.0525533, 129.0931255 35.0524851, 129.0931390 35.0524406, 129.0931403 35.0524083, 129.0931402 35.0523742, 129.0931288 35.0523340, 129.0930500 35.0522018, 129.0917813 35.0511874, 129.0917423 35.0511601, 129.0915237 35.0510181, 129.0909119 35.0506833, 129.0880444 35.0495707, 129.0879939 35.0495511, 129.0876085 35.0494332, 129.0864166 35.0492693, 129.0862732 35.0492779, 129.0831568 35.0502918, 129.0831381 35.0502986, 129.0827469 35.0504501, 129.0826993 35.0504741, 129.0824788 35.0506223, 129.0824361 35.0506560, 129.0822114 35.0508616, 129.0820562 35.0510290, 129.0814093 35.0524880, 129.0814044 35.0525018, 129.0813727 35.0535265, 129.0813767 35.0535497, 129.0814558 35.0538302, 129.0814672 35.0538532, 129.0814805 35.0538772, 129.0814945 35.0538928, 129.0815227 35.0539105, 129.0815736 35.0539400, 129.0815968 35.0539525, 129.0816215 35.0539596, 129.0807213 35.0563373, 129.0792450 35.0585786, 129.0773543 35.0603202, 129.0772092 35.0604180, 129.0770183 35.0605188, 129.0767353 35.0606273, 129.0765095 35.0606899, 129.0762440 35.0607430, 129.0760026 35.0607806, 129.0757293 35.0607992, 129.0754361 35.0608122, 129.0752804 35.0608156, 129.0751442 35.0607883, 129.0748940 35.0607301, 129.0743708 35.0606003, 129.0738672 35.0604365, 129.0738299 35.0604170, 129.0737994 35.0603909, 129.0736493 35.0602487, 129.0735328 35.0601086, 129.0733844 35.0599127, 129.0732515 35.0597230, 129.0731385 35.0595860, 129.0728543 35.0592552, 129.0728434 35.0592455, 129.0722566 35.0588342, 129.0721021 35.0587398, 129.0720924 35.0587351, 129.0720694 35.0587291, 129.0709031 35.0585184, 129.0708956 35.0585171, 129.0708834 35.0585173, 129.0707985 35.0585478, 129.0707944 35.0585505, 129.0707915 35.0585544, 129.0703531 35.0593282, 129.0701734 35.0597369, 129.0700829 35.0599963, 129.0699639 35.0602353, 129.0694702 35.0606089, 129.0668207 35.0613769, 129.0664400 35.0614455, 129.0651497 35.0613812, 129.0647548 35.0616183, 129.0645246 35.0619096, 129.0645160 35.0624785, 129.0648042 35.0652000, 129.0650807 35.0662312, 129.0650845 35.0662448, 129.0650931 35.0662589, 129.0651663 35.0663541, 129.0651681 35.0663563, 129.0651698 35.0663574, 129.0651714 35.0663578, 129.0651908 35.0663602, 129.0653896 35.0663571, 129.0653977 35.0663554, 129.0682394 35.0657660, 129.0686137 35.0649898, 129.0737030 35.0668527, 129.0739862 35.0670828, 129.0743985 35.0674176, 129.0754786 35.0684585, 129.0762556 35.0692750, 129.0767603 35.0708357, 129.0765318 35.0722621, 129.0765254 35.0722785, 129.0765214 35.0722890, 129.0764386 35.0724870, 129.0763144 35.0726665, 129.0762925 35.0726973, 129.0760280 35.0730503, 129.0760100 35.0730744, 129.0757114 35.0735077, 129.0756886 35.0735447, 129.0755925 35.0737003, 129.0755188 35.0738289, 129.0754124 35.0740522, 129.0752232 35.0745544, 129.0752412 35.0745975, 129.0758242 35.0752645, 129.0758308 35.0752717, 129.0758375 35.0752788, 129.0758444 35.0752858, 129.0758514 35.0752927, 129.0758585 35.0752995, 129.0758659 35.0753062, 129.0758735 35.0753127, 129.0758810 35.0753192, 129.0758888 35.0753255, 129.0758968 35.0753318, 129.0759048 35.0753379, 129.0759131 35.0753439, 129.0759214 35.0753498, 129.0759299 35.0753554, 129.0759384 35.0753610, 129.0759472 35.0753665, 129.0759561 35.0753718, 129.0759650 35.0753770, 129.0759741 35.0753821, 129.0759833 35.0753870, 129.0759925 35.0753918, 129.0760019 35.0753964, 129.0760121 35.0754013, 129.0817417 35.0780649, 129.0834189 35.0751595, 129.0857051 35.0747413, 129.0879105 35.0773116, 129.0917729 35.0798141, 129.0918229 35.0798464, 129.0925628 35.0802733, 129.0928060 35.0803688, 129.0931519 35.0804678, 129.0933334 35.0805134, 129.0936660 35.0805870, 129.0936858 35.0805907, 129.0944836 35.0806675, 129.0944953 35.0806659, 129.0945066 35.0806621, 129.0945183 35.0806562, 129.0945213 35.0806545, 129.0945247 35.0806518, 129.0945289 35.0806471, 129.0945332 35.0806409)))"
21040670,동삼3동,2024,8794,9568.5,55.5,5263,4986,2076,421,"SRID=4326;MULTIPOLYGON(((129.0744521 35.0899369, 129.0759924 35.0882104, 129.0762332 35.0879421, 129.0764084 35.0877578, 129.0776534 35.0869325, 129.0780625 35.0871961, 129.0784447 35.0871874, 129.0793554 35.0849663, 129.0793509 35.0847467, 129.0777320 35.0836148, 129.0767014 35.0831685, 129.0763582 35.0835795, 129.0761697 35.0838363, 129.0759487 35.0843106, 129.0757389 35.0844421, 129.0734270 35.0846838, 129.0731231 35.0846840, 129.0729307 35.0846683, 129.0725823 35.0845031, 129.0724176 35.0844250, 129.0674931 35.0820873, 129.0674605 35.0820460, 129.0674532 35.0820368, 129.0668522 35.0812745, 129.0667805 35.0811836, 129.0661043 35.0795453, 129.0660549 35.0793487, 129.0660473 35.0793442, 129.0660420 35.0793410, 129.0660216 35.0793287, 129.0659497 35.0793557, 129.0659385 35.0793599, 129.0659093 35.0793709, 129.0657222 35.0794633, 129.0639375 35.0803831, 129.0636186 35.0812466, 129.0635922 35.0812832, 129.0635470 35.0813214, 129.0632978 35.0815010, 129.0614494 35.0812536, 129.0619922 35.0790475, 129.0619964 35.0790480, 129.0620969 35.0790601, 129.0622687 35.0778500, 129.0596747 35.0783556, 129.0588522 35.0785190, 129.0571426 35.0813635, 129.0582303 35.0818018, 129.0609450 35.0828828, 129.0629192 35.0834607, 129.0643571 35.0839927, 129.0643849 35.0840036, 129.0647898 35.0841630, 129.0648627 35.0842108, 129.0653604 35.0845389, 129.0654029 35.0845672, 129.0653887 35.0846125, 129.0653240 35.0847918, 129.0652235 35.0850700, 129.0670958 35.0872817, 129.0692421 35.0880794, 129.0693675 35.0880814, 129.0699853 35.0880231, 129.0700826 35.0880093, 129.0701778 35.0879881, 129.0702112 35.0879772, 129.0714771 35.0883419, 129.0739651 35.0904982, 129.0744521 35.0899369)))"
21040680,신선동,2024,6626,5980.6,57.4,3533,2642,1250,428,"SRID=4326;MULTIPOLYGON(((129.0465460 35.0928486, 129.0467133 35.0925017, 129.0474160 35.0915809, 129.0495871 35.0892791, 129.0520765 35.0883191, 129.0521736 35.0882428, 129.0524598 35.0880179, 129.0528520 35.0874819, 129.0536901 35.0865362, 129.0552598 35.0821058, 129.0544860 35.0814128, 129.0541759 35.0809507, 129.0534565 35.0798786, 129.0529187 35.0765921, 129.0505460 35.0769020, 129.0505122 35.0782964, 129.0505809 35.0793623, 129.0481192 35.0802047, 129.0475494 35.0801610, 129.0461612 35.0800234, 129.0455501 35.0799156, 129.0453823 35.0798354, 129.0447825 35.0806161, 129.0441578 35.0815254, 129.0425624 35.0853489, 129.0431613 35.0864605, 129.0434295 35.0863594, 129.0439249 35.0868898, 129.0444186 35.0876446, 129.0454436 35.0893391, 129.0456208 35.0911380, 129.0454258 35.0915028, 129.0462825 35.0929973, 129.0465460 35.0928486)))"
21040690,봉래2동,2024,6930,9817.6,49.8,3203,2912,4832,438,"SRID=4326;MULTIPOLYGON(((129.0502216 35.0972804, 129.0513296 35.0975541, 129.0515642 35.0984048, 129.0513570 35.0988597, 129.0512581 35.0990874, 129.0510678 35.0995267, 129.0511284 35.0996277, 129.0521057 35.0999384, 129.0523156 35.1000002, 129.0526098 35.1000868, 129.0526507 35.1000773, 129.0542803 35.0965342, 129.0542437 35.0965068, 129.0533255 35.0958764, 129.0547281 35.0938538, 129.0553046 35.0934777, 129.0560301 35.0928945, 129.0558617 35.0919581, 129.0556380 35.0909270, 129.0555388 35.0906935, 129.0549026 35.0898166, 129.0548951 35.0898084, 129.0548299 35.0897394, 129.0547526 35.0896865, 129.0544124 35.0894876, 129.0540459 35.0891416, 129.0540134 35.0891012, 129.0538954 35.0889546, 129.0533644 35.0882951, 129.0530389 35.0878400, 129.0528520 35.0874819, 129.0524598 35.0880179, 129.0521736 35.0882428, 129.0520765 35.0883191, 129.0495871 35.0892791, 129.0474160 35.0915809, 129.0467133 35.0925017, 129.0465460 35.0928486, 129.0462825 35.0929973, 129.0466987 35.0967140, 129.0470749 35.0960920, 129.0480479 35.0955828, 129.0487853 35.0953023, 129.0488139 35.0953083, 129.0488910 35.0953245, 129.0492252 35.0960288, 129.0480594 35.0964047, 129.0477918 35.0979290, 129.0485222 35.1007727, 129.0486750 35.1008138, 129.0486780 35.1008133, 129.0499519 35.0978988, 129.0502216 35.0972804)))"
21050520,부전2동,2024,11956,17156.8,40.3,6950,4105,26947,5097,"SRID=4326;MULTIPOLYGON(((129.0623134 35.1562889, 129.0623235 35.1553917, 129.0623590 35.1522067, 129.0623671 35.1517011, 129.0623844 35.1506095, 129.0624524 35.1502976, 129.0624640 35.1502633, 129.0632739 35.1488005, 129.0630111 35.1487050, 129.0615799 35.1504239, 129.0570250 35.1504658, 129.0566579 35.1506032, 129.0537549 35.1529723, 129.0513956 35.1552813, 129.0507057 35.1574230, 129.0506757 35.1575324, 129.0526768 35.1576309, 129.0622970 35.1577472, 129.0623134 35.1562889)))"
21050540,연지동,2024,24752,23938.8,46,10214,9382,3563,1297,"SRID=4326;MULTIPOLYGON(((129.0557517 35.1769319, 129.0576798 35.1762685, 129.0576586 35.1756638, 129.0576424 35.1752036, 129.0625553 35.1715204, 129.0625497 35.1715205, 129.0625379 35.1715278, 129.0625092 35.1715440, 129.0624797 35.1715592, 129.0624494 35.1715733, 129.0624213 35.1715853, 129.0623911 35.1715968, 129.0623604 35.1716074, 129.0623308 35.1716165, 129.0623007 35.1716247, 129.0622703 35.1716319, 129.0622395 35.1716381, 129.0622085 35.1716434, 129.0621788 35.1716475, 129.0621490 35.1716507, 129.0621190 35.1716530, 129.0620889 35.1716543, 129.0620588 35.1716548, 129.0620270 35.1716544, 129.0619954 35.1716529, 129.0619640 35.1716505, 129.0619328 35.1716470, 129.0619001 35.1716424, 129.0618693 35.1716369, 129.0618387 35.1716305, 129.0618070 35.1716228, 129.0617756 35.1716140, 129.0617462 35.1716047, 129.0617173 35.1715944, 129.0616888 35.1715833, 129.0587600 35.1704291, 129.0564991 35.1675262, 129.0528959 35.1671299, 129.0522082 35.1693746, 129.0521503 35.1694698, 129.0521073 35.1695404, 129.0521012 35.1695448, 129.0520767 35.1695625, 129.0520009 35.1695880, 129.0519405 35.1696030, 129.0519344 35.1696045, 129.0518595 35.1696221, 129.0517845 35.1696337, 129.0517123 35.1696418, 129.0516932 35.1696439, 129.0516498 35.1696464, 129.0514930 35.1695462, 129.0513713 35.1694542, 129.0512627 35.1693548, 129.0505141 35.1688344, 129.0500098 35.1687085, 129.0476983 35.1682470, 129.0463123 35.1687423, 129.0452879 35.1699970, 129.0448216 35.1717870, 129.0462465 35.1730035, 129.0493324 35.1761586, 129.0511182 35.1764863, 129.0523249 35.1766587, 129.0534392 35.1760521, 129.0549831 35.1761421, 129.0557517 35.1769319)))"
21050550,초읍동,2024,21058,3549.4,50.3,9416,7944,5501,1697,"SRID=4326;MULTIPOLYGON(((129.0402752 35.1993989, 129.0441263 35.1994415, 129.0482441 35.1945206, 129.0477184 35.1932003, 129.0473576 35.1922574, 129.0473253 35.1921704, 129.0475998 35.1904657, 129.0483000 35.1893837, 129.0512815 35.1848933, 129.0531057 35.1843924, 129.0539764 35.1841805, 129.0547326 35.1840232, 129.0550672 35.1839846, 129.0550684 35.1839846, 129.0552491 35.1839795, 129.0580350 35.1840941, 129.0587416 35.1841270, 129.0615196 35.1834856, 129.0615600 35.1797788, 129.0615569 35.1797793, 129.0603897 35.1799702, 129.0586447 35.1784430, 129.0578526 35.1775003, 129.0576048 35.1769045, 129.0576092 35.1768376, 129.0576132 35.1767775, 129.0576798 35.1762685, 129.0557517 35.1769319, 129.0549831 35.1761421, 129.0534392 35.1760521, 129.0523249 35.1766587, 129.0511182 35.1764863, 129.0493324 35.1761586, 129.0462465 35.1730035, 129.0448216 35.1717870, 129.0422714 35.1731403, 129.0420917 35.1732429, 129.0413684 35.1736834, 129.0412758 35.1737441, 129.0410885 35.1738818, 129.0371092 35.1768103, 129.0370935 35.1768236, 129.0369702 35.1769282, 129.0366360 35.1772156, 129.0365961 35.1772499, 129.0363507 35.1774613, 129.0358471 35.1781352, 129.0355924 35.1784996, 129.0351946 35.1790802, 129.0352567 35.1797495, 129.0339292 35.1809452, 129.0337996 35.1810200, 129.0325048 35.1815582, 129.0320421 35.1815995, 129.0314231 35.1815977, 129.0311887 35.1815978, 129.0309155 35.1815984, 129.0307099 35.1816013, 129.0304058 35.1816059, 129.0300512 35.1818784, 129.0296078 35.1822268, 129.0294943 35.1823160, 129.0279002 35.1832161, 129.0266793 35.1832822, 129.0261017 35.1832716, 129.0219741 35.1832107, 129.0207646 35.1832317, 129.0210684 35.1874701, 129.0210851 35.1874759, 129.0211568 35.1875303, 129.0215348 35.1878176, 129.0217765 35.1880219, 129.0220407 35.1882522, 129.0225804 35.1887639, 129.0255615 35.1917370, 129.0258574 35.1929918, 129.0256822 35.1935853, 129.0255408 35.1940643, 129.0287577 35.1943511, 129.0287965 35.1943634, 129.0304593 35.1963180, 129.0316835 35.1965230, 129.0328104 35.1973619, 129.0342301 35.1980871, 129.0363236 35.1991468, 129.0398410 35.2000800, 129.0402752 35.1993989)))"
21050560,양정1동,2024,18877,17005.6,46.7,8731,7128,9958,2142,"SRID=4326;MULTIPOLYGON(((129.0656697 35.1765681, 129.0673670 35.1765392, 129.0678187 35.1765375, 129.0676392 35.1747841, 129.0676376 35.1747558, 129.0691066 35.1739467, 129.0693258 35.1738323, 129.0693961 35.1737956, 129.0695770 35.1737012, 129.0701025 35.1734270, 129.0701166 35.1734196, 129.0705427 35.1731972, 129.0707211 35.1731041, 129.0711129 35.1728618, 129.0711367 35.1728471, 129.0711377 35.1728465, 129.0711464 35.1728406, 129.0714144 35.1726587, 129.0739266 35.1708617, 129.0739759 35.1708140, 129.0766065 35.1672206, 129.0766364 35.1669962, 129.0766768 35.1666645, 129.0766626 35.1664366, 129.0766322 35.1659510, 129.0766055 35.1658182, 129.0760397 35.1651342, 129.0755546 35.1646054, 129.0752644 35.1643025, 129.0742357 35.1647712, 129.0714354 35.1662162, 129.0679649 35.1695322, 129.0678533 35.1695630, 129.0673329 35.1695687, 129.0669170 35.1679243, 129.0666439 35.1685201, 129.0656691 35.1696213, 129.0641810 35.1707450, 129.0625553 35.1715204, 129.0576424 35.1752036, 129.0576586 35.1756638, 129.0576798 35.1762685, 129.0576132 35.1767775, 129.0576092 35.1768376, 129.0576048 35.1769045, 129.0578526 35.1775003, 129.0586447 35.1784430, 129.0603897 35.1799702, 129.0615569 35.1797793, 129.0615600 35.1797788, 129.0656697 35.1765681)))"
21050570,양정2동,2024,15215,15642.7,42.6,8725,5450,10512,1679,"SRID=4326;MULTIPOLYGON(((129.0723254 35.1793785, 129.0750782 35.1781728, 129.0750770 35.1780866, 129.0751694 35.1776379, 129.0751838 35.1775798, 129.0757015 35.1765148, 129.0772475 35.1753839, 129.0779917 35.1753435, 129.0818094 35.1718905, 129.0818375 35.1718397, 129.0819514 35.1715677, 129.0819603 35.1715465, 129.0819792 35.1715000, 129.0819713 35.1714083, 129.0819676 35.1713655, 129.0819533 35.1712066, 129.0819323 35.1709778, 129.0816721 35.1690236, 129.0816284 35.1687628, 129.0816239 35.1687493, 129.0815267 35.1684745, 129.0813901 35.1680961, 129.0812889 35.1678181, 129.0812284 35.1676535, 129.0812014 35.1675800, 129.0810247 35.1676149, 129.0808592 35.1676479, 129.0808365 35.1676463, 129.0807216 35.1676384, 129.0805107 35.1676215, 129.0792799 35.1666882, 129.0790453 35.1662782, 129.0789483 35.1661052, 129.0785631 35.1653479, 129.0781039 35.1643798, 129.0752644 35.1643025, 129.0755546 35.1646054, 129.0760397 35.1651342, 129.0766055 35.1658182, 129.0766322 35.1659510, 129.0766626 35.1664366, 129.0766768 35.1666645, 129.0766364 35.1669962, 129.0766065 35.1672206, 129.0739759 35.1708140, 129.0739266 35.1708617, 129.0714144 35.1726587, 129.0711464 35.1728406, 129.0711377 35.1728465, 129.0711367 35.1728471, 129.0711129 35.1728618, 129.0707211 35.1731041, 129.0705427 35.1731972, 129.0701166 35.1734196, 129.0701025 35.1734270, 129.0695770 35.1737012, 129.0693961 35.1737956, 129.0693258 35.1738323, 129.0691066 35.1739467, 129.0676376 35.1747558, 129.0676392 35.1747841, 129.0678187 35.1765375, 129.0702631 35.1757968, 129.0713905 35.1771094, 129.0720240 35.1779025, 129.0719758 35.1795638, 129.0723254 35.1793785)))"
21050610,전포2동,2024,22545,18239.1,46.3,12000,9827,13490,4449,"SRID=4326;MULTIPOLYGON(((129.0673329 35.1695687, 129.0678533 35.1695630, 129.0679649 35.1695322, 129.0714354 35.1662162, 129.0742357 35.1647712, 129.0752644 35.1643025, 129.0781039 35.1643798, 129.0797036 35.1612850, 129.0801094 35.1601513, 129.0804966 35.1590360, 129.0787995 35.1584433, 129.0746716 35.1578647, 129.0738468 35.1578162, 129.0661697 35.1577621, 129.0640440 35.1577493, 129.0622970 35.1577472, 129.0622002 35.1614181, 129.0623252 35.1617691, 129.0623320 35.1617883, 129.0634831 35.1632931, 129.0635520 35.1633828, 129.0635938 35.1633647, 129.0671320 35.1678090, 129.0671299 35.1678101, 129.0669170 35.1679243, 129.0673329 35.1695687)))"
21050640,부암1동,2024,22445,27189.8,45,9922,8557,5947,1155,"SRID=4326;MULTIPOLYGON(((129.0452879 35.1699970, 129.0463123 35.1687423, 129.0476983 35.1682470, 129.0500098 35.1687085, 129.0505141 35.1688344, 129.0512627 35.1693548, 129.0513713 35.1694542, 129.0514930 35.1695462, 129.0516498 35.1696464, 129.0516932 35.1696439, 129.0517123 35.1696418, 129.0517845 35.1696337, 129.0518595 35.1696221, 129.0519344 35.1696045, 129.0519405 35.1696030, 129.0520009 35.1695880, 129.0520767 35.1695625, 129.0521012 35.1695448, 129.0521073 35.1695404, 129.0521503 35.1694698, 129.0522082 35.1693746, 129.0528959 35.1671299, 129.0532830 35.1651995, 129.0544199 35.1614860, 129.0542495 35.1613795, 129.0539052 35.1610713, 129.0537694 35.1609496, 129.0536223 35.1608123, 129.0535173 35.1607049, 129.0534870 35.1606721, 129.0528189 35.1598947, 129.0526749 35.1595837, 129.0526458 35.1594709, 129.0525665 35.1589343, 129.0525572 35.1586665, 129.0525496 35.1584490, 129.0525625 35.1583661, 129.0525775 35.1582691, 129.0526489 35.1578087, 129.0526658 35.1577010, 129.0526768 35.1576309, 129.0506757 35.1575324, 129.0502195 35.1580878, 129.0504825 35.1584177, 129.0503559 35.1593700, 129.0503222 35.1595673, 129.0500156 35.1606074, 129.0496580 35.1615297, 129.0496129 35.1615962, 129.0492409 35.1618493, 129.0491123 35.1619161, 129.0490794 35.1619274, 129.0487453 35.1620390, 129.0473152 35.1622355, 129.0450768 35.1627930, 129.0449599 35.1628004, 129.0450232 35.1630860, 129.0450094 35.1631178, 129.0450050 35.1631282, 129.0450033 35.1631321, 129.0429866 35.1646873, 129.0425186 35.1660859, 129.0436053 35.1670353, 129.0442455 35.1685313, 129.0442459 35.1685319, 129.0447709 35.1693843, 129.0447862 35.1694025, 129.0452879 35.1699970)))"
21050660,부암3동,2024,20588,11230.6,45.4,8254,7647,2782,1051,"SRID=4326;MULTIPOLYGON(((129.0296078 35.1822268, 129.0300512 35.1818784, 129.0304058 35.1816059, 129.0307099 35.1816013, 129.0309155 35.1815984, 129.0311887 35.1815978, 129.0314231 35.1815977, 129.0320421 35.1815995, 129.0325048 35.1815582, 129.0337996 35.1810200, 129.0339292 35.1809452, 129.0352567 35.1797495, 129.0351946 35.1790802, 129.0355924 35.1784996, 129.0358471 35.1781352, 129.0363507 35.1774613, 129.0365961 35.1772499, 129.0366360 35.1772156, 129.0369702 35.1769282, 129.0370935 35.1768236, 129.0371092 35.1768103, 129.0410885 35.1738818, 129.0412758 35.1737441, 129.0413684 35.1736834, 129.0420917 35.1732429, 129.0422714 35.1731403, 129.0448216 35.1717870, 129.0452879 35.1699970, 129.0447862 35.1694025, 129.0447709 35.1693843, 129.0442459 35.1685319, 129.0442455 35.1685313, 129.0436053 35.1670353, 129.0425186 35.1660859, 129.0417687 35.1660063, 129.0411212 35.1660818, 129.0407418 35.1669254, 129.0397861 35.1676772, 129.0396660 35.1676957, 129.0396182 35.1676958, 129.0395184 35.1676832, 129.0394492 35.1676635, 129.0394154 35.1676528, 129.0393337 35.1676229, 129.0392785 35.1675951, 129.0387477 35.1672991, 129.0377010 35.1674959, 129.0376775 35.1675110, 129.0376069 35.1675564, 129.0360701 35.1686397, 129.0355239 35.1690350, 129.0328441 35.1723042, 129.0326176 35.1726174, 129.0325692 35.1726842, 129.0311050 35.1736502, 129.0309854 35.1736249, 129.0304963 35.1734492, 129.0290224 35.1741735, 129.0257316 35.1771416, 129.0251010 35.1772446, 129.0240521 35.1772385, 129.0214122 35.1788002, 129.0192754 35.1804618, 129.0207646 35.1832317, 129.0219741 35.1832107, 129.0261017 35.1832716, 129.0266793 35.1832822, 129.0279002 35.1832161, 129.0294943 35.1823160, 129.0296078 35.1822268)))"
21050680,당감2동,2024,11696,13830.9,45.9,5079,4414,4221,569,"SRID=4326;MULTIPOLYGON(((129.0450768 35.1627930, 129.0473152 35.1622355, 129.0487453 35.1620390, 129.0490794 35.1619274, 129.0491123 35.1619161, 129.0492409 35.1618493, 129.0496129 35.1615962, 129.0496580 35.1615297, 129.0500156 35.1606074, 129.0503222 35.1595673, 129.0503559 35.1593700, 129.0504825 35.1584177, 129.0502195 35.1580878, 129.0458992 35.1565076, 129.0459104 35.1566215, 129.0452497 35.1570926, 129.0449482 35.1572988, 129.0445358 35.1573935, 129.0442163 35.1574019, 129.0440300 35.1573741, 129.0440183 35.1573721, 129.0438919 35.1573505, 129.0438486 35.1573431, 129.0438358 35.1573409, 129.0437220 35.1573071, 129.0435854 35.1572331, 129.0432559 35.1569651, 129.0432013 35.1569103, 129.0430484 35.1567571, 129.0428252 35.1565776, 129.0425986 35.1563993, 129.0425139 35.1563497, 129.0425031 35.1563434, 129.0424180 35.1562949, 129.0423417 35.1562517, 129.0421711 35.1561672, 129.0420474 35.1561097, 129.0414708 35.1559378, 129.0413480 35.1559051, 129.0413114 35.1558981, 129.0407487 35.1558157, 129.0404634 35.1558054, 129.0401602 35.1558107, 129.0388117 35.1559367, 129.0387804 35.1559453, 129.0387015 35.1559669, 129.0386923 35.1559695, 129.0385534 35.1560688, 129.0383334 35.1562306, 129.0377454 35.1567953, 129.0377443 35.1568278, 129.0377406 35.1569358, 129.0376912 35.1569482, 129.0375293 35.1569260, 129.0374856 35.1569200, 129.0373327 35.1568991, 129.0334195 35.1563605, 129.0327963 35.1562725, 129.0323313 35.1562054, 129.0316888 35.1561097, 129.0316414 35.1561024, 129.0290297 35.1557178, 129.0316585 35.1564555, 129.0337466 35.1574508, 129.0337985 35.1575288, 129.0336615 35.1578842, 129.0331980 35.1584525, 129.0328695 35.1588155, 129.0320234 35.1591313, 129.0335386 35.1595364, 129.0378722 35.1609091, 129.0437567 35.1625065, 129.0449599 35.1628004, 129.0450768 35.1627930)))"
21050700,당감4동,2024,9821,10436.6,49.6,4549,3916,2819,869,"SRID=4326;MULTIPOLYGON(((129.0240521 35.1772385, 129.0251010 35.1772446, 129.0257316 35.1771416, 129.0290224 35.1741735, 129.0304963 35.1734492, 129.0309854 35.1736249, 129.0311050 35.1736502, 129.0325692 35.1726842, 129.0326176 35.1726174, 129.0328441 35.1723042, 129.0355239 35.1690350, 129.0360701 35.1686397, 129.0376069 35.1675564, 129.0376775 35.1675110, 129.0377010 35.1674959, 129.0387477 35.1672991, 129.0395187 35.1639884, 129.0362071 35.1645841, 129.0355322 35.1647487, 129.0354128 35.1647836, 129.0353737 35.1647950, 129.0351949 35.1648533, 129.0351711 35.1648613, 129.0351416 35.1648712, 129.0348509 35.1649690, 129.0348190 35.1649798, 129.0326741 35.1658566, 129.0300526 35.1673399, 129.0300272 35.1673934, 129.0284381 35.1700292, 129.0251303 35.1706414, 129.0238854 35.1713369, 129.0235564 35.1713607, 129.0231304 35.1714093, 129.0221007 35.1722532, 129.0210837 35.1738254, 129.0213075 35.1775679, 129.0214122 35.1788002, 129.0240521 35.1772385)))"
21050720,가야2동,2024,17799,12177.7,47.1,7789,6519,3886,1152,"SRID=4326;MULTIPOLYGON(((129.0317578 35.1556403, 129.0321580 35.1540376, 129.0331310 35.1499122, 129.0338251 35.1463341, 129.0337118 35.1459042, 129.0327216 35.1443475, 129.0323051 35.1442443, 129.0311110 35.1439484, 129.0304392 35.1434263, 129.0290580 35.1420618, 129.0272822 35.1378447, 129.0273486 35.1375290, 129.0274696 35.1374495, 129.0283191 35.1369022, 129.0280515 35.1366885, 129.0256299 35.1356614, 129.0229911 35.1366000, 129.0215414 35.1368023, 129.0216320 35.1375956, 129.0221997 35.1425149, 129.0223585 35.1430711, 129.0224810 35.1435005, 129.0231594 35.1451996, 129.0234903 35.1474777, 129.0235083 35.1479452, 129.0234766 35.1479969, 129.0234223 35.1479926, 129.0232110 35.1483030, 129.0231983 35.1487358, 129.0233295 35.1489484, 129.0265252 35.1525769, 129.0271994 35.1529514, 129.0274900 35.1530259, 129.0275547 35.1530680, 129.0275778 35.1530831, 129.0276341 35.1531435, 129.0291861 35.1554105, 129.0291583 35.1554401, 129.0290881 35.1555149, 129.0290416 35.1555427, 129.0290297 35.1557178, 129.0316414 35.1561024, 129.0317578 35.1556403)))"
21050740,개금1동,2024,18121,31956.5,43.3,9240,6922,6369,1746,"SRID=4326;MULTIPOLYGON(((129.0234125 35.1480070, 129.0234766 35.1479969, 129.0234223 35.1479926, 129.0234125 35.1480070)), ((129.0290416 35.1555427, 129.0290881 35.1555149, 129.0291583 35.1554401, 129.0291861 35.1554105, 129.0276341 35.1531435, 129.0275778 35.1530831, 129.0275547 35.1530680, 129.0274900 35.1530259, 129.0271994 35.1529514, 129.0265252 35.1525769, 129.0233295 35.1489484, 129.0231983 35.1487358, 129.0232110 35.1483030, 129.0234125 35.1480070, 129.0207167 35.1484345, 129.0161710 35.1482500, 129.0166642 35.1528088, 129.0167109 35.1528202, 129.0177937 35.1530848, 129.0180735 35.1531532, 129.0185207 35.1532586, 129.0187833 35.1533206, 129.0193626 35.1534572, 129.0195629 35.1535040, 129.0197786 35.1535544, 129.0207627 35.1537842, 129.0208346 35.1538010, 129.0210818 35.1538588, 129.0271172 35.1551404, 129.0290416 35.1555427)))"
21050750,개금2동,2024,9641,10495.5,49.2,4531,4390,3926,432,"SRID=4326;MULTIPOLYGON(((129.0207167 35.1484345, 129.0234766 35.1479969, 129.0235083 35.1479452, 129.0234903 35.1474777, 129.0231594 35.1451996, 129.0224810 35.1435005, 129.0223585 35.1430711, 129.0221997 35.1425149, 129.0216320 35.1375956, 129.0215414 35.1368023, 129.0215340 35.1368024, 129.0215193 35.1368025, 129.0212867 35.1367792, 129.0207839 35.1367256, 129.0180061 35.1364186, 129.0158880 35.1360293, 129.0127253 35.1370198, 129.0127119 35.1370304, 129.0125072 35.1371932, 129.0121961 35.1374405, 129.0121668 35.1374659, 129.0121754 35.1374785, 129.0129261 35.1385813, 129.0150979 35.1417347, 129.0162337 35.1433254, 129.0162408 35.1433353, 129.0162519 35.1433524, 129.0162418 35.1433854, 129.0162229 35.1434474, 129.0160798 35.1438021, 129.0160719 35.1438194, 129.0157803 35.1438246, 129.0154288 35.1439643, 129.0153402 35.1440461, 129.0148717 35.1447069, 129.0141277 35.1457697, 129.0141308 35.1458612, 129.0143959 35.1460547, 129.0143991 35.1460570, 129.0161649 35.1473006, 129.0161710 35.1482500, 129.0207167 35.1484345)))"
21050760,개금3동,2024,25611,12481.2,48.5,11552,11010,3492,1212,"SRID=4326;MULTIPOLYGON(((129.0265161 35.1643008, 129.0269605 35.1656710, 129.0284872 35.1658338, 129.0307319 35.1626754, 129.0307347 35.1626419, 129.0307390 35.1626049, 129.0307545 35.1625181, 129.0307549 35.1625170, 129.0308339 35.1622897, 129.0309658 35.1619102, 129.0311110 35.1614928, 129.0311210 35.1614639, 129.0311512 35.1613772, 129.0318620 35.1593399, 129.0320234 35.1591313, 129.0328695 35.1588155, 129.0331980 35.1584525, 129.0336615 35.1578842, 129.0337985 35.1575288, 129.0337466 35.1574508, 129.0316585 35.1564555, 129.0290297 35.1557178, 129.0290416 35.1555427, 129.0271172 35.1551404, 129.0210818 35.1538588, 129.0208346 35.1538010, 129.0207627 35.1537842, 129.0197786 35.1535544, 129.0195629 35.1535040, 129.0193626 35.1534572, 129.0187833 35.1533206, 129.0185207 35.1532586, 129.0180735 35.1531532, 129.0177937 35.1530848, 129.0167109 35.1528202, 129.0166642 35.1528088, 129.0163978 35.1541895, 129.0163067 35.1546373, 129.0162283 35.1548321, 129.0157540 35.1557252, 129.0154345 35.1562891, 129.0154332 35.1562895, 129.0152939 35.1563347, 129.0149000 35.1561429, 129.0148883 35.1561372, 129.0105954 35.1587492, 129.0107287 35.1603672, 129.0111928 35.1610333, 129.0113902 35.1613167, 129.0113644 35.1623685, 129.0113488 35.1628446, 129.0129016 35.1665230, 129.0188965 35.1650688, 129.0193195 35.1650382, 129.0201411 35.1649786, 129.0203487 35.1649642, 129.0218530 35.1648707, 129.0225252 35.1648593, 129.0225871 35.1648543, 129.0231935 35.1648051, 129.0262890 35.1644352, 129.0265161 35.1643008)))"
21050770,범천1동,2024,12009,22218.4,44.6,7043,4345,18766,3371,"SRID=4326;MULTIPOLYGON(((129.0615799 35.1504239, 129.0630111 35.1487050, 129.0631678 35.1476743, 129.0632392 35.1436381, 129.0632488 35.1435256, 129.0632788 35.1433747, 129.0633310 35.1432222, 129.0633547 35.1431529, 129.0634540 35.1429501, 129.0635226 35.1428333, 129.0645390 35.1414154, 129.0591464 35.1412967, 129.0572693 35.1420776, 129.0572663 35.1426882, 129.0572463 35.1488509, 129.0572229 35.1493935, 129.0571972 35.1495523, 129.0571497 35.1498456, 129.0570250 35.1504658, 129.0615799 35.1504239)))"
21050800,당감1동,2024,20215,8445.1,49.8,9281,8500,4509,1643,"SRID=4326;MULTIPOLYGON(((129.0238854 35.1713369, 129.0251303 35.1706414, 129.0284381 35.1700292, 129.0300272 35.1673934, 129.0300526 35.1673399, 129.0326741 35.1658566, 129.0348190 35.1649798, 129.0348509 35.1649690, 129.0351416 35.1648712, 129.0351711 35.1648613, 129.0351949 35.1648533, 129.0353737 35.1647950, 129.0354128 35.1647836, 129.0355322 35.1647487, 129.0362071 35.1645841, 129.0395187 35.1639884, 129.0387477 35.1672991, 129.0392785 35.1675951, 129.0393337 35.1676229, 129.0394154 35.1676528, 129.0394492 35.1676635, 129.0395184 35.1676832, 129.0396182 35.1676958, 129.0396660 35.1676957, 129.0397861 35.1676772, 129.0407418 35.1669254, 129.0411212 35.1660818, 129.0417687 35.1660063, 129.0425186 35.1660859, 129.0429866 35.1646873, 129.0450033 35.1631321, 129.0450050 35.1631282, 129.0450094 35.1631178, 129.0450232 35.1630860, 129.0449599 35.1628004, 129.0437567 35.1625065, 129.0378722 35.1609091, 129.0335386 35.1595364, 129.0320234 35.1591313, 129.0318620 35.1593399, 129.0311512 35.1613772, 129.0311210 35.1614639, 129.0311110 35.1614928, 129.0309658 35.1619102, 129.0308339 35.1622897, 129.0307549 35.1625170, 129.0307545 35.1625181, 129.0307390 35.1626049, 129.0307347 35.1626419, 129.0307319 35.1626754, 129.0284872 35.1658338, 129.0269605 35.1656710, 129.0265161 35.1643008, 129.0262890 35.1644352, 129.0231935 35.1648051, 129.0225871 35.1648543, 129.0225252 35.1648593, 129.0218530 35.1648707, 129.0203487 35.1649642, 129.0201411 35.1649786, 129.0193195 35.1650382, 129.0188965 35.1650688, 129.0129016 35.1665230, 129.0110357 35.1708235, 129.0105724 35.1735709, 129.0144655 35.1767474, 129.0163809 35.1785182, 129.0167259 35.1792084, 129.0169002 35.1795571, 129.0187632 35.1802667, 129.0192717 35.1804604, 129.0192754 35.1804618, 129.0214122 35.1788002, 129.0213075 35.1775679, 129.0210837 35.1738254, 129.0221007 35.1722532, 129.0231304 35.1714093, 129.0235564 35.1713607, 129.0238854 35.1713369)))"
21050810,가야1동,2024,19662,11266.8,43.8,9055,6993,6713,1317,"SRID=4326;MULTIPOLYGON(((129.0459104 35.1566215, 129.0458992 35.1565076, 129.0458368 35.1563152, 129.0457581 35.1551762, 129.0459108 35.1548582, 129.0459944 35.1547283, 129.0465619 35.1540259, 129.0463813 35.1537600, 129.0462045 35.1535010, 129.0462000 35.1534944, 129.0459026 35.1530637, 129.0456695 35.1529103, 129.0455570 35.1528369, 129.0441076 35.1520938, 129.0427236 35.1522009, 129.0411686 35.1512081, 129.0410548 35.1511044, 129.0390395 35.1471964, 129.0386775 35.1449449, 129.0383863 35.1420139, 129.0378224 35.1400104, 129.0377130 35.1397303, 129.0342308 35.1375110, 129.0331345 35.1371195, 129.0283191 35.1369022, 129.0274696 35.1374495, 129.0273486 35.1375290, 129.0272822 35.1378447, 129.0290580 35.1420618, 129.0304392 35.1434263, 129.0311110 35.1439484, 129.0323051 35.1442443, 129.0327216 35.1443475, 129.0337118 35.1459042, 129.0338251 35.1463341, 129.0331310 35.1499122, 129.0321580 35.1540376, 129.0317578 35.1556403, 129.0316414 35.1561024, 129.0316888 35.1561097, 129.0323313 35.1562054, 129.0327963 35.1562725, 129.0334195 35.1563605, 129.0373327 35.1568991, 129.0374856 35.1569200, 129.0375293 35.1569260, 129.0376912 35.1569482, 129.0377406 35.1569358, 129.0377443 35.1568278, 129.0377454 35.1567953, 129.0383334 35.1562306, 129.0385534 35.1560688, 129.0386923 35.1559695, 129.0387015 35.1559669, 129.0387804 35.1559453, 129.0388117 35.1559367, 129.0401602 35.1558107, 129.0404634 35.1558054, 129.0407487 35.1558157, 129.0413114 35.1558981, 129.0413480 35.1559051, 129.0414708 35.1559378, 129.0420474 35.1561097, 129.0421711 35.1561672, 129.0423417 35.1562517, 129.0424180 35.1562949, 129.0425031 35.1563434, 129.0425139 35.1563497, 129.0425986 35.1563993, 129.0428252 35.1565776, 129.0430484 35.1567571, 129.0432013 35.1569103, 129.0432559 35.1569651, 129.0435854 35.1572331, 129.0437220 35.1573071, 129.0438358 35.1573409, 129.0438486 35.1573431, 129.0438919 35.1573505, 129.0440183 35.1573721, 129.0440300 35.1573741, 129.0442163 35.1574019, 129.0445358 35.1573935, 129.0449482 35.1572988, 129.0452497 35.1570926, 129.0459104 35.1566215)))"
21050820,부전1동,2024,14193,11343.2,43.4,9173,4391,22596,5484,"SRID=4326;MULTIPOLYGON(((129.0625497 35.1715205, 129.0625553 35.1715204, 129.0641810 35.1707450, 129.0656691 35.1696213, 129.0666439 35.1685201, 129.0669170 35.1679243, 129.0671299 35.1678101, 129.0671320 35.1678090, 129.0635938 35.1633647, 129.0635520 35.1633828, 129.0634831 35.1632931, 129.0623320 35.1617883, 129.0623252 35.1617691, 129.0622002 35.1614181, 129.0622970 35.1577472, 129.0526768 35.1576309, 129.0526658 35.1577010, 129.0526489 35.1578087, 129.0525775 35.1582691, 129.0525625 35.1583661, 129.0525496 35.1584490, 129.0525572 35.1586665, 129.0525665 35.1589343, 129.0526458 35.1594709, 129.0526749 35.1595837, 129.0528189 35.1598947, 129.0534870 35.1606721, 129.0535173 35.1607049, 129.0536223 35.1608123, 129.0537694 35.1609496, 129.0539052 35.1610713, 129.0542495 35.1613795, 129.0544199 35.1614860, 129.0532830 35.1651995, 129.0528959 35.1671299, 129.0564991 35.1675262, 129.0587600 35.1704291, 129.0616888 35.1715833, 129.0617173 35.1715944, 129.0617462 35.1716047, 129.0617756 35.1716140, 129.0618070 35.1716228, 129.0618387 35.1716305, 129.0618693 35.1716369, 129.0619001 35.1716424, 129.0619328 35.1716470, 129.0619640 35.1716505, 129.0619954 35.1716529, 129.0620270 35.1716544, 129.0620588 35.1716548, 129.0620889 35.1716543, 129.0621190 35.1716530, 129.0621490 35.1716507, 129.0621788 35.1716475, 129.0622085 35.1716434, 129.0622395 35.1716381, 129.0622703 35.1716319, 129.0623007 35.1716247, 129.0623308 35.1716165, 129.0623604 35.1716074, 129.0623911 35.1715968, 129.0624213 35.1715853, 129.0624494 35.1715733, 129.0624797 35.1715592, 129.0625092 35.1715440, 129.0625379 35.1715278, 129.0625497 35.1715205)))"
21050830,전포1동,2024,20076,12105.3,41.4,11056,8211,11089,2930,"SRID=4326;MULTIPOLYGON(((129.0803382 35.1605483, 129.0828440 35.1581741, 129.0823915 35.1566189, 129.0820436 35.1554806, 129.0797982 35.1524347, 129.0786662 35.1505449, 129.0756436 35.1505807, 129.0750525 35.1505659, 129.0741381 35.1502088, 129.0731013 35.1497735, 129.0729028 35.1496889, 129.0725271 35.1495289, 129.0719821 35.1492891, 129.0717765 35.1491976, 129.0715340 35.1490866, 129.0709799 35.1484613, 129.0709124 35.1483830, 129.0707314 35.1481712, 129.0667878 35.1477570, 129.0632739 35.1488005, 129.0624640 35.1502633, 129.0624524 35.1502976, 129.0623844 35.1506095, 129.0623671 35.1517011, 129.0623590 35.1522067, 129.0623235 35.1553917, 129.0623134 35.1562889, 129.0622970 35.1577472, 129.0640440 35.1577493, 129.0661697 35.1577621, 129.0738468 35.1578162, 129.0746716 35.1578647, 129.0787995 35.1584433, 129.0804966 35.1590360, 129.0801094 35.1601513, 129.0797036 35.1612850, 129.0803382 35.1605483)))"
21050840,범천2동,2024,20594,11913.2,47.4,10128,8919,4501,1274,"SRID=4326;MULTIPOLYGON(((129.0507057 35.1574230, 129.0513956 35.1552813, 129.0537549 35.1529723, 129.0566579 35.1506032, 129.0570250 35.1504658, 129.0571497 35.1498456, 129.0571972 35.1495523, 129.0572229 35.1493935, 129.0572463 35.1488509, 129.0572663 35.1426882, 129.0566627 35.1420715, 129.0553191 35.1418391, 129.0545451 35.1418349, 129.0525320 35.1420853, 129.0522662 35.1421441, 129.0520636 35.1421890, 129.0517335 35.1423046, 129.0517060 35.1423253, 129.0516613 35.1423590, 129.0516242 35.1424337, 129.0512333 35.1429117, 129.0508942 35.1433167, 129.0508467 35.1433507, 129.0507372 35.1434230, 129.0464093 35.1456614, 129.0446667 35.1460801, 129.0445298 35.1460822, 129.0421453 35.1461049, 129.0420327 35.1461765, 129.0411887 35.1461632, 129.0411367 35.1461571, 129.0409542 35.1460915, 129.0409257 35.1460699, 129.0408822 35.1460368, 129.0391966 35.1443276, 129.0391573 35.1442606, 129.0390473 35.1435423, 129.0391360 35.1434216, 129.0392011 35.1433385, 129.0392298 35.1432485, 129.0393196 35.1428242, 129.0393686 35.1425828, 129.0392094 35.1417010, 129.0391899 35.1415963, 129.0391306 35.1414219, 129.0387476 35.1403031, 129.0384187 35.1398095, 129.0384142 35.1398028, 129.0383651 35.1397349, 129.0383538 35.1397194, 129.0377130 35.1397303, 129.0378224 35.1400104, 129.0383863 35.1420139, 129.0386775 35.1449449, 129.0390395 35.1471964, 129.0410548 35.1511044, 129.0411686 35.1512081, 129.0427236 35.1522009, 129.0441076 35.1520938, 129.0455570 35.1528369, 129.0456695 35.1529103, 129.0459026 35.1530637, 129.0462000 35.1534944, 129.0462045 35.1535010, 129.0463813 35.1537600, 129.0465619 35.1540259, 129.0459944 35.1547283, 129.0459108 35.1548582, 129.0457581 35.1551762, 129.0458368 35.1563152, 129.0458992 35.1565076, 129.0502195 35.1580878, 129.0506757 35.1575324, 129.0507057 35.1574230)))"
21060510,수민동,2024,30190,24531.2,47,12784,11802,14800,2666,"SRID=4326;MULTIPOLYGON(((129.0845034 35.2044697, 129.0854613 35.2032621, 129.0871110 35.2034396, 129.0890014 35.2024156, 129.0890121 35.2016185, 129.0890169 35.2010071, 129.0890178 35.2009562, 129.0890182 35.2009366, 129.0890193 35.2009104, 129.0908538 35.2002786, 129.0924313 35.1997362, 129.0943953 35.1989350, 129.0954338 35.1982164, 129.0954960 35.1981641, 129.0955309 35.1981331, 129.0955336 35.1981307, 129.0975548 35.1960801, 129.0992040 35.1922305, 129.0995476 35.1913615, 129.0993074 35.1913309, 129.0974532 35.1918063, 129.0941377 35.1930456, 129.0909622 35.1930415, 129.0905801 35.1930841, 129.0884400 35.1934213, 129.0884302 35.1934236, 129.0880806 35.1935050, 129.0875504 35.1936284, 129.0874019 35.1936630, 129.0873781 35.1936685, 129.0836361 35.1954453, 129.0833399 35.1956509, 129.0832264 35.1957353, 129.0832192 35.1957431, 129.0831436 35.1958415, 129.0830546 35.1959614, 129.0828629 35.1962244, 129.0827461 35.1964595, 129.0826150 35.1968161, 129.0825895 35.1969306, 129.0813400 35.1985852, 129.0805548 35.1993501, 129.0785424 35.2019852, 129.0802056 35.2022494, 129.0837423 35.2025334, 129.0840421 35.2041899, 129.0845034 35.2044697)))"
21060520,복산동,2024,7849,10111.2,54.2,3796,3055,2486,900,"SRID=4326;MULTIPOLYGON(((129.0908952 35.2104915, 129.0926149 35.2100391, 129.0938921 35.2095506, 129.0957237 35.2066621, 129.0958238 35.2064733, 129.0958261 35.2064592, 129.0958296 35.2064378, 129.0958453 35.2061539, 129.0958504 35.2060438, 129.0958529 35.2057888, 129.0958509 35.2057251, 129.0958275 35.2056555, 129.0955130 35.2047954, 129.0924313 35.1997362, 129.0908538 35.2002786, 129.0890193 35.2009104, 129.0890182 35.2009366, 129.0890178 35.2009562, 129.0890169 35.2010071, 129.0890121 35.2016185, 129.0890014 35.2024156, 129.0871110 35.2034396, 129.0854613 35.2032621, 129.0845034 35.2044697, 129.0840421 35.2041899, 129.0835936 35.2046311, 129.0834538 35.2048082, 129.0833996 35.2049231, 129.0833805 35.2049819, 129.0833770 35.2049929, 129.0833619 35.2050497, 129.0833407 35.2051536, 129.0833403 35.2051558, 129.0833251 35.2052398, 129.0833223 35.2052624, 129.0833126 35.2053381, 129.0833387 35.2054129, 129.0833591 35.2054590, 129.0833612 35.2054627, 129.0833777 35.2054897, 129.0834121 35.2055465, 129.0834282 35.2055688, 129.0834912 35.2056529, 129.0858531 35.2084942, 129.0872398 35.2093882, 129.0877985 35.2097458, 129.0879526 35.2098179, 129.0889212 35.2098587, 129.0904450 35.2103193, 129.0908952 35.2104915)))"
21060550,온천1동,2024,27683,13391.3,43.8,13648,9411,9797,2813,"SRID=4326;MULTIPOLYGON(((129.0781567 35.2257896, 129.0782142 35.2257048, 129.0782803 35.2256150, 129.0797169 35.2242766, 129.0814710 35.2233482, 129.0853485 35.2221264, 129.0872594 35.2218639, 129.0872676 35.2218626, 129.0871484 35.2213855, 129.0871270 35.2212997, 129.0870213 35.2209943, 129.0870124 35.2209730, 129.0868867 35.2206697, 129.0868172 35.2205140, 129.0866875 35.2202271, 129.0859875 35.2189811, 129.0839186 35.2172171, 129.0838214 35.2164219, 129.0831231 35.2157448, 129.0827698 35.2155065, 129.0826141 35.2154018, 129.0826129 35.2154010, 129.0825775 35.2153774, 129.0825335 35.2153493, 129.0819397 35.2150824, 129.0816550 35.2149606, 129.0816117 35.2149421, 129.0815257 35.2149052, 129.0811779 35.2147298, 129.0810873 35.2146642, 129.0805950 35.2141495, 129.0800829 35.2134053, 129.0790830 35.2118696, 129.0793520 35.2111466, 129.0779299 35.2128518, 129.0779269 35.2128549, 129.0772368 35.2135779, 129.0770276 35.2137971, 129.0730912 35.2148575, 129.0726700 35.2148366, 129.0669310 35.2202016, 129.0668287 35.2202644, 129.0653946 35.2211444, 129.0629457 35.2213034, 129.0630303 35.2217789, 129.0632131 35.2228061, 129.0615444 35.2236901, 129.0611296 35.2235222, 129.0610470 35.2234888, 129.0606479 35.2233272, 129.0591475 35.2227975, 129.0580394 35.2226725, 129.0580928 35.2228298, 129.0584220 35.2236461, 129.0588958 35.2247825, 129.0617743 35.2258458, 129.0620032 35.2248437, 129.0683324 35.2247751, 129.0688521 35.2248045, 129.0736360 35.2251348, 129.0743010 35.2252203, 129.0747208 35.2252744, 129.0749947 35.2253251, 129.0757584 35.2254663, 129.0767573 35.2261924, 129.0781567 35.2257896)))"
21060560,온천2동,2024,23266,9366.2,43.6,9157,8729,8464,2116,"SRID=4326;MULTIPOLYGON(((129.0629457 35.2213034, 129.0653946 35.2211444, 129.0668287 35.2202644, 129.0669310 35.2202016, 129.0726700 35.2148366, 129.0730912 35.2148575, 129.0770276 35.2137971, 129.0772368 35.2135779, 129.0779269 35.2128549, 129.0779299 35.2128518, 129.0793520 35.2111466, 129.0793472 35.2111366, 129.0792484 35.2109265, 129.0791488 35.2106965, 129.0791163 35.2105938, 129.0790613 35.2104198, 129.0781926 35.2073707, 129.0782218 35.2068439, 129.0788953 35.2040525, 129.0731480 35.2064744, 129.0662070 35.2090003, 129.0658829 35.2091015, 129.0655363 35.2092751, 129.0644646 35.2099025, 129.0644226 35.2101135, 129.0644177 35.2101384, 129.0638978 35.2104616, 129.0632529 35.2108625, 129.0624712 35.2112117, 129.0618461 35.2114850, 129.0612787 35.2116801, 129.0608279 35.2118350, 129.0596746 35.2111432, 129.0577603 35.2110127, 129.0540120 35.2108714, 129.0525694 35.2111002, 129.0512712 35.2113996, 129.0513412 35.2130949, 129.0519914 35.2136710, 129.0528225 35.2145442, 129.0558308 35.2177121, 129.0564456 35.2187713, 129.0567862 35.2202615, 129.0576314 35.2219272, 129.0580394 35.2226725, 129.0591475 35.2227975, 129.0606479 35.2233272, 129.0610470 35.2234888, 129.0611296 35.2235222, 129.0615444 35.2236901, 129.0632131 35.2228061, 129.0630303 35.2217789, 129.0629457 35.2213034)))"
21060570,온천3동,2024,34948,20842.4,46.8,16062,12754,10626,2777,"SRID=4326;MULTIPOLYGON(((129.0608279 35.2118350, 129.0612787 35.2116801, 129.0618461 35.2114850, 129.0624712 35.2112117, 129.0632529 35.2108625, 129.0638978 35.2104616, 129.0644177 35.2101384, 129.0644226 35.2101135, 129.0644646 35.2099025, 129.0655363 35.2092751, 129.0658829 35.2091015, 129.0662070 35.2090003, 129.0731480 35.2064744, 129.0788953 35.2040525, 129.0784779 35.2021850, 129.0780033 35.2021614, 129.0778805 35.2025447, 129.0753861 35.2026678, 129.0747988 35.2024198, 129.0734582 35.2018775, 129.0718225 35.2012403, 129.0716884 35.2012041, 129.0710238 35.2010401, 129.0686377 35.2004511, 129.0686329 35.2004499, 129.0676208 35.2007890, 129.0671456 35.2009482, 129.0671302 35.2009534, 129.0663061 35.2013329, 129.0660586 35.2014468, 129.0654691 35.2017198, 129.0654036 35.2017502, 129.0613164 35.2037176, 129.0596666 35.2021107, 129.0590797 35.2029571, 129.0589817 35.2030875, 129.0589046 35.2031705, 129.0582222 35.2036498, 129.0571231 35.2040721, 129.0554903 35.2054797, 129.0547040 35.2064415, 129.0546023 35.2064830, 129.0539920 35.2067324, 129.0535969 35.2067866, 129.0535460 35.2067936, 129.0531924 35.2068447, 129.0528785 35.2069533, 129.0527430 35.2070149, 129.0511295 35.2080527, 129.0508063 35.2082777, 129.0513279 35.2109841, 129.0512712 35.2113996, 129.0525694 35.2111002, 129.0540120 35.2108714, 129.0577603 35.2110127, 129.0596746 35.2111432, 129.0608279 35.2118350)))"
21060580,사직1동,2024,11383,27742.7,45.3,4930,3864,5027,1487,"SRID=4326;MULTIPOLYGON(((129.0657911 35.1963242, 129.0664741 35.1941604, 129.0643545 35.1937222, 129.0638887 35.1954334, 129.0638245 35.1956430, 129.0636436 35.1962324, 129.0636320 35.1962700, 129.0636315 35.1962715, 129.0634125 35.1962266, 129.0629513 35.1961320, 129.0628077 35.1961026, 129.0623498 35.1960088, 129.0623111 35.1960009, 129.0620120 35.1959397, 129.0611642 35.1957663, 129.0610882 35.1957508, 129.0610115 35.1957376, 129.0610103 35.1957390, 129.0591147 35.1996334, 129.0587674 35.2005935, 129.0586779 35.2008409, 129.0596666 35.2021107, 129.0613164 35.2037176, 129.0654036 35.2017502, 129.0647240 35.2008217, 129.0645649 35.2006044, 129.0645417 35.2005727, 129.0645891 35.2003564, 129.0656421 35.1967961, 129.0656866 35.1966551, 129.0657867 35.1963379, 129.0657883 35.1963329, 129.0657911 35.1963242)))"
21060590,사직2동,2024,23743,12424.5,41.8,8463,8169,5046,1661,"SRID=4326;MULTIPOLYGON(((129.0554903 35.2054797, 129.0571231 35.2040721, 129.0582222 35.2036498, 129.0589046 35.2031705, 129.0589817 35.2030875, 129.0590797 35.2029571, 129.0596666 35.2021107, 129.0586779 35.2008409, 129.0587674 35.2005935, 129.0591147 35.1996334, 129.0610103 35.1957390, 129.0610115 35.1957376, 129.0610882 35.1957508, 129.0611642 35.1957663, 129.0620120 35.1959397, 129.0623111 35.1960009, 129.0623498 35.1960088, 129.0628077 35.1961026, 129.0629513 35.1961320, 129.0634125 35.1962266, 129.0636315 35.1962715, 129.0636320 35.1962700, 129.0636436 35.1962324, 129.0638245 35.1956430, 129.0638887 35.1954334, 129.0643545 35.1937222, 129.0644832 35.1932940, 129.0645687 35.1921533, 129.0623753 35.1916934, 129.0622979 35.1916797, 129.0622260 35.1916705, 129.0621566 35.1916688, 129.0608236 35.1916465, 129.0597794 35.1921613, 129.0569240 35.1931240, 129.0564043 35.1927320, 129.0557635 35.1924426, 129.0532256 35.1923016, 129.0526683 35.1922789, 129.0482441 35.1945206, 129.0441263 35.1994415, 129.0442196 35.2017274, 129.0468227 35.2038007, 129.0500090 35.2066083, 129.0504274 35.2072007, 129.0505129 35.2074265, 129.0506216 35.2077133, 129.0508063 35.2082777, 129.0511295 35.2080527, 129.0527430 35.2070149, 129.0528785 35.2069533, 129.0531924 35.2068447, 129.0535460 35.2067936, 129.0535969 35.2067866, 129.0539920 35.2067324, 129.0546023 35.2064830, 129.0547040 35.2064415, 129.0554903 35.2054797)))"
21060600,사직3동,2024,16260,23236,44.7,7092,5481,4785,1733,"SRID=4326;MULTIPOLYGON(((129.0780033 35.2021614, 129.0784779 35.2021850, 129.0785424 35.2019852, 129.0805548 35.1993501, 129.0781792 35.1994575, 129.0778574 35.1994362, 129.0742225 35.1981030, 129.0716948 35.1957613, 129.0718855 35.1952474, 129.0697116 35.1947983, 129.0666192 35.1941624, 129.0664741 35.1941604, 129.0657911 35.1963242, 129.0657883 35.1963329, 129.0657867 35.1963379, 129.0656866 35.1966551, 129.0656421 35.1967961, 129.0645891 35.2003564, 129.0645417 35.2005727, 129.0645649 35.2006044, 129.0647240 35.2008217, 129.0654036 35.2017502, 129.0654691 35.2017198, 129.0660586 35.2014468, 129.0663061 35.2013329, 129.0671302 35.2009534, 129.0671456 35.2009482, 129.0676208 35.2007890, 129.0686329 35.2004499, 129.0686377 35.2004511, 129.0710238 35.2010401, 129.0716884 35.2012041, 129.0718225 35.2012403, 129.0734582 35.2018775, 129.0747988 35.2024198, 129.0753861 35.2026678, 129.0778805 35.2025447, 129.0780033 35.2021614)))"
21060610,안락1동,2024,12913,15467.1,51.2,6169,4814,8301,2647,"SRID=4326;MULTIPOLYGON(((129.0984037 35.2036835, 129.0995970 35.2025665, 129.1000152 35.2015330, 129.1000814 35.2014955, 129.1046035 35.2006764, 129.1042207 35.1965858, 129.1040067 35.1966202, 129.1032551 35.1967411, 129.1032415 35.1967158, 129.1032387 35.1967106, 129.1030548 35.1963691, 129.1008150 35.1919361, 129.1005834 35.1913387, 129.0995476 35.1913615, 129.0992040 35.1922305, 129.0975548 35.1960801, 129.0955336 35.1981307, 129.0955309 35.1981331, 129.0954960 35.1981641, 129.0954338 35.1982164, 129.0943953 35.1989350, 129.0924313 35.1997362, 129.0955130 35.2047954, 129.0984037 35.2036835)))"
21060620,안락2동,2024,25330,17710.2,47,10449,9280,7484,2487,"SRID=4326;MULTIPOLYGON(((129.1155514 35.2015224, 129.1160389 35.2011434, 129.1153192 35.1993285, 129.1152899 35.1992498, 129.1152581 35.1991644, 129.1152520 35.1991474, 129.1147284 35.1976826, 129.1143228 35.1947649, 129.1142975 35.1939818, 129.1143125 35.1936413, 129.1145004 35.1921832, 129.1145315 35.1920811, 129.1145978 35.1918637, 129.1147292 35.1914505, 129.1146057 35.1901743, 129.1145354 35.1891742, 129.1145466 35.1890926, 129.1145637 35.1889806, 129.1147283 35.1879874, 129.1148107 35.1877766, 129.1155363 35.1860206, 129.1150899 35.1862572, 129.1150927 35.1836538, 129.1139389 35.1843570, 129.1139292 35.1843718, 129.1138420 35.1845048, 129.1138327 35.1845199, 129.1132360 35.1855919, 129.1123222 35.1874133, 129.1123200 35.1874206, 129.1123019 35.1874811, 129.1122939 35.1875138, 129.1122835 35.1875560, 129.1124192 35.1879205, 129.1111555 35.1889451, 129.1085350 35.1902372, 129.1083877 35.1903044, 129.1083754 35.1903082, 129.1081865 35.1903662, 129.1040269 35.1906624, 129.1025546 35.1908282, 129.1005834 35.1913387, 129.1008150 35.1919361, 129.1030548 35.1963691, 129.1032387 35.1967106, 129.1032415 35.1967158, 129.1032551 35.1967411, 129.1040067 35.1966202, 129.1042207 35.1965858, 129.1046035 35.2006764, 129.1080917 35.2005507, 129.1130557 35.2003035, 129.1135241 35.2006936, 129.1137614 35.2012547, 129.1137753 35.2015463, 129.1155514 35.2015224)))"
21060630,명장1동,2024,12875,14339.5,48.7,5742,4700,4136,1278,"SRID=4326;MULTIPOLYGON(((129.1081734 35.2100973, 129.1102411 35.2101487, 129.1109369 35.2045083, 129.1136344 35.2022251, 129.1137753 35.2015463, 129.1137614 35.2012547, 129.1135241 35.2006936, 129.1130557 35.2003035, 129.1080917 35.2005507, 129.1046035 35.2006764, 129.1000814 35.2014955, 129.1000152 35.2015330, 129.0995970 35.2025665, 129.1006937 35.2034649, 129.1011107 35.2039319, 129.1033023 35.2073419, 129.1033996 35.2092256, 129.1034533 35.2094777, 129.1034701 35.2095098, 129.1035594 35.2096440, 129.1035619 35.2096478, 129.1039002 35.2099181, 129.1039969 35.2099770, 129.1040134 35.2099855, 129.1040730 35.2100159, 129.1045547 35.2101951, 129.1051256 35.2102866, 129.1081734 35.2100973)))"
21060640,명장2동,2024,13193,14944.5,50,6010,5075,3000,961,"SRID=4326;MULTIPOLYGON(((129.0950271 35.2154992, 129.0970414 35.2143753, 129.1023991 35.2116615, 129.1023758 35.2115631, 129.1023206 35.2113300, 129.1051256 35.2102866, 129.1045547 35.2101951, 129.1040730 35.2100159, 129.1040134 35.2099855, 129.1039969 35.2099770, 129.1039002 35.2099181, 129.1035619 35.2096478, 129.1035594 35.2096440, 129.1034701 35.2095098, 129.1034533 35.2094777, 129.1033996 35.2092256, 129.1033023 35.2073419, 129.1011107 35.2039319, 129.1006937 35.2034649, 129.0995970 35.2025665, 129.0984037 35.2036835, 129.0955130 35.2047954, 129.0958275 35.2056555, 129.0958509 35.2057251, 129.0958529 35.2057888, 129.0958504 35.2060438, 129.0958453 35.2061539, 129.0958296 35.2064378, 129.0958261 35.2064592, 129.0958238 35.2064733, 129.0957237 35.2066621, 129.0938921 35.2095506, 129.0926149 35.2100391, 129.0929674 35.2113708, 129.0926654 35.2129295, 129.0926656 35.2129931, 129.0926816 35.2130572, 129.0927318 35.2131898, 129.0927575 35.2132536, 129.0927740 35.2132945, 129.0937466 35.2152639, 129.0938510 35.2154390, 129.0942400 35.2154568, 129.0950271 35.2154992)))"
21060650,명륜동,2024,25456,18783.5,41.8,9620,8848,9678,2477,"SRID=4326;MULTIPOLYGON(((129.0859714 35.2171344, 129.0880630 35.2176301, 129.0883289 35.2176818, 129.0921187 35.2165683, 129.0924979 35.2163498, 129.0925166 35.2163380, 129.0925972 35.2162874, 129.0938510 35.2154390, 129.0937466 35.2152639, 129.0927740 35.2132945, 129.0927575 35.2132536, 129.0927318 35.2131898, 129.0926816 35.2130572, 129.0926656 35.2129931, 129.0926654 35.2129295, 129.0929674 35.2113708, 129.0926149 35.2100391, 129.0908952 35.2104915, 129.0904450 35.2103193, 129.0889212 35.2098587, 129.0879526 35.2098179, 129.0877985 35.2097458, 129.0872398 35.2093882, 129.0858531 35.2084942, 129.0834912 35.2056529, 129.0834282 35.2055688, 129.0834121 35.2055465, 129.0833777 35.2054897, 129.0833612 35.2054627, 129.0833591 35.2054590, 129.0833387 35.2054129, 129.0833126 35.2053381, 129.0833223 35.2052624, 129.0833251 35.2052398, 129.0833403 35.2051558, 129.0833407 35.2051536, 129.0833619 35.2050497, 129.0833770 35.2049929, 129.0833805 35.2049819, 129.0833996 35.2049231, 129.0834538 35.2048082, 129.0835936 35.2046311, 129.0840421 35.2041899, 129.0837423 35.2025334, 129.0802056 35.2022494, 129.0785424 35.2019852, 129.0784779 35.2021850, 129.0788953 35.2040525, 129.0782218 35.2068439, 129.0781926 35.2073707, 129.0790613 35.2104198, 129.0791163 35.2105938, 129.0791488 35.2106965, 129.0792484 35.2109265, 129.0793472 35.2111366, 129.0793520 35.2111466, 129.0790830 35.2118696, 129.0800829 35.2134053, 129.0805950 35.2141495, 129.0810873 35.2146642, 129.0811779 35.2147298, 129.0815257 35.2149052, 129.0816117 35.2149421, 129.0816550 35.2149606, 129.0819397 35.2150824, 129.0825335 35.2153493, 129.0825775 35.2153774, 129.0826129 35.2154010, 129.0826141 35.2154018, 129.0827698 35.2155065, 129.0831231 35.2157448, 129.0838214 35.2164219, 129.0839186 35.2172171, 129.0859714 35.2171344)))"
21070530,대연3동,2024,42475,9600.3,37.7,17406,15744,18912,4067,"SRID=4326;MULTIPOLYGON(((129.0958636 35.1600164, 129.0971601 35.1580857, 129.0979764 35.1565507, 129.0989436 35.1547774, 129.0989452 35.1547753, 129.0990491 35.1546404, 129.1011061 35.1519887, 129.1012229 35.1518427, 129.1019137 35.1495593, 129.1026061 35.1475371, 129.1034175 35.1447770, 129.1033912 35.1443243, 129.1033790 35.1441138, 129.1033501 35.1439039, 129.1031361 35.1437298, 129.1030313 35.1436455, 129.1029281 35.1435566, 129.1021633 35.1427064, 129.1021520 35.1426905, 129.1022034 35.1426301, 129.1026854 35.1420650, 129.1027701 35.1419721, 129.1029184 35.1418096, 129.1030638 35.1416502, 129.1062123 35.1390879, 129.1112202 35.1357625, 129.1119698 35.1363179, 129.1140600 35.1357970, 129.1117658 35.1354941, 129.1114140 35.1353790, 129.1105935 35.1348636, 129.1093676 35.1334299, 129.1089173 35.1328447, 129.1091601 35.1327035, 129.1068566 35.1300045, 129.1059337 35.1278787, 129.1056852 35.1276930, 129.1056076 35.1276355, 129.1052448 35.1273671, 129.1041488 35.1269195, 129.1036333 35.1267603, 129.0985279 35.1248678, 129.0993152 35.1265744, 129.1001993 35.1277836, 129.1002318 35.1278739, 129.1002413 35.1279693, 129.0996987 35.1287517, 129.0972032 35.1300981, 129.0981485 35.1301007, 129.0982020 35.1327485, 129.0982022 35.1327615, 129.0982068 35.1330609, 129.0982180 35.1337825, 129.0982206 35.1339462, 129.0982222 35.1341292, 129.0982226 35.1341732, 129.0981898 35.1342423, 129.0977847 35.1347829, 129.0976662 35.1349198, 129.0975993 35.1349785, 129.0975300 35.1350354, 129.0972452 35.1352355, 129.0965126 35.1356339, 129.0964024 35.1357680, 129.0976424 35.1364353, 129.0975604 35.1366446, 129.0973909 35.1370773, 129.0958034 35.1406674, 129.0919932 35.1453437, 129.0906791 35.1467514, 129.0890904 35.1472505, 129.0875248 35.1485223, 129.0871541 35.1486176, 129.0862507 35.1488338, 129.0857861 35.1489425, 129.0848889 35.1490898, 129.0839524 35.1492418, 129.0834520 35.1493016, 129.0834486 35.1491983, 129.0834400 35.1489426, 129.0786784 35.1505358, 129.0786662 35.1505449, 129.0797982 35.1524347, 129.0820436 35.1554806, 129.0823915 35.1566189, 129.0828440 35.1581741, 129.0835344 35.1585245, 129.0857543 35.1587909, 129.0860244 35.1590105, 129.0865371 35.1594316, 129.0878299 35.1601832, 129.0890942 35.1607287, 129.0896405 35.1605350, 129.0901825 35.1603416, 129.0903293 35.1602880, 129.0913199 35.1600455, 129.0928742 35.1600039, 129.0930622 35.1600664, 129.0936031 35.1602510, 129.0954166 35.1613132, 129.0958636 35.1600164)))"
21070540,대연4동,2024,14031,14023.9,45.3,6448,5078,3107,918,"SRID=4326;MULTIPOLYGON(((129.0880492 35.1331331, 129.0883687 35.1315540, 129.0883915 35.1315197, 129.0891810 35.1303339, 129.0892736 35.1301949, 129.0892769 35.1301898, 129.0972032 35.1300981, 129.0996987 35.1287517, 129.1002413 35.1279693, 129.1002318 35.1278739, 129.1001993 35.1277836, 129.0993152 35.1265744, 129.0985279 35.1248678, 129.0984654 35.1248314, 129.0978690 35.1247745, 129.0973127 35.1247508, 129.0970747 35.1247708, 129.0960549 35.1249273, 129.0955287 35.1250323, 129.0954175 35.1250583, 129.0952828 35.1250858, 129.0949646 35.1251348, 129.0947116 35.1251476, 129.0943378 35.1250537, 129.0942410 35.1250286, 129.0927268 35.1244282, 129.0925243 35.1242453, 129.0918928 35.1236614, 129.0914701 35.1227321, 129.0913182 35.1223499, 129.0911631 35.1219593, 129.0907110 35.1200224, 129.0903712 35.1207057, 129.0879639 35.1242172, 129.0873300 35.1248828, 129.0871410 35.1250433, 129.0871360 35.1250455, 129.0870604 35.1250790, 129.0866770 35.1251583, 129.0866583 35.1251609, 129.0857342 35.1252696, 129.0856528 35.1252614, 129.0862359 35.1265280, 129.0860127 35.1275608, 129.0859423 35.1277710, 129.0858173 35.1281444, 129.0855848 35.1284564, 129.0854266 35.1286070, 129.0846091 35.1288628, 129.0838567 35.1290787, 129.0823726 35.1299971, 129.0820334 35.1306376, 129.0821858 35.1310075, 129.0826066 35.1312060, 129.0838893 35.1316548, 129.0844295 35.1316825, 129.0849738 35.1317033, 129.0852192 35.1317118, 129.0852573 35.1317110, 129.0853678 35.1317044, 129.0853699 35.1316904, 129.0853753 35.1316561, 129.0856345 35.1316758, 129.0856813 35.1316820, 129.0858948 35.1317444, 129.0869218 35.1323137, 129.0880492 35.1331331)))"
21070550,대연5동,2024,16342,13293.1,44.9,8227,6495,5458,1555,"SRID=4326;MULTIPOLYGON(((129.0890904 35.1472505, 129.0906791 35.1467514, 129.0919932 35.1453437, 129.0958034 35.1406674, 129.0973909 35.1370773, 129.0975604 35.1366446, 129.0976424 35.1364353, 129.0964024 35.1357680, 129.0938417 35.1352800, 129.0933399 35.1352368, 129.0928324 35.1351932, 129.0923739 35.1351538, 129.0893387 35.1350005, 129.0892334 35.1349964, 129.0883342 35.1349619, 129.0879879 35.1349495, 129.0879755 35.1349491, 129.0870590 35.1357696, 129.0870359 35.1359898, 129.0870151 35.1361890, 129.0869876 35.1364508, 129.0869701 35.1366182, 129.0868657 35.1376187, 129.0868372 35.1380443, 129.0854062 35.1409103, 129.0827361 35.1414437, 129.0827372 35.1424799, 129.0823016 35.1437189, 129.0838401 35.1450164, 129.0838407 35.1450203, 129.0839184 35.1455396, 129.0840946 35.1476122, 129.0834400 35.1489426, 129.0834486 35.1491983, 129.0834520 35.1493016, 129.0839524 35.1492418, 129.0848889 35.1490898, 129.0857861 35.1489425, 129.0862507 35.1488338, 129.0871541 35.1486176, 129.0875248 35.1485223, 129.0890904 35.1472505)))"
21070560,대연6동,2024,15497,23225.5,42.1,6120,5491,4454,833,"SRID=4326;MULTIPOLYGON(((129.0827372 35.1424799, 129.0827361 35.1414437, 129.0854062 35.1409103, 129.0868372 35.1380443, 129.0868657 35.1376187, 129.0869701 35.1366182, 129.0869876 35.1364508, 129.0870151 35.1361890, 129.0870359 35.1359898, 129.0870590 35.1357696, 129.0879755 35.1349491, 129.0820757 35.1345793, 129.0820491 35.1345767, 129.0820200 35.1345737, 129.0816126 35.1345329, 129.0815967 35.1345297, 129.0814922 35.1345090, 129.0812810 35.1344670, 129.0810125 35.1343767, 129.0808228 35.1343128, 129.0807607 35.1342919, 129.0802641 35.1340818, 129.0794228 35.1345934, 129.0770868 35.1370440, 129.0773128 35.1383849, 129.0767605 35.1398902, 129.0764628 35.1405234, 129.0774961 35.1407260, 129.0776968 35.1408102, 129.0779392 35.1409118, 129.0781306 35.1409923, 129.0782545 35.1410445, 129.0783302 35.1410763, 129.0786174 35.1411976, 129.0786932 35.1412296, 129.0788014 35.1412752, 129.0789845 35.1413529, 129.0793539 35.1415094, 129.0793775 35.1415195, 129.0794834 35.1415646, 129.0796621 35.1416411, 129.0818238 35.1432448, 129.0819381 35.1433552, 129.0822808 35.1436859, 129.0823016 35.1437189, 129.0827372 35.1424799)))"
21070570,용호1동,2024,41242,27117.5,46.3,16424,14779,7261,2693,"SRID=4326;MULTIPOLYGON(((129.1128631 35.1350823, 129.1178043 35.1321150, 129.1176528 35.1312117, 129.1168575 35.1300078, 129.1166420 35.1297442, 129.1165565 35.1296557, 129.1162036 35.1292897, 129.1159354 35.1290106, 129.1152180 35.1282639, 129.1132644 35.1262140, 129.1130717 35.1258084, 129.1128820 35.1252960, 129.1127726 35.1250006, 129.1127647 35.1249750, 129.1124513 35.1239994, 129.1118290 35.1187977, 129.1110601 35.1163777, 129.1090019 35.1166666, 129.1033099 35.1160391, 129.1029696 35.1172614, 129.1050337 35.1208465, 129.1047570 35.1214397, 129.1044265 35.1223511, 129.1042146 35.1232265, 129.1041740 35.1236265, 129.1041475 35.1238874, 129.1041218 35.1243860, 129.1041317 35.1244683, 129.1042742 35.1250678, 129.1044892 35.1253490, 129.1036333 35.1267603, 129.1041488 35.1269195, 129.1052448 35.1273671, 129.1056076 35.1276355, 129.1056852 35.1276930, 129.1059337 35.1278787, 129.1068566 35.1300045, 129.1091601 35.1327035, 129.1128631 35.1350823)))"
21070580,용호2동,2024,18701,9154,46.1,7735,7467,2160,1121,"SRID=4326;MULTIPOLYGON(((129.1173560 35.1145280, 129.1196051 35.1147732, 129.1202779 35.1144414, 129.1201885 35.1137147, 129.1203462 35.1135645, 129.1212905 35.1128959, 129.1220764 35.1124221, 129.1266048 35.1126789, 129.1271674 35.1135435, 129.1279240 35.1122789, 129.1281168 35.1118147, 129.1281216 35.1116850, 129.1279928 35.1107973, 129.1275293 35.1100806, 129.1272085 35.1092983, 129.1272477 35.1089987, 129.1272602 35.1089987, 129.1272721 35.1089965, 129.1272834 35.1089925, 129.1272938 35.1089871, 129.1273030 35.1089800, 129.1273115 35.1089709, 129.1273158 35.1089656, 129.1273202 35.1089596, 129.1273242 35.1089538, 129.1273305 35.1089438, 129.1273348 35.1089345, 129.1273370 35.1089252, 129.1273370 35.1089163, 129.1273027 35.1087120, 129.1271924 35.1083510, 129.1271873 35.1083449, 129.1269814 35.1081362, 129.1269381 35.1080987, 129.1269316 35.1080932, 129.1267261 35.1070449, 129.1267227 35.1070379, 129.1267185 35.1070309, 129.1267137 35.1070242, 129.1265996 35.1068659, 129.1265934 35.1068578, 129.1262623 35.1065315, 129.1261396 35.1064260, 129.1256882 35.1060797, 129.1256800 35.1060742, 129.1256709 35.1060688, 129.1256615 35.1060638, 129.1256520 35.1060594, 129.1256426 35.1060559, 129.1256341 35.1060537, 129.1256261 35.1060533, 129.1256184 35.1060548, 129.1256111 35.1060576, 129.1256039 35.1060613, 129.1245601 35.1033159, 129.1238992 35.1024373, 129.1236379 35.1019904, 129.1236338 35.1019833, 129.1236312 35.1019750, 129.1236302 35.1019665, 129.1236168 35.1017520, 129.1236171 35.1017446, 129.1236182 35.1017364, 129.1236198 35.1017267, 129.1236217 35.1017167, 129.1236238 35.1017058, 129.1236263 35.1016944, 129.1236279 35.1016882, 129.1236316 35.1016766, 129.1236341 35.1016703, 129.1236367 35.1016641, 129.1236395 35.1016577, 129.1236425 35.1016515, 129.1236458 35.1016449, 129.1236496 35.1016381, 129.1236535 35.1016318, 129.1236578 35.1016257, 129.1236626 35.1016197, 129.1237667 35.1014972, 129.1237718 35.1014913, 129.1237772 35.1014852, 129.1237828 35.1014793, 129.1237886 35.1014735, 129.1237945 35.1014681, 129.1238007 35.1014626, 129.1238071 35.1014572, 129.1238134 35.1014522, 129.1238200 35.1014469, 129.1238266 35.1014418, 129.1238401 35.1014314, 129.1238473 35.1014259, 129.1238617 35.1014149, 129.1238686 35.1014097, 129.1238760 35.1014046, 129.1238834 35.1013997, 129.1238907 35.1013954, 129.1238984 35.1013912, 129.1239057 35.1013874, 129.1239130 35.1013841, 129.1239202 35.1013811, 129.1239277 35.1013784, 129.1241160 35.1013134, 129.1247648 35.1008217, 129.1247701 35.1008170, 129.1247752 35.1008121, 129.1248790 35.1007122, 129.1248844 35.1007047, 129.1248878 35.1006964, 129.1248900 35.1006901, 129.1248919 35.1006838, 129.1248935 35.1006774, 129.1248946 35.1006703, 129.1248951 35.1006633, 129.1248949 35.1006558, 129.1248940 35.1006476, 129.1248924 35.1006392, 129.1248895 35.1006307, 129.1248856 35.1006241, 129.1248807 35.1006187, 129.1246987 35.1004462, 129.1246931 35.1004418, 129.1246722 35.1004268, 129.1246642 35.1004212, 129.1246561 35.1004157, 129.1246479 35.1004104, 129.1246395 35.1004052, 129.1246311 35.1004002, 129.1246227 35.1003953, 129.1246137 35.1003905, 129.1246052 35.1003861, 129.1245967 35.1003820, 129.1245881 35.1003782, 129.1245796 35.1003747, 129.1245366 35.1003577, 129.1245275 35.1003543, 129.1244858 35.1003397, 129.1244781 35.1003371, 129.1244699 35.1003348, 129.1242309 35.0994542, 129.1242350 35.0994489, 129.1242366 35.0994423, 129.1242354 35.0994340, 129.1242330 35.0994274, 129.1242298 35.0994204, 129.1242258 35.0994128, 129.1242210 35.0994050, 129.1242157 35.0993972, 129.1242097 35.0993894, 129.1242031 35.0993819, 129.1241962 35.0993752, 129.1240983 35.0992880, 129.1240897 35.0992811, 129.1240809 35.0992751, 129.1240711 35.0992692, 129.1240613 35.0992633, 129.1240520 35.0992579, 129.1240428 35.0992528, 129.1240339 35.0992481, 129.1240247 35.0992437, 129.1240154 35.0992396, 129.1240062 35.0992360, 129.1239971 35.0992326, 129.1239883 35.0992297, 129.1239795 35.0992269, 129.1239706 35.0992242, 129.1239614 35.0992218, 129.1239516 35.0992201, 129.1238925 35.0992137, 129.1238798 35.0992126, 129.1238680 35.0992122, 129.1238568 35.0992121, 129.1238466 35.0992121, 129.1238364 35.0992123, 129.1238263 35.0992127, 129.1238165 35.0992136, 129.1238072 35.0992145, 129.1228858 35.0993231, 129.1218819 35.0995491, 129.1204525 35.0996068, 129.1192750 35.0992697, 129.1192239 35.0992508, 129.1191566 35.0992430, 129.1190646 35.0992492, 129.1190226 35.0992576, 129.1187935 35.0993425, 129.1185865 35.0994646, 129.1185315 35.0995325, 129.1185027 35.0995781, 129.1184369 35.0996819, 129.1182981 35.0998221, 129.1182645 35.0998526, 129.1181998 35.0998947, 129.1173073 35.1003287, 129.1172516 35.1003536, 129.1171369 35.1004026, 129.1171294 35.1004058, 129.1171173 35.1004061, 129.1171054 35.1004063, 129.1170940 35.1004056, 129.1170792 35.1004031, 129.1170623 35.1003962, 129.1169216 35.1002683, 129.1169039 35.1002586, 129.1168810 35.1002495, 129.1167258 35.1002121, 129.1157624 35.1001619, 129.1157488 35.1001613, 129.1157340 35.1001616, 129.1157211 35.1001621, 129.1157086 35.1001626, 129.1156964 35.1001634, 129.1156851 35.1001644, 129.1156746 35.1001656, 129.1156647 35.1001669, 129.1156549 35.1001683, 129.1156456 35.1001698, 129.1155815 35.1001802, 129.1155730 35.1001819, 129.1155342 35.1001895, 129.1155236 35.1001918, 129.1155140 35.1001948, 129.1155051 35.1001983, 129.1154965 35.1002029, 129.1154884 35.1002082, 129.1154803 35.1002143, 129.1154750 35.1002189, 129.1154678 35.1002260, 129.1153886 35.1003045, 129.1153829 35.1003104, 129.1153781 35.1003163, 129.1153693 35.1003277, 129.1153652 35.1003347, 129.1153638 35.1003422, 129.1153657 35.1003499, 129.1153689 35.1003575, 129.1153721 35.1003635, 129.1153770 35.1003701, 129.1153843 35.1003746, 129.1153918 35.1003765, 129.1154016 35.1003778, 129.1154096 35.1003787, 129.1154182 35.1003792, 129.1153106 35.1005773, 129.1150721 35.1008754, 129.1140279 35.1015741, 129.1137841 35.1021141, 129.1133762 35.1029107, 129.1133695 35.1029164, 129.1133628 35.1029202, 129.1133549 35.1029237, 129.1133458 35.1029272, 129.1132668 35.1029566, 129.1132546 35.1029611, 129.1132422 35.1029649, 129.1132293 35.1029679, 129.1132164 35.1029698, 129.1132034 35.1029708, 129.1131906 35.1029712, 129.1131779 35.1029713, 129.1129669 35.1029710, 129.1125186 35.1041013, 129.1126054 35.1059422, 129.1120915 35.1080952, 129.1114117 35.1102754, 129.1110240 35.1130848, 129.1110601 35.1163777, 129.1118015 35.1162751, 129.1132824 35.1160700, 129.1160778 35.1156674, 129.1173560 35.1145280)))"
21070590,용호3동,2024,10246,4895.7,52.7,4913,4036,3117,869,"SRID=4326;MULTIPOLYGON(((129.1216599 35.1354140, 129.1211302 35.1341826, 129.1216169 35.1316317, 129.1229436 35.1282721, 129.1227245 35.1276804, 129.1225388 35.1273759, 129.1225256 35.1273468, 129.1225236 35.1273418, 129.1224695 35.1271925, 129.1224690 35.1271898, 129.1224426 35.1269440, 129.1224425 35.1269287, 129.1224460 35.1269176, 129.1226916 35.1263987, 129.1242377 35.1236731, 129.1254860 35.1220690, 129.1263959 35.1210344, 129.1286702 35.1187063, 129.1289788 35.1181736, 129.1289791 35.1181622, 129.1279488 35.1144359, 129.1271674 35.1135435, 129.1266048 35.1126789, 129.1220764 35.1124221, 129.1212905 35.1128959, 129.1203462 35.1135645, 129.1201885 35.1137147, 129.1202779 35.1144414, 129.1196051 35.1147732, 129.1173560 35.1145280, 129.1160778 35.1156674, 129.1132824 35.1160700, 129.1118015 35.1162751, 129.1110601 35.1163777, 129.1118290 35.1187977, 129.1124513 35.1239994, 129.1127647 35.1249750, 129.1134041 35.1261852, 129.1150632 35.1278810, 129.1155071 35.1282742, 129.1170823 35.1293470, 129.1213348 35.1348030, 129.1216599 35.1354140)))"
21070600,용호4동,2024,7512,4500.3,49.8,3514,3225,2398,479,"SRID=4326;MULTIPOLYGON(((129.1072596 35.0858183, 129.1056937 35.0844135, 129.1056899 35.0844135, 129.1056852 35.0844153, 129.1055222 35.0845471, 129.1055215 35.0845515, 129.1104595 35.0889554, 129.1130125 35.0912252, 129.1132055 35.0910794, 129.1072596 35.0858183)), ((129.1090019 35.1166666, 129.1110601 35.1163777, 129.1110240 35.1130848, 129.1114117 35.1102754, 129.1120915 35.1080952, 129.1126054 35.1059422, 129.1125186 35.1041013, 129.1129669 35.1029710, 129.1123133 35.1026145, 129.1104932 35.1011454, 129.1104931 35.1011424, 129.1119535 35.0996999, 129.1134226 35.0984837, 129.1135708 35.0986032, 129.1143595 35.0981596, 129.1144926 35.0980583, 129.1145193 35.0980171, 129.1145246 35.0979370, 129.1145134 35.0978816, 129.1144897 35.0978352, 129.1126756 35.0953302, 129.1119053 35.0942813, 129.1094507 35.0915393, 129.1102115 35.0925884, 129.1139974 35.0978385, 129.1114091 35.1000006, 129.1106044 35.1006722, 129.1098685 35.1006447, 129.1022875 35.0944889, 129.1022881 35.0944871, 129.1050964 35.0919414, 129.1002746 35.0912691, 129.0996766 35.0911879, 129.0996327 35.0911835, 129.0993616 35.0913472, 129.0992036 35.0914441, 129.0994546 35.0915481, 129.0997471 35.0913850, 129.1013546 35.0916186, 129.1015167 35.0916437, 129.1027986 35.0928315, 129.1032724 35.0933842, 129.1032625 35.0934262, 129.1029443 35.0936933, 129.1021635 35.0943403, 129.1016333 35.0945410, 129.0988252 35.0953925, 129.0987588 35.0956939, 129.0986249 35.0969746, 129.0983747 35.0995161, 129.1011909 35.1020004, 129.1028517 35.1026263, 129.1038425 35.1041757, 129.1063013 35.1080300, 129.1068751 35.1096054, 129.1069198 35.1098787, 129.1061634 35.1135898, 129.1059756 35.1138171, 129.1057175 35.1139921, 129.1056278 35.1139916, 129.1051232 35.1139889, 129.1047383 35.1139734, 129.1045168 35.1139644, 129.1039297 35.1144524, 129.1033099 35.1160391, 129.1090019 35.1166666)))"
21070610,용당동,2024,8279,2255.4,47.1,3506,2855,8481,1102,"SRID=4326;MULTIPOLYGON(((129.1044892 35.1253490, 129.1042742 35.1250678, 129.1041317 35.1244683, 129.1041218 35.1243860, 129.1041475 35.1238874, 129.1041740 35.1236265, 129.1042146 35.1232265, 129.1044265 35.1223511, 129.1047570 35.1214397, 129.1050337 35.1208465, 129.1029696 35.1172614, 129.1033099 35.1160391, 129.1039297 35.1144524, 129.1045168 35.1139644, 129.1047383 35.1139734, 129.1051232 35.1139889, 129.1056278 35.1139916, 129.1057175 35.1139921, 129.1059756 35.1138171, 129.1061634 35.1135898, 129.1069198 35.1098787, 129.1068751 35.1096054, 129.1063013 35.1080300, 129.1038425 35.1041757, 129.1028517 35.1026263, 129.1011909 35.1020004, 129.0983747 35.0995161, 129.0986249 35.0969746, 129.0987588 35.0956939, 129.0988252 35.0953925, 129.0994546 35.0915481, 129.0992036 35.0914441, 129.0962123 35.0932044, 129.0957823 35.0934587, 129.0956175 35.0935575, 129.0952060 35.0938803, 129.0945671 35.0998972, 129.0942890 35.1025299, 129.0939424 35.1058367, 129.0937914 35.1073733, 129.0939363 35.1073812, 129.0938549 35.1084302, 129.0938507 35.1084843, 129.0929621 35.1092738, 129.0925246 35.1092471, 129.0903726 35.1087137, 129.0903720 35.1085506, 129.0901660 35.1085358, 129.0897059 35.1085029, 129.0889946 35.1084531, 129.0880923 35.1124014, 129.0880916 35.1125118, 129.0880915 35.1128738, 129.0880915 35.1130079, 129.0880973 35.1134377, 129.0882103 35.1167251, 129.0885661 35.1180901, 129.0907110 35.1200224, 129.0911631 35.1219593, 129.0913182 35.1223499, 129.0914701 35.1227321, 129.0918928 35.1236614, 129.0925243 35.1242453, 129.0927268 35.1244282, 129.0942410 35.1250286, 129.0943378 35.1250537, 129.0947116 35.1251476, 129.0949646 35.1251348, 129.0952828 35.1250858, 129.0954175 35.1250583, 129.0955287 35.1250323, 129.0960549 35.1249273, 129.0970747 35.1247708, 129.0973127 35.1247508, 129.0978690 35.1247745, 129.0984654 35.1248314, 129.0985279 35.1248678, 129.1036333 35.1267603, 129.1044892 35.1253490)))"
21070620,감만1동,2024,7794,2501.9,49.1,3471,3160,5294,532,"SRID=4326;MULTIPOLYGON(((129.0762699 35.1208975, 129.0788270 35.1210174, 129.0793288 35.1200198, 129.0836750 35.1189311, 129.0864428 35.1190246, 129.0885661 35.1180901, 129.0882103 35.1167251, 129.0880973 35.1134377, 129.0880915 35.1130079, 129.0880915 35.1128738, 129.0880916 35.1125118, 129.0880923 35.1124014, 129.0889946 35.1084531, 129.0897059 35.1085029, 129.0901660 35.1085358, 129.0903720 35.1085506, 129.0903543 35.1036179, 129.0875844 35.1036181, 129.0860265 35.1036182, 129.0751583 35.1036227, 129.0749928 35.1036243, 129.0660332 35.1087532, 129.0655125 35.1091469, 129.0670764 35.1083407, 129.0673840 35.1081893, 129.0695078 35.1109695, 129.0689247 35.1115047, 129.0684946 35.1117107, 129.0684516 35.1119970, 129.0684080 35.1124476, 129.0695327 35.1140039, 129.0711552 35.1152666, 129.0723640 35.1159240, 129.0726290 35.1160196, 129.0732411 35.1164083, 129.0737954 35.1167671, 129.0732852 35.1181473, 129.0722472 35.1187858, 129.0716867 35.1181664, 129.0710232 35.1174274, 129.0709939 35.1174161, 129.0703206 35.1178245, 129.0695371 35.1183085, 129.0725194 35.1216055, 129.0730356 35.1221728, 129.0762699 35.1208975)))"
21070630,감만2동,2024,6238,12226.7,54.5,3003,2524,1309,439,"SRID=4326;MULTIPOLYGON(((129.0847865 35.1254602, 129.0856528 35.1252614, 129.0857342 35.1252696, 129.0866583 35.1251609, 129.0866770 35.1251583, 129.0870604 35.1250790, 129.0871360 35.1250455, 129.0871410 35.1250433, 129.0873300 35.1248828, 129.0879639 35.1242172, 129.0903712 35.1207057, 129.0907110 35.1200224, 129.0885661 35.1180901, 129.0864428 35.1190246, 129.0836750 35.1189311, 129.0793288 35.1200198, 129.0788270 35.1210174, 129.0808561 35.1217376, 129.0811754 35.1227659, 129.0813245 35.1236242, 129.0812383 35.1237093, 129.0812204 35.1237240, 129.0812718 35.1240761, 129.0816690 35.1247370, 129.0826661 35.1255144, 129.0827121 35.1255320, 129.0829065 35.1256063, 129.0845618 35.1260595, 129.0847865 35.1254602)))"
21070660,문현1동,2024,10304,9740,49.4,4453,4051,1945,688,"SRID=4326;MULTIPOLYGON(((129.0786784 35.1505358, 129.0834400 35.1489426, 129.0840946 35.1476122, 129.0839184 35.1455396, 129.0838407 35.1450203, 129.0838401 35.1450164, 129.0823016 35.1437189, 129.0822808 35.1436859, 129.0819381 35.1433552, 129.0818238 35.1432448, 129.0796621 35.1416411, 129.0794834 35.1415646, 129.0793775 35.1415195, 129.0793539 35.1415094, 129.0789845 35.1413529, 129.0788014 35.1412752, 129.0786932 35.1412296, 129.0786174 35.1411976, 129.0783302 35.1410763, 129.0782545 35.1410445, 129.0781306 35.1409923, 129.0779392 35.1409118, 129.0776968 35.1408102, 129.0774961 35.1407260, 129.0764628 35.1405234, 129.0762748 35.1431575, 129.0762751 35.1431670, 129.0762770 35.1432248, 129.0762801 35.1433384, 129.0762672 35.1433473, 129.0762148 35.1433836, 129.0761697 35.1434148, 129.0760629 35.1434191, 129.0758367 35.1434150, 129.0756018 35.1433964, 129.0753950 35.1433692, 129.0751998 35.1433406, 129.0751040 35.1433132, 129.0720831 35.1423934, 129.0708766 35.1415797, 129.0705381 35.1412966, 129.0681362 35.1399695, 129.0681121 35.1399655, 129.0678966 35.1399296, 129.0670141 35.1397881, 129.0670131 35.1397912, 129.0670116 35.1397962, 129.0670098 35.1398023, 129.0671037 35.1402628, 129.0680135 35.1420464, 129.0684084 35.1426333, 129.0684196 35.1426333, 129.0689223 35.1426314, 129.0700302 35.1431185, 129.0707075 35.1446921, 129.0708746 35.1451824, 129.0707831 35.1476981, 129.0707314 35.1481712, 129.0709124 35.1483830, 129.0709799 35.1484613, 129.0715340 35.1490866, 129.0717765 35.1491976, 129.0719821 35.1492891, 129.0725271 35.1495289, 129.0729028 35.1496889, 129.0731013 35.1497735, 129.0741381 35.1502088, 129.0750525 35.1505659, 129.0756436 35.1505807, 129.0786662 35.1505449, 129.0786784 35.1505358)))"
21070670,문현2동,2024,8071,14187.7,47.7,4530,2630,9404,1125,"SRID=4326;MULTIPOLYGON(((129.0667878 35.1477570, 129.0707314 35.1481712, 129.0707831 35.1476981, 129.0708746 35.1451824, 129.0707075 35.1446921, 129.0700302 35.1431185, 129.0689223 35.1426314, 129.0684196 35.1426333, 129.0684084 35.1426333, 129.0680135 35.1420464, 129.0671037 35.1402628, 129.0670098 35.1398023, 129.0670116 35.1397962, 129.0670131 35.1397912, 129.0670141 35.1397881, 129.0681031 35.1369246, 129.0679167 35.1369295, 129.0660883 35.1369777, 129.0645390 35.1414154, 129.0635226 35.1428333, 129.0634540 35.1429501, 129.0633547 35.1431529, 129.0633310 35.1432222, 129.0632788 35.1433747, 129.0632488 35.1435256, 129.0632392 35.1436381, 129.0631678 35.1476743, 129.0630111 35.1487050, 129.0632739 35.1488005, 129.0667878 35.1477570)))"
21070680,문현3동,2024,15726,25496.7,46.3,6691,6057,2675,1069,"SRID=4326;MULTIPOLYGON(((129.0762748 35.1431575, 129.0764628 35.1405234, 129.0767605 35.1398902, 129.0773128 35.1383849, 129.0770868 35.1370440, 129.0794228 35.1345934, 129.0802641 35.1340818, 129.0789514 35.1336938, 129.0759833 35.1347444, 129.0735333 35.1360129, 129.0732407 35.1361579, 129.0731094 35.1362230, 129.0727050 35.1364236, 129.0722193 35.1366462, 129.0720909 35.1367024, 129.0717687 35.1368435, 129.0717682 35.1368436, 129.0681031 35.1369246, 129.0670141 35.1397881, 129.0678966 35.1399296, 129.0681121 35.1399655, 129.0681362 35.1399695, 129.0705381 35.1412966, 129.0708766 35.1415797, 129.0720831 35.1423934, 129.0751040 35.1433132, 129.0751998 35.1433406, 129.0753950 35.1433692, 129.0756018 35.1433964, 129.0758367 35.1434150, 129.0760629 35.1434191, 129.0761697 35.1434148, 129.0762148 35.1433836, 129.0762672 35.1433473, 129.0762801 35.1433384, 129.0762770 35.1432248, 129.0762751 35.1431670, 129.0762748 35.1431575)))"
21070690,문현4동,2024,8444,11061.4,50.6,3956,3550,4906,1125,"SRID=4326;MULTIPOLYGON(((129.0679167 35.1369295, 129.0681031 35.1369246, 129.0717682 35.1368436, 129.0717687 35.1368435, 129.0720909 35.1367024, 129.0722193 35.1366462, 129.0727050 35.1364236, 129.0731094 35.1362230, 129.0732407 35.1361579, 129.0735333 35.1360129, 129.0759833 35.1347444, 129.0789514 35.1336938, 129.0761865 35.1299095, 129.0729512 35.1316913, 129.0728813 35.1319645, 129.0719707 35.1316828, 129.0712778 35.1313191, 129.0696917 35.1303965, 129.0696681 35.1303773, 129.0695426 35.1300319, 129.0674487 35.1282085, 129.0659487 35.1282301, 129.0655389 35.1289993, 129.0659340 35.1303261, 129.0661179 35.1303355, 129.0657435 35.1337217, 129.0656364 35.1346909, 129.0656340 35.1358247, 129.0660883 35.1369777, 129.0679167 35.1369295)))"
21070700,대연1동,2024,17573,20548.2,43.5,9001,7714,6391,1477,"SRID=4326;MULTIPOLYGON(((129.0965126 35.1356339, 129.0972452 35.1352355, 129.0975300 35.1350354, 129.0975993 35.1349785, 129.0976662 35.1349198, 129.0977847 35.1347829, 129.0981898 35.1342423, 129.0982226 35.1341732, 129.0982222 35.1341292, 129.0982206 35.1339462, 129.0982180 35.1337825, 129.0982068 35.1330609, 129.0982022 35.1327615, 129.0982020 35.1327485, 129.0981485 35.1301007, 129.0972032 35.1300981, 129.0892769 35.1301898, 129.0892736 35.1301949, 129.0891810 35.1303339, 129.0883915 35.1315197, 129.0883687 35.1315540, 129.0880492 35.1331331, 129.0869218 35.1323137, 129.0858948 35.1317444, 129.0856813 35.1316820, 129.0856345 35.1316758, 129.0853753 35.1316561, 129.0853699 35.1316904, 129.0853678 35.1317044, 129.0852573 35.1317110, 129.0852192 35.1317118, 129.0849738 35.1317033, 129.0844295 35.1316825, 129.0838893 35.1316548, 129.0826066 35.1312060, 129.0821858 35.1310075, 129.0820334 35.1306376, 129.0811062 35.1308583, 129.0797774 35.1302046, 129.0797457 35.1301828, 129.0793338 35.1298998, 129.0789662 35.1296437, 129.0789448 35.1296305, 129.0786843 35.1295143, 129.0777553 35.1295231, 129.0770873 35.1296263, 129.0761865 35.1299095, 129.0789514 35.1336938, 129.0802641 35.1340818, 129.0807607 35.1342919, 129.0808228 35.1343128, 129.0810125 35.1343767, 129.0812810 35.1344670, 129.0814922 35.1345090, 129.0815967 35.1345297, 129.0816126 35.1345329, 129.0820200 35.1345737, 129.0820491 35.1345767, 129.0820757 35.1345793, 129.0879755 35.1349491, 129.0879879 35.1349495, 129.0883342 35.1349619, 129.0892334 35.1349964, 129.0893387 35.1350005, 129.0923739 35.1351538, 129.0928324 35.1351932, 129.0933399 35.1352368, 129.0938417 35.1352800, 129.0964024 35.1357680, 129.0965126 35.1356339)))"
21070710,우암동,2024,11615,8122.6,52.7,5175,4814,2308,720,"SRID=4326;MULTIPOLYGON(((129.0729512 35.1316913, 129.0761865 35.1299095, 129.0770873 35.1296263, 129.0777553 35.1295231, 129.0786843 35.1295143, 129.0789448 35.1296305, 129.0789662 35.1296437, 129.0793338 35.1298998, 129.0797457 35.1301828, 129.0797774 35.1302046, 129.0811062 35.1308583, 129.0820334 35.1306376, 129.0823726 35.1299971, 129.0838567 35.1290787, 129.0846091 35.1288628, 129.0854266 35.1286070, 129.0855848 35.1284564, 129.0858173 35.1281444, 129.0859423 35.1277710, 129.0860127 35.1275608, 129.0862359 35.1265280, 129.0856528 35.1252614, 129.0847865 35.1254602, 129.0845618 35.1260595, 129.0829065 35.1256063, 129.0827121 35.1255320, 129.0826661 35.1255144, 129.0816690 35.1247370, 129.0812718 35.1240761, 129.0812204 35.1237240, 129.0812383 35.1237093, 129.0813245 35.1236242, 129.0811754 35.1227659, 129.0808561 35.1217376, 129.0788270 35.1210174, 129.0762699 35.1208975, 129.0730356 35.1221728, 129.0730379 35.1221754, 129.0730437 35.1221817, 129.0708424 35.1228700, 129.0699745 35.1231346, 129.0696363 35.1227650, 129.0689833 35.1220429, 129.0686710 35.1216914, 129.0670853 35.1222604, 129.0653332 35.1228894, 129.0661525 35.1264515, 129.0659487 35.1282301, 129.0674487 35.1282085, 129.0695426 35.1300319, 129.0696681 35.1303773, 129.0696917 35.1303965, 129.0712778 35.1313191, 129.0719707 35.1316828, 129.0728813 35.1319645, 129.0729512 35.1316913)))"
21080510,구포1동,2024,14860,12945.8,48.9,7322,5295,5296,1888,"SRID=4326;MULTIPOLYGON(((129.0034118 35.2098604, 129.0037669 35.2098497, 129.0073964 35.2090784, 129.0093526 35.2074651, 129.0105467 35.2063385, 129.0108796 35.2055342, 129.0116492 35.2049517, 129.0121070 35.2047333, 129.0137771 35.2046650, 129.0143225 35.2048414, 129.0148668 35.2040833, 129.0167919 35.2032088, 129.0173191 35.2031241, 129.0182897 35.2035131, 129.0195979 35.2033759, 129.0203150 35.2033007, 129.0208190 35.2032478, 129.0222600 35.1991261, 129.0191778 35.1998136, 129.0131779 35.2009835, 129.0128451 35.2010646, 129.0117682 35.2013819, 129.0110273 35.2017062, 129.0074886 35.2036082, 129.0076956 35.2038443, 129.0077683 35.2039031, 129.0078282 35.2039778, 129.0078777 35.2040556, 129.0078496 35.2041017, 129.0076821 35.2040632, 129.0063684 35.2037611, 129.0058495 35.2032523, 129.0056879 35.2030581, 129.0056547 35.2030183, 129.0053824 35.2027079, 129.0053605 35.2026957, 129.0052878 35.2026551, 129.0045775 35.2024437, 129.0041363 35.2023137, 129.0035984 35.2021740, 129.0030112 35.2023843, 129.0020639 35.2032747, 129.0012279 35.2045120, 129.0012529 35.2045380, 129.0012523 35.2045416, 129.0012512 35.2045483, 129.0012479 35.2045673, 129.0012464 35.2045755, 129.0011301 35.2052374, 129.0010966 35.2054278, 129.0010924 35.2054476, 129.0009262 35.2062248, 128.9964134 35.2062005, 128.9960805 35.2059132, 128.9953773 35.2064947, 128.9973984 35.2086730, 128.9979236 35.2092391, 129.0003235 35.2117096, 129.0006340 35.2115607, 129.0016721 35.2110456, 129.0018234 35.2109696, 129.0020532 35.2108389, 129.0034118 35.2098604)))"
21080520,구포2동,2024,22871,13471.7,48.9,10699,8486,7161,1899,"SRID=4326;MULTIPOLYGON(((128.9960805 35.2059132, 128.9964134 35.2062005, 129.0009262 35.2062248, 129.0010924 35.2054476, 129.0010966 35.2054278, 129.0011301 35.2052374, 129.0012464 35.2045755, 129.0012479 35.2045673, 129.0012512 35.2045483, 129.0012523 35.2045416, 129.0012529 35.2045380, 129.0012279 35.2045120, 129.0020639 35.2032747, 129.0030112 35.2023843, 129.0035984 35.2021740, 129.0041313 35.2017929, 129.0045002 35.2013232, 129.0045766 35.2012177, 129.0046325 35.2011404, 129.0049053 35.2006284, 129.0051788 35.1991744, 129.0049856 35.1984394, 129.0035065 35.1960146, 129.0020101 35.1940477, 129.0010016 35.1927408, 129.0002827 35.1918651, 128.9986935 35.1927399, 128.9946501 35.1949280, 128.9938153 35.1953329, 128.9911154 35.1938443, 128.9878886 35.1959030, 128.9886214 35.1979859, 128.9891213 35.2001196, 128.9890997 35.2002050, 128.9888626 35.2006292, 128.9877368 35.2014609, 128.9911900 35.2044158, 128.9953773 35.2064947, 128.9960805 35.2059132)))"
21080530,구포3동,2024,18938,6992,47.9,8308,6284,3894,1077,"SRID=4326;MULTIPOLYGON(((129.0076956 35.2038443, 129.0074886 35.2036082, 129.0110273 35.2017062, 129.0117682 35.2013819, 129.0128451 35.2010646, 129.0131779 35.2009835, 129.0191778 35.1998136, 129.0222600 35.1991261, 129.0238219 35.1971329, 129.0249831 35.1959559, 129.0255408 35.1940643, 129.0256822 35.1935853, 129.0258574 35.1929918, 129.0255615 35.1917370, 129.0225804 35.1887639, 129.0220407 35.1882522, 129.0217765 35.1880219, 129.0215348 35.1878176, 129.0211568 35.1875303, 129.0210851 35.1874759, 129.0210684 35.1874701, 129.0208777 35.1876294, 129.0196911 35.1880226, 129.0171997 35.1888372, 129.0141694 35.1888950, 129.0114027 35.1889118, 129.0104916 35.1885761, 129.0100196 35.1883541, 129.0079049 35.1881196, 129.0071467 35.1886496, 129.0070710 35.1887343, 129.0063277 35.1895660, 129.0040725 35.1903376, 129.0004369 35.1902008, 129.0002827 35.1918651, 129.0010016 35.1927408, 129.0020101 35.1940477, 129.0035065 35.1960146, 129.0049856 35.1984394, 129.0051788 35.1991744, 129.0049053 35.2006284, 129.0046325 35.2011404, 129.0045766 35.2012177, 129.0045002 35.2013232, 129.0041313 35.2017929, 129.0035984 35.2021740, 129.0041363 35.2023137, 129.0045775 35.2024437, 129.0052878 35.2026551, 129.0053605 35.2026957, 129.0053824 35.2027079, 129.0056547 35.2030183, 129.0056879 35.2030581, 129.0058495 35.2032523, 129.0063684 35.2037611, 129.0076821 35.2040632, 129.0078496 35.2041017, 129.0078777 35.2040556, 129.0078282 35.2039778, 129.0077683 35.2039031, 129.0076956 35.2038443)))"
21080540,금곡동,2024,34240,4249.1,50.9,16832,16489,6956,1640,"SRID=4326;MULTIPOLYGON(((129.0368939 35.2753573, 129.0387305 35.2753623, 129.0393426 35.2752044, 129.0409087 35.2748004, 129.0424066 35.2746650, 129.0425875 35.2746494, 129.0439870 35.2745292, 129.0445979 35.2745035, 129.0461257 35.2747221, 129.0465573 35.2747765, 129.0469161 35.2746089, 129.0472428 35.2743872, 129.0474985 35.2742136, 129.0465257 35.2728110, 129.0448300 35.2707121, 129.0440875 35.2700195, 129.0435559 35.2694298, 129.0429441 35.2686679, 129.0428021 35.2682131, 129.0425701 35.2665482, 129.0425975 35.2660308, 129.0427157 35.2655979, 129.0424585 35.2642972, 129.0423655 35.2639526, 129.0419582 35.2634585, 129.0417898 35.2633386, 129.0400083 35.2627678, 129.0388691 35.2625634, 129.0378629 35.2623559, 129.0370005 35.2614916, 129.0366396 35.2608519, 129.0366235 35.2608196, 129.0365654 35.2607034, 129.0365579 35.2604919, 129.0365916 35.2604585, 129.0362992 35.2598370, 129.0355292 35.2586017, 129.0350200 35.2581141, 129.0341793 35.2574837, 129.0330185 35.2566164, 129.0277839 35.2536710, 129.0267190 35.2536739, 129.0253289 35.2528877, 129.0221948 35.2502345, 129.0200655 35.2482520, 129.0194647 35.2476956, 129.0166311 35.2457626, 129.0155586 35.2452900, 129.0155549 35.2457529, 129.0149272 35.2461965, 129.0147839 35.2462527, 129.0131635 35.2467499, 129.0129256 35.2467500, 129.0127583 35.2466278, 129.0127208 35.2466000, 129.0127205 35.2465926, 129.0127178 35.2465219, 129.0127130 35.2463927, 129.0127013 35.2460777, 129.0126714 35.2452156, 129.0126802 35.2451377, 129.0126881 35.2450755, 129.0126965 35.2450306, 129.0126982 35.2450213, 129.0127032 35.2449948, 129.0127271 35.2449119, 129.0131290 35.2435259, 129.0136368 35.2417630, 129.0138972 35.2408578, 129.0139137 35.2407814, 129.0139185 35.2407591, 129.0139280 35.2407146, 129.0139366 35.2406595, 129.0139533 35.2405339, 129.0139701 35.2403635, 129.0139701 35.2403624, 129.0139691 35.2402759, 129.0139682 35.2402386, 129.0139630 35.2401348, 129.0139593 35.2400783, 129.0139568 35.2400408, 129.0139534 35.2399894, 129.0054978 35.2425589, 129.0058164 35.2443124, 129.0017685 35.2443297, 129.0029449 35.2466421, 129.0067777 35.2538473, 129.0116234 35.2633193, 129.0116639 35.2634023, 129.0125699 35.2653714, 129.0130961 35.2665309, 129.0135644 35.2675952, 129.0140318 35.2686839, 129.0148178 35.2705297, 129.0141392 35.2721896, 129.0134843 35.2737586, 129.0154431 35.2747025, 129.0167252 35.2753197, 129.0167975 35.2753453, 129.0169025 35.2753824, 129.0170432 35.2754322, 129.0171205 35.2754595, 129.0215097 35.2761034, 129.0235245 35.2763240, 129.0273126 35.2767366, 129.0276048 35.2767612, 129.0295354 35.2768869, 129.0302152 35.2768946, 129.0306829 35.2768780, 129.0348375 35.2762628, 129.0368939 35.2753573)))"
21080550,화명1동,2024,38138,7653.2,42.7,13932,13877,3776,1455,"SRID=4326;MULTIPOLYGON(((129.0496756 35.2425574, 129.0498492 35.2424943, 129.0498722 35.2424402, 129.0503787 35.2412478, 129.0499652 35.2400165, 129.0494045 35.2393705, 129.0479250 35.2387205, 129.0478102 35.2385772, 129.0472647 35.2378966, 129.0471623 35.2374550, 129.0471585 35.2374388, 129.0465881 35.2349788, 129.0455944 35.2341356, 129.0440442 35.2327687, 129.0443163 35.2306895, 129.0449577 35.2303186, 129.0449625 35.2302698, 129.0444686 35.2295020, 129.0434740 35.2279696, 129.0416039 35.2268348, 129.0365294 35.2263374, 129.0354088 35.2264121, 129.0342218 35.2270409, 129.0335778 35.2272687, 129.0255062 35.2264900, 129.0248338 35.2254413, 129.0244193 35.2249048, 129.0239786 35.2243463, 129.0213168 35.2239931, 129.0210907 35.2240181, 129.0208377 35.2240461, 129.0208136 35.2240488, 129.0199710 35.2240331, 129.0195112 35.2239224, 129.0172685 35.2221692, 129.0116234 35.2190143, 129.0109243 35.2178517, 129.0099312 35.2175926, 129.0093505 35.2174512, 129.0091014 35.2182731, 129.0090663 35.2183917, 129.0089741 35.2187031, 129.0085982 35.2199733, 129.0085238 35.2202245, 129.0085129 35.2206099, 129.0084970 35.2211687, 129.0085473 35.2221843, 129.0089025 35.2230761, 129.0091083 35.2238186, 129.0087041 35.2254047, 129.0101312 35.2269361, 129.0116558 35.2282409, 129.0119070 35.2282307, 129.0120137 35.2282263, 129.0120538 35.2282820, 129.0121120 35.2283627, 129.0121899 35.2284847, 129.0122285 35.2285558, 129.0122605 35.2286231, 129.0122937 35.2287077, 129.0123231 35.2287959, 129.0127428 35.2303458, 129.0129923 35.2313126, 129.0133863 35.2333321, 129.0134304 35.2335591, 129.0135630 35.2342708, 129.0147067 35.2349454, 129.0172117 35.2366908, 129.0185901 35.2367292, 129.0230482 35.2354499, 129.0231508 35.2353157, 129.0232890 35.2351388, 129.0233815 35.2350560, 129.0243097 35.2343291, 129.0243395 35.2343157, 129.0258006 35.2337526, 129.0258205 35.2337556, 129.0258268 35.2337570, 129.0258577 35.2337642, 129.0258839 35.2337891, 129.0258953 35.2338000, 129.0263291 35.2345128, 129.0276664 35.2367540, 129.0276585 35.2367587, 129.0276452 35.2367662, 129.0275694 35.2368090, 129.0260812 35.2373784, 129.0267667 35.2395058, 129.0304144 35.2403407, 129.0333474 35.2411187, 129.0352075 35.2418036, 129.0384082 35.2425778, 129.0402274 35.2422747, 129.0410379 35.2421267, 129.0417728 35.2400669, 129.0420229 35.2400759, 129.0431689 35.2401175, 129.0442746 35.2418183, 129.0476218 35.2421843, 129.0496756 35.2425574)))"
21080560,덕천1동,2024,13364,9139.1,49,6824,5945,4882,1051,"SRID=4326;MULTIPOLYGON(((129.0257571 35.2244855, 129.0253377 35.2230576, 129.0245285 35.2212527, 129.0239606 35.2209281, 129.0236318 35.2207652, 129.0233484 35.2189085, 129.0245858 35.2161048, 129.0242403 35.2133448, 129.0235117 35.2121215, 129.0234839 35.2121209, 129.0231648 35.2121139, 129.0226335 35.2121023, 129.0204621 35.2120547, 129.0202846 35.2120508, 129.0202003 35.2120490, 129.0193332 35.2120179, 129.0176594 35.2119580, 129.0176440 35.2119574, 129.0176375 35.2119558, 129.0172810 35.2118666, 129.0124800 35.2106655, 129.0117379 35.2104758, 129.0109365 35.2102708, 129.0105448 35.2119587, 129.0104389 35.2124110, 129.0099176 35.2136493, 129.0095509 35.2144160, 129.0094308 35.2147811, 129.0093666 35.2149765, 129.0093606 35.2149948, 129.0093268 35.2150979, 129.0093969 35.2151788, 129.0094257 35.2152119, 129.0112210 35.2157962, 129.0113742 35.2158116, 129.0116866 35.2157756, 129.0120068 35.2157430, 129.0115805 35.2168582, 129.0110983 35.2176741, 129.0109243 35.2178517, 129.0116234 35.2190143, 129.0172685 35.2221692, 129.0195112 35.2239224, 129.0199710 35.2240331, 129.0208136 35.2240488, 129.0208377 35.2240461, 129.0210907 35.2240181, 129.0213168 35.2239931, 129.0239786 35.2243463, 129.0244193 35.2249048, 129.0248338 35.2254413, 129.0257571 35.2244855)))"
21080570,덕천2동,2024,10805,4396,51.3,5963,4537,9282,2080,"SRID=4326;MULTIPOLYGON(((129.0006338 35.2272661, 129.0011370 35.2256179, 129.0032106 35.2260839, 129.0032911 35.2261033, 129.0053189 35.2256793, 129.0054012 35.2256621, 129.0057364 35.2254144, 129.0057919 35.2253668, 129.0048465 35.2200552, 129.0043962 35.2175340, 129.0071152 35.2201554, 129.0081614 35.2215938, 129.0085473 35.2221843, 129.0084970 35.2211687, 129.0085129 35.2206099, 129.0085238 35.2202245, 129.0085982 35.2199733, 129.0089741 35.2187031, 129.0090663 35.2183917, 129.0091014 35.2182731, 129.0093505 35.2174512, 129.0099312 35.2175926, 129.0109243 35.2178517, 129.0110983 35.2176741, 129.0115805 35.2168582, 129.0120068 35.2157430, 129.0116866 35.2157756, 129.0113742 35.2158116, 129.0112210 35.2157962, 129.0094257 35.2152119, 129.0093969 35.2151788, 129.0093268 35.2150979, 129.0093606 35.2149948, 129.0093666 35.2149765, 129.0094308 35.2147811, 129.0095509 35.2144160, 129.0099176 35.2136493, 129.0104389 35.2124110, 129.0105448 35.2119587, 129.0109365 35.2102708, 129.0113151 35.2092392, 129.0115011 35.2087325, 129.0115293 35.2086577, 129.0115331 35.2086477, 129.0138131 35.2054054, 129.0143225 35.2048414, 129.0137771 35.2046650, 129.0121070 35.2047333, 129.0116492 35.2049517, 129.0108796 35.2055342, 129.0105467 35.2063385, 129.0093526 35.2074651, 129.0073964 35.2090784, 129.0037669 35.2098497, 129.0034118 35.2098604, 129.0020532 35.2108389, 129.0018234 35.2109696, 129.0016721 35.2110456, 129.0006340 35.2115607, 129.0003235 35.2117096, 128.9979236 35.2092391, 128.9973984 35.2086730, 128.9953773 35.2064947, 128.9911900 35.2044158, 128.9922270 35.2056334, 128.9925665 35.2060331, 128.9931736 35.2067477, 128.9938762 35.2081078, 128.9945649 35.2100448, 128.9946180 35.2102217, 128.9952603 35.2123635, 128.9953596 35.2126945, 128.9953675 35.2127277, 128.9954109 35.2129094, 128.9954552 35.2131479, 128.9954778 35.2132703, 128.9954919 35.2133461, 128.9969059 35.2225794, 128.9974534 35.2263979, 128.9976103 35.2282505, 128.9979554 35.2308714, 128.9982244 35.2329142, 129.0006338 35.2272661)))"
21080580,덕천3동,2024,9570,11906.3,51.6,5082,4366,1234,381,"SRID=4326;MULTIPOLYGON(((129.0234290 35.2112551, 129.0229300 35.2111969, 129.0228881 35.2111046, 129.0228622 35.2110381, 129.0222902 35.2084722, 129.0230937 35.2084855, 129.0233124 35.2078367, 129.0239106 35.2057047, 129.0227748 35.2043510, 129.0208190 35.2032478, 129.0203150 35.2033007, 129.0195979 35.2033759, 129.0182897 35.2035131, 129.0173191 35.2031241, 129.0167919 35.2032088, 129.0148668 35.2040833, 129.0143225 35.2048414, 129.0138131 35.2054054, 129.0115331 35.2086477, 129.0115293 35.2086577, 129.0115011 35.2087325, 129.0113151 35.2092392, 129.0109365 35.2102708, 129.0117379 35.2104758, 129.0124800 35.2106655, 129.0172810 35.2118666, 129.0176375 35.2119558, 129.0176440 35.2119574, 129.0176594 35.2119580, 129.0193332 35.2120179, 129.0202003 35.2120490, 129.0202846 35.2120508, 129.0204621 35.2120547, 129.0226335 35.2121023, 129.0231648 35.2121139, 129.0234839 35.2121209, 129.0235117 35.2121215, 129.0234290 35.2112551)))"
21080590,만덕1동,2024,15780,3207,45.2,6739,6563,2254,770,"SRID=4326;MULTIPOLYGON(((129.0452906 35.2304766, 129.0463130 35.2303663, 129.0471602 35.2301309, 129.0474270 35.2299076, 129.0475618 35.2296125, 129.0478471 35.2292330, 129.0489333 35.2286491, 129.0492576 35.2285858, 129.0521645 35.2280900, 129.0537533 35.2280478, 129.0566032 35.2280470, 129.0568988 35.2280610, 129.0604668 35.2298218, 129.0617743 35.2258458, 129.0588958 35.2247825, 129.0584220 35.2236461, 129.0580928 35.2228298, 129.0580394 35.2226725, 129.0576314 35.2219272, 129.0567862 35.2202615, 129.0564456 35.2187713, 129.0558308 35.2177121, 129.0528225 35.2145442, 129.0519914 35.2136710, 129.0513412 35.2130949, 129.0512712 35.2113996, 129.0513279 35.2109841, 129.0513081 35.2109780, 129.0510030 35.2108838, 129.0509253 35.2108841, 129.0483306 35.2113323, 129.0478301 35.2114324, 129.0461734 35.2118026, 129.0445724 35.2124447, 129.0444102 35.2125730, 129.0439927 35.2126929, 129.0430077 35.2129460, 129.0423267 35.2130792, 129.0412972 35.2130525, 129.0380720 35.2127409, 129.0359386 35.2130419, 129.0347037 35.2131705, 129.0340538 35.2132382, 129.0339715 35.2132377, 129.0330202 35.2132314, 129.0322176 35.2131346, 129.0320841 35.2131086, 129.0313270 35.2129608, 129.0312001 35.2129360, 129.0264583 35.2133360, 129.0242403 35.2133448, 129.0245858 35.2161048, 129.0233484 35.2189085, 129.0236318 35.2207652, 129.0239606 35.2209281, 129.0245285 35.2212527, 129.0253377 35.2230576, 129.0257571 35.2244855, 129.0248338 35.2254413, 129.0255062 35.2264900, 129.0335778 35.2272687, 129.0342218 35.2270409, 129.0354088 35.2264121, 129.0365294 35.2263374, 129.0416039 35.2268348, 129.0434740 35.2279696, 129.0444686 35.2295020, 129.0449625 35.2302698, 129.0449577 35.2303186, 129.0452906 35.2304766)))"
21080600,만덕2동,2024,25767,10490.7,46.2,10471,9513,4192,1514,"SRID=4326;MULTIPOLYGON(((129.0380720 35.2127409, 129.0412972 35.2130525, 129.0423267 35.2130792, 129.0430077 35.2129460, 129.0439927 35.2126929, 129.0444102 35.2125730, 129.0445724 35.2124447, 129.0461734 35.2118026, 129.0478301 35.2114324, 129.0483306 35.2113323, 129.0509253 35.2108841, 129.0510030 35.2108838, 129.0513081 35.2109780, 129.0513279 35.2109841, 129.0508063 35.2082777, 129.0506216 35.2077133, 129.0505129 35.2074265, 129.0504274 35.2072007, 129.0500090 35.2066083, 129.0468227 35.2038007, 129.0442196 35.2017274, 129.0441263 35.1994415, 129.0402752 35.1993989, 129.0398410 35.2000800, 129.0363236 35.1991468, 129.0342301 35.1980871, 129.0328104 35.1973619, 129.0316835 35.1965230, 129.0304593 35.1963180, 129.0290340 35.2016667, 129.0289453 35.2020252, 129.0288047 35.2025938, 129.0310585 35.2064282, 129.0328991 35.2109323, 129.0329031 35.2109461, 129.0329546 35.2111192, 129.0332511 35.2121179, 129.0333616 35.2124902, 129.0333618 35.2124910, 129.0312001 35.2129360, 129.0313270 35.2129608, 129.0320841 35.2131086, 129.0322176 35.2131346, 129.0330202 35.2132314, 129.0339715 35.2132377, 129.0340538 35.2132382, 129.0347037 35.2131705, 129.0359386 35.2130419, 129.0380720 35.2127409)))"
21080610,만덕3동,2024,17066,11752.7,49.2,7051,6666,2068,835,"SRID=4326;MULTIPOLYGON(((129.0264583 35.2133360, 129.0312001 35.2129360, 129.0333618 35.2124910, 129.0333616 35.2124902, 129.0332511 35.2121179, 129.0329546 35.2111192, 129.0329031 35.2109461, 129.0328991 35.2109323, 129.0310585 35.2064282, 129.0288047 35.2025938, 129.0289453 35.2020252, 129.0290340 35.2016667, 129.0304593 35.1963180, 129.0287965 35.1943634, 129.0287577 35.1943511, 129.0255408 35.1940643, 129.0249831 35.1959559, 129.0238219 35.1971329, 129.0222600 35.1991261, 129.0208190 35.2032478, 129.0227748 35.2043510, 129.0239106 35.2057047, 129.0233124 35.2078367, 129.0230937 35.2084855, 129.0222902 35.2084722, 129.0228622 35.2110381, 129.0228881 35.2111046, 129.0229300 35.2111969, 129.0234290 35.2112551, 129.0235117 35.2121215, 129.0242403 35.2133448, 129.0264583 35.2133360)))"
21080620,화명2동,2024,16550,3256.5,45.8,6873,6532,2655,879,"SRID=4326;MULTIPOLYGON(((129.0376734 35.2599120, 129.0378968 35.2596394, 129.0388426 35.2591531, 129.0420053 35.2580111, 129.0455485 35.2572210, 129.0467754 35.2571327, 129.0468299 35.2571013, 129.0473329 35.2568117, 129.0473685 35.2567911, 129.0474416 35.2567481, 129.0476799 35.2565536, 129.0477643 35.2564804, 129.0485443 35.2552523, 129.0484954 35.2549108, 129.0484287 35.2548529, 129.0481782 35.2546353, 129.0476082 35.2544572, 129.0475308 35.2543832, 129.0470292 35.2539041, 129.0458519 35.2524955, 129.0453570 35.2515447, 129.0453464 35.2514906, 129.0453448 35.2514811, 129.0455419 35.2479711, 129.0455559 35.2477419, 129.0455825 35.2473069, 129.0461135 35.2466773, 129.0465402 35.2465547, 129.0466894 35.2465127, 129.0481569 35.2461000, 129.0494884 35.2451991, 129.0501050 35.2433529, 129.0498492 35.2424943, 129.0496756 35.2425574, 129.0476218 35.2421843, 129.0442746 35.2418183, 129.0431689 35.2401175, 129.0420229 35.2400759, 129.0417728 35.2400669, 129.0410379 35.2421267, 129.0402274 35.2422747, 129.0384082 35.2425778, 129.0352075 35.2418036, 129.0333474 35.2411187, 129.0304144 35.2403407, 129.0267667 35.2395058, 129.0260812 35.2373784, 129.0275694 35.2368090, 129.0276452 35.2367662, 129.0276585 35.2367587, 129.0276664 35.2367540, 129.0263291 35.2345128, 129.0258953 35.2338000, 129.0258839 35.2337891, 129.0258577 35.2337642, 129.0258268 35.2337570, 129.0258205 35.2337556, 129.0258006 35.2337526, 129.0243395 35.2343157, 129.0243097 35.2343291, 129.0233815 35.2350560, 129.0232890 35.2351388, 129.0231508 35.2353157, 129.0230482 35.2354499, 129.0185901 35.2367292, 129.0172117 35.2366908, 129.0147067 35.2349454, 129.0135630 35.2342708, 129.0139534 35.2399894, 129.0139568 35.2400408, 129.0139593 35.2400783, 129.0139630 35.2401348, 129.0139682 35.2402386, 129.0139691 35.2402759, 129.0139701 35.2403624, 129.0139701 35.2403635, 129.0139533 35.2405339, 129.0139366 35.2406595, 129.0139280 35.2407146, 129.0139185 35.2407591, 129.0139137 35.2407814, 129.0138972 35.2408578, 129.0136368 35.2417630, 129.0131290 35.2435259, 129.0127271 35.2449119, 129.0127032 35.2449948, 129.0126982 35.2450213, 129.0126965 35.2450306, 129.0126881 35.2450755, 129.0126802 35.2451377, 129.0126714 35.2452156, 129.0127013 35.2460777, 129.0127130 35.2463927, 129.0127178 35.2465219, 129.0127205 35.2465926, 129.0127208 35.2466000, 129.0127583 35.2466278, 129.0129256 35.2467500, 129.0131635 35.2467499, 129.0147839 35.2462527, 129.0149272 35.2461965, 129.0155549 35.2457529, 129.0155586 35.2452900, 129.0166311 35.2457626, 129.0194647 35.2476956, 129.0200655 35.2482520, 129.0221948 35.2502345, 129.0253289 35.2528877, 129.0267190 35.2536739, 129.0277839 35.2536710, 129.0330185 35.2566164, 129.0341793 35.2574837, 129.0350200 35.2581141, 129.0355292 35.2586017, 129.0362992 35.2598370, 129.0365916 35.2604585, 129.0376734 35.2599120)))"
21080630,화명3동,2024,27415,11043.3,43.6,10449,9811,8317,2406,"SRID=4326;MULTIPOLYGON(((129.0054978 35.2425589, 129.0139534 35.2399894, 129.0135630 35.2342708, 129.0134304 35.2335591, 129.0133863 35.2333321, 129.0129923 35.2313126, 129.0127428 35.2303458, 129.0123231 35.2287959, 129.0122937 35.2287077, 129.0122605 35.2286231, 129.0122285 35.2285558, 129.0121899 35.2284847, 129.0121120 35.2283627, 129.0120538 35.2282820, 129.0120137 35.2282263, 129.0119070 35.2282307, 129.0116558 35.2282409, 129.0101312 35.2269361, 129.0087041 35.2254047, 129.0091083 35.2238186, 129.0089025 35.2230761, 129.0085473 35.2221843, 129.0081614 35.2215938, 129.0071152 35.2201554, 129.0043962 35.2175340, 129.0048465 35.2200552, 129.0057919 35.2253668, 129.0057364 35.2254144, 129.0054012 35.2256621, 129.0053189 35.2256793, 129.0032911 35.2261033, 129.0032106 35.2260839, 129.0011370 35.2256179, 129.0006338 35.2272661, 128.9982244 35.2329142, 128.9976051 35.2343650, 128.9967604 35.2360806, 128.9986148 35.2378977, 128.9988030 35.2380822, 129.0003055 35.2410244, 129.0006338 35.2416875, 129.0017685 35.2443297, 129.0058164 35.2443124, 129.0054978 35.2425589)))"
21090530,중1동,2024,26047,17220,44.7,11548,8389,15006,3677,"SRID=4326;MULTIPOLYGON(((129.1714143 35.1731780, 129.1721092 35.1730788, 129.1724721 35.1730063, 129.1726661 35.1729050, 129.1730053 35.1727279, 129.1730288 35.1727156, 129.1732751 35.1724864, 129.1740805 35.1705334, 129.1741246 35.1703992, 129.1742660 35.1699677, 129.1743084 35.1698384, 129.1743861 35.1685055, 129.1744045 35.1680839, 129.1752572 35.1680027, 129.1753119 35.1679574, 129.1755110 35.1677926, 129.1758861 35.1674790, 129.1762543 35.1671711, 129.1763840 35.1670626, 129.1770298 35.1665226, 129.1780682 35.1639423, 129.1779973 35.1638222, 129.1776565 35.1633758, 129.1767980 35.1624681, 129.1754732 35.1618937, 129.1754491 35.1618847, 129.1753211 35.1618367, 129.1752656 35.1618178, 129.1751613 35.1617927, 129.1746339 35.1616998, 129.1744965 35.1616756, 129.1744937 35.1616752, 129.1738673 35.1615910, 129.1736123 35.1615758, 129.1733644 35.1615611, 129.1727090 35.1614400, 129.1718174 35.1612671, 129.1719190 35.1611542, 129.1743608 35.1587541, 129.1756387 35.1577600, 129.1757126 35.1577051, 129.1757817 35.1576539, 129.1770360 35.1568335, 129.1771488 35.1559546, 129.1756509 35.1559171, 129.1755030 35.1559665, 129.1752873 35.1560439, 129.1742896 35.1564451, 129.1740053 35.1565626, 129.1716155 35.1576156, 129.1711193 35.1580762, 129.1700373 35.1589712, 129.1697477 35.1590794, 129.1697115 35.1590863, 129.1696315 35.1590945, 129.1694096 35.1591100, 129.1693188 35.1591141, 129.1687522 35.1591391, 129.1686764 35.1591420, 129.1685209 35.1591451, 129.1684187 35.1591449, 129.1683212 35.1591420, 129.1679152 35.1591292, 129.1649648 35.1590284, 129.1645677 35.1590119, 129.1641691 35.1589792, 129.1638968 35.1589491, 129.1635223 35.1589056, 129.1634790 35.1589006, 129.1624276 35.1587741, 129.1624048 35.1587709, 129.1619240 35.1587033, 129.1616026 35.1586507, 129.1611839 35.1585682, 129.1608578 35.1584957, 129.1604779 35.1584026, 129.1608775 35.1612720, 129.1614301 35.1630673, 129.1630526 35.1658223, 129.1630936 35.1667508, 129.1654597 35.1663481, 129.1654661 35.1663508, 129.1662950 35.1667123, 129.1712800 35.1707762, 129.1717277 35.1719369, 129.1717554 35.1724857, 129.1717609 35.1725956, 129.1711791 35.1733893, 129.1714143 35.1731780)))"
21090540,중2동,2024,14912,9980.4,46.8,6808,6536,3648,1384,"SRID=4326;MULTIPOLYGON(((129.1913024 35.1650324, 129.1967623 35.1650347, 129.1967693 35.1649183, 129.1963850 35.1638801, 129.1963806 35.1638683, 129.1963751 35.1638573, 129.1963692 35.1638468, 129.1963626 35.1638369, 129.1963554 35.1638283, 129.1963470 35.1638204, 129.1961877 35.1636926, 129.1961786 35.1636879, 129.1961675 35.1636842, 129.1961546 35.1636812, 129.1961403 35.1636786, 129.1957213 35.1629763, 129.1957162 35.1629690, 129.1955663 35.1627721, 129.1951632 35.1626508, 129.1951552 35.1626503, 129.1951482 35.1626540, 129.1951457 35.1626613, 129.1951438 35.1626750, 129.1951433 35.1626819, 129.1945137 35.1622063, 129.1945447 35.1618589, 129.1945627 35.1614867, 129.1945041 35.1611105, 129.1945028 35.1611024, 129.1944784 35.1604787, 129.1944777 35.1604690, 129.1944756 35.1604595, 129.1944018 35.1602312, 129.1943987 35.1602223, 129.1943946 35.1602146, 129.1943892 35.1602079, 129.1943826 35.1602020, 129.1943747 35.1601967, 129.1943653 35.1601921, 129.1943546 35.1601884, 129.1943429 35.1601856, 129.1943302 35.1601833, 129.1940192 35.1601321, 129.1940102 35.1601309, 129.1940013 35.1601300, 129.1939917 35.1601292, 129.1939819 35.1601287, 129.1939719 35.1601282, 129.1939615 35.1601279, 129.1939513 35.1601278, 129.1939417 35.1601279, 129.1939325 35.1601282, 129.1939236 35.1601285, 129.1937988 35.1601344, 129.1937901 35.1601348, 129.1937812 35.1601354, 129.1937723 35.1601360, 129.1937631 35.1601367, 129.1937537 35.1601374, 129.1937344 35.1601392, 129.1922440 35.1601360, 129.1918787 35.1603990, 129.1877947 35.1596490, 129.1877171 35.1596330, 129.1876379 35.1596131, 129.1875578 35.1595895, 129.1874789 35.1595635, 129.1874364 35.1595481, 129.1873903 35.1595299, 129.1872976 35.1594933, 129.1872549 35.1594764, 129.1872162 35.1594597, 129.1867054 35.1592384, 129.1862050 35.1587446, 129.1852675 35.1577813, 129.1849838 35.1574706, 129.1849776 35.1574612, 129.1847258 35.1570484, 129.1847164 35.1570299, 129.1847098 35.1570089, 129.1847061 35.1569876, 129.1846886 35.1567459, 129.1843751 35.1563201, 129.1834982 35.1557409, 129.1834547 35.1557173, 129.1834044 35.1556904, 129.1817670 35.1548521, 129.1817238 35.1548340, 129.1814196 35.1547509, 129.1806517 35.1547229, 129.1781798 35.1548476, 129.1781513 35.1548493, 129.1776583 35.1549072, 129.1771481 35.1550483, 129.1771364 35.1550547, 129.1756509 35.1559171, 129.1771488 35.1559546, 129.1770360 35.1568335, 129.1757817 35.1576539, 129.1757126 35.1577051, 129.1756387 35.1577600, 129.1743608 35.1587541, 129.1719190 35.1611542, 129.1718174 35.1612671, 129.1727090 35.1614400, 129.1733644 35.1615611, 129.1736123 35.1615758, 129.1738673 35.1615910, 129.1744937 35.1616752, 129.1744965 35.1616756, 129.1746339 35.1616998, 129.1751613 35.1617927, 129.1752656 35.1618178, 129.1753211 35.1618367, 129.1754491 35.1618847, 129.1754732 35.1618937, 129.1767980 35.1624681, 129.1770617 35.1624745, 129.1777046 35.1626041, 129.1782833 35.1627271, 129.1783321 35.1627410, 129.1783705 35.1627554, 129.1783998 35.1627697, 129.1784964 35.1628379, 129.1789960 35.1631909, 129.1796870 35.1636862, 129.1800146 35.1639643, 129.1800927 35.1640399, 129.1802280 35.1642060, 129.1803597 35.1643959, 129.1804108 35.1644486, 129.1804812 35.1645107, 129.1805310 35.1645409, 129.1805791 35.1645700, 129.1806467 35.1645956, 129.1807386 35.1646205, 129.1807927 35.1646351, 129.1828404 35.1648754, 129.1828634 35.1648781, 129.1829403 35.1648688, 129.1835475 35.1647959, 129.1863830 35.1646673, 129.1871771 35.1648927, 129.1873948 35.1650609, 129.1867512 35.1668304, 129.1894174 35.1660987, 129.1913024 35.1650324)))"
21090560,송정동,2024,8886,2097.8,51.9,4535,3948,4272,1358,"SRID=4326;MULTIPOLYGON(((129.2036743 35.1981152, 129.2037787 35.1981179, 129.2040763 35.1980925, 129.2041434 35.1980782, 129.2064962 35.1971115, 129.2065709 35.1970771, 129.2068280 35.1969525, 129.2069365 35.1968540, 129.2069444 35.1968223, 129.2074488 35.1946356, 129.2074310 35.1944870, 129.2074152 35.1943544, 129.2072638 35.1936635, 129.2072040 35.1934323, 129.2071042 35.1930505, 129.2065983 35.1907187, 129.2069448 35.1851102, 129.2076322 35.1829352, 129.2084191 35.1819810, 129.2068410 35.1816520, 129.2042283 35.1803030, 129.2042068 35.1803037, 129.2040730 35.1803082, 129.2039251 35.1803100, 129.2038634 35.1803098, 129.2037290 35.1803052, 129.2033522 35.1802885, 129.2033170 35.1802856, 129.2031982 35.1802758, 129.2029857 35.1802469, 129.2027443 35.1801993, 129.2025605 35.1801501, 129.2025469 35.1801465, 129.2023985 35.1801053, 129.2017161 35.1798929, 129.2012989 35.1796851, 129.2009018 35.1794469, 129.2005220 35.1791616, 129.2001568 35.1788581, 129.2000000 35.1787179, 129.1998074 35.1785455, 129.1995222 35.1782563, 129.1990241 35.1776729, 129.1986240 35.1771027, 129.1984298 35.1768159, 129.1980857 35.1762114, 129.1979252 35.1758937, 129.1976549 35.1752424, 129.1976483 35.1748417, 129.1978884 35.1746449, 129.1981234 35.1746417, 129.1981225 35.1738959, 129.1979190 35.1721582, 129.1977644 35.1709236, 129.1972816 35.1692516, 129.1966921 35.1667370, 129.1968670 35.1660983, 129.1968648 35.1660894, 129.1968632 35.1660803, 129.1968209 35.1658156, 129.1968197 35.1658075, 129.1968187 35.1657994, 129.1967585 35.1652120, 129.1967623 35.1650347, 129.1913024 35.1650324, 129.1894174 35.1660987, 129.1905506 35.1678460, 129.1902518 35.1698350, 129.1906964 35.1709588, 129.1911241 35.1718674, 129.1912917 35.1722235, 129.1914987 35.1730218, 129.1918109 35.1747535, 129.1917767 35.1750486, 129.1916878 35.1758171, 129.1914568 35.1763139, 129.1911016 35.1770779, 129.1909608 35.1773683, 129.1903286 35.1781099, 129.1895499 35.1786561, 129.1892274 35.1806289, 129.1882605 35.1835002, 129.1875733 35.1839657, 129.1878772 35.1882497, 129.1882324 35.1893653, 129.1897965 35.1903806, 129.1931777 35.1939776, 129.1938514 35.1948726, 129.1941685 35.1956997, 129.1941020 35.1962845, 129.1940974 35.1963255, 129.1942751 35.1979125, 129.1948615 35.1985379, 129.1959778 35.1988996, 129.1989523 35.1996480, 129.2003703 35.1994229, 129.2011544 35.1989132, 129.2014398 35.1987678, 129.2023210 35.1983212, 129.2023348 35.1983156, 129.2024789 35.1982670, 129.2025412 35.1982464, 129.2029068 35.1981716, 129.2029671 35.1981629, 129.2031779 35.1981350, 129.2034879 35.1981226, 129.2036743 35.1981152)))"
21090580,반여2동,2024,10914,8499.8,52.6,5819,4741,1629,820,"SRID=4326;MULTIPOLYGON(((129.1311514 35.1987118, 129.1341792 35.1984084, 129.1370421 35.1998521, 129.1393494 35.1998893, 129.1426878 35.1996589, 129.1472166 35.1976469, 129.1487040 35.1969861, 129.1494837 35.1969662, 129.1494775 35.1975461, 129.1512156 35.1984899, 129.1522730 35.1990545, 129.1523657 35.1990174, 129.1522808 35.1989526, 129.1514651 35.1983300, 129.1505107 35.1964709, 129.1495536 35.1950771, 129.1494541 35.1949322, 129.1468398 35.1927865, 129.1455113 35.1922137, 129.1381719 35.1935424, 129.1321681 35.1937395, 129.1299721 35.1938291, 129.1281263 35.1941008, 129.1233482 35.1941519, 129.1241096 35.1946133, 129.1264165 35.1957058, 129.1269244 35.1959272, 129.1278037 35.1967701, 129.1278936 35.1968672, 129.1278966 35.1975261, 129.1278966 35.1975392, 129.1278162 35.1978595, 129.1274074 35.1989722, 129.1269206 35.2003079, 129.1265359 35.2016373, 129.1268168 35.2017066, 129.1276373 35.2014940, 129.1311514 35.1987118)))"
21090590,반여3동,2024,7254,5771,54.6,3930,3261,1153,435,"SRID=4326;MULTIPOLYGON(((129.1397310 35.2049551, 129.1405059 35.2049500, 129.1412418 35.2048727, 129.1421702 35.2047644, 129.1459411 35.2034645, 129.1462524 35.2031313, 129.1470017 35.2024128, 129.1490841 35.2013961, 129.1498389 35.2010795, 129.1500402 35.2009950, 129.1515473 35.2015161, 129.1537760 35.2035006, 129.1543490 35.2042379, 129.1545176 35.2045174, 129.1545685 35.2046693, 129.1544786 35.2048521, 129.1559898 35.2043874, 129.1558486 35.2043699, 129.1547261 35.2042310, 129.1542387 35.2035776, 129.1526819 35.2010297, 129.1528177 35.1993480, 129.1523657 35.1990174, 129.1522730 35.1990545, 129.1512156 35.1984899, 129.1494775 35.1975461, 129.1494837 35.1969662, 129.1487040 35.1969861, 129.1472166 35.1976469, 129.1426878 35.1996589, 129.1393494 35.1998893, 129.1370421 35.1998521, 129.1341792 35.1984084, 129.1311514 35.1987118, 129.1276373 35.2014940, 129.1280765 35.2033722, 129.1356205 35.2036279, 129.1362440 35.2044900, 129.1380944 35.2055390, 129.1397310 35.2049551)))"
21090620,반송2동,2024,20304,5156.3,54.6,10607,9407,4092,1341,"SRID=4326;MULTIPOLYGON(((129.1503352 35.2455332, 129.1532924 35.2449674, 129.1546506 35.2448411, 129.1560340 35.2445079, 129.1563732 35.2442660, 129.1569321 35.2426101, 129.1566654 35.2411837, 129.1564759 35.2401698, 129.1555156 35.2393393, 129.1553699 35.2391390, 129.1551826 35.2384921, 129.1550601 35.2368615, 129.1553933 35.2358806, 129.1580022 35.2354256, 129.1609169 35.2355247, 129.1610366 35.2344919, 129.1611973 35.2341988, 129.1612604 35.2341250, 129.1624863 35.2329632, 129.1640591 35.2314732, 129.1668080 35.2298149, 129.1673491 35.2296763, 129.1674025 35.2296627, 129.1687984 35.2281601, 129.1688464 35.2280885, 129.1690493 35.2277859, 129.1689411 35.2258416, 129.1689212 35.2254826, 129.1685508 35.2245533, 129.1661836 35.2210030, 129.1645272 35.2220550, 129.1642444 35.2223241, 129.1641589 35.2224056, 129.1638461 35.2227034, 129.1628666 35.2238024, 129.1588000 35.2255290, 129.1575676 35.2258691, 129.1533306 35.2270260, 129.1524859 35.2273591, 129.1512463 35.2296427, 129.1470370 35.2296667, 129.1456603 35.2304067, 129.1437182 35.2315787, 129.1433182 35.2321295, 129.1431510 35.2323597, 129.1410078 35.2338284, 129.1406573 35.2340467, 129.1373179 35.2357854, 129.1369904 35.2359507, 129.1368279 35.2360327, 129.1357047 35.2363408, 129.1356676 35.2363593, 129.1358230 35.2369053, 129.1359420 35.2373120, 129.1371724 35.2384581, 129.1381670 35.2391702, 129.1396737 35.2404960, 129.1399810 35.2408541, 129.1405624 35.2416076, 129.1437067 35.2469529, 129.1436738 35.2477510, 129.1437709 35.2491000, 129.1445991 35.2509415, 129.1446151 35.2509334, 129.1454902 35.2503915, 129.1470493 35.2494257, 129.1487857 35.2473530, 129.1486286 35.2460589, 129.1503352 35.2455332)))"
21090640,재송1동,2024,35243,14163.6,41.7,13922,12281,22018,4375,"SRID=4326;MULTIPOLYGON(((129.1178492 35.1932351, 129.1196651 35.1921495, 129.1208449 35.1879153, 129.1245718 35.1874754, 129.1259839 35.1877751, 129.1289235 35.1876323, 129.1309248 35.1859326, 129.1354866 35.1839272, 129.1369674 35.1836101, 129.1397691 35.1847314, 129.1411494 35.1855569, 129.1388556 35.1828286, 129.1353736 35.1801079, 129.1338907 35.1785616, 129.1326218 35.1768918, 129.1320119 35.1763592, 129.1314881 35.1761496, 129.1239302 35.1736286, 129.1238524 35.1736980, 129.1238392 35.1737117, 129.1235441 35.1741061, 129.1235164 35.1741412, 129.1234984 35.1741632, 129.1234081 35.1742665, 129.1233807 35.1742965, 129.1233692 35.1743082, 129.1233517 35.1743246, 129.1233403 35.1743346, 129.1233225 35.1743494, 129.1232982 35.1743677, 129.1232645 35.1743911, 129.1232383 35.1744087, 129.1232137 35.1744245, 129.1231942 35.1744357, 129.1231929 35.1744363, 129.1230979 35.1744826, 129.1230622 35.1744985, 129.1230208 35.1745152, 129.1230018 35.1745215, 129.1229607 35.1745332, 129.1229279 35.1745418, 129.1228852 35.1745516, 129.1227212 35.1745776, 129.1226974 35.1745782, 129.1224829 35.1745833, 129.1219619 35.1745786, 129.1212926 35.1742195, 129.1208240 35.1739681, 129.1190222 35.1771060, 129.1186094 35.1779983, 129.1179590 35.1795653, 129.1179517 35.1809717, 129.1178302 35.1813456, 129.1175355 35.1820452, 129.1156636 35.1860511, 129.1155363 35.1860206, 129.1148107 35.1877766, 129.1147283 35.1879874, 129.1145637 35.1889806, 129.1145466 35.1890926, 129.1145354 35.1891742, 129.1146057 35.1901743, 129.1147292 35.1914505, 129.1150130 35.1926052, 129.1148503 35.1940514, 129.1176932 35.1934076, 129.1178166 35.1932858, 129.1178219 35.1932776, 129.1178492 35.1932351)))"
21090650,재송2동,2024,21539,11949.7,49.2,10112,9048,4471,1763,"SRID=4326;MULTIPOLYGON(((129.1281263 35.1941008, 129.1299721 35.1938291, 129.1321681 35.1937395, 129.1381719 35.1935424, 129.1455113 35.1922137, 129.1448416 35.1912427, 129.1437143 35.1888319, 129.1434706 35.1883108, 129.1411494 35.1855569, 129.1397691 35.1847314, 129.1369674 35.1836101, 129.1354866 35.1839272, 129.1309248 35.1859326, 129.1289235 35.1876323, 129.1259839 35.1877751, 129.1245718 35.1874754, 129.1208449 35.1879153, 129.1196651 35.1921495, 129.1233482 35.1941519, 129.1281263 35.1941008)))"
21090660,좌1동,2024,16453,26577,44.3,7350,5539,7162,2293,"SRID=4326;MULTIPOLYGON(((129.1812342 35.1730219, 129.1818976 35.1720345, 129.1784522 35.1704363, 129.1761484 35.1693669, 129.1759606 35.1692505, 129.1757497 35.1691198, 129.1754010 35.1688516, 129.1751982 35.1686957, 129.1747920 35.1683832, 129.1744045 35.1680839, 129.1743861 35.1685055, 129.1743084 35.1698384, 129.1742660 35.1699677, 129.1741246 35.1703992, 129.1740805 35.1705334, 129.1732751 35.1724864, 129.1730288 35.1727156, 129.1730053 35.1727279, 129.1726661 35.1729050, 129.1724721 35.1730063, 129.1721092 35.1730788, 129.1714143 35.1731780, 129.1711791 35.1733893, 129.1705581 35.1765584, 129.1726449 35.1776169, 129.1728165 35.1777039, 129.1729378 35.1777654, 129.1730378 35.1778161, 129.1732417 35.1779055, 129.1732940 35.1779222, 129.1734703 35.1779785, 129.1736841 35.1780271, 129.1738719 35.1780509, 129.1741067 35.1780634, 129.1741269 35.1780645, 129.1741404 35.1780652, 129.1744222 35.1780465, 129.1747353 35.1779910, 129.1748816 35.1779598, 129.1751959 35.1778912, 129.1753119 35.1778627, 129.1755069 35.1778147, 129.1767878 35.1774998, 129.1775097 35.1773033, 129.1778225 35.1772182, 129.1778510 35.1772104, 129.1780874 35.1771221, 129.1783019 35.1770006, 129.1785432 35.1768424, 129.1786547 35.1767460, 129.1786860 35.1767190, 129.1787218 35.1766880, 129.1788691 35.1765152, 129.1795484 35.1755306, 129.1797927 35.1751675, 129.1798047 35.1751496, 129.1812342 35.1730219)))"
21090670,좌2동,2024,29141,21091.4,45.1,13441,10506,8120,2397,"SRID=4326;MULTIPOLYGON(((129.1905506 35.1678460, 129.1894174 35.1660987, 129.1867512 35.1668304, 129.1873948 35.1650609, 129.1871771 35.1648927, 129.1863830 35.1646673, 129.1835475 35.1647959, 129.1829403 35.1648688, 129.1828634 35.1648781, 129.1828404 35.1648754, 129.1807927 35.1646351, 129.1807386 35.1646205, 129.1806467 35.1645956, 129.1805791 35.1645700, 129.1805310 35.1645409, 129.1804812 35.1645107, 129.1804108 35.1644486, 129.1803597 35.1643959, 129.1802280 35.1642060, 129.1800927 35.1640399, 129.1800146 35.1639643, 129.1796870 35.1636862, 129.1789960 35.1631909, 129.1784964 35.1628379, 129.1783998 35.1627697, 129.1783705 35.1627554, 129.1783321 35.1627410, 129.1782833 35.1627271, 129.1777046 35.1626041, 129.1770617 35.1624745, 129.1767980 35.1624681, 129.1776565 35.1633758, 129.1779973 35.1638222, 129.1780682 35.1639423, 129.1770298 35.1665226, 129.1763840 35.1670626, 129.1762543 35.1671711, 129.1758861 35.1674790, 129.1755110 35.1677926, 129.1753119 35.1679574, 129.1752572 35.1680027, 129.1744045 35.1680839, 129.1747920 35.1683832, 129.1751982 35.1686957, 129.1754010 35.1688516, 129.1757497 35.1691198, 129.1759606 35.1692505, 129.1761484 35.1693669, 129.1784522 35.1704363, 129.1818976 35.1720345, 129.1819409 35.1720546, 129.1821492 35.1721511, 129.1823611 35.1722497, 129.1825114 35.1723196, 129.1825553 35.1723405, 129.1827535 35.1724447, 129.1828197 35.1724845, 129.1828478 35.1725017, 129.1828757 35.1725195, 129.1829121 35.1725434, 129.1829397 35.1725620, 129.1829667 35.1725802, 129.1830023 35.1726056, 129.1830286 35.1726248, 129.1830549 35.1726441, 129.1830893 35.1726705, 129.1831397 35.1727108, 129.1831728 35.1727379, 129.1831934 35.1727561, 129.1831970 35.1727593, 129.1832211 35.1727805, 129.1832528 35.1728087, 129.1832766 35.1728304, 129.1833296 35.1728819, 129.1833517 35.1729042, 129.1833739 35.1729269, 129.1834025 35.1729573, 129.1834200 35.1729765, 129.1834235 35.1729804, 129.1834448 35.1730039, 129.1834537 35.1730141, 129.1834721 35.1730352, 129.1834919 35.1730588, 129.1835116 35.1730830, 129.1835377 35.1731152, 129.1835751 35.1731645, 129.1835991 35.1731974, 129.1836167 35.1732223, 129.1836483 35.1732686, 129.1836567 35.1732814, 129.1836730 35.1733071, 129.1836891 35.1733326, 129.1837100 35.1733674, 129.1837265 35.1733960, 129.1837398 35.1734199, 129.1837588 35.1734551, 129.1837728 35.1734816, 129.1837864 35.1735083, 129.1838037 35.1735443, 129.1838163 35.1735712, 129.1838284 35.1735985, 129.1838441 35.1736348, 129.1838603 35.1736731, 129.1838736 35.1737077, 129.1838831 35.1737337, 129.1838922 35.1737598, 129.1839012 35.1737860, 129.1839095 35.1738122, 129.1839150 35.1738298, 129.1839280 35.1738738, 129.1839504 35.1739623, 129.1839607 35.1740067, 129.1839695 35.1740513, 129.1839757 35.1740870, 129.1839797 35.1741122, 129.1839800 35.1741141, 129.1839889 35.1741770, 129.1839963 35.1742417, 129.1839994 35.1742764, 129.1839995 35.1742772, 129.1840024 35.1743214, 129.1840037 35.1743577, 129.1840044 35.1744121, 129.1840035 35.1744663, 129.1840007 35.1745387, 129.1839986 35.1745747, 129.1839955 35.1746108, 129.1839897 35.1746648, 129.1839809 35.1747220, 129.1839700 35.1747763, 129.1838921 35.1750791, 129.1838704 35.1751402, 129.1838470 35.1752004, 129.1838284 35.1752430, 129.1838049 35.1752937, 129.1837886 35.1753272, 129.1837769 35.1753506, 129.1837491 35.1754020, 129.1837262 35.1754431, 129.1836976 35.1754921, 129.1895499 35.1786561, 129.1903286 35.1781099, 129.1909608 35.1773683, 129.1911016 35.1770779, 129.1914568 35.1763139, 129.1916878 35.1758171, 129.1917767 35.1750486, 129.1918109 35.1747535, 129.1914987 35.1730218, 129.1912917 35.1722235, 129.1911241 35.1718674, 129.1906964 35.1709588, 129.1902518 35.1698350, 129.1905506 35.1678460)))"
21090680,좌3동,2024,14478,19398.4,47.2,6139,6099,2290,848,"SRID=4326;MULTIPOLYGON(((129.1679973 35.1798905, 129.1705581 35.1765584, 129.1711791 35.1733893, 129.1717609 35.1725956, 129.1717554 35.1724857, 129.1717277 35.1719369, 129.1712800 35.1707762, 129.1662950 35.1667123, 129.1654661 35.1663508, 129.1654597 35.1663481, 129.1630936 35.1667508, 129.1630055 35.1667299, 129.1629486 35.1668067, 129.1629425 35.1668154, 129.1629082 35.1668648, 129.1628387 35.1683933, 129.1642321 35.1745315, 129.1652543 35.1775820, 129.1653128 35.1777505, 129.1653799 35.1779054, 129.1654831 35.1781153, 129.1657381 35.1784818, 129.1658808 35.1786637, 129.1660297 35.1788221, 129.1679973 35.1798905)))"
21090690,좌4동,2024,20996,3190.6,44.2,8275,8125,5651,973,"SRID=4326;MULTIPOLYGON(((129.1643314 35.2049634, 129.1645498 35.2042685, 129.1648831 35.2032178, 129.1651263 35.2031019, 129.1652897 35.2030239, 129.1666872 35.2023700, 129.1696638 35.2009797, 129.1710310 35.2017952, 129.1721435 35.2022241, 129.1760222 35.2005606, 129.1771312 35.1996295, 129.1791768 35.1980083, 129.1791852 35.1980074, 129.1798787 35.1979282, 129.1827016 35.1977048, 129.1833448 35.1976537, 129.1833791 35.1976508, 129.1842727 35.1972227, 129.1854539 35.1954510, 129.1846868 35.1936985, 129.1842474 35.1929316, 129.1840348 35.1925630, 129.1833165 35.1910209, 129.1831912 35.1900394, 129.1834441 35.1899547, 129.1848009 35.1895002, 129.1865738 35.1892832, 129.1866439 35.1892763, 129.1881452 35.1893087, 129.1882056 35.1893479, 129.1882324 35.1893653, 129.1878772 35.1882497, 129.1875733 35.1839657, 129.1882605 35.1835002, 129.1892274 35.1806289, 129.1895499 35.1786561, 129.1836976 35.1754921, 129.1837262 35.1754431, 129.1837491 35.1754020, 129.1837769 35.1753506, 129.1837886 35.1753272, 129.1838049 35.1752937, 129.1838284 35.1752430, 129.1838470 35.1752004, 129.1838704 35.1751402, 129.1838921 35.1750791, 129.1839700 35.1747763, 129.1839809 35.1747220, 129.1839897 35.1746648, 129.1839955 35.1746108, 129.1839986 35.1745747, 129.1840007 35.1745387, 129.1840035 35.1744663, 129.1840044 35.1744121, 129.1840037 35.1743577, 129.1840024 35.1743214, 129.1839995 35.1742772, 129.1839994 35.1742764, 129.1839963 35.1742417, 129.1839889 35.1741770, 129.1839800 35.1741141, 129.1839797 35.1741122, 129.1839757 35.1740870, 129.1839695 35.1740513, 129.1839607 35.1740067, 129.1839504 35.1739623, 129.1839280 35.1738738, 129.1839150 35.1738298, 129.1839095 35.1738122, 129.1839012 35.1737860, 129.1838922 35.1737598, 129.1838831 35.1737337, 129.1838736 35.1737077, 129.1838603 35.1736731, 129.1838441 35.1736348, 129.1838284 35.1735985, 129.1838163 35.1735712, 129.1838037 35.1735443, 129.1837864 35.1735083, 129.1837728 35.1734816, 129.1837588 35.1734551, 129.1837398 35.1734199, 129.1837265 35.1733960, 129.1837100 35.1733674, 129.1836891 35.1733326, 129.1836730 35.1733071, 129.1836567 35.1732814, 129.1836483 35.1732686, 129.1836167 35.1732223, 129.1835991 35.1731974, 129.1835751 35.1731645, 129.1835377 35.1731152, 129.1835116 35.1730830, 129.1834919 35.1730588, 129.1834721 35.1730352, 129.1834537 35.1730141, 129.1834448 35.1730039, 129.1834235 35.1729804, 129.1834200 35.1729765, 129.1834025 35.1729573, 129.1833739 35.1729269, 129.1833517 35.1729042, 129.1833296 35.1728819, 129.1832766 35.1728304, 129.1832528 35.1728087, 129.1832211 35.1727805, 129.1831970 35.1727593, 129.1831934 35.1727561, 129.1831728 35.1727379, 129.1831397 35.1727108, 129.1830893 35.1726705, 129.1830549 35.1726441, 129.1830286 35.1726248, 129.1830023 35.1726056, 129.1829667 35.1725802, 129.1829397 35.1725620, 129.1829121 35.1725434, 129.1828757 35.1725195, 129.1828478 35.1725017, 129.1828197 35.1724845, 129.1827535 35.1724447, 129.1825553 35.1723405, 129.1825114 35.1723196, 129.1823611 35.1722497, 129.1821492 35.1721511, 129.1819409 35.1720546, 129.1818976 35.1720345, 129.1812342 35.1730219, 129.1798047 35.1751496, 129.1797927 35.1751675, 129.1795484 35.1755306, 129.1788691 35.1765152, 129.1787218 35.1766880, 129.1786860 35.1767190, 129.1786547 35.1767460, 129.1785432 35.1768424, 129.1783019 35.1770006, 129.1780874 35.1771221, 129.1778510 35.1772104, 129.1778225 35.1772182, 129.1775097 35.1773033, 129.1767878 35.1774998, 129.1755069 35.1778147, 129.1753119 35.1778627, 129.1751959 35.1778912, 129.1748816 35.1779598, 129.1747353 35.1779910, 129.1744222 35.1780465, 129.1741404 35.1780652, 129.1741269 35.1780645, 129.1741067 35.1780634, 129.1738719 35.1780509, 129.1736841 35.1780271, 129.1734703 35.1779785, 129.1732940 35.1779222, 129.1732417 35.1779055, 129.1730378 35.1778161, 129.1729378 35.1777654, 129.1728165 35.1777039, 129.1726449 35.1776169, 129.1705581 35.1765584, 129.1679973 35.1798905, 129.1660297 35.1788221, 129.1659801 35.1789297, 129.1658250 35.1792659, 129.1658046 35.1793025, 129.1655489 35.1795739, 129.1634232 35.1809039, 129.1627839 35.1812540, 129.1620484 35.1817567, 129.1619631 35.1820769, 129.1618903 35.1825677, 129.1610453 35.1839657, 129.1609528 35.1842743, 129.1620564 35.1854125, 129.1630031 35.1868855, 129.1626205 35.1877011, 129.1618198 35.1879952, 129.1615017 35.1888841, 129.1605919 35.1915451, 129.1604657 35.1920009, 129.1603421 35.1929489, 129.1604406 35.1936761, 129.1605756 35.1942037, 129.1609816 35.1945193, 129.1611378 35.1947076, 129.1612516 35.1948527, 129.1595690 35.1967212, 129.1590114 35.1970190, 129.1577937 35.1976662, 129.1561144 35.1983499, 129.1528177 35.1993480, 129.1526819 35.2010297, 129.1542387 35.2035776, 129.1547261 35.2042310, 129.1558486 35.2043699, 129.1559898 35.2043874, 129.1601014 35.2064080, 129.1643314 35.2049634)))"
21090700,반여1동,2024,34421,6892,44.1,13356,12075,10414,3169,"SRID=4326;MULTIPOLYGON(((129.1296205 35.2193563, 129.1315082 35.2186073, 129.1323092 35.2184056, 129.1325941 35.2183463, 129.1328105 35.2183012, 129.1364746 35.2179243, 129.1373414 35.2180208, 129.1379527 35.2181018, 129.1403513 35.2185170, 129.1410524 35.2187462, 129.1411995 35.2187560, 129.1417712 35.2180898, 129.1419261 35.2178139, 129.1420200 35.2176462, 129.1427293 35.2162379, 129.1433946 35.2139881, 129.1434297 35.2138038, 129.1434651 35.2136054, 129.1434635 35.2135729, 129.1434487 35.2134423, 129.1433731 35.2128696, 129.1433772 35.2124343, 129.1434150 35.2116153, 129.1434759 35.2111197, 129.1435822 35.2109056, 129.1445609 35.2096145, 129.1477814 35.2076291, 129.1503660 35.2063507, 129.1539089 35.2050597, 129.1544786 35.2048521, 129.1545685 35.2046693, 129.1545176 35.2045174, 129.1543490 35.2042379, 129.1537760 35.2035006, 129.1515473 35.2015161, 129.1500402 35.2009950, 129.1498389 35.2010795, 129.1490841 35.2013961, 129.1470017 35.2024128, 129.1462524 35.2031313, 129.1459411 35.2034645, 129.1421702 35.2047644, 129.1412418 35.2048727, 129.1405059 35.2049500, 129.1397310 35.2049551, 129.1380944 35.2055390, 129.1362440 35.2044900, 129.1356205 35.2036279, 129.1280765 35.2033722, 129.1276373 35.2014940, 129.1268168 35.2017066, 129.1265359 35.2016373, 129.1269206 35.2003079, 129.1274074 35.1989722, 129.1278162 35.1978595, 129.1278966 35.1975392, 129.1278966 35.1975261, 129.1278936 35.1968672, 129.1278037 35.1967701, 129.1269244 35.1959272, 129.1264165 35.1957058, 129.1241096 35.1946133, 129.1233482 35.1941519, 129.1196651 35.1921495, 129.1178492 35.1932351, 129.1178219 35.1932776, 129.1178166 35.1932858, 129.1176932 35.1934076, 129.1148503 35.1940514, 129.1150130 35.1926052, 129.1147292 35.1914505, 129.1145978 35.1918637, 129.1145315 35.1920811, 129.1145004 35.1921832, 129.1143125 35.1936413, 129.1142975 35.1939818, 129.1143228 35.1947649, 129.1147284 35.1976826, 129.1152520 35.1991474, 129.1152581 35.1991644, 129.1152899 35.1992498, 129.1153192 35.1993285, 129.1160389 35.2011434, 129.1162606 35.2014584, 129.1164013 35.2016546, 129.1165560 35.2018691, 129.1169699 35.2024309, 129.1172855 35.2028546, 129.1175862 35.2032552, 129.1184777 35.2044282, 129.1188682 35.2048613, 129.1193488 35.2055777, 129.1197808 35.2063137, 129.1198573 35.2064585, 129.1199041 35.2065634, 129.1209362 35.2098525, 129.1209404 35.2098947, 129.1209858 35.2103469, 129.1210081 35.2105685, 129.1204472 35.2112813, 129.1195026 35.2129870, 129.1192374 35.2135978, 129.1189684 35.2143090, 129.1191770 35.2144422, 129.1201441 35.2150787, 129.1200224 35.2161370, 129.1279339 35.2194267, 129.1279835 35.2194451, 129.1280384 35.2194631, 129.1280720 35.2194742, 129.1281111 35.2194870, 129.1282151 35.2194950, 129.1284294 35.2194896, 129.1295247 35.2193812, 129.1296197 35.2193688, 129.1296205 35.2193563)))"
21090710,반여4동,2024,14187,14431.1,45.5,5570,5519,1733,621,"SRID=4326;MULTIPOLYGON(((129.1170256 35.2144247, 129.1189684 35.2143090, 129.1192374 35.2135978, 129.1195026 35.2129870, 129.1204472 35.2112813, 129.1210081 35.2105685, 129.1209858 35.2103469, 129.1209404 35.2098947, 129.1209362 35.2098525, 129.1199041 35.2065634, 129.1198573 35.2064585, 129.1197808 35.2063137, 129.1193488 35.2055777, 129.1188682 35.2048613, 129.1184777 35.2044282, 129.1175862 35.2032552, 129.1172855 35.2028546, 129.1169699 35.2024309, 129.1165560 35.2018691, 129.1164013 35.2016546, 129.1162606 35.2014584, 129.1160389 35.2011434, 129.1155514 35.2015224, 129.1137753 35.2015463, 129.1136344 35.2022251, 129.1109369 35.2045083, 129.1102411 35.2101487, 129.1108515 35.2111485, 129.1113528 35.2118981, 129.1122058 35.2125137, 129.1161836 35.2141289, 129.1170256 35.2144247)))"
21090720,반송1동,2024,13369,1744.4,52.1,6441,4240,7188,1410,"SRID=4326;MULTIPOLYGON(((129.1357047 35.2363408, 129.1368279 35.2360327, 129.1369904 35.2359507, 129.1373179 35.2357854, 129.1406573 35.2340467, 129.1410078 35.2338284, 129.1431510 35.2323597, 129.1433182 35.2321295, 129.1437182 35.2315787, 129.1456603 35.2304067, 129.1470370 35.2296667, 129.1512463 35.2296427, 129.1524859 35.2273591, 129.1533306 35.2270260, 129.1575676 35.2258691, 129.1588000 35.2255290, 129.1628666 35.2238024, 129.1638461 35.2227034, 129.1641589 35.2224056, 129.1642444 35.2223241, 129.1645272 35.2220550, 129.1661836 35.2210030, 129.1654753 35.2189254, 129.1653938 35.2177761, 129.1649084 35.2151597, 129.1635300 35.2140204, 129.1619529 35.2127340, 129.1610163 35.2122311, 129.1603867 35.2119025, 129.1597047 35.2100241, 129.1601014 35.2064080, 129.1559898 35.2043874, 129.1544786 35.2048521, 129.1539089 35.2050597, 129.1503660 35.2063507, 129.1477814 35.2076291, 129.1445609 35.2096145, 129.1435822 35.2109056, 129.1434759 35.2111197, 129.1434150 35.2116153, 129.1433772 35.2124343, 129.1433731 35.2128696, 129.1434487 35.2134423, 129.1434635 35.2135729, 129.1434651 35.2136054, 129.1434297 35.2138038, 129.1433946 35.2139881, 129.1427293 35.2162379, 129.1420200 35.2176462, 129.1419261 35.2178139, 129.1417712 35.2180898, 129.1411995 35.2187560, 129.1410524 35.2187462, 129.1403513 35.2185170, 129.1379527 35.2181018, 129.1373414 35.2180208, 129.1364746 35.2179243, 129.1328105 35.2183012, 129.1325941 35.2183463, 129.1323092 35.2184056, 129.1315082 35.2186073, 129.1296205 35.2193563, 129.1296197 35.2193688, 129.1295247 35.2193812, 129.1284294 35.2194896, 129.1282151 35.2194950, 129.1281111 35.2194870, 129.1280720 35.2194742, 129.1280384 35.2194631, 129.1279835 35.2194451, 129.1279339 35.2194267, 129.1200224 35.2161370, 129.1201441 35.2150787, 129.1191770 35.2144422, 129.1192093 35.2149866, 129.1192130 35.2156366, 129.1191775 35.2158210, 129.1184251 35.2180196, 129.1182739 35.2184196, 129.1177676 35.2196404, 129.1174709 35.2202179, 129.1174092 35.2203030, 129.1172978 35.2205409, 129.1172476 35.2206483, 129.1170871 35.2210136, 129.1169662 35.2214213, 129.1169365 35.2215216, 129.1168168 35.2223204, 129.1175070 35.2239500, 129.1176615 35.2240770, 129.1178741 35.2242140, 129.1181649 35.2243955, 129.1189407 35.2248764, 129.1204683 35.2258086, 129.1207028 35.2259449, 129.1224588 35.2265646, 129.1234861 35.2268076, 129.1240547 35.2267864, 129.1257025 35.2268268, 129.1260478 35.2268929, 129.1261206 35.2269112, 129.1270143 35.2271367, 129.1297850 35.2302213, 129.1305161 35.2313057, 129.1305101 35.2313304, 129.1304515 35.2315262, 129.1302289 35.2321673, 129.1301710 35.2322987, 129.1301136 35.2328397, 129.1300721 35.2332308, 129.1310245 35.2353411, 129.1336968 35.2367060, 129.1347783 35.2368030, 129.1348085 35.2367880, 129.1348287 35.2367779, 129.1356676 35.2363593, 129.1357047 35.2363408)))"
21090730,우1동,2024,22690,7067.1,46.5,10558,7834,11538,2952,"SRID=4326;MULTIPOLYGON(((129.1599496 35.1827129, 129.1600745 35.1807390, 129.1614693 35.1810599, 129.1615569 35.1811376, 129.1614558 35.1813630, 129.1609488 35.1824926, 129.1618903 35.1825677, 129.1619631 35.1820769, 129.1620484 35.1817567, 129.1627839 35.1812540, 129.1634232 35.1809039, 129.1655489 35.1795739, 129.1658046 35.1793025, 129.1658250 35.1792659, 129.1659801 35.1789297, 129.1660297 35.1788221, 129.1658808 35.1786637, 129.1657381 35.1784818, 129.1654831 35.1781153, 129.1653799 35.1779054, 129.1653128 35.1777505, 129.1652543 35.1775820, 129.1642321 35.1745315, 129.1628387 35.1683933, 129.1629082 35.1668648, 129.1629425 35.1668154, 129.1629486 35.1668067, 129.1630055 35.1667299, 129.1630936 35.1667508, 129.1630526 35.1658223, 129.1614301 35.1630673, 129.1608775 35.1612720, 129.1604779 35.1584026, 129.1595884 35.1581882, 129.1592864 35.1581111, 129.1582586 35.1578436, 129.1579858 35.1577668, 129.1576897 35.1576754, 129.1573389 35.1575586, 129.1570363 35.1574479, 129.1567815 35.1573470, 129.1565246 35.1572324, 129.1558739 35.1569109, 129.1556187 35.1567730, 129.1554059 35.1566470, 129.1553402 35.1566036, 129.1550998 35.1564446, 129.1548414 35.1562695, 129.1548278 35.1562549, 129.1538592 35.1542394, 129.1535013 35.1528878, 129.1535024 35.1528841, 129.1534850 35.1527997, 129.1530539 35.1518311, 129.1504985 35.1514393, 129.1499944 35.1513722, 129.1499575 35.1513674, 129.1499299 35.1513723, 129.1498827 35.1513968, 129.1498259 35.1514611, 129.1497972 35.1514974, 129.1497734 35.1515423, 129.1497499 35.1516039, 129.1496822 35.1518095, 129.1496647 35.1518741, 129.1496600 35.1519347, 129.1496604 35.1519915, 129.1496638 35.1520630, 129.1496738 35.1521185, 129.1501961 35.1542816, 129.1509550 35.1560572, 129.1511140 35.1562647, 129.1513291 35.1565041, 129.1516175 35.1567427, 129.1525631 35.1572782, 129.1534550 35.1577973, 129.1532503 35.1580342, 129.1531694 35.1580185, 129.1524127 35.1575826, 129.1523828 35.1576195, 129.1523782 35.1576252, 129.1522995 35.1577213, 129.1520820 35.1579647, 129.1514388 35.1586706, 129.1512467 35.1588410, 129.1512462 35.1588415, 129.1486754 35.1608673, 129.1471486 35.1619181, 129.1465293 35.1623410, 129.1461676 35.1625227, 129.1461020 35.1625513, 129.1460461 35.1625757, 129.1435994 35.1634884, 129.1427834 35.1641131, 129.1444982 35.1637626, 129.1468254 35.1650049, 129.1470684 35.1651613, 129.1473092 35.1653205, 129.1487027 35.1669708, 129.1493413 35.1693115, 129.1505108 35.1714169, 129.1512136 35.1723802, 129.1517693 35.1728512, 129.1528543 35.1736738, 129.1542984 35.1763081, 129.1546951 35.1773988, 129.1547452 35.1783539, 129.1559637 35.1796815, 129.1586082 35.1817467, 129.1599496 35.1827129)), ((129.1626205 35.1877011, 129.1630031 35.1868855, 129.1609994 35.1864714, 129.1598326 35.1862615, 129.1594936 35.1864531, 129.1594728 35.1866268, 129.1594731 35.1878475, 129.1598374 35.1887083, 129.1618198 35.1879952, 129.1626205 35.1877011)))"
21090740,우2동,2024,28732,3974.8,45,11273,9661,33953,5378,"SRID=4326;MULTIPOLYGON(((129.1561144 35.1983499, 129.1577937 35.1976662, 129.1590114 35.1970190, 129.1595690 35.1967212, 129.1612516 35.1948527, 129.1611378 35.1947076, 129.1609816 35.1945193, 129.1605756 35.1942037, 129.1604406 35.1936761, 129.1603421 35.1929489, 129.1604657 35.1920009, 129.1605919 35.1915451, 129.1615017 35.1888841, 129.1618198 35.1879952, 129.1598374 35.1887083, 129.1594731 35.1878475, 129.1594728 35.1866268, 129.1594936 35.1864531, 129.1598326 35.1862615, 129.1609994 35.1864714, 129.1630031 35.1868855, 129.1620564 35.1854125, 129.1609528 35.1842743, 129.1610453 35.1839657, 129.1618903 35.1825677, 129.1609488 35.1824926, 129.1614558 35.1813630, 129.1615569 35.1811376, 129.1614693 35.1810599, 129.1600745 35.1807390, 129.1599496 35.1827129, 129.1586082 35.1817467, 129.1559637 35.1796815, 129.1547452 35.1783539, 129.1546951 35.1773988, 129.1542984 35.1763081, 129.1528543 35.1736738, 129.1517693 35.1728512, 129.1512136 35.1723802, 129.1505108 35.1714169, 129.1493413 35.1693115, 129.1487027 35.1669708, 129.1473092 35.1653205, 129.1470684 35.1651613, 129.1468254 35.1650049, 129.1444982 35.1637626, 129.1427834 35.1641131, 129.1422461 35.1635021, 129.1406267 35.1622358, 129.1402941 35.1620471, 129.1400758 35.1622355, 129.1400261 35.1622788, 129.1399777 35.1623211, 129.1399013 35.1623856, 129.1398219 35.1624477, 129.1397392 35.1625070, 129.1396557 35.1625650, 129.1395696 35.1626214, 129.1394825 35.1626757, 129.1393923 35.1627274, 129.1393000 35.1627762, 129.1392055 35.1628222, 129.1391101 35.1628666, 129.1390135 35.1629091, 129.1389157 35.1629499, 129.1388163 35.1629883, 129.1387148 35.1630229, 129.1386120 35.1630550, 129.1385088 35.1630848, 129.1384041 35.1631129, 129.1383487 35.1631264, 129.1381784 35.1631641, 129.1380713 35.1631852, 129.1379635 35.1632033, 129.1378552 35.1632190, 129.1377461 35.1632306, 129.1376364 35.1632384, 129.1375265 35.1632430, 129.1374164 35.1632453, 129.1373064 35.1632458, 129.1371963 35.1632431, 129.1370868 35.1632374, 129.1369771 35.1632291, 129.1368675 35.1632196, 129.1367582 35.1632066, 129.1366535 35.1631926, 129.1365455 35.1631749, 129.1364382 35.1631547, 129.1363319 35.1631313, 129.1362262 35.1631056, 129.1361635 35.1630886, 129.1359879 35.1630370, 129.1339085 35.1624254, 129.1309323 35.1612739, 129.1300397 35.1624597, 129.1286403 35.1640182, 129.1280521 35.1643682, 129.1273276 35.1647576, 129.1260237 35.1653431, 129.1260088 35.1663736, 129.1241929 35.1697908, 129.1237511 35.1704404, 129.1228883 35.1716764, 129.1222464 35.1724892, 129.1211556 35.1733579, 129.1208240 35.1739681, 129.1212926 35.1742195, 129.1219619 35.1745786, 129.1224829 35.1745833, 129.1226974 35.1745782, 129.1227212 35.1745776, 129.1228852 35.1745516, 129.1229279 35.1745418, 129.1229607 35.1745332, 129.1230018 35.1745215, 129.1230208 35.1745152, 129.1230622 35.1744985, 129.1230979 35.1744826, 129.1231929 35.1744363, 129.1231942 35.1744357, 129.1232137 35.1744245, 129.1232383 35.1744087, 129.1232645 35.1743911, 129.1232982 35.1743677, 129.1233225 35.1743494, 129.1233403 35.1743346, 129.1233517 35.1743246, 129.1233692 35.1743082, 129.1233807 35.1742965, 129.1234081 35.1742665, 129.1234984 35.1741632, 129.1235164 35.1741412, 129.1235441 35.1741061, 129.1238392 35.1737117, 129.1238524 35.1736980, 129.1239302 35.1736286, 129.1314881 35.1761496, 129.1320119 35.1763592, 129.1326218 35.1768918, 129.1338907 35.1785616, 129.1353736 35.1801079, 129.1388556 35.1828286, 129.1411494 35.1855569, 129.1434706 35.1883108, 129.1437143 35.1888319, 129.1448416 35.1912427, 129.1455113 35.1922137, 129.1468398 35.1927865, 129.1494541 35.1949322, 129.1495536 35.1950771, 129.1505107 35.1964709, 129.1514651 35.1983300, 129.1522808 35.1989526, 129.1523657 35.1990174, 129.1528177 35.1993480, 129.1561144 35.1983499)))"
21090750,우3동,2024,26408,31330.1,44.4,10480,8499,7957,2349,"SRID=4326;MULTIPOLYGON(((129.1435994 35.1634884, 129.1460461 35.1625757, 129.1461020 35.1625513, 129.1461676 35.1625227, 129.1465293 35.1623410, 129.1471486 35.1619181, 129.1486754 35.1608673, 129.1512462 35.1588415, 129.1512467 35.1588410, 129.1514388 35.1586706, 129.1520820 35.1579647, 129.1522995 35.1577213, 129.1523782 35.1576252, 129.1523828 35.1576195, 129.1524127 35.1575826, 129.1491807 35.1567557, 129.1488728 35.1566605, 129.1487892 35.1566264, 129.1487793 35.1566223, 129.1484508 35.1564648, 129.1482911 35.1563710, 129.1481693 35.1562940, 129.1480397 35.1561949, 129.1478614 35.1560209, 129.1477713 35.1559147, 129.1476817 35.1557978, 129.1474994 35.1548677, 129.1474365 35.1545428, 129.1475040 35.1544078, 129.1475557 35.1543047, 129.1475505 35.1541242, 129.1472556 35.1537350, 129.1471641 35.1536333, 129.1469974 35.1535134, 129.1468506 35.1534504, 129.1466930 35.1534003, 129.1465060 35.1533859, 129.1463173 35.1534000, 129.1428428 35.1543878, 129.1426676 35.1544407, 129.1425853 35.1544656, 129.1423303 35.1545650, 129.1420923 35.1547004, 129.1419369 35.1548046, 129.1417846 35.1549314, 129.1415917 35.1551250, 129.1415267 35.1552040, 129.1414925 35.1552455, 129.1414049 35.1553829, 129.1413067 35.1555457, 129.1405150 35.1570200, 129.1406479 35.1571729, 129.1410087 35.1574080, 129.1420268 35.1581887, 129.1420354 35.1585641, 129.1388754 35.1613133, 129.1384142 35.1613233, 129.1343750 35.1622808, 129.1339085 35.1624254, 129.1359879 35.1630370, 129.1361635 35.1630886, 129.1362262 35.1631056, 129.1363319 35.1631313, 129.1364382 35.1631547, 129.1365455 35.1631749, 129.1366535 35.1631926, 129.1367582 35.1632066, 129.1368675 35.1632196, 129.1369771 35.1632291, 129.1370868 35.1632374, 129.1371963 35.1632431, 129.1373064 35.1632458, 129.1374164 35.1632453, 129.1375265 35.1632430, 129.1376364 35.1632384, 129.1377461 35.1632306, 129.1378552 35.1632190, 129.1379635 35.1632033, 129.1380713 35.1631852, 129.1381784 35.1631641, 129.1383487 35.1631264, 129.1384041 35.1631129, 129.1385088 35.1630848, 129.1386120 35.1630550, 129.1387148 35.1630229, 129.1388163 35.1629883, 129.1389157 35.1629499, 129.1390135 35.1629091, 129.1391101 35.1628666, 129.1392055 35.1628222, 129.1393000 35.1627762, 129.1393923 35.1627274, 129.1394825 35.1626757, 129.1395696 35.1626214, 129.1396557 35.1625650, 129.1397392 35.1625070, 129.1398219 35.1624477, 129.1399013 35.1623856, 129.1399777 35.1623211, 129.1400261 35.1622788, 129.1400758 35.1622355, 129.1402941 35.1620471, 129.1406267 35.1622358, 129.1422461 35.1635021, 129.1427834 35.1641131, 129.1435994 35.1634884)))"
21100510,괴정1동,2024,17306,15083.3,50.7,7791,6621,3992,1415,"SRID=4326;MULTIPOLYGON(((128.9928523 35.1027079, 128.9925269 35.1026974, 128.9924701 35.1024184, 128.9924679 35.1024059, 128.9924788 35.1023699, 128.9931517 35.1001331, 128.9931568 35.1001162, 128.9932591 35.0998633, 128.9933708 35.0995871, 128.9934774 35.0993235, 128.9935288 35.0991966, 128.9937051 35.0987607, 128.9938450 35.0983447, 128.9938744 35.0982571, 128.9939090 35.0981463, 128.9939141 35.0980456, 128.9939167 35.0979943, 128.9939257 35.0977014, 128.9939369 35.0973355, 128.9939379 35.0973008, 128.9934474 35.0952327, 128.9928728 35.0930981, 128.9905983 35.0911658, 128.9859833 35.0919611, 128.9835422 35.0919867, 128.9827664 35.0936152, 128.9828288 35.0936377, 128.9829311 35.0936748, 128.9832020 35.0937729, 128.9846875 35.0946933, 128.9849165 35.0948601, 128.9851060 35.0950942, 128.9859500 35.0965243, 128.9861606 35.0970955, 128.9863185 35.0975239, 128.9866764 35.0986002, 128.9867712 35.0989521, 128.9875740 35.1040941, 128.9876059 35.1043301, 128.9875357 35.1061775, 128.9888211 35.1073630, 128.9908320 35.1090242, 128.9914835 35.1097407, 128.9916171 35.1096740, 128.9917302 35.1096176, 128.9917719 35.1095967, 128.9919524 35.1093848, 128.9928386 35.1078562, 128.9925598 35.1069260, 128.9935135 35.1053188, 128.9928523 35.1027079)))"
21100520,괴정2동,2024,14248,6793.6,48,6336,5520,2157,798,"SRID=4326;MULTIPOLYGON(((128.9990146 35.1185522, 129.0021380 35.1180177, 129.0027211 35.1172535, 129.0024070 35.1154982, 129.0020169 35.1142744, 129.0039059 35.1131187, 129.0035472 35.1112553, 129.0043272 35.1102400, 129.0046642 35.1099390, 129.0049817 35.1098455, 129.0054154 35.1097179, 129.0076007 35.1081855, 129.0104835 35.1056941, 129.0099781 35.1048206, 129.0091962 35.1038247, 129.0085518 35.1030949, 129.0083299 35.1029243, 129.0075905 35.1018548, 129.0074665 35.1015293, 129.0073275 35.1011647, 129.0072402 35.0995229, 129.0063763 35.0985094, 129.0061720 35.0982792, 129.0059884 35.0980733, 129.0049343 35.0973609, 129.0040894 35.0970836, 129.0034568 35.0968759, 129.0032122 35.0968307, 129.0016147 35.0969406, 129.0015781 35.0969502, 129.0015209 35.0969651, 129.0004037 35.0973090, 129.0002600 35.0984450, 128.9995599 35.1007787, 128.9985036 35.1049980, 128.9985965 35.1054732, 128.9989195 35.1083653, 128.9989116 35.1083665, 128.9980030 35.1084973, 128.9971453 35.1078745, 128.9971142 35.1078462, 128.9960878 35.1067165, 128.9958557 35.1058918, 128.9951807 35.1055470, 128.9942867 35.1050902, 128.9941873 35.1050394, 128.9940407 35.1051002, 128.9935135 35.1053188, 128.9925598 35.1069260, 128.9928386 35.1078562, 128.9919524 35.1093848, 128.9917719 35.1095967, 128.9917302 35.1096176, 128.9916171 35.1096740, 128.9914835 35.1097407, 128.9916516 35.1118168, 128.9933398 35.1121877, 128.9933944 35.1122858, 128.9947261 35.1146784, 128.9964858 35.1177322, 128.9972831 35.1188072, 128.9977369 35.1191534, 128.9984827 35.1196302, 128.9987467 35.1197943, 128.9987886 35.1198012, 128.9990146 35.1185522)))"
21100530,괴정3동,2024,11390,15742.1,51.6,5583,4634,3394,1240,"SRID=4326;MULTIPOLYGON(((128.9985036 35.1049980, 128.9995599 35.1007787, 129.0002600 35.0984450, 129.0004037 35.0973090, 128.9992074 35.0967515, 128.9964163 35.0949067, 128.9942535 35.0931975, 128.9932481 35.0930603, 128.9930613 35.0930759, 128.9930385 35.0930784, 128.9930312 35.0930793, 128.9929396 35.0930902, 128.9929231 35.0930921, 128.9928728 35.0930981, 128.9934474 35.0952327, 128.9939379 35.0973008, 128.9939369 35.0973355, 128.9939257 35.0977014, 128.9939167 35.0979943, 128.9939141 35.0980456, 128.9939090 35.0981463, 128.9938744 35.0982571, 128.9938450 35.0983447, 128.9937051 35.0987607, 128.9935288 35.0991966, 128.9934774 35.0993235, 128.9933708 35.0995871, 128.9932591 35.0998633, 128.9931568 35.1001162, 128.9931517 35.1001331, 128.9924788 35.1023699, 128.9924679 35.1024059, 128.9924701 35.1024184, 128.9925269 35.1026974, 128.9928523 35.1027079, 128.9935135 35.1053188, 128.9940407 35.1051002, 128.9941873 35.1050394, 128.9942867 35.1050902, 128.9951807 35.1055470, 128.9958557 35.1058918, 128.9960878 35.1067165, 128.9971142 35.1078462, 128.9971453 35.1078745, 128.9980030 35.1084973, 128.9989116 35.1083665, 128.9989195 35.1083653, 128.9985965 35.1054732, 128.9985036 35.1049980)))"
21100540,괴정4동,2024,14626,14875.4,45.6,6171,5456,2470,1004,"SRID=4326;MULTIPOLYGON(((128.9875357 35.1061775, 128.9876059 35.1043301, 128.9875740 35.1040941, 128.9867712 35.0989521, 128.9866764 35.0986002, 128.9863185 35.0975239, 128.9861606 35.0970955, 128.9859500 35.0965243, 128.9851060 35.0950942, 128.9849165 35.0948601, 128.9846875 35.0946933, 128.9832020 35.0937729, 128.9829311 35.0936748, 128.9828288 35.0936377, 128.9827664 35.0936152, 128.9825345 35.0939501, 128.9821623 35.0943106, 128.9790135 35.0964533, 128.9777161 35.0961481, 128.9750779 35.0967144, 128.9765895 35.0975041, 128.9771100 35.0977926, 128.9776884 35.0981801, 128.9831143 35.1028956, 128.9835697 35.1036100, 128.9835842 35.1036418, 128.9848568 35.1068758, 128.9851536 35.1082743, 128.9850595 35.1087383, 128.9850109 35.1089867, 128.9866524 35.1098298, 128.9874173 35.1101823, 128.9896658 35.1111353, 128.9912305 35.1117243, 128.9916516 35.1118168, 128.9914835 35.1097407, 128.9908320 35.1090242, 128.9888211 35.1073630, 128.9875357 35.1061775)))"
21100550,당리동,2024,23197,5944.4,48.8,10156,8910,7668,2087,"SRID=4326;MULTIPOLYGON(((128.9894890 35.1246091, 128.9911762 35.1244172, 128.9968148 35.1236274, 128.9997497 35.1232651, 128.9987886 35.1198012, 128.9987467 35.1197943, 128.9984827 35.1196302, 128.9977369 35.1191534, 128.9972831 35.1188072, 128.9964858 35.1177322, 128.9947261 35.1146784, 128.9933944 35.1122858, 128.9933398 35.1121877, 128.9916516 35.1118168, 128.9912305 35.1117243, 128.9896658 35.1111353, 128.9874173 35.1101823, 128.9866524 35.1098298, 128.9850109 35.1089867, 128.9850595 35.1087383, 128.9851536 35.1082743, 128.9848568 35.1068758, 128.9835842 35.1036418, 128.9835697 35.1036100, 128.9831143 35.1028956, 128.9776884 35.0981801, 128.9771100 35.0977926, 128.9765895 35.0975041, 128.9750779 35.0967144, 128.9710677 35.0980779, 128.9723047 35.1017006, 128.9727128 35.1019268, 128.9729472 35.1019263, 128.9733568 35.1020130, 128.9735843 35.1036001, 128.9734149 35.1036566, 128.9718723 35.1041693, 128.9707833 35.1045297, 128.9702578 35.1047036, 128.9700339 35.1047879, 128.9698297 35.1048960, 128.9694697 35.1051331, 128.9693312 35.1052367, 128.9692140 35.1053243, 128.9690060 35.1055091, 128.9688657 35.1056591, 128.9687346 35.1058109, 128.9686115 35.1059732, 128.9684468 35.1062175, 128.9685281 35.1062357, 128.9695750 35.1072812, 128.9743712 35.1144936, 128.9745447 35.1147871, 128.9749068 35.1153995, 128.9758850 35.1170540, 128.9769870 35.1169078, 128.9770092 35.1169049, 128.9800670 35.1171070, 128.9804691 35.1173986, 128.9811050 35.1182005, 128.9814595 35.1186476, 128.9815884 35.1196175, 128.9815956 35.1196712, 128.9822039 35.1203022, 128.9869507 35.1242198, 128.9878039 35.1243080, 128.9894890 35.1246091)))"
21100560,하단1동,2024,20978,4151.4,46.1,10479,7799,7041,2089,"SRID=4326;MULTIPOLYGON(((128.9456437 35.1078148, 128.9458914 35.1081852, 128.9512757 35.1082797, 128.9570784 35.1083210, 128.9570778 35.1083182, 128.9570692 35.1082792, 128.9568249 35.1071646, 128.9567981 35.1070494, 128.9567678 35.1069437, 128.9567608 35.1069299, 128.9567423 35.1068935, 128.9567096 35.1068464, 128.9566731 35.1068018, 128.9566268 35.1067629, 128.9565764 35.1067295, 128.9565217 35.1066996, 128.9564604 35.1066802, 128.9564416 35.1065988, 128.9565479 35.1065686, 128.9587016 35.1062386, 128.9599841 35.1062042, 128.9667432 35.1062292, 128.9674088 35.1062316, 128.9683076 35.1062349, 128.9685281 35.1062357, 128.9684468 35.1062175, 128.9686115 35.1059732, 128.9687346 35.1058109, 128.9688657 35.1056591, 128.9690060 35.1055091, 128.9692140 35.1053243, 128.9693312 35.1052367, 128.9694697 35.1051331, 128.9698297 35.1048960, 128.9700339 35.1047879, 128.9702578 35.1047036, 128.9707833 35.1045297, 128.9718723 35.1041693, 128.9734149 35.1036566, 128.9735843 35.1036001, 128.9733568 35.1020130, 128.9729472 35.1019263, 128.9727128 35.1019268, 128.9723047 35.1017006, 128.9710677 35.0980779, 128.9657081 35.1004952, 128.9649854 35.1007180, 128.9643444 35.1008100, 128.9638620 35.1007248, 128.9613782 35.0991519, 128.9603825 35.0988658, 128.9556120 35.0992099, 128.9560015 35.1026145, 128.9561284 35.1036970, 128.9563374 35.1048508, 128.9563661 35.1058250, 128.9563637 35.1058908, 128.9563493 35.1059323, 128.9563045 35.1060223, 128.9560388 35.1064388, 128.9524386 35.1069702, 128.9505148 35.1072542, 128.9488205 35.1071296, 128.9474029 35.1026071, 128.9473083 35.1022957, 128.9472523 35.1019851, 128.9472254 35.1017011, 128.9471982 35.1013629, 128.9471955 35.1010997, 128.9472032 35.1004560, 128.9473037 35.0998825, 128.9473296 35.0997424, 128.9473579 35.0996331, 128.9474101 35.0994957, 128.9474895 35.0992462, 128.9475252 35.0991322, 128.9475340 35.0990870, 128.9475249 35.0989865, 128.9475125 35.0989312, 128.9471654 35.0978174, 128.9449068 35.0908757, 128.9447876 35.0905147, 128.9442761 35.0890756, 128.9438924 35.0880815, 128.9430852 35.0863748, 128.9429910 35.0862100, 128.9426968 35.0857556, 128.9425810 35.0855840, 128.9425434 35.0855430, 128.9425323 35.0855382, 128.9425135 35.0855359, 128.9425021 35.0855370, 128.9424926 35.0855451, 128.9417868 35.0850921, 128.9395146 35.0819822, 128.9327809 35.0741003, 128.9326688 35.0739880, 128.9325382 35.0739193, 128.9320745 35.0738027, 128.9316813 35.0737292, 128.9312996 35.0736623, 128.9308782 35.0735927, 128.9307699 35.0735824, 128.9303739 35.0735972, 128.9301715 35.0736242, 128.9298937 35.0736738, 128.9296365 35.0737538, 128.9295109 35.0738056, 128.9294198 35.0738794, 128.9292466 35.0741229, 128.9292340 35.0741496, 128.9291691 35.0742916, 128.9291340 35.0743905, 128.9291095 35.0744866, 128.9289836 35.0749950, 128.9288810 35.0755226, 128.9288213 35.0758402, 128.9286679 35.0767556, 128.9286441 35.0769203, 128.9286081 35.0772890, 128.9285837 35.0775471, 128.9285510 35.0779095, 128.9285280 35.0782340, 128.9285251 35.0784079, 128.9285742 35.0787095, 128.9288130 35.0791685, 128.9292402 35.0797940, 128.9296262 35.0803119, 128.9299062 35.0807105, 128.9301826 35.0812399, 128.9318560 35.0847380, 128.9318803 35.0854541, 128.9315908 35.0878459, 128.9315722 35.0879381, 128.9315138 35.0880954, 128.9314847 35.0881345, 128.9318567 35.0924296, 128.9329750 35.0983851, 128.9335782 35.1000006, 128.9344883 35.1012071, 128.9350970 35.1027561, 128.9351841 35.1030004, 128.9353150 35.1035727, 128.9353292 35.1038706, 128.9357591 35.1051614, 128.9357652 35.1051775, 128.9358249 35.1053250, 128.9362123 35.1062774, 128.9362167 35.1062878, 128.9362215 35.1062981, 128.9362262 35.1063075, 128.9362306 35.1063161, 128.9362357 35.1063260, 128.9362408 35.1063354, 128.9362461 35.1063444, 128.9362690 35.1063838, 128.9362751 35.1063936, 128.9362817 35.1064032, 128.9362886 35.1064124, 128.9362953 35.1064207, 128.9363359 35.1064703, 128.9365320 35.1066915, 128.9365447 35.1067055, 128.9365532 35.1067135, 128.9365626 35.1067206, 128.9365731 35.1067264, 128.9365839 35.1067311, 128.9365980 35.1067361, 128.9366098 35.1067394, 128.9366217 35.1067420, 128.9366341 35.1067439, 128.9366468 35.1067453, 128.9366591 35.1067463, 128.9366705 35.1067472, 128.9366814 35.1067478, 128.9366925 35.1067484, 128.9367038 35.1067488, 128.9367155 35.1067489, 128.9367268 35.1067489, 128.9367381 35.1067487, 128.9367561 35.1067486, 128.9367679 35.1067488, 128.9367791 35.1067493, 128.9367927 35.1067504, 128.9368058 35.1067518, 128.9368182 35.1067533, 128.9368354 35.1067553, 128.9368465 35.1067567, 128.9368581 35.1067582, 128.9369613 35.1067722, 128.9369730 35.1067738, 128.9369846 35.1067755, 128.9369954 35.1067773, 128.9370144 35.1067809, 128.9370266 35.1067834, 128.9371052 35.1068007, 128.9371171 35.1068034, 128.9371293 35.1068063, 128.9372365 35.1068322, 128.9372485 35.1068351, 128.9372594 35.1068378, 128.9372998 35.1068482, 128.9373124 35.1068514, 128.9375353 35.1069125, 128.9375462 35.1069155, 128.9375569 35.1069187, 128.9375746 35.1069246, 128.9375866 35.1069290, 128.9376348 35.1069469, 128.9376459 35.1069511, 128.9376604 35.1069569, 128.9376710 35.1069615, 128.9380396 35.1071242, 128.9380496 35.1071288, 128.9380596 35.1071336, 128.9380698 35.1071385, 128.9380802 35.1071436, 128.9380903 35.1071486, 128.9381839 35.1071951, 128.9381939 35.1072002, 128.9382032 35.1072055, 128.9382679 35.1072453, 128.9382768 35.1072508, 128.9382856 35.1072566, 128.9383140 35.1072757, 128.9383230 35.1072818, 128.9383318 35.1072879, 128.9383781 35.1073195, 128.9383877 35.1073262, 128.9383971 35.1073331, 128.9384065 35.1073403, 128.9384159 35.1073473, 128.9384246 35.1073541, 128.9385922 35.1074895, 128.9386028 35.1074981, 128.9386109 35.1075050, 128.9386195 35.1075126, 128.9386275 35.1075202, 128.9386351 35.1075277, 128.9386426 35.1075352, 128.9386502 35.1075429, 128.9386583 35.1075515, 128.9388838 35.1077992, 128.9388907 35.1078071, 128.9388973 35.1078149, 128.9389034 35.1078226, 128.9389114 35.1078336, 128.9389172 35.1078428, 128.9389227 35.1078523, 128.9389281 35.1078619, 128.9389334 35.1078714, 128.9389387 35.1078809, 128.9389437 35.1078902, 128.9389517 35.1079056, 128.9389567 35.1079159, 128.9389611 35.1079255, 128.9389656 35.1079365, 128.9389693 35.1079465, 128.9389728 35.1079574, 128.9389755 35.1079668, 128.9389800 35.1079842, 128.9389821 35.1079957, 128.9390820 35.1086519, 128.9390809 35.1086714, 128.9456437 35.1078148)))"
21100570,하단2동,2024,26711,4597,42.6,13108,9696,10886,3069,"SRID=4326;MULTIPOLYGON(((128.9584048 35.1186093, 128.9594417 35.1177100, 128.9599738 35.1190966, 128.9603791 35.1197589, 128.9605914 35.1201053, 128.9636925 35.1219289, 128.9673208 35.1207284, 128.9692839 35.1200493, 128.9725429 35.1187189, 128.9758850 35.1170540, 128.9749068 35.1153995, 128.9745447 35.1147871, 128.9743712 35.1144936, 128.9695750 35.1072812, 128.9685281 35.1062357, 128.9683076 35.1062349, 128.9674088 35.1062316, 128.9667432 35.1062292, 128.9599841 35.1062042, 128.9587016 35.1062386, 128.9565479 35.1065686, 128.9564416 35.1065988, 128.9564604 35.1066802, 128.9565217 35.1066996, 128.9565764 35.1067295, 128.9566268 35.1067629, 128.9566731 35.1068018, 128.9567096 35.1068464, 128.9567423 35.1068935, 128.9567608 35.1069299, 128.9567678 35.1069437, 128.9567981 35.1070494, 128.9568249 35.1071646, 128.9570692 35.1082792, 128.9570778 35.1083182, 128.9570784 35.1083210, 128.9512757 35.1082797, 128.9458914 35.1081852, 128.9456437 35.1078148, 128.9390809 35.1086714, 128.9352641 35.1099505, 128.9348684 35.1119026, 128.9366418 35.1130944, 128.9381657 35.1141191, 128.9382695 35.1147690, 128.9386465 35.1154820, 128.9415077 35.1185922, 128.9420384 35.1190891, 128.9447244 35.1212079, 128.9455654 35.1217419, 128.9457821 35.1218792, 128.9477832 35.1226973, 128.9484382 35.1241067, 128.9496187 35.1263035, 128.9512630 35.1290147, 128.9519299 35.1299099, 128.9530779 35.1312750, 128.9542588 35.1325465, 128.9553960 35.1337455, 128.9555211 35.1338732, 128.9560383 35.1343971, 128.9562924 35.1346538, 128.9564931 35.1348556, 128.9567454 35.1351064, 128.9594110 35.1366285, 128.9596404 35.1366451, 128.9603934 35.1366996, 128.9622307 35.1368326, 128.9622313 35.1356140, 128.9615778 35.1335189, 128.9612847 35.1327132, 128.9609312 35.1318653, 128.9607803 35.1315139, 128.9605733 35.1310494, 128.9603130 35.1306646, 128.9597978 35.1299129, 128.9588290 35.1281963, 128.9585958 35.1277526, 128.9582106 35.1268353, 128.9581530 35.1266958, 128.9579921 35.1263068, 128.9577905 35.1255807, 128.9576370 35.1249832, 128.9574621 35.1243024, 128.9574469 35.1238239, 128.9575176 35.1227012, 128.9575832 35.1220938, 128.9578260 35.1206567, 128.9581929 35.1188709, 128.9582624 35.1187509, 128.9584048 35.1186093)))"
21100580,신평1동,2024,15435,8670.2,48.8,7120,5337,11705,1600,"SRID=4326;MULTIPOLYGON(((128.9777161 35.0961481, 128.9790135 35.0964533, 128.9821623 35.0943106, 128.9825345 35.0939501, 128.9827664 35.0936152, 128.9835422 35.0919867, 128.9838530 35.0876334, 128.9835776 35.0860041, 128.9836803 35.0847365, 128.9778742 35.0852336, 128.9769915 35.0851026, 128.9677574 35.0853790, 128.9659747 35.0900890, 128.9672904 35.0912536, 128.9680442 35.0912122, 128.9686354 35.0911798, 128.9690578 35.0911566, 128.9690872 35.0911697, 128.9692957 35.0916043, 128.9693054 35.0934296, 128.9692094 35.0940784, 128.9698869 35.0968900, 128.9710677 35.0980779, 128.9750779 35.0967144, 128.9777161 35.0961481)))"
21100590,신평2동,2024,17183,6654.3,45.5,7158,5345,9961,1566,"SRID=4326;MULTIPOLYGON(((128.9657081 35.1004952, 128.9710677 35.0980779, 128.9698869 35.0968900, 128.9692094 35.0940784, 128.9693054 35.0934296, 128.9692957 35.0916043, 128.9690872 35.0911697, 128.9690578 35.0911566, 128.9686354 35.0911798, 128.9680442 35.0912122, 128.9672904 35.0912536, 128.9659747 35.0900890, 128.9677574 35.0853790, 128.9677614 35.0853675, 128.9680287 35.0845962, 128.9680142 35.0844947, 128.9663949 35.0840722, 128.9577221 35.0818324, 128.9558322 35.0813399, 128.9558627 35.0812618, 128.9506152 35.0799053, 128.9503608 35.0815351, 128.9503280 35.0817766, 128.9503120 35.0821261, 128.9503489 35.0826367, 128.9504497 35.0835215, 128.9504809 35.0836934, 128.9505078 35.0837815, 128.9507446 35.0845260, 128.9509202 35.0849880, 128.9512661 35.0856158, 128.9515678 35.0861369, 128.9516431 35.0862570, 128.9521116 35.0869972, 128.9523840 35.0873396, 128.9524760 35.0874619, 128.9525141 35.0875249, 128.9530095 35.0885118, 128.9533272 35.0891658, 128.9534883 35.0895132, 128.9536288 35.0898449, 128.9538425 35.0903752, 128.9539534 35.0906606, 128.9541904 35.0913203, 128.9542463 35.0914891, 128.9543235 35.0917248, 128.9545464 35.0924424, 128.9546298 35.0927350, 128.9546535 35.0928282, 128.9547675 35.0932864, 128.9548033 35.0934392, 128.9548473 35.0936327, 128.9549259 35.0940074, 128.9549674 35.0942197, 128.9550601 35.0947132, 128.9551051 35.0949956, 128.9551276 35.0951492, 128.9551720 35.0954854, 128.9551946 35.0956574, 128.9552137 35.0958160, 128.9556120 35.0992099, 128.9603825 35.0988658, 128.9613782 35.0991519, 128.9638620 35.1007248, 128.9643444 35.1008100, 128.9649854 35.1007180, 128.9657081 35.1004952)))"
21100600,장림1동,2024,12090,4842.9,44.3,4932,4464,10017,1807,"SRID=4326;MULTIPOLYGON(((128.9506152 35.0799053, 128.9558627 35.0812618, 128.9558322 35.0813399, 128.9577221 35.0818324, 128.9663949 35.0840722, 128.9680142 35.0844947, 128.9680287 35.0845962, 128.9677614 35.0853675, 128.9677574 35.0853790, 128.9769915 35.0851026, 128.9771784 35.0848372, 128.9771888 35.0848212, 128.9771989 35.0848051, 128.9772034 35.0847968, 128.9772072 35.0847883, 128.9772138 35.0847710, 128.9772168 35.0847624, 128.9772193 35.0847535, 128.9772213 35.0847446, 128.9772234 35.0847266, 128.9772241 35.0847175, 128.9772246 35.0847086, 128.9772242 35.0846904, 128.9771808 35.0825762, 128.9771802 35.0825671, 128.9771773 35.0825491, 128.9771732 35.0825313, 128.9771705 35.0825226, 128.9765601 35.0805930, 128.9717568 35.0806037, 128.9699648 35.0806090, 128.9693489 35.0806838, 128.9682189 35.0807452, 128.9681134 35.0805931, 128.9681120 35.0805896, 128.9679574 35.0802046, 128.9676450 35.0794262, 128.9676183 35.0793597, 128.9664286 35.0730367, 128.9674806 35.0691648, 128.9705358 35.0672620, 128.9716467 35.0674957, 128.9724970 35.0675541, 128.9736073 35.0672469, 128.9743116 35.0663853, 128.9744167 35.0662567, 128.9709404 35.0665518, 128.9708938 35.0665572, 128.9699761 35.0665387, 128.9690808 35.0664841, 128.9689321 35.0660047, 128.9688649 35.0657135, 128.9688568 35.0656785, 128.9674286 35.0658370, 128.9667660 35.0661646, 128.9614421 35.0689831, 128.9601014 35.0697334, 128.9573780 35.0709521, 128.9569046 35.0727673, 128.9546204 35.0725409, 128.9526919 35.0722020, 128.9526238 35.0722074, 128.9525973 35.0722156, 128.9525923 35.0722258, 128.9522608 35.0734383, 128.9520704 35.0741555, 128.9506152 35.0799053)))"
21100610,장림2동,2024,25349,10791.5,46.6,10900,9844,9661,2161,"SRID=4326;MULTIPOLYGON(((128.9778742 35.0852336, 128.9836803 35.0847365, 128.9836535 35.0844184, 128.9835447 35.0832329, 128.9830088 35.0812690, 128.9839460 35.0796314, 128.9858223 35.0757774, 128.9857925 35.0755831, 128.9857709 35.0754430, 128.9857637 35.0753965, 128.9857567 35.0753676, 128.9856265 35.0748814, 128.9854441 35.0743268, 128.9849901 35.0731520, 128.9848572 35.0730661, 128.9847100 35.0730048, 128.9843490 35.0729674, 128.9824496 35.0710798, 128.9811707 35.0704575, 128.9781618 35.0689192, 128.9758695 35.0674056, 128.9744167 35.0662567, 128.9743116 35.0663853, 128.9736073 35.0672469, 128.9724970 35.0675541, 128.9716467 35.0674957, 128.9705358 35.0672620, 128.9674806 35.0691648, 128.9664286 35.0730367, 128.9676183 35.0793597, 128.9676450 35.0794262, 128.9679574 35.0802046, 128.9681120 35.0805896, 128.9681134 35.0805931, 128.9682189 35.0807452, 128.9693489 35.0806838, 128.9699648 35.0806090, 128.9717568 35.0806037, 128.9765601 35.0805930, 128.9771705 35.0825226, 128.9771732 35.0825313, 128.9771773 35.0825491, 128.9771802 35.0825671, 128.9771808 35.0825762, 128.9772242 35.0846904, 128.9772246 35.0847086, 128.9772241 35.0847175, 128.9772234 35.0847266, 128.9772213 35.0847446, 128.9772193 35.0847535, 128.9772168 35.0847624, 128.9772138 35.0847710, 128.9772072 35.0847883, 128.9772034 35.0847968, 128.9771989 35.0848051, 128.9771888 35.0848212, 128.9771784 35.0848372, 128.9769915 35.0851026, 128.9778742 35.0852336)))"
21100620,다대1동,2024,35764,3730.9,47.2,15603,14525,12550,2852,"SRID=4326;MULTIPOLYGON(((128.9901534 34.9818788, 128.9901056 34.9811063, 128.9903063 34.9808912, 128.9903241 34.9808774, 128.9907401 34.9807560, 128.9907987 34.9807571, 128.9917178 34.9809725, 128.9919412 34.9810816, 128.9919275 34.9810994, 128.9919191 34.9811262, 128.9919169 34.9811588, 128.9919208 34.9811844, 128.9919275 34.9812099, 128.9919487 34.9812778, 128.9919674 34.9813126, 128.9919861 34.9813331, 128.9924032 34.9816134, 128.9924233 34.9816241, 128.9926088 34.9817233, 128.9928333 34.9818203, 128.9928550 34.9818276, 128.9932849 34.9818400, 128.9933086 34.9818390, 128.9938824 34.9818019, 128.9939038 34.9817979, 128.9939141 34.9817869, 128.9940058 34.9815323, 128.9940095 34.9815166, 128.9939811 34.9812758, 128.9939059 34.9808706, 128.9938968 34.9808470, 128.9938791 34.9808289, 128.9936270 34.9806137, 128.9919649 34.9794020, 128.9887780 34.9782636, 128.9886560 34.9782535, 128.9886301 34.9782532, 128.9886162 34.9782543, 128.9885359 34.9782749, 128.9883395 34.9783527, 128.9883207 34.9783623, 128.9880614 34.9785490, 128.9879653 34.9786255, 128.9879562 34.9787103, 128.9879491 34.9790740, 128.9879534 34.9790924, 128.9880089 34.9791893, 128.9880248 34.9792123, 128.9895037 34.9813062, 128.9901534 34.9818788)), ((128.9741400 35.0309933, 128.9742978 35.0310328, 128.9743484 35.0310353, 128.9743809 35.0310188, 128.9744088 35.0309818, 128.9745127 35.0308290, 128.9749551 35.0301568, 128.9751594 35.0297564, 128.9752125 35.0294995, 128.9752143 35.0294453, 128.9751841 35.0291917, 128.9737855 35.0253846, 128.9737589 35.0253285, 128.9737153 35.0252937, 128.9736452 35.0252572, 128.9736004 35.0252386, 128.9735355 35.0252134, 128.9733490 35.0251625, 128.9733241 35.0251654, 128.9727821 35.0256357, 128.9724976 35.0259393, 128.9712328 35.0272975, 128.9712002 35.0273429, 128.9711693 35.0273981, 128.9711461 35.0274679, 128.9711386 35.0275186, 128.9711454 35.0275734, 128.9712049 35.0277943, 128.9716486 35.0291107, 128.9716892 35.0292292, 128.9717258 35.0293038, 128.9717614 35.0293513, 128.9719090 35.0295413, 128.9729391 35.0306017, 128.9729737 35.0306290, 128.9734628 35.0309704, 128.9734970 35.0309936, 128.9735286 35.0310088, 128.9737791 35.0310870, 128.9741687 35.0311695, 128.9741839 35.0311445, 128.9741400 35.0309933)), ((128.9573780 35.0709521, 128.9601014 35.0697334, 128.9614421 35.0689831, 128.9667660 35.0661646, 128.9674286 35.0658370, 128.9688568 35.0656785, 128.9688649 35.0657135, 128.9689321 35.0660047, 128.9690808 35.0664841, 128.9699761 35.0665387, 128.9708938 35.0665572, 128.9709404 35.0665518, 128.9713137 35.0648590, 128.9714366 35.0644379, 128.9714758 35.0643303, 128.9715937 35.0640410, 128.9717160 35.0637761, 128.9722931 35.0626642, 128.9755293 35.0608337, 128.9756222 35.0607895, 128.9761496 35.0606757, 128.9765834 35.0605919, 128.9766555 35.0605731, 128.9766581 35.0605725, 128.9769009 35.0603490, 128.9778749 35.0591590, 128.9780008 35.0589070, 128.9780720 35.0587086, 128.9781075 35.0571447, 128.9773820 35.0567035, 128.9755699 35.0566655, 128.9751005 35.0568433, 128.9750000 35.0568811, 128.9746882 35.0569983, 128.9746773 35.0570017, 128.9745979 35.0569993, 128.9727902 35.0568775, 128.9727846 35.0568767, 128.9727812 35.0568742, 128.9725163 35.0554163, 128.9723875 35.0544750, 128.9723880 35.0544673, 128.9723931 35.0544587, 128.9732596 35.0535649, 128.9732680 35.0535582, 128.9732899 35.0535444, 128.9736555 35.0533146, 128.9739461 35.0532485, 128.9765950 35.0527477, 128.9772282 35.0527669, 128.9795507 35.0529289, 128.9802725 35.0528520, 128.9826050 35.0516958, 128.9827561 35.0514204, 128.9816314 35.0493892, 128.9798625 35.0477360, 128.9798594 35.0477955, 128.9798406 35.0479534, 128.9798337 35.0480062, 128.9798075 35.0481470, 128.9797974 35.0481669, 128.9797650 35.0482007, 128.9797119 35.0482372, 128.9796821 35.0482513, 128.9780536 35.0484936, 128.9730114 35.0492348, 128.9727805 35.0491786, 128.9724648 35.0490976, 128.9713047 35.0485640, 128.9707232 35.0482337, 128.9705005 35.0480758, 128.9704675 35.0480517, 128.9704019 35.0480035, 128.9701454 35.0477869, 128.9700988 35.0477458, 128.9697567 35.0474229, 128.9697307 35.0473967, 128.9697031 35.0473633, 128.9696776 35.0473286, 128.9696311 35.0472635, 128.9696138 35.0472360, 128.9695731 35.0471709, 128.9694153 35.0468800, 128.9693639 35.0467579, 128.9691906 35.0462996, 128.9691696 35.0462439, 128.9691401 35.0461268, 128.9691371 35.0460720, 128.9691352 35.0460112, 128.9691346 35.0459817, 128.9691409 35.0459233, 128.9691476 35.0458907, 128.9691708 35.0458070, 128.9691814 35.0457755, 128.9692162 35.0456900, 128.9692392 35.0456429, 128.9692790 35.0455705, 128.9695822 35.0450682, 128.9697188 35.0449334, 128.9697346 35.0449196, 128.9697450 35.0449104, 128.9697671 35.0448938, 128.9721408 35.0437244, 128.9750807 35.0423036, 128.9757425 35.0422263, 128.9762832 35.0421380, 128.9764645 35.0420318, 128.9768107 35.0418134, 128.9771525 35.0415968, 128.9771896 35.0415642, 128.9778734 35.0408241, 128.9778856 35.0407745, 128.9779912 35.0402068, 128.9779037 35.0399103, 128.9778832 35.0398447, 128.9778506 35.0397808, 128.9778111 35.0397392, 128.9777708 35.0397247, 128.9777142 35.0397194, 128.9776635 35.0397220, 128.9761085 35.0401933, 128.9760563 35.0402186, 128.9760114 35.0402453, 128.9759629 35.0402744, 128.9759335 35.0402980, 128.9758709 35.0403695, 128.9758393 35.0404186, 128.9758146 35.0404803, 128.9757889 35.0405390, 128.9757623 35.0405776, 128.9757177 35.0406188, 128.9747783 35.0413639, 128.9747351 35.0413938, 128.9746208 35.0414467, 128.9745741 35.0414599, 128.9745022 35.0414627, 128.9744859 35.0414612, 128.9744467 35.0414527, 128.9735922 35.0411805, 128.9734550 35.0411207, 128.9733834 35.0410876, 128.9732439 35.0410158, 128.9730569 35.0409053, 128.9729301 35.0408253, 128.9725740 35.0405680, 128.9677673 35.0368085, 128.9677055 35.0367551, 128.9671968 35.0362317, 128.9671663 35.0361935, 128.9671266 35.0361431, 128.9670950 35.0361017, 128.9670709 35.0360643, 128.9670563 35.0360358, 128.9669250 35.0356497, 128.9669147 35.0355969, 128.9669126 35.0355497, 128.9669130 35.0354981, 128.9669209 35.0354238, 128.9670363 35.0347817, 128.9671325 35.0346392, 128.9673788 35.0342742, 128.9674405 35.0333325, 128.9670106 35.0328820, 128.9669554 35.0328569, 128.9663576 35.0326123, 128.9659259 35.0324739, 128.9656962 35.0324479, 128.9656584 35.0324437, 128.9656220 35.0324398, 128.9655980 35.0324389, 128.9655781 35.0324444, 128.9655586 35.0324557, 128.9655468 35.0324652, 128.9648174 35.0333526, 128.9647873 35.0333916, 128.9645657 35.0339061, 128.9645232 35.0340258, 128.9644807 35.0341654, 128.9644743 35.0341977, 128.9643217 35.0350657, 128.9643180 35.0351413, 128.9643174 35.0351811, 128.9644553 35.0365075, 128.9659202 35.0376667, 128.9666446 35.0390772, 128.9673877 35.0431639, 128.9657719 35.0441588, 128.9627319 35.0460166, 128.9603745 35.0474307, 128.9598257 35.0495726, 128.9600607 35.0493220, 128.9598102 35.0496332, 128.9598257 35.0495726, 128.9591583 35.0502841, 128.9589135 35.0505861, 128.9586209 35.0510315, 128.9578220 35.0523524, 128.9576860 35.0525994, 128.9576157 35.0527286, 128.9575816 35.0528017, 128.9575650 35.0528383, 128.9575514 35.0528705, 128.9573550 35.0537252, 128.9571361 35.0547818, 128.9565685 35.0569842, 128.9548825 35.0634340, 128.9534847 35.0687604, 128.9532303 35.0694937, 128.9527059 35.0717349, 128.9526518 35.0720099, 128.9526981 35.0720380, 128.9532773 35.0721387, 128.9569046 35.0727673, 128.9573780 35.0709521)), ((128.9534711 35.0619923, 128.9535745 35.0617407, 128.9536470 35.0615402, 128.9537094 35.0612513, 128.9537335 35.0610055, 128.9541609 35.0561266, 128.9541703 35.0559768, 128.9541345 35.0556545, 128.9541142 35.0556237, 128.9534527 35.0554492, 128.9530343 35.0556202, 128.9529500 35.0556713, 128.9528768 35.0557687, 128.9528014 35.0558766, 128.9527330 35.0560053, 128.9526736 35.0561362, 128.9526219 35.0562630, 128.9525806 35.0564019, 128.9524717 35.0569651, 128.9524612 35.0570540, 128.9524970 35.0571911, 128.9525700 35.0573146, 128.9526685 35.0574485, 128.9527802 35.0575840, 128.9528686 35.0576978, 128.9529270 35.0578384, 128.9529558 35.0580070, 128.9530301 35.0586067, 128.9529847 35.0588737, 128.9529172 35.0589407, 128.9518542 35.0595427, 128.9480361 35.0611040, 128.9477811 35.0611909, 128.9457469 35.0618447, 128.9456531 35.0618729, 128.9455686 35.0618746, 128.9455033 35.0618458, 128.9454758 35.0617848, 128.9454969 35.0616847, 128.9455605 35.0615375, 128.9461914 35.0608568, 128.9469373 35.0601436, 128.9476239 35.0599324, 128.9478478 35.0598445, 128.9480975 35.0597313, 128.9490677 35.0590840, 128.9494031 35.0587979, 128.9494602 35.0587403, 128.9502618 35.0577234, 128.9503698 35.0575844, 128.9505714 35.0573167, 128.9507591 35.0570340, 128.9508501 35.0568605, 128.9509582 35.0566172, 128.9509942 35.0564870, 128.9510104 35.0563899, 128.9510144 35.0562776, 128.9509979 35.0561666, 128.9509721 35.0560626, 128.9509327 35.0559772, 128.9502944 35.0546749, 128.9502380 35.0545788, 128.9501736 35.0544910, 128.9500857 35.0544183, 128.9500045 35.0543721, 128.9498907 35.0543271, 128.9497441 35.0542906, 128.9493141 35.0542212, 128.9492092 35.0542230, 128.9491027 35.0542335, 128.9490238 35.0542645, 128.9489490 35.0543245, 128.9488569 35.0544167, 128.9487742 35.0545258, 128.9486770 35.0546559, 128.9485755 35.0548170, 128.9485054 35.0549468, 128.9481682 35.0555002, 128.9480994 35.0556110, 128.9478748 35.0558720, 128.9477325 35.0560047, 128.9475698 35.0561130, 128.9474443 35.0561817, 128.9471381 35.0563331, 128.9469862 35.0563914, 128.9468166 35.0564270, 128.9466263 35.0564477, 128.9423024 35.0567280, 128.9422313 35.0567222, 128.9419183 35.0566944, 128.9418206 35.0566826, 128.9417054 35.0566672, 128.9413977 35.0566209, 128.9412890 35.0565975, 128.9411880 35.0565728, 128.9404362 35.0563853, 128.9403744 35.0563670, 128.9402781 35.0563345, 128.9400901 35.0562664, 128.9398846 35.0561769, 128.9397361 35.0561032, 128.9395573 35.0560092, 128.9389848 35.0556748, 128.9378633 35.0546551, 128.9378386 35.0546253, 128.9378213 35.0545768, 128.9378175 35.0543162, 128.9378493 35.0542588, 128.9379281 35.0541626, 128.9381201 35.0540092, 128.9383591 35.0538402, 128.9384967 35.0537576, 128.9386447 35.0536762, 128.9387962 35.0536140, 128.9389342 35.0535765, 128.9390534 35.0535696, 128.9407134 35.0536886, 128.9408717 35.0537018, 128.9410708 35.0537297, 128.9412464 35.0537669, 128.9436207 35.0544126, 128.9456598 35.0554955, 128.9490913 35.0535741, 128.9531696 35.0532690, 128.9532422 35.0532652, 128.9533106 35.0532603, 128.9533790 35.0532529, 128.9534457 35.0532425, 128.9535154 35.0532290, 128.9535854 35.0532123, 128.9536091 35.0532055, 128.9536619 35.0531892, 128.9537302 35.0531637, 128.9537582 35.0531509, 128.9538019 35.0531281, 128.9538661 35.0530908, 128.9539105 35.0530633, 128.9540380 35.0529844, 128.9540845 35.0529550, 128.9541318 35.0529235, 128.9544929 35.0526755, 128.9545353 35.0526462, 128.9545773 35.0526151, 128.9546182 35.0525821, 128.9546604 35.0525449, 128.9546978 35.0525078, 128.9548430 35.0523513, 128.9548763 35.0523132, 128.9549083 35.0522719, 128.9549352 35.0522319, 128.9566243 35.0497078, 128.9566530 35.0496620, 128.9566781 35.0496164, 128.9566859 35.0496000, 128.9567029 35.0495550, 128.9567074 35.0495390, 128.9567176 35.0494907, 128.9567245 35.0494430, 128.9567266 35.0494105, 128.9567275 35.0493636, 128.9567275 35.0493161, 128.9567243 35.0492577, 128.9566062 35.0472579, 128.9566014 35.0471911, 128.9565951 35.0471364, 128.9565865 35.0470939, 128.9565820 35.0470808, 128.9565764 35.0470681, 128.9565513 35.0470195, 128.9565431 35.0470058, 128.9565147 35.0469653, 128.9565040 35.0469524, 128.9564721 35.0469189, 128.9564600 35.0469078, 128.9564469 35.0468973, 128.9564207 35.0468785, 128.9564056 35.0468702, 128.9563897 35.0468628, 128.9563729 35.0468570, 128.9563555 35.0468521, 128.9563387 35.0468481, 128.9563054 35.0468423, 128.9562875 35.0468404, 128.9562184 35.0468372, 128.9538600 35.0468174, 128.9538409 35.0468178, 128.9537862 35.0468206, 128.9537316 35.0468259, 128.9536643 35.0468330, 128.9536316 35.0468378, 128.9536146 35.0468415, 128.9532992 35.0469153, 128.9532925 35.0469179, 128.9532878 35.0469220, 128.9532853 35.0469266, 128.9532847 35.0469321, 128.9532852 35.0469385, 128.9532869 35.0469456, 128.9532901 35.0469529, 128.9532940 35.0469601, 128.9532987 35.0469671, 128.9533037 35.0469737, 128.9533091 35.0469801, 128.9533326 35.0470115, 128.9533340 35.0470176, 128.9533341 35.0470237, 128.9533332 35.0470302, 128.9533300 35.0470370, 128.9533254 35.0470441, 128.9533188 35.0470513, 128.9533112 35.0470588, 128.9532672 35.0470973, 128.9532474 35.0471127, 128.9524530 35.0476904, 128.9524240 35.0477105, 128.9523915 35.0477304, 128.9523360 35.0477630, 128.9523213 35.0477707, 128.9522699 35.0477970, 128.9522207 35.0478209, 128.9521823 35.0478372, 128.9521406 35.0478527, 128.9521240 35.0478580, 128.9520626 35.0478741, 128.9519981 35.0478890, 128.9508503 35.0481443, 128.9506985 35.0481764, 128.9505089 35.0482042, 128.9492849 35.0483727, 128.9486543 35.0484435, 128.9484686 35.0484619, 128.9483032 35.0484736, 128.9481334 35.0484814, 128.9479334 35.0484889, 128.9477352 35.0484948, 128.9475452 35.0484973, 128.9473509 35.0484983, 128.9471478 35.0484966, 128.9464037 35.0484865, 128.9427275 35.0483823, 128.9409212 35.0482715, 128.9382366 35.0482907, 128.9343763 35.0486612, 128.9308159 35.0490674, 128.9306679 35.0490874, 128.9305472 35.0491169, 128.9275414 35.0512922, 128.9272257 35.0515321, 128.9271105 35.0516384, 128.9245282 35.0542011, 128.9244632 35.0542736, 128.9244117 35.0543358, 128.9243643 35.0544079, 128.9243225 35.0544870, 128.9242246 35.0548198, 128.9242266 35.0548924, 128.9242292 35.0549263, 128.9242395 35.0549624, 128.9242606 35.0550045, 128.9242868 35.0550486, 128.9243135 35.0550885, 128.9243502 35.0551322, 128.9243849 35.0551685, 128.9244185 35.0552012, 128.9244618 35.0552411, 128.9245082 35.0552772, 128.9245966 35.0553427, 128.9246467 35.0553748, 128.9261426 35.0562100, 128.9263269 35.0563054, 128.9268218 35.0565412, 128.9273119 35.0567599, 128.9274983 35.0568366, 128.9278650 35.0569250, 128.9279887 35.0569440, 128.9280394 35.0569515, 128.9282920 35.0569556, 128.9283340 35.0569517, 128.9285122 35.0569048, 128.9285778 35.0568873, 128.9286561 35.0568613, 128.9287211 35.0568356, 128.9287825 35.0568021, 128.9307136 35.0555871, 128.9308126 35.0555075, 128.9308553 35.0554696, 128.9308925 35.0554219, 128.9309269 35.0553701, 128.9309441 35.0553334, 128.9309432 35.0552890, 128.9309247 35.0552455, 128.9308981 35.0552008, 128.9308660 35.0551570, 128.9303234 35.0545252, 128.9298857 35.0540194, 128.9298158 35.0538479, 128.9298149 35.0537468, 128.9298219 35.0525752, 128.9298385 35.0524475, 128.9299285 35.0523440, 128.9305157 35.0517773, 128.9306391 35.0516655, 128.9315418 35.0512976, 128.9317336 35.0512593, 128.9352401 35.0505656, 128.9359532 35.0504808, 128.9360442 35.0504780, 128.9361000 35.0505116, 128.9361147 35.0505684, 128.9360812 35.0507196, 128.9360145 35.0508501, 128.9359439 35.0509659, 128.9358515 35.0511157, 128.9356759 35.0513961, 128.9355758 35.0515531, 128.9354891 35.0516712, 128.9319781 35.0564066, 128.9318702 35.0563812, 128.9315425 35.0563152, 128.9314023 35.0563044, 128.9312616 35.0563180, 128.9311313 35.0563443, 128.9309848 35.0563856, 128.9308723 35.0564375, 128.9307717 35.0565089, 128.9306397 35.0566281, 128.9304353 35.0568349, 128.9303349 35.0569441, 128.9302408 35.0570655, 128.9301900 35.0572007, 128.9301298 35.0574994, 128.9301095 35.0576286, 128.9301096 35.0577501, 128.9301258 35.0578717, 128.9301653 35.0581566, 128.9302089 35.0583297, 128.9302615 35.0584747, 128.9303424 35.0586399, 128.9304388 35.0588193, 128.9313192 35.0601224, 128.9332608 35.0626711, 128.9333799 35.0628194, 128.9336320 35.0630828, 128.9356885 35.0649024, 128.9358397 35.0650249, 128.9359941 35.0651380, 128.9361705 35.0652635, 128.9363586 35.0654047, 128.9365362 35.0655485, 128.9366915 35.0657042, 128.9368401 35.0658546, 128.9375462 35.0665978, 128.9377223 35.0667848, 128.9378335 35.0669107, 128.9394162 35.0688417, 128.9400851 35.0696857, 128.9406592 35.0704353, 128.9411007 35.0712288, 128.9417080 35.0722780, 128.9417694 35.0723680, 128.9418293 35.0724415, 128.9426247 35.0733778, 128.9427362 35.0734857, 128.9428418 35.0735853, 128.9429302 35.0736648, 128.9430428 35.0737460, 128.9436554 35.0741409, 128.9441182 35.0744370, 128.9442861 35.0745434, 128.9443348 35.0745532, 128.9443829 35.0745569, 128.9444488 35.0745551, 128.9445096 35.0745462, 128.9445677 35.0745315, 128.9446116 35.0744992, 128.9448812 35.0741704, 128.9460508 35.0726437, 128.9529423 35.0629415, 128.9530979 35.0627148, 128.9532239 35.0624879, 128.9533562 35.0622474, 128.9534711 35.0619923)))"
21100630,다대2동,2024,24504,10437,49.3,11427,11303,4093,1286,"SRID=4326;MULTIPOLYGON(((128.9824679 35.0709804, 128.9842100 35.0690843, 128.9877917 35.0644349, 128.9883237 35.0634372, 128.9889356 35.0622898, 128.9890613 35.0612198, 128.9910481 35.0605893, 128.9943744 35.0591681, 128.9949571 35.0575843, 128.9949620 35.0575710, 128.9950807 35.0572434, 128.9951105 35.0571562, 128.9951258 35.0571077, 128.9951510 35.0570205, 128.9951575 35.0569954, 128.9951681 35.0569486, 128.9951738 35.0569166, 128.9951895 35.0568107, 128.9951946 35.0567616, 128.9951971 35.0566895, 128.9951984 35.0566171, 128.9951933 35.0565590, 128.9951850 35.0565026, 128.9950413 35.0555216, 128.9948972 35.0545379, 128.9948902 35.0544894, 128.9948844 35.0544490, 128.9948808 35.0544076, 128.9948781 35.0543658, 128.9948768 35.0542842, 128.9948782 35.0542508, 128.9948812 35.0542022, 128.9948868 35.0541440, 128.9948925 35.0540954, 128.9949076 35.0540053, 128.9949150 35.0539651, 128.9949270 35.0539157, 128.9949383 35.0538695, 128.9949562 35.0538088, 128.9949910 35.0537164, 128.9956999 35.0520058, 128.9957209 35.0519556, 128.9957334 35.0519256, 128.9957876 35.0518258, 128.9958088 35.0517889, 128.9958542 35.0517169, 128.9958836 35.0516725, 128.9959085 35.0516381, 128.9959706 35.0515636, 128.9959990 35.0515300, 128.9960228 35.0515032, 128.9960772 35.0514445, 128.9960970 35.0514259, 128.9961726 35.0513549, 128.9961744 35.0513533, 128.9962038 35.0513272, 128.9962390 35.0512977, 128.9962816 35.0512626, 128.9963530 35.0512056, 128.9963898 35.0511779, 128.9964280 35.0511511, 128.9964903 35.0511092, 128.9965024 35.0511020, 128.9965548 35.0510710, 128.9966298 35.0510301, 128.9987857 35.0489691, 129.0000574 35.0476004, 129.0002360 35.0473937, 129.0002613 35.0473624, 129.0002801 35.0473309, 129.0002913 35.0473078, 129.0003691 35.0471061, 129.0003873 35.0470248, 129.0003928 35.0469889, 129.0003978 35.0469178, 129.0004000 35.0468845, 129.0003973 35.0468491, 129.0003898 35.0468180, 128.9985730 35.0444164, 128.9985642 35.0444050, 128.9985539 35.0443993, 128.9985383 35.0443965, 128.9981402 35.0443477, 128.9981031 35.0443480, 128.9968107 35.0444048, 128.9924982 35.0452254, 128.9924608 35.0452351, 128.9924395 35.0452454, 128.9924076 35.0452656, 128.9923699 35.0452942, 128.9923012 35.0453514, 128.9922840 35.0453818, 128.9915742 35.0467287, 128.9918404 35.0470086, 128.9924628 35.0472770, 128.9926189 35.0475471, 128.9926470 35.0479477, 128.9926472 35.0479696, 128.9925322 35.0487081, 128.9923584 35.0493294, 128.9920571 35.0500006, 128.9919536 35.0502310, 128.9914398 35.0513708, 128.9899620 35.0546469, 128.9890536 35.0566359, 128.9885976 35.0576237, 128.9884903 35.0577884, 128.9883707 35.0579658, 128.9845891 35.0597807, 128.9845806 35.0597838, 128.9827618 35.0590590, 128.9815652 35.0585751, 128.9781075 35.0571447, 128.9780720 35.0587086, 128.9780008 35.0589070, 128.9778749 35.0591590, 128.9769009 35.0603490, 128.9766581 35.0605725, 128.9766555 35.0605731, 128.9765834 35.0605919, 128.9761496 35.0606757, 128.9756222 35.0607895, 128.9755293 35.0608337, 128.9722931 35.0626642, 128.9717160 35.0637761, 128.9715937 35.0640410, 128.9714758 35.0643303, 128.9714366 35.0644379, 128.9713137 35.0648590, 128.9709404 35.0665518, 128.9744167 35.0662567, 128.9758695 35.0674056, 128.9781618 35.0689192, 128.9811707 35.0704575, 128.9824496 35.0710798, 128.9824679 35.0709804)))"
21100640,구평동,2024,12521,3512.2,43.2,4853,4756,7987,1651,"SRID=4326;MULTIPOLYGON(((128.9859833 35.0919611, 128.9905983 35.0911658, 128.9911111 35.0900387, 128.9914569 35.0892844, 128.9924728 35.0887106, 128.9928260 35.0885211, 128.9931160 35.0883659, 128.9932948 35.0882707, 128.9934974 35.0881631, 128.9938013 35.0883218, 128.9938945 35.0883711, 128.9939643 35.0884114, 128.9940415 35.0884442, 128.9941482 35.0884894, 128.9942425 35.0885223, 128.9944105 35.0885808, 128.9946207 35.0884329, 128.9953324 35.0878487, 128.9962605 35.0866983, 128.9963199 35.0866107, 128.9972207 35.0848048, 128.9967339 35.0831870, 128.9944027 35.0836690, 128.9931258 35.0839330, 128.9930635 35.0839459, 128.9926338 35.0801465, 128.9926500 35.0801166, 128.9929702 35.0795246, 128.9936830 35.0781961, 128.9945504 35.0765506, 128.9947851 35.0760985, 128.9949611 35.0757532, 128.9953523 35.0667908, 128.9953545 35.0642407, 128.9953557 35.0634031, 128.9953568 35.0633893, 128.9955025 35.0629900, 128.9962762 35.0610109, 128.9965819 35.0602287, 128.9976923 35.0574120, 128.9985161 35.0561490, 128.9993218 35.0544051, 129.0007209 35.0508552, 129.0014067 35.0483656, 129.0022731 35.0485160, 129.0033634 35.0487052, 129.0062457 35.0492008, 129.0069318 35.0491684, 129.0069387 35.0491650, 129.0069873 35.0489568, 129.0069799 35.0489474, 129.0051783 35.0486433, 129.0017906 35.0480529, 129.0013357 35.0479720, 129.0000574 35.0476004, 128.9987857 35.0489691, 128.9966298 35.0510301, 128.9965548 35.0510710, 128.9965024 35.0511020, 128.9964903 35.0511092, 128.9964280 35.0511511, 128.9963898 35.0511779, 128.9963530 35.0512056, 128.9962816 35.0512626, 128.9962390 35.0512977, 128.9962038 35.0513272, 128.9961744 35.0513533, 128.9961726 35.0513549, 128.9960970 35.0514259, 128.9960772 35.0514445, 128.9960228 35.0515032, 128.9959990 35.0515300, 128.9959706 35.0515636, 128.9959085 35.0516381, 128.9958836 35.0516725, 128.9958542 35.0517169, 128.9958088 35.0517889, 128.9957876 35.0518258, 128.9957334 35.0519256, 128.9957209 35.0519556, 128.9956999 35.0520058, 128.9949910 35.0537164, 128.9949562 35.0538088, 128.9949383 35.0538695, 128.9949270 35.0539157, 128.9949150 35.0539651, 128.9949076 35.0540053, 128.9948925 35.0540954, 128.9948868 35.0541440, 128.9948812 35.0542022, 128.9948782 35.0542508, 128.9948768 35.0542842, 128.9948781 35.0543658, 128.9948808 35.0544076, 128.9948844 35.0544490, 128.9948902 35.0544894, 128.9948972 35.0545379, 128.9950413 35.0555216, 128.9951850 35.0565026, 128.9951933 35.0565590, 128.9951984 35.0566171, 128.9951971 35.0566895, 128.9951946 35.0567616, 128.9951895 35.0568107, 128.9951738 35.0569166, 128.9951681 35.0569486, 128.9951575 35.0569954, 128.9951510 35.0570205, 128.9951258 35.0571077, 128.9951105 35.0571562, 128.9950807 35.0572434, 128.9949620 35.0575710, 128.9949571 35.0575843, 128.9943744 35.0591681, 128.9910481 35.0605893, 128.9890613 35.0612198, 128.9889356 35.0622898, 128.9883237 35.0634372, 128.9877917 35.0644349, 128.9842100 35.0690843, 128.9824679 35.0709804, 128.9824496 35.0710798, 128.9843490 35.0729674, 128.9847100 35.0730048, 128.9848572 35.0730661, 128.9849901 35.0731520, 128.9854441 35.0743268, 128.9856265 35.0748814, 128.9857567 35.0753676, 128.9857637 35.0753965, 128.9857709 35.0754430, 128.9857925 35.0755831, 128.9858223 35.0757774, 128.9839460 35.0796314, 128.9830088 35.0812690, 128.9835447 35.0832329, 128.9836535 35.0844184, 128.9836803 35.0847365, 128.9835776 35.0860041, 128.9838530 35.0876334, 128.9835422 35.0919867, 128.9859833 35.0919611)))"
21100650,감천1동,2024,16775,7940.2,51.5,7175,6281,5932,1363,"SRID=4326;MULTIPOLYGON(((129.0008446 35.0949808, 129.0018274 35.0942406, 129.0037957 35.0922747, 129.0047179 35.0903967, 129.0056023 35.0897373, 129.0061923 35.0894565, 129.0093475 35.0897554, 129.0109663 35.0903417, 129.0134982 35.0894921, 129.0134955 35.0894872, 129.0134418 35.0893522, 129.0132297 35.0887512, 129.0130971 35.0883751, 129.0130427 35.0882208, 129.0119274 35.0839952, 129.0117418 35.0815867, 129.0111741 35.0767873, 129.0100812 35.0770147, 129.0089137 35.0775670, 129.0088408 35.0776408, 129.0086560 35.0778285, 129.0082503 35.0782421, 129.0081465 35.0783577, 129.0079229 35.0786235, 129.0062625 35.0786333, 129.0044581 35.0784430, 129.0040427 35.0813431, 129.0040804 35.0814454, 129.0047360 35.0831402, 129.0050535 35.0839585, 129.0052266 35.0844073, 129.0052377 35.0844359, 129.0038051 35.0859865, 129.0037763 35.0860171, 129.0037442 35.0860406, 129.0035169 35.0861362, 129.0031067 35.0862129, 129.0025271 35.0862284, 129.0025207 35.0862282, 129.0021276 35.0861368, 129.0000000 35.0835825, 129.0000000 35.0815992, 129.0016997 35.0812234, 129.0016987 35.0810343, 129.0016945 35.0810001, 129.0016046 35.0807120, 129.0015696 35.0806185, 129.0012460 35.0798238, 128.9982839 35.0804730, 128.9973164 35.0830666, 128.9971209 35.0831070, 128.9967339 35.0831870, 128.9972207 35.0848048, 128.9963199 35.0866107, 128.9962605 35.0866983, 128.9953324 35.0878487, 128.9946207 35.0884329, 128.9944105 35.0885808, 128.9942425 35.0885223, 128.9941482 35.0884894, 128.9940415 35.0884442, 128.9939643 35.0884114, 128.9938945 35.0883711, 128.9938013 35.0883218, 128.9934974 35.0881631, 128.9932948 35.0882707, 128.9931160 35.0883659, 128.9928260 35.0885211, 128.9924728 35.0887106, 128.9914569 35.0892844, 128.9911111 35.0900387, 128.9905983 35.0911658, 128.9928728 35.0930981, 128.9929231 35.0930921, 128.9929396 35.0930902, 128.9930312 35.0930793, 128.9930385 35.0930784, 128.9930613 35.0930759, 128.9932481 35.0930603, 128.9942535 35.0931975, 128.9964163 35.0949067, 128.9992074 35.0967515, 129.0004037 35.0973090, 129.0015209 35.0969651, 129.0008446 35.0949808)))"
21100660,감천2동,2024,4959,5394.6,57.8,2663,2286,827,458,"SRID=4326;MULTIPOLYGON(((129.0084813 35.0993756, 129.0104357 35.0986305, 129.0114055 35.0970891, 129.0118403 35.0965660, 129.0121169 35.0962350, 129.0134636 35.0946883, 129.0142088 35.0937436, 129.0143148 35.0929678, 129.0143254 35.0926648, 129.0143667 35.0910295, 129.0142839 35.0908820, 129.0141194 35.0905887, 129.0138741 35.0901553, 129.0134982 35.0894921, 129.0109663 35.0903417, 129.0093475 35.0897554, 129.0061923 35.0894565, 129.0056023 35.0897373, 129.0047179 35.0903967, 129.0037957 35.0922747, 129.0018274 35.0942406, 129.0008446 35.0949808, 129.0015209 35.0969651, 129.0015781 35.0969502, 129.0016147 35.0969406, 129.0032122 35.0968307, 129.0034568 35.0968759, 129.0040894 35.0970836, 129.0049343 35.0973609, 129.0059884 35.0980733, 129.0061720 35.0982792, 129.0063763 35.0985094, 129.0072402 35.0995229, 129.0084813 35.0993756)))"
21110510,서1동,2024,4160,12032.3,57,2342,1579,911,393,"SRID=4326;MULTIPOLYGON(((129.1011812 35.2208980, 129.1014975 35.2207974, 129.1018578 35.2192513, 129.1002407 35.2171529, 129.0996613 35.2161587, 129.0970414 35.2143753, 129.0950271 35.2154992, 129.0942400 35.2154568, 129.0942243 35.2155011, 129.0941336 35.2162007, 129.0943113 35.2166423, 129.0950946 35.2176158, 129.0950999 35.2176136, 129.0954746 35.2175252, 129.0956240 35.2175777, 129.0961392 35.2181120, 129.0965784 35.2195287, 129.0964052 35.2197850, 129.0957285 35.2204464, 129.0955791 35.2205879, 129.0956449 35.2206640, 129.0958170 35.2208566, 129.0963532 35.2214551, 129.0963871 35.2214759, 129.0976958 35.2212240, 129.0994096 35.2222368, 129.1011812 35.2208980)))"
21110520,서2동,2024,7944,18578.6,53.5,4013,2888,2302,805,"SRID=4326;MULTIPOLYGON(((129.1019830 35.2152426, 129.1084675 35.2141022, 129.1108515 35.2111485, 129.1102411 35.2101487, 129.1081734 35.2100973, 129.1051256 35.2102866, 129.1023206 35.2113300, 129.1023758 35.2115631, 129.1023991 35.2116615, 129.0970414 35.2143753, 129.0996613 35.2161587, 129.1019830 35.2152426)))"
21110570,부곡1동,2024,7124,12370.7,54.3,3843,3012,1806,690,"SRID=4326;MULTIPOLYGON(((129.0955921 35.2206030, 129.0957285 35.2204464, 129.0955791 35.2205879, 129.0955921 35.2206030)), ((129.1000872 35.2263563, 129.1026060 35.2266220, 129.1020968 35.2258711, 129.1020326 35.2256958, 129.1019022 35.2253399, 129.1018147 35.2250681, 129.1015462 35.2239826, 129.1004618 35.2230193, 129.0994096 35.2222368, 129.0976958 35.2212240, 129.0963871 35.2214759, 129.0963532 35.2214551, 129.0958170 35.2208566, 129.0956449 35.2206640, 129.0955921 35.2206030, 129.0951028 35.2211651, 129.0954672 35.2213106, 129.0954250 35.2214359, 129.0952744 35.2215883, 129.0945260 35.2217561, 129.0945005 35.2217600, 129.0942878 35.2217922, 129.0936093 35.2218950, 129.0935995 35.2218965, 129.0935902 35.2218979, 129.0935850 35.2218987, 129.0930856 35.2219616, 129.0928820 35.2219873, 129.0914570 35.2220557, 129.0901851 35.2219528, 129.0888676 35.2215841, 129.0874445 35.2223904, 129.0886552 35.2265753, 129.0917578 35.2257714, 129.0917666 35.2257707, 129.0918025 35.2257679, 129.0921280 35.2257433, 129.0927356 35.2256974, 129.0957877 35.2254708, 129.0960746 35.2254664, 129.0962254 35.2254723, 129.0969105 35.2256001, 129.0970068 35.2256269, 129.0975723 35.2259296, 129.0975789 35.2260581, 129.0975797 35.2260729, 129.0976605 35.2261080, 129.0981323 35.2263129, 129.0994164 35.2267601, 129.0996903 35.2267511, 129.1000872 35.2263563)))"
21110580,부곡2동,2024,16326,12585,47.2,7386,6113,5219,1336,"SRID=4326;MULTIPOLYGON(((129.1029357 35.2348725, 129.1029771 35.2315993, 129.1035003 35.2298462, 129.1026060 35.2266220, 129.1000872 35.2263563, 129.0996903 35.2267511, 129.0994164 35.2267601, 129.0981323 35.2263129, 129.0976605 35.2261080, 129.0975797 35.2260729, 129.0975789 35.2260581, 129.0975723 35.2259296, 129.0970068 35.2256269, 129.0969105 35.2256001, 129.0962254 35.2254723, 129.0960746 35.2254664, 129.0957877 35.2254708, 129.0927356 35.2256974, 129.0921280 35.2257433, 129.0918025 35.2257679, 129.0917666 35.2257707, 129.0917578 35.2257714, 129.0886552 35.2265753, 129.0887650 35.2275680, 129.0888200 35.2278654, 129.0889193 35.2280997, 129.0890403 35.2283610, 129.0891944 35.2286132, 129.0892243 35.2286529, 129.0892468 35.2286826, 129.0895078 35.2286563, 129.0895291 35.2293035, 129.0895323 35.2296141, 129.0893601 35.2305650, 129.0890856 35.2314970, 129.0892695 35.2349862, 129.0896427 35.2349492, 129.0908006 35.2349373, 129.0917809 35.2349272, 129.0918393 35.2349266, 129.0971124 35.2349369, 129.0994347 35.2353374, 129.0997711 35.2357127, 129.0993325 35.2360992, 129.0995004 35.2364235, 129.0996068 35.2363907, 129.1008464 35.2360085, 129.1016960 35.2357465, 129.1029357 35.2348725)))"
21110590,부곡3동,2024,15186,1780.8,46.6,6515,5530,7573,1452,"SRID=4326;MULTIPOLYGON(((129.1261793 35.2617719, 129.1294882 35.2604193, 129.1299591 35.2603938, 129.1306642 35.2604878, 129.1313211 35.2605943, 129.1320456 35.2606644, 129.1324079 35.2606910, 129.1329565 35.2607009, 129.1333250 35.2606448, 129.1337843 35.2601120, 129.1344586 35.2592928, 129.1351070 35.2595384, 129.1378066 35.2605611, 129.1392501 35.2605317, 129.1393907 35.2603494, 129.1395684 35.2601190, 129.1396026 35.2596268, 129.1388959 35.2575858, 129.1385614 35.2560075, 129.1383116 35.2542895, 129.1354695 35.2525043, 129.1339209 35.2510619, 129.1338385 35.2509689, 129.1337832 35.2509065, 129.1324127 35.2482161, 129.1322343 35.2472778, 129.1321582 35.2462983, 129.1320381 35.2454218, 129.1319876 35.2453655, 129.1317206 35.2450675, 129.1309838 35.2442548, 129.1279760 35.2411293, 129.1275550 35.2407330, 129.1254122 35.2405469, 129.1252100 35.2406077, 129.1248123 35.2408328, 129.1244106 35.2409343, 129.1234555 35.2410888, 129.1229665 35.2410783, 129.1191011 35.2394497, 129.1180499 35.2387438, 129.1174371 35.2383323, 129.1173805 35.2382942, 129.1134359 35.2337391, 129.1130713 35.2325794, 129.1130252 35.2323972, 129.1130218 35.2323839, 129.1127789 35.2320889, 129.1123834 35.2317861, 129.1122111 35.2316541, 129.1111787 35.2311733, 129.1107220 35.2309767, 129.1083473 35.2304880, 129.1073209 35.2313327, 129.1069170 35.2317606, 129.1051172 35.2319196, 129.1029771 35.2315993, 129.1029357 35.2348725, 129.1016960 35.2357465, 129.1008464 35.2360085, 129.0996068 35.2363907, 129.0995004 35.2364235, 129.0993325 35.2360992, 129.0997711 35.2357127, 129.0994347 35.2353374, 129.0971124 35.2349369, 129.0918393 35.2349266, 129.0917809 35.2349272, 129.0908006 35.2349373, 129.0896427 35.2349492, 129.0892695 35.2349862, 129.0883217 35.2372104, 129.0883136 35.2372295, 129.0881905 35.2381991, 129.0881281 35.2388931, 129.0881410 35.2398629, 129.0882324 35.2403925, 129.0882623 35.2405658, 129.0884607 35.2409803, 129.0890478 35.2415340, 129.0908038 35.2432279, 129.0940244 35.2452558, 129.0947667 35.2456871, 129.0945851 35.2448617, 129.0945738 35.2448099, 129.0945898 35.2448100, 129.0946282 35.2448100, 129.0963635 35.2448565, 129.0970784 35.2448876, 129.0978969 35.2453129, 129.1012278 35.2478893, 129.1012355 35.2479063, 129.1013810 35.2482296, 129.1022343 35.2502537, 129.1022162 35.2503301, 129.1022117 35.2503493, 129.1019957 35.2512710, 129.1022927 35.2517244, 129.1040341 35.2537178, 129.1052391 35.2556470, 129.1070406 35.2556922, 129.1085284 35.2559698, 129.1135860 35.2576270, 129.1171763 35.2590891, 129.1174211 35.2591903, 129.1188588 35.2597859, 129.1192034 35.2599550, 129.1226278 35.2616854, 129.1261793 35.2617719)))"
21110600,부곡4동,2024,11345,23258.6,52,5489,4685,1808,806,"SRID=4326;MULTIPOLYGON(((129.0951028 35.2211651, 129.0957285 35.2204464, 129.0964052 35.2197850, 129.0965784 35.2195287, 129.0961392 35.2181120, 129.0956240 35.2175777, 129.0954746 35.2175252, 129.0950999 35.2176136, 129.0950946 35.2176158, 129.0943113 35.2166423, 129.0941336 35.2162007, 129.0942243 35.2155011, 129.0942400 35.2154568, 129.0938510 35.2154390, 129.0925972 35.2162874, 129.0925166 35.2163380, 129.0924979 35.2163498, 129.0921187 35.2165683, 129.0883289 35.2176818, 129.0880630 35.2176301, 129.0859714 35.2171344, 129.0839186 35.2172171, 129.0859875 35.2189811, 129.0866875 35.2202271, 129.0868172 35.2205140, 129.0868867 35.2206697, 129.0870124 35.2209730, 129.0870213 35.2209943, 129.0871270 35.2212997, 129.0871484 35.2213855, 129.0872676 35.2218626, 129.0872594 35.2218639, 129.0874445 35.2223904, 129.0888676 35.2215841, 129.0901851 35.2219528, 129.0914570 35.2220557, 129.0928820 35.2219873, 129.0930856 35.2219616, 129.0935850 35.2218987, 129.0935902 35.2218979, 129.0935995 35.2218965, 129.0936093 35.2218950, 129.0942878 35.2217922, 129.0945005 35.2217600, 129.0945260 35.2217561, 129.0952744 35.2215883, 129.0954250 35.2214359, 129.0954672 35.2213106, 129.0951028 35.2211651)))"
21110610,장전1동,2024,20485,8325.4,38.2,11822,8540,4135,1543,"SRID=4326;MULTIPOLYGON(((129.0790138 35.2450049, 129.0802005 35.2449670, 129.0809948 35.2450844, 129.0814508 35.2451754, 129.0820735 35.2454066, 129.0828650 35.2454201, 129.0829111 35.2454196, 129.0829904 35.2454186, 129.0830374 35.2454180, 129.0832416 35.2454152, 129.0838731 35.2450565, 129.0843931 35.2447580, 129.0860547 35.2433533, 129.0878526 35.2422605, 129.0890478 35.2415340, 129.0884607 35.2409803, 129.0882623 35.2405658, 129.0882324 35.2403925, 129.0881410 35.2398629, 129.0881281 35.2388931, 129.0881905 35.2381991, 129.0883136 35.2372295, 129.0883217 35.2372104, 129.0892695 35.2349862, 129.0890856 35.2314970, 129.0874200 35.2322896, 129.0828817 35.2341945, 129.0823751 35.2369717, 129.0772679 35.2388162, 129.0767939 35.2387705, 129.0763817 35.2387307, 129.0761554 35.2387082, 129.0757517 35.2379787, 129.0746556 35.2372721, 129.0741949 35.2372768, 129.0723018 35.2378429, 129.0710861 35.2380608, 129.0694570 35.2389194, 129.0674714 35.2391961, 129.0668707 35.2391497, 129.0631104 35.2388594, 129.0622532 35.2385157, 129.0611598 35.2380773, 129.0619371 35.2391970, 129.0621559 35.2403193, 129.0621088 35.2419426, 129.0621056 35.2429049, 129.0625609 35.2443580, 129.0658366 35.2489945, 129.0669700 35.2500302, 129.0673833 35.2503234, 129.0676065 35.2504817, 129.0685000 35.2510091, 129.0694543 35.2494106, 129.0702036 35.2487027, 129.0728063 35.2468294, 129.0761382 35.2459145, 129.0790138 35.2450049)))"
21110640,선두구동,2024,1843,152.6,57.8,895,674,2719,730,"SRID=4326;MULTIPOLYGON(((129.1062111 35.3064574, 129.1085620 35.3045806, 129.1098012 35.3043382, 129.1142932 35.3033932, 129.1143276 35.3033531, 129.1145149 35.3031346, 129.1149662 35.3027499, 129.1164665 35.3017726, 129.1166348 35.3017724, 129.1168547 35.3017721, 129.1191174 35.3018808, 129.1227270 35.3014634, 129.1295333 35.2982728, 129.1297404 35.2977830, 129.1299166 35.2973586, 129.1309964 35.2934703, 129.1306315 35.2912758, 129.1281831 35.2893353, 129.1278893 35.2878645, 129.1272438 35.2863775, 129.1258232 35.2832783, 129.1242264 35.2812673, 129.1247619 35.2799686, 129.1247813 35.2799216, 129.1260218 35.2784918, 129.1250858 35.2745496, 129.1247470 35.2737114, 129.1244193 35.2733722, 129.1236206 35.2725455, 129.1231153 35.2720226, 129.1223990 35.2712067, 129.1223737 35.2711778, 129.1219513 35.2706529, 129.1213298 35.2695750, 129.1207330 35.2672629, 129.1212751 35.2635935, 129.1220370 35.2619172, 129.1226278 35.2616854, 129.1192034 35.2599550, 129.1188588 35.2597859, 129.1174211 35.2591903, 129.1171763 35.2590891, 129.1135860 35.2576270, 129.1085284 35.2559698, 129.1070406 35.2556922, 129.1052391 35.2556470, 129.1047363 35.2557190, 129.1040921 35.2559205, 129.1039327 35.2559749, 129.1030919 35.2564234, 129.1029660 35.2564911, 129.1028141 35.2567666, 129.1028214 35.2574100, 129.1029238 35.2576498, 129.1032164 35.2582812, 129.1032373 35.2583010, 129.1033242 35.2583827, 129.1035327 35.2585781, 129.1031360 35.2600702, 129.1024090 35.2605264, 129.0985546 35.2605346, 129.0963968 35.2612564, 129.0956291 35.2631489, 129.0963305 35.2666949, 129.0966561 35.2696307, 129.0968097 35.2710353, 129.0965643 35.2722208, 129.0965366 35.2732594, 129.0962040 35.2736699, 129.0959345 35.2739599, 129.0957818 35.2741234, 129.0953450 35.2742224, 129.0951695 35.2747682, 129.0951627 35.2747893, 129.0951516 35.2748241, 129.0953666 35.2753966, 129.0977998 35.2780806, 129.0992480 35.2794575, 129.0993442 35.2809522, 129.0998560 35.2818300, 129.1027500 35.2833894, 129.1027791 35.2833894, 129.1027904 35.2833894, 129.1029117 35.2833856, 129.1030080 35.2833822, 129.1031040 35.2833788, 129.1032323 35.2833637, 129.1033143 35.2833525, 129.1033259 35.2833493, 129.1035791 35.2832712, 129.1035940 35.2832332, 129.1036368 35.2831238, 129.1036448 35.2830377, 129.1036561 35.2828877, 129.1036662 35.2827682, 129.1036688 35.2827382, 129.1038043 35.2825685, 129.1038768 35.2825503, 129.1050283 35.2828826, 129.1053795 35.2830709, 129.1054113 35.2832318, 129.1047338 35.2850570, 129.1043092 35.2857125, 129.1040688 35.2860824, 129.1029512 35.2880230, 129.1016975 35.2912323, 129.1020997 35.2934206, 129.0998069 35.2959598, 129.0988960 35.2962939, 129.0987579 35.2963446, 129.0984891 35.2964432, 129.0978978 35.2966601, 129.0973442 35.2979577, 129.0971537 35.2985983, 129.0972170 35.2994949, 129.0970747 35.3007768, 129.0967342 35.3034738, 129.0990942 35.3040207, 129.1013350 35.3049020, 129.1028123 35.3054778, 129.1055517 35.3065301, 129.1062111 35.3064574)))"
21110670,청룡노포동,2024,8963,815.4,52.8,3995,3559,4953,770,"SRID=4326;MULTIPOLYGON(((129.0951262 35.3035331, 129.0967342 35.3034738, 129.0970747 35.3007768, 129.0972170 35.2994949, 129.0971537 35.2985983, 129.0973442 35.2979577, 129.0978978 35.2966601, 129.0984891 35.2964432, 129.0987579 35.2963446, 129.0988960 35.2962939, 129.0998069 35.2959598, 129.1020997 35.2934206, 129.1016975 35.2912323, 129.1029512 35.2880230, 129.1040688 35.2860824, 129.1043092 35.2857125, 129.1047338 35.2850570, 129.1054113 35.2832318, 129.1053795 35.2830709, 129.1050283 35.2828826, 129.1038768 35.2825503, 129.1038043 35.2825685, 129.1036688 35.2827382, 129.1036662 35.2827682, 129.1036561 35.2828877, 129.1036448 35.2830377, 129.1036368 35.2831238, 129.1035940 35.2832332, 129.1035791 35.2832712, 129.1033259 35.2833493, 129.1033143 35.2833525, 129.1032323 35.2833637, 129.1031040 35.2833788, 129.1030080 35.2833822, 129.1029117 35.2833856, 129.1027904 35.2833894, 129.1027791 35.2833894, 129.1027500 35.2833894, 129.0998560 35.2818300, 129.0993442 35.2809522, 129.0992480 35.2794575, 129.0977998 35.2780806, 129.0953666 35.2753966, 129.0951516 35.2748241, 129.0951627 35.2747893, 129.0951695 35.2747682, 129.0953450 35.2742224, 129.0957818 35.2741234, 129.0959345 35.2739599, 129.0962040 35.2736699, 129.0965366 35.2732594, 129.0965643 35.2722208, 129.0953673 35.2717493, 129.0913471 35.2721771, 129.0889140 35.2735396, 129.0883741 35.2750847, 129.0883194 35.2752031, 129.0882877 35.2752524, 129.0882540 35.2752964, 129.0881725 35.2753728, 129.0881206 35.2754122, 129.0880403 35.2754619, 129.0879458 35.2755115, 129.0878751 35.2755418, 129.0877187 35.2755998, 129.0870388 35.2755778, 129.0851809 35.2754233, 129.0842499 35.2754146, 129.0822213 35.2752908, 129.0803966 35.2749992, 129.0727605 35.2723448, 129.0716359 35.2715443, 129.0711867 35.2713654, 129.0697278 35.2712429, 129.0673573 35.2716137, 129.0658898 35.2722464, 129.0656137 35.2723655, 129.0636789 35.2731163, 129.0609480 35.2721410, 129.0589828 35.2747157, 129.0570910 35.2760101, 129.0543028 35.2779002, 129.0514886 35.2796992, 129.0507722 35.2803195, 129.0527025 35.2809841, 129.0538463 35.2820562, 129.0538689 35.2828674, 129.0532207 35.2836518, 129.0524411 35.2845085, 129.0522323 35.2849322, 129.0521671 35.2858606, 129.0527725 35.2873385, 129.0533855 35.2887627, 129.0581530 35.2946549, 129.0583619 35.2948355, 129.0589450 35.2949791, 129.0594558 35.2949759, 129.0605389 35.2949693, 129.0607557 35.2949677, 129.0618693 35.2949596, 129.0701690 35.2943423, 129.0736069 35.2908431, 129.0740044 35.2907939, 129.0742664 35.2907615, 129.0789096 35.2948417, 129.0823974 35.2976786, 129.0840147 35.2987952, 129.0842127 35.2989484, 129.0848933 35.2995406, 129.0849063 35.2995519, 129.0849248 35.2997211, 129.0849636 35.3000589, 129.0857982 35.3011014, 129.0860954 35.3013716, 129.0863374 35.3015516, 129.0871920 35.3020025, 129.0882983 35.3025862, 129.0883505 35.3026136, 129.0883526 35.3026147, 129.0905506 35.3034234, 129.0939478 35.3034028, 129.0951262 35.3035331)))"
21110680,남산동,2024,28357,7770.1,47.5,13417,9600,12328,3003,"SRID=4326;MULTIPOLYGON(((129.0851809 35.2754233, 129.0870388 35.2755778, 129.0877187 35.2755998, 129.0878751 35.2755418, 129.0879458 35.2755115, 129.0880403 35.2754619, 129.0881206 35.2754122, 129.0881725 35.2753728, 129.0882540 35.2752964, 129.0882877 35.2752524, 129.0883194 35.2752031, 129.0883741 35.2750847, 129.0889140 35.2735396, 129.0913471 35.2721771, 129.0953673 35.2717493, 129.0965643 35.2722208, 129.0968097 35.2710353, 129.0966561 35.2696307, 129.0963305 35.2666949, 129.0956291 35.2631489, 129.0963968 35.2612564, 129.0933096 35.2572172, 129.0931968 35.2572197, 129.0918427 35.2577162, 129.0915926 35.2578715, 129.0915691 35.2578869, 129.0915664 35.2580736, 129.0915659 35.2592273, 129.0831355 35.2650105, 129.0828564 35.2651817, 129.0822764 35.2651965, 129.0818648 35.2651188, 129.0805001 35.2651308, 129.0786873 35.2655796, 129.0781262 35.2657468, 129.0777618 35.2658555, 129.0767331 35.2658006, 129.0729841 35.2649367, 129.0719855 35.2640629, 129.0701079 35.2632412, 129.0678415 35.2630214, 129.0668475 35.2630169, 129.0665722 35.2630603, 129.0665708 35.2630607, 129.0662742 35.2631458, 129.0652535 35.2629069, 129.0630916 35.2624011, 129.0628065 35.2625198, 129.0628367 35.2644876, 129.0619849 35.2667812, 129.0613675 35.2678947, 129.0611553 35.2681683, 129.0610826 35.2682620, 129.0608108 35.2691316, 129.0605152 35.2703875, 129.0607690 35.2717027, 129.0609445 35.2721325, 129.0609480 35.2721410, 129.0636789 35.2731163, 129.0656137 35.2723655, 129.0658898 35.2722464, 129.0673573 35.2716137, 129.0697278 35.2712429, 129.0711867 35.2713654, 129.0716359 35.2715443, 129.0727605 35.2723448, 129.0803966 35.2749992, 129.0822213 35.2752908, 129.0842499 35.2754146, 129.0851809 35.2754233)))"
21110690,구서1동,2024,17697,6655.7,46.4,7563,6791,9947,2314,"SRID=4326;MULTIPOLYGON(((129.1024090 35.2605264, 129.1031360 35.2600702, 129.1035327 35.2585781, 129.1033242 35.2583827, 129.1032373 35.2583010, 129.1032164 35.2582812, 129.1029238 35.2576498, 129.1028214 35.2574100, 129.1028141 35.2567666, 129.1029660 35.2564911, 129.1030919 35.2564234, 129.1039327 35.2559749, 129.1040921 35.2559205, 129.1047363 35.2557190, 129.1052391 35.2556470, 129.1040341 35.2537178, 129.1022927 35.2517244, 129.1019957 35.2512710, 129.1022117 35.2503493, 129.1022162 35.2503301, 129.1022343 35.2502537, 129.1013810 35.2482296, 129.1012355 35.2479063, 129.1012278 35.2478893, 129.0978969 35.2453129, 129.0970784 35.2448876, 129.0963635 35.2448565, 129.0946282 35.2448100, 129.0945898 35.2448100, 129.0945738 35.2448099, 129.0945851 35.2448617, 129.0947667 35.2456871, 129.0940244 35.2452558, 129.0908038 35.2432279, 129.0890478 35.2415340, 129.0878526 35.2422605, 129.0860547 35.2433533, 129.0843931 35.2447580, 129.0838731 35.2450565, 129.0832416 35.2454152, 129.0830374 35.2454180, 129.0829904 35.2454186, 129.0829111 35.2454196, 129.0828650 35.2454201, 129.0820735 35.2454066, 129.0814508 35.2451754, 129.0809948 35.2450844, 129.0802005 35.2449670, 129.0790138 35.2450049, 129.0761382 35.2459145, 129.0728063 35.2468294, 129.0702036 35.2487027, 129.0694543 35.2494106, 129.0685000 35.2510091, 129.0675319 35.2517470, 129.0704710 35.2524131, 129.0707496 35.2524318, 129.0714254 35.2524772, 129.0719091 35.2525097, 129.0744789 35.2523608, 129.0745818 35.2518087, 129.0778174 35.2505524, 129.0803468 35.2514174, 129.0815315 35.2516740, 129.0831896 35.2520223, 129.0834338 35.2519802, 129.0844317 35.2516987, 129.0847840 35.2512593, 129.0848883 35.2511222, 129.0849544 35.2510337, 129.0849921 35.2509495, 129.0850188 35.2508694, 129.0850326 35.2507966, 129.0850412 35.2507094, 129.0850475 35.2505466, 129.0850509 35.2504541, 129.0850525 35.2504099, 129.0850618 35.2501543, 129.0850626 35.2501319, 129.0850655 35.2500526, 129.0850794 35.2496830, 129.0850880 35.2494879, 129.0852742 35.2493669, 129.0890085 35.2494309, 129.0899460 35.2510521, 129.0944684 35.2553102, 129.0960644 35.2562973, 129.0974445 35.2568620, 129.0995141 35.2579883, 129.0997534 35.2589317, 129.0997996 35.2591550, 129.0997423 35.2593093, 129.0987476 35.2603484, 129.0985546 35.2605346, 129.1024090 35.2605264)))"
21110700,구서2동,2024,29932,8285.9,47.6,12503,11235,6933,1903,"SRID=4326;MULTIPOLYGON(((129.0786873 35.2655796, 129.0805001 35.2651308, 129.0818648 35.2651188, 129.0822764 35.2651965, 129.0828564 35.2651817, 129.0831355 35.2650105, 129.0915659 35.2592273, 129.0915664 35.2580736, 129.0915691 35.2578869, 129.0915926 35.2578715, 129.0918427 35.2577162, 129.0931968 35.2572197, 129.0933096 35.2572172, 129.0963968 35.2612564, 129.0985546 35.2605346, 129.0987476 35.2603484, 129.0997423 35.2593093, 129.0997996 35.2591550, 129.0997534 35.2589317, 129.0995141 35.2579883, 129.0974445 35.2568620, 129.0960644 35.2562973, 129.0944684 35.2553102, 129.0899460 35.2510521, 129.0890085 35.2494309, 129.0852742 35.2493669, 129.0850880 35.2494879, 129.0850794 35.2496830, 129.0850655 35.2500526, 129.0850626 35.2501319, 129.0850618 35.2501543, 129.0850525 35.2504099, 129.0850509 35.2504541, 129.0850475 35.2505466, 129.0850412 35.2507094, 129.0850326 35.2507966, 129.0850188 35.2508694, 129.0849921 35.2509495, 129.0849544 35.2510337, 129.0848883 35.2511222, 129.0847840 35.2512593, 129.0844317 35.2516987, 129.0834338 35.2519802, 129.0831896 35.2520223, 129.0815315 35.2516740, 129.0803468 35.2514174, 129.0778174 35.2505524, 129.0745818 35.2518087, 129.0744789 35.2523608, 129.0719091 35.2525097, 129.0714254 35.2524772, 129.0707496 35.2524318, 129.0704710 35.2524131, 129.0675319 35.2517470, 129.0661418 35.2527555, 129.0658314 35.2543696, 129.0658474 35.2553651, 129.0659367 35.2561497, 129.0659418 35.2587558, 129.0630916 35.2624011, 129.0652535 35.2629069, 129.0662742 35.2631458, 129.0665708 35.2630607, 129.0665722 35.2630603, 129.0668475 35.2630169, 129.0678415 35.2630214, 129.0701079 35.2632412, 129.0719855 35.2640629, 129.0729841 35.2649367, 129.0767331 35.2658006, 129.0777618 35.2658555, 129.0781262 35.2657468, 129.0786873 35.2655796)))"
21110710,금성동,2024,858,101.2,51.8,385,323,513,179,"SRID=4326;MULTIPOLYGON(((129.0628065 35.2625198, 129.0630916 35.2624011, 129.0659418 35.2587558, 129.0659367 35.2561497, 129.0658474 35.2553651, 129.0658314 35.2543696, 129.0661418 35.2527555, 129.0675319 35.2517470, 129.0685000 35.2510091, 129.0676065 35.2504817, 129.0673833 35.2503234, 129.0669700 35.2500302, 129.0658366 35.2489945, 129.0625609 35.2443580, 129.0621056 35.2429049, 129.0621088 35.2419426, 129.0621559 35.2403193, 129.0619371 35.2391970, 129.0611598 35.2380773, 129.0609346 35.2371515, 129.0595913 35.2348889, 129.0591000 35.2340612, 129.0591230 35.2335770, 129.0591409 35.2331987, 129.0597601 35.2306706, 129.0598546 35.2305572, 129.0604668 35.2298218, 129.0568988 35.2280610, 129.0566032 35.2280470, 129.0537533 35.2280478, 129.0521645 35.2280900, 129.0492576 35.2285858, 129.0489333 35.2286491, 129.0478471 35.2292330, 129.0475618 35.2296125, 129.0474270 35.2299076, 129.0471602 35.2301309, 129.0463130 35.2303663, 129.0452906 35.2304766, 129.0449577 35.2303186, 129.0443163 35.2306895, 129.0440442 35.2327687, 129.0455944 35.2341356, 129.0465881 35.2349788, 129.0471585 35.2374388, 129.0471623 35.2374550, 129.0472647 35.2378966, 129.0478102 35.2385772, 129.0479250 35.2387205, 129.0494045 35.2393705, 129.0499652 35.2400165, 129.0503787 35.2412478, 129.0498722 35.2424402, 129.0498492 35.2424943, 129.0501050 35.2433529, 129.0494884 35.2451991, 129.0481569 35.2461000, 129.0466894 35.2465127, 129.0465402 35.2465547, 129.0461135 35.2466773, 129.0455825 35.2473069, 129.0455559 35.2477419, 129.0455419 35.2479711, 129.0453448 35.2514811, 129.0453464 35.2514906, 129.0453570 35.2515447, 129.0458519 35.2524955, 129.0470292 35.2539041, 129.0475308 35.2543832, 129.0476082 35.2544572, 129.0481782 35.2546353, 129.0484287 35.2548529, 129.0484954 35.2549108, 129.0485443 35.2552523, 129.0477643 35.2564804, 129.0476799 35.2565536, 129.0474416 35.2567481, 129.0473685 35.2567911, 129.0473329 35.2568117, 129.0468299 35.2571013, 129.0467754 35.2571327, 129.0455485 35.2572210, 129.0420053 35.2580111, 129.0388426 35.2591531, 129.0378968 35.2596394, 129.0376734 35.2599120, 129.0365916 35.2604585, 129.0365579 35.2604919, 129.0365654 35.2607034, 129.0366235 35.2608196, 129.0366396 35.2608519, 129.0370005 35.2614916, 129.0378629 35.2623559, 129.0388691 35.2625634, 129.0400083 35.2627678, 129.0417898 35.2633386, 129.0419582 35.2634585, 129.0423655 35.2639526, 129.0424585 35.2642972, 129.0427157 35.2655979, 129.0425975 35.2660308, 129.0425701 35.2665482, 129.0428021 35.2682131, 129.0429441 35.2686679, 129.0435559 35.2694298, 129.0440875 35.2700195, 129.0448300 35.2707121, 129.0465257 35.2728110, 129.0474985 35.2742136, 129.0475637 35.2742930, 129.0477525 35.2745235, 129.0478408 35.2751905, 129.0479734 35.2767497, 129.0490093 35.2784087, 129.0507722 35.2803195, 129.0514886 35.2796992, 129.0543028 35.2779002, 129.0570910 35.2760101, 129.0589828 35.2747157, 129.0609480 35.2721410, 129.0609445 35.2721325, 129.0607690 35.2717027, 129.0605152 35.2703875, 129.0608108 35.2691316, 129.0610826 35.2682620, 129.0611553 35.2681683, 129.0613675 35.2678947, 129.0619849 35.2667812, 129.0628367 35.2644876, 129.0628065 35.2625198)))"
21110720,서3동,2024,9739,10568.7,54.6,4936,3445,3265,1405,"SRID=4326;MULTIPOLYGON(((129.1072765 35.2228918, 129.1081273 35.2219434, 129.1106764 35.2190310, 129.1106761 35.2190307, 129.1104697 35.2188022, 129.1099983 35.2182814, 129.1099593 35.2182362, 129.1086461 35.2145998, 129.1085063 35.2142103, 129.1084675 35.2141022, 129.1019830 35.2152426, 129.0996613 35.2161587, 129.1002407 35.2171529, 129.1018578 35.2192513, 129.1014975 35.2207974, 129.1011812 35.2208980, 129.0994096 35.2222368, 129.1004618 35.2230193, 129.1015462 35.2239826, 129.1018147 35.2250681, 129.1019022 35.2253399, 129.1020326 35.2256958, 129.1020968 35.2258711, 129.1026060 35.2266220, 129.1035003 35.2298462, 129.1058502 35.2274031, 129.1057801 35.2272305, 129.1054036 35.2262029, 129.1051742 35.2251637, 129.1053107 35.2245120, 129.1053568 35.2244106, 129.1054102 35.2243056, 129.1055297 35.2240708, 129.1061314 35.2233930, 129.1064825 35.2231704, 129.1066968 35.2230689, 129.1067986 35.2230206, 129.1070283 35.2229223, 129.1072765 35.2228918)))"
21110730,금사회동동,2024,7089,1283.3,55.2,3521,2619,14824,2077,"SRID=4326;MULTIPOLYGON(((129.1399810 35.2408541, 129.1396737 35.2404960, 129.1381670 35.2391702, 129.1371724 35.2384581, 129.1359420 35.2373120, 129.1358230 35.2369053, 129.1356676 35.2363593, 129.1348287 35.2367779, 129.1348085 35.2367880, 129.1347783 35.2368030, 129.1336968 35.2367060, 129.1310245 35.2353411, 129.1300721 35.2332308, 129.1301136 35.2328397, 129.1301710 35.2322987, 129.1302289 35.2321673, 129.1304515 35.2315262, 129.1305101 35.2313304, 129.1305161 35.2313057, 129.1297850 35.2302213, 129.1270143 35.2271367, 129.1261206 35.2269112, 129.1260478 35.2268929, 129.1257025 35.2268268, 129.1240547 35.2267864, 129.1234861 35.2268076, 129.1224588 35.2265646, 129.1207028 35.2259449, 129.1204683 35.2258086, 129.1189407 35.2248764, 129.1181649 35.2243955, 129.1178741 35.2242140, 129.1176615 35.2240770, 129.1175070 35.2239500, 129.1168168 35.2223204, 129.1169365 35.2215216, 129.1169662 35.2214213, 129.1170871 35.2210136, 129.1172476 35.2206483, 129.1172978 35.2205409, 129.1174092 35.2203030, 129.1174709 35.2202179, 129.1177676 35.2196404, 129.1182739 35.2184196, 129.1184251 35.2180196, 129.1191775 35.2158210, 129.1192130 35.2156366, 129.1192093 35.2149866, 129.1191770 35.2144422, 129.1189684 35.2143090, 129.1170256 35.2144247, 129.1161836 35.2141289, 129.1122058 35.2125137, 129.1113528 35.2118981, 129.1108515 35.2111485, 129.1084675 35.2141022, 129.1085063 35.2142103, 129.1086461 35.2145998, 129.1099593 35.2182362, 129.1099983 35.2182814, 129.1104697 35.2188022, 129.1106761 35.2190307, 129.1106764 35.2190310, 129.1081273 35.2219434, 129.1072765 35.2228918, 129.1070283 35.2229223, 129.1067986 35.2230206, 129.1066968 35.2230689, 129.1064825 35.2231704, 129.1061314 35.2233930, 129.1055297 35.2240708, 129.1054102 35.2243056, 129.1053568 35.2244106, 129.1053107 35.2245120, 129.1051742 35.2251637, 129.1054036 35.2262029, 129.1057801 35.2272305, 129.1058502 35.2274031, 129.1035003 35.2298462, 129.1029771 35.2315993, 129.1051172 35.2319196, 129.1069170 35.2317606, 129.1073209 35.2313327, 129.1083473 35.2304880, 129.1107220 35.2309767, 129.1111787 35.2311733, 129.1122111 35.2316541, 129.1123834 35.2317861, 129.1127789 35.2320889, 129.1130218 35.2323839, 129.1130252 35.2323972, 129.1130713 35.2325794, 129.1134359 35.2337391, 129.1173805 35.2382942, 129.1174371 35.2383323, 129.1180499 35.2387438, 129.1191011 35.2394497, 129.1229665 35.2410783, 129.1234555 35.2410888, 129.1244106 35.2409343, 129.1248123 35.2408328, 129.1252100 35.2406077, 129.1254122 35.2405469, 129.1275550 35.2407330, 129.1279760 35.2411293, 129.1309838 35.2442548, 129.1317206 35.2450675, 129.1319876 35.2453655, 129.1320381 35.2454218, 129.1321582 35.2462983, 129.1322343 35.2472778, 129.1324127 35.2482161, 129.1337832 35.2509065, 129.1338385 35.2509689, 129.1339209 35.2510619, 129.1354695 35.2525043, 129.1383116 35.2542895, 129.1401374 35.2528891, 129.1423075 35.2514683, 129.1445991 35.2509415, 129.1437709 35.2491000, 129.1436738 35.2477510, 129.1437067 35.2469529, 129.1405624 35.2416076, 129.1399810 35.2408541)))"
21110740,장전2동,2024,28491,7902.8,42.3,11068,9043,12636,3200,"SRID=4326;MULTIPOLYGON(((129.0723018 35.2378429, 129.0741949 35.2372768, 129.0746556 35.2372721, 129.0757517 35.2379787, 129.0761554 35.2387082, 129.0763817 35.2387307, 129.0767939 35.2387705, 129.0772679 35.2388162, 129.0823751 35.2369717, 129.0828817 35.2341945, 129.0874200 35.2322896, 129.0890856 35.2314970, 129.0893601 35.2305650, 129.0895323 35.2296141, 129.0895291 35.2293035, 129.0895078 35.2286563, 129.0892468 35.2286826, 129.0892243 35.2286529, 129.0891944 35.2286132, 129.0890403 35.2283610, 129.0889193 35.2280997, 129.0888200 35.2278654, 129.0887650 35.2275680, 129.0886552 35.2265753, 129.0874445 35.2223904, 129.0872594 35.2218639, 129.0853485 35.2221264, 129.0814710 35.2233482, 129.0797169 35.2242766, 129.0782803 35.2256150, 129.0782142 35.2257048, 129.0781567 35.2257896, 129.0767573 35.2261924, 129.0757584 35.2254663, 129.0749947 35.2253251, 129.0747208 35.2252744, 129.0743010 35.2252203, 129.0736360 35.2251348, 129.0688521 35.2248045, 129.0683324 35.2247751, 129.0620032 35.2248437, 129.0617743 35.2258458, 129.0604668 35.2298218, 129.0598546 35.2305572, 129.0597601 35.2306706, 129.0591409 35.2331987, 129.0591230 35.2335770, 129.0591000 35.2340612, 129.0595913 35.2348889, 129.0609346 35.2371515, 129.0611598 35.2380773, 129.0622532 35.2385157, 129.0631104 35.2388594, 129.0668707 35.2391497, 129.0674714 35.2391961, 129.0694570 35.2389194, 129.0710861 35.2380608, 129.0723018 35.2378429)))"
21120510,대저1동,2024,5413,305.3,55.8,2663,1728,16071,4016,"SRID=4326;MULTIPOLYGON(((128.9976051 35.2343650, 128.9982244 35.2329142, 128.9979554 35.2308714, 128.9976103 35.2282505, 128.9974534 35.2263979, 128.9969059 35.2225794, 128.9954919 35.2133461, 128.9954778 35.2132703, 128.9954552 35.2131479, 128.9954109 35.2129094, 128.9953675 35.2127277, 128.9953596 35.2126945, 128.9952603 35.2123635, 128.9946180 35.2102217, 128.9945649 35.2100448, 128.9938762 35.2081078, 128.9931736 35.2067477, 128.9925665 35.2060331, 128.9922270 35.2056334, 128.9911900 35.2044158, 128.9877368 35.2014609, 128.9869568 35.2020314, 128.9862044 35.2015760, 128.9841624 35.2003398, 128.9786723 35.1988634, 128.9767769 35.1985607, 128.9765558 35.1985254, 128.9762837 35.1984834, 128.9758755 35.1984202, 128.9731824 35.1973185, 128.9713564 35.1958393, 128.9704687 35.1951202, 128.9700876 35.1948171, 128.9644387 35.1954689, 128.9635697 35.1976370, 128.9635190 35.2002485, 128.9634748 35.2031400, 128.9633984 35.2031264, 128.9626994 35.2029443, 128.9621212 35.2027932, 128.9616730 35.2025953, 128.9523553 35.1984445, 128.9523164 35.1984120, 128.9525087 35.1981871, 128.9526178 35.1980595, 128.9538642 35.1965985, 128.9564476 35.1935585, 128.9567174 35.1924197, 128.9500484 35.1877061, 128.9500354 35.1876969, 128.9499992 35.1876714, 128.9464344 35.1909734, 128.9463888 35.1910202, 128.9425144 35.1890176, 128.9419685 35.1880870, 128.9409142 35.1876864, 128.9408807 35.1876786, 128.9397034 35.1878657, 128.9392040 35.1879662, 128.9382207 35.1881822, 128.9381895 35.1882195, 128.9381783 35.1882748, 128.9368193 35.1901271, 128.9343528 35.1904934, 128.9320536 35.1907296, 128.9297349 35.1903585, 128.9293423 35.1899925, 128.9293078 35.1899597, 128.9272172 35.1904851, 128.9263269 35.1911174, 128.9264103 35.1911482, 128.9265101 35.1911890, 128.9265249 35.1911955, 128.9265579 35.1912104, 128.9292362 35.1929426, 128.9292635 35.1929686, 128.9294683 35.1931634, 128.9296250 35.1933153, 128.9297087 35.1933963, 128.9299111 35.1935963, 128.9300243 35.1937404, 128.9302858 35.1940929, 128.9313966 35.1956538, 128.9318545 35.1967167, 128.9318950 35.1968107, 128.9319069 35.1968384, 128.9323317 35.1978148, 128.9333669 35.1998391, 128.9335941 35.2002210, 128.9337742 35.2005061, 128.9348598 35.2021786, 128.9351290 35.2025628, 128.9352154 35.2026724, 128.9352612 35.2027211, 128.9354741 35.2029161, 128.9356547 35.2030801, 128.9361120 35.2034913, 128.9364132 35.2037601, 128.9365959 35.2039211, 128.9368560 35.2041144, 128.9371455 35.2043281, 128.9374081 35.2045205, 128.9386901 35.2057167, 128.9403711 35.2074427, 128.9404851 35.2075673, 128.9436849 35.2114822, 128.9456372 35.2140729, 128.9457191 35.2142638, 128.9458818 35.2146432, 128.9461557 35.2152915, 128.9461560 35.2158981, 128.9461475 35.2167654, 128.9460783 35.2170382, 128.9459199 35.2176620, 128.9458747 35.2178400, 128.9457165 35.2180502, 128.9454657 35.2183834, 128.9451408 35.2188005, 128.9450199 35.2189556, 128.9444658 35.2201382, 128.9444523 35.2201674, 128.9442965 35.2205042, 128.9438738 35.2214263, 128.9438222 35.2236832, 128.9438561 35.2240399, 128.9439974 35.2255164, 128.9452104 35.2255546, 128.9452846 35.2255554, 128.9457114 35.2255601, 128.9481426 35.2253786, 128.9482706 35.2253340, 128.9485347 35.2252420, 128.9499185 35.2252398, 128.9499698 35.2252399, 128.9506783 35.2252409, 128.9566962 35.2252520, 128.9597761 35.2257182, 128.9624154 35.2261289, 128.9667403 35.2267783, 128.9682752 35.2269669, 128.9707365 35.2271163, 128.9717639 35.2271766, 128.9727354 35.2272337, 128.9735779 35.2273608, 128.9757045 35.2278302, 128.9841578 35.2297559, 128.9897012 35.2316763, 128.9897561 35.2317041, 128.9942920 35.2340413, 128.9943148 35.2340586, 128.9960250 35.2353569, 128.9967604 35.2360806, 128.9976051 35.2343650)))"
21120520,대저2동,2024,5970,204.2,48,2586,1694,23352,5759,"SRID=4326;MULTIPOLYGON(((128.9635190 35.2002485, 128.9635697 35.1976370, 128.9644387 35.1954689, 128.9700876 35.1948171, 128.9704687 35.1951202, 128.9713564 35.1958393, 128.9731824 35.1973185, 128.9758755 35.1984202, 128.9762837 35.1984834, 128.9765558 35.1985254, 128.9767769 35.1985607, 128.9786723 35.1988634, 128.9841624 35.2003398, 128.9862044 35.2015760, 128.9869568 35.2020314, 128.9877368 35.2014609, 128.9860716 35.2000359, 128.9839767 35.1983491, 128.9818818 35.1966622, 128.9801004 35.1954280, 128.9770696 35.1933283, 128.9754605 35.1926641, 128.9747129 35.1923555, 128.9720426 35.1912532, 128.9702613 35.1905178, 128.9663203 35.1878995, 128.9648273 35.1860268, 128.9646279 35.1857766, 128.9636180 35.1845099, 128.9634243 35.1839954, 128.9632910 35.1836415, 128.9632904 35.1836088, 128.9632117 35.1798757, 128.9631675 35.1777789, 128.9631124 35.1751646, 128.9629947 35.1695736, 128.9629854 35.1691356, 128.9629055 35.1653407, 128.9628853 35.1643844, 128.9624679 35.1623860, 128.9622190 35.1611945, 128.9616886 35.1588573, 128.9613726 35.1574651, 128.9607580 35.1547565, 128.9606380 35.1538175, 128.9606399 35.1529506, 128.9604371 35.1508418, 128.9604079 35.1506103, 128.9602440 35.1493130, 128.9602299 35.1490800, 128.9601608 35.1479401, 128.9600379 35.1456301, 128.9599940 35.1434993, 128.9600168 35.1422091, 128.9600336 35.1412675, 128.9600431 35.1407292, 128.9600548 35.1400696, 128.9600223 35.1398009, 128.9596404 35.1366451, 128.9594110 35.1366285, 128.9567454 35.1351064, 128.9564931 35.1348556, 128.9562924 35.1346538, 128.9560383 35.1343971, 128.9555211 35.1338732, 128.9553960 35.1337455, 128.9542588 35.1325465, 128.9530779 35.1312750, 128.9519299 35.1299099, 128.9512630 35.1290147, 128.9496187 35.1263035, 128.9484382 35.1241067, 128.9477832 35.1226973, 128.9457821 35.1218792, 128.9455654 35.1217419, 128.9447244 35.1212079, 128.9420384 35.1190891, 128.9415077 35.1185922, 128.9386465 35.1154820, 128.9382695 35.1147690, 128.9381657 35.1141191, 128.9366418 35.1130944, 128.9348684 35.1119026, 128.9338734 35.1150071, 128.9333897 35.1163219, 128.9322939 35.1190327, 128.9292229 35.1222945, 128.9258969 35.1254995, 128.9253128 35.1259364, 128.9243920 35.1267209, 128.9237384 35.1273053, 128.9232032 35.1279123, 128.9228523 35.1283111, 128.9188753 35.1330596, 128.9185526 35.1344290, 128.9200522 35.1367783, 128.9208145 35.1375688, 128.9214614 35.1382476, 128.9216013 35.1384372, 128.9219224 35.1388723, 128.9222890 35.1393862, 128.9247896 35.1433598, 128.9253133 35.1443178, 128.9254728 35.1455452, 128.9255136 35.1459555, 128.9258341 35.1495928, 128.9258429 35.1499397, 128.9258379 35.1499547, 128.9258158 35.1500142, 128.9258000 35.1500562, 128.9255900 35.1506010, 128.9238023 35.1538665, 128.9216650 35.1577686, 128.9200611 35.1616044, 128.9189794 35.1647534, 128.9181020 35.1679177, 128.9170447 35.1715147, 128.9167004 35.1719830, 128.9165761 35.1721520, 128.9167051 35.1735155, 128.9167338 35.1736836, 128.9168793 35.1745374, 128.9168794 35.1745380, 128.9168833 35.1745586, 128.9169091 35.1746818, 128.9169177 35.1747229, 128.9169269 35.1747627, 128.9169936 35.1750149, 128.9170496 35.1752031, 128.9170736 35.1752794, 128.9171140 35.1754075, 128.9171559 35.1755335, 128.9184743 35.1788480, 128.9185051 35.1789105, 128.9185091 35.1789186, 128.9195770 35.1810383, 128.9206430 35.1832158, 128.9209971 35.1839746, 128.9216854 35.1862998, 128.9219778 35.1872945, 128.9220607 35.1875807, 128.9237769 35.1892954, 128.9260811 35.1910103, 128.9263269 35.1911174, 128.9272172 35.1904851, 128.9293078 35.1899597, 128.9293423 35.1899925, 128.9297349 35.1903585, 128.9320536 35.1907296, 128.9343528 35.1904934, 128.9368193 35.1901271, 128.9381783 35.1882748, 128.9381895 35.1882195, 128.9382207 35.1881822, 128.9392040 35.1879662, 128.9397034 35.1878657, 128.9408807 35.1876786, 128.9409142 35.1876864, 128.9419685 35.1880870, 128.9425144 35.1890176, 128.9463888 35.1910202, 128.9464344 35.1909734, 128.9499992 35.1876714, 128.9500354 35.1876969, 128.9500484 35.1877061, 128.9567174 35.1924197, 128.9564476 35.1935585, 128.9538642 35.1965985, 128.9526178 35.1980595, 128.9525087 35.1981871, 128.9523164 35.1984120, 128.9523553 35.1984445, 128.9616730 35.2025953, 128.9621212 35.2027932, 128.9626994 35.2029443, 128.9633984 35.2031264, 128.9634748 35.2031400, 128.9635190 35.2002485)))"
21120530,강동동,2024,6247,337.6,47,2719,2137,5393,1687,"SRID=4326;MULTIPOLYGON(((128.9478127 35.2256296, 128.9481426 35.2253786, 128.9457114 35.2255601, 128.9452846 35.2255554, 128.9452104 35.2255546, 128.9439974 35.2255164, 128.9438561 35.2240399, 128.9438222 35.2236832, 128.9438738 35.2214263, 128.9442965 35.2205042, 128.9444523 35.2201674, 128.9444658 35.2201382, 128.9450199 35.2189556, 128.9451408 35.2188005, 128.9454657 35.2183834, 128.9457165 35.2180502, 128.9458747 35.2178400, 128.9459199 35.2176620, 128.9460783 35.2170382, 128.9461475 35.2167654, 128.9461560 35.2158981, 128.9461557 35.2152915, 128.9458818 35.2146432, 128.9457191 35.2142638, 128.9456372 35.2140729, 128.9436849 35.2114822, 128.9404851 35.2075673, 128.9403711 35.2074427, 128.9386901 35.2057167, 128.9374081 35.2045205, 128.9371455 35.2043281, 128.9368560 35.2041144, 128.9365959 35.2039211, 128.9364132 35.2037601, 128.9361120 35.2034913, 128.9356547 35.2030801, 128.9354741 35.2029161, 128.9352612 35.2027211, 128.9352154 35.2026724, 128.9351290 35.2025628, 128.9348598 35.2021786, 128.9337742 35.2005061, 128.9335941 35.2002210, 128.9333669 35.1998391, 128.9323317 35.1978148, 128.9319069 35.1968384, 128.9318950 35.1968107, 128.9318545 35.1967167, 128.9313966 35.1956538, 128.9302858 35.1940929, 128.9300243 35.1937404, 128.9299111 35.1935963, 128.9297087 35.1933963, 128.9296250 35.1933153, 128.9294683 35.1931634, 128.9292635 35.1929686, 128.9292362 35.1929426, 128.9265579 35.1912104, 128.9265249 35.1911955, 128.9265101 35.1911890, 128.9264103 35.1911482, 128.9263269 35.1911174, 128.9260811 35.1910103, 128.9237769 35.1892954, 128.9220607 35.1875807, 128.9219778 35.1872945, 128.9216854 35.1862998, 128.9209971 35.1839746, 128.9206430 35.1832158, 128.9195770 35.1810383, 128.9185091 35.1789186, 128.9185051 35.1789105, 128.9184743 35.1788480, 128.9171559 35.1755335, 128.9171140 35.1754075, 128.9170736 35.1752794, 128.9170496 35.1752031, 128.9169936 35.1750149, 128.9169269 35.1747627, 128.9169177 35.1747229, 128.9169091 35.1746818, 128.9168833 35.1745586, 128.9168794 35.1745380, 128.9168793 35.1745374, 128.9167338 35.1736836, 128.9167051 35.1735155, 128.9165761 35.1721520, 128.9167004 35.1719830, 128.9170447 35.1715147, 128.9181020 35.1679177, 128.9189794 35.1647534, 128.9200611 35.1616044, 128.9216650 35.1577686, 128.9238023 35.1538665, 128.9255900 35.1506010, 128.9258000 35.1500562, 128.9258158 35.1500142, 128.9258379 35.1499547, 128.9258429 35.1499397, 128.9258341 35.1495928, 128.9255136 35.1459555, 128.9254728 35.1455452, 128.9253133 35.1443178, 128.9247896 35.1433598, 128.9222890 35.1393862, 128.9219224 35.1388723, 128.9216013 35.1384372, 128.9214614 35.1382476, 128.9208145 35.1375688, 128.9200522 35.1367783, 128.9185526 35.1344290, 128.9176166 35.1344032, 128.9162835 35.1346484, 128.9161381 35.1346461, 128.9158885 35.1346420, 128.9110289 35.1342208, 128.9100055 35.1337190, 128.9071516 35.1322700, 128.9064069 35.1318400, 128.9064026 35.1318377, 128.9063440 35.1318062, 128.9059328 35.1316316, 128.9050108 35.1312440, 128.9036708 35.1313997, 128.9023738 35.1316318, 128.9021308 35.1317005, 128.9018847 35.1334846, 128.9018253 35.1360831, 128.9018228 35.1370900, 128.9018126 35.1423172, 128.9018032 35.1484213, 128.9018039 35.1534402, 128.9018104 35.1555940, 128.9018893 35.1562310, 128.9019440 35.1566560, 128.9024146 35.1592403, 128.9027649 35.1612229, 128.9031436 35.1637536, 128.9031998 35.1641856, 128.9032889 35.1648852, 128.9033181 35.1652217, 128.9033497 35.1656049, 128.9034300 35.1667447, 128.9034425 35.1669507, 128.9035033 35.1679596, 128.9035137 35.1681878, 128.9035320 35.1685855, 128.9035563 35.1690870, 128.9036169 35.1701447, 128.9036553 35.1707931, 128.9036575 35.1708297, 128.9038203 35.1732018, 128.9047256 35.1731815, 128.9051075 35.1755892, 128.9051224 35.1756878, 128.9053042 35.1772453, 128.9061048 35.1850222, 128.9061467 35.1859722, 128.9061783 35.1867084, 128.9062132 35.1893994, 128.9062138 35.1894477, 128.9061133 35.1902778, 128.9060282 35.1909650, 128.9059281 35.1914960, 128.9059027 35.1916128, 128.9057717 35.1922316, 128.9056695 35.1927185, 128.9055070 35.1937645, 128.9054846 35.1941075, 128.9054656 35.1943972, 128.9054757 35.1950820, 128.9055629 35.1958948, 128.9058036 35.1980916, 128.9058362 35.1983852, 128.9064066 35.2010122, 128.9073362 35.2019918, 128.9090108 35.2035433, 128.9102593 35.2045879, 128.9105970 35.2048696, 128.9120786 35.2061001, 128.9121665 35.2061482, 128.9127259 35.2063357, 128.9127788 35.2063449, 128.9127822 35.2063458, 128.9140421 35.2071459, 128.9142940 35.2073067, 128.9154964 35.2081327, 128.9177923 35.2100745, 128.9180448 35.2103335, 128.9185857 35.2109283, 128.9188267 35.2112580, 128.9198215 35.2126206, 128.9200022 35.2134817, 128.9200709 35.2150734, 128.9201280 35.2164226, 128.9211817 35.2168204, 128.9244711 35.2180621, 128.9244934 35.2180705, 128.9245762 35.2181018, 128.9257793 35.2185225, 128.9265971 35.2188271, 128.9266154 35.2188339, 128.9271729 35.2190879, 128.9280228 35.2194757, 128.9289731 35.2199099, 128.9292395 35.2200317, 128.9316286 35.2216491, 128.9321228 35.2219845, 128.9345307 35.2234055, 128.9347284 35.2235235, 128.9355998 35.2244078, 128.9366887 35.2254609, 128.9374547 35.2259798, 128.9387140 35.2266637, 128.9397964 35.2272499, 128.9397978 35.2272504, 128.9401654 35.2273832, 128.9406763 35.2275206, 128.9412176 35.2276541, 128.9433391 35.2281675, 128.9439980 35.2283254, 128.9453419 35.2274973, 128.9457105 35.2272533, 128.9458531 35.2271434, 128.9465807 35.2265826, 128.9478127 35.2256296)))"
21120550,가락동,2024,2169,114.4,56.4,962,817,3521,1020,"SRID=4326;MULTIPOLYGON(((128.9102133 35.2229419, 128.9093997 35.2222821, 128.9087318 35.2217243, 128.9088023 35.2212395, 128.9088916 35.2207498, 128.9091670 35.2205609, 128.9095416 35.2205969, 128.9095340 35.2207650, 128.9096554 35.2215355, 128.9098516 35.2223151, 128.9100211 35.2225765, 128.9102690 35.2228994, 128.9125033 35.2225151, 128.9128686 35.2219373, 128.9128908 35.2219023, 128.9133077 35.2213440, 128.9137652 35.2207324, 128.9166530 35.2169608, 128.9197607 35.2164223, 128.9201280 35.2164226, 128.9200709 35.2150734, 128.9200022 35.2134817, 128.9198215 35.2126206, 128.9188267 35.2112580, 128.9185857 35.2109283, 128.9180448 35.2103335, 128.9177923 35.2100745, 128.9154964 35.2081327, 128.9142940 35.2073067, 128.9140421 35.2071459, 128.9127822 35.2063458, 128.9127788 35.2063449, 128.9127259 35.2063357, 128.9121665 35.2061482, 128.9120786 35.2061001, 128.9105970 35.2048696, 128.9102593 35.2045879, 128.9090108 35.2035433, 128.9073362 35.2019918, 128.9064066 35.2010122, 128.9058362 35.1983852, 128.9058036 35.1980916, 128.9055629 35.1958948, 128.9054757 35.1950820, 128.9054656 35.1943972, 128.9054846 35.1941075, 128.9055070 35.1937645, 128.9056695 35.1927185, 128.9057717 35.1922316, 128.9059027 35.1916128, 128.9059281 35.1914960, 128.9060282 35.1909650, 128.9061133 35.1902778, 128.9062138 35.1894477, 128.9062132 35.1893994, 128.9061783 35.1867084, 128.9061467 35.1859722, 128.9061048 35.1850222, 128.9053042 35.1772453, 128.9051224 35.1756878, 128.9051075 35.1755892, 128.9047256 35.1731815, 128.9038203 35.1732018, 128.9036575 35.1708297, 128.9036553 35.1707931, 128.9036169 35.1701447, 128.9035563 35.1690870, 128.9035320 35.1685855, 128.9035137 35.1681878, 128.9035033 35.1679596, 128.9034425 35.1669507, 128.9034300 35.1667447, 128.9033497 35.1656049, 128.9033181 35.1652217, 128.9032889 35.1648852, 128.9031998 35.1641856, 128.9031436 35.1637536, 128.9027649 35.1612229, 128.9024146 35.1592403, 128.9019440 35.1566560, 128.9018893 35.1562310, 128.9018104 35.1555940, 128.9018039 35.1534402, 128.9018032 35.1484213, 128.9018126 35.1423172, 128.9018228 35.1370900, 128.9018253 35.1360831, 128.9018847 35.1334846, 128.8964053 35.1370841, 128.8941602 35.1374552, 128.8930138 35.1376447, 128.8929384 35.1377274, 128.8900418 35.1416046, 128.8893599 35.1425396, 128.8891422 35.1428559, 128.8891204 35.1428876, 128.8888014 35.1433881, 128.8882995 35.1442291, 128.8881595 35.1445922, 128.8876840 35.1462307, 128.8875989 35.1466833, 128.8875411 35.1470152, 128.8873407 35.1485216, 128.8873020 35.1488121, 128.8868937 35.1541819, 128.8869251 35.1544899, 128.8870015 35.1552379, 128.8870476 35.1554834, 128.8870841 35.1556757, 128.8870902 35.1557002, 128.8875018 35.1573120, 128.8879927 35.1580566, 128.8889028 35.1590876, 128.8902873 35.1605825, 128.8905009 35.1608082, 128.8908762 35.1611774, 128.8914105 35.1616338, 128.8915466 35.1617530, 128.8917850 35.1623192, 128.8913390 35.1631395, 128.8909806 35.1637973, 128.8908723 35.1639398, 128.8902291 35.1647226, 128.8856171 35.1692692, 128.8850976 35.1696653, 128.8845066 35.1700011, 128.8811467 35.1718452, 128.8803879 35.1730770, 128.8801907 35.1738532, 128.8801482 35.1743125, 128.8801146 35.1746752, 128.8800444 35.1788667, 128.8801468 35.1797394, 128.8802022 35.1799896, 128.8802712 35.1803008, 128.8806755 35.1809072, 128.8812645 35.1814439, 128.8814744 35.1815621, 128.8816687 35.1816718, 128.8816997 35.1819948, 128.8816809 35.1822036, 128.8815856 35.1825358, 128.8815258 35.1826353, 128.8814393 35.1827793, 128.8814171 35.1828158, 128.8807560 35.1835708, 128.8789398 35.1854514, 128.8775993 35.1866817, 128.8770468 35.1870761, 128.8765160 35.1874881, 128.8764463 35.1875423, 128.8762124 35.1878761, 128.8760596 35.1880944, 128.8759043 35.1884121, 128.8758840 35.1884540, 128.8758098 35.1891215, 128.8756856 35.1902841, 128.8758232 35.1907795, 128.8760855 35.1917945, 128.8760887 35.1918065, 128.8761937 35.1926306, 128.8759594 35.1931682, 128.8725526 35.1987576, 128.8703548 35.2015587, 128.8704223 35.2016765, 128.8705835 35.2019576, 128.8708499 35.2022772, 128.8711187 35.2025078, 128.8727465 35.2037535, 128.8728728 35.2038460, 128.8730117 35.2039313, 128.8731074 35.2039740, 128.8731556 35.2039908, 128.8758867 35.2065007, 128.8767856 35.2076787, 128.8789876 35.2099945, 128.8790601 35.2100442, 128.8791858 35.2100903, 128.8793404 35.2101162, 128.8795532 35.2101321, 128.8795941 35.2101229, 128.8797877 35.2100793, 128.8800366 35.2100233, 128.8802590 35.2100130, 128.8804444 35.2100595, 128.8814864 35.2103400, 128.8816180 35.2103892, 128.8818567 35.2105638, 128.8835213 35.2119017, 128.8840247 35.2129133, 128.8840114 35.2130195, 128.8840219 35.2130898, 128.8840505 35.2131696, 128.8840542 35.2131793, 128.8841377 35.2132747, 128.8841513 35.2132859, 128.8843793 35.2134708, 128.8846097 35.2136388, 128.8853132 35.2140287, 128.8859278 35.2143299, 128.8860685 35.2143989, 128.8865839 35.2144736, 128.8889076 35.2147776, 128.8890845 35.2147992, 128.8890890 35.2147984, 128.8891894 35.2147794, 128.8919677 35.2141616, 128.8968166 35.2131982, 128.9046680 35.2153013, 128.9083579 35.2167650, 128.9077574 35.2173547, 128.9074984 35.2176094, 128.9066281 35.2184728, 128.9057739 35.2193202, 128.9050183 35.2200731, 128.9092695 35.2229138, 128.9095310 35.2230854, 128.9102133 35.2229419)))"
21120560,녹산동+신호동,2024,39388,1985,40.1,15334,12173,78797,9425,"SRID=4326;MULTIPOLYGON(((128.8688536 35.0721121, 128.8689583 35.0720676, 128.8697269 35.0718366, 128.8715025 35.0713448, 128.8716923 35.0712942, 128.8719011 35.0712565, 128.8722602 35.0711973, 128.8724579 35.0711669, 128.8742659 35.0709533, 128.8750000 35.0708905, 128.8769592 35.0706886, 128.8798806 35.0701261, 128.8810041 35.0698401, 128.8855565 35.0685451, 128.8855791 35.0685335, 128.8855955 35.0685104, 128.8856054 35.0684807, 128.8856114 35.0684329, 128.8858706 35.0661076, 128.8858688 35.0660775, 128.8858575 35.0660488, 128.8858380 35.0660156, 128.8857558 35.0659282, 128.8856963 35.0658676, 128.8853285 35.0655518, 128.8852898 35.0655226, 128.8852309 35.0654883, 128.8845777 35.0651500, 128.8839345 35.0648305, 128.8838676 35.0648002, 128.8837901 35.0647658, 128.8834446 35.0646378, 128.8829722 35.0644899, 128.8824308 35.0643213, 128.8810978 35.0639369, 128.8801672 35.0637555, 128.8800243 35.0637319, 128.8798613 35.0637158, 128.8795416 35.0636897, 128.8786810 35.0636294, 128.8785046 35.0636201, 128.8783587 35.0636156, 128.8780019 35.0636144, 128.8776096 35.0636224, 128.8772996 35.0636293, 128.8746588 35.0637439, 128.8742113 35.0637761, 128.8741022 35.0637846, 128.8739763 35.0637975, 128.8738655 35.0638112, 128.8737841 35.0638250, 128.8736922 35.0638416, 128.8707474 35.0644234, 128.8703382 35.0645093, 128.8700982 35.0645699, 128.8700066 35.0645958, 128.8699185 35.0646250, 128.8698344 35.0646545, 128.8697619 35.0646816, 128.8696695 35.0647226, 128.8677478 35.0655843, 128.8649063 35.0668522, 128.8646576 35.0669582, 128.8642737 35.0671061, 128.8626679 35.0676648, 128.8620834 35.0678627, 128.8620241 35.0678820, 128.8609460 35.0681937, 128.8605125 35.0682830, 128.8597997 35.0684265, 128.8596313 35.0684503, 128.8593407 35.0684841, 128.8591407 35.0685003, 128.8589506 35.0685139, 128.8584151 35.0685313, 128.8583181 35.0685341, 128.8582057 35.0685452, 128.8579330 35.0686098, 128.8578747 35.0686257, 128.8578524 35.0686341, 128.8578366 35.0686493, 128.8578290 35.0686686, 128.8578278 35.0686917, 128.8578271 35.0687607, 128.8578291 35.0688097, 128.8578411 35.0689133, 128.8579184 35.0694394, 128.8579399 35.0695731, 128.8579467 35.0696119, 128.8579600 35.0696574, 128.8580305 35.0698655, 128.8580462 35.0699067, 128.8580638 35.0699503, 128.8581011 35.0700264, 128.8581173 35.0700590, 128.8581559 35.0701264, 128.8582007 35.0702007, 128.8582632 35.0702811, 128.8583694 35.0704056, 128.8584012 35.0704354, 128.8584436 35.0704725, 128.8584730 35.0704963, 128.8585202 35.0705311, 128.8585585 35.0705572, 128.8586401 35.0706111, 128.8587234 35.0706603, 128.8587689 35.0706857, 128.8588183 35.0707122, 128.8588633 35.0707352, 128.8589037 35.0707550, 128.8590203 35.0708030, 128.8590641 35.0708178, 128.8591022 35.0708294, 128.8606294 35.0712524, 128.8672280 35.0721055, 128.8673548 35.0721164, 128.8682357 35.0721911, 128.8683183 35.0721977, 128.8684788 35.0721944, 128.8685927 35.0721822, 128.8686851 35.0721664, 128.8687782 35.0721411, 128.8688536 35.0721121)), ((128.8205266 35.0966346, 128.8204675 35.0963907, 128.8204860 35.0965030, 128.8204988 35.0965575, 128.8205266 35.0966346)), ((128.8805910 35.1714997, 128.8811467 35.1718452, 128.8845066 35.1700011, 128.8850976 35.1696653, 128.8856171 35.1692692, 128.8902291 35.1647226, 128.8908723 35.1639398, 128.8909806 35.1637973, 128.8913390 35.1631395, 128.8917850 35.1623192, 128.8915466 35.1617530, 128.8914105 35.1616338, 128.8908762 35.1611774, 128.8905009 35.1608082, 128.8902873 35.1605825, 128.8889028 35.1590876, 128.8879927 35.1580566, 128.8875018 35.1573120, 128.8870902 35.1557002, 128.8870841 35.1556757, 128.8870476 35.1554834, 128.8870015 35.1552379, 128.8869251 35.1544899, 128.8868937 35.1541819, 128.8873020 35.1488121, 128.8873407 35.1485216, 128.8875411 35.1470152, 128.8875989 35.1466833, 128.8876840 35.1462307, 128.8881595 35.1445922, 128.8882995 35.1442291, 128.8888014 35.1433881, 128.8891204 35.1428876, 128.8891422 35.1428559, 128.8893599 35.1425396, 128.8900418 35.1416046, 128.8929384 35.1377274, 128.8930138 35.1376447, 128.8941602 35.1374552, 128.8964053 35.1370841, 128.9018847 35.1334846, 128.9021308 35.1317005, 128.9022683 35.1306553, 128.9023096 35.1303418, 128.9023704 35.1298795, 128.9024882 35.1276138, 128.9024087 35.1262741, 128.9020909 35.1237860, 128.9019473 35.1226610, 128.9005663 35.1194615, 128.8976275 35.1202898, 128.8956231 35.1212217, 128.8945944 35.1217567, 128.8945141 35.1217969, 128.8945002 35.1217970, 128.8944950 35.1217959, 128.8944864 35.1217895, 128.8944103 35.1217181, 128.8944043 35.1217092, 128.8940620 35.1209106, 128.8939949 35.1205390, 128.8939340 35.1197396, 128.8939279 35.1195370, 128.8938382 35.1159013, 128.8938383 35.1158042, 128.8938403 35.1157951, 128.8938474 35.1157816, 128.8938615 35.1157701, 128.8939195 35.1157336, 128.8938781 35.1155722, 128.8937092 35.1151270, 128.8936096 35.1149241, 128.8932730 35.1142570, 128.8925638 35.1128704, 128.8923688 35.1124938, 128.8922068 35.1122266, 128.8894347 35.1074284, 128.8881730 35.0938126, 128.8878344 35.0902068, 128.8877423 35.0894984, 128.8877054 35.0893146, 128.8877001 35.0892982, 128.8875844 35.0889506, 128.8875305 35.0888387, 128.8875152 35.0888094, 128.8874468 35.0887109, 128.8860149 35.0870486, 128.8842385 35.0843107, 128.8841977 35.0842353, 128.8839226 35.0836624, 128.8833209 35.0823771, 128.8833041 35.0823288, 128.8833021 35.0822949, 128.8834365 35.0806611, 128.8836854 35.0804476, 128.8843110 35.0797701, 128.8843189 35.0797431, 128.8843213 35.0797269, 128.8843230 35.0797094, 128.8843229 35.0796971, 128.8842952 35.0795360, 128.8842622 35.0794356, 128.8842158 35.0793754, 128.8841623 35.0793297, 128.8841040 35.0793121, 128.8840379 35.0793038, 128.8840057 35.0793027, 128.8839691 35.0793054, 128.8801868 35.0796115, 128.8799328 35.0796330, 128.8796553 35.0796590, 128.8744203 35.0802275, 128.8738130 35.0803015, 128.8703696 35.0807811, 128.8702956 35.0807934, 128.8702636 35.0808005, 128.8702532 35.0808038, 128.8702377 35.0808096, 128.8694448 35.0812430, 128.8692484 35.0813612, 128.8690613 35.0815231, 128.8689264 35.0816704, 128.8688954 35.0817382, 128.8688904 35.0817754, 128.8689061 35.0818384, 128.8690626 35.0821082, 128.8700301 35.0836417, 128.8701463 35.0837171, 128.8707130 35.0840328, 128.8707294 35.0840390, 128.8709343 35.0840749, 128.8710412 35.0840806, 128.8711726 35.0840870, 128.8712873 35.0840925, 128.8714095 35.0840813, 128.8715299 35.0840612, 128.8715309 35.0840600, 128.8715264 35.0836459, 128.8715259 35.0835937, 128.8715297 35.0833522, 128.8715307 35.0833505, 128.8721341 35.0828622, 128.8723977 35.0828636, 128.8723997 35.0833399, 128.8724008 35.0836109, 128.8724005 35.0841274, 128.8723992 35.0847540, 128.8718302 35.0865384, 128.8713994 35.0876404, 128.8713009 35.0878604, 128.8710237 35.0884287, 128.8709382 35.0885871, 128.8708992 35.0886194, 128.8708313 35.0886461, 128.8707878 35.0886501, 128.8707660 35.0886490, 128.8707146 35.0886312, 128.8706795 35.0885899, 128.8706776 35.0885850, 128.8706766 35.0885790, 128.8706772 35.0885730, 128.8706784 35.0885671, 128.8707750 35.0881277, 128.8708033 35.0851232, 128.8708007 35.0851100, 128.8707980 35.0851049, 128.8707916 35.0850981, 128.8683917 35.0832926, 128.8683881 35.0832900, 128.8683849 35.0832880, 128.8682331 35.0832184, 128.8682235 35.0832170, 128.8598158 35.0831522, 128.8548891 35.0831451, 128.8545157 35.0831474, 128.8521022 35.0831874, 128.8494348 35.0831865, 128.8414838 35.0831800, 128.8409157 35.0831776, 128.8402723 35.0831738, 128.8400703 35.0831723, 128.8400682 35.0831679, 128.8400534 35.0819788, 128.8400564 35.0819609, 128.8388855 35.0820588, 128.8373371 35.0834830, 128.8371999 35.0837471, 128.8371809 35.0837844, 128.8364173 35.0855535, 128.8364166 35.0855578, 128.8364139 35.0862257, 128.8364149 35.0868860, 128.8364132 35.0868924, 128.8361831 35.0872056, 128.8356058 35.0879535, 128.8354214 35.0881890, 128.8351961 35.0884235, 128.8331875 35.0883597, 128.8330578 35.0883107, 128.8329516 35.0882705, 128.8329464 35.0882695, 128.8329343 35.0882695, 128.8323377 35.0883429, 128.8322442 35.0883544, 128.8320855 35.0883757, 128.8308966 35.0893315, 128.8302421 35.0898580, 128.8244536 35.0945191, 128.8244498 35.0945227, 128.8244436 35.0948063, 128.8244411 35.0951968, 128.8244375 35.0955807, 128.8244336 35.0955908, 128.8244131 35.0956105, 128.8220044 35.0975692, 128.8218439 35.0976914, 128.8217765 35.0977401, 128.8217709 35.0977411, 128.8209061 35.0972017, 128.8208074 35.0971239, 128.8207037 35.0970399, 128.8206844 35.0970203, 128.8206477 35.0969391, 128.8205764 35.0967729, 128.8205266 35.0966346, 128.8206567 35.0971711, 128.8233447 35.1017483, 128.8234681 35.1018771, 128.8235661 35.1019451, 128.8236381 35.1019790, 128.8245251 35.1022619, 128.8246674 35.1022963, 128.8248626 35.1023358, 128.8265992 35.1024617, 128.8309286 35.1026239, 128.8315864 35.1026472, 128.8317451 35.1026146, 128.8318246 35.1025982, 128.8320702 35.1025476, 128.8324615 35.1024374, 128.8328268 35.1022842, 128.8337976 35.1018657, 128.8339220 35.1018074, 128.8341442 35.1017808, 128.8347046 35.1017850, 128.8347972 35.1018021, 128.8355373 35.1021329, 128.8416088 35.1059217, 128.8417005 35.1059896, 128.8431692 35.1091671, 128.8432623 35.1101080, 128.8432694 35.1104056, 128.8432703 35.1105371, 128.8432635 35.1106277, 128.8432582 35.1106995, 128.8429622 35.1131584, 128.8427786 35.1135123, 128.8417504 35.1144896, 128.8416627 35.1145668, 128.8413402 35.1147638, 128.8411898 35.1148280, 128.8403466 35.1151620, 128.8402253 35.1152078, 128.8401980 35.1152110, 128.8400668 35.1152265, 128.8397434 35.1151657, 128.8395860 35.1151314, 128.8394106 35.1150907, 128.8392802 35.1150750, 128.8389746 35.1150728, 128.8388404 35.1150823, 128.8386938 35.1150995, 128.8385831 35.1151444, 128.8384888 35.1152040, 128.8375490 35.1161197, 128.8374981 35.1162065, 128.8359881 35.1188713, 128.8359557 35.1189415, 128.8359304 35.1190034, 128.8359300 35.1190373, 128.8359299 35.1190430, 128.8359343 35.1190857, 128.8363718 35.1200220, 128.8364230 35.1200911, 128.8365489 35.1201732, 128.8369549 35.1203611, 128.8373542 35.1206509, 128.8375376 35.1208222, 128.8375633 35.1208812, 128.8381085 35.1229333, 128.8380593 35.1231829, 128.8377568 35.1239853, 128.8377249 35.1240175, 128.8367938 35.1247452, 128.8363129 35.1250529, 128.8356730 35.1256179, 128.8351078 35.1261730, 128.8346140 35.1274955, 128.8345492 35.1279675, 128.8345170 35.1287661, 128.8337129 35.1294105, 128.8329752 35.1299409, 128.8319772 35.1296421, 128.8311260 35.1291170, 128.8307372 35.1288363, 128.8305268 35.1284623, 128.8297927 35.1282182, 128.8273776 35.1282003, 128.8267005 35.1285900, 128.8265721 35.1295266, 128.8249484 35.1306438, 128.8245379 35.1308658, 128.8242292 35.1310255, 128.8239161 35.1310965, 128.8236305 35.1311612, 128.8188224 35.1321991, 128.8161138 35.1324805, 128.8159029 35.1324948, 128.8157659 35.1325042, 128.8153597 35.1326339, 128.8153567 35.1326349, 128.8134069 35.1345134, 128.8098767 35.1374531, 128.8085507 35.1383879, 128.8076499 35.1390954, 128.8073159 35.1394796, 128.8076694 35.1404429, 128.8076230 35.1410708, 128.8071517 35.1421493, 128.8066855 35.1425037, 128.8062104 35.1423458, 128.8045659 35.1419355, 128.8042747 35.1419138, 128.8035599 35.1418606, 128.8031863 35.1418653, 128.8021325 35.1419015, 128.8021340 35.1419223, 128.8021599 35.1422363, 128.8022361 35.1423972, 128.8023094 35.1427672, 128.8024754 35.1436860, 128.8022579 35.1448782, 128.8019985 35.1460533, 128.8017742 35.1465962, 128.7984996 35.1504755, 128.7960424 35.1528783, 128.7946395 35.1558900, 128.7942008 35.1566028, 128.7936669 35.1571612, 128.7936658 35.1571624, 128.7945197 35.1585379, 128.7968724 35.1589579, 128.7970095 35.1589823, 128.7970921 35.1589970, 128.7976225 35.1584599, 128.7985213 35.1581028, 128.8005952 35.1580678, 128.8017411 35.1585581, 128.8020560 35.1592464, 128.8021418 35.1593196, 128.8023209 35.1594727, 128.8039688 35.1601124, 128.8058717 35.1604376, 128.8064702 35.1600222, 128.8070479 35.1596211, 128.8071497 35.1595505, 128.8074948 35.1593849, 128.8079227 35.1591796, 128.8087068 35.1589392, 128.8123933 35.1596566, 128.8159656 35.1601621, 128.8209332 35.1581552, 128.8221520 35.1573553, 128.8224196 35.1568716, 128.8229925 35.1561587, 128.8258806 35.1556516, 128.8262909 35.1556330, 128.8270573 35.1556018, 128.8274805 35.1555899, 128.8275265 35.1555886, 128.8283310 35.1564171, 128.8300170 35.1570111, 128.8339541 35.1575933, 128.8360055 35.1591380, 128.8371913 35.1592739, 128.8382810 35.1591626, 128.8405956 35.1587878, 128.8415127 35.1583542, 128.8429331 35.1579887, 128.8430302 35.1580651, 128.8435447 35.1584697, 128.8441831 35.1599078, 128.8441699 35.1599745, 128.8440739 35.1604630, 128.8440136 35.1620446, 128.8444604 35.1628038, 128.8455250 35.1640088, 128.8456965 35.1641614, 128.8462886 35.1646879, 128.8491620 35.1654836, 128.8562911 35.1668641, 128.8588609 35.1679955, 128.8589666 35.1680165, 128.8597432 35.1681707, 128.8673864 35.1677149, 128.8706131 35.1658050, 128.8714799 35.1650794, 128.8715001 35.1650625, 128.8715048 35.1650541, 128.8719157 35.1642809, 128.8720964 35.1626168, 128.8716522 35.1615924, 128.8695974 35.1590778, 128.8691847 35.1586483, 128.8681456 35.1585752, 128.8679533 35.1586224, 128.8675834 35.1589553, 128.8674240 35.1591808, 128.8673746 35.1592741, 128.8673097 35.1593444, 128.8671259 35.1595120, 128.8670599 35.1595504, 128.8667522 35.1597057, 128.8666465 35.1597576, 128.8665853 35.1597497, 128.8665280 35.1597423, 128.8656073 35.1594314, 128.8652761 35.1587271, 128.8651825 35.1581859, 128.8656118 35.1576607, 128.8685098 35.1542073, 128.8710502 35.1511867, 128.8716629 35.1504649, 128.8756770 35.1507308, 128.8766568 35.1512793, 128.8765073 35.1514489, 128.8761896 35.1518243, 128.8757173 35.1523851, 128.8747212 35.1535687, 128.8747009 35.1535931, 128.8746945 35.1536008, 128.8744155 35.1585687, 128.8748628 35.1589341, 128.8755698 35.1593951, 128.8774094 35.1595770, 128.8786979 35.1596746, 128.8792102 35.1594797, 128.8808347 35.1594662, 128.8813538 35.1598944, 128.8813918 35.1613368, 128.8799717 35.1618584, 128.8764869 35.1652985, 128.8767054 35.1676746, 128.8758225 35.1704805, 128.8747826 35.1707915, 128.8747295 35.1708120, 128.8723537 35.1722743, 128.8727017 35.1728523, 128.8732867 35.1738210, 128.8734753 35.1741321, 128.8734789 35.1741378, 128.8805910 35.1714997)))"
21120580,가덕도동,2024,4016,145.8,54.5,2090,1856,4722,508,"SRID=4326;MULTIPOLYGON(((128.7690685 35.0156407, 128.7712288 35.0156987, 128.7738564 35.0150466, 128.7738612 35.0150451, 128.7738653 35.0150432, 128.7738689 35.0150411, 128.7742316 35.0147849, 128.7758033 35.0130248, 128.7758058 35.0130210, 128.7758076 35.0130166, 128.7764451 35.0109935, 128.7764463 35.0109889, 128.7764488 35.0109692, 128.7764492 35.0109645, 128.7764491 35.0109598, 128.7764470 35.0108581, 128.7764466 35.0108518, 128.7764462 35.0108483, 128.7764430 35.0108368, 128.7764418 35.0108339, 128.7764393 35.0108291, 128.7764378 35.0108267, 128.7763434 35.0106740, 128.7763269 35.0106647, 128.7763237 35.0106632, 128.7763169 35.0106612, 128.7739217 35.0102508, 128.7739164 35.0102501, 128.7739108 35.0102499, 128.7725057 35.0103263, 128.7724901 35.0103273, 128.7724863 35.0103279, 128.7724788 35.0103296, 128.7724637 35.0103340, 128.7724560 35.0103367, 128.7722155 35.0104558, 128.7722086 35.0104593, 128.7722053 35.0104613, 128.7722025 35.0104636, 128.7721974 35.0104689, 128.7721345 35.0105567, 128.7721328 35.0105595, 128.7720426 35.0107057, 128.7720414 35.0107081, 128.7720386 35.0107169, 128.7720360 35.0107345, 128.7719092 35.0117138, 128.7719450 35.0121933, 128.7712281 35.0132614, 128.7706091 35.0136578, 128.7691149 35.0133644, 128.7679884 35.0130034, 128.7679882 35.0130011, 128.7679877 35.0129990, 128.7676741 35.0122948, 128.7676728 35.0122922, 128.7676710 35.0122896, 128.7675774 35.0121718, 128.7675730 35.0121670, 128.7675703 35.0121645, 128.7675552 35.0121520, 128.7675307 35.0121339, 128.7674822 35.0121033, 128.7669294 35.0117623, 128.7669212 35.0117580, 128.7669169 35.0117563, 128.7669082 35.0117534, 128.7668693 35.0117422, 128.7668531 35.0117386, 128.7668423 35.0117368, 128.7668306 35.0117355, 128.7668147 35.0117345, 128.7667983 35.0117347, 128.7667884 35.0117356, 128.7658408 35.0118580, 128.7658326 35.0118595, 128.7658243 35.0118614, 128.7656417 35.0119049, 128.7656146 35.0119121, 128.7655721 35.0119256, 128.7655674 35.0119273, 128.7655585 35.0119313, 128.7655495 35.0119358, 128.7655407 35.0119408, 128.7655363 35.0119438, 128.7655248 35.0119525, 128.7655173 35.0119589, 128.7655101 35.0119662, 128.7655064 35.0119705, 128.7654740 35.0120123, 128.7654431 35.0120530, 128.7654143 35.0120935, 128.7653885 35.0121354, 128.7653864 35.0121405, 128.7653833 35.0121497, 128.7653800 35.0121628, 128.7653791 35.0121675, 128.7653778 35.0121797, 128.7653778 35.0121841, 128.7653792 35.0134993, 128.7653797 35.0135485, 128.7653825 35.0135814, 128.7653835 35.0135865, 128.7653965 35.0136359, 128.7654090 35.0136737, 128.7654264 35.0137197, 128.7659408 35.0148575, 128.7659430 35.0148623, 128.7659500 35.0148746, 128.7659580 35.0148870, 128.7659865 35.0149283, 128.7659901 35.0149329, 128.7659974 35.0149411, 128.7660015 35.0149453, 128.7660406 35.0149823, 128.7665268 35.0154335, 128.7665309 35.0154372, 128.7665429 35.0154466, 128.7665555 35.0154556, 128.7665602 35.0154585, 128.7665692 35.0154632, 128.7665781 35.0154674, 128.7665828 35.0154693, 128.7682833 35.0161011, 128.7682957 35.0161052, 128.7683023 35.0161070, 128.7683397 35.0161151, 128.7683471 35.0161159, 128.7684020 35.0161196, 128.7684096 35.0161196, 128.7684672 35.0161182, 128.7685109 35.0161151, 128.7685185 35.0161143, 128.7685693 35.0161057, 128.7685770 35.0161037, 128.7685908 35.0160993, 128.7685980 35.0160967, 128.7686108 35.0160909, 128.7686354 35.0160785, 128.7686907 35.0160455, 128.7687024 35.0160374, 128.7687907 35.0159692, 128.7688344 35.0159340, 128.7688409 35.0159277, 128.7689110 35.0158557, 128.7689264 35.0158379, 128.7689943 35.0157508, 128.7690383 35.0156884, 128.7690483 35.0156740, 128.7690685 35.0156407)), ((128.8457865 35.0594580, 128.8457711 35.0595943, 128.8457708 35.0596179, 128.8457742 35.0596442, 128.8457819 35.0596621, 128.8458070 35.0596994, 128.8458407 35.0597404, 128.8459487 35.0598676, 128.8463522 35.0603237, 128.8457865 35.0594580)), ((128.7907054 35.0702081, 128.7904986 35.0693339, 128.7905071 35.0693248, 128.7905631 35.0692264, 128.7905670 35.0692187, 128.7906307 35.0688600, 128.7906283 35.0688544, 128.7905394 35.0686731, 128.7905346 35.0686649, 128.7905230 35.0686580, 128.7899762 35.0683496, 128.7899633 35.0683461, 128.7899481 35.0683475, 128.7899350 35.0683530, 128.7899242 35.0683638, 128.7899147 35.0683823, 128.7893405 35.0697017, 128.7893426 35.0698190, 128.7893439 35.0698281, 128.7893648 35.0699401, 128.7893703 35.0699546, 128.7894227 35.0700182, 128.7894307 35.0700260, 128.7894430 35.0700350, 128.7896933 35.0702184, 128.7907552 35.0708541, 128.7907603 35.0708569, 128.7907631 35.0708582, 128.7907682 35.0708604, 128.7907707 35.0708613, 128.7907736 35.0708622, 128.7907762 35.0708628, 128.7907791 35.0708633, 128.7907845 35.0708639, 128.7907873 35.0708640, 128.7907928 35.0708639, 128.7907980 35.0708636, 128.7908076 35.0708625, 128.7908098 35.0708621, 128.7908142 35.0708608, 128.7908161 35.0708600, 128.7908180 35.0708590, 128.7908198 35.0708579, 128.7908230 35.0708557, 128.7908245 35.0708543, 128.7908258 35.0708529, 128.7908271 35.0708514, 128.7908282 35.0708496, 128.7908292 35.0708479, 128.7908301 35.0708460, 128.7908316 35.0708423, 128.7908322 35.0708403, 128.7908336 35.0708340, 128.7908342 35.0708295, 128.7908628 35.0705717, 128.7908005 35.0704165, 128.7907054 35.0702081)), ((128.8463522 35.0603237, 128.8477725 35.0624970, 128.8477714 35.0625237, 128.8475855 35.0627217, 128.8463314 35.0636499, 128.8462502 35.0637033, 128.8462193 35.0637180, 128.8461859 35.0637334, 128.8461108 35.0637609, 128.8460059 35.0637944, 128.8449388 35.0640989, 128.8436370 35.0642843, 128.8429626 35.0642896, 128.8427684 35.0642863, 128.8427545 35.0642848, 128.8427521 35.0642807, 128.8404658 35.0654040, 128.8368165 35.0673640, 128.8365101 35.0680295, 128.8369548 35.0738520, 128.8369599 35.0738640, 128.8375100 35.0748000, 128.8375148 35.0748021, 128.8378522 35.0748655, 128.8378628 35.0748664, 128.8378737 35.0748669, 128.8382261 35.0748464, 128.8383709 35.0748347, 128.8386980 35.0748021, 128.8389021 35.0747444, 128.8389754 35.0747167, 128.8397788 35.0744023, 128.8397826 35.0743997, 128.8398834 35.0742996, 128.8400148 35.0741248, 128.8401526 35.0739180, 128.8413361 35.0720591, 128.8414079 35.0719126, 128.8414718 35.0715610, 128.8414318 35.0714125, 128.8414268 35.0714083, 128.8414231 35.0714015, 128.8413958 35.0711967, 128.8413804 35.0710165, 128.8413830 35.0708593, 128.8413870 35.0708393, 128.8413960 35.0708148, 128.8414272 35.0707481, 128.8420120 35.0697781, 128.8420147 35.0697746, 128.8420274 35.0697623, 128.8422462 35.0695479, 128.8423337 35.0695245, 128.8468181 35.0686509, 128.8468530 35.0686444, 128.8468768 35.0686410, 128.8468946 35.0686392, 128.8490704 35.0684440, 128.8491148 35.0684405, 128.8492472 35.0684319, 128.8492878 35.0684297, 128.8493259 35.0684277, 128.8493625 35.0684271, 128.8493852 35.0684269, 128.8496282 35.0684576, 128.8496664 35.0684657, 128.8497062 35.0684757, 128.8497514 35.0684889, 128.8497912 35.0685012, 128.8498264 35.0685134, 128.8498269 35.0685137, 128.8502183 35.0687345, 128.8504048 35.0688428, 128.8513111 35.0689650, 128.8531423 35.0691722, 128.8539382 35.0691989, 128.8548600 35.0690358, 128.8584311 35.0646311, 128.8586029 35.0642743, 128.8586148 35.0642472, 128.8586179 35.0642343, 128.8586438 35.0640847, 128.8586440 35.0640788, 128.8586435 35.0640758, 128.8586430 35.0640740, 128.8586426 35.0640729, 128.8586405 35.0640686, 128.8586275 35.0640489, 128.8582925 35.0637915, 128.8578085 35.0636566, 128.8575924 35.0636326, 128.8570474 35.0636436, 128.8507489 35.0625390, 128.8504733 35.0624811, 128.8499158 35.0623639, 128.8498690 35.0623530, 128.8498194 35.0623394, 128.8497687 35.0623243, 128.8497237 35.0623107, 128.8496708 35.0622932, 128.8496207 35.0622749, 128.8491507 35.0620956, 128.8483521 35.0617847, 128.8479987 35.0616374, 128.8479385 35.0616087, 128.8478141 35.0615400, 128.8475525 35.0613611, 128.8473041 35.0611817, 128.8472436 35.0611360, 128.8468671 35.0608208, 128.8468186 35.0607758, 128.8465583 35.0605342, 128.8464094 35.0603884, 128.8463522 35.0603237)), ((128.8320260 35.0873612, 128.8333270 35.0872907, 128.8343958 35.0871608, 128.8344298 35.0871554, 128.8346527 35.0870645, 128.8348025 35.0870035, 128.8348399 35.0869738, 128.8351474 35.0864399, 128.8351603 35.0864079, 128.8351649 35.0863818, 128.8353606 35.0819372, 128.8353590 35.0775935, 128.8352502 35.0672868, 128.8346256 35.0625469, 128.8346068 35.0625478, 128.8345879 35.0625483, 128.8345552 35.0625410, 128.8339189 35.0621488, 128.8337376 35.0620146, 128.8335370 35.0618513, 128.8332234 35.0615485, 128.8327309 35.0603397, 128.8327273 35.0602972, 128.8325764 35.0581887, 128.8325769 35.0581431, 128.8325795 35.0581148, 128.8325986 35.0579716, 128.8326300 35.0578833, 128.8326430 35.0578517, 128.8326713 35.0577955, 128.8336966 35.0559462, 128.8338022 35.0558311, 128.8339125 35.0557520, 128.8341979 35.0555594, 128.8344872 35.0553819, 128.8347517 35.0552327, 128.8371521 35.0540814, 128.8384337 35.0537075, 128.8423851 35.0543742, 128.8450706 35.0559081, 128.8451354 35.0559472, 128.8458246 35.0563847, 128.8458644 35.0564104, 128.8458944 35.0564324, 128.8459133 35.0564535, 128.8459202 35.0564746, 128.8460352 35.0573110, 128.8460307 35.0573401, 128.8459805 35.0575744, 128.8455388 35.0590789, 128.8457865 35.0594580, 128.8458339 35.0590403, 128.8458898 35.0586073, 128.8458978 35.0585683, 128.8460131 35.0580528, 128.8460225 35.0580123, 128.8465449 35.0563141, 128.8465565 35.0562885, 128.8466168 35.0561798, 128.8466367 35.0561472, 128.8467997 35.0559078, 128.8470064 35.0556376, 128.8470364 35.0556006, 128.8470577 35.0555772, 128.8473016 35.0553291, 128.8477416 35.0548844, 128.8498995 35.0522052, 128.8499065 35.0521951, 128.8499153 35.0521782, 128.8499199 35.0521676, 128.8499264 35.0521496, 128.8499328 35.0521270, 128.8501059 35.0514058, 128.8501716 35.0511000, 128.8500674 35.0483127, 128.8499908 35.0474133, 128.8500305 35.0458797, 128.8502338 35.0450862, 128.8505588 35.0442195, 128.8504073 35.0430441, 128.8504272 35.0430354, 128.8504337 35.0430323, 128.8504423 35.0430270, 128.8504473 35.0430228, 128.8504494 35.0430206, 128.8511767 35.0420910, 128.8511962 35.0420638, 128.8511985 35.0420572, 128.8511993 35.0420524, 128.8511985 35.0420439, 128.8511740 35.0419530, 128.8503636 35.0393893, 128.8486640 35.0361016, 128.8486705 35.0360946, 128.8488104 35.0359305, 128.8488118 35.0359288, 128.8488139 35.0359256, 128.8488158 35.0359217, 128.8488171 35.0359177, 128.8488180 35.0359132, 128.8488859 35.0354480, 128.8488864 35.0354442, 128.8488725 35.0341669, 128.8487728 35.0339694, 128.8487202 35.0339132, 128.8486058 35.0338096, 128.8486025 35.0338067, 128.8482987 35.0336375, 128.8482918 35.0336338, 128.8464305 35.0326683, 128.8461128 35.0325752, 128.8459118 35.0326484, 128.8459108 35.0326523, 128.8459099 35.0326539, 128.8459087 35.0326552, 128.8459071 35.0326562, 128.8459033 35.0326573, 128.8458957 35.0326582, 128.8458748 35.0326592, 128.8458645 35.0326590, 128.8458399 35.0326557, 128.8458358 35.0326550, 128.8458003 35.0326466, 128.8457840 35.0326419, 128.8457259 35.0326222, 128.8455193 35.0325425, 128.8454918 35.0325300, 128.8447660 35.0321902, 128.8447610 35.0321877, 128.8439832 35.0315896, 128.8438905 35.0315003, 128.8435118 35.0310854, 128.8434083 35.0309714, 128.8433423 35.0308928, 128.8432501 35.0307827, 128.8432448 35.0307763, 128.8432237 35.0307467, 128.8432211 35.0307425, 128.8431310 35.0305838, 128.8430569 35.0304133, 128.8430371 35.0303625, 128.8430204 35.0303098, 128.8429974 35.0302053, 128.8429888 35.0301568, 128.8429825 35.0301174, 128.8429770 35.0300669, 128.8429752 35.0300172, 128.8429933 35.0298262, 128.8430004 35.0297896, 128.8430865 35.0294399, 128.8431017 35.0294203, 128.8432684 35.0293087, 128.8435518 35.0291332, 128.8435586 35.0291284, 128.8435563 35.0276354, 128.8431611 35.0267236, 128.8417659 35.0241076, 128.8417494 35.0240765, 128.8417466 35.0240720, 128.8417326 35.0240530, 128.8416793 35.0239889, 128.8416098 35.0239147, 128.8415697 35.0238755, 128.8415470 35.0238579, 128.8414978 35.0238242, 128.8414771 35.0238121, 128.8412729 35.0236979, 128.8411302 35.0236219, 128.8408535 35.0234234, 128.8404312 35.0230931, 128.8404274 35.0230901, 128.8404209 35.0230839, 128.8404148 35.0230771, 128.8404067 35.0230662, 128.8402832 35.0228890, 128.8402805 35.0228850, 128.8402561 35.0228404, 128.8397629 35.0219294, 128.8397596 35.0219229, 128.8397583 35.0219199, 128.8397148 35.0217353, 128.8397133 35.0217264, 128.8396664 35.0212779, 128.8396667 35.0212755, 128.8396680 35.0212705, 128.8396885 35.0212244, 128.8396905 35.0212207, 128.8397002 35.0212059, 128.8397066 35.0211976, 128.8397495 35.0211638, 128.8397525 35.0211617, 128.8397645 35.0211549, 128.8397683 35.0211531, 128.8397790 35.0211492, 128.8397872 35.0211469, 128.8398245 35.0211439, 128.8398816 35.0211360, 128.8398917 35.0211337, 128.8398974 35.0211316, 128.8398998 35.0211304, 128.8399019 35.0211289, 128.8399052 35.0211256, 128.8399075 35.0211222, 128.8399081 35.0211205, 128.8399085 35.0211185, 128.8399112 35.0205696, 128.8399107 35.0205621, 128.8399103 35.0205596, 128.8399086 35.0205545, 128.8399060 35.0205495, 128.8395381 35.0196176, 128.8391059 35.0189934, 128.8390084 35.0187036, 128.8387253 35.0183459, 128.8387235 35.0183395, 128.8387201 35.0183304, 128.8385308 35.0178258, 128.8385187 35.0177999, 128.8385152 35.0177933, 128.8385132 35.0177904, 128.8385006 35.0177749, 128.8384980 35.0177720, 128.8384583 35.0177379, 128.8384132 35.0177035, 128.8384078 35.0177002, 128.8381941 35.0175923, 128.8381795 35.0175867, 128.8381721 35.0175841, 128.8381638 35.0175823, 128.8381550 35.0175814, 128.8381280 35.0175808, 128.8375306 35.0174580, 128.8371550 35.0173595, 128.8363041 35.0170446, 128.8362245 35.0170065, 128.8361450 35.0169588, 128.8361368 35.0169521, 128.8354452 35.0163853, 128.8350885 35.0159342, 128.8350331 35.0158541, 128.8349985 35.0157890, 128.8349630 35.0157169, 128.8349417 35.0156475, 128.8349205 35.0155728, 128.8349075 35.0154964, 128.8344137 35.0123286, 128.8344016 35.0122455, 128.8343680 35.0119946, 128.8343640 35.0119410, 128.8343540 35.0117253, 128.8343527 35.0116699, 128.8344294 35.0112066, 128.8344437 35.0111461, 128.8344591 35.0111062, 128.8345096 35.0109951, 128.8345370 35.0109414, 128.8345658 35.0108919, 128.8346260 35.0108075, 128.8347303 35.0107007, 128.8347981 35.0106561, 128.8364268 35.0096440, 128.8365764 35.0095513, 128.8365899 35.0095439, 128.8377265 35.0089536, 128.8377304 35.0089518, 128.8377433 35.0089473, 128.8384262 35.0087465, 128.8386581 35.0087413, 128.8390078 35.0087470, 128.8390405 35.0087461, 128.8390437 35.0087458, 128.8390495 35.0087447, 128.8390630 35.0087407, 128.8390713 35.0087373, 128.8391404 35.0087078, 128.8391474 35.0087048, 128.8391983 35.0086764, 128.8402176 35.0080062, 128.8402278 35.0079975, 128.8407586 35.0073770, 128.8408746 35.0072372, 128.8410170 35.0068807, 128.8410193 35.0068742, 128.8410788 35.0066414, 128.8411385 35.0062205, 128.8411705 35.0059827, 128.8412053 35.0055701, 128.8412051 35.0055617, 128.8412037 35.0055461, 128.8411648 35.0053805, 128.8411617 35.0053709, 128.8411602 35.0053676, 128.8411423 35.0053338, 128.8411372 35.0053242, 128.8410173 35.0051317, 128.8408230 35.0048341, 128.8408211 35.0048313, 128.8407175 35.0047054, 128.8407136 35.0047022, 128.8407085 35.0046996, 128.8407027 35.0046974, 128.8406926 35.0046949, 128.8406888 35.0046942, 128.8394023 35.0028864, 128.8394068 35.0028706, 128.8394107 35.0028511, 128.8394115 35.0028413, 128.8394111 35.0028323, 128.8389546 35.0014756, 128.8389527 35.0014703, 128.8389505 35.0014662, 128.8389470 35.0014619, 128.8381625 35.0005853, 128.8377717 35.0003156, 128.8376698 35.0002894, 128.8374872 35.0002291, 128.8374844 35.0002274, 128.8374789 35.0002227, 128.8374740 35.0002174, 128.8374667 35.0002082, 128.8374615 35.0002007, 128.8374565 35.0001921, 128.8374516 35.0001822, 128.8374132 35.0000944, 128.8374109 35.0000880, 128.8373974 35.0000405, 128.8373970 35.0000383, 128.8373963 35.0000353, 128.8378636 34.9992096, 128.8381031 34.9989996, 128.8398534 34.9974741, 128.8387942 34.9972827, 128.8374606 34.9971015, 128.8346961 34.9948300, 128.8296113 34.9897465, 128.8296258 34.9894318, 128.8296313 34.9893969, 128.8296437 34.9893247, 128.8296562 34.9893110, 128.8296989 34.9892875, 128.8296996 34.9892767, 128.8296540 34.9891845, 128.8295723 34.9890689, 128.8295175 34.9890166, 128.8285928 34.9886284, 128.8285320 34.9886195, 128.8278703 34.9886430, 128.8277373 34.9886792, 128.8277254 34.9886873, 128.8274541 34.9889230, 128.8274333 34.9889604, 128.8272873 34.9896580, 128.8272855 34.9896901, 128.8281216 34.9912625, 128.8289201 34.9922374, 128.8295130 34.9927912, 128.8301776 34.9944916, 128.8301758 34.9945162, 128.8301726 34.9945378, 128.8301569 34.9945967, 128.8297792 34.9951101, 128.8297539 34.9951428, 128.8297085 34.9951869, 128.8296713 34.9952220, 128.8296007 34.9952856, 128.8295772 34.9953031, 128.8295665 34.9953096, 128.8295558 34.9953143, 128.8279820 34.9956732, 128.8271186 34.9957023, 128.8250076 34.9952385, 128.8245171 34.9949576, 128.8235646 34.9946203, 128.8235036 34.9946013, 128.8234906 34.9945978, 128.8230615 34.9944932, 128.8230493 34.9944906, 128.8221873 34.9945044, 128.8219689 34.9945188, 128.8219377 34.9945246, 128.8219213 34.9945298, 128.8219052 34.9945362, 128.8218583 34.9945623, 128.8218070 34.9946008, 128.8217559 34.9946439, 128.8217275 34.9946750, 128.8217193 34.9946869, 128.8217057 34.9947118, 128.8217019 34.9947232, 128.8217001 34.9947344, 128.8216851 34.9949091, 128.8216835 34.9949727, 128.8219348 34.9970086, 128.8226489 34.9976157, 128.8226604 34.9987540, 128.8222970 35.0008700, 128.8213471 35.0014166, 128.8212130 35.0013268, 128.8208825 35.0012478, 128.8208667 35.0012445, 128.8208276 35.0012410, 128.8207602 35.0012380, 128.8207348 35.0012381, 128.8206843 35.0012403, 128.8206527 35.0012432, 128.8206465 35.0012440, 128.8206209 35.0012486, 128.8205920 35.0012553, 128.8205289 35.0012713, 128.8204837 35.0012843, 128.8204509 35.0012941, 128.8204463 35.0012956, 128.8204269 35.0013042, 128.8204058 35.0013162, 128.8204001 35.0013201, 128.8203953 35.0013240, 128.8197343 35.0018576, 128.8197313 35.0018603, 128.8191377 35.0024201, 128.8191014 35.0024545, 128.8190982 35.0024577, 128.8183048 35.0033999, 128.8183020 35.0034035, 128.8183007 35.0034064, 128.8182999 35.0034098, 128.8181740 35.0043358, 128.8181738 35.0043640, 128.8181744 35.0043701, 128.8181754 35.0043744, 128.8181779 35.0043829, 128.8181807 35.0043888, 128.8181821 35.0043907, 128.8181878 35.0043978, 128.8181913 35.0044015, 128.8181954 35.0044050, 128.8182021 35.0044096, 128.8182074 35.0044126, 128.8182570 35.0044328, 128.8187961 35.0046343, 128.8187995 35.0046355, 128.8188032 35.0046361, 128.8189133 35.0046526, 128.8189311 35.0046525, 128.8189424 35.0046513, 128.8189507 35.0046494, 128.8189562 35.0046476, 128.8189586 35.0046465, 128.8189824 35.0046328, 128.8190030 35.0046163, 128.8190180 35.0045988, 128.8190199 35.0045963, 128.8190791 35.0045193, 128.8190906 35.0044998, 128.8191044 35.0044688, 128.8191080 35.0044595, 128.8191091 35.0044539, 128.8191091 35.0044506, 128.8191013 35.0043247, 128.8191146 35.0041945, 128.8191427 35.0041552, 128.8193810 35.0041292, 128.8194420 35.0041272, 128.8194929 35.0041315, 128.8195581 35.0041373, 128.8196012 35.0041415, 128.8210110 35.0043188, 128.8230716 35.0046037, 128.8230756 35.0046043, 128.8231170 35.0046237, 128.8231524 35.0046421, 128.8231566 35.0046443, 128.8231606 35.0046471, 128.8233982 35.0049091, 128.8234620 35.0049840, 128.8234876 35.0050184, 128.8235432 35.0051050, 128.8235716 35.0051496, 128.8235752 35.0051557, 128.8235970 35.0052012, 128.8236171 35.0052460, 128.8236194 35.0052518, 128.8236333 35.0052981, 128.8236398 35.0053239, 128.8237555 35.0059204, 128.8237603 35.0059505, 128.8237646 35.0060005, 128.8237871 35.0062763, 128.8237885 35.0063274, 128.8237865 35.0063750, 128.8237776 35.0065162, 128.8237740 35.0065606, 128.8237720 35.0065741, 128.8237526 35.0066685, 128.8237201 35.0068225, 128.8237069 35.0068686, 128.8236900 35.0069164, 128.8236855 35.0069276, 128.8236542 35.0069922, 128.8236507 35.0069984, 128.8236226 35.0070392, 128.8235881 35.0070834, 128.8235547 35.0071203, 128.8235504 35.0071247, 128.8235107 35.0071606, 128.8235060 35.0071645, 128.8234676 35.0071891, 128.8234471 35.0072009, 128.8232498 35.0073018, 128.8228982 35.0074548, 128.8227049 35.0074841, 128.8223721 35.0075377, 128.8223660 35.0075391, 128.8201210 35.0090299, 128.8201129 35.0090355, 128.8201085 35.0090398, 128.8200769 35.0090850, 128.8200764 35.0090872, 128.8200774 35.0090925, 128.8200950 35.0091781, 128.8201082 35.0092253, 128.8201269 35.0092556, 128.8201555 35.0092960, 128.8201568 35.0092977, 128.8202740 35.0094016, 128.8203160 35.0094292, 128.8203236 35.0094334, 128.8203310 35.0094364, 128.8203336 35.0094373, 128.8218188 35.0098050, 128.8254376 35.0104119, 128.8255600 35.0103824, 128.8258596 35.0103256, 128.8263367 35.0103267, 128.8264665 35.0104048, 128.8265009 35.0104279, 128.8266873 35.0105987, 128.8267057 35.0106160, 128.8267257 35.0106404, 128.8267699 35.0107136, 128.8271253 35.0115649, 128.8271596 35.0116544, 128.8272459 35.0118836, 128.8273842 35.0125927, 128.8273852 35.0126028, 128.8273876 35.0126415, 128.8273940 35.0128556, 128.8273934 35.0128887, 128.8273845 35.0130109, 128.8273674 35.0131641, 128.8273465 35.0132802, 128.8273107 35.0134317, 128.8273052 35.0134471, 128.8272309 35.0136185, 128.8271877 35.0136731, 128.8270946 35.0137731, 128.8267166 35.0141541, 128.8237726 35.0165732, 128.8237370 35.0166010, 128.8236598 35.0166564, 128.8236132 35.0166881, 128.8235139 35.0167513, 128.8234684 35.0167801, 128.8234318 35.0168008, 128.8233857 35.0168236, 128.8233814 35.0168252, 128.8179821 35.0184123, 128.8136750 35.0194712, 128.8109600 35.0212290, 128.8062431 35.0212308, 128.8048178 35.0236531, 128.8046974 35.0238844, 128.8046878 35.0239045, 128.8046867 35.0239223, 128.8046917 35.0239401, 128.8047626 35.0241047, 128.8047741 35.0241206, 128.8047879 35.0241301, 128.8048073 35.0241400, 128.8048308 35.0241485, 128.8067425 35.0248125, 128.8071360 35.0249286, 128.8071659 35.0249335, 128.8071940 35.0249347, 128.8072352 35.0249341, 128.8073388 35.0249306, 128.8073621 35.0249277, 128.8073779 35.0249229, 128.8080716 35.0247000, 128.8081002 35.0246897, 128.8081506 35.0246669, 128.8081988 35.0246443, 128.8082187 35.0246347, 128.8093510 35.0240712, 128.8104964 35.0234106, 128.8105244 35.0233973, 128.8105417 35.0233903, 128.8105509 35.0233878, 128.8106393 35.0233844, 128.8108368 35.0233824, 128.8108727 35.0233824, 128.8122809 35.0234852, 128.8131314 35.0236514, 128.8131688 35.0236619, 128.8131992 35.0236741, 128.8132382 35.0236942, 128.8132733 35.0237157, 128.8133080 35.0237387, 128.8133412 35.0237624, 128.8145814 35.0247165, 128.8147886 35.0248853, 128.8148881 35.0250947, 128.8153132 35.0272490, 128.8153757 35.0278924, 128.8153433 35.0280395, 128.8146377 35.0290596, 128.8135122 35.0296354, 128.8101141 35.0296561, 128.8096436 35.0296158, 128.8078432 35.0312492, 128.8075104 35.0317065, 128.8073015 35.0328170, 128.8075750 35.0335824, 128.8076612 35.0338205, 128.8076643 35.0338269, 128.8076666 35.0338310, 128.8076709 35.0338367, 128.8076836 35.0338512, 128.8077045 35.0338685, 128.8077298 35.0338848, 128.8077320 35.0338858, 128.8077470 35.0338924, 128.8077562 35.0338958, 128.8077635 35.0338981, 128.8080434 35.0339641, 128.8080502 35.0339646, 128.8080540 35.0339643, 128.8080593 35.0339635, 128.8080649 35.0339622, 128.8080824 35.0339563, 128.8080841 35.0339553, 128.8080871 35.0339530, 128.8080898 35.0339501, 128.8080942 35.0339445, 128.8080958 35.0339412, 128.8080970 35.0339363, 128.8083961 35.0338101, 128.8090316 35.0336321, 128.8090875 35.0336174, 128.8093120 35.0335614, 128.8093659 35.0335484, 128.8093727 35.0335475, 128.8094167 35.0335434, 128.8107691 35.0334223, 128.8107738 35.0334224, 128.8107797 35.0334235, 128.8107889 35.0334265, 128.8107928 35.0334285, 128.8108460 35.0334613, 128.8108594 35.0334707, 128.8110489 35.0336137, 128.8110719 35.0336331, 128.8111143 35.0336746, 128.8111504 35.0337142, 128.8112256 35.0338001, 128.8113209 35.0339145, 128.8114856 35.0341171, 128.8115115 35.0341528, 128.8115677 35.0342386, 128.8117438 35.0345375, 128.8117684 35.0345820, 128.8117929 35.0346280, 128.8118978 35.0348601, 128.8119586 35.0349976, 128.8120241 35.0351598, 128.8120601 35.0352510, 128.8120771 35.0352979, 128.8124186 35.0363251, 128.8124199 35.0363294, 128.8124831 35.0365876, 128.8124938 35.0366363, 128.8125111 35.0367290, 128.8125292 35.0368278, 128.8125576 35.0370091, 128.8125636 35.0370565, 128.8125736 35.0371952, 128.8125806 35.0372929, 128.8126386 35.0381443, 128.8126431 35.0382353, 128.8126448 35.0382814, 128.8126481 35.0383828, 128.8126509 35.0385317, 128.8126500 35.0385503, 128.8126323 35.0388477, 128.8126150 35.0390213, 128.8126087 35.0390727, 128.8126011 35.0391204, 128.8125913 35.0391672, 128.8125789 35.0392119, 128.8124871 35.0395024, 128.8124527 35.0396058, 128.8124220 35.0396950, 128.8123289 35.0399333, 128.8123000 35.0399843, 128.8122723 35.0400274, 128.8121416 35.0402298, 128.8120623 35.0403522, 128.8119299 35.0405469, 128.8118189 35.0407018, 128.8115824 35.0410188, 128.8115517 35.0410556, 128.8115194 35.0410921, 128.8107844 35.0418690, 128.8107800 35.0418728, 128.8105638 35.0420503, 128.8105441 35.0420653, 128.8094945 35.0428372, 128.8094501 35.0428687, 128.8089709 35.0431936, 128.8089452 35.0432099, 128.8063634 35.0465660, 128.8059633 35.0471541, 128.8059325 35.0471990, 128.8058628 35.0472924, 128.8058187 35.0473340, 128.8057179 35.0474110, 128.8056534 35.0474557, 128.8055842 35.0474910, 128.8053718 35.0475963, 128.8052861 35.0476307, 128.8052144 35.0476590, 128.8047791 35.0478054, 128.8047073 35.0478248, 128.8046501 35.0478378, 128.8042108 35.0479297, 128.8041524 35.0479412, 128.8036040 35.0480478, 128.8035523 35.0480550, 128.8021784 35.0481535, 128.8021524 35.0481549, 128.8021362 35.0481513, 128.8021359 35.0481460, 128.8021383 35.0481350, 128.8021368 35.0480893, 128.8021279 35.0480741, 128.8020941 35.0480513, 128.8013057 35.0476329, 128.8012997 35.0476302, 128.8012935 35.0476282, 128.8012849 35.0476262, 128.8010958 35.0476062, 128.8010596 35.0476048, 128.8010300 35.0476050, 128.8010248 35.0476053, 128.7997793 35.0477003, 128.7978632 35.0488043, 128.7978435 35.0488177, 128.7978383 35.0488218, 128.7978334 35.0488264, 128.7976320 35.0490777, 128.7975015 35.0493020, 128.7972403 35.0497868, 128.7971788 35.0499442, 128.7971778 35.0499497, 128.7971509 35.0501064, 128.7971504 35.0501106, 128.7971501 35.0501222, 128.7971516 35.0501545, 128.7971523 35.0501616, 128.7971915 35.0504327, 128.7972005 35.0504783, 128.7972071 35.0505033, 128.7972219 35.0505469, 128.7972237 35.0505513, 128.7972438 35.0505944, 128.7972456 35.0505984, 128.7972704 35.0506346, 128.7972727 35.0506375, 128.7972771 35.0506425, 128.7972796 35.0506451, 128.7973065 35.0506632, 128.7973259 35.0506725, 128.7974879 35.0507796, 128.7975034 35.0507915, 128.7975056 35.0507934, 128.7975075 35.0507953, 128.7975092 35.0507973, 128.7975184 35.0508129, 128.7975207 35.0508173, 128.7975217 35.0508196, 128.7976038 35.0511104, 128.7976045 35.0511137, 128.7976056 35.0511197, 128.7976888 35.0515867, 128.7977052 35.0517607, 128.7976765 35.0519416, 128.7976755 35.0519470, 128.7976632 35.0519956, 128.7976615 35.0520012, 128.7976450 35.0520463, 128.7976273 35.0520917, 128.7976028 35.0521478, 128.7972197 35.0529385, 128.7972184 35.0529407, 128.7972061 35.0529583, 128.7972043 35.0529607, 128.7971985 35.0529670, 128.7971963 35.0529691, 128.7971896 35.0529748, 128.7971871 35.0529767, 128.7971818 35.0529800, 128.7971789 35.0529816, 128.7971704 35.0529857, 128.7971672 35.0529870, 128.7971612 35.0529892, 128.7971579 35.0529900, 128.7971545 35.0529907, 128.7971049 35.0529937, 128.7971017 35.0529937, 128.7970394 35.0529907, 128.7970308 35.0529899, 128.7970277 35.0529895, 128.7970250 35.0529889, 128.7970223 35.0529882, 128.7970198 35.0529874, 128.7970176 35.0529865, 128.7970157 35.0529854, 128.7970139 35.0529842, 128.7970125 35.0529830, 128.7970114 35.0529816, 128.7970095 35.0529775, 128.7970090 35.0529758, 128.7970076 35.0529728, 128.7970058 35.0529693, 128.7970045 35.0529674, 128.7970018 35.0529642, 128.7970001 35.0529627, 128.7969969 35.0529601, 128.7969948 35.0529589, 128.7969906 35.0529570, 128.7969881 35.0529560, 128.7969455 35.0529452, 128.7969304 35.0529431, 128.7968808 35.0529376, 128.7968242 35.0529339, 128.7967869 35.0529331, 128.7967299 35.0529345, 128.7967225 35.0529349, 128.7967188 35.0529352, 128.7967123 35.0529366, 128.7967090 35.0529374, 128.7966993 35.0529405, 128.7966897 35.0529442, 128.7966865 35.0529456, 128.7966707 35.0529543, 128.7966657 35.0529573, 128.7966631 35.0529592, 128.7966606 35.0529612, 128.7966583 35.0529634, 128.7966505 35.0529717, 128.7966485 35.0529742, 128.7966420 35.0529835, 128.7966403 35.0529861, 128.7966379 35.0529914, 128.7966368 35.0529943, 128.7966360 35.0529970, 128.7966355 35.0529998, 128.7966350 35.0530026, 128.7966349 35.0530169, 128.7966352 35.0530201, 128.7966601 35.0531028, 128.7966628 35.0531099, 128.7966639 35.0531125, 128.7966696 35.0536002, 128.7966697 35.0536022, 128.7966700 35.0536042, 128.7966711 35.0536080, 128.7966719 35.0536099, 128.7968295 35.0538545, 128.7968472 35.0538809, 128.7968489 35.0538832, 128.7968613 35.0538969, 128.7968708 35.0539063, 128.7968747 35.0539098, 128.7968766 35.0539113, 128.7968803 35.0539140, 128.7968821 35.0539150, 128.7970362 35.0539932, 128.7970382 35.0539939, 128.7970402 35.0539945, 128.7970423 35.0539950, 128.7970445 35.0539953, 128.7970467 35.0539955, 128.7970550 35.0539957, 128.7970572 35.0539957, 128.7970613 35.0539954, 128.7970635 35.0539950, 128.7970653 35.0539946, 128.7970671 35.0539940, 128.7970686 35.0539932, 128.7972982 35.0541349, 128.7972969 35.0541359, 128.7972948 35.0541381, 128.7972939 35.0541394, 128.7972930 35.0541409, 128.7972909 35.0541461, 128.7972902 35.0541481, 128.7972894 35.0541547, 128.7972892 35.0541569, 128.7972902 35.0541654, 128.7972906 35.0541678, 128.7972917 35.0541722, 128.7972926 35.0541743, 128.7972935 35.0541765, 128.7972949 35.0541786, 128.7972964 35.0541807, 128.7972981 35.0541825, 128.7973003 35.0541844, 128.7973027 35.0541862, 128.7973054 35.0541877, 128.7975766 35.0542806, 128.7975788 35.0542813, 128.7975811 35.0542816, 128.7975947 35.0542830, 128.7977289 35.0542917, 128.7977312 35.0542918, 128.7977335 35.0542917, 128.7980241 35.0542487, 128.7985429 35.0542652, 128.7985504 35.0542656, 128.7985817 35.0542688, 128.7985855 35.0542693, 128.7986412 35.0542816, 128.7986448 35.0542825, 128.7986649 35.0542894, 128.7987245 35.0543126, 128.8002612 35.0549419, 128.8031914 35.0552303, 128.8032321 35.0552396, 128.8032500 35.0552519, 128.8033172 35.0553316, 128.8033257 35.0553436, 128.8033227 35.0553503, 128.8031616 35.0553989, 128.8030005 35.0554474, 128.8020648 35.0554032, 128.8015844 35.0553733, 128.8011972 35.0553313, 128.8008936 35.0552847, 128.8006074 35.0552326, 128.7972556 35.0545711, 128.7971267 35.0545433, 128.7969148 35.0544654, 128.7968964 35.0544578, 128.7967046 35.0543356, 128.7965826 35.0542423, 128.7965660 35.0542245, 128.7965534 35.0542059, 128.7964867 35.0541007, 128.7964846 35.0540911, 128.7964682 35.0538684, 128.7964535 35.0536240, 128.7964462 35.0535047, 128.7964434 35.0534913, 128.7964382 35.0534771, 128.7964290 35.0534615, 128.7964022 35.0534196, 128.7963958 35.0534126, 128.7963848 35.0534070, 128.7963703 35.0534000, 128.7963378 35.0533884, 128.7963178 35.0533855, 128.7962984 35.0533842, 128.7962710 35.0533834, 128.7958481 35.0533811, 128.7955681 35.0533806, 128.7935107 35.0533789, 128.7921599 35.0533850, 128.7909984 35.0533910, 128.7909789 35.0533924, 128.7909633 35.0533991, 128.7909549 35.0534066, 128.7909465 35.0534192, 128.7908478 35.0542282, 128.7908426 35.0542754, 128.7908376 35.0543243, 128.7908353 35.0543744, 128.7909118 35.0614191, 128.7909186 35.0615900, 128.7909230 35.0616268, 128.7909289 35.0616499, 128.7909366 35.0616651, 128.7938533 35.0648539, 128.8049865 35.0667612, 128.8050466 35.0667712, 128.8072136 35.0671336, 128.8096873 35.0675443, 128.8114615 35.0678380, 128.8124297 35.0679981, 128.8144855 35.0683376, 128.8173029 35.0688038, 128.8196470 35.0691917, 128.8303871 35.0709803, 128.8321776 35.0712792, 128.8323879 35.0713148, 128.8323901 35.0713164, 128.8323900 35.0717399, 128.8323820 35.0773032, 128.8323796 35.0776141, 128.8322427 35.0776148, 128.8201789 35.0776002, 128.8142891 35.0775903, 128.8115149 35.0775849, 128.8115096 35.0799623, 128.8115029 35.0829888, 128.8180938 35.0830007, 128.8185275 35.0830014, 128.8215449 35.0844463, 128.8215424 35.0849324, 128.8215377 35.0858464, 128.8219780 35.0858471, 128.8230620 35.0858487, 128.8245563 35.0858508, 128.8264322 35.0862140, 128.8264287 35.0878694, 128.8286993 35.0899696, 128.8320260 35.0873612)))"
21120590,명지1동,2024,53600,4312.7,35.4,20616,17343,16052,5434,"SRID=4326;MULTIPOLYGON(((128.9176166 35.1344032, 128.9185526 35.1344290, 128.9188753 35.1330596, 128.9228523 35.1283111, 128.9232032 35.1279123, 128.9237384 35.1273053, 128.9243920 35.1267209, 128.9253128 35.1259364, 128.9258969 35.1254995, 128.9292229 35.1222945, 128.9322939 35.1190327, 128.9333897 35.1163219, 128.9338734 35.1150071, 128.9348684 35.1119026, 128.9352641 35.1099505, 128.9331348 35.1103233, 128.9331147 35.1103243, 128.9331077 35.1103234, 128.9330360 35.1102967, 128.9328439 35.1102231, 128.9327762 35.1101820, 128.9327253 35.1101472, 128.9327138 35.1101252, 128.9327089 35.1101072, 128.9323306 35.1086482, 128.9323959 35.1086264, 128.9328802 35.1084643, 128.9329866 35.1079236, 128.9330172 35.1077653, 128.9327301 35.1067231, 128.9324290 35.1062570, 128.9308111 35.1048533, 128.9303860 35.1020947, 128.9301660 35.1005427, 128.9302671 35.1003740, 128.9310866 35.0976963, 128.9310883 35.0975879, 128.9309890 35.0969063, 128.9301907 35.0927223, 128.9298902 35.0926018, 128.9296253 35.0925145, 128.9292429 35.0924677, 128.9289833 35.0924441, 128.9278880 35.0924621, 128.9272398 35.0924724, 128.9266537 35.0924814, 128.9250687 35.0924215, 128.9246558 35.0923867, 128.9243275 35.0924373, 128.9235288 35.0923898, 128.9185249 35.0906897, 128.9184249 35.0906557, 128.9178455 35.0904587, 128.9178278 35.0904527, 128.9169259 35.0901228, 128.9152554 35.0894822, 128.9119856 35.0892268, 128.9004977 35.0892132, 128.8962820 35.0891904, 128.8963356 35.0893420, 128.8964826 35.0897480, 128.8967688 35.0905327, 128.8973913 35.0922244, 128.8978117 35.0928612, 128.8991228 35.0978343, 128.8992262 35.0982467, 128.9000454 35.1019278, 128.9003374 35.1032709, 128.9003545 35.1033517, 128.9004877 35.1039847, 128.9005577 35.1043789, 128.9010319 35.1077015, 128.9010213 35.1077593, 128.9009197 35.1081568, 128.9007837 35.1084874, 128.9006554 35.1089337, 128.9005915 35.1091672, 128.9005488 35.1093540, 128.9005129 35.1095669, 128.9004707 35.1099845, 128.9004708 35.1101622, 128.9004908 35.1104850, 128.9005192 35.1108024, 128.9005770 35.1111175, 128.9006424 35.1113828, 128.9006704 35.1114593, 128.9006951 35.1115267, 128.9006984 35.1115330, 128.9008436 35.1118105, 128.9012695 35.1124945, 128.9016361 35.1130826, 128.9017247 35.1131986, 128.9021545 35.1136671, 128.9024890 35.1138749, 128.9028699 35.1141248, 128.9037593 35.1147365, 128.9040244 35.1149638, 128.9043926 35.1153797, 128.9044911 35.1154914, 128.9045762 35.1155887, 128.9046616 35.1157001, 128.9047643 35.1158882, 128.9049298 35.1162931, 128.9056272 35.1180564, 128.9055308 35.1180869, 128.9051322 35.1182131, 128.9043822 35.1184356, 128.9036390 35.1186438, 128.9031356 35.1187841, 128.9030188 35.1188167, 128.9005663 35.1194615, 128.9019473 35.1226610, 128.9020909 35.1237860, 128.9024087 35.1262741, 128.9024882 35.1276138, 128.9023704 35.1298795, 128.9023096 35.1303418, 128.9022683 35.1306553, 128.9021308 35.1317005, 128.9023738 35.1316318, 128.9036708 35.1313997, 128.9050108 35.1312440, 128.9059328 35.1316316, 128.9063440 35.1318062, 128.9064026 35.1318377, 128.9064069 35.1318400, 128.9071516 35.1322700, 128.9100055 35.1337190, 128.9110289 35.1342208, 128.9158885 35.1346420, 128.9161381 35.1346461, 128.9162835 35.1346484, 128.9176166 35.1344032)))"
21120600,명지2동,2024,28959,7559.1,36.9,10208,9079,6297,1994,"SRID=4326;MULTIPOLYGON(((128.9111120 35.0635268, 128.9106210 35.0625983, 128.9106004 35.0625468, 128.9105799 35.0624712, 128.9105450 35.0622765, 128.9105432 35.0619695, 128.9105605 35.0619287, 128.9105947 35.0618871, 128.9106338 35.0618600, 128.9106839 35.0618373, 128.9109517 35.0617427, 128.9110598 35.0617142, 128.9111391 35.0616987, 128.9112307 35.0616886, 128.9113251 35.0616826, 128.9114107 35.0616831, 128.9115078 35.0616937, 128.9115840 35.0617095, 128.9123221 35.0618160, 128.9154165 35.0622397, 128.9154853 35.0622469, 128.9155549 35.0622424, 128.9156931 35.0622181, 128.9157860 35.0621984, 128.9166781 35.0619875, 128.9172710 35.0618354, 128.9172889 35.0618295, 128.9179356 35.0615923, 128.9179851 35.0615706, 128.9180359 35.0615463, 128.9180455 35.0615412, 128.9180545 35.0615354, 128.9183687 35.0613122, 128.9183751 35.0613073, 128.9183812 35.0613019, 128.9183869 35.0612962, 128.9194481 35.0618712, 128.9194583 35.0618753, 128.9194679 35.0618787, 128.9194774 35.0618814, 128.9194871 35.0618834, 128.9194965 35.0618844, 128.9195055 35.0618847, 128.9195146 35.0618843, 128.9195238 35.0618832, 128.9195327 35.0618815, 128.9195415 35.0618793, 128.9195497 35.0618765, 128.9195646 35.0618695, 128.9197343 35.0617816, 128.9197459 35.0617748, 128.9197576 35.0617671, 128.9198028 35.0617317, 128.9198141 35.0617223, 128.9198535 35.0616850, 128.9198893 35.0616473, 128.9199079 35.0616263, 128.9199398 35.0615860, 128.9199469 35.0615760, 128.9199531 35.0615660, 128.9199707 35.0615250, 128.9199873 35.0614755, 128.9199923 35.0614571, 128.9199941 35.0614475, 128.9199976 35.0614164, 128.9199985 35.0613881, 128.9199964 35.0612892, 128.9199957 35.0612660, 128.9199945 35.0612551, 128.9199887 35.0612235, 128.9199774 35.0611781, 128.9199639 35.0611294, 128.9198654 35.0607774, 128.9196982 35.0602656, 128.9196785 35.0602079, 128.9196564 35.0601534, 128.9196379 35.0601100, 128.9196253 35.0600834, 128.9179421 35.0567194, 128.9177260 35.0565202, 128.9172741 35.0562840, 128.9172658 35.0562800, 128.9172572 35.0562766, 128.9172485 35.0562737, 128.9169841 35.0561973, 128.9169695 35.0561938, 128.9169620 35.0561926, 128.9169191 35.0561878, 128.9169015 35.0561867, 128.9168955 35.0561866, 128.9168895 35.0561868, 128.9168603 35.0561901, 128.9168550 35.0561909, 128.9168452 35.0561935, 128.9084182 35.0586216, 128.9083599 35.0586414, 128.9083059 35.0586684, 128.9069871 35.0595158, 128.9064628 35.0598777, 128.9057251 35.0606838, 128.9056633 35.0607536, 128.9056313 35.0608031, 128.9053965 35.0611684, 128.9053712 35.0612256, 128.9051814 35.0619662, 128.9051767 35.0620199, 128.9051771 35.0620809, 128.9051833 35.0621533, 128.9052077 35.0622079, 128.9052603 35.0622556, 128.9053308 35.0623029, 128.9054051 35.0623504, 128.9055013 35.0624093, 128.9055789 35.0624537, 128.9056810 35.0625081, 128.9057557 35.0625460, 128.9058511 35.0625911, 128.9059228 35.0626122, 128.9064957 35.0627552, 128.9065716 35.0627713, 128.9108361 35.0635956, 128.9108864 35.0636028, 128.9109432 35.0635943, 128.9110049 35.0635720, 128.9111120 35.0635268)), ((128.8920212 35.0615806, 128.8919936 35.0627664, 128.8934472 35.0636134, 128.8964486 35.0626492, 128.9000718 35.0603199, 128.9060432 35.0587755, 128.9086280 35.0571451, 128.9087215 35.0570902, 128.9088362 35.0570403, 128.9089594 35.0569962, 128.9124141 35.0557989, 128.9128174 35.0556700, 128.9131498 35.0555801, 128.9138453 35.0554099, 128.9169700 35.0547671, 128.9191265 35.0547599, 128.9191744 35.0547867, 128.9192437 35.0548138, 128.9194068 35.0548753, 128.9194612 35.0548921, 128.9195186 35.0549028, 128.9195647 35.0549090, 128.9196077 35.0549106, 128.9196372 35.0549042, 128.9196621 35.0548881, 128.9196736 35.0548631, 128.9196839 35.0548230, 128.9196880 35.0547793, 128.9196889 35.0547350, 128.9196855 35.0546996, 128.9196595 35.0545688, 128.9195570 35.0542811, 128.9195197 35.0542091, 128.9193922 35.0539939, 128.9193047 35.0538493, 128.9191294 35.0535640, 128.9190544 35.0534456, 128.9190221 35.0533987, 128.9188268 35.0531538, 128.9185133 35.0527845, 128.9184450 35.0527065, 128.9183857 35.0526444, 128.9183317 35.0525877, 128.9182699 35.0525252, 128.9180922 35.0523799, 128.9178341 35.0521739, 128.9172710 35.0517287, 128.9172295 35.0516998, 128.9171699 35.0516632, 128.9171157 35.0516346, 128.9170509 35.0516141, 128.9169936 35.0516039, 128.9169355 35.0516017, 128.9168802 35.0516041, 128.9168233 35.0516119, 128.9167642 35.0516289, 128.9167163 35.0516497, 128.9166836 35.0516689, 128.9166574 35.0516933, 128.9166440 35.0517202, 128.9166405 35.0517387, 128.9158268 35.0530708, 128.9131490 35.0544977, 128.9130654 35.0545408, 128.9129730 35.0545813, 128.9127751 35.0546635, 128.9122702 35.0548726, 128.9120281 35.0549711, 128.9119485 35.0550003, 128.9117846 35.0550550, 128.9116995 35.0550800, 128.9116128 35.0551025, 128.9115178 35.0551266, 128.9111609 35.0552060, 128.9108754 35.0552676, 128.9106325 35.0553184, 128.9105653 35.0553311, 128.9091320 35.0555874, 128.9090261 35.0556008, 128.9045791 35.0561319, 128.9002286 35.0567360, 128.8960479 35.0576011, 128.8916578 35.0586726, 128.8915861 35.0586943, 128.8915082 35.0587229, 128.8906875 35.0590253, 128.8905197 35.0590884, 128.8895601 35.0594505, 128.8894765 35.0594860, 128.8894080 35.0595185, 128.8890375 35.0596973, 128.8887876 35.0598244, 128.8878760 35.0603409, 128.8876212 35.0604852, 128.8875279 35.0605385, 128.8867111 35.0610108, 128.8866440 35.0610573, 128.8865756 35.0611115, 128.8864416 35.0612437, 128.8863854 35.0613138, 128.8863395 35.0613845, 128.8862940 35.0614608, 128.8862608 35.0615338, 128.8862374 35.0615966, 128.8862206 35.0616711, 128.8861043 35.0621872, 128.8860879 35.0622764, 128.8859454 35.0630991, 128.8859395 35.0631697, 128.8859499 35.0632452, 128.8859686 35.0633353, 128.8860676 35.0636694, 128.8860925 35.0637510, 128.8861209 35.0638286, 128.8861617 35.0639006, 128.8862084 35.0639600, 128.8862601 35.0640241, 128.8863923 35.0641607, 128.8864557 35.0642245, 128.8865380 35.0642968, 128.8866287 35.0643673, 128.8867104 35.0644214, 128.8867984 35.0644774, 128.8869009 35.0645407, 128.8869934 35.0645941, 128.8872030 35.0647013, 128.8877737 35.0649598, 128.8878400 35.0649872, 128.8879026 35.0650000, 128.8879748 35.0650034, 128.8880380 35.0649981, 128.8881083 35.0649781, 128.8884458 35.0648594, 128.8885140 35.0648348, 128.8885820 35.0648100, 128.8886565 35.0647739, 128.8887313 35.0647289, 128.8887877 35.0646884, 128.8888989 35.0645933, 128.8889509 35.0645444, 128.8889891 35.0644958, 128.8893020 35.0640379, 128.8894400 35.0637425, 128.8894582 35.0636818, 128.8894787 35.0636194, 128.8896043 35.0634097, 128.8896508 35.0633446, 128.8900483 35.0628325, 128.8901173 35.0627445, 128.8901925 35.0626660, 128.8902829 35.0625862, 128.8907511 35.0622860, 128.8908393 35.0622299, 128.8917536 35.0616566, 128.8918131 35.0616251, 128.8918828 35.0616024, 128.8919555 35.0615866, 128.8920212 35.0615806)), ((128.9150783 35.0771185, 128.9151831 35.0771201, 128.9152131 35.0771136, 128.9152285 35.0771022, 128.9152371 35.0770814, 128.9152427 35.0770446, 128.9152411 35.0770325, 128.9152284 35.0770230, 128.9146668 35.0766403, 128.9146326 35.0766199, 128.9145976 35.0766041, 128.9145596 35.0765884, 128.9135372 35.0762826, 128.9127065 35.0760621, 128.9125865 35.0760454, 128.9122583 35.0759501, 128.9121389 35.0759120, 128.9120831 35.0758936, 128.9120249 35.0758733, 128.9118690 35.0758179, 128.9118671 35.0758172, 128.9118151 35.0757974, 128.9115777 35.0756830, 128.9115191 35.0756541, 128.9114026 35.0755963, 128.9113512 35.0755697, 128.9076558 35.0736013, 128.9069237 35.0731618, 128.9067593 35.0730579, 128.9066818 35.0730057, 128.9065366 35.0729009, 128.9060271 35.0725184, 128.9057521 35.0723040, 128.9057005 35.0722597, 128.9056428 35.0722076, 128.9056074 35.0721689, 128.9060012 35.0729785, 128.9102138 35.0756041, 128.9118723 35.0763905, 128.9140517 35.0769581, 128.9150783 35.0771185)), ((128.9219614 35.0778246, 128.9220368 35.0777201, 128.9220750 35.0776385, 128.9225749 35.0765033, 128.9225887 35.0764615, 128.9226048 35.0764050, 128.9226089 35.0763798, 128.9226106 35.0763597, 128.9226057 35.0763430, 128.9220665 35.0752066, 128.9220431 35.0751720, 128.9215902 35.0747422, 128.9215794 35.0747333, 128.9215673 35.0747234, 128.9215316 35.0747031, 128.9214960 35.0746856, 128.9214684 35.0746781, 128.9214264 35.0746723, 128.9213850 35.0746725, 128.9213417 35.0746739, 128.9212907 35.0746790, 128.9212552 35.0746894, 128.9212077 35.0747100, 128.9211723 35.0747383, 128.9211490 35.0747739, 128.9211326 35.0748055, 128.9208794 35.0754487, 128.9208716 35.0754787, 128.9208691 35.0755094, 128.9208721 35.0755386, 128.9208817 35.0755802, 128.9207745 35.0758151, 128.9203366 35.0759200, 128.9202157 35.0759449, 128.9192583 35.0760056, 128.9187831 35.0760051, 128.9173036 35.0758655, 128.9161875 35.0757549, 128.9155523 35.0756283, 128.9152468 35.0755627, 128.9135803 35.0751427, 128.9115167 35.0744051, 128.9100170 35.0736970, 128.9079906 35.0725958, 128.9056765 35.0711785, 128.9055859 35.0711033, 128.9054104 35.0707035, 128.9030770 35.0709306, 128.9112795 35.0749256, 128.9117902 35.0751250, 128.9119474 35.0751816, 128.9131317 35.0755672, 128.9131741 35.0755801, 128.9148839 35.0759976, 128.9149488 35.0760116, 128.9177130 35.0765924, 128.9177835 35.0766055, 128.9178414 35.0766153, 128.9180405 35.0766396, 128.9187064 35.0766913, 128.9199132 35.0767765, 128.9199707 35.0767797, 128.9200365 35.0767808, 128.9201010 35.0767805, 128.9201621 35.0767797, 128.9203794 35.0767715, 128.9204345 35.0767656, 128.9204935 35.0767586, 128.9205482 35.0767473, 128.9205961 35.0767298, 128.9206476 35.0767084, 128.9207001 35.0766852, 128.9207377 35.0766641, 128.9208200 35.0766294, 128.9208538 35.0766219, 128.9208980 35.0766156, 128.9209487 35.0766119, 128.9210499 35.0766100, 128.9211166 35.0766097, 128.9212241 35.0766139, 128.9216669 35.0766404, 128.9217201 35.0766439, 128.9219058 35.0766594, 128.9219230 35.0766622, 128.9219431 35.0766703, 128.9219591 35.0766804, 128.9219767 35.0766977, 128.9219842 35.0767185, 128.9219862 35.0767473, 128.9219837 35.0767857, 128.9219802 35.0768186, 128.9219739 35.0768646, 128.9219639 35.0769163, 128.9219440 35.0770097, 128.9219214 35.0771098, 128.9219090 35.0771495, 128.9218905 35.0771849, 128.9218625 35.0772132, 128.9218313 35.0772362, 128.9218026 35.0772534, 128.9217673 35.0772679, 128.9217356 35.0772772, 128.9216999 35.0772823, 128.9204604 35.0774385, 128.9204189 35.0774396, 128.9186670 35.0774220, 128.9183882 35.0774027, 128.9181751 35.0773828, 128.9181296 35.0773773, 128.9180717 35.0773686, 128.9179712 35.0773525, 128.9176902 35.0773037, 128.9175855 35.0772826, 128.9167201 35.0770801, 128.9161726 35.0769457, 128.9161523 35.0769338, 128.9161191 35.0769247, 128.9158198 35.0768826, 128.9157888 35.0768811, 128.9157563 35.0768857, 128.9157233 35.0769019, 128.9156609 35.0769509, 128.9154642 35.0771105, 128.9152978 35.0774873, 128.9152535 35.0776387, 128.9152500 35.0776639, 128.9152517 35.0776862, 128.9152594 35.0777116, 128.9152733 35.0777378, 128.9152926 35.0777616, 128.9153141 35.0777810, 128.9153357 35.0777953, 128.9153947 35.0778255, 128.9154242 35.0778335, 128.9154545 35.0778362, 128.9187164 35.0779475, 128.9187841 35.0779483, 128.9212594 35.0778915, 128.9219614 35.0778246)), ((128.9243275 35.0924373, 128.9246558 35.0923867, 128.9244013 35.0920732, 128.9243853 35.0920614, 128.9242718 35.0919941, 128.9215538 35.0906584, 128.9215193 35.0906478, 128.9207357 35.0904567, 128.9206828 35.0904486, 128.9206398 35.0904430, 128.9205834 35.0904372, 128.9205460 35.0904351, 128.9204967 35.0904345, 128.9203554 35.0904338, 128.9203207 35.0904344, 128.9201503 35.0904448, 128.9201270 35.0904471, 128.9201169 35.0904515, 128.9201091 35.0904612, 128.9201052 35.0904773, 128.9201027 35.0905221, 128.9201014 35.0905480, 128.9201017 35.0905894, 128.9201039 35.0906123, 128.9201079 35.0906250, 128.9201156 35.0906329, 128.9207895 35.0909274, 128.9204586 35.0908726, 128.9169131 35.0897253, 128.9167361 35.0896504, 128.9161138 35.0893635, 128.9159283 35.0892689, 128.9156580 35.0891125, 128.9132196 35.0876384, 128.9131346 35.0875667, 128.9122766 35.0863871, 128.9122751 35.0863758, 128.9122804 35.0840944, 128.9122888 35.0817104, 128.9123937 35.0806333, 128.9123941 35.0806115, 128.9123919 35.0798115, 128.9123904 35.0796685, 128.9123874 35.0796648, 128.9117902 35.0792920, 128.9111908 35.0789300, 128.9111661 35.0789257, 128.9111321 35.0789244, 128.9098859 35.0789197, 128.9031302 35.0789075, 128.9002261 35.0789076, 128.8962453 35.0789089, 128.8952743 35.0789112, 128.8952412 35.0789139, 128.8952354 35.0789168, 128.8952258 35.0789261, 128.8952222 35.0789487, 128.8952221 35.0799371, 128.8952656 35.0861950, 128.8953684 35.0866940, 128.8962820 35.0891904, 128.9004977 35.0892132, 128.9119856 35.0892268, 128.9152554 35.0894822, 128.9169259 35.0901228, 128.9178278 35.0904527, 128.9178455 35.0904587, 128.9184249 35.0906557, 128.9185249 35.0906897, 128.9235288 35.0923898, 128.9243275 35.0924373)))"
21130510,거제1동,2024,27317,21021.1,44.4,10949,10006,19592,3434,"SRID=4326;MULTIPOLYGON(((129.0781792 35.1994575, 129.0805548 35.1993501, 129.0813400 35.1985852, 129.0825895 35.1969306, 129.0826150 35.1968161, 129.0827461 35.1964595, 129.0828629 35.1962244, 129.0830546 35.1959614, 129.0831436 35.1958415, 129.0832192 35.1957431, 129.0832264 35.1957353, 129.0833399 35.1956509, 129.0836361 35.1954453, 129.0873781 35.1936685, 129.0874019 35.1936630, 129.0875504 35.1936284, 129.0880806 35.1935050, 129.0884302 35.1934236, 129.0884400 35.1934213, 129.0905801 35.1930841, 129.0909622 35.1930415, 129.0903240 35.1929724, 129.0902956 35.1929604, 129.0891351 35.1920554, 129.0887108 35.1917159, 129.0887104 35.1917159, 129.0872409 35.1917438, 129.0868361 35.1917515, 129.0864536 35.1917589, 129.0851986 35.1917830, 129.0836425 35.1921131, 129.0804142 35.1915718, 129.0772226 35.1875784, 129.0739433 35.1890592, 129.0737010 35.1892908, 129.0720457 35.1904122, 129.0706229 35.1913409, 129.0704948 35.1914234, 129.0698777 35.1918107, 129.0698046 35.1918549, 129.0697443 35.1918842, 129.0696799 35.1918892, 129.0683336 35.1919784, 129.0680953 35.1919379, 129.0678609 35.1918896, 129.0679020 35.1917897, 129.0679341 35.1917047, 129.0678517 35.1916877, 129.0674009 35.1915947, 129.0669578 35.1930504, 129.0666192 35.1941624, 129.0697116 35.1947983, 129.0718855 35.1952474, 129.0716948 35.1957613, 129.0742225 35.1981030, 129.0778574 35.1994362, 129.0781792 35.1994575)))"
21130520,거제2동,2024,24184,12791.7,39.2,8776,8544,6710,1522,"SRID=4326;MULTIPOLYGON(((129.0526683 35.1922789, 129.0532256 35.1923016, 129.0557635 35.1924426, 129.0564043 35.1927320, 129.0569240 35.1931240, 129.0597794 35.1921613, 129.0608236 35.1916465, 129.0621566 35.1916688, 129.0622260 35.1916705, 129.0622979 35.1916797, 129.0623753 35.1916934, 129.0645687 35.1921533, 129.0644832 35.1932940, 129.0643545 35.1937222, 129.0664741 35.1941604, 129.0666192 35.1941624, 129.0669578 35.1930504, 129.0674009 35.1915947, 129.0678517 35.1916877, 129.0679341 35.1917047, 129.0679020 35.1917897, 129.0678609 35.1918896, 129.0680953 35.1919379, 129.0683336 35.1919784, 129.0696799 35.1918892, 129.0697443 35.1918842, 129.0698046 35.1918549, 129.0698777 35.1918107, 129.0704948 35.1914234, 129.0706229 35.1913409, 129.0720457 35.1904122, 129.0737010 35.1892908, 129.0739433 35.1890592, 129.0737936 35.1890101, 129.0705926 35.1855356, 129.0666667 35.1841580, 129.0634252 35.1847745, 129.0632796 35.1847445, 129.0617348 35.1839160, 129.0614502 35.1835893, 129.0615196 35.1834856, 129.0587416 35.1841270, 129.0580350 35.1840941, 129.0552491 35.1839795, 129.0550684 35.1839846, 129.0550672 35.1839846, 129.0547326 35.1840232, 129.0539764 35.1841805, 129.0531057 35.1843924, 129.0512815 35.1848933, 129.0483000 35.1893837, 129.0475998 35.1904657, 129.0473253 35.1921704, 129.0473576 35.1922574, 129.0477184 35.1932003, 129.0482441 35.1945206, 129.0526683 35.1922789)))"
21130530,거제3동,2024,8828,16718,51.8,4314,3605,6030,1258,"SRID=4326;MULTIPOLYGON(((129.0737936 35.1890101, 129.0739433 35.1890592, 129.0772226 35.1875784, 129.0748193 35.1842875, 129.0739071 35.1830026, 129.0725382 35.1807999, 129.0723089 35.1803307, 129.0719758 35.1795638, 129.0720240 35.1779025, 129.0713905 35.1771094, 129.0702631 35.1757968, 129.0678187 35.1765375, 129.0673670 35.1765392, 129.0674931 35.1767725, 129.0675486 35.1768999, 129.0688573 35.1805803, 129.0689099 35.1816043, 129.0690726 35.1820232, 129.0691929 35.1823315, 129.0692663 35.1825057, 129.0699264 35.1838580, 129.0705926 35.1855356, 129.0737936 35.1890101)))"
21130540,거제4동,2024,9226,17550.9,49.1,3836,3562,1398,567,"SRID=4326;MULTIPOLYGON(((129.0699264 35.1838580, 129.0692663 35.1825057, 129.0691929 35.1823315, 129.0690726 35.1820232, 129.0689099 35.1816043, 129.0688573 35.1805803, 129.0675486 35.1768999, 129.0674931 35.1767725, 129.0673670 35.1765392, 129.0656697 35.1765681, 129.0615600 35.1797788, 129.0615196 35.1834856, 129.0614502 35.1835893, 129.0617348 35.1839160, 129.0632796 35.1847445, 129.0634252 35.1847745, 129.0666667 35.1841580, 129.0705926 35.1855356, 129.0699264 35.1838580)))"
21130550,연산1동,2024,15330,19778.7,47.2,6714,5877,4974,1682,"SRID=4326;MULTIPOLYGON(((129.0941377 35.1930456, 129.0974532 35.1918063, 129.0968287 35.1919744, 129.0953644 35.1923207, 129.0953633 35.1923191, 129.0953435 35.1922892, 129.0945523 35.1910956, 129.0945456 35.1910855, 129.0943083 35.1905121, 129.0937178 35.1890851, 129.0932354 35.1878440, 129.0932358 35.1878235, 129.0932802 35.1858948, 129.0933562 35.1852716, 129.0935156 35.1848448, 129.0940966 35.1836392, 129.0926371 35.1826505, 129.0871830 35.1838216, 129.0873049 35.1870567, 129.0872820 35.1870573, 129.0864283 35.1870810, 129.0851180 35.1871173, 129.0850431 35.1871194, 129.0846741 35.1874451, 129.0845150 35.1875854, 129.0841057 35.1879466, 129.0840982 35.1879532, 129.0841034 35.1879576, 129.0842632 35.1880953, 129.0843356 35.1881577, 129.0844075 35.1882196, 129.0845316 35.1883264, 129.0845352 35.1883295, 129.0846189 35.1884017, 129.0845059 35.1888652, 129.0845019 35.1888814, 129.0844940 35.1889139, 129.0842605 35.1898712, 129.0836425 35.1921131, 129.0851986 35.1917830, 129.0864536 35.1917589, 129.0868361 35.1917515, 129.0872409 35.1917438, 129.0887104 35.1917159, 129.0887108 35.1917159, 129.0891351 35.1920554, 129.0902956 35.1929604, 129.0903240 35.1929724, 129.0909622 35.1930415, 129.0941377 35.1930456)))"
21130560,연산2동,2024,21133,18239.5,43.9,9975,8844,8230,1774,"SRID=4326;MULTIPOLYGON(((129.0832676 35.1808499, 129.0844334 35.1796569, 129.0847774 35.1788372, 129.0848961 35.1785545, 129.0850110 35.1782807, 129.0850946 35.1780813, 129.0851022 35.1780630, 129.0852044 35.1778165, 129.0865319 35.1746136, 129.0857820 35.1747188, 129.0854964 35.1747525, 129.0847407 35.1748414, 129.0843720 35.1747827, 129.0839448 35.1746556, 129.0832946 35.1740465, 129.0832094 35.1734137, 129.0841371 35.1677017, 129.0846423 35.1663767, 129.0846072 35.1656358, 129.0840792 35.1607897, 129.0837987 35.1596222, 129.0837875 35.1595760, 129.0835344 35.1585245, 129.0828440 35.1581741, 129.0803382 35.1605483, 129.0797036 35.1612850, 129.0781039 35.1643798, 129.0785631 35.1653479, 129.0789483 35.1661052, 129.0790453 35.1662782, 129.0792799 35.1666882, 129.0805107 35.1676215, 129.0807216 35.1676384, 129.0808365 35.1676463, 129.0808592 35.1676479, 129.0810247 35.1676149, 129.0812014 35.1675800, 129.0812284 35.1676535, 129.0812889 35.1678181, 129.0813901 35.1680961, 129.0815267 35.1684745, 129.0816239 35.1687493, 129.0816284 35.1687628, 129.0816721 35.1690236, 129.0819323 35.1709778, 129.0819533 35.1712066, 129.0819676 35.1713655, 129.0819713 35.1714083, 129.0819792 35.1715000, 129.0819603 35.1715465, 129.0819514 35.1715677, 129.0818375 35.1718397, 129.0818094 35.1718905, 129.0779917 35.1753435, 129.0772475 35.1753839, 129.0757015 35.1765148, 129.0751838 35.1775798, 129.0751694 35.1776379, 129.0750770 35.1780866, 129.0750782 35.1781728, 129.0757406 35.1789725, 129.0783317 35.1817988, 129.0785944 35.1816576, 129.0787196 35.1815903, 129.0787469 35.1815757, 129.0791583 35.1813951, 129.0792204 35.1813678, 129.0822564 35.1809718, 129.0822702 35.1809702, 129.0831747 35.1808611, 129.0832676 35.1808499)))"
21130570,연산3동,2024,9953,12448.4,47.6,4683,3893,1433,565,"SRID=4326;MULTIPOLYGON(((129.0967925 35.1732054, 129.0968779 35.1731790, 129.0970066 35.1731109, 129.0971411 35.1716294, 129.0950040 35.1682785, 129.0945709 35.1677330, 129.0944725 35.1676317, 129.0941102 35.1672622, 129.0940383 35.1671900, 129.0939262 35.1670776, 129.0935046 35.1666549, 129.0931341 35.1662965, 129.0921092 35.1657391, 129.0915821 35.1654956, 129.0915757 35.1654919, 129.0918836 35.1641573, 129.0937217 35.1620086, 129.0949191 35.1621591, 129.0954166 35.1613132, 129.0936031 35.1602510, 129.0930622 35.1600664, 129.0928742 35.1600039, 129.0913199 35.1600455, 129.0903293 35.1602880, 129.0911044 35.1605884, 129.0911494 35.1606060, 129.0921707 35.1621605, 129.0896554 35.1653319, 129.0891882 35.1655183, 129.0887267 35.1657016, 129.0883114 35.1658733, 129.0882091 35.1660293, 129.0875189 35.1672064, 129.0873798 35.1674621, 129.0868759 35.1697905, 129.0868374 35.1700247, 129.0870248 35.1711232, 129.0870973 35.1715481, 129.0871064 35.1716012, 129.0871654 35.1719156, 129.0871701 35.1719403, 129.0872449 35.1723381, 129.0877269 35.1744677, 129.0877316 35.1744672, 129.0885929 35.1743703, 129.0895968 35.1742318, 129.0907692 35.1740701, 129.0925756 35.1738488, 129.0930784 35.1737871, 129.0967324 35.1733673, 129.0967925 35.1732054)))"
21130580,연산4동,2024,15665,18913.6,49.6,8177,5236,9672,2415,"SRID=4326;MULTIPOLYGON(((129.0873049 35.1870567, 129.0871830 35.1838216, 129.0926371 35.1826505, 129.0940966 35.1836392, 129.0924820 35.1817893, 129.0920734 35.1810242, 129.0939960 35.1802337, 129.0968867 35.1803231, 129.0975043 35.1805248, 129.1001537 35.1801645, 129.0970829 35.1785842, 129.0954148 35.1787436, 129.0930870 35.1795562, 129.0906150 35.1797561, 129.0887715 35.1791502, 129.0845456 35.1796896, 129.0815383 35.1871502, 129.0804142 35.1915718, 129.0836425 35.1921131, 129.0842605 35.1898712, 129.0844940 35.1889139, 129.0845019 35.1888814, 129.0845059 35.1888652, 129.0846189 35.1884017, 129.0845352 35.1883295, 129.0845316 35.1883264, 129.0844075 35.1882196, 129.0843356 35.1881577, 129.0842632 35.1880953, 129.0841034 35.1879576, 129.0840982 35.1879532, 129.0841057 35.1879466, 129.0845150 35.1875854, 129.0846741 35.1874451, 129.0850431 35.1871194, 129.0851180 35.1871173, 129.0864283 35.1870810, 129.0872820 35.1870573, 129.0873049 35.1870567)))"
21130590,연산5동,2024,16620,23797.6,45,10039,6494,21244,3347,"SRID=4326;MULTIPOLYGON(((129.0815383 35.1871502, 129.0845456 35.1796896, 129.0844334 35.1796569, 129.0832676 35.1808499, 129.0831747 35.1808611, 129.0822702 35.1809702, 129.0822564 35.1809718, 129.0792204 35.1813678, 129.0791583 35.1813951, 129.0787469 35.1815757, 129.0787196 35.1815903, 129.0785944 35.1816576, 129.0783317 35.1817988, 129.0757406 35.1789725, 129.0750782 35.1781728, 129.0723254 35.1793785, 129.0719758 35.1795638, 129.0723089 35.1803307, 129.0725382 35.1807999, 129.0739071 35.1830026, 129.0748193 35.1842875, 129.0772226 35.1875784, 129.0804142 35.1915718, 129.0815383 35.1871502)))"
21130600,연산6동,2024,14997,11026.4,49.8,7149,5534,3821,1292,"SRID=4326;MULTIPOLYGON(((129.0887715 35.1791502, 129.0906150 35.1797561, 129.0930870 35.1795562, 129.0954148 35.1787436, 129.0970829 35.1785842, 129.0967324 35.1733673, 129.0930784 35.1737871, 129.0925756 35.1738488, 129.0907692 35.1740701, 129.0895968 35.1742318, 129.0885929 35.1743703, 129.0877316 35.1744672, 129.0877269 35.1744677, 129.0872449 35.1723381, 129.0871701 35.1719403, 129.0871654 35.1719156, 129.0871064 35.1716012, 129.0870973 35.1715481, 129.0870248 35.1711232, 129.0868374 35.1700247, 129.0868759 35.1697905, 129.0873798 35.1674621, 129.0875189 35.1672064, 129.0882091 35.1660293, 129.0883114 35.1658733, 129.0887267 35.1657016, 129.0891882 35.1655183, 129.0896554 35.1653319, 129.0921707 35.1621605, 129.0911494 35.1606060, 129.0911044 35.1605884, 129.0903293 35.1602880, 129.0901825 35.1603416, 129.0896405 35.1605350, 129.0890942 35.1607287, 129.0878299 35.1601832, 129.0865371 35.1594316, 129.0860244 35.1590105, 129.0857543 35.1587909, 129.0835344 35.1585245, 129.0837875 35.1595760, 129.0837987 35.1596222, 129.0840792 35.1607897, 129.0846072 35.1656358, 129.0846423 35.1663767, 129.0841371 35.1677017, 129.0832094 35.1734137, 129.0832946 35.1740465, 129.0839448 35.1746556, 129.0843720 35.1747827, 129.0847407 35.1748414, 129.0854964 35.1747525, 129.0857820 35.1747188, 129.0865319 35.1746136, 129.0852044 35.1778165, 129.0851022 35.1780630, 129.0850946 35.1780813, 129.0850110 35.1782807, 129.0848961 35.1785545, 129.0847774 35.1788372, 129.0844334 35.1796569, 129.0845456 35.1796896, 129.0887715 35.1791502)))"
21130620,연산8동,2024,12832,17153.2,46.5,5635,4541,3720,1264,"SRID=4326;MULTIPOLYGON(((129.1012480 35.1878399, 129.1021317 35.1870907, 129.1005388 35.1843803, 129.0994522 35.1830839, 129.0981353 35.1820265, 129.0980755 35.1819612, 129.0979715 35.1818473, 129.0973884 35.1809806, 129.0975043 35.1805248, 129.0968867 35.1803231, 129.0939960 35.1802337, 129.0920734 35.1810242, 129.0924820 35.1817893, 129.0940966 35.1836392, 129.0935156 35.1848448, 129.0933562 35.1852716, 129.0932802 35.1858948, 129.0932358 35.1878235, 129.0932354 35.1878440, 129.0937178 35.1890851, 129.0943083 35.1905121, 129.0945456 35.1910855, 129.0945523 35.1910956, 129.0953435 35.1922892, 129.0953633 35.1923191, 129.0953644 35.1923207, 129.0968287 35.1919744, 129.0974532 35.1918063, 129.0993074 35.1913309, 129.1012480 35.1878399)))"
21130630,연산9동,2024,31786,20870.4,48,13362,12203,11267,2844,"SRID=4326;MULTIPOLYGON(((129.1025546 35.1908282, 129.1040269 35.1906624, 129.1081865 35.1903662, 129.1083754 35.1903082, 129.1083877 35.1903044, 129.1085350 35.1902372, 129.1111555 35.1889451, 129.1124192 35.1879205, 129.1122835 35.1875560, 129.1122939 35.1875138, 129.1123019 35.1874811, 129.1123200 35.1874206, 129.1123222 35.1874133, 129.1132360 35.1855919, 129.1138327 35.1845199, 129.1138420 35.1845048, 129.1139292 35.1843718, 129.1139389 35.1843570, 129.1150927 35.1836538, 129.1151278 35.1834093, 129.1144821 35.1816309, 129.1144383 35.1815203, 129.1143951 35.1814113, 129.1143713 35.1813513, 129.1134878 35.1796580, 129.1123016 35.1774504, 129.1122577 35.1773736, 129.1113787 35.1758769, 129.1095619 35.1762210, 129.1080774 35.1772471, 129.1073495 35.1778505, 129.1073249 35.1782906, 129.1073095 35.1785590, 129.1072993 35.1787331, 129.1072544 35.1794948, 129.1069767 35.1796795, 129.1058382 35.1803280, 129.1046174 35.1805703, 129.1039387 35.1805568, 129.1001537 35.1801645, 129.0975043 35.1805248, 129.0973884 35.1809806, 129.0979715 35.1818473, 129.0980755 35.1819612, 129.0981353 35.1820265, 129.0994522 35.1830839, 129.1005388 35.1843803, 129.1021317 35.1870907, 129.1012480 35.1878399, 129.0993074 35.1913309, 129.0995476 35.1913615, 129.1005834 35.1913387, 129.1025546 35.1908282)))"
21140510,남천1동,2024,16321,13879.2,46.1,7139,6210,10834,2626,"SRID=4326;MULTIPOLYGON(((129.1039918 35.1512597, 129.1062877 35.1500610, 129.1082638 35.1499741, 129.1090211 35.1500190, 129.1109599 35.1504151, 129.1136220 35.1488021, 129.1135050 35.1487452, 129.1134131 35.1486264, 129.1132507 35.1484162, 129.1129505 35.1480245, 129.1112935 35.1458557, 129.1109304 35.1434137, 129.1109080 35.1432541, 129.1108579 35.1428974, 129.1108517 35.1428533, 129.1108450 35.1422862, 129.1108494 35.1422097, 129.1115342 35.1391925, 129.1116087 35.1391439, 129.1116517 35.1391198, 129.1116715 35.1391118, 129.1117069 35.1390989, 129.1118828 35.1390418, 129.1120205 35.1390160, 129.1121318 35.1390067, 129.1124910 35.1389920, 129.1127395 35.1390736, 129.1129732 35.1391503, 129.1134600 35.1393040, 129.1136284 35.1393565, 129.1140106 35.1394752, 129.1142714 35.1394772, 129.1155160 35.1394826, 129.1156021 35.1393746, 129.1156084 35.1393667, 129.1152786 35.1388421, 129.1148763 35.1382330, 129.1142017 35.1374222, 129.1140777 35.1373477, 129.1140160 35.1373566, 129.1136972 35.1374958, 129.1136859 35.1375326, 129.1137339 35.1376149, 129.1137556 35.1376153, 129.1143065 35.1385196, 129.1132637 35.1376365, 129.1119665 35.1364517, 129.1119549 35.1364235, 129.1119475 35.1363769, 129.1119522 35.1363537, 129.1119698 35.1363179, 129.1112202 35.1357625, 129.1062123 35.1390879, 129.1030638 35.1416502, 129.1029184 35.1418096, 129.1027701 35.1419721, 129.1026854 35.1420650, 129.1022034 35.1426301, 129.1021520 35.1426905, 129.1021633 35.1427064, 129.1029281 35.1435566, 129.1030313 35.1436455, 129.1031361 35.1437298, 129.1033501 35.1439039, 129.1033790 35.1441138, 129.1033912 35.1443243, 129.1034175 35.1447770, 129.1026061 35.1475371, 129.1019137 35.1495593, 129.1012229 35.1518427, 129.1039918 35.1512597)))"
21140520,남천2동,2024,12751,25328.2,46.7,5383,5375,5623,1022,"SRID=4326;MULTIPOLYGON(((129.1146843 35.1480610, 129.1151424 35.1478809, 129.1150993 35.1475476, 129.1150823 35.1473889, 129.1150809 35.1473006, 129.1150838 35.1471380, 129.1150882 35.1470442, 129.1150980 35.1469671, 129.1151097 35.1468784, 129.1151401 35.1467066, 129.1151635 35.1466195, 129.1152747 35.1463455, 129.1152871 35.1463170, 129.1152989 35.1462964, 129.1153156 35.1462765, 129.1156434 35.1461177, 129.1166244 35.1460965, 129.1174185 35.1461026, 129.1179472 35.1451788, 129.1177745 35.1404486, 129.1171542 35.1397120, 129.1156084 35.1393667, 129.1156021 35.1393746, 129.1155160 35.1394826, 129.1142714 35.1394772, 129.1140106 35.1394752, 129.1136284 35.1393565, 129.1134600 35.1393040, 129.1129732 35.1391503, 129.1127395 35.1390736, 129.1124910 35.1389920, 129.1121318 35.1390067, 129.1120205 35.1390160, 129.1118828 35.1390418, 129.1117069 35.1390989, 129.1116715 35.1391118, 129.1116517 35.1391198, 129.1116087 35.1391439, 129.1115342 35.1391925, 129.1108494 35.1422097, 129.1108450 35.1422862, 129.1108517 35.1428533, 129.1108579 35.1428974, 129.1109080 35.1432541, 129.1109304 35.1434137, 129.1112935 35.1458557, 129.1129505 35.1480245, 129.1132507 35.1484162, 129.1134131 35.1486264, 129.1135050 35.1487452, 129.1136220 35.1488021, 129.1146843 35.1480610)))"
21140530,수영동,2024,13342,18219.4,52.1,7106,4995,5664,1982,"SRID=4326;MULTIPOLYGON(((129.1112317 35.1743209, 129.1169793 35.1732374, 129.1193546 35.1731275, 129.1206903 35.1730746, 129.1211556 35.1733579, 129.1222464 35.1724892, 129.1228883 35.1716764, 129.1237511 35.1704404, 129.1241929 35.1697908, 129.1260088 35.1663736, 129.1260237 35.1653431, 129.1255060 35.1654827, 129.1246223 35.1657689, 129.1234143 35.1661729, 129.1233566 35.1662048, 129.1208090 35.1682983, 129.1202786 35.1683075, 129.1187411 35.1685127, 129.1171620 35.1681416, 129.1162789 35.1678546, 129.1156054 35.1676415, 129.1146871 35.1678179, 129.1127037 35.1691745, 129.1095503 35.1711939, 129.1094292 35.1712260, 129.1094162 35.1712535, 129.1112317 35.1743209)))"
21140540,망미1동,2024,24875,13282.7,50.3,11017,9334,5621,2034,"SRID=4326;MULTIPOLYGON(((129.1039387 35.1805568, 129.1046174 35.1805703, 129.1058382 35.1803280, 129.1069767 35.1796795, 129.1072544 35.1794948, 129.1072993 35.1787331, 129.1073095 35.1785590, 129.1073249 35.1782906, 129.1073495 35.1778505, 129.1072199 35.1777882, 129.1072071 35.1777820, 129.1072144 35.1776877, 129.1072337 35.1774648, 129.1072403 35.1773890, 129.1073507 35.1763039, 129.1073628 35.1761849, 129.1075605 35.1749169, 129.1094162 35.1712535, 129.1094292 35.1712260, 129.1072617 35.1717755, 129.1044668 35.1693703, 129.1036787 35.1661091, 129.1015881 35.1630856, 129.0999536 35.1623892, 129.0962632 35.1623318, 129.0949191 35.1621591, 129.0937217 35.1620086, 129.0918836 35.1641573, 129.0915757 35.1654919, 129.0915821 35.1654956, 129.0921092 35.1657391, 129.0931341 35.1662965, 129.0935046 35.1666549, 129.0939262 35.1670776, 129.0940383 35.1671900, 129.0941102 35.1672622, 129.0944725 35.1676317, 129.0945709 35.1677330, 129.0950040 35.1682785, 129.0971411 35.1716294, 129.0970066 35.1731109, 129.0968779 35.1731790, 129.0967925 35.1732054, 129.0967324 35.1733673, 129.0970829 35.1785842, 129.1001537 35.1801645, 129.1039387 35.1805568)))"
21140550,망미2동,2024,9550,12573.9,49.5,4418,3721,4135,1033,"SRID=4326;MULTIPOLYGON(((129.1150899 35.1862572, 129.1155363 35.1860206, 129.1156636 35.1860511, 129.1175355 35.1820452, 129.1178302 35.1813456, 129.1179517 35.1809717, 129.1179590 35.1795653, 129.1186094 35.1779983, 129.1190222 35.1771060, 129.1208240 35.1739681, 129.1211556 35.1733579, 129.1206903 35.1730746, 129.1193546 35.1731275, 129.1169793 35.1732374, 129.1112317 35.1743209, 129.1094162 35.1712535, 129.1075605 35.1749169, 129.1073628 35.1761849, 129.1073507 35.1763039, 129.1072403 35.1773890, 129.1072337 35.1774648, 129.1072144 35.1776877, 129.1072071 35.1777820, 129.1072199 35.1777882, 129.1073495 35.1778505, 129.1080774 35.1772471, 129.1095619 35.1762210, 129.1113787 35.1758769, 129.1122577 35.1773736, 129.1123016 35.1774504, 129.1134878 35.1796580, 129.1143713 35.1813513, 129.1143951 35.1814113, 129.1144383 35.1815203, 129.1144821 35.1816309, 129.1151278 35.1834093, 129.1150927 35.1836538, 129.1150899 35.1862572)))"
21140560,광안1동,2024,24279,25665.8,45.7,13563,10594,6221,2005,"SRID=4326;MULTIPOLYGON(((129.1112573 35.1657458, 129.1187792 35.1648510, 129.1209433 35.1586571, 129.1133874 35.1597760, 129.1134080 35.1598728, 129.1134923 35.1602692, 129.1135160 35.1603805, 129.1135162 35.1603815, 129.1128510 35.1605665, 129.1125745 35.1606322, 129.1123636 35.1606605, 129.1121516 35.1606688, 129.1106795 35.1605959, 129.1106178 35.1605886, 129.1068581 35.1608659, 129.1028985 35.1625348, 129.1017648 35.1627920, 129.1015881 35.1630856, 129.1036787 35.1661091, 129.1042417 35.1659462, 129.1074938 35.1657317, 129.1082673 35.1657056, 129.1085871 35.1657857, 129.1087936 35.1661370, 129.1088067 35.1661594, 129.1088732 35.1663646, 129.1089408 35.1665730, 129.1099960 35.1663569, 129.1100402 35.1663357, 129.1110112 35.1658704, 129.1110755 35.1658396, 129.1111354 35.1658109, 129.1112573 35.1657458)))"
21140570,광안2동,2024,17823,26778.1,45.9,9163,7318,7116,2240,"SRID=4326;MULTIPOLYGON(((129.1196688 35.1541710, 129.1201013 35.1538103, 129.1198703 35.1536625, 129.1193526 35.1532877, 129.1190972 35.1530971, 129.1188647 35.1529236, 129.1184514 35.1525927, 129.1183934 35.1525448, 129.1181189 35.1523179, 129.1177704 35.1519897, 129.1174673 35.1516713, 129.1174277 35.1516296, 129.1169978 35.1511304, 129.1166875 35.1507480, 129.1166545 35.1507074, 129.1163728 35.1503594, 129.1161585 35.1500904, 129.1160896 35.1500006, 129.1160578 35.1499590, 129.1159520 35.1498080, 129.1158307 35.1496348, 129.1156418 35.1493311, 129.1155413 35.1491329, 129.1154404 35.1488927, 129.1152911 35.1484837, 129.1152377 35.1483147, 129.1152354 35.1483071, 129.1152228 35.1482658, 129.1151977 35.1481750, 129.1151653 35.1480234, 129.1151465 35.1479146, 129.1151424 35.1478809, 129.1146843 35.1480610, 129.1136220 35.1488021, 129.1109599 35.1504151, 129.1116772 35.1523180, 129.1120191 35.1534450, 129.1120227 35.1534567, 129.1122478 35.1542510, 129.1133228 35.1587118, 129.1133833 35.1589732, 129.1133874 35.1597760, 129.1209433 35.1586571, 129.1184284 35.1553762, 129.1181005 35.1549445, 129.1196688 35.1541710)))"
21140580,광안3동,2024,9306,16510.2,48.7,5572,3924,8308,2063,"SRID=4326;MULTIPOLYGON(((129.1095503 35.1711939, 129.1127037 35.1691745, 129.1146871 35.1678179, 129.1156054 35.1676415, 129.1162789 35.1678546, 129.1171620 35.1681416, 129.1187411 35.1685127, 129.1202786 35.1683075, 129.1178725 35.1674490, 129.1182991 35.1662159, 129.1184022 35.1659178, 129.1187792 35.1648510, 129.1112573 35.1657458, 129.1111354 35.1658109, 129.1110755 35.1658396, 129.1110112 35.1658704, 129.1100402 35.1663357, 129.1099960 35.1663569, 129.1089408 35.1665730, 129.1088732 35.1663646, 129.1088067 35.1661594, 129.1087936 35.1661370, 129.1085871 35.1657857, 129.1082673 35.1657056, 129.1074938 35.1657317, 129.1042417 35.1659462, 129.1036787 35.1661091, 129.1044668 35.1693703, 129.1072617 35.1717755, 129.1094292 35.1712260, 129.1095503 35.1711939)))"
21140590,광안4동,2024,12945,8440.7,47.6,5925,4963,3416,1084,"SRID=4326;MULTIPOLYGON(((129.1017648 35.1627920, 129.1028985 35.1625348, 129.1068581 35.1608659, 129.1106178 35.1605886, 129.1106795 35.1605959, 129.1121516 35.1606688, 129.1123636 35.1606605, 129.1125745 35.1606322, 129.1128510 35.1605665, 129.1135162 35.1603815, 129.1135160 35.1603805, 129.1134923 35.1602692, 129.1134080 35.1598728, 129.1133874 35.1597760, 129.1133833 35.1589732, 129.1133228 35.1587118, 129.1122478 35.1542510, 129.1120227 35.1534567, 129.1120191 35.1534450, 129.1116772 35.1523180, 129.1109599 35.1504151, 129.1090211 35.1500190, 129.1082638 35.1499741, 129.1062877 35.1500610, 129.1039918 35.1512597, 129.1012229 35.1518427, 129.1011061 35.1519887, 129.0990491 35.1546404, 129.0989452 35.1547753, 129.0989436 35.1547774, 129.0979764 35.1565507, 129.0971601 35.1580857, 129.0958636 35.1600164, 129.0954166 35.1613132, 129.0949191 35.1621591, 129.0962632 35.1623318, 129.0999536 35.1623892, 129.1015881 35.1630856, 129.1017648 35.1627920)))"
21140600,민락동,2024,26595,16804.5,46.6,12292,10577,9234,3370,"SRID=4326;MULTIPOLYGON(((129.1208090 35.1682983, 129.1233566 35.1662048, 129.1234143 35.1661729, 129.1246223 35.1657689, 129.1255060 35.1654827, 129.1260237 35.1653431, 129.1273276 35.1647576, 129.1280521 35.1643682, 129.1286403 35.1640182, 129.1300397 35.1624597, 129.1309323 35.1612739, 129.1311323 35.1610859, 129.1311922 35.1610213, 129.1318176 35.1603331, 129.1351049 35.1567002, 129.1351673 35.1566266, 129.1351930 35.1565648, 129.1352581 35.1563421, 129.1352826 35.1562413, 129.1352988 35.1561744, 129.1353273 35.1560026, 129.1353309 35.1558904, 129.1353312 35.1558080, 129.1353268 35.1557453, 129.1353194 35.1556932, 129.1353032 35.1556090, 129.1352887 35.1555646, 129.1352519 35.1554900, 129.1351958 35.1553911, 129.1351234 35.1552835, 129.1350366 35.1551780, 129.1349570 35.1550995, 129.1348324 35.1549905, 129.1347312 35.1549125, 129.1346223 35.1548361, 129.1344980 35.1547670, 129.1343549 35.1546984, 129.1341783 35.1546318, 129.1340252 35.1545863, 129.1312849 35.1539614, 129.1310317 35.1540254, 129.1307091 35.1543169, 129.1283607 35.1537519, 129.1272201 35.1534624, 129.1273300 35.1531301, 129.1293491 35.1526760, 129.1301544 35.1525108, 129.1307349 35.1526632, 129.1296702 35.1523181, 129.1242952 35.1529705, 129.1242242 35.1533029, 129.1240483 35.1538545, 129.1239582 35.1541308, 129.1237629 35.1544219, 129.1237546 35.1544319, 129.1237261 35.1544384, 129.1235251 35.1544700, 129.1233820 35.1544924, 129.1228610 35.1545467, 129.1224604 35.1545493, 129.1223695 35.1545499, 129.1221931 35.1545310, 129.1219096 35.1545007, 129.1214571 35.1544142, 129.1210328 35.1542595, 129.1205925 35.1540690, 129.1201712 35.1538550, 129.1201013 35.1538103, 129.1196688 35.1541710, 129.1181005 35.1549445, 129.1184284 35.1553762, 129.1209433 35.1586571, 129.1187792 35.1648510, 129.1184022 35.1659178, 129.1182991 35.1662159, 129.1178725 35.1674490, 129.1202786 35.1683075, 129.1208090 35.1682983)))"
21150510,삼락동,2024,5410,807.3,51.6,2528,1545,9915,2091,"SRID=4326;MULTIPOLYGON(((128.9806512 35.1695779, 128.9803867 35.1685805, 128.9785943 35.1694637, 128.9785811 35.1694645, 128.9783297 35.1694798, 128.9783174 35.1694806, 128.9775438 35.1695278, 128.9766489 35.1695824, 128.9766268 35.1691844, 128.9766231 35.1691165, 128.9766082 35.1688492, 128.9765755 35.1682595, 128.9765685 35.1681802, 128.9762609 35.1659717, 128.9762369 35.1658190, 128.9761653 35.1654364, 128.9760169 35.1646440, 128.9759077 35.1641689, 128.9757677 35.1635749, 128.9757651 35.1635642, 128.9757492 35.1634964, 128.9754840 35.1625740, 128.9754208 35.1623661, 128.9749127 35.1606962, 128.9747371 35.1605176, 128.9742114 35.1600432, 128.9740754 35.1599063, 128.9738406 35.1596068, 128.9724666 35.1576624, 128.9723036 35.1574031, 128.9722266 35.1572806, 128.9719412 35.1568138, 128.9718480 35.1566369, 128.9716412 35.1562445, 128.9706585 35.1541968, 128.9700655 35.1525117, 128.9700450 35.1524228, 128.9698484 35.1515698, 128.9696588 35.1509465, 128.9693466 35.1501640, 128.9690863 35.1495666, 128.9689236 35.1492459, 128.9687572 35.1489625, 128.9685343 35.1486229, 128.9684494 35.1485345, 128.9682403 35.1483165, 128.9677123 35.1481159, 128.9667615 35.1479606, 128.9658893 35.1494738, 128.9656006 35.1499312, 128.9653142 35.1502680, 128.9649757 35.1505726, 128.9635637 35.1517140, 128.9635413 35.1517317, 128.9622198 35.1527740, 128.9606380 35.1538175, 128.9607580 35.1547565, 128.9613726 35.1574651, 128.9616886 35.1588573, 128.9622190 35.1611945, 128.9624679 35.1623860, 128.9628853 35.1643844, 128.9629055 35.1653407, 128.9629854 35.1691356, 128.9629947 35.1695736, 128.9631124 35.1751646, 128.9631675 35.1777789, 128.9632117 35.1798757, 128.9632904 35.1836088, 128.9632910 35.1836415, 128.9634243 35.1839954, 128.9636180 35.1845099, 128.9646279 35.1857766, 128.9648273 35.1860268, 128.9663203 35.1878995, 128.9702613 35.1905178, 128.9720426 35.1912532, 128.9747129 35.1923555, 128.9754605 35.1926641, 128.9770696 35.1933283, 128.9801004 35.1954280, 128.9818818 35.1966622, 128.9839767 35.1983491, 128.9860716 35.2000359, 128.9877368 35.2014609, 128.9888626 35.2006292, 128.9890997 35.2002050, 128.9891213 35.2001196, 128.9886214 35.1979859, 128.9878886 35.1959030, 128.9877013 35.1948670, 128.9876922 35.1948168, 128.9875960 35.1942917, 128.9875012 35.1937740, 128.9874513 35.1937498, 128.9866900 35.1933799, 128.9860985 35.1930924, 128.9860030 35.1930227, 128.9859159 35.1929592, 128.9840363 35.1910880, 128.9834790 35.1905233, 128.9823793 35.1860217, 128.9814234 35.1820469, 128.9809148 35.1800335, 128.9807624 35.1794295, 128.9803687 35.1778689, 128.9802702 35.1774724, 128.9801667 35.1770543, 128.9800280 35.1764799, 128.9800198 35.1764460, 128.9798729 35.1758377, 128.9793174 35.1735346, 128.9793114 35.1735080, 128.9813801 35.1725265, 128.9806512 35.1695779)))"
21150520,모라1동,2024,25500,14720.3,48.8,11474,9723,12739,3369,"SRID=4326;MULTIPOLYGON(((128.9911154 35.1938443, 128.9938153 35.1953329, 128.9946501 35.1949280, 128.9986935 35.1927399, 129.0002827 35.1918651, 129.0004369 35.1902008, 128.9998643 35.1900405, 128.9994640 35.1898889, 128.9987556 35.1896205, 128.9972783 35.1887664, 128.9922391 35.1827253, 128.9918282 35.1815013, 128.9913241 35.1813441, 128.9879862 35.1807655, 128.9856656 35.1811929, 128.9836280 35.1816031, 128.9814234 35.1820469, 128.9823793 35.1860217, 128.9834790 35.1905233, 128.9840363 35.1910880, 128.9859159 35.1929592, 128.9860030 35.1930227, 128.9860985 35.1930924, 128.9866900 35.1933799, 128.9874513 35.1937498, 128.9875012 35.1937740, 128.9875960 35.1942917, 128.9876922 35.1948168, 128.9877013 35.1948670, 128.9878886 35.1959030, 128.9911154 35.1938443)))"
21150540,모라3동,2024,8932,2712.4,58.2,5920,5898,1149,291,"SRID=4326;MULTIPOLYGON(((129.0040725 35.1903376, 129.0063277 35.1895660, 129.0070710 35.1887343, 129.0071467 35.1886496, 129.0079049 35.1881196, 129.0100196 35.1883541, 129.0104916 35.1885761, 129.0114027 35.1889118, 129.0141694 35.1888950, 129.0171997 35.1888372, 129.0196911 35.1880226, 129.0208777 35.1876294, 129.0210684 35.1874701, 129.0207646 35.1832317, 129.0192754 35.1804618, 129.0192717 35.1804604, 129.0187632 35.1802667, 129.0169002 35.1795571, 129.0167259 35.1792084, 129.0163809 35.1785182, 129.0144655 35.1767474, 129.0105724 35.1735709, 129.0064959 35.1743012, 129.0038652 35.1753858, 129.0034356 35.1755629, 129.0025579 35.1755836, 128.9989333 35.1756484, 128.9990264 35.1771569, 128.9978661 35.1783029, 128.9969500 35.1790994, 128.9959936 35.1798030, 128.9954953 35.1799115, 128.9941754 35.1799511, 128.9922700 35.1803097, 128.9918282 35.1815013, 128.9922391 35.1827253, 128.9972783 35.1887664, 128.9987556 35.1896205, 128.9994640 35.1898889, 128.9998643 35.1900405, 129.0004369 35.1902008, 129.0040725 35.1903376)))"
21150550,덕포1동,2024,11976,21582.1,45.5,5213,4534,1937,860,"SRID=4326;MULTIPOLYGON(((128.9830781 35.1723218, 128.9835230 35.1723216, 128.9842351 35.1722773, 128.9849431 35.1722312, 128.9856171 35.1721803, 128.9858948 35.1721553, 128.9859084 35.1721541, 128.9879601 35.1719419, 128.9928040 35.1710587, 128.9954444 35.1707029, 128.9943397 35.1694386, 128.9933781 35.1684645, 128.9921230 35.1676530, 128.9897195 35.1672284, 128.9882083 35.1672074, 128.9845449 35.1673323, 128.9838588 35.1673558, 128.9832111 35.1673780, 128.9821494 35.1677092, 128.9820592 35.1677537, 128.9818118 35.1678760, 128.9815829 35.1679892, 128.9803867 35.1685805, 128.9806512 35.1695779, 128.9813801 35.1725265, 128.9830781 35.1723218)))"
21150560,덕포2동,2024,12040,7427.3,48.8,5244,4271,8234,1985,"SRID=4326;MULTIPOLYGON(((128.9836280 35.1816031, 128.9856656 35.1811929, 128.9879862 35.1807655, 128.9913241 35.1813441, 128.9918282 35.1815013, 128.9922700 35.1803097, 128.9941754 35.1799511, 128.9954953 35.1799115, 128.9959936 35.1798030, 128.9969500 35.1790994, 128.9978661 35.1783029, 128.9990264 35.1771569, 128.9989333 35.1756484, 128.9958697 35.1720931, 128.9954444 35.1707029, 128.9928040 35.1710587, 128.9879601 35.1719419, 128.9859084 35.1721541, 128.9858948 35.1721553, 128.9856171 35.1721803, 128.9849431 35.1722312, 128.9842351 35.1722773, 128.9835230 35.1723216, 128.9830781 35.1723218, 128.9813801 35.1725265, 128.9793114 35.1735080, 128.9793174 35.1735346, 128.9798729 35.1758377, 128.9800198 35.1764460, 128.9800280 35.1764799, 128.9801667 35.1770543, 128.9802702 35.1774724, 128.9803687 35.1778689, 128.9807624 35.1794295, 128.9809148 35.1800335, 128.9814234 35.1820469, 128.9836280 35.1816031)))"
21150570,괘법동,2024,25748,7497.5,43.8,13620,8328,16406,5817,"SRID=4326;MULTIPOLYGON(((129.0064959 35.1743012, 129.0105724 35.1735709, 129.0110357 35.1708235, 129.0085000 35.1693881, 129.0073519 35.1671983, 129.0064748 35.1643932, 129.0063182 35.1641555, 129.0060447 35.1637405, 129.0051166 35.1623688, 129.0024181 35.1617002, 129.0022185 35.1617134, 129.0016829 35.1617489, 129.0000220 35.1618589, 128.9997139 35.1618795, 128.9995162 35.1618927, 128.9993127 35.1619064, 128.9962668 35.1621148, 128.9951670 35.1628616, 128.9948254 35.1630386, 128.9940496 35.1628519, 128.9937864 35.1627886, 128.9937780 35.1627651, 128.9936500 35.1623686, 128.9934787 35.1620047, 128.9932035 35.1614753, 128.9928608 35.1611053, 128.9911846 35.1593987, 128.9904399 35.1589242, 128.9903648 35.1588795, 128.9850826 35.1573248, 128.9756897 35.1592017, 128.9759391 35.1601960, 128.9747371 35.1605176, 128.9749127 35.1606962, 128.9754208 35.1623661, 128.9754840 35.1625740, 128.9757492 35.1634964, 128.9757651 35.1635642, 128.9757677 35.1635749, 128.9759077 35.1641689, 128.9760169 35.1646440, 128.9761653 35.1654364, 128.9762369 35.1658190, 128.9762609 35.1659717, 128.9765685 35.1681802, 128.9765755 35.1682595, 128.9766082 35.1688492, 128.9766231 35.1691165, 128.9766268 35.1691844, 128.9766489 35.1695824, 128.9775438 35.1695278, 128.9783174 35.1694806, 128.9783297 35.1694798, 128.9785811 35.1694645, 128.9785943 35.1694637, 128.9803867 35.1685805, 128.9815829 35.1679892, 128.9818118 35.1678760, 128.9820592 35.1677537, 128.9821494 35.1677092, 128.9832111 35.1673780, 128.9838588 35.1673558, 128.9845449 35.1673323, 128.9882083 35.1672074, 128.9897195 35.1672284, 128.9921230 35.1676530, 128.9933781 35.1684645, 128.9943397 35.1694386, 128.9954444 35.1707029, 128.9958697 35.1720931, 128.9989333 35.1756484, 129.0025579 35.1755836, 129.0034356 35.1755629, 129.0038652 35.1753858, 129.0064959 35.1743012)))"
21150600,주례1동,2024,16214,12267.7,45.8,6869,5751,3562,1544,"SRID=4326;MULTIPOLYGON(((129.0076998 35.1632228, 129.0077732 35.1628039, 129.0077533 35.1619464, 129.0072490 35.1604763, 129.0071836 35.1603270, 129.0065635 35.1591530, 129.0056933 35.1572484, 129.0050848 35.1553867, 129.0054638 35.1514879, 129.0054656 35.1514770, 129.0054712 35.1514452, 129.0057713 35.1511478, 129.0062167 35.1508946, 128.9975799 35.1500248, 128.9917160 35.1496264, 128.9924036 35.1523364, 128.9924491 35.1525150, 128.9929087 35.1543185, 128.9944942 35.1561751, 128.9949570 35.1567028, 128.9955729 35.1571960, 128.9958629 35.1572610, 128.9959224 35.1572744, 128.9961707 35.1573301, 128.9968771 35.1577978, 128.9974487 35.1582096, 128.9974509 35.1582112, 128.9982206 35.1590081, 128.9988126 35.1598442, 128.9992385 35.1606208, 128.9993127 35.1619064, 128.9995162 35.1618927, 128.9997139 35.1618795, 129.0000220 35.1618589, 129.0016829 35.1617489, 129.0022185 35.1617134, 129.0024181 35.1617002, 129.0051166 35.1623688, 129.0060447 35.1637405, 129.0063182 35.1641555, 129.0064748 35.1643932, 129.0076998 35.1632228)))"
21150610,주례2동,2024,24836,10713.7,41.9,10941,8377,8093,1731,"SRID=4326;MULTIPOLYGON(((129.0113488 35.1628446, 129.0113644 35.1623685, 129.0113902 35.1613167, 129.0111928 35.1610333, 129.0107287 35.1603672, 129.0105954 35.1587492, 129.0148883 35.1561372, 129.0149000 35.1561429, 129.0152939 35.1563347, 129.0154332 35.1562895, 129.0154345 35.1562891, 129.0157540 35.1557252, 129.0162283 35.1548321, 129.0163067 35.1546373, 129.0163978 35.1541895, 129.0166642 35.1528088, 129.0161710 35.1482500, 129.0161649 35.1473006, 129.0143991 35.1460570, 129.0143959 35.1460547, 129.0141308 35.1458612, 129.0141277 35.1457697, 129.0148717 35.1447069, 129.0153402 35.1440461, 129.0154288 35.1439643, 129.0157803 35.1438246, 129.0160719 35.1438194, 129.0160798 35.1438021, 129.0162229 35.1434474, 129.0162418 35.1433854, 129.0162519 35.1433524, 129.0162408 35.1433353, 129.0162337 35.1433254, 129.0150979 35.1417347, 129.0129261 35.1385813, 129.0121754 35.1374785, 129.0121717 35.1374829, 129.0113276 35.1381899, 129.0105643 35.1388292, 129.0087060 35.1393924, 129.0076583 35.1395343, 129.0059784 35.1392472, 129.0060662 35.1406257, 129.0061895 35.1425609, 129.0062095 35.1428203, 129.0063371 35.1444053, 129.0066865 35.1455297, 129.0075218 35.1464446, 129.0075990 35.1464517, 129.0076701 35.1464582, 129.0077626 35.1465212, 129.0078801 35.1466013, 129.0079306 35.1466357, 129.0077767 35.1477781, 129.0075402 35.1487456, 129.0074574 35.1490533, 129.0072962 35.1495651, 129.0072419 35.1496354, 129.0062167 35.1508946, 129.0057713 35.1511478, 129.0054712 35.1514452, 129.0054656 35.1514770, 129.0054638 35.1514879, 129.0050848 35.1553867, 129.0056933 35.1572484, 129.0065635 35.1591530, 129.0071836 35.1603270, 129.0072490 35.1604763, 129.0077533 35.1619464, 129.0077732 35.1628039, 129.0076998 35.1632228, 129.0064748 35.1643932, 129.0073519 35.1671983, 129.0085000 35.1693881, 129.0110357 35.1708235, 129.0129016 35.1665230, 129.0113488 35.1628446)))"
21150620,주례3동,2024,11811,10204.1,48.4,5310,4443,3767,1169,"SRID=4326;MULTIPOLYGON(((129.0062167 35.1508946, 129.0072419 35.1496354, 129.0072962 35.1495651, 129.0074574 35.1490533, 129.0075402 35.1487456, 129.0077767 35.1477781, 129.0079306 35.1466357, 129.0078801 35.1466013, 129.0077626 35.1465212, 129.0076701 35.1464582, 129.0075990 35.1464517, 129.0075218 35.1464446, 129.0066865 35.1455297, 129.0063371 35.1444053, 129.0062095 35.1428203, 129.0061895 35.1425609, 129.0060662 35.1406257, 129.0059784 35.1392472, 129.0039833 35.1395741, 128.9999905 35.1407036, 128.9985153 35.1409919, 128.9960325 35.1404084, 128.9955069 35.1407600, 128.9946773 35.1426304, 128.9942662 35.1437620, 128.9936957 35.1454440, 128.9936594 35.1456311, 128.9936663 35.1458869, 128.9937850 35.1459372, 128.9939199 35.1459938, 128.9945960 35.1463009, 128.9962627 35.1471656, 128.9973471 35.1477731, 128.9974827 35.1490770, 128.9975527 35.1497498, 128.9975799 35.1500248, 129.0062167 35.1508946)))"
21150630,학장동,2024,26489,4813.4,48.8,11245,10837,17008,3622,"SRID=4326;MULTIPOLYGON(((128.9872899 35.1498366, 128.9917160 35.1496264, 128.9975799 35.1500248, 128.9975527 35.1497498, 128.9974827 35.1490770, 128.9973471 35.1477731, 128.9962627 35.1471656, 128.9945960 35.1463009, 128.9939199 35.1459938, 128.9937850 35.1459372, 128.9936663 35.1458869, 128.9936594 35.1456311, 128.9936957 35.1454440, 128.9942662 35.1437620, 128.9946773 35.1426304, 128.9955069 35.1407600, 128.9960325 35.1404084, 128.9995256 35.1389161, 129.0043270 35.1364145, 129.0034965 35.1345849, 129.0026977 35.1337292, 129.0028623 35.1318522, 129.0031187 35.1277615, 129.0027204 35.1253283, 129.0012900 35.1247163, 129.0000102 35.1236990, 128.9997497 35.1232651, 128.9968148 35.1236274, 128.9911762 35.1244172, 128.9894890 35.1246091, 128.9878039 35.1243080, 128.9878027 35.1243186, 128.9877365 35.1249231, 128.9875946 35.1262181, 128.9874453 35.1275804, 128.9867689 35.1294205, 128.9841632 35.1325486, 128.9824190 35.1329145, 128.9786467 35.1342566, 128.9771993 35.1355783, 128.9771583 35.1356142, 128.9768076 35.1358676, 128.9759704 35.1362053, 128.9749308 35.1364582, 128.9735458 35.1351807, 128.9730151 35.1343278, 128.9727817 35.1339521, 128.9726716 35.1337145, 128.9726421 35.1336501, 128.9726260 35.1336151, 128.9725926 35.1335220, 128.9725164 35.1333521, 128.9724706 35.1332532, 128.9721265 35.1325110, 128.9720053 35.1322503, 128.9719092 35.1320808, 128.9717119 35.1331292, 128.9719912 35.1333344, 128.9724001 35.1344280, 128.9727340 35.1353248, 128.9728288 35.1355816, 128.9725704 35.1371274, 128.9746250 35.1414412, 128.9746488 35.1414907, 128.9748089 35.1418237, 128.9752681 35.1427789, 128.9752696 35.1427888, 128.9754740 35.1441884, 128.9754756 35.1441994, 128.9754896 35.1443390, 128.9756719 35.1462830, 128.9758068 35.1477200, 128.9758278 35.1479445, 128.9759296 35.1490223, 128.9760790 35.1506042, 128.9761864 35.1517426, 128.9814422 35.1508427, 128.9819511 35.1507556, 128.9819615 35.1507538, 128.9872899 35.1498366)))"
21150640,엄궁동,2024,23931,4726.8,45.7,9188,8622,8450,2615,"SRID=4326;MULTIPOLYGON(((128.9669525 35.1371260, 128.9667324 35.1369988, 128.9668164 35.1362301, 128.9668641 35.1358235, 128.9669254 35.1353009, 128.9669645 35.1351150, 128.9670296 35.1348055, 128.9674725 35.1333854, 128.9676341 35.1329605, 128.9676923 35.1328565, 128.9681024 35.1321228, 128.9681509 35.1320386, 128.9691252 35.1310905, 128.9691963 35.1310230, 128.9694275 35.1308052, 128.9695120 35.1307259, 128.9697974 35.1305914, 128.9700164 35.1304885, 128.9704475 35.1302962, 128.9709209 35.1309069, 128.9717119 35.1331292, 128.9719092 35.1320808, 128.9720053 35.1322503, 128.9721265 35.1325110, 128.9724706 35.1332532, 128.9725164 35.1333521, 128.9725926 35.1335220, 128.9726260 35.1336151, 128.9726421 35.1336501, 128.9726716 35.1337145, 128.9727817 35.1339521, 128.9730151 35.1343278, 128.9735458 35.1351807, 128.9749308 35.1364582, 128.9759704 35.1362053, 128.9768076 35.1358676, 128.9771583 35.1356142, 128.9771993 35.1355783, 128.9786467 35.1342566, 128.9824190 35.1329145, 128.9841632 35.1325486, 128.9867689 35.1294205, 128.9874453 35.1275804, 128.9875946 35.1262181, 128.9877365 35.1249231, 128.9878027 35.1243186, 128.9878039 35.1243080, 128.9869507 35.1242198, 128.9822039 35.1203022, 128.9815956 35.1196712, 128.9815884 35.1196175, 128.9814595 35.1186476, 128.9811050 35.1182005, 128.9804691 35.1173986, 128.9800670 35.1171070, 128.9770092 35.1169049, 128.9769870 35.1169078, 128.9758850 35.1170540, 128.9725429 35.1187189, 128.9692839 35.1200493, 128.9673208 35.1207284, 128.9636925 35.1219289, 128.9605914 35.1201053, 128.9603791 35.1197589, 128.9599738 35.1190966, 128.9594417 35.1177100, 128.9584048 35.1186093, 128.9582624 35.1187509, 128.9581929 35.1188709, 128.9578260 35.1206567, 128.9575832 35.1220938, 128.9575176 35.1227012, 128.9574469 35.1238239, 128.9574621 35.1243024, 128.9576370 35.1249832, 128.9577905 35.1255807, 128.9579921 35.1263068, 128.9581530 35.1266958, 128.9582106 35.1268353, 128.9585958 35.1277526, 128.9588290 35.1281963, 128.9597978 35.1299129, 128.9603130 35.1306646, 128.9605733 35.1310494, 128.9607803 35.1315139, 128.9609312 35.1318653, 128.9612847 35.1327132, 128.9615778 35.1335189, 128.9622313 35.1356140, 128.9622307 35.1368326, 128.9603934 35.1366996, 128.9596404 35.1366451, 128.9600223 35.1398009, 128.9600548 35.1400696, 128.9600431 35.1407292, 128.9600336 35.1412675, 128.9600168 35.1422091, 128.9599940 35.1434993, 128.9600379 35.1456301, 128.9601608 35.1479401, 128.9602299 35.1490800, 128.9602440 35.1493130, 128.9604079 35.1506103, 128.9604371 35.1508418, 128.9606399 35.1529506, 128.9606380 35.1538175, 128.9622198 35.1527740, 128.9635413 35.1517317, 128.9635637 35.1517140, 128.9649757 35.1505726, 128.9653142 35.1502680, 128.9656006 35.1499312, 128.9658893 35.1494738, 128.9667615 35.1479606, 128.9665667 35.1455019, 128.9661542 35.1441971, 128.9656680 35.1426593, 128.9665638 35.1415309, 128.9669313 35.1406377, 128.9672042 35.1398363, 128.9669525 35.1371260)))"
21150650,감전동,2024,12253,3501.6,51.3,6026,3865,25649,6953,"SRID=4326;MULTIPOLYGON(((128.9962668 35.1621148, 128.9993127 35.1619064, 128.9992385 35.1606208, 128.9988126 35.1598442, 128.9982206 35.1590081, 128.9974509 35.1582112, 128.9974487 35.1582096, 128.9968771 35.1577978, 128.9961707 35.1573301, 128.9959224 35.1572744, 128.9958629 35.1572610, 128.9955729 35.1571960, 128.9949570 35.1567028, 128.9944942 35.1561751, 128.9929087 35.1543185, 128.9924491 35.1525150, 128.9924036 35.1523364, 128.9917160 35.1496264, 128.9872899 35.1498366, 128.9819615 35.1507538, 128.9819511 35.1507556, 128.9814422 35.1508427, 128.9761864 35.1517426, 128.9760790 35.1506042, 128.9759296 35.1490223, 128.9758278 35.1479445, 128.9758068 35.1477200, 128.9756719 35.1462830, 128.9754896 35.1443390, 128.9754756 35.1441994, 128.9754740 35.1441884, 128.9752696 35.1427888, 128.9752681 35.1427789, 128.9748089 35.1418237, 128.9746488 35.1414907, 128.9746250 35.1414412, 128.9725704 35.1371274, 128.9728288 35.1355816, 128.9727340 35.1353248, 128.9724001 35.1344280, 128.9719912 35.1333344, 128.9717119 35.1331292, 128.9709209 35.1309069, 128.9704475 35.1302962, 128.9700164 35.1304885, 128.9697974 35.1305914, 128.9695120 35.1307259, 128.9694275 35.1308052, 128.9691963 35.1310230, 128.9691252 35.1310905, 128.9681509 35.1320386, 128.9681024 35.1321228, 128.9676923 35.1328565, 128.9676341 35.1329605, 128.9674725 35.1333854, 128.9670296 35.1348055, 128.9669645 35.1351150, 128.9669254 35.1353009, 128.9668641 35.1358235, 128.9668164 35.1362301, 128.9667324 35.1369988, 128.9669525 35.1371260, 128.9672042 35.1398363, 128.9669313 35.1406377, 128.9665638 35.1415309, 128.9656680 35.1426593, 128.9661542 35.1441971, 128.9665667 35.1455019, 128.9667615 35.1479606, 128.9677123 35.1481159, 128.9682403 35.1483165, 128.9684494 35.1485345, 128.9685343 35.1486229, 128.9687572 35.1489625, 128.9689236 35.1492459, 128.9690863 35.1495666, 128.9693466 35.1501640, 128.9696588 35.1509465, 128.9698484 35.1515698, 128.9700450 35.1524228, 128.9700655 35.1525117, 128.9706585 35.1541968, 128.9716412 35.1562445, 128.9718480 35.1566369, 128.9719412 35.1568138, 128.9722266 35.1572806, 128.9723036 35.1574031, 128.9724666 35.1576624, 128.9738406 35.1596068, 128.9740754 35.1599063, 128.9742114 35.1600432, 128.9747371 35.1605176, 128.9759391 35.1601960, 128.9756897 35.1592017, 128.9850826 35.1573248, 128.9903648 35.1588795, 128.9904399 35.1589242, 128.9911846 35.1593987, 128.9928608 35.1611053, 128.9932035 35.1614753, 128.9934787 35.1620047, 128.9936500 35.1623686, 128.9937780 35.1627651, 128.9937864 35.1627886, 128.9940496 35.1628519, 128.9948254 35.1630386, 128.9951670 35.1628616, 128.9962668 35.1621148)))"
21510110,기장읍,2024,50330,1263.7,48.6,22932,19738,25062,5944,"SRID=4326;MULTIPOLYGON(((129.2081352 35.2649289, 129.2086683 35.2622765, 129.2090247 35.2614266, 129.2094994 35.2610062, 129.2105434 35.2604100, 129.2109758 35.2601738, 129.2111080 35.2601016, 129.2111478 35.2600848, 129.2119873 35.2597340, 129.2128549 35.2596096, 129.2156243 35.2589985, 129.2189685 35.2579462, 129.2201773 35.2572964, 129.2201958 35.2569731, 129.2201984 35.2569270, 129.2201494 35.2568567, 129.2200627 35.2567322, 129.2199917 35.2566304, 129.2199900 35.2566036, 129.2199191 35.2555040, 129.2199074 35.2551116, 129.2199261 35.2550865, 129.2201631 35.2547674, 129.2202124 35.2547374, 129.2251979 35.2521927, 129.2294955 35.2539296, 129.2347863 35.2562067, 129.2351320 35.2562628, 129.2364316 35.2564333, 129.2386188 35.2560742, 129.2402568 35.2557111, 129.2405980 35.2556104, 129.2407097 35.2555774, 129.2411851 35.2554323, 129.2436991 35.2532420, 129.2437269 35.2531528, 129.2438247 35.2528385, 129.2439215 35.2525278, 129.2439273 35.2523209, 129.2438241 35.2511613, 129.2438135 35.2510419, 129.2439775 35.2500245, 129.2447782 35.2499969, 129.2455240 35.2499743, 129.2464946 35.2500872, 129.2465072 35.2500891, 129.2491843 35.2466257, 129.2495766 35.2461663, 129.2496273 35.2461074, 129.2501699 35.2455068, 129.2512361 35.2443284, 129.2508672 35.2441453, 129.2504221 35.2439245, 129.2499819 35.2438527, 129.2494759 35.2439854, 129.2488434 35.2443959, 129.2484367 35.2447000, 129.2468604 35.2447084, 129.2451092 35.2440877, 129.2446832 35.2437075, 129.2447731 35.2431339, 129.2447926 35.2430570, 129.2448116 35.2429823, 129.2448801 35.2427647, 129.2449463 35.2426192, 129.2450395 35.2425039, 129.2451560 35.2423863, 129.2454193 35.2421612, 129.2455000 35.2420968, 129.2455936 35.2420492, 129.2456679 35.2420152, 129.2456752 35.2420120, 129.2458385 35.2419709, 129.2461464 35.2419324, 129.2462341 35.2419299, 129.2474184 35.2419018, 129.2493821 35.2411310, 129.2498549 35.2408963, 129.2498816 35.2408749, 129.2498932 35.2408615, 129.2499011 35.2408494, 129.2499049 35.2408390, 129.2499029 35.2407988, 129.2468459 35.2382742, 129.2448858 35.2373779, 129.2452033 35.2375377, 129.2453010 35.2375868, 129.2451804 35.2377586, 129.2448587 35.2381067, 129.2436133 35.2383736, 129.2432640 35.2383446, 129.2431217 35.2383329, 129.2430605 35.2382458, 129.2429484 35.2371476, 129.2429485 35.2371206, 129.2429511 35.2370854, 129.2429593 35.2370234, 129.2429701 35.2369747, 129.2429767 35.2369528, 129.2429843 35.2369298, 129.2430030 35.2368854, 129.2430358 35.2368081, 129.2430843 35.2367198, 129.2440490 35.2351393, 129.2448510 35.2345136, 129.2449992 35.2346271, 129.2452262 35.2334728, 129.2449682 35.2314072, 129.2443165 35.2303934, 129.2428832 35.2292378, 129.2422483 35.2291418, 129.2416142 35.2291129, 129.2411813 35.2292028, 129.2401601 35.2227381, 129.2394916 35.2215071, 129.2392964 35.2211850, 129.2392861 35.2211760, 129.2354556 35.2183042, 129.2353378 35.2192227, 129.2308249 35.2204847, 129.2293757 35.2213140, 129.2293372 35.2213419, 129.2293336 35.2213514, 129.2293305 35.2213652, 129.2293290 35.2213761, 129.2293344 35.2215830, 129.2306063 35.2221835, 129.2304393 35.2237332, 129.2304024 35.2240488, 129.2303917 35.2240593, 129.2301125 35.2241440, 129.2296652 35.2242786, 129.2293358 35.2243770, 129.2272984 35.2243336, 129.2272561 35.2242897, 129.2270290 35.2176318, 129.2267994 35.2174560, 129.2256527 35.2165249, 129.2255684 35.2164550, 129.2233987 35.2146196, 129.2225096 35.2135932, 129.2220899 35.2130836, 129.2220665 35.2130430, 129.2219934 35.2127368, 129.2219892 35.2127066, 129.2219896 35.2126663, 129.2219930 35.2126342, 129.2219946 35.2126239, 129.2219968 35.2126086, 129.2220073 35.2125520, 129.2220170 35.2125201, 129.2220334 35.2124737, 129.2220429 35.2124482, 129.2236596 35.2090150, 129.2236935 35.2089617, 129.2237246 35.2089262, 129.2250299 35.2076184, 129.2250702 35.2075789, 129.2251482 35.2075165, 129.2251849 35.2074902, 129.2252234 35.2074645, 129.2252631 35.2074392, 129.2252920 35.2074240, 129.2253627 35.2073888, 129.2254370 35.2073585, 129.2265928 35.2069369, 129.2271881 35.2068291, 129.2300627 35.2041076, 129.2302256 35.1982358, 129.2296308 35.1968775, 129.2293164 35.1965468, 129.2274403 35.1957164, 129.2272026 35.1957541, 129.2273226 35.1959879, 129.2271904 35.1962589, 129.2270263 35.1963463, 129.2259945 35.1968344, 129.2257902 35.1968640, 129.2254729 35.1966977, 129.2250566 35.1959520, 129.2232291 35.1897384, 129.2235878 35.1890741, 129.2241236 35.1884959, 129.2242774 35.1864944, 129.2242745 35.1864632, 129.2241432 35.1859238, 129.2241251 35.1858605, 129.2240963 35.1858162, 129.2240295 35.1857451, 129.2233835 35.1850678, 129.2233527 35.1850372, 129.2203416 35.1838186, 129.2203052 35.1838155, 129.2202651 35.1838152, 129.2193273 35.1838117, 129.2192609 35.1838141, 129.2192556 35.1838157, 129.2192019 35.1838310, 129.2191378 35.1838643, 129.2191113 35.1838823, 129.2181940 35.1849710, 129.2180933 35.1852594, 129.2180824 35.1853075, 129.2180758 35.1854062, 129.2180735 35.1854617, 129.2180750 35.1855129, 129.2180772 35.1856545, 129.2180755 35.1857599, 129.2180644 35.1858525, 129.2180301 35.1859512, 129.2179971 35.1860157, 129.2179504 35.1860797, 129.2169964 35.1872794, 129.2168909 35.1873219, 129.2167461 35.1873538, 129.2167030 35.1873606, 129.2166530 35.1873660, 129.2165860 35.1873701, 129.2164393 35.1873693, 129.2162993 35.1873556, 129.2162037 35.1873319, 129.2161632 35.1873219, 129.2158703 35.1872433, 129.2146587 35.1866681, 129.2144820 35.1865817, 129.2101633 35.1825573, 129.2095756 35.1824878, 129.2095061 35.1824739, 129.2091673 35.1823303, 129.2084191 35.1819810, 129.2076322 35.1829352, 129.2069448 35.1851102, 129.2065983 35.1907187, 129.2071042 35.1930505, 129.2072040 35.1934323, 129.2072638 35.1936635, 129.2074152 35.1943544, 129.2074310 35.1944870, 129.2074488 35.1946356, 129.2069444 35.1968223, 129.2069365 35.1968540, 129.2068280 35.1969525, 129.2065709 35.1970771, 129.2064962 35.1971115, 129.2041434 35.1980782, 129.2040763 35.1980925, 129.2037787 35.1981179, 129.2036743 35.1981152, 129.2034879 35.1981226, 129.2031779 35.1981350, 129.2029671 35.1981629, 129.2029068 35.1981716, 129.2025412 35.1982464, 129.2024789 35.1982670, 129.2023348 35.1983156, 129.2023210 35.1983212, 129.2014398 35.1987678, 129.2011544 35.1989132, 129.2003703 35.1994229, 129.1989523 35.1996480, 129.1959778 35.1988996, 129.1948615 35.1985379, 129.1942751 35.1979125, 129.1940974 35.1963255, 129.1941020 35.1962845, 129.1941685 35.1956997, 129.1938514 35.1948726, 129.1931777 35.1939776, 129.1897965 35.1903806, 129.1882324 35.1893653, 129.1882056 35.1893479, 129.1881452 35.1893087, 129.1866439 35.1892763, 129.1865738 35.1892832, 129.1848009 35.1895002, 129.1834441 35.1899547, 129.1831912 35.1900394, 129.1833165 35.1910209, 129.1840348 35.1925630, 129.1842474 35.1929316, 129.1846868 35.1936985, 129.1854539 35.1954510, 129.1842727 35.1972227, 129.1833791 35.1976508, 129.1833448 35.1976537, 129.1827016 35.1977048, 129.1798787 35.1979282, 129.1791852 35.1980074, 129.1791768 35.1980083, 129.1771312 35.1996295, 129.1760222 35.2005606, 129.1721435 35.2022241, 129.1710310 35.2017952, 129.1696638 35.2009797, 129.1666872 35.2023700, 129.1652897 35.2030239, 129.1651263 35.2031019, 129.1648831 35.2032178, 129.1645498 35.2042685, 129.1643314 35.2049634, 129.1601014 35.2064080, 129.1597047 35.2100241, 129.1603867 35.2119025, 129.1610163 35.2122311, 129.1619529 35.2127340, 129.1635300 35.2140204, 129.1649084 35.2151597, 129.1653938 35.2177761, 129.1654753 35.2189254, 129.1663492 35.2192741, 129.1676481 35.2193683, 129.1683459 35.2194126, 129.1704165 35.2193489, 129.1730390 35.2194303, 129.1750187 35.2197405, 129.1754978 35.2200613, 129.1756179 35.2201417, 129.1763777 35.2209684, 129.1763800 35.2210344, 129.1764008 35.2216171, 129.1766304 35.2230316, 129.1768200 35.2237163, 129.1770450 35.2244178, 129.1773662 35.2250657, 129.1784142 35.2263733, 129.1789839 35.2266519, 129.1796860 35.2262940, 129.1805345 35.2261320, 129.1813646 35.2261087, 129.1820425 35.2264046, 129.1855779 35.2284485, 129.1875132 35.2298569, 129.1878773 35.2301709, 129.1881450 35.2304673, 129.1884630 35.2308194, 129.1894045 35.2352923, 129.1891012 35.2358478, 129.1890134 35.2366848, 129.1901313 35.2389940, 129.1908918 35.2397194, 129.1920965 35.2406529, 129.1932558 35.2416762, 129.1935696 35.2420448, 129.1922956 35.2457654, 129.1918127 35.2469825, 129.1896524 35.2498893, 129.1892546 35.2502040, 129.1891040 35.2502151, 129.1867023 35.2519153, 129.1868239 35.2566822, 129.1872089 35.2590999, 129.1873121 35.2594859, 129.1874485 35.2599956, 129.1897855 35.2639813, 129.1925994 35.2649295, 129.1932313 35.2648357, 129.1947624 35.2653224, 129.1956841 35.2674175, 129.1977808 35.2684176, 129.2039082 35.2693974, 129.2069815 35.2689881, 129.2071465 35.2684726, 129.2072804 35.2680542, 129.2074356 35.2675109, 129.2076746 35.2666365, 129.2077558 35.2663391, 129.2079768 35.2655199, 129.2081352 35.2649289)))"
21510111,일광읍,2024,28934,803.5,41.4,11980,11049,9731,2534,"SRID=4326;MULTIPOLYGON(((129.2365114 35.3146575, 129.2373648 35.3143742, 129.2375948 35.3142656, 129.2376970 35.3141933, 129.2378072 35.3140897, 129.2379581 35.3138978, 129.2380772 35.3136886, 129.2381544 35.3135483, 129.2383193 35.3131363, 129.2383295 35.3131057, 129.2383892 35.3129544, 129.2384314 35.3128474, 129.2385841 35.3124633, 129.2386785 35.3122427, 129.2387806 35.3120871, 129.2388715 35.3119487, 129.2389604 35.3118150, 129.2392653 35.3113685, 129.2394210 35.3111529, 129.2396739 35.3108352, 129.2422304 35.3082288, 129.2424094 35.3081739, 129.2425238 35.3081388, 129.2427738 35.3080665, 129.2428894 35.3080332, 129.2430384 35.3079929, 129.2431480 35.3079650, 129.2447462 35.3075728, 129.2464274 35.3082590, 129.2505039 35.3086861, 129.2517358 35.3086256, 129.2528262 35.3087482, 129.2529521 35.3090475, 129.2531267 35.3101519, 129.2532133 35.3107479, 129.2531502 35.3112335, 129.2532515 35.3114612, 129.2535989 35.3117820, 129.2536790 35.3118560, 129.2551920 35.3128933, 129.2561730 35.3125903, 129.2574137 35.3124994, 129.2594158 35.3132739, 129.2594979 35.3133231, 129.2601242 35.3136983, 129.2612994 35.3147443, 129.2619799 35.3154444, 129.2619737 35.3150673, 129.2608848 35.3090281, 129.2599754 35.3081591, 129.2579291 35.3057885, 129.2578779 35.3056993, 129.2578582 35.3055609, 129.2578761 35.3052619, 129.2586484 35.3035297, 129.2596498 35.3008028, 129.2608056 35.2974009, 129.2609661 35.2936516, 129.2609593 35.2934317, 129.2607478 35.2917310, 129.2603873 35.2911908, 129.2597269 35.2904655, 129.2589042 35.2898906, 129.2580147 35.2895617, 129.2578596 35.2894988, 129.2578126 35.2894797, 129.2577894 35.2894693, 129.2577812 35.2894652, 129.2576930 35.2894186, 129.2576710 35.2894065, 129.2576501 35.2893947, 129.2576291 35.2893819, 129.2576095 35.2893684, 129.2575907 35.2893551, 129.2575837 35.2893501, 129.2575712 35.2893399, 129.2575536 35.2893254, 129.2575361 35.2893099, 129.2575196 35.2892945, 129.2575036 35.2892787, 129.2574916 35.2892654, 129.2574761 35.2892480, 129.2574608 35.2892302, 129.2574317 35.2891949, 129.2574233 35.2891836, 129.2574170 35.2891739, 129.2573690 35.2890993, 129.2573580 35.2890810, 129.2573220 35.2890198, 129.2573117 35.2890011, 129.2573021 35.2889820, 129.2572925 35.2889624, 129.2572821 35.2889411, 129.2572730 35.2889215, 129.2572707 35.2889152, 129.2572648 35.2888952, 129.2572626 35.2888852, 129.2572138 35.2886335, 129.2572103 35.2886123, 129.2572080 35.2885915, 129.2572061 35.2885702, 129.2572054 35.2885486, 129.2572052 35.2885270, 129.2572051 35.2885062, 129.2572050 35.2884849, 129.2572057 35.2884644, 129.2572078 35.2884438, 129.2572107 35.2884221, 129.2572141 35.2884007, 129.2572180 35.2883800, 129.2588644 35.2847571, 129.2588688 35.2847475, 129.2589527 35.2845818, 129.2589613 35.2845670, 129.2589859 35.2845301, 129.2589982 35.2845125, 129.2590273 35.2844730, 129.2590405 35.2844554, 129.2590547 35.2844377, 129.2591056 35.2843794, 129.2591209 35.2843627, 129.2591378 35.2843451, 129.2591538 35.2843291, 129.2592041 35.2842812, 129.2578666 35.2824398, 129.2572527 35.2823432, 129.2572465 35.2823419, 129.2572220 35.2823345, 129.2572143 35.2823321, 129.2572081 35.2823298, 129.2571979 35.2823251, 129.2571920 35.2823220, 129.2566077 35.2819790, 129.2565865 35.2819646, 129.2565399 35.2819304, 129.2565286 35.2819215, 129.2563774 35.2817897, 129.2563609 35.2817742, 129.2563569 35.2817700, 129.2563530 35.2817654, 129.2562854 35.2816560, 129.2562761 35.2816404, 129.2556469 35.2804922, 129.2556345 35.2804694, 129.2555887 35.2803820, 129.2555862 35.2803769, 129.2555845 35.2803714, 129.2555835 35.2803656, 129.2555220 35.2799024, 129.2555202 35.2798822, 129.2555200 35.2798762, 129.2555119 35.2781480, 129.2555464 35.2771804, 129.2555930 35.2761184, 129.2556878 35.2751025, 129.2555963 35.2748374, 129.2542025 35.2729191, 129.2530793 35.2714935, 129.2529625 35.2714276, 129.2528191 35.2713595, 129.2528104 35.2713560, 129.2520917 35.2711093, 129.2515424 35.2710408, 129.2513575 35.2710848, 129.2500133 35.2718935, 129.2490853 35.2718411, 129.2477141 35.2717731, 129.2476880 35.2717719, 129.2476815 35.2717719, 129.2476563 35.2717736, 129.2476499 35.2717743, 129.2476242 35.2717785, 129.2475482 35.2717914, 129.2475219 35.2717963, 129.2474317 35.2718135, 129.2474064 35.2718189, 129.2473809 35.2718246, 129.2473321 35.2718355, 129.2467610 35.2698964, 129.2467564 35.2698710, 129.2467547 35.2698641, 129.2467478 35.2698436, 129.2467445 35.2698354, 129.2467420 35.2698303, 129.2467383 35.2698240, 129.2467345 35.2698184, 129.2467311 35.2698141, 129.2467236 35.2698066, 129.2467174 35.2698015, 129.2467117 35.2697973, 129.2467025 35.2697915, 129.2466970 35.2697884, 129.2466740 35.2697786, 129.2466667 35.2697761, 129.2466515 35.2697717, 129.2466442 35.2697700, 129.2466302 35.2697677, 129.2466228 35.2697668, 129.2465967 35.2697656, 129.2465884 35.2697656, 129.2465750 35.2697664, 129.2465657 35.2697675, 129.2465594 35.2697686, 129.2464641 35.2697894, 129.2463866 35.2698071, 129.2463144 35.2698379, 129.2462722 35.2698621, 129.2462472 35.2698897, 129.2462349 35.2699106, 129.2462324 35.2699279, 129.2464372 35.2712837, 129.2466821 35.2721173, 129.2467667 35.2724552, 129.2467655 35.2724572, 129.2467605 35.2724587, 129.2467293 35.2724645, 129.2466771 35.2724741, 129.2463432 35.2725273, 129.2459437 35.2724541, 129.2458123 35.2724295, 129.2456160 35.2723604, 129.2456104 35.2723584, 129.2454308 35.2722164, 129.2448533 35.2717584, 129.2447215 35.2716539, 129.2445025 35.2714784, 129.2438830 35.2708101, 129.2438652 35.2707783, 129.2438535 35.2707573, 129.2435599 35.2701078, 129.2435445 35.2700490, 129.2435432 35.2700420, 129.2435410 35.2700219, 129.2434993 35.2696054, 129.2434983 35.2695847, 129.2434982 35.2695757, 129.2434997 35.2695538, 129.2435028 35.2695293, 129.2435059 35.2695085, 129.2435092 35.2694872, 129.2435145 35.2694583, 129.2435184 35.2694374, 129.2435261 35.2693962, 129.2435275 35.2693899, 129.2435292 35.2693842, 129.2435318 35.2693788, 129.2438718 35.2687961, 129.2438764 35.2687899, 129.2438917 35.2687724, 129.2439004 35.2687635, 129.2439185 35.2687471, 129.2439298 35.2687375, 129.2439353 35.2687333, 129.2439508 35.2687229, 129.2439568 35.2687194, 129.2439775 35.2687088, 129.2440244 35.2686876, 129.2440927 35.2686563, 129.2441203 35.2686432, 129.2441418 35.2686319, 129.2441633 35.2686195, 129.2441692 35.2686157, 129.2441793 35.2686084, 129.2442548 35.2685535, 129.2442615 35.2685487, 129.2442670 35.2685440, 129.2447097 35.2681167, 129.2447154 35.2681105, 129.2447306 35.2680916, 129.2447443 35.2680727, 129.2447574 35.2680529, 129.2447621 35.2680452, 129.2447663 35.2680366, 129.2447683 35.2680316, 129.2448239 35.2678883, 129.2448307 35.2678684, 129.2448323 35.2678634, 129.2448350 35.2678521, 129.2448357 35.2678466, 129.2448357 35.2678262, 129.2448355 35.2678209, 129.2448315 35.2678030, 129.2444486 35.2664600, 129.2444466 35.2664543, 129.2444417 35.2664430, 129.2444378 35.2664353, 129.2444346 35.2664302, 129.2442663 35.2661660, 129.2442631 35.2661610, 129.2439176 35.2650878, 129.2431036 35.2641686, 129.2428189 35.2642079, 129.2428344 35.2642310, 129.2428784 35.2645065, 129.2428783 35.2645122, 129.2428777 35.2645391, 129.2428707 35.2647229, 129.2428543 35.2647579, 129.2428269 35.2647877, 129.2427827 35.2648243, 129.2427367 35.2648498, 129.2422751 35.2650284, 129.2422324 35.2650444, 129.2420984 35.2650907, 129.2417642 35.2651827, 129.2417294 35.2651911, 129.2416813 35.2652005, 129.2416289 35.2652062, 129.2415817 35.2652070, 129.2415375 35.2652044, 129.2411457 35.2651686, 129.2411067 35.2651607, 129.2410583 35.2651418, 129.2410264 35.2651241, 129.2409846 35.2651008, 129.2407476 35.2649690, 129.2407086 35.2649446, 129.2399350 35.2647153, 129.2372749 35.2647722, 129.2371815 35.2648366, 129.2361027 35.2648786, 129.2358354 35.2648483, 129.2358061 35.2648331, 129.2355670 35.2647082, 129.2352986 35.2645680, 129.2343101 35.2631201, 129.2342757 35.2630696, 129.2342645 35.2630527, 129.2342617 35.2630484, 129.2342488 35.2630237, 129.2342414 35.2630073, 129.2342139 35.2629465, 129.2342095 35.2629357, 129.2342037 35.2629191, 129.2340318 35.2624284, 129.2339679 35.2622453, 129.2339617 35.2622266, 129.2339565 35.2622088, 129.2339450 35.2621693, 129.2339433 35.2621621, 129.2338357 35.2616160, 129.2338339 35.2616066, 129.2338286 35.2615719, 129.2338260 35.2615512, 129.2338254 35.2615464, 129.2338242 35.2615285, 129.2338213 35.2614866, 129.2338192 35.2614555, 129.2338189 35.2614494, 129.2338192 35.2614338, 129.2338235 35.2612899, 129.2338845 35.2608018, 129.2338873 35.2607842, 129.2338882 35.2607789, 129.2339390 35.2605549, 129.2339511 35.2605092, 129.2339559 35.2604916, 129.2339671 35.2604521, 129.2339827 35.2603976, 129.2341167 35.2599612, 129.2341222 35.2599445, 129.2341285 35.2599265, 129.2341308 35.2599204, 129.2342288 35.2596949, 129.2342390 35.2596720, 129.2344886 35.2591211, 129.2344912 35.2591157, 129.2345295 35.2590468, 129.2345348 35.2590376, 129.2345401 35.2590296, 129.2345934 35.2589541, 129.2346052 35.2589380, 129.2348117 35.2586704, 129.2348586 35.2586102, 129.2348679 35.2585989, 129.2349411 35.2585155, 129.2349461 35.2585101, 129.2350061 35.2584490, 129.2350210 35.2584342, 129.2350465 35.2584095, 129.2350512 35.2584049, 129.2350673 35.2583908, 129.2351435 35.2583251, 129.2351655 35.2583071, 129.2353499 35.2581629, 129.2353654 35.2581513, 129.2353813 35.2581397, 129.2353991 35.2581272, 129.2354170 35.2581148, 129.2354652 35.2580820, 129.2354836 35.2580700, 129.2355205 35.2580475, 129.2355355 35.2580384, 129.2355462 35.2580324, 129.2355561 35.2580274, 129.2357600 35.2579260, 129.2357665 35.2579233, 129.2358623 35.2578832, 129.2358682 35.2578808, 129.2361750 35.2577776, 129.2361815 35.2577756, 129.2361968 35.2577716, 129.2362746 35.2577536, 129.2362812 35.2577523, 129.2363033 35.2577493, 129.2388608 35.2574043, 129.2389416 35.2573847, 129.2389534 35.2573820, 129.2389625 35.2573803, 129.2389738 35.2573786, 129.2390369 35.2573718, 129.2390427 35.2573712, 129.2391399 35.2573629, 129.2391460 35.2573624, 129.2391695 35.2573614, 129.2391930 35.2573608, 129.2392160 35.2573606, 129.2392392 35.2573611, 129.2392457 35.2573614, 129.2392579 35.2573627, 129.2392737 35.2573656, 129.2395615 35.2574264, 129.2396132 35.2574387, 129.2396339 35.2574437, 129.2396539 35.2574491, 129.2396600 35.2574510, 129.2396654 35.2574528, 129.2396838 35.2574620, 129.2433664 35.2596755, 129.2451699 35.2581189, 129.2451734 35.2581160, 129.2451766 35.2581147, 129.2451816 35.2581131, 129.2458283 35.2579901, 129.2458516 35.2579865, 129.2458605 35.2579862, 129.2458695 35.2579864, 129.2459656 35.2580117, 129.2460431 35.2580396, 129.2464974 35.2582235, 129.2465012 35.2582254, 129.2477587 35.2595681, 129.2477626 35.2595733, 129.2477640 35.2595789, 129.2477623 35.2596100, 129.2477609 35.2596374, 129.2477586 35.2596675, 129.2480100 35.2597791, 129.2496989 35.2596605, 129.2509194 35.2593768, 129.2509161 35.2593806, 129.2509132 35.2593846, 129.2509109 35.2593890, 129.2509072 35.2594001, 129.2509060 35.2594090, 129.2509056 35.2594153, 129.2509058 35.2594215, 129.2509588 35.2598001, 129.2512983 35.2601219, 129.2514359 35.2602173, 129.2520170 35.2602485, 129.2520816 35.2602444, 129.2520877 35.2602430, 129.2520933 35.2602409, 129.2520984 35.2602382, 129.2521334 35.2602165, 129.2521386 35.2602130, 129.2521419 35.2602096, 129.2524601 35.2598381, 129.2526067 35.2595085, 129.2526377 35.2594226, 129.2526392 35.2594121, 129.2526395 35.2594076, 129.2526393 35.2594030, 129.2526271 35.2593269, 129.2526258 35.2593221, 129.2526242 35.2593172, 129.2526223 35.2593125, 129.2523196 35.2586054, 129.2521863 35.2583522, 129.2520756 35.2581656, 129.2519395 35.2578349, 129.2519362 35.2578254, 129.2519345 35.2578199, 129.2519331 35.2578140, 129.2519322 35.2578082, 129.2519313 35.2577972, 129.2519309 35.2577880, 129.2519285 35.2577076, 129.2519283 35.2576930, 129.2519291 35.2576757, 129.2519313 35.2576481, 129.2519332 35.2576327, 129.2519341 35.2576285, 129.2519354 35.2576237, 129.2519375 35.2576178, 129.2519403 35.2576123, 129.2519440 35.2576074, 129.2520857 35.2574245, 129.2521019 35.2574041, 129.2521056 35.2573997, 129.2521094 35.2573960, 129.2521136 35.2573927, 129.2521178 35.2573901, 129.2521240 35.2573873, 129.2521298 35.2573854, 129.2521361 35.2573840, 129.2521439 35.2573834, 129.2521499 35.2573841, 129.2521558 35.2573855, 129.2521618 35.2573873, 129.2521782 35.2573939, 129.2521972 35.2574025, 129.2522167 35.2574117, 129.2527982 35.2572230, 129.2532633 35.2570379, 129.2532785 35.2570311, 129.2532846 35.2570276, 129.2533905 35.2569384, 129.2533941 35.2569353, 129.2533975 35.2569318, 129.2534005 35.2569281, 129.2534033 35.2569240, 129.2534057 35.2569195, 129.2534078 35.2569142, 129.2534093 35.2569077, 129.2534188 35.2566897, 129.2534188 35.2566834, 129.2534160 35.2566790, 129.2533497 35.2566129, 129.2533434 35.2566082, 129.2533380 35.2566074, 129.2530109 35.2565969, 129.2521875 35.2562915, 129.2521829 35.2562894, 129.2521679 35.2562811, 129.2521627 35.2562779, 129.2521476 35.2562673, 129.2521426 35.2562635, 129.2521278 35.2562514, 129.2521239 35.2562482, 129.2521103 35.2562361, 129.2520959 35.2562223, 129.2520815 35.2562078, 129.2520671 35.2561924, 129.2520529 35.2561769, 129.2520410 35.2561635, 129.2520276 35.2561471, 129.2520121 35.2561271, 129.2520003 35.2561108, 129.2519847 35.2560870, 129.2519774 35.2560746, 129.2519689 35.2560586, 129.2519613 35.2560425, 129.2519530 35.2560248, 129.2519455 35.2560082, 129.2519070 35.2559166, 129.2519008 35.2558995, 129.2518977 35.2558895, 129.2518962 35.2558843, 129.2518915 35.2558665, 129.2518830 35.2558321, 129.2518819 35.2558275, 129.2518787 35.2558100, 129.2518614 35.2556715, 129.2518608 35.2556643, 129.2518606 35.2556566, 129.2518607 35.2556513, 129.2518624 35.2556331, 129.2518875 35.2553782, 129.2518899 35.2553607, 129.2518924 35.2553429, 129.2518954 35.2553240, 129.2518991 35.2553053, 129.2519291 35.2551714, 129.2519377 35.2551368, 129.2519425 35.2551178, 129.2519448 35.2551094, 129.2519497 35.2550926, 129.2519752 35.2550115, 129.2519814 35.2549935, 129.2519933 35.2549588, 129.2519994 35.2549424, 129.2520058 35.2549259, 129.2520092 35.2549177, 129.2520110 35.2549133, 129.2520191 35.2548956, 129.2520212 35.2548914, 129.2520275 35.2548804, 129.2521265 35.2547088, 129.2521300 35.2547028, 129.2521325 35.2546989, 129.2521368 35.2546932, 129.2521629 35.2546603, 129.2521692 35.2546530, 129.2521741 35.2546479, 129.2532297 35.2500712, 129.2529391 35.2485145, 129.2528726 35.2473580, 129.2528758 35.2473037, 129.2528763 35.2472994, 129.2529411 35.2469156, 129.2529446 35.2469073, 129.2529659 35.2468639, 129.2529692 35.2468603, 129.2529743 35.2468581, 129.2529794 35.2468569, 129.2529854 35.2468558, 129.2529962 35.2468544, 129.2530292 35.2468538, 129.2530516 35.2468533, 129.2530739 35.2468533, 129.2530808 35.2468538, 129.2533601 35.2468902, 129.2535050 35.2469096, 129.2535109 35.2469097, 129.2535169 35.2469091, 129.2535239 35.2469068, 129.2535283 35.2469038, 129.2535944 35.2468209, 129.2535974 35.2468164, 129.2535992 35.2468113, 129.2535948 35.2467798, 129.2535421 35.2464682, 129.2535412 35.2464638, 129.2535394 35.2464591, 129.2535365 35.2464548, 129.2535321 35.2464514, 129.2535266 35.2464489, 129.2535214 35.2464478, 129.2535156 35.2464475, 129.2534877 35.2464481, 129.2534440 35.2464492, 129.2534293 35.2464501, 129.2526639 35.2458660, 129.2526960 35.2456802, 129.2526944 35.2456737, 129.2526865 35.2456527, 129.2526841 35.2456482, 129.2524129 35.2452479, 129.2524096 35.2452431, 129.2523697 35.2451901, 129.2523630 35.2451817, 129.2523589 35.2451779, 129.2523540 35.2451741, 129.2512361 35.2443284, 129.2501699 35.2455068, 129.2496273 35.2461074, 129.2495766 35.2461663, 129.2491843 35.2466257, 129.2465072 35.2500891, 129.2464946 35.2500872, 129.2455240 35.2499743, 129.2447782 35.2499969, 129.2439775 35.2500245, 129.2438135 35.2510419, 129.2438241 35.2511613, 129.2439273 35.2523209, 129.2439215 35.2525278, 129.2438247 35.2528385, 129.2437269 35.2531528, 129.2436991 35.2532420, 129.2411851 35.2554323, 129.2407097 35.2555774, 129.2405980 35.2556104, 129.2402568 35.2557111, 129.2386188 35.2560742, 129.2364316 35.2564333, 129.2351320 35.2562628, 129.2347863 35.2562067, 129.2294955 35.2539296, 129.2251979 35.2521927, 129.2202124 35.2547374, 129.2201631 35.2547674, 129.2199261 35.2550865, 129.2199074 35.2551116, 129.2199191 35.2555040, 129.2199900 35.2566036, 129.2199917 35.2566304, 129.2200627 35.2567322, 129.2201494 35.2568567, 129.2201984 35.2569270, 129.2201958 35.2569731, 129.2201773 35.2572964, 129.2189685 35.2579462, 129.2156243 35.2589985, 129.2128549 35.2596096, 129.2119873 35.2597340, 129.2111478 35.2600848, 129.2111080 35.2601016, 129.2109758 35.2601738, 129.2105434 35.2604100, 129.2094994 35.2610062, 129.2090247 35.2614266, 129.2086683 35.2622765, 129.2081352 35.2649289, 129.2079768 35.2655199, 129.2077558 35.2663391, 129.2076746 35.2666365, 129.2074356 35.2675109, 129.2072804 35.2680542, 129.2071465 35.2684726, 129.2069815 35.2689881, 129.2039082 35.2693974, 129.1977808 35.2684176, 129.1956841 35.2674175, 129.1929265 35.2684667, 129.1919259 35.2720638, 129.1919986 35.2725200, 129.1925614 35.2725591, 129.1929562 35.2725865, 129.1943407 35.2727834, 129.1948790 35.2743345, 129.1948919 35.2800629, 129.1922883 35.2814078, 129.1913370 35.2818900, 129.1908600 35.2821317, 129.1901745 35.2824697, 129.1885988 35.2828200, 129.1879895 35.2829594, 129.1875055 35.2830702, 129.1830269 35.2854100, 129.1815284 35.2862587, 129.1813076 35.2891626, 129.1800743 35.2904416, 129.1793587 35.2913436, 129.1802426 35.2947054, 129.1809956 35.2955202, 129.1821471 35.2963710, 129.1828909 35.2987237, 129.1827459 35.2996896, 129.1821465 35.3006682, 129.1817691 35.3008091, 129.1815106 35.3009439, 129.1811066 35.3011796, 129.1795613 35.3037666, 129.1797903 35.3044354, 129.1799253 35.3048296, 129.1808626 35.3057221, 129.1814304 35.3060919, 129.1819366 35.3064063, 129.1831392 35.3070095, 129.1844291 35.3074400, 129.1940216 35.3097302, 129.2001455 35.3094023, 129.2007519 35.3089669, 129.2016566 35.3088263, 129.2037117 35.3088154, 129.2078967 35.3090201, 129.2117136 35.3096993, 129.2147496 35.3119788, 129.2153138 35.3128264, 129.2160038 35.3139510, 129.2163064 35.3145448, 129.2166599 35.3152368, 129.2178589 35.3157688, 129.2181014 35.3158753, 129.2181437 35.3158938, 129.2182511 35.3159399, 129.2185670 35.3160717, 129.2190295 35.3158719, 129.2195087 35.3156581, 129.2214276 35.3147884, 129.2238507 35.3144599, 129.2274473 35.3146731, 129.2276991 35.3148258, 129.2287848 35.3188376, 129.2291964 35.3194985, 129.2296732 35.3200431, 129.2299139 35.3199829, 129.2298148 35.3197460, 129.2296930 35.3194545, 129.2293292 35.3186375, 129.2294120 35.3183818, 129.2294483 35.3182698, 129.2295196 35.3182046, 129.2295959 35.3181348, 129.2303944 35.3174045, 129.2315646 35.3163372, 129.2319870 35.3160441, 129.2323378 35.3159105, 129.2325253 35.3158641, 129.2329528 35.3158547, 129.2332202 35.3158173, 129.2334589 35.3157800, 129.2339414 35.3156966, 129.2347531 35.3154656, 129.2350884 35.3153699, 129.2352247 35.3153309, 129.2353327 35.3152791, 129.2354596 35.3152180, 129.2365114 35.3146575)))"
21510120,장안읍,2024,9031,175.7,50.6,4054,3172,18487,2369,"SRID=4326;MULTIPOLYGON(((129.2121282 35.3806384, 129.2147431 35.3804126, 129.2153146 35.3800601, 129.2165012 35.3793460, 129.2183819 35.3789845, 129.2185363 35.3789548, 129.2202351 35.3792519, 129.2204741 35.3792937, 129.2206602 35.3793636, 129.2218842 35.3798230, 129.2248132 35.3804215, 129.2301969 35.3811415, 129.2317483 35.3810575, 129.2317643 35.3810501, 129.2324410 35.3807407, 129.2333429 35.3805406, 129.2353998 35.3802573, 129.2360977 35.3817250, 129.2362533 35.3823557, 129.2364313 35.3829863, 129.2368065 35.3833641, 129.2370163 35.3835620, 129.2402211 35.3843038, 129.2419794 35.3833539, 129.2468092 35.3827493, 129.2468312 35.3827493, 129.2469301 35.3827582, 129.2472410 35.3827991, 129.2480040 35.3829722, 129.2484583 35.3830752, 129.2487912 35.3831508, 129.2496961 35.3836006, 129.2498386 35.3836714, 129.2507435 35.3844988, 129.2508763 35.3847239, 129.2508248 35.3858416, 129.2502993 35.3867530, 129.2506422 35.3873652, 129.2528971 35.3868378, 129.2537756 35.3862811, 129.2540861 35.3860843, 129.2547092 35.3856894, 129.2547191 35.3856750, 129.2547938 35.3855651, 129.2548628 35.3854638, 129.2554452 35.3851379, 129.2558016 35.3849394, 129.2558187 35.3849299, 129.2574673 35.3842324, 129.2578302 35.3841505, 129.2579731 35.3841232, 129.2584688 35.3842032, 129.2619283 35.3851712, 129.2633380 35.3856439, 129.2655221 35.3871443, 129.2657802 35.3852690, 129.2661068 35.3841597, 129.2662593 35.3837358, 129.2679129 35.3811454, 129.2740322 35.3746783, 129.2750974 35.3740539, 129.2768407 35.3721391, 129.2769573 35.3719592, 129.2773442 35.3713629, 129.2774157 35.3709158, 129.2775705 35.3699473, 129.2775703 35.3699292, 129.2783448 35.3679446, 129.2794282 35.3661395, 129.2795380 35.3660942, 129.2809118 35.3655862, 129.2814068 35.3654881, 129.2822314 35.3653248, 129.2823589 35.3640145, 129.2819341 35.3619063, 129.2817354 35.3615279, 129.2815012 35.3610963, 129.2812725 35.3607856, 129.2809444 35.3590786, 129.2805162 35.3562224, 129.2811301 35.3555269, 129.2821280 35.3545513, 129.2826264 35.3540993, 129.2827860 35.3539548, 129.2831888 35.3537232, 129.2832582 35.3536833, 129.2839822 35.3530778, 129.2841570 35.3527799, 129.2843315 35.3523379, 129.2849311 35.3507321, 129.2838809 35.3460837, 129.2834495 35.3454357, 129.2821020 35.3438977, 129.2808227 35.3429272, 129.2796624 35.3413706, 129.2809920 35.3406392, 129.2817265 35.3402842, 129.2855067 35.3392209, 129.2855730 35.3392298, 129.2855749 35.3392301, 129.2858750 35.3392734, 129.2897748 35.3392649, 129.2918893 35.3368172, 129.2963534 35.3364369, 129.3003148 35.3360322, 129.3024619 35.3344208, 129.3024062 35.3343128, 129.3023175 35.3340426, 129.3022685 35.3338912, 129.3021837 35.3336284, 129.3022272 35.3334661, 129.3023686 35.3330331, 129.3024777 35.3327984, 129.3026633 35.3324104, 129.3027617 35.3322478, 129.3041396 35.3301623, 129.3041859 35.3301356, 129.3044641 35.3299944, 129.3048288 35.3298860, 129.3048737 35.3297639, 129.3048892 35.3296828, 129.3057520 35.3246813, 129.3057526 35.3246458, 129.3057495 35.3246244, 129.3056465 35.3241679, 129.3056143 35.3240500, 129.3055769 35.3239237, 129.3055587 35.3238835, 129.3055029 35.3237796, 129.3053630 35.3235648, 129.3042873 35.3221332, 129.3042335 35.3220877, 129.3041839 35.3220733, 129.3041094 35.3220565, 129.3040773 35.3220567, 129.3040110 35.3220664, 129.3038306 35.3221136, 129.3037210 35.3221690, 129.3036232 35.3222932, 129.3036227 35.3223005, 129.3036246 35.3223087, 129.3036499 35.3223687, 129.3038029 35.3226408, 129.3038612 35.3227204, 129.3040021 35.3228417, 129.3040768 35.3228889, 129.3041024 35.3228951, 129.3041120 35.3228957, 129.3041274 35.3228910, 129.3041485 35.3228811, 129.3041614 35.3228753, 129.3042757 35.3228674, 129.3042805 35.3228684, 129.3045014 35.3231493, 129.3050175 35.3238220, 129.3050824 35.3239089, 129.3051166 35.3239737, 129.3051437 35.3240322, 129.3051845 35.3241422, 129.3052172 35.3242811, 129.3052295 35.3243529, 129.3052335 35.3244717, 129.3052288 35.3245915, 129.3052142 35.3247198, 129.3051560 35.3251583, 129.3046724 35.3285382, 129.3044925 35.3297922, 129.3042473 35.3300816, 129.3041049 35.3300163, 129.3034827 35.3297309, 129.3035275 35.3288685, 129.3035528 35.3283802, 129.3036192 35.3271014, 129.3037108 35.3253375, 129.3037031 35.3252613, 129.3036848 35.3251573, 129.3036544 35.3250325, 129.3024908 35.3211582, 129.3024726 35.3211134, 129.3024377 35.3210515, 129.3020074 35.3203975, 129.3018505 35.3202423, 129.2992739 35.3184040, 129.2992368 35.3183793, 129.2991970 35.3183602, 129.2991863 35.3183560, 129.2939424 35.3180090, 129.2914543 35.3180561, 129.2895522 35.3185122, 129.2886491 35.3189535, 129.2869508 35.3199113, 129.2868309 35.3199952, 129.2867029 35.3200945, 129.2866636 35.3201311, 129.2865556 35.3202318, 129.2865391 35.3202524, 129.2865255 35.3202697, 129.2865119 35.3202911, 129.2865011 35.3203145, 129.2864927 35.3203362, 129.2864874 35.3203606, 129.2864857 35.3203843, 129.2864850 35.3204125, 129.2864847 35.3204382, 129.2864884 35.3204604, 129.2864968 35.3204851, 129.2865065 35.3205052, 129.2865198 35.3205276, 129.2865381 35.3205471, 129.2865568 35.3205616, 129.2865779 35.3205765, 129.2865959 35.3205872, 129.2866179 35.3205955, 129.2866432 35.3205966, 129.2866674 35.3205953, 129.2866955 35.3205902, 129.2867195 35.3205814, 129.2867423 35.3205697, 129.2867552 35.3205596, 129.2867634 35.3205486, 129.2868351 35.3204849, 129.2873523 35.3200670, 129.2873677 35.3200584, 129.2878445 35.3199317, 129.2878603 35.3199280, 129.2878744 35.3199295, 129.2882492 35.3200366, 129.2882549 35.3200423, 129.2882560 35.3200481, 129.2881944 35.3233526, 129.2881914 35.3233680, 129.2881832 35.3233980, 129.2881739 35.3234077, 129.2844999 35.3260149, 129.2816910 35.3266307, 129.2815599 35.3266256, 129.2812650 35.3265971, 129.2808331 35.3265540, 129.2805428 35.3265106, 129.2805395 35.3265101, 129.2805113 35.3265042, 129.2771998 35.3256084, 129.2769717 35.3254680, 129.2749631 35.3241934, 129.2745878 35.3238856, 129.2745044 35.3238314, 129.2737575 35.3234163, 129.2737422 35.3234135, 129.2721220 35.3231916, 129.2721071 35.3231946, 129.2720751 35.3231954, 129.2720304 35.3231914, 129.2716006 35.3230962, 129.2710697 35.3229507, 129.2710287 35.3229316, 129.2709994 35.3229116, 129.2709318 35.3228628, 129.2708660 35.3227981, 129.2705909 35.3224066, 129.2705628 35.3223108, 129.2694261 35.3218652, 129.2694185 35.3218731, 129.2693408 35.3219142, 129.2692983 35.3219332, 129.2692474 35.3219454, 129.2692053 35.3219510, 129.2691606 35.3219543, 129.2691347 35.3219536, 129.2691123 35.3219521, 129.2691092 35.3219518, 129.2690991 35.3219506, 129.2683496 35.3217786, 129.2682960 35.3217571, 129.2682001 35.3217134, 129.2681550 35.3216889, 129.2680818 35.3216415, 129.2661693 35.3203112, 129.2661233 35.3202922, 129.2661003 35.3202821, 129.2660784 35.3202718, 129.2660728 35.3202690, 129.2660498 35.3202557, 129.2660294 35.3202438, 129.2660053 35.3202289, 129.2659648 35.3202027, 129.2659133 35.3201676, 129.2658949 35.3201539, 129.2658718 35.3201365, 129.2658536 35.3201223, 129.2658419 35.3201129, 129.2647554 35.3191604, 129.2647423 35.3191474, 129.2646815 35.3190745, 129.2641240 35.3183588, 129.2619799 35.3154444, 129.2612994 35.3147443, 129.2601242 35.3136983, 129.2594979 35.3133231, 129.2594158 35.3132739, 129.2574137 35.3124994, 129.2561730 35.3125903, 129.2551920 35.3128933, 129.2536790 35.3118560, 129.2535989 35.3117820, 129.2532515 35.3114612, 129.2531502 35.3112335, 129.2532133 35.3107479, 129.2531267 35.3101519, 129.2529521 35.3090475, 129.2528262 35.3087482, 129.2517358 35.3086256, 129.2505039 35.3086861, 129.2464274 35.3082590, 129.2447462 35.3075728, 129.2431480 35.3079650, 129.2430384 35.3079929, 129.2428894 35.3080332, 129.2427738 35.3080665, 129.2425238 35.3081388, 129.2424094 35.3081739, 129.2422304 35.3082288, 129.2396739 35.3108352, 129.2394210 35.3111529, 129.2392653 35.3113685, 129.2389604 35.3118150, 129.2388715 35.3119487, 129.2387806 35.3120871, 129.2386785 35.3122427, 129.2385841 35.3124633, 129.2384314 35.3128474, 129.2383892 35.3129544, 129.2383295 35.3131057, 129.2383193 35.3131363, 129.2381544 35.3135483, 129.2380772 35.3136886, 129.2379581 35.3138978, 129.2378072 35.3140897, 129.2376970 35.3141933, 129.2375948 35.3142656, 129.2373648 35.3143742, 129.2365114 35.3146575, 129.2354596 35.3152180, 129.2353327 35.3152791, 129.2352247 35.3153309, 129.2350884 35.3153699, 129.2347531 35.3154656, 129.2339414 35.3156966, 129.2334589 35.3157800, 129.2332202 35.3158173, 129.2329528 35.3158547, 129.2325253 35.3158641, 129.2323378 35.3159105, 129.2319870 35.3160441, 129.2315646 35.3163372, 129.2303944 35.3174045, 129.2295959 35.3181348, 129.2295196 35.3182046, 129.2294483 35.3182698, 129.2294120 35.3183818, 129.2293292 35.3186375, 129.2296930 35.3194545, 129.2312157 35.3186977, 129.2315477 35.3186375, 129.2317388 35.3186036, 129.2321222 35.3185354, 129.2325971 35.3189870, 129.2332312 35.3197029, 129.2336778 35.3203587, 129.2337627 35.3204996, 129.2336458 35.3208008, 129.2277588 35.3263101, 129.2274014 35.3266293, 129.2272796 35.3267381, 129.2246914 35.3272658, 129.2208240 35.3282901, 129.2144559 35.3307096, 129.2141993 35.3308602, 129.2134901 35.3312947, 129.2116878 35.3329599, 129.2109635 35.3337819, 129.2109176 35.3342129, 129.2109228 35.3345883, 129.2108763 35.3350588, 129.2104896 35.3365009, 129.2103454 35.3367319, 129.2068810 35.3390280, 129.2063919 35.3392273, 129.2061518 35.3392863, 129.2059433 35.3393376, 129.2050870 35.3395905, 129.2041135 35.3398916, 129.2038330 35.3401116, 129.2034114 35.3404909, 129.2033056 35.3408276, 129.2029995 35.3419351, 129.2027053 35.3444749, 129.2032500 35.3480725, 129.2054324 35.3507832, 129.2081794 35.3568263, 129.2076855 35.3609681, 129.2060680 35.3681035, 129.2049613 35.3715021, 129.2023668 35.3754005, 129.2017347 35.3760604, 129.1991818 35.3759775, 129.1983923 35.3771145, 129.1956147 35.3799763, 129.1953425 35.3800495, 129.1945699 35.3802573, 129.1935948 35.3820886, 129.1943465 35.3834483, 129.1948578 35.3838488, 129.1948977 35.3838801, 129.1957251 35.3845818, 129.1960439 35.3849162, 129.1962655 35.3851487, 129.1964089 35.3853017, 129.1979215 35.3871650, 129.1990185 35.3885854, 129.1992002 35.3888209, 129.1993488 35.3890130, 129.1993677 35.3890374, 129.2011588 35.3877906, 129.2011699 35.3877817, 129.2025774 35.3872385, 129.2031463 35.3867893, 129.2034011 35.3865882, 129.2036643 35.3862902, 129.2043552 35.3852166, 129.2050902 35.3843411, 129.2079471 35.3824525, 129.2110141 35.3810501, 129.2121282 35.3806384)))"
21510130,정관읍,2024,77890,2039.4,39.3,30286,27023,27110,6540,"SRID=4326;MULTIPOLYGON(((129.2017347 35.3760604, 129.2023668 35.3754005, 129.2049613 35.3715021, 129.2060680 35.3681035, 129.2076855 35.3609681, 129.2081794 35.3568263, 129.2054324 35.3507832, 129.2032500 35.3480725, 129.2027053 35.3444749, 129.2029995 35.3419351, 129.2033056 35.3408276, 129.2034114 35.3404909, 129.2038330 35.3401116, 129.2041135 35.3398916, 129.2050870 35.3395905, 129.2059433 35.3393376, 129.2061518 35.3392863, 129.2063919 35.3392273, 129.2068810 35.3390280, 129.2103454 35.3367319, 129.2104896 35.3365009, 129.2108763 35.3350588, 129.2109228 35.3345883, 129.2109176 35.3342129, 129.2109635 35.3337819, 129.2116878 35.3329599, 129.2134901 35.3312947, 129.2141993 35.3308602, 129.2144559 35.3307096, 129.2208240 35.3282901, 129.2246914 35.3272658, 129.2272796 35.3267381, 129.2274014 35.3266293, 129.2277588 35.3263101, 129.2336458 35.3208008, 129.2337627 35.3204996, 129.2336778 35.3203587, 129.2332312 35.3197029, 129.2325971 35.3189870, 129.2321222 35.3185354, 129.2317388 35.3186036, 129.2315477 35.3186375, 129.2312157 35.3186977, 129.2296930 35.3194545, 129.2298148 35.3197460, 129.2299139 35.3199829, 129.2296732 35.3200431, 129.2291964 35.3194985, 129.2287848 35.3188376, 129.2276991 35.3148258, 129.2274473 35.3146731, 129.2238507 35.3144599, 129.2214276 35.3147884, 129.2195087 35.3156581, 129.2190295 35.3158719, 129.2185670 35.3160717, 129.2182511 35.3159399, 129.2181437 35.3158938, 129.2181014 35.3158753, 129.2178589 35.3157688, 129.2166599 35.3152368, 129.2163064 35.3145448, 129.2160038 35.3139510, 129.2153138 35.3128264, 129.2147496 35.3119788, 129.2117136 35.3096993, 129.2078967 35.3090201, 129.2037117 35.3088154, 129.2016566 35.3088263, 129.2007519 35.3089669, 129.2001455 35.3094023, 129.1940216 35.3097302, 129.1844291 35.3074400, 129.1831392 35.3070095, 129.1819366 35.3064063, 129.1814304 35.3060919, 129.1808626 35.3057221, 129.1799253 35.3048296, 129.1761420 35.3043145, 129.1756252 35.3043356, 129.1752643 35.3043630, 129.1752426 35.3043789, 129.1749069 35.3046242, 129.1747644 35.3048321, 129.1747439 35.3048620, 129.1743448 35.3052420, 129.1742955 35.3052890, 129.1738545 35.3055216, 129.1730813 35.3058627, 129.1678366 35.3080724, 129.1676062 35.3080336, 129.1672784 35.3079785, 129.1660913 35.3077541, 129.1659321 35.3077240, 129.1648693 35.3075239, 129.1628889 35.3090573, 129.1614557 35.3102245, 129.1610610 35.3100202, 129.1601100 35.3096933, 129.1595196 35.3095243, 129.1558903 35.3086929, 129.1552388 35.3085880, 129.1546948 35.3085038, 129.1546916 35.3085034, 129.1546680 35.3085004, 129.1546244 35.3084949, 129.1545726 35.3084883, 129.1543459 35.3084626, 129.1542267 35.3084536, 129.1529533 35.3087783, 129.1527244 35.3089244, 129.1524381 35.3108646, 129.1524090 35.3134557, 129.1524378 35.3135367, 129.1534812 35.3161450, 129.1541987 35.3180378, 129.1541975 35.3180648, 129.1531609 35.3205075, 129.1529146 35.3211039, 129.1523439 35.3224856, 129.1522692 35.3233712, 129.1523078 35.3276981, 129.1526593 35.3297616, 129.1529995 35.3306903, 129.1524050 35.3328848, 129.1513983 35.3360799, 129.1488563 35.3378240, 129.1472947 35.3367202, 129.1448587 35.3371309, 129.1424136 35.3376508, 129.1396825 35.3400920, 129.1388567 35.3410589, 129.1362157 35.3420312, 129.1326198 35.3430054, 129.1322145 35.3427439, 129.1296074 35.3430726, 129.1286055 35.3431989, 129.1284435 35.3432286, 129.1279960 35.3432743, 129.1271622 35.3450864, 129.1271599 35.3451177, 129.1271409 35.3454019, 129.1273834 35.3457622, 129.1292683 35.3480857, 129.1295217 35.3483919, 129.1298634 35.3487340, 129.1299008 35.3487704, 129.1300394 35.3489051, 129.1301057 35.3489680, 129.1302534 35.3490580, 129.1307554 35.3493639, 129.1311518 35.3494987, 129.1322055 35.3497554, 129.1334997 35.3500596, 129.1335948 35.3500729, 129.1336060 35.3500780, 129.1336718 35.3501090, 129.1345432 35.3513698, 129.1345660 35.3514116, 129.1345796 35.3514368, 129.1345873 35.3514508, 129.1346775 35.3529199, 129.1346775 35.3529213, 129.1346778 35.3530101, 129.1332860 35.3562743, 129.1332310 35.3563556, 129.1306719 35.3590262, 129.1265515 35.3626900, 129.1261449 35.3630329, 129.1259187 35.3631545, 129.1258259 35.3632044, 129.1254079 35.3632860, 129.1251220 35.3632503, 129.1248530 35.3632253, 129.1244507 35.3631879, 129.1240509 35.3632045, 129.1233395 35.3632340, 129.1226248 35.3635875, 129.1222620 35.3637669, 129.1221702 35.3638345, 129.1221520 35.3638481, 129.1181135 35.3675638, 129.1181763 35.3690346, 129.1181766 35.3690344, 129.1197043 35.3680957, 129.1211999 35.3673642, 129.1228616 35.3674888, 129.1236325 35.3678215, 129.1275716 35.3677273, 129.1299466 35.3666974, 129.1305405 35.3663542, 129.1310350 35.3659660, 129.1318263 35.3658108, 129.1321900 35.3657395, 129.1335211 35.3655938, 129.1351388 35.3656551, 129.1377054 35.3659565, 129.1384595 35.3660833, 129.1386268 35.3656693, 129.1465678 35.3638032, 129.1479112 35.3642433, 129.1487585 35.3642513, 129.1491433 35.3641787, 129.1501221 35.3639342, 129.1515845 35.3634186, 129.1531896 35.3625513, 129.1611062 35.3594044, 129.1610753 35.3590856, 129.1610673 35.3590024, 129.1610496 35.3588220, 129.1610493 35.3588187, 129.1614335 35.3583224, 129.1628058 35.3568064, 129.1645092 35.3558578, 129.1685978 35.3537971, 129.1698407 35.3537684, 129.1699943 35.3537911, 129.1703252 35.3538401, 129.1712652 35.3532970, 129.1720389 35.3527468, 129.1743472 35.3517159, 129.1761398 35.3513980, 129.1781538 35.3517646, 129.1781867 35.3517735, 129.1797184 35.3528259, 129.1824081 35.3551563, 129.1827973 35.3555743, 129.1845368 35.3575055, 129.1856252 35.3584767, 129.1857270 35.3585675, 129.1880077 35.3597264, 129.1890312 35.3598872, 129.1901532 35.3597593, 129.1933695 35.3612423, 129.1936903 35.3619799, 129.1937814 35.3633407, 129.1968568 35.3655531, 129.1979151 35.3661032, 129.1987625 35.3664964, 129.1986987 35.3673257, 129.1984625 35.3698227, 129.1979842 35.3710198, 129.1978297 35.3714064, 129.1978282 35.3714101, 129.1984926 35.3731035, 129.1990252 35.3749683, 129.1991818 35.3759775, 129.2017347 35.3760604)))"
21510330,철마면,2024,7043,129.9,54.9,3355,3046,3496,736,"SRID=4326;MULTIPOLYGON(((129.1284435 35.3432286, 129.1286055 35.3431989, 129.1296074 35.3430726, 129.1322145 35.3427439, 129.1326198 35.3430054, 129.1362157 35.3420312, 129.1388567 35.3410589, 129.1396825 35.3400920, 129.1424136 35.3376508, 129.1448587 35.3371309, 129.1472947 35.3367202, 129.1488563 35.3378240, 129.1513983 35.3360799, 129.1524050 35.3328848, 129.1529995 35.3306903, 129.1526593 35.3297616, 129.1523078 35.3276981, 129.1522692 35.3233712, 129.1523439 35.3224856, 129.1529146 35.3211039, 129.1531609 35.3205075, 129.1541975 35.3180648, 129.1541987 35.3180378, 129.1534812 35.3161450, 129.1524378 35.3135367, 129.1524090 35.3134557, 129.1524381 35.3108646, 129.1527244 35.3089244, 129.1529533 35.3087783, 129.1542267 35.3084536, 129.1543459 35.3084626, 129.1545726 35.3084883, 129.1546244 35.3084949, 129.1546680 35.3085004, 129.1546916 35.3085034, 129.1546948 35.3085038, 129.1552388 35.3085880, 129.1558903 35.3086929, 129.1595196 35.3095243, 129.1601100 35.3096933, 129.1610610 35.3100202, 129.1614557 35.3102245, 129.1628889 35.3090573, 129.1648693 35.3075239, 129.1659321 35.3077240, 129.1660913 35.3077541, 129.1672784 35.3079785, 129.1676062 35.3080336, 129.1678366 35.3080724, 129.1730813 35.3058627, 129.1738545 35.3055216, 129.1742955 35.3052890, 129.1743448 35.3052420, 129.1747439 35.3048620, 129.1747644 35.3048321, 129.1749069 35.3046242, 129.1752426 35.3043789, 129.1752643 35.3043630, 129.1756252 35.3043356, 129.1761420 35.3043145, 129.1799253 35.3048296, 129.1797903 35.3044354, 129.1795613 35.3037666, 129.1811066 35.3011796, 129.1815106 35.3009439, 129.1817691 35.3008091, 129.1821465 35.3006682, 129.1827459 35.2996896, 129.1828909 35.2987237, 129.1821471 35.2963710, 129.1809956 35.2955202, 129.1802426 35.2947054, 129.1793587 35.2913436, 129.1800743 35.2904416, 129.1813076 35.2891626, 129.1815284 35.2862587, 129.1830269 35.2854100, 129.1875055 35.2830702, 129.1879895 35.2829594, 129.1885988 35.2828200, 129.1901745 35.2824697, 129.1908600 35.2821317, 129.1913370 35.2818900, 129.1922883 35.2814078, 129.1948919 35.2800629, 129.1948790 35.2743345, 129.1943407 35.2727834, 129.1929562 35.2725865, 129.1925614 35.2725591, 129.1919986 35.2725200, 129.1919259 35.2720638, 129.1929265 35.2684667, 129.1956841 35.2674175, 129.1947624 35.2653224, 129.1932313 35.2648357, 129.1925994 35.2649295, 129.1897855 35.2639813, 129.1874485 35.2599956, 129.1873121 35.2594859, 129.1872089 35.2590999, 129.1868239 35.2566822, 129.1867023 35.2519153, 129.1891040 35.2502151, 129.1892546 35.2502040, 129.1896524 35.2498893, 129.1918127 35.2469825, 129.1922956 35.2457654, 129.1935696 35.2420448, 129.1932558 35.2416762, 129.1920965 35.2406529, 129.1908918 35.2397194, 129.1901313 35.2389940, 129.1890134 35.2366848, 129.1891012 35.2358478, 129.1894045 35.2352923, 129.1884630 35.2308194, 129.1881450 35.2304673, 129.1878773 35.2301709, 129.1875132 35.2298569, 129.1855779 35.2284485, 129.1820425 35.2264046, 129.1813646 35.2261087, 129.1805345 35.2261320, 129.1796860 35.2262940, 129.1789839 35.2266519, 129.1784142 35.2263733, 129.1773662 35.2250657, 129.1770450 35.2244178, 129.1768200 35.2237163, 129.1766304 35.2230316, 129.1764008 35.2216171, 129.1763800 35.2210344, 129.1763777 35.2209684, 129.1756179 35.2201417, 129.1754978 35.2200613, 129.1750187 35.2197405, 129.1730390 35.2194303, 129.1704165 35.2193489, 129.1683459 35.2194126, 129.1676481 35.2193683, 129.1663492 35.2192741, 129.1654753 35.2189254, 129.1661836 35.2210030, 129.1685508 35.2245533, 129.1689212 35.2254826, 129.1689411 35.2258416, 129.1690493 35.2277859, 129.1688464 35.2280885, 129.1687984 35.2281601, 129.1674025 35.2296627, 129.1673491 35.2296763, 129.1668080 35.2298149, 129.1640591 35.2314732, 129.1624863 35.2329632, 129.1612604 35.2341250, 129.1611973 35.2341988, 129.1610366 35.2344919, 129.1609169 35.2355247, 129.1580022 35.2354256, 129.1553933 35.2358806, 129.1550601 35.2368615, 129.1551826 35.2384921, 129.1553699 35.2391390, 129.1555156 35.2393393, 129.1564759 35.2401698, 129.1566654 35.2411837, 129.1569321 35.2426101, 129.1563732 35.2442660, 129.1560340 35.2445079, 129.1546506 35.2448411, 129.1532924 35.2449674, 129.1503352 35.2455332, 129.1486286 35.2460589, 129.1487857 35.2473530, 129.1470493 35.2494257, 129.1454902 35.2503915, 129.1446151 35.2509334, 129.1445991 35.2509415, 129.1423075 35.2514683, 129.1401374 35.2528891, 129.1383116 35.2542895, 129.1385614 35.2560075, 129.1388959 35.2575858, 129.1396026 35.2596268, 129.1395684 35.2601190, 129.1393907 35.2603494, 129.1392501 35.2605317, 129.1378066 35.2605611, 129.1351070 35.2595384, 129.1344586 35.2592928, 129.1337843 35.2601120, 129.1333250 35.2606448, 129.1329565 35.2607009, 129.1324079 35.2606910, 129.1320456 35.2606644, 129.1313211 35.2605943, 129.1306642 35.2604878, 129.1299591 35.2603938, 129.1294882 35.2604193, 129.1261793 35.2617719, 129.1226278 35.2616854, 129.1220370 35.2619172, 129.1212751 35.2635935, 129.1207330 35.2672629, 129.1213298 35.2695750, 129.1219513 35.2706529, 129.1223737 35.2711778, 129.1223990 35.2712067, 129.1231153 35.2720226, 129.1236206 35.2725455, 129.1244193 35.2733722, 129.1247470 35.2737114, 129.1250858 35.2745496, 129.1260218 35.2784918, 129.1247813 35.2799216, 129.1247619 35.2799686, 129.1242264 35.2812673, 129.1258232 35.2832783, 129.1272438 35.2863775, 129.1278893 35.2878645, 129.1281831 35.2893353, 129.1306315 35.2912758, 129.1309964 35.2934703, 129.1299166 35.2973586, 129.1297404 35.2977830, 129.1295333 35.2982728, 129.1227270 35.3014634, 129.1191174 35.3018808, 129.1168547 35.3017721, 129.1166348 35.3017724, 129.1164665 35.3017726, 129.1149662 35.3027499, 129.1145149 35.3031346, 129.1143276 35.3033531, 129.1142932 35.3033932, 129.1098012 35.3043382, 129.1085620 35.3045806, 129.1089362 35.3052661, 129.1090832 35.3055230, 129.1094324 35.3059408, 129.1095008 35.3059950, 129.1097736 35.3062108, 129.1098803 35.3062843, 129.1100485 35.3063999, 129.1101239 35.3064448, 129.1102642 35.3065282, 129.1104118 35.3066159, 129.1105769 35.3067060, 129.1110063 35.3071923, 129.1110127 35.3072009, 129.1111826 35.3074354, 129.1114580 35.3078544, 129.1114817 35.3078906, 129.1124068 35.3101383, 129.1124291 35.3108509, 129.1124297 35.3108723, 129.1124302 35.3112109, 129.1123438 35.3124999, 129.1122125 35.3128155, 129.1121030 35.3130679, 129.1120488 35.3133114, 129.1119393 35.3141317, 129.1118959 35.3146184, 129.1119074 35.3148617, 129.1120088 35.3167274, 129.1120092 35.3167294, 129.1120751 35.3169797, 129.1121758 35.3173505, 129.1136633 35.3202230, 129.1137512 35.3203132, 129.1138943 35.3204122, 129.1148185 35.3207808, 129.1155999 35.3210324, 129.1160566 35.3211297, 129.1161057 35.3211402, 129.1178782 35.3222561, 129.1181424 35.3224811, 129.1183626 35.3227152, 129.1185135 35.3229144, 129.1186491 35.3230936, 129.1192116 35.3242828, 129.1194877 35.3249495, 129.1195761 35.3252018, 129.1196314 35.3255442, 129.1196979 35.3259048, 129.1198197 35.3265175, 129.1202956 35.3274652, 129.1210660 35.3287426, 129.1210689 35.3287459, 129.1212531 35.3289586, 129.1221231 35.3295616, 129.1222882 35.3296607, 129.1229594 35.3299936, 129.1233336 35.3301644, 129.1240822 35.3304971, 129.1244233 35.3307041, 129.1249079 35.3310100, 129.1253374 35.3314151, 129.1256351 35.3318655, 129.1257564 35.3320638, 129.1258338 35.3323160, 129.1258784 35.3327035, 129.1259453 35.3334245, 129.1257161 35.3344343, 129.1254865 35.3353628, 129.1254640 35.3354102, 129.1253878 35.3355703, 129.1252671 35.3358047, 129.1250366 35.3360574, 129.1248498 35.3362468, 129.1247399 35.3363280, 129.1246630 35.3363732, 129.1245750 35.3364364, 129.1242127 35.3367072, 129.1239601 35.3371401, 129.1239605 35.3373023, 129.1239716 35.3374916, 129.1239944 35.3378611, 129.1240109 35.3379692, 129.1240275 35.3380773, 129.1241820 35.3383476, 129.1262328 35.3414911, 129.1279960 35.3432743, 129.1284435 35.3432286)))"
