보안등위치명,설치개수,소재지도로명주소,소재지지번주소,위도,경도,설치연도,설치형태,관리기관전화번호,관리기관명,데이터기준일자
기장읍1675,1,,부산광역시 기장군 기장읍 대변리,35.2248096,129.2312954,2019,건축물,051-709-4684,부산광역시 기장군청,2025-11-17
기장읍1676,1,,부산광역시 기장군 기장읍 대라리,35.2364706,129.2023917,,한전주,051-709-4684,부산광역시 기장군청,2025-11-17
기장읍1691,1,,부산광역시 기장군 기장읍 대라리,35.2364706,129.2023917,2019,한전주,051-709-4684,부산광역시 기장군청,2025-11-17
기장읍1692,1,,부산광역시 기장군 기장읍 대라리,35.2364706,129.2023917,2019,한전주,051-709-4684,부산광역시 기장군청,2025-11-17
일광면923,1,,부산광역시 기장군 일광읍 칠암리,35.2992141,129.2561831,2019,한전주,051-709-4684,부산광역시 기장군청,2025-11-17
일광면952,1,,부산광역시 기장군 일광읍 용천리 167초입,35.2905014,129.2126912,2019,한전주,051-709-4684,부산광역시 기장군청,2025-11-17
일광면984,1,,부산광역시 기장군 일광읍 횡계리 90번지 옆,35.2724399,129.2247373,2020,한전주,051-709-4684,부산광역시 기장군청,2025-11-17
장안읍1264,1,,부산광역시 기장군 장안읍 임랑리,35.3196041,129.2565582,2019,한전주,051-709-4684,부산광역시 기장군청,2025-11-17
장안읍1271,1,,부산광역시 기장군 장안읍 좌천리,35.3168574,129.2366454,,한전주,051-709-4684,부산광역시 기장군청,2025-11-17
장안읍덕선리-100,1,,부산광역시 기장군 장안읍 덕선리 산 205-9,35.3298749,129.2225007,2018,한전주,051-709-4684,부산광역시 기장군청,2025-11-17
정관읍679,1,,부산광역시 기장군 정관읍 용수리 용수1길 16-26,35.3301955,129.175391,2019,한전주,051-709-4684,부산광역시 기장군청,2025-11-17
철마면715,1,,부산광역시 기장군 철마면 임기리,35.3267772,129.1363843,,한전주,051-709-4684,부산광역시 기장군청,2025-11-17
범일동0002,1,부산광역시 동구 안창로92번길 60,부산광역시 동구 범일동 산65-121,35.1420132,129.0393597,,,051-440-4674,부산광역시 동구청,2026-06-25
범일동0003,1,부산광역시 동구 안창로92번길 53,부산광역시 동구 범일동 산65-121,35.1422651,129.0394901,,,051-440-4674,부산광역시 동구청,2026-06-25
범일동0004,1,부산광역시 동구 안창로92번길 52,부산광역시 동구 범일동 산65-121,35.1423489,129.0393706,,,051-440-4674,부산광역시 동구청,2026-06-25
범일동0007,1,부산광역시 동구 안창로97번길 16-7,부산광역시 동구 범일동 산65-121,35.1430616,129.0395885,,,051-440-4674,부산광역시 동구청,2026-06-25
범일동0008,1,부산광역시 동구 안창로92번길 33-6,부산광역시 동구 범일동 산65-121,35.1431191,129.039434,,,051-440-4674,부산광역시 동구청,2026-06-25
범일동0009,1,부산광역시 동구 안창로92번길 33-6,부산광역시 동구 범일동 산65-121,35.1431191,129.039434,,,051-440-4674,부산광역시 동구청,2026-06-25
범일동0010,1,부산광역시 동구 안창로97번길 17,부산광역시 동구 범일동 산65-121,35.143196,129.0396773,,,051-440-4674,부산광역시 동구청,2026-06-25
범일동0011,1,부산광역시 동구 안창로97번길 18,부산광역시 동구 범일동 산65-121,35.1430861,129.0396623,,,051-440-4674,부산광역시 동구청,2026-06-25
범일동0012,1,부산광역시 동구 안창로97번길 20 뒤 등산로,부산광역시 동구 범일동 산65-121,35.1429785,129.0397096,,,051-440-4674,부산광역시 동구청,2026-06-25
범일동0013,1,부산광역시 동구 안창로92번길 42,부산광역시 동구 범일동 산65-121,35.1426524,129.0393098,,,051-440-4674,부산광역시 동구청,2026-06-25
범일동0016,1,부산광역시 동구 안창로92번길 27,부산광역시 동구 범일동 산65-141,35.1433041,129.0392576,,,051-440-4674,부산광역시 동구청,2026-06-25
범일동0017,1,부산광역시 동구 안창로92번길 19-4,부산광역시 동구 범일동 산65-310,35.1435598,129.0391223,,,051-440-4674,부산광역시 동구청,2026-06-25
범일동0018,1,부산광역시 동구 안창로97번길 10,부산광역시 동구 범일동 산65-437,35.1434439,129.0394862,,,051-440-4674,부산광역시 동구청,2026-06-25
범일동0019,1,부산광역시 동구 안창로97번길 6,부산광역시 동구 범일동 산65-436,35.1436046,129.0394453,,,051-440-4674,부산광역시 동구청,2026-06-25
범일동0020,1,부산광역시 동구 안창로97번길 9,부산광역시 동구 범일동 산65-141,35.1434958,129.0395925,,,051-440-4674,부산광역시 동구청,2026-06-25
범일동0021,1,부산광역시 동구 안창로 94,부산광역시 동구 범일동 산65-332,35.1441128,129.0395215,,,051-440-4674,부산광역시 동구청,2026-06-25
범일동0022,1,부산광역시 동구 안창로92번길 9,부산광역시 동구 범일동 산65-311,35.1440089,129.0392861,,,051-440-4674,부산광역시 동구청,2026-06-25
범일동0023,1,부산광역시 동구 안창로 92-1,부산광역시 동구 범일동 산65-152,35.1441969,129.0396036,,,051-440-4674,부산광역시 동구청,2026-06-25
범일동0024,1,부산광역시 동구 안창로72번길 53-16,부산광역시 동구 범일동 산65-383,35.1443251,129.0393455,,,051-440-4674,부산광역시 동구청,2026-06-25
범일동0025,1,부산광역시 동구 안창로 91-7,부산광역시 동구 범일동 산65-141,35.1437728,129.0397727,,,051-440-4674,부산광역시 동구청,2026-06-25
범일동0026,1,부산광역시 동구 안창로 91-9,부산광역시 동구 범일동 산65-313,35.143694,129.039663,,,051-440-4674,부산광역시 동구청,2026-06-25
범일동0027,1,부산광역시 동구 안창로89번길 3,부산광역시 동구 범일동 산65-141,35.1441998,129.0400246,,,051-440-4674,부산광역시 동구청,2026-06-25
범일동0029,1,부산광역시 동구 안창로89번가길 9-1,부산광역시 동구 범일동 산65-323,35.143672,129.040012,,,051-440-4674,부산광역시 동구청,2026-06-25
범일동0030,1,부산광역시 동구 안창로89번가길 13,부산광역시 동구 범일동 산65-141,35.1435768,129.0399241,,,051-440-4674,부산광역시 동구청,2026-06-25
범일동0031,1,부산광역시 동구 안창로89번길 7-3,부산광역시 동구 범일동 산65-276,35.1440349,129.040263,,,051-440-4674,부산광역시 동구청,2026-06-25
범일동0032,1,부산광역시 동구 안창로89번길 12,부산광역시 동구 범일동 산65-141,35.143798,129.0401605,,,051-440-4674,부산광역시 동구청,2026-06-25
범일동0033,1,부산광역시 동구 안창로89번길 14-1,부산광역시 동구 범일동 산65-322,35.1436715,129.0401954,,,051-440-4674,부산광역시 동구청,2026-06-25
범일동0034,1,부산광역시 동구 안창로77번길 30-3,부산광역시 동구 범일동 산65-141,35.1435653,129.0405632,,,051-440-4674,부산광역시 동구청,2026-06-25
범일동0035,1,부산광역시 동구 안창로89번길 19-1,부산광역시 동구 범일동 산65-141,35.143495,129.0403398,,,051-440-4674,부산광역시 동구청,2026-06-25
범일동0036,1,부산광역시 동구 안창로89번길 21,부산광역시 동구 범일동 산65-121,35.1433909,129.0403678,,,051-440-4674,부산광역시 동구청,2026-06-25
범일동0037,1,부산광역시 동구 안창로77번가길 1-4,부산광역시 동구 범일동 산65-368,35.1448692,129.0408271,,,051-440-4674,부산광역시 동구청,2026-06-25
범일동0038,1,부산광역시 동구 안창로69번길 16,부산광역시 동구 범일동 산65-23,35.1448697,129.0409012,,,051-440-4674,부산광역시 동구청,2026-06-25
범일동0039,1,부산광역시 동구 안창로89번길 18,부산광역시 동구 범일동 산65-141,35.1435209,129.0401778,,,051-440-4674,부산광역시 동구청,2026-06-25
범일동0040,1,부산광역시 동구 안창로69번길 17-3,부산광역시 동구 범일동 산65-237,35.1449003,129.041207,,,051-440-4674,부산광역시 동구청,2026-06-25
범일동0041,1,부산광역시 동구 안창로69번길 7-16,부산광역시 동구 범일동 산65-141,35.1449558,129.0413248,,,051-440-4674,부산광역시 동구청,2026-06-25
범일동0042,1,부산광역시 동구 안창로69번길 21,부산광역시 동구 범일동 산65-141,35.1446676,129.0410246,,,051-440-4674,부산광역시 동구청,2026-06-25
범일동0043,1,부산광역시 동구 안창로69번길 24,부산광역시 동구 범일동 산65-141,35.1446288,129.0409459,,,051-440-4674,부산광역시 동구청,2026-06-25
범일동0044,1,부산광역시 동구 안창로77번가길 14,부산광역시 동구 범일동 산65-228,35.1444654,129.0409803,,,051-440-4674,부산광역시 동구청,2026-06-25
범일동0045,1,부산광역시 동구 안창로77번가길 17,부산광역시 동구 범일동 산65-141,35.1445006,129.0412239,,,051-440-4674,부산광역시 동구청,2026-06-25
범일동0046,1,부산광역시 동구 안창로77번가길 12-2,부산광역시 동구 범일동 산65-141,35.1445395,129.0409109,,,051-440-4674,부산광역시 동구청,2026-06-25
범일동0047,1,부산광역시 동구 안창로77번가길 7,부산광역시 동구 범일동 산65-229,35.1447295,129.0408637,,,051-440-4674,부산광역시 동구청,2026-06-25
범일동0048,1,부산광역시 동구 안창로77번가길 5,부산광역시 동구 범일동 산65-240,35.1447776,129.0407355,,,051-440-4674,부산광역시 동구청,2026-06-25
범일동0049,1,부산광역시 동구 안창로77번길 6,부산광역시 동구 범일동 산65-153,35.144858,129.0405081,,,051-440-4674,부산광역시 동구청,2026-06-25
범일동0050,1,부산광역시 동구 안창로77번길 10-3,부산광역시 동구 범일동 산65-290,35.1445946,129.0405095,,,051-440-4674,부산광역시 동구청,2026-06-25
범일동0051,1,부산광역시 동구 안창로77번길 10-1,부산광역시 동구 범일동 1545-15,35.1446503,129.0405061,,,051-440-4674,부산광역시 동구청,2026-06-25
범일동0052,1,부산광역시 동구 안창로77번길 22,부산광역시 동구 범일동 산65-279,35.1440938,129.0405286,,,051-440-4674,부산광역시 동구청,2026-06-25
범일동0053,1,부산광역시 동구 안창로77번길 15-8,부산광역시 동구 범일동 산65-245,35.1443437,129.0406691,,,051-440-4674,부산광역시 동구청,2026-06-25
범일동0054,1,부산광역시 동구 안창로77번길 15-14,부산광역시 동구 범일동 산65-246,35.1442665,129.0408884,,,051-440-4674,부산광역시 동구청,2026-06-25
범일동0055,1,부산광역시 동구 안창로77번길 26-1,부산광역시 동구 범일동 산65-404,35.1439167,129.0405125,,,051-440-4674,부산광역시 동구청,2026-06-25
범일동0056,1,부산광역시 동구 안창로77번길 27-6,부산광역시 동구 범일동 산65-141,35.1439371,129.0408726,,,051-440-4674,부산광역시 동구청,2026-06-25
범일동0057,1,부산광역시 동구 안창로77번길 29-6,부산광역시 동구 범일동 산65-141,35.1438276,129.0409421,,,051-440-4674,부산광역시 동구청,2026-06-25
범일동0058,1,부산광역시 동구 안창로77번길 30-1,부산광역시 동구 범일동 산65-141,35.143701,129.040631,,,051-440-4674,부산광역시 동구청,2026-06-25
범일동0059,1,부산광역시 동구 안창로77번길 31-5,부산광역시 동구 범일동 산65-121,35.1437391,129.0409633,,,051-440-4674,부산광역시 동구청,2026-06-25
범일동0060,1,부산광역시 동구 안창로77번길 36,부산광역시 동구 범일동 산65-121,35.1435247,129.0407408,,,051-440-4674,부산광역시 동구청,2026-06-25
범일동0061,1,부산광역시 동구 안창로77번길 1,부산광역시 동구 범일동 산65-365,35.1450478,129.040655,,,051-440-4674,부산광역시 동구청,2026-06-25
범일동0062,1,부산광역시 동구 안창로 76-18,부산광역시 동구 범일동 산65-1,35.1453956,129.0404876,,,051-440-4674,부산광역시 동구청,2026-06-25
범일동0063,1,부산광역시 동구 안창로 76-6,부산광역시 동구 범일동 산65-182,35.1454524,129.0405639,,,051-440-4674,부산광역시 동구청,2026-06-25
범일동0064,1,부산광역시 동구 안창로 76-3,부산광역시 동구 범일동 산65-185,35.1452638,129.0404283,,,051-440-4674,부산광역시 동구청,2026-06-25
범일동0065,1,부산광역시 동구 안창로 76-15,부산광역시 동구 범일동 산65-191,35.1451148,129.0402828,,,051-440-4674,부산광역시 동구청,2026-06-25
범일동0066,1,부산광역시 동구 안창로 72,부산광역시 동구 범일동 산65-174,35.145759,129.0409984,,,051-440-4674,부산광역시 동구청,2026-06-25
범일동0067,1,부산광역시 동구 안창로72번길 10-3,부산광역시 동구 범일동 산65-172,35.1458517,129.0409779,,,051-440-4674,부산광역시 동구청,2026-06-25
범일동0068,1,부산광역시 동구 안창로72번길 12,부산광역시 동구 범일동 1541,35.1460143,129.0409705,,,051-440-4674,부산광역시 동구청,2026-06-25
범일동0069,1,부산광역시 동구 안창로69번길 4,부산광역시 동구 범일동 산65-360,35.145393,129.0411156,,,051-440-4674,부산광역시 동구청,2026-06-25
범일동0070,1,부산광역시 동구 안창로69번길 7-3,부산광역시 동구 범일동 산65-153,35.1451596,129.0413173,,,051-440-4674,부산광역시 동구청,2026-06-25
범일동0071,1,부산광역시 동구 안창로69번길 7-9,부산광역시 동구 범일동 산65-141,35.1451988,129.0415224,,,051-440-4674,부산광역시 동구청,2026-06-25
범일동0072,1,부산광역시 동구 안창로69번길 13,부산광역시 동구 범일동 산65-355,35.1449792,129.0410344,,,051-440-4674,부산광역시 동구청,2026-06-25
범일동0073,1,부산광역시 동구 안창로 73,부산광역시 동구 범일동 산65-361,35.1453706,129.0409907,,,051-440-4674,부산광역시 동구청,2026-06-25
범일동0074,1,부산광역시 동구 안창로69번가길 1,부산광역시 동구 범일동 산65-344,35.1454282,129.0413736,,,051-440-4674,부산광역시 동구청,2026-06-25
범일동0075,1,부산광역시 동구 안창로69번가길 7,부산광역시 동구 범일동 산65-153,35.1453854,129.0414889,,,051-440-4674,부산광역시 동구청,2026-06-25
범일동0076,1,부산광역시 동구 안창로69번가길 10,부산광역시 동구 범일동 산65-153,35.1452801,129.0415611,,,051-440-4674,부산광역시 동구청,2026-06-25
범일동0077,1,부산광역시 동구 안창로69번가길 13,부산광역시 동구 범일동 산65-153,35.1453227,129.0417512,,,051-440-4674,부산광역시 동구청,2026-06-25
범일동0078,1,부산광역시 동구 안창로69번가길 16,부산광역시 동구 범일동 산65-141,35.1451895,129.0416976,,,051-440-4674,부산광역시 동구청,2026-06-25
범일동0079,1,부산광역시 동구 안창로69번가길 20,부산광역시 동구 범일동 산65-141,35.1450797,129.041657,,,051-440-4674,부산광역시 동구청,2026-06-25
범일동0080,1,부산광역시 동구 안창로 62,부산광역시 동구 범일동 산43,35.1459658,129.0419431,,,051-440-4674,부산광역시 동구청,2026-06-25
범일동0081,1,부산광역시 동구 안창로21번길 1,부산광역시 동구 범일동 1526-44,35.1453422,129.0463907,,,051-440-4674,부산광역시 동구청,2026-06-25
범일동0082,1,부산광역시 동구 안창로21번길 9-9,부산광역시 동구 범일동 1526-44,35.1452118,129.0463989,,,051-440-4674,부산광역시 동구청,2026-06-25
범일동0083,1,부산광역시 동구 안창로21번길 9-11,부산광역시 동구 범일동 1526-44,35.1451931,129.0465028,,,051-440-4674,부산광역시 동구청,2026-06-25
범일동0084,1,부산광역시 동구 안창로21번길 7,부산광역시 동구 범일동 1526-44,35.145213,129.0461758,,,051-440-4674,부산광역시 동구청,2026-06-25
범일동0085,1,부산광역시 동구 안창로21번길 12,부산광역시 동구 범일동 1526-44,35.1451778,129.0459601,,,051-440-4674,부산광역시 동구청,2026-06-25
범일동0086,1,부산광역시 동구 안창로21번길 13,부산광역시 동구 범일동 1526-44,35.1450143,129.0461539,,,051-440-4674,부산광역시 동구청,2026-06-25
범일동0087,1,부산광역시 동구 안창로21번길 6-4,부산광역시 동구 범일동 산65-122,35.1454341,129.0459681,,,051-440-4674,부산광역시 동구청,2026-06-25
범일동0090,1,부산광역시 동구 범상로43번길 4-7,부산광역시 동구 범일동 1522-95,35.1441829,129.0478016,,,051-440-4674,부산광역시 동구청,2026-06-25
범일동0091,1,부산광역시 동구 범상로43번길 4,부산광역시 동구 범일동 1522-52,35.1439509,129.0478951,,,051-440-4674,부산광역시 동구청,2026-06-25
범일동0092,1,부산광역시 동구 범상로43번길 6,부산광역시 동구 범일동 1522-5,35.1439578,129.0477362,,,051-440-4674,부산광역시 동구청,2026-06-25
범일동0093,1,부산광역시 동구 범상로43번길 11,부산광역시 동구 범일동 1526-49,35.1440299,129.0475435,,,051-440-4674,부산광역시 동구청,2026-06-25
범일동0094,1,부산광역시 동구 범상로43번길 6-7,부산광역시 동구 범일동 1526-48,35.1441738,129.0476524,,,051-440-4674,부산광역시 동구청,2026-06-25
범일동0095,1,부산광역시 동구 안창로1번길 8,부산광역시 동구 범일동 1524-29,35.1444481,129.0474908,,,051-440-4674,부산광역시 동구청,2026-06-25
범일동0096,1,부산광역시 동구 안창로1번길 6-12,부산광역시 동구 범일동 1526-44,35.1445754,129.0473153,,,051-440-4674,부산광역시 동구청,2026-06-25
범일동0097,1,부산광역시 동구 안창로1번길 16,부산광역시 동구 범일동 1526-44,35.14439,129.0470948,,,051-440-4674,부산광역시 동구청,2026-06-25
범일동0098,1,부산광역시 동구 안창로1번가길 3-2,부산광역시 동구 범일동 1526-44,35.1444671,129.0469552,,,051-440-4674,부산광역시 동구청,2026-06-25
범일동0099,1,부산광역시 동구 안창로1번가길 9-3,부산광역시 동구 범일동 1526-44,35.1446243,129.0470068,,,051-440-4674,부산광역시 동구청,2026-06-25
범일동0100,1,부산광역시 동구 안창로1번길 18,부산광역시 동구 범일동 1526-44,35.1442642,129.0469662,,,051-440-4674,부산광역시 동구청,2026-06-25
범일동0101,1,부산광역시 동구 안창로1번나길 6-1,부산광역시 동구 범일동 1526-44,35.1442288,129.0467521,,,051-440-4674,부산광역시 동구청,2026-06-25
범일동0102,1,부산광역시 동구 안창로1번나길 6-5,부산광역시 동구 범일동 1526-44,35.1442228,129.0465761,,,051-440-4674,부산광역시 동구청,2026-06-25
범일동0103,1,부산광역시 동구 안창로1번나길 16,부산광역시 동구 범일동 산65-121,35.1439257,129.046238,,,051-440-4674,부산광역시 동구청,2026-06-25
범일동0109,1,부산광역시 동구 안창로1번길 11-5,부산광역시 동구 범일동 1526-44,35.1440856,129.047402,,,051-440-4674,부산광역시 동구청,2026-06-25
범일동0110,1,부산광역시 동구 범상로 39,부산광역시 동구 범일동 1522-278,35.1436198,129.0482842,,,051-440-4674,부산광역시 동구청,2026-06-25
범일동0111,1,부산광역시 동구 범상로39번가길 2,부산광역시 동구 범일동 1522-279,35.1436228,129.0481316,,,051-440-4674,부산광역시 동구청,2026-06-25
범일동0112,1,부산광역시 동구 범상로43번길 3-4,부산광역시 동구 범일동 1522-260,35.143681,129.0480438,,,051-440-4674,부산광역시 동구청,2026-06-25
범일동0113,1,부산광역시 동구 범상로39번가길 6,부산광역시 동구 범일동 1522-358,35.1435572,129.0479785,,,051-440-4674,부산광역시 동구청,2026-06-25
범일동0114,1,부산광역시 동구 범상로39번가길 8,부산광역시 동구 범일동 1522-361,35.1435103,129.0478852,,,051-440-4674,부산광역시 동구청,2026-06-25
범일동0115,1,부산광역시 동구 범상로39번가길 10-3,부산광역시 동구 범일동 1522-119,35.1436041,129.047653,,,051-440-4674,부산광역시 동구청,2026-06-25
범일동0116,1,부산광역시 동구 범상로39번가길 12,부산광역시 동구 범일동 1522-18,35.1434678,129.0476556,,,051-440-4674,부산광역시 동구청,2026-06-25
범일동0117,1,부산광역시 동구 범상로39번가길 9-2,부산광역시 동구 범일동 1522-356,35.1433405,129.0477652,,,051-440-4674,부산광역시 동구청,2026-06-25
범일동0119,1,부산광역시 동구 범상로39번나길 13,부산광역시 동구 범일동 1504-1,35.1429328,129.0477867,,,051-440-4674,부산광역시 동구청,2026-06-25
범일동0120,1,부산광역시 동구 범상로39번나길 10,부산광역시 동구 범일동 1522-32,35.1430952,129.0480725,,,051-440-4674,부산광역시 동구청,2026-06-25
범일동0121,1,부산광역시 동구 범상로39번나길 7,부산광역시 동구 범일동 1522-88,35.1428696,129.0481529,,,051-440-4674,부산광역시 동구청,2026-06-25
범일동0122,1,부산광역시 동구 범상로39번나길 3,부산광역시 동구 범일동 1506-3,35.1428647,129.0483239,,,051-440-4674,부산광역시 동구청,2026-06-25
범일동0123,1,부산광역시 동구 범상로39번나길 2,부산광역시 동구 범일동 1507-5,35.1429668,129.048426,,,051-440-4674,부산광역시 동구청,2026-06-25
범일동0124,1,부산광역시 동구 범상로39번길 12,부산광역시 동구 범일동 1522-80,35.1431659,129.0483689,,,051-440-4674,부산광역시 동구청,2026-06-25
범일동0125,1,부산광역시 동구 범상로39번길 6-5,부산광역시 동구 범일동 1522-31,35.1432572,129.0481662,,,051-440-4674,부산광역시 동구청,2026-06-25
범일동0126,1,부산광역시 동구 범상로39번길 23,부산광역시 동구 범일동 1502-13,35.1427006,129.048767,,,051-440-4674,부산광역시 동구청,2026-06-25
범일동0128,1,부산광역시 동구 범상로39번길 20,부산광역시 동구 범일동 1506,35.1428037,129.0484722,,,051-440-4674,부산광역시 동구청,2026-06-25
범일동0129,1,부산광역시 동구 범상로29번길 10-6,부산광역시 동구 범일동 1503-12,35.1427775,129.0480465,,,051-440-4674,부산광역시 동구청,2026-06-25
범일동0130,1,부산광역시 동구 범상로29번길 10-12,부산광역시 동구 범일동 1522-36,35.1427684,129.0479242,,,051-440-4674,부산광역시 동구청,2026-06-25
범일동0131,1,부산광역시 동구 범상로29번길 10-14,부산광역시 동구 범일동 1504-1,35.1427491,129.0478177,,,051-440-4674,부산광역시 동구청,2026-06-25
범일동0132,1,부산광역시 동구 범상로29번길 15,부산광역시 동구 범일동 1504-10,35.1425084,129.0481764,,,051-440-4674,부산광역시 동구청,2026-06-25
범일동0133,1,부산광역시 동구 범상로29번길 21,부산광역시 동구 범일동 1504-19,35.1423889,129.0478611,,,051-440-4674,부산광역시 동구청,2026-06-25
범일동0134,1,부산광역시 동구 범상로21번길 13,부산광역시 동구 범일동 1503-25,35.1423511,129.0481206,,,051-440-4674,부산광역시 동구청,2026-06-25
범일동0135,1,부산광역시 동구 범상로39번길 28,부산광역시 동구 범일동 1502-11,35.14255,129.0486775,,,051-440-4674,부산광역시 동구청,2026-06-25
범일동0136,1,부산광역시 동구 범상로21번길 6,부산광역시 동구 범일동 1438-282,35.1422669,129.0486485,,,051-440-4674,부산광역시 동구청,2026-06-25
범일동0137,1,부산광역시 동구 범상로21번길 3,부산광역시 동구 범일동 1438-293,35.1421405,129.048751,,,051-440-4674,부산광역시 동구청,2026-06-25
범일동0138,1,부산광역시 동구 범상로21번길 7,부산광역시 동구 범일동 1438-306,35.1421636,129.0485122,,,051-440-4674,부산광역시 동구청,2026-06-25
범일동0139,1,부산광역시 동구 범상로21번길 9-5,부산광역시 동구 범일동 1438-309,35.1419952,129.0484685,,,051-440-4674,부산광역시 동구청,2026-06-25
범일동0140,1,부산광역시 동구 범상로21번길 9-8,부산광역시 동구 범일동 1438-310,35.1420398,129.0483318,,,051-440-4674,부산광역시 동구청,2026-06-25
범일동0141,1,부산광역시 동구 범상로39번길 37,부산광역시 동구 범일동 1438-294,35.142049,129.0487554,,,051-440-4674,부산광역시 동구청,2026-06-25
범일동0142,1,부산광역시 동구 범상로39번길 47,부산광역시 동구 범일동 1438-72,35.1415739,129.0486317,,,051-440-4674,부산광역시 동구청,2026-06-25
범일동0143,1,부산광역시 동구 범상로15번길 4,부산광역시 동구 범일동 1438-64,35.1417281,129.0487336,,,051-440-4674,부산광역시 동구청,2026-06-25
범일동0144,1,부산광역시 동구 범상로15번길 7-2,부산광역시 동구 범일동 1504-309,35.1416969,129.0483117,,,051-440-4674,부산광역시 동구청,2026-06-25
범일동0145,1,부산광역시 동구 범상로15번길 12,부산광역시 동구 범일동 1438-314,35.1418255,129.0482634,,,051-440-4674,부산광역시 동구청,2026-06-25
범일동0148,1,부산광역시 동구 범상로 9-5,부산광역시 동구 범일동 1438-372,35.1411947,129.0486661,,,051-440-4674,부산광역시 동구청,2026-06-25
범일동0149,1,부산광역시 동구 범상로39번길 63,부산광역시 동구 범일동 1504-167,35.1409443,129.0483989,,,051-440-4674,부산광역시 동구청,2026-06-25
범일동0150,1,부산광역시 동구 범상로7번길 7,부산광역시 동구 범일동 1438-157,35.1409319,129.0484943,,,051-440-4674,부산광역시 동구청,2026-06-25
범일동0151,1,부산광역시 동구 범상로7번길 1,부산광역시 동구 범일동 1438-426,35.1408497,129.0486892,,,051-440-4674,부산광역시 동구청,2026-06-25
범일동0152,1,부산광역시 동구 범상로39번길 64,부산광역시 동구 범일동 1504-185,35.1409554,129.0481724,,,051-440-4674,부산광역시 동구청,2026-06-25
범일동0153,1,부산광역시 동구 범상로7번길 14-10,부산광역시 동구 범일동 1504-64,35.1413496,129.0482829,,,051-440-4674,부산광역시 동구청,2026-06-25
범일동0155,1,부산광역시 동구 범상로1번길 24,부산광역시 동구 범일동 1504-129,35.1409203,129.0477683,,,051-440-4674,부산광역시 동구청,2026-06-25
범일동0156,1,부산광역시 동구 범상로39번길 69,부산광역시 동구 범일동 1504-198,35.140661,129.0483793,,,051-440-4674,부산광역시 동구청,2026-06-25
범일동0157,1,부산광역시 동구 범상로 3-8,부산광역시 동구 범일동 1504-170,35.1408314,129.0485295,,,051-440-4674,부산광역시 동구청,2026-06-25
범일동0158,1,부산광역시 동구 범상로 3-7,부산광역시 동구 범일동 1504-160,35.1407026,129.0485899,,,051-440-4674,부산광역시 동구청,2026-06-25
범일동0159,1,부산광역시 동구 범상로 3-3,부산광역시 동구 범일동 1437-9,35.1406521,129.0487701,,,051-440-4674,부산광역시 동구청,2026-06-25
범일동0160,1,부산광역시 동구 범상로1번길 12,부산광역시 동구 범일동 1504-199,35.1405779,129.0484302,,,051-440-4674,부산광역시 동구청,2026-06-25
범일동0161,1,부산광역시 동구 범상로39번길 68,부산광역시 동구 범일동 1504-196,35.1407717,129.0481649,,,051-440-4674,부산광역시 동구청,2026-06-25
범일동0162,1,부산광역시 동구 범상로39번길 70,부산광역시 동구 범일동 1504-443,35.140688,129.0481027,,,051-440-4674,부산광역시 동구청,2026-06-25
범일동0163,1,부산광역시 동구 범상로1번길24,부산광역시 동구 범일동 1504-130,35.1409203,129.0477683,,,051-440-4674,부산광역시 동구청,2026-06-25
범일동0164,1,부산광역시 동구 범상로1번길 24,부산광역시 동구 범일동 1504-97,35.1409203,129.0477683,,,051-440-4674,부산광역시 동구청,2026-06-25
범일동0166,1,부산광역시 동구 범상로1번길 35,부산광역시 동구 범일동 1504-227,35.1412219,129.0467585,,,051-440-4674,부산광역시 동구청,2026-06-25
범일동0167,1,부산광역시 동구 망양로875번길 39-14,부산광역시 동구 범일동 1435-261,35.1408042,129.0475823,,,051-440-4674,부산광역시 동구청,2026-06-25
범일동0169,1,부산광역시 동구 범상로1번길 9,부산광역시 동구 범일동 1436-8,35.1403366,129.0483494,,,051-440-4674,부산광역시 동구청,2026-06-25
범일동0170,1,부산광역시 동구 망양로875번길 37,부산광역시 동구 범일동 1435-234,35.1403867,129.0480466,,,051-440-4674,부산광역시 동구청,2026-06-25
범일동0171,1,부산광역시 동구 망양로875번길 39-5,부산광역시 동구 범일동 1435-351,35.1404797,129.04787,,,051-440-4674,부산광역시 동구청,2026-06-25
범일동0172,1,부산광역시 동구 망양로875번길 39-9,부산광역시 동구 범일동 1435-255,35.1405713,129.0476904,,,051-440-4674,부산광역시 동구청,2026-06-25
범일동0173,1,부산광역시 동구 망양로875번길 39-15,부산광역시 동구 범일동 1435-5,35.1404151,129.0475033,,,051-440-4674,부산광역시 동구청,2026-06-25
범일동0174,1,부산광역시 동구 망양로875번길 35,부산광역시 동구 범일동 1435-333,35.1402771,129.0480148,,,051-440-4674,부산광역시 동구청,2026-06-25
범일동0175,1,부산광역시 동구 망양로875번길 35-3,부산광역시 동구 범일동 1435-314,35.1403041,129.0479228,,,051-440-4674,부산광역시 동구청,2026-06-25
범일동0176,1,부산광역시 동구 망양로875번길 35-5,부산광역시 동구 범일동 1435-559,35.1402723,129.0478363,,,051-440-4674,부산광역시 동구청,2026-06-25
범일동0177,1,부산광역시 동구 망양로875번길 33-4,부산광역시 동구 범일동 1435-566,35.1402247,129.0479371,,,051-440-4674,부산광역시 동구청,2026-06-25
범일동0178,1,부산광역시 동구 망양로875번길 33-6,부산광역시 동구 범일동 1435-564,35.1402105,129.047847,,,051-440-4674,부산광역시 동구청,2026-06-25
범일동0179,1,부산광역시 동구 망양로889번길 17,부산광역시 동구 범일동 1435-574,35.1399189,129.0478409,,,051-440-4674,부산광역시 동구청,2026-06-25
범일동0180,1,부산광역시 동구 망양로889번길 16,부산광역시 동구 범일동 1435-12,35.1400632,129.047936,,,051-440-4674,부산광역시 동구청,2026-06-25
범일동0181,1,부산광역시 동구 망양로889번길 10,부산광역시 동구 범일동 1435-319,35.1400948,129.0482199,,,051-440-4674,부산광역시 동구청,2026-06-25
범일동0182,1,부산광역시 동구 망양로889번길 3,부산광역시 동구 범일동 1435-380,35.1399122,129.0485549,,,051-440-4674,부산광역시 동구청,2026-06-25
범일동0183,1,부산광역시 동구 범상로1번길 7,부산광역시 동구 범일동 1436-5,35.1403276,129.0485478,,,051-440-4674,부산광역시 동구청,2026-06-25
범일동0184,1,부산광역시 동구 망양로875번길 25-3,부산광역시 동구 범일동 1435-429,35.139697,129.0477817,,,051-440-4674,부산광역시 동구청,2026-06-25
범일동0185,1,부산광역시 동구 망양로875번길 25-7,부산광역시 동구 범일동 1435-24,35.1397478,129.0476025,,,051-440-4674,부산광역시 동구청,2026-06-25
범일동0186,1,부산광역시 동구 망양로875번길 25-8,부산광역시 동구 범일동 1435-629,35.1398687,129.0475795,,,051-440-4674,부산광역시 동구청,2026-06-25
범일동0187,1,부산광역시 동구 망양로875번길 25-1,부산광역시 동구 범일동 1435-430,35.1397285,129.0478851,,,051-440-4674,부산광역시 동구청,2026-06-25
범일동0188,1,부산광역시 동구 망양로875번길 20,부산광역시 동구 범일동 1435-111,35.1395416,129.0480538,,,051-440-4674,부산광역시 동구청,2026-06-25
범일동0189,1,부산광역시 동구 망양로875번길 13,부산광역시 동구 범일동 1435-293,35.1393255,129.0477954,,,051-440-4674,부산광역시 동구청,2026-06-25
범일동0190,1,부산광역시 동구 망양로879번길 12,부산광역시 동구 범일동 1435-595,35.1393618,129.0476557,,,051-440-4674,부산광역시 동구청,2026-06-25
범일동0191,1,부산광역시 동구 망양로879번길 14-7,부산광역시 동구 범일동 1435-427,35.1396564,129.0476372,,,051-440-4674,부산광역시 동구청,2026-06-25
범일동0192,1,부산광역시 동구 망양로879번길 20,부산광역시 동구 범일동 1435-37,35.139429,129.0472741,,,051-440-4674,부산광역시 동구청,2026-06-25
범일동0193,1,부산광역시 동구 망양로879번길 19,부산광역시 동구 범일동 1435-643,35.1392497,129.0471127,,,051-440-4674,부산광역시 동구청,2026-06-25
범일동0194,1,부산광역시 동구 망양로879번길 17,부산광역시 동구 범일동 1435-42,35.1391987,129.0472428,,,051-440-4674,부산광역시 동구청,2026-06-25
범일동0195,1,부산광역시 동구 망양로875번길 9,부산광역시 동구 범일동 1435-166,35.139155,129.0478594,,,051-440-4674,부산광역시 동구청,2026-06-25
범일동0196,1,부산광역시 동구 망양로875번길 7-6,부산광역시 동구 범일동 1435-509,35.1391522,129.0476412,,,051-440-4674,부산광역시 동구청,2026-06-25
범일동0197,1,부산광역시 동구 망양로875번길 7-10,부산광역시 동구 범일동 1435-528,35.1391676,129.047378,,,051-440-4674,부산광역시 동구청,2026-06-25
범일동0199,1,부산광역시 동구 망양로873번길 12,부산광역시 동구 범일동 1435-54,35.1387957,129.0473805,,,051-440-4674,부산광역시 동구청,2026-06-25
범일동0200,1,부산광역시 동구 망양로875번길 3-3,부산광역시 동구 범일동 1433-45,35.1388138,129.0477603,,,051-440-4674,부산광역시 동구청,2026-06-25
범일동0201,1,부산광역시 동구 망양로875번길 3-4,부산광역시 동구 범일동 1435-187,35.1389826,129.0477114,,,051-440-4674,부산광역시 동구청,2026-06-25
범일동0202,1,부산광역시 동구 망양로873번길 2-8,부산광역시 동구 범일동 1435-191,35.1388664,129.047648,,,051-440-4674,부산광역시 동구청,2026-06-25
범일동0203,1,부산광역시 동구 망양로881-3,부산광역시 동구 범일동 1435-133,35.1393357,129.0482061,,,051-440-4674,부산광역시 동구청,2026-06-25
범일동0204,1,부산광역시 동구 망양로 883-5,부산광역시 동구 범일동 1435-443,35.1395338,129.0483477,,,051-440-4674,부산광역시 동구청,2026-06-25
범일동0205,1,부산광역시 동구 망양로 883-7,부산광역시 동구 범일동 1435-263,35.1396104,129.0483462,,,051-440-4674,부산광역시 동구청,2026-06-25
범일동0206,1,부산광역시 동구 망양로875번길 18-5,부산광역시 동구 범일동 1435-222,35.1395621,129.0481807,,,051-440-4674,부산광역시 동구청,2026-06-25
범일동0207,1,부산광역시 동구 성북로 60,부산광역시 동구 범일동 1430-24,35.1386304,129.0483042,,,051-440-4674,부산광역시 동구청,2026-06-25
범일동0208,1,부산광역시 동구 망양로 878-4,부산광역시 동구 범일동 1433-12,35.138807,129.0483292,,,051-440-4674,부산광역시 동구청,2026-06-25
범일동0209,1,부산광역시 동구 망양로886번길 4,부산광역시 동구 범일동 1434-47,35.1392897,129.0486972,,,051-440-4674,부산광역시 동구청,2026-06-25
범일동0211,1,부산광역시 동구 망양로886번길 8-10,부산광역시 동구 범일동 1432-2,35.1389655,129.0485609,,,051-440-4674,부산광역시 동구청,2026-06-25
범일동0212,1,부산광역시 동구 망양로886번길 8-14,부산광역시 동구 범일동 1430-15,35.1388058,129.0486284,,,051-440-4674,부산광역시 동구청,2026-06-25
범일동0213,1,부산광역시 동구 망양로902번길 12-5,부산광역시 동구 범일동 1445-36,35.1394495,129.0490302,,,051-440-4674,부산광역시 동구청,2026-06-25
범일동0214,1,부산광역시 동구 망양로902번가길 10-7,부산광역시 동구 범일동 1427-10,35.1392417,129.049212,,,051-440-4674,부산광역시 동구청,2026-06-25
범일동0215,1,부산광역시 동구 망양로902번길 12-9,부산광역시 동구 범일동 1434-24,35.1394494,129.0488509,,,051-440-4674,부산광역시 동구청,2026-06-25
범일동0216,1,부산광역시 동구 망양로 888-1,부산광역시 동구 범일동 1445-29,35.139687,129.0488451,,,051-440-4674,부산광역시 동구청,2026-06-25
범일동0217,1,부산광역시 동구 망양로902번길 12-10,부산광역시 동구 범일동 1445-32,35.139566,129.0488645,,,051-440-4674,부산광역시 동구청,2026-06-25
범일동0218,1,부산광역시 동구 망양로902번길 10,부산광역시 동구 범일동 1445-17,35.1396277,129.0492542,,,051-440-4674,부산광역시 동구청,2026-06-25
범일동0219,1,부산광역시 동구 망양로902번길 6,부산광역시 동구 범일동 1447-12,35.139729,129.0494658,,,051-440-4674,부산광역시 동구청,2026-06-25
범일동0221,1,부산광역시 동구 망양로902번가길 6,부산광역시 동구 범일동 1426-9,35.1394058,129.049519,,,051-440-4674,부산광역시 동구청,2026-06-25
범일동0222,1,부산광역시 동구 망양로902번가길 10,부산광역시 동구 범일동 1427-7,35.1392981,129.0494864,,,051-440-4674,부산광역시 동구청,2026-06-25
범일동0223,1,부산광역시 동구 망양로 890,부산광역시 동구 범일동 1445-25,35.1398297,129.0489039,,,051-440-4674,부산광역시 동구청,2026-06-25
범일동0224,1,부산광역시 동구 망양로 894-1,부산광역시 동구 범일동 1444-6,35.1400466,129.0491334,,,051-440-4674,부산광역시 동구청,2026-06-25
범일동0225,1,부산광역시 동구 망양로 890-11,부산광역시 동구 범일동 1444-25,35.1399763,129.0491467,,,051-440-4674,부산광역시 동구청,2026-06-25
범일동0226,1,부산광역시 동구 망양로886번길 9,부산광역시 동구 범일동 1428-3,35.1390985,129.0490211,,,051-440-4674,부산광역시 동구청,2026-06-25
범일동0227,1,부산광역시 동구 망양로902번가길 21,부산광역시 동구 범일동 1430-71,35.1389035,129.0493018,,,051-440-4674,부산광역시 동구청,2026-06-25
범일동0228,1,부산광역시 동구 망양로902번가길 15,부산광역시 동구 범일동 1428-7,35.1390476,129.0494851,,,051-440-4674,부산광역시 동구청,2026-06-25
범일동0229,1,부산광역시 동구 성북로54번길 15,부산광역시 동구 범일동 1430-74,35.138932,129.0494989,,,051-440-4674,부산광역시 동구청,2026-06-25
범일동0230,1,부산광역시 동구 망양로886번길 15,부산광역시 동구 범일동 1430-19,35.1387699,129.0491548,,,051-440-4674,부산광역시 동구청,2026-06-25
범일동0231,1,부산광역시 동구 성북로 56,부산광역시 동구 범일동 1430-14,35.1387298,129.0487625,,,051-440-4674,부산광역시 동구청,2026-06-25
범일동0232,1,부산광역시 동구 성북로 55-1,부산광역시 동구 범일동 1429-1,35.1384475,129.0487055,,,051-440-4674,부산광역시 동구청,2026-06-25
범일동0233,1,부산광역시 동구 성북로55번길 7,부산광역시 동구 범일동 1429-10,35.1382822,129.0487749,,,051-440-4674,부산광역시 동구청,2026-06-25
범일동0234,1,부산광역시 동구 성북로 57-4,부산광역시 동구 범일동 1430-34,35.1384289,129.0483948,,,051-440-4674,부산광역시 동구청,2026-06-25
범일동0235,1,부산광역시 동구 성북로54번길 2,부산광역시 동구 범일동 1430-109,35.1385302,129.0491703,,,051-440-4674,부산광역시 동구청,2026-06-25
범일동0236,1,부산광역시 동구 성북로54번길 6-1,부산광역시 동구 범일동 1430-103,35.1386032,129.0492994,,,051-440-4674,부산광역시 동구청,2026-06-25
범일동0237,1,부산광역시 동구 성북로54번길 12,부산광역시 동구 범일동 1430-81,35.1387503,129.0494563,,,051-440-4674,부산광역시 동구청,2026-06-25
범일동0238,1,부산광역시 동구 성북로54번길 13,부산광역시 동구 범일동 1430-78,35.1388697,129.0494908,,,051-440-4674,부산광역시 동구청,2026-06-25
범일동0239,1,부산광역시 동구 성북로54번길 20,부산광역시 동구 범일동 1430-75,35.1389188,129.0496508,,,051-440-4674,부산광역시 동구청,2026-06-25
범일동0240,1,부산광역시 동구 성북로54번길 24-1,부산광역시 동구 범일동 1430-20,35.1386829,129.0495326,,,051-440-4674,부산광역시 동구청,2026-06-25
범일동0241,1,부산광역시 동구 성북로54번길 26,부산광역시 동구 범일동 1430-84,35.1386978,129.0496153,,,051-440-4674,부산광역시 동구청,2026-06-25
범일동0242,1,부산광역시 동구 성북로54번길 30,부산광역시 동구 범일동 1430-88,35.1385964,129.0496807,,,051-440-4674,부산광역시 동구청,2026-06-25
범일동0243,1,부산광역시 동구 성북로54번길 31,부산광역시 동구 범일동 1430-86,35.1386158,129.0497783,,,051-440-4674,부산광역시 동구청,2026-06-25
범일동0244,1,부산광역시 동구 성북로52번길,부산광역시 동구 범일동 1622-46,35.1384429,129.0491912,,,051-440-4674,부산광역시 동구청,2026-06-25
범일동0245,1,부산광역시 동구 성북로52번길 16-4,부산광역시 동구 범일동 1407-15,35.1383025,129.0497566,,,051-440-4674,부산광역시 동구청,2026-06-25
범일동0246,1,부산광역시 동구 성북로52번길 16-7,부산광역시 동구 범일동 1407-15,35.1381791,129.0495919,,,051-440-4674,부산광역시 동구청,2026-06-25
범일동0247,1,부산광역시 동구 성북로52번길 16-11,부산광역시 동구 범일동 1409-6,35.138257,129.0494363,,,051-440-4674,부산광역시 동구청,2026-06-25
범일동0248,1,부산광역시 동구 성북로52번길 10,부산광역시 동구 범일동 1409-4,35.1383827,129.0495586,,,051-440-4674,부산광역시 동구청,2026-06-25
범일동0249,1,부산광역시 동구 성북로54번길6-1,부산광역시 동구 범일동 1430-124,35.1386032,129.0492994,,,051-440-4674,부산광역시 동구청,2026-06-25
범일동0250,1,부산광역시 동구 성북로52번길 3,부산광역시 동구 범일동 1430-21,35.1384374,129.0493064,,,051-440-4674,부산광역시 동구청,2026-06-25
범일동0251,1,부산광역시 동구 성북로 46-4,부산광역시 동구 범일동 1407-6,35.1380335,129.04961,,,051-440-4674,부산광역시 동구청,2026-06-25
범일동0252,1,부산광역시 동구 성북로 46-6,부산광역시 동구 범일동 1407-15,35.1380992,129.0496889,,,051-440-4674,부산광역시 동구청,2026-06-25
범일동0253,1,부산광역시 동구 증산서로 48-1,부산광역시 동구 범일동 1412-47,35.1383724,129.050178,,,051-440-4674,부산광역시 동구청,2026-06-25
범일동0254,1,부산광역시 동구 증산서로46번길 13,부산광역시 동구 범일동 1412-102,35.1383656,129.0505011,,,051-440-4674,부산광역시 동구청,2026-06-25
범일동0255,1,부산광역시 동구 증산서로46번길 15,부산광역시 동구 범일동 1412-103,35.1383167,129.0505722,,,051-440-4674,부산광역시 동구청,2026-06-25
범일동0256,1,부산광역시 동구 증산서로46번길 11-5,부산광역시 동구 범일동 1412-98,35.1385086,129.050693,,,051-440-4674,부산광역시 동구청,2026-06-25
범일동0257,1,부산광역시 동구 증산서로46번길 11-7,부산광역시 동구 범일동 1412-99,35.1385309,129.0507794,,,051-440-4674,부산광역시 동구청,2026-06-25
범일동0258,1,부산광역시 동구 증산북로 8,부산광역시 동구 범일동 1412-80,35.1386028,129.0508642,,,051-440-4674,부산광역시 동구청,2026-06-25
범일동0259,1,부산광역시 동구 증산북로 18-6,부산광역시 동구 범일동 1346,35.1383889,129.0516982,,,051-440-4674,부산광역시 동구청,2026-06-25
범일동0260,1,부산광역시 동구 증산북로20번가길 22,부산광역시 동구 범일동 1412-144,35.1383472,129.0514573,,,051-440-4674,부산광역시 동구청,2026-06-25
범일동0261,1,부산광역시 동구 증산북로20번가길 17,부산광역시 동구 범일동 산81-28,35.1382139,129.051478,,,051-440-4674,부산광역시 동구청,2026-06-25
범일동0262,1,부산광역시 동구 성북로42번길 36-3,부산광역시 동구 범일동 1412-139,35.1383611,129.0512766,,,051-440-4674,부산광역시 동구청,2026-06-25
범일동0263,1,부산광역시 동구 성북로42번길 33-1,부산광역시 동구 범일동 1412-132,35.138485,129.0510356,,,051-440-4674,부산광역시 동구청,2026-06-25
범일동0263-1,1,부산광역시 동구 증산북로20번가길 25,부산광역시 동구 범일동 1412-184,35.1384607,129.0513229,,,051-440-4674,부산광역시 동구청,2026-06-25
범일동0263-2,1,부산광역시 동구 증산북로20번가길 25,부산광역시 동구 범일동 1412-184,35.1384607,129.0513229,,,051-440-4674,부산광역시 동구청,2026-06-25
범일동0264,1,부산광역시 동구 성북로42번길 27,부산광역시 동구 범일동 1412-108,35.138344,129.0507334,,,051-440-4674,부산광역시 동구청,2026-06-25
범일동0265,1,부산광역시 동구 성북로42번길 30-4,부산광역시 동구 범일동 1412-123,35.1382063,129.0509802,,,051-440-4674,부산광역시 동구청,2026-06-25
범일동0266,1,부산광역시 동구 성북로42번길 21,부산광역시 동구 범일동 1412-7,35.1381932,129.0505126,,,051-440-4674,부산광역시 동구청,2026-06-25
범일동0267,1,부산광역시 동구 성북로42번길 22-4,부산광역시 동구 범일동 1412-11,35.1380317,129.0506972,,,051-440-4674,부산광역시 동구청,2026-06-25
범일동0271,1,부산광역시 동구 성북로36번길 11,부산광역시 동구 범일동 1403-31,35.1375713,129.0501948,,,051-440-4674,부산광역시 동구청,2026-06-25
범일동0272,1,부산광역시 동구 성북로 40-1,부산광역시 동구 범일동 1405-5,35.1374605,129.0497431,,,051-440-4674,부산광역시 동구청,2026-06-25
범일동0273,1,부산광역시 동구 성북로 42-1,부산광역시 동구 범일동 1405-1,35.1377805,129.0497912,,,051-440-4674,부산광역시 동구청,2026-06-25
범일동0274,1,부산광역시 동구 성북로 38-7,부산광역시 동구 범일동 1403-44,35.1374153,129.0499019,,,051-440-4674,부산광역시 동구청,2026-06-25
범일동0275,1,부산광역시 동구 성북로 40,부산광역시 동구 범일동 1405-7,35.137382,129.0497636,,,051-440-4674,부산광역시 동구청,2026-06-25
범일동0276,1,부산광역시 동구 증산북로20번가길 13-3,부산광역시 동구 범일동 1450-60,35.138235,129.0519102,,,051-440-4674,부산광역시 동구청,2026-06-25
범일동0277,1,부산광역시 동구 증산북로 18-11,부산광역시 동구 범일동 산81-28,35.1383442,129.0518337,,,051-440-4674,부산광역시 동구청,2026-06-25
범일동0278,1,부산광역시 동구 증산북로20번가길 8,부산광역시 동구 범일동 1450-56,35.1382949,129.0521035,,,051-440-4674,부산광역시 동구청,2026-06-25
범일동0279,1,부산광역시 동구 증산북로20번가길 1,부산광역시 동구 범일동 1450-44,35.1383382,129.0524086,,,051-440-4674,부산광역시 동구청,2026-06-25
범일동0280,1,부산광역시 동구 증산북로20번길 4,부산광역시 동구 범일동 1450-48,35.1384903,129.0521257,,,051-440-4674,부산광역시 동구청,2026-06-25
범일동0281,1,부산광역시 동구 증산북로20번길 14,부산광역시 동구 범일동 1450-92,35.1383521,129.0526391,,,051-440-4674,부산광역시 동구청,2026-06-25
범일동0282,1,부산광역시 동구 증산로143번길 14,부산광역시 동구 범일동 1450-81,35.1385263,129.053019,,,051-440-4674,부산광역시 동구청,2026-06-25
범일동0283,1,부산광역시 동구 증산로143번길 22,부산광역시 동구 범일동 1450-91,35.1383495,129.0527701,,,051-440-4674,부산광역시 동구청,2026-06-25
범일동0284,1,부산광역시 동구 증산로143번길 24,부산광역시 동구 범일동 1450-90,35.138257,129.0526329,,,051-440-4674,부산광역시 동구청,2026-06-25
범일동0285,1,부산광역시 동구 성북로36번길 46,부산광역시 동구 범일동 산81-28,35.1374045,129.0504073,,,051-440-4674,부산광역시 동구청,2026-06-25
범일동0287,1,부산광역시 동구 증산로143번길 12,부산광역시 동구 범일동 1351-2,35.1386121,129.0531014,,,051-440-4674,부산광역시 동구청,2026-06-25
범일동0288,1,부산광역시 동구 증산로 143-1,부산광역시 동구 범일동 1350-25,35.1388068,129.0534617,,,051-440-4674,부산광역시 동구청,2026-06-25
범일동0289,1,부산광역시 동구 증산로143번가길 12-2,부산광역시 동구 범일동 1352-105,35.1383422,129.0535114,,,051-440-4674,부산광역시 동구청,2026-06-25
범일동0290,1,부산광역시 동구 증산로143번가길 10-2,부산광역시 동구 범일동 1352-81,35.1384935,129.0535575,,,051-440-4674,부산광역시 동구청,2026-06-25
범일동0291,1,부산광역시 동구 증산로143번가길 8-3,부산광역시 동구 범일동 1352-82,35.1385338,129.0534364,,,051-440-4674,부산광역시 동구청,2026-06-25
범일동0292,1,부산광역시 동구 증산로143번가길 2,부산광역시 동구 범일동 1352-8,35.1386718,129.0535623,,,051-440-4674,부산광역시 동구청,2026-06-25
범일동0293,1,부산광역시 동구 증산로143번가길 10-8,부산광역시 동구 범일동 1352-97,35.1385244,129.0531976,,,051-440-4674,부산광역시 동구청,2026-06-25
범일동0294,1,부산광역시 동구 증산로143번가길 10-12,부산광역시 동구 범일동 1352-100,35.1383471,129.0531376,,,051-440-4674,부산광역시 동구청,2026-06-25
범일동0295,1,부산광역시 동구 증산로143번가길 12-6,부산광역시 동구 범일동 1352-107,35.1383277,129.0532389,,,051-440-4674,부산광역시 동구청,2026-06-25
범일동0296,1,부산광역시 동구 증산로143번가길 12-4,부산광역시 동구 범일동 1352-106,35.138346,129.0533931,,,051-440-4674,부산광역시 동구청,2026-06-25
범일동0297,1,부산광역시 동구 증산로143번가길 22,부산광역시 동구 범일동 1352-54,35.1380034,129.0533945,,,051-440-4674,부산광역시 동구청,2026-06-25
범일동0298,1,부산광역시 동구 증산로143번가길 18-2,부산광역시 동구 범일동 1352-112,35.1380731,129.053425,,,051-440-4674,부산광역시 동구청,2026-06-25
범일동0299,1,부산광역시 동구 증산동로 69-1,부산광역시 동구 범일동 1352-127,35.1376744,129.0531522,,,051-440-4674,부산광역시 동구청,2026-06-25
범일동0300,1,부산광역시 동구 증산동로 65-15,부산광역시 동구 범일동 1352-143,35.1378201,129.05289,,,051-440-4674,부산광역시 동구청,2026-06-25
범일동0301,1,부산광역시 동구 증산동로 65-15,부산광역시 동구 범일동 1352-143,35.1378201,129.05289,,,051-440-4674,부산광역시 동구청,2026-06-25
범일동0303,1,부산광역시 동구 성북로36번길 46,부산광역시 동구 범일동 산81-28,35.1374045,129.0504073,,,051-440-4674,부산광역시 동구청,2026-06-25
범일동0304,1,부산광역시 동구 성북로36번길 46,부산광역시 동구 범일동 산81-28,35.1374045,129.0504073,,,051-440-4674,부산광역시 동구청,2026-06-25
범일동0305,1,부산광역시 동구 성북로36번길 46,부산광역시 동구 범일동 산81-28,35.1374045,129.0504073,,,051-440-4674,부산광역시 동구청,2026-06-25
범일동0306,1,부산광역시 동구 증산로143번가길 27,부산광역시 동구 범일동 1352-128,35.1377259,129.0530882,,,051-440-4674,부산광역시 동구청,2026-06-25
범일동0307,1,부산광역시 동구 증산동로 65-4,부산광역시 동구 범일동 1395-7,35.1373424,129.0531363,,,051-440-4674,부산광역시 동구청,2026-06-25
범일동0308,1,부산광역시 동구 증산동로 67-4,부산광역시 동구 범일동 1352-125,35.137558,129.0530881,,,051-440-4674,부산광역시 동구청,2026-06-25
범일동0309,1,부산광역시 동구 증산동로 70,부산광역시 동구 범일동 1392-3,35.1375007,129.0533513,,,051-440-4674,부산광역시 동구청,2026-06-25
범일동0310,1,부산광역시 동구 증산동로 77,부산광역시 동구 범일동 1352-113,35.1381936,129.0536059,,,051-440-4674,부산광역시 동구청,2026-06-25
범일동0311,1,부산광역시 동구 증산동로 74-1,부산광역시 동구 범일동 1352-68,35.1378605,129.0536819,,,051-440-4674,부산광역시 동구청,2026-06-25
범일동0312,1,부산광역시 동구 증산로125번길 12-6,부산광역시 동구 범일동 1393,35.1375638,129.0535667,,,051-440-4674,부산광역시 동구청,2026-06-25
범일동0313,1,부산광역시 동구 증산로125번길 6,부산광역시 동구 범일동 1389-102,35.1374481,129.0538462,,,051-440-4674,부산광역시 동구청,2026-06-25
범일동0314,1,부산광역시 동구 증산로125번길8-4,부산광역시 동구 범일동 1389-100,35.1375725,129.0538359,,,051-440-4674,부산광역시 동구청,2026-06-25
범일동0315,1,부산광역시 동구 증산북로 23-6,부산광역시 동구 범일동 1349,35.1388581,129.0527231,,,051-440-4674,부산광역시 동구청,2026-06-25
범일동0316,1,부산광역시 동구 증산로147번길 15-6,부산광역시 동구 범일동 1338-23,35.1390121,129.0523152,,,051-440-4674,부산광역시 동구청,2026-06-25
범일동0317,1,부산광역시 동구 증산로147번길 15-4,부산광역시 동구 범일동 1338-22,35.1390833,129.0522814,,,051-440-4674,부산광역시 동구청,2026-06-25
범일동0318,1,부산광역시 동구 증산북로13번길 16,부산광역시 동구 범일동 1347-5,35.1388548,129.0522771,,,051-440-4674,부산광역시 동구청,2026-06-25
범일동0319,1,부산광역시 동구 증산북로13번가길 5,부산광역시 동구 범일동 1342,35.1390847,129.0519664,,,051-440-4674,부산광역시 동구청,2026-06-25
범일동0320,1,부산광역시 동구 증산북로13번가길 1,부산광역시 동구 범일동 1342,35.1389135,129.0520256,,,051-440-4674,부산광역시 동구청,2026-06-25
범일동0321,1,부산광역시 동구 증산북로13번길 5-1,부산광역시 동구 범일동 1415-87,35.1388607,129.0517855,,,051-440-4674,부산광역시 동구청,2026-06-25
범일동0322,1,부산광역시 동구 증산북로11번길 10,부산광역시 동구 범일동 1415-115,35.1390104,129.0516745,,,051-440-4674,부산광역시 동구청,2026-06-25
범일동0323,1,부산광역시 동구 증산북로 15,부산광역시 동구 범일동 1343-9,35.1387576,129.0517221,,,051-440-4674,부산광역시 동구청,2026-06-25
범일동0324,1,부산광역시 동구 증산북로13번길 12,부산광역시 동구 범일동 1343-5,35.138812,129.0520901,,,051-440-4674,부산광역시 동구청,2026-06-25
범일동0325,1,부산광역시 동구 증산북로13번가길 13,부산광역시 동구 범일동 1415-52,35.1393082,129.0521189,,,051-440-4674,부산광역시 동구청,2026-06-25
범일동0326,1,부산광역시 동구 증산북로13번가길 8,부산광역시 동구 범일동 1341-1,35.1391076,129.0521055,,,051-440-4674,부산광역시 동구청,2026-06-25
범일동0327,1,부산광역시 동구 증산북로13번가길 15-8,부산광역시 동구 범일동 1415-60,35.1392667,129.0519214,,,051-440-4674,부산광역시 동구청,2026-06-25
범일동0328,1,부산광역시 동구 증산북로11번길 17,부산광역시 동구 범일동 1419-4,35.1393603,129.0518912,,,051-440-4674,부산광역시 동구청,2026-06-25
범일동0329,1,부산광역시 동구 증산북로11번길 11,부산광역시 동구 범일동 1419,35.139189,129.0515779,,,051-440-4674,부산광역시 동구청,2026-06-25
범일동0330,1,부산광역시 동구 증산북로9번길 6,부산광역시 동구 범일동 1415-109,35.1389392,129.0513191,,,051-440-4674,부산광역시 동구청,2026-06-25
범일동0331,1,부산광역시 동구 증산북로9번길9,부산광역시 동구 범일동 1415-85,35.1390309,129.0510734,,,051-440-4674,부산광역시 동구청,2026-06-25
범일동0332,1,부산광역시 동구 증산서로 56-9,부산광역시 동구 범일동 1416,35.1391116,129.0510463,,,051-440-4674,부산광역시 동구청,2026-06-25
범일동0333,1,부산광역시 동구 증산서로 56-7,부산광역시 동구 범일동 1416-11,35.1391251,129.0509378,,,051-440-4674,부산광역시 동구청,2026-06-25
범일동0334,1,부산광역시 동구 증산북로9번길 14,부산광역시 동구 범일동 1415-72,35.1391066,129.0512985,,,051-440-4674,부산광역시 동구청,2026-06-25
범일동0335,1,부산광역시 동구 증산북로9번길 17,부산광역시 동구 범일동 1418-8,35.1392728,129.0514238,,,051-440-4674,부산광역시 동구청,2026-06-25
범일동0336,1,부산광역시 동구 증산북로9번길 24,부산광역시 동구 범일동 1419-9,35.1393304,129.0517048,,,051-440-4674,부산광역시 동구청,2026-06-25
범일동0337,1,부산광역시 동구 증산북로9번길 27,부산광역시 동구 범일동 1471-17,35.1394308,129.051943,,,051-440-4674,부산광역시 동구청,2026-06-25
범일동0339,1,부산광역시 동구 증산로181번길 10-1,부산광역시 동구 범일동 1420-19,35.1395099,129.0517349,,,051-440-4674,부산광역시 동구청,2026-06-25
범일동0340,1,부산광역시 동구 증산로181번길 10-4,부산광역시 동구 범일동 1420-21,35.139514,129.0515497,,,051-440-4674,부산광역시 동구청,2026-06-25
범일동0342,1,부산광역시 동구 증산로 181,부산광역시 동구 범일동 1420-6,35.139753,129.0513316,,,051-440-4674,부산광역시 동구청,2026-06-25
범일동0343,1,부산광역시 동구 증산서로62번길 3,부산광역시 동구 범일동 1418-7,35.1395011,129.0509598,,,051-440-4674,부산광역시 동구청,2026-06-25
범일동0344,1,부산광역시 동구 증산서로62번길 9,부산광역시 동구 범일동 1418-9,35.1393019,129.0511677,,,051-440-4674,부산광역시 동구청,2026-06-25
범일동0345,1,부산광역시 동구 증산서로62번길 14,부산광역시 동구 범일동 1417,35.1391659,129.0511765,,,051-440-4674,부산광역시 동구청,2026-06-25
범일동0347,1,부산광역시 동구 증산북로 5,부산광역시 동구 범일동 1412-147,35.1387295,129.0506682,,,051-440-4674,부산광역시 동구청,2026-06-25
범일동0348,1,부산광역시 동구 증산로181번길 5-6,부산광역시 동구 범일동 1422-67,35.1399013,129.0517616,,,051-440-4674,부산광역시 동구청,2026-06-25
범일동0349,1,부산광역시 동구 증산로181번길 5-10,부산광역시 동구 범일동 1422-60,35.1399767,129.0519104,,,051-440-4674,부산광역시 동구청,2026-06-25
범일동0350,1,부산광역시 동구 증산로 173-1,부산광역시 동구 범일동 1422-32,35.1401224,129.0519293,,,051-440-4674,부산광역시 동구청,2026-06-25
범일동0351,1,부산광역시 동구 증산로181번길 9-10,부산광역시 동구 범일동 1422-57,35.1399927,129.0519994,,,051-440-4674,부산광역시 동구청,2026-06-25
범일동0352,1,부산광역시 동구 증산로181번길 9-6,부산광역시 동구 범일동 1467-3,35.1397883,129.0519993,,,051-440-4674,부산광역시 동구청,2026-06-25
범일동0353,1,부산광역시 동구 증산로181번길 15-3,부산광역시 동구 범일동 1468-3,35.1396529,129.0520788,,,051-440-4674,부산광역시 동구청,2026-06-25
범일동0354,1,부산광역시 동구 증산로181번길 17-7,부산광역시 동구 범일동 1415-9,35.1396939,129.0523121,,,051-440-4674,부산광역시 동구청,2026-06-25
범일동0355,1,부산광역시 동구 증산로173번길 12,부산광역시 동구 범일동 1469-10,35.1398573,129.052291,,,051-440-4674,부산광역시 동구청,2026-06-25
범일동0357,1,부산광역시 동구 증산로173번길 3,부산광역시 동구 범일동 1462-54,35.1401771,129.0521565,,,051-440-4674,부산광역시 동구청,2026-06-25
범일동0358,1,부산광역시 동구 증산로 167-7,부산광역시 동구 범일동 1462-38,35.1402811,129.0523291,,,051-440-4674,부산광역시 동구청,2026-06-25
범일동0359,1,부산광역시 동구 증산로 167-5,부산광역시 동구 범일동 1462-36,35.1403255,129.052451,,,051-440-4674,부산광역시 동구청,2026-06-25
범일동0360,1,부산광역시 동구 증산로 167,부산광역시 동구 범일동 1462-33,35.1404132,129.0526183,,,051-440-4674,부산광역시 동구청,2026-06-25
범일동0361,1,부산광역시 동구 증산로161번길 9,부산광역시 동구 범일동 1472-3,35.1401416,129.0525591,,,051-440-4674,부산광역시 동구청,2026-06-25
범일동0362,1,부산광역시 동구 증산로161번길 6,부산광역시 동구 범일동 1473-20,35.1402745,129.0526638,,,051-440-4674,부산광역시 동구청,2026-06-25
범일동0363,1,부산광역시 동구 증산로161번길 5,부산광역시 동구 범일동 1472-2,35.1401102,129.0526614,,,051-440-4674,부산광역시 동구청,2026-06-25
범일동0364,1,부산광역시 동구 증산로 159-6,부산광역시 동구 범일동 1476-4,35.1400899,129.0527777,,,051-440-4674,부산광역시 동구청,2026-06-25
범일동0365,1,부산광역시 동구 증산로173번길 18,부산광역시 동구 범일동 1476-36,35.1397877,129.0526571,,,051-440-4674,부산광역시 동구청,2026-06-25
범일동0366,1,부산광역시 동구 증산로173번길 15,부산광역시 동구 범일동 1472-8,35.1399353,129.0524979,,,051-440-4674,부산광역시 동구청,2026-06-25
범일동0367,1,부산광역시 동구 증산로173번길 14,부산광역시 동구 범일동 1415-6,35.1398128,129.0523912,,,051-440-4674,부산광역시 동구청,2026-06-25
범일동0368,1,부산광역시 동구 증산로181번길 17-9,부산광역시 동구 범일동 1415-10,35.1397156,129.0524477,,,051-440-4674,부산광역시 동구청,2026-06-25
범일동0369,1,부산광역시 동구 증산로181번길 17-11,부산광역시 동구 범일동 1415-2,35.1397343,129.0525549,,,051-440-4674,부산광역시 동구청,2026-06-25
범일동0370,1,부산광역시 동구 증산로 149-1,부산광역시 동구 범일동 1338-1,35.1391654,129.052926,,,051-440-4674,부산광역시 동구청,2026-06-25
범일동0371,1,부산광역시 동구 증산로 156-6,부산광역시 동구 범일동 1338-88,35.1397011,129.0534152,,,051-440-4674,부산광역시 동구청,2026-06-25
범일동0372,1,부산광역시 동구 증산로 154-7,부산광역시 동구 범일동 1338-99,35.1396182,129.0534263,,,051-440-4674,부산광역시 동구청,2026-06-25
범일동0373,1,부산광역시 동구 증산로146번길 7,부산광역시 동구 범일동 1333,35.139476,129.0535498,,,051-440-4674,부산광역시 동구청,2026-06-25
범일동0374,1,부산광역시 동구 증산로 152,부산광역시 동구 범일동 1336-11,35.1393168,129.05317,,,051-440-4674,부산광역시 동구청,2026-06-25
범일동0375,1,부산광역시 동구 증산로146번길 15-4,부산광역시 동구 범일동 1338-95,35.1397213,129.0538079,,,051-440-4674,부산광역시 동구청,2026-06-25
범일동0376,1,부산광역시 동구 범곡로33번길 40,부산광역시 동구 범일동 1320-90,35.1396609,129.0541944,,,051-440-4674,부산광역시 동구청,2026-06-25
범일동0377,1,부산광역시 동구 범곡로33번길 28-8,부산광역시 동구 범일동 1320-69,35.1399287,129.0542506,,,051-440-4674,부산광역시 동구청,2026-06-25
범일동0378,1,부산광역시 동구 범곡로33번길 28-5,부산광역시 동구 범일동 1320-78,35.1398895,129.0544153,,,051-440-4674,부산광역시 동구청,2026-06-25
범일동0379,1,부산광역시 동구 범곡로33번나길 7,부산광역시 동구 범일동 1311-49,35.1400787,129.0545427,,,051-440-4674,부산광역시 동구청,2026-06-25
범일동0380,1,부산광역시 동구 범곡로33번나길 5-4,부산광역시 동구 범일동 1320-66,35.1400757,129.0544004,,,051-440-4674,부산광역시 동구청,2026-06-25
범일동0381,1,부산광역시 동구 범곡로33번나길 9-4,부산광역시 동구 범일동 1311-51,35.1401185,129.0543065,,,051-440-4674,부산광역시 동구청,2026-06-25
범일동0383,1,부산광역시 동구 범곡로33번나길 8-5,부산광역시 동구 범일동 1311-43,35.1402938,129.0544764,,,051-440-4674,부산광역시 동구청,2026-06-25
범일동0384,1,부산광역시 동구 범곡로33번나길 13,부산광역시 동구 범일동 1311-45,35.1401779,129.0542992,,,051-440-4674,부산광역시 동구청,2026-06-25
범일동0385,1,부산광역시 동구 범곡로39번가길 14,부산광역시 동구 범일동 1474-22,35.1399991,129.053888,,,051-440-4674,부산광역시 동구청,2026-06-25
범일동0387,1,부산광역시 동구 증산로162번길 14-11,부산광역시 동구 범일동 1474-24,35.1399764,129.0537138,,,051-440-4674,부산광역시 동구청,2026-06-25
범일동0388,1,부산광역시 동구 증산로162번길 14-4,부산광역시 동구 범일동 1474-28,35.1401371,129.0535683,,,051-440-4674,부산광역시 동구청,2026-06-25
범일동0389,1,부산광역시 동구 증산로162번길13,부산광역시 동구 범일동 1474-17,35.1402271,129.0534124,,,051-440-4674,부산광역시 동구청,2026-06-25
범일동0390,1,부산광역시 동구 증산로 160,부산광역시 동구 범일동 1476-55,35.140019,129.0531456,,,051-440-4674,부산광역시 동구청,2026-06-25
범일동0391,1,부산광역시 동구 범곡서로17번길 46,부산광역시 동구 범일동 1477-12,35.1404817,129.0534735,,,051-440-4674,부산광역시 동구청,2026-06-25
범일동0394,1,부산광역시 동구 범곡로39번길 18,부산광역시 동구 범일동 1474-55,35.1405028,129.0540121,,,051-440-4674,부산광역시 동구청,2026-06-25
범일동0395,1,부산광역시 동구 범곡로39번길 15-1,부산광역시 동구 범일동 1474-50,35.1403686,129.0541435,,,051-440-4674,부산광역시 동구청,2026-06-25
범일동0398,1,부산광역시 동구 범곡로39번길 11,부산광역시 동구 범일동 1474-48,35.1404759,129.0543155,,,051-440-4674,부산광역시 동구청,2026-06-25
범일동0399,1,부산광역시 동구 범곡로 39,부산광역시 동구 범일동 1309-3,35.140902,129.0544148,,,051-440-4674,부산광역시 동구청,2026-06-25
범일동0400,1,부산광역시 동구 범곡로39번길 8,부산광역시 동구 범일동 1478-5,35.1407137,129.0542087,,,051-440-4674,부산광역시 동구청,2026-06-25
범일동0402,1,부산광역시 동구 범곡로39번길 30,부산광역시 동구 범일동 1479-2,35.1407994,129.0540777,,,051-440-4674,부산광역시 동구청,2026-06-25
범일동0404,1,부산광역시 동구 범곡서로17번길 53,부산광역시 동구 범일동 1480-22,35.1407919,129.0538415,,,051-440-4674,부산광역시 동구청,2026-06-25
범일동0406,1,부산광역시 동구 범곡로45번길5,부산광역시 동구 범일동 1480,35.1409032,129.0537976,,,051-440-4674,부산광역시 동구청,2026-06-25
범일동0408,1,부산광역시 동구 범곡로53번길7,부산광역시 동구 범일동 1461-85,35.1408385,129.0530756,,,051-440-4674,부산광역시 동구청,2026-06-25
범일동0409,1,부산광역시 동구 범곡로53번길 5-7,부산광역시 동구 범일동 1461-33,35.1409866,129.0533869,,,051-440-4674,부산광역시 동구청,2026-06-25
범일동0410,1,부산광역시 동구 범곡서로17번길 39,부산광역시 동구 범일동 1480-42,35.1407248,129.0533359,,,051-440-4674,부산광역시 동구청,2026-06-25
범일동0411,1,부산광역시 동구 범곡서로17번길 43,부산광역시 동구 범일동 1480-36,35.1406496,129.0534655,,,051-440-4674,부산광역시 동구청,2026-06-25
범일동0412,1,부산광역시 동구 범곡서로17번길 42-7,부산광역시 동구 범일동 1477-4,35.1404214,129.0532904,,,051-440-4674,부산광역시 동구청,2026-06-25
범일동0413,1,부산광역시 동구 증산로 162-5,부산광역시 동구 범일동 1461-65,35.1404891,129.0530555,,,051-440-4674,부산광역시 동구청,2026-06-25
범일동0414,1,부산광역시 동구 증산로 162,부산광역시 동구 범일동 1461-73,35.1403065,129.0530937,,,051-440-4674,부산광역시 동구청,2026-06-25
범일동0416,1,부산광역시 동구 범곡로 54,부산광역시 동구 범일동 1482-25,35.1411935,129.0529812,,,051-440-4674,부산광역시 동구청,2026-06-25
범일동0417,1,부산광역시 동구 범곡로55번길 3,부산광역시 동구 범일동 1460-3,35.1409953,129.052928,,,051-440-4674,부산광역시 동구청,2026-06-25
범일동0418,1,부산광역시 동구 범곡로55번길 6,부산광역시 동구 범일동 1457-74,35.1410657,129.0526957,,,051-440-4674,부산광역시 동구청,2026-06-25
범일동0419,1,부산광역시 동구 범곡로55번길 8,부산광역시 동구 범일동 1458-8,35.1409536,129.0525336,,,051-440-4674,부산광역시 동구청,2026-06-25
범일동0420,1,부산광역시 동구 범곡서로 13-7,부산광역시 동구 범일동 1457-23,35.1410066,129.0523428,,,051-440-4674,부산광역시 동구청,2026-06-25
범일동0421,1,부산광역시 동구 범곡로55번길 2,부산광역시 동구 범일동 1620,35.1410771,129.0528174,,,051-440-4674,부산광역시 동구청,2026-06-25
범일동0422,1,부산광역시 동구 범곡로55번길 15,부산광역시 동구 범일동 1461-17,35.1407587,129.0524285,,,051-440-4674,부산광역시 동구청,2026-06-25
범일동0423,1,부산광역시 동구 범곡서로17번길 22,부산광역시 동구 범일동 1462-5,35.1406226,129.0522975,,,051-440-4674,부산광역시 동구청,2026-06-25
범일동0424,1,부산광역시 동구 범곡서로17번길 26,부산광역시 동구 범일동 1461-20,35.14067,129.0526192,,,051-440-4674,부산광역시 동구청,2026-06-25
범일동0425,1,부산광역시 동구 범곡서로17번길 28,부산광역시 동구 범일동 1461-9,35.1407174,129.052701,,,051-440-4674,부산광역시 동구청,2026-06-25
범일동0427,1,부산광역시 동구 범곡서로17번길 16-4,부산광역시 동구 범일동 1462-4,35.1404789,129.0521241,,,051-440-4674,부산광역시 동구청,2026-06-25
범일동0428,1,부산광역시 동구 범곡서로17번길 10-3,부산광역시 동구 범일동 1463-6,35.1404429,129.0519389,,,051-440-4674,부산광역시 동구청,2026-06-25
범일동0429,1,부산광역시 동구 범곡서로17번길 10-7,부산광역시 동구 범일동 1422-25,35.1403347,129.0519004,,,051-440-4674,부산광역시 동구청,2026-06-25
범일동0430,1,부산광역시 동구 범곡서로17번길 11,부산광역시 동구 범일동 1463-4,35.1404712,129.0518229,,,051-440-4674,부산광역시 동구청,2026-06-25
범일동0431,1,부산광역시 동구 증산로 180-13,부산광역시 동구 범일동 1424-34,35.140384,129.0515869,,,051-440-4674,부산광역시 동구청,2026-06-25
범일동0432,1,부산광역시 동구 증산로 180-9,부산광역시 동구 범일동 1424-38,35.1403271,129.051477,,,051-440-4674,부산광역시 동구청,2026-06-25
범일동0433,1,부산광역시 동구 증산로 180-8,부산광역시 동구 범일동 1422-30,35.140208,129.0515571,,,051-440-4674,부산광역시 동구청,2026-06-25
범일동0435,1,부산광역시 동구 망양로 920,부산광역시 동구 범일동 1424-13,35.140096,129.0512751,,,051-440-4674,부산광역시 동구청,2026-06-25
범일동0436,1,부산광역시 동구 범곡서로 25,부산광역시 동구 범일동 1424-9,35.1403549,129.0513387,,,051-440-4674,부산광역시 동구청,2026-06-25
범일동0437,1,부산광역시 동구 망양로 922,부산광역시 동구 범일동 1424-9,35.140369,129.0512444,,,051-440-4674,부산광역시 동구청,2026-06-25
범일동0438,1,부산광역시 동구 망양로 940,부산광역시 동구 범일동 1486-3,35.1413854,129.0523409,,,051-440-4674,부산광역시 동구청,2026-06-25
범일동0439,1,부산광역시 동구 범곡서로 12,부산광역시 동구 범일동 산72-1,35.14127,129.0522397,,,051-440-4674,부산광역시 동구청,2026-06-25
범일동0440,1,부산광역시 동구 망양로 936-1,부산광역시 동구 범일동 산72-1,35.1413404,129.0521003,,,051-440-4674,부산광역시 동구청,2026-06-25
범일동0441,1,부산광역시 동구 망양로 938,부산광역시 동구 범일동 산72-1,35.1414143,129.0521311,,,051-440-4674,부산광역시 동구청,2026-06-25
범일동0442,1,부산광역시 동구 망양로 930-1,부산광역시 동구 범일동 산72-1,35.1408295,129.0515322,,,051-440-4674,부산광역시 동구청,2026-06-25
범일동0443,1,부산광역시 동구 망양로 932-2,부산광역시 동구 범일동 산72-1,35.1410555,129.0518449,,,051-440-4674,부산광역시 동구청,2026-06-25
범일동0444,1,부산광역시 동구 망양로 915-4,부산광역시 동구 범일동 1424-97,35.1399458,129.0508282,,,051-440-4674,부산광역시 동구청,2026-06-25
범일동0445,1,부산광역시 동구 망양로 915-14,부산광역시 동구 범일동 1424-89,35.1399929,129.0505888,,,051-440-4674,부산광역시 동구청,2026-06-25
범일동0446,1,부산광역시 동구 망양로 905-1,부산광역시 동구 범일동 1450-77,35.1399537,129.0501722,,,051-440-4674,부산광역시 동구청,2026-06-25
범일동0447,1,부산광역시 동구 망양로 903-1,부산광역시 동구 범일동 1449-8,35.1400025,129.0499176,,,051-440-4674,부산광역시 동구청,2026-06-25
범일동0448,1,부산광역시 동구 범내남로 3,부산광역시 동구 범일동 1622-81,35.1405105,129.0492433,,,051-440-4674,부산광역시 동구청,2026-06-25
범일동0449,1,부산광역시 동구 범내남로 4-2,부산광역시 동구 범일동 1439-2,35.140377,129.0495522,,,051-440-4674,부산광역시 동구청,2026-06-25
범일동0450,1,부산광역시 동구 범내남로 6,부산광역시 동구 범일동 1439-1,35.140462,129.0496921,,,051-440-4674,부산광역시 동구청,2026-06-25
범일동0451,1,부산광역시 동구 범내남로 8-3,부산광역시 동구 범일동 1456-131,35.1404291,129.0498735,,,051-440-4674,부산광역시 동구청,2026-06-25
범일동0453,1,부산광역시 동구 범내남로 8,부산광역시 동구 범일동 1456-125,35.140494,129.0498752,,,051-440-4674,부산광역시 동구청,2026-06-25
범일동0454,1,부산광역시 동구 범내남로 10,부산광역시 동구 범일동 1456-139,35.1405351,129.050039,,,051-440-4674,부산광역시 동구청,2026-06-25
범일동0455,1,부산광역시 동구 범내남로10-8,부산광역시 동구 범일동 1454-10,35.1403719,129.0501985,,,051-440-4674,부산광역시 동구청,2026-06-25
범일동0456,1,부산광역시 동구 망양로899번길 12-5,부산광역시 동구 범일동 1450-78,35.1400693,129.0501086,,,051-440-4674,부산광역시 동구청,2026-06-25
범일동0457,1,부산광역시 동구 망양로899번길 16-4,부산광역시 동구 범일동 1450-63,35.1402139,129.0502597,,,051-440-4674,부산광역시 동구청,2026-06-25
범일동0458,1,부산광역시 동구 망양로899번길 16-12,부산광역시 동구 범일동 1450-64,35.1400373,129.050445,,,051-440-4674,부산광역시 동구청,2026-06-25
범일동0459,1,부산광역시 동구 망양로923번길 8,부산광역시 동구 범일동 1454-16,35.1404809,129.0506664,,,051-440-4674,부산광역시 동구청,2026-06-25
범일동0460,1,부산광역시 동구 범내남로14번길 9,부산광역시 동구 범일동 1456-95,35.1407291,129.0503956,,,051-440-4674,부산광역시 동구청,2026-06-25
범일동0462,1,부산광역시 동구 범내남로14번길 3-1,부산광역시 동구 범일동 1456-62,35.1408481,129.0504383,,,051-440-4674,부산광역시 동구청,2026-06-25
범일동0463,1,부산광역시 동구 범내남로 14-1,부산광역시 동구 범일동 1456-63,35.1408826,129.0503593,,,051-440-4674,부산광역시 동구청,2026-06-25
범일동0464,1,부산광역시 동구 범내남로14번길 6,부산광역시 동구 범일동 1456-97,35.140762,129.0502541,,,051-440-4674,부산광역시 동구청,2026-06-25
범일동0465,1,부산광역시 동구 범내남로 16-1,부산광역시 동구 범일동 1456-37,35.141037,129.0504834,,,051-440-4674,부산광역시 동구청,2026-06-25
범일동0466,1,부산광역시 동구 범내남로 18,부산광역시 동구 범일동 1456-32,35.1412088,129.0504392,,,051-440-4674,부산광역시 동구청,2026-06-25
범일동0467,1,부산광역시 동구 범내남로16번길 5-4,부산광역시 동구 범일동 1456-42,35.1410038,129.0506978,,,051-440-4674,부산광역시 동구청,2026-06-25
범일동0468,1,부산광역시 동구 범내남로16번길10,부산광역시 동구 범일동 1456-199,35.1408419,129.0505681,,,051-440-4674,부산광역시 동구청,2026-06-25
범일동0469,1,부산광역시 동구 망양로931번길 21,부산광역시 동구 범일동 1454-19,35.1407051,129.0507335,,,051-440-4674,부산광역시 동구청,2026-06-25
범일동0470,1,부산광역시 동구 망양로931번길 22,부산광역시 동구 범일동 1456-91,35.1407099,129.0505992,,,051-440-4674,부산광역시 동구청,2026-06-25
범일동0471,1,부산광역시 동구 망양로931번길 24,부산광역시 동구 범일동 1454-10,35.1405964,129.050733,,,051-440-4674,부산광역시 동구청,2026-06-25
범일동0472,1,부산광역시 동구 망양로923번길 7,부산광역시 동구 범일동 1454-3,35.140406,129.0507267,,,051-440-4674,부산광역시 동구청,2026-06-25
범일동0473,1,부산광역시 동구 망양로923번길 8,부산광역시 동구 범일동 1454-20,35.1404809,129.0506664,,,051-440-4674,부산광역시 동구청,2026-06-25
범일동0474,1,부산광역시 동구 망양로 921-3,부산광역시 동구 범일동 1453-10,35.140421,129.0508562,,,051-440-4674,부산광역시 동구청,2026-06-25
범일동0475,1,부산광역시 동구 망양로 925-4,부산광역시 동구 범일동 1454-10,35.1407676,129.0509632,,,051-440-4674,부산광역시 동구청,2026-06-25
범일동0476,1,부산광역시 동구 망양로931번길 16,부산광역시 동구 범일동 1456-49,35.1409051,129.0508661,,,051-440-4674,부산광역시 동구청,2026-06-25
범일동0477,1,부산광역시 동구 망양로931번가길 6,부산광역시 동구 범일동 1488-20,35.1410901,129.0511151,,,051-440-4674,부산광역시 동구청,2026-06-25
범일동0478,1,부산광역시 동구 망양로931번가길 6,부산광역시 동구 범일동 1488-20,35.1410901,129.0511151,,,051-440-4674,부산광역시 동구청,2026-06-25
범일동0479,1,부산광역시 동구 망양로931번가길 6,부산광역시 동구 범일동 1488-20,35.1410901,129.0511151,,,051-440-4674,부산광역시 동구청,2026-06-25
범일동0480,1,부산광역시 동구 망양로931번가길 1,부산광역시 동구 범일동 1454-17,35.1409915,129.0511531,,,051-440-4674,부산광역시 동구청,2026-06-25
범일동0481,1,부산광역시 동구 망양로931번가길 8,부산광역시 동구 범일동 1456-25,35.1410762,129.0509747,,,051-440-4674,부산광역시 동구청,2026-06-25
범일동0483,1,부산광역시 동구 망양로931번가길 9-2,부산광역시 동구 범일동 1456-26,35.1410784,129.0508781,,,051-440-4674,부산광역시 동구청,2026-06-25
범일동0484,1,부산광역시 동구 망양로931번가길 9-4,부산광역시 동구 범일동 1456-44,35.1410068,129.050852,,,051-440-4674,부산광역시 동구청,2026-06-25
범일동0485,1,부산광역시 동구 망양로931번가길 14,부산광역시 동구 범일동 1456-9,35.1412704,129.0508318,,,051-440-4674,부산광역시 동구청,2026-06-25
범일동0486,1,부산광역시 동구 망양로937번길21-14,부산광역시 동구 범일동 1488-20,35.1414561,129.050893,,,051-440-4674,부산광역시 동구청,2026-06-25
범일동0487,1,부산광역시 동구 망양로937번길 21-22,부산광역시 동구 범일동 1456-8,35.1412922,129.0509164,,,051-440-4674,부산광역시 동구청,2026-06-25
범일동0488,1,부산광역시 동구 망양로937번길 19-6,부산광역시 동구 범일동 1438-213,35.1416263,129.0509762,,,051-440-4674,부산광역시 동구청,2026-06-25
범일동0489,1,부산광역시 동구 망양로937번길 19-4,부산광역시 동구 범일동 1438-622,35.1416809,129.0510279,,,051-440-4674,부산광역시 동구청,2026-06-25
범일동0491,1,부산광역시 동구 범내남로22번길 13,부산광역시 동구 범일동 1493-42,35.1417572,129.0502887,,,051-440-4674,부산광역시 동구청,2026-06-25
범일동0492,1,부산광역시 동구 범내남로22번길 12,부산광역시 동구 범일동 1438-541,35.1416424,129.0503481,,,051-440-4674,부산광역시 동구청,2026-06-25
범일동0493,1,부산광역시 동구 범내남로18번길 9-6,부산광역시 동구 범일동 1438-219,35.1416209,129.0504465,,,051-440-4674,부산광역시 동구청,2026-06-25
범일동0494,1,부산광역시 동구 범내남로18번길 9-5,부산광역시 동구 범일동 1438-618,35.141456,129.0503574,,,051-440-4674,부산광역시 동구청,2026-06-25
범일동0495,1,부산광역시 동구 범내남로 20-4,부산광역시 동구 범일동 1456-15,35.1413422,129.0503089,,,051-440-4674,부산광역시 동구청,2026-06-25
범일동0496,1,부산광역시 동구 범내남로22번길 9,부산광역시 동구 범일동 1438-220,35.1416374,129.0501858,,,051-440-4674,부산광역시 동구청,2026-06-25
범일동0497,1,부산광역시 동구 범내남로26번길 13,부산광역시 동구 범일동 1438-25,35.142077,129.0503121,,,051-440-4674,부산광역시 동구청,2026-06-25
범일동0498,1,부산광역시 동구 범내남로26번길 5,부산광역시 동구 범일동 1438-19,35.1419267,129.0499413,,,051-440-4674,부산광역시 동구청,2026-06-25
범일동0499,1,부산광역시 동구 범내남로22번길 5-4,부산광역시 동구 범일동 1438-39,35.1416691,129.0499578,,,051-440-4674,부산광역시 동구청,2026-06-25
범일동0501,1,부산광역시 동구 범상로14번길 12,부산광역시 동구 범일동 1500-26,35.1415716,129.0495726,,,051-440-4674,부산광역시 동구청,2026-06-25
범일동0502,1,부산광역시 동구 범상로14번길 12-4,부산광역시 동구 범일동 1500-27,35.1415105,129.0495995,,,051-440-4674,부산광역시 동구청,2026-06-25
범일동0503,1,부산광역시 동구 범상로14번길 11,부산광역시 동구 범일동 1500-17,35.1416389,129.0495009,,,051-440-4674,부산광역시 동구청,2026-06-25
범일동0504,1,부산광역시 동구 범내남로 29-3,부산광역시 동구 범일동 1501-68,35.1419306,129.0494947,,,051-440-4674,부산광역시 동구청,2026-06-25
범일동0505,1,부산광역시 동구 범내남로 29-1,부산광역시 동구 범일동 1501-87,35.142005,129.0496184,,,051-440-4674,부산광역시 동구청,2026-06-25
범일동0506,1,부산광역시 동구 범상로14번길 7-4,부산광역시 동구 범일동 1500-121,35.1416414,129.0493131,,,051-440-4674,부산광역시 동구청,2026-06-25
범일동0507,1,부산광역시 동구 범상로14번길 7-6,부산광역시 동구 범일동 1500-14,35.1416444,129.0492524,,,051-440-4674,부산광역시 동구청,2026-06-25
범일동0508,1,부산광역시 동구 범상로14번길 7-12,부산광역시 동구 범일동 1500-8,35.1417283,129.0491312,,,051-440-4674,부산광역시 동구청,2026-06-25
범일동0509,1,부산광역시 동구 범상로6번가길 15,부산광역시 동구 범일동 1438-507,35.1412547,129.0493897,,,051-440-4674,부산광역시 동구청,2026-06-25
범일동0510,1,부산광역시 동구 범상로14번길 8-3,부산광역시 동구 범일동 1438-182,35.141347,129.0493993,,,051-440-4674,부산광역시 동구청,2026-06-25
범일동0512,1,부산광역시 동구 범상로6번가길 12,부산광역시 동구 범일동 1438-197,35.141152,129.0493663,,,051-440-4674,부산광역시 동구청,2026-06-25
범일동0513,1,부산광역시 동구 범상로6번가길 7,부산광역시 동구 범일동 1438-7,35.1410176,129.0491157,,,051-440-4674,부산광역시 동구청,2026-06-25
범일동0514,1,부산광역시 동구 범상로6번가길 11,부산광역시 동구 범일동 1438-92,35.141167,129.0492306,,,051-440-4674,부산광역시 동구청,2026-06-25
범일동0515,1,부산광역시 동구 범상로14번길 7,부산광역시 동구 범일동 1500-30,35.1415593,129.049326,,,051-440-4674,부산광역시 동구청,2026-06-25
범일동0516,1,부산광역시 동구 범상로 14-1,부산광역시 동구 범일동 1500-39,35.1416228,129.0490151,,,051-440-4674,부산광역시 동구청,2026-06-25
범일동0517,1,부산광역시 동구 범내남로 23-1,부산광역시 동구 범일동 1438-176,35.141488,129.0497551,,,051-440-4674,부산광역시 동구청,2026-06-25
범일동0518,1,부산광역시 동구 범내남로 23,부산광역시 동구 범일동 1438-45,35.1413797,129.0497956,,,051-440-4674,부산광역시 동구청,2026-06-25
범일동0519,1,부산광역시 동구 범내남로 21-5,부산광역시 동구 범일동 1438-595,35.1411676,129.0498166,,,051-440-4674,부산광역시 동구청,2026-06-25
범일동0520,1,부산광역시 동구 범상로6번가길 22,부산광역시 동구 범일동 1438-181,35.1409938,129.0495781,,,051-440-4674,부산광역시 동구청,2026-06-25
범일동0521,1,부산광역시 동구 범상로6번가길 23,부산광역시 동구 범일동 1438-233,35.1409084,129.0495949,,,051-440-4674,부산광역시 동구청,2026-06-25
범일동0522,1,부산광역시 동구 범상로6번가길 6,부산광역시 동구 범일동 1438-8,35.140967,129.0492534,,,051-440-4674,부산광역시 동구청,2026-06-25
범일동0523,1,부산광역시 동구 범상로6번길 4,부산광역시 동구 범일동 1438-136,35.1407123,129.0491802,,,051-440-4674,부산광역시 동구청,2026-06-25
범일동0524,1,부산광역시 동구 범상로6번길 7,부산광역시 동구 범일동 1438-15,35.14082,129.0494227,,,051-440-4674,부산광역시 동구청,2026-06-25
범일동0525,1,부산광역시 동구 범상로6번길 15,부산광역시 동구 범일동 1456-111,35.1406543,129.0497928,,,051-440-4674,부산광역시 동구청,2026-06-25
범일동0526,1,부산광역시 동구 범내남로 9-7,부산광역시 동구 범일동 1456-106,35.1408502,129.0498999,,,051-440-4674,부산광역시 동구청,2026-06-25
범일동0527,1,부산광역시 동구 범내남로17번길 13,부산광역시 동구 범일동 1438-565,35.140959,129.0497042,,,051-440-4674,부산광역시 동구청,2026-06-25
범일동0528,1,부산광역시 동구 범내남로17번길 6,부산광역시 동구 범일동 1456-79,35.1410048,129.0500744,,,051-440-4674,부산광역시 동구청,2026-06-25
범일동0529,1,부산광역시 동구 범내남로 9-5,부산광역시 동구 범일동 1456-107,35.1407918,129.0499106,,,051-440-4674,부산광역시 동구청,2026-06-25
범일동0530,1,부산광역시 동구 범내남로17번길 7,부산광역시 동구 범일동 1456-68,35.1409808,129.0501671,,,051-440-4674,부산광역시 동구청,2026-06-25
범일동0532,1,부산광역시 동구 범내남로17번길 10-7,부산광역시 동구 범일동 1438-205,35.141221,129.0498827,,,051-440-4674,부산광역시 동구청,2026-06-25
범일동0533,1,부산광역시 동구 범내남로 20,부산광역시 동구 범일동 1438-545,35.1413559,129.0501237,,,051-440-4674,부산광역시 동구청,2026-06-25
범일동0534,1,부산광역시 동구 범내남로 27-1,부산광역시 동구 범일동 1501-67,35.1418455,129.0496174,,,051-440-4674,부산광역시 동구청,2026-06-25
범일동0535,1,부산광역시 동구 범내남로32번길 4,부산광역시 동구 범일동 1501-178,35.1420602,129.0497816,,,051-440-4674,부산광역시 동구청,2026-06-25
범일동0536,1,부산광역시 동구 범내남로32번길 4,부산광역시 동구 범일동 1501-78,35.1420602,129.0497816,,,051-440-4674,부산광역시 동구청,2026-06-25
범일동0537,1,부산광역시 동구 범내남로32번길 6,부산광역시 동구 범일동 1499-3,35.1420758,129.0499628,,,051-440-4674,부산광역시 동구청,2026-06-25
범일동0538,1,부산광역시 동구 범내남로32번길 9,부산광역시 동구 범일동 1501-76,35.1423018,129.0500118,,,051-440-4674,부산광역시 동구청,2026-06-25
범일동0539,1,부산광역시 동구 범내남로32번길 13,부산광역시 동구 범일동 1494-12,35.1422319,129.0502526,,,051-440-4674,부산광역시 동구청,2026-06-25
범일동0540,1,부산광역시 동구 증산로 152,부산광역시 동구 범일동 1501-129,35.1393168,129.05317,,,051-440-4674,부산광역시 동구청,2026-06-25
범일동0541,1,부산광역시 동구 범내남로 34-1,부산광역시 동구 범일동 1501-93,35.1423876,129.0497751,,,051-440-4674,부산광역시 동구청,2026-06-25
범일동0542,1,부산광역시 동구 범상로43번길 5-3,부산광역시 동구 범일동 1522-122,35.1437473,129.0478815,,,051-440-4674,부산광역시 동구청,2026-06-25
범일동0543,1,부산광역시 동구 범상로22번길 8-4,부산광역시 동구 범일동 1501-116,35.1421239,129.0493045,,,051-440-4674,부산광역시 동구청,2026-06-25
범일동0544,1,부산광역시 동구 범내남로 29-5,부산광역시 동구 범일동 1501-62,35.1421007,129.0494054,,,051-440-4674,부산광역시 동구청,2026-06-25
범일동0545,1,부산광역시 동구 범상로22번길 8-8,부산광역시 동구 범일동 1500-47,35.1419906,129.0491842,,,051-440-4674,부산광역시 동구청,2026-06-25
범일동0546,1,부산광역시 동구 범상로22번길 3-1,부산광역시 동구 범일동 1501-48,35.1423135,129.0492042,,,051-440-4674,부산광역시 동구청,2026-06-25
범일동0547,1,부산광역시 동구 범상로22번길 4,부산광역시 동구 범일동 1501-56,35.1421827,129.0492081,,,051-440-4674,부산광역시 동구청,2026-06-25
범일동0548,1,부산광역시 동구 범상로 22,부산광역시 동구 범일동 1501-163,35.1421817,129.0491107,,,051-440-4674,부산광역시 동구청,2026-06-25
범일동0549,1,부산광역시 동구 범내남로 35,부산광역시 동구 범일동 1501-45,35.1425339,129.0494973,,,051-440-4674,부산광역시 동구청,2026-06-25
범일동0550,1,부산광역시 동구 범내남로 35-1,부산광역시 동구 범일동 1501-41,35.142644,129.0496255,,,051-440-4674,부산광역시 동구청,2026-06-25
범일동0551,1,부산광역시 동구 범상로26번길 7,부산광역시 동구 범일동 1501-28,35.1427709,129.0493809,,,051-440-4674,부산광역시 동구청,2026-06-25
범일동0552,1,부산광역시 동구 범상로 26-1,부산광역시 동구 범일동 1501-32,35.1426467,129.0491558,,,051-440-4674,부산광역시 동구청,2026-06-25
범일동0553,1,부산광역시 동구 범상로26번길 13,부산광역시 동구 범일동 1501-26,35.1428633,129.0495929,,,051-440-4674,부산광역시 동구청,2026-06-25
범일동0554,1,부산광역시 동구 범내남로 39-2,부산광역시 동구 범일동 1510-59,35.1429376,129.0498138,,,051-440-4674,부산광역시 동구청,2026-06-25
범일동0555,1,부산광역시 동구 범내남로 38,부산광역시 동구 범일동 1501-19,35.1426512,129.0498231,,,051-440-4674,부산광역시 동구청,2026-06-25
범일동0556,1,부산광역시 동구 범내남로36번길 2,부산광역시 동구 범일동 1501-143,35.1424866,129.0497551,,,051-440-4674,부산광역시 동구청,2026-06-25
범일동0557,1,부산광역시 동구 범내남로36번길 6,부산광역시 동구 범일동 1498-2,35.1424559,129.0499508,,,051-440-4674,부산광역시 동구청,2026-06-25
범일동0558,1,부산광역시 동구 범내로9번길 25,부산광역시 동구 범일동 1494-3,35.1424865,129.0503401,,,051-440-4674,부산광역시 동구청,2026-06-25
범일동0559,1,부산광역시 동구 범내로9번길 29,부산광역시 동구 범일동 1501-23,35.1426605,129.05015,,,051-440-4674,부산광역시 동구청,2026-06-25
범일동0560,1,부산광역시 동구 범내로9번길 35,부산광역시 동구 범일동 1501-16,35.1427799,129.0499597,,,051-440-4674,부산광역시 동구청,2026-06-25
범일동0561,1,부산광역시 동구 범내남로 42,부산광역시 동구 범일동 1510-9,35.1430002,129.0499902,,,051-440-4674,부산광역시 동구청,2026-06-25
범일동0562,1,부산광역시 동구 범내남로26번길 23,부산광역시 동구 범일동 1494-7,35.1423762,129.0505532,,,051-440-4674,부산광역시 동구청,2026-06-25
범일동0563,1,부산광역시 동구 범내로9번길 42-1,부산광역시 동구 범일동 1510-30,35.1430998,129.0496912,,,051-440-4674,부산광역시 동구청,2026-06-25
범일동0564,1,부산광역시 동구 범내로9번길 48,부산광역시 동구 범일동 1509-55,35.1431214,129.0494667,,,051-440-4674,부산광역시 동구청,2026-06-25
범일동0565,1,부산광역시 동구 범내로9번길 49-6,부산광역시 동구 범일동 1501,35.1428197,129.0492785,,,051-440-4674,부산광역시 동구청,2026-06-25
범일동0566,1,부산광역시 동구 범내로9번길 52-14,부산광역시 동구 범일동 1509-44,35.1433099,129.049256,,,051-440-4674,부산광역시 동구청,2026-06-25
범일동0568,1,부산광역시 동구 범내남로14번길 8-4,부산광역시 동구 범일동 1454-23,35.1405783,129.0502031,,,051-440-4674,부산광역시 동구청,2026-06-25
범일동0569,1,부산광역시 동구 범내로9번길 54-7,부산광역시 동구 범일동 1509-24,35.1431967,129.0490004,,,051-440-4674,부산광역시 동구청,2026-06-25
범일동0570,1,부산광역시 동구 범상로 32,부산광역시 동구 범일동 1509-21,35.1430772,129.0489147,,,051-440-4674,부산광역시 동구청,2026-06-25
범일동0571,1,부산광역시 동구 범내로9번길 54-13,부산광역시 동구 범일동 1509-30,35.1433095,129.0490045,,,051-440-4674,부산광역시 동구청,2026-06-25
범일동0572,1,부산광역시 동구 범내로 39,부산광역시 동구 범일동 1509-69,35.1433718,129.0489224,,,051-440-4674,부산광역시 동구청,2026-06-25
범일동0573,1,부산광역시 동구 범내로 36-8,부산광역시 동구 범일동 1508-76,35.1436368,129.0490266,,,051-440-4674,부산광역시 동구청,2026-06-25
범일동0574,1,부산광역시 동구 범내로 31-2,부산광역시 동구 범일동 1510-25,35.1432371,129.0497222,,,051-440-4674,부산광역시 동구청,2026-06-25
범일동0575,1,부산광역시 동구 범내로 30-4,부산광역시 동구 범일동 1513-20,35.143412,129.0499174,,,051-440-4674,부산광역시 동구청,2026-06-25
범일동0576,1,부산광역시 동구 범내로 30-6,부산광역시 동구 범일동 1512-8,35.143492,129.0498577,,,051-440-4674,부산광역시 동구청,2026-06-25
범일동0577,1,부산광역시 동구 범내로 28,부산광역시 동구 범일동 1513-26,35.1432975,129.0502801,,,051-440-4674,부산광역시 동구청,2026-06-25
범일동0578,1,부산광역시 동구 범내남로 43,부산광역시 동구 범일동 1510-18,35.1431198,129.0499247,,,051-440-4674,부산광역시 동구청,2026-06-25
범일동0579,1,부산광역시 동구 범내로9번길 34-9,부산광역시 동구 범일동 1492-34,35.1429722,129.050254,,,051-440-4674,부산광역시 동구청,2026-06-25
범일동0580,1,부산광역시 동구 범내로9번길 34-3,부산광역시 동구 범일동 1492-31,35.142893,129.0501469,,,051-440-4674,부산광역시 동구청,2026-06-25
범일동0581,1,부산광역시 동구 범내로9번길 30-13,부산광역시 동구 범일동 1492-67,35.1429105,129.0504594,,,051-440-4674,부산광역시 동구청,2026-06-25
범일동0582,1,부산광역시 동구 범내로 22-6,부산광역시 동구 범일동 1513-33,35.1433393,129.0506773,,,051-440-4674,부산광역시 동구청,2026-06-25
범일동0583,1,부산광역시 동구 범내로 21,부산광역시 동구 범일동 1492-86,35.1429769,129.0507517,,,051-440-4674,부산광역시 동구청,2026-06-25
범일동0584,1,부산광역시 동구 범내로9번길 28-11,부산광역시 동구 범일동 1492-80,35.1428453,129.0504751,,,051-440-4674,부산광역시 동구청,2026-06-25
범일동0585,1,부산광역시 동구 범내로9번길 28-9,부산광역시 동구 범일동 1492-79,35.1427852,129.0504713,,,051-440-4674,부산광역시 동구청,2026-06-25
범일동0586,1,부산광역시 동구 범내로9번길 24-9,부산광역시 동구 범일동 1492-105,35.1426618,129.0506142,,,051-440-4674,부산광역시 동구청,2026-06-25
범일동0587,1,부산광역시 동구 범내로 19-1,부산광역시 동구 범일동 1492-97,35.1429202,129.0508334,,,051-440-4674,부산광역시 동구청,2026-06-25
범일동0588,1,부산광역시 동구 범내로 19,부산광역시 동구 범일동 1492-98,35.1428264,129.0508537,,,051-440-4674,부산광역시 동구청,2026-06-25
범일동0589,1,부산광역시 동구 범내로9번길 24-10,부산광역시 동구 범일동 1492-113,35.1425953,129.050679,,,051-440-4674,부산광역시 동구청,2026-06-25
범일동0590,1,부산광역시 동구 범내로9번길 24-4,부산광역시 동구 범일동 1492-111,35.1425248,129.0505858,,,051-440-4674,부산광역시 동구청,2026-06-25
범일동0591,1,부산광역시 동구 범내로9번길 20-3,부산광역시 동구 범일동 1496-9,35.1424976,129.0506973,,,051-440-4674,부산광역시 동구청,2026-06-25
범일동0592,1,부산광역시 동구 범내로9번길 20-5,부산광역시 동구 범일동 1492-124,35.1425613,129.0507924,,,051-440-4674,부산광역시 동구청,2026-06-25
범일동0593,1,부산광역시 동구 범내로 16,부산광역시 동구 범일동 1513-49,35.1426733,129.0512612,,,051-440-4674,부산광역시 동구청,2026-06-25
범일동0594,1,부산광역시 동구 범내로9번길 16-8,부산광역시 동구 범일동 1492-140,35.1424087,129.0510903,,,051-440-4674,부산광역시 동구청,2026-06-25
범일동0595,1,부산광역시 동구 범내로9번길 16-1,부산광역시 동구 범일동 1492-132,35.1423619,129.0508404,,,051-440-4674,부산광역시 동구청,2026-06-25
범일동0596,1,부산광역시 동구 범내로9번길 15,부산광역시 동구 범일동 1494-20,35.1422362,129.0508108,,,051-440-4674,부산광역시 동구청,2026-06-25
범일동0597,1,부산광역시 동구 범내로9번길 11,부산광역시 동구 범일동 1492-8,35.1421766,129.0510294,,,051-440-4674,부산광역시 동구청,2026-06-25
범일동0598,1,부산광역시 동구 범내로9번길 9-1,부산광역시 동구 범일동 1492-158,35.1421243,129.0510974,,,051-440-4674,부산광역시 동구청,2026-06-25
범일동0599,1,부산광역시 동구 범내로9번길 12-5,부산광역시 동구 범일동 1492-144,35.1423989,129.0512045,,,051-440-4674,부산광역시 동구청,2026-06-25
범일동0600,1,부산광역시 동구 범내로9번길 5,부산광역시 동구 범일동 1492-163,35.1420801,129.0513846,,,051-440-4674,부산광역시 동구청,2026-06-25
범일동0601,1,부산광역시 동구 범내로 7,부산광역시 동구 범일동 1492-9,35.1419832,129.0516901,,,051-440-4674,부산광역시 동구청,2026-06-25
범일동0602,1,부산광역시 동구 범내로7번길 3-4,부산광역시 동구 범일동 1493-5,35.1418742,129.0514804,,,051-440-4674,부산광역시 동구청,2026-06-25
범일동0603,1,부산광역시 동구 범내로7번길 7-3,부산광역시 동구 범일동 1493-49,35.1418878,129.051343,,,051-440-4674,부산광역시 동구청,2026-06-25
범일동0604,1,부산광역시 동구 범내로9번길 7,부산광역시 동구 범일동 1492-161,35.142095,129.0512824,,,051-440-4674,부산광역시 동구청,2026-06-25
범일동0605,1,부산광역시 동구 범내로7번길 16,부산광역시 동구 범일동 1494-22,35.1421536,129.0509364,,,051-440-4674,부산광역시 동구청,2026-06-25
범일동0606,1,부산광역시 동구 범내로7번길 21,부산광역시 동구 범일동 1493-17,35.1419197,129.0511137,,,051-440-4674,부산광역시 동구청,2026-06-25
범일동0607,1,부산광역시 동구 범내로 4,부산광역시 동구 범일동 1486-6,35.1419932,129.0521708,,,051-440-4674,부산광역시 동구청,2026-06-25
범일동0608,1,부산광역시 동구 범내로 8,부산광역시 동구 범일동 1513-2,35.1421476,129.0519058,,,051-440-4674,부산광역시 동구청,2026-06-25
범일동0609,1,부산광역시 동구 범내로 10,부산광역시 동구 범일동 1513-7,35.1422944,129.0516287,,,051-440-4674,부산광역시 동구청,2026-06-25
범일동0611,1,부산광역시 동구 범곡북로 1,부산광역시 동구 범일동 41-2,35.1415971,129.0556389,,,051-440-4674,부산광역시 동구청,2026-06-25
범일동0612,1,부산광역시 동구 망양로 978,부산광역시 동구 범일동 26-4,35.1415233,129.0560481,,,051-440-4674,부산광역시 동구청,2026-06-25
범일동0613,1,부산광역시 동구 중앙대로 539,부산광역시 동구 범일동 26-8,35.1412885,129.0560352,,,051-440-4674,부산광역시 동구청,2026-06-25
범일동0614,1,부산광역시 동구 범곡로28번길 16,부산광역시 동구 범일동 28-2,35.1411383,129.05579,,,051-440-4674,부산광역시 동구청,2026-06-25
범일동0615,1,부산광역시 동구 범곡로28번길 15,부산광역시 동구 범일동 31-1,35.1410672,129.0555918,,,051-440-4674,부산광역시 동구청,2026-06-25
범일동0616,1,부산광역시 동구 범곡북로 3-1,부산광역시 동구 범일동 44-13,35.1416693,129.0553348,,,051-440-4674,부산광역시 동구청,2026-06-25
범일동0617,1,부산광역시 동구 범곡북로3번길 5,부산광역시 동구 범일동 44-8,35.1415154,129.0553314,,,051-440-4674,부산광역시 동구청,2026-06-25
범일동0618,1,부산광역시 동구 범곡북로3번길 7-4,부산광역시 동구 범일동 47-2,35.1412724,129.0553147,,,051-440-4674,부산광역시 동구청,2026-06-25
범일동0619,1,부산광역시 동구 범곡북로3번길 7-6,부산광역시 동구 범일동 47-1,35.1412997,129.0554176,,,051-440-4674,부산광역시 동구청,2026-06-25
범일동0620,1,부산광역시 동구 중앙대로533번길 20-21,부산광역시 동구 범일동 1310-4,35.1411795,129.0551672,,,051-440-4674,부산광역시 동구청,2026-06-25
범일동0621,1,부산광역시 동구 중앙대로533번길 20-13,부산광역시 동구 범일동 1310-8,35.1411912,129.0549236,,,051-440-4674,부산광역시 동구청,2026-06-25
범일동0622,1,부산광역시 동구 범곡북로3번길 10,부산광역시 동구 범일동 1308-30,35.1414781,129.0550961,,,051-440-4674,부산광역시 동구청,2026-06-25
범일동0623,1,부산광역시 동구 범곡북로 7,부산광역시 동구 범일동 1308-10,35.1415785,129.0548924,,,051-440-4674,부산광역시 동구청,2026-06-25
범일동0624,1,부산광역시 동구 범곡북로 8-1,부산광역시 동구 범일동 1306-7,35.1417866,129.0549027,,,051-440-4674,부산광역시 동구청,2026-06-25
범일동0625,1,부산광역시 동구 범곡북로 11,부산광역시 동구 범일동 1307-9,35.1416198,129.0544738,,,051-440-4674,부산광역시 동구청,2026-06-25
범일동0626,1,부산광역시 동구 범곡북로 9,부산광역시 동구 범일동 1308-35,35.1416143,129.0546959,,,051-440-4674,부산광역시 동구청,2026-06-25
범일동0627,1,부산광역시 동구 범곡북로3번길 23,부산광역시 동구 범일동 1309-6,35.1412024,129.0543884,,,051-440-4674,부산광역시 동구청,2026-06-25
범일동0628,1,부산광역시 동구 범곡북로 13,부산광역시 동구 범일동 1308-14,35.14162,129.0542663,,,051-440-4674,부산광역시 동구청,2026-06-25
범일동0629,1,부산광역시 동구 범곡북로 16-1,부산광역시 동구 범일동 1483-19,35.1417056,129.0539368,,,051-440-4674,부산광역시 동구청,2026-06-25
범일동0630,1,부산광역시 동구 범곡북로 22-12,부산광역시 동구 범일동 1483-4,35.1418527,129.0536448,,,051-440-4674,부산광역시 동구청,2026-06-25
범일동0631,1,부산광역시 동구 범곡북로 22-10,부산광역시 동구 범일동 1483-2,35.1417872,129.0536948,,,051-440-4674,부산광역시 동구청,2026-06-25
범일동0632,1,부산광역시 동구 범곡북로14번길 15,부산광역시 동구 범일동 1483-6,35.1418324,129.0534869,,,051-440-4674,부산광역시 동구청,2026-06-25
범일동0633,1,부산광역시 동구 범내남로18번길 9-3,부산광역시 동구 범일동 1456-191,35.1414223,129.0504925,,,051-440-4674,부산광역시 동구청,2026-06-25
범일동0634,1,부산광역시 동구 범곡북로 29,부산광역시 동구 범일동 1486-18,35.1417561,129.0527701,,,051-440-4674,부산광역시 동구청,2026-06-25
범일동0635,1,부산광역시 동구 범곡북로 27,부산광역시 동구 범일동 1486-19,35.1415996,129.0528373,,,051-440-4674,부산광역시 동구청,2026-06-25
범일동0636,1,부산광역시 동구 범곡서로 6,부산광역시 동구 범일동 1486-20,35.1414299,129.0526989,,,051-440-4674,부산광역시 동구청,2026-06-25
범일동0637,1,부산광역시 동구 범곡북로 21,부산광역시 동구 범일동 1482-32,35.1413366,129.0533658,,,051-440-4674,부산광역시 동구청,2026-06-25
범일동0638,1,부산광역시 동구 범곡북로21,부산광역시 동구 범일동 1622,35.1413366,129.0533658,,,051-440-4674,부산광역시 동구청,2026-06-25
범일동0640,1,부산광역시 동구 범곡북로 19,부산광역시 동구 범일동 1308-20,35.1413961,129.0538086,,,051-440-4674,부산광역시 동구청,2026-06-25
범일동0642,1,부산광역시 동구 중앙대로533번길 30-2,부산광역시 동구 범일동 1309-13,35.1411001,129.0547678,,,051-440-4674,부산광역시 동구청,2026-06-25
범일동0643,1,부산광역시 동구 중앙대로533번길 34,부산광역시 동구 범일동 1309-19,35.1410039,129.0545603,,,051-440-4674,부산광역시 동구청,2026-06-25
범일동0645,1,부산광역시 동구 범곡로 34,부산광역시 동구 범일동 1311-1,35.1407819,129.0549567,,,051-440-4674,부산광역시 동구청,2026-06-25
범일동0646,1,부산광역시 동구 중앙대로533번길 18,부산광역시 동구 범일동 52,35.1410061,129.0553583,,,051-440-4674,부산광역시 동구청,2026-06-25
범일동0647,1,부산광역시 동구 중앙대로533번길 14,부산광역시 동구 범일동 29-3,35.1410127,129.0555896,,,051-440-4674,부산광역시 동구청,2026-06-25
범일동0648,1,부산광역시 동구 중앙대로533번길 15-5,부산광역시 동구 범일동 56-7,35.1406511,129.0555556,,,051-440-4674,부산광역시 동구청,2026-06-25
범일동0649,1,부산광역시 동구 중앙대로533번길 8,부산광역시 동구 범일동 28-10,35.1410109,129.055934,,,051-440-4674,부산광역시 동구청,2026-06-25
범일동0650,1,부산광역시 동구 중앙대로533번길 4,부산광역시 동구 범일동 28-5,35.1410186,129.05618,,,051-440-4674,부산광역시 동구청,2026-06-25
범일동0651,1,부산광역시 동구 범곡로24번길 11-1,부산광역시 동구 범일동 60-1,35.1408341,129.0559141,,,051-440-4674,부산광역시 동구청,2026-06-25
범일동0652,1,부산광역시 동구 범곡로24번길 8-1,부산광역시 동구 범일동 63-13,35.1406767,129.0559895,,,051-440-4674,부산광역시 동구청,2026-06-25
범일동0653,1,부산광역시 동구 중앙대로 531-3,부산광역시 동구 범일동 61-9,35.1407478,129.0560313,,,051-440-4674,부산광역시 동구청,2026-06-25
범일동0654,1,부산광역시 동구 중앙대로 527-6,부산광역시 동구 범일동 63-9,35.1403856,129.0560228,,,051-440-4674,부산광역시 동구청,2026-06-25
범일동0655,1,부산광역시 동구 범곡로24번길 5,부산광역시 동구 범일동 64-10,35.1405603,129.0558869,,,051-440-4674,부산광역시 동구청,2026-06-25
범일동0656,1,부산광역시 동구 범곡로 25,부산광역시 동구 범일동 1312-7,35.1402577,129.0556926,,,051-440-4674,부산광역시 동구청,2026-06-25
범일동0657,1,부산광역시 동구 범곡로31번길 4,부산광역시 동구 범일동 1311-120,35.1403428,129.055156,,,051-440-4674,부산광역시 동구청,2026-06-25
범일동0659,1,부산광역시 동구 범곡로31번길 14,부산광역시 동구 범일동 1320-10,35.1400523,129.0554613,,,051-440-4674,부산광역시 동구청,2026-06-25
범일동0660,1,부산광역시 동구 범곡로33번길 19-17,부산광역시 동구 범일동 1320-11,35.1400535,129.0553682,,,051-440-4674,부산광역시 동구청,2026-06-25
범일동0661,1,부산광역시 동구 범곡로33번길 21,부산광역시 동구 범일동 1320-40,35.1399854,129.0549589,,,051-440-4674,부산광역시 동구청,2026-06-25
범일동0662,1,부산광역시 동구 범곡로33번가길 7,부산광역시 동구 범일동 1320-20,35.1399769,129.0552504,,,051-440-4674,부산광역시 동구청,2026-06-25
범일동0664,1,부산광역시 동구 범곡로9번다길 35,부산광역시 동구 범일동 1321-19,35.1398045,129.0554696,,,051-440-4674,부산광역시 동구청,2026-06-25
범일동0665,1,부산광역시 동구 범곡로9번다길 27,부산광역시 동구 범일동 1321-21,35.1397679,129.0552229,,,051-440-4674,부산광역시 동구청,2026-06-25
범일동0666,1,부산광역시 동구 범곡로9번나길 13-4,부산광역시 동구 범일동 1319-51,35.1395732,129.055095,,,051-440-4674,부산광역시 동구청,2026-06-25
범일동0667,1,부산광역시 동구 범곡로9번나길 7,부산광역시 동구 범일동 1319-13,35.1393095,129.0550199,,,051-440-4674,부산광역시 동구청,2026-06-25
범일동0668,1,부산광역시 동구 범곡로9번길 14,부산광역시 동구 범일동 1315-14,35.1390706,129.0552173,,,051-440-4674,부산광역시 동구청,2026-06-25
범일동0669,1,부산광역시 동구 범곡로9번가길 3,부산광역시 동구 범일동 1318-6,35.1391442,129.0552108,,,051-440-4674,부산광역시 동구청,2026-06-25
범일동0670,1,부산광역시 동구 범곡로9번가길 9,부산광역시 동구 범일동 1319-9,35.1393788,129.0553318,,,051-440-4674,부산광역시 동구청,2026-06-25
범일동0671,1,부산광역시 동구 범곡로9번가길 15,부산광역시 동구 범일동 1319-69,35.1396206,129.0553956,,,051-440-4674,부산광역시 동구청,2026-06-25
범일동0672,1,부산광역시 동구 범곡로9번가길 17,부산광역시 동구 범일동 1319-68,35.1396868,129.0554496,,,051-440-4674,부산광역시 동구청,2026-06-25
범일동0673,1,부산광역시 동구 범곡로33번길 5-8,부산광역시 동구 범일동 1311-76,35.1402777,129.0549553,,,051-440-4674,부산광역시 동구청,2026-06-25
범일동0674,1,부산광역시 동구 범곡로9번다길 19,부산광역시 동구 범일동 1320-44,35.1397419,129.0549335,,,051-440-4674,부산광역시 동구청,2026-06-25
범일동0675,1,부산광역시 동구 범곡로9번다길 11,부산광역시 동구 범일동 1326-20,35.1395074,129.054648,,,051-440-4674,부산광역시 동구청,2026-06-25
범일동0676,1,부산광역시 동구 증산로142번길 29-1,부산광역시 동구 범일동 1324-14,35.1393347,129.0544823,,,051-440-4674,부산광역시 동구청,2026-06-25
범일동0677,1,부산광역시 동구 증산로146번길 14-2,부산광역시 동구 범일동 1329,35.139366,129.0541036,,,051-440-4674,부산광역시 동구청,2026-06-25
범일동0678,1,부산광역시 동구 범상로22번길 9,부산광역시 동구 범일동 1501-136,35.1422833,129.0495132,,,051-440-4674,부산광역시 동구청,2026-06-25
범일동0679,1,부산광역시 동구 증산로142번길 21,부산광역시 동구 범일동 1324-12,35.139128,129.0543601,,,051-440-4674,부산광역시 동구청,2026-06-25
범일동0680,1,부산광역시 동구 증산로142번길12,부산광역시 동구 범일동 1602,35.1390781,129.0538539,,,051-440-4674,부산광역시 동구청,2026-06-25
범일동0681,1,부산광역시 동구 증산로142번길 9,부산광역시 동구 범일동 1353-1,35.1390005,129.0537713,,,051-440-4674,부산광역시 동구청,2026-06-25
범일동0682,1,부산광역시 동구 증산로146번길8,부산광역시 동구 범일동 1332-19,35.1392103,129.0537382,,,051-440-4674,부산광역시 동구청,2026-06-25
범일동0683,1,부산광역시 동구 증산로 144,부산광역시 동구 범일동 1353-3,35.1389811,129.0536436,,,051-440-4674,부산광역시 동구청,2026-06-25
범일동0684,1,부산광역시 동구 증산로142번길 3,부산광역시 동구 범일동 1355-27,35.1388741,129.0538697,,,051-440-4674,부산광역시 동구청,2026-06-25
범일동0685,1,부산광역시 동구 증산로142번길 2-1,부산광역시 동구 범일동 1355-11,35.1387411,129.0540402,,,051-440-4674,부산광역시 동구청,2026-06-25
범일동0686,1,부산광역시 동구 증산로142번길 20,부산광역시 동구 범일동 1354-18,35.1389419,129.0543207,,,051-440-4674,부산광역시 동구청,2026-06-25
범일동0688,1,부산광역시 동구 범곡로9번다길 7,부산광역시 동구 범일동 1322-5,35.1393029,129.0547943,,,051-440-4674,부산광역시 동구청,2026-06-25
범일동0689,1,부산광역시 동구 범곡로9번길 26,부산광역시 동구 범일동 1324-7,35.1391917,129.0546651,,,051-440-4674,부산광역시 동구청,2026-06-25
범일동0690,1,부산광역시 동구 범곡남로16번길 24,부산광역시 동구 범일동 1354-2,35.1389287,129.0544394,,,051-440-4674,부산광역시 동구청,2026-06-25
범일동0691,1,부산광역시 동구 범곡남로16번길 10-8,부산광역시 동구 범일동 1354-39,35.1388508,129.0548396,,,051-440-4674,부산광역시 동구청,2026-06-25
범일동0692,1,부산광역시 동구 범곡남로16번길 10-4,부산광역시 동구 범일동 1362-4,35.1386306,129.0547817,,,051-440-4674,부산광역시 동구청,2026-06-25
범일동0693,1,부산광역시 동구 범곡남로16번길 10,부산광역시 동구 범일동 1361-3,35.1385973,129.0545708,,,051-440-4674,부산광역시 동구청,2026-06-25
범일동0695,1,부산광역시 동구 범곡남로16번길 17,부산광역시 동구 범일동 1355-5,35.138751,129.0543433,,,051-440-4674,부산광역시 동구청,2026-06-25
범일동0696,1,부산광역시 동구 범곡남로16번길 17,부산광역시 동구 범일동 1354-17,35.138751,129.0543433,,,051-440-4674,부산광역시 동구청,2026-06-25
범일동0697,1,부산광역시 동구 범곡남로16번길 10-2,부산광역시 동구 범일동 1362-5,35.1384966,129.0547627,,,051-440-4674,부산광역시 동구청,2026-06-25
범일동0698,1,부산광역시 동구 범곡남로 12,부산광역시 동구 범일동 1363,35.1383571,129.0550014,,,051-440-4674,부산광역시 동구청,2026-06-25
범일동0699,1,부산광역시 동구 범곡남로18,부산광역시 동구 범일동 1601-27,35.1382139,129.0545113,,,051-440-4674,부산광역시 동구청,2026-06-25
범일동0700,1,부산광역시 동구 범곡남로20,부산광역시 동구 범일동 1385,35.1383939,129.0544402,,,051-440-4674,부산광역시 동구청,2026-06-25
범일동0701,1,부산광역시 동구 범곡남로 23,부산광역시 동구 범일동 1386-1,35.137892,129.0540811,,,051-440-4674,부산광역시 동구청,2026-06-25
범일동0702,1,부산광역시 동구 범곡남로24,부산광역시 동구 범일동 1358-1,35.1382126,129.0539788,,,051-440-4674,부산광역시 동구청,2026-06-25
범일동0703,1,부산광역시 동구 정공단로47번길 26-5,부산광역시 동구 범일동 1389-87,35.137362,129.0543027,,,051-440-4674,부산광역시 동구청,2026-06-25
범일동0705,1,부산광역시 동구 범곡남로 8,부산광역시 동구 범일동 1370-6,35.1382251,129.0557267,,,051-440-4674,부산광역시 동구청,2026-06-25
범일동0706,1,부산광역시 동구 범곡남로 5,부산광역시 동구 범일동 1376-8,35.1380666,129.0558742,,,051-440-4674,부산광역시 동구청,2026-06-25
범일동0707,1,부산광역시 동구 중앙대로 505,부산광역시 동구 범일동 100-5,35.1382812,129.0561368,,,051-440-4674,부산광역시 동구청,2026-06-25
범일동0708,1,부산광역시 동구 범곡로 9,부산광역시 동구 범일동 1368-1,35.1388549,129.0557317,,,051-440-4674,부산광역시 동구청,2026-06-25
범일동0710,1,부산광역시 동구 범곡로9번길 7-11,부산광역시 동구 범일동 1368-5,35.1384646,129.0555652,,,051-440-4674,부산광역시 동구청,2026-06-25
범일동0711,1,부산광역시 동구 범곡로9번길 9-5,부산광역시 동구 범일동 1367-7,35.1388136,129.0554713,,,051-440-4674,부산광역시 동구청,2026-06-25
범일동0712,1,부산광역시 동구 중앙대로 511-1,부산광역시 동구 범일동 96-2,35.1389807,129.0562275,,,051-440-4674,부산광역시 동구청,2026-06-25
범일동0713,1,부산광역시 동구 중앙대로 517,부산광역시 동구 범일동 79,35.1394196,129.0562148,,,051-440-4674,부산광역시 동구청,2026-06-25
범일동0714,1,부산광역시 동구 중앙대로 519-5,부산광역시 동구 범일동 76-3,35.1396843,129.0560951,,,051-440-4674,부산광역시 동구청,2026-06-25
범일동0715,1,부산광역시 동구 중앙대로 519-9,부산광역시 동구 범일동 74-5,35.1398506,129.0560925,,,051-440-4674,부산광역시 동구청,2026-06-25
범일동0716,1,부산광역시 동구 중앙대로 519-13,부산광역시 동구 범일동 70-1,35.1399895,129.0560898,,,051-440-4674,부산광역시 동구청,2026-06-25
범일동0717,1,부산광역시 동구 중앙대로 519-17,부산광역시 동구 범일동 67-3,35.1402079,129.0560995,,,051-440-4674,부산광역시 동구청,2026-06-25
범일동0718,1,부산광역시 동구 범곡로 19,부산광역시 동구 범일동 1313-12,35.1398476,129.0557462,,,051-440-4674,부산광역시 동구청,2026-06-25
범일동0719,1,부산광역시 동구 범곡로 17-8,부산광역시 동구 범일동 1312-22,35.1395671,129.0555836,,,051-440-4674,부산광역시 동구청,2026-06-25
범일동0720,1,부산광역시 동구 범곡로 25-6,부산광역시 동구 범일동 1312-12,35.1401376,129.0556348,,,051-440-4674,부산광역시 동구청,2026-06-25
범일동0721,1,부산광역시 동구 범곡로 25-20,부산광역시 동구 범일동 1313-5,35.1399153,129.0558229,,,051-440-4674,부산광역시 동구청,2026-06-25
범일동0722,1,부산광역시 동구 중앙대로 499,부산광역시 동구 범일동 109-2,35.1377298,129.0562185,,,051-440-4674,부산광역시 동구청,2026-06-25
범일동0723,1,부산광역시 동구 중앙대로 497-8,부산광역시 동구 범일동 124-10,35.1375837,129.0559079,,,051-440-4674,부산광역시 동구청,2026-06-25
범일동0724,1,부산광역시 동구 중앙대로 491-13,부산광역시 동구 범일동 124-12,35.137491,129.0558903,,,051-440-4674,부산광역시 동구청,2026-06-25
범일동0726,1,부산광역시 동구 정공단로 53-17,부산광역시 동구 범일동 1640-1,35.1369657,129.0559029,,,051-440-4674,부산광역시 동구청,2026-06-25
범일동0729,1,부산광역시 동구 중앙대로 485,부산광역시 동구 범일동 138-5,35.1365247,129.056239,,,051-440-4674,부산광역시 동구청,2026-06-25
범일동0730,1,부산광역시 동구 중앙대로 487,부산광역시 동구 범일동 1640-3,35.1367391,129.0561657,,,051-440-4674,부산광역시 동구청,2026-06-25
범일동0731,1,부산광역시 동구 중앙대로 483,부산광역시 동구 범일동 196-1,35.1364086,129.0561283,,,051-440-4674,부산광역시 동구청,2026-06-25
범일동0732,1,부산광역시 동구 정공단로 52,부산광역시 동구 범일동 195-3,35.1364202,129.0558485,,,051-440-4674,부산광역시 동구청,2026-06-25
범일동0733,1,부산광역시 동구 중앙대로 477-7,부산광역시 동구 범일동 180,35.1363109,129.055666,,,051-440-4674,부산광역시 동구청,2026-06-25
범일동0734,1,부산광역시 동구 중앙대로 477-3,부산광역시 동구 범일동 191-1,35.1361229,129.0556812,,,051-440-4674,부산광역시 동구청,2026-06-25
범일동0735,1,부산광역시 동구 정공단로 47,부산광역시 동구 범일동 158-1,35.136657,129.0554635,,,051-440-4674,부산광역시 동구청,2026-06-25
범일동0736,1,부산광역시 동구 중앙대로 471-10,부산광역시 동구 범일동 183,35.1361246,129.0553434,,,051-440-4674,부산광역시 동구청,2026-06-25
범일동0737,1,부산광역시 동구 정공단로47번길 9,부산광역시 동구 범일동 160-3,35.1368655,129.0551855,,,051-440-4674,부산광역시 동구청,2026-06-25
범일동0738,1,부산광역시 동구 정공단로47번길 11-2,부산광역시 동구 범일동 702-2,35.1368937,129.0549279,,,051-440-4674,부산광역시 동구청,2026-06-25
범일동0739,1,부산광역시 동구 범곡남로 9,부산광역시 동구 범일동 1376-1,35.1379572,129.0557473,,,051-440-4674,부산광역시 동구청,2026-06-25
범일동0740,1,부산광역시 동구 중앙대로460번길 55,부산광역시 동구 범일동 210,35.1360983,129.0568263,,,051-440-4674,부산광역시 동구청,2026-06-25
범일동0742,1,부산광역시 동구 중앙대로 486,부산광역시 동구 범일동 215-3,35.1363797,129.0567519,,,051-440-4674,부산광역시 동구청,2026-06-25
범일동0743,1,부산광역시 동구 중앙대로460번길 62,부산광역시 동구 범일동 212-1,35.1362767,129.0568979,,,051-440-4674,부산광역시 동구청,2026-06-25
범일동0744,1,부산광역시 동구 진시장로 2-12,부산광역시 동구 범일동 135-5,35.1365486,129.0568102,,,051-440-4674,부산광역시 동구청,2026-06-25
범일동0745,1,부산광역시 동구 진시장로 2-5,부산광역시 동구 범일동 113-11,35.1367695,129.056863,,,051-440-4674,부산광역시 동구청,2026-06-25
범일동0746,1,부산광역시 동구 범일로 83,부산광역시 동구 범일동 637-26,35.1375187,129.0591804,,,051-440-4674,부산광역시 동구청,2026-06-25
범일동0747,1,부산광역시 동구 진시장로 19-1,부산광역시 동구 범일동 652-12,35.1373304,129.0587703,,,051-440-4674,부산광역시 동구청,2026-06-25
범일동0748,1,부산광역시 동구 진시장로 19,부산광역시 동구 범일동 652-7,35.1373287,129.0586268,,,051-440-4674,부산광역시 동구청,2026-06-25
범일동0749,1,부산광역시 동구 범일일길 6-5,부산광역시 동구 범일동 652-17,35.1375402,129.0586585,,,051-440-4674,부산광역시 동구청,2026-06-25
범일동0750,1,부산광역시 동구 범일일길 6-5,부산광역시 동구 범일동 652-17,35.1375402,129.0586585,,,051-440-4674,부산광역시 동구청,2026-06-25
범일동0751,1,부산광역시 동구 범일일길 4,부산광역시 동구 범일동 651-17,35.1374619,129.058527,,,051-440-4674,부산광역시 동구청,2026-06-25
범일동0752,1,부산광역시 동구 범일일길 4,부산광역시 동구 범일동 652-27,35.1374619,129.058527,,,051-440-4674,부산광역시 동구청,2026-06-25
범일동0753,1,부산광역시 동구 범일일길 6,부산광역시 동구 범일동 652-27,35.1376372,129.0584792,,,051-440-4674,부산광역시 동구청,2026-06-25
범일동0754,1,부산광역시 동구 범일일길 8-1,부산광역시 동구 범일동 653-19,35.1377844,129.0585721,,,051-440-4674,부산광역시 동구청,2026-06-25
범일동0755,1,부산광역시 동구 범일일길11번길 1,부산광역시 동구 범일동 660-36,35.1380524,129.0583928,,,051-440-4674,부산광역시 동구청,2026-06-25
범일동0756,1,부산광역시 동구 범일일길 12,부산광역시 동구 범일동 660-77,35.1379973,129.0585177,,,051-440-4674,부산광역시 동구청,2026-06-25
범일동0757,1,부산광역시 동구 범일일길 11,부산광역시 동구 범일동 660-24,35.1381235,129.05838,,,051-440-4674,부산광역시 동구청,2026-06-25
범일동0758,1,부산광역시 동구 범일일길11번길 6,부산광역시 동구 범일동 660-26,35.1382214,129.0581959,,,051-440-4674,부산광역시 동구청,2026-06-25
범일동0760,1,부산광역시 동구 범일일길11번길 10-5,부산광역시 동구 범일동 660-15,35.1385137,129.0581139,,,051-440-4674,부산광역시 동구청,2026-06-25
범일동0761,1,부산광역시 동구 범일일길11번가길 1,부산광역시 동구 범일동 660-56,35.1383355,129.0579422,,,051-440-4674,부산광역시 동구청,2026-06-25
범일동0762,1,부산광역시 동구 범일이길 12,부산광역시 동구 범일동 62-387,35.1382101,129.0576139,,,051-440-4674,부산광역시 동구청,2026-06-25
범일동0765,1,부산광역시 동구 범일이길 12,부산광역시 동구 범일동 62-387,35.1382101,129.0576139,,,051-440-4674,부산광역시 동구청,2026-06-25
범일동0766,1,부산광역시 동구 범일이길 16,부산광역시 동구 범일동 62-670,35.1383886,129.0576152,,,051-440-4674,부산광역시 동구청,2026-06-25
범일동0767,1,부산광역시 동구 범일이길 16-3,부산광역시 동구 범일동 62-371,35.1386021,129.0576991,,,051-440-4674,부산광역시 동구청,2026-06-25
범일동0768,1,부산광역시 동구 범일이길 18-2,부산광역시 동구 범일동 62-368,35.1386749,129.0575704,,,051-440-4674,부산광역시 동구청,2026-06-25
범일동0769,1,부산광역시 동구 범일이길18-8,부산광역시 동구 범일동 62-585,35.1385928,129.0578109,,,051-440-4674,부산광역시 동구청,2026-06-25
범일동0770,1,부산광역시 동구 범일이길 20-1,부산광역시 동구 범일동 62-557,35.1387927,129.0575635,,,051-440-4674,부산광역시 동구청,2026-06-25
범일동0771,1,부산광역시 동구 범일이길 20-2,부산광역시 동구 범일동 62-564,35.1388849,129.0575655,,,051-440-4674,부산광역시 동구청,2026-06-25
범일동0772,1,부산광역시 동구 범일이길 24-1,부산광역시 동구 범일동 62-656,35.1392003,129.0575875,,,051-440-4674,부산광역시 동구청,2026-06-25
범일동0773,1,부산광역시 동구 범일이길 26-1,부산광역시 동구 범일동 62-559,35.1393816,129.0575813,,,051-440-4674,부산광역시 동구청,2026-06-25
범일동0774,1,부산광역시 동구 범일이길 28,부산광역시 동구 범일동 62-345,35.1395461,129.0575802,,,051-440-4674,부산광역시 동구청,2026-06-25
범일동0775,1,부산광역시 동구 범일이길 30,부산광역시 동구 범일동 62-342,35.1397016,129.0575794,,,051-440-4674,부산광역시 동구청,2026-06-25
범일동0776,1,부산광역시 동구 범일이길 32,부산광역시 동구 범일동 62-644,35.1398264,129.0576512,,,051-440-4674,부산광역시 동구청,2026-06-25
범일동0777,1,부산광역시 동구 범일이길 34-1,부산광역시 동구 범일동 62-631,35.1401275,129.0576202,,,051-440-4674,부산광역시 동구청,2026-06-25
범일동0778,1,부산광역시 동구 범일이길 36-1,부산광역시 동구 범일동 62-534,35.1403175,129.0575028,,,051-440-4674,부산광역시 동구청,2026-06-25
범일동0780,1,부산광역시 동구 범일일길37번길 13,부산광역시 동구 범일동 62-311,35.1405062,129.0575841,,,051-440-4674,부산광역시 동구청,2026-06-25
범일동0781,1,부산광역시 동구 범일일길37번길 14-2,부산광역시 동구 범일동 62-534,35.1405314,129.0575053,,,051-440-4674,부산광역시 동구청,2026-06-25
범일동0782,1,부산광역시 동구 범일일길37번길 14-3,부산광역시 동구 범일동 62-296,35.1406126,129.0575082,,,051-440-4674,부산광역시 동구청,2026-06-25
범일동0783,1,부산광역시 동구 범일이길 40,부산광역시 동구 범일동 62-293,35.1406954,129.0574988,,,051-440-4674,부산광역시 동구청,2026-06-25
범일동0784,1,부산광역시 동구 범일이길 42-3,부산광역시 동구 범일동 62-286,35.1409331,129.0575119,,,051-440-4674,부산광역시 동구청,2026-06-25
범일동0785,1,부산광역시 동구 범일이길 42-5,부산광역시 동구 범일동 62-285,35.1409443,129.0575911,,,051-440-4674,부산광역시 동구청,2026-06-25
범일동0786,1,부산광역시 동구 범일이길 42-10,부산광역시 동구 범일동 62-290,35.1408366,129.0576291,,,051-440-4674,부산광역시 동구청,2026-06-25
범일동0787,1,부산광역시 동구 범일이길 44-2,부산광역시 동구 범일동 62-250,35.1410828,129.0575082,,,051-440-4674,부산광역시 동구청,2026-06-25
범일동0788,1,부산광역시 동구 범일이길 46-2,부산광역시 동구 범일동 62-245,35.1412276,129.057513,,,051-440-4674,부산광역시 동구청,2026-06-25
범일동0789,1,부산광역시 동구 범일이길 48,부산광역시 동구 범일동 62-241,35.1412848,129.0575539,,,051-440-4674,부산광역시 동구청,2026-06-25
범일동0790,1,부산광역시 동구 범일이길50-1,부산광역시 동구 범일동 62-692,35.1415344,129.057525,,,051-440-4674,부산광역시 동구청,2026-06-25
범일동0791,1,부산광역시 동구 범일이길20번길 67-6,부산광역시 동구 범일동 62-603,35.1416822,129.0575408,,,051-440-4674,부산광역시 동구청,2026-06-25
범일동0792,1,부산광역시 동구 범일이길 54-1,부산광역시 동구 범일동 62-521,35.1418409,129.0575258,,,051-440-4674,부산광역시 동구청,2026-06-25
범일동0793,1,부산광역시 동구 범일일길11번길 10-3,부산광역시 동구 범일동 660-29,35.1383725,129.0580484,,,051-440-4674,부산광역시 동구청,2026-06-25
범일동0794,1,부산광역시 동구 범일일길11번가길 8,부산광역시 동구 범일동 660-3,35.1385895,129.0581195,,,051-440-4674,부산광역시 동구청,2026-06-25
범일동0795,1,부산광역시 동구 범일일길11번가길 16,부산광역시 동구 범일동 662-15,35.1388997,129.0581577,,,051-440-4674,부산광역시 동구청,2026-06-25
범일동0796,1,부산광역시 동구 범일일길11번가길 19,부산광역시 동구 범일동 662-102,35.1391178,129.0580134,,,051-440-4674,부산광역시 동구청,2026-06-25
범일동0797,1,부산광역시 동구 범일일길25번길 4,부산광역시 동구 범일동 662-60,35.139506,129.0583401,,,051-440-4674,부산광역시 동구청,2026-06-25
범일동0798,1,부산광역시 동구 범일일길11번가길 25,부산광역시 동구 범일동 662-81,35.1393883,129.0580391,,,051-440-4674,부산광역시 동구청,2026-06-25
범일동0799,1,부산광역시 동구 범일일길25번길 12,부산광역시 동구 범일동 62-779,35.1395837,129.0578551,,,051-440-4674,부산광역시 동구청,2026-06-25
범일동0800,1,부산광역시 동구 범일이길20번길 17,부산광역시 동구 범일동 62-347,35.1394841,129.0577062,,,051-440-4674,부산광역시 동구청,2026-06-25
범일동0801,1,부산광역시 동구 범일이길20번길 10,부산광역시 동구 범일동 62-356,35.1390694,129.0578518,,,051-440-4674,부산광역시 동구청,2026-06-25
범일동0802,1,부산광역시 동구 범일이길20번길 24,부산광역시 동구 범일동 62-641,35.1396932,129.0579252,,,051-440-4674,부산광역시 동구청,2026-06-25
범일동0803,1,부산광역시 동구 범일이길20번길 28-1,부산광역시 동구 범일동 62-637,35.1399333,129.0578698,,,051-440-4674,부산광역시 동구청,2026-06-25
범일동0804,1,부산광역시 동구 범일이길20번길 28-7,부산광역시 동구 범일동 62-331,35.1399227,129.0580128,,,051-440-4674,부산광역시 동구청,2026-06-25
범일동0805,1,부산광역시 동구 범일이길20번길 31,부산광역시 동구 범일동 62-334,35.1400676,129.0577771,,,051-440-4674,부산광역시 동구청,2026-06-25
범일동0806,1,부산광역시 동구 범일이길20번길 32,부산광역시 동구 범일동 62-326,35.1401241,129.0579428,,,051-440-4674,부산광역시 동구청,2026-06-25
범일동0807,1,부산광역시 동구 범일이길20번길 36,부산광역시 동구 범일동 62-323,35.1402575,129.0578577,,,051-440-4674,부산광역시 동구청,2026-06-25
범일동0808,1,부산광역시 동구 범일이길20번길 37,부산광역시 동구 범일동 62-321,35.1403094,129.0577279,,,051-440-4674,부산광역시 동구청,2026-06-25
범일동0809,1,부산광역시 동구 범일이길20번길 39,부산광역시 동구 범일동 62-308,35.140437,129.0577834,,,051-440-4674,부산광역시 동구청,2026-06-25
범일동0810,1,부산광역시 동구 범일이길20번길 43,부산광역시 동구 범일동 62-611,35.1405277,129.0577585,,,051-440-4674,부산광역시 동구청,2026-06-25
범일동0811,1,부산광역시 동구 범일일길37번길 10,부산광역시 동구 범일동 62-598,35.1406084,129.0577869,,,051-440-4674,부산광역시 동구청,2026-06-25
범일동0812,1,부산광역시 동구 범일일길37번길 8-5,부산광역시 동구 범일동 62-280,35.1407539,129.0579594,,,051-440-4674,부산광역시 동구청,2026-06-25
범일동0813,1,부산광역시 동구 범일일길37번길 3,부산광역시 동구 범일동 62-578,35.1404262,129.0579953,,,051-440-4674,부산광역시 동구청,2026-06-25
범일동0814,1,부산광역시 동구 범일이길20번길 47,부산광역시 동구 범일동 62-597,35.1407054,129.0577517,,,051-440-4674,부산광역시 동구청,2026-06-25
범일동0815,1,부산광역시 동구 범일이길20번길 53,부산광역시 동구 범일동 62-253,35.1410249,129.0577273,,,051-440-4674,부산광역시 동구청,2026-06-25
범일동0816,1,부산광역시 동구 범일일길 53,부산광역시 동구 범일동 62-200,35.1416342,129.0579438,,,051-440-4674,부산광역시 동구청,2026-06-25
범일동0817,1,부산광역시 동구 범일이길20번길 67-2,부산광역시 동구 범일동 62-190,35.1416911,129.0577382,,,051-440-4674,부산광역시 동구청,2026-06-25
범일동0818,1,부산광역시 동구 범일일길 55,부산광역시 동구 범일동 62-175,35.1419582,129.0579227,,,051-440-4674,부산광역시 동구청,2026-06-25
범일동0819,1,부산광역시 동구 범일일길35번길 16,부산광역시 동구 범일동 663-3,35.1396626,129.058023,,,051-440-4674,부산광역시 동구청,2026-06-25
범일동0820,1,부산광역시 동구 범일일길35번길 11,부산광역시 동구 범일동 663-21,35.1398496,129.0581789,,,051-440-4674,부산광역시 동구청,2026-06-25
범일동0821,1,부산광역시 동구 범일일길35번길 10,부산광역시 동구 범일동 663-20,35.1399385,129.0581111,,,051-440-4674,부산광역시 동구청,2026-06-25
범일동0822,1,부산광역시 동구 범일일길35번길 4,부산광역시 동구 범일동 62-538,35.1401346,129.0581045,,,051-440-4674,부산광역시 동구청,2026-06-25
범일동0823,1,부산광역시 동구 범일일길 12-2,부산광역시 동구 범일동 659-21,35.1381182,129.0586422,,,051-440-4674,부산광역시 동구청,2026-06-25
범일동0824,1,부산광역시 동구 범일일길 17,부산광역시 동구 범일동 658-22,35.1385918,129.0583686,,,051-440-4674,부산광역시 동구청,2026-06-25
범일동0825,1,부산광역시 동구 범일일길 20,부산광역시 동구 범일동 657-5,35.1388673,129.0585511,,,051-440-4674,부산광역시 동구청,2026-06-25
범일동0826,1,부산광역시 동구 범일일길 21-1,부산광역시 동구 범일동 662-72,35.1390272,129.0584157,,,051-440-4674,부산광역시 동구청,2026-06-25
범일동0827,1,부산광역시 동구 범일일길 21,부산광역시 동구 범일동 662-110,35.1389334,129.0583736,,,051-440-4674,부산광역시 동구청,2026-06-25
범일동0828,1,부산광역시 동구 범일일길 23-1,부산광역시 동구 범일동 662-75,35.1391382,129.0583597,,,051-440-4674,부산광역시 동구청,2026-06-25
범일동0829,1,부산광역시 동구 범일일길 26,부산광역시 동구 범일동 662-64,35.1392951,129.0585262,,,051-440-4674,부산광역시 동구청,2026-06-25
범일동0830,1,부산광역시 동구 범일로89번길 41-4,부산광역시 동구 범일동 664-16,35.1396434,129.0585663,,,051-440-4674,부산광역시 동구청,2026-06-25
범일동0831,1,부산광역시 동구 범일로89번길 41-3,부산광역시 동구 범일동 662-32,35.1395241,129.0584978,,,051-440-4674,부산광역시 동구청,2026-06-25
범일동0832,1,부산광역시 동구 범일일길 30,부산광역시 동구 범일동 662-26,35.1396588,129.0584831,,,051-440-4674,부산광역시 동구청,2026-06-25
범일동0833,1,부산광역시 동구 범일일길 33,부산광역시 동구 범일동 663-10,35.1400054,129.0582513,,,051-440-4674,부산광역시 동구청,2026-06-25
범일동0834,1,부산광역시 동구 범일로89번길 55-5,부산광역시 동구 범일동 668-39,35.1401015,129.0584416,,,051-440-4674,부산광역시 동구청,2026-06-25
범일동0836,1,부산광역시 동구 범일일길 37-1,부산광역시 동구 범일동 62-305,35.1404849,129.058135,,,051-440-4674,부산광역시 동구청,2026-06-25
범일동0837,1,부산광역시 동구 범일로89번길 61-4,부산광역시 동구 범일동 668-21,35.1404955,129.058509,,,051-440-4674,부산광역시 동구청,2026-06-25
범일동0838,1,부산광역시 동구 범일일길 39-1,부산광역시 동구 범일동 62-587,35.1406279,129.0581368,,,051-440-4674,부산광역시 동구청,2026-06-25
범일동0839,1,부산광역시 동구 범일일길 41-1,부산광역시 동구 범일동 62-271,35.1408247,129.058152,,,051-440-4674,부산광역시 동구청,2026-06-25
범일동0840,1,부산광역시 동구 범일로 125,부산광역시 동구 범일동 62-5,35.1412803,129.058615,,,051-440-4674,부산광역시 동구청,2026-06-25
범일동0841,1,부산광역시 동구 범일일길 45,부산광역시 동구 범일동 62-262,35.1411653,129.0581408,,,051-440-4674,부산광역시 동구청,2026-06-25
범일동0842,1,부산광역시 동구 범일일길 43-3,부산광역시 동구 범일동 62-608,35.1409499,129.058061,,,051-440-4674,부산광역시 동구청,2026-06-25
범일동0843,1,부산광역시 동구 범일로 125,부산광역시 동구 범일동 62-5,35.1412803,129.058615,,,051-440-4674,부산광역시 동구청,2026-06-25
범일동0844,1,부산광역시 동구 범일로 119,부산광역시 동구 범일동 899-8,35.1404156,129.0589131,,,051-440-4674,부산광역시 동구청,2026-06-25
범일동0845,1,부산광역시 동구 범일로89번길 50,부산광역시 동구 범일동 902-6,35.1398433,129.0588422,,,051-440-4674,부산광역시 동구청,2026-06-25
범일동0846,1,부산광역시 동구 범일로89번길 53,부산광역시 동구 범일동 668-42,35.1400111,129.0586258,,,051-440-4674,부산광역시 동구청,2026-06-25
범일동0847,1,부산광역시 동구 범일로89번길 48,부산광역시 동구 범일동 902-17,35.1397604,129.0588183,,,051-440-4674,부산광역시 동구청,2026-06-25
범일동0848,1,부산광역시 동구 범일로89번길 45-7,부산광역시 동구 범일동 664-7,35.1398611,129.0585032,,,051-440-4674,부산광역시 동구청,2026-06-25
범일동0849,1,부산광역시 동구 범일로 107-4,부산광역시 동구 범일동 902-11,35.1397279,129.0590093,,,051-440-4674,부산광역시 동구청,2026-06-25
범일동0850,1,부산광역시 동구 범일로 109-1,부산광역시 동구 범일동 902-3,35.1398636,129.0591078,,,051-440-4674,부산광역시 동구청,2026-06-25
범일동0851,1,부산광역시 동구 범일로 111,부산광역시 동구 범일동 902-1,35.1399175,129.0590657,,,051-440-4674,부산광역시 동구청,2026-06-25
범일동0853,1,부산광역시 동구 범일로89번길 46,부산광역시 동구 범일동 914-9,35.139676,129.0588099,,,051-440-4674,부산광역시 동구청,2026-06-25
범일동0854,1,부산광역시 동구 범일로 103-6,부산광역시 동구 범일동 915-11,35.1393932,129.0590336,,,051-440-4674,부산광역시 동구청,2026-06-25
범일동0855,1,부산광역시 동구 범일로 107,부산광역시 동구 범일동 915-6,35.1395529,129.0590772,,,051-440-4674,부산광역시 동구청,2026-06-25
범일동0856,1,부산광역시 동구 범일로 103,부산광역시 동구 범일동 917-4,35.1391467,129.0591543,,,051-440-4674,부산광역시 동구청,2026-06-25
범일동0857,1,부산광역시 동구 범일로89번길 42,부산광역시 동구 범일동 915-16,35.1395612,129.0587916,,,051-440-4674,부산광역시 동구청,2026-06-25
범일동0858,1,부산광역시 동구 범일로89번길 39,부산광역시 동구 범일동 662-34,35.1394056,129.0586586,,,051-440-4674,부산광역시 동구청,2026-06-25
범일동0859,1,부산광역시 동구 범일로89번길 33,부산광역시 동구 범일동 662-69,35.1390894,129.0586528,,,051-440-4674,부산광역시 동구청,2026-06-25
범일동0860,1,부산광역시 동구 범일로89번길 28,부산광역시 동구 범일동 926-2,35.1388561,129.0588599,,,051-440-4674,부산광역시 동구청,2026-06-25
범일동0861,1,부산광역시 동구 범일로89번길 25,부산광역시 동구 범일동 657-7,35.1387978,129.0586581,,,051-440-4674,부산광역시 동구청,2026-06-25
범일동0862,1,부산광역시 동구 범일로89번길 19,부산광역시 동구 범일동 936-7,35.1384929,129.0587405,,,051-440-4674,부산광역시 동구청,2026-06-25
범일동0863,1,부산광역시 동구 범일로89번길 14,부산광역시 동구 범일동 933-2,35.1382756,129.0589367,,,051-440-4674,부산광역시 동구청,2026-06-25
범일동0864,1,부산광역시 동구 범일로89번길 11,부산광역시 동구 범일동 936-12,35.1381571,129.058769,,,051-440-4674,부산광역시 동구청,2026-06-25
범일동0865,1,부산광역시 동구 범일로 87-1,부산광역시 동구 범일동 937-1,35.1378899,129.0591201,,,051-440-4674,부산광역시 동구청,2026-06-25
범일동0866,1,부산광역시 동구 범일로65번길 3-3,부산광역시 동구 범일동 310-7,35.1354953,129.0590846,,,051-440-4674,부산광역시 동구청,2026-06-25
범일동0867,1,부산광역시 동구 범일로65번길 5,부산광역시 동구 범일동 310-9,35.1356821,129.0589539,,,051-440-4674,부산광역시 동구청,2026-06-25
범일동0869,1,부산광역시 동구 범일로 61-6,부산광역시 동구 범일동 326-26,35.1355024,129.0589407,,,051-440-4674,부산광역시 동구청,2026-06-25
범일동0870,1,부산광역시 동구 범일로 61,부산광역시 동구 범일동 1547-1,35.1354923,129.0592062,,,051-440-4674,부산광역시 동구청,2026-06-25
범일동0871,1,부산광역시 동구 범일로65번길 15,부산광역시 동구 범일동 299-2,35.1357419,129.0584522,,,051-440-4674,부산광역시 동구청,2026-06-25
범일동0872,1,부산광역시 동구 범일로65번길 21,부산광역시 동구 범일동 294-2,35.1357567,129.0582029,,,051-440-4674,부산광역시 동구청,2026-06-25
범일동0873,1,부산광역시 동구 진시장로20번길 33,부산광역시 동구 범일동 266-7,35.1356941,129.0580171,,,051-440-4674,부산광역시 동구청,2026-06-25
범일동0874,1,부산광역시 동구 범일로65번길 21-20,부산광역시 동구 범일동 297-3,35.1355779,129.0583318,,,051-440-4674,부산광역시 동구청,2026-06-25
범일동0875,1,부산광역시 동구 진시장로20번길 37-5,부산광역시 동구 범일동 266-11,35.1355187,129.0579801,,,051-440-4674,부산광역시 동구청,2026-06-25
범일동0876,1,부산광역시 동구 진시장로20번길 30,부산광역시 동구 범일동 277-3,35.1359147,129.0579738,,,051-440-4674,부산광역시 동구청,2026-06-25
범일동0877,1,부산광역시 동구 진시장로20번길 18,부산광역시 동구 범일동 289-16,35.1363313,129.0581678,,,051-440-4674,부산광역시 동구청,2026-06-25
범일동0878,1,부산광역시 동구 진시장로20번길 16-1,부산광역시 동구 범일동 289-12,35.1363868,129.0582618,,,051-440-4674,부산광역시 동구청,2026-06-25
범일동0879,1,부산광역시 동구 진시장로20번길 14,부산광역시 동구 범일동 239-5,35.1364923,129.0583346,,,051-440-4674,부산광역시 동구청,2026-06-25
범일동0880,1,부산광역시 동구 진시장로16번길 9,부산광역시 동구 범일동 239-8,35.1365056,129.0582478,,,051-440-4674,부산광역시 동구청,2026-06-25
범일동0881,1,부산광역시 동구 진시장로20번길 10,부산광역시 동구 범일동 643-14,35.13663,129.0584059,,,051-440-4674,부산광역시 동구청,2026-06-25
범일동0882,1,부산광역시 동구 진시장로20번길 8-1,부산광역시 동구 범일동 643-10,35.1367007,129.0584418,,,051-440-4674,부산광역시 동구청,2026-06-25
범일동0883,1,부산광역시 동구 진시장로20번길 8,부산광역시 동구 범일동 643-6,35.1367605,129.0584807,,,051-440-4674,부산광역시 동구청,2026-06-25
범일동0884,1,부산광역시 동구 진시장로16번길 28,부산광역시 동구 범일동 282-3,35.1360618,129.0578155,,,051-440-4674,부산광역시 동구청,2026-06-25
범일동0885,1,부산광역시 동구 진시장로16번길 25,부산광역시 동구 범일동 287-5,35.1361505,129.0579517,,,051-440-4674,부산광역시 동구청,2026-06-25
범일동0886,1,부산광역시 동구 진시장로20번길 22,부산광역시 동구 범일동 288-30,35.1362305,129.0580887,,,051-440-4674,부산광역시 동구청,2026-06-25
범일동0887,1,부산광역시 동구 진시장로16번길22-4,부산광역시 동구 범일동 239-2,35.1362448,129.0576785,,,051-440-4674,부산광역시 동구청,2026-06-25
범일동0888,1,부산광역시 동구 진시장로16번길 23,부산광역시 동구 범일동 288-26,35.1363225,129.0579817,,,051-440-4674,부산광역시 동구청,2026-06-25
범일동0889,1,부산광역시 동구 진시장로16번길 17,부산광역시 동구 범일동 285-1,35.1364007,129.0580952,,,051-440-4674,부산광역시 동구청,2026-06-25
범일동0890,1,부산광역시 동구 진시장로10번길 15-1,부산광역시 동구 범일동 239-25,35.1364925,129.0577982,,,051-440-4674,부산광역시 동구청,2026-06-25
범일동0891,1,부산광역시 동구 진시장로10번길 13,부산광역시 동구 범일동 239-2,35.1364743,129.0576507,,,051-440-4674,부산광역시 동구청,2026-06-25
범일동0892,1,부산광역시 동구 진시장로10번길 5,부산광역시 동구 범일동 238-10,35.1367098,129.057688,,,051-440-4674,부산광역시 동구청,2026-06-25
범일동0893,1,부산광역시 동구 진시장로10번길 8,부산광역시 동구 범일동 1565-1,35.1366731,129.0575881,,,051-440-4674,부산광역시 동구청,2026-06-25
범일동0894,1,부산광역시 동구 진시장로10번길 12,부산광역시 동구 범일동 240-1,35.1364738,129.0575645,,,051-440-4674,부산광역시 동구청,2026-06-25
범일동0895,1,부산광역시 동구 범일로65번길 34-8,부산광역시 동구 범일동 240-2,35.1363544,129.0575654,,,051-440-4674,부산광역시 동구청,2026-06-25
범일동0896,1,부산광역시 동구 범일로65번길 34,부산광역시 동구 범일동 229-2,35.1361041,129.0574658,,,051-440-4674,부산광역시 동구청,2026-06-25
범일동0898,1,부산광역시 동구 진시장로 16,부산광역시 동구 범일동 643-4,35.1368678,129.0583249,,,051-440-4674,부산광역시 동구청,2026-06-25
범일동0899,1,부산광역시 동구 진시장로 14,부산광역시 동구 범일동 238-4,35.13673,129.0580201,,,051-440-4674,부산광역시 동구청,2026-06-25
범일동0900,1,부산광역시 동구 진시장로 12,부산광역시 동구 범일동 238-8,35.1367757,129.0578629,,,051-440-4674,부산광역시 동구청,2026-06-25
범일동0901,1,부산광역시 동구 진시장로16번길 6,부산광역시 동구 범일동 643-17,35.1367873,129.0581884,,,051-440-4674,부산광역시 동구청,2026-06-25
범일동0902,1,부산광역시 동구 진시장로16번길 10,부산광역시 동구 범일동 643-22,35.1366201,129.058181,,,051-440-4674,부산광역시 동구청,2026-06-25
범일동0903,1,부산광역시 동구 진시장로16번길 14,부산광역시 동구 범일동 288-42,35.136529,129.058011,,,051-440-4674,부산광역시 동구청,2026-06-25
범일동0904,1,부산광역시 동구 범일로65번길 31,부산광역시 동구 범일동 244-6,35.1358846,129.0575855,,,051-440-4674,부산광역시 동구청,2026-06-25
범일동0905,1,부산광역시 동구 범일로65번길 32-3,부산광역시 동구 범일동 241,35.1362255,129.0575849,,,051-440-4674,부산광역시 동구청,2026-06-25
범일동0906,1,부산광역시 동구 범일로65번길 29-4,부산광역시 동구 범일동 239-34,35.1358339,129.0576586,,,051-440-4674,부산광역시 동구청,2026-06-25
범일동0907,1,부산광역시 동구 범일로65번길 29-12,부산광역시 동구 범일동 239-34,35.1356532,129.0576992,,,051-440-4674,부산광역시 동구청,2026-06-25
범일동0908,1,부산광역시 동구 범일로65번길 33-4,부산광역시 동구 범일동 245-4,35.1358535,129.057456,,,051-440-4674,부산광역시 동구청,2026-06-25
범일동0909,1,부산광역시 동구 범일로65번길 33-5,부산광역시 동구 범일동 244-8,35.1358144,129.057573,,,051-440-4674,부산광역시 동구청,2026-06-25
범일동0910,1,부산광역시 동구 범일로65번길 33-13,부산광역시 동구 범일동 248-3,35.1355669,129.0574829,,,051-440-4674,부산광역시 동구청,2026-06-25
범일동0911,1,부산광역시 동구 범일로65번길 33-15,부산광역시 동구 범일동 248-8,35.135474,129.0575062,,,051-440-4674,부산광역시 동구청,2026-06-25
범일동0912,1,부산광역시 동구 진시장로20번길 46-17,부산광역시 동구 범일동 258-5,35.1354336,129.0572604,,,051-440-4674,부산광역시 동구청,2026-06-25
범일동0913,1,부산광역시 동구 진시장로20번길 46-6,부산광역시 동구 범일동 259-5,35.1354467,129.0574598,,,051-440-4674,부산광역시 동구청,2026-06-25
범일동0914,1,부산광역시 동구 진시장로20번길 48,부산광역시 동구 범일동 253-11,35.1351801,129.0574612,,,051-440-4674,부산광역시 동구청,2026-06-25
범일동0915,1,부산광역시 동구 진시장로20번길 46-17,부산광역시 동구 범일동 258-6,35.1354336,129.0572604,,,051-440-4674,부산광역시 동구청,2026-06-25
범일동0916,1,부산광역시 동구 범일로65번길 35-7,부산광역시 동구 범일동 248-7,35.1356352,129.0573204,,,051-440-4674,부산광역시 동구청,2026-06-25
범일동0917,1,부산광역시 동구 범일로65번길 35-5,부산광역시 동구 범일동 246-5,35.1357732,129.0573495,,,051-440-4674,부산광역시 동구청,2026-06-25
범일동0918,1,부산광역시 동구 범일로65번길 35-3,부산광역시 동구 범일동 246-1,35.1358516,129.0573716,,,051-440-4674,부산광역시 동구청,2026-06-25
범일동0919,1,부산광역시 동구 범일로65번길 35,부산광역시 동구 범일동 245-1,35.1359333,129.0574238,,,051-440-4674,부산광역시 동구청,2026-06-25
범일동0920,1,부산광역시 동구 진시장로20번길33,부산광역시 동구 범일동 266-5,35.1356941,129.0580171,,,051-440-4674,부산광역시 동구청,2026-06-25
범일동0921,1,부산광역시 동구 진시장로20번길 37-1,부산광역시 동구 범일동 263-1,35.1354233,129.0578743,,,051-440-4674,부산광역시 동구청,2026-06-25
범일동0922,1,부산광역시 동구 진시장로20번길 41,부산광역시 동구 범일동 264-21,35.1353369,129.0577677,,,051-440-4674,부산광역시 동구청,2026-06-25
범일동0923,1,부산광역시 동구 진시장로20번길 50,부산광역시 동구 범일동 252-1792,35.1350956,129.0574374,,,051-440-4674,부산광역시 동구청,2026-06-25
범일동0924,1,부산광역시 동구 범일로53번길 35,부산광역시 동구 범일동 252-6,35.1348882,129.0575744,,,051-440-4674,부산광역시 동구청,2026-06-25
범일동0925,1,부산광역시 동구 범일로53번길 35-4,부산광역시 동구 범일동 252-92,35.1348137,129.057525,,,051-440-4674,부산광역시 동구청,2026-06-25
범일동0926,1,부산광역시 동구 범일로53번길 31-12,부산광역시 동구 범일동 1550,35.1344192,129.0573838,,,051-440-4674,부산광역시 동구청,2026-06-25
범일동0927,1,부산광역시 동구 범일로53번길 31-11,부산광역시 동구 범일동 252-90,35.134441,129.057551,,,051-440-4674,부산광역시 동구청,2026-06-25
범일동0928,1,부산광역시 동구 성남이로60번길 26-3,부산광역시 동구 범일동 252-95,35.1346735,129.0573284,,,051-440-4674,부산광역시 동구청,2026-06-25
범일동0929,1,부산광역시 동구 성남이로60번길 27-1,부산광역시 동구 범일동 252-1820,35.1347544,129.0572123,,,051-440-4674,부산광역시 동구청,2026-06-25
범일동0930,1,부산광역시 동구 성남이로60번길 31-2,부산광역시 동구 범일동 252-1813,35.1349168,129.0573709,,,051-440-4674,부산광역시 동구청,2026-06-25
범일동0931,1,부산광역시 동구 진시장로20번길 49,부산광역시 동구 범일동 252-1807,35.1350539,129.0575735,,,051-440-4674,부산광역시 동구청,2026-06-25
범일동0932,1,부산광역시 동구 진시장로20번길 60,부산광역시 동구 범일동 252-1785,35.1346148,129.0569285,,,051-440-4674,부산광역시 동구청,2026-06-25
범일동0933,1,부산광역시 동구 진시장로20번길 54-4,부산광역시 동구 범일동 254-4,35.135038,129.057222,,,051-440-4674,부산광역시 동구청,2026-06-25
범일동0934,1,부산광역시 동구 진시장로20번길 54-10,부산광역시 동구 범일동 254-14,35.1352045,129.0571764,,,051-440-4674,부산광역시 동구청,2026-06-25
범일동0935,1,부산광역시 동구 성남이로60번길 22,부산광역시 동구 범일동 252-137,35.1344556,129.057073,,,051-440-4674,부산광역시 동구청,2026-06-25
범일동0936,1,부산광역시 동구 성남이로60번길 10,부산광역시 동구 범일동 252-1882,35.1340502,129.056656,,,051-440-4674,부산광역시 동구청,2026-06-25
범일동0937,1,부산광역시 동구 성남이로 56,부산광역시 동구 범일동 252-87,35.1337614,129.0564723,,,051-440-4674,부산광역시 동구청,2026-06-25
범일동0938,1,부산광역시 동구 성남이로56번길 3,부산광역시 동구 범일동 252-86,35.1338218,129.0565322,,,051-440-4674,부산광역시 동구청,2026-06-25
범일동0939,1,부산광역시 동구 성남이로56번길 11,부산광역시 동구 범일동 252-48,35.1340261,129.0569167,,,051-440-4674,부산광역시 동구청,2026-06-25
범일동0940,1,부산광역시 동구 성남이로56번길 19,부산광역시 동구 범일동 252-44,35.1340401,129.0573162,,,051-440-4674,부산광역시 동구청,2026-06-25
범일동0941,1,부산광역시 동구 성남이로56번길 21,부산광역시 동구 범일동 252-43,35.1340361,129.0574166,,,051-440-4674,부산광역시 동구청,2026-06-25
범일동0942,1,부산광역시 동구 성남이로56번길 26,부산광역시 동구 범일동 252-58,35.1339047,129.0576676,,,051-440-4674,부산광역시 동구청,2026-06-25
범일동0944,1,부산광역시 동구 성남이로46번길 22,부산광역시 동구 범일동 252-916,35.1338358,129.0577568,,,051-440-4674,부산광역시 동구청,2026-06-25
범일동0945,1,부산광역시 동구 성남이로40번길 27-2,부산광역시 동구 범일동 252-911,35.1336343,129.057856,,,051-440-4674,부산광역시 동구청,2026-06-25
범일동0946,1,부산광역시 동구 성남이로40번길 27-8,부산광역시 동구 범일동 252-935,35.1335387,129.0575954,,,051-440-4674,부산광역시 동구청,2026-06-25
범일동0947,1,부산광역시 동구 성남이로40번길23,부산광역시 동구 범일동 252-905,35.1334107,129.0578409,,,051-440-4674,부산광역시 동구청,2026-06-25
범일동0948,1,부산광역시 동구 성남이로40번길 24-6,부산광역시 동구 범일동 252-889,35.1334795,129.058038,,,051-440-4674,부산광역시 동구청,2026-06-25
범일동0949,1,부산광역시 동구 성남이로40번길 22-2,부산광역시 동구 범일동 252-894,35.1332792,129.0579635,,,051-440-4674,부산광역시 동구청,2026-06-25
범일동0950,1,부산광역시 동구 성남이로40번길 17-1,부산광역시 동구 범일동 252-943,35.133347,129.057769,,,051-440-4674,부산광역시 동구청,2026-06-25
범일동0951,1,부산광역시 동구 성남이로40번길 11-1,부산광역시 동구 범일동 252-958,35.1333071,129.0574101,,,051-440-4674,부산광역시 동구청,2026-06-25
범일동0952,1,부산광역시 동구 성남이로40번길 7,부산광역시 동구 범일동 252-973,35.1332169,129.0571682,,,051-440-4674,부산광역시 동구청,2026-06-25
범일동0953,1,부산광역시 동구 성남이로46번길 5,부산광역시 동구 범일동 252-81,35.1334013,129.0569777,,,051-440-4674,부산광역시 동구청,2026-06-25
범일동0954,1,부산광역시 동구 성남이로46번길 9,부산광역시 동구 범일동 252-74,35.1336259,129.0572362,,,051-440-4674,부산광역시 동구청,2026-06-25
범일동0955,1,부산광역시 동구 성남이로46번길 14-2,부산광역시 동구 범일동 252-925,35.1336299,129.0576011,,,051-440-4674,부산광역시 동구청,2026-06-25
범일동0956,1,부산광역시 동구 성남이로46번길 17,부산광역시 동구 범일동 252-59,35.1338143,129.0575395,,,051-440-4674,부산광역시 동구청,2026-06-25
범일동0957,1,부산광역시 동구 성남이로56번길 15,부산광역시 동구 범일동 252-1898,35.1340145,129.0570969,,,051-440-4674,부산광역시 동구청,2026-06-25
범일동0958,1,부산광역시 동구 성남이로56번길 6-13,부산광역시 동구 범일동 252-61,35.1338306,129.0573261,,,051-440-4674,부산광역시 동구청,2026-06-25
범일동0959,1,부산광역시 동구 성남이로56번길 6-9,부산광역시 동구 범일동 252-63,35.1338058,129.0571156,,,051-440-4674,부산광역시 동구청,2026-06-25
범일동0960,1,부산광역시 동구 성남이로56번길 6-3,부산광역시 동구 범일동 252-66,35.1337836,129.056759,,,051-440-4674,부산광역시 동구청,2026-06-25
범일동0961,1,부산광역시 동구 성남이로 50,부산광역시 동구 범일동 252-1750,35.1335064,129.0567921,,,051-440-4674,부산광역시 동구청,2026-06-25
범일동0962,1,부산광역시 동구 성남이로 50-7,부산광역시 동구 범일동 252-76,35.1336154,129.0570166,,,051-440-4674,부산광역시 동구청,2026-06-25
범일동0963,1,부산광역시 동구 성남로90-5,부산광역시 동구 범일동 252-1913,35.1311561,129.0588551,,,051-440-4674,부산광역시 동구청,2026-06-25
범일동0964,1,부산광역시 동구 성남로 90-17,부산광역시 동구 범일동 252-138,35.1311721,129.0590883,,,051-440-4674,부산광역시 동구청,2026-06-25
범일동0965,1,부산광역시 동구 성남로 90-23,부산광역시 동구 범일동 252-138,35.1311802,129.0592812,,,051-440-4674,부산광역시 동구청,2026-06-25
범일동0966,1,부산광역시 동구 범일로 60,부산광역시 동구 범일동 330-143,35.1352997,129.0596761,,,051-440-4674,부산광역시 동구청,2026-06-25
범일동0967,1,부산광역시 동구 자성로75번길 13,부산광역시 동구 범일동 329-5,35.1351969,129.0600395,,,051-440-4674,부산광역시 동구청,2026-06-25
범일동0968,1,부산광역시 동구 자성로 77-1,부산광역시 동구 범일동 330-101,35.1347269,129.0603876,,,051-440-4674,부산광역시 동구청,2026-06-25
범일동0969,1,부산광역시 동구 증산서로62번길 7-8,부산광역시 동구 범일동 1418-6,35.1393364,129.0514052,,,051-440-4674,부산광역시 동구청,2026-06-25
범일동0970,1,부산광역시 동구 자성로89번길 27,부산광역시 동구 범일동 331-6,35.1351854,129.0602522,,,051-440-4674,부산광역시 동구청,2026-06-25
범일동0971,1,부산광역시 동구 자성로87번길 16,부산광역시 동구 범일동 338-2,35.1350743,129.0605341,,,051-440-4674,부산광역시 동구청,2026-06-25
범일동0972,1,부산광역시 동구 자성로87번길 14,부산광역시 동구 범일동 339-2,35.1350116,129.0606547,,,051-440-4674,부산광역시 동구청,2026-06-25
범일동0973,1,부산광역시 동구 자성로87번길 14-4,부산광역시 동구 범일동 339-1,35.1351163,129.0606763,,,051-440-4674,부산광역시 동구청,2026-06-25
범일동0974,1,부산광역시 동구 자성로87번길 7,부산광역시 동구 범일동 330-81,35.1348766,129.0609211,,,051-440-4674,부산광역시 동구청,2026-06-25
범일동0975,1,부산광역시 동구 자성로 87,부산광역시 동구 범일동 330-168,35.1348525,129.0612002,,,051-440-4674,부산광역시 동구청,2026-06-25
범일동0976,1,부산광역시 동구 자성로89번길 11,부산광역시 동구 범일동 355-1,35.1351628,129.061122,,,051-440-4674,부산광역시 동구청,2026-06-25
범일동0977,1,부산광역시 동구 자성로89번길 15,부산광역시 동구 범일동 346-2,35.1352066,129.0609016,,,051-440-4674,부산광역시 동구청,2026-06-25
범일동0978,1,부산광역시 동구 자성로89번길 17-1,부산광역시 동구 범일동 347-3,35.1352137,129.0608134,,,051-440-4674,부산광역시 동구청,2026-06-25
범일동0979,1,부산광역시 동구 자성로89번길 21,부산광역시 동구 범일동 337,35.1352189,129.0605616,,,051-440-4674,부산광역시 동구청,2026-06-25
범일동0980,1,부산광역시 동구 자성로89번길 28,부산광역시 동구 범일동 331-5,35.1353459,129.0602403,,,051-440-4674,부산광역시 동구청,2026-06-25
범일동0981,1,부산광역시 동구 자성로75번길 22-8,부산광역시 동구 범일동 326-12,35.1354927,129.0604423,,,051-440-4674,부산광역시 동구청,2026-06-25
범일동0982,1,부산광역시 동구 자성로75번길 22-10,부산광역시 동구 범일동 590-5,35.135478,129.0606018,,,051-440-4674,부산광역시 동구청,2026-06-25
범일동0983,1,부산광역시 동구 범일로 64-4,부산광역시 동구 범일동 325-2,35.1355264,129.0597612,,,051-440-4674,부산광역시 동구청,2026-06-25
범일동0984,1,부산광역시 동구 범일이길20번길 13,부산광역시 동구 범일동 62-653,35.1392457,129.0576883,,,051-440-4674,부산광역시 동구청,2026-06-25
범일동0985,1,부산광역시 동구 범상로39번길 32,부산광역시 동구 범일동 1438-281,35.1423439,129.0486811,,,051-440-4674,부산광역시 동구청,2026-06-25
범일동0986,1,부산광역시 동구 자성로75번길 50-5,부산광역시 동구 범일동 611-26,35.1367473,129.0603887,,,051-440-4674,부산광역시 동구청,2026-06-25
범일동0987,1,부산광역시 동구 자성로75번길 50-10,부산광역시 동구 범일동 593-2,35.1365289,129.0602297,,,051-440-4674,부산광역시 동구청,2026-06-25
범일동0988,1,부산광역시 동구 자성로75번길 50-16,부산광역시 동구 범일동 594-1,35.1367063,129.060474,,,051-440-4674,부산광역시 동구청,2026-06-25
범일동0989,1,부산광역시 동구 범일로 74-3,부산광역시 동구 범일동 612-28,35.1365419,129.0598736,,,051-440-4674,부산광역시 동구청,2026-06-25
범일동0990,1,부산광역시 동구 범일로 70-3,부산광역시 동구 범일동 319-7,35.1363516,129.0597037,,,051-440-4674,부산광역시 동구청,2026-06-25
범일동0991,1,부산광역시 동구 범일로 72,부산광역시 동구 범일동 319-8,35.1363593,129.0596271,,,051-440-4674,부산광역시 동구청,2026-06-25
범일동0992,1,부산광역시 동구 범일로90번길 6,부산광역시 동구 범일동 629-2,35.1378185,129.0600928,,,051-440-4674,부산광역시 동구청,2026-06-25
범일동0993,1,부산광역시 동구 범일로90번길 6,부산광역시 동구 범일동 629-2,35.1378185,129.0600928,,,051-440-4674,부산광역시 동구청,2026-06-25
범일동0994,1,부산광역시 동구 범일로 84,부산광역시 동구 범일동 632-9,35.1374994,129.0597362,,,051-440-4674,부산광역시 동구청,2026-06-25
범일동0995,1,부산광역시 동구 자성공원로3번길 11,부산광역시 동구 범일동 624-1,35.1376362,129.0602486,,,051-440-4674,부산광역시 동구청,2026-06-25
범일동0996,1,부산광역시 동구 자성공원로3번길 10,부산광역시 동구 범일동 618-17,35.1374591,129.0602229,,,051-440-4674,부산광역시 동구청,2026-06-25
범일동0997,1,부산광역시 동구 자성공원로 1-4,부산광역시 동구 범일동 616-5,35.1373274,129.0599064,,,051-440-4674,부산광역시 동구청,2026-06-25
범일동0998,1,부산광역시 동구 자성공원로3번길 23-4,부산광역시 동구 범일동 576,35.1376433,129.0610283,,,051-440-4674,부산광역시 동구청,2026-06-25
범일동0999,1,부산광역시 동구 자성공원로3번길 19,부산광역시 동구 범일동 620-4,35.1376752,129.0606753,,,051-440-4674,부산광역시 동구청,2026-06-25
범일동1000,1,부산광역시 동구 자성공원로3번길 14-1,부산광역시 동구 범일동 618-6,35.1375728,129.0604399,,,051-440-4674,부산광역시 동구청,2026-06-25
범일동1001,1,부산광역시 동구 범일로90번길 10-1,부산광역시 동구 범일동 574-6,35.1378776,129.0606348,,,051-440-4674,부산광역시 동구청,2026-06-25
범일동1002,1,부산광역시 동구 부산진성공원로3번길 23-3,부산광역시 동구 범일동 575-1,35.1377272,129.0608783,,,051-440-4674,부산광역시 동구청,2026-06-25
범일동1003,1,부산광역시 동구 범일로90번길 16,부산광역시 동구 범일동 572-3,35.1378232,129.0612336,,,051-440-4674,부산광역시 동구청,2026-06-25
범일동1004,1,부산광역시 동구 범일로90번길 16-5,부산광역시 동구 범일동 579-3,35.1377701,129.0613855,,,051-440-4674,부산광역시 동구청,2026-06-25
범일동1005,1,부산광역시 동구 자성공원로 23-9,부산광역시 동구 범일동 570-34,35.1376071,129.0616639,,,051-440-4674,부산광역시 동구청,2026-06-25
범일동1006,1,부산광역시 동구 부산진성공원로 21,부산광역시 동구 범일동 584-1,35.1373908,129.0618287,,,051-440-4674,부산광역시 동구청,2026-06-25
범일동1008,1,부산광역시 동구 자성로111번길 2-5,부산광역시 동구 범일동 829-24,35.136916,129.0628561,,,051-440-4674,부산광역시 동구청,2026-06-25
범일동1009,1,부산광역시 동구 자성로111번길 7-5,부산광역시 동구 범일동 552-5,35.1365213,129.0625479,,,051-440-4674,부산광역시 동구청,2026-06-25
범일동1010,1,부산광역시 동구 자성로111번길 8-2,부산광역시 동구 범일동 829-35,35.1368419,129.0627357,,,051-440-4674,부산광역시 동구청,2026-06-25
범일동1011,1,부산광역시 동구 자성공원로 30,부산광역시 동구 범일동 829-3,35.1370709,129.0627411,,,051-440-4674,부산광역시 동구청,2026-06-25
범일동1012,1,부산광역시 동구 자성로111번길 8,부산광역시 동구 범일동 829-36,35.1367759,129.0627033,,,051-440-4674,부산광역시 동구청,2026-06-25
범일동1013,1,부산광역시 동구 자성로111번길 10-5,부산광역시 동구 범일동 829-47,35.1369271,129.0624562,,,051-440-4674,부산광역시 동구청,2026-06-25
범일동1014,1,부산광역시 동구 자성로111번길 13,부산광역시 동구 범일동 586-11,35.1366015,129.062337,,,051-440-4674,부산광역시 동구청,2026-06-25
범일동1015,1,부산광역시 동구 자성로111번길 12-3,부산광역시 동구 범일동 570-19,35.136876,129.0622764,,,051-440-4674,부산광역시 동구청,2026-06-25
범일동1016,1,부산광역시 동구 자성로111번길 12-4,부산광역시 동구 범일동 829-50,35.1369358,129.0623655,,,051-440-4674,부산광역시 동구청,2026-06-25
범일동1017,1,부산광역시 동구 자성공원로 26,부산광역시 동구 범일동 829-6,35.1371005,129.0622969,,,051-440-4674,부산광역시 동구청,2026-06-25
범일동1018,1,부산광역시 동구 자성로111번길 17,부산광역시 동구 범일동 586-3,35.1367309,129.0620345,,,051-440-4674,부산광역시 동구청,2026-06-25
범일동1019,1,부산광역시 동구 자성로111번길 20,부산광역시 동구 범일동 586-29,35.1369401,129.0620856,,,051-440-4674,부산광역시 동구청,2026-06-25
범일동1020,1,부산광역시 동구 자성로111번길 27,부산광역시 동구 범일동 586-42,35.1370019,129.0615646,,,051-440-4674,부산광역시 동구청,2026-06-25
범일동1021,1,부산광역시 동구 자성로103번길 16,부산광역시 동구 범일동 586-45,35.1365192,129.0620213,,,051-440-4674,부산광역시 동구청,2026-06-25
범일동1022,1,부산광역시 동구 자성로111번길 19,부산광역시 동구 범일동 586-37,35.1367654,129.0619138,,,051-440-4674,부산광역시 동구청,2026-06-25
범일동1023,1,부산광역시 동구 자성로103번길 24,부산광역시 동구 범일동 586-40,35.1368427,129.0616804,,,051-440-4674,부산광역시 동구청,2026-06-25
범일동1024,1,부산광역시 동구 자성로111번길 31,부산광역시 동구 범일동 586-44,35.1371216,129.0614171,,,051-440-4674,부산광역시 동구청,2026-06-25
범일동1025,1,부산광역시 동구 자성로103번길 15,부산광역시 동구 범일동 587-11,35.1364682,129.061864,,,051-440-4674,부산광역시 동구청,2026-06-25
범일동1026,1,부산광역시 동구 자성로103번길 12,부산광역시 동구 범일동 586-22,35.1364535,129.0621237,,,051-440-4674,부산광역시 동구청,2026-06-25
범일동1027,1,부산광역시 동구 자성로103번길 10,부산광역시 동구 범일동 586-25,35.1363548,129.0621558,,,051-440-4674,부산광역시 동구청,2026-06-25
범일동1028,1,부산광역시 동구 자성로103번길 4-1,부산광역시 동구 범일동 384-3,35.1361147,129.0622709,,,051-440-4674,부산광역시 동구청,2026-06-25
범일동1029,1,부산광역시 동구 자성로103번길 4-3,부산광역시 동구 범일동 570-10,35.1361739,129.0623632,,,051-440-4674,부산광역시 동구청,2026-06-25
범일동1030,1,부산광역시 동구 자성로103번길 6-12,부산광역시 동구 범일동 586-16,35.1364504,129.0623692,,,051-440-4674,부산광역시 동구청,2026-06-25
범일동1031,1,부산광역시 동구 자성로103번길 6-15,부산광역시 동구 범일동 586-21,35.1364832,129.062217,,,051-440-4674,부산광역시 동구청,2026-06-25
범일동1032,1,부산광역시 동구 자성로 103,부산광역시 동구 범일동 392-1,35.1360612,129.0624008,,,051-440-4674,부산광역시 동구청,2026-06-25
범일동1034,1,부산광역시 동구 자성로 96-3,부산광역시 동구 범일동 330-35,35.1350861,129.0623316,,,051-440-4674,부산광역시 동구청,2026-06-25
범일동1035,1,부산광역시 동구 자성로90번길 11,부산광역시 동구 범일동 330-41,35.1348773,129.0624608,,,051-440-4674,부산광역시 동구청,2026-06-25
범일동1036,1,부산광역시 동구 자성로90번길 21,부산광역시 동구 범일동 330-277,35.1349319,129.0630055,,,051-440-4674,부산광역시 동구청,2026-06-25
범일동1037,1,부산광역시 동구 자성로108번길 14,부산광역시 동구 범일동 330-190,35.135428,129.0630638,,,051-440-4674,부산광역시 동구청,2026-06-25
범일동1038,1,부산광역시 동구 자성로108번길 12,부산광역시 동구 범일동 330-210,35.135573,129.0630639,,,051-440-4674,부산광역시 동구청,2026-06-25
범일동1039,1,부산광역시 동구 자성로108번길 10,부산광역시 동구 범일동 330-209,35.1356556,129.063054,,,051-440-4674,부산광역시 동구청,2026-06-25
범일동1040,1,부산광역시 동구 자성로108번길 6,부산광역시 동구 범일동 330-207,35.135745,129.06303,,,051-440-4674,부산광역시 동구청,2026-06-25
범일동1041,1,부산광역시 동구 자성로 104-3,부산광역시 동구 범일동 547-8,35.1357269,129.0629127,,,051-440-4674,부산광역시 동구청,2026-06-25
범일동1042,1,부산광역시 동구 자성로 102-7,부산광역시 동구 범일동 330-192,35.1354186,129.0629299,,,051-440-4674,부산광역시 동구청,2026-06-25
범일동1043,1,부산광역시 동구 자성로108번길 20,부산광역시 동구 범일동 330-196,35.1350879,129.0629882,,,051-440-4674,부산광역시 동구청,2026-06-25
범일동1044,1,부산광역시 동구 자성로 98-12,부산광역시 동구 범일동 330-30,35.1351614,129.0625207,,,051-440-4674,부산광역시 동구청,2026-06-25
범일동1045,1,부산광역시 동구 자성로116번길 2,부산광역시 동구 범일동 825-7,35.1355347,129.064283,,,051-440-4674,부산광역시 동구청,2026-06-25
범일동1046,1,부산광역시 동구 자성로116번길 2,부산광역시 동구 범일동 825-7,35.1355347,129.064283,,,051-440-4674,부산광역시 동구청,2026-06-25
범일동1047,1,부산광역시 동구 자성로116번길 2,부산광역시 동구 범일동 825-7,35.1355347,129.064283,,,051-440-4674,부산광역시 동구청,2026-06-25
범일동1048,1,부산광역시 동구 자성로116번길 2,부산광역시 동구 범일동 825-7,35.1355347,129.064283,,,051-440-4674,부산광역시 동구청,2026-06-25
범일동1049,1,부산광역시 동구 자성로140번길 43,부산광역시 동구 범일동 825-42,35.1353442,129.064435,,,051-440-4674,부산광역시 동구청,2026-06-25
범일동1050,1,부산광역시 동구 자성로140번길 41-8,부산광역시 동구 범일동 825-55,35.1350334,129.0644663,,,051-440-4674,부산광역시 동구청,2026-06-25
범일동1051,1,부산광역시 동구 자성로140번길 36,부산광역시 동구 범일동 825-19,35.1355575,129.0648097,,,051-440-4674,부산광역시 동구청,2026-06-25
범일동1052,1,부산광역시 동구 자성로140번길 33,부산광역시 동구 범일동 825-24,35.1351565,129.0648231,,,051-440-4674,부산광역시 동구청,2026-06-25
범일동1053,1,부산광역시 동구 자성로116번길 26,부산광역시 동구 범일동 825-83,35.1360182,129.0649062,,,051-440-4674,부산광역시 동구청,2026-06-25
범일동1056,1,부산광역시 동구 자성로116번길 2,부산광역시 동구 범일동 825-7,35.1355347,129.064283,,,051-440-4674,부산광역시 동구청,2026-06-25
범일동1057,1,부산광역시 동구 범일로 92-8,부산광역시 동구 범일동 830-219,35.1384787,129.0598228,,,051-440-4674,부산광역시 동구청,2026-06-25
범일동1058,1,부산광역시 동구 범일로 98,부산광역시 동구 범일동 832-4,35.1386393,129.0596539,,,051-440-4674,부산광역시 동구청,2026-06-25
범일동1059,1,부산광역시 동구 범일로 106,부산광역시 동구 범일동 833-26,35.1394521,129.0596754,,,051-440-4674,부산광역시 동구청,2026-06-25
범일동1060,1,부산광역시 동구 범일로 106-1,부산광역시 동구 범일동 833-25,35.1395316,129.0596746,,,051-440-4674,부산광역시 동구청,2026-06-25
범일동1061,1,부산광역시 동구 범일로 108-1,부산광역시 동구 범일동 833-58,35.1396749,129.0596661,,,051-440-4674,부산광역시 동구청,2026-06-25
범일동1062,1,부산광역시 동구 조방로49번길 12-1,부산광역시 동구 범일동 833-16,35.139763,129.0599242,,,051-440-4674,부산광역시 동구청,2026-06-25
범일동1063,1,부산광역시 동구 범일로 112,부산광역시 동구 범일동 833-10,35.1399391,129.0596657,,,051-440-4674,부산광역시 동구청,2026-06-25
범일동1064,1,부산광역시 동구 범일로 114,부산광역시 동구 범일동 833-8,35.1401181,129.0596608,,,051-440-4674,부산광역시 동구청,2026-06-25
범일동1065,1,부산광역시 동구 범일로 114,부산광역시 동구 범일동 833-8,35.1401181,129.0596608,,,051-440-4674,부산광역시 동구청,2026-06-25
범일동1066,1,부산광역시 동구 조방로53번길 9,부산광역시 동구 범일동 834-17,35.1403122,129.0599128,,,051-440-4674,부산광역시 동구청,2026-06-25
범일동1067,1,부산광역시 동구 조방로49번길 4,부산광역시 동구 범일동 834-4,35.1405449,129.0599133,,,051-440-4674,부산광역시 동구청,2026-06-25
범일동1069,1,부산광역시 동구 조방로53번길 4,부산광역시 동구 범일동 834-9,35.1408079,129.0597285,,,051-440-4674,부산광역시 동구청,2026-06-25
범일동1070,1,부산광역시 동구 범일로 124,부산광역시 동구 범일동 834-20,35.140975,129.0596671,,,051-440-4674,부산광역시 동구청,2026-06-25
범일동1071,1,부산광역시 동구 범일로102번길 16-14,부산광역시 동구 범일동 830-280,35.138435,129.0610236,,,051-440-4674,부산광역시 동구청,2026-06-25
범일동1072,1,부산광역시 동구 조방로 35,부산광역시 동구 범일동 830-53,35.1397739,129.0610125,,,051-440-4674,부산광역시 동구청,2026-06-25
범일동1073,1,부산광역시 동구 조방로26번길 7,부산광역시 동구 범일동 830-197,35.13966,129.0625324,,,051-440-4674,부산광역시 동구청,2026-06-25
범일동1074,1,부산광역시 동구 조방로26번길 9,부산광역시 동구 범일동 830-196,35.1398066,129.0627777,,,051-440-4674,부산광역시 동구청,2026-06-25
범일동1075,1,부산광역시 동구 조방로38번길 5,부산광역시 동구 범일동 830-164,35.1404268,129.0616229,,,051-440-4674,부산광역시 동구청,2026-06-25
범일동1076,1,부산광역시 동구 조방로38번길 9,부산광역시 동구 범일동 830-155,35.1406363,129.061945,,,051-440-4674,부산광역시 동구청,2026-06-25
범일동1077,1,부산광역시 동구 조방로38번길 11,부산광역시 동구 범일동 830-152,35.1407708,129.0621697,,,051-440-4674,부산광역시 동구청,2026-06-25
범일동1078,1,부산광역시 동구 범곡서로17번길 51,부산광역시 동구 범일동 1480-27,35.1406944,129.0537615,,,051-440-4674,부산광역시 동구청,2026-06-25
범일동1079,1,부산광역시 동구 망양로886번길 8-17,부산광역시 동구 범일동 1430-16,35.1387719,129.0484481,,,051-440-4674,부산광역시 동구청,2026-06-25
범일동1080,1,부산광역시 동구 범곡로9번길 16,부산광역시 동구 범일동 1315-15,35.139042,129.05509,,,051-440-4674,부산광역시 동구청,2026-06-25
범일동1081,1,부산광역시 동구 범내로 36-4,부산광역시 동구 범일동 1513-4,35.1435377,129.0492536,,,051-440-4674,부산광역시 동구청,2026-06-25
범일동1085,1,부산광역시 동구 증산북로13번가길 15-12,부산광역시 동구 범일동 1415-115,35.1391525,129.0518025,,,051-440-4674,부산광역시 동구청,2026-06-25
범일동1086,1,부산광역시 동구 자성로133번길 39,부산광역시 동구 범일동 830-190,35.1402312,129.062709,,,051-440-4674,부산광역시 동구청,2026-06-25
범일동1087,1,부산광역시 동구 망양로960,부산광역시 동구 범일동 1306-16,35.1418842,129.0541361,,,051-440-4674,부산광역시 동구청,2026-06-25
범일동1088,1,부산광역시 동구 범내로25,부산광역시 동구 범일동 1492-23,35.1431395,129.0503612,,,051-440-4674,부산광역시 동구청,2026-06-25
범일동1089,1,부산광역시 동구 범곡서로 16,부산광역시 동구 범일동 1456-186,35.1409589,129.0518248,,,051-440-4674,부산광역시 동구청,2026-06-25
범일동1090,1,부산광역시 동구 정공단로47번길 14,부산광역시 동구 범일동 1376,35.1373523,129.0547029,,,051-440-4674,부산광역시 동구청,2026-06-25
범일동1091,1,부산광역시 동구 범일로65번길 28,부산광역시 동구 범일동 275,35.1359785,129.057803,,,051-440-4674,부산광역시 동구청,2026-06-25
범일동1092,1,부산광역시 동구 증산로 182,부산광역시 동구 범일동 1424-46,35.139936,129.0512735,,,051-440-4674,부산광역시 동구청,2026-06-25
범일동1095,1,부산광역시 동구 증산로162번길 14-5,부산광역시 동구 범일동 1474-11,35.1400778,129.0538535,,,051-440-4674,부산광역시 동구청,2026-06-25
범일동1096,1,부산광역시 동구 범상로22번길 7,부산광역시 동구 범일동 1501-185,35.1423004,129.0494236,,,051-440-4674,부산광역시 동구청,2026-06-25
범일동1098,1,부산광역시 동구 안창로92번길 56,부산광역시 동구 범일동 산 41-20,35.1421281,129.0392664,,,051-440-4674,부산광역시 동구청,2026-06-25
범일동1099,1,부산광역시 동구 성북로54번길 2,부산광역시 동구 범일동 1430-110,35.1385302,129.0491703,,,051-440-4674,부산광역시 동구청,2026-06-25
범일동1100,1,부산광역시 동구 범곡북로 22-5,부산광역시 동구 범일동 1308-38,35.1416783,129.0534698,,,051-440-4674,부산광역시 동구청,2026-06-25
범일동1101,1,부산광역시 동구 범곡로53번길6-4,부산광역시 동구 범일동 1461,35.1409037,129.0528574,,,051-440-4674,부산광역시 동구청,2026-06-25
범일동1102,1,부산광역시 동구 범상로 1-6,부산광역시 동구 범일동 1437-15,35.140581,129.0486256,,,051-440-4674,부산광역시 동구청,2026-06-25
범일동1103,1,부산광역시 동구 성남이로38번길 13,부산광역시 동구 범일동 252-953,35.1331026,129.0575632,,,051-440-4674,부산광역시 동구청,2026-06-25
범일동1108,1,부산광역시 동구 범곡북로 32,부산광역시 동구 범일동 1486-1,35.1420313,129.0527726,,,051-440-4674,부산광역시 동구청,2026-06-25
범일동1109,1,부산광역시 동구 범상로 35-1,부산광역시 동구 범일동 1522-329,35.1433852,129.0485799,,,051-440-4674,부산광역시 동구청,2026-06-25
범일동1110,1,부산광역시 동구 범곡북로 26,부산광역시 동구 범일동 1308-25,35.1416836,129.053346,,,051-440-4674,부산광역시 동구청,2026-06-25
범일동1111,1,부산광역시 동구 범곡북로14번길 21,부산광역시 동구 범일동 1485,35.141752,129.0532083,,,051-440-4674,부산광역시 동구청,2026-06-25
범일동1112,1,부산광역시 동구 증산로143번길 28,부산광역시 동구 범일동 1450-1,35.1382545,129.0524024,,,051-440-4674,부산광역시 동구청,2026-06-25
범일동1113,1,부산광역시 동구 성북로42번길 8-1,부산광역시 동구 범일동 1406-15,35.1376903,129.049982,,,051-440-4674,부산광역시 동구청,2026-06-25
범일동1114,1,부산광역시 동구 범일로53번길 31-2,부산광역시 동구 범일동 252-97,35.1347752,129.0576824,,,051-440-4674,부산광역시 동구청,2026-06-25
범일동1119,1,부산광역시 동구 증산서로46번길11-5,부산광역시 동구 범일동 1412-98,35.1385086,129.050693,,,051-440-4674,부산광역시 동구청,2026-06-25
범일동1120,1,부산광역시 동구 안창로1번길10,부산광역시 동구 범일동 1526-44,35.1444627,129.0473977,,,051-440-4674,부산광역시 동구청,2026-06-25
범일동1121,1,부산광역시 동구 범일로53번길 25,부산광역시 동구 범일동 1550,35.1345893,129.0578302,,,051-440-4674,부산광역시 동구청,2026-06-25
범일동1122,1,부산광역시 동구 범내로9번길 26,부산광역시 동구 범일동 1623-26,35.1426124,129.0503836,,,051-440-4674,부산광역시 동구청,2026-06-25
범일동1123,1,부산광역시 동구 범곡로9번다길 19,부산광역시 동구 범일동 1320-54,35.1397419,129.0549335,,,051-440-4674,부산광역시 동구청,2026-06-25
범일동1125,1,부산광역시 동구 범일로102번길 16-14,부산광역시 동구 범일동 830-272,35.138435,129.0610236,,,051-440-4674,부산광역시 동구청,2026-06-25
범일동1126,1,부산광역시 동구 망양로875번길 13,부산광역시 동구 범일동 1435-600,35.1393255,129.0477954,,,051-440-4674,부산광역시 동구청,2026-06-25
범일동1127,1,부산광역시 동구 부산진성공원로 23,부산광역시 동구 범일동 830-29,35.1377049,129.0624323,,,051-440-4674,부산광역시 동구청,2026-06-25
범일동1128,1,부산광역시 동구 자성로116번길 2,부산광역시 동구 범일동 825-7,35.1355347,129.064283,,,051-440-4674,부산광역시 동구청,2026-06-25
범일동1129,1,부산광역시 동구 자성로 77-1,부산광역시 동구 범일동 330-309,35.1347269,129.0603876,,,051-440-4674,부산광역시 동구청,2026-06-25
범일동1131,1,부산광역시 동구 범곡로14,부산광역시 동구 범일동 1552,35.1394079,129.0560352,,,051-440-4674,부산광역시 동구청,2026-06-25
범일동1132,1,부산광역시 동구 범상로 39가길 2,부산광역시 동구 범일동 1522-361,35.1436198,129.0482842,,,051-440-4674,부산광역시 동구청,2026-06-25
범일동1133,1,부산광역시 동구 망양로875번길 17,부산광역시 동구 범일동 1435-433,35.1395443,129.0478637,,,051-440-4674,부산광역시 동구청,2026-06-25
범일동1134,1,부산광역시 동구 범일로 120,부산광역시 동구 범일동 834-25,35.1406828,129.0596428,,,051-440-4674,부산광역시 동구청,2026-06-25
범일동1135,1,부산광역시 동구 범곡로9번나길13,부산광역시 동구 범일동 1319-71,35.1395238,129.0551739,,,051-440-4674,부산광역시 동구청,2026-06-25
범일동1136,1,부산광역시 동구 안창로1번가길 9,부산광역시 동구 범일동 1526-44,35.144601,129.0470772,,,051-440-4674,부산광역시 동구청,2026-06-25
범일동1137,1,부산광역시 동구 범상로41-3,부산광역시 동구 범일동 1522-181,35.1438411,129.0480846,,,051-440-4674,부산광역시 동구청,2026-06-25
범일동1138,1,부산광역시 동구 중앙대로460번길 60,부산광역시 동구 범일동 222-2,35.1362527,129.0569947,,,051-440-4674,부산광역시 동구청,2026-06-25
범일동1139,1,부산광역시 동구 망양로931번가길 16,부산광역시 동구 범일동 1456-10,35.141313,129.0507482,,,051-440-4674,부산광역시 동구청,2026-06-25
범일동1140,1,부산광역시 동구 범상로6번가길 17,부산광역시 동구 범일동 1438-52,35.1412172,129.049601,,,051-440-4674,부산광역시 동구청,2026-06-25
범일동1141,1,부산광역시 동구 범곡북로3번길 43,부산광역시 동구 범일동 1482-2,35.1412831,129.0534423,,,051-440-4674,부산광역시 동구청,2026-06-25
범일동1142,1,부산광역시 동구 범곡로55번길18,부산광역시 동구 범일동 1458-55,35.1407662,129.0522369,,,051-440-4674,부산광역시 동구청,2026-06-25
범일동1143,1,부산광역시 동구 중앙대로 477-13,부산광역시 동구 범일동 147-2,35.1364989,129.055767,,,051-440-4674,부산광역시 동구청,2026-06-25
범일동 1115,1,부산광역시 동구 안창로77번길 41,부산광역시 동구 범일동 산 65-121,35.1432411,129.0412571,,,051-440-4674,부산광역시 동구청,2026-06-25
범일동 1116,1,부산광역시 동구 망양로902번가길 20,부산광역시 동구 범일동 1430-70,35.1389278,129.0491887,,,051-440-4674,부산광역시 동구청,2026-06-25
범일동 1117,1,부산광역시 동구 범곡서로17번길 22,부산광역시 동구 범일동 1462-5,35.1406226,129.0522975,,,051-440-4674,부산광역시 동구청,2026-06-25
범일동 1118,1,부산광역시 동구 안창로1번나길 4,부산광역시 동구 범일동 1526-44,35.1443594,129.0468457,,,051-440-4674,부산광역시 동구청,2026-06-25
범일동-,1,부산광역시 동구 범내남로 34,부산광역시 동구 범일동 1501-97,35.1423115,129.0497602,,,051-440-4674,부산광역시 동구청,2026-06-25
수정동0001,1,부산광역시 동구 고관로 69-3,부산광역시 동구 수정동 337-6,35.1254845,129.0440591,,,051-440-4674,부산광역시 동구청,2026-06-25
수정동0002,1,부산광역시 동구 고관로 69-5,부산광역시 동구 수정동 337-14,35.1255314,129.044006,,,051-440-4674,부산광역시 동구청,2026-06-25
수정동0003,1,부산광역시 동구 고관로 69-3 뒷길,부산광역시 동구 수정동 336-2,35.1254845,129.0440591,,,051-440-4674,부산광역시 동구청,2026-06-25
수정동0004,1,부산광역시 동구 수정공원로43번길 7-6,부산광역시 동구 수정동 943-13,35.1308191,129.038749,,,051-440-4674,부산광역시 동구청,2026-06-25
수정동0005,1,부산광역시 동구 고관로63번길 10,부산광역시 동구 수정동 1006-14,35.1252604,129.043647,,,051-440-4674,부산광역시 동구청,2026-06-25
수정동0006,1,부산광역시 동구 초량상로157번길 33,부산광역시 동구 수정동 1007-1,35.1255061,129.0434376,,,051-440-4674,부산광역시 동구청,2026-06-25
수정동0007,1,부산광역시 동구 초량상로157번길 38,부산광역시 동구 수정동 1006-11,35.1254662,129.0436737,,,051-440-4674,부산광역시 동구청,2026-06-25
수정동0008,1,부산광역시 동구 초량상로157번길 39,부산광역시 동구 수정동 1005-5,35.1256557,129.0436874,,,051-440-4674,부산광역시 동구청,2026-06-25
수정동0009,1,부산광역시 동구 초량상로157번길 43,부산광역시 동구 수정동 1005-3,35.1257228,129.0438659,,,051-440-4674,부산광역시 동구청,2026-06-25
수정동0010,1,부산광역시 동구 초량상로157번길 48,부산광역시 동구 수정동 333-2,35.1257243,129.0441717,,,051-440-4674,부산광역시 동구청,2026-06-25
수정동0011,1,부산광역시 동구 고관로 57,부산광역시 동구 수정동 355-1,35.1245204,129.0436569,,,051-440-4674,부산광역시 동구청,2026-06-25
수정동0012,1,부산광역시 동구 고관로 55-6,부산광역시 동구 수정동 355-5,35.1245755,129.0433937,,,051-440-4674,부산광역시 동구청,2026-06-25
수정동0013,1,부산광역시 동구 고관로53번길 8-3,부산광역시 동구 수정동 358-13,35.1242526,129.0431767,,,051-440-4674,부산광역시 동구청,2026-06-25
수정동0014,1,부산광역시 동구 초량상로157번길 13,부산광역시 동구 수정동 1020-7,35.1245633,129.0429745,,,051-440-4674,부산광역시 동구청,2026-06-25
수정동0015,1,부산광역시 동구 초량상로157번길 19,부산광역시 동구 수정동 1009-40,35.1249231,129.0429874,,,051-440-4674,부산광역시 동구청,2026-06-25
수정동0016,1,부산광역시 동구 초량상로157번길 20-6,부산광역시 동구 수정동 355-22,35.1247325,129.0434483,,,051-440-4674,부산광역시 동구청,2026-06-25
수정동0018,1,부산광역시 동구 고관로53번길 4,부산광역시 동구 수정동 358-34,35.1241932,129.0433737,,,051-440-4674,부산광역시 동구청,2026-06-25
수정동0019,1,부산광역시 동구 고관로53번길 5,부산광역시 동구 수정동 358-5,35.1241172,129.0433292,,,051-440-4674,부산광역시 동구청,2026-06-25
수정동0020,1,부산광역시 동구 고관로53번길 8-1,부산광역시 동구 수정동 358-14,35.1241969,129.0431585,,,051-440-4674,부산광역시 동구청,2026-06-25
수정동0021,1,부산광역시 동구 초량상로157번길 4-1,부산광역시 동구 수정동 363-8,35.124152,129.0429319,,,051-440-4674,부산광역시 동구청,2026-06-25
수정동0022,1,부산광역시 동구 초량상로 155-1,부산광역시 동구 수정동 366-4,35.1240841,129.0427349,,,051-440-4674,부산광역시 동구청,2026-06-25
수정동0023,1,부산광역시 동구 초량상로157번길 9,부산광역시 동구 수정동 367-12,35.1243937,129.0428732,,,051-440-4674,부산광역시 동구청,2026-06-25
수정동0024,1,부산광역시 동구 초량상로 151-10,부산광역시 동구 수정동 367-28,35.1243501,129.0426639,,,051-440-4674,부산광역시 동구청,2026-06-25
수정동0025,1,부산광역시 동구 초량상로 155,부산광역시 동구 수정동 365-5,35.1241595,129.0426414,,,051-440-4674,부산광역시 동구청,2026-06-25
수정동0026,1,부산광역시 동구 홍곡로64번길 25,부산광역시 동구 수정동 1018-5,35.124832,129.042861,,,051-440-4674,부산광역시 동구청,2026-06-25
수정동0027,1,부산광역시 동구 홍곡로64번가길 18,부산광역시 동구 수정동 1023-70,35.1248822,129.0426007,,,051-440-4674,부산광역시 동구청,2026-06-25
수정동0028,1,부산광역시 동구 홍곡로64번가길 13,부산광역시 동구 수정동 1015-1,35.1250856,129.0424852,,,051-440-4674,부산광역시 동구청,2026-06-25
수정동0029,1,부산광역시 동구 홍곡로64번길 22,부산광역시 동구 수정동 1023-84,35.1247171,129.042592,,,051-440-4674,부산광역시 동구청,2026-06-25
수정동0030,1,부산광역시 동구 홍곡로64번길 15,부산광역시 동구 수정동 1023-15,35.1246554,129.0424241,,,051-440-4674,부산광역시 동구청,2026-06-25
수정동0031,1,부산광역시 동구 홍곡로64번길 12,부산광역시 동구 수정동 1025-14,35.1245905,129.0421535,,,051-440-4674,부산광역시 동구청,2026-06-25
수정동0032,1,부산광역시 동구 홍곡로64번가길 8-4,부산광역시 동구 수정동 1023-69,35.1248241,129.0423669,,,051-440-4674,부산광역시 동구청,2026-06-25
수정동0033,1,부산광역시 동구 홍곡로 72-13,부산광역시 동구 수정동 1009-22,35.1251415,129.0431157,,,051-440-4674,부산광역시 동구청,2026-06-25
수정동0034,1,부산광역시 동구 고관로63번길 23,부산광역시 동구 수정동 1009-11,35.1253076,129.0427788,,,051-440-4674,부산광역시 동구청,2026-06-25
수정동0035,1,부산광역시 동구 홍곡로 72-3,부산광역시 동구 수정동 1009-10,35.1253306,129.0426679,,,051-440-4674,부산광역시 동구청,2026-06-25
수정동0036,1,부산광역시 동구 고관로63번길 22,부산광역시 동구 수정동 1007-12,35.1254301,129.0430321,,,051-440-4674,부산광역시 동구청,2026-06-25
수정동0037,1,부산광역시 동구 홍곡로 80-3,부산광역시 동구 수정동 1007-6,35.125496,129.0433219,,,051-440-4674,부산광역시 동구청,2026-06-25
수정동0039,1,부산광역시 동구 홍곡로 68,부산광역시 동구 수정동 1014-8,35.1249878,129.0421841,,,051-440-4674,부산광역시 동구청,2026-06-25
수정동0040,1,부산광역시 동구 초량중로 137-4,부산광역시 동구 수정동 369-27,35.1237617,129.0416084,,,051-440-4674,부산광역시 동구청,2026-06-25
수정동0041,1,부산광역시 동구 초량상로 140-9,부산광역시 동구 수정동 374-14,35.1234936,129.0414467,,,051-440-4674,부산광역시 동구청,2026-06-25
수정동0042,1,부산광역시 동구 초량상로 140-7,부산광역시 동구 수정동 374-15,35.123509,129.0413847,,,051-440-4674,부산광역시 동구청,2026-06-25
수정동0043,1,부산광역시 동구 초량중로 142,부산광역시 동구 수정동 363-4,35.1238842,129.04257,,,051-440-4674,부산광역시 동구청,2026-06-25
수정동0045,1,부산광역시 동구 초량중로127번길 8,부산광역시 동구 수정동 389-33,35.1232653,129.0412252,,,051-440-4674,부산광역시 동구청,2026-06-25
수정동0047,1,부산광역시 동구 초량상로 136,부산광역시 동구 수정동 389-24,35.1234846,129.0408596,,,051-440-4674,부산광역시 동구청,2026-06-25
수정동0048,1,부산광역시 동구 초량중로 132,부산광역시 동구 수정동 389-57,35.1230723,129.0415533,,,051-440-4674,부산광역시 동구청,2026-06-25
수정동0049,1,부산광역시 동구 초량중로 130-8,부산광역시 동구 수정동 389-62,35.1228492,129.0416699,,,051-440-4674,부산광역시 동구청,2026-06-25
수정동0050,1,부산광역시 동구 고관로33번길 21-1,부산광역시 동구 수정동 393-20,35.1225826,129.0415826,,,051-440-4674,부산광역시 동구청,2026-06-25
수정동0051,1,부산광역시 동구 고관로33번길 19,부산광역시 동구 수정동 393-18,35.122486,129.0417221,,,051-440-4674,부산광역시 동구청,2026-06-25
수정동0052,1,부산광역시 동구 고관로33번길 16,부산광역시 동구 수정동 393-9,35.122608,129.0418964,,,051-440-4674,부산광역시 동구청,2026-06-25
수정동0053,1,부산광역시 동구 고관로33번길 17,부산광역시 동구 수정동 393-17,35.1224695,129.0418325,,,051-440-4674,부산광역시 동구청,2026-06-25
수정동0054,1,부산광역시 동구 고관로33번길 22,부산광역시 동구 수정동 389-19,35.1227461,129.0416956,,,051-440-4674,부산광역시 동구청,2026-06-25
수정동0055,1,부산광역시 동구 고관로41번길 17-1,부산광역시 동구 수정동 397-57,35.1226083,129.0425893,,,051-440-4674,부산광역시 동구청,2026-06-25
수정동0056,1,부산광역시 동구 고관로41번길 16,부산광역시 동구 수정동 397-19,35.1227942,129.042575,,,051-440-4674,부산광역시 동구청,2026-06-25
수정동0057,1,부산광역시 동구 고관로41번길 11,부산광역시 동구 수정동 397-24,35.1228939,129.0427286,,,051-440-4674,부산광역시 동구청,2026-06-25
수정동0058,1,부산광역시 동구 고관로41번길 12-4,부산광역시 동구 수정동 397-43,35.1230163,129.0425206,,,051-440-4674,부산광역시 동구청,2026-06-25
수정동0059,1,부산광역시 동구 고관로41번길 6-5,부산광역시 동구 수정동 396-4,35.1232329,129.0425441,,,051-440-4674,부산광역시 동구청,2026-06-25
수정동0060,1,부산광역시 동구 고관로41번길 4-1,부산광역시 동구 수정동 397-12,35.1232346,129.0428931,,,051-440-4674,부산광역시 동구청,2026-06-25
수정동0061,1,부산광역시 동구 초량상로 161-4,부산광역시 동구 수정동 359-2,35.124039,129.0432761,,,051-440-4674,부산광역시 동구청,2026-06-25
수정동0062,1,부산광역시 동구 망양로 851-9,부산광역시 동구 수정동 408-2,35.1370747,129.0469345,,,051-440-4674,부산광역시 동구청,2026-06-25
수정동0063,1,부산광역시 동구 망양로773번길 15,부산광역시 동구 수정동 602-36,35.132497,129.0413391,,,051-440-4674,부산광역시 동구청,2026-06-25
수정동0064,1,부산광역시 동구 망양로795번길 5-5,부산광역시 동구 수정동 596-8,35.1337863,129.0418637,,,051-440-4674,부산광역시 동구청,2026-06-25
수정동0065,1,부산광역시 동구 구봉로 46,부산광역시 동구 수정동 1073-1,35.124788,129.037133,,,051-440-4674,부산광역시 동구청,2026-06-25
수정동0066,1,부산광역시 동구 홍곡남로 9-3,부산광역시 동구 수정동 1043-68,35.1243665,129.039347,,,051-440-4674,부산광역시 동구청,2026-06-25
수정동0067,1,부산광역시 동구 홍곡남로18번길 8,부산광역시 동구 수정동 1043-40,35.1253756,129.0392791,,,051-440-4674,부산광역시 동구청,2026-06-25
수정동0068,1,부산광역시 동구 홍곡남로18번길 12,부산광역시 동구 수정동 1043-36,35.1255383,129.0392265,,,051-440-4674,부산광역시 동구청,2026-06-25
수정동0069,1,부산광역시 동구 홍곡남로18번길 13,부산광역시 동구 수정동 1043-37,35.1255106,129.0389577,,,051-440-4674,부산광역시 동구청,2026-06-25
수정동0070,1,부산광역시 동구 홍곡남로18번길 16,부산광역시 동구 수정동 1043-30,35.1257223,129.0391831,,,051-440-4674,부산광역시 동구청,2026-06-25
수정동0071,1,부산광역시 동구 홍곡남로18번길 19-5,부산광역시 동구 수정동 1043-26,35.12564,129.0387033,,,051-440-4674,부산광역시 동구청,2026-06-25
수정동0072,1,부산광역시 동구 홍곡남로18번길 25,부산광역시 동구 수정동 1043-20,35.1260951,129.0388448,,,051-440-4674,부산광역시 동구청,2026-06-25
수정동0073,1,부산광역시 동구 망양로668번길 17,부산광역시 동구 수정동 1043-79,35.1260195,129.0384595,,,051-440-4674,부산광역시 동구청,2026-06-25
수정동0074,1,부산광역시 동구 홍곡남로18번길 26,부산광역시 동구 수정동 1043-19,35.126156,129.0390551,,,051-440-4674,부산광역시 동구청,2026-06-25
수정동0075,1,부산광역시 동구 망양로668번길 16,부산광역시 동구 수정동 1043-77,35.1261958,129.0385635,,,051-440-4674,부산광역시 동구청,2026-06-25
수정동0076,1,부산광역시 동구 망양로668번길 22-2,부산광역시 동구 수정동 1048-660,35.1261031,129.038265,,,051-440-4674,부산광역시 동구청,2026-06-25
수정동0077,1,부산광역시 동구 홍곡남로 22,부산광역시 동구 수정동 1043-38,35.1254846,129.0387496,,,051-440-4674,부산광역시 동구청,2026-06-25
수정동0078,1,부산광역시 동구 망양로668번길 22-6,부산광역시 동구 수정동 1048-105,35.1262043,129.0382361,,,051-440-4674,부산광역시 동구청,2026-06-25
수정동0079,1,부산광역시 동구 망양로672번길 6,부산광역시 동구 수정동 1126-7,35.1263272,129.0395938,,,051-440-4674,부산광역시 동구청,2026-06-25
수정동0080,1,부산광역시 동구 망양로672번길12,부산광역시 동구 수정동 1046-30,35.1259575,129.0394945,,,051-440-4674,부산광역시 동구청,2026-06-25
수정동0081,1,부산광역시 동구 망양로672번길 18,부산광역시 동구 수정동 1011-863,35.1257126,129.0395356,,,051-440-4674,부산광역시 동구청,2026-06-25
수정동0082,1,부산광역시 동구 홍곡중로5번길 17-6,부산광역시 동구 수정동 1011-643,35.1256149,129.0398262,,,051-440-4674,부산광역시 동구청,2026-06-25
수정동0083,1,부산광역시 동구 망양로672번길26,부산광역시 동구 수정동 1011-477,35.1254333,129.0396841,,,051-440-4674,부산광역시 동구청,2026-06-25
수정동0084,1,부산광역시 동구 망양로672번길 30,부산광역시 동구 수정동 1011-479,35.1253005,129.0397104,,,051-440-4674,부산광역시 동구청,2026-06-25
수정동0085,1,부산광역시 동구 망양로672번길 33,부산광역시 동구 수정동 1011-483,35.1251253,129.0397977,,,051-440-4674,부산광역시 동구청,2026-06-25
수정동0086,1,부산광역시 동구 망양로672번길 35-1,부산광역시 동구 수정동 1033-47,35.1249635,129.0397861,,,051-440-4674,부산광역시 동구청,2026-06-25
수정동0087,1,부산광역시 동구 홍곡남로 8-3,부산광역시 동구 수정동 1043-138,35.1248744,129.0395639,,,051-440-4674,부산광역시 동구청,2026-06-25
수정동0088,1,부산광역시 동구 망양로672번길 43,부산광역시 동구 수정동 1033-59,35.1247249,129.0399713,,,051-440-4674,부산광역시 동구청,2026-06-25
수정동0090,1,부산광역시 동구 홍곡중로5번길 9,부산광역시 동구 수정동 1040-13,35.125021,129.0400767,,,051-440-4674,부산광역시 동구청,2026-06-25
수정동0091,1,부산광역시 동구 홍곡중로5번길 9-11,부산광역시 동구 수정동 1011-490,35.125021,129.0398539,,,051-440-4674,부산광역시 동구청,2026-06-25
수정동0092,1,부산광역시 동구 홍곡중로5번길 11,부산광역시 동구 수정동 1040-6,35.1251452,129.0400921,,,051-440-4674,부산광역시 동구청,2026-06-25
수정동0093,1,부산광역시 동구 홍곡중로5번길 17-2,부산광역시 동구 수정동 1041-7,35.1255184,129.0400146,,,051-440-4674,부산광역시 동구청,2026-06-25
수정동0094,1,부산광역시 동구 망양로 672,부산광역시 동구 수정동 1011-795,35.1258845,129.0396017,,,051-440-4674,부산광역시 동구청,2026-06-25
수정동0095,1,부산광역시 동구 홍곡중로 10,부산광역시 동구 수정동 1034-8,35.1249402,129.0405633,,,051-440-4674,부산광역시 동구청,2026-06-25
수정동0096,1,부산광역시 동구 홍곡중로 12,부산광역시 동구 수정동 1038-19,35.1250151,129.0406425,,,051-440-4674,부산광역시 동구청,2026-06-25
수정동0097,1,부산광역시 동구 홍곡중로11번길 3,부산광역시 동구 수정동 1038-13,35.1251817,129.0403696,,,051-440-4674,부산광역시 동구청,2026-06-25
수정동0098,1,부산광역시 동구 홍곡중로11번길 9,부산광역시 동구 수정동 1011-671,35.1253953,129.0403548,,,051-440-4674,부산광역시 동구청,2026-06-25
수정동0099,1,부산광역시 동구 홍곡중로11번길 10,부산광역시 동구 수정동 1011-670,35.1254574,129.0404615,,,051-440-4674,부산광역시 동구청,2026-06-25
수정동0100,1,부산광역시 동구 홍곡중로11번길 4,부산광역시 동구 수정동 1038-25,35.1253013,129.0405802,,,051-440-4674,부산광역시 동구청,2026-06-25
수정동0101,1,부산광역시 동구 홍곡중로 13-6,부산광역시 동구 수정동 1011-466,35.125462,129.0406368,,,051-440-4674,부산광역시 동구청,2026-06-25
수정동0102,1,부산광역시 동구 홍곡중로 13-2,부산광역시 동구 수정동 1011-470,35.1252646,129.0408349,,,051-440-4674,부산광역시 동구청,2026-06-25
수정동0103,1,부산광역시 동구 홍곡중로 17,부산광역시 동구 수정동 1011-576,35.1253926,129.0410591,,,051-440-4674,부산광역시 동구청,2026-06-25
수정동0104,1,부산광역시 동구 홍곡중로 17-2,부산광역시 동구 수정동 1011-746,35.1254838,129.0411894,,,051-440-4674,부산광역시 동구청,2026-06-25
수정동0106,1,부산광역시 동구 홍곡중로19번길 5-4,부산광역시 동구 수정동 1011-570,35.1256002,129.0408413,,,051-440-4674,부산광역시 동구청,2026-06-25
수정동0107,1,부산광역시 동구 홍곡중로19번길 7-5,부산광역시 동구 수정동 1011-38,35.1256469,129.0406445,,,051-440-4674,부산광역시 동구청,2026-06-25
수정동0108,1,부산광역시 동구 홍곡중로19번길 8,부산광역시 동구 수정동 1011-580,35.1256936,129.0410396,,,051-440-4674,부산광역시 동구청,2026-06-25
수정동0109,1,부산광역시 동구 홍곡중로19번길 12,부산광역시 동구 수정동 1011-668,35.1258034,129.0409863,,,051-440-4674,부산광역시 동구청,2026-06-25
수정동0110,1,부산광역시 동구 홍곡중로19번길 13,부산광역시 동구 수정동 1011-597,35.1258873,129.0407751,,,051-440-4674,부산광역시 동구청,2026-06-25
수정동0111,1,부산광역시 동구 홍곡중로19번길 17-1,부산광역시 동구 수정동 1011-594,35.1260812,129.0407872,,,051-440-4674,부산광역시 동구청,2026-06-25
수정동0112,1,부산광역시 동구 홍곡중로19번길 21-1,부산광역시 동구 수정동 1011-434,35.1262998,129.0407963,,,051-440-4674,부산광역시 동구청,2026-06-25
수정동0113,1,부산광역시 동구 홍곡중로19번길 16,부산광역시 동구 수정동 1011-586,35.1259813,129.0409448,,,051-440-4674,부산광역시 동구청,2026-06-25
수정동0114,1,부산광역시 동구 홍곡중로19번길 11-1,부산광역시 동구 수정동 1011-598,35.125817,129.0407694,,,051-440-4674,부산광역시 동구청,2026-06-25
수정동0115,1,부산광역시 동구 홍곡중로5번길 24,부산광역시 동구 수정동 1011-886,35.1258081,129.040427,,,051-440-4674,부산광역시 동구청,2026-06-25
수정동0116,1,부산광역시 동구 망양로 682-6,부산광역시 동구 수정동 1011-834,35.126439,129.0410211,,,051-440-4674,부산광역시 동구청,2026-06-25
수정동0117,1,부산광역시 동구 망양로682번길 4,부산광역시 동구 수정동 1011-77,35.1264357,129.0408735,,,051-440-4674,부산광역시 동구청,2026-06-25
수정동0118,1,부산광역시 동구 망양로 682-4,부산광역시 동구 수정동 1011-835,35.1265093,129.0409578,,,051-440-4674,부산광역시 동구청,2026-06-25
수정동0119,1,부산광역시 동구 망양로 682-12,부산광역시 동구 수정동 1011-830,35.1266139,129.0412101,,,051-440-4674,부산광역시 동구청,2026-06-25
수정동0120,1,부산광역시 동구 홍곡중로 42,부산광역시 동구 수정동 969-8,35.1272602,129.0413849,,,051-440-4674,부산광역시 동구청,2026-06-25
수정동0121,1,부산광역시 동구 홍곡중로 39-2,부산광역시 동구 수정동 969-15,35.127006,129.041346,,,051-440-4674,부산광역시 동구청,2026-06-25
수정동0122,1,부산광역시 동구 홍곡중로 39-4,부산광역시 동구 수정동 969-107,35.1269531,129.0412258,,,051-440-4674,부산광역시 동구청,2026-06-25
수정동0123,1,부산광역시 동구 홍곡중로 39-20,부산광역시 동구 수정동 969-127,35.1267685,129.0413413,,,051-440-4674,부산광역시 동구청,2026-06-25
수정동0124,1,부산광역시 동구 홍곡로 67,부산광역시 동구 수정동 1011-51,35.1253227,129.0420727,,,051-440-4674,부산광역시 동구청,2026-06-25
수정동0125,1,부산광역시 동구 홍곡로69번길 14,부산광역시 동구 수정동 1011-268,35.1257105,129.0418246,,,051-440-4674,부산광역시 동구청,2026-06-25
수정동0126,1,부산광역시 동구 홍곡중로23번길 6-1,부산광역시 동구 수정동 1011-630,35.1259588,129.0414545,,,051-440-4674,부산광역시 동구청,2026-06-25
수정동0127,1,부산광역시 동구 홍곡중로23번길 6-5,부산광역시 동구 수정동 1011-215,35.1260699,129.041554,,,051-440-4674,부산광역시 동구청,2026-06-25
수정동0128,1,부산광역시 동구 홍곡중로 27-4,부산광역시 동구 수정동 1011-472,35.1261078,129.0417106,,,051-440-4674,부산광역시 동구청,2026-06-25
수정동0129,1,부산광역시 동구 홍곡중로23번길 9,부산광역시 동구 수정동 1011-612,35.126033,129.041358,,,051-440-4674,부산광역시 동구청,2026-06-25
수정동0130,1,부산광역시 동구 홍곡중로23번길 13,부산광역시 동구 수정동 1011-614,35.1261234,129.0412292,,,051-440-4674,부산광역시 동구청,2026-06-25
수정동0131,1,부산광역시 동구 홍곡중로23번길 15,부산광역시 동구 수정동 1011-617,35.1261263,129.0411487,,,051-440-4674,부산광역시 동구청,2026-06-25
수정동0132,1,부산광역시 동구 홍곡중로23번길 17-4,부산광역시 동구 수정동 1011-858,35.1261501,129.0410147,,,051-440-4674,부산광역시 동구청,2026-06-25
수정동0133,1,부산광역시 동구 망양로682번길 15,부산광역시 동구 수정동 969-55,35.1263618,129.0414503,,,051-440-4674,부산광역시 동구청,2026-06-25
수정동0134,1,부산광역시 동구 홍곡중로 29-1,부산광역시 동구 수정동 1011-821,35.1262158,129.0418032,,,051-440-4674,부산광역시 동구청,2026-06-25
수정동0135,1,부산광역시 동구 수정외솔로7번길 20,부산광역시 동구 수정동 969-39,35.1262909,129.0419019,,,051-440-4674,부산광역시 동구청,2026-06-25
수정동0136,1,부산광역시 동구 홍곡중로 23,부산광역시 동구 수정동 1011-590,35.1257913,129.0416596,,,051-440-4674,부산광역시 동구청,2026-06-25
수정동0137,1,부산광역시 동구 홍곡로69번길 12-7,부산광역시 동구 수정동 1011-256,35.1259292,129.0419384,,,051-440-4674,부산광역시 동구청,2026-06-25
수정동0138,1,부산광역시 동구 홍곡로69번길 12-9,부산광역시 동구 수정동 1011-256,35.1259975,129.0419635,,,051-440-4674,부산광역시 동구청,2026-06-25
수정동0139,1,부산광역시 동구 홍곡중로 34,부산광역시 동구 수정동 969-34,35.126461,129.0418061,,,051-440-4674,부산광역시 동구청,2026-06-25
수정동0140,1,부산광역시 동구 홍곡중로 34-1,부산광역시 동구 수정동 969-33,35.1265892,129.0417109,,,051-440-4674,부산광역시 동구청,2026-06-25
수정동0141,1,부산광역시 동구 홍곡중로 33-8,부산광역시 동구 수정동 1011-871,35.126546,129.0413289,,,051-440-4674,부산광역시 동구청,2026-06-25
수정동0142,1,부산광역시 동구 홍곡중로 36,부산광역시 동구 수정동 969-31,35.1267203,129.041686,,,051-440-4674,부산광역시 동구청,2026-06-25
수정동0143,1,부산광역시 동구 홍곡중로 40-1,부산광역시 동구 수정동 969-148,35.1270738,129.041536,,,051-440-4674,부산광역시 동구청,2026-06-25
수정동0144,1,부산광역시 동구 구봉북길 6,부산광역시 동구 수정동 1048-742,35.1265139,129.0349896,,,051-440-4674,부산광역시 동구청,2026-06-25
수정동0145,1,부산광역시 동구 구봉북길 8-1,부산광역시 동구 수정동 1048-767,35.1266788,129.0347491,,,051-440-4674,부산광역시 동구청,2026-06-25
수정동0146,1,부산광역시 동구 구봉북길 16-1,부산광역시 동구 수정동 1048-694,35.1272717,129.0347357,,,051-440-4674,부산광역시 동구청,2026-06-25
수정동0147,1,부산광역시 동구 구봉북길 18-1,부산광역시 동구 수정동 1048-692,35.127424,129.0347664,,,051-440-4674,부산광역시 동구청,2026-06-25
수정동0148,1,부산광역시 동구 구봉북길 22,부산광역시 동구 수정동 산35-32,35.1276789,129.0348419,,,051-440-4674,부산광역시 동구청,2026-06-25
수정동0149,1,부산광역시 동구 구봉북길21 뒤길,부산광역시 동구 수정동 산35-22,35.1276327,129.0347023,,,051-440-4674,부산광역시 동구청,2026-06-25
수정동0150,1,부산광역시 동구 구봉북길 20,부산광역시 동구 수정동 산35-32,35.1275776,129.0348588,,,051-440-4674,부산광역시 동구청,2026-06-25
수정동0151,1,부산광역시 동구 구봉북길6번길 24-13,부산광역시 동구 수정동 1048-704,35.1274925,129.0349911,,,051-440-4674,부산광역시 동구청,2026-06-25
수정동0152,1,부산광역시 동구 구봉북길4번나길 3,부산광역시 동구 수정동 1048-707,35.1272067,129.0351343,,,051-440-4674,부산광역시 동구청,2026-06-25
수정동0153,1,부산광역시 동구 구봉북길4번나길 2-9,부산광역시 동구 수정동 1048-744,35.1268744,129.0354791,,,051-440-4674,부산광역시 동구청,2026-06-25
수정동0154,1,부산광역시 동구 구봉북길4번가길 12-1,부산광역시 동구 수정동 1189-33,35.1266079,129.0358048,,,051-440-4674,부산광역시 동구청,2026-06-25
수정동0155,1,부산광역시 동구 구봉북길4번길 14,부산광역시 동구 수정동 1048-748,35.1269131,129.0353477,,,051-440-4674,부산광역시 동구청,2026-06-25
수정동0156,1,부산광역시 동구 구봉북길4번길 9,부산광역시 동구 수정동 1048-738,35.1268634,129.035284,,,051-440-4674,부산광역시 동구청,2026-06-25
수정동0157,1,부산광역시 동구 구봉북길4번길 20,부산광역시 동구 수정동 1048-713,35.1271458,129.0350803,,,051-440-4674,부산광역시 동구청,2026-06-25
수정동0158,1,부산광역시 동구 구봉북길 16,부산광역시 동구 수정동 1048-695,35.1271769,129.0347154,,,051-440-4674,부산광역시 동구청,2026-06-25
수정동0159,1,부산광역시 동구 구봉북길6번길 14-5,부산광역시 동구 수정동 1048-719,35.1270745,129.0350052,,,051-440-4674,부산광역시 동구청,2026-06-25
수정동0160,1,부산광역시 동구 구봉북길 12,부산광역시 동구 수정동 1048-699,35.1268266,129.0347351,,,051-440-4674,부산광역시 동구청,2026-06-25
수정동0161,1,부산광역시 동구 구봉북길6번길 20,부산광역시 동구 수정동 1048-705,35.1273766,129.0348982,,,051-440-4674,부산광역시 동구청,2026-06-25
수정동0162,1,부산광역시 동구 구봉북길6번길 6,부산광역시 동구 수정동 1048-734,35.126758,129.0349433,,,051-440-4674,부산광역시 동구청,2026-06-25
수정동0163,1,부산광역시 동구 구봉북길4번길 3,부산광역시 동구 수정동 1048-741,35.1265913,129.0350792,,,051-440-4674,부산광역시 동구청,2026-06-25
수정동0164,1,부산광역시 동구 구봉북길4번길 3-5,부산광역시 동구 수정동 1048-740,35.1267257,129.0351152,,,051-440-4674,부산광역시 동구청,2026-06-25
수정동0165,1,부산광역시 동구 구봉북길4번가길 6,부산광역시 동구 수정동 1189-27,35.1264062,129.0355503,,,051-440-4674,부산광역시 동구청,2026-06-25
수정동0166,1,부산광역시 동구 구봉북길4번가길8,부산광역시 동구 수정동 1189-29,35.1264003,129.0356498,,,051-440-4674,부산광역시 동구청,2026-06-25
수정동0167,1,부산광역시 동구 구봉북길4번가길 5,부산광역시 동구 수정동 1189-22,35.1265505,129.0354859,,,051-440-4674,부산광역시 동구청,2026-06-25
수정동0168,1,부산광역시 동구 수정공원남로 7,부산광역시 동구 수정동 1189-13,35.1262532,129.0359094,,,051-440-4674,부산광역시 동구청,2026-06-25
수정동0169,1,부산광역시 동구 수정공원남로 9,부산광역시 동구 수정동 1189-15,35.1264069,129.0361139,,,051-440-4674,부산광역시 동구청,2026-06-25
수정동0170,1,부산광역시 동구 수정공원남로 7-8,부산광역시 동구 수정동 1189-39,35.1265609,129.0360679,,,051-440-4674,부산광역시 동구청,2026-06-25
수정동0171,1,부산광역시 동구 망양로685번길 62-6,부산광역시 동구 수정동 1186-4,35.1268101,129.0373954,,,051-440-4674,부산광역시 동구청,2026-06-25
수정동0173,1,부산광역시 동구 망양로685번길 11,부산광역시 동구 수정동 1173-3,35.1268514,129.0404636,,,051-440-4674,부산광역시 동구청,2026-06-25
수정동0174,1,부산광역시 동구 망양로689번길 4,부산광역시 동구 수정동 1171-11,35.1274555,129.0407512,,,051-440-4674,부산광역시 동구청,2026-06-25
수정동0175,1,부산광역시 동구 망양로689번길 5,부산광역시 동구 수정동 1172-4,35.1273005,129.0405854,,,051-440-4674,부산광역시 동구청,2026-06-25
수정동0176,1,부산광역시 동구 망양로689번길 19,부산광역시 동구 수정동 1175-1,35.127219,129.0396684,,,051-440-4674,부산광역시 동구청,2026-06-25
수정동0177,1,부산광역시 동구 수정중로20번길 9,부산광역시 동구 수정동 1189-26,35.1302841,129.0444826,,,051-440-4674,부산광역시 동구청,2026-06-25
수정동0178,1,부산광역시 동구 망양로685번길 30-4,부산광역시 동구 수정동 1175-5,35.1270556,129.0393505,,,051-440-4674,부산광역시 동구청,2026-06-25
수정동0179,1,부산광역시 동구 망양로689번길 37,부산광역시 동구 수정동 1181-8,35.1271928,129.038851,,,051-440-4674,부산광역시 동구청,2026-06-25
수정동0180,1,부산광역시 동구 망양로689번길 41,부산광역시 동구 수정동 1181-14,35.1272057,129.0386281,,,051-440-4674,부산광역시 동구청,2026-06-25
수정동0181,1,부산광역시 동구 수정공원남로 32,부산광역시 동구 수정동 1181-5,35.1272059,129.0382889,,,051-440-4674,부산광역시 동구청,2026-06-25
수정동0182,1,부산광역시 동구 수정동로16번길 5,부산광역시 동구 수정동 804-33,35.129602,129.0457612,,,051-440-4674,부산광역시 동구청,2026-06-25
수정동0183,1,부산광역시 동구 수정공원남로 46,부산광역시 동구 수정동 1176-2,35.1275558,129.039537,,,051-440-4674,부산광역시 동구청,2026-06-25
수정동0184,1,부산광역시 동구 망양로689번길 14-3,부산광역시 동구 수정동 1176-3,35.1274525,129.0399827,,,051-440-4674,부산광역시 동구청,2026-06-25
수정동0185,1,부산광역시 동구 망양로 691-4,부산광역시 동구 수정동 1161-19,35.1276568,129.0411223,,,051-440-4674,부산광역시 동구청,2026-06-25
수정동0186,1,부산광역시 동구 수정공원남로 57-3,부산광역시 동구 수정동 1170-9,35.1281389,129.040771,,,051-440-4674,부산광역시 동구청,2026-06-25
수정동0187,1,부산광역시 동구 망양로 707-7,부산광역시 동구 수정동 1161-6,35.1279391,129.0422142,,,051-440-4674,부산광역시 동구청,2026-06-25
수정동0188,1,부산광역시 동구 수정공원로4번길 15,부산광역시 동구 수정동 1162-19,35.1283006,129.0419027,,,051-440-4674,부산광역시 동구청,2026-06-25
수정동0189,1,부산광역시 동구 망양로 711-15,부산광역시 동구 수정동 1160-19,35.1287324,129.0420518,,,051-440-4674,부산광역시 동구청,2026-06-25
수정동0192,1,부산광역시 동구 망양로712번길 2,부산광역시 동구 수정동 870-15,35.12827,129.0426811,,,051-440-4674,부산광역시 동구청,2026-06-25
수정동0193,1,부산광역시 동구 망양로712번길5,부산광역시 동구 수정동 870-434,35.1285262,129.0424707,,,051-440-4674,부산광역시 동구청,2026-06-25
수정동0194,1,부산광역시 동구 망양로694번길 17-4,부산광역시 동구 수정동 975-7,35.1273255,129.0420827,,,051-440-4674,부산광역시 동구청,2026-06-25
수정동0196,1,부산광역시 동구 망양로694번길 22,부산광역시 동구 수정동 975-14,35.127184,129.0423167,,,051-440-4674,부산광역시 동구청,2026-06-25
수정동0197,1,부산광역시 동구 망양로694번길 27,부산광역시 동구 수정동 974-88,35.1273083,129.0425618,,,051-440-4674,부산광역시 동구청,2026-06-25
수정동0198,1,부산광역시 동구 망양로694번길 29,부산광역시 동구 수정동 974-90,35.1272707,129.0426353,,,051-440-4674,부산광역시 동구청,2026-06-25
수정동0199,1,부산광역시 동구 수정외솔로13번길 14,부산광역시 동구 수정동 974-242,35.1272518,129.0430493,,,051-440-4674,부산광역시 동구청,2026-06-25
수정동0201,1,부산광역시 동구 수정외솔로13번길 14-1,부산광역시 동구 수정동 980-45,35.1273103,129.0430134,,,051-440-4674,부산광역시 동구청,2026-06-25
수정동0202,1,부산광역시 동구 수정외솔로 30-6,부산광역시 동구 수정동 980-22,35.1275702,129.0431023,,,051-440-4674,부산광역시 동구청,2026-06-25
수정동0203,1,부산광역시 동구 수정외솔로 34-13,부산광역시 동구 수정동 979-14,35.12761,129.0428046,,,051-440-4674,부산광역시 동구청,2026-06-25
수정동0205,1,부산광역시 동구 홍곡중로38번길 3-5,부산광역시 동구 수정동 974-65,35.1271368,129.0418137,,,051-440-4674,부산광역시 동구청,2026-06-25
수정동0206,1,부산광역시 동구 홍곡중로 38,부산광역시 동구 수정동 969-177,35.1268109,129.041638,,,051-440-4674,부산광역시 동구청,2026-06-25
수정동0207,1,부산광역시 동구 홍곡중로38번길 10,부산광역시 동구 수정동 969-213,35.1266542,129.0418519,,,051-440-4674,부산광역시 동구청,2026-06-25
수정동0208,1,부산광역시 동구 홍곡중로38번길 14-10,부산광역시 동구 수정동 969-198,35.1265352,129.041867,,,051-440-4674,부산광역시 동구청,2026-06-25
수정동0209,1,부산광역시 동구 홍곡중로38번길 15,부산광역시 동구 수정동 970-30,35.1265416,129.0422188,,,051-440-4674,부산광역시 동구청,2026-06-25
수정동0210,1,부산광역시 동구 홍곡중로38번길 20,부산광역시 동구 수정동 1011-171,35.1263794,129.0422044,,,051-440-4674,부산광역시 동구청,2026-06-25
수정동0211,1,부산광역시 동구 수정외솔로7번길 10,부산광역시 동구 수정동 970-70,35.1262591,129.0424418,,,051-440-4674,부산광역시 동구청,2026-06-25
수정동0212,1,부산광역시 동구 수정외솔로7번길 11-2,부산광역시 동구 수정동 1011-312,35.1261694,129.0422095,,,051-440-4674,부산광역시 동구청,2026-06-25
수정동0213,1,부산광역시 동구 홍곡중로 40,부산광역시 동구 수정동 969-100,35.1270075,129.0415804,,,051-440-4674,부산광역시 동구청,2026-06-25
수정동0214,1,부산광역시 동구 수정외솔로7번길 7,부산광역시 동구 수정동 970-110,35.1261203,129.0425933,,,051-440-4674,부산광역시 동구청,2026-06-25
수정동0215,1,부산광역시 동구 수정외솔로7번길 2,부산광역시 동구 수정동 970-61,35.1262036,129.0428008,,,051-440-4674,부산광역시 동구청,2026-06-25
수정동0216,1,부산광역시 동구 수정외솔로7번길 3-6,부산광역시 동구 수정동 970-21,35.1260364,129.0425516,,,051-440-4674,부산광역시 동구청,2026-06-25
수정동0217,1,부산광역시 동구 수정외솔로7번길 3-12,부산광역시 동구 수정동 970-16,35.1258521,129.0424826,,,051-440-4674,부산광역시 동구청,2026-06-25
수정동0218,1,부산광역시 동구 홍곡로69번길 4-5,부산광역시 동구 수정동 1011-124,35.1256311,129.042113,,,051-440-4674,부산광역시 동구청,2026-06-25
수정동0219,1,부산광역시 동구 홍곡로69번길 6,부산광역시 동구 수정동 1011-523,35.1255231,129.0420054,,,051-440-4674,부산광역시 동구청,2026-06-25
수정동0220,1,부산광역시 동구 홍곡로69번길 10,부산광역시 동구 수정동 1011-267,35.1256403,129.0418903,,,051-440-4674,부산광역시 동구청,2026-06-25
수정동0221,1,부산광역시 동구 홍곡로69번길 8,부산광역시 동구 수정동 1011-121,35.1256032,129.041977,,,051-440-4674,부산광역시 동구청,2026-06-25
수정동0222,1,부산광역시 동구 수정외솔로7번길 9-2,부산광역시 동구 수정동 970-169,35.1261494,129.042432,,,051-440-4674,부산광역시 동구청,2026-06-25
수정동0223,1,부산광역시 동구 수정외솔로7번길 9-6,부산광역시 동구 수정동 970-44,35.1260135,129.0423511,,,051-440-4674,부산광역시 동구청,2026-06-25
수정동0224,1,부산광역시 동구 홍곡로69번길 12-13,부산광역시 동구 수정동 1011-274,35.1260226,129.042101,,,051-440-4674,부산광역시 동구청,2026-06-25
수정동0225,1,부산광역시 동구 홍곡로69번길 12-8,부산광역시 동구 수정동 1011-282,35.1258775,129.0420633,,,051-440-4674,부산광역시 동구청,2026-06-25
수정동0226,1,부산광역시 동구 홍곡로69번길 12-6,부산광역시 동구 수정동 1011-284,35.1257931,129.042027,,,051-440-4674,부산광역시 동구청,2026-06-25
수정동0227,1,부산광역시 동구 홍곡로69번길 12-4,부산광역시 동구 수정동 1011-116,35.1257137,129.0419687,,,051-440-4674,부산광역시 동구청,2026-06-25
수정동0228,1,부산광역시 동구 홍곡로 60-13,부산광역시 동구 수정동 1028-8,35.1245323,129.0419559,,,051-440-4674,부산광역시 동구청,2026-06-25
수정동0229,1,부산광역시 동구 홍곡로 60-9,부산광역시 동구 수정동 1028-6,35.1245719,129.0417716,,,051-440-4674,부산광역시 동구청,2026-06-25
수정동0230,1,부산광역시 동구 홍곡로 60-7,부산광역시 동구 수정동 1028-17,35.1246192,129.041655,,,051-440-4674,부산광역시 동구청,2026-06-25
수정동0231,1,부산광역시 동구 홍곡로58번길 3,부산광역시 동구 수정동 1030-10,35.1245557,129.0413829,,,051-440-4674,부산광역시 동구청,2026-06-25
수정동0232,1,부산광역시 동구 홍곡로61번길 1,부산광역시 동구 수정동 1033-77,35.1248858,129.0412623,,,051-440-4674,부산광역시 동구청,2026-06-25
수정동0233,1,부산광역시 동구 홍곡중로 16,부산광역시 동구 수정동 1011-655,35.1251975,129.0409701,,,051-440-4674,부산광역시 동구청,2026-06-25
수정동0234,1,부산광역시 동구 홍곡로61번길11-2,부산광역시 동구 수정동 1011-658,35.1250247,129.0409125,,,051-440-4674,부산광역시 동구청,2026-06-25
수정동0235,1,부산광역시 동구 홍곡로 57,부산광역시 동구 수정동 1030-7,35.1246959,129.0410805,,,051-440-4674,부산광역시 동구청,2026-06-25
수정동0236,1,부산광역시 동구 수정외솔로11번길 9,부산광역시 동구 수정동 1148-15,35.1264714,129.042496,,,051-440-4674,부산광역시 동구청,2026-06-25
수정동0237,1,부산광역시 동구 수정외솔로11번길 12,부산광역시 동구 수정동 1148-15,35.1266025,129.0424874,,,051-440-4674,부산광역시 동구청,2026-06-25
수정동0238,1,부산광역시 동구 홍곡중로38번길 13-1,부산광역시 동구 수정동 970-126,35.1266443,129.042209,,,051-440-4674,부산광역시 동구청,2026-06-25
수정동0239,1,부산광역시 동구 수정외솔로 2,부산광역시 동구 수정동 970-115,35.1257735,129.0429815,,,051-440-4674,부산광역시 동구청,2026-06-25
수정동0241,1,부산광역시 동구 수정외솔로11번길 16-14,부산광역시 동구 수정동 974-485,35.1269816,129.04248,,,051-440-4674,부산광역시 동구청,2026-06-25
수정동0242,1,부산광역시 동구 수정외솔로11번길 16-18,부산광역시 동구 수정동 974-480,35.1271337,129.0424599,,,051-440-4674,부산광역시 동구청,2026-06-25
수정동0243,1,부산광역시 동구 수정외솔로11번길 16-10,부산광역시 동구 수정동 974-229,35.1268801,129.0425416,,,051-440-4674,부산광역시 동구청,2026-06-25
수정동0244,1,부산광역시 동구 수정외솔로13번길 1-14,부산광역시 동구 수정동 974-120,35.1269556,129.0426233,,,051-440-4674,부산광역시 동구청,2026-06-25
수정동0245,1,부산광역시 동구 수정외솔로13번길 1-4,부산광역시 동구 수정동 974-144,35.1268067,129.0429194,,,051-440-4674,부산광역시 동구청,2026-06-25
수정동0246,1,부산광역시 동구 수정외솔로11번길 22,부산광역시 동구 수정동 1148-14,35.1268285,129.0420817,,,051-440-4674,부산광역시 동구청,2026-06-25
수정동0247,1,부산광역시 동구 수정외솔로11번길 20-1,부산광역시 동구 수정동 1148-14,35.1268676,129.0420803,,,051-440-4674,부산광역시 동구청,2026-06-25
수정동0248,1,부산광역시 동구 수정외솔로11번길 24,부산광역시 동구 수정동 1148-14,35.1268513,129.0419873,,,051-440-4674,부산광역시 동구청,2026-06-25
수정동0249,1,부산광역시 동구 수정외솔로11번길 2,부산광역시 동구 수정동 973-27,35.126557,129.0428615,,,051-440-4674,부산광역시 동구청,2026-06-25
수정동0250,1,부산광역시 동구 수정외솔로19번길 4,부산광역시 동구 수정동 984-113,35.1270606,129.0434908,,,051-440-4674,부산광역시 동구청,2026-06-25
수정동0251,1,부산광역시 동구 수정외솔로19번길 6-2,부산광역시 동구 수정동 974-275,35.1270984,129.0433198,,,051-440-4674,부산광역시 동구청,2026-06-25
수정동0252,1,부산광역시 동구 수정외솔로 25-6,부산광역시 동구 수정동 984-118,35.1272039,129.0433206,,,051-440-4674,부산광역시 동구청,2026-06-25
수정동0253,1,부산광역시 동구 수정외솔로13번길 7,부산광역시 동구 수정동 974-26,35.1269979,129.0429299,,,051-440-4674,부산광역시 동구청,2026-06-25
수정동0254,1,부산광역시 동구 수정외솔로13번길 5-10,부산광역시 동구 수정동 974-28,35.1271208,129.0428042,,,051-440-4674,부산광역시 동구청,2026-06-25
수정동0255,1,부산광역시 동구 수정외솔로13번길 5,부산광역시 동구 수정동 974-139,35.1268837,129.0429667,,,051-440-4674,부산광역시 동구청,2026-06-25
수정동0256,1,부산광역시 동구 수정외솔로 25-4,부산광역시 동구 수정동 984-128,35.1272914,129.0434034,,,051-440-4674,부산광역시 동구청,2026-06-25
수정동0257,1,부산광역시 동구 홍곡로91번길 22,부산광역시 동구 수정동 산969-249,35.1261846,129.0431535,,,051-440-4674,부산광역시 동구청,2026-06-25
수정동0258,1,부산광역시 동구 수정외솔로 2-11,부산광역시 동구 수정동 972-16,35.1260788,129.0431151,,,051-440-4674,부산광역시 동구청,2026-06-25
수정동0259,1,부산광역시 동구 수정외솔로 2-4,부산광역시 동구 수정동 970-130,35.1257531,129.0430744,,,051-440-4674,부산광역시 동구청,2026-06-25
수정동0260,1,부산광역시 동구 홍곡로91번길 15-5,부산광역시 동구 수정동 1002-61,35.1259175,129.0435886,,,051-440-4674,부산광역시 동구청,2026-06-25
수정동0261,1,부산광역시 동구 홍곡로91번길 16,부산광역시 동구 수정동 972-9,35.1261274,129.0434669,,,051-440-4674,부산광역시 동구청,2026-06-25
수정동0262,1,부산광역시 동구 홍곡로91번길 11,부산광역시 동구 수정동 1002-53,35.126014,129.0437075,,,051-440-4674,부산광역시 동구청,2026-06-25
수정동0263,1,부산광역시 동구 홍곡로91번길 14,부산광역시 동구 수정동 1002-31,35.1261211,129.0436066,,,051-440-4674,부산광역시 동구청,2026-06-25
수정동0264,1,부산광역시 동구 홍곡로91번길 12-9,부산광역시 동구 수정동 974-208,35.1262911,129.0438062,,,051-440-4674,부산광역시 동구청,2026-06-25
수정동0265,1,부산광역시 동구 고관로77번길 7,부산광역시 동구 수정동 974-205,35.1262197,129.0441736,,,051-440-4674,부산광역시 동구청,2026-06-25
수정동0266,1,부산광역시 동구 고관로77번길 8,부산광역시 동구 수정동 974-199,35.1263606,129.0441398,,,051-440-4674,부산광역시 동구청,2026-06-25
수정동0267,1,부산광역시 동구 고관로77번길3,부산광역시 동구 수정동 327-11,35.1261428,129.0443013,,,051-440-4674,부산광역시 동구청,2026-06-25
수정동0268,1,부산광역시 동구 고관로77번가길 3,부산광역시 동구 수정동 974-198,35.1263702,129.0442996,,,051-440-4674,부산광역시 동구청,2026-06-25
수정동0269,1,부산광역시 동구 고관로77번가길 5-2,부산광역시 동구 수정동 1000-27,35.1265035,129.0443672,,,051-440-4674,부산광역시 동구청,2026-06-25
수정동0270,1,부산광역시 동구 고관로77번가길 9,부산광역시 동구 수정동 1000-25,35.1266017,129.0444654,,,051-440-4674,부산광역시 동구청,2026-06-25
수정동0271,1,부산광역시 동구 고관로77번가길 12,부산광역시 동구 수정동 323-4,35.1267363,129.0446102,,,051-440-4674,부산광역시 동구청,2026-06-25
수정동0272,1,부산광역시 동구 고관로77번가길 18,부산광역시 동구 수정동 1000-19,35.1268193,129.0443681,,,051-440-4674,부산광역시 동구청,2026-06-25
수정동0273,1,부산광역시 동구 고관로77번가길 5-4,부산광역시 동구 수정동 1000-28,35.126635,129.0443487,,,051-440-4674,부산광역시 동구청,2026-06-25
수정동0274,1,부산광역시 동구 고관로77번가길 5-6,부산광역시 동구 수정동 1000-29,35.1265853,129.0442761,,,051-440-4674,부산광역시 동구청,2026-06-25
수정동0275,1,부산광역시 동구 고관로77번길 13,부산광역시 동구 수정동 974-172,35.1263482,129.043806,,,051-440-4674,부산광역시 동구청,2026-06-25
수정동0276,1,부산광역시 동구 고관로77번가길 5-7,부산광역시 동구 수정동 1000-100,35.1265181,129.0441876,,,051-440-4674,부산광역시 동구청,2026-06-25
수정동0277,1,부산광역시 동구 고관로77번가길 5-8,부산광역시 동구 수정동 1000-30,35.1265888,129.0442039,,,051-440-4674,부산광역시 동구청,2026-06-25
수정동0278,1,부산광역시 동구 수정남로 5-1,부산광역시 동구 수정동 1000-17,35.1269353,129.0444499,,,051-440-4674,부산광역시 동구청,2026-06-25
수정동0279,1,부산광역시 동구 수정외솔로20번길 7,부산광역시 동구 수정동 844-394,35.1269761,129.0440442,,,051-440-4674,부산광역시 동구청,2026-06-25
수정동0280,1,부산광역시 동구 수정외솔로20번길 6,부산광역시 동구 수정동 1000-84,35.1268979,129.0439211,,,051-440-4674,부산광역시 동구청,2026-06-25
수정동0281,1,부산광역시 동구 수정외솔로18번길 6,부산광역시 동구 수정동 1000-79,35.1267429,129.0436811,,,051-440-4674,부산광역시 동구청,2026-06-25
수정동0282,1,부산광역시 동구 수정외솔로18번길 9,부산광역시 동구 수정동 1000-86,35.1267964,129.0439106,,,051-440-4674,부산광역시 동구청,2026-06-25
수정동0283,1,부산광역시 동구 수정외솔로18번길 13,부산광역시 동구 수정동 1000-91,35.126694,129.0439808,,,051-440-4674,부산광역시 동구청,2026-06-25
수정동0284,1,부산광역시 동구 수정남로 9-8,부산광역시 동구 수정동 1000-48,35.1267819,129.0440944,,,051-440-4674,부산광역시 동구청,2026-06-25
수정동0285,1,부산광역시 동구 수정외솔로16번길 3,부산광역시 동구 수정동 974-391,35.1267294,129.0435342,,,051-440-4674,부산광역시 동구청,2026-06-25
수정동0286,1,부산광역시 동구 수정외솔로16번길 5,부산광역시 동구 수정동 1000-108,35.1266542,129.0436262,,,051-440-4674,부산광역시 동구청,2026-06-25
수정동0287,1,부산광역시 동구 고관로77번길 26,부산광역시 동구 수정동 973-42,35.1265377,129.0431674,,,051-440-4674,부산광역시 동구청,2026-06-25
수정동0288,1,부산광역시 동구 고관로77번길 22,부산광역시 동구 수정동 974-224,35.1265032,129.0434085,,,051-440-4674,부산광역시 동구청,2026-06-25
수정동0289,1,부산광역시 동구 고관로77번길 24-4,부산광역시 동구 수정동 974-19,35.1266085,129.0433903,,,051-440-4674,부산광역시 동구청,2026-06-25
수정동0290,1,부산광역시 동구 고관로77번길 19,부산광역시 동구 수정동 974-215,35.1263985,129.0435957,,,051-440-4674,부산광역시 동구청,2026-06-25
수정동0291,1,부산광역시 동구 고관로77번길 21-10,부산광역시 동구 수정동 973-78,35.1263389,129.0432019,,,051-440-4674,부산광역시 동구청,2026-06-25
수정동0292,1,부산광역시 동구 고관로77번길 21-12,부산광역시 동구 수정동 973-58,35.1263251,129.0430822,,,051-440-4674,부산광역시 동구청,2026-06-25
수정동0293,1,부산광역시 동구 고관로80번길 9,부산광역시 동구 수정동 100-3,35.1264936,129.0450759,,,051-440-4674,부산광역시 동구청,2026-06-25
수정동0294,1,부산광역시 동구 중앙대로349번길 38,부산광역시 동구 수정동 96-7,35.1264189,129.0451957,,,051-440-4674,부산광역시 동구청,2026-06-25
수정동0295,1,부산광역시 동구 중앙대로349번길 32,부산광역시 동구 수정동 95,35.1265334,129.0453988,,,051-440-4674,부산광역시 동구청,2026-06-25
수정동0296,1,부산광역시 동구 중앙대로349번길 20,부산광역시 동구 수정동 64-1,35.1269491,129.0459707,,,051-440-4674,부산광역시 동구청,2026-06-25
수정동0297,1,부산광역시 동구 고관로80번길 21,부산광역시 동구 수정동 106,35.1269453,129.0456268,,,051-440-4674,부산광역시 동구청,2026-06-25
수정동0298,1,부산광역시 동구 고관로80번길 25-4,부산광역시 동구 수정동 107,35.1270219,129.0458008,,,051-440-4674,부산광역시 동구청,2026-06-25
수정동0299,1,부산광역시 동구 고관로80번길 29,부산광역시 동구 수정동 108,35.1270681,129.0458924,,,051-440-4674,부산광역시 동구청,2026-06-25
수정동0300,1,부산광역시 동구 수정로 3,부산광역시 동구 수정동 61-1,35.1270417,129.0462794,,,051-440-4674,부산광역시 동구청,2026-06-25
수정동0301,1,부산광역시 동구 진성로9번길 62,부산광역시 동구 수정동 153,35.1277175,129.04613,,,051-440-4674,부산광역시 동구청,2026-06-25
수정동0302,1,부산광역시 동구 진성로9번길 52,부산광역시 동구 수정동 172-3,35.1280219,129.0463681,,,051-440-4674,부산광역시 동구청,2026-06-25
수정동0303,1,부산광역시 동구 진성로9번길 34,부산광역시 동구 수정동 189-26,35.128704,129.0471196,,,051-440-4674,부산광역시 동구청,2026-06-25
수정동0304,1,부산광역시 동구 진성로9번길 30,부산광역시 동구 수정동 188-3,35.1287746,129.047192,,,051-440-4674,부산광역시 동구청,2026-06-25
수정동0305,1,부산광역시 동구 진성로9번길 21,부산광역시 동구 수정동 3-2,35.1289462,129.04767,,,051-440-4674,부산광역시 동구청,2026-06-25
수정동0306,1,부산광역시 동구 진성로9번길 22,부산광역시 동구 수정동 189-3,35.1290788,129.047531,,,051-440-4674,부산광역시 동구청,2026-06-25
수정동0307,1,부산광역시 동구 중앙대로371번길 9,부산광역시 동구 수정동 3-3,35.1288474,129.0478299,,,051-440-4674,부산광역시 동구청,2026-06-25
수정동0308,1,부산광역시 동구 중앙대로371번길 6,부산광역시 동구 수정동 1-116,35.1288246,129.0482656,,,051-440-4674,부산광역시 동구청,2026-06-25
수정동0309,1,부산광역시 동구 중앙대로371번길 8,부산광역시 동구 수정동 1-117,35.1289532,129.0482095,,,051-440-4674,부산광역시 동구청,2026-06-25
수정동0310,1,부산광역시 동구 진성로3번길 10,부산광역시 동구 수정동 1-216,35.129146,129.0483855,,,051-440-4674,부산광역시 동구청,2026-06-25
수정동0311,1,부산광역시 동구 진성로3번길 8,부산광역시 동구 수정동 1-68,35.1292211,129.0484623,,,051-440-4674,부산광역시 동구청,2026-06-25
수정동0312,1,부산광역시 동구 진성로3번길 6,부산광역시 동구 수정동 1-139,35.129284,129.0485634,,,051-440-4674,부산광역시 동구청,2026-06-25
수정동0313,1,부산광역시 동구 진성로9번길 4,부산광역시 동구 수정동 210-14,35.1296597,129.0481031,,,051-440-4674,부산광역시 동구청,2026-06-25
수정동0314,1,부산광역시 동구 진성로9번길 9,부산광역시 동구 수정동 210-20,35.1294355,129.0481229,,,051-440-4674,부산광역시 동구청,2026-06-25
수정동0315,1,부산광역시 동구 진성로 9번길9-3,부산광역시 동구 수정동 1-91,35.129365,129.0481984,,,051-440-4674,부산광역시 동구청,2026-06-25
수정동0316,1,부산광역시 동구 중앙대로371번길 12,부산광역시 동구 수정동 1-131,35.1290514,129.0479503,,,051-440-4674,부산광역시 동구청,2026-06-25
수정동0317,1,부산광역시 동구 진성로9번길 13-3,부산광역시 동구 수정동 1-164,35.1292037,129.0479838,,,051-440-4674,부산광역시 동구청,2026-06-25
수정동0319,1,부산광역시 동구 중앙대로 365,부산광역시 동구 수정동 1-10,35.1285606,129.0480315,,,051-440-4674,부산광역시 동구청,2026-06-25
수정동0320,1,부산광역시 동구 중앙대로 371,부산광역시 동구 수정동 1-48,35.128746,129.0484241,,,051-440-4674,부산광역시 동구청,2026-06-25
수정동0321,1,부산광역시 동구 중앙대로371번길 22,부산광역시 동구 수정동 201-5,35.1292826,129.047573,,,051-440-4674,부산광역시 동구청,2026-06-25
수정동0322,1,부산광역시 동구 진성로11번길 16,부산광역시 동구 수정동 209-1,35.1293377,129.0476449,,,051-440-4674,부산광역시 동구청,2026-06-25
수정동0323,1,부산광역시 동구 진성로9번길 14,부산광역시 동구 수정동 209-1,35.1293107,129.0477693,,,051-440-4674,부산광역시 동구청,2026-06-25
수정동0324,1,부산광역시 동구 중앙대로371번길 22-1,부산광역시 동구 수정동 201-4,35.1293093,129.0475379,,,051-440-4674,부산광역시 동구청,2026-06-25
수정동0325,1,부산광역시 동구 중앙대로371번길 24-1,부산광역시 동구 수정동 200-1,35.1293758,129.047433,,,051-440-4674,부산광역시 동구청,2026-06-25
수정동0326,1,부산광역시 동구 진성로11번길 8,부산광역시 동구 수정동 212,35.1296162,129.047837,,,051-440-4674,부산광역시 동구청,2026-06-25
수정동0327,1,부산광역시 동구 진성로 13,부산광역시 동구 수정동 217-3,35.1299084,129.0479609,,,051-440-4674,부산광역시 동구청,2026-06-25
수정동0328,1,부산광역시 동구 중앙대로371번길 23-6,부산광역시 동구 수정동 192-3,35.1289717,129.0471909,,,051-440-4674,부산광역시 동구청,2026-06-25
수정동0329,1,부산광역시 동구 중앙대로371번길 27,부산광역시 동구 수정동 198-3,35.1293001,129.0472165,,,051-440-4674,부산광역시 동구청,2026-06-25
수정동0330,1,부산광역시 동구 중앙대로371번길 25,부산광역시 동구 수정동 193-1,35.1292404,129.0472109,,,051-440-4674,부산광역시 동구청,2026-06-25
수정동0331,1,부산광역시 동구 중앙대로361번길 24-18,부산광역시 동구 수정동 192-6,35.1290639,129.0471203,,,051-440-4674,부산광역시 동구청,2026-06-25
수정동0332,1,부산광역시 동구 중앙대로361번길 24-4,부산광역시 동구 수정동 187-1,35.1286418,129.046882,,,051-440-4674,부산광역시 동구청,2026-06-25
수정동0333,1,부산광역시 동구 중앙대로361번길 21,부산광역시 동구 수정동 184-1,35.1284715,129.0467558,,,051-440-4674,부산광역시 동구청,2026-06-25
수정동0334,1,부산광역시 동구 고관로 114,부산광역시 동구 수정동 262,35.128782,129.046678,,,051-440-4674,부산광역시 동구청,2026-06-25
수정동0335,1,부산광역시 동구 고관로 110-8,부산광역시 동구 수정동 181-1,35.1284216,129.0466379,,,051-440-4674,부산광역시 동구청,2026-06-25
수정동0336,1,부산광역시 동구 고관로 110,부산광역시 동구 수정동 270-7,35.1285335,129.046327,,,051-440-4674,부산광역시 동구청,2026-06-25
수정동0337,1,부산광역시 동구 진성로 17,부산광역시 동구 수정동 247-28,35.130096,129.0474443,,,051-440-4674,부산광역시 동구청,2026-06-25
수정동0338,1,부산광역시 동구 진성로21번길 9,부산광역시 동구 수정동 247-19,35.1301175,129.0471123,,,051-440-4674,부산광역시 동구청,2026-06-25
수정동0340,1,부산광역시 동구 진성로 23,부산광역시 동구 수정동 247-7,35.1304313,129.0467326,,,051-440-4674,부산광역시 동구청,2026-06-25
수정동0342,1,부산광역시 동구 진성로21번길 22,부산광역시 동구 수정동 248-60,35.1297297,129.0464389,,,051-440-4674,부산광역시 동구청,2026-06-25
수정동0343,1,부산광역시 동구 수정동로16번길 9,부산광역시 동구 수정동 248-36,35.1296023,129.0461458,,,051-440-4674,부산광역시 동구청,2026-06-25
수정동0344,1,부산광역시 동구 진성로21번길 25-3,부산광역시 동구 수정동 248-16,35.129461,129.0466152,,,051-440-4674,부산광역시 동구청,2026-06-25
수정동0345,1,부산광역시 동구 진성로21번길 25,부산광역시 동구 수정동 248-17,35.1295287,129.0465044,,,051-440-4674,부산광역시 동구청,2026-06-25
수정동0346,1,부산광역시 동구 진성로21번길25-3,부산광역시 동구 수정동 249-17,35.129461,129.0466152,,,051-440-4674,부산광역시 동구청,2026-06-25
수정동0347,1,부산광역시 동구 진성로21번길 29,부산광역시 동구 수정동 248-29,35.129386,129.0463727,,,051-440-4674,부산광역시 동구청,2026-06-25
수정동0348,1,부산광역시 동구 중앙대로361번길 41,부산광역시 동구 수정동 282-3,35.1290544,129.0459735,,,051-440-4674,부산광역시 동구청,2026-06-25
수정동0349,1,부산광역시 동구 구청로 1,부산광역시 동구 수정동 806-74,35.1292878,129.0452844,,,051-440-4674,부산광역시 동구청,2026-06-25
수정동0350,1,부산광역시 동구 구청로 1,부산광역시 동구 수정동 806-74,35.1292878,129.0452844,,,051-440-4674,부산광역시 동구청,2026-06-25
수정동0351,1,부산광역시 동구 중앙대로361번길 40,부산광역시 동구 수정동 278-5,35.1291477,129.0461105,,,051-440-4674,부산광역시 동구청,2026-06-25
수정동0352,1,부산광역시 동구 진성로21번길 33,부산광역시 동구 수정동 278-8,35.129253,129.0462116,,,051-440-4674,부산광역시 동구청,2026-06-25
수정동0353,1,부산광역시 동구 중앙대로361번길 35,부산광역시 동구 수정동 274-7,35.1288606,129.0462306,,,051-440-4674,부산광역시 동구청,2026-06-25
수정동0354,1,부산광역시 동구 고관로 109-9,부산광역시 동구 수정동 285-10,35.1288427,129.0460435,,,051-440-4674,부산광역시 동구청,2026-06-25
수정동0355,1,부산광역시 동구 고관로 109-3,부산광역시 동구 수정동 287,35.1285888,129.0460423,,,051-440-4674,부산광역시 동구청,2026-06-25
수정동0356,1,부산광역시 동구 고관로 115,부산광역시 동구 수정동 256-3,35.1290066,129.0465469,,,051-440-4674,부산광역시 동구청,2026-06-25
수정동0357,1,부산광역시 동구 고관로 115-4,부산광역시 동구 수정동 255-3,35.1292452,129.0465399,,,051-440-4674,부산광역시 동구청,2026-06-25
수정동0358,1,부산광역시 동구 고관로 119,부산광역시 동구 수정동 249-5,35.129296,129.0467991,,,051-440-4674,부산광역시 동구청,2026-06-25
수정동0359,1,부산광역시 동구 고관로 107-6,부산광역시 동구 수정동 288-5,35.1286964,129.0459044,,,051-440-4674,부산광역시 동구청,2026-06-25
수정동0360,1,부산광역시 동구 고관로 107-3,부산광역시 동구 수정동 288-15,35.128568,129.04585,,,051-440-4674,부산광역시 동구청,2026-06-25
수정동0361,1,부산광역시 동구 고관로101번길 4,부산광역시 동구 수정동 296-7,35.1282079,129.0455846,,,051-440-4674,부산광역시 동구청,2026-06-25
수정동0362,1,부산광역시 동구 수정로17번길 11-2,부산광역시 동구 수정동 844-211,35.1277526,129.0443989,,,051-440-4674,부산광역시 동구청,2026-06-25
수정동0364,1,부산광역시 동구 고관로 107-5,부산광역시 동구 수정동 290,35.1285493,129.0457174,,,051-440-4674,부산광역시 동구청,2026-06-25
수정동0365,1,부산광역시 동구 고관로101번길 20,부산광역시 동구 수정동 289-2,35.1287508,129.0457645,,,051-440-4674,부산광역시 동구청,2026-06-25
수정동0366,1,부산광역시 동구 고관로101번길 24,부산광역시 동구 수정동 838-2,35.128953,129.0458453,,,051-440-4674,부산광역시 동구청,2026-06-25
수정동0367,1,부산광역시 동구 고관로101번길 26,부산광역시 동구 수정동 837-1,35.1290491,129.045871,,,051-440-4674,부산광역시 동구청,2026-06-25
수정동0368,1,부산광역시 동구 수정로 10-6,부산광역시 동구 수정동 135-7,35.1277847,129.0458494,,,051-440-4674,부산광역시 동구청,2026-06-25
수정동0369,1,부산광역시 동구 수정로 11,부산광역시 동구 수정동 119-2,35.1274712,129.0455496,,,051-440-4674,부산광역시 동구청,2026-06-25
수정동0370,1,부산광역시 동구 수정로17번길 11-5,부산광역시 동구 수정동 844-195,35.1276488,129.0444594,,,051-440-4674,부산광역시 동구청,2026-06-25
수정동0371,1,부산광역시 동구 수정로17번길 14-4,부산광역시 동구 수정동 844-36,35.1279787,129.0444046,,,051-440-4674,부산광역시 동구청,2026-06-25
수정동0372,1,부산광역시 동구 수정로17번길 14-6,부산광역시 동구 수정동 844-35,35.1280475,129.0444149,,,051-440-4674,부산광역시 동구청,2026-06-25
수정동0373,1,부산광역시 동구 수정로17번길 26-8,부산광역시 동구 수정동 844-74,35.1280103,129.044225,,,051-440-4674,부산광역시 동구청,2026-06-25
수정동0374,1,부산광역시 동구 수정로17번길 26-5,부산광역시 동구 수정동 844-68,35.1283174,129.0440873,,,051-440-4674,부산광역시 동구청,2026-06-25
수정동0375,1,부산광역시 동구 수정로17번길 26-3,부산광역시 동구 수정동 844-69,35.1282551,129.0440631,,,051-440-4674,부산광역시 동구청,2026-06-25
수정동0377,1,부산광역시 동구 고관로 95,부산광역시 동구 수정동 309-7,35.1275391,129.0451794,,,051-440-4674,부산광역시 동구청,2026-06-25
수정동0380,1,부산광역시 동구 고관로93번길 22,부산광역시 동구 수정동 986-6,35.1272629,129.0444257,,,051-440-4674,부산광역시 동구청,2026-06-25
수정동0381,1,부산광역시 동구 고관로93번길 24-1,부산광역시 동구 수정동 986-11,35.1272071,129.0443177,,,051-440-4674,부산광역시 동구청,2026-06-25
수정동0382,1,부산광역시 동구 수정남로14번길 7,부산광역시 동구 수정동 844-203,35.127516,129.0442986,,,051-440-4674,부산광역시 동구청,2026-06-25
수정동0383,1,부산광역시 동구 수정남로14번길 8,부산광역시 동구 수정동 987-2,35.1274182,129.0443027,,,051-440-4674,부산광역시 동구청,2026-06-25
수정동0384,1,부산광역시 동구 수정남로16번길 18,부산광역시 동구 수정동 844-223,35.1278259,129.0440384,,,051-440-4674,부산광역시 동구청,2026-06-25
수정동0385,1,부산광역시 동구 수정남로16번길 13-1,부산광역시 동구 수정동 844-230,35.1278281,129.0438819,,,051-440-4674,부산광역시 동구청,2026-06-25
수정동0386,1,부산광역시 동구 수정남로16번길 10,부산광역시 동구 수정동 844-357,35.1276106,129.0439612,,,051-440-4674,부산광역시 동구청,2026-06-25
수정동0387,1,부산광역시 동구 수정남로16번길 8,부산광역시 동구 수정동 844-358,35.1275424,129.0439023,,,051-440-4674,부산광역시 동구청,2026-06-25
수정동0388,1,부산광역시 동구 수정로17번가길 5,부산광역시 동구 수정동 844-178,35.1280521,129.043799,,,051-440-4674,부산광역시 동구청,2026-06-25
수정동0389,1,부산광역시 동구 수정남로16번길 15-11,부산광역시 동구 수정동 844-168,35.1279387,129.0437123,,,051-440-4674,부산광역시 동구청,2026-06-25
수정동0390,1,부산광역시 동구 수정로17번가길 6,부산광역시 동구 수정동 844-147,35.1281031,129.0436784,,,051-440-4674,부산광역시 동구청,2026-06-25
수정동0391,1,부산광역시 동구 수정로33번길11,부산광역시 동구 수정동 849-19,35.1283343,129.0433703,,,051-440-4674,부산광역시 동구청,2026-06-25
수정동0392,1,부산광역시 동구 수정로33번길 11,부산광역시 동구 수정동 849-31,35.1283343,129.0433703,,,051-440-4674,부산광역시 동구청,2026-06-25
수정동0393,1,부산광역시 동구 망양로710번길11-1,부산광역시 동구 수정동 847-10,35.1282114,129.043051,,,051-440-4674,부산광역시 동구청,2026-06-25
수정동0394,1,부산광역시 동구 수정남로 22-13,부산광역시 동구 수정동 846-2,35.127933,129.0430769,,,051-440-4674,부산광역시 동구청,2026-06-25
수정동0395,1,부산광역시 동구 망양로710번길 3-1,부산광역시 동구 수정동 847-6,35.1281206,129.0428832,,,051-440-4674,부산광역시 동구청,2026-06-25
수정동0396,1,부산광역시 동구 수정남로 26,부산광역시 동구 수정동 844-257,35.1278116,129.0429509,,,051-440-4674,부산광역시 동구청,2026-06-25
수정동0397,1,부산광역시 동구 수정로33번길 14-1,부산광역시 동구 수정동 870-438,35.1284117,129.0430577,,,051-440-4674,부산광역시 동구청,2026-06-25
수정동0398,1,부산광역시 동구 망양로712번길 14-4,부산광역시 동구 수정동 870-486,35.1285466,129.0428296,,,051-440-4674,부산광역시 동구청,2026-06-25
수정동0399,1,부산광역시 동구 망양로712번길 11,부산광역시 동구 수정동 870-478,35.1286938,129.0427323,,,051-440-4674,부산광역시 동구청,2026-06-25
수정동0400,1,부산광역시 동구 망양로712번길 7,부산광역시 동구 수정동 870-476,35.1285815,129.0425586,,,051-440-4674,부산광역시 동구청,2026-06-25
수정동0401,1,부산광역시 동구 수정로33번길 16,부산광역시 동구 수정동 869-2,35.128354,129.0430244,,,051-440-4674,부산광역시 동구청,2026-06-25
수정동0402,1,부산광역시 동구 수정로33번길 12,부산광역시 동구 수정동 868-8,35.1284798,129.0432235,,,051-440-4674,부산광역시 동구청,2026-06-25
수정동0403,1,부산광역시 동구 수정로17번길 31-6,부산광역시 동구 수정동 844-84,35.1282289,129.0437337,,,051-440-4674,부산광역시 동구청,2026-06-25
수정동0404,1,부산광역시 동구 망양로712번길 19,부산광역시 동구 수정동 867-15,35.1287792,129.0430557,,,051-440-4674,부산광역시 동구청,2026-06-25
수정동0405,1,부산광역시 동구 망양로718번길 10,부산광역시 동구 수정동 870-499,35.1288451,129.0427567,,,051-440-4674,부산광역시 동구청,2026-06-25
수정동0406,1,부산광역시 동구 망양로718번길 7,부산광역시 동구 수정동 870-471,35.1288842,129.0424554,,,051-440-4674,부산광역시 동구청,2026-06-25
수정동0407,1,부산광역시 동구 망양로718번길 6,부산광역시 동구 수정동 870-474,35.1286828,129.0425036,,,051-440-4674,부산광역시 동구청,2026-06-25
수정동0408,1,부산광역시 동구 망양로718번길 4,부산광역시 동구 수정동 870-475,35.1286211,129.0423876,,,051-440-4674,부산광역시 동구청,2026-06-25
수정동0409,1,부산광역시 동구 망양로724번길 5,부산광역시 동구 수정동 889-30,35.1293258,129.0419604,,,051-440-4674,부산광역시 동구청,2026-06-25
수정동0410,1,부산광역시 동구 망양로724번길 7,부산광역시 동구 수정동 890-4,35.1294038,129.0420245,,,051-440-4674,부산광역시 동구청,2026-06-25
수정동0411,1,부산광역시 동구 수정로43번길 13,부산광역시 동구 수정동 870-264,35.1291086,129.0421793,,,051-440-4674,부산광역시 동구청,2026-06-25
수정동0412,1,부산광역시 동구 수정로43번길 11,부산광역시 동구 수정동 871-2,35.1291071,129.0422349,,,051-440-4674,부산광역시 동구청,2026-06-25
수정동0413,1,부산광역시 동구 망양로718번길 9-6,부산광역시 동구 수정동 870-261,35.1289936,129.0424367,,,051-440-4674,부산광역시 동구청,2026-06-25
수정동0414,1,부산광역시 동구 수정로43번길 7,부산광역시 동구 수정동 872-31,35.1292038,129.0424176,,,051-440-4674,부산광역시 동구청,2026-06-25
수정동0415,1,부산광역시 동구 수정로 45,부산광역시 동구 수정동 872-89,35.1293372,129.0426264,,,051-440-4674,부산광역시 동구청,2026-06-25
수정동0416,1,부산광역시 동구 망양로718번길 17,부산광역시 동구 수정동 872-14,35.1290934,129.0429483,,,051-440-4674,부산광역시 동구청,2026-06-25
수정동0417,1,부산광역시 동구 수정로 33-1,부산광역시 동구 수정동 856-3,35.1287118,129.0435501,,,051-440-4674,부산광역시 동구청,2026-06-25
수정동0418,1,부산광역시 동구 수정로 33-5,부산광역시 동구 수정동 866-2,35.1286974,129.0433575,,,051-440-4674,부산광역시 동구청,2026-06-25
수정동0419,1,부산광역시 동구 수정로 33-11,부산광역시 동구 수정동 867-10,35.128834,129.0432099,,,051-440-4674,부산광역시 동구청,2026-06-25
수정동0420,1,부산광역시 동구 수정로 37-6,부산광역시 동구 수정동 862-19,35.1289637,129.0430997,,,051-440-4674,부산광역시 동구청,2026-06-25
수정동0421,1,부산광역시 동구 수정로 42-2,부산광역시 동구 수정동 872-35,35.129408,129.0428473,,,051-440-4674,부산광역시 동구청,2026-06-25
수정동0422,1,부산광역시 동구 망양로724번길 14,부산광역시 동구 수정동 887-5,35.1294659,129.0423919,,,051-440-4674,부산광역시 동구청,2026-06-25
수정동0423,1,부산광역시 동구 망양로724번길 11,부산광역시 동구 수정동 890-8,35.1294255,129.0422225,,,051-440-4674,부산광역시 동구청,2026-06-25
수정동0424,1,부산광역시 동구 망양로730번길 14,부산광역시 동구 수정동 891-6,35.1296436,129.0419822,,,051-440-4674,부산광역시 동구청,2026-06-25
수정동0425,1,부산광역시 동구 망양로730번길 10,부산광역시 동구 수정동 891-7,35.1296871,129.0418078,,,051-440-4674,부산광역시 동구청,2026-06-25
수정동0426,1,부산광역시 동구 망양로730번길 1,부산광역시 동구 수정동 894-1,35.1295987,129.041387,,,051-440-4674,부산광역시 동구청,2026-06-25
수정동0427,1,부산광역시 동구 망양로730번길 4-5,부산광역시 동구 수정동 891-11,35.1295231,129.0417394,,,051-440-4674,부산광역시 동구청,2026-06-25
수정동0428,1,부산광역시 동구 망양로730번길 3-5,부산광역시 동구 수정동 893-19,35.1297127,129.0412931,,,051-440-4674,부산광역시 동구청,2026-06-25
수정동0430,1,부산광역시 동구 망양로738번길 2-6,부산광역시 동구 수정동 781-5,35.1300559,129.0410547,,,051-440-4674,부산광역시 동구청,2026-06-25
수정동0431,1,부산광역시 동구 수정중로 31-4,부산광역시 동구 수정동 553-4,35.1311983,129.0448718,,,051-440-4674,부산광역시 동구청,2026-06-25
수정동0432,1,부산광역시 동구 망양로738번길 3,부산광역시 동구 수정동 778-17,35.1302875,129.0408167,,,051-440-4674,부산광역시 동구청,2026-06-25
수정동0433,1,부산광역시 동구 망양로738번길 1,부산광역시 동구 수정동 778-19,35.130258,129.0407316,,,051-440-4674,부산광역시 동구청,2026-06-25
수정동0434,1,부산광역시 동구 수정로 67-7,부산광역시 동구 수정동 778-12,35.1303852,129.0407045,,,051-440-4674,부산광역시 동구청,2026-06-25
수정동0435,1,부산광역시 동구 망양로730번길 9-8,부산광역시 동구 수정동 785-14,35.1299865,129.0414628,,,051-440-4674,부산광역시 동구청,2026-06-25
수정동0436,1,부산광역시 동구 망양로730번길 9-6,부산광역시 동구 수정동 784,35.1299274,129.041533,,,051-440-4674,부산광역시 동구청,2026-06-25
수정동0437,1,부산광역시 동구 망양로730번길 9-3,부산광역시 동구 수정동 893-12,35.1297974,129.0415332,,,051-440-4674,부산광역시 동구청,2026-06-25
수정동0439,1,부산광역시 동구 수정로 63,부산광역시 동구 수정동 778-22,35.1303449,129.0410132,,,051-440-4674,부산광역시 동구청,2026-06-25
수정동0440,1,부산광역시 동구 망양로738번길 10,부산광역시 동구 수정동 1105-7,35.1301524,129.0411417,,,051-440-4674,부산광역시 동구청,2026-06-25
수정동0441,1,부산광역시 동구 수정로 67-7,부산광역시 동구 수정동 778-12,35.1303852,129.0407045,,,051-440-4674,부산광역시 동구청,2026-06-25
수정동0442,1,부산광역시 동구 수정로 67-6,부산광역시 동구 수정동 777-4,35.1305016,129.0405628,,,051-440-4674,부산광역시 동구청,2026-06-25
수정동0443,1,부산광역시 동구 수정로 67,부산광역시 동구 수정동 778-3,35.1305758,129.0407449,,,051-440-4674,부산광역시 동구청,2026-06-25
수정동0444,1,부산광역시 동구 망양로738번길 16,부산광역시 동구 수정동 782-3,35.1304136,129.0413194,,,051-440-4674,부산광역시 동구청,2026-06-25
수정동0445,1,부산광역시 동구 망양로 711-15,부산광역시 동구 수정동 1160-2,35.1287324,129.0420518,,,051-440-4674,부산광역시 동구청,2026-06-25
수정동0446,1,부산광역시 동구 망양로712번길 2,부산광역시 동구 수정동 870-454,35.12827,129.0426811,,,051-440-4674,부산광역시 동구청,2026-06-25
수정동0447,1,부산광역시 동구 수정공원남로 77,부산광역시 동구 수정동 1162-1,35.1289896,129.041692,,,051-440-4674,부산광역시 동구청,2026-06-25
수정동0448,1,부산광역시 동구 수정공원로 12-7,부산광역시 동구 수정동 1163-21,35.1290035,129.0411977,,,051-440-4674,부산광역시 동구청,2026-06-25
수정동0449,1,부산광역시 동구 망양로735번길 6,부산광역시 동구 수정동 1164-9,35.1297331,129.0405511,,,051-440-4674,부산광역시 동구청,2026-06-25
수정동0450,1,부산광역시 동구 망양로737번길 6,부산광역시 동구 수정동 780-9,35.1299864,129.0403584,,,051-440-4674,부산광역시 동구청,2026-06-25
수정동0451,1,부산광역시 동구 망양로737번길 11,부산광역시 동구 수정동 1164-3,35.1298651,129.0401215,,,051-440-4674,부산광역시 동구청,2026-06-25
수정동0452,1,부산광역시 동구 수정공원로12번길 28,부산광역시 동구 수정동 1164-10,35.1298026,129.0401895,,,051-440-4674,부산광역시 동구청,2026-06-25
수정동0453,1,부산광역시 동구 수정공원로12번길 21,부산광역시 동구 수정동 1165-7,35.1294881,129.0401207,,,051-440-4674,부산광역시 동구청,2026-06-25
수정동0454,1,부산광역시 동구 망양로735번길 18,부산광역시 동구 수정동 1165-16,35.1292642,129.0402875,,,051-440-4674,부산광역시 동구청,2026-06-25
수정동0455,1,부산광역시 동구 망양로724번길 1,부산광역시 동구 수정동 889-16,35.1293422,129.0417561,,,051-440-4674,부산광역시 동구청,2026-06-25
수정동0456,1,부산광역시 동구 수정공원로 3,부산광역시 동구 수정동 1170-10,35.1281935,129.0411212,,,051-440-4674,부산광역시 동구청,2026-06-25
수정동0457,1,부산광역시 동구 수정공원로 8-4,부산광역시 동구 수정동 1162-23,35.1285151,129.0416256,,,051-440-4674,부산광역시 동구청,2026-06-25
수정동0458,1,부산광역시 동구 수정공원로 1,부산광역시 동구 수정동 1170-2,35.1281688,129.0410202,,,051-440-4674,부산광역시 동구청,2026-06-25
수정동0459,1,부산광역시 동구 수정공원로 8-1,부산광역시 동구 수정동 1162-4,35.1286124,129.0414169,,,051-440-4674,부산광역시 동구청,2026-06-25
수정동0460,1,부산광역시 동구 수정공원로 10,부산광역시 동구 수정동 1162-3,35.1286877,129.0413819,,,051-440-4674,부산광역시 동구청,2026-06-25
수정동0461,1,부산광역시 동구 수정공원로 5,부산광역시 동구 수정동 1170-1,35.1282161,129.0412224,,,051-440-4674,부산광역시 동구청,2026-06-25
수정동0462,1,부산광역시 동구 수정공원상로 2,부산광역시 동구 수정동 1169-9,35.1285982,129.0411172,,,051-440-4674,부산광역시 동구청,2026-06-25
수정동0463,1,부산광역시 동구 수정공원상로 6,부산광역시 동구 수정동 1169-4,35.1285294,129.0406958,,,051-440-4674,부산광역시 동구청,2026-06-25
수정동0464,1,부산광역시 동구 수정공원상로 10,부산광역시 동구 수정동 1169-6,35.1284246,129.0402699,,,051-440-4674,부산광역시 동구청,2026-06-25
수정동0465,1,부산광역시 동구 수정공원남로 49-7,부산광역시 동구 수정동 1177-1,35.1281482,129.0399159,,,051-440-4674,부산광역시 동구청,2026-06-25
수정동0466,1,부산광역시 동구 수정공원상로 16-1,부산광역시 동구 수정동 1168-13,35.1283086,129.039574,,,051-440-4674,부산광역시 동구청,2026-06-25
수정동0467,1,부산광역시 동구 수정공원상로 19,부산광역시 동구 수정동 1177-10,35.1280795,129.0392891,,,051-440-4674,부산광역시 동구청,2026-06-25
수정동0468,1,부산광역시 동구 수정공원상로20번길 1,부산광역시 동구 수정동 1178-42,35.1282058,129.0390656,,,051-440-4674,부산광역시 동구청,2026-06-25
수정동0469,1,부산광역시 동구 수정공원상로 26,부산광역시 동구 수정동 1178-38,35.1280736,129.0386323,,,051-440-4674,부산광역시 동구청,2026-06-25
수정동0470,1,부산광역시 동구 수정공원상로 28-1,부산광역시 동구 수정동 1178-35,35.1279726,129.038304,,,051-440-4674,부산광역시 동구청,2026-06-25
수정동0471,1,부산광역시 동구 수정공원상로 32-2,부산광역시 동구 수정동 1178-32,35.1278681,129.0379996,,,051-440-4674,부산광역시 동구청,2026-06-25
수정동0472,1,부산광역시 동구 수정공원남로 31-5,부산광역시 동구 수정동 1187-2,35.1274796,129.0376971,,,051-440-4674,부산광역시 동구청,2026-06-25
수정동0473,1,부산광역시 동구 수정공원상로 40-1,부산광역시 동구 수정동 1188-33,35.1275657,129.0370955,,,051-440-4674,부산광역시 동구청,2026-06-25
수정동0474,1,부산광역시 동구 수정공원상로 44-2,부산광역시 동구 수정동 1188-31,35.1275136,129.036877,,,051-440-4674,부산광역시 동구청,2026-06-25
수정동0475,1,부산광역시 동구 수정공원남로 31-5,부산광역시 동구 수정동 1187-2,35.1274796,129.0376971,,,051-440-4674,부산광역시 동구청,2026-06-25
수정동0476,1,부산광역시 동구 수정공원남로 35,부산광역시 동구 수정동 1179-7,35.1275235,129.0385195,,,051-440-4674,부산광역시 동구청,2026-06-25
수정동0477,1,부산광역시 동구 수정공원남로 31-6,부산광역시 동구 수정동 1179-2,35.1278633,129.0388531,,,051-440-4674,부산광역시 동구청,2026-06-25
수정동0482,1,부산광역시 동구 수정공원상로 60,부산광역시 동구 수정동 1188,35.12788,129.0367312,,,051-440-4674,부산광역시 동구청,2026-06-25
수정동0483,1,부산광역시 동구 수정공원상로 60,부산광역시 동구 수정동 1188,35.12788,129.0367312,,,051-440-4674,부산광역시 동구청,2026-06-25
수정동0484,1,부산광역시 동구 수정공원상로 62,부산광역시 동구 수정동 1188,35.1279546,129.0369536,,,051-440-4674,부산광역시 동구청,2026-06-25
수정동0485,1,부산광역시 동구 수정공원상로 66-2,부산광역시 동구 수정동 1188,35.1280471,129.037264,,,051-440-4674,부산광역시 동구청,2026-06-25
수정동0486,1,부산광역시 동구 수정공원상로 66,부산광역시 동구 수정동 1188-6,35.1280934,129.0373813,,,051-440-4674,부산광역시 동구청,2026-06-25
수정동0487,1,부산광역시 동구 수정공원상로 70-3,부산광역시 동구 수정동 1178-3,35.1282111,129.0378058,,,051-440-4674,부산광역시 동구청,2026-06-25
수정동0488,1,부산광역시 동구 수정공원상로 76,부산광역시 동구 수정동 1178-47,35.1283267,129.038178,,,051-440-4674,부산광역시 동구청,2026-06-25
수정동0489,1,부산광역시 동구 수정공원상로 78-1,부산광역시 동구 수정동 1178-50,35.1284066,129.038456,,,051-440-4674,부산광역시 동구청,2026-06-25
수정동0490,1,부산광역시 동구 수정공원상로 80-2,부산광역시 동구 수정동 1178-51,35.1284373,129.0385447,,,051-440-4674,부산광역시 동구청,2026-06-25
수정동0491,1,부산광역시 동구 수정공원상로 86,부산광역시 동구 수정동 1168-27,35.1287783,129.0391189,,,051-440-4674,부산광역시 동구청,2026-06-25
수정동0492,1,부산광역시 동구 수정공원상로20번가길 5,부산광역시 동구 수정동 1178-29,35.128236,129.0388125,,,051-440-4674,부산광역시 동구청,2026-06-25
수정동0494,1,부산광역시 동구 수정공원상로20번길 4-5,부산광역시 동구 수정동 1168-40,35.1284665,129.0393759,,,051-440-4674,부산광역시 동구청,2026-06-25
수정동0495,1,부산광역시 동구 수정공원상로20번가길 18,부산광역시 동구 수정동 1178-56,35.1282044,129.0381283,,,051-440-4674,부산광역시 동구청,2026-06-25
수정동0496,1,부산광역시 동구 수정공원상로20번가길 26,부산광역시 동구 수정동 1188-6,35.1280303,129.0377358,,,051-440-4674,부산광역시 동구청,2026-06-25
수정동0497,1,부산광역시 동구 수정공원상로20번가길 29,부산광역시 동구 수정동 1188-28,35.1278497,129.0375606,,,051-440-4674,부산광역시 동구청,2026-06-25
수정동0498,1,부산광역시 동구 수정공원상로 68-7,부산광역시 동구 수정동 1188-6,35.1280242,129.0376181,,,051-440-4674,부산광역시 동구청,2026-06-25
수정동0499,1,부산광역시 동구 수정공원상로20번가길 34,부산광역시 동구 수정동 1188,35.1278886,129.0372946,,,051-440-4674,부산광역시 동구청,2026-06-25
수정동0500,1,부산광역시 동구 수정공원상로20번가길 37,부산광역시 동구 수정동 1188-24,35.1276958,129.0371497,,,051-440-4674,부산광역시 동구청,2026-06-25
수정동0501,1,부산광역시 동구 수정공원상로20번가길 42,부산광역시 동구 수정동 1188,35.1277417,129.0368534,,,051-440-4674,부산광역시 동구청,2026-06-25
수정동0502,1,부산광역시 동구 수정공원상로20번가길 46-1,부산광역시 동구 수정동 1188,35.1277208,129.0367275,,,051-440-4674,부산광역시 동구청,2026-06-25
수정동0503,1,부산광역시 동구 수정공원상로 68,부산광역시 동구 수정동 1188-6,35.1281601,129.0375968,,,051-440-4674,부산광역시 동구청,2026-06-25
수정동0504,1,부산광역시 동구 수정공원상로14번길 11-2,부산광역시 동구 수정동 1168-6,35.128674,129.0395283,,,051-440-4674,부산광역시 동구청,2026-06-25
수정동0505,1,부산광역시 동구 수정공원상로14번길 15-2,부산광역시 동구 수정동 1168-2,35.1288519,129.0393503,,,051-440-4674,부산광역시 동구청,2026-06-25
수정동0506,1,부산광역시 동구 수정공원상로14번길 15-6,부산광역시 동구 수정동 1168-34,35.1287062,129.0392934,,,051-440-4674,부산광역시 동구청,2026-06-25
수정동0507,1,부산광역시 동구 수정공원상로 89,부산광역시 동구 수정동 926-1,35.1294755,129.0390451,,,051-440-4674,부산광역시 동구청,2026-06-25
수정동0508,1,부산광역시 동구 수정공원상로 92,부산광역시 동구 수정동 1167-40,35.1293558,129.0394025,,,051-440-4674,부산광역시 동구청,2026-06-25
수정동0509,1,부산광역시 동구 망양로735번길 33,부산광역시 동구 수정동 1169-8,35.1285255,129.0401564,,,051-440-4674,부산광역시 동구청,2026-06-25
수정동0510,1,부산광역시 동구 수정공원상로 10-3,부산광역시 동구 수정동 1169-8,35.1285348,129.0402617,,,051-440-4674,부산광역시 동구청,2026-06-25
수정동0511,1,부산광역시 동구 수정공원로 19,부산광역시 동구 수정동 1169-1,35.1286738,129.0401932,,,051-440-4674,부산광역시 동구청,2026-06-25
수정동0512,1,부산광역시 동구 망양로735번길 28,부산광역시 동구 수정동 1167-8,35.1288445,129.0399284,,,051-440-4674,부산광역시 동구청,2026-06-25
수정동0513,1,부산광역시 동구 수정공원로 21-4,부산광역시 동구 수정동 1167-13,35.1289341,129.0398044,,,051-440-4674,부산광역시 동구청,2026-06-25
수정동0514,1,부산광역시 동구 수정공원로 26,부산광역시 동구 수정동 1165-24,35.1293542,129.0400321,,,051-440-4674,부산광역시 동구청,2026-06-25
수정동0515,1,부산광역시 동구 수정공원남로 49-2,부산광역시 동구 수정동 1170-1,35.1280203,129.0403932,,,051-440-4674,부산광역시 동구청,2026-06-25
수정동0516,1,부산광역시 동구 수정공원로12번길 1,부산광역시 동구 수정동 1166-5,35.1288599,129.0408515,,,051-440-4674,부산광역시 동구청,2026-06-25
수정동0517,1,부산광역시 동구 수정공원로 15,부산광역시 동구 수정동 1169-3,35.1287211,129.0406225,,,051-440-4674,부산광역시 동구청,2026-06-25
수정동0518,1,부산광역시 동구 수정공원로 17,부산광역시 동구 수정동 1169-2,35.128744,129.040405,,,051-440-4674,부산광역시 동구청,2026-06-25
수정동0519,1,부산광역시 동구 수정공원로 22-2,부산광역시 동구 수정동 1165-14,35.1292683,129.0401101,,,051-440-4674,부산광역시 동구청,2026-06-25
수정동0520,1,부산광역시 동구 수정공원로 23-4,부산광역시 동구 수정동 1167-25,35.1291257,129.0396637,,,051-440-4674,부산광역시 동구청,2026-06-25
수정동0521,1,부산광역시 동구 수정공원로 28,부산광역시 동구 수정동 1165-5,35.1294889,129.0398157,,,051-440-4674,부산광역시 동구청,2026-06-25
수정동0522,1,부산광역시 동구 수정공원로 28-1,부산광역시 동구 수정동 1165-22,35.1295867,129.0396728,,,051-440-4674,부산광역시 동구청,2026-06-25
수정동0523,1,부산광역시 동구 수정공원로 33-3,부산광역시 동구 수정동 925-6,35.1297953,129.039187,,,051-440-4674,부산광역시 동구청,2026-06-25
수정동0524,1,부산광역시 동구 수정공원로37번길 3,부산광역시 동구 수정동 938-1,35.1301902,129.0390783,,,051-440-4674,부산광역시 동구청,2026-06-25
수정동0525,1,부산광역시 동구 수정공원로37번길 6-4,부산광역시 동구 수정동 941-15,35.1303843,129.0389746,,,051-440-4674,부산광역시 동구청,2026-06-25
수정동0526,1,부산광역시 동구 수정공원로 35-4,부산광역시 동구 수정동 938-2,35.1301062,129.0390579,,,051-440-4674,부산광역시 동구청,2026-06-25
수정동0527,1,부산광역시 동구 수정공원로37번길 9,부산광역시 동구 수정동 938-4,35.1301579,129.0388139,,,051-440-4674,부산광역시 동구청,2026-06-25
수정동0528,1,부산광역시 동구 망양로739번길 22,부산광역시 동구 수정동 771-180,35.1303652,129.0395068,,,051-440-4674,부산광역시 동구청,2026-06-25
수정동0529,1,부산광역시 동구 망양로739번길 16-1,부산광역시 동구 수정동 772-3,35.1303625,129.0397864,,,051-440-4674,부산광역시 동구청,2026-06-25
수정동0530,1,부산광역시 동구 망양로745번길 19,부산광역시 동구 수정동 771-225,35.1304735,129.0394169,,,051-440-4674,부산광역시 동구청,2026-06-25
수정동0531,1,부산광역시 동구 수정공원로43번길 7,부산광역시 동구 수정동 941-17,35.1309172,129.038978,,,051-440-4674,부산광역시 동구청,2026-06-25
수정동0532,1,부산광역시 동구 망양로737번길 20,부산광역시 동구 수정동 925-3,35.1297972,129.0395669,,,051-440-4674,부산광역시 동구청,2026-06-25
수정동0533,1,부산광역시 동구 수정공원로43번길 11,부산광역시 동구 수정동 943-8,35.1310419,129.0388866,,,051-440-4674,부산광역시 동구청,2026-06-25
수정동0534,1,부산광역시 동구 수정공원로 48,부산광역시 동구 수정동 771-240,35.1308949,129.0393565,,,051-440-4674,부산광역시 동구청,2026-06-25
수정동0535,1,부산광역시 동구 망양로739번길 3,부산광역시 동구 수정동 780-5,35.13006,129.0403855,,,051-440-4674,부산광역시 동구청,2026-06-25
수정동0536,1,부산광역시 동구 망양로739번길 8,부산광역시 동구 수정동 776-14,35.1302528,129.0401883,,,051-440-4674,부산광역시 동구청,2026-06-25
수정동0537,1,부산광역시 동구 망양로739번길 9,부산광역시 동구 수정동 780-3,35.1300877,129.0401728,,,051-440-4674,부산광역시 동구청,2026-06-25
수정동0538,1,부산광역시 동구 망양로745번길 10,부산광역시 동구 수정동 771-6,35.1306548,129.0398445,,,051-440-4674,부산광역시 동구청,2026-06-25
수정동0539,1,부산광역시 동구 망양로739번길 20,부산광역시 동구 수정동 772-1,35.1304599,129.0396978,,,051-440-4674,부산광역시 동구청,2026-06-25
수정동0540,1,부산광역시 동구 수정공원로 40,부산광역시 동구 수정동 771-228,35.1303765,129.0393794,,,051-440-4674,부산광역시 동구청,2026-06-25
수정동0541,1,부산광역시 동구 망양로745번길 12-3,부산광역시 동구 수정동 771-154,35.1306799,129.0395181,,,051-440-4674,부산광역시 동구청,2026-06-25
수정동0542,1,부산광역시 동구 망양로747번길 12-3,부산광역시 동구 수정동 771-247,35.1308484,129.0395062,,,051-440-4674,부산광역시 동구청,2026-06-25
수정동0543,1,부산광역시 동구 망양로747번길 10,부산광역시 동구 수정동 770-1,35.130869,129.0397588,,,051-440-4674,부산광역시 동구청,2026-06-25
수정동0544,1,부산광역시 동구 망양로747번길 12-3,부산광역시 동구 수정동 771-185,35.1308484,129.0395062,,,051-440-4674,부산광역시 동구청,2026-06-25
수정동0545,1,부산광역시 동구 망양로747번길 12-9,부산광역시 동구 수정동 771-104,35.1310884,129.039604,,,051-440-4674,부산광역시 동구청,2026-06-25
수정동0546,1,부산광역시 동구 망양로751번길 10,부산광역시 동구 수정동 749-11,35.1313968,129.0397595,,,051-440-4674,부산광역시 동구청,2026-06-25
수정동0547,1,부산광역시 동구 망양로751번길 14,부산광역시 동구 수정동 771-36,35.1313825,129.0395265,,,051-440-4674,부산광역시 동구청,2026-06-25
수정동0548,1,부산광역시 동구 망양로751번길 3,부산광역시 동구 수정동 751-1,35.1312231,129.0399534,,,051-440-4674,부산광역시 동구청,2026-06-25
수정동0549,1,부산광역시 동구 망양로 749-6,부산광역시 동구 수정동 752-1,35.1311088,129.0399182,,,051-440-4674,부산광역시 동구청,2026-06-25
수정동0550,1,부산광역시 동구 망양로 747,부산광역시 동구 수정동 770-9,35.1307812,129.040028,,,051-440-4674,부산광역시 동구청,2026-06-25
수정동0551,1,부산광역시 동구 망양로 749,부산광역시 동구 수정동 770-13,35.1309217,129.0400356,,,051-440-4674,부산광역시 동구청,2026-06-25
수정동0552,1,부산광역시 동구 망양로 753-3,부산광역시 동구 수정동 748-18,35.1314365,129.0400513,,,051-440-4674,부산광역시 동구청,2026-06-25
수정동0553,1,부산광역시 동구 수정공원중로 4,부산광역시 동구 수정동 705-53,35.1317613,129.040186,,,051-440-4674,부산광역시 동구청,2026-06-25
수정동0554,1,부산광역시 동구 수정공원중로4번길 4,부산광역시 동구 수정동 705-33,35.1317938,129.0400426,,,051-440-4674,부산광역시 동구청,2026-06-25
수정동0555,1,부산광역시 동구 수정공원중로4번길 8,부산광역시 동구 수정동 705-30,35.1319515,129.0400189,,,051-440-4674,부산광역시 동구청,2026-06-25
수정동0556,1,부산광역시 동구 수정공원중로 10,부산광역시 동구 수정동 709-12,35.1316667,129.0396158,,,051-440-4674,부산광역시 동구청,2026-06-25
수정동0557,1,부산광역시 동구 수성남로 4,부산광역시 동구 수정동 709-2,35.1319044,129.039555,,,051-440-4674,부산광역시 동구청,2026-06-25
수정동0558,1,부산광역시 동구 수성남로 4-1,부산광역시 동구 수정동 708-30,35.1319331,129.0396576,,,051-440-4674,부산광역시 동구청,2026-06-25
수정동0559,1,부산광역시 동구 수성남로 10,부산광역시 동구 수정동 705-4,35.1320738,129.0401013,,,051-440-4674,부산광역시 동구청,2026-06-25
수정동0560,1,부산광역시 동구 망양로757번길 8,부산광역시 동구 수정동 703-22,35.1319432,129.0405523,,,051-440-4674,부산광역시 동구청,2026-06-25
수정동0561,1,부산광역시 동구 망양로757번길 10-1,부산광역시 동구 수정동 703-19,35.132015,129.0404662,,,051-440-4674,부산광역시 동구청,2026-06-25
수정동0562,1,부산광역시 동구 망양로757번길 10-3,부산광역시 동구 수정동 703-16,35.1320553,129.0405554,,,051-440-4674,부산광역시 동구청,2026-06-25
수정동0563,1,부산광역시 동구 망양로759번길 9-2,부산광역시 동구 수정동 702-9,35.1320018,129.0407811,,,051-440-4674,부산광역시 동구청,2026-06-25
수정동0564,1,부산광역시 동구 망양로759번길 7,부산광역시 동구 수정동 702-11,35.1319111,129.0407316,,,051-440-4674,부산광역시 동구청,2026-06-25
수정동0565,1,부산광역시 동구 망양로763번길 4,부산광역시 동구 수정동 698-86,35.1318346,129.0411067,,,051-440-4674,부산광역시 동구청,2026-06-25
수정동0566,1,부산광역시 동구 망양로763번길 6,부산광역시 동구 수정동 698-44,35.1318883,129.0411517,,,051-440-4674,부산광역시 동구청,2026-06-25
수정동0567,1,부산광역시 동구 망양로763번길 6-5,부산광역시 동구 수정동 698-42,35.1318582,129.0412323,,,051-440-4674,부산광역시 동구청,2026-06-25
수정동0568,1,부산광역시 동구 수성남로 18,부산광역시 동구 수정동 701-30,35.1320619,129.0409933,,,051-440-4674,부산광역시 동구청,2026-06-25
수정동0569,1,부산광역시 동구 망양로763번길 9,부산광역시 동구 수정동 698-33,35.1320017,129.0412026,,,051-440-4674,부산광역시 동구청,2026-06-25
수정동0570,1,부산광역시 동구 망양로769번길 13,부산광역시 동구 수정동 698-24,35.13201,129.0413535,,,051-440-4674,부산광역시 동구청,2026-06-25
수정동0571,1,부산광역시 동구 망양로763번길 6-13,부산광역시 동구 수정동 698-68,35.1318338,129.0413028,,,051-440-4674,부산광역시 동구청,2026-06-25
수정동0572,1,부산광역시 동구 망양로763번길 6-9,부산광역시 동구 수정동 698-70,35.1317946,129.0413167,,,051-440-4674,부산광역시 동구청,2026-06-25
수정동0573,1,부산광역시 동구 망양로769번길 10,부산광역시 동구 수정동 699-7,35.1318554,129.0414464,,,051-440-4674,부산광역시 동구청,2026-06-25
수정동0574,1,부산광역시 동구 망양로769번길 11,부산광역시 동구 수정동 698-23,35.1319474,129.0413398,,,051-440-4674,부산광역시 동구청,2026-06-25
수정동0575,1,부산광역시 동구 망양로773번길 3,부산광역시 동구 수정동 688-1,35.1320229,129.0417369,,,051-440-4674,부산광역시 동구청,2026-06-25
수정동0576,1,부산광역시 동구 망양로773번길 7-3,부산광역시 동구 수정동 698-19,35.1319966,129.041462,,,051-440-4674,부산광역시 동구청,2026-06-25
수정동0577,1,부산광역시 동구 망양로773번길 4-5,부산광역시 동구 수정동 609-29,35.1323514,129.0418862,,,051-440-4674,부산광역시 동구청,2026-06-25
수정동0578,1,부산광역시 동구 망양로769번길 6,부산광역시 동구 수정동 689-10,35.1318354,129.0415974,,,051-440-4674,부산광역시 동구청,2026-06-25
수정동0579,1,부산광역시 동구 망양로781번길 5,부산광역시 동구 수정동 616-3,35.1324008,129.0421617,,,051-440-4674,부산광역시 동구청,2026-06-25
수정동0580,1,부산광역시 동구 망양로781번길 10,부산광역시 동구 수정동 609-20,35.1325465,129.0419681,,,051-440-4674,부산광역시 동구청,2026-06-25
수정동0581,1,부산광역시 동구 망양로783번길 3,부산광역시 동구 수정동 609-8,35.132854,129.0423403,,,051-440-4674,부산광역시 동구청,2026-06-25
수정동0582,1,부산광역시 동구 수성로 2-1,부산광역시 동구 수정동 609-1,35.1330044,129.0420027,,,051-440-4674,부산광역시 동구청,2026-06-25
수정동0583,1,부산광역시 동구 망양로783번길 13,부산광역시 동구 수정동 609-18,35.132618,129.0420852,,,051-440-4674,부산광역시 동구청,2026-06-25
수정동0584,1,부산광역시 동구 수성남로 28-1,부산광역시 동구 수정동 608-3,35.1327346,129.0418992,,,051-440-4674,부산광역시 동구청,2026-06-25
수정동0585,1,부산광역시 동구 망양로783번길 4-6,부산광역시 동구 수정동 575-11,35.1330923,129.0425268,,,051-440-4674,부산광역시 동구청,2026-06-25
수정동0586,1,부산광역시 동구 수성로 4,부산광역시 동구 수정동 583-10,35.1331458,129.0419905,,,051-440-4674,부산광역시 동구청,2026-06-25
수정동0587,1,부산광역시 동구 수성로 2 뒷길,부산광역시 동구 수정동 583-26,35.1329678,129.0417656,,,051-440-4674,부산광역시 동구청,2026-06-25
수정동0588,1,부산광역시 동구 수성남로 26,부산광역시 동구 수정동 599-86,35.1324526,129.041751,,,051-440-4674,부산광역시 동구청,2026-06-25
수정동0589,1,부산광역시 동구 망양로773번길 10,부산광역시 동구 수정동 607-27,35.132297,129.0416195,,,051-440-4674,부산광역시 동구청,2026-06-25
수정동0590,1,부산광역시 동구 수성남로 20-1,부산광역시 동구 수정동 700-2,35.1321581,129.0413037,,,051-440-4674,부산광역시 동구청,2026-06-25
수정동0591,1,부산광역시 동구 수성남로18,부산광역시 동구 수정동 701-23,35.1320619,129.0409933,,,051-440-4674,부산광역시 동구청,2026-06-25
수정동0592,1,부산광역시 동구 망양로757번길 10-5,부산광역시 동구 수정동 703-30,35.1320672,129.0406217,,,051-440-4674,부산광역시 동구청,2026-06-25
수정동0593,1,부산광역시 동구 수성남로 10,부산광역시 동구 수정동 704-20,35.1320738,129.0401013,,,051-440-4674,부산광역시 동구청,2026-06-25
수정동0594,1,부산광역시 동구 수정공원중로 11,부산광역시 동구 수정동 1105-96,35.131552,129.0394067,,,051-440-4674,부산광역시 동구청,2026-06-25
수정동0597,1,부산광역시 동구 수정공원중로 18-2,부산광역시 동구 수정동 708-52,35.1322502,129.0389952,,,051-440-4674,부산광역시 동구청,2026-06-25
수정동0598,1,부산광역시 동구 수성남로 3-7,부산광역시 동구 수정동 708-54,35.1322108,129.0392536,,,051-440-4674,부산광역시 동구청,2026-06-25
수정동0599,1,부산광역시 동구 수정공원로 70,부산광역시 동구 수정동 707-10,35.1323416,129.0391758,,,051-440-4674,부산광역시 동구청,2026-06-25
수정동0600,1,부산광역시 동구 수정공원로68번길 15,부산광역시 동구 수정동 707-53,35.1323964,129.0395365,,,051-440-4674,부산광역시 동구청,2026-06-25
수정동0601,1,부산광역시 동구 수정공원로68번길16,부산광역시 동구 수정동 707-120,35.1323128,129.039621,,,051-440-4674,부산광역시 동구청,2026-06-25
수정동0602,1,부산광역시 동구 수정공원로 74-1,부산광역시 동구 수정동 707-121,35.1324964,129.0396548,,,051-440-4674,부산광역시 동구청,2026-06-25
수정동0603,1,부산광역시 동구 수정공원중로4번길 20,부산광역시 동구 수정동 706-1,35.132499,129.0399288,,,051-440-4674,부산광역시 동구청,2026-06-25
수정동0604,1,부산광역시 동구 수정공원로 80-4,부산광역시 동구 수정동 706-3,35.132439,129.0400085,,,051-440-4674,부산광역시 동구청,2026-06-25
수정동0605,1,부산광역시 동구 수정공원로 80-6,부산광역시 동구 수정동 706-10,35.1323721,129.040026,,,051-440-4674,부산광역시 동구청,2026-06-25
수정동0606,1,부산광역시 동구 수성남로 15-3,부산광역시 동구 수정동 704-30,35.1322849,129.0407338,,,051-440-4674,부산광역시 동구청,2026-06-25
수정동0607,1,부산광역시 동구 수정공원로 82-1,부산광역시 동구 수정동 600-7,35.1325021,129.0403761,,,051-440-4674,부산광역시 동구청,2026-06-25
수정동0608,1,부산광역시 동구 수성남로13번길 9-3,부산광역시 동구 수정동 600-8,35.1325949,129.0407684,,,051-440-4674,부산광역시 동구청,2026-06-25
수정동0609,1,부산광역시 동구 수성남로13번길 11,부산광역시 동구 수정동 602-25,35.132497,129.0408771,,,051-440-4674,부산광역시 동구청,2026-06-25
수정동0610,1,부산광역시 동구 수성남로 19-8,부산광역시 동구 수정동 604,35.1323414,129.0410842,,,051-440-4674,부산광역시 동구청,2026-06-25
수정동0611,1,부산광역시 동구 수성남로 19-5,부산광역시 동구 수정동 604-2,35.1322956,129.041139,,,051-440-4674,부산광역시 동구청,2026-06-25
수정동0612,1,부산광역시 동구 수성남로13번길 13-1,부산광역시 동구 수정동 602-24,35.13256,129.0409243,,,051-440-4674,부산광역시 동구청,2026-06-25
수정동0614,1,부산광역시 동구 망양로773번길 28,부산광역시 동구 수정동 599-42,35.132987,129.0413067,,,051-440-4674,부산광역시 동구청,2026-06-25
수정동0615,1,부산광역시 동구 망양로773번길 20,부산광역시 동구 수정동 599-57,35.1327543,129.0413121,,,051-440-4674,부산광역시 동구청,2026-06-25
수정동0616,1,부산광역시 동구 수성남로 27-10,부산광역시 동구 수정동 599-2,35.132932,129.0415045,,,051-440-4674,부산광역시 동구청,2026-06-25
수정동0617,1,부산광역시 동구 수성남로 35-4,부산광역시 동구 수정동 597-8,35.1333014,129.0414178,,,051-440-4674,부산광역시 동구청,2026-06-25
수정동0618,1,부산광역시 동구 수성남로 37-3,부산광역시 동구 수정동 597-9,35.1333331,129.0413676,,,051-440-4674,부산광역시 동구청,2026-06-25
수정동0619,1,부산광역시 동구 수성남로 36,부산광역시 동구 수정동 597-2,35.1334509,129.0416821,,,051-440-4674,부산광역시 동구청,2026-06-25
수정동0620,1,부산광역시 동구 수성로11번길 12,부산광역시 동구 수정동 595-10,35.1338946,129.0411876,,,051-440-4674,부산광역시 동구청,2026-06-25
수정동0621,1,부산광역시 동구 수성로11번길 4-7,부산광역시 동구 수정동 595-8,35.1339111,129.0412947,,,051-440-4674,부산광역시 동구청,2026-06-25
수정동0622,1,부산광역시 동구 수성로11번길 4,부산광역시 동구 수정동 595-4,35.1338697,129.0414843,,,051-440-4674,부산광역시 동구청,2026-06-25
수정동0624,1,부산광역시 동구 수성로11번길 4-3,부산광역시 동구 수정동 595-3,35.1339714,129.0414411,,,051-440-4674,부산광역시 동구청,2026-06-25
수정동0625,1,부산광역시 동구 망양로795번길 21,부산광역시 동구 수정동 588-21,35.1340856,129.0413985,,,051-440-4674,부산광역시 동구청,2026-06-25
수정동0626,1,부산광역시 동구 수성로11번길 4-11,부산광역시 동구 수정동 595-7,35.1339921,129.0412254,,,051-440-4674,부산광역시 동구청,2026-06-25
수정동0627,1,부산광역시 동구 수정공원로 104-4,부산광역시 동구 수정동 592-25,35.1341312,129.040969,,,051-440-4674,부산광역시 동구청,2026-06-25
수정동0630,1,부산광역시 동구 망양로795번길 28,부산광역시 동구 수정동 517-27,35.1344278,129.04125,,,051-440-4674,부산광역시 동구청,2026-06-25
수정동0631,1,부산광역시 동구 망양로795번길 26-16,부산광역시 동구 수정동 517-19,35.1346551,129.0414403,,,051-440-4674,부산광역시 동구청,2026-06-25
수정동0632,1,부산광역시 동구 수성로19번길 15-2,부산광역시 동구 수정동 517-15,35.1347274,129.0414668,,,051-440-4674,부산광역시 동구청,2026-06-25
수정동0633,1,부산광역시 동구 수성로19번길 16,부산광역시 동구 수정동 515-2,35.1348182,129.0416092,,,051-440-4674,부산광역시 동구청,2026-06-25
수정동0634,1,부산광역시 동구 수성로19번길 11,부산광역시 동구 수정동 517-4,35.1346207,129.041672,,,051-440-4674,부산광역시 동구청,2026-06-25
수정동0635,1,부산광역시 동구 수성로19번길 7,부산광역시 동구 수정동 517-8,35.1345417,129.0416621,,,051-440-4674,부산광역시 동구청,2026-06-25
수정동0636,1,부산광역시 동구 수성로19번길 18,부산광역시 동구 수정동 515-2,35.1348557,129.0414693,,,051-440-4674,부산광역시 동구청,2026-06-25
수정동0637,1,부산광역시 동구 수성로19번길 20,부산광역시 동구 수정동 515-2,35.1348982,129.0413883,,,051-440-4674,부산광역시 동구청,2026-06-25
수정동0638,1,부산광역시 동구 수성로 15-2,부산광역시 동구 수정동 518-15,35.1341872,129.0418915,,,051-440-4674,부산광역시 동구청,2026-06-25
수정동0639,1,부산광역시 동구 망양로795번길 20,부산광역시 동구 수정동 518-58,35.1341998,129.0415818,,,051-440-4674,부산광역시 동구청,2026-06-25
수정동0640,1,부산광역시 동구 수성로 15-9,부산광역시 동구 수정동 518-32,35.1344032,129.0417711,,,051-440-4674,부산광역시 동구청,2026-06-25
수정동0641,1,부산광역시 동구 수성로19번길 1,부산광역시 동구 수정동 518-13,35.1343322,129.0419092,,,051-440-4674,부산광역시 동구청,2026-06-25
수정동0642,1,부산광역시 동구 망양로 807,부산광역시 동구 수정동 488-3,35.134529,129.0425184,,,051-440-4674,부산광역시 동구청,2026-06-25
수정동0644,1,부산광역시 동구 수정공원로 116,부산광역시 동구 수정동 508-14,35.1351452,129.04164,,,051-440-4674,부산광역시 동구청,2026-06-25
수정동0645,1,부산광역시 동구 수성로21번길 10,부산광역시 동구 수정동 508-19,35.1350227,129.0417624,,,051-440-4674,부산광역시 동구청,2026-06-25
수정동0646,1,부산광역시 동구 수성로23번길 3,부산광역시 동구 수정동 508-8,35.1348597,129.0421016,,,051-440-4674,부산광역시 동구청,2026-06-25
수정동0647,1,부산광역시 동구 수성로23번길 8,부산광역시 동구 수정동 508-52,35.1350497,129.0422597,,,051-440-4674,부산광역시 동구청,2026-06-25
수정동0648,1,부산광역시 동구 수성로23번길 7-5,부산광역시 동구 수정동 508-4,35.1351262,129.0419739,,,051-440-4674,부산광역시 동구청,2026-06-25
수정동0649,1,부산광역시 동구 수성로23번길 10-1,부산광역시 동구 수정동 508-54,35.1352304,129.0423433,,,051-440-4674,부산광역시 동구청,2026-06-25
수정동0650,1,부산광역시 동구 수성로27번길 9,부산광역시 동구 수정동 508-46,35.1351296,129.0424455,,,051-440-4674,부산광역시 동구청,2026-06-25
수정동0651,1,부산광역시 동구 수성로27번길 13,부산광역시 동구 수정동 445-26,35.1353423,129.0425252,,,051-440-4674,부산광역시 동구청,2026-06-25
수정동0652,1,부산광역시 동구 수성로31번길 10,부산광역시 동구 수정동 445-111,35.1354061,129.042756,,,051-440-4674,부산광역시 동구청,2026-06-25
수정동0653,1,부산광역시 동구 수성로31번길 5-1,부산광역시 동구 수정동 508-33,35.1351996,129.0427338,,,051-440-4674,부산광역시 동구청,2026-06-25
수정동0654,1,부산광역시 동구 수성로27번길 7,부산광역시 동구 수정동 508-45,35.1350449,129.0425244,,,051-440-4674,부산광역시 동구청,2026-06-25
수정동0655,1,부산광역시 동구 수성로 27,부산광역시 동구 수정동 508-43,35.1348092,129.0425823,,,051-440-4674,부산광역시 동구청,2026-06-25
수정동0656,1,부산광역시 동구 수성로 22,부산광역시 동구 수정동 519-9,35.1346313,129.0423214,,,051-440-4674,부산광역시 동구청,2026-06-25
수정동0657,1,부산광역시 동구 수성로 29-1,부산광역시 동구 수정동 508-37,35.1350105,129.0428355,,,051-440-4674,부산광역시 동구청,2026-06-25
수정동0658,1,부산광역시 동구 수성로 34,부산광역시 동구 수정동 487-29,35.1350816,129.043226,,,051-440-4674,부산광역시 동구청,2026-06-25
수정동0660,1,부산광역시 동구 망양로809번길 26,부산광역시 동구 수정동 445-18,35.1354982,129.0429995,,,051-440-4674,부산광역시 동구청,2026-06-25
수정동0661,1,부산광역시 동구 수성로37번길 11,부산광역시 동구 수정동 445-142,35.1356078,129.0432842,,,051-440-4674,부산광역시 동구청,2026-06-25
수정동0662,1,부산광역시 동구 수성로37번길 13,부산광역시 동구 수정동 445-86,35.1356175,129.0431998,,,051-440-4674,부산광역시 동구청,2026-06-25
수정동0663,1,부산광역시 동구 수성로37번길 7-6,부산광역시 동구 수정동 445-66,35.1353811,129.0432595,,,051-440-4674,부산광역시 동구청,2026-06-25
수정동0664,1,부산광역시 동구 수성로 35-7,부산광역시 동구 수정동 445-148,35.1353485,129.0432961,,,051-440-4674,부산광역시 동구청,2026-06-25
수정동0665,1,부산광역시 동구 수성로37번길 5,부산광역시 동구 수정동 445-5,35.1354796,129.0434965,,,051-440-4674,부산광역시 동구청,2026-06-25
수정동0666,1,부산광역시 동구 수성로37번길 3,부산광역시 동구 수정동 445-40,35.1354084,129.0435298,,,051-440-4674,부산광역시 동구청,2026-06-25
수정동0667,1,부산광역시 동구 수성로 35,부산광역시 동구 수정동 445-70,35.1352043,129.0432728,,,051-440-4674,부산광역시 동구청,2026-06-25
수정동0668,1,부산광역시 동구 수성로 37-1,부산광역시 동구 수정동 445-58,35.1353414,129.0436512,,,051-440-4674,부산광역시 동구청,2026-06-25
수정동0669,1,부산광역시 동구 수성로 43,부산광역시 동구 수정동 447-2,35.1354637,129.0440556,,,051-440-4674,부산광역시 동구청,2026-06-25
수정동0670,1,부산광역시 동구 수성로 43,부산광역시 동구 수정동 447-1,35.1354637,129.0440556,,,051-440-4674,부산광역시 동구청,2026-06-25
수정동0673,1,부산광역시 동구 수성로41번길 3,부산광역시 동구 수정동 445-44,35.135536,129.0438392,,,051-440-4674,부산광역시 동구청,2026-06-25
수정동0674,1,부산광역시 동구 수성로41번길 12,부산광역시 동구 수정동 443-2,35.1357052,129.0437654,,,051-440-4674,부산광역시 동구청,2026-06-25
수정동0675,1,부산광역시 동구 수성로41번길 14,부산광역시 동구 수정동 444-33,35.1358727,129.0437482,,,051-440-4674,부산광역시 동구청,2026-06-25
수정동0677,1,부산광역시 동구 수성로41번길 6-8,부산광역시 동구 수정동 444-119,35.1359013,129.0438852,,,051-440-4674,부산광역시 동구청,2026-06-25
수정동0678,1,부산광역시 동구 수성로 45,부산광역시 동구 수정동 438-29,35.1356333,129.0444534,,,051-440-4674,부산광역시 동구청,2026-06-25
수정동0679,1,부산광역시 동구 망양로821번길 13-5,부산광역시 동구 수정동 442-10,35.135756,129.044211,,,051-440-4674,부산광역시 동구청,2026-06-25
수정동0680,1,부산광역시 동구 망양로821번길 13,부산광역시 동구 수정동 438-30,35.1358156,129.0445069,,,051-440-4674,부산광역시 동구청,2026-06-25
수정동0681,1,부산광역시 동구 망양로821번길 11,부산광역시 동구 수정동 438-1,35.1357482,129.0445392,,,051-440-4674,부산광역시 동구청,2026-06-25
수정동0682,1,부산광역시 동구 망양로821번길 12-3,부산광역시 동구 수정동 436-6,35.1358867,129.0447572,,,051-440-4674,부산광역시 동구청,2026-06-25
수정동0683,1,부산광역시 동구 망양로821번길 14,부산광역시 동구 수정동 436-119,35.1359203,129.0446309,,,051-440-4674,부산광역시 동구청,2026-06-25
수정동0685,1,부산광역시 동구 망양로833번가길 8,부산광역시 동구 수정동 433-59,35.1360325,129.0451628,,,051-440-4674,부산광역시 동구청,2026-06-25
수정동0686,1,부산광역시 동구 망양로833번가길 6-4,부산광역시 동구 수정동 433-53,35.1361325,129.0451927,,,051-440-4674,부산광역시 동구청,2026-06-25
수정동0687,1,부산광역시 동구 망양로833번길 1,부산광역시 동구 수정동 433-62,35.1359908,129.0454172,,,051-440-4674,부산광역시 동구청,2026-06-25
수정동0688,1,부산광역시 동구 망양로833번가길 4-2,부산광역시 동구 수정동 433-54,35.1361747,129.045311,,,051-440-4674,부산광역시 동구청,2026-06-25
수정동0689,1,부산광역시 동구 수정공원로 150-1,부산광역시 동구 수정동 433-109,35.1363104,129.0449435,,,051-440-4674,부산광역시 동구청,2026-06-25
수정동0690,1,부산광역시 동구 망양로833번길 11,부산광역시 동구 수정동 433-18,35.1364859,129.0454731,,,051-440-4674,부산광역시 동구청,2026-06-25
수정동0691,1,부산광역시 동구 망양로833번가길 2-5,부산광역시 동구 수정동 433-20,35.1363679,129.0453372,,,051-440-4674,부산광역시 동구청,2026-06-25
수정동0692,1,부산광역시 동구 망양로833번가길 2-1,부산광역시 동구 수정동 433-40,35.1362175,129.0453965,,,051-440-4674,부산광역시 동구청,2026-06-25
수정동0693,1,부산광역시 동구 수성로 47,부산광역시 동구 수정동 438-20,35.1356506,129.0445863,,,051-440-4674,부산광역시 동구청,2026-06-25
수정동0694,1,부산광역시 동구 수성로 52,부산광역시 동구 수정동 435-8,35.1356842,129.0450979,,,051-440-4674,부산광역시 동구청,2026-06-25
수정동0695,1,부산광역시 동구 수성로 51-1,부산광역시 동구 수정동 436-2,35.1358474,129.0450346,,,051-440-4674,부산광역시 동구청,2026-06-25
수정동0696,1,부산광역시 동구 망양로 833,부산광역시 동구 수정동 433-64,35.1358028,129.0453572,,,051-440-4674,부산광역시 동구청,2026-06-25
수정동0697,1,부산광역시 동구 망양로833번길 10-1,부산광역시 동구 수정동 433-23,35.136466,129.0456555,,,051-440-4674,부산광역시 동구청,2026-06-25
수정동0698,1,부산광역시 동구 망양로833번길 10-2,부산광역시 동구 수정동 1104-54,35.1364801,129.0457458,,,051-440-4674,부산광역시 동구청,2026-06-25
수정동0699,1,부산광역시 동구 망양로 839-5,부산광역시 동구 수정동 425-13,35.1363329,129.0458726,,,051-440-4674,부산광역시 동구청,2026-06-25
수정동0700,1,부산광역시 동구 망양로846번길 4,부산광역시 동구 수정동 419-31,35.1361548,129.04655,,,051-440-4674,부산광역시 동구청,2026-06-25
수정동0701,1,부산광역시 동구 망양로844번길 19-1,부산광역시 동구 수정동 428-26,35.1354895,129.0461683,,,051-440-4674,부산광역시 동구청,2026-06-25
수정동0702,1,부산광역시 동구 증산로1번길 8,부산광역시 동구 수정동 1105-1,35.1353771,129.0461907,,,051-440-4674,부산광역시 동구청,2026-06-25
수정동0703,1,부산광역시 동구 증산로1번길 6,부산광역시 동구 수정동 1105-1,35.1352507,129.0461746,,,051-440-4674,부산광역시 동구청,2026-06-25
수정동0704,1,부산광역시 동구 망양로844번길 23,부산광역시 동구 수정동 428-32,35.1353614,129.0459477,,,051-440-4674,부산광역시 동구청,2026-06-25
수정동0705,1,부산광역시 동구 망양로844번길 19,부산광역시 동구 수정동 428-25,35.1355361,129.0460242,,,051-440-4674,부산광역시 동구청,2026-06-25
수정동0706,1,부산광역시 동구 망양로844번길 14,부산광역시 동구 수정동 419-22,35.1358143,129.0460308,,,051-440-4674,부산광역시 동구청,2026-06-25
수정동0707,1,부산광역시 동구 망양로 842,부산광역시 동구 수정동 420-4,35.1361165,129.0463192,,,051-440-4674,부산광역시 동구청,2026-06-25
수정동0708,1,부산광역시 동구 망양로 830,부산광역시 동구 수정동 427-39,35.1355245,129.0456921,,,051-440-4674,부산광역시 동구청,2026-06-25
수정동0709,1,부산광역시 동구 진성로 96-9,부산광역시 동구 수정동 427-30,35.135825,129.0458344,,,051-440-4674,부산광역시 동구청,2026-06-25
수정동0711,1,부산광역시 동구 수성로 44,부산광역시 동구 수정동 447-5,35.1354585,129.0443221,,,051-440-4674,부산광역시 동구청,2026-06-25
수정동0712,1,부산광역시 동구 망양로813번길 4,부산광역시 동구 수정동 448-12,35.1350616,129.0438964,,,051-440-4674,부산광역시 동구청,2026-06-25
수정동0713,1,부산광역시 동구 망양로813번길 8,부산광역시 동구 수정동 448-10,35.1351325,129.0438113,,,051-440-4674,부산광역시 동구청,2026-06-25
수정동0714,1,부산광역시 동구 망양로813번길 7-5,부산광역시 동구 수정동 487-23,35.135042,129.0435533,,,051-440-4674,부산광역시 동구청,2026-06-25
수정동0715,1,부산광역시 동구 진성로28번가길 18,부산광역시 동구 수정동 487-92,35.13113,129.0477772,,,051-440-4674,부산광역시 동구청,2026-06-25
수정동0716,1,부산광역시 동구 망양로 813-3,부산광역시 동구 수정동 487-86,35.1348522,129.0437054,,,051-440-4674,부산광역시 동구청,2026-06-25
수정동0717,1,부산광역시 동구 망양로 811,부산광역시 동구 수정동 487-84,35.1348222,129.0435368,,,051-440-4674,부산광역시 동구청,2026-06-25
수정동0718,1,부산광역시 동구 망양로793번길 4,부산광역시 동구 수정동 580-18,35.13376,129.0421965,,,051-440-4674,부산광역시 동구청,2026-06-25
수정동0719,1,부산광역시 동구 망양로795번길 4-3,부산광역시 동구 수정동 518-37,35.1340029,129.0422527,,,051-440-4674,부산광역시 동구청,2026-06-25
수정동0720,1,부산광역시 동구 망양로795번길 4-7,부산광역시 동구 수정동 518-18,35.1341564,129.0421167,,,051-440-4674,부산광역시 동구청,2026-06-25
수정동0721,1,부산광역시 동구 망양로795번길 5-4,부산광역시 동구 수정동 586-1,35.1338935,129.042004,,,051-440-4674,부산광역시 동구청,2026-06-25
수정동0722,1,부산광역시 동구 수성로 14,부산광역시 동구 수정동 586-4,35.1339173,129.0418509,,,051-440-4674,부산광역시 동구청,2026-06-25
수정동0723,1,부산광역시 동구 망양로793번길 6-4,부산광역시 동구 수정동 580-22,35.1337056,129.0421097,,,051-440-4674,부산광역시 동구청,2026-06-25
수정동0724,1,부산광역시 동구 수정공원로 71-8,부산광역시 동구 수정동 707-37,35.1325795,129.0390595,,,051-440-4674,부산광역시 동구청,2026-06-25
수정동0725,1,부산광역시 동구 수정공원로 77-6,부산광역시 동구 수정동 707-6,35.1327261,129.0396875,,,051-440-4674,부산광역시 동구청,2026-06-25
수정동0726,1,부산광역시 동구 수정공원로 91-3,부산광역시 동구 수정동 600-35,35.1331379,129.0403708,,,051-440-4674,부산광역시 동구청,2026-06-25
수정동0727,1,부산광역시 동구 수정공원로 91-7,부산광역시 동구 수정동 593-14,35.133385,129.0403897,,,051-440-4674,부산광역시 동구청,2026-06-25
수정동0728,1,부산광역시 동구 수정공원로 91-7,부산광역시 동구 수정동 593-14,35.133385,129.0403897,,,051-440-4674,부산광역시 동구청,2026-06-25
수정동0729,1,부산광역시 동구 수정공원로 97-3,부산광역시 동구 수정동 592-19,35.1339319,129.0405183,,,051-440-4674,부산광역시 동구청,2026-06-25
수정동0730,1,부산광역시 동구 수정공원로 99-11,부산광역시 동구 수정동 590-7,35.1341428,129.0403529,,,051-440-4674,부산광역시 동구청,2026-06-25
수정동0731,1,부산광역시 동구 수정공원로 103-7,부산광역시 동구 수정동 591-1,35.1342913,129.0405037,,,051-440-4674,부산광역시 동구청,2026-06-25
수정동0732,1,부산광역시 동구 수정공원로105번길 5-1,부산광역시 동구 수정동 588-34,35.1344853,129.0405216,,,051-440-4674,부산광역시 동구청,2026-06-25
수정동0733,1,부산광역시 동구 수정공원로105번길 6,부산광역시 동구 수정동 512-2,35.1346468,129.0408214,,,051-440-4674,부산광역시 동구청,2026-06-25
수정동0734,1,부산광역시 동구 수정공원로105번길 9,부산광역시 동구 수정동 588-22,35.1346019,129.0404191,,,051-440-4674,부산광역시 동구청,2026-06-25
수정동0735,1,부산광역시 동구 수정공원로105번길 10-3,부산광역시 동구 수정동 513-42,35.1348222,129.0404459,,,051-440-4674,부산광역시 동구청,2026-06-25
수정동0736,1,부산광역시 동구 수정공원로105번길 16,부산광역시 동구 수정동 513-46,35.1350331,129.040238,,,051-440-4674,부산광역시 동구청,2026-06-25
수정동0737,1,부산광역시 동구 수정공원로105번길 20,부산광역시 동구 수정동 산17-125,35.1349717,129.0399628,,,051-440-4674,부산광역시 동구청,2026-06-25
수정동0738,1,부산광역시 동구 수정공원로105번길 26-4,부산광역시 동구 수정동 513-47,35.1350902,129.0397919,,,051-440-4674,부산광역시 동구청,2026-06-25
수정동0739,1,부산광역시 동구 수정공원로105번길 41,부산광역시 동구 수정동 589-5,35.1349235,129.0391369,,,051-440-4674,부산광역시 동구청,2026-06-25
수정동0740,1,부산광역시 동구 수정공원로105번길 41,부산광역시 동구 수정동 589-5,35.1349235,129.0391369,,,051-440-4674,부산광역시 동구청,2026-06-25
수정동0741,1,부산광역시 동구 수정공원로105번길 28-9,부산광역시 동구 수정동 499-5,35.1355307,129.0396967,,,051-440-4674,부산광역시 동구청,2026-06-25
수정동0743,1,부산광역시 동구 수정공원로113번길 6,부산광역시 동구 수정동 502-2,35.1353645,129.0411762,,,051-440-4674,부산광역시 동구청,2026-06-25
수정동0744,1,부산광역시 동구 수정공원로113번길 12,부산광역시 동구 수정동 501-4,35.1355082,129.0409239,,,051-440-4674,부산광역시 동구청,2026-06-25
수정동0745,1,부산광역시 동구 수정공원로113번길 15,부산광역시 동구 수정동 512-1,35.1355412,129.0405792,,,051-440-4674,부산광역시 동구청,2026-06-25
수정동0747,1,부산광역시 동구 수정공원로115번길 5,부산광역시 동구 수정동 504,35.1354593,129.0412618,,,051-440-4674,부산광역시 동구청,2026-06-25
수정동0748,1,부산광역시 동구 수정공원로115번길 11,부산광역시 동구 수정동 507-67,35.1356211,129.0413893,,,051-440-4674,부산광역시 동구청,2026-06-25
수정동0749,1,부산광역시 동구 수정공원로115번길 11-4,부산광역시 동구 수정동 507-62,35.1356162,129.0412003,,,051-440-4674,부산광역시 동구청,2026-06-25
수정동0750,1,부산광역시 동구 수정공원로 123,부산광역시 동구 수정동 489-8,35.1355216,129.0421637,,,051-440-4674,부산광역시 동구청,2026-06-25
수정동0751,1,부산광역시 동구 수정공원로121번길 3,부산광역시 동구 수정동 489-15,35.135498,129.0418188,,,051-440-4674,부산광역시 동구청,2026-06-25
수정동0752,1,부산광역시 동구 수정공원로 119,부산광역시 동구 수정동 507,35.1353222,129.0417101,,,051-440-4674,부산광역시 동구청,2026-06-25
수정동0753,1,부산광역시 동구 수정공원로121번길 11,부산광역시 동구 수정동 507-46,35.1358238,129.041584,,,051-440-4674,부산광역시 동구청,2026-06-25
수정동0754,1,부산광역시 동구 수정공원로121번길 8-6,부산광역시 동구 수정동 490-6,35.1357524,129.0422462,,,051-440-4674,부산광역시 동구청,2026-06-25
수정동0755,1,부산광역시 동구 수정공원로 103-8,부산광역시 동구 수정동 588-34,35.1344186,129.04039,,,051-440-4674,부산광역시 동구청,2026-06-25
수정동0756,1,부산광역시 동구 수정공원로 99-7,부산광역시 동구 수정동 590,35.1339917,129.0403128,,,051-440-4674,부산광역시 동구청,2026-06-25
수정동0757,1,부산광역시 동구 수정공원로 99-12,부산광역시 동구 수정동 590-6,35.1342893,129.0403969,,,051-440-4674,부산광역시 동구청,2026-06-25
수정동0758,1,부산광역시 동구 수정공원로 99-7,부산광역시 동구 수정동 590,35.1339917,129.0403128,,,051-440-4674,부산광역시 동구청,2026-06-25
수정동0759,1,부산광역시 동구 수정공원로125번길 6,부산광역시 동구 수정동 492-2,35.1357972,129.0425182,,,051-440-4674,부산광역시 동구청,2026-06-25
수정동0760,1,부산광역시 동구 수정공원로125번길 7,부산광역시 동구 수정동 495-22,35.1358622,129.0423958,,,051-440-4674,부산광역시 동구청,2026-06-25
수정동0761,1,부산광역시 동구 수정공원로125번길 14,부산광역시 동구 수정동 493-23,35.1361308,129.0426068,,,051-440-4674,부산광역시 동구청,2026-06-25
수정동0762,1,부산광역시 동구 수정공원로129번길 7,부산광역시 동구 수정동 493-7,35.1359926,129.0427192,,,051-440-4674,부산광역시 동구청,2026-06-25
수정동0763,1,부산광역시 동구 수정공원로129번길 5,부산광역시 동구 수정동 493-28,35.1358739,129.0427447,,,051-440-4674,부산광역시 동구청,2026-06-25
수정동0764,1,부산광역시 동구 수정공원로129번길 10,부산광역시 동구 수정동 494,35.1362093,129.0429879,,,051-440-4674,부산광역시 동구청,2026-06-25
수정동0766,1,부산광역시 동구 수정공원로 135-15,부산광역시 동구 수정동 444-47,35.1360733,129.043229,,,051-440-4674,부산광역시 동구청,2026-06-25
수정동0767,1,부산광역시 동구 수정공원로 135-19,부산광역시 동구 수정동 444-50,35.1361673,129.0433972,,,051-440-4674,부산광역시 동구청,2026-06-25
수정동0768,1,부산광역시 동구 수정공원로 135-8,부산광역시 동구 수정동 444-74,35.1363332,129.0434465,,,051-440-4674,부산광역시 동구청,2026-06-25
수정동0769,1,부산광역시 동구 수정공원로 143,부산광역시 동구 수정동 441,35.136169,129.0439489,,,051-440-4674,부산광역시 동구청,2026-06-25
수정동0770,1,부산광역시 동구 수정공원로 143,부산광역시 동구 수정동 441,35.136169,129.0439489,,,051-440-4674,부산광역시 동구청,2026-06-25
수정동0771,1,부산광역시 동구 수정공원로 143,부산광역시 동구 수정동 441,35.136169,129.0439489,,,051-440-4674,부산광역시 동구청,2026-06-25
수정동0773,1,부산광역시 동구 수정공원로 145,부산광역시 동구 수정동 440,35.1363948,129.0446517,,,051-440-4674,부산광역시 동구청,2026-06-25
수정동0774,1,부산광역시 동구 수정공원로 145,부산광역시 동구 수정동 440,35.1363948,129.0446517,,,051-440-4674,부산광역시 동구청,2026-06-25
수정동0775,1,부산광역시 동구 수정공원로149번길 8,부산광역시 동구 수정동 436-87,35.1367466,129.04501,,,051-440-4674,부산광역시 동구청,2026-06-25
수정동0776,1,부산광역시 동구 수정공원로 148,부산광역시 동구 수정동 436-27,35.1362622,129.0447643,,,051-440-4674,부산광역시 동구청,2026-06-25
수정동0777,1,부산광역시 동구 망양로821번길17-4,부산광역시 동구 수정동 436-105,35.136017,129.0443164,,,051-440-4674,부산광역시 동구청,2026-06-25
수정동0778,1,부산광역시 동구 수정공원북로3번길 6,부산광역시 동구 수정동 426-15,35.1370208,129.0454564,,,051-440-4674,부산광역시 동구청,2026-06-25
수정동0779,1,부산광역시 동구 수정공원로149번길 15,부산광역시 동구 수정동 426-37,35.1369692,129.0450846,,,051-440-4674,부산광역시 동구청,2026-06-25
수정동0780,1,부산광역시 동구 수정공원북로3번길 11,부산광역시 동구 수정동 440-3,35.1371162,129.0451574,,,051-440-4674,부산광역시 동구청,2026-06-25
수정동0782,1,부산광역시 동구 수정공원북로 3번길16-5,부산광역시 동구 수정동 410-40,35.1374763,129.0452505,,,051-440-4674,부산광역시 동구청,2026-06-25
수정동0783,1,부산광역시 동구 수정공원북로 7-6,부산광역시 동구 수정동 410-103,35.1372516,129.0458626,,,051-440-4674,부산광역시 동구청,2026-06-25
수정동0784,1,부산광역시 동구 수정공원북로 7,부산광역시 동구 수정동 410-111,35.1371058,129.0456824,,,051-440-4674,부산광역시 동구청,2026-06-25
수정동0785,1,부산광역시 동구 수정공원북로11번길 8,부산광역시 동구 수정동 410-90,35.1375381,129.0459822,,,051-440-4674,부산광역시 동구청,2026-06-25
수정동0786,1,부산광역시 동구 수정공원북로11번길 9,부산광역시 동구 수정동 410-87,35.1374938,129.045789,,,051-440-4674,부산광역시 동구청,2026-06-25
수정동0787,1,부산광역시 동구 수정공원북로11번길 15,부산광역시 동구 수정동 410-72,35.1378231,129.0458132,,,051-440-4674,부산광역시 동구청,2026-06-25
수정동0788,1,부산광역시 동구 수정공원북로11번길 20,부산광역시 동구 수정동 410-51,35.1379257,129.0461183,,,051-440-4674,부산광역시 동구청,2026-06-25
수정동0789,1,부산광역시 동구 수정공원북로17번길 5,부산광역시 동구 수정동 410-53,35.1378164,129.046345,,,051-440-4674,부산광역시 동구청,2026-06-25
수정동0790,1,부산광역시 동구 수정공원북로23번길 14,부산광역시 동구 수정동 410-23,35.1380995,129.0464094,,,051-440-4674,부산광역시 동구청,2026-06-25
수정동0791,1,부산광역시 동구 수정공원북로23번길 8,부산광역시 동구 수정동 410-7,35.1383198,129.0466545,,,051-440-4674,부산광역시 동구청,2026-06-25
수정동0792,1,부산광역시 동구 수정공원북로17번길 3,부산광역시 동구 수정동 410-54,35.1377644,129.046436,,,051-440-4674,부산광역시 동구청,2026-06-25
수정동0793,1,부산광역시 동구 수정공원북로 15-4,부산광역시 동구 수정동 410-131,35.137636,129.0462881,,,051-440-4674,부산광역시 동구청,2026-06-25
수정동0794,1,부산광역시 동구 수정공원북로 21-5,부산광역시 동구 수정동 410-19,35.1379884,129.0466131,,,051-440-4674,부산광역시 동구청,2026-06-25
수정동0795,1,부산광역시 동구 수정공원북로 24,부산광역시 동구 수정동 404-3,35.1380036,129.0470735,,,051-440-4674,부산광역시 동구청,2026-06-25
수정동0796,1,부산광역시 동구 망양로859번길 4,부산광역시 동구 수정동 407-6,35.1375408,129.0474265,,,051-440-4674,부산광역시 동구청,2026-06-25
수정동0797,1,부산광역시 동구 망양로859번길 6-8,부산광역시 동구 수정동 404-2,35.1378413,129.0473623,,,051-440-4674,부산광역시 동구청,2026-06-25
수정동0798,1,부산광역시 동구 망양로859번길 8,부산광역시 동구 수정동 406-12,35.1375903,129.047215,,,051-440-4674,부산광역시 동구청,2026-06-25
수정동0800,1,부산광역시 동구 망양로859번길 5-7,부산광역시 동구 수정동 408-45,35.1372364,129.047118,,,051-440-4674,부산광역시 동구청,2026-06-25
수정동0801,1,부산광역시 동구 망양로859번길 5-10,부산광역시 동구 수정동 408-47,35.13723,129.0469267,,,051-440-4674,부산광역시 동구청,2026-06-25
수정동0802,1,부산광역시 동구 망양로847번길 25,부산광역시 동구 수정동 408-28,35.1374477,129.0469408,,,051-440-4674,부산광역시 동구청,2026-06-25
수정동0803,1,부산광역시 동구 망양로847번길 21,부산광역시 동구 수정동 408-31,35.1372778,129.0468135,,,051-440-4674,부산광역시 동구청,2026-06-25
수정동0804,1,부산광역시 동구 망양로847번길 21-5,부산광역시 동구 수정동 408-33,35.1373383,129.0466624,,,051-440-4674,부산광역시 동구청,2026-06-25
수정동0805,1,부산광역시 동구 수정공원로163번길 16,부산광역시 동구 수정동 409,35.1371473,129.0464887,,,051-440-4674,부산광역시 동구청,2026-06-25
수정동0806,1,부산광역시 동구 수정공원로163번길 12,부산광역시 동구 수정동 412-6,35.1370046,129.0463685,,,051-440-4674,부산광역시 동구청,2026-06-25
수정동0807,1,부산광역시 동구 수정공원로163번길 10,부산광역시 동구 수정동 412-9,35.1368753,129.0464583,,,051-440-4674,부산광역시 동구청,2026-06-25
수정동0808,1,부산광역시 동구 수정공원로161번길 8,부산광역시 동구 수정동 412-13,35.1368507,129.0463594,,,051-440-4674,부산광역시 동구청,2026-06-25
수정동0809,1,부산광역시 동구 망양로847번길 16,부산광역시 동구 수정동 408-12,35.1370055,129.0468429,,,051-440-4674,부산광역시 동구청,2026-06-25
수정동0810,1,부산광역시 동구 망양로847번길 9,부산광역시 동구 수정동 413-2,35.1368681,129.0466052,,,051-440-4674,부산광역시 동구청,2026-06-25
수정동0811,1,부산광역시 동구 망양로847번길 5,부산광역시 동구 수정동 416-10,35.1366358,129.0466545,,,051-440-4674,부산광역시 동구청,2026-06-25
수정동0812,1,부산광역시 동구 망양로847번길 3,부산광역시 동구 수정동 416-18,35.1365526,129.0466794,,,051-440-4674,부산광역시 동구청,2026-06-25
수정동0813,1,부산광역시 동구 망양로859번길 9-3,부산광역시 동구 수정동 408-40,35.1374537,129.0468528,,,051-440-4674,부산광역시 동구청,2026-06-25
수정동0815,1,부산광역시 동구 망양로859번길 1-6,부산광역시 동구 수정동 408-39,35.1372924,129.0472668,,,051-440-4674,부산광역시 동구청,2026-06-25
수정동0816,1,부산광역시 동구 망양로 855-4,부산광역시 동구 수정동 417-1,35.1371928,129.0473052,,,051-440-4674,부산광역시 동구청,2026-06-25
수정동0817,1,부산광역시 동구 망양로 851-5,부산광역시 동구 수정동 417-9,35.1369756,129.0470177,,,051-440-4674,부산광역시 동구청,2026-06-25
수정동0818,1,부산광역시 동구 수정공원로163번길 5,부산광역시 동구 수정동 414-1,35.1367929,129.0463396,,,051-440-4674,부산광역시 동구청,2026-06-25
수정동0819,1,부산광역시 동구 수정공원북로 10-1,부산광역시 동구 수정동 424-1,35.1371156,129.0461668,,,051-440-4674,부산광역시 동구청,2026-06-25
수정동0820,1,부산광역시 동구 망양로821번길 4,부산광역시 동구 수정동 438-16,35.1354467,129.044788,,,051-440-4674,부산광역시 동구청,2026-06-25
수정동0821,1,부산광역시 동구 망양로815번길 8-1,부산광역시 동구 수정동 447-26,35.135362,129.0441294,,,051-440-4674,부산광역시 동구청,2026-06-25
수정동0822,1,부산광역시 동구 진성로 83,부산광역시 동구 수정동 431-3,35.1348144,129.0450099,,,051-440-4674,부산광역시 동구청,2026-06-25
수정동0823,1,부산광역시 동구 망양로828번길 15,부산광역시 동구 수정동 430-30,35.1347526,129.0452543,,,051-440-4674,부산광역시 동구청,2026-06-25
수정동0824,1,부산광역시 동구 망양로828번길 9,부산광역시 동구 수정동 427-46,35.1350346,129.0453038,,,051-440-4674,부산광역시 동구청,2026-06-25
수정동0825,1,부산광역시 동구 망양로828번길 11-4,부산광역시 동구 수정동 430-36,35.1349663,129.0454278,,,051-440-4674,부산광역시 동구청,2026-06-25
수정동0826,1,부산광역시 동구 망양로828번길 5,부산광역시 동구 수정동 427-43,35.1351694,129.0453906,,,051-440-4674,부산광역시 동구청,2026-06-25
수정동0827,1,부산광역시 동구 망양로828번길 10-5,부산광역시 동구 수정동 431-7,35.1351449,129.0449569,,,051-440-4674,부산광역시 동구청,2026-06-25
수정동0828,1,부산광역시 동구 망양로822번길 12,부산광역시 동구 수정동 449-8,35.1347235,129.0447846,,,051-440-4674,부산광역시 동구청,2026-06-25
수정동0829,1,부산광역시 동구 망양로822번길 3,부산광역시 동구 수정동 431-9,35.1350973,129.0448325,,,051-440-4674,부산광역시 동구청,2026-06-25
수정동0830,1,부산광역시 동구 진성로 81,부산광역시 동구 수정동 449-10,35.134597,129.0447949,,,051-440-4674,부산광역시 동구청,2026-06-25
수정동0831,1,부산광역시 동구 망양로816번길 14,부산광역시 동구 수정동 449-53,35.1345594,129.0445139,,,051-440-4674,부산광역시 동구청,2026-06-25
수정동0832,1,부산광역시 동구 망양로816번길 9,부산광역시 동구 수정동 449-30,35.1348139,129.0445841,,,051-440-4674,부산광역시 동구청,2026-06-25
수정동0833,1,부산광역시 동구 망양로816번길 3,부산광역시 동구 수정동 449-36,35.1348495,129.0443507,,,051-440-4674,부산광역시 동구청,2026-06-25
수정동0834,1,부산광역시 동구 진성로 75-2,부산광역시 동구 수정동 451-26,35.1340974,129.0443797,,,051-440-4674,부산광역시 동구청,2026-06-25
수정동0835,1,부산광역시 동구 진성로75번길 2,부산광역시 동구 수정동 485-5,35.1341832,129.0441945,,,051-440-4674,부산광역시 동구청,2026-06-25
수정동0836,1,부산광역시 동구 망양로808번길 10,부산광역시 동구 수정동 486-3,35.1342711,129.0440255,,,051-440-4674,부산광역시 동구청,2026-06-25
수정동0837,1,부산광역시 동구 망양로808번길 11,부산광역시 동구 수정동 487-47,35.1343409,129.0441587,,,051-440-4674,부산광역시 동구청,2026-06-25
수정동0838,1,부산광역시 동구 망양로808번길 7-1,부산광역시 동구 수정동 487-4,35.1344716,129.0438716,,,051-440-4674,부산광역시 동구청,2026-06-25
수정동0839,1,부산광역시 동구 망양로 812,부산광역시 동구 수정동 487-99,35.1346705,129.0439372,,,051-440-4674,부산광역시 동구청,2026-06-25
수정동0840,1,부산광역시 동구 망양로808번길 8,부산광역시 동구 수정동 525-51,35.1342346,129.0439506,,,051-440-4674,부산광역시 동구청,2026-06-25
수정동0841,1,부산광역시 동구 망양로808번길 7,부산광역시 동구 수정동 487-12,35.1343857,129.0439036,,,051-440-4674,부산광역시 동구청,2026-06-25
수정동0842,1,부산광역시 동구 망양로806번길 1,부산광역시 동구 수정동 525-43,35.1342974,129.0436965,,,051-440-4674,부산광역시 동구청,2026-06-25
수정동0843,1,부산광역시 동구 망양로 806-1,부산광역시 동구 수정동 525-118,35.1342489,129.043545,,,051-440-4674,부산광역시 동구청,2026-06-25
수정동0844,1,부산광역시 동구 진성로 73-1,부산광역시 동구 수정동 451-30,35.1339796,129.0445809,,,051-440-4674,부산광역시 동구청,2026-06-25
수정동0845,1,부산광역시 동구 진성로 69-1,부산광역시 동구 수정동 453-3,35.1337945,129.0449209,,,051-440-4674,부산광역시 동구청,2026-06-25
수정동0846,1,부산광역시 동구 진성로 67,부산광역시 동구 수정동 453-3,35.1336096,129.0452446,,,051-440-4674,부산광역시 동구청,2026-06-25
수정동0847,1,부산광역시 동구 진성로70번길 6,부산광역시 동구 수정동 453-51,35.1340215,129.0452812,,,051-440-4674,부산광역시 동구청,2026-06-25
수정동0848,1,부산광역시 동구 진성로70번길 11,부산광역시 동구 수정동 453-1,35.1343096,129.0454177,,,051-440-4674,부산광역시 동구청,2026-06-25
수정동0849,1,부산광역시 동구 진성로 74-4,부산광역시 동구 수정동 451-12,35.1341198,129.0449045,,,051-440-4674,부산광역시 동구청,2026-06-25
수정동0850,1,부산광역시 동구 진성로 72-9,부산광역시 동구 수정동 451-4,35.1344018,129.0449302,,,051-440-4674,부산광역시 동구청,2026-06-25
수정동0851,1,부산광역시 동구 진성로 82,부산광역시 동구 수정동 451-7,35.1343709,129.0447979,,,051-440-4674,부산광역시 동구청,2026-06-25
수정동0852,1,부산광역시 동구 진성로47번길 6,부산광역시 동구 수정동 461-3,35.1325951,129.0458195,,,051-440-4674,부산광역시 동구청,2026-06-25
수정동0853,1,부산광역시 동구 진성로47번길 9,부산광역시 동구 수정동 463-70,35.1326054,129.045588,,,051-440-4674,부산광역시 동구청,2026-06-25
수정동0855,1,부산광역시 동구 진성로47번길 14-1,부산광역시 동구 수정동 460-12,35.1327511,129.0454306,,,051-440-4674,부산광역시 동구청,2026-06-25
수정동0857,1,부산광역시 동구 진성로71번길 28,부산광역시 동구 수정동 463-57,35.1326338,129.0450387,,,051-440-4674,부산광역시 동구청,2026-06-25
수정동0858,1,부산광역시 동구 진성로65번길14,부산광역시 동구 수정동 456-1,35.1331034,129.0452558,,,051-440-4674,부산광역시 동구청,2026-06-25
수정동0859,1,부산광역시 동구 진성로71번가길 17,부산광역시 동구 수정동 453-32,35.1331465,129.0451018,,,051-440-4674,부산광역시 동구청,2026-06-25
수정동0860,1,부산광역시 동구 진성로71번가길 11,부산광역시 동구 수정동 453-22,35.1334256,129.0450266,,,051-440-4674,부산광역시 동구청,2026-06-25
수정동0861,1,부산광역시 동구 진성로71번가길 5,부산광역시 동구 수정동 453-13,35.1336507,129.0449558,,,051-440-4674,부산광역시 동구청,2026-06-25
수정동0862,1,부산광역시 동구 진성로71번길 5,부산광역시 동구 수정동 482-1,35.133713,129.044802,,,051-440-4674,부산광역시 동구청,2026-06-25
수정동0863,1,부산광역시 동구 진성로75번나길 13,부산광역시 동구 수정동 525-84,35.1334709,129.0446028,,,051-440-4674,부산광역시 동구청,2026-06-25
수정동0865,1,부산광역시 동구 진성로71번가길 16,부산광역시 동구 수정동 479-3,35.1331419,129.0449898,,,051-440-4674,부산광역시 동구청,2026-06-25
수정동0866,1,부산광역시 동구 진성로 73,부산광역시 동구 수정동 452-4,35.1339016,129.0446355,,,051-440-4674,부산광역시 동구청,2026-06-25
수정동0867,1,부산광역시 동구 진성로75번길 4,부산광역시 동구 수정동 485-7,35.1340913,129.0441984,,,051-440-4674,부산광역시 동구청,2026-06-25
수정동0868,1,부산광역시 동구 진성로75번길 8,부산광역시 동구 수정동 484-2,35.1339689,129.0441827,,,051-440-4674,부산광역시 동구청,2026-06-25
수정동0869,1,부산광역시 동구 진성로75번길 10,부산광역시 동구 수정동 525-57,35.1338961,129.0441901,,,051-440-4674,부산광역시 동구청,2026-06-25
수정동0870,1,부산광역시 동구 망양로806번길 12,부산광역시 동구 수정동 525-60,35.1339305,129.043888,,,051-440-4674,부산광역시 동구청,2026-06-25
수정동0871,1,부산광역시 동구 망양로806번길 10,부산광역시 동구 수정동 525-32,35.1340192,129.043762,,,051-440-4674,부산광역시 동구청,2026-06-25
수정동0872,1,부산광역시 동구 망양로806번가길 3,부산광역시 동구 수정동 525-61,35.1339367,129.0438111,,,051-440-4674,부산광역시 동구청,2026-06-25
수정동0873,1,부산광역시 동구 망양로806번가길 8,부산광역시 동구 수정동 525-29,35.1340016,129.0435099,,,051-440-4674,부산광역시 동구청,2026-06-25
수정동0874,1,부산광역시 동구 망양로802번길 11,부산광역시 동구 수정동 525,35.1338727,129.0433217,,,051-440-4674,부산광역시 동구청,2026-06-25
수정동0875,1,부산광역시 동구 망양로802번길 11,부산광역시 동구 수정동 525-24,35.1338727,129.0433217,,,051-440-4674,부산광역시 동구청,2026-06-25
수정동0876,1,부산광역시 동구 망양로802번길 8,부산광역시 동구 수정동 523-23,35.1338564,129.0431612,,,051-440-4674,부산광역시 동구청,2026-06-25
수정동0877,1,부산광역시 동구 망양로802번길 14,부산광역시 동구 수정동 523-43,35.1336744,129.0433731,,,051-440-4674,부산광역시 동구청,2026-06-25
수정동0878,1,부산광역시 동구 진성로75번길 20-5,부산광역시 동구 수정동 525-8,35.1338056,129.0434792,,,051-440-4674,부산광역시 동구청,2026-06-25
수정동0879,1,부산광역시 동구 수정북로34번길 15,부산광역시 동구 수정동 525-70,35.1337301,129.0438959,,,051-440-4674,부산광역시 동구청,2026-06-25
수정동0880,1,부산광역시 동구 수정북로 42-2,부산광역시 동구 수정동 528-6,35.133383,129.0431984,,,051-440-4674,부산광역시 동구청,2026-06-25
수정동0881,1,부산광역시 동구 수정북로46번길 4-2,부산광역시 동구 수정동 528-8,35.133339,129.0433002,,,051-440-4674,부산광역시 동구청,2026-06-25
수정동0882,1,부산광역시 동구 수정북로 46,부산광역시 동구 수정동 523-41,35.1336706,129.0431241,,,051-440-4674,부산광역시 동구청,2026-06-25
수정동0883,1,부산광역시 동구 망양로 798-4,부산광역시 동구 수정동 523-33,35.1338349,129.0428455,,,051-440-4674,부산광역시 동구청,2026-06-25
수정동0886,1,부산광역시 동구 수정중로37번길 4,부산광역시 동구 수정동 469-22,35.1317947,129.0453482,,,051-440-4674,부산광역시 동구청,2026-06-25
수정동0887,1,부산광역시 동구 수정중로37번길 12,부산광역시 동구 수정동 470-7,35.1319597,129.044993,,,051-440-4674,부산광역시 동구청,2026-06-25
수정동0888,1,부산광역시 동구 수정중로37번길 12-5,부산광역시 동구 수정동 471-40,35.1321276,129.0450542,,,051-440-4674,부산광역시 동구청,2026-06-25
수정동0889,1,부산광역시 동구 수정중로37번길 16,부산광역시 동구 수정동 470-17,35.1320436,129.0447951,,,051-440-4674,부산광역시 동구청,2026-06-25
수정동0890,1,부산광역시 동구 수정중로37번길 15,부산광역시 동구 수정동 537-18,35.1319794,129.0446792,,,051-440-4674,부산광역시 동구청,2026-06-25
수정동0891,1,부산광역시 동구 수정중로37번길 5-2,부산광역시 동구 수정동 540-5,35.1316182,129.0451099,,,051-440-4674,부산광역시 동구청,2026-06-25
수정동0892,1,부산광역시 동구 수정북로34번길 54,부산광역시 동구 수정동 537-3,35.1321959,129.0445668,,,051-440-4674,부산광역시 동구청,2026-06-25
수정동0893,1,부산광역시 동구 수정북로34번길 42-5,부산광역시 동구 수정동 537-4,35.1324205,129.0444156,,,051-440-4674,부산광역시 동구청,2026-06-25
수정동0894,1,부산광역시 동구 수정북로34번길 46,부산광역시 동구 수정동 535-2,35.1325625,129.0443084,,,051-440-4674,부산광역시 동구청,2026-06-25
수정동0895,1,부산광역시 동구 수정북로34번길 34,부산광역시 동구 수정동 527-18,35.1330125,129.0441064,,,051-440-4674,부산광역시 동구청,2026-06-25
수정동0896,1,부산광역시 동구 수정북로46번길 21,부산광역시 동구 수정동 526-7,35.133266,129.0441067,,,051-440-4674,부산광역시 동구청,2026-06-25
수정동0897,1,부산광역시 동구 수정북로34번길 31-1,부산광역시 동구 수정동 476-3,35.133152,129.0442786,,,051-440-4674,부산광역시 동구청,2026-06-25
수정동0898,1,부산광역시 동구 수정북로34번길 31-3,부산광역시 동구 수정동 477-27,35.133086,129.0443337,,,051-440-4674,부산광역시 동구청,2026-06-25
수정동0899,1,부산광역시 동구 수정북로34번가길 11,부산광역시 동구 수정동 477-33,35.1330624,129.0445998,,,051-440-4674,부산광역시 동구청,2026-06-25
수정동0900,1,부산광역시 동구 수정북로34번가길 17,부산광역시 동구 수정동 473-1,35.1328356,129.0445767,,,051-440-4674,부산광역시 동구청,2026-06-25
수정동0901,1,부산광역시 동구 수정북로34번가길 19,부산광역시 동구 수정동 473-2,35.1327324,129.0445881,,,051-440-4674,부산광역시 동구청,2026-06-25
수정동0902,1,부산광역시 동구 수정북로34번가길 23,부산광역시 동구 수정동 472-15,35.1325352,129.0446699,,,051-440-4674,부산광역시 동구청,2026-06-25
수정동0903,1,부산광역시 동구 수정중로37번길 25,부산광역시 동구 수정동 472-16,35.1324329,129.0446726,,,051-440-4674,부산광역시 동구청,2026-06-25
수정동0904,1,부산광역시 동구 진성로75번나길 22-4,부산광역시 동구 수정동 477-36,35.1330278,129.0447031,,,051-440-4674,부산광역시 동구청,2026-06-25
수정동0905,1,부산광역시 동구 진성로71번길18,부산광역시 동구 수정동 478-8,35.133152,129.0448064,,,051-440-4674,부산광역시 동구청,2026-06-25
수정동0906,1,부산광역시 동구 진성로75번나길 19,부산광역시 동구 수정동 478-4,35.1332072,129.0447356,,,051-440-4674,부산광역시 동구청,2026-06-25
수정동0907,1,부산광역시 동구 진성로75번나길 9,부산광역시 동구 수정동 525-108,35.1335671,129.0444614,,,051-440-4674,부산광역시 동구청,2026-06-25
수정동0908,1,부산광역시 동구 진성로75번나길 7,부산광역시 동구 수정동 525-82,35.1336399,129.0444419,,,051-440-4674,부산광역시 동구청,2026-06-25
수정동0909,1,부산광역시 동구 수정북로46번길 17-6,부산광역시 동구 수정동 526-17,35.1334893,129.0440023,,,051-440-4674,부산광역시 동구청,2026-06-25
수정동0910,1,부산광역시 동구 수정북로46번길 18,부산광역시 동구 수정동 527-9,35.1332337,129.0438492,,,051-440-4674,부산광역시 동구청,2026-06-25
수정동0911,1,부산광역시 동구 수정북로46번길 18-1,부산광역시 동구 수정동 527-12,35.1332017,129.0439806,,,051-440-4674,부산광역시 동구청,2026-06-25
수정동0912,1,부산광역시 동구 수정북로46번길 18-5,부산광역시 동구 수정동 527-16,35.1330831,129.0440207,,,051-440-4674,부산광역시 동구청,2026-06-25
수정동0913,1,부산광역시 동구 수정북로34번가길 5,부산광역시 동구 수정동 477-10,35.1332715,129.0444116,,,051-440-4674,부산광역시 동구청,2026-06-25
수정동0914,1,부산광역시 동구 수정북로34번길 27,부산광역시 동구 수정동 477-39,35.1332805,129.0443085,,,051-440-4674,부산광역시 동구청,2026-06-25
수정동0915,1,부산광역시 동구 수정중로37번길 23,부산광역시 동구 수정동 1104-14,35.1323625,129.044677,,,051-440-4674,부산광역시 동구청,2026-06-25
수정동0916,1,부산광역시 동구 수정중로37번가길 4,부산광역시 동구 수정동 471-34,35.1322828,129.0448576,,,051-440-4674,부산광역시 동구청,2026-06-25
수정동0917,1,부산광역시 동구 수정중로37번가길 3-1,부산광역시 동구 수정동 471-2,35.1325172,129.0448415,,,051-440-4674,부산광역시 동구청,2026-06-25
수정동0918,1,부산광역시 동구 수정북로34번가길 21-3,부산광역시 동구 수정동 472-11,35.1326717,129.0447879,,,051-440-4674,부산광역시 동구청,2026-06-25
수정동0919,1,부산광역시 동구 진성로75번나길 22-1,부산광역시 동구 수정동 472-1,35.1329484,129.0447957,,,051-440-4674,부산광역시 동구청,2026-06-25
수정동0920,1,부산광역시 동구 수정북로34번길 19,부산광역시 동구 수정동 525-72,35.1336891,129.0440141,,,051-440-4674,부산광역시 동구청,2026-06-25
수정동0921,1,부산광역시 동구 수정북로34번길 23-1,부산광역시 동구 수정동 477-4,35.1334779,129.0442422,,,051-440-4674,부산광역시 동구청,2026-06-25
수정동0922,1,부산광역시 동구 수정중로37번가길 5,부산광역시 동구 수정동 471-20,35.132397,129.0450509,,,051-440-4674,부산광역시 동구청,2026-06-25
수정동0923,1,부산광역시 동구 진성로71번길 24-4,부산광역시 동구 수정동 463-66,35.1328218,129.0449601,,,051-440-4674,부산광역시 동구청,2026-06-25
수정동0924,1,부산광역시 동구 진성로71번길 28-5,부산광역시 동구 수정동 463-50,35.1326367,129.0452111,,,051-440-4674,부산광역시 동구청,2026-06-25
수정동0925,1,부산광역시 동구 수정중로37번가길 5-5,부산광역시 동구 수정동 463-54,35.1324806,129.0450764,,,051-440-4674,부산광역시 동구청,2026-06-25
수정동0926,1,부산광역시 동구 진성로71번길 48-12,부산광역시 동구 수정동 471-16,35.1322173,129.0452273,,,051-440-4674,부산광역시 동구청,2026-06-25
수정동0927,1,부산광역시 동구 진성로71번길 48-7,부산광역시 동구 수정동 471-31,35.1319993,129.0454885,,,051-440-4674,부산광역시 동구청,2026-06-25
수정동0928,1,부산광역시 동구 수정중로37번길 20-1,부산광역시 동구 수정동 471-29,35.1321939,129.0449783,,,051-440-4674,부산광역시 동구청,2026-06-25
수정동0929,1,부산광역시 동구 수정중로 32,부산광역시 동구 수정동 554-5,35.1309616,129.0450817,,,051-440-4674,부산광역시 동구청,2026-06-25
수정동0930,1,부산광역시 동구 수정북로 5-8,부산광역시 동구 수정동 656-3,35.1307113,129.0437846,,,051-440-4674,부산광역시 동구청,2026-06-25
수정동0931,1,부산광역시 동구 수정서로 24,부산광역시 동구 수정동 648-2,35.1312036,129.0432511,,,051-440-4674,부산광역시 동구청,2026-06-25
수정동0932,1,부산광역시 동구 수정북로 9,부산광역시 동구 수정동 656-1,35.1309795,129.0436474,,,051-440-4674,부산광역시 동구청,2026-06-25
수정동0933,1,부산광역시 동구 수정서로26번길 14,부산광역시 동구 수정동 653-1,35.1307931,129.0433307,,,051-440-4674,부산광역시 동구청,2026-06-25
수정동0934,1,부산광역시 동구 수정서로26번길 12-7,부산광역시 동구 수정동 649-15,35.1309854,129.0431394,,,051-440-4674,부산광역시 동구청,2026-06-25
수정동0935,1,부산광역시 동구 수정서로26번길 8-1,부산광역시 동구 수정동 648-7,35.1310642,129.0432853,,,051-440-4674,부산광역시 동구청,2026-06-25
수정동0936,1,부산광역시 동구 수정서로26번길 12-10,부산광역시 동구 수정동 649-11,35.1310514,129.0431498,,,051-440-4674,부산광역시 동구청,2026-06-25
수정동0937,1,부산광역시 동구 수정서로26번길 17,부산광역시 동구 수정동 654,35.130668,129.0434886,,,051-440-4674,부산광역시 동구청,2026-06-25
수정동0938,1,부산광역시 동구 수정서로20번길 16,부산광역시 동구 수정동 659-4,35.130471,129.0433806,,,051-440-4674,부산광역시 동구청,2026-06-25
수정동0939,1,부산광역시 동구 수정서로20번길 6,부산광역시 동구 수정동 661-1,35.13071,129.042995,,,051-440-4674,부산광역시 동구청,2026-06-25
수정동0940,1,부산광역시 동구 수정서로12번길 3-11,부산광역시 동구 수정동 662-24,35.1307575,129.0427587,,,051-440-4674,부산광역시 동구청,2026-06-25
수정동0941,1,부산광역시 동구 수정서로12번길 3-5,부산광역시 동구 수정동 662-16,35.1306767,129.0426152,,,051-440-4674,부산광역시 동구청,2026-06-25
수정동0942,1,부산광역시 동구 수정중로17번길 28,부산광역시 동구 수정동 659-27,35.1303997,129.0425333,,,051-440-4674,부산광역시 동구청,2026-06-25
수정동0943,1,부산광역시 동구 수정서로12번길 9,부산광역시 동구 수정동 662-35,35.1305158,129.0427406,,,051-440-4674,부산광역시 동구청,2026-06-25
수정동0944,1,부산광역시 동구 수정서로12번길 15,부산광역시 동구 수정동 662-30,35.1306187,129.0428904,,,051-440-4674,부산광역시 동구청,2026-06-25
수정동0945,1,부산광역시 동구 수정서로 20-1,부산광역시 동구 수정동 650-7,35.1309859,129.0429986,,,051-440-4674,부산광역시 동구청,2026-06-25
수정동0946,1,부산광역시 동구 수정중로17번길 4-1,부산광역시 동구 수정동 658-30,35.1302592,129.0436566,,,051-440-4674,부산광역시 동구청,2026-06-25
수정동0947,1,부산광역시 동구 수정중로 15-1,부산광역시 동구 수정동 800-12,35.1299948,129.0437844,,,051-440-4674,부산광역시 동구청,2026-06-25
수정동0948,1,부산광역시 동구 수정중로11번길 8,부산광역시 동구 수정동 797-6,35.1298579,129.0435747,,,051-440-4674,부산광역시 동구청,2026-06-25
수정동0949,1,부산광역시 동구 수정중로11번길 14,부산광역시 동구 수정동 797-3,35.1299135,129.0432902,,,051-440-4674,부산광역시 동구청,2026-06-25
수정동0950,1,부산광역시 동구 수정중로15번길 18,부산광역시 동구 수정동 797-24,35.1302074,129.0430992,,,051-440-4674,부산광역시 동구청,2026-06-25
수정동0951,1,부산광역시 동구 수정중로17번길 21,부산광역시 동구 수정동 796-3,35.1302497,129.0429371,,,051-440-4674,부산광역시 동구청,2026-06-25
수정동0952,1,부산광역시 동구 수정중로17번길 7-4,부산광역시 동구 수정동 799-14,35.1300331,129.0436567,,,051-440-4674,부산광역시 동구청,2026-06-25
수정동0953,1,부산광역시 동구 수정중로17번길 7,부산광역시 동구 수정동 799-17,35.1301388,129.0435193,,,051-440-4674,부산광역시 동구청,2026-06-25
수정동0954,1,부산광역시 동구 수정중로15번길 12-6,부산광역시 동구 수정동 796-24,35.1302237,129.0432702,,,051-440-4674,부산광역시 동구청,2026-06-25
수정동0955,1,부산광역시 동구 수정중로17번길 4-8,부산광역시 동구 수정동 658-28,35.1305504,129.0438942,,,051-440-4674,부산광역시 동구청,2026-06-25
수정동0956,1,부산광역시 동구 수정중로17번길 18,부산광역시 동구 수정동 659-35,35.1304012,129.0430582,,,051-440-4674,부산광역시 동구청,2026-06-25
수정동0957,1,부산광역시 동구 수정중로11번길 28,부산광역시 동구 수정동 796-6,35.1302692,129.0425715,,,051-440-4674,부산광역시 동구청,2026-06-25
수정동0959,1,부산광역시 동구 망양로756번길 38,부산광역시 동구 수정동 785-5,35.1304492,129.0417858,,,051-440-4674,부산광역시 동구청,2026-06-25
수정동0960,1,부산광역시 동구 수정서로 9-5,부산광역시 동구 수정동 788-1,35.1305098,129.0419985,,,051-440-4674,부산광역시 동구청,2026-06-25
수정동0961,1,부산광역시 동구 수정서로 11,부산광역시 동구 수정동 664-2,35.1306778,129.0422475,,,051-440-4674,부산광역시 동구청,2026-06-25
수정동0962,1,부산광역시 동구 수정북로23번길47-6,부산광역시 동구 수정동 664-22,35.130901,129.0420256,,,051-440-4674,부산광역시 동구청,2026-06-25
수정동0963,1,부산광역시 동구 망양로756번길 31,부산광역시 동구 수정동 664-51,35.1306781,129.0417604,,,051-440-4674,부산광역시 동구청,2026-06-25
수정동0964,1,부산광역시 동구 수정북로23번길 49,부산광역시 동구 수정동 667-6,35.130966,129.0422612,,,051-440-4674,부산광역시 동구청,2026-06-25
수정동0965,1,부산광역시 동구 수정북로23번길 3-7,부산광역시 동구 수정동 624-3,35.1323538,129.0429835,,,051-440-4674,부산광역시 동구청,2026-06-25
수정동0966,1,부산광역시 동구 망양로774번길 23,부산광역시 동구 수정동 635-3,35.1311141,129.042855,,,051-440-4674,부산광역시 동구청,2026-06-25
수정동0967,1,부산광역시 동구 수정북로 27-8,부산광역시 동구 수정동 565-3,35.1328012,129.0435041,,,051-440-4674,부산광역시 동구청,2026-06-25
수정동0968,1,부산광역시 동구 수정북로 27-11,부산광역시 동구 수정동 566-5,35.1327505,129.0433867,,,051-440-4674,부산광역시 동구청,2026-06-25
수정동0969,1,부산광역시 동구 수정북로 27-1,부산광역시 동구 수정동 564-4,35.1325328,129.0434561,,,051-440-4674,부산광역시 동구청,2026-06-25
수정동0970,1,부산광역시 동구 수정북로 19-4,부산광역시 동구 수정동 625-14,35.1322156,129.0431779,,,051-440-4674,부산광역시 동구청,2026-06-25
수정동0971,1,부산광역시 동구 수정북로23번길 15-2,부산광역시 동구 수정동 625-20,35.1322584,129.0429131,,,051-440-4674,부산광역시 동구청,2026-06-25
수정동0972,1,부산광역시 동구 수정북로23번길 21,부산광역시 동구 수정동 625-36,35.1320903,129.0428098,,,051-440-4674,부산광역시 동구청,2026-06-25
수정동0973,1,부산광역시 동구 수정북로17번길 4-6,부산광역시 동구 수정동 629-12,35.1319602,129.0430498,,,051-440-4674,부산광역시 동구청,2026-06-25
수정동0974,1,부산광역시 동구 수정북로17번길 3-9,부산광역시 동구 수정동 639-2,35.1315136,129.0428749,,,051-440-4674,부산광역시 동구청,2026-06-25
수정동0975,1,부산광역시 동구 수정서로 23-6,부산광역시 동구 수정동 638-1,35.1314871,129.0429555,,,051-440-4674,부산광역시 동구청,2026-06-25
수정동0976,1,부산광역시 동구 수정북로23번길 26-6,부산광역시 동구 수정동 618,35.1320489,129.0423798,,,051-440-4674,부산광역시 동구청,2026-06-25
수정동0977,1,부산광역시 동구 망양로774번길 1,부산광역시 동구 수정동 631-26,35.1319104,129.0421084,,,051-440-4674,부산광역시 동구청,2026-06-25
수정동0978,1,부산광역시 동구 수정북로23번길 10-9,부산광역시 동구 수정동 622-1,35.1325969,129.0425906,,,051-440-4674,부산광역시 동구청,2026-06-25
수정동0979,1,부산광역시 동구 수정북로23번길 16-7,부산광역시 동구 수정동 616-1,35.1325425,129.0425572,,,051-440-4674,부산광역시 동구청,2026-06-25
수정동0980,1,부산광역시 동구 수정북로23번길 16-5,부산광역시 동구 수정동 616-5,35.1324119,129.0425732,,,051-440-4674,부산광역시 동구청,2026-06-25
수정동0981,1,부산광역시 동구 수정북로23번길 20-8,부산광역시 동구 수정동 616-2,35.1321406,129.0424161,,,051-440-4674,부산광역시 동구청,2026-06-25
수정동0982,1,부산광역시 동구 수정북로23번길 20-5,부산광역시 동구 수정동 620-1,35.132266,129.0425779,,,051-440-4674,부산광역시 동구청,2026-06-25
수정동0983,1,부산광역시 동구 수정북로23번길 10-8,부산광역시 동구 수정동 569-7,35.132708,129.0427184,,,051-440-4674,부산광역시 동구청,2026-06-25
수정동0984,1,부산광역시 동구 망양로 790-1,부산광역시 동구 수정동 579-6,35.1333103,129.0427822,,,051-440-4674,부산광역시 동구청,2026-06-25
수정동0985,1,부산광역시 동구 수정북로 39-6,부산광역시 동구 수정동 568-10,35.132873,129.0429481,,,051-440-4674,부산광역시 동구청,2026-06-25
수정동0986,1,부산광역시 동구 망양로756번가길 20,부산광역시 동구 수정동 667-1,35.1311117,129.0421366,,,051-440-4674,부산광역시 동구청,2026-06-25
수정동0987,1,부산광역시 동구 망양로774번가길 21,부산광역시 동구 수정동 679-21,35.131296,129.0421585,,,051-440-4674,부산광역시 동구청,2026-06-25
수정동0988,1,부산광역시 동구 망양로774번가길 15,부산광역시 동구 수정동 684,35.1315075,129.0421195,,,051-440-4674,부산광역시 동구청,2026-06-25
수정동0989,1,부산광역시 동구 망양로774번가길 12,부산광역시 동구 수정동 689-11,35.1316121,129.0421455,,,051-440-4674,부산광역시 동구청,2026-06-25
수정동0990,1,부산광역시 동구 망양로774번가길 7,부산광역시 동구 수정동 685,35.1313772,129.0422741,,,051-440-4674,부산광역시 동구청,2026-06-25
수정동0991,1,부산광역시 동구 망양로774번가길 7-1,부산광역시 동구 수정동 679-3,35.1313737,129.0423427,,,051-440-4674,부산광역시 동구청,2026-06-25
수정동0992,1,부산광역시 동구 중앙대로 381,부산광역시 동구 수정동 1-110,35.1294193,129.049081,,,051-440-4674,부산광역시 동구청,2026-06-25
수정동0993,1,부산광역시 동구 진성로 10-3,부산광역시 동구 수정동 224,35.1300001,129.0485135,,,051-440-4674,부산광역시 동구청,2026-06-25
수정동0994,1,부산광역시 동구 고관로 140-22,부산광역시 동구 수정동 227-50,35.130157,129.0488479,,,051-440-4674,부산광역시 동구청,2026-06-25
수정동0995,1,부산광역시 동구 고관로 140-20,부산광역시 동구 수정동 227-51,35.1301272,129.0487705,,,051-440-4674,부산광역시 동구청,2026-06-25
수정동0996,1,부산광역시 동구 중앙대로389번길 18,부산광역시 동구 수정동 228-49,35.1304849,129.0491056,,,051-440-4674,부산광역시 동구청,2026-06-25
수정동0997,1,부산광역시 동구 중앙대로389번길 15,부산광역시 동구 수정동 228-12,35.1303471,129.0490653,,,051-440-4674,부산광역시 동구청,2026-06-25
수정동0998,1,부산광역시 동구 중앙대로 393-5,부산광역시 동구 수정동 1-176,35.1303286,129.0496353,,,051-440-4674,부산광역시 동구청,2026-06-25
수정동0999,1,부산광역시 동구 중앙대로 387,부산광역시 동구 수정동 1-4,35.1300109,129.0490977,,,051-440-4674,부산광역시 동구청,2026-06-25
수정동1000,1,부산광역시 동구 중앙대로389번길 18-4,부산광역시 동구 수정동 228-28,35.1305421,129.0491684,,,051-440-4674,부산광역시 동구청,2026-06-25
수정동1001,1,부산광역시 동구 고관로 135-4,부산광역시 동구 수정동 230-10,35.1304666,129.0480099,,,051-440-4674,부산광역시 동구청,2026-06-25
수정동1002,1,부산광역시 동구 수정동로16번가길 11,부산광역시 동구 수정동 547-12,35.1299654,129.0460017,,,051-440-4674,부산광역시 동구청,2026-06-25
수정동1003,1,부산광역시 동구 수정동로16번가길 9,부산광역시 동구 수정동 547-41,35.1298784,129.0459527,,,051-440-4674,부산광역시 동구청,2026-06-25
수정동1004,1,부산광역시 동구 수정동로16번가길 5,부산광역시 동구 수정동 804-7,35.1297092,129.0458509,,,051-440-4674,부산광역시 동구청,2026-06-25
수정동1005,1,부산광역시 동구 수정동로 20-2,부산광역시 동구 수정동 547-48,35.1299484,129.0458302,,,051-440-4674,부산광역시 동구청,2026-06-25
수정동1006,1,부산광역시 동구 수정동로 21,부산광역시 동구 수정동 804-15,35.1301147,129.0457636,,,051-440-4674,부산광역시 동구청,2026-06-25
수정동1007,1,부산광역시 동구 수정동로 19,부산광역시 동구 수정동 804-17,35.1299659,129.0456479,,,051-440-4674,부산광역시 동구청,2026-06-25
수정동1008,1,부산광역시 동구 수정동로 28,부산광역시 동구 수정동 546-1,35.1304284,129.0463416,,,051-440-4674,부산광역시 동구청,2026-06-25
수정동1009,1,부산광역시 동구 중앙대로371번길 62-12,부산광역시 동구 수정동 549-10,35.1307317,129.04602,,,051-440-4674,부산광역시 동구청,2026-06-25
수정동1010,1,부산광역시 동구 중앙대로371번길 70-8,부산광역시 동구 수정동 550-1,35.1308077,129.0457899,,,051-440-4674,부산광역시 동구청,2026-06-25
수정동1011,1,부산광역시 동구 수정중로 34-6,부산광역시 동구 수정동 551-4,35.1309857,129.0454228,,,051-440-4674,부산광역시 동구청,2026-06-25
수정동1012,1,부산광역시 동구 수정중로 34-1,부산광역시 동구 수정동 553-6,35.1311515,129.0452989,,,051-440-4674,부산광역시 동구청,2026-06-25
수정동1013,1,부산광역시 동구 중앙대로371번길 62-8,부산광역시 동구 수정동 549-13,35.1306022,129.0459623,,,051-440-4674,부산광역시 동구청,2026-06-25
수정동1014,1,부산광역시 동구 수정동로 23,부산광역시 동구 수정동 804-13,35.1301899,129.0458625,,,051-440-4674,부산광역시 동구청,2026-06-25
수정동1015,1,부산광역시 동구 수정중로20번길 28,부산광역시 동구 수정동 804-27,35.1303197,129.0454325,,,051-440-4674,부산광역시 동구청,2026-06-25
수정동1016,1,부산광역시 동구 중앙대로371번길 65-1,부산광역시 동구 수정동 548-6,35.1304419,129.0454104,,,051-440-4674,부산광역시 동구청,2026-06-25
수정동1017,1,부산광역시 동구 수정중로20번길 20,부산광역시 동구 수정동 802-4,35.1303338,129.0450401,,,051-440-4674,부산광역시 동구청,2026-06-25
수정동1018,1,부산광역시 동구 수정중로 28-9,부산광역시 동구 수정동 658-44,35.1304435,129.0448377,,,051-440-4674,부산광역시 동구청,2026-06-25
수정동1019,1,부산광역시 동구 수정중로 28-14,부산광역시 동구 수정동 658-42,35.1303334,129.0445709,,,051-440-4674,부산광역시 동구청,2026-06-25
수정동1020,1,부산광역시 동구 수정중로 28-6,부산광역시 동구 수정동 658-1,35.1305854,129.0448401,,,051-440-4674,부산광역시 동구청,2026-06-25
수정동1021,1,부산광역시 동구 수정중로 28-11,부산광역시 동구 수정동 658-54,35.1303556,129.0447453,,,051-440-4674,부산광역시 동구청,2026-06-25
수정동1022,1,부산광역시 동구 수정중로20번길 9,부산광역시 동구 수정동 658-25,35.1302841,129.0444826,,,051-440-4674,부산광역시 동구청,2026-06-25
수정동1023,1,부산광역시 동구 수정중로20번길 10,부산광역시 동구 수정동 811-13,35.1300891,129.0445995,,,051-440-4674,부산광역시 동구청,2026-06-25
수정동1024,1,부산광역시 동구 수정동로13번길 13-3,부산광역시 동구 수정동 801-15,35.1301289,129.0450163,,,051-440-4674,부산광역시 동구청,2026-06-25
수정동1025,1,부산광역시 동구 수정동로13번길 15,부산광역시 동구 수정동 801-4,35.1302443,129.0450321,,,051-440-4674,부산광역시 동구청,2026-06-25
수정동1026,1,부산광역시 동구 수정동로15번길 9,부산광역시 동구 수정동 802-8,35.1301069,129.0452606,,,051-440-4674,부산광역시 동구청,2026-06-25
수정동1027,1,부산광역시 동구 수정동로13번길 3,부산광역시 동구 수정동 801-27,35.1298068,129.0451489,,,051-440-4674,부산광역시 동구청,2026-06-25
수정동1028,1,부산광역시 동구 수정동로13번길 9-9,부산광역시 동구 수정동 801-10,35.1300162,129.0448594,,,051-440-4674,부산광역시 동구청,2026-06-25
수정동1029,1,부산광역시 동구 수정동로13번길 9-14,부산광역시 동구 수정동 801-13,35.1300872,129.0448477,,,051-440-4674,부산광역시 동구청,2026-06-25
수정동1030,1,부산광역시 동구 수정중로20번길 21,부산광역시 동구 수정동 552-2,35.1305937,129.045139,,,051-440-4674,부산광역시 동구청,2026-06-25
수정동1031,1,부산광역시 동구 수정동로17번길 5,부산광역시 동구 수정동 803-15,35.1299655,129.0454416,,,051-440-4674,부산광역시 동구청,2026-06-25
수정동1032,1,부산광역시 동구 수정동로17번길 9,부산광역시 동구 수정동 803-8,35.1301651,129.0453826,,,051-440-4674,부산광역시 동구청,2026-06-25
수정동1033,1,부산광역시 동구 수정동로17번길 7,부산광역시 동구 수정동 803-12,35.1301205,129.0454105,,,051-440-4674,부산광역시 동구청,2026-06-25
수정동1034,1,부산광역시 동구 수정동로15번길 14,부산광역시 동구 수정동 803-1,35.1302984,129.0452988,,,051-440-4674,부산광역시 동구청,2026-06-25
수정동1035,1,부산광역시 동구 수정동로 15,부산광역시 동구 수정동 802-7,35.1297852,129.0453619,,,051-440-4674,부산광역시 동구청,2026-06-25
수정동1036,1,부산광역시 동구 수정동로 11-8,부산광역시 동구 수정동 811-25,35.1298876,129.044965,,,051-440-4674,부산광역시 동구청,2026-06-25
수정동1037,1,부산광역시 동구 수정동로 9-6,부산광역시 동구 수정동 811-18,35.129769,129.0446956,,,051-440-4674,부산광역시 동구청,2026-06-25
수정동1038,1,부산광역시 동구 수정동로 9-9,부산광역시 동구 수정동 811-48,35.1297708,129.0443367,,,051-440-4674,부산광역시 동구청,2026-06-25
수정동1039,1,부산광역시 동구 수정중로 16-6,부산광역시 동구 수정동 800-6,35.129997,129.0442845,,,051-440-4674,부산광역시 동구청,2026-06-25
수정동1040,1,부산광역시 동구 수정중로20번길 8-1,부산광역시 동구 수정동 811-13,35.1300394,129.044625,,,051-440-4674,부산광역시 동구청,2026-06-25
수정동1041,1,부산광역시 동구 수정중로6번길1-4,부산광역시 동구 수정동 813-10,35.1292877,129.0441308,,,051-440-4674,부산광역시 동구청,2026-06-25
수정동1043,1,부산광역시 동구 수정로 24,부산광역시 동구 수정동 844-24,35.1282831,129.0446579,,,051-440-4674,부산광역시 동구청,2026-06-25
수정동1044,1,부산광역시 동구 구청로 8,부산광역시 동구 수정동 831,35.1289529,129.0447426,,,051-440-4674,부산광역시 동구청,2026-06-25
수정동1046,1,부산광역시 동구 수정중로 3-6,부산광역시 동구 수정동 859-4,35.129053,129.0435622,,,051-440-4674,부산광역시 동구청,2026-06-25
수정동1047,1,부산광역시 동구 수정서로 5-4,부산광역시 동구 수정동 795-27,35.1300941,129.042167,,,051-440-4674,부산광역시 동구청,2026-06-25
수정동1048,1,부산광역시 동구 수정중로11번길 13-4,부산광역시 동구 수정동 795-16,35.1296667,129.0430172,,,051-440-4674,부산광역시 동구청,2026-06-25
수정동1049,1,부산광역시 동구 수정서로4번길 17,부산광역시 동구 수정동 795-8,35.1295698,129.0431955,,,051-440-4674,부산광역시 동구청,2026-06-25
수정동1050,1,부산광역시 동구 수정로40번길 3-9,부산광역시 동구 수정동 872-29,35.1294336,129.0431545,,,051-440-4674,부산광역시 동구청,2026-06-25
수정동1051,1,부산광역시 동구 수정로40번길 3-2,부산광역시 동구 수정동 874-6,35.1292693,129.0432849,,,051-440-4674,부산광역시 동구청,2026-06-25
수정동1052,1,부산광역시 동구 수정로40번길 10,부산광역시 동구 수정동 860-6,35.1292481,129.043552,,,051-440-4674,부산광역시 동구청,2026-06-25
수정동1053,1,부산광역시 동구 수정로40번길 13,부산광역시 동구 수정동 874-3,35.1293574,129.0433906,,,051-440-4674,부산광역시 동구청,2026-06-25
수정동1054,1,부산광역시 동구 수정서로4번길 10,부산광역시 동구 수정동 880,35.1295577,129.0427953,,,051-440-4674,부산광역시 동구청,2026-06-25
수정동1055,1,부산광역시 동구 수정서로4번길 12-4,부산광역시 동구 수정동 872-2,35.1294825,129.0427377,,,051-440-4674,부산광역시 동구청,2026-06-25
수정동1056,1,부산광역시 동구 수정서로4번길 5,부산광역시 동구 수정동 795-31,35.1298059,129.0426471,,,051-440-4674,부산광역시 동구청,2026-06-25
수정동1057,1,부산광역시 동구 수정로 52,부산광역시 동구 수정동 794-12,35.1298457,129.0421873,,,051-440-4674,부산광역시 동구청,2026-06-25
수정동1058,1,부산광역시 동구 수정로 52-1,부산광역시 동구 수정동 794-10,35.1298863,129.04213,,,051-440-4674,부산광역시 동구청,2026-06-25
수정동1059,1,부산광역시 동구 망양로756번길 18,부산광역시 동구 수정동 760-2,35.1310035,129.0411402,,,051-440-4674,부산광역시 동구청,2026-06-25
수정동1060,1,부산광역시 동구 망양로756번가길 6,부산광역시 동구 수정동 666-84,35.1309163,129.0415898,,,051-440-4674,부산광역시 동구청,2026-06-25
수정동1061,1,부산광역시 동구 망양로756번가길 11,부산광역시 동구 수정동 666-26,35.1311313,129.0417708,,,051-440-4674,부산광역시 동구청,2026-06-25
수정동1062,1,부산광역시 동구 망양로756번가길 9-6,부산광역시 동구 수정동 666-27,35.1311428,129.0416046,,,051-440-4674,부산광역시 동구청,2026-06-25
수정동1063,1,부산광역시 동구 망양로756번가길 9-10,부산광역시 동구 수정동 666-30,35.131123,129.0414905,,,051-440-4674,부산광역시 동구청,2026-06-25
수정동1064,1,부산광역시 동구 망양로756번가길 13-1,부산광역시 동구 수정동 690-6,35.1312175,129.0418903,,,051-440-4674,부산광역시 동구청,2026-06-25
수정동1065,1,부산광역시 동구 망양로764번길 15-1,부산광역시 동구 수정동 691-3,35.1313425,129.0417879,,,051-440-4674,부산광역시 동구청,2026-06-25
수정동1066,1,부산광역시 동구 망양로764번길 10,부산광역시 동구 수정동 696-18,35.1313415,129.0415191,,,051-440-4674,부산광역시 동구청,2026-06-25
수정동1067,1,부산광역시 동구 망양로 766,부산광역시 동구 수정동 698-112,35.1315325,129.0412567,,,051-440-4674,부산광역시 동구청,2026-06-25
수정동1068,1,부산광역시 동구 망양로756번길7-3,부산광역시 동구 수정동 696-59,35.1315088,129.0408862,,,051-440-4674,부산광역시 동구청,2026-06-25
수정동1069,1,부산광역시 동구 망양로 760,부산광역시 동구 수정동 696-63,35.1315994,129.040716,,,051-440-4674,부산광역시 동구청,2026-06-25
수정동1070,1,부산광역시 동구 망양로764번길 11-10,부산광역시 동구 수정동 692-1,35.1315256,129.0417063,,,051-440-4674,부산광역시 동구청,2026-06-25
수정동1071,1,부산광역시 동구 망양로756번길 24,부산광역시 동구 수정동 761-2,35.1309321,129.0412245,,,051-440-4674,부산광역시 동구청,2026-06-25
수정동1072,1,부산광역시 동구 수정로 66-11,부산광역시 동구 수정동 764-15,35.130639,129.0411829,,,051-440-4674,부산광역시 동구청,2026-06-25
수정동1073,1,부산광역시 동구 수정로 66-13,부산광역시 동구 수정동 764-13,35.1306161,129.0412796,,,051-440-4674,부산광역시 동구청,2026-06-25
수정동1074,1,부산광역시 동구 수정로 66-5,부산광역시 동구 수정동 764-20,35.1306852,129.0409907,,,051-440-4674,부산광역시 동구청,2026-06-25
수정동1075,1,부산광역시 동구 망양로756번길 28,부산광역시 동구 수정동 763-1,35.130656,129.041408,,,051-440-4674,부산광역시 동구청,2026-06-25
수정동1076,1,부산광역시 동구 망양로738번길 19,부산광역시 동구 수정동 763-3,35.1305677,129.0413488,,,051-440-4674,부산광역시 동구청,2026-06-25
수정동1077,1,부산광역시 동구 수정로 58-11,부산광역시 동구 수정동 786-22,35.1304799,129.0417098,,,051-440-4674,부산광역시 동구청,2026-06-25
수정동1078,1,부산광역시 동구 수정로 58-5,부산광역시 동구 수정동 785-37,35.1303429,129.0415485,,,051-440-4674,부산광역시 동구청,2026-06-25
수정동1079,1,부산광역시 동구 망양로756번길 13,부산광역시 동구 수정동 666-90,35.1313087,129.041088,,,051-440-4674,부산광역시 동구청,2026-06-25
수정동1080,1,부산광역시 동구 망양로756번길 7,부산광역시 동구 수정동 696-57,35.131477,129.0407981,,,051-440-4674,부산광역시 동구청,2026-06-25
수정동1081,1,부산광역시 동구 망양로756번길 7-8,부산광역시 동구 수정동 696-8,35.1313941,129.0410753,,,051-440-4674,부산광역시 동구청,2026-06-25
수정동1082,1,부산광역시 동구 망양로756번길 5-1,부산광역시 동구 수정동 696-60,35.1315584,129.040878,,,051-440-4674,부산광역시 동구청,2026-06-25
수정동1083,1,부산광역시 동구 망양로750번길 3,부산광역시 동구 수정동 749-27,35.1311799,129.0403978,,,051-440-4674,부산광역시 동구청,2026-06-25
수정동1084,1,부산광역시 동구 망양로750번길 7,부산광역시 동구 수정동 757-2,35.1311612,129.0405521,,,051-440-4674,부산광역시 동구청,2026-06-25
수정동1085,1,부산광역시 동구 망양로750번길 10,부산광역시 동구 수정동 767-1,35.1309444,129.0405871,,,051-440-4674,부산광역시 동구청,2026-06-25
수정동1086,1,부산광역시 동구 진성로 84,부산광역시 동구 수정동 430-16,35.1344285,129.0451609,,,051-440-4674,부산광역시 동구청,2026-06-25
수정동1088,1,부산광역시 동구 진성로 47-4,부산광역시 동구 수정동 462-4,35.1324474,129.0458306,,,051-440-4674,부산광역시 동구청,2026-06-25
수정동1089,1,부산광역시 동구 고관로 106,부산광역시 동구 수정동 170-1,35.128171,129.046425,,,051-440-4674,부산광역시 동구청,2026-06-25
수정동1090,1,부산광역시 동구 구봉북길6번길 10-6,부산광역시 동구 수정동 1048-728,35.1269352,129.0349943,,,051-440-4674,부산광역시 동구청,2026-06-25
수정동1092,1,부산광역시 동구 수정공원상로 64,부산광역시 동구 수정동 1188,35.1280359,129.0371849,,,051-440-4674,부산광역시 동구청,2026-06-25
수정동1093,1,부산광역시 동구 수정공원상로 84,부산광역시 동구 수정동 1190,35.1286896,129.0390395,,,051-440-4674,부산광역시 동구청,2026-06-25
수정동1097,1,부산광역시 동구 망양로689번길 3,부산광역시 동구 수정동 1172-16,35.127308,129.040694,,,051-440-4674,부산광역시 동구청,2026-06-25
수정동1098,1,부산광역시 동구 고관로41번길 10,부산광역시 동구 수정동 397-39,35.1229721,129.0426313,,,051-440-4674,부산광역시 동구청,2026-06-25
수정동1099,1,부산광역시 동구 망양로685번길 11,부산광역시 동구 수정동 1173-3,35.1268514,129.0404636,,,051-440-4674,부산광역시 동구청,2026-06-25
수정동1100,1,부산광역시 동구 망양로685번길 11,부산광역시 동구 수정동 1173-3,35.1268514,129.0404636,,,051-440-4674,부산광역시 동구청,2026-06-25
수정동1101,1,부산광역시 동구 수정북로34번가길 17-4,부산광역시 동구 수정동 472-8,35.1327975,129.0447161,,,051-440-4674,부산광역시 동구청,2026-06-25
수정동1102,1,부산광역시 동구 수정외솔로11번길 5,부산광역시 동구 수정동 973-68,35.126407,129.04273,,,051-440-4674,부산광역시 동구청,2026-06-25
수정동1103,1,부산광역시 동구 고관로 67-1,부산광역시 동구 수정동 336-6,35.1252918,129.0440449,,,051-440-4674,부산광역시 동구청,2026-06-25
수정동1104,1,부산광역시 동구 고관로 67-1,부산광역시 동구 수정동 336-6,35.1252918,129.0440449,,,051-440-4674,부산광역시 동구청,2026-06-25
수정동1105,1,부산광역시 동구 망양로821번길 11,부산광역시 동구 수정동 436-103,35.1357482,129.0445392,,,051-440-4674,부산광역시 동구청,2026-06-25
수정동1106,1,부산광역시 동구 수정공원로 113,부산광역시 동구 수정동 515-1,35.1351647,129.0413056,,,051-440-4674,부산광역시 동구청,2026-06-25
수정동1107,1,부산광역시 동구 수정로 54-1,부산광역시 동구 수정동 791,35.1301359,129.0418922,,,051-440-4674,부산광역시 동구청,2026-06-25
수정동1108,1,부산광역시 동구 수정서로 5-6,부산광역시 동구 수정동 791,35.1302405,129.042052,,,051-440-4674,부산광역시 동구청,2026-06-25
수정동1110,1,부산광역시 동구 수정공원북로17번길 3,부산광역시 동구 수정동 410-54,35.1377644,129.046436,,,051-440-4674,부산광역시 동구청,2026-06-25
수정동1111,1,부산광역시 동구 수정중로 16-4,부산광역시 동구 수정동 800-9,35.1298692,129.0441546,,,051-440-4674,부산광역시 동구청,2026-06-25
수정동1112,1,부산광역시 동구 수정북로34번길 21-1,부산광역시 동구 수정동 525-92,35.1335861,129.0442422,,,051-440-4674,부산광역시 동구청,2026-06-25
수정동1113,1,부산광역시 동구 중앙대로361번길 36-2,부산광역시 동구 수정동 276-1,35.1290108,129.0462977,,,051-440-4674,부산광역시 동구청,2026-06-25
수정동1114,1,부산광역시 동구 수정중로37번길 19,부산광역시 동구 수정동 537-15,35.1321157,129.044641,,,051-440-4674,부산광역시 동구청,2026-06-25
수정동1116,1,부산광역시 동구 망양로745번길12,부산광역시 동구 수정동 771-7,35.130695,129.0396947,,,051-440-4674,부산광역시 동구청,2026-06-25
수정동1122,1,부산광역시 동구 고관로33번길 16,부산광역시 동구 수정동,35.122608,129.0418964,,,051-440-4674,부산광역시 동구청,2026-06-25
수정동1126,1,부산광역시 동구 망양로773번길16-2,부산광역시 동구 수정동 599-94,35.1325747,129.0415452,,,051-440-4674,부산광역시 동구청,2026-06-25
수정동1127,1,부산광역시 동구 수성남로27-4,부산광역시 동구 수정동 599-47,35.1327615,129.0416231,,,051-440-4674,부산광역시 동구청,2026-06-25
수정동1128,1,부산광역시 동구 망양로 729,부산광역시 동구 수정동 1163-5,35.1294347,129.0412891,,,051-440-4674,부산광역시 동구청,2026-06-25
수정동1129,1,부산광역시 동구 수정중로11번길 14,부산광역시 동구 수정동 797-54,35.1299135,129.0432902,,,051-440-4674,부산광역시 동구청,2026-06-25
수정동1130,1,부산광역시 동구 수정공원로 63,부산광역시 동구 수정동 1105-96,35.1325057,129.0384149,,,051-440-4674,부산광역시 동구청,2026-06-25
수정동1131,1,부산광역시 동구 망양로 749-2,부산광역시 동구 수정동 754-2,35.1310519,129.0401078,,,051-440-4674,부산광역시 동구청,2026-06-25
수정동1132,1,부산광역시 동구 망양로815번길3,부산광역시 동구 수정동 449-23,35.1351231,129.0439787,,,051-440-4674,부산광역시 동구청,2026-06-25
수정동1133,1,부산광역시 동구 망양로773번길6-6,부산광역시 동구 수정동 607-30,35.1323784,129.0417979,,,051-440-4674,부산광역시 동구청,2026-06-25
수정동1134,1,부산광역시 동구 수정북로23번길 8-5,부산광역시 동구 수정동 567-3,35.1327613,129.0431561,,,051-440-4674,부산광역시 동구청,2026-06-25
수정동1135,1,부산광역시 동구 수정서로20번길 12,부산광역시 동구 수정동 660-2,35.1305234,129.0432271,,,051-440-4674,부산광역시 동구청,2026-06-25
수정동1136,1,부산광역시 동구 수정공원로 80-6,부산광역시 동구 수정동 704-46,35.1323721,129.040026,,,051-440-4674,부산광역시 동구청,2026-06-25
수정동1137,1,부산광역시 동구 수정공원로124,부산광역시 동구 수정동 489-26,35.1353754,129.0422134,,,051-440-4674,부산광역시 동구청,2026-06-25
수정동1138,1,부산광역시 동구 수정공원로145,부산광역시 동구 수정동 440,35.1363948,129.0446517,,,051-440-4674,부산광역시 동구청,2026-06-25
수정동1139,1,부산광역시 동구 진성로11번길12,부산광역시 동구 수정동 210,35.129539,129.0477754,,,051-440-4674,부산광역시 동구청,2026-06-25
수정동1140,1,부산광역시 동구 수정외솔로13번길 1-8,부산광역시 동구 수정동 974-153,35.1268167,129.042666,,,051-440-4674,부산광역시 동구청,2026-06-25
수정동1141,1,부산광역시 동구 수성로29-4,부산광역시 동구 수정동 508-38,35.1350738,129.0427304,,,051-440-4674,부산광역시 동구청,2026-06-25
수정동1142,1,부산광역시 동구 수정로 10-3,부산광역시 동구 수정동 135-3,35.1276448,129.0457142,,,051-440-4674,부산광역시 동구청,2026-06-25
수정동1143,1,부산광역시 동구 수정공원북로 22-4,부산광역시 동구 수정동 404-6,35.1378946,129.0471471,,,051-440-4674,부산광역시 동구청,2026-06-25
수정동1144,1,부산광역시 동구 중앙대로349번길 20,부산광역시 동구 수정동 64-1,35.1269491,129.0459707,,,051-440-4674,부산광역시 동구청,2026-06-25
수정동1145,1,부산광역시 동구 중앙대로349번길 20,부산광역시 동구 수정동 64-1,35.1269491,129.0459707,,,051-440-4674,부산광역시 동구청,2026-06-25
수정동1146,1,부산광역시 동구 중앙대로349번길 20,부산광역시 동구 수정동 64-1,35.1269491,129.0459707,,,051-440-4674,부산광역시 동구청,2026-06-25
수정동1147,1,부산광역시 동구 수정공원로163번길 12,부산광역시 동구 수정동 424-2,35.1370046,129.0463685,,,051-440-4674,부산광역시 동구청,2026-06-25
수정동1148,1,부산광역시 동구 진성로9번길 62-3,부산광역시 동구 수정동 137-1,35.1277198,129.0459821,,,051-440-4674,부산광역시 동구청,2026-06-25
수정동1149,1,부산광역시 동구 수정공원로 84-1,부산광역시 동구 수정동 600-96,35.132592,129.0406111,,,051-440-4674,부산광역시 동구청,2026-06-25
수정동1150,1,부산광역시 동구 중앙대로361번길 24-8,부산광역시 동구 수정동 190-1,35.1288509,129.0470114,,,051-440-4674,부산광역시 동구청,2026-06-25
수정동1151,1,부산광역시 동구 중앙대로349번길 20,부산광역시 동구 수정동 64-1,35.1269491,129.0459707,,,051-440-4674,부산광역시 동구청,2026-06-25
수정동1152,1,부산광역시 동구 망양로822번길 2,부산광역시 동구 수정동 449-25,35.1350607,129.0446551,,,051-440-4674,부산광역시 동구청,2026-06-25
수정동1153,1,부산광역시 동구 수정공원로 55,부산광역시 동구 수정동 771-202,35.1312112,129.039123,,,051-440-4674,부산광역시 동구청,2026-06-25
수정동1154,1,부산광역시 동구 망양로 655,부산광역시 동구 수정동 1190,35.1263728,129.0376917,,,051-440-4674,부산광역시 동구청,2026-06-25
수정동1155,1,부산광역시 동구 망양로 655-6,부산광역시 동구 수정동 1190,35.1265638,129.0376801,,,051-440-4674,부산광역시 동구청,2026-06-25
수정동1156,1,부산광역시 동구 진성로5-6,부산광역시 동구 수정동 1-90,35.1294451,129.0485311,,,051-440-4674,부산광역시 동구청,2026-06-25
수정동1157,1,부산광역시 동구 망양로846,부산광역시 동구 좌천동 931-5,35.1362479,129.0468892,,,051-440-4674,부산광역시 동구청,2026-06-25
수정동1158,1,부산광역시 동구 초량상로 151-5,부산광역시 동구 수정동 1022-2,35.124439,129.0424592,,,051-440-4674,부산광역시 동구청,2026-06-25
수정동1159,1,부산광역시 동구 홍곡로91번길 6,부산광역시 동구 수정동 1001-1,35.1261574,129.0440656,,,051-440-4674,부산광역시 동구청,2026-06-25
수정동 1115,1,부산광역시 동구 진성로9번길 42,부산광역시 동구 수정동 1074-32,35.1283916,129.0468268,,,051-440-4674,부산광역시 동구청,2026-06-25
수정동 1117,1,부산광역시 동구 진성로21번길 22,부산광역시 동구 수정동 248-59,35.1297297,129.0464389,,,051-440-4674,부산광역시 동구청,2026-06-25
수정동 1118,1,부산광역시 동구 진성로21번길 25,부산광역시 동구 수정동 248-17,35.1295287,129.0465044,,,051-440-4674,부산광역시 동구청,2026-06-25
수정동 1119,1,부산광역시 동구 진성로21번길 29,부산광역시 동구 수정동 248-29,35.129386,129.0463727,,,051-440-4674,부산광역시 동구청,2026-06-25
좌천동0001,1,부산광역시 동구 망양로871번길 12,부산광역시 동구 좌천동 908-19,35.1384823,129.0472343,,,051-440-4674,부산광역시 동구청,2026-06-25
좌천동0002,1,부산광역시 동구 망양로871번길 6,부산광역시 동구 좌천동 908-11,35.1384672,129.0474682,,,051-440-4674,부산광역시 동구청,2026-06-25
좌천동0003,1,부산광역시 동구 망양로873번길 6,부산광역시 동구 좌천동 908-4,35.1385886,129.0475277,,,051-440-4674,부산광역시 동구청,2026-06-25
좌천동0004,1,부산광역시 동구 망양로873번길 10,부산광역시 동구 좌천동 908-81,35.1386817,129.0474178,,,051-440-4674,부산광역시 동구청,2026-06-25
좌천동0005,1,부산광역시 동구 망양로873번길 20,부산광역시 동구 좌천동 908-58,35.1385476,129.0469714,,,051-440-4674,부산광역시 동구청,2026-06-25
좌천동0006,1,부산광역시 동구 망양로873번길 2-3,부산광역시 동구 좌천동 908-5,35.1385789,129.0476271,,,051-440-4674,부산광역시 동구청,2026-06-25
좌천동0007,1,부산광역시 동구 망양로871번길 5-2,부산광역시 동구 좌천동 908-9,35.1383854,129.0474552,,,051-440-4674,부산광역시 동구청,2026-06-25
좌천동0008,1,부산광역시 동구 성북로55번길 19,부산광역시 동구 좌천동 904-22,35.1381124,129.0483464,,,051-440-4674,부산광역시 동구청,2026-06-25
좌천동0009,1,부산광역시 동구 성북로55번길 12-1,부산광역시 동구 좌천동 904-39,35.1382487,129.0485798,,,051-440-4674,부산광역시 동구청,2026-06-25
좌천동0010,1,부산광역시 동구 성북로55번길 11-5,부산광역시 동구 좌천동 905-2,35.1380245,129.0486246,,,051-440-4674,부산광역시 동구청,2026-06-25
좌천동0011,1,부산광역시 동구 성북로45번가길 18-4,부산광역시 동구 좌천동 905-18,35.1379055,129.0484334,,,051-440-4674,부산광역시 동구청,2026-06-25
좌천동0012,1,부산광역시 동구 성북로45번가길 18,부산광역시 동구 좌천동 905-19,35.137823,129.0484025,,,051-440-4674,부산광역시 동구청,2026-06-25
좌천동0013,1,부산광역시 동구 성북로45번가길 10,부산광역시 동구 좌천동 905-42,35.1379107,129.0487505,,,051-440-4674,부산광역시 동구청,2026-06-25
좌천동0014,1,부산광역시 동구 성북로45번가길 7,부산광역시 동구 좌천동 905-56,35.1377902,129.0488532,,,051-440-4674,부산광역시 동구청,2026-06-25
좌천동0015,1,부산광역시 동구 성북로45번가길 8-5,부산광역시 동구 좌천동 904-48,35.1380267,129.04887,,,051-440-4674,부산광역시 동구청,2026-06-25
좌천동0016,1,부산광역시 동구 성북로45번가길 5,부산광역시 동구 좌천동 905-54,35.137772,129.0489811,,,051-440-4674,부산광역시 동구청,2026-06-25
좌천동0018,1,부산광역시 동구 증산서로 35-1,부산광역시 동구 좌천동 903-21,35.137589,129.0494196,,,051-440-4674,부산광역시 동구청,2026-06-25
좌천동0019,1,부산광역시 동구 성북로45번길 12-4,부산광역시 동구 좌천동 905-55,35.137718,129.0488973,,,051-440-4674,부산광역시 동구청,2026-06-25
좌천동0020,1,부산광역시 동구 성북로45번길 12-5,부산광역시 동구 좌천동 905-50,35.1375906,129.0488379,,,051-440-4674,부산광역시 동구청,2026-06-25
좌천동0021,1,부산광역시 동구 망양로870번길 21,부산광역시 동구 좌천동 904-6,35.1375523,129.0487006,,,051-440-4674,부산광역시 동구청,2026-06-25
좌천동0022,1,부산광역시 동구 증산서로 31-1,부산광역시 동구 좌천동 904-1,35.1374244,129.0490183,,,051-440-4674,부산광역시 동구청,2026-06-25
좌천동0023,1,부산광역시 동구 성북로45번길 11-3,부산광역시 동구 좌천동 905-62,35.1376295,129.0491553,,,051-440-4674,부산광역시 동구청,2026-06-25
좌천동0024,1,부산광역시 동구 망양로864번길 9,부산광역시 동구 좌천동 905-11,35.137612,129.0482239,,,051-440-4674,부산광역시 동구청,2026-06-25
좌천동0025,1,부산광역시 동구 망양로864번길 7,부산광역시 동구 좌천동 905-6,35.1376969,129.0481579,,,051-440-4674,부산광역시 동구청,2026-06-25
좌천동0026,1,부산광역시 동구 망양로864번길 10-6,부산광역시 동구 좌천동 905-78,35.1374591,129.0479958,,,051-440-4674,부산광역시 동구청,2026-06-25
좌천동0027,1,부산광역시 동구 망양로864번길 4,부산광역시 동구 좌천동 910-11,35.1376225,129.0479785,,,051-440-4674,부산광역시 동구청,2026-06-25
좌천동0028,1,부산광역시 동구 증산서로23번길 9,부산광역시 동구 좌천동 919-1,35.136657,129.048237,,,051-440-4674,부산광역시 동구청,2026-06-25
좌천동0029,1,부산광역시 동구 증산서로23번길 6,부산광역시 동구 좌천동 914-21,35.1369058,129.0484169,,,051-440-4674,부산광역시 동구청,2026-06-25
좌천동0030,1,부산광역시 동구 증산서로 27-4,부산광역시 동구 좌천동 914-11,35.1371029,129.0485898,,,051-440-4674,부산광역시 동구청,2026-06-25
좌천동0031,1,부산광역시 동구 망양로860번길 20-2,부산광역시 동구 좌천동 914-21,35.1371814,129.0485018,,,051-440-4674,부산광역시 동구청,2026-06-25
좌천동0032,1,부산광역시 동구 증산서로23번길 4,부산광역시 동구 좌천동 914-12,35.1367991,129.048639,,,051-440-4674,부산광역시 동구청,2026-06-25
좌천동0033,1,부산광역시 동구 증산서로 19-2,부산광역시 동구 좌천동 산6-60,35.1364647,129.0484641,,,051-440-4674,부산광역시 동구청,2026-06-25
좌천동0034,1,부산광역시 동구 증산서로19번길 4,부산광역시 동구 좌천동 산6-65,35.1363001,129.048357,,,051-440-4674,부산광역시 동구청,2026-06-25
좌천동0036,1,부산광역시 동구 망양로848번길 35,부산광역시 동구 좌천동 915-10,35.1365487,129.0480756,,,051-440-4674,부산광역시 동구청,2026-06-25
좌천동0038,1,부산광역시 동구 망양로848번길 25,부산광역시 동구 좌천동 915-26,35.1361822,129.0477784,,,051-440-4674,부산광역시 동구청,2026-06-25
좌천동0040,1,부산광역시 동구 증산서로13번길 8,부산광역시 동구 좌천동 917-5,35.1362144,129.0481354,,,051-440-4674,부산광역시 동구청,2026-06-25
좌천동0041,1,부산광역시 동구 증산서로 15,부산광역시 동구 좌천동 919-33,35.1360323,129.0482374,,,051-440-4674,부산광역시 동구청,2026-06-25
좌천동0042,1,부산광역시 동구 망양로848번길 17-1,부산광역시 동구 좌천동 915-23,35.1363161,129.0474797,,,051-440-4674,부산광역시 동구청,2026-06-25
좌천동0043,1,부산광역시 동구 망양로852번길 5-4,부산광역시 동구 좌천동 913-47,35.1366689,129.0476069,,,051-440-4674,부산광역시 동구청,2026-06-25
좌천동0044,1,부산광역시 동구 망양로 856-3,부산광역시 동구 좌천동 913-36,35.1369351,129.047635,,,051-440-4674,부산광역시 동구청,2026-06-25
좌천동0045,1,부산광역시 동구 망양로852번길 5-6,부산광역시 동구 좌천동 913-65,35.1367729,129.0476913,,,051-440-4674,부산광역시 동구청,2026-06-25
좌천동0046,1,부산광역시 동구 망양로 858-8,부산광역시 동구 좌천동 913-55,35.1369149,129.0478515,,,051-440-4674,부산광역시 동구청,2026-06-25
좌천동0047,1,부산광역시 동구 망양로 856-1,부산광역시 동구 좌천동 913-34,35.1370418,129.0475657,,,051-440-4674,부산광역시 동구청,2026-06-25
좌천동0048,1,부산광역시 동구 망양로852번길 21-3,부산광역시 동구 좌천동 914-6,35.1366503,129.0478593,,,051-440-4674,부산광역시 동구청,2026-06-25
좌천동0049,1,부산광역시 동구 증산서로 5-5,부산광역시 동구 좌천동 943-2,35.135356,129.0474607,,,051-440-4674,부산광역시 동구청,2026-06-25
좌천동0050,1,부산광역시 동구 증산서로 9-6,부산광역시 동구 좌천동 925-5,35.1359202,129.0477817,,,051-440-4674,부산광역시 동구청,2026-06-25
좌천동0051,1,부산광역시 동구 증산로 9-5,부산광역시 동구 좌천동 951-5,35.1350984,129.0467295,,,051-440-4674,부산광역시 동구청,2026-06-25
좌천동0052,1,부산광역시 동구 증산로 9-11,부산광역시 동구 좌천동 951-3,35.1351561,129.0466207,,,051-440-4674,부산광역시 동구청,2026-06-25
좌천동0053,1,부산광역시 동구 증산로 9-11,부산광역시 동구 좌천동 951-3,35.1351561,129.0466207,,,051-440-4674,부산광역시 동구청,2026-06-25
좌천동0054,1,부산광역시 동구 증산로3번길 2,부산광역시 동구 좌천동 1108,35.1351247,129.0462372,,,051-440-4674,부산광역시 동구청,2026-06-25
좌천동0055,1,부산광역시 동구 증산로3번길 5,부산광역시 동구 좌천동 939-12,35.1352372,129.0463871,,,051-440-4674,부산광역시 동구청,2026-06-25
좌천동0056,1,부산광역시 동구 진성로 58-1,부산광역시 동구 좌천동 1000-4,35.1333989,129.0460671,,,051-440-4674,부산광역시 동구청,2026-06-25
좌천동0057,1,부산광역시 동구 진성로60번길 7,부산광역시 동구 좌천동 973-76,35.13369,129.0460178,,,051-440-4674,부산광역시 동구청,2026-06-25
좌천동0058,1,부산광역시 동구 진성로60번길 10,부산광역시 동구 좌천동 973-10,35.1337895,129.0461378,,,051-440-4674,부산광역시 동구청,2026-06-25
좌천동0059,1,부산광역시 동구 좌천로 7,부산광역시 동구 좌천동 964,35.1340046,129.0464203,,,051-440-4674,부산광역시 동구청,2026-06-25
좌천동0060,1,부산광역시 동구 증산로8번길 22,부산광역시 동구 좌천동 975-7,35.134112,129.0463404,,,051-440-4674,부산광역시 동구청,2026-06-25
좌천동0061,1,부산광역시 동구 증산로8번길 18-2,부산광역시 동구 좌천동 977-5,35.1343665,129.0463927,,,051-440-4674,부산광역시 동구청,2026-06-25
좌천동0062,1,부산광역시 동구 증산로8번길 14-4,부산광역시 동구 좌천동 977-4,35.1344557,129.0463515,,,051-440-4674,부산광역시 동구청,2026-06-25
좌천동0063,1,부산광역시 동구 증산로8번길 11,부산광역시 동구 좌천동 955-1,35.1345036,129.0466134,,,051-440-4674,부산광역시 동구청,2026-06-25
좌천동0064,1,부산광역시 동구 증산로8번길 8,부산광역시 동구 좌천동 979-22,35.1345871,129.0462656,,,051-440-4674,부산광역시 동구청,2026-06-25
좌천동0065,1,부산광역시 동구 증산로6번길 6,부산광역시 동구 좌천동 979-12,35.1348075,129.046229,,,051-440-4674,부산광역시 동구청,2026-06-25
좌천동0066,1,부산광역시 동구 증산로6번길 8,부산광역시 동구 좌천동 979-13,35.1347131,129.0461606,,,051-440-4674,부산광역시 동구청,2026-06-25
좌천동0068,1,부산광역시 동구 증산로 4-7,부산광역시 동구 좌천동 987-4,35.1348509,129.0459717,,,051-440-4674,부산광역시 동구청,2026-06-25
좌천동0069,1,부산광역시 동구 증산로 4-8,부산광역시 동구 좌천동 986-10,35.134768,129.0457811,,,051-440-4674,부산광역시 동구청,2026-06-25
좌천동0070,1,부산광역시 동구 증산로6번길 15,부산광역시 동구 좌천동 989-1,35.1345007,129.0458348,,,051-440-4674,부산광역시 동구청,2026-06-25
좌천동0071,1,부산광역시 동구 증산로6번길 11,부산광역시 동구 좌천동 979-30,35.1344053,129.0459651,,,051-440-4674,부산광역시 동구청,2026-06-25
좌천동0072,1,부산광역시 동구 증산로6번가길 5,부산광역시 동구 좌천동 977-10,35.1344081,129.0461834,,,051-440-4674,부산광역시 동구청,2026-06-25
좌천동0073,1,부산광역시 동구 증산로6번가길 7,부산광역시 동구 좌천동 979-28,35.1343581,129.0461302,,,051-440-4674,부산광역시 동구청,2026-06-25
좌천동0074,1,부산광역시 동구 증산로6번가길 9,부산광역시 동구 좌천동 973-27,35.134252,129.0461271,,,051-440-4674,부산광역시 동구청,2026-06-25
좌천동0075,1,부산광역시 동구 증산로6번가길 16,부산광역시 동구 좌천동 973-46,35.1339868,129.0461152,,,051-440-4674,부산광역시 동구청,2026-06-25
좌천동0076,1,부산광역시 동구 진성로68번가길 11,부산광역시 동구 좌천동 973-47,35.1339257,129.0460204,,,051-440-4674,부산광역시 동구청,2026-06-25
좌천동0077,1,부산광역시 동구 진성로68번가길 6,부산광역시 동구 좌천동 973-60,35.1339912,129.0457759,,,051-440-4674,부산광역시 동구청,2026-06-25
좌천동0078,1,부산광역시 동구 진성로68번가길 3,부산광역시 동구 좌천동 973-51,35.1341958,129.0457354,,,051-440-4674,부산광역시 동구청,2026-06-25
좌천동0080,1,부산광역시 동구 진성로68번길 18,부산광역시 동구 좌천동 990-13,35.1344575,129.0456428,,,051-440-4674,부산광역시 동구청,2026-06-25
좌천동0081,1,부산광역시 동구 진성로68번길 19,부산광역시 동구 좌천동 991-6,35.134511,129.0455484,,,051-440-4674,부산광역시 동구청,2026-06-25
좌천동0082,1,부산광역시 동구 진성로68번길 5,부산광역시 동구 좌천동 992-4,35.1340123,129.0454239,,,051-440-4674,부산광역시 동구청,2026-06-25
좌천동0083,1,부산광역시 동구 진성로66번길 5,부산광역시 동구 좌천동 973-148,35.1336952,129.0457281,,,051-440-4674,부산광역시 동구청,2026-06-25
좌천동0084,1,부산광역시 동구 진성로66번길 7,부산광역시 동구 좌천동 973-131,35.1337366,129.0458116,,,051-440-4674,부산광역시 동구청,2026-06-25
좌천동0085,1,부산광역시 동구 진성로 61-1,부산광역시 동구 좌천동 993-6,35.1333901,129.0455497,,,051-440-4674,부산광역시 동구청,2026-06-25
좌천동0086,1,부산광역시 동구 진성로 59,부산광역시 동구 좌천동 996-11,35.1331997,129.0458565,,,051-440-4674,부산광역시 동구청,2026-06-25
좌천동0087,1,부산광역시 동구 진성로57-5,부산광역시 동구 좌천동 998-14,35.133037,129.0457237,,,051-440-4674,부산광역시 동구청,2026-06-25
좌천동0088,1,부산광역시 동구 진성로 57-7,부산광역시 동구 좌천동 997-1,35.1330605,129.0456423,,,051-440-4674,부산광역시 동구청,2026-06-25
좌천동0089,1,부산광역시 동구 진성로 57-8,부산광역시 동구 좌천동 996-8,35.1331733,129.0455455,,,051-440-4674,부산광역시 동구청,2026-06-25
좌천동0090,1,부산광역시 동구 진성로 57-10,부산광역시 동구 좌천동 996-9,35.1330984,129.045448,,,051-440-4674,부산광역시 동구청,2026-06-25
좌천동0091,1,부산광역시 동구 진성로 59-4,부산광역시 동구 좌천동 994-9,35.1332601,129.0454241,,,051-440-4674,부산광역시 동구청,2026-06-25
좌천동0092,1,부산광역시 동구 진성로65번길 5,부산광역시 동구 좌천동 994-20,35.1333287,129.0453677,,,051-440-4674,부산광역시 동구청,2026-06-25
좌천동0093,1,부산광역시 동구 증산로 2,부산광역시 동구 좌천동 986-6,35.1349362,129.0457898,,,051-440-4674,부산광역시 동구청,2026-06-25
좌천동0094,1,부산광역시 동구 증산로 10-4,부산광역시 동구 좌천동 950-3,35.1346959,129.0467118,,,051-440-4674,부산광역시 동구청,2026-06-25
좌천동0095,1,부산광역시 동구 증산로 10-8,부산광역시 동구 좌천동 949-2,35.1346616,129.0468242,,,051-440-4674,부산광역시 동구청,2026-06-25
좌천동0096,1,부산광역시 동구 좌천로 15-1,부산광역시 동구 좌천동 947-9,35.134607,129.0469982,,,051-440-4674,부산광역시 동구청,2026-06-25
좌천동0097,1,부산광역시 동구 능풍길7번길 39,부산광역시 동구 좌천동 961-1,35.1338442,129.0467177,,,051-440-4674,부산광역시 동구청,2026-06-25
좌천동0098,1,부산광역시 동구 능풍길7번길 43,부산광역시 동구 좌천동 958-10,35.1340314,129.0467257,,,051-440-4674,부산광역시 동구청,2026-06-25
좌천동0100,1,부산광역시 동구 좌천로 12,부산광역시 동구 좌천동 958-7,35.1343436,129.0468269,,,051-440-4674,부산광역시 동구청,2026-06-25
좌천동0101,1,부산광역시 동구 성북로 35,부산광역시 동구 좌천동 900-3,35.1369815,129.0496477,,,051-440-4674,부산광역시 동구청,2026-06-25
좌천동0102,1,부산광역시 동구 성북로 33,부산광역시 동구 좌천동 900-6,35.1369011,129.0496424,,,051-440-4674,부산광역시 동구청,2026-06-25
좌천동0103,1,부산광역시 동구 성북로 31,부산광역시 동구 좌천동 892-8,35.1367497,129.0496169,,,051-440-4674,부산광역시 동구청,2026-06-25
좌천동0104,1,부산광역시 동구 성북로 27,부산광역시 동구 좌천동 893-2,35.1362623,129.0496377,,,051-440-4674,부산광역시 동구청,2026-06-25
좌천동0105,1,부산광역시 동구 성북로 25-4,부산광역시 동구 좌천동 892-24,35.1361372,129.0496423,,,051-440-4674,부산광역시 동구청,2026-06-25
좌천동0106,1,부산광역시 동구 증산서로18번길 25-1,부산광역시 동구 좌천동 892-57,35.1359393,129.0495387,,,051-440-4674,부산광역시 동구청,2026-06-25
좌천동0107,1,부산광역시 동구 성북로 22-1,부산광역시 동구 좌천동 860-51,35.1357739,129.0499547,,,051-440-4674,부산광역시 동구청,2026-06-25
좌천동0108,1,부산광역시 동구 성북로 22-1,부산광역시 동구 좌천동 880-18,35.1357739,129.0499547,,,051-440-4674,부산광역시 동구청,2026-06-25
좌천동0109,1,부산광역시 동구 성북로 22-1,부산광역시 동구 좌천동 860-51,35.1357739,129.0499547,,,051-440-4674,부산광역시 동구청,2026-06-25
좌천동0110,1,부산광역시 동구 성북로 22-3,부산광역시 동구 좌천동 742-1,35.1357831,129.0500624,,,051-440-4674,부산광역시 동구청,2026-06-25
좌천동0111,1,부산광역시 동구 성북로 22-7,부산광역시 동구 좌천동 880-9,35.1357979,129.0502819,,,051-440-4674,부산광역시 동구청,2026-06-25
좌천동0112,1,부산광역시 동구 성북로22번길 17,부산광역시 동구 좌천동 741-1,35.1361023,129.0499113,,,051-440-4674,부산광역시 동구청,2026-06-25
좌천동0113,1,부산광역시 동구 성북로22번길 17,부산광역시 동구 좌천동 741-1,35.1361023,129.0499113,,,051-440-4674,부산광역시 동구청,2026-06-25
좌천동0114,1,부산광역시 동구 성북로22번길 17,부산광역시 동구 좌천동 741-1,35.1361023,129.0499113,,,051-440-4674,부산광역시 동구청,2026-06-25
좌천동0116,1,부산광역시 동구 증산동로37번길 23,부산광역시 동구 좌천동 744-3,35.1357372,129.0506379,,,051-440-4674,부산광역시 동구청,2026-06-25
좌천동0117,1,부산광역시 동구 성북로 20-9,부산광역시 동구 좌천동 742-2,35.1356973,129.0505121,,,051-440-4674,부산광역시 동구청,2026-06-25
좌천동0118,1,부산광역시 동구 증산서로18번길 34,부산광역시 동구 좌천동 860-140,35.1355853,129.0495093,,,051-440-4674,부산광역시 동구청,2026-06-25
좌천동0119,1,부산광역시 동구 증산서로18번길 28,부산광역시 동구 좌천동 883-6,35.1358126,129.0494333,,,051-440-4674,부산광역시 동구청,2026-06-25
좌천동0120,1,부산광역시 동구 증산서로18번길 23,부산광역시 동구 좌천동 892-28,35.1360528,129.0494873,,,051-440-4674,부산광역시 동구청,2026-06-25
좌천동0121,1,부산광역시 동구 증산서로18번길 12-3,부산광역시 동구 좌천동 884,35.1359902,129.049104,,,051-440-4674,부산광역시 동구청,2026-06-25
좌천동0122,1,부산광역시 동구 증산서로18번길 12-1,부산광역시 동구 좌천동 산8-2,35.1359594,129.0489864,,,051-440-4674,부산광역시 동구청,2026-06-25
좌천동0123,1,부산광역시 동구 증산서로18번길 12-5,부산광역시 동구 좌천동 892-43,35.1358372,129.0490398,,,051-440-4674,부산광역시 동구청,2026-06-25
좌천동0124,1,부산광역시 동구 증산서로18번길 5,부산광역시 동구 좌천동 884-2,35.1360682,129.0487923,,,051-440-4674,부산광역시 동구청,2026-06-25
좌천동0125,1,부산광역시 동구 증산서로18번길 13-4,부산광역시 동구 좌천동 884-2,35.1361372,129.0488948,,,051-440-4674,부산광역시 동구청,2026-06-25
좌천동0126,1,부산광역시 동구 증산서로20-13,부산광역시 동구 좌천동 890-3,35.1362464,129.0488746,,,051-440-4674,부산광역시 동구청,2026-06-25
좌천동0127,1,부산광역시 동구 증산서로 20-11,부산광역시 동구 좌천동 890-2,35.1363357,129.0489245,,,051-440-4674,부산광역시 동구청,2026-06-25
좌천동0128,1,부산광역시 동구 증산서로 20-17,부산광역시 동구 좌천동 891-1,35.1361862,129.0491184,,,051-440-4674,부산광역시 동구청,2026-06-25
좌천동0129,1,부산광역시 동구 성북로1번길 53,부산광역시 동구 좌천동 860-142,35.1355398,129.0493464,,,051-440-4674,부산광역시 동구청,2026-06-25
좌천동0130,1,부산광역시 동구 성북로1번길 53,부산광역시 동구 좌천동 860-142,35.1355398,129.0493464,,,051-440-4674,부산광역시 동구청,2026-06-25
좌천동0131,1,부산광역시 동구 성북로1번길 53-4,부산광역시 동구 좌천동 860-68,35.1357051,129.0494004,,,051-440-4674,부산광역시 동구청,2026-06-25
좌천동0132,1,부산광역시 동구 성북로1번길 42,부산광역시 동구 좌천동 860-70,35.135227,129.0490757,,,051-440-4674,부산광역시 동구청,2026-06-25
좌천동0133,1,부산광역시 동구 성북로1번길 34,부산광역시 동구 좌천동 860-98,35.1349573,129.0488541,,,051-440-4674,부산광역시 동구청,2026-06-25
좌천동0134,1,부산광역시 동구 성북로1번길 29,부산광역시 동구 좌천동 861-18,35.134729,129.048622,,,051-440-4674,부산광역시 동구청,2026-06-25
좌천동0135,1,부산광역시 동구 성북로1번길 27,부산광역시 동구 좌천동 861-28,35.1345861,129.0486112,,,051-440-4674,부산광역시 동구청,2026-06-25
좌천동0136,1,부산광역시 동구 성북로1번길 23,부산광역시 동구 좌천동 861-19,35.1344292,129.0485722,,,051-440-4674,부산광역시 동구청,2026-06-25
좌천동0137,1,부산광역시 동구 성북로1번길 21,부산광역시 동구 좌천동 860-152,35.1343112,129.0486541,,,051-440-4674,부산광역시 동구청,2026-06-25
좌천동0138,1,부산광역시 동구 성북로15번길 37,부산광역시 동구 좌천동 860-117,35.134351,129.0489199,,,051-440-4674,부산광역시 동구청,2026-06-25
좌천동0139,1,부산광역시 동구 성북로15번길 33,부산광역시 동구 좌천동 860-109,35.1344488,129.0490073,,,051-440-4674,부산광역시 동구청,2026-06-25
좌천동0140,1,부산광역시 동구 성북로15번길 30,부산광역시 동구 좌천동 860-102,35.13467,129.0488711,,,051-440-4674,부산광역시 동구청,2026-06-25
좌천동0141,1,부산광역시 동구 성북로5번길 11,부산광역시 동구 좌천동 860-110,35.1345477,129.0491167,,,051-440-4674,부산광역시 동구청,2026-06-25
좌천동0142,1,부산광역시 동구 성북로 7-7,부산광역시 동구 좌천동 860-49,35.1346376,129.0493815,,,051-440-4674,부산광역시 동구청,2026-06-25
좌천동0143,1,부산광역시 동구 성북로 7-7,부산광역시 동구 좌천동 860-49,35.1346376,129.0493815,,,051-440-4674,부산광역시 동구청,2026-06-25
좌천동0144,1,부산광역시 동구 성북로5번길 6,부산광역시 동구 좌천동 860-17,35.134645,129.0495064,,,051-440-4674,부산광역시 동구청,2026-06-25
좌천동0145,1,부산광역시 동구 성북로 3-6,부산광역시 동구 좌천동 860-113,35.1344006,129.0492865,,,051-440-4674,부산광역시 동구청,2026-06-25
좌천동0146,1,부산광역시 동구 성북로5번길 1-9,부산광역시 동구 좌천동 860-114,35.1344226,129.0491168,,,051-440-4674,부산광역시 동구청,2026-06-25
좌천동0147,1,부산광역시 동구 성북로 3-6,부산광역시 동구 좌천동 860-113,35.1344006,129.0492865,,,051-440-4674,부산광역시 동구청,2026-06-25
좌천동0148,1,부산광역시 동구 성북로 2,부산광역시 동구 좌천동 880-61,35.1342161,129.0496982,,,051-440-4674,부산광역시 동구청,2026-06-25
좌천동0149,1,부산광역시 동구 성북로1번길 5,부산광역시 동구 좌천동 860-40,35.1340468,129.049256,,,051-440-4674,부산광역시 동구청,2026-06-25
좌천동0150,1,부산광역시 동구 성북로1번길 13,부산광역시 동구 좌천동 860-128,35.1339915,129.0489422,,,051-440-4674,부산광역시 동구청,2026-06-25
좌천동0151,1,부산광역시 동구 성북로1번길 10-1,부산광역시 동구 좌천동 860-119,35.1342712,129.0490496,,,051-440-4674,부산광역시 동구청,2026-06-25
좌천동0152,1,부산광역시 동구 성북로2번길 5,부산광역시 동구 좌천동 880-57,35.134359,129.0498618,,,051-440-4674,부산광역시 동구청,2026-06-25
좌천동0153,1,부산광역시 동구 성북로2번길 11,부산광역시 동구 좌천동 880-88,35.1343941,129.0502556,,,051-440-4674,부산광역시 동구청,2026-06-25
좌천동0154,1,부산광역시 동구 성북로2번길 17,부산광역시 동구 좌천동 880-133,35.1344104,129.0506382,,,051-440-4674,부산광역시 동구청,2026-06-25
좌천동0155,1,부산광역시 동구 성북로 6,부산광역시 동구 좌천동 859-3,35.1344688,129.0497623,,,051-440-4674,부산광역시 동구청,2026-06-25
좌천동0156,1,부산광역시 동구 성북로6번길 5,부산광역시 동구 좌천동 880-74,35.1346343,129.0499692,,,051-440-4674,부산광역시 동구청,2026-06-25
좌천동0157,1,부산광역시 동구 성북로6번길 13,부산광역시 동구 좌천동 880-96,35.1346602,129.0504796,,,051-440-4674,부산광역시 동구청,2026-06-25
좌천동0158,1,부산광역시 동구 성북로6번길 17,부산광역시 동구 좌천동 880-99,35.1346799,129.0506665,,,051-440-4674,부산광역시 동구청,2026-06-25
좌천동0159,1,부산광역시 동구 성북로6번길 19,부산광역시 동구 좌천동 880-144,35.1346867,129.0507546,,,051-440-4674,부산광역시 동구청,2026-06-25
좌천동0160,1,부산광역시 동구 증산동로 27-2,부산광역시 동구 좌천동 788-7,35.1347063,129.0509751,,,051-440-4674,부산광역시 동구청,2026-06-25
좌천동0161,1,부산광역시 동구 성북로6번길 4-2,부산광역시 동구 좌천동 880-83,35.1344859,129.049851,,,051-440-4674,부산광역시 동구청,2026-06-25
좌천동0162,1,부산광역시 동구 성북로6번길 3,부산광역시 동구 좌천동 880-82,35.1345916,129.0498583,,,051-440-4674,부산광역시 동구청,2026-06-25
좌천동0163,1,부산광역시 동구 성북로 6번길4-11,부산광역시 동구 좌천동 880-131,35.134544,129.0505207,,,051-440-4674,부산광역시 동구청,2026-06-25
좌천동0164,1,부산광역시 동구 성북로6번길 3,부산광역시 동구 좌천동 880-82,35.1345916,129.0498583,,,051-440-4674,부산광역시 동구청,2026-06-25
좌천동0165,1,부산광역시 동구 성북로 8-5,부산광역시 동구 좌천동 880-78,35.1347957,129.0502161,,,051-440-4674,부산광역시 동구청,2026-06-25
좌천동0166,1,부산광역시 동구 성북로 8-11,부산광역시 동구 좌천동 880-92,35.1348029,129.0506547,,,051-440-4674,부산광역시 동구청,2026-06-25
좌천동0167,1,부산광역시 동구 성북로 10,부산광역시 동구 좌천동 880-51,35.1347864,129.0500782,,,051-440-4674,부산광역시 동구청,2026-06-25
좌천동0168,1,부산광역시 동구 성북로 10-3,부산광역시 동구 좌천동 880-50,35.1349272,129.0502065,,,051-440-4674,부산광역시 동구청,2026-06-25
좌천동0169,1,부산광역시 동구 성북로 10-5,부산광역시 동구 좌천동 880-49,35.1349195,129.0503404,,,051-440-4674,부산광역시 동구청,2026-06-25
좌천동0170,1,부산광역시 동구 성북로 9-6,부산광역시 동구 좌천동 860-32,35.1348746,129.049623,,,051-440-4674,부산광역시 동구청,2026-06-25
좌천동0171,1,부산광역시 동구 성북로 12-3,부산광역시 동구 좌천동 880-44,35.135057,129.0502005,,,051-440-4674,부산광역시 동구청,2026-06-25
좌천동0172,1,부산광역시 동구 성북로 12-9,부산광역시 동구 좌천동 880-41,35.1350704,129.0506022,,,051-440-4674,부산광역시 동구청,2026-06-25
좌천동0173,1,부산광역시 동구 성북로 11-6,부산광역시 동구 좌천동 860-31,35.1350317,129.0496174,,,051-440-4674,부산광역시 동구청,2026-06-25
좌천동0174,1,부산광역시 동구 성북로 11-10,부산광역시 동구 좌천동 860-84,35.1349915,129.0493625,,,051-440-4674,부산광역시 동구청,2026-06-25
좌천동0176,1,부산광역시 동구 성북로1번길 38-4,부산광역시 동구 좌천동 860-97,35.1348691,129.0489026,,,051-440-4674,부산광역시 동구청,2026-06-25
좌천동0177,1,부산광역시 동구 성북로15번길 14,부산광역시 동구 좌천동 860-76,35.1352679,129.0492295,,,051-440-4674,부산광역시 동구청,2026-06-25
좌천동0178,1,부산광역시 동구 성북로15번길 12,부산광역시 동구 좌천동 860-77,35.1353194,129.049322,,,051-440-4674,부산광역시 동구청,2026-06-25
좌천동0179,1,부산광역시 동구 성북로15번길 8,부산광역시 동구 좌천동 860-155,35.1353708,129.0495905,,,051-440-4674,부산광역시 동구청,2026-06-25
좌천동0180,1,부산광역시 동구 성북로 16-1,부산광역시 동구 좌천동 880-103,35.1353086,129.0500564,,,051-440-4674,부산광역시 동구청,2026-06-25
좌천동0181,1,부산광역시 동구 성북로16번길 1,부산광역시 동구 좌천동 880-38,35.135424,129.0500445,,,051-440-4674,부산광역시 동구청,2026-06-25
좌천동0182,1,부산광역시 동구 성북로 15-4,부산광역시 동구 좌천동 860-5,35.1352947,129.0497247,,,051-440-4674,부산광역시 동구청,2026-06-25
좌천동0183,1,부산광역시 동구 성북로 15-8,부산광역시 동구 좌천동 860-79,35.1352074,129.0494652,,,051-440-4674,부산광역시 동구청,2026-06-25
좌천동0184,1,부산광역시 동구 성북로 16-1,부산광역시 동구 좌천동 880-103,35.1353086,129.0500564,,,051-440-4674,부산광역시 동구청,2026-06-25
좌천동0185,1,부산광역시 동구 성북로 16-1,부산광역시 동구 좌천동 880-32,35.1353086,129.0500564,,,051-440-4674,부산광역시 동구청,2026-06-25
좌천동0186,1,부산광역시 동구 성북로 16-10,부산광역시 동구 좌천동 880-36,35.1352011,129.0504553,,,051-440-4674,부산광역시 동구청,2026-06-25
좌천동0187,1,부산광역시 동구 증산동로37번길13,부산광역시 동구 좌천동 880-35,35.1351819,129.0507194,,,051-440-4674,부산광역시 동구청,2026-06-25
좌천동0188,1,부산광역시 동구 증산동로37번길 13,부산광역시 동구 좌천동 743-2,35.1351819,129.0507194,,,051-440-4674,부산광역시 동구청,2026-06-25
좌천동0189,1,부산광역시 동구 성북로 18-7,부산광역시 동구 좌천동 742-3,35.1355836,129.0504409,,,051-440-4674,부산광역시 동구청,2026-06-25
좌천동0190,1,부산광역시 동구 성북로 18-1,부산광역시 동구 좌천동 880-22,35.1355352,129.0500086,,,051-440-4674,부산광역시 동구청,2026-06-25
좌천동0191,1,부산광역시 동구 성북로16번길 5,부산광역시 동구 좌천동 880-26,35.1354677,129.0503137,,,051-440-4674,부산광역시 동구청,2026-06-25
좌천동0192,1,부산광역시 동구 성북로 16-11,부산광역시 동구 좌천동 787-12,35.1353467,129.0505949,,,051-440-4674,부산광역시 동구청,2026-06-25
좌천동0193,1,부산광역시 동구 성북로 11-4,부산광역시 동구 좌천동 860-30,35.1350135,129.0497476,,,051-440-4674,부산광역시 동구청,2026-06-25
좌천동0194,1,부산광역시 동구 성북로 14-5,부산광역시 동구 좌천동 880-37,35.1352016,129.0503197,,,051-440-4674,부산광역시 동구청,2026-06-25
좌천동0195,1,부산광역시 동구 성북로 14-9,부산광역시 동구 좌천동 880-35,35.1352148,129.0505971,,,051-440-4674,부산광역시 동구청,2026-06-25
좌천동0196,1,부산광역시 동구 성북로 14-9,부산광역시 동구 좌천동 796-43,35.1352148,129.0505971,,,051-440-4674,부산광역시 동구청,2026-06-25
좌천동0197,1,부산광역시 동구 증산동로 20-1,부산광역시 동구 좌천동 796-45,35.1340874,129.0506866,,,051-440-4674,부산광역시 동구청,2026-06-25
좌천동0198,1,부산광역시 동구 증산동로 29,부산광역시 동구 좌천동 788-10,35.1348331,129.0510488,,,051-440-4674,부산광역시 동구청,2026-06-25
좌천동0199,1,부산광역시 동구 증산동로 29-6,부산광역시 동구 좌천동 787-24,35.1349648,129.0509866,,,051-440-4674,부산광역시 동구청,2026-06-25
좌천동0200,1,부산광역시 동구 증산동로37번길 11-4,부산광역시 동구 좌천동 787-33,35.1350823,129.0508224,,,051-440-4674,부산광역시 동구청,2026-06-25
좌천동0202,1,부산광역시 동구 성남이로57번길 6-4,부산광역시 동구 좌천동 3-10,35.1336261,129.0560873,,,051-440-4674,부산광역시 동구청,2026-06-25
좌천동0203,1,부산광역시 동구 성남이로57번길 5,부산광역시 동구 좌천동 5-9,35.1334847,129.0563003,,,051-440-4674,부산광역시 동구청,2026-06-25
좌천동0204,1,부산광역시 동구 성남이로57번길 12,부산광역시 동구 좌천동 11-1,35.133289,129.0562314,,,051-440-4674,부산광역시 동구청,2026-06-25
좌천동0205,1,부산광역시 동구 성남이로57번길 17,부산광역시 동구 좌천동 68-131,35.1330374,129.0562799,,,051-440-4674,부산광역시 동구청,2026-06-25
좌천동0207,1,부산광역시 동구 성남이로57번길 20,부산광역시 동구 좌천동 68-134,35.1330601,129.056058,,,051-440-4674,부산광역시 동구청,2026-06-25
좌천동0208,1,부산광역시 동구 성남이로57번길 20-7,부산광역시 동구 좌천동 16-3,35.133356,129.0560648,,,051-440-4674,부산광역시 동구청,2026-06-25
좌천동0209,1,부산광역시 동구 성남이로57번길 20,부산광역시 동구 좌천동 68-134,35.1330601,129.056058,,,051-440-4674,부산광역시 동구청,2026-06-25
좌천동0210,1,부산광역시 동구 성남이로57번길 20,부산광역시 동구 좌천동 68-138,35.1330601,129.056058,,,051-440-4674,부산광역시 동구청,2026-06-25
좌천동0211,1,부산광역시 동구 성남이로59번길13-5,부산광역시 동구 좌천동 21-2,35.1332524,129.0558973,,,051-440-4674,부산광역시 동구청,2026-06-25
좌천동0212,1,부산광역시 동구 성남이로59번길 13-3,부산광역시 동구 좌천동 23-5,35.1333519,129.0558559,,,051-440-4674,부산광역시 동구청,2026-06-25
좌천동0213,1,부산광역시 동구 성남이로59번길 13,부산광역시 동구 좌천동 23-2,35.133444,129.0558392,,,051-440-4674,부산광역시 동구청,2026-06-25
좌천동0215,1,부산광역시 동구 성남이로59번길 19,부산광역시 동구 좌천동 32-1,35.1331957,129.0555528,,,051-440-4674,부산광역시 동구청,2026-06-25
좌천동0216,1,부산광역시 동구 성남이로51,부산광역시 동구 좌천동 7-2,35.1333994,129.0563703,,,051-440-4674,부산광역시 동구청,2026-06-25
좌천동0217,1,부산광역시 동구 성남이로 47,부산광역시 동구 좌천동 8-11,35.133348,129.0567201,,,051-440-4674,부산광역시 동구청,2026-06-25
좌천동0218,1,부산광역시 동구 성남이로 47-6,부산광역시 동구 좌천동 9-6,35.1333086,129.0566771,,,051-440-4674,부산광역시 동구청,2026-06-25
좌천동0219,1,부산광역시 동구 성남이로 37번길5,부산광역시 동구 좌천동 68-158,35.1328263,129.056617,,,051-440-4674,부산광역시 동구청,2026-06-25
좌천동0220,1,부산광역시 동구 성남이로37번나길 5,부산광역시 동구 좌천동 68-179,35.1326371,129.0563045,,,051-440-4674,부산광역시 동구청,2026-06-25
좌천동0221,1,부산광역시 동구 성남이로37번길 13,부산광역시 동구 좌천동 68-183,35.1328543,129.0561845,,,051-440-4674,부산광역시 동구청,2026-06-25
좌천동0222,1,부산광역시 동구 성남이로37번나길 14,부산광역시 동구 좌천동 68-190,35.1325715,129.0558527,,,051-440-4674,부산광역시 동구청,2026-06-25
좌천동0223,1,부산광역시 동구 성남이로37번가길 5,부산광역시 동구 좌천동 68-163,35.1327119,129.0566952,,,051-440-4674,부산광역시 동구청,2026-06-25
좌천동0224,1,부산광역시 동구 성남이로37번가길 8,부산광역시 동구 좌천동 68-174,35.132432,129.0563622,,,051-440-4674,부산광역시 동구청,2026-06-25
좌천동0225,1,부산광역시 동구 성남이로25,부산광역시 동구 좌천동 68-164,35.1324677,129.0567423,,,051-440-4674,부산광역시 동구청,2026-06-25
좌천동0226,1,부산광역시 동구 성남이로37번가길 8,부산광역시 동구 좌천동 68-168,35.132432,129.0563622,,,051-440-4674,부산광역시 동구청,2026-06-25
좌천동0227,1,부산광역시 동구 성남이로37번가길 16,부산광역시 동구 좌천동 68-167,35.1322982,129.0565747,,,051-440-4674,부산광역시 동구청,2026-06-25
좌천동0228,1,부산광역시 동구 성남이로13번길 8-9,부산광역시 동구 좌천동 68-283,35.1321958,129.0564998,,,051-440-4674,부산광역시 동구청,2026-06-25
좌천동0229,1,부산광역시 동구 성남이로 19-8,부산광역시 동구 좌천동 68-251,35.132147,129.0566881,,,051-440-4674,부산광역시 동구청,2026-06-25
좌천동0230,1,부산광역시 동구 성남이로13번길 8-4,부산광역시 동구 좌천동 68-270,35.1320466,129.0566238,,,051-440-4674,부산광역시 동구청,2026-06-25
좌천동0231,1,부산광역시 동구 성남일로 14,부산광역시 동구 좌천동 68-119,35.1322955,129.055886,,,051-440-4674,부산광역시 동구청,2026-06-25
좌천동0232,1,부산광역시 동구 성남이로37번가길 14-7,부산광역시 동구 좌천동 68-170,35.132252,129.0562398,,,051-440-4674,부산광역시 동구청,2026-06-25
좌천동0233,1,부산광역시 동구 성남일로 14,부산광역시 동구 좌천동 68-119,35.1322955,129.055886,,,051-440-4674,부산광역시 동구청,2026-06-25
좌천동0234,1,부산광역시 동구 성남이로13번길 17,부산광역시 동구 좌천동 68-315,35.1319165,129.0561326,,,051-440-4674,부산광역시 동구청,2026-06-25
좌천동0235,1,부산광역시 동구 성남이로13번길 16,부산광역시 동구 좌천동 68-300,35.1319934,129.056213,,,051-440-4674,부산광역시 동구청,2026-06-25
좌천동0236,1,부산광역시 동구 성남이로13번길 10-14,부산광역시 동구 좌천동 68-288,35.1320862,129.0563717,,,051-440-4674,부산광역시 동구청,2026-06-25
좌천동0237,1,부산광역시 동구 성남이로13번길 12,부산광역시 동구 좌천동 68-294,35.1319327,129.0563371,,,051-440-4674,부산광역시 동구청,2026-06-25
좌천동0238,1,부산광역시 동구 성남이로13번길 6-2,부산광역시 동구 좌천동 68-265,35.131941,129.0566028,,,051-440-4674,부산광역시 동구청,2026-06-25
좌천동0239,1,부산광역시 동구 성남이로11번길 6,부산광역시 동구 좌천동 68-358,35.1318421,129.0566846,,,051-440-4674,부산광역시 동구청,2026-06-25
좌천동0241,1,부산광역시 동구 성남이로11번길 14,부산광역시 동구 좌천동 68-344,35.1317897,129.0562538,,,051-440-4674,부산광역시 동구청,2026-06-25
좌천동0242,1,부산광역시 동구 성남이로11번길 20,부산광역시 동구 좌천동 68-327,35.1318506,129.0559595,,,051-440-4674,부산광역시 동구청,2026-06-25
좌천동0243,1,부산광역시 동구 성남일로 6,부산광역시 동구 좌천동 68-421,35.1315457,129.0557419,,,051-440-4674,부산광역시 동구청,2026-06-25
좌천동0246,1,부산광역시 동구 성남이로9번길 14,부산광역시 동구 좌천동 68-388,35.1316763,129.0562569,,,051-440-4674,부산광역시 동구청,2026-06-25
좌천동0248,1,부산광역시 동구 성남이로9번길 1,부산광역시 동구 좌천동 68-461,35.1316623,129.056886,,,051-440-4674,부산광역시 동구청,2026-06-25
좌천동0250,1,부산광역시 동구 성남이로7번길 9,부산광역시 동구 좌천동 68-476,35.1315557,129.0565228,,,051-440-4674,부산광역시 동구청,2026-06-25
좌천동0251,1,부산광역시 동구 성남이로7번길 14,부산광역시 동구 좌천동 68-438,35.1315801,129.0562431,,,051-440-4674,부산광역시 동구청,2026-06-25
좌천동0252,1,부산광역시 동구 성남이로5번길 18-1,부산광역시 동구 좌천동 68-493,35.1315165,129.0560385,,,051-440-4674,부산광역시 동구청,2026-06-25
좌천동0253,1,부산광역시 동구 성남이로5번길 24,부산광역시 동구 좌천동 68-507,35.1314643,129.0557715,,,051-440-4674,부산광역시 동구청,2026-06-25
좌천동0254,1,부산광역시 동구 성남이로5번길 19,부산광역시 동구 좌천동 68-519,35.1314157,129.0559621,,,051-440-4674,부산광역시 동구청,2026-06-25
좌천동0255,1,부산광역시 동구 성남이로3번길 14-1,부산광역시 동구 좌천동 68-530,35.1314487,129.0562277,,,051-440-4674,부산광역시 동구청,2026-06-25
좌천동0256,1,부산광역시 동구 성남이로7번길 11,부산광역시 동구 좌천동 68-482,35.131529,129.0563846,,,051-440-4674,부산광역시 동구청,2026-06-25
좌천동0257,1,부산광역시 동구 성남이로5번길 8-1,부산광역시 동구 좌천동 68-473,35.1315286,129.0566154,,,051-440-4674,부산광역시 동구청,2026-06-25
좌천동0258,1,부산광역시 동구 성남이로 5-1,부산광역시 동구 좌천동 68-465,35.1315663,129.0568886,,,051-440-4674,부산광역시 동구청,2026-06-25
좌천동0260,1,부산광역시 동구 성남이로 5,부산광역시 동구 좌천동 68-557,35.1315036,129.0568743,,,051-440-4674,부산광역시 동구청,2026-06-25
좌천동0261,1,부산광역시 동구 성남이로3번길 7,부산광역시 동구 좌천동 68-562,35.1314068,129.0566265,,,051-440-4674,부산광역시 동구청,2026-06-25
좌천동0262,1,부산광역시 동구 성남이로3번길 10-1,부산광역시 동구 좌천동 68-538,35.1314443,129.0564897,,,051-440-4674,부산광역시 동구청,2026-06-25
좌천동0263,1,부산광역시 동구 성남이로3번길14,부산광역시 동구 좌천동 68-391,35.1314309,129.0562816,,,051-440-4674,부산광역시 동구청,2026-06-25
좌천동0264,1,부산광역시 동구 성남이로3번길 14,부산광역시 동구 좌천동 68-581,35.1314309,129.0562816,,,051-440-4674,부산광역시 동구청,2026-06-25
좌천동0265,1,부산광역시 동구 성남이로3번길 21-1,부산광역시 동구 좌천동 68-594,35.1313442,129.0558241,,,051-440-4674,부산광역시 동구청,2026-06-25
좌천동0267,1,부산광역시 동구 성남로 53,부산광역시 동구 좌천동 68-660,35.1312293,129.0546332,,,051-440-4674,부산광역시 동구청,2026-06-25
좌천동0268,1,부산광역시 동구 성남로 51-7,부산광역시 동구 좌천동 68-47,35.1313296,129.0544936,,,051-440-4674,부산광역시 동구청,2026-06-25
좌천동0270,1,부산광역시 동구 성남로49번길 11-4,부산광역시 동구 좌천동 68-773,35.1316682,129.0544067,,,051-440-4674,부산광역시 동구청,2026-06-25
좌천동0271,1,부산광역시 동구 자성로8번길 20,부산광역시 동구 좌천동 216-5,35.1331016,129.054286,,,051-440-4674,부산광역시 동구청,2026-06-25
좌천동0272,1,부산광역시 동구 자성로8번길 24-18,부산광역시 동구 좌천동 190-40,35.132975,129.0545991,,,051-440-4674,부산광역시 동구청,2026-06-25
좌천동0273,1,부산광역시 동구 자성로8번길 24-20,부산광역시 동구 좌천동 190-39,35.1330101,129.0546462,,,051-440-4674,부산광역시 동구청,2026-06-25
좌천동0274,1,부산광역시 동구 자성로8번길 24-15,부산광역시 동구 좌천동 225-1,35.1331396,129.0546789,,,051-440-4674,부산광역시 동구청,2026-06-25
좌천동0276,1,부산광역시 동구 자성로8번길 28-1,부산광역시 동구 좌천동 229-6,35.1334153,129.0547298,,,051-440-4674,부산광역시 동구청,2026-06-25
좌천동0277,1,부산광역시 동구 자성로8번길 65,부산광역시 동구 좌천동 190-20,35.1334055,129.0550978,,,051-440-4674,부산광역시 동구청,2026-06-25
좌천동0278,1,부산광역시 동구 자성로8번길 36-5,부산광역시 동구 좌천동 260-4,35.1335836,129.0550447,,,051-440-4674,부산광역시 동구청,2026-06-25
좌천동0279,1,부산광역시 동구 자성로8번길 57,부산광역시 동구 좌천동 190-17,35.1335832,129.0552754,,,051-440-4674,부산광역시 동구청,2026-06-25
좌천동0280,1,부산광역시 동구 자성로8번길49,부산광역시 동구 좌천동 266,35.1339991,129.05553,,,051-440-4674,부산광역시 동구청,2026-06-25
좌천동0281,1,부산광역시 동구 자성로8번길 47-5,부산광역시 동구 좌천동 1024-1,35.1340097,129.0557734,,,051-440-4674,부산광역시 동구청,2026-06-25
좌천동0282,1,부산광역시 동구 중앙대로 454,부산광역시 동구 좌천동 242-1,35.1340094,129.0545306,,,051-440-4674,부산광역시 동구청,2026-06-25
좌천동0283,1,부산광역시 동구 중앙대로460번길 4,부산광역시 동구 좌천동 294-2,35.1344739,129.055062,,,051-440-4674,부산광역시 동구청,2026-06-25
좌천동0284,1,부산광역시 동구 중앙대로460번길 13,부산광역시 동구 좌천동 313,35.1346319,129.055421,,,051-440-4674,부산광역시 동구청,2026-06-25
좌천동0285,1,부산광역시 동구 중앙대로460번길 17,부산광역시 동구 좌천동 315-1,35.1347809,129.055604,,,051-440-4674,부산광역시 동구청,2026-06-25
좌천동0286,1,부산광역시 동구 중앙대로460번길 21,부산광역시 동구 좌천동 317-1,35.1348006,129.0556965,,,051-440-4674,부산광역시 동구청,2026-06-25
좌천동0287,1,부산광역시 동구 중앙대로460번길 25,부산광역시 동구 좌천동 319-1,35.135012,129.0559199,,,051-440-4674,부산광역시 동구청,2026-06-25
좌천동0288,1,부산광역시 동구 중앙대로470,부산광역시 동구 좌천동 381,35.1351313,129.0557758,,,051-440-4674,부산광역시 동구청,2026-06-25
좌천동0290,1,부산광역시 동구 중앙대로460번길 23,부산광역시 동구 좌천동 318-1,35.1348907,129.0557951,,,051-440-4674,부산광역시 동구청,2026-06-25
좌천동0291,1,부산광역시 동구 중앙대로460번길 26,부산광역시 동구 좌천동 320-1,35.1348892,129.0559822,,,051-440-4674,부산광역시 동구청,2026-06-25
좌천동0292,1,부산광역시 동구 중앙대로460번길 33,부산광역시 동구 좌천동 358-5,35.1352332,129.0560945,,,051-440-4674,부산광역시 동구청,2026-06-25
좌천동0293,1,부산광역시 동구 중앙대로460번길 32,부산광역시 동구 좌천동 325-3,35.1351209,129.0562821,,,051-440-4674,부산광역시 동구청,2026-06-25
좌천동0294,1,부산광역시 동구 중앙대로460번나길 23-2,부산광역시 동구 좌천동 326-3,35.1350567,129.0563705,,,051-440-4674,부산광역시 동구청,2026-06-25
좌천동0295,1,부산광역시 동구 자성로8번길 47-5,부산광역시 동구 좌천동 1024-1,35.1340097,129.0557734,,,051-440-4674,부산광역시 동구청,2026-06-25
좌천동0296,1,부산광역시 동구 중앙대로460번나길 21,부산광역시 동구 좌천동 1024-1,35.1349649,129.0564921,,,051-440-4674,부산광역시 동구청,2026-06-25
좌천동0297,1,부산광역시 동구 중앙대로460번나길 14-1,부산광역시 동구 좌천동 308-1,35.1347165,129.0563708,,,051-440-4674,부산광역시 동구청,2026-06-25
좌천동0298,1,부산광역시 동구 중앙대로460번가길 21,부산광역시 동구 좌천동 308-32,35.1346615,129.0561994,,,051-440-4674,부산광역시 동구청,2026-06-25
좌천동0299,1,부산광역시 동구 중앙대로460번가길 17-1,부산광역시 동구 좌천동 308-36,35.1345539,129.0560922,,,051-440-4674,부산광역시 동구청,2026-06-25
좌천동0300,1,부산광역시 동구 자성로8번길 47-5,부산광역시 동구 좌천동 1024-1,35.1340097,129.0557734,,,051-440-4674,부산광역시 동구청,2026-06-25
좌천동0301,1,부산광역시 동구 중앙대로460번가길 14,부산광역시 동구 좌천동 312-23,35.1343912,129.0561136,,,051-440-4674,부산광역시 동구청,2026-06-25
좌천동0302,1,부산광역시 동구 중앙대로460번나길 11,부산광역시 동구 좌천동 308-17,35.1347108,129.0561725,,,051-440-4674,부산광역시 동구청,2026-06-25
좌천동0303,1,부산광역시 동구 중앙대로 472-3,부산광역시 동구 좌천동 358-1,35.1354502,129.0560441,,,051-440-4674,부산광역시 동구청,2026-06-25
좌천동0304,1,부산광역시 동구 중앙대로460번길 37,부산광역시 동구 좌천동 356,35.135419,129.0562657,,,051-440-4674,부산광역시 동구청,2026-06-25
좌천동0305,1,부산광역시 동구 중앙대로 478,부산광역시 동구 좌천동 348,35.1357662,129.0562117,,,051-440-4674,부산광역시 동구청,2026-06-25
좌천동0306,1,부산광역시 동구 중앙대로460번길 41,부산광역시 동구 좌천동 354-1,35.1355154,129.0563704,,,051-440-4674,부산광역시 동구청,2026-06-25
좌천동0307,1,부산광역시 동구 중앙대로460번길 47,부산광역시 동구 좌천동 337-1,35.1357987,129.0566453,,,051-440-4674,부산광역시 동구청,2026-06-25
좌천동0308,1,부산광역시 동구 중앙대로460번길 50,부산광역시 동구 좌천동 333-5,35.1357663,129.0568728,,,051-440-4674,부산광역시 동구청,2026-06-25
좌천동0309,1,부산광역시 동구 중앙대로 482-8,부산광역시 동구 좌천동 335-5,35.1359239,129.0566225,,,051-440-4674,부산광역시 동구청,2026-06-25
좌천동0310,1,부산광역시 동구 중앙대로 482,부산광역시 동구 좌천동 343,35.136051,129.0564749,,,051-440-4674,부산광역시 동구청,2026-06-25
좌천동0311,1,부산광역시 동구 중앙대로 477-1,부산광역시 동구 좌천동 366-1,35.1360504,129.0557657,,,051-440-4674,부산광역시 동구청,2026-06-25
좌천동0312,1,부산광역시 동구 중앙대로 473,부산광역시 동구 좌천동 414-1,35.1358403,129.0555013,,,051-440-4674,부산광역시 동구청,2026-06-25
좌천동0313,1,부산광역시 동구 중앙대로 471-1,부산광역시 동구 좌천동 412-1,35.1357317,129.0553293,,,051-440-4674,부산광역시 동구청,2026-06-25
좌천동0314,1,부산광역시 동구 정공단로 38,부산광역시 동구 좌천동 428-4,35.1358452,129.0549295,,,051-440-4674,부산광역시 동구청,2026-06-25
좌천동0315,1,부산광역시 동구 정공단로 34,부산광역시 동구 좌천동 432,35.1355113,129.0546629,,,051-440-4674,부산광역시 동구청,2026-06-25
좌천동0316,1,부산광역시 동구 정공단로34,부산광역시 동구 좌천동 432,35.1355113,129.0546629,,,051-440-4674,부산광역시 동구청,2026-06-25
좌천동0317,1,부산광역시 동구 중앙대로 459-1,부산광역시 동구 좌천동 463-1,35.1348307,129.0545364,,,051-440-4674,부산광역시 동구청,2026-06-25
좌천동0318,1,부산광역시 동구 중앙대로 455-3,부산광역시 동구 좌천동 483-4,35.1345864,129.0541476,,,051-440-4674,부산광역시 동구청,2026-06-25
좌천동0319,1,부산광역시 동구 정공단로 22-7,부산광역시 동구 좌천동 482-2,35.1347093,129.0540914,,,051-440-4674,부산광역시 동구청,2026-06-25
좌천동0320,1,부산광역시 동구 정공단로 22-1,부산광역시 동구 좌천동 476-9,35.1349062,129.0539096,,,051-440-4674,부산광역시 동구청,2026-06-25
좌천동0321,1,부산광역시 동구 정공단로 16,부산광역시 동구 좌천동 518-1,35.1343684,129.0534671,,,051-440-4674,부산광역시 동구청,2026-06-25
좌천동0322,1,부산광역시 동구 정공단로 19,부산광역시 동구 좌천동 490,35.1347817,129.0534573,,,051-440-4674,부산광역시 동구청,2026-06-25
좌천동0323,1,부산광역시 동구 중앙대로 447-7,부산광역시 동구 좌천동 531-7,35.1341751,129.0534371,,,051-440-4674,부산광역시 동구청,2026-06-25
좌천동0324,1,부산광역시 동구 중앙대로 445-1,부산광역시 동구 좌천동 545-1,35.1338782,129.0535488,,,051-440-4674,부산광역시 동구청,2026-06-25
좌천동0325,1,부산광역시 동구 중앙대로 445-10,부산광역시 동구 좌천동 530-2,35.1340617,129.0533063,,,051-440-4674,부산광역시 동구청,2026-06-25
좌천동0326,1,부산광역시 동구 중앙대로 445-7,부산광역시 동구 좌천동 544-4,35.1337909,129.0532091,,,051-440-4674,부산광역시 동구청,2026-06-25
좌천동0327,1,부산광역시 동구 정공단로 9,부산광역시 동구 좌천동 536-1,35.1340766,129.0528979,,,051-440-4674,부산광역시 동구청,2026-06-25
좌천동0328,1,부산광역시 동구 정공단로11번가길 8,부산광역시 동구 좌천동 774-7,35.1338687,129.0526723,,,051-440-4674,부산광역시 동구청,2026-06-25
좌천동0329,1,부산광역시 동구 정공단로11번가길 8,부산광역시 동구 좌천동 774-7,35.1338687,129.0526723,,,051-440-4674,부산광역시 동구청,2026-06-25
좌천동0330,1,부산광역시 동구 정공단로11번가길 8,부산광역시 동구 좌천동 774-11,35.1338687,129.0526723,,,051-440-4674,부산광역시 동구청,2026-06-25
좌천동0331,1,부산광역시 동구 정공단로11번가길 13-3,부산광역시 동구 좌천동 776-63,35.1337345,129.0524586,,,051-440-4674,부산광역시 동구청,2026-06-25
좌천동0333,1,부산광역시 동구 정공단로11번가길 17-3,부산광역시 동구 좌천동 1095-22,35.1338948,129.0521911,,,051-440-4674,부산광역시 동구청,2026-06-25
좌천동0334,1,부산광역시 동구 정공단로11번가길 17-5,부산광역시 동구 좌천동 776-21,35.1338426,129.0520903,,,051-440-4674,부산광역시 동구청,2026-06-25
좌천동0335,1,부산광역시 동구 정공단로 9,부산광역시 동구 좌천동 536-1,35.1340766,129.0528979,,,051-440-4674,부산광역시 동구청,2026-06-25
좌천동0337,1,부산광역시 동구 정공단로17번가길 7,부산광역시 동구 좌천동 768-6,35.1344963,129.052861,,,051-440-4674,부산광역시 동구청,2026-06-25
좌천동0338,1,부산광역시 동구 정공단로17번가길 12,부산광역시 동구 좌천동 768-11,35.1345847,129.0525215,,,051-440-4674,부산광역시 동구청,2026-06-25
좌천동0339,1,부산광역시 동구 정공단로17번가길 19,부산광역시 동구 좌천동 768-13,35.134328,129.052256,,,051-440-4674,부산광역시 동구청,2026-06-25
좌천동0340,1,부산광역시 동구 정공단로17번가길 19,부산광역시 동구 좌천동 768-9,35.134328,129.052256,,,051-440-4674,부산광역시 동구청,2026-06-25
좌천동0341,1,부산광역시 동구 정공단로11번길 12,부산광역시 동구 좌천동 771,35.1343442,129.0525126,,,051-440-4674,부산광역시 동구청,2026-06-25
좌천동0342,1,부산광역시 동구 정공단로11번길 7,부산광역시 동구 좌천동 772-3,35.1342446,129.0526061,,,051-440-4674,부산광역시 동구청,2026-06-25
좌천동0343,1,부산광역시 동구 정공단로11번가길 21-3,부산광역시 동구 좌천동 777-8,35.1340306,129.0521382,,,051-440-4674,부산광역시 동구청,2026-06-25
좌천동0344,1,부산광역시 동구 정공단로11번가길 21-7,부산광역시 동구 좌천동 777-9,35.1339754,129.0520393,,,051-440-4674,부산광역시 동구청,2026-06-25
좌천동0345,1,부산광역시 동구 정공단로11번가길 21-10,부산광역시 동구 좌천동 792-3,35.1339357,129.0516747,,,051-440-4674,부산광역시 동구청,2026-06-25
좌천동0347,1,부산광역시 동구 고관로185번길 9,부산광역시 동구 좌천동 776-3,35.1335108,129.0524183,,,051-440-4674,부산광역시 동구청,2026-06-25
좌천동0348,1,부산광역시 동구 정공단로21번가길 23-6,부산광역시 동구 좌천동 715-6,35.1359941,129.053782,,,051-440-4674,부산광역시 동구청,2026-06-25
좌천동0349,1,부산광역시 동구 증산로 104,부산광역시 동구 좌천동 720,35.1357678,129.0532418,,,051-440-4674,부산광역시 동구청,2026-06-25
좌천동0350,1,부산광역시 동구 정공단로21번길26,부산광역시 동구 좌천동 716-26,35.1357053,129.0533644,,,051-440-4674,부산광역시 동구청,2026-06-25
좌천동0351,1,부산광역시 동구 증산로 104,부산광역시 동구 좌천동 763-20,35.1357678,129.0532418,,,051-440-4674,부산광역시 동구청,2026-06-25
좌천동0353,1,부산광역시 동구 정공단로23번길 11,부산광역시 동구 좌천동 472,35.1354496,129.0536399,,,051-440-4674,부산광역시 동구청,2026-06-25
좌천동0354,1,부산광역시 동구 정공단로23번길 17,부산광역시 동구 좌천동 714-5,35.1356521,129.0539381,,,051-440-4674,부산광역시 동구청,2026-06-25
좌천동0355,1,부산광역시 동구 정공단로39번길 7,부산광역시 동구 좌천동 699-1,35.1362279,129.0547443,,,051-440-4674,부산광역시 동구청,2026-06-25
좌천동0357,1,부산광역시 동구 정공단로39번길 7-6,부산광역시 동구 좌천동 700,35.1362561,129.0545017,,,051-440-4674,부산광역시 동구청,2026-06-25
좌천동0358,1,부산광역시 동구 정공단로39번길 7-10,부산광역시 동구 좌천동 699-7,35.1360713,129.0543886,,,051-440-4674,부산광역시 동구청,2026-06-25
좌천동0359,1,부산광역시 동구 정공단로39번길 8,부산광역시 동구 좌천동 702-6,35.136557,129.0547042,,,051-440-4674,부산광역시 동구청,2026-06-25
좌천동0360,1,부산광역시 동구 정공단로39번길 8-11,부산광역시 동구 좌천동 702-5,35.1367592,129.0549476,,,051-440-4674,부산광역시 동구청,2026-06-25
좌천동0361,1,부산광역시 동구 정공단로39번길 16-3,부산광역시 동구 좌천동 704-15,35.1365452,129.0543153,,,051-440-4674,부산광역시 동구청,2026-06-25
좌천동0362,1,부산광역시 동구 정공단로39번길 16-7,부산광역시 동구 좌천동 704-14,35.1367211,129.0544144,,,051-440-4674,부산광역시 동구청,2026-06-25
좌천동0364,1,부산광역시 동구 정공단로47번길 15-5,부산광역시 동구 좌천동 705-6,35.1368749,129.0547459,,,051-440-4674,부산광역시 동구청,2026-06-25
좌천동0365,1,부산광역시 동구 정공단로47번길 15-12,부산광역시 동구 좌천동 707-21,35.1370652,129.0545764,,,051-440-4674,부산광역시 동구청,2026-06-25
좌천동0367,1,부산광역시 동구 정공단로21번가길 24,부산광역시 동구 좌천동 712-17,35.1361626,129.054093,,,051-440-4674,부산광역시 동구청,2026-06-25
좌천동0368,1,부산광역시 동구 증산로125번길 9,부산광역시 동구 좌천동 727-3,35.1372629,129.0535922,,,051-440-4674,부산광역시 동구청,2026-06-25
좌천동0369,1,부산광역시 동구 증산동로 65,부산광역시 동구 좌천동 728-1,35.1371832,129.0531369,,,051-440-4674,부산광역시 동구청,2026-06-25
좌천동0370,1,부산광역시 동구 증산로121번길 6,부산광역시 동구 좌천동 727-11,35.1371206,129.0537916,,,051-440-4674,부산광역시 동구청,2026-06-25
좌천동0371,1,부산광역시 동구 증산로113번길 6,부산광역시 동구 좌천동 729-1,35.136846,129.0534861,,,051-440-4674,부산광역시 동구청,2026-06-25
좌천동0373,1,부산광역시 동구 증산로113번길 7,부산광역시 동구 좌천동 730-1,35.1365903,129.0532202,,,051-440-4674,부산광역시 동구청,2026-06-25
좌천동0375,1,부산광역시 동구 증산로113번길 7,부산광역시 동구 좌천동 733-3,35.1365903,129.0532202,,,051-440-4674,부산광역시 동구청,2026-06-25
좌천동0376,1,부산광역시 동구 증산로109번길 4,부산광역시 동구 좌천동 730-7,35.1363004,129.0535986,,,051-440-4674,부산광역시 동구청,2026-06-25
좌천동0377,1,부산광역시 동구 증산로109번길 6,부산광역시 동구 좌천동 730-8,35.1363327,129.0534861,,,051-440-4674,부산광역시 동구청,2026-06-25
좌천동0378,1,부산광역시 동구 증산동로 52,부산광역시 동구 좌천동 734-1,35.1361444,129.0527564,,,051-440-4674,부산광역시 동구청,2026-06-25
좌천동0379,1,부산광역시 동구 증산로109번길 13,부산광역시 동구 좌천동 733-1,35.1363593,129.0529274,,,051-440-4674,부산광역시 동구청,2026-06-25
좌천동0380,1,부산광역시 동구 증산동로 53,부산광역시 동구 좌천동 728-3,35.1366581,129.0528751,,,051-440-4674,부산광역시 동구청,2026-06-25
좌천동0383,1,부산광역시 동구 증산동로 49-16,부산광역시 동구 좌천동 728-3,35.1367846,129.0521566,,,051-440-4674,부산광역시 동구청,2026-06-25
좌천동0384,1,부산광역시 동구 증산동로 51,부산광역시 동구 좌천동 749-2,35.1363641,129.052576,,,051-440-4674,부산광역시 동구청,2026-06-25
좌천동0385,1,부산광역시 동구 증산동로 39,부산광역시 동구 좌천동 749-4,35.1356555,129.0514958,,,051-440-4674,부산광역시 동구청,2026-06-25
좌천동0386,1,부산광역시 동구 증산로 83,부산광역시 동구 좌천동 747-2,35.1349258,129.0516664,,,051-440-4674,부산광역시 동구청,2026-06-25
좌천동0387,1,부산광역시 동구 증산동로 46,부산광역시 동구 좌천동 783-8,35.1358882,129.0522573,,,051-440-4674,부산광역시 동구청,2026-06-25
좌천동0388,1,부산광역시 동구 증산로 95,부산광역시 동구 좌천동 784-3,35.1355449,129.0524028,,,051-440-4674,부산광역시 동구청,2026-06-25
좌천동0391,1,부산광역시 동구 증산로 83,부산광역시 동구 좌천동 747-2,35.1349258,129.0516664,,,051-440-4674,부산광역시 동구청,2026-06-25
좌천동0392,1,부산광역시 동구 증산동로 26-8,부산광역시 동구 좌천동 791-13,35.1342958,129.051335,,,051-440-4674,부산광역시 동구청,2026-06-25
좌천동0394,1,부산광역시 동구 증산로 91,부산광역시 동구 좌천동 786-1,35.135196,129.052447,,,051-440-4674,부산광역시 동구청,2026-06-25
좌천동0395,1,부산광역시 동구 증산로 93,부산광역시 동구 좌천동 784-10,35.1352984,129.0524313,,,051-440-4674,부산광역시 동구청,2026-06-25
좌천동0396,1,부산광역시 동구 증산로 91,부산광역시 동구 좌천동 750-16,35.135196,129.052447,,,051-440-4674,부산광역시 동구청,2026-06-25
좌천동0397,1,부산광역시 동구 증산로103번길 2,부산광역시 동구 좌천동 786-1,35.1360382,129.0531934,,,051-440-4674,부산광역시 동구청,2026-06-25
좌천동0398,1,부산광역시 동구 증산로103번길 2,부산광역시 동구 좌천동 790-18,35.1360382,129.0531934,,,051-440-4674,부산광역시 동구청,2026-06-25
좌천동0399,1,부산광역시 동구 증산로73번길 6,부산광역시 동구 좌천동 790-22,35.1342128,129.0511559,,,051-440-4674,부산광역시 동구청,2026-06-25
좌천동0400,1,부산광역시 동구 증산로73번길 4,부산광역시 동구 좌천동 791-50,35.1341596,129.0512657,,,051-440-4674,부산광역시 동구청,2026-06-25
좌천동0401,1,부산광역시 동구 충장대로 273-1,부산광역시 동구 좌천동 1160-17,35.1257365,129.050375,,,051-440-4674,부산광역시 동구청,2026-06-25
좌천동0402,1,부산광역시 동구 충장대로 273-5,부산광역시 동구 좌천동 1160-16,35.1257268,129.0502449,,,051-440-4674,부산광역시 동구청,2026-06-25
좌천동0403,1,부산광역시 동구 충장대로 275-17,부산광역시 동구 좌천동 1160-3,35.1258562,129.050403,,,051-440-4674,부산광역시 동구청,2026-06-25
좌천동0404,1,부산광역시 동구 충장대로 275-8,부산광역시 동구 좌천동 1156-10,35.1259271,129.0505288,,,051-440-4674,부산광역시 동구청,2026-06-25
좌천동0405,1,부산광역시 동구 충장대로 275-6,부산광역시 동구 좌천동 1155-5,35.1259638,129.0506061,,,051-440-4674,부산광역시 동구청,2026-06-25
좌천동0406,1,부산광역시 동구 충장대로 275-4,부산광역시 동구 좌천동 1155-4,35.1259898,129.0506705,,,051-440-4674,부산광역시 동구청,2026-06-25
좌천동0407,1,부산광역시 동구 충장대로 277-1,부산광역시 동구 좌천동 1157-10,35.1259689,129.0508072,,,051-440-4674,부산광역시 동구청,2026-06-25
좌천동0408,1,부산광역시 동구 성남육길 4,부산광역시 동구 좌천동 1154-8,35.1260883,129.0509678,,,051-440-4674,부산광역시 동구청,2026-06-25
좌천동0409,1,부산광역시 동구 성남육길 6-2,부산광역시 동구 좌천동 1154-3,35.1261578,129.0508609,,,051-440-4674,부산광역시 동구청,2026-06-25
좌천동0410,1,부산광역시 동구 성남육길 7,부산광역시 동구 좌천동 1155-9,35.1261805,129.0507424,,,051-440-4674,부산광역시 동구청,2026-06-25
좌천동0411,1,부산광역시 동구 성남육길7번길 6,부산광역시 동구 좌천동 1156-2,35.1262404,129.0505649,,,051-440-4674,부산광역시 동구청,2026-06-25
좌천동0412,1,부산광역시 동구 성남육길7번길 10-2,부산광역시 동구 좌천동 1156-5,35.1260744,129.0505599,,,051-440-4674,부산광역시 동구청,2026-06-25
좌천동0413,1,부산광역시 동구 충장대로 275-14,부산광역시 동구 좌천동 1156-8,35.1260101,129.0504282,,,051-440-4674,부산광역시 동구청,2026-06-25
좌천동0414,1,부산광역시 동구 성남칠길 22,부산광역시 동구 좌천동 1145-17,35.1264222,129.0506364,,,051-440-4674,부산광역시 동구청,2026-06-25
좌천동0415,1,부산광역시 동구 성남칠길 22-5,부산광역시 동구 좌천동 1145-14,35.1264989,129.050767,,,051-440-4674,부산광역시 동구청,2026-06-25
좌천동0416,1,부산광역시 동구 성남칠길 22-14,부산광역시 동구 좌천동 1145-4,35.1264174,129.0509419,,,051-440-4674,부산광역시 동구청,2026-06-25
좌천동0417,1,부산광역시 동구 성남칠길 26,부산광역시 동구 좌천동 1145-12,35.1265289,129.0507146,,,051-440-4674,부산광역시 동구청,2026-06-25
좌천동0418,1,부산광역시 동구 성남오길11번길 20-1,부산광역시 동구 좌천동 1145-11,35.1266291,129.0507659,,,051-440-4674,부산광역시 동구청,2026-06-25
좌천동0419,1,부산광역시 동구 성남오길11번길 14,부산광역시 동구 좌천동 1144-2,35.1266788,129.051068,,,051-440-4674,부산광역시 동구청,2026-06-25
좌천동0420,1,부산광역시 동구 성남오길11번길 11,부산광역시 동구 좌천동 1147-2,35.126606,129.0512379,,,051-440-4674,부산광역시 동구청,2026-06-25
좌천동0421,1,부산광역시 동구 성남육길 22-4,부산광역시 동구 좌천동 1152-15,35.1264647,129.051295,,,051-440-4674,부산광역시 동구청,2026-06-25
좌천동0422,1,부산광역시 동구 성남육길 22-3,부산광역시 동구 좌천동 1147-8,35.1265258,129.0513164,,,051-440-4674,부산광역시 동구청,2026-06-25
좌천동0423,1,부산광역시 동구 성남육길 21,부산광역시 동구 좌천동 1146-13,35.126513,129.0511252,,,051-440-4674,부산광역시 동구청,2026-06-25
좌천동0424,1,부산광역시 동구 성남육길 17,부산광역시 동구 좌천동 1153-11,35.1263339,129.0511632,,,051-440-4674,부산광역시 동구청,2026-06-25
좌천동0425,1,부산광역시 동구 성남육길 15,부산광역시 동구 좌천동 1153-10,35.1263458,129.051089,,,051-440-4674,부산광역시 동구청,2026-06-25
좌천동0426,1,부산광역시 동구 성남육길 2-7,부산광역시 동구 좌천동 1154-4,35.1261792,129.0509845,,,051-440-4674,부산광역시 동구청,2026-06-25
좌천동0427,1,부산광역시 동구 성남육길 2-5,부산광역시 동구 좌천동 1154-6,35.1261332,129.0510292,,,051-440-4674,부산광역시 동구청,2026-06-25
좌천동0428,1,부산광역시 동구 성남육길 29-5,부산광역시 동구 좌천동 1144-7,35.1267995,129.0509226,,,051-440-4674,부산광역시 동구청,2026-06-25
좌천동0429,1,부산광역시 동구 성남육길 29-10,부산광역시 동구 좌천동 1143-5,35.1268688,129.0509465,,,051-440-4674,부산광역시 동구청,2026-06-25
좌천동0430,1,부산광역시 동구 성남육길 28,부산광역시 동구 좌천동 1142-6,35.1267835,129.0511672,,,051-440-4674,부산광역시 동구청,2026-06-25
좌천동0431,1,부산광역시 동구 성남오길11번길 8,부산광역시 동구 좌천동 1141-1,35.1266661,129.0513564,,,051-440-4674,부산광역시 동구청,2026-06-25
좌천동0432,1,부산광역시 동구 성남오길11번길 8,부산광역시 동구 좌천동 1142-9,35.1266661,129.0513564,,,051-440-4674,부산광역시 동구청,2026-06-25
좌천동0433,1,부산광역시 동구 성남오길7번길 6,부산광역시 동구 좌천동 1148-7,35.126452,129.05148,,,051-440-4674,부산광역시 동구청,2026-06-25
좌천동0434,1,부산광역시 동구 성남오길7번길 2-5,부산광역시 동구 좌천동 1135-1,35.1265726,129.0515893,,,051-440-4674,부산광역시 동구청,2026-06-25
좌천동0435,1,부산광역시 동구 성남오길7번길 2-5,부산광역시 동구 좌천동 1151-35,35.1265726,129.0515893,,,051-440-4674,부산광역시 동구청,2026-06-25
좌천동0436,1,부산광역시 동구 충장대로 287,부산광역시 동구 좌천동 1151-5,35.1262804,129.0518093,,,051-440-4674,부산광역시 동구청,2026-06-25
좌천동0437,1,부산광역시 동구 성남오길 10,부산광역시 동구 좌천동 1150-1,35.1265873,129.0518257,,,051-440-4674,부산광역시 동구청,2026-06-25
좌천동0438,1,부산광역시 동구 성남오길 11,부산광역시 동구 좌천동 1140-14,35.1266581,129.051741,,,051-440-4674,부산광역시 동구청,2026-06-25
좌천동0439,1,부산광역시 동구 성남오길 17,부산광역시 동구 좌천동 1141-9,35.1269121,129.0516962,,,051-440-4674,부산광역시 동구청,2026-06-25
좌천동0440,1,부산광역시 동구 성남오길 19,부산광역시 동구 좌천동 1135-1,35.127009,129.0517033,,,051-440-4674,부산광역시 동구청,2026-06-25
좌천동0441,1,부산광역시 동구 성남오길 19,부산광역시 동구 좌천동 1137-3,35.127009,129.0517033,,,051-440-4674,부산광역시 동구청,2026-06-25
좌천동0442,1,부산광역시 동구 성남오길 19,부산광역시 동구 좌천동 1135-1,35.127009,129.0517033,,,051-440-4674,부산광역시 동구청,2026-06-25
좌천동0443,1,부산광역시 동구 성남육길39,부산광역시 동구 좌천동 1138-2,35.1270982,129.0513422,,,051-440-4674,부산광역시 동구청,2026-06-25
좌천동0444,1,부산광역시 동구 성남육길 35-2,부산광역시 동구 좌천동 1136-9,35.1271237,129.051131,,,051-440-4674,부산광역시 동구청,2026-06-25
좌천동0445,1,부산광역시 동구 성남오길17번길9,부산광역시 동구 좌천동 1142-2,35.1268557,129.0512187,,,051-440-4674,부산광역시 동구청,2026-06-25
좌천동0446,1,부산광역시 동구 성남오길 25,부산광역시 동구 좌천동 1132-9,35.1272912,129.0516575,,,051-440-4674,부산광역시 동구청,2026-06-25
좌천동0447,1,부산광역시 동구 성남오길23번길 4,부산광역시 동구 좌천동 1135-2,35.12723,129.0515636,,,051-440-4674,부산광역시 동구청,2026-06-25
좌천동0448,1,부산광역시 동구 성남오길23번길 2-4,부산광역시 동구 좌천동 1133-2,35.1273499,129.0514991,,,051-440-4674,부산광역시 동구청,2026-06-25
좌천동0449,1,부산광역시 동구 성남오길 35-7,부산광역시 동구 좌천동 1134-4,35.1273311,129.0513209,,,051-440-4674,부산광역시 동구청,2026-06-25
좌천동0450,1,부산광역시 동구 성남오길 35-11,부산광역시 동구 좌천동 1134-13,35.1273423,129.0511682,,,051-440-4674,부산광역시 동구청,2026-06-25
좌천동0451,1,부산광역시 동구 성남오길23번길 8,부산광역시 동구 좌천동 1135-4,35.1272618,129.051313,,,051-440-4674,부산광역시 동구청,2026-06-25
좌천동0452,1,부산광역시 동구 성남오길23번길 6,부산광역시 동구 좌천동 1135-3,35.1272227,129.0514406,,,051-440-4674,부산광역시 동구청,2026-06-25
좌천동0453,1,부산광역시 동구 성남육길 37-1,부산광역시 동구 좌천동 1136-14,35.1271147,129.0512608,,,051-440-4674,부산광역시 동구청,2026-06-25
좌천동0454,1,부산광역시 동구 성남오길23번길 12-1,부산광역시 동구 좌천동 1135-8,35.1272122,129.0510876,,,051-440-4674,부산광역시 동구청,2026-06-25
좌천동0455,1,부산광역시 동구 성남오길 28,부산광역시 동구 좌천동 1131-4,35.1274624,129.0516949,,,051-440-4674,부산광역시 동구청,2026-06-25
좌천동0456,1,부산광역시 동구 성남오길 31,부산광역시 동구 좌천동 1129-6,35.127447,129.0515185,,,051-440-4674,부산광역시 동구청,2026-06-25
좌천동0457,1,부산광역시 동구 성남오길 37,부산광역시 동구 좌천동 1128-7,35.1274565,129.0512777,,,051-440-4674,부산광역시 동구청,2026-06-25
좌천동0458,1,부산광역시 동구 성남오길 37,부산광역시 동구 좌천동 1128-18,35.1274565,129.0512777,,,051-440-4674,부산광역시 동구청,2026-06-25
좌천동0459,1,부산광역시 동구 성남오길 37,부산광역시 동구 좌천동 1128-2,35.1274565,129.0512777,,,051-440-4674,부산광역시 동구청,2026-06-25
좌천동0460,1,부산광역시 동구 성남오길 34-7,부산광역시 동구 좌천동 1125-4,35.127637,129.0514991,,,051-440-4674,부산광역시 동구청,2026-06-25
좌천동0461,1,부산광역시 동구 충장대로289번길 33-12,부산광역시 동구 좌천동 1124-10,35.1277745,129.0515806,,,051-440-4674,부산광역시 동구청,2026-06-25
좌천동0462,1,부산광역시 동구 성남오길 43,부산광역시 동구 좌천동 1126-17,35.1277918,129.051405,,,051-440-4674,부산광역시 동구청,2026-06-25
좌천동0463,1,부산광역시 동구 성남오길 45-5,부산광역시 동구 좌천동 1121-14,35.1278371,129.0513516,,,051-440-4674,부산광역시 동구청,2026-06-25
좌천동0464,1,부산광역시 동구 성남오길 47-4,부산광역시 동구 좌천동 1121-38,35.1280145,129.0514551,,,051-440-4674,부산광역시 동구청,2026-06-25
좌천동0465,1,부산광역시 동구 성남오길 49-1,부산광역시 동구 좌천동 1120-21,35.1280527,129.0515449,,,051-440-4674,부산광역시 동구청,2026-06-25
좌천동0466,1,부산광역시 동구 성남오길 51,부산광역시 동구 좌천동 1120-7,35.1281509,129.0515788,,,051-440-4674,부산광역시 동구청,2026-06-25
좌천동0467,1,부산광역시 동구 충장대로289번길 37-2,부산광역시 동구 좌천동 1120-17,35.128006,129.0516972,,,051-440-4674,부산광역시 동구청,2026-06-25
좌천동0468,1,부산광역시 동구 충장대로289번길 33-5,부산광역시 동구 좌천동 1123-15,35.1276456,129.0516566,,,051-440-4674,부산광역시 동구청,2026-06-25
좌천동0469,1,부산광역시 동구 충장대로289번길 33,부산광역시 동구 좌천동 1123-5,35.1277263,129.0517693,,,051-440-4674,부산광역시 동구청,2026-06-25
좌천동0470,1,부산광역시 동구 성남오길 28-4,부산광역시 동구 좌천동 1131-10,35.1275593,129.051714,,,051-440-4674,부산광역시 동구청,2026-06-25
좌천동0471,1,부산광역시 동구 충장대로 287-2,부산광역시 동구 좌천동 1150-11,35.1263322,129.0519376,,,051-440-4674,부산광역시 동구청,2026-06-25
좌천동0472,1,부산광역시 동구 충장대로289번길 5-1,부산광역시 동구 좌천동 1150-3,35.126515,129.0519144,,,051-440-4674,부산광역시 동구청,2026-06-25
좌천동0474,1,부산광역시 동구 충장대로289번길 17,부산광역시 동구 좌천동 1140-16,35.1269757,129.0518269,,,051-440-4674,부산광역시 동구청,2026-06-25
좌천동0475,1,부산광역시 동구 충장대로289번길 23-5,부산광역시 동구 좌천동 1140-3,35.1272596,129.0518089,,,051-440-4674,부산광역시 동구청,2026-06-25
좌천동0476,1,부산광역시 동구 충장대로289번길 25,부산광역시 동구 좌천동 1131-11,35.1273943,129.0517925,,,051-440-4674,부산광역시 동구청,2026-06-25
좌천동0477,1,부산광역시 동구 충장대로289번길 39,부산광역시 동구 좌천동 1120-14,35.128017,129.0517567,,,051-440-4674,부산광역시 동구청,2026-06-25
좌천동0478,1,부산광역시 동구 충장대로289번길 47,부산광역시 동구 좌천동 1120-1,35.1283819,129.051705,,,051-440-4674,부산광역시 동구청,2026-06-25
좌천동0479,1,부산광역시 동구 충장대로289번길 45,부산광역시 동구 좌천동 1120-2,35.1282899,129.051677,,,051-440-4674,부산광역시 동구청,2026-06-25
좌천동0480,1,부산광역시 동구 충장대로289번길53,부산광역시 동구 좌천동 1164-8,35.1286076,129.0518835,,,051-440-4674,부산광역시 동구청,2026-06-25
좌천동0481,1,부산광역시 동구 충장대로 293,부산광역시 동구 좌천동 1165-1,35.1285939,129.0524343,,,051-440-4674,부산광역시 동구청,2026-06-25
좌천동0482,1,부산광역시 동구 충장대로289번길 61,부산광역시 동구 좌천동 1164-3,35.1289157,129.0521351,,,051-440-4674,부산광역시 동구청,2026-06-25
좌천동0483,1,부산광역시 동구 충장대로 293,부산광역시 동구 좌천동 1165-1,35.1285939,129.0524343,,,051-440-4674,부산광역시 동구청,2026-06-25
좌천동0484,1,부산광역시 동구 충장대로297번길 64,부산광역시 동구 좌천동 68-27,35.1292847,129.0532204,,,051-440-4674,부산광역시 동구청,2026-06-25
좌천동0485,1,부산광역시 동구 성남로29번길 18,부산광역시 동구 좌천동 68-760,35.1291515,129.0534168,,,051-440-4674,부산광역시 동구청,2026-06-25
좌천동0486,1,부산광역시 동구 성남로29번나길 5-1,부산광역시 동구 좌천동 68-764,35.12933,129.053434,,,051-440-4674,부산광역시 동구청,2026-06-25
좌천동0487,1,부산광역시 동구 성남로29번나길 11,부산광역시 동구 좌천동 68-739,35.1295756,129.0533704,,,051-440-4674,부산광역시 동구청,2026-06-25
좌천동0489,1,부산광역시 동구 성남로33번길 14-10,부산광역시 동구 좌천동 68-718,35.1297904,129.0536843,,,051-440-4674,부산광역시 동구청,2026-06-25
좌천동0490,1,부산광역시 동구 성남로33번길 14-1,부산광역시 동구 좌천동 68-722,35.1296857,129.0536143,,,051-440-4674,부산광역시 동구청,2026-06-25
좌천동0491,1,부산광역시 동구 성남로33번길 12,부산광역시 동구 좌천동 68-711,35.1296085,129.0537071,,,051-440-4674,부산광역시 동구청,2026-06-25
좌천동0492,1,부산광역시 동구 성남로33번길 6-1,부산광역시 동구 좌천동 68-700,35.1296117,129.0539277,,,051-440-4674,부산광역시 동구청,2026-06-25
좌천동0493,1,부산광역시 동구 성남로 35-8,부산광역시 동구 좌천동 68-706,35.1297234,129.0539222,,,051-440-4674,부산광역시 동구청,2026-06-25
좌천동0494,1,부산광역시 동구 성남로 35-6,부산광역시 동구 좌천동 68-705,35.1297776,129.0538359,,,051-440-4674,부산광역시 동구청,2026-06-25
좌천동0495,1,부산광역시 동구 성남로29번가길 8-1,부산광역시 동구 좌천동 68-744,35.1294686,129.0533977,,,051-440-4674,부산광역시 동구청,2026-06-25
좌천동0496,1,부산광역시 동구 성남로29번나길 11,부산광역시 동구 좌천동 68-739,35.1295756,129.0533704,,,051-440-4674,부산광역시 동구청,2026-06-25
좌천동0497,1,부산광역시 동구 성남로29번나길 9,부산광역시 동구 좌천동 68-742,35.1295194,129.0533852,,,051-440-4674,부산광역시 동구청,2026-06-25
좌천동0498,1,부산광역시 동구 성남로29번가길 16,부산광역시 동구 좌천동 68-875,35.1298031,129.0532843,,,051-440-4674,부산광역시 동구청,2026-06-25
좌천동0499,1,부산광역시 동구 성남로47번길 35,부산광역시 동구 좌천동 68-1,35.1295699,129.0530987,,,051-440-4674,부산광역시 동구청,2026-06-25
좌천동0500,1,부산광역시 동구 성남로47번길 35,부산광역시 동구 좌천동 68-42,35.1295699,129.0530987,,,051-440-4674,부산광역시 동구청,2026-06-25
좌천동0501,1,부산광역시 동구 성남로47번길 28,부산광역시 동구 좌천동 68-91,35.1301199,129.0532272,,,051-440-4674,부산광역시 동구청,2026-06-25
좌천동0502,1,부산광역시 동구 성남로47번길 29,부산광역시 동구 좌천동 68-111,35.1299348,129.0532847,,,051-440-4674,부산광역시 동구청,2026-06-25
좌천동0503,1,부산광역시 동구 성남로47번길 28-9,부산광역시 동구 좌천동 68-1,35.1302017,129.0530988,,,051-440-4674,부산광역시 동구청,2026-06-25
좌천동0504,1,부산광역시 동구 성남로47번길 28-11,부산광역시 동구 좌천동 68-770,35.1301581,129.053066,,,051-440-4674,부산광역시 동구청,2026-06-25
좌천동0505,1,부산광역시 동구 성남로47번길 16-1,부산광역시 동구 좌천동 68-107,35.130542,129.0534407,,,051-440-4674,부산광역시 동구청,2026-06-25
좌천동0506,1,부산광역시 동구 성남로 45,부산광역시 동구 좌천동 68-15,35.1306298,129.0540941,,,051-440-4674,부산광역시 동구청,2026-06-25
좌천동0507,1,부산광역시 동구 성남로47번길 9,부산광역시 동구 좌천동 68-15,35.1306804,129.0539067,,,051-440-4674,부산광역시 동구청,2026-06-25
좌천동0508,1,부산광역시 동구 성남로47번길 7,부산광역시 동구 좌천동 68-818,35.1308041,129.0539925,,,051-440-4674,부산광역시 동구청,2026-06-25
좌천동0509,1,부산광역시 동구 증산로16번길 21,부산광역시 동구 좌천동 852-4,35.1340556,129.0478618,,,051-440-4674,부산광역시 동구청,2026-06-25
좌천동0510,1,부산광역시 동구 증산로 22,부산광역시 동구 좌천동 863-13,35.1345365,129.047728,,,051-440-4674,부산광역시 동구청,2026-06-25
좌천동0511,1,부산광역시 동구 증산로16번길 5,부산광역시 동구 좌천동 869-11,35.1347026,129.0474808,,,051-440-4674,부산광역시 동구청,2026-06-25
좌천동0512,1,부산광역시 동구 증산로16번길 33,부산광역시 동구 좌천동 854-18,35.1335524,129.0479534,,,051-440-4674,부산광역시 동구청,2026-06-25
좌천동0513,1,부산광역시 동구 증산로16번길 38,부산광역시 동구 좌천동 854-26,35.1333555,129.0479388,,,051-440-4674,부산광역시 동구청,2026-06-25
좌천동0514,1,부산광역시 동구 증산로16번길 37,부산광역시 동구 좌천동 854-44,35.1333633,129.0481217,,,051-440-4674,부산광역시 동구청,2026-06-25
좌천동0516,1,부산광역시 동구 증산로16번길 50,부산광역시 동구 좌천동 840-4,35.1331001,129.0481117,,,051-440-4674,부산광역시 동구청,2026-06-25
좌천동0517,1,부산광역시 동구 증산로16번길 49-2,부산광역시 동구 좌천동 854-35,35.1331183,129.048369,,,051-440-4674,부산광역시 동구청,2026-06-25
좌천동0518,1,부산광역시 동구 증산로16번길 53,부산광역시 동구 좌천동 842-4,35.1328309,129.0483169,,,051-440-4674,부산광역시 동구청,2026-06-25
좌천동0519,1,부산광역시 동구 증산로16번길 55,부산광역시 동구 좌천동 842-10,35.1327983,129.0482377,,,051-440-4674,부산광역시 동구청,2026-06-25
좌천동0520,1,부산광역시 동구 좌천로 35-4,부산광역시 동구 좌천동 845-26,35.1330459,129.0479441,,,051-440-4674,부산광역시 동구청,2026-06-25
좌천동0521,1,부산광역시 동구 좌천동로5번길 2-1,부산광역시 동구 좌천동 819-7,35.1327179,129.0485075,,,051-440-4674,부산광역시 동구청,2026-06-25
좌천동0522,1,부산광역시 동구 좌천동로5번길 20,부산광역시 동구 좌천동 819-29,35.1327425,129.0490969,,,051-440-4674,부산광역시 동구청,2026-06-25
좌천동0523,1,부산광역시 동구 좌천동로5번길 14,부산광역시 동구 좌천동 819-33,35.1328007,129.0488203,,,051-440-4674,부산광역시 동구청,2026-06-25
좌천동0524,1,부산광역시 동구 좌천동로5번길 5,부산광역시 동구 좌천동 837-5,35.1328781,129.04841,,,051-440-4674,부산광역시 동구청,2026-06-25
좌천동0526,1,부산광역시 동구 능풍길 24,부산광역시 동구 좌천동 850-6,35.1337087,129.0473719,,,051-440-4674,부산광역시 동구청,2026-06-25
좌천동0527,1,부산광역시 동구 능풍길 25-1,부산광역시 동구 좌천동 1171-1,35.1338463,129.0472297,,,051-440-4674,부산광역시 동구청,2026-06-25
좌천동0528,1,부산광역시 동구 능풍길 29-1,부산광역시 동구 좌천동 866-4,35.1341185,129.0474137,,,051-440-4674,부산광역시 동구청,2026-06-25
좌천동0529,1,부산광역시 동구 능풍길 27-4,부산광역시 동구 좌천동 849-1,35.1341303,129.0471906,,,051-440-4674,부산광역시 동구청,2026-06-25
좌천동0530,1,부산광역시 동구 좌천서로 4,부산광역시 동구 좌천동 1004-1,35.1332941,129.0463728,,,051-440-4674,부산광역시 동구청,2026-06-25
좌천동0531,1,부산광역시 동구 좌천서로 10,부산광역시 동구 좌천동 1003-4,35.133449,129.0468175,,,051-440-4674,부산광역시 동구청,2026-06-25
좌천동0532,2,부산광역시 동구 능풍길7번길 21,부산광역시 동구 좌천동 1004-3,35.1330748,129.0465751,,,051-440-4674,부산광역시 동구청,2026-06-25
좌천동0533,1,부산광역시 동구 능풍길7번길 23,부산광역시 동구 좌천동 1003-21,35.1331572,129.0466099,,,051-440-4674,부산광역시 동구청,2026-06-25
좌천동0534,1,부산광역시 동구 진성로54-5,부산광역시 동구 좌천동 1004-6,35.1330087,129.046468,,,051-440-4674,부산광역시 동구청,2026-06-25
좌천동0535,1,부산광역시 동구 능풍길7번길 13,부산광역시 동구 좌천동 1007-18,35.1327023,129.0468441,,,051-440-4674,부산광역시 동구청,2026-06-25
좌천동0536,1,부산광역시 동구 능풍길7번길 12,부산광역시 동구 좌천동 1007-13,35.1327817,129.0470729,,,051-440-4674,부산광역시 동구청,2026-06-25
좌천동0537,1,부산광역시 동구 진성로 52,부산광역시 동구 좌천동 1009-5,35.1326361,129.0462494,,,051-440-4674,부산광역시 동구청,2026-06-25
좌천동0538,1,부산광역시 동구 진성로 55,부산광역시 동구 좌천동 998-12,35.1330085,129.0460595,,,051-440-4674,부산광역시 동구청,2026-06-25
좌천동0539,1,부산광역시 동구 진성로 53,부산광역시 동구 좌천동 997-2,35.1327587,129.0460523,,,051-440-4674,부산광역시 동구청,2026-06-25
좌천동0540,1,부산광역시 동구 진성로 51,부산광역시 동구 좌천동 993-2,35.1326427,129.0460277,,,051-440-4674,부산광역시 동구청,2026-06-25
좌천동0541,1,부산광역시 동구 진성로51번길 1,부산광역시 동구 좌천동 997-17,35.1326854,129.0459625,,,051-440-4674,부산광역시 동구청,2026-06-25
좌천동0542,1,부산광역시 동구 진성로51번길 3-1,부산광역시 동구 좌천동 997-21,35.1326472,129.0459087,,,051-440-4674,부산광역시 동구청,2026-06-25
좌천동0543,1,부산광역시 동구 진성로51번길 7,부산광역시 동구 좌천동 997-8,35.132836,129.045746,,,051-440-4674,부산광역시 동구청,2026-06-25
좌천동0544,1,부산광역시 동구 진성로51번길 13,부산광역시 동구 좌천동 997-3,35.1330147,129.045571,,,051-440-4674,부산광역시 동구청,2026-06-25
좌천동0545,1,부산광역시 동구 능풍길5번길 12,부산광역시 동구 좌천동 1008,35.1326033,129.0467612,,,051-440-4674,부산광역시 동구청,2026-06-25
좌천동0546,1,부산광역시 동구 능풍길7번길 9,부산광역시 동구 좌천동 1007-19,35.1326013,129.0469198,,,051-440-4674,부산광역시 동구청,2026-06-25
좌천동0547,1,부산광역시 동구 능풍길7번길 6-5,부산광역시 동구 좌천동 1007-31,35.1326322,129.0471014,,,051-440-4674,부산광역시 동구청,2026-06-25
좌천동0548,1,부산광역시 동구 능풍길 8-2,부산광역시 동구 좌천동 831-3,35.1323457,129.0473847,,,051-440-4674,부산광역시 동구청,2026-06-25
좌천동0549,1,부산광역시 동구 능풍길 8,부산광역시 동구 좌천동 831-23,35.1321166,129.0472428,,,051-440-4674,부산광역시 동구청,2026-06-25
좌천동0550,1,부산광역시 동구 능풍길5번길 5,부산광역시 동구 좌천동 1007-27,35.1321687,129.0469778,,,051-440-4674,부산광역시 동구청,2026-06-25
좌천동0551,1,부산광역시 동구 능풍길5번길 8,부산광역시 동구 좌천동 1007-20,35.1325187,129.0469518,,,051-440-4674,부산광역시 동구청,2026-06-25
좌천동0552,1,부산광역시 동구 능풍길 4,부산광역시 동구 좌천동 831-11,35.1318062,129.047191,,,051-440-4674,부산광역시 동구청,2026-06-25
좌천동0553,1,부산광역시 동구 능풍길 11,부산광역시 동구 좌천동 1007-7,35.1326054,129.0473143,,,051-440-4674,부산광역시 동구청,2026-06-25
좌천동0554,1,부산광역시 동구 능풍길 15,부산광역시 동구 좌천동 1007-4,35.132864,129.0474129,,,051-440-4674,부산광역시 동구청,2026-06-25
좌천동0555,1,부산광역시 동구 성북로55번길 15,부산광역시 동구 좌천동 904-31,35.1381272,129.0484122,,,051-440-4674,부산광역시 동구청,2026-06-25
좌천동0556,1,부산광역시 동구 능풍길7번길 6-20,부산광역시 동구 좌천동 849-13,35.1333008,129.0470522,,,051-440-4674,부산광역시 동구청,2026-06-25
좌천동0557,1,부산광역시 동구 좌천로 48,부산광역시 동구 좌천동 832-19,35.1321151,129.0473655,,,051-440-4674,부산광역시 동구청,2026-06-25
좌천동0558,1,부산광역시 동구 능풍길 12,부산광역시 동구 좌천동 831-20,35.132582,129.0474784,,,051-440-4674,부산광역시 동구청,2026-06-25
좌천동0559,1,부산광역시 동구 능풍길 16,부산광역시 동구 좌천동 832-1,35.1328404,129.0476554,,,051-440-4674,부산광역시 동구청,2026-06-25
좌천동0560,1,부산광역시 동구 좌천로 40,부산광역시 동구 좌천동 832-5,35.1327246,129.047723,,,051-440-4674,부산광역시 동구청,2026-06-25
좌천동0561,1,부산광역시 동구 증산동로37번길 9,부산광역시 동구 좌천동 787-15,35.1352326,129.0509226,,,051-440-4674,부산광역시 동구청,2026-06-25
좌천동0562,1,부산광역시 동구 증산동로37번길 5,부산광역시 동구 좌천동 787-9,35.1352341,129.0511362,,,051-440-4674,부산광역시 동구청,2026-06-25
좌천동0563,1,부산광역시 동구 증산동로37번길 6-6,부산광역시 동구 좌천동 752-3,35.1356008,129.051169,,,051-440-4674,부산광역시 동구청,2026-06-25
좌천동0564,1,부산광역시 동구 증산동로 36,부산광역시 동구 좌천동 781-1,35.1352895,129.0515186,,,051-440-4674,부산광역시 동구청,2026-06-25
좌천동0565,1,부산광역시 동구 증산로25번길 41,부산광역시 동구 좌천동 860-39,35.1340274,129.0493197,,,051-440-4674,부산광역시 동구청,2026-06-25
좌천동0566,1,부산광역시 동구 증산로25번길 35,부산광역시 동구 좌천동 860-43,35.1337542,129.0490596,,,051-440-4674,부산광역시 동구청,2026-06-25
좌천동0567,1,부산광역시 동구 증산로25번길 32,부산광역시 동구 좌천동 860-47,35.1335713,129.0490405,,,051-440-4674,부산광역시 동구청,2026-06-25
좌천동0568,1,부산광역시 동구 증산로25번길 25-1,부산광역시 동구 좌천동 860-135,35.1337734,129.0486594,,,051-440-4674,부산광역시 동구청,2026-06-25
좌천동0569,1,부산광역시 동구 성북로1번길 13-4,부산광역시 동구 좌천동 860-127,35.1339473,129.0487713,,,051-440-4674,부산광역시 동구청,2026-06-25
좌천동0570,1,부산광역시 동구 성북로1번길 15-6,부산광역시 동구 좌천동 853-37,35.1341696,129.04857,,,051-440-4674,부산광역시 동구청,2026-06-25
좌천동0571,1,부산광역시 동구 증산로25번길 20,부산광역시 동구 좌천동 860-164,35.1335923,129.0485881,,,051-440-4674,부산광역시 동구청,2026-06-25
좌천동0572,1,부산광역시 동구 증산로 33,부산광역시 동구 좌천동 854,35.1336356,129.0483925,,,051-440-4674,부산광역시 동구청,2026-06-25
좌천동0573,1,부산광역시 동구 증산로 31,부산광역시 동구 좌천동 853-29,35.1338371,129.0482846,,,051-440-4674,부산광역시 동구청,2026-06-25
좌천동0574,1,부산광역시 동구 증산로25번길 7,부산광역시 동구 좌천동 853-9,35.1341109,129.0482954,,,051-440-4674,부산광역시 동구청,2026-06-25
좌천동0575,1,부산광역시 동구 증산로25번나길 5,부산광역시 동구 좌천동 853-6,35.1342879,129.0483811,,,051-440-4674,부산광역시 동구청,2026-06-25
좌천동0576,1,부산광역시 동구 증산로25번나길 5,부산광역시 동구 좌천동 861-55,35.1342879,129.0483811,,,051-440-4674,부산광역시 동구청,2026-06-25
좌천동0577,1,부산광역시 동구 증산로25번나길 6-4,부산광역시 동구 좌천동 853-1,35.1342716,129.0485291,,,051-440-4674,부산광역시 동구청,2026-06-25
좌천동0578,1,부산광역시 동구 증산로25번나길 6-4,부산광역시 동구 좌천동 861-47,35.1342716,129.0485291,,,051-440-4674,부산광역시 동구청,2026-06-25
좌천동0579,1,부산광역시 동구 증산로25번나길 14,부산광역시 동구 좌천동 861-43,35.1347143,129.0483982,,,051-440-4674,부산광역시 동구청,2026-06-25
좌천동0580,1,부산광역시 동구 증산서로2번길 15-1,부산광역시 동구 좌천동 862-36,35.1349303,129.0483309,,,051-440-4674,부산광역시 동구청,2026-06-25
좌천동0581,1,부산광역시 동구 증산서로2번길 18-3,부산광역시 동구 좌천동 861-46,35.1346553,129.0485023,,,051-440-4674,부산광역시 동구청,2026-06-25
좌천동0582,1,부산광역시 동구 증산서로2번길 21,부산광역시 동구 좌천동 861-22,35.1349388,129.0486401,,,051-440-4674,부산광역시 동구청,2026-06-25
좌천동0583,1,부산광역시 동구 증산서로6번길 20-3,부산광역시 동구 좌천동 861-31,35.1350176,129.0485273,,,051-440-4674,부산광역시 동구청,2026-06-25
좌천동0584,1,부산광역시 동구 증산로25번가길 10,부산광역시 동구 좌천동 861-38,35.1347753,129.0481781,,,051-440-4674,부산광역시 동구청,2026-06-25
좌천동0585,1,부산광역시 동구 증산로25번나길 18,부산광역시 동구 좌천동 861-40,35.1346954,129.048211,,,051-440-4674,부산광역시 동구청,2026-06-25
좌천동0586,1,부산광역시 동구 증산로25번길 1,부산광역시 동구 좌천동 862-29,35.1344146,129.0481322,,,051-440-4674,부산광역시 동구청,2026-06-25
좌천동0587,1,부산광역시 동구 증산로 19-6,부산광역시 동구 좌천동 863-8,35.1348539,129.0479956,,,051-440-4674,부산광역시 동구청,2026-06-25
좌천동0588,1,부산광역시 동구 증산서로2번길 14,부산광역시 동구 좌천동 862-14,35.1348566,129.0481702,,,051-440-4674,부산광역시 동구청,2026-06-25
좌천동0589,1,부산광역시 동구 증산서로6번길 12,부산광역시 동구 좌천동 862-31,35.1350255,129.0482636,,,051-440-4674,부산광역시 동구청,2026-06-25
좌천동0590,1,부산광역시 동구 증산서로6번길 15,부산광역시 동구 좌천동 873-48,35.1352334,129.048314,,,051-440-4674,부산광역시 동구청,2026-06-25
좌천동0591,1,부산광역시 동구 증산서로6번길 18-1,부산광역시 동구 좌천동 861-29,35.1351622,129.0484766,,,051-440-4674,부산광역시 동구청,2026-06-25
좌천동0592,1,부산광역시 동구 증산서로 18,부산광역시 동구 좌천동 874,35.1354878,129.048705,,,051-440-4674,부산광역시 동구청,2026-06-25
좌천동0593,1,부산광역시 동구 증산서로6번길 7,부산광역시 동구 좌천동 873-27,35.1351785,129.0480128,,,051-440-4674,부산광역시 동구청,2026-06-25
좌천동0594,1,부산광역시 동구 증산서로6번길 11,부산광역시 동구 좌천동 873-35,35.1351293,129.0481485,,,051-440-4674,부산광역시 동구청,2026-06-25
좌천동0595,1,부산광역시 동구 증산서로20-9,부산광역시 동구 좌천동 890-1,35.1364951,129.0490476,,,051-440-4674,부산광역시 동구청,2026-06-25
좌천동0596,1,부산광역시 동구 성북로27번길 7,부산광역시 동구 좌천동 892-16,35.1363604,129.0493648,,,051-440-4674,부산광역시 동구청,2026-06-25
좌천동0597,1,부산광역시 동구 성북로27번길 5,부산광역시 동구 좌천동 892-15,35.1363194,129.0494366,,,051-440-4674,부산광역시 동구청,2026-06-25
좌천동0598,1,부산광역시 동구 성북로33번길 14,부산광역시 동구 좌천동 889-3,35.1367826,129.0489925,,,051-440-4674,부산광역시 동구청,2026-06-25
좌천동0599,1,부산광역시 동구 성북로33번길 7-1,부산광역시 동구 좌천동 892-21,35.1367688,129.0493867,,,051-440-4674,부산광역시 동구청,2026-06-25
좌천동0600,1,부산광역시 동구 성북로33번길 6,부산광역시 동구 좌천동 892-5,35.1369593,129.0494764,,,051-440-4674,부산광역시 동구청,2026-06-25
좌천동0601,1,부산광역시 동구 증산서로 34-5,부산광역시 동구 좌천동 902-11,35.1372816,129.049411,,,051-440-4674,부산광역시 동구청,2026-06-25
좌천동0602,1,부산광역시 동구 성북로 37-1,부산광역시 동구 좌천동 902-36,35.1372117,129.0496018,,,051-440-4674,부산광역시 동구청,2026-06-25
좌천동0603,1,부산광역시 동구 능풍길 18-1,부산광역시 동구 좌천동 845-15,35.1331899,129.0474612,,,051-440-4674,부산광역시 동구청,2026-06-25
좌천동0604,1,부산광역시 동구 진성로 34,부산광역시 동구 좌천동 696-7,35.1313895,129.0471129,,,051-440-4674,부산광역시 동구청,2026-06-25
좌천동0605,1,부산광역시 동구 진성로36번길 4,부산광역시 동구 좌천동 694-21,35.1313717,129.0472446,,,051-440-4674,부산광역시 동구청,2026-06-25
좌천동0606,1,부산광역시 동구 진성로36번길 10-1,부산광역시 동구 좌천동 825,35.1315341,129.0475182,,,051-440-4674,부산광역시 동구청,2026-06-25
좌천동0607,1,부산광역시 동구 진성로36번길 6-3,부산광역시 동구 좌천동 694-1,35.1314362,129.047606,,,051-440-4674,부산광역시 동구청,2026-06-25
좌천동0608,1,부산광역시 동구 진성로28번길 7,부산광역시 동구 좌천동 693-19,35.130893,129.0473438,,,051-440-4674,부산광역시 동구청,2026-06-25
좌천동0609,1,부산광역시 동구 진성로28번가길 11,부산광역시 동구 좌천동 693-20,35.1312833,129.0473909,,,051-440-4674,부산광역시 동구청,2026-06-25
좌천동0610,1,부산광역시 동구 진성로28번가길 18,부산광역시 동구 좌천동 693-24,35.13113,129.0477772,,,051-440-4674,부산광역시 동구청,2026-06-25
좌천동0611,1,부산광역시 동구 진성로28번길 9,부산광역시 동구 좌천동 692-22,35.1308399,129.047482,,,051-440-4674,부산광역시 동구청,2026-06-25
좌천동0612,1,부산광역시 동구 진성로28번길 19,부산광역시 동구 좌천동 692-18,35.1306739,129.0478059,,,051-440-4674,부산광역시 동구청,2026-06-25
좌천동0613,1,부산광역시 동구 진성로28번길 15,부산광역시 동구 좌천동 692-17,35.1306969,129.0476522,,,051-440-4674,부산광역시 동구청,2026-06-25
좌천동0614,1,부산광역시 동구 진성로28번길 19,부산광역시 동구 좌천동 692-15,35.1306739,129.0478059,,,051-440-4674,부산광역시 동구청,2026-06-25
좌천동0615,1,부산광역시 동구 진성로28번나길 6,부산광역시 동구 좌천동 692-8,35.1308474,129.0479686,,,051-440-4674,부산광역시 동구청,2026-06-25
좌천동0616,1,부산광역시 동구 진성로28번나길 8,부산광역시 동구 좌천동 692-7,35.1309409,129.0478743,,,051-440-4674,부산광역시 동구청,2026-06-25
좌천동0617,1,부산광역시 동구 고관로141번길 3,부산광역시 동구 좌천동 689-77,35.1308033,129.048381,,,051-440-4674,부산광역시 동구청,2026-06-25
좌천동0618,1,부산광역시 동구 고관로141번길 9,부산광역시 동구 좌천동 689-62,35.1310119,129.0482957,,,051-440-4674,부산광역시 동구청,2026-06-25
좌천동0619,1,부산광역시 동구 고관로141번길 7-6,부산광역시 동구 좌천동 691-14,35.1308741,129.0480805,,,051-440-4674,부산광역시 동구청,2026-06-25
좌천동0620,1,부산광역시 동구 고관로141번길 11,부산광역시 동구 좌천동 689-60,35.1310659,129.0482751,,,051-440-4674,부산광역시 동구청,2026-06-25
좌천동0621,1,부산광역시 동구 고관로141번길 11-15,부산광역시 동구 좌천동 691-10,35.1310692,129.0481294,,,051-440-4674,부산광역시 동구청,2026-06-25
좌천동0622,1,부산광역시 동구 고관로141번길 17,부산광역시 동구 좌천동 689-25,35.1313875,129.0480946,,,051-440-4674,부산광역시 동구청,2026-06-25
좌천동0623,1,부산광역시 동구 고관로141번길 17-3,부산광역시 동구 좌천동 689-32,35.1312481,129.0480536,,,051-440-4674,부산광역시 동구청,2026-06-25
좌천동0624,1,부산광역시 동구 고관로141번길 20,부산광역시 동구 좌천동 689-39,35.1315952,129.048359,,,051-440-4674,부산광역시 동구청,2026-06-25
좌천동0625,1,부산광역시 동구 좌천로 59-4,부산광역시 동구 좌천동 822-71,35.1320063,129.0484803,,,051-440-4674,부산광역시 동구청,2026-06-25
좌천동0626,1,부산광역시 동구 좌천로 55,부산광역시 동구 좌천동 830-51,35.1317719,129.0478849,,,051-440-4674,부산광역시 동구청,2026-06-25
좌천동0627,1,부산광역시 동구 좌천로 43-1,부산광역시 동구 좌천동 830-55,35.1323067,129.0477581,,,051-440-4674,부산광역시 동구청,2026-06-25
좌천동0628,1,부산광역시 동구 좌천남로 4-9,부산광역시 동구 좌천동 830-24,35.1321343,129.0480044,,,051-440-4674,부산광역시 동구청,2026-06-25
좌천동0629,1,부산광역시 동구 좌천남로9번길 1,부산광역시 동구 좌천동 820-3,35.132307,129.0488303,,,051-440-4674,부산광역시 동구청,2026-06-25
좌천동0630,1,부산광역시 동구 좌천남로9번길 7-4,부산광역시 동구 좌천동 820-5,35.1324639,129.0487739,,,051-440-4674,부산광역시 동구청,2026-06-25
좌천동0631,1,부산광역시 동구 좌천동로 8,부산광역시 동구 좌천동 820-133,35.1325247,129.0485047,,,051-440-4674,부산광역시 동구청,2026-06-25
좌천동0632,1,부산광역시 동구 좌천남로9번길 10-1,부산광역시 동구 좌천동 821-13,35.1322247,129.0491726,,,051-440-4674,부산광역시 동구청,2026-06-25
좌천동0633,1,부산광역시 동구 좌천남로9번길 14,부산광역시 동구 좌천동 812-79,35.1322655,129.0493153,,,051-440-4674,부산광역시 동구청,2026-06-25
좌천동0634,1,부산광역시 동구 고관로153번다길 4-1,부산광역시 동구 좌천동 812-69,35.1322281,129.0494457,,,051-440-4674,부산광역시 동구청,2026-06-25
좌천동0635,1,부산광역시 동구 고관로153번다길 5-3,부산광역시 동구 좌천동 812-92,35.1321594,129.0493233,,,051-440-4674,부산광역시 동구청,2026-06-25
좌천동0636,1,부산광역시 동구 고관로153번가길 15,부산광역시 동구 좌천동 812-118,35.1318625,129.0494441,,,051-440-4674,부산광역시 동구청,2026-06-25
좌천동0637,1,부산광역시 동구 고관로153번가길 7-1,부산광역시 동구 좌천동 812-50,35.1316421,129.0495037,,,051-440-4674,부산광역시 동구청,2026-06-25
좌천동0638,1,부산광역시 동구 고관로153번가길 4,부산광역시 동구 좌천동 812-35,35.1317209,129.0497237,,,051-440-4674,부산광역시 동구청,2026-06-25
좌천동0639,1,부산광역시 동구 고관로153번가길 17,부산광역시 동구 좌천동 812-119,35.1319139,129.0495059,,,051-440-4674,부산광역시 동구청,2026-06-25
좌천동0640,1,부산광역시 동구 고관로153번다길 1-1,부산광역시 동구 좌천동 812-84,35.1320744,129.0494183,,,051-440-4674,부산광역시 동구청,2026-06-25
좌천동0641,1,부산광역시 동구 고관로153번다길 6-5,부산광역시 동구 좌천동 812-64,35.1323241,129.0495058,,,051-440-4674,부산광역시 동구청,2026-06-25
좌천동0642,1,부산광역시 동구 좌천남로 19-6,부산광역시 동구 좌천동 684-25,35.1312998,129.0492625,,,051-440-4674,부산광역시 동구청,2026-06-25
좌천동0643,1,부산광역시 동구 고관로153번길 3,부산광역시 동구 좌천동 684-2,35.1312868,129.049626,,,051-440-4674,부산광역시 동구청,2026-06-25
좌천동0644,1,부산광역시 동구 고관로153번길 27,부산광역시 동구 좌천동 812-57,35.1322277,129.0496679,,,051-440-4674,부산광역시 동구청,2026-06-25
좌천동0645,1,부산광역시 동구 좌천남로9번길 23,부산광역시 동구 좌천동 819-48,35.1325702,129.0495985,,,051-440-4674,부산광역시 동구청,2026-06-25
좌천동0646,1,부산광역시 동구 좌천남로9번길 33,부산광역시 동구 좌천동 819-54,35.1326538,129.0494848,,,051-440-4674,부산광역시 동구청,2026-06-25
좌천동0647,1,부산광역시 동구 고관로159번길 30-4,부산광역시 동구 좌천동 810-76,35.1325227,129.0498115,,,051-440-4674,부산광역시 동구청,2026-06-25
좌천동0648,1,부산광역시 동구 고관로159번길 32-6,부산광역시 동구 좌천동 810-83,35.132606,129.0500052,,,051-440-4674,부산광역시 동구청,2026-06-25
좌천동0649,1,부산광역시 동구 고관로159번길 34,부산광역시 동구 좌천동 814-6,35.1327078,129.049887,,,051-440-4674,부산광역시 동구청,2026-06-25
좌천동0650,1,부산광역시 동구 고관로159번길 14-1,부산광역시 동구 좌천동 810-68,35.1320042,129.049998,,,051-440-4674,부산광역시 동구청,2026-06-25
좌천동0651,1,부산광역시 동구 고관로159번길 12,부산광역시 동구 좌천동 1114-10,35.131925,129.0500845,,,051-440-4674,부산광역시 동구청,2026-06-25
좌천동0652,1,부산광역시 동구 고관로159번길 8-7,부산광역시 동구 좌천동 810-67,35.1319921,129.0501449,,,051-440-4674,부산광역시 동구청,2026-06-25
좌천동0653,1,부산광역시 동구 고관로159번길 3,부산광역시 동구 좌천동 680-4,35.1315623,129.0502022,,,051-440-4674,부산광역시 동구청,2026-06-25
좌천동0654,1,부산광역시 동구 고관로159번길 5,부산광역시 동구 좌천동 811-9,35.1316455,129.0501731,,,051-440-4674,부산광역시 동구청,2026-06-25
좌천동0655,1,부산광역시 동구 고관로153번길 8-15,부산광역시 동구 좌천동 811-24,35.1316388,129.0500986,,,051-440-4674,부산광역시 동구청,2026-06-25
좌천동0656,1,부산광역시 동구 고관로 155,부산광역시 동구 좌천동 681-58,35.131226,129.0499732,,,051-440-4674,부산광역시 동구청,2026-06-25
좌천동0657,1,부산광역시 동구 고관로159번길 1-9,부산광역시 동구 좌천동 681-43,35.1313729,129.0501005,,,051-440-4674,부산광역시 동구청,2026-06-25
좌천동0658,1,부산광역시 동구 중앙대로 407-6,부산광역시 동구 좌천동 655-3,35.1313041,129.0506716,,,051-440-4674,부산광역시 동구청,2026-06-25
좌천동0660,1,부산광역시 동구 중앙대로 413,부산광역시 동구 좌천동 636,35.1316398,129.0513446,,,051-440-4674,부산광역시 동구청,2026-06-25
좌천동0661,1,부산광역시 동구 중앙대로 419-5,부산광역시 동구 좌천동 625,35.1319811,129.0515296,,,051-440-4674,부산광역시 동구청,2026-06-25
좌천동0662,1,부산광역시 동구 좌천동로 18,부산광역시 동구 좌천동 819-21,35.1328488,129.0495315,,,051-440-4674,부산광역시 동구청,2026-06-25
좌천동0663,1,부산광역시 동구 좌천동로 12,부산광역시 동구 좌천동 820-101,35.1324167,129.0491079,,,051-440-4674,부산광역시 동구청,2026-06-25
좌천동0664,1,부산광역시 동구 증산로103번길 6,부산광역시 동구 좌천동 733-10,35.136182,129.0530485,,,051-440-4674,부산광역시 동구청,2026-06-25
좌천동0665,1,부산광역시 동구 증산로71번길 1,부산광역시 동구 좌천동 795-9,35.1338741,129.0509421,,,051-440-4674,부산광역시 동구청,2026-06-25
좌천동0666,1,부산광역시 동구 증산로71번길 7,부산광역시 동구 좌천동 796-8,35.1341096,129.0508133,,,051-440-4674,부산광역시 동구청,2026-06-25
좌천동0667,1,부산광역시 동구 증산로69번길 6,부산광역시 동구 좌천동 799-30,35.1338331,129.0507932,,,051-440-4674,부산광역시 동구청,2026-06-25
좌천동0668,1,부산광역시 동구 증산로69번길 9,부산광역시 동구 좌천동 796-22,35.1339817,129.0505558,,,051-440-4674,부산광역시 동구청,2026-06-25
좌천동0669,1,부산광역시 동구 증산로65번길 7,부산광역시 동구 좌천동 808-12,35.1332813,129.050547,,,051-440-4674,부산광역시 동구청,2026-06-25
좌천동0670,1,부산광역시 동구 증산로65번길 18,부산광역시 동구 좌천동 798-74,35.1338651,129.0504393,,,051-440-4674,부산광역시 동구청,2026-06-25
좌천동0671,1,부산광역시 동구 증산로59번길 12,부산광역시 동구 좌천동 798-36,35.1334708,129.0503813,,,051-440-4674,부산광역시 동구청,2026-06-25
좌천동0672,1,부산광역시 동구 증산로59번길 17,부산광역시 동구 좌천동 798-161,35.133559,129.0500911,,,051-440-4674,부산광역시 동구청,2026-06-25
좌천동0673,1,부산광역시 동구 증산로59번길 26,부산광역시 동구 좌천동 798-65,35.1339073,129.0500856,,,051-440-4674,부산광역시 동구청,2026-06-25
좌천동0674,1,부산광역시 동구 증산로59번길 9,부산광역시 동구 좌천동 808-41,35.1332151,129.0503228,,,051-440-4674,부산광역시 동구청,2026-06-25
좌천동0675,1,부산광역시 동구 증산로59번길 3,부산광역시 동구 좌천동 808-73,35.1329901,129.0504621,,,051-440-4674,부산광역시 동구청,2026-06-25
좌천동0676,1,부산광역시 동구 증산로55번길 7,부산광역시 동구 좌천동 808-123,35.1330318,129.0500824,,,051-440-4674,부산광역시 동구청,2026-06-25
좌천동0677,1,부산광역시 동구 증산로55번길 14,부산광역시 동구 좌천동 808-117,35.133323,129.0500938,,,051-440-4674,부산광역시 동구청,2026-06-25
좌천동0678,1,부산광역시 동구 고관로159번길 3,부산광역시 동구 좌천동 681-15,35.1315623,129.0502022,,,051-440-4674,부산광역시 동구청,2026-06-25
좌천동0679,1,부산광역시 동구 증산로55번길 20,부산광역시 동구 좌천동 818-1,35.1335023,129.0499082,,,051-440-4674,부산광역시 동구청,2026-06-25
좌천동0680,1,부산광역시 동구 증산로55번길 26,부산광역시 동구 좌천동 857-25,35.1337881,129.0497408,,,051-440-4674,부산광역시 동구청,2026-06-25
좌천동0681,1,부산광역시 동구 증산로 47-8,부산광역시 동구 좌천동 818-69,35.1334358,129.0497907,,,051-440-4674,부산광역시 동구청,2026-06-25
좌천동0682,1,부산광역시 동구 증산로 47-3,부산광역시 동구 좌천동 819-14,35.1333008,129.0495716,,,051-440-4674,부산광역시 동구청,2026-06-25
좌천동0683,1,부산광역시 동구 망양로848번길 26,부산광역시 동구 좌천동 942-2,35.1361671,129.0479,,,051-440-4674,부산광역시 동구청,2026-06-25
좌천동0685,1,부산광역시 동구 증산동로 53,부산광역시 동구 좌천동 728-3,35.1366581,129.0528751,,,051-440-4674,부산광역시 동구청,2026-06-25
좌천동0687,1,부산광역시 동구 정공단로 38,부산광역시 동구 좌천동 428-4,35.1358452,129.0549295,,,051-440-4674,부산광역시 동구청,2026-06-25
좌천동0688,1,부산광역시 동구 진성로60번길 3-6,부산광역시 동구 좌천동 973-93,35.1336335,129.0458232,,,051-440-4674,부산광역시 동구청,2026-06-25
좌천동0693,1,부산광역시 동구 성남이로59번길 3,부산광역시 동구 좌천동 3,35.1336538,129.0561587,,,051-440-4674,부산광역시 동구청,2026-06-25
좌천동0694,1,부산광역시 동구 성남이로59번길 9,부산광역시 동구 좌천동 23-2,35.133507,129.0559508,,,051-440-4674,부산광역시 동구청,2026-06-25
좌천동0697,1,부산광역시 동구 증산로1번길 13,부산광역시 동구 좌천동 936-1,35.1355684,129.0462959,,,051-440-4674,부산광역시 동구청,2026-06-25
좌천동0698,1,부산광역시 동구 증산로1번길 15,부산광역시 동구 좌천동 936-1,35.1355885,129.0463596,,,051-440-4674,부산광역시 동구청,2026-06-25
좌천동0699,1,부산광역시 동구 망양로871번길14,부산광역시 동구 좌천동 908-32,35.1384078,129.0471876,,,051-440-4674,부산광역시 동구청,2026-06-25
좌천동0700,1,부산광역시 동구 자성로8번길 28-4,부산광역시 동구 좌천동 227,35.1332222,129.0547355,,,051-440-4674,부산광역시 동구청,2026-06-25
좌천동0701,1,부산광역시 동구 성남이로37번길 10,부산광역시 동구 좌천동 68-140,35.1329719,129.0563157,,,051-440-4674,부산광역시 동구청,2026-06-25
좌천동0707,1,부산광역시 동구 능풍길 17,부산광역시 동구 좌천동 1007-42,35.1330536,129.0473767,,,051-440-4674,부산광역시 동구청,2026-06-25
좌천동0711,1,부산광역시 동구 고관로159번길 18,부산광역시 동구 좌천동 1114-10,35.1320922,129.0499469,,,051-440-4674,부산광역시 동구청,2026-06-25
좌천동0712,1,부산광역시 동구 중앙대로 460번길25,부산광역시 동구 좌천동 384,35.135012,129.0559199,,,051-440-4674,부산광역시 동구청,2026-06-25
좌천동0713,1,부산광역시 동구 증산서로9-3,부산광역시 동구 좌천동 924-3,35.13569,129.0476772,,,051-440-4674,부산광역시 동구청,2026-06-25
좌천동0714,1,부산광역시 동구 충장대로 275-8,부산광역시 동구 좌천동 1156-7,35.1259271,129.0505288,,,051-440-4674,부산광역시 동구청,2026-06-25
좌천동0715,1,부산광역시 동구 증산로 95,부산광역시 동구 좌천동 784-3,35.1355449,129.0524028,,,051-440-4674,부산광역시 동구청,2026-06-25
좌천동0716,1,부산광역시 동구 성북로35,부산광역시 동구 좌천동 산 9-13,35.1369815,129.0496477,,,051-440-4674,부산광역시 동구청,2026-06-25
좌천동0717,1,부산광역시 동구 성남이로21,부산광역시 동구 좌천동 1074-1,35.1323145,129.0568101,,,051-440-4674,부산광역시 동구청,2026-06-25
좌천동0718,1,부산광역시 동구 성북로11,부산광역시 동구 좌천동 860-9,35.1350398,129.0498738,,,051-440-4674,부산광역시 동구청,2026-06-25
좌천동0719,1,부산광역시 동구 고관로153번길 8-3,부산광역시 동구 좌천동 811-69,35.1315002,129.0499146,,,051-440-4674,부산광역시 동구청,2026-06-25
좌천동0720,1,부산광역시 동구 고관로153번길 14,부산광역시 동구 좌천동 811-64,35.1317723,129.0500233,,,051-440-4674,부산광역시 동구청,2026-06-25
좌천동0721,1,부산광역시 동구 고관로153번길 20-4,부산광역시 동구 좌천동 812-150,35.1319411,129.0498945,,,051-440-4674,부산광역시 동구청,2026-06-25
좌천동0722,1,부산광역시 동구 고관로153번길 24,부산광역시 동구 좌천동 812-156,35.1320427,129.0497748,,,051-440-4674,부산광역시 동구청,2026-06-25
좌천동0723,1,부산광역시 동구 정공단로 9,부산광역시 동구 좌천동 1056,35.1340766,129.0528979,,,051-440-4674,부산광역시 동구청,2026-06-25
좌천동0724,1,부산광역시 동구 증산로25번길 9,부산광역시 동구 좌천동 853-22,35.1340587,129.0484011,,,051-440-4674,부산광역시 동구청,2026-06-25
좌천동0725,1,부산광역시 동구 증산서로6번길 16,부산광역시 동구 좌천동 862-9,35.1350997,129.0483019,,,051-440-4674,부산광역시 동구청,2026-06-25
좌천동0726,1,부산광역시 동구 수정공원북로 25,부산광역시 동구 좌천동 908-52,35.1383195,129.0470901,,,051-440-4674,부산광역시 동구청,2026-06-25
좌천동0727,1,부산광역시 동구 망양로846번길 15,부산광역시 동구 좌천동 935-8,35.1357277,129.0464103,,,051-440-4674,부산광역시 동구청,2026-06-25
좌천동0728,1,부산광역시 동구 증산로6번길 15-5,부산광역시 동구 좌천동 979-34,35.1343646,129.0457827,,,051-440-4674,부산광역시 동구청,2026-06-25
좌천동0729,1,부산광역시 동구 좌천동로 10,부산광역시 동구 좌천동 819-104,35.1324357,129.048932,,,051-440-4674,부산광역시 동구청,2026-06-25
좌천동0730,1,부산광역시 동구 좌천동로 16,부산광역시 동구 좌천동 819-104,35.1326521,129.0493855,,,051-440-4674,부산광역시 동구청,2026-06-25
좌천동0731,1,부산광역시 동구 좌천로 26-1,부산광역시 동구 좌천동 851-12,35.1339009,129.0474333,,,051-440-4674,부산광역시 동구청,2026-06-25
좌천동0732,1,부산광역시 동구 좌천로 21,부산광역시 동구 좌천동 865-4,35.1343648,129.0475914,,,051-440-4674,부산광역시 동구청,2026-06-25
좌천동0734,1,부산광역시 동구 성북로22번길 17,부산광역시 동구 좌천동 741-1,35.1361023,129.0499113,,,051-440-4674,부산광역시 동구청,2026-06-25
좌천동0735,1,부산광역시 동구 증산로113번길2,부산광역시 동구 좌천동 786-1,35.1365795,129.0538008,,,051-440-4674,부산광역시 동구청,2026-06-25
좌천동0736,1,부산광역시 동구 정공단로8,부산광역시 동구 좌천동 1051,35.1337663,129.0530345,,,051-440-4674,부산광역시 동구청,2026-06-25
좌천동0737,1,부산광역시 동구 성북로 7-4,부산광역시 동구 좌천동 860-12,35.134754,129.0496235,,,051-440-4674,부산광역시 동구청,2026-06-25
좌천동0738,1,부산광역시 동구 망양로852번길 21-4,부산광역시 동구 좌천동 915-75,35.1367292,129.0479598,,,051-440-4674,부산광역시 동구청,2026-06-25
좌천동0739,1,부산광역시 동구 성북로1번길 7-6,부산광역시 동구 좌천동 860-130,35.1339252,129.0490067,,,051-440-4674,부산광역시 동구청,2026-06-25
좌천동0740,1,부산광역시 동구 정공단로17번길16,부산광역시 동구 좌천동 763-21,35.1352889,129.0531107,,,051-440-4674,부산광역시 동구청,2026-06-25
좌천동0741,1,부산광역시 동구 정공단로17번길16,부산광역시 동구 좌천동 763-1,35.1352889,129.0531107,,,051-440-4674,부산광역시 동구청,2026-06-25
좌천동0742,1,부산광역시 동구 정공단로17번가길 5,부산광역시 동구 좌천동 1094,35.1345361,129.0530178,,,051-440-4674,부산광역시 동구청,2026-06-25
좌천동0743,1,부산광역시 동구 증산북로 18-11,부산광역시 동구 범일동 산 81-28,35.1383442,129.0518337,,,051-440-4674,부산광역시 동구청,2026-06-25
좌천동0744,1,부산광역시 동구 증산북로 18-11,부산광역시 동구 범일동 산 81-28,35.1383442,129.0518337,,,051-440-4674,부산광역시 동구청,2026-06-25
좌천동0746,1,부산광역시 동구 성북로22번길 14,부산광역시 동구 좌천동 740-3,35.1358148,129.0506366,,,051-440-4674,부산광역시 동구청,2026-06-25
좌천동 0706,1,부산광역시 동구 성북로55번길 22,부산광역시 동구 좌천동 904-19,35.1381137,129.0481458,,,051-440-4674,부산광역시 동구청,2026-06-25
좌천동 0708,1,부산광역시 동구 좌천서로 12,부산광역시 동구 좌천동 849-10,35.133417,129.0471385,,,051-440-4674,부산광역시 동구청,2026-06-25
좌천동 0709,1,부산광역시 동구 성북로27번길 12,부산광역시 동구 좌천동 1104-1,35.1366139,129.049194,,,051-440-4674,부산광역시 동구청,2026-06-25
좌천동 0710,1,부산광역시 동구 성북로27번길 11,부산광역시 동구 좌천동 892-3,35.1363347,129.0492211,,,051-440-4674,부산광역시 동구청,2026-06-25
좌천동 0733,1,부산광역시 동구 증산로3번길 3,부산광역시 동구 좌천동 1108,35.1352035,129.0462555,,,051-440-4674,부산광역시 동구청,2026-06-25
초량동0001,1,부산광역시 동구 중앙대로196번길 10,부산광역시 동구 초량동 1204-1,35.1142482,129.0403231,,,051-440-4674,부산광역시 동구청,2026-06-25
초량동0002,1,부산광역시 동구 중앙대로196번길 6-3,부산광역시 동구 초량동 1204-3,35.1141394,129.0401456,,,051-440-4674,부산광역시 동구청,2026-06-25
초량동0003,1,부산광역시 동구 중앙대로196번길 6-5,부산광역시 동구 초량동 1204-4,35.1139586,129.0400461,,,051-440-4674,부산광역시 동구청,2026-06-25
초량동0004,1,부산광역시 동구 중앙대로196번길 6-7,부산광역시 동구 초량동 1204-7,35.1136791,129.0399409,,,051-440-4674,부산광역시 동구청,2026-06-25
초량동0005,1,부산광역시 동구 중앙대로196번길 6-13,부산광역시 동구 초량동 1204-10,35.1133898,129.0398129,,,051-440-4674,부산광역시 동구청,2026-06-25
초량동0006,1,부산광역시 동구 중앙대로180번길 7,부산광역시 동구 초량동 1204-12,35.1132782,129.0397638,,,051-440-4674,부산광역시 동구청,2026-06-25
초량동0007,1,부산광역시 동구 중앙대로180번길 13,부산광역시 동구 초량동 1203-10,35.1130664,129.0403886,,,051-440-4674,부산광역시 동구청,2026-06-25
초량동0008,1,부산광역시 동구 중앙대로196번길 12-9,부산광역시 동구 초량동 1203-17,35.1135621,129.0404669,,,051-440-4674,부산광역시 동구청,2026-06-25
초량동0009,1,부산광역시 동구 중앙대로196번길 12,부산광역시 동구 초량동 1203-15,35.1141415,129.0407803,,,051-440-4674,부산광역시 동구청,2026-06-25
초량동0010,1,부산광역시 동구 중앙대로180번길 12-7,부산광역시 동구 초량동 1213-4,35.1125187,129.0400372,,,051-440-4674,부산광역시 동구청,2026-06-25
초량동0011,1,부산광역시 동구 중앙대로180번길 12-13,부산광역시 동구 초량동 1213-22,35.1120786,129.03984,,,051-440-4674,부산광역시 동구청,2026-06-25
초량동0012,1,부산광역시 동구 대영로 265,부산광역시 동구 초량동 1213-18,35.1117864,129.0397008,,,051-440-4674,부산광역시 동구청,2026-06-25
초량동0013,1,부산광역시 동구 중앙대로180번길 16-14,부산광역시 동구 초량동 1213-16,35.1118147,129.0399727,,,051-440-4674,부산광역시 동구청,2026-06-25
초량동0014,1,부산광역시 동구 중앙대로180번길 16-10,부산광역시 동구 초량동 1213-9,35.1121384,129.0401393,,,051-440-4674,부산광역시 동구청,2026-06-25
초량동0015,1,부산광역시 동구 대영로 261,부산광역시 동구 초량동 1212-11,35.1118715,129.039266,,,051-440-4674,부산광역시 동구청,2026-06-25
초량동0016,1,부산광역시 동구 중앙대로 166,부산광역시 동구 초량동 1211-10,35.1121016,129.0386851,,,051-440-4674,부산광역시 동구청,2026-06-25
초량동0017,1,부산광역시 동구 중앙대로180번길 6-15,부산광역시 동구 초량동 1212-9,35.1120223,129.0393269,,,051-440-4674,부산광역시 동구청,2026-06-25
초량동0018,1,부산광역시 동구 중앙대로180번길 6-13,부산광역시 동구 초량동 1212-8,35.1122138,129.0392895,,,051-440-4674,부산광역시 동구청,2026-06-25
초량동0019,1,부산광역시 동구 중앙대로180번길 6-11,부산광역시 동구 초량동 1212-5,35.1123783,129.0393618,,,051-440-4674,부산광역시 동구청,2026-06-25
초량동0020,1,부산광역시 동구 중앙대로180번길 6-9,부산광역시 동구 초량동 1212-4,35.1125592,129.0394422,,,051-440-4674,부산광역시 동구청,2026-06-25
초량동0021,1,부산광역시 동구 중앙대로180번길 6-5,부산광역시 동구 초량동 1212-15,35.1128093,129.0395553,,,051-440-4674,부산광역시 동구청,2026-06-25
초량동0022,1,부산광역시 동구 대영로247번길 7-1,부산광역시 동구 초량동 622,35.1126567,129.0377702,,,051-440-4674,부산광역시 동구청,2026-06-25
초량동0023,1,부산광역시 동구 대영로247번길 13-1,부산광역시 동구 초량동 618-2,35.1129439,129.0377945,,,051-440-4674,부산광역시 동구청,2026-06-25
초량동0024,1,부산광역시 동구 대영로247번길 17,부산광역시 동구 초량동 616-1,35.1130597,129.0379552,,,051-440-4674,부산광역시 동구청,2026-06-25
초량동0025,1,부산광역시 동구 대영로247번길 19,부산광역시 동구 초량동 615-1,35.1131705,129.0379542,,,051-440-4674,부산광역시 동구청,2026-06-25
초량동0026,1,부산광역시 동구 대영로247번길 23,부산광역시 동구 초량동 614-1,35.113273,129.0380199,,,051-440-4674,부산광역시 동구청,2026-06-25
초량동0027,1,부산광역시 동구 대영로243번길 26,부산광역시 동구 초량동 614-2,35.1133159,129.0378683,,,051-440-4674,부산광역시 동구청,2026-06-25
초량동0028,1,부산광역시 동구 대영로243번길 18,부산광역시 동구 초량동 618-1,35.1129939,129.0376686,,,051-440-4674,부산광역시 동구청,2026-06-25
초량동0029,1,부산광역시 동구 대영로239번길 12,부산광역시 동구 초량동 603-5,35.1126974,129.0370763,,,051-440-4674,부산광역시 동구청,2026-06-25
초량동0030,1,부산광역시 동구 대영로239번길 14,부산광역시 동구 초량동 603-4,35.112748,129.0371102,,,051-440-4674,부산광역시 동구청,2026-06-25
초량동0031,1,부산광역시 동구 대영로239번길 18-1,부산광역시 동구 초량동 604-5,35.112939,129.0373221,,,051-440-4674,부산광역시 동구청,2026-06-25
초량동0032,1,부산광역시 동구 대영로239번길 21,부산광역시 동구 초량동 600-2,35.1131945,129.0371143,,,051-440-4674,부산광역시 동구청,2026-06-25
초량동0034,1,부산광역시 동구 초량중로16번길 8-1,부산광역시 동구 초량동 598-29,35.1132573,129.0370037,,,051-440-4674,부산광역시 동구청,2026-06-25
초량동0035,1,부산광역시 동구 초량중로16번길 8-3,부산광역시 동구 초량동 598-30,35.1131878,129.0369805,,,051-440-4674,부산광역시 동구청,2026-06-25
초량동0036,1,부산광역시 동구 중동길 53-8,부산광역시 동구 초량동 598-14,35.1130443,129.0367603,,,051-440-4674,부산광역시 동구청,2026-06-25
초량동0037,1,부산광역시 동구 중동길 53-4,부산광역시 동구 초량동 598-5,35.1129732,129.0366731,,,051-440-4674,부산광역시 동구청,2026-06-25
초량동0038,1,부산광역시 동구 초량중로16번길 4-7,부산광역시 동구 초량동 598-22,35.1132036,129.0367152,,,051-440-4674,부산광역시 동구청,2026-06-25
초량동0039,1,부산광역시 동구 초량중로16번길 4-1,부산광역시 동구 초량동 598-19,35.113368,129.036808,,,051-440-4674,부산광역시 동구청,2026-06-25
초량동0040,1,부산광역시 동구 대영로243번길 25,부산광역시 동구 초량동 608,35.1134171,129.0375079,,,051-440-4674,부산광역시 동구청,2026-06-25
초량동0041,1,부산광역시 동구 중앙대로179번길 17,부산광역시 동구 초량동 610-1,35.1136781,129.0376289,,,051-440-4674,부산광역시 동구청,2026-06-25
초량동0042,1,부산광역시 동구 대영로243번길 51,부산광역시 동구 초량동 581,35.1144265,129.0382233,,,051-440-4674,부산광역시 동구청,2026-06-25
초량동0043,1,부산광역시 동구 대영로239번길 56,부산광역시 동구 초량동 580,35.1144628,129.0380469,,,051-440-4674,부산광역시 동구청,2026-06-25
초량동0044,1,부산광역시 동구 대영로243번길 58,부산광역시 동구 초량동 562-2,35.1146469,129.0386084,,,051-440-4674,부산광역시 동구청,2026-06-25
초량동0045,1,부산광역시 동구 대영로239번길 49-4,부산광역시 동구 초량동 586-20,35.1144189,129.0376986,,,051-440-4674,부산광역시 동구청,2026-06-25
초량동0046,1,부산광역시 동구 초량중로32번길 17,부산광역시 동구 초량동 586-10,35.1142438,129.0376057,,,051-440-4674,부산광역시 동구청,2026-06-25
초량동0047,1,부산광역시 동구 초량중로32번길 9,부산광역시 동구 초량동 587-48,35.1144917,129.0375085,,,051-440-4674,부산광역시 동구청,2026-06-25
초량동0048,1,부산광역시 동구 초량중로32번길 5,부산광역시 동구 초량동 588-5,35.1146547,129.0373839,,,051-440-4674,부산광역시 동구청,2026-06-25
초량동0049,1,부산광역시 동구 초량중로32번길 1,부산광역시 동구 초량동 588-2,35.1147898,129.0373507,,,051-440-4674,부산광역시 동구청,2026-06-25
초량동0050,1,부산광역시 동구 대영로239번길 45,부산광역시 동구 초량동 586-9,35.114149,129.0376757,,,051-440-4674,부산광역시 동구청,2026-06-25
초량동0051,1,부산광역시 동구 중앙대로179번길 30,부산광역시 동구 초량동 591-17,35.1140589,129.0371879,,,051-440-4674,부산광역시 동구청,2026-06-25
초량동0052,1,부산광역시 동구 중앙대로179번길 29,부산광역시 동구 초량동 592-14,35.1139102,129.0370888,,,051-440-4674,부산광역시 동구청,2026-06-25
초량동0053,1,부산광역시 동구 중앙대로179번길 27-12,부산광역시 동구 초량동 597-10,35.1135522,129.0368984,,,051-440-4674,부산광역시 동구청,2026-06-25
초량동0054,1,부산광역시 동구 초량중로34번길 6-6,부산광역시 동구 초량동 587-25,35.1146919,129.037468,,,051-440-4674,부산광역시 동구청,2026-06-25
초량동0055,1,부산광역시 동구 중앙대로195번가길 11-4,부산광역시 동구 초량동 527,35.1158456,129.0379679,,,051-440-4674,부산광역시 동구청,2026-06-25
초량동0056,1,부산광역시 동구 중앙대로209번길 30,부산광역시 동구 초량동 444-1,35.1165311,129.0384792,,,051-440-4674,부산광역시 동구청,2026-06-25
초량동0057,1,부산광역시 동구 초량로13번길 70-5,부산광역시 동구 초량동 453-1,35.1161793,129.0385211,,,051-440-4674,부산광역시 동구청,2026-06-25
초량동0058,1,부산광역시 동구 중앙대로195번가길 14,부산광역시 동구 초량동 457,35.1158122,129.0384281,,,051-440-4674,부산광역시 동구청,2026-06-25
초량동0059,1,부산광역시 동구 중앙대로195번가길 12,부산광역시 동구 초량동 514-2,35.1156231,129.0383413,,,051-440-4674,부산광역시 동구청,2026-06-25
초량동0060,1,부산광역시 동구 초량로13번길 73,부산광역시 동구 초량동 509,35.1158251,129.038828,,,051-440-4674,부산광역시 동구청,2026-06-25
초량동0061,1,부산광역시 동구 대영로243번길 73-7,부산광역시 동구 초량동 503-1,35.1156664,129.0389182,,,051-440-4674,부산광역시 동구청,2026-06-25
초량동0062,1,부산광역시 동구 대영로243번길 73-3,부산광역시 동구 초량동 500-1,35.1153943,129.0387933,,,051-440-4674,부산광역시 동구청,2026-06-25
초량동0063,1,부산광역시 동구 중앙대로209번길 10-11,부산광역시 동구 초량동 474-1,35.1165296,129.0396343,,,051-440-4674,부산광역시 동구청,2026-06-25
초량동0064,1,부산광역시 동구 중앙대로209번길 10-17,부산광역시 동구 초량동 476-1,35.116779,129.0398443,,,051-440-4674,부산광역시 동구청,2026-06-25
초량동0065,1,부산광역시 동구 중앙대로221번길 3,부산광역시 동구 초량동 377-7,35.1168603,129.0401139,,,051-440-4674,부산광역시 동구청,2026-06-25
초량동0066,1,부산광역시 동구 초량로13번길 48-6,부산광역시 동구 초량동 409,35.1171523,129.0388962,,,051-440-4674,부산광역시 동구청,2026-06-25
초량동0067,1,부산광역시 동구 중앙대로209번길 10-19,부산광역시 동구 초량동 477-2,35.1168459,129.0398533,,,051-440-4674,부산광역시 동구청,2026-06-25
초량동0068,1,부산광역시 동구 초량로13번길 48-14,부산광역시 동구 초량동 404-2,35.1169191,129.0390312,,,051-440-4674,부산광역시 동구청,2026-06-25
초량동0069,1,부산광역시 동구 초량로13번길 58,부산광역시 동구 초량동 399,35.1166237,129.0389711,,,051-440-4674,부산광역시 동구청,2026-06-25
초량동0070,1,부산광역시 동구 중앙대로209번길 22,부산광역시 동구 초량동 465-20,35.1164578,129.0387196,,,051-440-4674,부산광역시 동구청,2026-06-25
초량동0071,1,부산광역시 동구 초량중로 58-6,부산광역시 동구 초량동 433,35.1168792,129.0385534,,,051-440-4674,부산광역시 동구청,2026-06-25
초량동0072,1,부산광역시 동구 초량중로 56-4,부산광역시 동구 초량동 438-1,35.1167338,129.0383724,,,051-440-4674,부산광역시 동구청,2026-06-25
초량동0073,1,부산광역시 동구 중앙대로221번길 43,부산광역시 동구 초량동 423-2,35.1175526,129.0380401,,,051-440-4674,부산광역시 동구청,2026-06-25
초량동0074,1,부산광역시 동구 중앙대로195번가길 47-5,부산광역시 동구 초량동 1020,35.1171683,129.0376685,,,051-440-4674,부산광역시 동구청,2026-06-25
초량동0075,1,부산광역시 동구 중앙대로195번가길 47-4,부산광역시 동구 초량동 1016-1,35.1172821,129.0376841,,,051-440-4674,부산광역시 동구청,2026-06-25
초량동0076,1,부산광역시 동구 중앙대로195번가길 35-7,부산광역시 동구 초량동 1034,35.1167797,129.0377291,,,051-440-4674,부산광역시 동구청,2026-06-25
초량동0077,1,부산광역시 동구 초량중로 61-6,부산광역시 동구 초량동 423-19,35.1173846,129.0381143,,,051-440-4674,부산광역시 동구청,2026-06-25
초량동0078,1,부산광역시 동구 초량상로 54-7,부산광역시 동구 초량동 1039-28,35.1165516,129.0376083,,,051-440-4674,부산광역시 동구청,2026-06-25
초량동0079,1,부산광역시 동구 초량상로 54-6,부산광역시 동구 초량동 1039-35,35.116475,129.0373909,,,051-440-4674,부산광역시 동구청,2026-06-25
초량동0080,1,부산광역시 동구 초량상로 54-3,부산광역시 동구 초량동 1039-24,35.1166492,129.0374082,,,051-440-4674,부산광역시 동구청,2026-06-25
초량동0081,1,부산광역시 동구 초량중로47번길 7,부산광역시 동구 초량동 1045,35.1161429,129.0375821,,,051-440-4674,부산광역시 동구청,2026-06-25
초량동0082,1,부산광역시 동구 초량중로47번길 12,부산광역시 동구 초량동 1040-1,35.1162058,129.0372006,,,051-440-4674,부산광역시 동구청,2026-06-25
초량동0083,1,부산광역시 동구 초량상로 48-1,부산광역시 동구 초량동 1049,35.1161159,129.0370501,,,051-440-4674,부산광역시 동구청,2026-06-25
초량동0084,1,부산광역시 동구 초량중로41번길 4,부산광역시 동구 초량동 1047-5,35.1160363,129.0374387,,,051-440-4674,부산광역시 동구청,2026-06-25
초량동0085,1,부산광역시 동구 초량중로41번길 8-1,부산광역시 동구 초량동 1048-11,35.1159975,129.0371965,,,051-440-4674,부산광역시 동구청,2026-06-25
초량동0086,1,부산광역시 동구 초량중로41번길 10,부산광역시 동구 초량동 1048-13,35.1160055,129.0371031,,,051-440-4674,부산광역시 동구청,2026-06-25
초량동0087,1,부산광역시 동구 초량중로 39-3,부산광역시 동구 초량동 1052-2,35.1155209,129.0372394,,,051-440-4674,부산광역시 동구청,2026-06-25
초량동0088,1,부산광역시 동구 초량중로 39-6,부산광역시 동구 초량동 1051-12,35.1156619,129.0372395,,,051-440-4674,부산광역시 동구청,2026-06-25
초량동0089,1,부산광역시 동구 초량중로35번길 6,부산광역시 동구 초량동 1053-42,35.1152862,129.0370663,,,051-440-4674,부산광역시 동구청,2026-06-25
초량동0090,1,부산광역시 동구 초량중로35번길 10,부산광역시 동구 초량동 1053-13,35.1153968,129.037114,,,051-440-4674,부산광역시 동구청,2026-06-25
초량동0091,1,부산광역시 동구 초량중로33번길 3,부산광역시 동구 초량동 1056-7,35.1149156,129.0370114,,,051-440-4674,부산광역시 동구청,2026-06-25
초량동0092,1,부산광역시 동구 초량중로33번길 7,부산광역시 동구 초량동 1056-3,35.1149168,129.0368491,,,051-440-4674,부산광역시 동구청,2026-06-25
초량동0093,1,부산광역시 동구 초량중로21번길 4,부산광역시 동구 초량동 1056-97,35.1142363,129.0366572,,,051-440-4674,부산광역시 동구청,2026-06-25
초량동0094,1,부산광역시 동구 초량중로 19-5,부산광역시 동구 초량동 1057-15,35.1140136,129.0364736,,,051-440-4674,부산광역시 동구청,2026-06-25
초량동0095,1,부산광역시 동구 초량상로25번길 21,부산광역시 동구 초량동 1130-2,35.1147796,129.0349013,,,051-440-4674,부산광역시 동구청,2026-06-25
초량동0096,1,부산광역시 동구 초량중로17번길 7-6,부산광역시 동구 초량동 1057-72,35.1136006,129.0361358,,,051-440-4674,부산광역시 동구청,2026-06-25
초량동0097,1,부산광역시 동구 초량중로 13-4,부산광역시 동구 초량동 1057-8,35.1135401,129.0363486,,,051-440-4674,부산광역시 동구청,2026-06-25
초량동0098,1,부산광역시 동구 초량중로17번길 7-4,부산광역시 동구 초량동 1057-69,35.1136674,129.036162,,,051-440-4674,부산광역시 동구청,2026-06-25
초량동0099,1,부산광역시 동구 초량중로17번길 5,부산광역시 동구 초량동 1057-26,35.113763,129.0363368,,,051-440-4674,부산광역시 동구청,2026-06-25
초량동0100,1,부산광역시 동구 초량중로17번길 8,부산광역시 동구 초량동 1057-27,35.1138643,129.0362991,,,051-440-4674,부산광역시 동구청,2026-06-25
초량동0101,1,부산광역시 동구 초량중로21번길 9,부산광역시 동구 초량동 1057-34,35.1141674,129.0362674,,,051-440-4674,부산광역시 동구청,2026-06-25
초량동0102,1,부산광역시 동구 초량중로21번길 5-2,부산광역시 동구 초량동 1057-30,35.1141423,129.0364211,,,051-440-4674,부산광역시 동구청,2026-06-25
초량동0103,1,부산광역시 동구 초량상로 28,부산광역시 동구 초량동 1056-56,35.1145462,129.0362203,,,051-440-4674,부산광역시 동구청,2026-06-25
초량동0104,1,부산광역시 동구 초량중로21번길 12-8,부산광역시 동구 초량동 1056-77,35.1146326,129.036447,,,051-440-4674,부산광역시 동구청,2026-06-25
초량동0105,1,부산광역시 동구 초량상로 46,부산광역시 동구 초량동 994-370,35.1158647,129.0369307,,,051-440-4674,부산광역시 동구청,2026-06-25
초량동0106,1,부산광역시 동구 초량중로21번길 12-10,부산광역시 동구 초량동 1056-78,35.1146678,129.0363848,,,051-440-4674,부산광역시 동구청,2026-06-25
초량동0107,1,부산광역시 동구 초량상로 56-4,부산광역시 동구 초량동 1039-9,35.1167887,129.0374221,,,051-440-4674,부산광역시 동구청,2026-06-25
초량동0108,1,부산광역시 동구 초량상로 56-12,부산광역시 동구 초량동 1039-20,35.1166758,129.0376092,,,051-440-4674,부산광역시 동구청,2026-06-25
초량동0110,1,부산광역시 동구 초량상로65번길 2,부산광역시 동구 초량동 970-20,35.1178375,129.0374912,,,051-440-4674,부산광역시 동구청,2026-06-25
초량동0111,1,부산광역시 동구 초량상로65번길 15-4,부산광역시 동구 초량동 982-2,35.1179859,129.0369346,,,051-440-4674,부산광역시 동구청,2026-06-25
초량동0112,1,부산광역시 동구 초량상로65번길 15-12,부산광역시 동구 초량동 981-5,35.1179806,129.0365603,,,051-440-4674,부산광역시 동구청,2026-06-25
초량동0113,1,부산광역시 동구 초량상로65번길 15-18,부산광역시 동구 초량동 981-6,35.1178953,129.0366015,,,051-440-4674,부산광역시 동구청,2026-06-25
초량동0114,1,부산광역시 동구 초량상로65번길 25,부산광역시 동구 초량동 922-3,35.1183091,129.0366487,,,051-440-4674,부산광역시 동구청,2026-06-25
초량동0115,1,부산광역시 동구 초량상로65번길 23-6,부산광역시 동구 초량동 921-4,35.1184001,129.0365922,,,051-440-4674,부산광역시 동구청,2026-06-25
초량동0116,1,부산광역시 동구 초량상로69번길 19,부산광역시 동구 초량동 960-3,35.1183218,129.0370109,,,051-440-4674,부산광역시 동구청,2026-06-25
초량동0117,1,부산광역시 동구 초량상로69번길 15,부산광역시 동구 초량동 960-6,35.1181646,129.0370478,,,051-440-4674,부산광역시 동구청,2026-06-25
초량동0118,1,부산광역시 동구 초량상로69번길 11,부산광역시 동구 초량동 970-18,35.1180027,129.0372207,,,051-440-4674,부산광역시 동구청,2026-06-25
초량동0119,1,부산광역시 동구 초량상로69번길11,부산광역시 동구 초량동 968-1,35.1180027,129.0372207,,,051-440-4674,부산광역시 동구청,2026-06-25
초량동0120,1,부산광역시 동구 초량상로69번길 6-3,부산광역시 동구 초량동 969-1,35.1181427,129.0374152,,,051-440-4674,부산광역시 동구청,2026-06-25
초량동0121,1,부산광역시 동구 초량상로 67,부산광역시 동구 초량동 296-39,35.1179357,129.0376251,,,051-440-4674,부산광역시 동구청,2026-06-25
초량동0122,1,부산광역시 동구 초량상로 71-2,부산광역시 동구 초량동 296-31,35.1182435,129.0378189,,,051-440-4674,부산광역시 동구청,2026-06-25
초량동0124,1,부산광역시 동구 초량상로75번길 4-13,부산광역시 동구 초량동 954-10,35.1184096,129.0377357,,,051-440-4674,부산광역시 동구청,2026-06-25
초량동0125,1,부산광역시 동구 초량상로75번길 4,부산광역시 동구 초량동 956,35.1185721,129.0378821,,,051-440-4674,부산광역시 동구청,2026-06-25
초량동0126,1,부산광역시 동구 초량상로69번길 6-20,부산광역시 동구 초량동 957-16,35.1182957,129.0373198,,,051-440-4674,부산광역시 동구청,2026-06-25
초량동0127,1,부산광역시 동구 초량상로69번길 6-16,부산광역시 동구 초량동 957-14,35.1185133,129.0373404,,,051-440-4674,부산광역시 동구청,2026-06-25
초량동0128,1,부산광역시 동구 초량상로79번가길 18,부산광역시 동구 초량동 928,35.1186401,129.0370589,,,051-440-4674,부산광역시 동구청,2026-06-25
초량동0129,1,부산광역시 동구 초량상로79번길 9-7,부산광역시 동구 초량동 953-4,35.1188201,129.0374205,,,051-440-4674,부산광역시 동구청,2026-06-25
초량동0130,1,부산광역시 동구 초량상로79번가길 12,부산광역시 동구 초량동 954-24,35.1186874,129.0374322,,,051-440-4674,부산광역시 동구청,2026-06-25
초량동0131,1,부산광역시 동구 초량상로79번가길 10,부산광역시 동구 초량동 954-23,35.1187106,129.0375389,,,051-440-4674,부산광역시 동구청,2026-06-25
초량동0132,1,부산광역시 동구 초량상로79번길 9-3,부산광역시 동구 초량동 952-3,35.118862,129.0376523,,,051-440-4674,부산광역시 동구청,2026-06-25
초량동0133,1,부산광역시 동구 초량상로79번가길 18-7,부산광역시 동구 초량동 951,35.1188089,129.0373187,,,051-440-4674,부산광역시 동구청,2026-06-25
초량동0134,1,부산광역시 동구 초량상로79번길 15,부산광역시 동구 초량동 945,35.1190043,129.0373516,,,051-440-4674,부산광역시 동구청,2026-06-25
초량동0135,1,부산광역시 동구 초량상로79번길 27-4,부산광역시 동구 초량동 931-33,35.1192654,129.0367985,,,051-440-4674,부산광역시 동구청,2026-06-25
초량동0136,1,부산광역시 동구 초량상로79번길 27-10,부산광역시 동구 초량동 931-30,35.119097,129.0364929,,,051-440-4674,부산광역시 동구청,2026-06-25
초량동0137,1,부산광역시 동구 초량상로63번가길 32,부산광역시 동구 초량동 931-42,35.1188155,129.0363759,,,051-440-4674,부산광역시 동구청,2026-06-25
초량동0138,1,부산광역시 동구 초량상로63번가길 40,부산광역시 동구 초량동 906-8,35.1191703,129.03612,,,051-440-4674,부산광역시 동구청,2026-06-25
초량동0139,1,부산광역시 동구 초량상로79번길 33-7,부산광역시 동구 초량동 931-25,35.1191366,129.0363866,,,051-440-4674,부산광역시 동구청,2026-06-25
초량동0140,1,부산광역시 동구 초량상로79번길 33-2,부산광역시 동구 초량동 931-2,35.1194338,129.0364934,,,051-440-4674,부산광역시 동구청,2026-06-25
초량동0141,1,부산광역시 동구 초량남로17번가길 17,부산광역시 동구 초량동 907-8,35.1192803,129.0358325,,,051-440-4674,부산광역시 동구청,2026-06-25
초량동0143,1,부산광역시 동구 초량남로17번가길 9,부산광역시 동구 초량동 906-150,35.1192307,129.0353719,,,051-440-4674,부산광역시 동구청,2026-06-25
초량동0144,1,부산광역시 동구 초량남로17번길 7,부산광역시 동구 초량동 906-61,35.1191917,129.0347493,,,051-440-4674,부산광역시 동구청,2026-06-25
초량동0145,1,부산광역시 동구 초량남로17번길 5-1,부산광역시 동구 초량동 906-66,35.1192536,129.0345712,,,051-440-4674,부산광역시 동구청,2026-06-25
초량동0146,1,부산광역시 동구 영초길252번길 3,부산광역시 동구 초량동 906-178,35.119042,129.0344644,,,051-440-4674,부산광역시 동구청,2026-06-25
초량동0147,1,부산광역시 동구 영초길252번길 7,부산광역시 동구 초량동 906-85,35.119001,129.0346465,,,051-440-4674,부산광역시 동구청,2026-06-25
초량동0148,1,부산광역시 동구 영초길252번길 14,부산광역시 동구 초량동 906-186,35.1188098,129.0349054,,,051-440-4674,부산광역시 동구청,2026-06-25
초량동0149,1,부산광역시 동구 영초길252번길 16,부산광역시 동구 초량동 906-188,35.1187162,129.0348458,,,051-440-4674,부산광역시 동구청,2026-06-25
초량동0150,1,부산광역시 동구 영초길252번길 10-2,부산광역시 동구 초량동 906-104,35.1188691,129.0346172,,,051-440-4674,부산광역시 동구청,2026-06-25
초량동0151,1,부산광역시 동구 영초길 248-4,부산광역시 동구 초량동 906-110,35.1187975,129.0344692,,,051-440-4674,부산광역시 동구청,2026-06-25
초량동0152,1,부산광역시 동구 초량남로17번길 20-3,부산광역시 동구 초량동 910-7,35.1188619,129.0353512,,,051-440-4674,부산광역시 동구청,2026-06-25
초량동0153,1,부산광역시 동구 영초길232번길 27,부산광역시 동구 초량동 916-4,35.1186176,129.0361465,,,051-440-4674,부산광역시 동구청,2026-06-25
초량동0154,1,부산광역시 동구 영초길232번길 24-2,부산광역시 동구 초량동 914,35.1187439,129.035757,,,051-440-4674,부산광역시 동구청,2026-06-25
초량동0155,1,부산광역시 동구 영초길232번길 21,부산광역시 동구 초량동 931-58,35.1188216,129.0359814,,,051-440-4674,부산광역시 동구청,2026-06-25
초량동0156,1,부산광역시 동구 영초길232번길 17-1,부산광역시 동구 초량동 911-3,35.1188935,129.0357817,,,051-440-4674,부산광역시 동구청,2026-06-25
초량동0157,1,부산광역시 동구 영초길232번길 13,부산광역시 동구 초량동 910-9,35.1188429,129.0355511,,,051-440-4674,부산광역시 동구청,2026-06-25
초량동0158,1,부산광역시 동구 영초길232번길 14-6,부산광역시 동구 초량동 903-6,35.1186617,129.0354873,,,051-440-4674,부산광역시 동구청,2026-06-25
초량동0159,1,부산광역시 동구 영초길 224-5,부산광역시 동구 초량동 903-11,35.1185869,129.035329,,,051-440-4674,부산광역시 동구청,2026-06-25
초량동0160,1,부산광역시 동구 영초길 224-6,부산광역시 동구 초량동 903-8,35.1186835,129.0353846,,,051-440-4674,부산광역시 동구청,2026-06-25
초량동0161,1,부산광역시 동구 영초길 226-1,부산광역시 동구 초량동 903-13,35.1185786,129.035265,,,051-440-4674,부산광역시 동구청,2026-06-25
초량동0162,1,부산광역시 동구 영초길232번길 12,부산광역시 동구 초량동 903-7,35.1187164,129.0354646,,,051-440-4674,부산광역시 동구청,2026-06-25
초량동0163,1,부산광역시 동구 영초길232번길 5,부산광역시 동구 초량동 910-5,35.11871,129.0350734,,,051-440-4674,부산광역시 동구청,2026-06-25
초량동0164,1,부산광역시 동구 영초길216번길 5-5,부산광역시 동구 초량동 916-6,35.118568,129.0358234,,,051-440-4674,부산광역시 동구청,2026-06-25
초량동0165,1,부산광역시 동구 영초길212번길 5-9,부산광역시 동구 초량동 988-6,35.1179729,129.0362035,,,051-440-4674,부산광역시 동구청,2026-06-25
초량동0166,1,부산광역시 동구 영초길212번길 5-3,부산광역시 동구 초량동 989-11,35.1179654,129.036077,,,051-440-4674,부산광역시 동구청,2026-06-25
초량동0167,1,부산광역시 동구 영초길212번길 5-1,부산광역시 동구 초량동 989-10,35.1179596,129.0360094,,,051-440-4674,부산광역시 동구청,2026-06-25
초량동0168,1,부산광역시 동구 영초길212번길 8,부산광역시 동구 초량동 991-160,35.1178226,129.0360467,,,051-440-4674,부산광역시 동구청,2026-06-25
초량동0169,1,부산광역시 동구 영초길212번길 15,부산광역시 동구 초량동 991-154,35.1177278,129.0363355,,,051-440-4674,부산광역시 동구청,2026-06-25
초량동0170,1,부산광역시 동구 초량상로61번길 12,부산광역시 동구 초량동 973-27,35.1174011,129.0369325,,,051-440-4674,부산광역시 동구청,2026-06-25
초량동0171,1,부산광역시 동구 초량상로65번길 7,부산광역시 동구 초량동 974-2,35.1176269,129.0369711,,,051-440-4674,부산광역시 동구청,2026-06-25
초량동0172,1,부산광역시 동구 초량상로65번길 1,부산광역시 동구 초량동 970-10,35.1176251,129.037566,,,051-440-4674,부산광역시 동구청,2026-06-25
초량동0173,1,부산광역시 동구 초량상로 61-2,부산광역시 동구 초량동 973-5,35.1173905,129.0374874,,,051-440-4674,부산광역시 동구청,2026-06-25
초량동0174,1,부산광역시 동구 초량상로61번길 5,부산광역시 동구 초량동 1011,35.1171892,129.0372118,,,051-440-4674,부산광역시 동구청,2026-06-25
초량동0175,1,부산광역시 동구 초량상로61번길 7,부산광역시 동구 초량동 1010,35.1171881,129.0371124,,,051-440-4674,부산광역시 동구청,2026-06-25
초량동0176,1,부산광역시 동구 초량상로61번길 12-1,부산광역시 동구 초량동 1008,35.1173672,129.0368291,,,051-440-4674,부산광역시 동구청,2026-06-25
초량동0177,1,부산광역시 동구 초량상로61번길 14,부산광역시 동구 초량동 1007,35.1173432,129.0367107,,,051-440-4674,부산광역시 동구청,2026-06-25
초량동0178,1,부산광역시 동구 초량상로61번길 18,부산광역시 동구 초량동 999-6,35.117292,129.0365653,,,051-440-4674,부산광역시 동구청,2026-06-25
초량동0179,1,부산광역시 동구 초량상로61번길 20,부산광역시 동구 초량동 999-9,35.117249,129.0364451,,,051-440-4674,부산광역시 동구청,2026-06-25
초량동0180,1,부산광역시 동구 초량상로61번길 23-1,부산광역시 동구 초량동 1000-2,35.1171001,129.0363917,,,051-440-4674,부산광역시 동구청,2026-06-25
초량동0181,1,부산광역시 동구 초량상로51번길 18,부산광역시 동구 초량동 994-12,35.1170538,129.0362911,,,051-440-4674,부산광역시 동구청,2026-06-25
초량동0182,1,부산광역시 동구 초량상로 53,부산광역시 동구 초량동 994-12,35.116988,129.0369443,,,051-440-4674,부산광역시 동구청,2026-06-25
초량동0183,1,부산광역시 동구 초량상로37번길 45,부산광역시 동구 초량동 994-321,35.1169127,129.036021,,,051-440-4674,부산광역시 동구청,2026-06-25
초량동0184,1,부산광역시 동구 초량상로37번길 43-3,부산광역시 동구 초량동 994-19,35.116698,129.03589,,,051-440-4674,부산광역시 동구청,2026-06-25
초량동0185,1,부산광역시 동구 영초길 166,부산광역시 동구 초량동 994-715,35.1159647,129.0354078,,,051-440-4674,부산광역시 동구청,2026-06-25
초량동0186,1,부산광역시 동구 초량상로37번길 17-7,부산광역시 동구 초량동 994-544,35.1157773,129.035459,,,051-440-4674,부산광역시 동구청,2026-06-25
초량동0187,1,부산광역시 동구 초량상로37번길 33,부산광역시 동구 초량동 994-48,35.1165211,129.0357647,,,051-440-4674,부산광역시 동구청,2026-06-25
초량동0188,1,부산광역시 동구 초량상로37번길 26,부산광역시 동구 초량동 1055-21,35.1161063,129.0358071,,,051-440-4674,부산광역시 동구청,2026-06-25
초량동0189,1,부산광역시 동구 초량상로37번길 24,부산광역시 동구 초량동 1055-22,35.1160238,129.0357757,,,051-440-4674,부산광역시 동구청,2026-06-25
초량동0190,1,부산광역시 동구 초량상로37번길 16,부산광역시 동구 초량동 1055-19,35.1157444,129.0358566,,,051-440-4674,부산광역시 동구청,2026-06-25
초량동0191,1,부산광역시 동구 초량상로37번길 11,부산광역시 동구 초량동 1069-56,35.1154921,129.0359321,,,051-440-4674,부산광역시 동구청,2026-06-25
초량동0192,1,부산광역시 동구 초량상로37번길 12,부산광역시 동구 초량동 1055-20,35.1157025,129.0359555,,,051-440-4674,부산광역시 동구청,2026-06-25
초량동0193,1,부산광역시 동구 초량상로 37번길5,부산광역시 동구 초량동 1055-10,35.1153902,129.0361086,,,051-440-4674,부산광역시 동구청,2026-06-25
초량동0194,1,부산광역시 동구 초량상로39-3,부산광역시 동구 초량동 1055-12,35.115522,129.0363196,,,051-440-4674,부산광역시 동구청,2026-06-25
초량동0195,1,부산광역시 동구 초량상로 29-6,부산광역시 동구 초량동 1067-53,35.1148865,129.0358929,,,051-440-4674,부산광역시 동구청,2026-06-25
초량동0196,1,부산광역시 동구 초량상로25번길 12,부산광역시 동구 초량동 1065-16,35.1147552,129.0355593,,,051-440-4674,부산광역시 동구청,2026-06-25
초량동0197,1,부산광역시 동구 초량상로25번길 12-7,부산광역시 동구 초량동 1067-48,35.1149421,129.0354698,,,051-440-4674,부산광역시 동구청,2026-06-25
초량동0198,1,부산광역시 동구 영초길148번길 12,부산광역시 동구 초량동 1064-112,35.1149463,129.0353242,,,051-440-4674,부산광역시 동구청,2026-06-25
초량동0199,1,부산광역시 동구 영초길148번길 10,부산광역시 동구 초량동 994-441,35.1149872,129.0352503,,,051-440-4674,부산광역시 동구청,2026-06-25
초량동0200,1,부산광역시 동구 영초길148번길 6,부산광역시 동구 초량동 1064-80,35.1151206,129.035108,,,051-440-4674,부산광역시 동구청,2026-06-25
초량동0201,1,부산광역시 동구 영초길148번길 9-6,부산광역시 동구 초량동 1070-27,35.1152827,129.0353844,,,051-440-4674,부산광역시 동구청,2026-06-25
초량동0202,1,부산광역시 동구 영초길 156,부산광역시 동구 초량동 994-400,35.1155824,129.0352257,,,051-440-4674,부산광역시 동구청,2026-06-25
초량동0203,1,부산광역시 동구 초량상로35번길 23,부산광역시 동구 초량동 1070-21,35.1155969,129.0354722,,,051-440-4674,부산광역시 동구청,2026-06-25
초량동0204,1,부산광역시 동구 초량상로35번길 18,부산광역시 동구 초량동 1069-2,35.1156093,129.0357688,,,051-440-4674,부산광역시 동구청,2026-06-25
초량동0205,1,부산광역시 동구 초량상로35번길 10-1,부산광역시 동구 초량동 1069-13,35.1153451,129.0358824,,,051-440-4674,부산광역시 동구청,2026-06-25
초량동0206,1,부산광역시 동구 초량상로35번길 11-1,부산광역시 동구 초량동 1130-1,35.1152802,129.0357691,,,051-440-4674,부산광역시 동구청,2026-06-25
초량동0207,1,부산광역시 동구 초량상로35번길 11-5,부산광역시 동구 초량동 1068-20,35.1151717,129.0356986,,,051-440-4674,부산광역시 동구청,2026-06-25
초량동0208,1,부산광역시 동구 초량상로35번길 7,부산광역시 동구 초량동 1068-13,35.1151675,129.0359466,,,051-440-4674,부산광역시 동구청,2026-06-25
초량동0209,1,부산광역시 동구 초량상로35번길 3-9,부산광역시 동구 초량동 1068-9,35.1150706,129.0360743,,,051-440-4674,부산광역시 동구청,2026-06-25
초량동0210,1,부산광역시 동구 초량상로35번길 9,부산광역시 동구 초량동 1068-16,35.1151665,129.0358742,,,051-440-4674,부산광역시 동구청,2026-06-25
초량동0211,1,부산광역시 동구 초량상로 31-1,부산광역시 동구 초량동 1067-18,35.1148508,129.036048,,,051-440-4674,부산광역시 동구청,2026-06-25
초량동0212,1,부산광역시 동구 초량상로35번길 3-2,부산광역시 동구 초량동 1068-8,35.1151329,129.036079,,,051-440-4674,부산광역시 동구청,2026-06-25
초량동0213,1,부산광역시 동구 초량상로 29-12,부산광역시 동구 초량동 1067-49,35.1149924,129.0356483,,,051-440-4674,부산광역시 동구청,2026-06-25
초량동0214,1,부산광역시 동구 중동길3번길 9-1,부산광역시 동구 초량동 1063-3,35.1145602,129.0352943,,,051-440-4674,부산광역시 동구청,2026-06-25
초량동0215,1,부산광역시 동구 중동길3번길 19,부산광역시 동구 초량동 1059-12,35.1144454,129.0356778,,,051-440-4674,부산광역시 동구청,2026-06-25
초량동0216,1,부산광역시 동구 중동길 15-6,부산광역시 동구 초량동 1058-10,35.1142661,129.0356673,,,051-440-4674,부산광역시 동구청,2026-06-25
초량동0217,1,부산광역시 동구 중동길 15-3,부산광역시 동구 초량동 1059-1,35.1142509,129.0354268,,,051-440-4674,부산광역시 동구청,2026-06-25
초량동0218,1,부산광역시 동구 중동길 15,부산광역시 동구 초량동 1060-11,35.1142458,129.0352873,,,051-440-4674,부산광역시 동구청,2026-06-25
초량동0219,1,부산광역시 동구 중동길3번길 15,부산광역시 동구 초량동 1059-11,35.114519,129.0354199,,,051-440-4674,부산광역시 동구청,2026-06-25
초량동0220,1,부산광역시 동구 중동길3번길 7-3,부산광역시 동구 초량동 1064-146,35.114639,129.0349619,,,051-440-4674,부산광역시 동구청,2026-06-25
초량동0221,1,부산광역시 동구 중동길3번길 4-1,부산광역시 동구 초량동 1064-156,35.1144966,129.0349346,,,051-440-4674,부산광역시 동구청,2026-06-25
초량동0222,1,부산광역시 동구 중동길1번길 1,부산광역시 동구 초량동 1064-133,35.1145901,129.0347217,,,051-440-4674,부산광역시 동구청,2026-06-25
초량동0223,1,부산광역시 동구 중동길1번길 6-3,부산광역시 동구 초량동 1064-138,35.11472,129.0348384,,,051-440-4674,부산광역시 동구청,2026-06-25
초량동0224,1,부산광역시 동구 중동길1번길 5-1,부산광역시 동구 초량동 1064-128,35.1146989,129.0347272,,,051-440-4674,부산광역시 동구청,2026-06-25
초량동0225,1,부산광역시 동구 중동길3번길 12,부산광역시 동구 초량동 1062-8,35.1144676,129.0351879,,,051-440-4674,부산광역시 동구청,2026-06-25
초량동0226,1,부산광역시 동구 중동길1번길 11-1,부산광역시 동구 초량동 1064-93,35.1148734,129.034623,,,051-440-4674,부산광역시 동구청,2026-06-25
초량동0227,1,부산광역시 동구 중동길 1-1,부산광역시 동구 초량동 1064-130,35.1146476,129.0345774,,,051-440-4674,부산광역시 동구청,2026-06-25
초량동0228,1,부산광역시 동구 영초길 142,부산광역시 동구 초량동 1064-78,35.1150613,129.034771,,,051-440-4674,부산광역시 동구청,2026-06-25
초량동0230,1,부산광역시 동구 영초길 148-1,부산광역시 동구 초량동 994-447,35.1152632,129.0350528,,,051-440-4674,부산광역시 동구청,2026-06-25
초량동0231,1,부산광역시 동구 영초길 152,부산광역시 동구 초량동 994-417,35.115454,129.0351544,,,051-440-4674,부산광역시 동구청,2026-06-25
초량동0232,1,부산광역시 동구 영초윗길 4,부산광역시 동구 초량동 994-471,35.1155568,129.0348818,,,051-440-4674,부산광역시 동구청,2026-06-25
초량동0233,1,부산광역시 동구 영초길 149-10,부산광역시 동구 초량동 994-437,35.1157468,129.0350228,,,051-440-4674,부산광역시 동구청,2026-06-25
초량동0234,1,부산광역시 동구 영초윗길 8-5,부산광역시 동구 초량동 994-380,35.1159832,129.0349522,,,051-440-4674,부산광역시 동구청,2026-06-25
초량동0235,1,부산광역시 동구 영초길 159-4,부산광역시 동구 초량동 994-377,35.1159818,129.0351149,,,051-440-4674,부산광역시 동구청,2026-06-25
초량동0236,1,부산광역시 동구 영초길 158,부산광역시 동구 초량동 994-410,35.1156919,129.0352591,,,051-440-4674,부산광역시 동구청,2026-06-25
초량동0237,1,부산광역시 동구 초량상로35번길 2,부산광역시 동구 초량동 1069,35.1152314,129.0362681,,,051-440-4674,부산광역시 동구청,2026-06-25
초량동0238,1,부산광역시 동구 영초길 169,부산광역시 동구 초량동 994-119,35.1162414,129.0353793,,,051-440-4674,부산광역시 동구청,2026-06-25
초량동0239,1,부산광역시 동구 영초길 177-5,부산광역시 동구 초량동 994-533,35.1164757,129.0352378,,,051-440-4674,부산광역시 동구청,2026-06-25
초량동0240,1,부산광역시 동구 영초길 177,부산광역시 동구 초량동 994-267,35.1165685,129.0355294,,,051-440-4674,부산광역시 동구청,2026-06-25
초량동0241,1,부산광역시 동구 영초길 177-3,부산광역시 동구 초량동 994-269,35.1165552,129.0354465,,,051-440-4674,부산광역시 동구청,2026-06-25
초량동0242,1,부산광역시 동구 영초길 177-13,부산광역시 동구 초량동 994-505,35.1167441,129.0353276,,,051-440-4674,부산광역시 동구청,2026-06-25
초량동0243,1,부산광역시 동구 영초길 177-15,부산광역시 동구 초량동 994-496,35.1169053,129.0352921,,,051-440-4674,부산광역시 동구청,2026-06-25
초량동0244,1,부산광역시 동구 영초길 181-5,부산광역시 동구 초량동 994-255,35.1167144,129.0354397,,,051-440-4674,부산광역시 동구청,2026-06-25
초량동0245,1,부산광역시 동구 영초길 181-4,부산광역시 동구 초량동 994-237,35.1168704,129.0356143,,,051-440-4674,부산광역시 동구청,2026-06-25
초량동0246,1,부산광역시 동구 영초길 186,부산광역시 동구 초량동 994-393,35.1168223,129.0358199,,,051-440-4674,부산광역시 동구청,2026-06-25
초량동0248,1,부산광역시 동구 초량상로51번길 24,부산광역시 동구 초량동 994-41,35.1171552,129.0359756,,,051-440-4674,부산광역시 동구청,2026-06-25
초량동0249,1,부산광역시 동구 초량상로63번길 29,부산광역시 동구 초량동 993-5,35.1173505,129.0359667,,,051-440-4674,부산광역시 동구청,2026-06-25
초량동0250,1,부산광역시 동구 초량상로63번길 28-1,부산광역시 동구 초량동 1129-23,35.1175423,129.0360948,,,051-440-4674,부산광역시 동구청,2026-06-25
초량동0251,1,부산광역시 동구 영초길193번길 3,부산광역시 동구 초량동 994-168,35.1172616,129.0356897,,,051-440-4674,부산광역시 동구청,2026-06-25
초량동0252,1,부산광역시 동구 영초길193번길 5-2,부산광역시 동구 초량동 994-159,35.1173845,129.0356541,,,051-440-4674,부산광역시 동구청,2026-06-25
초량동0253,1,부산광역시 동구 영초길197번길 8,부산광역시 동구 초량동 994-201,35.1175718,129.0354632,,,051-440-4674,부산광역시 동구청,2026-06-25
초량동0254,1,부산광역시 동구 영초윗길26번길 10-6,부산광역시 동구 초량동 994-811,35.1173655,129.0351637,,,051-440-4674,부산광역시 동구청,2026-06-25
초량동0255,1,부산광역시 동구 영초윗길26번길 10,부산광역시 동구 초량동 994-801,35.117433,129.0352128,,,051-440-4674,부산광역시 동구청,2026-06-25
초량동0256,1,부산광역시 동구 영초윗길26번길 16,부산광역시 동구 초량동 994-331,35.1177808,129.0353603,,,051-440-4674,부산광역시 동구청,2026-06-25
초량동0257,1,부산광역시 동구 영초길211번길 13-3,부산광역시 동구 초량동 901-58,35.1178747,129.035175,,,051-440-4674,부산광역시 동구청,2026-06-25
초량동0258,1,부산광역시 동구 영초길211번길 13-7,부산광역시 동구 초량동 901-3,35.1177743,129.0350695,,,051-440-4674,부산광역시 동구청,2026-06-25
초량동0259,1,부산광역시 동구 영초윗길26번길 5,부산광역시 동구 초량동 899-33,35.1175862,129.0349124,,,051-440-4674,부산광역시 동구청,2026-06-25
초량동0261,1,부산광역시 동구 영초길191번길 11-1,부산광역시 동구 초량동 994-553,35.117128,129.0352916,,,051-440-4674,부산광역시 동구청,2026-06-25
초량동0262,1,부산광역시 동구 영초길191번길 9-4,부산광역시 동구 초량동 994-550,35.1169963,129.0353393,,,051-440-4674,부산광역시 동구청,2026-06-25
초량동0263,1,부산광역시 동구 영초길191번길 6,부산광역시 동구 초량동 994-176,35.1172022,129.0356109,,,051-440-4674,부산광역시 동구청,2026-06-25
초량동0264,1,부산광역시 동구 영초길193번길 13,부산광역시 동구 초량동 991-129,35.1177581,129.0356337,,,051-440-4674,부산광역시 동구청,2026-06-25
초량동0265,1,부산광역시 동구 영초길193번길 17,부산광역시 동구 초량동 990-30,35.1179018,129.0356382,,,051-440-4674,부산광역시 동구청,2026-06-25
초량동0266,1,부산광역시 동구 영초길 208,부산광역시 동구 초량동 991-6,35.1178154,129.0359275,,,051-440-4674,부산광역시 동구청,2026-06-25
초량동0267,1,부산광역시 동구 영초길 216,부산광역시 동구 초량동 990-1,35.1181706,129.0358535,,,051-440-4674,부산광역시 동구청,2026-06-25
초량동0268,1,부산광역시 동구 영초길237번길 24,부산광역시 동구 초량동 901-12,35.1180575,129.0355643,,,051-440-4674,부산광역시 동구청,2026-06-25
초량동0269,1,부산광역시 동구 영초길 223,부산광역시 동구 초량동 902-10,35.1183471,129.0353304,,,051-440-4674,부산광역시 동구청,2026-06-25
초량동0270,1,부산광역시 동구 영초길237번길 6,부산광역시 동구 초량동 903-33,35.1183978,129.0347903,,,051-440-4674,부산광역시 동구청,2026-06-25
초량동0271,1,부산광역시 동구 영초길237번길 2,부산광역시 동구 초량동 897-4,35.118487,129.0345811,,,051-440-4674,부산광역시 동구청,2026-06-25
초량동0272,1,부산광역시 동구 영초길211번길 5-2,부산광역시 동구 초량동 994-326,35.1178772,129.0354871,,,051-440-4674,부산광역시 동구청,2026-06-25
초량동0273,1,부산광역시 동구 영초윗길26번길 18,부산광역시 동구 초량동 994-540,35.1178508,129.0354237,,,051-440-4674,부산광역시 동구청,2026-06-25
초량동0274,1,부산광역시 동구 영초길211번가길 6,부산광역시 동구 초량동 900-16,35.1181837,129.0352532,,,051-440-4674,부산광역시 동구청,2026-06-25
초량동0276,1,부산광역시 동구 영초길211번가길 16,부산광역시 동구 초량동 897-6,35.118331,129.0346505,,,051-440-4674,부산광역시 동구청,2026-06-25
초량동0277,1,부산광역시 동구 영초길211번가길 22-1,부산광역시 동구 초량동 894-9,35.1184062,129.0344723,,,051-440-4674,부산광역시 동구청,2026-06-25
초량동0278,1,부산광역시 동구 영초길211번가길 26,부산광역시 동구 초량동 894-1,35.1185352,129.0343733,,,051-440-4674,부산광역시 동구청,2026-06-25
초량동0279,1,부산광역시 동구 영초길211번길 13,부산광역시 동구 초량동 900-12,35.1179843,129.0351938,,,051-440-4674,부산광역시 동구청,2026-06-25
초량동0280,1,부산광역시 동구 영초길211번가길 17,부산광역시 동구 초량동 896,35.1182647,129.0346094,,,051-440-4674,부산광역시 동구청,2026-06-25
초량동0281,1,부산광역시 동구 영초윗길62번길 34,부산광역시 동구 초량동 870-10,35.1181088,129.0341061,,,051-440-4674,부산광역시 동구청,2026-06-25
초량동0282,1,부산광역시 동구 영초윗길62번길 32,부산광역시 동구 초량동 859-66,35.1182138,129.0339894,,,051-440-4674,부산광역시 동구청,2026-06-25
초량동0284,1,부산광역시 동구 영초윗길38번길 6,부산광역시 동구 초량동 859-59,35.1182898,129.0337423,,,051-440-4674,부산광역시 동구청,2026-06-25
초량동0285,1,부산광역시 동구 영초윗길62번길 28,부산광역시 동구 초량동 859-60,35.1183311,129.0338403,,,051-440-4674,부산광역시 동구청,2026-06-25
초량동0286,1,부산광역시 동구 영초윗길62번길 30,부산광역시 동구 초량동 859-60,35.1182744,129.0338857,,,051-440-4674,부산광역시 동구청,2026-06-25
초량동0287,1,부산광역시 동구 영초윗길62번길 25,부산광역시 동구 초량동 868-4,35.1185398,129.0338509,,,051-440-4674,부산광역시 동구청,2026-06-25
초량동0288,1,부산광역시 동구 영초길247번나길 10,부산광역시 동구 초량동 866-11,35.1185999,129.0337812,,,051-440-4674,부산광역시 동구청,2026-06-25
초량동0289,1,부산광역시 동구 영초윗길46번길 18,부산광역시 동구 초량동 859-47,35.1185496,129.0335691,,,051-440-4674,부산광역시 동구청,2026-06-25
초량동0290,1,부산광역시 동구 영초윗길46번길 15,부산광역시 동구 초량동 859-40,35.1185839,129.0333954,,,051-440-4674,부산광역시 동구청,2026-06-25
초량동0291,1,부산광역시 동구 영초윗길38번길 13,부산광역시 동구 초량동 859-50,35.1184332,129.0334463,,,051-440-4674,부산광역시 동구청,2026-06-25
초량동0292,1,부산광역시 동구 영초윗길42번길 7,부산광역시 동구 초량동 865-6,35.1184676,129.0331435,,,051-440-4674,부산광역시 동구청,2026-06-25
초량동0293,1,부산광역시 동구 영초윗길42번길 2-3,부산광역시 동구 초량동 865-30,35.1183197,129.0334661,,,051-440-4674,부산광역시 동구청,2026-06-25
초량동0294,1,부산광역시 동구 영초윗길46번길 6,부산광역시 동구 초량동 865-233,35.118298,129.0330919,,,051-440-4674,부산광역시 동구청,2026-06-25
초량동0295,1,부산광역시 동구 영초길247번길 10,부산광역시 동구 초량동 1127-55,35.1185182,129.0341751,,,051-440-4674,부산광역시 동구청,2026-06-25
초량동0296,1,부산광역시 동구 영초길247번길 10-5,부산광역시 동구 초량동 871,35.118336,129.034052,,,051-440-4674,부산광역시 동구청,2026-06-25
초량동0297,1,부산광역시 동구 영초길247번길 4,부산광역시 동구 초량동 867,35.1187487,129.0341441,,,051-440-4674,부산광역시 동구청,2026-06-25
초량동0298,1,부산광역시 동구 영초길247번길 2,부산광역시 동구 초량동 859-5,35.1188506,129.0342076,,,051-440-4674,부산광역시 동구청,2026-06-25
초량동0299,1,부산광역시 동구 영초길247번가길 1,부산광역시 동구 초량동 866-1,35.1188177,129.0341281,,,051-440-4674,부산광역시 동구청,2026-06-25
초량동0300,1,부산광역시 동구 영초길247번나길 7,부산광역시 동구 초량동 868-3,35.1185693,129.0339149,,,051-440-4674,부산광역시 동구청,2026-06-25
초량동0301,1,부산광역시 동구 영초길247번가길 7,부산광역시 동구 초량동 866-5,35.1187549,129.0338789,,,051-440-4674,부산광역시 동구청,2026-06-25
초량동0302,1,부산광역시 동구 영초길247번가길 9-2,부산광역시 동구 초량동 859-14,35.1187512,129.0337132,,,051-440-4674,부산광역시 동구청,2026-06-25
초량동0303,1,부산광역시 동구 영초길247번가길 14,부산광역시 동구 초량동 859-15,35.1188824,129.0334803,,,051-440-4674,부산광역시 동구청,2026-06-25
초량동0304,1,부산광역시 동구 영초윗길42번길 13,부산광역시 동구 초량동 859-33,35.1187072,129.033273,,,051-440-4674,부산광역시 동구청,2026-06-25
초량동0305,1,부산광역시 동구 영초윗길42번길 10,부산광역시 동구 초량동 859-36,35.1186208,129.0332804,,,051-440-4674,부산광역시 동구청,2026-06-25
초량동0306,1,부산광역시 동구 영초윗길48번길 6,부산광역시 동구 초량동 865-8,35.1184765,129.0329444,,,051-440-4674,부산광역시 동구청,2026-06-25
초량동0307,1,부산광역시 동구 영초윗길 56,부산광역시 동구 초량동 856-33,35.1185999,129.0327998,,,051-440-4674,부산광역시 동구청,2026-06-25
초량동0308,1,부산광역시 동구 영초윗길48번길 4,부산광역시 동구 초량동 865-233,35.1183475,129.0328578,,,051-440-4674,부산광역시 동구청,2026-06-25
초량동0309,1,부산광역시 동구 영초윗길 58,부산광역시 동구 초량동 856-13,35.118753,129.0328982,,,051-440-4674,부산광역시 동구청,2026-06-25
초량동0310,1,부산광역시 동구 영초윗길62번길 8,부산광역시 동구 초량동 859-27,35.1188884,129.0330417,,,051-440-4674,부산광역시 동구청,2026-06-25
초량동0311,1,부산광역시 동구 영초길247번가길 23,부산광역시 동구 초량동 859-32,35.1188051,129.0332848,,,051-440-4674,부산광역시 동구청,2026-06-25
초량동0312,1,부산광역시 동구 영초길247번가길 17,부산광역시 동구 초량동 859-89,35.1187901,129.0333391,,,051-440-4674,부산광역시 동구청,2026-06-25
초량동0313,1,부산광역시 동구 영초윗길62번길 8,부산광역시 동구 초량동 859-28,35.1188884,129.0330417,,,051-440-4674,부산광역시 동구청,2026-06-25
초량동0314,1,부산광역시 동구 영초길 249-1,부산광역시 동구 초량동 859-3,35.1189565,129.0341366,,,051-440-4674,부산광역시 동구청,2026-06-25
초량동0315,1,부산광역시 동구 초량남로 23,부산광역시 동구 초량동 859-77,35.1190597,129.0337766,,,051-440-4674,부산광역시 동구청,2026-06-25
초량동0316,1,부산광역시 동구 영초길 235,부산광역시 동구 초량동 897-7,35.1185197,129.0347109,,,051-440-4674,부산광역시 동구청,2026-06-25
초량동0317,1,부산광역시 동구 영초길 233,부산광역시 동구 초량동 903-28,35.1184931,129.0348477,,,051-440-4674,부산광역시 동구청,2026-06-25
초량동0318,1,부산광역시 동구 영초길 225,부산광역시 동구 초량동 902-5,35.1183767,129.0352292,,,051-440-4674,부산광역시 동구청,2026-06-25
초량동0319,1,부산광역시 동구 초량남로 4,부산광역시 동구 초량동 818-8,35.1195897,129.0356707,,,051-440-4674,부산광역시 동구청,2026-06-25
초량동0320,1,부산광역시 동구 초량남로6-3,부산광역시 동구 초량동 818-11,35.1195202,129.0353978,,,051-440-4674,부산광역시 동구청,2026-06-25
초량동0321,1,부산광역시 동구 초량남로 12,부산광역시 동구 초량동 820-20,35.1195709,129.0348481,,,051-440-4674,부산광역시 동구청,2026-06-25
초량동0322,1,부산광역시 동구 초량로 69-1,부산광역시 동구 초량동 824-13,35.1198688,129.0350747,,,051-440-4674,부산광역시 동구청,2026-06-25
초량동0323,1,부산광역시 동구 초량로67-6,부산광역시 동구 초량동 820-11,35.1197837,129.0351512,,,051-440-4674,부산광역시 동구청,2026-06-25
초량동0324,1,부산광역시 동구 초량남로 4-4,부산광역시 동구 초량동 818-13,35.1196352,129.0355145,,,051-440-4674,부산광역시 동구청,2026-06-25
초량동0325,1,부산광역시 동구 초량로65번길 10-2,부산광역시 동구 초량동 820-15,35.1196248,129.0351333,,,051-440-4674,부산광역시 동구청,2026-06-25
초량동0326,1,부산광역시 동구 초량로65번길 12,부산광역시 동구 초량동 820-18,35.1195769,129.0350234,,,051-440-4674,부산광역시 동구청,2026-06-25
초량동0327,1,부산광역시 동구 초량남로 22-2,부산광역시 동구 초량동 824-52,35.1193041,129.0338624,,,051-440-4674,부산광역시 동구청,2026-06-25
초량동0328,1,부산광역시 동구 초량로75번길 19,부산광역시 동구 초량동 824-303,35.1194869,129.0338359,,,051-440-4674,부산광역시 동구청,2026-06-25
초량동0329,1,부산광역시 동구 초량로75번길 15,부산광역시 동구 초량동 824-253,35.1196295,129.0339867,,,051-440-4674,부산광역시 동구청,2026-06-25
초량동0330,1,부산광역시 동구 초량로75번길 13-2,부산광역시 동구 초량동 824-37,35.1195756,129.0340393,,,051-440-4674,부산광역시 동구청,2026-06-25
초량동0331,1,부산광역시 동구 초량로73번길 8-1,부산광역시 동구 초량동 824-267,35.1198193,129.0344504,,,051-440-4674,부산광역시 동구청,2026-06-25
초량동0332,1,부산광역시 동구 초량로73번길 3,부산광역시 동구 초량동 824-33,35.119889,129.0347411,,,051-440-4674,부산광역시 동구청,2026-06-25
초량동0333,1,부산광역시 동구 초량로 75,부산광역시 동구 초량동 824-20,35.1200087,129.0345143,,,051-440-4674,부산광역시 동구청,2026-06-25
초량동0334,1,부산광역시 동구 초량로75번길 7,부산광역시 동구 초량동 824-129,35.1198213,129.0343146,,,051-440-4674,부산광역시 동구청,2026-06-25
초량동0335,1,부산광역시 동구 초량로85번길 5-19,부산광역시 동구 초량동 824-180,35.1201266,129.0341724,,,051-440-4674,부산광역시 동구청,2026-06-25
초량동0336,1,부산광역시 동구 초량로85번길 5-1,부산광역시 동구 초량동 824-216,35.1198922,129.0339303,,,051-440-4674,부산광역시 동구청,2026-06-25
초량동0337,1,부산광역시 동구 초량로 79-20,부산광역시 동구 초량동 824-227,35.119947,129.0338221,,,051-440-4674,부산광역시 동구청,2026-06-25
초량동0339,1,부산광역시 동구 초량로 79-6,부산광역시 동구 초량동 824-42,35.1200653,129.0339277,,,051-440-4674,부산광역시 동구청,2026-06-25
초량동0341,1,부산광역시 동구 초량로87번가길6,부산광역시 동구 초량동 829-10,35.1196877,129.0332826,,,051-440-4674,부산광역시 동구청,2026-06-25
초량동0342,1,부산광역시 동구 초량로87번가길 6,부산광역시 동구 초량동 829-11,35.1196877,129.0332826,,,051-440-4674,부산광역시 동구청,2026-06-25
초량동0343,1,부산광역시 동구 초량로87번가길 11,부산광역시 동구 초량동 829-28,35.1194631,129.0331563,,,051-440-4674,부산광역시 동구청,2026-06-25
초량동0344,1,부산광역시 동구 초량로75번길 26-5,부산광역시 동구 초량동 824-233,35.1195281,129.0334982,,,051-440-4674,부산광역시 동구청,2026-06-25
초량동0345,1,부산광역시 동구 초량남로43번길 15,부산광역시 동구 초량동 853-7,35.1190726,129.032501,,,051-440-4674,부산광역시 동구청,2026-06-25
초량동0346,1,부산광역시 동구 초량남로43번길 10,부산광역시 동구 초량동 853-17,35.1189483,129.0322635,,,051-440-4674,부산광역시 동구청,2026-06-25
초량동0347,1,부산광역시 동구 초량남로43번길 3,부산광역시 동구 초량동 853-23,35.119045,129.0319237,,,051-440-4674,부산광역시 동구청,2026-06-25
초량동0348,1,부산광역시 동구 영초윗길 57-5,부산광역시 동구 초량동 856-18,35.1188386,129.032556,,,051-440-4674,부산광역시 동구청,2026-06-25
초량동0349,1,부산광역시 동구 영초윗길 57-3,부산광역시 동구 초량동 856-15,35.1188686,129.0326575,,,051-440-4674,부산광역시 동구청,2026-06-25
초량동0350,1,부산광역시 동구 초량남로43번길 4-2,부산광역시 동구 초량동 853-40,35.1188717,129.031884,,,051-440-4674,부산광역시 동구청,2026-06-25
초량동0351,1,부산광역시 동구 초량남로43번길 4-9,부산광역시 동구 초량동 853-43,35.1187632,129.031826,,,051-440-4674,부산광역시 동구청,2026-06-25
초량동0352,1,부산광역시 동구 영초윗길 56-1,부산광역시 동구 초량동 856-33,35.11869,129.0328389,,,051-440-4674,부산광역시 동구청,2026-06-25
초량동0353,1,부산광역시 동구 망양로488번길 17,부산광역시 동구 초량동 865-88,35.1181043,129.033495,,,051-440-4674,부산광역시 동구청,2026-06-25
초량동0354,1,부산광역시 동구 망양로488번길 13-3,부산광역시 동구 초량동 865-180,35.1179665,129.0333021,,,051-440-4674,부산광역시 동구청,2026-06-25
초량동0355,1,부산광역시 동구 망양로490번길 12,부산광역시 동구 초량동 865-49,35.1179747,129.0331254,,,051-440-4674,부산광역시 동구청,2026-06-25
초량동0356,1,부산광역시 동구 망양로490번길 10,부산광역시 동구 초량동 865-114,35.1178965,129.0331494,,,051-440-4674,부산광역시 동구청,2026-06-25
초량동0357,1,부산광역시 동구 망양로 488,부산광역시 동구 초량동 865-148,35.1176356,129.0332085,,,051-440-4674,부산광역시 동구청,2026-06-25
초량동0358,1,부산광역시 동구 망양로488번길 8,부산광역시 동구 초량동 865-69,35.1177728,129.0334244,,,051-440-4674,부산광역시 동구청,2026-06-25
초량동0359,1,부산광역시 동구 망양로488번길 8-5,부산광역시 동구 초량동 865-68,35.1177149,129.0335881,,,051-440-4674,부산광역시 동구청,2026-06-25
초량동0360,1,부산광역시 동구 망양로486번길 3-2,부산광역시 동구 초량동 865-155,35.1174857,129.033685,,,051-440-4674,부산광역시 동구청,2026-06-25
초량동0361,1,부산광역시 동구 망양로488번길 10,부산광역시 동구 초량동 865-105,35.1178354,129.0334291,,,051-440-4674,부산광역시 동구청,2026-06-25
초량동0362,1,부산광역시 동구 망양로488번길 14-6,부산광역시 동구 초량동 865-59,35.1178368,129.033613,,,051-440-4674,부산광역시 동구청,2026-06-25
초량동0363,1,부산광역시 동구 망양로488번길 13-1,부산광역시 동구 초량동 865-181,35.1179668,129.0334028,,,051-440-4674,부산광역시 동구청,2026-06-25
초량동0364,1,부산광역시 동구 영초윗길26번길 3-3,부산광역시 동구 초량동 899-21,35.1175516,129.0347424,,,051-440-4674,부산광역시 동구청,2026-06-25
초량동0365,1,부산광역시 동구 영초윗길26번길 2,부산광역시 동구 초량동 994-556,35.1173096,129.0349155,,,051-440-4674,부산광역시 동구청,2026-06-25
초량동0366,1,부산광역시 동구 영초윗길26번길 5-3,부산광역시 동구 초량동 899-32,35.1176857,129.0348642,,,051-440-4674,부산광역시 동구청,2026-06-25
초량동0367,1,부산광역시 동구 영초길211번길 21-5,부산광역시 동구 초량동 891-15,35.1178625,129.0345338,,,051-440-4674,부산광역시 동구청,2026-06-25
초량동0368,1,부산광역시 동구 영초윗길26번길 3-22,부산광역시 동구 초량동 899-13,35.1176583,129.0342293,,,051-440-4674,부산광역시 동구청,2026-06-25
초량동0369,1,부산광역시 동구 영초길211번길 21-1,부산광역시 동구 초량동 891-6,35.1179275,129.0345498,,,051-440-4674,부산광역시 동구청,2026-06-25
초량동0370,1,부산광역시 동구 영초길211번길 21-15,부산광역시 동구 초량동 891-9,35.117855,129.0343271,,,051-440-4674,부산광역시 동구청,2026-06-25
초량동0371,1,부산광역시 동구 영초길211번길 21-25,부산광역시 동구 초량동 891-11,35.1178728,129.0342492,,,051-440-4674,부산광역시 동구청,2026-06-25
초량동0372,1,부산광역시 동구 영초길211번길 21-27,부산광역시 동구 초량동 891-11,35.1178502,129.0341769,,,051-440-4674,부산광역시 동구청,2026-06-25
초량동0373,1,부산광역시 동구 영초길211번길 21-21,부산광역시 동구 초량동 891-8,35.1179664,129.0343677,,,051-440-4674,부산광역시 동구청,2026-06-25
초량동0374,1,부산광역시 동구 영초길211번길 21-1,부산광역시 동구 초량동 891-12,35.1179275,129.0345498,,,051-440-4674,부산광역시 동구청,2026-06-25
초량동0377,1,부산광역시 동구 망양로486번길 3-2,부산광역시 동구 초량동 1127-48,35.1174857,129.033685,,,051-440-4674,부산광역시 동구청,2026-06-25
초량동0379,1,부산광역시 동구 망양로488번길 2,부산광역시 동구 초량동 865-145,35.1174828,129.033416,,,051-440-4674,부산광역시 동구청,2026-06-25
초량동0380,1,부산광역시 동구 망양로 494-8,부산광역시 동구 초량동 865-38,35.1176968,129.0328272,,,051-440-4674,부산광역시 동구청,2026-06-25
초량동0381,1,부산광역시 동구 망양로479번길 4,부산광역시 동구 초량동 878-3,35.1167363,129.0335985,,,051-440-4674,부산광역시 동구청,2026-06-25
초량동0382,1,부산광역시 동구 망양로 479,부산광역시 동구 초량동 878-2,35.1167739,129.0337232,,,051-440-4674,부산광역시 동구청,2026-06-25
초량동0383,1,부산광역시 동구 망양로479번길 6,부산광역시 동구 초량동 878-4,35.1166536,129.0336111,,,051-440-4674,부산광역시 동구청,2026-06-25
초량동0384,1,부산광역시 동구 망양로479번길 10,부산광역시 동구 초량동 879-3,35.1165185,129.0333889,,,051-440-4674,부산광역시 동구청,2026-06-25
초량동0385,1,부산광역시 동구 망양로467번길 10,부산광역시 동구 초량동 889,35.1162543,129.0332916,,,051-440-4674,부산광역시 동구청,2026-06-25
초량동0386,1,부산광역시 동구 망양로463번길 11,부산광역시 동구 초량동 889-36,35.1159678,129.0328683,,,051-440-4674,부산광역시 동구청,2026-06-25
초량동0387,1,부산광역시 동구 망양로465번길 6-1,부산광역시 동구 초량동 889-9,35.115994,129.033289,,,051-440-4674,부산광역시 동구청,2026-06-25
초량동0388,1,부산광역시 동구 망양로467번길 6,부산광역시 동구 초량동 889-1,35.116101,129.0334597,,,051-440-4674,부산광역시 동구청,2026-06-25
초량동0389,1,부산광역시 동구 망양로463번길 6,부산광역시 동구 초량동 889-25,35.1158707,129.0331351,,,051-440-4674,부산광역시 동구청,2026-06-25
초량동0390,1,부산광역시 동구 망양로461번길 4,부산광역시 동구 초량동 889-48,35.1156677,129.0331475,,,051-440-4674,부산광역시 동구청,2026-06-25
초량동0391,1,부산광역시 동구 망양로463번길 7,부산광역시 동구 초량동 889-40,35.1158601,129.0329833,,,051-440-4674,부산광역시 동구청,2026-06-25
초량동0392,1,부산광역시 동구 망양로465번길 13,부산광역시 동구 초량동 889-21,35.1161091,129.0328745,,,051-440-4674,부산광역시 동구청,2026-06-25
초량동0393,1,부산광역시 동구 망양로461번길 6,부산광역시 동구 초량동 889-47,35.1156967,129.033056,,,051-440-4674,부산광역시 동구청,2026-06-25
초량동0394,1,부산광역시 동구 망양로461번길 14,부산광역시 동구 초량동 889-34,35.1159817,129.0327467,,,051-440-4674,부산광역시 동구청,2026-06-25
초량동0395,1,부산광역시 동구 망양로 470-4,부산광역시 동구 초량동 994-761,35.1158826,129.0339856,,,051-440-4674,부산광역시 동구청,2026-06-25
초량동0396,1,부산광역시 동구 망양로 470-10,부산광역시 동구 초량동 994-758,35.1159101,129.0342472,,,051-440-4674,부산광역시 동구청,2026-06-25
초량동0399,1,부산광역시 동구 영초길 135-4,부산광역시 동구 초량동 1064-1,35.1156401,129.0339006,,,051-440-4674,부산광역시 동구청,2026-06-25
초량동0400,1,부산광역시 동구 영초윗길 3,부산광역시 동구 초량동 994-453,35.1155555,129.0346296,,,051-440-4674,부산광역시 동구청,2026-06-25
초량동0401,1,부산광역시 동구 영초윗길 3-8,부산광역시 동구 초량동 994-440,35.1156189,129.0345052,,,051-440-4674,부산광역시 동구청,2026-06-25
초량동0402,1,부산광역시 동구 망양로476번길 16-22,부산광역시 동구 초량동 994-795,35.1157682,129.0343432,,,051-440-4674,부산광역시 동구청,2026-06-25
초량동0403,1,부산광역시 동구 망양로 474-2,부산광역시 동구 초량동 994-763,35.1162235,129.0340467,,,051-440-4674,부산광역시 동구청,2026-06-25
초량동0404,1,부산광역시 동구 망양로476번길 7,부산광역시 동구 초량동 994-534,35.1164892,129.0343815,,,051-440-4674,부산광역시 동구청,2026-06-25
초량동0405,1,부산광역시 동구 영초윗길15,부산광역시 동구 초량동 994-535,35.1166261,129.0347406,,,051-440-4674,부산광역시 동구청,2026-06-25
초량동0406,1,부산광역시 동구 영초윗길 15,부산광역시 동구 초량동 994-572,35.1166261,129.0347406,,,051-440-4674,부산광역시 동구청,2026-06-25
초량동0407,1,부산광역시 동구 망양로 474-8,부산광역시 동구 초량동 994-767,35.1163349,129.0342603,,,051-440-4674,부산광역시 동구청,2026-06-25
초량동0408,1,부산광역시 동구 망양로476번길 16,부산광역시 동구 초량동 994-783,35.1162768,129.0344739,,,051-440-4674,부산광역시 동구청,2026-06-25
초량동0409,1,부산광역시 동구 망양로476번길 16-4,부산광역시 동구 초량동 994-784,35.1162092,129.0344446,,,051-440-4674,부산광역시 동구청,2026-06-25
초량동0410,1,부산광역시 동구 망양로476번길 16-18,부산광역시 동구 초량동 994-793,35.1159307,129.0343604,,,051-440-4674,부산광역시 동구청,2026-06-25
초량동0411,1,부산광역시 동구 영초윗길 23-1,부산광역시 동구 초량동 994-561,35.1172329,129.0347596,,,051-440-4674,부산광역시 동구청,2026-06-25
초량동0412,1,부산광역시 동구 망양로478번길 16,부산광역시 동구 초량동 994-561,35.1171296,129.0346594,,,051-440-4674,부산광역시 동구청,2026-06-25
초량동0413,1,부산광역시 동구 망양로478번길 16,부산광역시 동구 초량동 994-5,35.1171296,129.0346594,,,051-440-4674,부산광역시 동구청,2026-06-25
초량동0414,1,부산광역시 동구 영초윗길 17,부산광역시 동구 초량동 994-5,35.1167906,129.0348884,,,051-440-4674,부산광역시 동구청,2026-06-25
초량동0415,1,부산광역시 동구 망양로478번길3,부산광역시 동구 초량동 994-5,35.1170232,129.0340296,,,051-440-4674,부산광역시 동구청,2026-06-25
초량동0416,1,부산광역시 동구 영초윗길 17,부산광역시 동구 초량동 994-5,35.1167906,129.0348884,,,051-440-4674,부산광역시 동구청,2026-06-25
초량동0417,1,부산광역시 동구 영초윗길 17,부산광역시 동구 초량동 994-5,35.1167906,129.0348884,,,051-440-4674,부산광역시 동구청,2026-06-25
초량동0418,1,부산광역시 동구 망양로478번길 16,부산광역시 동구 초량동 994-456,35.1171296,129.0346594,,,051-440-4674,부산광역시 동구청,2026-06-25
초량동0419,1,부산광역시 동구 영초윗길 22-1,부산광역시 동구 초량동 994-351,35.1170813,129.0350172,,,051-440-4674,부산광역시 동구청,2026-06-25
초량동0421,1,부산광역시 동구 영초윗길 18,부산광역시 동구 초량동 994-60,35.1167271,129.0351107,,,051-440-4674,부산광역시 동구청,2026-06-25
초량동0422,1,부산광역시 동구 영초윗길 13,부산광역시 동구 초량동 994-70,35.1164528,129.034772,,,051-440-4674,부산광역시 동구청,2026-06-25
초량동0423,1,부산광역시 동구 영초윗길 12,부산광역시 동구 초량동 994-71,35.1162782,129.034904,,,051-440-4674,부산광역시 동구청,2026-06-25
초량동0424,1,부산광역시 동구 영초윗길 10,부산광역시 동구 초량동 994-451,35.1161267,129.0348137,,,051-440-4674,부산광역시 동구청,2026-06-25
초량동0426,1,부산광역시 동구 영초윗길 3,부산광역시 동구 초량동 994-453,35.1155555,129.0346296,,,051-440-4674,부산광역시 동구청,2026-06-25
초량동0427,1,부산광역시 동구 영초길 148,부산광역시 동구 초량동 1064-63,35.1152087,129.0349571,,,051-440-4674,부산광역시 동구청,2026-06-25
초량동0428,1,부산광역시 동구 망양로486번길 14-3,부산광역시 동구 초량동 1127-42,35.1171934,129.0340104,,,051-440-4674,부산광역시 동구청,2026-06-25
초량동0429,1,부산광역시 동구 망양로486번길 14-10,부산광역시 동구 초량동 881-1,35.117229,129.0337218,,,051-440-4674,부산광역시 동구청,2026-06-25
초량동0430,1,부산광역시 동구 망양로486번길 14-19,부산광역시 동구 초량동 881-1,35.1171137,129.0336788,,,051-440-4674,부산광역시 동구청,2026-06-25
초량동0431,1,부산광역시 동구 초량남로 36-4,부산광역시 동구 초량동 830-20,35.1193451,129.0324302,,,051-440-4674,부산광역시 동구청,2026-06-25
초량동0432,1,부산광역시 동구 초량로97번길 5,부산광역시 동구 초량동 830-19,35.1193884,129.0323518,,,051-440-4674,부산광역시 동구청,2026-06-25
초량동0433,1,부산광역시 동구 초량로97번길 12,부산광역시 동구 초량동 832-11,35.1193196,129.0319454,,,051-440-4674,부산광역시 동구청,2026-06-25
초량동0434,1,부산광역시 동구 초량로109번길 23,부산광역시 동구 초량동 831-12,35.1191337,129.0316955,,,051-440-4674,부산광역시 동구청,2026-06-25
초량동0437,1,부산광역시 동구 초량로 103-6,부산광역시 동구 초량동 832-10,35.1194179,129.0318197,,,051-440-4674,부산광역시 동구청,2026-06-25
초량동0438,1,부산광역시 동구 초량로 97,부산광역시 동구 초량동 830-15,35.1195208,129.032424,,,051-440-4674,부산광역시 동구청,2026-06-25
초량동0439,1,부산광역시 동구 초량로 95-6,부산광역시 동구 초량동 830-26,35.1194272,129.0326523,,,051-440-4674,부산광역시 동구청,2026-06-25
초량동0440,1,부산광역시 동구 초량로 93-1,부산광역시 동구 초량동 829-35,35.1195636,129.0327674,,,051-440-4674,부산광역시 동구청,2026-06-25
초량동0441,1,부산광역시 동구 초량남로 51-12,부산광역시 동구 초량동 1127,35.1189116,129.0302417,,,051-440-4674,부산광역시 동구청,2026-06-25
초량동0442,1,부산광역시 동구 초량남로 51-14,부산광역시 동구 초량동 851-2,35.1188812,129.0301724,,,051-440-4674,부산광역시 동구청,2026-06-25
초량동0443,1,부산광역시 동구 초량로 117,부산광역시 동구 초량동 851-7,35.1189856,129.0300175,,,051-440-4674,부산광역시 동구청,2026-06-25
초량동0444,1,부산광역시 동구 초량남로 51-4,부산광역시 동구 초량동 838-27,35.1189975,129.0307074,,,051-440-4674,부산광역시 동구청,2026-06-25
초량동0445,1,부산광역시 동구 초량남로 51-6,부산광역시 동구 초량동 838-23,35.1190245,129.0305966,,,051-440-4674,부산광역시 동구청,2026-06-25
초량동0446,1,부산광역시 동구 망양로 524,부산광역시 동구 초량동 865-167,35.1187429,129.0300665,,,051-440-4674,부산광역시 동구청,2026-06-25
초량동0447,1,부산광역시 동구 망양로525번길 6,부산광역시 동구 초량동 851-20,35.1189875,129.0293621,,,051-440-4674,부산광역시 동구청,2026-06-25
초량동0448,1,부산광역시 동구 망양로525번길 5,부산광역시 동구 초량동 850-159,35.1188222,129.0293222,,,051-440-4674,부산광역시 동구청,2026-06-25
초량동0449,1,부산광역시 동구 망양로525번길 5-11,부산광역시 동구 초량동 850-172,35.1185782,129.0290822,,,051-440-4674,부산광역시 동구청,2026-06-25
초량동0450,1,부산광역시 동구 망양로 516,부산광역시 동구 초량동 865-171,35.1187487,129.0305778,,,051-440-4674,부산광역시 동구청,2026-06-25
초량동0451,1,부산광역시 동구 망양로525번길 5-7,부산광역시 동구 초량동 산 64-3,35.1185869,129.0292424,,,051-440-4674,부산광역시 동구청,2026-06-25
초량동0452,1,부산광역시 동구 망양로533번가길 14,부산광역시 동구 초량동 850-192,35.1182833,129.0289574,,,051-440-4674,부산광역시 동구청,2026-06-25
초량동0453,1,부산광역시 동구 망양로533번길 35-8,부산광역시 동구 초량동 850-203,35.1183227,129.0288422,,,051-440-4674,부산광역시 동구청,2026-06-25
초량동0454,1,부산광역시 동구 망양로533번가길 5,부산광역시 동구 초량동 850-178,35.1185716,129.0289652,,,051-440-4674,부산광역시 동구청,2026-06-25
초량동0455,1,부산광역시 동구 망양로533번가길 3,부산광역시 동구 초량동 850-175,35.1186877,129.0289556,,,051-440-4674,부산광역시 동구청,2026-06-25
초량동0456,1,부산광역시 동구 망양로533번길 35-10,부산광역시 동구 초량동 850-193,35.1181942,129.0288493,,,051-440-4674,부산광역시 동구청,2026-06-25
초량동0457,1,부산광역시 동구 망양로533번가길 25,부산광역시 동구 초량동 850-53,35.1179917,129.0286982,,,051-440-4674,부산광역시 동구청,2026-06-25
초량동0458,1,부산광역시 동구 망양로 527,부산광역시 동구 초량동 846-1,35.1191875,129.0295535,,,051-440-4674,부산광역시 동구청,2026-06-25
초량동0459,1,부산광역시 동구 망양로 527,부산광역시 동구 초량동 846-1,35.1191875,129.0295535,,,051-440-4674,부산광역시 동구청,2026-06-25
초량동0460,1,부산광역시 동구 망양로533번길 19,부산광역시 동구 초량동 851-21,35.1190357,129.0292968,,,051-440-4674,부산광역시 동구청,2026-06-25
초량동0461,1,부산광역시 동구 망양로533번길 20-1,부산광역시 동구 초량동 847-28,35.1191138,129.0290066,,,051-440-4674,부산광역시 동구청,2026-06-25
초량동0462,1,부산광역시 동구 망양로533번길 19,부산광역시 동구 초량동 851-21,35.1190357,129.0292968,,,051-440-4674,부산광역시 동구청,2026-06-25
초량동0463,1,부산광역시 동구 망양로525번길 12,부산광역시 동구 초량동 851-24,35.1189949,129.0289813,,,051-440-4674,부산광역시 동구청,2026-06-25
초량동0464,1,부산광역시 동구 망양로525번길 14,부산광역시 동구 초량동 847-29,35.1190668,129.0289304,,,051-440-4674,부산광역시 동구청,2026-06-25
초량동0465,1,부산광역시 동구 망양로525번길 20,부산광역시 동구 초량동 847-35,35.119197,129.0286991,,,051-440-4674,부산광역시 동구청,2026-06-25
초량동0466,1,부산광역시 동구 망양로525번길 20-3,부산광역시 동구 초량동 847-39,35.1192314,129.0285198,,,051-440-4674,부산광역시 동구청,2026-06-25
초량동0467,1,부산광역시 동구 망양로525번길 20-5,부산광역시 동구 초량동 847-46,35.1192897,129.0284574,,,051-440-4674,부산광역시 동구청,2026-06-25
초량동0468,1,부산광역시 동구 망양로525번길 24,부산광역시 동구 초량동 847-42,35.1191152,129.0284517,,,051-440-4674,부산광역시 동구청,2026-06-25
초량동0469,1,부산광역시 동구 망양로525번길 28,부산광역시 동구 초량동 847-44,35.1191893,129.0283193,,,051-440-4674,부산광역시 동구청,2026-06-25
초량동0470,1,부산광역시 동구 망양로533번길 30-8,부산광역시 동구 초량동 848-7,35.1190445,129.0286019,,,051-440-4674,부산광역시 동구청,2026-06-25
초량동0471,1,부산광역시 동구 망양로533번길 30-8,부산광역시 동구 초량동 848-7,35.1190445,129.0286019,,,051-440-4674,부산광역시 동구청,2026-06-25
초량동0472,1,부산광역시 동구 망양로533번길 30-7,부산광역시 동구 초량동 848-9,35.1189784,129.0284592,,,051-440-4674,부산광역시 동구청,2026-06-25
초량동0473,1,부산광역시 동구 망양로533번길 30-7,부산광역시 동구 초량동 848-9,35.1189784,129.0284592,,,051-440-4674,부산광역시 동구청,2026-06-25
초량동0474,1,부산광역시 동구 망양로533번길 25-2,부산광역시 동구 초량동 850-176,35.1187524,129.0289065,,,051-440-4674,부산광역시 동구청,2026-06-25
초량동0476,1,부산광역시 동구 망양로533번길 25-3,부산광역시 동구 초량동 850-167,35.1187907,129.0290834,,,051-440-4674,부산광역시 동구청,2026-06-25
초량동0477,1,부산광역시 동구 망양로533번길 33,부산광역시 동구 초량동 850-188,35.1185784,129.0287179,,,051-440-4674,부산광역시 동구청,2026-06-25
초량동0478,1,부산광역시 동구 망양로533번길 36,부산광역시 동구 초량동 850-212,35.1185799,129.0285616,,,051-440-4674,부산광역시 동구청,2026-06-25
초량동0479,1,부산광역시 동구 망양로533번길 34-6,부산광역시 동구 초량동 산58-2,35.1187276,129.028426,,,051-440-4674,부산광역시 동구청,2026-06-25
초량동0480,1,부산광역시 동구 망양로533번길 37,부산광역시 동구 초량동 850-184,35.1184126,129.028635,,,051-440-4674,부산광역시 동구청,2026-06-25
초량동0481,1,부산광역시 동구 망양로533번길 39,부산광역시 동구 초량동 850-233,35.1182936,129.0285768,,,051-440-4674,부산광역시 동구청,2026-06-25
초량동0482,1,부산광역시 동구 망양로533번길 35-8,부산광역시 동구 초량동 850-203,35.1183227,129.0288422,,,051-440-4674,부산광역시 동구청,2026-06-25
초량동0483,1,부산광역시 동구 망양로533번길 42-1,부산광역시 동구 초량동 850-245,35.1182799,129.0283667,,,051-440-4674,부산광역시 동구청,2026-06-25
초량동0484,1,부산광역시 동구 망양로533번가길 20,부산광역시 동구 초량동 850-194,35.1181776,129.028751,,,051-440-4674,부산광역시 동구청,2026-06-25
초량동0485,1,부산광역시 동구 망양로533번길 45,부산광역시 동구 초량동 850-62,35.118069,129.0283655,,,051-440-4674,부산광역시 동구청,2026-06-25
초량동0487,1,부산광역시 동구 망양로 533-5,부산광역시 동구 초량동 845,35.1198779,129.0297336,,,051-440-4674,부산광역시 동구청,2026-06-25
초량동0488,1,부산광역시 동구 망양로 533-1,부산광역시 동구 초량동 843-1,35.1202828,129.0295233,,,051-440-4674,부산광역시 동구청,2026-06-25
초량동0490,1,부산광역시 동구 망양로 579-1,부산광역시 동구 초량동 794-292,35.1224116,129.0338009,,,051-440-4674,부산광역시 동구청,2026-06-25
초량동0491,1,부산광역시 동구 망양로579번길 12-7,부산광역시 동구 초량동 794-284,35.1224799,129.0337878,,,051-440-4674,부산광역시 동구청,2026-06-25
초량동0492,1,부산광역시 동구 망양로579번길 20-7,부산광역시 동구 초량동 795-123,35.1227417,129.034118,,,051-440-4674,부산광역시 동구청,2026-06-25
초량동0493,1,부산광역시 동구 망양로579번길 23,부산광역시 동구 초량동 794-245,35.12302,129.0340592,,,051-440-4674,부산광역시 동구청,2026-06-25
초량동0494,1,부산광역시 동구 망양로579번길 17,부산광역시 동구 초량동 794-482,35.1228171,129.0338161,,,051-440-4674,부산광역시 동구청,2026-06-25
초량동0495,1,부산광역시 동구 망양로579번다길 4,부산광역시 동구 초량동 794-258,35.1228649,129.0337258,,,051-440-4674,부산광역시 동구청,2026-06-25
초량동0496,1,부산광역시 동구 망양로579번길 27,부산광역시 동구 초량동 794-244,35.1231807,129.0340628,,,051-440-4674,부산광역시 동구청,2026-06-25
초량동0497,1,부산광역시 동구 망양로579번다길 9,부산광역시 동구 초량동 794-334,35.1230389,129.0334309,,,051-440-4674,부산광역시 동구청,2026-06-25
초량동0498,1,부산광역시 동구 망양로593번길 30,부산광역시 동구 초량동 794-337,35.1231882,129.0334494,,,051-440-4674,부산광역시 동구청,2026-06-25
초량동0499,1,부산광역시 동구 망양로593번길 33,부산광역시 동구 초량동 794-11,35.12313,129.0328986,,,051-440-4674,부산광역시 동구청,2026-06-25
초량동0500,1,부산광역시 동구 망양로579번길 14-3,부산광역시 동구 초량동 794-491,35.1226293,129.03378,,,051-440-4674,부산광역시 동구청,2026-06-25
초량동0501,1,부산광역시 동구 망양로579번길 14-1,부산광역시 동구 초량동 794-271,35.1226611,129.0337422,,,051-440-4674,부산광역시 동구청,2026-06-25
초량동0502,1,부산광역시 동구 망양로579번나길 2,부산광역시 동구 초량동 794-267,35.1227841,129.0335975,,,051-440-4674,부산광역시 동구청,2026-06-25
초량동0503,1,부산광역시 동구 망양로579번나길 6,부산광역시 동구 초량동 794-458,35.1228814,129.0334773,,,051-440-4674,부산광역시 동구청,2026-06-25
초량동0504,1,부산광역시 동구 망양로579번나길 12,부산광역시 동구 초량동 794-432,35.1230787,129.0333143,,,051-440-4674,부산광역시 동구청,2026-06-25
초량동0505,1,부산광역시 동구 망양로579번길 11,부산광역시 동구 초량동 794-275,35.1226507,129.0335171,,,051-440-4674,부산광역시 동구청,2026-06-25
초량동0506,1,부산광역시 동구 망양로579번길 10-1,부산광역시 동구 초량동 794-287,35.1225594,129.0336131,,,051-440-4674,부산광역시 동구청,2026-06-25
초량동0507,1,부산광역시 동구 망양로 579,부산광역시 동구 초량동 794-291,35.1223723,129.0337464,,,051-440-4674,부산광역시 동구청,2026-06-25
초량동0508,1,부산광역시 동구 망양로579번길 10-1,부산광역시 동구 초량동 794-529,35.1225594,129.0336131,,,051-440-4674,부산광역시 동구청,2026-06-25
초량동0509,1,부산광역시 동구 망양로579번길 9,부산광역시 동구 초량동 794-298,35.122581,129.0334042,,,051-440-4674,부산광역시 동구청,2026-06-25
초량동0510,1,부산광역시 동구 망양로579번가길 3,부산광역시 동구 초량동 794-520,35.1225293,129.0332556,,,051-440-4674,부산광역시 동구청,2026-06-25
초량동0511,1,부산광역시 동구 망양로579번가길 4,부산광역시 동구 초량동 794-306,35.1227098,129.0332939,,,051-440-4674,부산광역시 동구청,2026-06-25
초량동0512,1,부산광역시 동구 망양로579번가길 7,부산광역시 동구 초량동 794-409,35.1227354,129.0331208,,,051-440-4674,부산광역시 동구청,2026-06-25
초량동0513,1,부산광역시 동구 망양로579번길 6,부산광역시 동구 초량동 794-503,35.1224316,129.0335997,,,051-440-4674,부산광역시 동구청,2026-06-25
초량동0514,1,부산광역시 동구 망양로 589,부산광역시 동구 초량동 794-686,35.1229234,129.034387,,,051-440-4674,부산광역시 동구청,2026-06-25
초량동0515,1,부산광역시 동구 망양로 589-3,부산광역시 동구 초량동 794-665,35.1230065,129.0341748,,,051-440-4674,부산광역시 동구청,2026-06-25
초량동0516,1,부산광역시 동구 망양로593번길 1-3,부산광역시 동구 초량동 794-14,35.1232286,129.0344939,,,051-440-4674,부산광역시 동구청,2026-06-25
초량동0517,1,부산광역시 동구 망양로593번길 1-10,부산광역시 동구 초량동 794-379,35.1231895,129.0342171,,,051-440-4674,부산광역시 동구청,2026-06-25
초량동0519,1,부산광역시 동구 망양로593번길 6,부산광역시 동구 초량동 793-305,35.1235824,129.0345268,,,051-440-4674,부산광역시 동구청,2026-06-25
초량동0520,1,부산광역시 동구 망양로593번길 11,부산광역시 동구 초량동 754-312,35.1233115,129.0342454,,,051-440-4674,부산광역시 동구청,2026-06-25
초량동0521,1,부산광역시 동구 망양로579번길 29,부산광역시 동구 초량동 754-320,35.1232506,129.0340332,,,051-440-4674,부산광역시 동구청,2026-06-25
초량동0522,1,부산광역시 동구 망양로593번길 18,부산광역시 동구 초량동 754-317,35.1233586,129.0339817,,,051-440-4674,부산광역시 동구청,2026-06-25
초량동0523,1,부산광역시 동구 망양로599번길 14,부산광역시 동구 초량동 754-607,35.1235665,129.0342046,,,051-440-4674,부산광역시 동구청,2026-06-25
초량동0524,1,부산광역시 동구 망양로593번길 8-3,부산광역시 동구 초량동 754-298,35.1235361,129.0344209,,,051-440-4674,부산광역시 동구청,2026-06-25
초량동0525,1,부산광역시 동구 망양로599번길 4,부산광역시 동구 초량동 754-544,35.1238169,129.0345858,,,051-440-4674,부산광역시 동구청,2026-06-25
초량동0527,1,부산광역시 동구 망양로 605-14,부산광역시 동구 초량동 754-556,35.124087,129.0345956,,,051-440-4674,부산광역시 동구청,2026-06-25
초량동0528,1,부산광역시 동구 구봉남길 6-1,부산광역시 동구 초량동 754-1242,35.1239205,129.0342322,,,051-440-4674,부산광역시 동구청,2026-06-25
초량동0529,1,부산광역시 동구 망양로607번길 20,부산광역시 동구 초량동 754-568,35.1240596,129.0340187,,,051-440-4674,부산광역시 동구청,2026-06-25
초량동0530,1,부산광역시 동구 망양로607번길 17,부산광역시 동구 초량동 754-566,35.1241815,129.0341217,,,051-440-4674,부산광역시 동구청,2026-06-25
초량동0531,1,부산광역시 동구 망양로607번길 10,부산광역시 동구 초량동 1179-6,35.1243155,129.0342075,,,051-440-4674,부산광역시 동구청,2026-06-25
초량동0532,1,부산광역시 동구 망양로 607-1,부산광역시 동구 초량동 1179-6,35.1244789,129.0345579,,,051-440-4674,부산광역시 동구청,2026-06-25
초량동0533,1,부산광역시 동구 망양로607번길 16,부산광역시 동구 초량동 754-567,35.1241259,129.0339483,,,051-440-4674,부산광역시 동구청,2026-06-25
초량동0534,1,부산광역시 동구 구봉남길10번길 1-3,부산광역시 동구 초량동 794-218,35.1235546,129.0337885,,,051-440-4674,부산광역시 동구청,2026-06-25
초량동0535,1,부산광역시 동구 구봉남길10번길 7,부산광역시 동구 초량동 794-206,35.1238338,129.0337851,,,051-440-4674,부산광역시 동구청,2026-06-25
초량동0536,1,부산광역시 동구 구봉남길14번길 15,부산광역시 동구 초량동 754-579,35.1241252,129.033433,,,051-440-4674,부산광역시 동구청,2026-06-25
초량동0537,1,부산광역시 동구 구봉남길14번길 3,부산광역시 동구 초량동 794-219,35.1235127,129.0336937,,,051-440-4674,부산광역시 동구청,2026-06-25
초량동0538,1,부산광역시 동구 구봉중길,부산광역시 동구 초량동 794-10,35.1264453,129.0341122,,,051-440-4674,부산광역시 동구청,2026-06-25
초량동0539,1,부산광역시 동구 구봉중길,부산광역시 동구 초량동 794-10,35.1264453,129.0341122,,,051-440-4674,부산광역시 동구청,2026-06-25
초량동0541,1,부산광역시 동구 구봉중길,부산광역시 동구 초량동 794-10,35.1264453,129.0341122,,,051-440-4674,부산광역시 동구청,2026-06-25
초량동0545,1,부산광역시 동구 구봉남길14번길 15,부산광역시 동구 초량동 754-514,35.1241252,129.033433,,,051-440-4674,부산광역시 동구청,2026-06-25
초량동0551,1,부산광역시 동구 구봉중길 13,부산광역시 동구 초량동 1176,35.1264201,129.0336205,,,051-440-4674,부산광역시 동구청,2026-06-25
초량동0552,1,부산광역시 동구 구봉중길 18,부산광역시 동구 초량동 754-1187,35.1266215,129.0331336,,,051-440-4674,부산광역시 동구청,2026-06-25
초량동0553,1,부산광역시 동구 구봉중길 11,부산광역시 동구 초량동 산 24-1,35.1263822,129.0337994,,,051-440-4674,부산광역시 동구청,2026-06-25
초량동0554,1,부산광역시 동구 구봉중길12번길 11,부산광역시 동구 초량동 754-1189,35.1267125,129.0332978,,,051-440-4674,부산광역시 동구청,2026-06-25
초량동0555,1,부산광역시 동구 구봉중길 15,부산광역시 동구 초량동 754-440,35.1264674,129.0334693,,,051-440-4674,부산광역시 동구청,2026-06-25
초량동0556,1,부산광역시 동구 구봉중길 13,부산광역시 동구 초량동 1176,35.1264201,129.0336205,,,051-440-4674,부산광역시 동구청,2026-06-25
초량동0557,1,부산광역시 동구 구봉중길 11-4,부산광역시 동구 초량동 754-1140,35.126229,129.033709,,,051-440-4674,부산광역시 동구청,2026-06-25
초량동0558,1,부산광역시 동구 구봉중길12번길 1,부산광역시 동구 초량동 754-1193,35.1265815,129.0336969,,,051-440-4674,부산광역시 동구청,2026-06-25
초량동0559,1,부산광역시 동구 구봉중길12번길 8-5,부산광역시 동구 초량동 754-1067,35.1268223,129.0335916,,,051-440-4674,부산광역시 동구청,2026-06-25
초량동0560,1,부산광역시 동구 구봉중길12번길 11,부산광역시 동구 초량동 754-1189,35.1267125,129.0332978,,,051-440-4674,부산광역시 동구청,2026-06-25
초량동0561,1,부산광역시 동구 구봉중길12번길 15,부산광역시 동구 초량동 754-1058,35.1270304,129.0334682,,,051-440-4674,부산광역시 동구청,2026-06-25
초량동0562,1,부산광역시 동구 구봉중길6번가길 20,부산광역시 동구 초량동 754-1052,35.1269811,129.0336836,,,051-440-4674,부산광역시 동구청,2026-06-25
초량동0563,1,부산광역시 동구 구봉중길6번길 27,부산광역시 동구 초량동 754-1037,35.1272298,129.033859,,,051-440-4674,부산광역시 동구청,2026-06-25
초량동0564,1,부산광역시 동구 구봉중길6번길 24,부산광역시 동구 초량동 754-1025,35.1272171,129.0340135,,,051-440-4674,부산광역시 동구청,2026-06-25
초량동0565,1,부산광역시 동구 구봉중길6번길 31,부산광역시 동구 초량동 754-1339,35.1273559,129.034152,,,051-440-4674,부산광역시 동구청,2026-06-25
초량동0566,1,부산광역시 동구 구봉중길6번길 22,부산광역시 동구 초량동 754-1035,35.1271104,129.0340523,,,051-440-4674,부산광역시 동구청,2026-06-25
초량동0567,1,부산광역시 동구 구봉북길9번길 14,부산광역시 동구 초량동 754-1028,35.1271445,129.0342479,,,051-440-4674,부산광역시 동구청,2026-06-25
초량동0568,1,부산광역시 동구 구봉북길9번길 10,부산광역시 동구 초량동 754-1338,35.1270618,129.0343896,,,051-440-4674,부산광역시 동구청,2026-06-25
초량동0569,1,부산광역시 동구 구봉북길9번길 6,부산광역시 동구 초량동 754-1342,35.1269536,129.0345054,,,051-440-4674,부산광역시 동구청,2026-06-25
초량동0570,1,부산광역시 동구 구봉북길9번길 3,부산광역시 동구 초량동 754-1101,35.1267609,129.0344711,,,051-440-4674,부산광역시 동구청,2026-06-25
초량동0571,1,부산광역시 동구 구봉중길6번길 15,부산광역시 동구 초량동 754-164,35.1266889,129.0341903,,,051-440-4674,부산광역시 동구청,2026-06-25
초량동0572,1,부산광역시 동구 구봉중길6번길 17,부산광역시 동구 초량동 754-1046,35.1268274,129.0340299,,,051-440-4674,부산광역시 동구청,2026-06-25
초량동0573,1,부산광역시 동구 구봉중길6번가길 3,부산광역시 동구 초량동 754-165,35.1266025,129.0341348,,,051-440-4674,부산광역시 동구청,2026-06-25
초량동0574,1,부산광역시 동구 구봉중길6번가길 5,부산광역시 동구 초량동 754-168,35.1265929,129.0340003,,,051-440-4674,부산광역시 동구청,2026-06-25
초량동0575,1,부산광역시 동구 구봉중길6번가길 11,부산광역시 동구 초량동 754-1061,35.126749,129.0338853,,,051-440-4674,부산광역시 동구청,2026-06-25
초량동0576,1,부산광역시 동구 구봉중길6번가길 16,부산광역시 동구 초량동 754-1049,35.1269368,129.0339148,,,051-440-4674,부산광역시 동구청,2026-06-25
초량동0577,1,부산광역시 동구 구봉중길6번가길 18,부산광역시 동구 초량동 754-1050,35.126973,129.0338006,,,051-440-4674,부산광역시 동구청,2026-06-25
초량동0578,1,부산광역시 동구 구봉중길 7-4,부산광역시 동구 초량동 754-671,35.1261235,129.0340304,,,051-440-4674,부산광역시 동구청,2026-06-25
초량동0579,1,부산광역시 동구 구봉중길 6,부산광역시 동구 초량동 754-1224,35.1262844,129.0345066,,,051-440-4674,부산광역시 동구청,2026-06-25
초량동0580,1,부산광역시 동구 구봉중길6번길 8,부산광역시 동구 초량동 754-204,35.1265125,129.0345138,,,051-440-4674,부산광역시 동구청,2026-06-25
초량동0581,1,부산광역시 동구 구봉중길 11,부산광역시 동구 초량동 산24-1,35.1263822,129.0337994,,,051-440-4674,부산광역시 동구청,2026-06-25
초량동0582,1,부산광역시 동구 망양로 623,부산광역시 동구 초량동 754-1216,35.1259356,129.0346667,,,051-440-4674,부산광역시 동구청,2026-06-25
초량동0583,1,부산광역시 동구 구봉북길 4,부산광역시 동구 초량동 754-1343,35.126441,129.0351198,,,051-440-4674,부산광역시 동구청,2026-06-25
초량동0584,1,부산광역시 동구 구봉북길 5-5,부산광역시 동구 초량동 754-156,35.1264681,129.034608,,,051-440-4674,부산광역시 동구청,2026-06-25
초량동0585,1,부산광역시 동구 망양로 619,부산광역시 동구 초량동 754-137,35.1255091,129.0345788,,,051-440-4674,부산광역시 동구청,2026-06-25
초량동0586,1,부산광역시 동구 망양로 623-1,부산광역시 동구 초량동 754-148,35.125987,129.0344809,,,051-440-4674,부산광역시 동구청,2026-06-25
초량동0587,1,부산광역시 동구 망양로 619,부산광역시 동구 초량동 754-137,35.1255091,129.0345788,,,051-440-4674,부산광역시 동구청,2026-06-25
초량동0588,1,부산광역시 동구 망양로 619,부산광역시 동구 초량동 754-137,35.1255091,129.0345788,,,051-440-4674,부산광역시 동구청,2026-06-25
초량동0589,1,부산광역시 동구 망양로 619,부산광역시 동구 초량동 754-137,35.1255091,129.0345788,,,051-440-4674,부산광역시 동구청,2026-06-25
초량동0590,1,부산광역시 동구 구봉중길5번길 14,부산광역시 동구 초량동 754-140,35.125718,129.0342638,,,051-440-4674,부산광역시 동구청,2026-06-25
초량동0591,1,부산광역시 동구 구봉중길5번나길 2-8,부산광역시 동구 초량동 754-680,35.1257755,129.0340539,,,051-440-4674,부산광역시 동구청,2026-06-25
초량동0592,1,부산광역시 동구 구봉중길5번나길 2-12,부산광역시 동구 초량동 754-1234,35.125901,129.0338967,,,051-440-4674,부산광역시 동구청,2026-06-25
초량동0593,1,부산광역시 동구 구봉중길5번나길 12-5,부산광역시 동구 초량동 754-459,35.1256578,129.0337577,,,051-440-4674,부산광역시 동구청,2026-06-25
초량동0594,1,부산광역시 동구 구봉중길5번가길 15-10,부산광역시 동구 초량동 754-772,35.1256279,129.033645,,,051-440-4674,부산광역시 동구청,2026-06-25
초량동0595,1,부산광역시 동구 구봉중길5번가길 15-4,부산광역시 동구 초량동 754-445,35.1259503,129.0335728,,,051-440-4674,부산광역시 동구청,2026-06-25
초량동0596,1,부산광역시 동구 구봉중길 15-6,부산광역시 동구 초량동 754-632,35.126346,129.0333911,,,051-440-4674,부산광역시 동구청,2026-06-25
초량동0597,1,부산광역시 동구 구봉중길 15-6,부산광역시 동구 초량동 754-633,35.126346,129.0333911,,,051-440-4674,부산광역시 동구청,2026-06-25
초량동0598,1,부산광역시 동구 구봉중길5번가길 11,부산광역시 동구 초량동 754-676,35.1260265,129.0337765,,,051-440-4674,부산광역시 동구청,2026-06-25
초량동0599,1,부산광역시 동구 구봉중길5번가길 6,부산광역시 동구 초량동 754-672,35.126066,129.0340584,,,051-440-4674,부산광역시 동구청,2026-06-25
초량동0600,1,부산광역시 동구 구봉중길 7-6,부산광역시 동구 초량동 754-673,35.1260449,129.0341777,,,051-440-4674,부산광역시 동구청,2026-06-25
초량동0601,1,부산광역시 동구 구봉중길5번가길 15-8,부산광역시 동구 초량동 754-458,35.1257597,129.0336251,,,051-440-4674,부산광역시 동구청,2026-06-25
초량동0602,1,부산광역시 동구 구봉중길5번나길 16-1,부산광역시 동구 초량동 754-766,35.1255224,129.0335436,,,051-440-4674,부산광역시 동구청,2026-06-25
초량동0603,1,부산광역시 동구 구봉중길5번나길 13,부산광역시 동구 초량동 754-791,35.1253759,129.0336398,,,051-440-4674,부산광역시 동구청,2026-06-25
초량동0604,1,부산광역시 동구 망양로615번길 20-9,부산광역시 동구 초량동 754-464,35.1254088,129.0334906,,,051-440-4674,부산광역시 동구청,2026-06-25
초량동0605,1,부산광역시 동구 망양로609번길 4-1,부산광역시 동구 초량동 754-193,35.1247078,129.0344532,,,051-440-4674,부산광역시 동구청,2026-06-25
초량동0606,1,부산광역시 동구 망양로615번길 22,부산광역시 동구 초량동 754-482,35.1250009,129.0335356,,,051-440-4674,부산광역시 동구청,2026-06-25
초량동0607,1,부산광역시 동구 망양로615번길 21,부산광역시 동구 초량동 754-894,35.1248754,129.0336247,,,051-440-4674,부산광역시 동구청,2026-06-25
초량동0608,1,부산광역시 동구 망양로615번길 18,부산광역시 동구 초량동 754-485,35.1250223,129.033736,,,051-440-4674,부산광역시 동구청,2026-06-25
초량동0609,1,부산광역시 동구 망양로615번길 10,부산광역시 동구 초량동 754-1325,35.1251773,129.0340923,,,051-440-4674,부산광역시 동구청,2026-06-25
초량동0610,1,부산광역시 동구 망양로615번길 18-7,부산광역시 동구 초량동 754-793,35.1252806,129.033734,,,051-440-4674,부산광역시 동구청,2026-06-25
초량동0611,1,부산광역시 동구 구봉중길5번나길 11,부산광역시 동구 초량동 754-903,35.1253765,129.0338793,,,051-440-4674,부산광역시 동구청,2026-06-25
초량동0612,1,부산광역시 동구 구봉중길5번나길 3,부산광역시 동구 초량동 754-900,35.1255256,129.0341606,,,051-440-4674,부산광역시 동구청,2026-06-25
초량동0613,1,부산광역시 동구 구봉중길5번나길 2,부산광역시 동구 초량동 754-789,35.1256098,129.0341683,,,051-440-4674,부산광역시 동구청,2026-06-25
초량동0614,1,부산광역시 동구 구봉중길5번길 22,부산광역시 동구 초량동 754-144,35.1252453,129.0343883,,,051-440-4674,부산광역시 동구청,2026-06-25
초량동0615,1,부산광역시 동구 구봉중길5번길 20-6,부산광역시 동구 초량동 754-905,35.1252858,129.0341301,,,051-440-4674,부산광역시 동구청,2026-06-25
초량동0616,1,부산광역시 동구 망양로615번길 3,부산광역시 동구 초량동 754-493,35.1250233,129.0344609,,,051-440-4674,부산광역시 동구청,2026-06-25
초량동0617,1,부산광역시 동구 망양로615번가길 6,부산광역시 동구 초량동 754-930,35.1248847,129.0343456,,,051-440-4674,부산광역시 동구청,2026-06-25
초량동0618,1,부산광역시 동구 망양로615번가길 10,부산광역시 동구 초량동 754-942,35.1247931,129.0341794,,,051-440-4674,부산광역시 동구청,2026-06-25
초량동0619,1,부산광역시 동구 망양로615번가길 12,부산광역시 동구 초량동 754-940,35.1248593,129.0340588,,,051-440-4674,부산광역시 동구청,2026-06-25
초량동0620,1,부산광역시 동구 망양로615번가길 17,부산광역시 동구 초량동 754-948,35.1247115,129.033894,,,051-440-4674,부산광역시 동구청,2026-06-25
초량동0621,1,부산광역시 동구 망양로615번가길 24-2,부산광역시 동구 초량동 754-892,35.1248584,129.0335333,,,051-440-4674,부산광역시 동구청,2026-06-25
초량동0622,1,부산광역시 동구 망양로615번가길 26,부산광역시 동구 초량동 754-967,35.124678,129.0334555,,,051-440-4674,부산광역시 동구청,2026-06-25
초량동0623,1,부산광역시 동구 망양로609번길 21,부산광역시 동구 초량동 754-513,35.1243408,129.0334994,,,051-440-4674,부산광역시 동구청,2026-06-25
초량동0624,1,부산광역시 동구 망양로609번길 18,부산광역시 동구 초량동 754-38,35.1244818,129.033684,,,051-440-4674,부산광역시 동구청,2026-06-25
초량동0625,1,부산광역시 동구 구봉남길14번길 15,부산광역시 동구 초량동 754-514,35.1241252,129.033433,,,051-440-4674,부산광역시 동구청,2026-06-25
초량동0626,1,부산광역시 동구 망양로609번길 13-13,부산광역시 동구 초량동 754-61,35.1242498,129.0335996,,,051-440-4674,부산광역시 동구청,2026-06-25
초량동0627,1,부산광역시 동구 망양로609번길 13-10,부산광역시 동구 초량동 754-55,35.1242717,129.0338466,,,051-440-4674,부산광역시 동구청,2026-06-25
초량동0628,1,부산광역시 동구 망양로609번길 13-4,부산광역시 동구 초량동 754-1345,35.1243721,129.0339835,,,051-440-4674,부산광역시 동구청,2026-06-25
초량동0629,1,부산광역시 동구 망양로609번길 12,부산광역시 동구 초량동 754-34,35.1246095,129.0339632,,,051-440-4674,부산광역시 동구청,2026-06-25
초량동0630,1,부산광역시 동구 망양로609번길 6,부산광역시 동구 초량동 754-943,35.1246642,129.0342627,,,051-440-4674,부산광역시 동구청,2026-06-25
초량동0631,1,부산광역시 동구 홍곡남로 54,부산광역시 동구 초량동 754-150,35.1258542,129.0351423,,,051-440-4674,부산광역시 동구청,2026-06-25
초량동0632,1,부산광역시 동구 홍곡남로53번길 4,부산광역시 동구 초량동 754-153,35.1255676,129.0349659,,,051-440-4674,부산광역시 동구청,2026-06-25
초량동0633,1,부산광역시 동구 홍곡남로53번길 7,부산광역시 동구 초량동 754-106,35.125403,129.0351204,,,051-440-4674,부산광역시 동구청,2026-06-25
초량동0634,1,부산광역시 동구 망양로 620-3,부산광역시 동구 초량동 754-129,35.1254111,129.0349356,,,051-440-4674,부산광역시 동구청,2026-06-25
초량동0635,1,부산광역시 동구 홍곡남로53번길 10,부산광역시 동구 초량동 754-119,35.1252675,129.03506,,,051-440-4674,부산광역시 동구청,2026-06-25
초량동0636,1,부산광역시 동구 망양로 620-18,부산광역시 동구 초량동 754-221,35.1251736,129.0349873,,,051-440-4674,부산광역시 동구청,2026-06-25
초량동0637,1,부산광역시 동구 망양로 620-12,부산광역시 동구 초량동 754-231,35.1251253,129.0348559,,,051-440-4674,부산광역시 동구청,2026-06-25
초량동0638,1,부산광역시 동구 망양로614번길 1,부산광역시 동구 초량동 754-252,35.1250309,129.0348354,,,051-440-4674,부산광역시 동구청,2026-06-25
초량동0639,1,부산광역시 동구 망양로614번길 3,부산광역시 동구 초량동 754-246,35.1249919,129.0348847,,,051-440-4674,부산광역시 동구청,2026-06-25
초량동0640,1,부산광역시 동구 망양로614번길 5,부산광역시 동구 초량동 754-247,35.1250009,129.0349585,,,051-440-4674,부산광역시 동구청,2026-06-25
초량동0641,1,부산광역시 동구 망양로614번길 2-3,부산광역시 동구 초량동 754-261,35.1248182,129.0348464,,,051-440-4674,부산광역시 동구청,2026-06-25
초량동0642,1,부산광역시 동구 홍곡남로53번길 11,부산광역시 동구 초량동 754-215,35.1251897,129.0351329,,,051-440-4674,부산광역시 동구청,2026-06-25
초량동0643,1,부산광역시 동구 홍곡남로53번길 16,부산광역시 동구 초량동 754-250,35.1250219,129.0351432,,,051-440-4674,부산광역시 동구청,2026-06-25
초량동0644,1,부산광역시 동구 망양로614번길 9,부산광역시 동구 초량동 754-249,35.1248771,129.0350605,,,051-440-4674,부산광역시 동구청,2026-06-25
초량동0645,1,부산광역시 동구 홍곡남로53번길 20,부산광역시 동구 초량동 754-271,35.124835,129.0351619,,,051-440-4674,부산광역시 동구청,2026-06-25
초량동0646,1,부산광역시 동구 홍곡남로53번길 19-3,부산광역시 동구 초량동 754-240,35.1249337,129.0352783,,,051-440-4674,부산광역시 동구청,2026-06-25
초량동0647,1,부산광역시 동구 홍곡남로53번길 19-5,부산광역시 동구 초량동 754-238,35.1249531,129.0353535,,,051-440-4674,부산광역시 동구청,2026-06-25
초량동0648,1,부산광역시 동구 구봉로 63,부산광역시 동구 초량동 754-1264,35.1250596,129.0355485,,,051-440-4674,부산광역시 동구청,2026-06-25
초량동0649,1,부산광역시 동구 구봉로 61-1,부산광역시 동구 초량동 754-1346,35.1249405,129.03569,,,051-440-4674,부산광역시 동구청,2026-06-25
초량동0650,1,부산광역시 동구 홍곡남로53번길 19-7,부산광역시 동구 초량동 754-239,35.1249562,129.0354302,,,051-440-4674,부산광역시 동구청,2026-06-25
초량동0651,1,부산광역시 동구 구봉로 65,부산광역시 동구 초량동 754-1313,35.1250742,129.0354155,,,051-440-4674,부산광역시 동구청,2026-06-25
초량동0652,1,부산광역시 동구 홍곡남로53번길 11-3,부산광역시 동구 초량동 754-101,35.1252192,129.03521,,,051-440-4674,부산광역시 동구청,2026-06-25
초량동0653,1,부산광역시 동구 홍곡남로 51,부산광역시 동구 초량동 754-128,35.1256037,129.0352011,,,051-440-4674,부산광역시 동구청,2026-06-25
초량동0654,1,부산광역시 동구 구봉로 61,부산광역시 동구 초량동 754-1135,35.1248851,129.03578,,,051-440-4674,부산광역시 동구청,2026-06-25
초량동0655,1,부산광역시 동구 홍곡남로53번길 19-6,부산광역시 동구 초량동 754-277,35.1248057,129.0353991,,,051-440-4674,부산광역시 동구청,2026-06-25
초량동0656,1,부산광역시 동구 구봉로59번길 18,부산광역시 동구 초량동 754-272,35.124662,129.0349829,,,051-440-4674,부산광역시 동구청,2026-06-25
초량동0657,1,부산광역시 동구 망양로610번길 13,부산광역시 동구 초량동 754-400,35.124418,129.0353279,,,051-440-4674,부산광역시 동구청,2026-06-25
초량동0658,1,부산광역시 동구 구봉로51번길32,부산광역시 동구 초량동 754-342,35.1244968,129.0351021,,,051-440-4674,부산광역시 동구청,2026-06-25
초량동0659,1,부산광역시 동구 구봉로51번길 13,부산광역시 동구 초량동 754-329,35.1246331,129.035915,,,051-440-4674,부산광역시 동구청,2026-06-25
초량동0660,1,부산광역시 동구 구봉로51번길 22,부산광역시 동구 초량동 754-335,35.1246798,129.0356859,,,051-440-4674,부산광역시 동구청,2026-06-25
초량동0661,1,부산광역시 동구 구봉로51번길 24-1,부산광역시 동구 초량동 754-338,35.1246066,129.0355123,,,051-440-4674,부산광역시 동구청,2026-06-25
초량동0662,1,부산광역시 동구 구봉로51번길 21-5,부산광역시 동구 초량동 754-391,35.1244013,129.0357836,,,051-440-4674,부산광역시 동구청,2026-06-25
초량동0663,1,부산광역시 동구 구봉로 57,부산광역시 동구 초량동 754-1119,35.1247134,129.0361361,,,051-440-4674,부산광역시 동구청,2026-06-25
초량동0664,1,부산광역시 동구 구봉로55번길8,부산광역시 동구 초량동 1180,35.124483,129.0361565,,,051-440-4674,부산광역시 동구청,2026-06-25
초량동0665,1,부산광역시 동구 구봉로51번길 3-4,부산광역시 동구 초량동 754-530,35.1243575,129.036492,,,051-440-4674,부산광역시 동구청,2026-06-25
초량동0666,1,부산광역시 동구 구봉로51번길 3-8,부산광역시 동구 초량동 754-85,35.1243194,129.0363434,,,051-440-4674,부산광역시 동구청,2026-06-25
초량동0667,1,부산광역시 동구 구봉로55번길 10,부산광역시 동구 초량동 754-381,35.1243864,129.0360626,,,051-440-4674,부산광역시 동구청,2026-06-25
초량동0668,1,부산광역시 동구 구봉로55번길 12,부산광역시 동구 초량동 754-380,35.1243221,129.0359879,,,051-440-4674,부산광역시 동구청,2026-06-25
초량동0669,1,부산광역시 동구 구봉로49번길 14-8,부산광역시 동구 초량동 755-4,35.1240285,129.0361987,,,051-440-4674,부산광역시 동구청,2026-06-25
초량동0670,1,부산광역시 동구 구봉로49번길 14,부산광역시 동구 초량동 755-3,35.123956,129.0364354,,,051-440-4674,부산광역시 동구청,2026-06-25
초량동0671,1,부산광역시 동구 망양로610번길 32-7,부산광역시 동구 초량동 757-8,35.1234341,129.0359365,,,051-440-4674,부산광역시 동구청,2026-06-25
초량동0672,1,부산광역시 동구 망양로600번길 7,부산광역시 동구 초량동 754-366,35.1239691,129.03527,,,051-440-4674,부산광역시 동구청,2026-06-25
초량동0673,1,부산광역시 동구 망양로610번길 6-16,부산광역시 동구 초량동 754-363,35.1240199,129.0351914,,,051-440-4674,부산광역시 동구청,2026-06-25
초량동0674,1,부산광역시 동구 망양로610번길 6-2,부산광역시 동구 초량동 754-350,35.1243352,129.0349774,,,051-440-4674,부산광역시 동구청,2026-06-25
초량동0675,1,부산광역시 동구 망양로600번길 5,부산광역시 동구 초량동 754-367,35.1239066,129.035184,,,051-440-4674,부산광역시 동구청,2026-06-25
초량동0676,1,부산광역시 동구 망양로 602,부산광역시 동구 초량동 754-370,35.1238536,129.0349563,,,051-440-4674,부산광역시 동구청,2026-06-25
초량동0677,1,부산광역시 동구 망양로596번길 9-12,부산광역시 동구 초량동 793-245,35.1236077,129.0353661,,,051-440-4674,부산광역시 동구청,2026-06-25
초량동0678,1,부산광역시 동구 망양로 596-4,부산광역시 동구 초량동 793-196,35.1234689,129.0351539,,,051-440-4674,부산광역시 동구청,2026-06-25
초량동0679,1,부산광역시 동구 망양로596번길 9-9,부산광역시 동구 초량동 793-102,35.1234683,129.035302,,,051-440-4674,부산광역시 동구청,2026-06-25
초량동0680,1,부산광역시 동구 망양로600번가길 16-13,부산광역시 동구 초량동 793-95,35.1236317,129.0354708,,,051-440-4674,부산광역시 동구청,2026-06-25
초량동0681,1,부산광역시 동구 망양로600번가길 16-9,부산광역시 동구 초량동 793-93,35.1235187,129.0355231,,,051-440-4674,부산광역시 동구청,2026-06-25
초량동0682,1,부산광역시 동구 망양로594번길 5-5,부산광역시 동구 초량동 793-116,35.123054,129.0352049,,,051-440-4674,부산광역시 동구청,2026-06-25
초량동0683,1,부산광역시 동구 망양로594번길 5-4,부산광역시 동구 초량동 794-353,35.1229493,129.0352242,,,051-440-4674,부산광역시 동구청,2026-06-25
초량동0684,1,부산광역시 동구 망양로594번길 5,부산광역시 동구 초량동 794-185,35.1229845,129.0350383,,,051-440-4674,부산광역시 동구청,2026-06-25
초량동0685,1,부산광역시 동구 망양로594번길 1,부산광역시 동구 초량동 794-190,35.1231112,129.0348915,,,051-440-4674,부산광역시 동구청,2026-06-25
초량동0686,1,부산광역시 동구 망양로594번길 9,부산광역시 동구 초량동 794-384,35.1229122,129.0351373,,,051-440-4674,부산광역시 동구청,2026-06-25
초량동0687,1,부산광역시 동구 망양로594번길 12-2,부산광역시 동구 초량동 794-358,35.1227801,129.035104,,,051-440-4674,부산광역시 동구청,2026-06-25
초량동0688,1,부산광역시 동구 망양로594번길 14,부산광역시 동구 초량동 794-363,35.1226483,129.0351795,,,051-440-4674,부산광역시 동구청,2026-06-25
초량동0689,1,부산광역시 동구 망양로600번가길 30,부산광역시 동구 초량동 793-29,35.1228241,129.0359287,,,051-440-4674,부산광역시 동구청,2026-06-25
초량동0690,1,부산광역시 동구 초량로80번길 71-2,부산광역시 동구 초량동 793-277,35.1227152,129.0358064,,,051-440-4674,부산광역시 동구청,2026-06-25
초량동0691,1,부산광역시 동구 초량로80번길 71-4,부산광역시 동구 초량동 793-30,35.1228421,129.0358248,,,051-440-4674,부산광역시 동구청,2026-06-25
초량동0692,1,부산광역시 동구 초량로80번길 65-4,부산광역시 동구 초량동 793-125,35.1227224,129.0354662,,,051-440-4674,부산광역시 동구청,2026-06-25
초량동0693,1,부산광역시 동구 망양로590번길 9,부산광역시 동구 초량동 794-361,35.122629,129.035075,,,051-440-4674,부산광역시 동구청,2026-06-25
초량동0694,1,부산광역시 동구 망양로 594,부산광역시 동구 초량동 794-2,35.1230162,129.0348661,,,051-440-4674,부산광역시 동구청,2026-06-25
초량동0695,1,부산광역시 동구 망양로588번길 2,부산광역시 동구 초량동 795-111,35.1225303,129.0344749,,,051-440-4674,부산광역시 동구청,2026-06-25
초량동0696,1,부산광역시 동구 망양로588번길 4,부산광역시 동구 초량동 795-110,35.1224693,129.0345628,,,051-440-4674,부산광역시 동구청,2026-06-25
초량동0697,1,부산광역시 동구 망양로588번길 3,부산광역시 동구 초량동 794-372,35.122595,129.0346874,,,051-440-4674,부산광역시 동구청,2026-06-25
초량동0698,1,부산광역시 동구 망양로588번길 8,부산광역시 동구 초량동 795-43,35.1223191,129.0347515,,,051-440-4674,부산광역시 동구청,2026-06-25
초량동0699,1,부산광역시 동구 망양로588번길 6,부산광역시 동구 초량동 795-42,35.1223103,129.0346279,,,051-440-4674,부산광역시 동구청,2026-06-25
초량동0700,1,부산광역시 동구 망양로580번길 5-5,부산광역시 동구 초량동 795-107,35.1223303,129.0344306,,,051-440-4674,부산광역시 동구청,2026-06-25
초량동0701,1,부산광역시 동구 망양로580번길 5-8,부산광역시 동구 초량동 795-108,35.1221753,129.0344191,,,051-440-4674,부산광역시 동구청,2026-06-25
초량동0702,1,부산광역시 동구 망양로580번길 7,부산광역시 동구 초량동 795-40,35.1220359,129.0341587,,,051-440-4674,부산광역시 동구청,2026-06-25
초량동0703,1,부산광역시 동구 망양로588번길 8,부산광역시 동구 초량동 795-45,35.1223191,129.0347515,,,051-440-4674,부산광역시 동구청,2026-06-25
초량동0704,1,부산광역시 동구 망양로580번길 3,부산광역시 동구 초량동 795-33,35.1221328,129.0339995,,,051-440-4674,부산광역시 동구청,2026-06-25
초량동0705,1,부산광역시 동구 망양로580번길 1,부산광역시 동구 초량동 795-32,35.1222181,129.0340086,,,051-440-4674,부산광역시 동구청,2026-06-25
초량동0706,1,부산광역시 동구 망양로580번길 4-6,부산광역시 동구 초량동 827-45,35.1220156,129.0337781,,,051-440-4674,부산광역시 동구청,2026-06-25
초량동0707,1,부산광역시 동구 망양로580번길 9,부산광역시 동구 초량동 795-41,35.1220153,129.0343231,,,051-440-4674,부산광역시 동구청,2026-06-25
초량동0708,1,부산광역시 동구 초량로80번길 43,부산광역시 동구 초량동 795-64,35.1219529,129.034577,,,051-440-4674,부산광역시 동구청,2026-06-25
초량동0709,1,부산광역시 동구 초량로80번길 49-7,부산광역시 동구 초량동 795-109,35.1221697,129.0345683,,,051-440-4674,부산광역시 동구청,2026-06-25
초량동0710,1,부산광역시 동구 초량로80번길 49-9,부산광역시 동구 초량동 795-108,35.1222478,129.0345237,,,051-440-4674,부산광역시 동구청,2026-06-25
초량동0711,1,부산광역시 동구 초량로80번길 32,부산광역시 동구 초량동 827-153,35.1215204,129.0347598,,,051-440-4674,부산광역시 동구청,2026-06-25
초량동0712,1,부산광역시 동구 초량로80번길 30,부산광역시 동구 초량동 827-154,35.1214041,129.0348043,,,051-440-4674,부산광역시 동구청,2026-06-25
초량동0713,1,부산광역시 동구 초량로80번길 28,부산광역시 동구 초량동 827-79,35.121253,129.0348015,,,051-440-4674,부산광역시 동구청,2026-06-25
초량동0714,1,부산광역시 동구 초량로80번길 24,부산광역시 동구 초량동 827-327,35.1211189,129.0347738,,,051-440-4674,부산광역시 동구청,2026-06-25
초량동0715,1,부산광역시 동구 초량로80번길 18,부산광역시 동구 초량동 827-83,35.1208456,129.0345991,,,051-440-4674,부산광역시 동구청,2026-06-25
초량동0716,1,부산광역시 동구 초량로80번길 14,부산광역시 동구 초량동 827-84,35.12074,129.0344943,,,051-440-4674,부산광역시 동구청,2026-06-25
초량동0717,1,부산광역시 동구 초량로80번길 8,부산광역시 동구 초량동 827-88,35.1205526,129.0341642,,,051-440-4674,부산광역시 동구청,2026-06-25
초량동0719,1,부산광역시 동구 초량로80번길,부산광역시 동구 초량동 827-382,35.1203391,129.0342746,,,051-440-4674,부산광역시 동구청,2026-06-25
초량동0720,1,부산광역시 동구 초량로100번길 30,부산광역시 동구 초량동 828-20,35.1202397,129.0336159,,,051-440-4674,부산광역시 동구청,2026-06-25
초량동0721,1,부산광역시 동구 초량로100번길 23,부산광역시 동구 초량동 827-101,35.1203165,129.0332436,,,051-440-4674,부산광역시 동구청,2026-06-25
초량동0722,1,부산광역시 동구 망양로562번길 29,부산광역시 동구 초량동 827-117,35.1202213,129.0330413,,,051-440-4674,부산광역시 동구청,2026-06-25
초량동0723,1,부산광역시 동구 망양로562번길 28,부산광역시 동구 초량동 827-16,35.1201146,129.0328995,,,051-440-4674,부산광역시 동구청,2026-06-25
초량동0724,1,부산광역시 동구 망양로562번길 28-4,부산광역시 동구 초량동 827-28,35.1202465,129.0328462,,,051-440-4674,부산광역시 동구청,2026-06-25
초량동0725,1,부산광역시 동구 망양로562번길 19,부산광역시 동구 초량동 827-212,35.1204648,129.0329315,,,051-440-4674,부산광역시 동구청,2026-06-25
초량동0726,1,부산광역시 동구 망양로562번길 14,부산광역시 동구 초량동 827-209,35.1205966,129.0329195,,,051-440-4674,부산광역시 동구청,2026-06-25
초량동0727,1,부산광역시 동구 초량로108번길 34-3,부산광역시 동구 초량동 827-208,35.1205668,129.0328499,,,051-440-4674,부산광역시 동구청,2026-06-25
초량동0728,1,부산광역시 동구 초량로108번길 33,부산광역시 동구 초량동 827-265,35.1205656,129.0325225,,,051-440-4674,부산광역시 동구청,2026-06-25
초량동0729,1,부산광역시 동구 망양로562번길 13-1,부산광역시 동구 초량동 827-197,35.1206585,129.0330184,,,051-440-4674,부산광역시 동구청,2026-06-25
초량동0730,1,부산광역시 동구 망양로562번길 9,부산광역시 동구 초량동 827-191,35.1207846,129.0328597,,,051-440-4674,부산광역시 동구청,2026-06-25
초량동0731,1,부산광역시 동구 망양로562번길 3,부산광역시 동구 초량동 827-219,35.1209517,129.0326935,,,051-440-4674,부산광역시 동구청,2026-06-25
초량동0732,1,부산광역시 동구 망양로 560-1,부산광역시 동구 초량동 827-286,35.1209206,129.0325325,,,051-440-4674,부산광역시 동구청,2026-06-25
초량동0733,1,부산광역시 동구 초량로100번길 18,부산광역시 동구 초량동 828-71,35.11996,129.0329952,,,051-440-4674,부산광역시 동구청,2026-06-25
초량동0734,1,부산광역시 동구 초량로100번길 14,부산광역시 동구 초량동 828-2,35.1198844,129.0328247,,,051-440-4674,부산광역시 동구청,2026-06-25
초량동0735,1,부산광역시 동구 초량로 96,부산광역시 동구 초량동 828-6,35.119719,129.0324937,,,051-440-4674,부산광역시 동구청,2026-06-25
초량동0736,1,부산광역시 동구 초량로100번길 3-3,부산광역시 동구 초량동 827-124,35.1198994,129.0322594,,,051-440-4674,부산광역시 동구청,2026-06-25
초량동0737,1,부산광역시 동구 초량로 100-3,부산광역시 동구 초량동 827-131,35.1197863,129.0319767,,,051-440-4674,부산광역시 동구청,2026-06-25
초량동0738,1,부산광역시 동구 초량로 106-1,부산광역시 동구 초량동 827-162,35.1195833,129.0314724,,,051-440-4674,부산광역시 동구청,2026-06-25
초량동0739,1,부산광역시 동구 초량로 104-1,부산광역시 동구 초량동 827-142,35.1196362,129.0316251,,,051-440-4674,부산광역시 동구청,2026-06-25
초량동0740,1,부산광역시 동구 초량로 102-2,부산광역시 동구 초량동 827-138,35.119703,129.0317903,,,051-440-4674,부산광역시 동구청,2026-06-25
초량동0741,1,부산광역시 동구 초량로108번길 20,부산광역시 동구 초량동 827-272,35.1200791,129.0323144,,,051-440-4674,부산광역시 동구청,2026-06-25
초량동0742,1,부산광역시 동구 초량로108번길 3-5,부산광역시 동구 초량동 827-177,35.1198843,129.0314136,,,051-440-4674,부산광역시 동구청,2026-06-25
초량동0743,1,부산광역시 동구 초량로108번길 19,부산광역시 동구 초량동 827-265,35.1201572,129.0319498,,,051-440-4674,부산광역시 동구청,2026-06-25
초량동0744,1,부산광역시 동구 초량로108번길 23,부산광역시 동구 초량동 827-265,35.1202607,129.0321023,,,051-440-4674,부산광역시 동구청,2026-06-25
초량동0745,1,부산광역시 동구 초량로108번길 25,부산광역시 동구 초량동 827-265,35.1203631,129.0322552,,,051-440-4674,부산광역시 동구청,2026-06-25
초량동0746,1,부산광역시 동구 초량로108번길 42,부산광역시 동구 초량동 827-265,35.1207424,129.0324142,,,051-440-4674,부산광역시 동구청,2026-06-25
초량동0747,1,부산광역시 동구 초량로108번길 38,부산광역시 동구 초량동 827-204,35.1206901,129.0326716,,,051-440-4674,부산광역시 동구청,2026-06-25
초량동0748,1,부산광역시 동구 초량로108번길 46,부산광역시 동구 초량동 827-265,35.1206387,129.032261,,,051-440-4674,부산광역시 동구청,2026-06-25
초량동0749,1,부산광역시 동구 초량로108번길 29,부산광역시 동구 초량동 827-265,35.1204658,129.0324067,,,051-440-4674,부산광역시 동구청,2026-06-25
초량동0750,1,부산광역시 동구 초량로108번길 50,부산광역시 동구 초량동 827-265,35.1205351,129.0321111,,,051-440-4674,부산광역시 동구청,2026-06-25
초량동0751,1,부산광역시 동구 초량로108번길 52,부산광역시 동구 초량동 827-265,35.1204313,129.0319588,,,051-440-4674,부산광역시 동구청,2026-06-25
초량동0752,1,부산광역시 동구 초량로108번길 56,부산광역시 동구 초량동 827-265,35.1203361,129.0317993,,,051-440-4674,부산광역시 동구청,2026-06-25
초량동0753,1,부산광역시 동구 초량로108번길 62,부산광역시 동구 초량동 827-175,35.120163,129.0314454,,,051-440-4674,부산광역시 동구청,2026-06-25
초량동0754,1,부산광역시 동구 초량로108번길 72,부산광역시 동구 초량동 827-265,35.1199271,129.0311266,,,051-440-4674,부산광역시 동구청,2026-06-25
초량동0755,1,부산광역시 동구 초량로108번길 74,부산광역시 동구 초량동 827-265,35.1198253,129.0309749,,,051-440-4674,부산광역시 동구청,2026-06-25
초량동0756,1,부산광역시 동구 초량로 116-8,부산광역시 동구 초량동 827-186,35.1194983,129.030692,,,051-440-4674,부산광역시 동구청,2026-06-25
초량동0757,1,부산광역시 동구 초량로108번길 79,부산광역시 동구 초량동 827-287,35.1196587,129.0308167,,,051-440-4674,부산광역시 동구청,2026-06-25
초량동0759,1,부산광역시 동구 초량로 116,부산광역시 동구 초량동 827-114,35.1194229,129.0305675,,,051-440-4674,부산광역시 동구청,2026-06-25
초량동0760,1,부산광역시 동구 초량로 118,부산광역시 동구 초량동 840-5,35.11946,129.0302926,,,051-440-4674,부산광역시 동구청,2026-06-25
초량동0761,1,부산광역시 동구 초량로 86-4,부산광역시 동구 초량동 828-27,35.120072,129.0334331,,,051-440-4674,부산광역시 동구청,2026-06-25
초량동0762,1,부산광역시 동구 초량북로15번길 2,부산광역시 동구 초량동 797-14,35.1215445,129.0353302,,,051-440-4674,부산광역시 동구청,2026-06-25
초량동0763,1,부산광역시 동구 초량북로5번길 21,부산광역시 동구 초량동 797-5,35.1214324,129.0351134,,,051-440-4674,부산광역시 동구청,2026-06-25
초량동0764,1,부산광역시 동구 초량북로5번길 13,부산광역시 동구 초량동 798-40,35.1211452,129.0349201,,,051-440-4674,부산광역시 동구청,2026-06-25
초량동0765,1,부산광역시 동구 초량북로 9,부산광역시 동구 초량동 798-25,35.1209205,129.0349764,,,051-440-4674,부산광역시 동구청,2026-06-25
초량동0766,1,부산광역시 동구 초량북로5번길 3-1,부산광역시 동구 초량동 825-43,35.1205854,129.0346485,,,051-440-4674,부산광역시 동구청,2026-06-25
초량동0767,1,부산광역시 동구 초량북로5번길 3-2,부산광역시 동구 초량동 826,35.1206819,129.0345875,,,051-440-4674,부산광역시 동구청,2026-06-25
초량동0768,1,부산광역시 동구 초량북로5번길 3-8,부산광역시 동구 초량동 826-11,35.1205011,129.0343765,,,051-440-4674,부산광역시 동구청,2026-06-25
초량동0769,1,부산광역시 동구 초량로80번길 2-5,부산광역시 동구 초량동 827-87,35.1205143,129.0342509,,,051-440-4674,부산광역시 동구청,2026-06-25
초량동0770,1,부산광역시 동구 초량로80번길 2-7,부산광역시 동구 초량동 827-86,35.1205522,129.034324,,,051-440-4674,부산광역시 동구청,2026-06-25
초량동0771,1,부산광역시 동구 초량북로15번길 8,부산광역시 동구 초량동 796-8,35.1216807,129.0351217,,,051-440-4674,부산광역시 동구청,2026-06-25
초량동0772,1,부산광역시 동구 초량북로15번길 11-7,부산광역시 동구 초량동 827-70,35.1214851,129.034934,,,051-440-4674,부산광역시 동구청,2026-06-25
초량동0774,1,부산광역시 동구 초량북로17번길 15,부산광역시 동구 초량동 796-86,35.1217784,129.0348001,,,051-440-4674,부산광역시 동구청,2026-06-25
초량동0775,1,부산광역시 동구 초량북로17번길 14,부산광역시 동구 초량동 795-75,35.1218377,129.0350214,,,051-440-4674,부산광역시 동구청,2026-06-25
초량동0776,1,부산광역시 동구 초량북로17번길 11,부산광역시 동구 초량동 796-111,35.1217086,129.0350308,,,051-440-4674,부산광역시 동구청,2026-06-25
초량동0777,1,부산광역시 동구 초량북로17번길 12-2,부산광역시 동구 초량동 795-76,35.1219079,129.0351099,,,051-440-4674,부산광역시 동구청,2026-06-25
초량동0778,1,부산광역시 동구 초량북로17번길 10-1,부산광역시 동구 초량동 795-77,35.1217922,129.0351271,,,051-440-4674,부산광역시 동구청,2026-06-25
초량동0779,1,부산광역시 동구 초량북로 16-4,부산광역시 동구 초량동 796-44,35.1212812,129.0355345,,,051-440-4674,부산광역시 동구청,2026-06-25
초량동0780,1,부산광역시 동구 초량북로 6-3,부산광역시 동구 초량동 824-3,35.1206209,129.035011,,,051-440-4674,부산광역시 동구청,2026-06-25
초량동0781,1,부산광역시 동구 초량북로 18-4,부산광역시 동구 초량동 796-34,35.121516,129.0357869,,,051-440-4674,부산광역시 동구청,2026-06-25
초량동0782,1,부산광역시 동구 초량북로 18-9,부산광역시 동구 초량동 796-1,35.121775,129.0359916,,,051-440-4674,부산광역시 동구청,2026-06-25
초량동0783,1,부산광역시 동구 초량북로 21-7,부산광역시 동구 초량동 795-192,35.122135,129.0353284,,,051-440-4674,부산광역시 동구청,2026-06-25
초량동0784,1,부산광역시 동구 초량북로23번길 2,부산광역시 동구 초량동 793-150,35.1220053,129.0357281,,,051-440-4674,부산광역시 동구청,2026-06-25
초량동0785,1,부산광역시 동구 초량북로25번길 5,부산광역시 동구 초량동 793-138,35.1222186,129.0356425,,,051-440-4674,부산광역시 동구청,2026-06-25
초량동0786,1,부산광역시 동구 초량북로25번길 7,부산광역시 동구 초량동 793-137,35.1223242,129.0356067,,,051-440-4674,부산광역시 동구청,2026-06-25
초량동0787,1,부산광역시 동구 초량북로25번길 11,부산광역시 동구 초량동 793-135,35.1223882,129.0355876,,,051-440-4674,부산광역시 동구청,2026-06-25
초량동0788,1,부산광역시 동구 초량북로25번길 10-1,부산광역시 동구 초량동 793-154,35.1224395,129.0357091,,,051-440-4674,부산광역시 동구청,2026-06-25
초량동0789,1,부산광역시 동구 초량북로25번길 10-4,부산광역시 동구 초량동 793-42,35.1224148,129.0358572,,,051-440-4674,부산광역시 동구청,2026-06-25
초량동0790,1,부산광역시 동구 초량북로29번길 10,부산광역시 동구 초량동 787-36,35.1226229,129.0360792,,,051-440-4674,부산광역시 동구청,2026-06-25
초량동0791,1,부산광역시 동구 초량북로25번길 6,부산광역시 동구 초량동 793-140,35.1222402,129.0358003,,,051-440-4674,부산광역시 동구청,2026-06-25
초량동0792,1,부산광역시 동구 초량북로25번길 4,부산광역시 동구 초량동 793-148,35.1221907,129.0358977,,,051-440-4674,부산광역시 동구청,2026-06-25
초량동0793,1,부산광역시 동구 초량북로29번길 1,부산광역시 동구 초량동 793-286,35.1222292,129.0361249,,,051-440-4674,부산광역시 동구청,2026-06-25
초량동0794,1,부산광역시 동구 초량북로 38-4,부산광역시 동구 초량동 779-10,35.122655,129.0370134,,,051-440-4674,부산광역시 동구청,2026-06-25
초량동0795,1,부산광역시 동구 초량북로 38-3,부산광역시 동구 초량동 779-8,35.1226888,129.0370633,,,051-440-4674,부산광역시 동구청,2026-06-25
초량동0796,1,부산광역시 동구 초량북로42번길 6,부산광역시 동구 초량동 768-21,35.1229043,129.0372439,,,051-440-4674,부산광역시 동구청,2026-06-25
초량동0797,1,부산광역시 동구 초량북로42번길 3,부산광역시 동구 초량동 768-44,35.1230363,129.0372675,,,051-440-4674,부산광역시 동구청,2026-06-25
초량동0798,1,부산광역시 동구 초량북로42번길 9,부산광역시 동구 초량동 768-19,35.1230036,129.0373454,,,051-440-4674,부산광역시 동구청,2026-06-25
초량동0799,1,부산광역시 동구 초량북로 39-4,부산광역시 동구 초량동 765,35.1230808,129.0368517,,,051-440-4674,부산광역시 동구청,2026-06-25
초량동0800,1,부산광역시 동구 초량북로 39-7,부산광역시 동구 초량동 784,35.1229269,129.0366397,,,051-440-4674,부산광역시 동구청,2026-06-25
초량동0801,1,부산광역시 동구 초량북로39번길 3,부산광역시 동구 초량동 766-1,35.1230605,129.0369478,,,051-440-4674,부산광역시 동구청,2026-06-25
초량동0802,1,부산광역시 동구 초량북로39번가길 6,부산광역시 동구 초량동 758-22,35.123282,129.0367447,,,051-440-4674,부산광역시 동구청,2026-06-25
초량동0803,1,부산광역시 동구 초량북로39번가길 6-4,부산광역시 동구 초량동 758-17,35.1234041,129.0367389,,,051-440-4674,부산광역시 동구청,2026-06-25
초량동0804,1,부산광역시 동구 초량북로39번가길 6-6,부산광역시 동구 초량동 758-18,35.123456,129.0366745,,,051-440-4674,부산광역시 동구청,2026-06-25
초량동0805,1,부산광역시 동구 초량북로39번가길 6-10,부산광역시 동구 초량동 760-17,35.1235814,129.0365583,,,051-440-4674,부산광역시 동구청,2026-06-25
초량동0806,1,부산광역시 동구 망양로610번길 37,부산광역시 동구 초량동 758-1,35.1234963,129.0362554,,,051-440-4674,부산광역시 동구청,2026-06-25
초량동0807,1,부산광역시 동구 초량북로39번가길 10,부산광역시 동구 초량동 758-26,35.1233963,129.0365415,,,051-440-4674,부산광역시 동구청,2026-06-25
초량동0808,1,부산광역시 동구 초량북로39번가길 11,부산광역시 동구 초량동 758-4,35.1232816,129.0364591,,,051-440-4674,부산광역시 동구청,2026-06-25
초량동0809,1,부산광역시 동구 초량북로39번길 10,부산광역시 동구 초량동 763-1,35.1234104,129.0369252,,,051-440-4674,부산광역시 동구청,2026-06-25
초량동0810,1,부산광역시 동구 초량북로39번길 13,부산광역시 동구 초량동 761-4,35.1235793,129.0368344,,,051-440-4674,부산광역시 동구청,2026-06-25
초량동0812,1,부산광역시 동구 초량북로39번길 17-6,부산광역시 동구 초량동 760-9,35.1236353,129.03675,,,051-440-4674,부산광역시 동구청,2026-06-25
초량동0813,1,부산광역시 동구 초량북로47번길 11,부산광역시 동구 초량동 760-2,35.1238072,129.036892,,,051-440-4674,부산광역시 동구청,2026-06-25
초량동0814,1,부산광역시 동구 초량북로47번길 11-6,부산광역시 동구 초량동 753-12,35.1238634,129.0365671,,,051-440-4674,부산광역시 동구청,2026-06-25
초량동0815,1,부산광역시 동구 초량북로47번길 17,부산광역시 동구 초량동 751-1,35.1240519,129.0368274,,,051-440-4674,부산광역시 동구청,2026-06-25
초량동0816,1,부산광역시 동구 초량북로47번길 7,부산광역시 동구 초량동 749-1,35.1237468,129.0369765,,,051-440-4674,부산광역시 동구청,2026-06-25
초량동0817,1,부산광역시 동구 초량북로39번길 12,부산광역시 동구 초량동 749-4,35.1235264,129.0369664,,,051-440-4674,부산광역시 동구청,2026-06-25
초량동0818,1,부산광역시 동구 초량북로 43-5,부산광역시 동구 초량동 767-13,35.1234054,129.0370007,,,051-440-4674,부산광역시 동구청,2026-06-25
초량동0819,1,부산광역시 동구 초량로40번가길 2-3,부산광역시 동구 초량동 806-40,35.1208201,129.0378914,,,051-440-4674,부산광역시 동구청,2026-06-25
초량동0820,1,부산광역시 동구 초량로40번가길 5,부산광역시 동구 초량동 806-28,35.1208503,129.0377109,,,051-440-4674,부산광역시 동구청,2026-06-25
초량동0821,1,부산광역시 동구 초량로40번가길 11,부산광역시 동구 초량동 806-166,35.1210686,129.0376874,,,051-440-4674,부산광역시 동구청,2026-06-25
초량동0822,1,부산광역시 동구 초량로40번가길 17,부산광역시 동구 초량동 806-53,35.1213685,129.037623,,,051-440-4674,부산광역시 동구청,2026-06-25
초량동0823,1,부산광역시 동구 초량로40번길 14-8,부산광역시 동구 초량동 808-5,35.1210718,129.0375058,,,051-440-4674,부산광역시 동구청,2026-06-25
초량동0824,1,부산광역시 동구 초량로40번길 20-7,부산광역시 동구 초량동 808-11,35.1211127,129.0374032,,,051-440-4674,부산광역시 동구청,2026-06-25
초량동0825,1,부산광역시 동구 초량로40번나길 6,부산광역시 동구 초량동 806-66,35.1206268,129.0371576,,,051-440-4674,부산광역시 동구청,2026-06-25
초량동0826,1,부산광역시 동구 초량로40번나길 9,부산광역시 동구 초량동 806-83,35.1205982,129.0369603,,,051-440-4674,부산광역시 동구청,2026-06-25
초량동0827,1,부산광역시 동구 초량로40번나길 14,부산광역시 동구 초량동 806-120,35.1205384,129.0367709,,,051-440-4674,부산광역시 동구청,2026-06-25
초량동0828,1,부산광역시 동구 초량로40번나길 14-4,부산광역시 동구 초량동 806-187,35.1206348,129.0367118,,,051-440-4674,부산광역시 동구청,2026-06-25
초량동0829,1,부산광역시 동구 초량로60번길 13-8,부산광역시 동구 초량동 806-118,35.1204564,129.0365749,,,051-440-4674,부산광역시 동구청,2026-06-25
초량동0830,1,부산광역시 동구 초량로60번길 13-6,부산광역시 동구 초량동 811-78,35.1203579,129.0365913,,,051-440-4674,부산광역시 동구청,2026-06-25
초량동0831,1,부산광역시 동구 초량로60번길 15,부산광역시 동구 초량동 811-1,35.1203047,129.0367062,,,051-440-4674,부산광역시 동구청,2026-06-25
초량동0832,1,부산광역시 동구 초량로40번나길 10-1,부산광역시 동구 초량동 806-107,35.1206901,129.0368766,,,051-440-4674,부산광역시 동구청,2026-06-25
초량동0833,1,부산광역시 동구 초량로 44-3,부산광역시 동구 초량동 811-62,35.1203615,129.0376386,,,051-440-4674,부산광역시 동구청,2026-06-25
초량동0835,1,부산광역시 동구 초량로60번길 11-6,부산광역시 동구 초량동 815-17,35.1201948,129.0363783,,,051-440-4674,부산광역시 동구청,2026-06-25
초량동0836,1,부산광역시 동구 초량로60번길 7-6,부산광역시 동구 초량동 815-11,35.1201141,129.0362658,,,051-440-4674,부산광역시 동구청,2026-06-25
초량동0837,1,부산광역시 동구 초량로60번길 5-4,부산광역시 동구 초량동 815-26,35.1200341,129.0361992,,,051-440-4674,부산광역시 동구청,2026-06-25
초량동0838,1,부산광역시 동구 초량로 66-8,부산광역시 동구 초량동 814-29,35.1199228,129.0359341,,,051-440-4674,부산광역시 동구청,2026-06-25
초량동0839,1,부산광역시 동구 초량로 66-10,부산광역시 동구 초량동 814-28,35.1198966,129.0359927,,,051-440-4674,부산광역시 동구청,2026-06-25
초량동0840,1,부산광역시 동구 초량로68번길 2-5,부산광역시 동구 초량동 814-18,35.1201033,129.0354872,,,051-440-4674,부산광역시 동구청,2026-06-25
초량동0841,1,부산광역시 동구 초량로68번길 2,부산광역시 동구 초량동 814-10,35.1200268,129.0354572,,,051-440-4674,부산광역시 동구청,2026-06-25
초량동0842,1,부산광역시 동구 초량로68번길 5,부산광역시 동구 초량동 814-14,35.1201452,129.0353769,,,051-440-4674,부산광역시 동구청,2026-06-25
초량동0843,1,부산광역시 동구 초량로68번길 7 앞 통신주,부산광역시 동구 초량동 814-54,35.1202362,129.0353666,,,051-440-4674,부산광역시 동구청,2026-06-25
초량동0844,1,부산광역시 동구 초량로68번길 10,부산광역시 동구 초량동 813-10,35.1203042,129.0354376,,,051-440-4674,부산광역시 동구청,2026-06-25
초량동0845,1,부산광역시 동구 초량로 72-1,부산광역시 동구 초량동 824-54,35.1201712,129.0347691,,,051-440-4674,부산광역시 동구청,2026-06-25
초량동0846,1,부산광역시 동구 초량로 72-16,부산광역시 동구 초량동 824-235,35.1203759,129.0349842,,,051-440-4674,부산광역시 동구청,2026-06-25
초량동0847,1,부산광역시 동구 초량상로79번길 28-9,부산광역시 동구 초량동 931-9,35.1196913,129.0371849,,,051-440-4674,부산광역시 동구청,2026-06-25
초량동0848,1,부산광역시 동구 초량상로79번길 8-6,부산광역시 동구 초량동 937-47,35.1190574,129.0381224,,,051-440-4674,부산광역시 동구청,2026-06-25
초량동0849,1,부산광역시 동구 초량상로79번길 8-22,부산광역시 동구 초량동 937-6,35.1193569,129.0380053,,,051-440-4674,부산광역시 동구청,2026-06-25
초량동0850,1,부산광역시 동구 초량로45번길 17,부산광역시 동구 초량동 939,35.119411,129.037495,,,051-440-4674,부산광역시 동구청,2026-06-25
초량동0852,1,부산광역시 동구 초량상로79번길 34-7,부산광역시 동구 초량동 931-1,35.1196494,129.0368906,,,051-440-4674,부산광역시 동구청,2026-06-25
초량동0853,1,부산광역시 동구 초량상로89번길 37-1,부산광역시 동구 초량동 1123-1,35.1196749,129.0367676,,,051-440-4674,부산광역시 동구청,2026-06-25
초량동0854,1,부산광역시 동구 초량상로89번길 31,부산광역시 동구 초량동 1123-1,35.1197433,129.0370489,,,051-440-4674,부산광역시 동구청,2026-06-25
초량동0855,1,부산광역시 동구 초량로45번길 6,부산광역시 동구 초량동 811-38,35.1199598,129.0375435,,,051-440-4674,부산광역시 동구청,2026-06-25
초량동0856,1,부산광역시 동구 초량로 43-6,부산광역시 동구 초량동 811-26,35.1200981,129.0379424,,,051-440-4674,부산광역시 동구청,2026-06-25
초량동0857,1,부산광역시 동구 초량로 43-14,부산광역시 동구 초량동 811-92,35.119944,129.0382619,,,051-440-4674,부산광역시 동구청,2026-06-25
초량동0858,1,부산광역시 동구 초량로 35-5,부산광역시 동구 초량동 281-19,35.1200226,129.038384,,,051-440-4674,부산광역시 동구청,2026-06-25
초량동0859,1,부산광역시 동구 초량상로89번길 3-4,부산광역시 동구 초량동 937-53,35.1196124,129.0384045,,,051-440-4674,부산광역시 동구청,2026-06-25
초량동0860,1,부산광역시 동구 초량상로89번길 8,부산광역시 동구 초량동 811-95,35.1198489,129.0383995,,,051-440-4674,부산광역시 동구청,2026-06-25
초량동0861,1,부산광역시 동구 초량상로89번길 9-6,부산광역시 동구 초량동 935-5,35.1196618,129.0380579,,,051-440-4674,부산광역시 동구청,2026-06-25
초량동0862,1,부산광역시 동구 초량상로89번길 9-14,부산광역시 동구 초량동 936-5,35.1194119,129.0380254,,,051-440-4674,부산광역시 동구청,2026-06-25
초량동0863,1,부산광역시 동구 초량상로89번길 12,부산광역시 동구 초량동 811-22,35.1199507,129.0381258,,,051-440-4674,부산광역시 동구청,2026-06-25
초량동0864,1,부산광역시 동구 초량상로89번길 17-7,부산광역시 동구 초량동 933-6,35.1195366,129.0378756,,,051-440-4674,부산광역시 동구청,2026-06-25
초량동0865,1,부산광역시 동구 초량로45번길 6,부산광역시 동구 초량동 811-38,35.1199598,129.0375435,,,051-440-4674,부산광역시 동구청,2026-06-25
초량동0866,1,부산광역시 동구 초량상로 83-2,부산광역시 동구 초량동 286-4,35.11924,129.0383587,,,051-440-4674,부산광역시 동구청,2026-06-25
초량동0867,1,부산광역시 동구 초량중로 67,부산광역시 동구 초량동 296-3,35.1179345,129.0382389,,,051-440-4674,부산광역시 동구청,2026-06-25
초량동0868,1,부산광역시 동구 초량상로 76-6,부산광역시 동구 초량동 295-22,35.1183317,129.0383267,,,051-440-4674,부산광역시 동구청,2026-06-25
초량동0869,1,부산광역시 동구 초량상로 76-5,부산광역시 동구 초량동 295-5,35.1184611,129.0383834,,,051-440-4674,부산광역시 동구청,2026-06-25
초량동0870,1,부산광역시 동구 중앙대로231번길 49,부산광역시 동구 초량동 295-8,35.1186078,129.0384894,,,051-440-4674,부산광역시 동구청,2026-06-25
초량동0871,1,부산광역시 동구 중앙대로231번길 41-1,부산광역시 동구 초량동 294-5,35.1184786,129.0388467,,,051-440-4674,부산광역시 동구청,2026-06-25
초량동0872,1,부산광역시 동구 중앙대로231번길 45,부산광역시 동구 초량동 295-6,35.1185473,129.0386864,,,051-440-4674,부산광역시 동구청,2026-06-25
초량동0873,1,부산광역시 동구 중앙대로 221,부산광역시 동구 초량동 375,35.1170684,129.040384,,,051-440-4674,부산광역시 동구청,2026-06-25
초량동0874,1,부산광역시 동구 중앙대로221번가길 5,부산광역시 동구 초량동 384-4,35.1171376,129.0402117,,,051-440-4674,부산광역시 동구청,2026-06-25
초량동0875,1,부산광역시 동구 중앙대로221번길 14-10,부산광역시 동구 초량동 370-6,35.117356,129.0400787,,,051-440-4674,부산광역시 동구청,2026-06-25
초량동0876,1,부산광역시 동구 중앙대로 225,부산광역시 동구 초량동 363-2,35.117323,129.0405986,,,051-440-4674,부산광역시 동구청,2026-06-25
초량동0877,1,부산광역시 동구 중앙대로229번길 18,부산광역시 동구 초량동 370-4,35.1174115,129.0402426,,,051-440-4674,부산광역시 동구청,2026-06-25
초량동0878,1,부산광역시 동구 중앙대로221번길 13,부산광역시 동구 초량동 392-3,35.1170648,129.0395619,,,051-440-4674,부산광역시 동구청,2026-06-25
초량동0879,1,부산광역시 동구 중앙대로 227,부산광역시 동구 초량동 360,35.1174598,129.0406918,,,051-440-4674,부산광역시 동구청,2026-06-25
초량동0880,1,부산광역시 동구 중앙대로231번길 3,부산광역시 동구 초량동 357-3,35.1177986,129.0407879,,,051-440-4674,부산광역시 동구청,2026-06-25
초량동0881,1,부산광역시 동구 중앙대로229번길9,부산광역시 동구 초량동 367,35.1176456,129.0403875,,,051-440-4674,부산광역시 동구청,2026-06-25
초량동0882,1,부산광역시 동구 중앙대로229번길 12-4,부산광역시 동구 초량동 339,35.1178491,129.0401832,,,051-440-4674,부산광역시 동구청,2026-06-25
초량동0883,1,부산광역시 동구 중앙대로229번길 12-10,부산광역시 동구 초량동 334-1,35.1179397,129.0400136,,,051-440-4674,부산광역시 동구청,2026-06-25
초량동0884,1,부산광역시 동구 중앙대로221번길 22,부산광역시 동구 초량동 411-4,35.1173445,129.0393606,,,051-440-4674,부산광역시 동구청,2026-06-25
초량동0885,1,부산광역시 동구 초량로13번길 38-5,부산광역시 동구 초량동 317,35.1175767,129.0393102,,,051-440-4674,부산광역시 동구청,2026-06-25
초량동0886,1,부산광역시 동구 초량중로68번길 16,부산광역시 동구 초량동 314,35.117754,129.0394282,,,051-440-4674,부산광역시 동구청,2026-06-25
초량동0887,1,부산광역시 동구 초량중로68번길 7,부산광역시 동구 초량동 303,35.1178501,129.0390633,,,051-440-4674,부산광역시 동구청,2026-06-25
초량동0888,1,부산광역시 동구 초량중로68번길 6,부산광역시 동구 초량동 414-2,35.117689,129.0390555,,,051-440-4674,부산광역시 동구청,2026-06-25
초량동0889,1,부산광역시 동구 초량중로68번길 13,부산광역시 동구 초량동 309-1,35.1178821,129.0394625,,,051-440-4674,부산광역시 동구청,2026-06-25
초량동0890,1,부산광역시 동구 초량로13번길 34,부산광역시 동구 초량동 318,35.117676,129.0394522,,,051-440-4674,부산광역시 동구청,2026-06-25
초량동0891,1,부산광역시 동구 중앙대로231번길 17,부산광역시 동구 초량동 216-2,35.1180559,129.0400173,,,051-440-4674,부산광역시 동구청,2026-06-25
초량동0892,1,부산광역시 동구 중앙대로229번길 10-1,부산광역시 동구 초량동 340,35.1177805,129.0402583,,,051-440-4674,부산광역시 동구청,2026-06-25
초량동0893,1,부산광역시 동구 중앙대로231번길 11,부산광역시 동구 초량동 337-3,35.1179637,129.0403193,,,051-440-4674,부산광역시 동구청,2026-06-25
초량동0894,1,부산광역시 동구 중앙대로229번길 10-2,부산광역시 동구 초량동 350,35.11782,129.0404021,,,051-440-4674,부산광역시 동구청,2026-06-25
초량동0895,1,부산광역시 동구 중앙대로221번길 30-4,부산광역시 동구 초량동 411-10,35.1175971,129.0391465,,,051-440-4674,부산광역시 동구청,2026-06-25
초량동0896,1,부산광역시 동구 중앙대로231번길 29,부산광역시 동구 초량동 232-5,35.1182641,129.0394086,,,051-440-4674,부산광역시 동구청,2026-06-25
초량동0897,1,부산광역시 동구 초량중로80번길 14,부산광역시 동구 초량동 238-8,35.1185851,129.0398913,,,051-440-4674,부산광역시 동구청,2026-06-25
초량동0898,1,부산광역시 동구 초량중로80번길 12,부산광역시 동구 초량동 238-6,35.1186246,129.039737,,,051-440-4674,부산광역시 동구청,2026-06-25
초량동0899,1,부산광역시 동구 초량중로80번길 10,부산광역시 동구 초량동 239-1,35.1186964,129.0397162,,,051-440-4674,부산광역시 동구청,2026-06-25
초량동0900,1,부산광역시 동구 초량중로80번길 8-4,부산광역시 동구 초량동 238-11,35.1186513,129.0395723,,,051-440-4674,부산광역시 동구청,2026-06-25
초량동0901,1,부산광역시 동구 초량중로80번길 8-7,부산광역시 동구 초량동 238-4,35.1185506,129.0396049,,,051-440-4674,부산광역시 동구청,2026-06-25
초량동0902,1,부산광역시 동구 초량중로80번길 8-6,부산광역시 동구 초량동 238-10,35.1186296,129.0395984,,,051-440-4674,부산광역시 동구청,2026-06-25
초량동0903,1,부산광역시 동구 초량중로80번길 3,부산광역시 동구 초량동 197-30,35.1188692,129.0394619,,,051-440-4674,부산광역시 동구청,2026-06-25
초량동0904,1,부산광역시 동구 초량중로 82,부산광역시 동구 초량동 248-1,35.1188751,129.0393743,,,051-440-4674,부산광역시 동구청,2026-06-25
초량동0906,1,부산광역시 동구 초량로 15-6,부산광역시 동구 초량동 197-27,35.1190983,129.0398025,,,051-440-4674,부산광역시 동구청,2026-06-25
초량동0907,1,부산광역시 동구 초량로 17-6,부산광역시 동구 초량동 197-26,35.1192115,129.0396325,,,051-440-4674,부산광역시 동구청,2026-06-25
초량동0908,1,부산광역시 동구 초량로 17-5,부산광역시 동구 초량동 197-35,35.119181,129.0397447,,,051-440-4674,부산광역시 동구청,2026-06-25
초량동0909,1,부산광역시 동구 초량로 17-1,부산광역시 동구 초량동 197-10,35.1193067,129.0399187,,,051-440-4674,부산광역시 동구청,2026-06-25
초량동0910,1,부산광역시 동구 초량중로 83-3,부산광역시 동구 초량동 264-3,35.1192876,129.0392821,,,051-440-4674,부산광역시 동구청,2026-06-25
초량동0911,1,부산광역시 동구 초량중로77번길 9,부산광역시 동구 초량동 289,35.1190339,129.0388383,,,051-440-4674,부산광역시 동구청,2026-06-25
초량동0912,1,부산광역시 동구 초량상로 82-1,부산광역시 동구 초량동 287-11,35.1190415,129.0385998,,,051-440-4674,부산광역시 동구청,2026-06-25
초량동0914,1,부산광역시 동구 초량중로77번길 16,부산광역시 동구 초량동 259,35.1193023,129.0388662,,,051-440-4674,부산광역시 동구청,2026-06-25
초량동0915,1,부산광역시 동구 초량로 23-2,부산광역시 동구 초량동 197-1,35.1197646,129.0395349,,,051-440-4674,부산광역시 동구청,2026-06-25
초량동0916,1,부산광역시 동구 초량로25번길 6,부산광역시 동구 초량동 278-1,35.1198322,129.0392574,,,051-440-4674,부산광역시 동구청,2026-06-25
초량동0917,1,부산광역시 동구 초량상로 92-1,부산광역시 동구 초량동 283-1,35.1196862,129.0390841,,,051-440-4674,부산광역시 동구청,2026-06-25
초량동0918,1,부산광역시 동구 초량로25번길 11,부산광역시 동구 초량동 262-10,35.1194904,129.0391464,,,051-440-4674,부산광역시 동구청,2026-06-25
초량동0919,1,부산광역시 동구 초량로25번길 16,부산광역시 동구 초량동 261,35.1194245,129.0389597,,,051-440-4674,부산광역시 동구청,2026-06-25
초량동0920,1,부산광역시 동구 초량로25번길 13-6,부산광역시 동구 초량동 262-20,35.1193331,129.0391149,,,051-440-4674,부산광역시 동구청,2026-06-25
초량동0921,1,부산광역시 동구 중앙대로 241,부산광역시 동구 초량동 173-2,35.1185694,129.0412182,,,051-440-4674,부산광역시 동구청,2026-06-25
초량동0922,1,부산광역시 동구 중앙대로241번길 9,부산광역시 동구 초량동 176-2,35.1189078,129.0409662,,,051-440-4674,부산광역시 동구청,2026-06-25
초량동0923,1,부산광역시 동구 중앙대로 243-3,부산광역시 동구 초량동 171-8,35.1188987,129.0413052,,,051-440-4674,부산광역시 동구청,2026-06-25
초량동0924,1,부산광역시 동구 중앙대로241번길 16,부산광역시 동구 초량동 1079,35.119087,129.0411191,,,051-440-4674,부산광역시 동구청,2026-06-25
초량동0925,1,부산광역시 동구 중앙대로241번길 17,부산광역시 동구 초량동 169-1,35.1192417,129.0409299,,,051-440-4674,부산광역시 동구청,2026-06-25
초량동0926,1,부산광역시 동구 중앙대로241번길 18,부산광역시 동구 초량동 171-14,35.119218,129.0411845,,,051-440-4674,부산광역시 동구청,2026-06-25
초량동0927,1,부산광역시 동구 중앙대로251번길 13,부산광역시 동구 초량동 168-3,35.1194307,129.0409688,,,051-440-4674,부산광역시 동구청,2026-06-25
초량동0928,1,부산광역시 동구 중앙대로 243-10,부산광역시 동구 초량동 172-6,35.1191743,129.04147,,,051-440-4674,부산광역시 동구청,2026-06-25
초량동0929,1,부산광역시 동구 중앙대로 243-7,부산광역시 동구 초량동 171-7,35.118984,129.0412932,,,051-440-4674,부산광역시 동구청,2026-06-25
초량동0930,1,부산광역시 동구 초량로10번길 6,부산광역시 동구 초량동 178-10,35.118899,129.0408098,,,051-440-4674,부산광역시 동구청,2026-06-25
초량동0931,1,부산광역시 동구 초량로10번길 10,부산광역시 동구 초량동 176-6,35.1190144,129.0408848,,,051-440-4674,부산광역시 동구청,2026-06-25
초량동0932,1,부산광역시 동구 초량로10번길 13,부산광역시 동구 초량동 178-1,35.1192513,129.0408018,,,051-440-4674,부산광역시 동구청,2026-06-25
초량동0933,1,부산광역시 동구 초량로14번길 7,부산광역시 동구 초량동 194-2,35.1192754,129.0405447,,,051-440-4674,부산광역시 동구청,2026-06-25
초량동0934,1,부산광역시 동구 초량로14번길 12,부산광역시 동구 초량동 182,35.1194646,129.0406797,,,051-440-4674,부산광역시 동구청,2026-06-25
초량동0935,1,부산광역시 동구 초량로14번길 14,부산광역시 동구 초량동 185,35.1195507,129.040679,,,051-440-4674,부산광역시 동구청,2026-06-25
초량동0936,1,부산광역시 동구 초량로14번길 3,부산광역시 동구 초량동 195-4,35.1191483,129.0405187,,,051-440-4674,부산광역시 동구청,2026-06-25
초량동0937,1,부산광역시 동구 초량로16번길 9,부산광역시 동구 초량동 146-8,35.1194955,129.0403416,,,051-440-4674,부산광역시 동구청,2026-06-25
초량동0938,1,부산광역시 동구 고관로 7,부산광역시 동구 초량동 48-1,35.120303,129.0414683,,,051-440-4674,부산광역시 동구청,2026-06-25
초량동0939,1,부산광역시 동구 고관로7번길 12,부산광역시 동구 초량동 50-1,35.1205939,129.0410592,,,051-440-4674,부산광역시 동구청,2026-06-25
초량동0940,1,부산광역시 동구 고관로13번길 15-11,부산광역시 동구 초량동 50-15,35.1208174,129.0410922,,,051-440-4674,부산광역시 동구청,2026-06-25
초량동0941,1,부산광역시 동구 고관로13번길 15-13,부산광역시 동구 초량동 50-14,35.120849,129.0409838,,,051-440-4674,부산광역시 동구청,2026-06-25
초량동0942,1,부산광역시 동구 고관로13번길 3,부산광역시 동구 초량동 46-6,35.1207946,129.0417113,,,051-440-4674,부산광역시 동구청,2026-06-25
초량동0943,1,부산광역시 동구 고관로13번길 5-18,부산광역시 동구 초량동 52-1,35.1207392,129.0414908,,,051-440-4674,부산광역시 동구청,2026-06-25
초량동0944,1,부산광역시 동구 고관로13번길 5-16,부산광역시 동구 초량동 54-2,35.1207041,129.041365,,,051-440-4674,부산광역시 동구청,2026-06-25
초량동0945,1,부산광역시 동구 고관로7번길 16,부산광역시 동구 초량동 50-40,35.1205379,129.0407843,,,051-440-4674,부산광역시 동구청,2026-06-25
초량동0946,1,부산광역시 동구 고관로7번길 20,부산광역시 동구 초량동 50-47,35.1204273,129.040664,,,051-440-4674,부산광역시 동구청,2026-06-25
초량동0947,1,부산광역시 동구 고관로7번길24,부산광역시 동구 초량동 50-44,35.1202928,129.0405097,,,051-440-4674,부산광역시 동구청,2026-06-25
초량동0948,1,부산광역시 동구 고관로7번길 28,부산광역시 동구 초량동 142-9,35.120211,129.0403528,,,051-440-4674,부산광역시 동구청,2026-06-25
초량동0949,1,부산광역시 동구 고관로7번길 28-4,부산광역시 동구 초량동 142-13,35.120157,129.0401563,,,051-440-4674,부산광역시 동구청,2026-06-25
초량동0950,1,부산광역시 동구 초량중로 98-5,부산광역시 동구 초량동 141-3,35.1203894,129.0403888,,,051-440-4674,부산광역시 동구청,2026-06-25
초량동0951,1,부산광역시 동구 중앙대로251번길 25,부산광역시 동구 초량동 147-2,35.1197017,129.040459,,,051-440-4674,부산광역시 동구청,2026-06-25
초량동0952,1,부산광역시 동구 초량중로 100-3,부산광역시 동구 초량동 140-12,35.1205908,129.0403658,,,051-440-4674,부산광역시 동구청,2026-06-25
초량동0953,1,부산광역시 동구 초량중로 100-7,부산광역시 동구 초량동 140-11,35.1205392,129.0404362,,,051-440-4674,부산광역시 동구청,2026-06-25
초량동0954,1,부산광역시 동구 초량중로 102-3,부산광역시 동구 초량동 139-14,35.1206504,129.0404582,,,051-440-4674,부산광역시 동구청,2026-06-25
초량동0955,1,부산광역시 동구 초량중로 102-7,부산광역시 동구 초량동 139-12,35.1205984,129.0405688,,,051-440-4674,부산광역시 동구청,2026-06-25
초량동0956,1,부산광역시 동구 초량중로 102-12,부산광역시 동구 초량동 139-1,35.1207172,129.0406605,,,051-440-4674,부산광역시 동구청,2026-06-25
초량동0957,1,부산광역시 동구 초량중로 102-11,부산광역시 동구 초량동 139-8,35.1206578,129.0406084,,,051-440-4674,부산광역시 동구청,2026-06-25
초량동0958,1,부산광역시 동구 초량중로 104-3,부산광역시 동구 초량동 65-14,35.120931,129.0404513,,,051-440-4674,부산광역시 동구청,2026-06-25
초량동0959,1,부산광역시 동구 초량중로 104-4,부산광역시 동구 초량동 138-1,35.1208198,129.0405719,,,051-440-4674,부산광역시 동구청,2026-06-25
초량동0960,1,부산광역시 동구 초량중로 103,부산광역시 동구 초량동 110-25,35.1208899,129.0401073,,,051-440-4674,부산광역시 동구청,2026-06-25
초량동0961,1,부산광역시 동구 초량중로103번길 6,부산광역시 동구 초량동 106-4,35.1211437,129.0401298,,,051-440-4674,부산광역시 동구청,2026-06-25
초량동0962,1,부산광역시 동구 초량중로103번길 5-4,부산광역시 동구 초량동 110-22,35.1212149,129.0399518,,,051-440-4674,부산광역시 동구청,2026-06-25
초량동0963,1,부산광역시 동구 초량상로 112,부산광역시 동구 초량동 110-1,35.1213231,129.0397958,,,051-440-4674,부산광역시 동구청,2026-06-25
초량동0964,1,부산광역시 동구 초량중로 101-3,부산광역시 동구 초량동 136-4,35.120702,129.0399622,,,051-440-4674,부산광역시 동구청,2026-06-25
초량동0965,1,부산광역시 동구 초량중로 99-4,부산광역시 동구 초량동 135-36,35.1206356,129.0398887,,,051-440-4674,부산광역시 동구청,2026-06-25
초량동0966,1,부산광역시 동구 초량중로 97-4,부산광역시 동구 초량동 135-19,35.1204405,129.0399383,,,051-440-4674,부산광역시 동구청,2026-06-25
초량동0967,1,부산광역시 동구 초량중로93번길 7,부산광역시 동구 초량동 134-1,35.1203378,129.039589,,,051-440-4674,부산광역시 동구청,2026-06-25
초량동0968,1,부산광역시 동구 초량상로 102,부산광역시 동구 초량동 132-1,35.1206704,129.0394139,,,051-440-4674,부산광역시 동구청,2026-06-25
초량동0969,1,부산광역시 동구 초량중로93번길 14-13,부산광역시 동구 초량동 135-25,35.1208766,129.0398968,,,051-440-4674,부산광역시 동구청,2026-06-25
초량동0970,1,부산광역시 동구 중앙대로251번길 48,부산광역시 동구 초량동 134-21,35.1202747,129.0393724,,,051-440-4674,부산광역시 동구청,2026-06-25
초량동0971,1,부산광역시 동구 초량상로105번길 11,부산광역시 동구 초량동 127-14,35.1211141,129.0388493,,,051-440-4674,부산광역시 동구청,2026-06-25
초량동0972,1,부산광역시 동구 초량상로103번길 6,부산광역시 동구 초량동 129-9,35.1209451,129.0391364,,,051-440-4674,부산광역시 동구청,2026-06-25
초량동0973,1,부산광역시 동구 초량상로103번길 5,부산광역시 동구 초량동 129-18,35.1208436,129.0390701,,,051-440-4674,부산광역시 동구청,2026-06-25
초량동0974,1,부산광역시 동구 초량상로 103,부산광역시 동구 초량동 129-7,35.1209291,129.0392878,,,051-440-4674,부산광역시 동구청,2026-06-25
초량동0976,1,부산광역시 동구 초량상로105번길 10-9,부산광역시 동구 초량동 122-34,35.1212916,129.0390162,,,051-440-4674,부산광역시 동구청,2026-06-25
초량동0977,1,부산광역시 동구 고관로13번길 53-5,부산광역시 동구 초량동 110-43,35.1214187,129.0391678,,,051-440-4674,부산광역시 동구청,2026-06-25
초량동0978,1,부산광역시 동구 홍곡로13번길 4,부산광역시 동구 초량동 666-14,35.1214673,129.0384656,,,051-440-4674,부산광역시 동구청,2026-06-25
초량동0979,1,부산광역시 동구 구봉로 10-1,부산광역시 동구 초량동 669-2,35.1214205,129.0381486,,,051-440-4674,부산광역시 동구청,2026-06-25
초량동0980,1,부산광역시 동구 홍곡로13번길 3-5,부산광역시 동구 초량동 668-6,35.1212354,129.0383053,,,051-440-4674,부산광역시 동구청,2026-06-25
초량동0981,1,부산광역시 동구 홍곡로13번길 16,부산광역시 동구 초량동 664-25,35.1218232,129.0382042,,,051-440-4674,부산광역시 동구청,2026-06-25
초량동0982,1,부산광역시 동구 고관로13번길 71,부산광역시 동구 초량동 664-10,35.1219591,129.038279,,,051-440-4674,부산광역시 동구청,2026-06-25
초량동0983,1,부산광역시 동구 홍곡로 9,부산광역시 동구 초량동 668-12,35.12097,129.0385661,,,051-440-4674,부산광역시 동구청,2026-06-25
초량동0984,1,부산광역시 동구 홍곡로 7,부산광역시 동구 초량동 667-7,35.1207441,129.0386234,,,051-440-4674,부산광역시 동구청,2026-06-25
초량동0985,1,부산광역시 동구 고관로13번길 74-7,부산광역시 동구 초량동 664-2,35.1221979,129.0385112,,,051-440-4674,부산광역시 동구청,2026-06-25
초량동0986,1,부산광역시 동구 홍곡로29번나길 6,부산광역시 동구 초량동 674,35.1222821,129.0382089,,,051-440-4674,부산광역시 동구청,2026-06-25
초량동0987,1,부산광역시 동구 홍곡로29번나길 4,부산광역시 동구 초량동 677,35.1224079,129.0382289,,,051-440-4674,부산광역시 동구청,2026-06-25
초량동0988,1,부산광역시 동구 홍곡로29번나길 3-2,부산광역시 동구 초량동 660-9,35.1224113,129.0383825,,,051-440-4674,부산광역시 동구청,2026-06-25
초량동0989,1,부산광역시 동구 홍곡로29번길 20,부산광역시 동구 초량동 684-2,35.1226116,129.0383412,,,051-440-4674,부산광역시 동구청,2026-06-25
초량동0990,1,부산광역시 동구 홍곡로29번길 23-2,부산광역시 동구 초량동 679-4,35.1225458,129.0380666,,,051-440-4674,부산광역시 동구청,2026-06-25
초량동0991,1,부산광역시 동구 홍곡로29번길 26,부산광역시 동구 초량동 682-4,35.1227124,129.0382146,,,051-440-4674,부산광역시 동구청,2026-06-25
초량동0992,1,부산광역시 동구 홍곡로29번길 20-4,부산광역시 동구 초량동 685-22,35.1227461,129.0384446,,,051-440-4674,부산광역시 동구청,2026-06-25
초량동0993,1,부산광역시 동구 홍곡로29번길 20-8,부산광역시 동구 초량동 686-6,35.1229263,129.0383975,,,051-440-4674,부산광역시 동구청,2026-06-25
초량동0994,1,부산광역시 동구 홍곡로23번길 17,부산광역시 동구 초량동 685-19,35.1228067,129.0385597,,,051-440-4674,부산광역시 동구청,2026-06-25
초량동0995,1,부산광역시 동구 홍곡로23번길 22,부산광역시 동구 초량동 707-2,35.1230342,129.038617,,,051-440-4674,부산광역시 동구청,2026-06-25
초량동0996,1,부산광역시 동구 홍곡로23번길 22-3,부산광역시 동구 초량동 707-8,35.1231537,129.0386472,,,051-440-4674,부산광역시 동구청,2026-06-25
초량동0997,1,부산광역시 동구 홍곡로29번가길7-4,부산광역시 동구 초량동 704-1,35.1230698,129.0388917,,,051-440-4674,부산광역시 동구청,2026-06-25
초량동0998,1,부산광역시 동구 홍곡로29번가길 7-2,부산광역시 동구 초량동 707-15,35.1229658,129.038886,,,051-440-4674,부산광역시 동구청,2026-06-25
초량동0999,1,부산광역시 동구 홍곡로29번가길 8,부산광역시 동구 초량동 710-1,35.1228651,129.0390898,,,051-440-4674,부산광역시 동구청,2026-06-25
초량동1000,1,부산광역시 동구 홍곡로29번가길 9,부산광역시 동구 초량동 706,35.1230041,129.0389992,,,051-440-4674,부산광역시 동구청,2026-06-25
초량동1001,1,부산광역시 동구 홍곡로29번가길 5,부산광역시 동구 초량동 707-14,35.1228909,129.0388641,,,051-440-4674,부산광역시 동구청,2026-06-25
초량동1002,1,부산광역시 동구 홍곡로23번길 25,부산광역시 동구 초량동 687-1,35.123145,129.0383444,,,051-440-4674,부산광역시 동구청,2026-06-25
초량동1003,1,부산광역시 동구 홍곡로23번길 29,부산광역시 동구 초량동 691,35.1233172,129.0382944,,,051-440-4674,부산광역시 동구청,2026-06-25
초량동1004,1,부산광역시 동구 홍곡로29번길 16,부산광역시 동구 초량동 685-23,35.1226413,129.0385572,,,051-440-4674,부산광역시 동구청,2026-06-25
초량동1005,1,부산광역시 동구 고관로29번길 89,부산광역시 동구 초량동 692-7,35.1235108,129.0379708,,,051-440-4674,부산광역시 동구청,2026-06-25
초량동1006,1,부산광역시 동구 구봉로 30-1,부산광역시 동구 초량동 692-33,35.1232317,129.0379817,,,051-440-4674,부산광역시 동구청,2026-06-25
초량동1007,1,부산광역시 동구 구봉로 30-10,부산광역시 동구 초량동 692-38,35.1229072,129.037951,,,051-440-4674,부산광역시 동구청,2026-06-25
초량동1008,1,부산광역시 동구 홍곡로29번길 9,부산광역시 동구 초량동 658-2,35.122592,129.0389425,,,051-440-4674,부산광역시 동구청,2026-06-25
초량동1009,1,부산광역시 동구 홍곡로29번길 8,부산광역시 동구 초량동 711-17,35.1227466,129.0390192,,,051-440-4674,부산광역시 동구청,2026-06-25
초량동1010,1,부산광역시 동구 홍곡로23번길 7,부산광역시 동구 초량동 659,35.1224979,129.0386686,,,051-440-4674,부산광역시 동구청,2026-06-25
초량동1011,1,부산광역시 동구 홍곡로23번길 5,부산광역시 동구 초량동 657-1,35.1223506,129.0387048,,,051-440-4674,부산광역시 동구청,2026-06-25
초량동1012,1,부산광역시 동구 홍곡로23번길 3-5,부산광역시 동구 초량동 652-3,35.1221671,129.0388397,,,051-440-4674,부산광역시 동구청,2026-06-25
초량동1013,1,부산광역시 동구 홍곡로 25-3,부산광역시 동구 초량동 658-14,35.1224128,129.0389986,,,051-440-4674,부산광역시 동구청,2026-06-25
초량동1014,1,부산광역시 동구 고관로29번길 63-4,부산광역시 동구 초량동 711-9,35.1229326,129.0391365,,,051-440-4674,부산광역시 동구청,2026-06-25
초량동1015,1,부산광역시 동구 고관로29번길 47,부산광역시 동구 초량동 638-6,35.1227457,129.0400495,,,051-440-4674,부산광역시 동구청,2026-06-25
초량동1016,1,부산광역시 동구 홍곡로 30-11,부산광역시 동구 초량동 640,35.1226259,129.0399454,,,051-440-4674,부산광역시 동구청,2026-06-25
초량동1017,1,부산광역시 동구 홍곡로 30-8,부산광역시 동구 초량동 647-1,35.1225416,129.0397918,,,051-440-4674,부산광역시 동구청,2026-06-25
초량동1018,1,부산광역시 동구 홍곡로 30-10,부산광역시 동구 초량동 647-9,35.1224642,129.0397867,,,051-440-4674,부산광역시 동구청,2026-06-25
초량동1019,1,부산광역시 동구 홍곡로 30-3,부산광역시 동구 초량동 642,35.1226897,129.0396484,,,051-440-4674,부산광역시 동구청,2026-06-25
초량동1020,1,부산광역시 동구 초량상로 117-5,부산광역시 동구 초량동 648-11,35.12212,129.0396859,,,051-440-4674,부산광역시 동구청,2026-06-25
초량동1021,1,부산광역시 동구 초량상로117-11,부산광역시 동구 초량동 649-1,35.1221741,129.0394841,,,051-440-4674,부산광역시 동구청,2026-06-25
초량동1022,1,부산광역시 동구 초량상로 109,부산광역시 동구 초량동 110-16,35.1213346,129.0394498,,,051-440-4674,부산광역시 동구청,2026-06-25
초량동1024,1,부산광역시 동구 초량상로89번길 8,부산광역시 동구 초량동 1123-1,35.1198489,129.0383995,,,051-440-4674,부산광역시 동구청,2026-06-25
초량동1025,1,부산광역시 동구 초량상로 116-4,부산광역시 동구 초량동 106-16,35.1216443,129.0400341,,,051-440-4674,부산광역시 동구청,2026-06-25
초량동1026,1,부산광역시 동구 초량상로 116-1,부산광역시 동구 초량동 106-19,35.1217701,129.0399938,,,051-440-4674,부산광역시 동구청,2026-06-25
초량동1027,1,부산광역시 동구 초량중로115번길 5-2,부산광역시 동구 초량동 103-7,35.1219315,129.0403876,,,051-440-4674,부산광역시 동구청,2026-06-25
초량동1028,1,부산광역시 동구 초량중로115번길 5,부산광역시 동구 초량동 90-20,35.1219333,129.0405633,,,051-440-4674,부산광역시 동구청,2026-06-25
초량동1029,1,부산광역시 동구 초량중로 115,부산광역시 동구 초량동 90-18,35.1218967,129.0406821,,,051-440-4674,부산광역시 동구청,2026-06-25
초량동1030,1,부산광역시 동구 초량중로 119,부산광역시 동구 초량동 90-7,35.1221483,129.0408153,,,051-440-4674,부산광역시 동구청,2026-06-25
초량동1031,1,부산광역시 동구 초량중로 119-1,부산광역시 동구 초량동 90-6,35.1222142,129.0408504,,,051-440-4674,부산광역시 동구청,2026-06-25
초량동1032,1,부산광역시 동구 초량중로 121,부산광역시 동구 초량동 90-2,35.1223313,129.0409701,,,051-440-4674,부산광역시 동구청,2026-06-25
초량동1033,1,부산광역시 동구 초량중로115번길 8-9,부산광역시 동구 초량동 93-8,35.1224237,129.0404883,,,051-440-4674,부산광역시 동구청,2026-06-25
초량동1034,1,부산광역시 동구 초량중로115번길 8-1,부산광역시 동구 초량동 95-1,35.122138,129.040351,,,051-440-4674,부산광역시 동구청,2026-06-25
초량동1035,1,부산광역시 동구 초량상로 120,부산광역시 동구 초량동 95-4,35.1220492,129.0401929,,,051-440-4674,부산광역시 동구청,2026-06-25
초량동1036,1,부산광역시 동구 초량중로115번길 8-5,부산광역시 동구 초량동 94-2,35.122286,129.040394,,,051-440-4674,부산광역시 동구청,2026-06-25
초량동1037,1,부산광역시 동구 초량상로 126,부산광역시 동구 초량동 92-30,35.1225321,129.0403707,,,051-440-4674,부산광역시 동구청,2026-06-25
초량동1038,1,부산광역시 동구 고관로29번길 30,부산광역시 동구 초량동 91-1,35.1226603,129.0410505,,,051-440-4674,부산광역시 동구청,2026-06-25
초량동1039,1,부산광역시 동구 고관로33번길 5,부산광역시 동구 초량동 42-19,35.1224135,129.0423679,,,051-440-4674,부산광역시 동구청,2026-06-25
초량동1040,1,부산광역시 동구 고관로33번길 5-7,부산광역시 동구 초량동 42-8,35.1222653,129.0423375,,,051-440-4674,부산광역시 동구청,2026-06-25
초량동1041,1,부산광역시 동구 고관로29번길 20-4,부산광역시 동구 초량동 36-5,35.1225,129.0415333,,,051-440-4674,부산광역시 동구청,2026-06-25
초량동1042,1,부산광역시 동구 고관로29번길 20-8,부산광역시 동구 초량동 35-10,35.1225966,129.0414032,,,051-440-4674,부산광역시 동구청,2026-06-25
초량동1043,1,부산광역시 동구 고관로 34,부산광역시 동구 초량동 1146-10,35.122368,129.042975,,,051-440-4674,부산광역시 동구청,2026-06-25
초량동1044,1,부산광역시 동구 고관로 42,부산광역시 동구 초량동 1146-1,35.1230422,129.0432359,,,051-440-4674,부산광역시 동구청,2026-06-25
초량동1045,1,부산광역시 동구 고관로 46,부산광역시 동구 초량동 1145-10,35.1233412,129.0434608,,,051-440-4674,부산광역시 동구청,2026-06-25
초량동1046,1,부산광역시 동구 고관로 54,부산광역시 동구 초량동 1145-1,35.1239746,129.0437962,,,051-440-4674,부산광역시 동구청,2026-06-25
초량동1047,1,부산광역시 동구 중앙대로 309,부산광역시 동구 초량동 1144-10,35.1242437,129.0442494,,,051-440-4674,부산광역시 동구청,2026-06-25
초량동1048,1,부산광역시 동구 고관로 70,부산광역시 동구 초량동 1143-15,35.1252454,129.0444778,,,051-440-4674,부산광역시 동구청,2026-06-25
초량동1049,1,부산광역시 동구 중앙대로 319,부산광역시 동구 초량동 1143-14,35.1252542,129.0448027,,,051-440-4674,부산광역시 동구청,2026-06-25
초량동1050,1,부산광역시 동구 중앙대로 333,부산광역시 동구 초량동 1142,35.1262717,129.0455701,,,051-440-4674,부산광역시 동구청,2026-06-25
초량동1051,1,부산광역시 동구 중앙대로320번길 3-7,부산광역시 동구 초량동 1152-5,35.125206,129.0457072,,,051-440-4674,부산광역시 동구청,2026-06-25
초량동1052,1,부산광역시 동구 중앙대로320번길 3-10,부산광역시 동구 초량동 1153-4,35.1252971,129.04603,,,051-440-4674,부산광역시 동구청,2026-06-25
초량동1053,1,부산광역시 동구 중앙대로 324,부산광역시 동구 초량동 1152-4,35.1249524,129.0454782,,,051-440-4674,부산광역시 동구청,2026-06-25
초량동1054,1,부산광역시 동구 중앙대로 314,부산광역시 동구 초량동 1157-5,35.124343,129.0451268,,,051-440-4674,부산광역시 동구청,2026-06-25
초량동1055,1,부산광역시 동구 중앙대로308번길 3-5,부산광역시 동구 초량동 1157-8,35.1241189,129.0450967,,,051-440-4674,부산광역시 동구청,2026-06-25
초량동1056,1,부산광역시 동구 중앙대로 310,부산광역시 동구 초량동 1157-9,35.124035,129.0449303,,,051-440-4674,부산광역시 동구청,2026-06-25
초량동1057,1,부산광역시 동구 중앙대로308번길 4,부산광역시 동구 초량동 1158-1,35.1235757,129.0448115,,,051-440-4674,부산광역시 동구청,2026-06-25
초량동1058,1,부산광역시 동구 중앙대로296번길 3-7,부산광역시 동구 초량동 1158-4,35.123408,129.0447194,,,051-440-4674,부산광역시 동구청,2026-06-25
초량동1059,1,부산광역시 동구 중앙대로296번길 3-1,부산광역시 동구 초량동 1158-9,35.122958,129.0444812,,,051-440-4674,부산광역시 동구청,2026-06-25
초량동1060,1,부산광역시 동구 중앙대로286번길 3-10,부산광역시 동구 초량동 1162-22,35.1224216,129.0444944,,,051-440-4674,부산광역시 동구청,2026-06-25
초량동1061,1,부산광역시 동구 중앙대로286번길 3-4,부산광역시 동구 초량동 1162-7,35.1221966,129.0443834,,,051-440-4674,부산광역시 동구청,2026-06-25
초량동1062,1,부산광역시 동구 중앙대로286번길 4,부산광역시 동구 초량동 1164-1,35.121759,129.0438376,,,051-440-4674,부산광역시 동구청,2026-06-25
초량동1063,1,부산광역시 동구 중앙대로274번길 7-7,부산광역시 동구 초량동 1165-1,35.1214914,129.0440944,,,051-440-4674,부산광역시 동구청,2026-06-25
초량동1064,1,부산광역시 동구 중앙대로236번길 8,부산광역시 동구 초량동 1197-1,35.1175101,129.0420554,,,051-440-4674,부산광역시 동구청,2026-06-25
초량동1065,1,부산광역시 동구 중앙대로286번길 10,부산광역시 동구 초량동 1166-1,35.1213869,129.044729,,,051-440-4674,부산광역시 동구청,2026-06-25
초량동1066,1,부산광역시 동구 중앙대로 286번길 10,부산광역시 동구 초량동 1170,35.1213869,129.044729,,,051-440-4674,부산광역시 동구청,2026-06-25
초량동1067,1,부산광역시 동구 초량중로 11,부산광역시 동구 초량동 1057-85,35.1131678,129.0362597,,,051-440-4674,부산광역시 동구청,2026-06-25
초량동1068,1,부산광역시 동구 중동길 17,부산광역시 동구 초량동 1058-28,35.1141918,129.0354031,,,051-440-4674,부산광역시 동구청,2026-06-25
초량동1069,1,부산광역시 동구 영초길158,부산광역시 동구 초량동 1133,35.1156919,129.0352591,,,051-440-4674,부산광역시 동구청,2026-06-25
초량동1070,1,부산광역시 동구 영초윗길 2,부산광역시 동구 초량동 994-462,35.1154328,129.034911,,,051-440-4674,부산광역시 동구청,2026-06-25
초량동1071,1,부산광역시 동구 초량상로89번길 17-1,부산광역시 동구 초량동 933-12,35.1198286,129.0379075,,,051-440-4674,부산광역시 동구청,2026-06-25
초량동1072,1,부산광역시 동구 초량상로79번길 33-2,부산광역시 동구 초량동 931-19,35.1194338,129.0364934,,,051-440-4674,부산광역시 동구청,2026-06-25
초량동1073,1,부산광역시 동구 망양로533번길 42-1,부산광역시 동구 초량동 850-245,35.1182799,129.0283667,,,051-440-4674,부산광역시 동구청,2026-06-25
초량동1074,1,부산광역시 동구 영초윗길26번길 3-22,부산광역시 동구 초량동 899-13,35.1176583,129.0342293,,,051-440-4674,부산광역시 동구청,2026-06-25
초량동1075,1,부산광역시 동구 중동길3번길 9-3,부산광역시 동구 초량동 1130-2,35.1146114,129.0352578,,,051-440-4674,부산광역시 동구청,2026-06-25
초량동1076,1,부산광역시 동구 초량상로25번길 5,부산광역시 동구 초량동 1130-2,35.1144842,129.0356401,,,051-440-4674,부산광역시 동구청,2026-06-25
초량동1077,1,부산광역시 동구 망양로619,부산광역시 동구 초량동 754-137,35.1255091,129.0345788,,,051-440-4674,부산광역시 동구청,2026-06-25
초량동1080,1,부산광역시 동구 중동길 11-1,부산광역시 동구 초량동 1134,35.1143438,129.0351667,,,051-440-4674,부산광역시 동구청,2026-06-25
초량동1081,1,부산광역시 동구 초량로13번길 31,부산광역시 동구 초량동 321-1,35.1176023,129.0397012,,,051-440-4674,부산광역시 동구청,2026-06-25
초량동1082,1,부산광역시 동구 초량상로63번길 19-3 앞,부산광역시 동구 초량동 995-4,35.1173117,129.0364831,,,051-440-4674,부산광역시 동구청,2026-06-25
초량동1083,1,부산광역시 동구 초량상로61번길 20 앞,부산광역시 동구 초량동 995-4,35.117249,129.0364451,,,051-440-4674,부산광역시 동구청,2026-06-25
초량동1085,1,부산광역시 동구 중앙대로236번길 9,부산광역시 동구 초량동 1192,35.1177351,129.0426544,,,051-440-4674,부산광역시 동구청,2026-06-25
초량동1086,1,부산광역시 동구 망양로596번길 7-5,부산광역시 동구 초량동 793-476,35.1234528,129.0352283,,,051-440-4674,부산광역시 동구청,2026-06-25
초량동1089,1,부산광역시 동구 중앙대로308번길 3-11,부산광역시 동구 초량동 1170,35.1245994,129.0453009,,,051-440-4674,부산광역시 동구청,2026-06-25
초량동1090,1,부산광역시 동구 중앙대로214번길 3-4,부산광역시 동구 초량동 1200-8,35.1163928,129.0412902,,,051-440-4674,부산광역시 동구청,2026-06-25
초량동1091,1,부산광역시 동구 초량북로17번길 20-10,부산광역시 동구 초량동 795-67,35.1220371,129.034951,,,051-440-4674,부산광역시 동구청,2026-06-25
초량동1092,1,부산광역시 동구 망양로562번길6,부산광역시 동구 초량동 827-227,35.1208278,129.032693,,,051-440-4674,부산광역시 동구청,2026-06-25
초량동1093,1,부산광역시 동구 초량로16번길 5,부산광역시 동구 초량동 174-9,35.11931,129.0403313,,,051-440-4674,부산광역시 동구청,2026-06-25
초량동1094,1,부산광역시 동구 초량상로92,부산광역시 동구 초량동 279-2,35.1197319,129.0389448,,,051-440-4674,부산광역시 동구청,2026-06-25
초량동1095,1,부산광역시 동구 고관로33번길5-5,부산광역시 동구 초량동 41-12,35.1223338,129.0423322,,,051-440-4674,부산광역시 동구청,2026-06-25
초량동1096,1,부산광역시 동구 초량로45번길 12,부산광역시 동구 초량동 933-10,35.1196803,129.0375747,,,051-440-4674,부산광역시 동구청,2026-06-25
초량동1097,1,부산광역시 동구 초량남로43번길 15,부산광역시 동구 초량동 1127,35.1190726,129.032501,,,051-440-4674,부산광역시 동구청,2026-06-25
초량동1098,1,부산광역시 동구 중앙대로 249,부산광역시 동구 초량동 172-1,35.1192402,129.0416189,,,051-440-4674,부산광역시 동구청,2026-06-25
초량동1099,1,부산광역시 동구 초량로97번길13,부산광역시 동구 초량동 832-13,35.1192236,129.0319037,,,051-440-4674,부산광역시 동구청,2026-06-25
초량동1100,1,부산광역시 동구 중앙대로209번길 5,부산광역시 동구 초량동 489-2,35.1160094,129.0394861,,,051-440-4674,부산광역시 동구청,2026-06-25
초량동1101,1,부산광역시 동구 구봉로55번길 9-5,부산광역시 동구 초량동 1116,35.1241423,129.0362494,,,051-440-4674,부산광역시 동구청,2026-06-25
초량동1102,1,부산광역시 동구 고관로 5,부산광역시 동구 초량동 49-14,35.1201011,129.0412032,,,051-440-4674,부산광역시 동구청,2026-06-25
초량동1103,1,부산광역시 동구 중앙대로196번길 10,부산광역시 동구 초량동 1202,35.1142482,129.0403231,,,051-440-4674,부산광역시 동구청,2026-06-25
초량동1104,1,부산광역시 동구 중앙대로196번길 10,부산광역시 동구 초량동 1202,35.1142482,129.0403231,,,051-440-4674,부산광역시 동구청,2026-06-25
초량동1105,1,부산광역시 동구 초량로45번길 17,부산광역시 동구 초량동 939,35.119411,129.037495,,,051-440-4674,부산광역시 동구청,2026-06-25
초량동1106,1,부산광역시 동구 초량상로 75번길 4-2,부산광역시 동구 초량동 955-2,35.1187052,129.0379483,,,051-440-4674,부산광역시 동구청,2026-06-25
초량동1107,1,부산광역시 동구 초량상로75번길8,부산광역시 동구 초량동 1123-3,35.1184934,129.0378572,,,051-440-4674,부산광역시 동구청,2026-06-25
초량동1108,1,부산광역시 동구 영초윗길 19-1,부산광역시 동구 초량동 994-5,35.1169669,129.034859,,,051-440-4674,부산광역시 동구청,2026-06-25
초량동1109,1,부산광역시 동구 영초윗길46번길9,부산광역시 동구 초량동 865-7,35.1184588,129.033062,,,051-440-4674,부산광역시 동구청,2026-06-25
초량동1110,1,부산광역시 동구 대영로239번길 20,부산광역시 동구 초량동 1109,35.1130616,129.037274,,,051-440-4674,부산광역시 동구청,2026-06-25
초량동1112,1,부산광역시 동구 구봉로55번길8-3,부산광역시 동구 초량동 754-374,35.1244734,129.035994,,,051-440-4674,부산광역시 동구청,2026-06-25
초량동1113,1,부산광역시 동구 망양로525,부산광역시 동구 초량동 1127,35.118811,129.0294554,,,051-440-4674,부산광역시 동구청,2026-06-25
초량동1114,1,부산광역시 동구 망양로525,부산광역시 동구 초량동 851-10,35.118811,129.0294554,,,051-440-4674,부산광역시 동구청,2026-06-25
초량동1115,1,부산광역시 동구 망양로525번길 4,부산광역시 동구 초량동 851-10,35.1189652,129.0294707,,,051-440-4674,부산광역시 동구청,2026-06-25
초량동1116,1,부산광역시 동구 초량중로45,부산광역시 동구 초량동 1043-8,35.1161751,129.0376813,,,051-440-4674,부산광역시 동구청,2026-06-25
초량동1117,1,부산광역시 동구 대영로239번길 60,부산광역시 동구 초량동 1109,35.1146687,129.0381372,,,051-440-4674,부산광역시 동구청,2026-06-25
초량동1118,1,부산광역시 동구 초량로 48-3,부산광역시 동구 초량동 811-59,35.1201766,129.0371352,,,051-440-4674,부산광역시 동구청,2026-06-25
초량동1119,1,부산광역시 동구 영초길211번길 22-2,부산광역시 동구 초량동 899-36,35.1181176,129.0347477,,,051-440-4674,부산광역시 동구청,2026-06-25
초량동1120,1,부산광역시 동구 망양로525번길 3,부산광역시 동구 초량동 1127,35.1187526,129.0293818,,,051-440-4674,부산광역시 동구청,2026-06-25
초량동1121,1,부산광역시 동구 초량중로33번길 7,부산광역시 동구 초량동 1056-19,35.1149168,129.0368491,,,051-440-4674,부산광역시 동구청,2026-06-25
초량동1122,1,부산광역시 동구 영초길191번길8-1,부산광역시 동구 초량동 994-213,35.1172622,129.0354659,,,051-440-4674,부산광역시 동구청,2026-06-25
초량동1123,1,부산광역시 동구 대영로239번길 55,부산광역시 동구 초량동 1109,35.1145841,129.0378333,,,051-440-4674,부산광역시 동구청,2026-06-25
초량동1124,1,부산광역시 동구 진성로68번길 18,부산광역시 동구 초량동 1185-10,35.1344575,129.0456428,,,051-440-4674,부산광역시 동구청,2026-06-25
초량동1125,1,부산광역시 동구 중앙대로286번길 7-4,부산광역시 동구 초량동 1170,35.1219564,129.0449254,,,051-440-4674,부산광역시 동구청,2026-06-25
초량동1126,1,부산광역시 동구 구봉중길 11,부산광역시 동구 초량동 산 24-1,35.1263822,129.0337994,,,051-440-4674,부산광역시 동구청,2026-06-25
초량동1127,1,부산광역시 동구 영초길 185,부산광역시 동구 초량동 994-880,35.1169324,129.0356807,,,051-440-4674,부산광역시 동구청,2026-06-25
초량동1128,1,부산광역시 동구 중앙대로216,부산광역시 동구 초량동 1192,35.1163321,129.0408029,,,051-440-4674,부산광역시 동구청,2026-06-25
초량동1129,1,부산광역시 동구 초량북로 15,부산광역시 동구 초량동 797-9,35.1214127,129.0353033,,,051-440-4674,부산광역시 동구청,2026-06-25
초량동1130,1,부산광역시 동구 초량북로29번길 5,부산광역시 동구 초량동 793-368,35.1223122,129.0361014,,,051-440-4674,부산광역시 동구청,2026-06-25
초량동1131,1,부산광역시 동구 초량상로89번길 39-1,부산광역시 동구 초량동 811-132,35.1196588,129.0366653,,,051-440-4674,부산광역시 동구청,2026-06-25
초량동1132,1,부산광역시 동구 초량상로63번가길28,부산광역시 동구 초량동 919-3,35.1187743,129.0365172,,,051-440-4674,부산광역시 동구청,2026-06-25
초량동1133,1,부산광역시 동구 구봉로 31-1,부산광역시 동구 초량동 1118-2,35.1234247,129.0376487,,,051-440-4674,부산광역시 동구청,2026-06-25
초량동1134,1,부산광역시 동구 구봉로 27,부산광역시 동구 초량동 768-16,35.1230015,129.0376591,,,051-440-4674,부산광역시 동구청,2026-06-25
초량동1135,1,부산광역시 동구 영초길211번가길 14,부산광역시 동구 초량동 903-44,35.1183159,129.0348031,,,051-440-4674,부산광역시 동구청,2026-06-25
초량동1136,1,부산광역시 동구 초량로43-10,부산광역시 동구 초량동 281-21,35.1200288,129.0381032,,,051-440-4674,부산광역시 동구청,2026-06-25
초량동1137,1,부산광역시 동구 망양로463번길 7,부산광역시 동구 초량동 916-27,35.1158601,129.0329833,,,051-440-4674,부산광역시 동구청,2026-06-25
초량동1138,1,부산광역시 동구 망양로463번길12,부산광역시 동구 초량동 889-22,35.1160388,129.0329535,,,051-440-4674,부산광역시 동구청,2026-06-25
남부민2동,1,부산광역시 서구 천마로111번길 12,,35.0861318,129.0219969,,전용주,051-240-4671,부산광역시 서구청,2026-01-26
암남동,1,부산광역시 서구 천마산로50번길 6-1,,35.08492,129.0193098,,한전주,051-240-4671,부산광역시 서구청,2026-01-26
서대신4동,1,부산광역시 서구 고운들로155번길 38-20,,35.1088275,129.0118926,,건축물,051-240-4671,부산광역시 서구청,2026-01-26
아미동,1,부산광역시 서구 까치고개로 137,,35.1014281,129.0116249,,건축물,051-240-4671,부산광역시 서구청,2026-01-26
아미동,1,부산광역시 서구 까치고개로 168-6,,35.0997245,129.0145677,,건축물,051-240-4671,부산광역시 서구청,2026-01-26
아미동,1,부산광역시 서구 까치고개로160번길 19,,35.0997823,129.0143367,,한전주,051-240-4671,부산광역시 서구청,2026-01-26
남부민2동,1,부산광역시 남구 남부민로49번길 8,,35.083825,129.022265,,건축물,051-240-4671,부산광역시 서구청,2026-01-26
동대신3동,1,부산광역시 서구 망양로131번길 10-1,,35.1169393,129.0210892,,건축물,051-240-4671,부산광역시 서구청,2026-01-26
동대신3동,1,부산광역시 서구 보수대로258번길 39,,35.1186445,129.0179408,,한전주,051-240-4671,부산광역시 서구청,2026-01-26
부민동,1,부산광역시 서구 부민동 고운들로45-15,,35.1056614,129.017838,,전용주,051-240-4671,부산광역시 서구청,2026-01-26
부민동,1,부산광역시 서구 부민동 구덕로199번길17,,35.1024014,129.0188943,,전용주,051-240-4671,부산광역시 서구청,2026-01-26
초장동,1,부산광역시 서구 아미초장로74번길 7,,35.0974311,129.018782,,건축물,051-240-4671,부산광역시 서구청,2026-01-26
암남동,1,부산광역시 서구 암남공원로 38-1,,35.0727206,129.0157939,,건축물,051-240-4671,부산광역시 서구청,2026-01-26
암남동,1,부산광역시 서구 암남공원로52번길 49,,35.0715032,129.0159674,,건축물,051-240-4671,부산광역시 서구청,2026-01-26
아미동,1,부산광역시 서구 옥천로173번길 15-16,,35.1007478,129.0105463,,건축물,051-240-4671,부산광역시 서구청,2026-01-26
남부민2동,1,,부산광역시 서구 남부민2동 440-10,35.0834706,129.0176102,,건축물,051-240-4671,부산광역시 서구청,2026-01-26
남부민2동,1,,부산광역시 서구 남부민2동 440-14,35.0830848,129.0186117,,건축물,051-240-4671,부산광역시 서구청,2026-01-26
남부민2동,1,,부산광역시 서구 남부민2동 440-17,35.0830154,129.0188306,,건축물,051-240-4671,부산광역시 서구청,2026-01-26
남부민2동,1,,부산광역시 서구 남부민2동 440-22,35.0830205,129.0184374,,건축물,051-240-4671,부산광역시 서구청,2026-01-26
남부민2동,1,,부산광역시 서구 남부민2동 440-30,35.0829145,129.0185222,,건축물,051-240-4671,부산광역시 서구청,2026-01-26
남부민2동,1,,부산광역시 서구 남부민2동 440-34,35.0829274,129.0187389,,건축물,051-240-4671,부산광역시 서구청,2026-01-26
남부민2동,1,,부산광역시 서구 남부민2동 440-34(2),35.0829274,129.0187389,,건축물,051-240-4671,부산광역시 서구청,2026-01-26
남부민2동,1,,부산광역시 서구 남부민2동 440-68,35.0833834,129.0177162,,건축물,051-240-4671,부산광역시 서구청,2026-01-26
남부민2동,1,,부산광역시 서구 남부민2동 441-11,35.0833257,129.0184673,,건축물,051-240-4671,부산광역시 서구청,2026-01-26
남부민2동,1,,부산광역시 서구 남부민2동 441-20,35.0833364,129.0194516,,한전주,051-240-4671,부산광역시 서구청,2026-01-26
남부민2동,1,,부산광역시 서구 남부민2동 441-37,35.0838264,129.0182876,,전용주,051-240-4671,부산광역시 서구청,2026-01-26
남부민2동,1,,부산광역시 서구 남부민2동 441-37(2),35.0838264,129.0182876,,전용주,051-240-4671,부산광역시 서구청,2026-01-26
남부민2동,1,,부산광역시 서구 남부민2동 441-55,35.083303,129.0187481,,건축물,051-240-4671,부산광역시 서구청,2026-01-26
남부민2동,1,,부산광역시 서구 남부민2동 441-62,35.0834782,129.0198096,,건축물,051-240-4671,부산광역시 서구청,2026-01-26
남부민2동,1,,부산광역시 서구 남부민2동 441-70,35.0834237,129.0183118,,건축물,051-240-4671,부산광역시 서구청,2026-01-26
남부민2동,1,,부산광역시 서구 남부민2동 441-71,35.0833597,129.0181772,,건축물,051-240-4671,부산광역시 서구청,2026-01-26
남부민2동,1,,부산광역시 서구 남부민2동 441-75,35.0833598,129.0197265,,건축물,051-240-4671,부산광역시 서구청,2026-01-26
남부민2동,1,,부산광역시 서구 남부민2동 442-8,35.0836204,129.0196551,,한전주,051-240-4671,부산광역시 서구청,2026-01-26
남부민2동,1,,부산광역시 서구 남부민2동 457-12,35.0848001,129.0212541,,건축물,051-240-4671,부산광역시 서구청,2026-01-26
남부민2동,1,,부산광역시 서구 남부민2동 457-3,35.0850123,129.0214615,,건축물,051-240-4671,부산광역시 서구청,2026-01-26
남부민2동,1,,부산광역시 서구 남부민2동 465-137,35.084544,129.0201614,,건축물,051-240-4671,부산광역시 서구청,2026-01-26
남부민2동,1,,부산광역시 서구 남부민2동 465-14,35.084834,129.0209095,,건축물,051-240-4671,부산광역시 서구청,2026-01-26
남부민2동,1,,부산광역시 서구 남부민2동 465-23,35.0847084,129.0208828,,건축물,051-240-4671,부산광역시 서구청,2026-01-26
남부민2동,1,,부산광역시 서구 남부민2동 465-29,35.0850533,129.0210224,,건축물,051-240-4671,부산광역시 서구청,2026-01-26
남부민2동,1,,부산광역시 서구 남부민2동 465-35,35.085116,129.0213539,,건축물,051-240-4671,부산광역시 서구청,2026-01-26
남부민2동,1,,부산광역시 서구 남부민2동 465-37,35.0849821,129.0205694,,건축물,051-240-4671,부산광역시 서구청,2026-01-26
남부민2동,1,,부산광역시 서구 남부민2동 465-46,35.0850536,129.0204491,,건축물,051-240-4671,부산광역시 서구청,2026-01-26
남부민2동,1,,부산광역시 서구 남부민2동 465-58,35.0849269,129.0208628,,건축물,051-240-4671,부산광역시 서구청,2026-01-26
남부민2동,1,,부산광역시 서구 남부민2동 465-62,35.085067,129.021237,,건축물,051-240-4671,부산광역시 서구청,2026-01-26
남부민2동,1,,부산광역시 서구 남부민2동 465-79,35.0852851,129.0207284,,건축물,051-240-4671,부산광역시 서구청,2026-01-26
남부민2동,1,,부산광역시 서구 남부민2동 465-99,35.0847678,129.0204518,,건축물,051-240-4671,부산광역시 서구청,2026-01-26
남부민2동,1,,부산광역시 서구 남부민2동 467-10,35.0853502,129.0216004,,건축물,051-240-4671,부산광역시 서구청,2026-01-26
남부민2동,1,,부산광역시 서구 남부민2동 467-22,35.0853388,129.0212252,,건축물,051-240-4671,부산광역시 서구청,2026-01-26
남부민2동,1,,부산광역시 서구 남부민2동 471-3,35.085511,129.0211611,,건축물,051-240-4671,부산광역시 서구청,2026-01-26
남부민2동,1,,부산광역시 서구 남부민2동 475-4,35.085422,129.0214418,,건축물,051-240-4671,부산광역시 서구청,2026-01-26
남부민2동,1,,부산광역시 서구 남부민2동 475-4(2),35.085422,129.0214418,,건축물,051-240-4671,부산광역시 서구청,2026-01-26
남부민2동,1,,부산광역시 서구 남부민2동 477,35.0851792,129.0217924,,건축물,051-240-4671,부산광역시 서구청,2026-01-26
남부민2동,1,,부산광역시 서구 남부민2동 478-1,35.0852302,129.0219328,,건축물,051-240-4671,부산광역시 서구청,2026-01-26
남부민2동,1,,부산광역시 서구 남부민2동 568,35.0834412,129.0235268,,한전주,051-240-4671,부산광역시 서구청,2026-01-26
남부민2동,1,,부산광역시 서구 남부민2동 572,35.0835719,129.0235488,,건축물,051-240-4671,부산광역시 서구청,2026-01-26
남부민2동,1,,부산광역시 서구 남부민2동 609-161,35.0822563,129.0181125,,건축물,051-240-4671,부산광역시 서구청,2026-01-26
남부민2동,1,,부산광역시 서구 남부민2동 609-161(2),35.0822563,129.0181125,,건축물,051-240-4671,부산광역시 서구청,2026-01-26
남부민2동,1,,부산광역시 서구 남부민2동 609-161(3),35.0822563,129.0181125,,한전주,051-240-4671,부산광역시 서구청,2026-01-26
남부민2동,1,,부산광역시 서구 남부민2동 609-161(4),35.0822563,129.0181125,,한전주,051-240-4671,부산광역시 서구청,2026-01-26
암남동,1,부산광역시 서구 천해로48번가길 19-10,,35.0849027,129.0132888,,건축물,051-240-4671,부산광역시 서구청,2026-01-26
암남동,1,부산광역시 서구 천해로48번가길 33-2,,35.0852197,129.013435,,건축물,051-240-4671,부산광역시 서구청,2026-01-26
암남동,1,부산광역시 서구 천해로48번길 11,,35.0848635,129.0143715,,건축물,051-240-4671,부산광역시 서구청,2026-01-26
암남동,1,부산광역시 서구 천해로66번길 13,,35.0845094,129.0128204,,건축물,051-240-4671,부산광역시 서구청,2026-01-26
암남동,1,부산광역시 서구 천해로66번길 16-4,,35.0845749,129.0131655,,건축물,051-240-4671,부산광역시 서구청,2026-01-26
암남동,1,부산광역시 서구 천해로66번길 18-5,,35.0847264,129.0132274,,건축물,051-240-4671,부산광역시 서구청,2026-01-26
암남동,1,부산광역시 서구 천해로66번길 21-8,,35.0847318,129.0124849,,건축물,051-240-4671,부산광역시 서구청,2026-01-26
암남동,1,부산광역시 서구 천해로66번길 24-5,,35.0850912,129.0130825,,전용주,051-240-4671,부산광역시 서구청,2026-01-26
암남동,1,부산광역시 서구 충무대로 106,,35.0805096,129.0235809,,한전주,051-240-4671,부산광역시 서구청,2026-01-26
암남동,1,부산광역시 서구 충무대로34번길 23,,35.0776485,129.0166519,,한전주,051-240-4671,부산광역시 서구청,2026-01-26
암남동,1,부산광역시 서구 충무대로83번길 21-6,,35.0807212,129.0212302,,건축물,051-240-4671,부산광역시 서구청,2026-01-26
암남동,1,부산광역시 서구 충무대로83번길 6-20,,35.0806807,129.0218155,,건축물,051-240-4671,부산광역시 서구청,2026-01-26
암남동,1,부산광역시 서구 충무대로83번길 62-2,,35.0812815,129.0229311,,건축물,051-240-4671,부산광역시 서구청,2026-01-26
암남동,1,부산광역시 서구 충무대로83번길 62-2(2),,35.0812815,129.0229311,,건축물,051-240-4671,부산광역시 서구청,2026-01-26
암남동,1,부산광역시 서구 충무대로83번길 62-2(3),,35.0812815,129.0229311,,전용주,051-240-4671,부산광역시 서구청,2026-01-26
충무동,1,부상광역시 서구 구덕로134번길 15,,35.0977966,129.021892,,한전주,051-240-4671,부산광역시 서구청,2026-01-26
초장동,1,부상광역시 서구 해돋이로228번길 16,,35.0974451,129.0182527,,전용주,051-240-4671,부산광역시 서구청,2026-01-26
남부민1동,1,,부산광역시 서구 남부민1동 69-59,35.0915092,129.023314,,한전주,051-240-4671,부산광역시 서구청,2026-01-26
남부민2동,1,,부산광역시 서구 남부민2동 434-229 173,35.0840625,129.0164764,,한전주,051-240-4671,부산광역시 서구청,2026-01-26
남부민1동,1,,부산광역시 서구 남부민1동 107-14,35.0892023,129.0236561,,건축물,051-240-4671,부산광역시 서구청,2026-01-26
남부민1동,1,,부산광역시 서구 남부민1동 107-14(2),35.0892023,129.0236561,,건축물,051-240-4671,부산광역시 서구청,2026-01-26
남부민1동,1,,부산광역시 서구 남부민1동 109-39,35.0886837,129.0237313,,건축물,051-240-4671,부산광역시 서구청,2026-01-26
남부민1동,1,,부산광역시 서구 남부민1동 113-10,35.0889886,129.0229379,,건축물,051-240-4671,부산광역시 서구청,2026-01-26
남부민1동,1,,부산광역시 서구 남부민1동 113-14,35.0888691,129.0229887,,건축물,051-240-4671,부산광역시 서구청,2026-01-26
남부민1동,1,,부산광역시 서구 남부민1동 113-15,35.0888598,129.0229083,,건축물,051-240-4671,부산광역시 서구청,2026-01-26
남부민1동,1,,부산광역시 서구 남부민1동 113-22,35.0886847,129.0228666,,건축물,051-240-4671,부산광역시 서구청,2026-01-26
남부민1동,1,,부산광역시 서구 남부민1동 113-35,35.0888926,129.0225363,,건축물,051-240-4671,부산광역시 서구청,2026-01-26
남부민1동,1,,부산광역시 서구 남부민1동 113-38,35.0886394,129.0227655,,한전주,051-240-4671,부산광역시 서구청,2026-01-26
남부민1동,1,,부산광역시 서구 남부민1동 114-108,35.088617,129.0223445,,건축물,051-240-4671,부산광역시 서구청,2026-01-26
남부민1동,1,,부산광역시 서구 남부민1동 114-108(2),35.088617,129.0223445,,건축물,051-240-4671,부산광역시 서구청,2026-01-26
남부민1동,1,,부산광역시 서구 남부민1동 114-22,35.0884006,129.0226912,,건축물,051-240-4671,부산광역시 서구청,2026-01-26
남부민1동,1,,부산광역시 서구 남부민1동 114-32,35.0887203,129.0224785,,건축물,051-240-4671,부산광역시 서구청,2026-01-26
남부민1동,1,,부산광역시 서구 남부민1동 114-66,35.0889965,129.0224466,,건축물,051-240-4671,부산광역시 서구청,2026-01-26
남부민1동,1,,부산광역시 서구 남부민1동 115-21,35.0885278,129.023029,,한전주,051-240-4671,부산광역시 서구청,2026-01-26
남부민1동,1,,부산광역시 서구 남부민1동 115-26,35.0884258,129.0229065,,건축물,051-240-4671,부산광역시 서구청,2026-01-26
남부민1동,1,,부산광역시 서구 남부민1동 137-16,35.0879602,129.0238828,,건축물,051-240-4671,부산광역시 서구청,2026-01-26
남부민1동,1,,부산광역시 서구 남부민1동 137-5,35.0883469,129.0237554,,건축물,051-240-4671,부산광역시 서구청,2026-01-26
남부민1동,1,,부산광역시 서구 남부민1동 139-7,35.087816,129.0237929,,한전주,051-240-4671,부산광역시 서구청,2026-01-26
남부민1동,1,,부산광역시 서구 남부민1동 139-7(2),35.087816,129.0237929,,건축물,051-240-4671,부산광역시 서구청,2026-01-26
남부민1동,1,,부산광역시 서구 남부민1동 144-28,35.0878693,129.0234536,,건축물,051-240-4671,부산광역시 서구청,2026-01-26
남부민1동,1,,부산광역시 서구 남부민1동 15,35.0913918,129.0184611,,건축물,051-240-4671,부산광역시 서구청,2026-01-26
남부민1동,1,,부산광역시 서구 남부민1동 19-38,35.0914833,129.0189076,,한전주,051-240-4671,부산광역시 서구청,2026-01-26
남부민1동,1,,부산광역시 서구 남부민1동 19-42,35.0914079,129.0190119,,건축물,051-240-4671,부산광역시 서구청,2026-01-26
남부민1동,1,,부산광역시 서구 남부민1동 19-50,35.0912618,129.0192636,,건축물,051-240-4671,부산광역시 서구청,2026-01-26
남부민1동,1,,부산광역시 서구 남부민1동 19-56,35.0911448,129.0194099,,건축물,051-240-4671,부산광역시 서구청,2026-01-26
남부민1동,1,,부산광역시 서구 남부민1동 19-63,35.0912673,129.0189957,,건축물,051-240-4671,부산광역시 서구청,2026-01-26
남부민1동,1,,부산광역시 서구 남부민1동 19-72,35.0909816,129.019185,,건축물,051-240-4671,부산광역시 서구청,2026-01-26
남부민1동,1,,부산광역시 서구 남부민1동 20,35.0916371,129.0182637,,건축물,051-240-4671,부산광역시 서구청,2026-01-26
남부민1동,1,,부산광역시 서구 남부민1동 22-102,35.0919309,129.019383,,건축물,051-240-4671,부산광역시 서구청,2026-01-26
남부민1동,1,,부산광역시 서구 남부민1동 22-120,35.0918588,129.0189165,,한전주,051-240-4671,부산광역시 서구청,2026-01-26
남부민1동,1,,부산광역시 서구 남부민1동 22-125,35.0917902,129.0191106,,건축물,051-240-4671,부산광역시 서구청,2026-01-26
남부민1동,1,,부산광역시 서구 남부민1동 22-141,35.0916837,129.0188678,,한전주,051-240-4671,부산광역시 서구청,2026-01-26
남부민1동,1,,부산광역시 서구 남부민1동 22-15,35.0921838,129.0199678,,건축물,051-240-4671,부산광역시 서구청,2026-01-26
남부민1동,1,,부산광역시 서구 남부민1동 22-177,35.0923182,129.0197317,,건축물,051-240-4671,부산광역시 서구청,2026-01-26
남부민1동,1,,부산광역시 서구 남부민1동 22-199,35.0914041,129.0197255,,건축물,051-240-4671,부산광역시 서구청,2026-01-26
남부민1동,1,,부산광역시 서구 남부민1동 22-202,35.091348,129.019574,,한전주,051-240-4671,부산광역시 서구청,2026-01-26
남부민1동,1,,부산광역시 서구 남부민1동 22-212,35.0915821,129.019359,,건축물,051-240-4671,부산광역시 서구청,2026-01-26
남부민1동,1,,부산광역시 서구 남부민1동 22-213,35.0915755,129.019256,,건축물,051-240-4671,부산광역시 서구청,2026-01-26
남부민1동,1,,부산광역시 서구 남부민1동 22-215,35.0915195,129.0191095,,건축물,051-240-4671,부산광역시 서구청,2026-01-26
남부민1동,1,,부산광역시 서구 남부민1동 22-224,35.0911863,129.0195032,,건축물,051-240-4671,부산광역시 서구청,2026-01-26
남부민1동,1,,부산광역시 서구 남부민1동 22-25,35.0922803,129.0190872,,건축물,051-240-4671,부산광역시 서구청,2026-01-26
남부민1동,1,,부산광역시 서구 남부민1동 22-42,35.0916888,129.0189688,,건축물,051-240-4671,부산광역시 서구청,2026-01-26
남부민1동,1,,부산광역시 서구 남부민1동 22-59,35.0923793,129.0201623,,건축물,051-240-4671,부산광역시 서구청,2026-01-26
남부민1동,1,,부산광역시 서구 남부민1동 22-61,35.0924802,129.0200189,,한전주,051-240-4671,부산광역시 서구청,2026-01-26
남부민1동,1,,부산광역시 서구 남부민1동 22-61(2),35.0924802,129.0200189,,건축물,051-240-4671,부산광역시 서구청,2026-01-26
남부민1동,1,,부산광역시 서구 남부민1동 22-64,35.0926456,129.0198961,,건축물,051-240-4671,부산광역시 서구청,2026-01-26
남부민1동,1,,부산광역시 서구 남부민1동 22-65,35.0927043,129.019841,,한전주,051-240-4671,부산광역시 서구청,2026-01-26
남부민1동,1,,부산광역시 서구 남부민1동 22-82,35.0923898,129.0193063,,건축물,051-240-4671,부산광역시 서구청,2026-01-26
남부민1동,1,,부산광역시 서구 남부민1동 22-85,35.0924125,129.0194911,,건축물,051-240-4671,부산광역시 서구청,2026-01-26
남부민1동,1,,부산광역시 서구 남부민1동 23-109,35.0930185,129.0203896,,건축물,051-240-4671,부산광역시 서구청,2026-01-26
남부민1동,1,,부산광역시 서구 남부민1동 23-113,35.0927265,129.0218422,,건축물,051-240-4671,부산광역시 서구청,2026-01-26
남부민1동,1,,부산광역시 서구 남부민1동 23-130,35.0931424,129.0214277,,한전주,051-240-4671,부산광역시 서구청,2026-01-26
남부민1동,1,,부산광역시 서구 남부민1동 23-142,35.0931839,129.0217098,,건축물,051-240-4671,부산광역시 서구청,2026-01-26
남부민1동,1,,부산광역시 서구 남부민1동 23-145,35.0928203,129.0201319,,한전주,051-240-4671,부산광역시 서구청,2026-01-26
남부민1동,1,,부산광역시 서구 남부민1동 23-146,35.0925398,129.0212284,,건축물,051-240-4671,부산광역시 서구청,2026-01-26
아미동,1,,부산광역시 서구 남부민1동 23-15,35.0930546,129.0210676,,한전주,051-240-4671,부산광역시 서구청,2026-01-26
남부민1동,1,,부산광역시 서구 남부민1동 23-167,35.0924558,129.021403,,건축물,051-240-4671,부산광역시 서구청,2026-01-26
남부민1동,1,,부산광역시 서구 남부민1동 23-171,35.0927808,129.0213568,,건축물,051-240-4671,부산광역시 서구청,2026-01-26
남부민1동,1,,부산광역시 서구 남부민1동 23-177,35.0926107,129.0196403,,전용주,051-240-4671,부산광역시 서구청,2026-01-26
남부민1동,1,,부산광역시 서구 남부민1동 23-187,35.0925912,129.0203109,,건축물,051-240-4671,부산광역시 서구청,2026-01-26
남부민1동,1,,부산광역시 서구 남부민1동 23-190,35.0925687,129.0204008,,건축물,051-240-4671,부산광역시 서구청,2026-01-26
남부민1동,1,,부산광역시 서구 남부민1동 23-21,35.0928673,129.0205211,,한전주,051-240-4671,부산광역시 서구청,2026-01-26
남부민1동,1,,부산광역시 서구 남부민1동 23-21(2),35.0928673,129.0205211,,한전주,051-240-4671,부산광역시 서구청,2026-01-26
남부민1동,1,,부산광역시 서구 남부민1동 23-29,35.092889,129.020781,,한전주,051-240-4671,부산광역시 서구청,2026-01-26
남부민1동,1,,부산광역시 서구 남부민1동 23-43,35.0923239,129.0208719,,한전주,051-240-4671,부산광역시 서구청,2026-01-26
남부민1동,1,,부산광역시 서구 남부민1동 23-45,35.0926095,129.0206713,,건축물,051-240-4671,부산광역시 서구청,2026-01-26
남부민1동,1,,부산광역시 서구 남부민1동 23-47,35.0928671,129.0210307,,건축물,051-240-4671,부산광역시 서구청,2026-01-26
남부민1동,1,,부산광역시 서구 남부민1동 23-48,35.092882,129.0211928,,한전주,051-240-4671,부산광역시 서구청,2026-01-26
남부민1동,1,,부산광역시 서구 남부민1동 23-52,35.092859,129.0216914,,한전주,051-240-4671,부산광역시 서구청,2026-01-26
남부민1동,1,,부산광역시 서구 남부민1동 23-97,35.0929855,129.0215299,,한전주,051-240-4671,부산광역시 서구청,2026-01-26
남부민1동,1,,부산광역시 서구 남부민1동 25-9,35.0931149,129.0220954,,건축물,051-240-4671,부산광역시 서구청,2026-01-26
충무동,1,,부산광역시 서구 남부민1동 26-11,35.0931685,129.0224261,,건축물,051-240-4671,부산광역시 서구청,2026-01-26
남부민1동,1,,부산광역시 서구 남부민1동 26-11(2),35.0931685,129.0224261,,건축물,051-240-4671,부산광역시 서구청,2026-01-26
남부민1동,1,,부산광역시 서구 남부민1동 26-3,35.0930036,129.022197,,건축물,051-240-4671,부산광역시 서구청,2026-01-26
남부민1동,1,,부산광역시 서구 남부민1동 28-16,35.0923254,129.0203307,,건축물,051-240-4671,부산광역시 서구청,2026-01-26
남부민1동,1,,부산광역시 서구 남부민1동 29-21,35.0921079,129.020331,,건축물,051-240-4671,부산광역시 서구청,2026-01-26
남부민1동,1,,부산광역시 서구 남부민1동 29-35,35.0921121,129.0204037,,건축물,051-240-4671,부산광역시 서구청,2026-01-26
남부민1동,1,,부산광역시 서구 남부민1동 29-37,35.0919529,129.0205508,,건축물,051-240-4671,부산광역시 서구청,2026-01-26
남부민1동,1,,부산광역시 서구 남부민1동 29-39,35.0919119,129.0204473,,건축물,051-240-4671,부산광역시 서구청,2026-01-26
남부민1동,1,,부산광역시 서구 남부민1동 29-49,35.0920974,129.0206069,,건축물,051-240-4671,부산광역시 서구청,2026-01-26
남부민1동,1,,부산광역시 서구 남부민1동 29-50,35.0920289,129.020645,,건축물,051-240-4671,부산광역시 서구청,2026-01-26
남부민1동,1,,부산광역시 서구 남부민1동 30-1,35.0921754,129.0210808,,건축물,051-240-4671,부산광역시 서구청,2026-01-26
남부민1동,1,,부산광역시 서구 남부민1동 31-11,35.0923564,129.0214505,,건축물,051-240-4671,부산광역시 서구청,2026-01-26
남부민1동,1,,부산광역시 서구 남부민1동 31-14,35.0926106,129.0221075,,건축물,051-240-4671,부산광역시 서구청,2026-01-26
남부민1동,1,,부산광역시 서구 남부민1동 31-34,35.0923984,129.021951,,건축물,051-240-4671,부산광역시 서구청,2026-01-26
남부민1동,1,,부산광역시 서구 남부민1동 31-74,35.0922995,129.02172,,한전주,051-240-4671,부산광역시 서구청,2026-01-26
남부민1동,1,,부산광역시 서구 남부민1동 33-15,35.0931635,129.0225725,,건축물,051-240-4671,부산광역시 서구청,2026-01-26
남부민1동,1,,부산광역시 서구 남부민1동 33-23,35.0928654,129.0227661,,한전주,051-240-4671,부산광역시 서구청,2026-01-26
남부민1동,1,,부산광역시 서구 남부민1동 33-38,35.092292,129.0228754,,건축물,051-240-4671,부산광역시 서구청,2026-01-26
남부민1동,1,,부산광역시 서구 남부민1동 33-51,35.0925232,129.022743,,한전주,051-240-4671,부산광역시 서구청,2026-01-26
남부민1동,1,,부산광역시 서구 남부민1동 34,35.0932046,129.0225018,,건축물,051-240-4671,부산광역시 서구청,2026-01-26
남부민1동,1,,부산광역시 서구 남부민1동 34(2),35.0932046,129.0225018,,한전주,051-240-4671,부산광역시 서구청,2026-01-26
남부민1동,1,,부산광역시 서구 남부민1동 34(3),35.0932046,129.0225018,,한전주,051-240-4671,부산광역시 서구청,2026-01-26
남부민1동,1,,부산광역시 서구 남부민1동 35-19,35.0931585,129.0228799,,건축물,051-240-4671,부산광역시 서구청,2026-01-26
남부민1동,1,,부산광역시 서구 남부민1동 35-19(2),35.0931585,129.0228799,,한전주,051-240-4671,부산광역시 서구청,2026-01-26
남부민1동,1,,부산광역시 서구 남부민1동 35-21,35.0930588,129.022882,,건축물,051-240-4671,부산광역시 서구청,2026-01-26
남부민1동,1,,부산광역시 서구 남부민1동 35-23,35.0929034,129.0228974,,건축물,051-240-4671,부산광역시 서구청,2026-01-26
남부민1동,1,,부산광역시 서구 남부민1동 35-28,35.0927266,129.0229143,,한전주,051-240-4671,부산광역시 서구청,2026-01-26
남부민1동,1,,부산광역시 서구 남부민1동 35-31,35.0924864,129.0229462,,건축물,051-240-4671,부산광역시 서구청,2026-01-26
남부민1동,1,,부산광역시 서구 남부민1동 35-33,35.0922972,129.0229643,,건축물,051-240-4671,부산광역시 서구청,2026-01-26
남부민1동,1,,부산광역시 서구 남부민1동 37,35.0922492,129.0225404,,건축물,051-240-4671,부산광역시 서구청,2026-01-26
남부민1동,1,,부산광역시 서구 남부민1동 43-13,35.0922025,129.0219705,,한전주,051-240-4671,부산광역시 서구청,2026-01-26
남부민1동,1,,부산광역시 서구 남부민1동 46-11,35.0919505,129.0213474,,한전주,051-240-4671,부산광역시 서구청,2026-01-26
남부민1동,1,,부산광역시 서구 남부민1동 46-11(2),35.0919505,129.0213474,,건축물,051-240-4671,부산광역시 서구청,2026-01-26
남부민1동,1,,부산광역시 서구 남부민1동 46-50,35.0916435,129.0220707,,건축물,051-240-4671,부산광역시 서구청,2026-01-26
남부민1동,1,,부산광역시 서구 남부민1동 46-53,35.0915212,129.0221728,,건축물,051-240-4671,부산광역시 서구청,2026-01-26
남부민1동,1,,부산광역시 서구 남부민1동 46-59,35.0919325,129.0219283,,한전주,051-240-4671,부산광역시 서구청,2026-01-26
남부민1동,1,,부산광역시 서구 남부민1동 48-13,35.0918534,129.0206118,,건축물,051-240-4671,부산광역시 서구청,2026-01-26
남부민1동,1,,부산광역시 서구 남부민1동 48-34,35.0918062,129.0208596,,건축물,051-240-4671,부산광역시 서구청,2026-01-26
남부민1동,1,,부산광역시 서구 남부민1동 48-36,35.0916765,129.0209071,,건축물,051-240-4671,부산광역시 서구청,2026-01-26
남부민1동,1,,부산광역시 서구 남부민1동 49-11,35.0915516,129.0208246,,건축물,051-240-4671,부산광역시 서구청,2026-01-26
남부민1동,1,,부산광역시 서구 남부민1동 49-13,35.0915782,129.0207449,,건축물,051-240-4671,부산광역시 서구청,2026-01-26
남부민1동,1,,부산광역시 서구 남부민1동 49-7,35.0916006,129.0208911,,건축물,051-240-4671,부산광역시 서구청,2026-01-26
남부민1동,1,,부산광역시 서구 남부민1동 50-101,35.0915526,129.020997,,건축물,051-240-4671,부산광역시 서구청,2026-01-26
남부민1동,1,,부산광역시 서구 남부민1동 50-152,35.0916054,129.020141,,건축물,051-240-4671,부산광역시 서구청,2026-01-26
남부민1동,1,,부산광역시 서구 남부민1동 50-18,35.0914502,129.0214121,,전용주,051-240-4671,부산광역시 서구청,2026-01-26
남부민1동,1,,부산광역시 서구 남부민1동 50-181,35.0914419,129.0199528,,건축물,051-240-4671,부산광역시 서구청,2026-01-26
남부민1동,1,,부산광역시 서구 남부민1동 50-2,35.0910434,129.0218453,,건축물,051-240-4671,부산광역시 서구청,2026-01-26
남부민1동,1,,부산광역시 서구 남부민1동 50-200,35.0914856,129.0205635,,건축물,051-240-4671,부산광역시 서구청,2026-01-26
남부민1동,1,,부산광역시 서구 남부민1동 50-226,35.0911141,129.0202278,,건축물,051-240-4671,부산광역시 서구청,2026-01-26
남부민1동,1,,부산광역시 서구 남부민1동 50-240,35.0911473,129.0201497,,건축물,051-240-4671,부산광역시 서구청,2026-01-26
남부민1동,1,,부산광역시 서구 남부민1동 50-243,35.0911649,129.0199121,,건축물,051-240-4671,부산광역시 서구청,2026-01-26
남부민1동,1,,부산광역시 서구 남부민1동 50-26,35.0916434,129.020374,,건축물,051-240-4671,부산광역시 서구청,2026-01-26
남부민1동,1,,부산광역시 서구 남부민1동 50-285,35.0918337,129.0200499,,건축물,051-240-4671,부산광역시 서구청,2026-01-26
남부민1동,1,,부산광역시 서구 남부민1동 50-286,35.0917369,129.0200707,,건축물,051-240-4671,부산광역시 서구청,2026-01-26
남부민1동,1,,부산광역시 서구 남부민1동 50-296,35.0917384,129.0199023,,건축물,051-240-4671,부산광역시 서구청,2026-01-26
남부민1동,1,,부산광역시 서구 남부민1동 50-33,35.091162,129.0197472,,한전주,051-240-4671,부산광역시 서구청,2026-01-26
남부민1동,1,,부산광역시 서구 남부민1동 50-330,35.0919755,129.0200695,,건축물,051-240-4671,부산광역시 서구청,2026-01-26
남부민1동,1,,부산광역시 서구 남부민1동 50-360,35.0916634,129.0194618,,건축물,051-240-4671,부산광역시 서구청,2026-01-26
남부민1동,1,,부산광역시 서구 남부민1동 50-367,35.0914653,129.019479,,건축물,051-240-4671,부산광역시 서구청,2026-01-26
남부민1동,1,,부산광역시 서구 남부민1동 50-380,35.0919828,129.019919,,한전주,051-240-4671,부산광역시 서구청,2026-01-26
남부민1동,1,,부산광역시 서구 남부민1동 50-412,35.0913345,129.0200103,,건축물,051-240-4671,부산광역시 서구청,2026-01-26
남부민1동,1,,부산광역시 서구 남부민1동 50-482,35.0908875,129.0215918,,한전주,051-240-4671,부산광역시 서구청,2026-01-26
남부민1동,1,,부산광역시 서구 남부민1동 50-511,35.0907794,129.0215044,,건축물,051-240-4671,부산광역시 서구청,2026-01-26
남부민1동,1,,부산광역시 서구 남부민1동 50-514,35.0905735,129.0218201,,건축물,051-240-4671,부산광역시 서구청,2026-01-26
남부민1동,1,,부산광역시 서구 남부민1동 50-519,35.0909799,129.0210918,,건축물,051-240-4671,부산광역시 서구청,2026-01-26
남부민1동,1,,부산광역시 서구 남부민1동 50-556,35.0905675,129.0211072,,건축물,051-240-4671,부산광역시 서구청,2026-01-26
남부민1동,1,,부산광역시 서구 남부민1동 50-557,35.0905036,129.0210846,,건축물,051-240-4671,부산광역시 서구청,2026-01-26
남부민1동,1,,부산광역시 서구 남부민1동 50-57,35.0905893,129.0192172,,전용주,051-240-4671,부산광역시 서구청,2026-01-26
남부민1동,1,,부산광역시 서구 남부민1동 50-57(2),35.0905893,129.0192172,,전용주,051-240-4671,부산광역시 서구청,2026-01-26
남부민1동,1,,부산광역시 서구 남부민1동 50-57(3),35.0905893,129.0192172,,전용주,051-240-4671,부산광역시 서구청,2026-01-26
남부민1동,1,,부산광역시 서구 남부민1동 50-581,35.0906462,129.0213429,,한전주,051-240-4671,부산광역시 서구청,2026-01-26
남부민1동,1,,부산광역시 서구 남부민1동 50-582,35.0906531,129.0215166,,건축물,051-240-4671,부산광역시 서구청,2026-01-26
남부민1동,1,,부산광역시 서구 남부민1동 50-589,35.0905041,129.0214735,,건축물,051-240-4671,부산광역시 서구청,2026-01-26
남부민1동,1,,부산광역시 서구 남부민1동 50-614,35.0920595,129.0196307,,건축물,051-240-4671,부산광역시 서구청,2026-01-26
남부민1동,1,,부산광역시 서구 남부민1동 50-623,35.0907281,129.0195984,,한전주,051-240-4671,부산광역시 서구청,2026-01-26
부민동,1,,부산광역시 서구 남부민1동 50-637,35.0913502,129.0213566,,전용주,051-240-4671,부산광역시 서구청,2026-01-26
남부민1동,1,,부산광역시 서구 남부민1동 51-37,35.0905125,129.0224436,,건축물,051-240-4671,부산광역시 서구청,2026-01-26
남부민1동,1,,부산광역시 서구 남부민1동 54-13,35.091823,129.0227386,,건축물,051-240-4671,부산광역시 서구청,2026-01-26
남부민1동,1,,부산광역시 서구 남부민1동 54-9,35.0916016,129.0228112,,건축물,051-240-4671,부산광역시 서구청,2026-01-26
남부민1동,1,,부산광역시 서구 남부민1동 643-13,35.0922681,129.023388,,건축물,051-240-4671,부산광역시 서구청,2026-01-26
남부민1동,1,,부산광역시 서구 남부민1동 643-13(2),35.0922681,129.023388,,한전주,051-240-4671,부산광역시 서구청,2026-01-26
남부민1동,1,,부산광역시 서구 남부민1동 645-1,35.0919879,129.0232387,,한전주,051-240-4671,부산광역시 서구청,2026-01-26
충무동,1,,부산광역시 서구 남부민1동 645-1(2),35.0919879,129.0232387,,한전주,051-240-4671,부산광역시 서구청,2026-01-26
남부민1동,1,,부산광역시 서구 남부민1동 645-2,35.0920725,129.0235025,,건축물,051-240-4671,부산광역시 서구청,2026-01-26
남부민1동,1,,부산광역시 서구 남부민1동 645-2(2),35.0920725,129.0235025,,한전주,051-240-4671,부산광역시 서구청,2026-01-26
남부민1동,1,,부산광역시 서구 남부민1동 645-5,35.0918598,129.0235622,,건축물,051-240-4671,부산광역시 서구청,2026-01-26
남부민1동,1,,부산광역시 서구 남부민1동 647-17,35.091062,129.023667,,한전주,051-240-4671,부산광역시 서구청,2026-01-26
남부민1동,1,,부산광역시 서구 남부민1동 647-3,35.0917391,129.0234937,,한전주,051-240-4671,부산광역시 서구청,2026-01-26
남부민1동,1,,부산광역시 서구 남부민1동 650-1,35.0891369,129.024049,,한전주,051-240-4671,부산광역시 서구청,2026-01-26
남부민1동,1,,부산광역시 서구 남부민1동 650-13,35.0887454,129.0240023,,건축물,051-240-4671,부산광역시 서구청,2026-01-26
남부민1동,1,,부산광역시 서구 남부민1동 652-11,35.0884748,129.0240064,,건축물,051-240-4671,부산광역시 서구청,2026-01-26
남부민1동,1,,부산광역시 서구 남부민1동 652-17,35.0882632,129.0240571,,건축물,051-240-4671,부산광역시 서구청,2026-01-26
남부민1동,1,,부산광역시 서구 남부민1동 652-42,35.0879948,129.0241562,,건축물,051-240-4671,부산광역시 서구청,2026-01-26
남부민1동,1,,부산광역시 서구 남부민1동 652-57,35.0877639,129.024121,,건축물,051-240-4671,부산광역시 서구청,2026-01-26
남부민1동,1,,부산광역시 서구 남부민1동 652-64,35.0877474,129.0241996,,건축물,051-240-4671,부산광역시 서구청,2026-01-26
남부민1동,1,,부산광역시 서구 남부민1동 652-71,35.0875871,129.024314,,건축물,051-240-4671,부산광역시 서구청,2026-01-26
남부민1동,1,,부산광역시 서구 남부민1동 652-8,35.0885235,129.023827,,한전주,051-240-4671,부산광역시 서구청,2026-01-26
남부민1동,1,,부산광역시 서구 남부민1동 66-8,35.0907268,129.0225702,,건축물,051-240-4671,부산광역시 서구청,2026-01-26
남부민1동,1,,부산광역시 서구 남부민1동 66-8(2),35.0907268,129.0225702,,건축물,051-240-4671,부산광역시 서구청,2026-01-26
남부민1동,1,,부산광역시 서구 남부민1동 67-10,35.0912907,129.022905,,건축물,051-240-4671,부산광역시 서구청,2026-01-26
남부민1동,1,,부산광역시 서구 남부민1동 67-12,35.0903317,129.0236058,,건축물,051-240-4671,부산광역시 서구청,2026-01-26
남부민1동,1,,부산광역시 서구 남부민1동 67-26,35.0917967,129.022837,,건축물,051-240-4671,부산광역시 서구청,2026-01-26
남부민1동,1,,부산광역시 서구 남부민1동 67-28,35.0915263,129.0229797,,건축물,051-240-4671,부산광역시 서구청,2026-01-26
남부민1동,1,,부산광역시 서구 남부민1동 67-28(2),35.0915263,129.0229797,,건축물,051-240-4671,부산광역시 서구청,2026-01-26
남부민1동,1,,부산광역시 서구 남부민1동 67-40,35.0899642,129.0236792,,건축물,051-240-4671,부산광역시 서구청,2026-01-26
남부민1동,1,,부산광역시 서구 남부민1동 67-41,35.0910962,129.0229621,,건축물,051-240-4671,부산광역시 서구청,2026-01-26
남부민1동,1,,부산광역시 서구 남부민1동 67-52,35.0916758,129.0229485,,건축물,051-240-4671,부산광역시 서구청,2026-01-26
남부민1동,1,,부산광역시 서구 남부민1동 67-62,35.0904427,129.0236845,,건축물,051-240-4671,부산광역시 서구청,2026-01-26
남부민1동,1,,부산광역시 서구 남부민1동 67-65,35.0902749,129.023792,,건축물,051-240-4671,부산광역시 서구청,2026-01-26
남부민1동,1,,부산광역시 서구 남부민1동 67-8,35.0900782,129.0235186,,건축물,051-240-4671,부산광역시 서구청,2026-01-26
남부민1동,1,,부산광역시 서구 남부민1동 67-9,35.090316,129.0237055,,건축물,051-240-4671,부산광역시 서구청,2026-01-26
남부민1동,1,,부산광역시 서구 남부민1동 68-16,35.0917938,129.0230648,,건축물,051-240-4671,부산광역시 서구청,2026-01-26
남부민1동,1,,부산광역시 서구 남부민1동 68-5,35.0921159,129.0227893,,건축물,051-240-4671,부산광역시 서구청,2026-01-26
남부민1동,1,,부산광역시 서구 남부민1동 686,35.0932794,129.0241841,,건축물,051-240-4671,부산광역시 서구청,2026-01-26
남부민1동,1,,부산광역시 서구 남부민1동 686(2),35.0932794,129.0241841,,건축물,051-240-4671,부산광역시 서구청,2026-01-26
남부민1동,1,,부산광역시 서구 남부민1동 687-1,35.092833,129.0236632,,한전주,051-240-4671,부산광역시 서구청,2026-01-26
남부민1동,1,,부산광역시 서구 남부민1동 687-1(2),35.092833,129.0236632,,한전주,051-240-4671,부산광역시 서구청,2026-01-26
남부민1동,1,,부산광역시 서구 남부민1동 687-2,35.0923035,129.0237177,,건축물,051-240-4671,부산광역시 서구청,2026-01-26
남부민1동,1,,부산광역시 서구 남부민1동 687-3,35.0926769,129.0236806,,건축물,051-240-4671,부산광역시 서구청,2026-01-26
남부민1동,1,,부산광역시 서구 남부민1동 688-21,35.0918243,129.0237909,,건축물,051-240-4671,부산광역시 서구청,2026-01-26
남부민1동,1,,부산광역시 서구 남부민1동 688-26,35.0914601,129.0239122,,건축물,051-240-4671,부산광역시 서구청,2026-01-26
남부민1동,1,,부산광역시 서구 남부민1동 691-3,35.0889153,129.0250029,,한전주,051-240-4671,부산광역시 서구청,2026-01-26
남부민1동,1,,부산광역시 서구 남부민1동 69-14,35.0910208,129.0233552,,한전주,051-240-4671,부산광역시 서구청,2026-01-26
남부민1동,1,,부산광역시 서구 남부민1동 69-22,35.0909339,129.0231746,,건축물,051-240-4671,부산광역시 서구청,2026-01-26
남부민1동,1,,부산광역시 서구 남부민1동 69-28,35.0908288,129.0233,,건축물,051-240-4671,부산광역시 서구청,2026-01-26
남부민1동,1,,부산광역시 서구 남부민1동 69-29,35.0908077,129.0232185,,건축물,051-240-4671,부산광역시 서구청,2026-01-26
남부민1동,1,,부산광역시 서구 남부민1동 69-32,35.0907711,129.0233848,,건축물,051-240-4671,부산광역시 서구청,2026-01-26
남부민1동,1,,부산광역시 서구 남부민1동 69-33,35.0907311,129.0234644,,건축물,051-240-4671,부산광역시 서구청,2026-01-26
남부민1동,1,,부산광역시 서구 남부민1동 69-6,35.0912784,129.0233018,,한전주,051-240-4671,부산광역시 서구청,2026-01-26
남부민1동,1,,부산광역시 서구 남부민1동 69-64,35.0904583,129.0238337,,건축물,051-240-4671,부산광역시 서구청,2026-01-26
남부민1동,1,,부산광역시 서구 남부민1동 69-69,35.0903123,129.0237735,,건축물,051-240-4671,부산광역시 서구청,2026-01-26
남부민1동,1,,부산광역시 서구 남부민1동 72-11,35.0895357,129.0235658,,건축물,051-240-4671,부산광역시 서구청,2026-01-26
남부민1동,1,,부산광역시 서구 남부민1동 72-23,35.0893379,129.0238327,,건축물,051-240-4671,부산광역시 서구청,2026-01-26
남부민1동,1,,부산광역시 서구 남부민1동 72-43,35.0893827,129.0237052,,건축물,051-240-4671,부산광역시 서구청,2026-01-26
남부민1동,1,,부산광역시 서구 남부민1동 8,35.0913614,129.0180021,,건축물,051-240-4671,부산광역시 서구청,2026-01-26
남부민1동,1,,부산광역시 서구 남부민1동 84-10,35.0902579,129.0219105,,건축물,051-240-4671,부산광역시 서구청,2026-01-26
남부민1동,1,,부산광역시 서구 남부민1동 84-5,35.0904864,129.0221267,,건축물,051-240-4671,부산광역시 서구청,2026-01-26
남부민1동,1,,부산광역시 서구 남부민1동 84-5(2),35.0904864,129.0221267,,건축물,051-240-4671,부산광역시 서구청,2026-01-26
남부민1동,1,,부산광역시 서구 남부민1동 84-8,35.0902882,129.0220453,,건축물,051-240-4671,부산광역시 서구청,2026-01-26
남부민1동,1,,부산광역시 서구 남부민1동 84-9,35.0903544,129.0219542,,건축물,051-240-4671,부산광역시 서구청,2026-01-26
남부민1동,1,,부산광역시 서구 남부민1동 85-10,35.090404,129.021312,,건축물,051-240-4671,부산광역시 서구청,2026-01-26
남부민1동,1,,부산광역시 서구 남부민1동 85-15,35.0904172,129.0214105,,건축물,051-240-4671,부산광역시 서구청,2026-01-26
남부민1동,1,,부산광역시 서구 남부민1동 85-19,35.0903385,129.0215386,,건축물,051-240-4671,부산광역시 서구청,2026-01-26
남부민1동,1,,부산광역시 서구 남부민1동 85-20,35.0902565,129.021534,,건축물,051-240-4671,부산광역시 서구청,2026-01-26
남부민1동,1,,부산광역시 서구 남부민1동 86-1,35.090402,129.0207326,,건축물,051-240-4671,부산광역시 서구청,2026-01-26
남부민1동,1,,부산광역시 서구 남부민1동 86-1(2),35.090402,129.0207326,,건축물,051-240-4671,부산광역시 서구청,2026-01-26
남부민1동,1,,부산광역시 서구 남부민1동 86-12,35.0903253,129.0210774,,건축물,051-240-4671,부산광역시 서구청,2026-01-26
남부민1동,1,,부산광역시 서구 남부민1동 86-14,35.0902849,129.0209855,,건축물,051-240-4671,부산광역시 서구청,2026-01-26
남부민1동,1,,부산광역시 서구 남부민1동 86-15,35.0900622,129.0209905,,전용주,051-240-4671,부산광역시 서구청,2026-01-26
남부민1동,1,,부산광역시 서구 남부민1동 86-3,35.0902138,129.0211634,,건축물,051-240-4671,부산광역시 서구청,2026-01-26
남부민1동,1,,부산광역시 서구 남부민1동 87-7,35.0902546,129.0214446,,건축물,051-240-4671,부산광역시 서구청,2026-01-26
남부민1동,1,,부산광역시 서구 남부민1동 88-22,35.0901035,129.0217872,,건축물,051-240-4671,부산광역시 서구청,2026-01-26
남부민1동,1,,부산광역시 서구 남부민1동 88-26,35.0901233,129.0218615,,건축물,051-240-4671,부산광역시 서구청,2026-01-26
남부민1동,1,,부산광역시 서구 남부민1동 88-29,35.08998,129.0218146,,건축물,051-240-4671,부산광역시 서구청,2026-01-26
남부민1동,1,,부산광역시 서구 남부민1동 88-30,35.0899206,129.021775,,건축물,051-240-4671,부산광역시 서구청,2026-01-26
남부민1동,1,,부산광역시 서구 남부민1동 88-34,35.0898521,129.0217424,,건축물,051-240-4671,부산광역시 서구청,2026-01-26
남부민1동,1,,부산광역시 서구 남부민1동 89-21,35.0893677,129.0216445,,건축물,051-240-4671,부산광역시 서구청,2026-01-26
남부민1동,1,,부산광역시 서구 남부민1동 89-24,35.0895325,129.0216946,,건축물,051-240-4671,부산광역시 서구청,2026-01-26
남부민1동,1,,부산광역시 서구 남부민1동 89-30,35.0897543,129.0218065,,건축물,051-240-4671,부산광역시 서구청,2026-01-26
남부민1동,1,,부산광역시 서구 남부민1동 89-32,35.0896327,129.0218166,,건축물,051-240-4671,부산광역시 서구청,2026-01-26
남부민1동,1,,부산광역시 서구 남부민1동 89-45,35.0899101,129.0213274,,건축물,051-240-4671,부산광역시 서구청,2026-01-26
남부민1동,1,,부산광역시 서구 남부민1동 89-69,35.0893835,129.0212155,,건축물,051-240-4671,부산광역시 서구청,2026-01-26
남부민1동,1,,부산광역시 서구 남부민1동 89-75,35.0898422,129.021041,,한전주,051-240-4671,부산광역시 서구청,2026-01-26
남부민1동,1,,부산광역시 서구 남부민1동 89-80,35.0897109,129.0211265,,건축물,051-240-4671,부산광역시 서구청,2026-01-26
남부민1동,1,,부산광역시 서구 남부민1동 89-83,35.0895069,129.0211687,,건축물,051-240-4671,부산광역시 서구청,2026-01-26
남부민1동,1,,부산광역시 서구 남부민1동 90-22,35.0892605,129.021182,,건축물,051-240-4671,부산광역시 서구청,2026-01-26
남부민1동,1,,부산광역시 서구 남부민1동 90-31,35.0894414,129.0209201,,건축물,051-240-4671,부산광역시 서구청,2026-01-26
남부민1동,1,,부산광역시 서구 남부민1동 90-35,35.0896939,129.0209254,,건축물,051-240-4671,부산광역시 서구청,2026-01-26
남부민1동,1,,부산광역시 서구 남부민1동 93-26,35.0889685,129.0213517,,전용주,051-240-4671,부산광역시 서구청,2026-01-26
남부민1동,1,,부산광역시 서구 남부민1동 산4-33,35.0887338,129.0176519,,전용주,051-240-4671,부산광역시 서구청,2026-01-26
남부민1동,1,,부산광역시 서구 남부민1동 107-15,35.0890339,129.0237667,,건축물,051-240-4671,부산광역시 서구청,2026-01-26
남부민1동,1,,부산광역시 서구 남부민1동 107-26,35.0890691,129.0236946,,건축물,051-240-4671,부산광역시 서구청,2026-01-26
남부민1동,1,,부산광역시 서구 남부민1동 107-8,35.0891773,129.0235254,,건축물,051-240-4671,부산광역시 서구청,2026-01-26
남부민1동,1,,부산광역시 서구 남부민1동 109-12,35.0890411,129.023492,,건축물,051-240-4671,부산광역시 서구청,2026-01-26
남부민2동,1,,부산광역시 서구 남부민2동 116-14,35.0880333,129.0225368,,건축물,051-240-4671,부산광역시 서구청,2026-01-26
남부민2동,1,,부산광역시 서구 남부민2동 117-2,35.0880765,129.0223882,,한전주,051-240-4671,부산광역시 서구청,2026-01-26
남부민2동,1,,부산광역시 서구 남부민2동 121-3,35.0878127,129.022659,,건축물,051-240-4671,부산광역시 서구청,2026-01-26
남부민2동,1,,부산광역시 서구 남부민2동 121-9,35.0879641,129.0227763,,건축물,051-240-4671,부산광역시 서구청,2026-01-26
남부민2동,1,,부산광역시 서구 남부민2동 144-15,35.0877408,129.023027,,한전주,051-240-4671,부산광역시 서구청,2026-01-26
남부민2동,1,,부산광역시 서구 남부민2동 144-21,35.0879339,129.0228767,,건축물,051-240-4671,부산광역시 서구청,2026-01-26
남부민2동,1,,부산광역시 서구 남부민2동 144-34,35.0878314,129.0231115,,건축물,051-240-4671,부산광역시 서구청,2026-01-26
남부민2동,1,,부산광역시 서구 남부민2동 144-8,35.0878366,129.0227897,,건축물,051-240-4671,부산광역시 서구청,2026-01-26
남부민2동,1,,부산광역시 서구 남부민2동 147-6,35.0875555,129.0229577,,건축물,051-240-4671,부산광역시 서구청,2026-01-26
남부민2동,1,,부산광역시 서구 남부민2동 148-10,35.0873698,129.0229398,,건축물,051-240-4671,부산광역시 서구청,2026-01-26
남부민2동,1,,부산광역시 서구 남부민2동 148-27,35.0874943,129.022675,,건축물,051-240-4671,부산광역시 서구청,2026-01-26
남부민2동,1,,부산광역시 서구 남부민2동 148-6,35.0875147,129.022849,,건축물,051-240-4671,부산광역시 서구청,2026-01-26
남부민2동,1,,부산광역시 서구 남부민2동 150-15,35.0873857,129.0232566,,한전주,051-240-4671,부산광역시 서구청,2026-01-26
남부민2동,1,,부산광역시 서구 남부민2동 156-2,35.086877,129.0232146,,건축물,051-240-4671,부산광역시 서구청,2026-01-26
남부민2동,1,,부산광역시 서구 남부민2동 162,35.0871945,129.0230578,,건축물,051-240-4671,부산광역시 서구청,2026-01-26
남부민2동,1,,부산광역시 서구 남부민2동 163-1,35.0870265,129.022983,,건축물,051-240-4671,부산광역시 서구청,2026-01-26
남부민2동,1,,부산광역시 서구 남부민2동 185-6,35.0868338,129.0228048,,건축물,051-240-4671,부산광역시 서구청,2026-01-26
남부민2동,1,,부산광역시 서구 남부민2동 186,35.08674,129.0230048,,건축물,051-240-4671,부산광역시 서구청,2026-01-26
남부민2동,1,,부산광역시 서구 남부민2동 189-1,35.0870482,129.0227983,,건축물,051-240-4671,부산광역시 서구청,2026-01-26
남부민2동,1,,부산광역시 서구 남부민2동 192,35.0871187,129.0227133,,건축물,051-240-4671,부산광역시 서구청,2026-01-26
남부민2동,1,,부산광역시 서구 남부민2동 194-1,35.0872372,129.0225922,,건축물,051-240-4671,부산광역시 서구청,2026-01-26
남부민2동,1,,부산광역시 서구 남부민2동 195-1,35.0872457,129.0224966,,한전주,051-240-4671,부산광역시 서구청,2026-01-26
남부민2동,1,,부산광역시 서구 남부민2동 202-2,35.0869876,129.0222444,,건축물,051-240-4671,부산광역시 서구청,2026-01-26
남부민2동,1,,부산광역시 서구 남부민2동 206-4,35.0869029,129.0225313,,건축물,051-240-4671,부산광역시 서구청,2026-01-26
남부민2동,1,,부산광역시 서구 남부민2동 208-4,35.0866467,129.0222608,,건축물,051-240-4671,부산광역시 서구청,2026-01-26
남부민2동,1,,부산광역시 서구 남부민2동 216-1,35.0867716,129.0219104,,건축물,051-240-4671,부산광역시 서구청,2026-01-26
남부민2동,1,,부산광역시 서구 남부민2동 216-2,35.0865843,129.0220735,,건축물,051-240-4671,부산광역시 서구청,2026-01-26
남부민2동,1,,부산광역시 서구 남부민2동 216-6,35.0865768,129.0220175,,건축물,051-240-4671,부산광역시 서구청,2026-01-26
남부민2동,1,,부산광역시 서구 남부민2동 216-7,35.0867294,129.021914,,건축물,051-240-4671,부산광역시 서구청,2026-01-26
남부민2동,1,,부산광역시 서구 남부민2동 216-9,35.0865786,129.0219373,,건축물,051-240-4671,부산광역시 서구청,2026-01-26
남부민2동,1,,부산광역시 서구 남부민2동 217-1,35.0867522,129.0217421,,건축물,051-240-4671,부산광역시 서구청,2026-01-26
남부민2동,1,,부산광역시 서구 남부민2동 217-4,35.0865748,129.0216623,,건축물,051-240-4671,부산광역시 서구청,2026-01-26
남부민2동,1,,부산광역시 서구 남부민2동 217-7,35.0863226,129.0214514,,건축물,051-240-4671,부산광역시 서구청,2026-01-26
남부민2동,1,,부산광역시 서구 남부민2동 221-9,35.0862316,129.0215194,,건축물,051-240-4671,부산광역시 서구청,2026-01-26
남부민2동,1,,부산광역시 서구 남부민2동 222-10,35.0863286,129.0220747,,건축물,051-240-4671,부산광역시 서구청,2026-01-26
남부민2동,1,,부산광역시 서구 남부민2동 222-8,35.0863936,129.0221232,,건축물,051-240-4671,부산광역시 서구청,2026-01-26
남부민2동,1,,부산광역시 서구 남부민2동 223-4,35.0863831,129.0221969,,건축물,051-240-4671,부산광역시 서구청,2026-01-26
남부민2동,1,,부산광역시 서구 남부민2동 224,35.0867318,129.0226414,,건축물,051-240-4671,부산광역시 서구청,2026-01-26
남부민2동,1,,부산광역시 서구 남부민2동 225,35.0866389,129.0224847,,건축물,051-240-4671,부산광역시 서구청,2026-01-26
남부민2동,1,,부산광역시 서구 남부민2동 227-1,35.0866211,129.0227059,,건축물,051-240-4671,부산광역시 서구청,2026-01-26
남부민2동,1,,부산광역시 서구 남부민2동 227-1(2),35.0866211,129.0227059,,건축물,051-240-4671,부산광역시 서구청,2026-01-26
남부민2동,1,,부산광역시 서구 남부민2동 234-2,35.0863309,129.0225375,,건축물,051-240-4671,부산광역시 서구청,2026-01-26
남부민2동,1,,부산광역시 서구 남부민2동 237-2,35.0860819,129.0225389,,건축물,051-240-4671,부산광역시 서구청,2026-01-26
남부민2동,1,,부산광역시 서구 남부민2동 242-2,35.0862826,129.0222788,,건축물,051-240-4671,부산광역시 서구청,2026-01-26
남부민2동,1,,부산광역시 서구 남부민2동 248-1,35.0859328,129.0220994,,건축물,051-240-4671,부산광역시 서구청,2026-01-26
남부민2동,1,,부산광역시 서구 남부민2동 248-1(2),35.0859328,129.0220994,,건축물,051-240-4671,부산광역시 서구청,2026-01-26
남부민2동,1,,부산광역시 서구 남부민2동 248-5,35.0859356,129.0219679,,건축물,051-240-4671,부산광역시 서구청,2026-01-26
남부민2동,1,,부산광역시 서구 남부민2동 249,35.0858112,129.022243,,건축물,051-240-4671,부산광역시 서구청,2026-01-26
남부민2동,1,,부산광역시 서구 남부민2동 251-1,35.0858165,129.0223321,,한전주,051-240-4671,부산광역시 서구청,2026-01-26
남부민2동,1,,부산광역시 서구 남부민2동 389,35.0856109,129.0221477,,건축물,051-240-4671,부산광역시 서구청,2026-01-26
남부민2동,1,,부산광역시 서구 남부민2동 393-4,35.0853292,129.022019,,건축물,051-240-4671,부산광역시 서구청,2026-01-26
남부민2동,1,,부산광역시 서구 남부민2동 399,35.0856114,129.0216029,,한전주,051-240-4671,부산광역시 서구청,2026-01-26
남부민2동,1,,부산광역시 서구 남부민2동 400,35.0856372,129.0214995,,건축물,051-240-4671,부산광역시 서구청,2026-01-26
남부민2동,1,,부산광역시 서구 남부민2동 403-1,35.0857847,129.0215919,,건축물,051-240-4671,부산광역시 서구청,2026-01-26
남부민2동,1,,부산광역시 서구 남부민2동 408,35.0860547,129.0218305,,건축물,051-240-4671,부산광역시 서구청,2026-01-26
남부민2동,1,,부산광역시 서구 남부민2동 413,35.08605,129.0214687,,건축물,051-240-4671,부산광역시 서구청,2026-01-26
남부민2동,1,,부산광역시 서구 남부민2동 414,35.0859527,129.0214652,,건축물,051-240-4671,부산광역시 서구청,2026-01-26
남부민2동,1,,부산광역시 서구 남부민2동 417,35.0857851,129.0212865,,건축물,051-240-4671,부산광역시 서구청,2026-01-26
남부민2동,1,,부산광역시 서구 남부민2동 421-1,35.0857641,129.0210303,,건축물,051-240-4671,부산광역시 서구청,2026-01-26
남부민2동,1,,부산광역시 서구 남부민2동 421-3,35.0855841,129.0210489,,건축물,051-240-4671,부산광역시 서구청,2026-01-26
남부민2동,1,,부산광역시 서구 남부민2동 422-13,35.0854819,129.020899,,건축물,051-240-4671,부산광역시 서구청,2026-01-26
남부민2동,1,,부산광역시 서구 남부민2동 422-20,35.0853952,129.0204587,,건축물,051-240-4671,부산광역시 서구청,2026-01-26
남부민2동,1,,부산광역시 서구 남부민2동 427-9,35.0846342,129.01959,,건축물,051-240-4671,부산광역시 서구청,2026-01-26
남부민2동,1,,부산광역시 서구 남부민2동 428-105,35.0848711,129.0197662,,한전주,051-240-4671,부산광역시 서구청,2026-01-26
남부민2동,1,,부산광역시 서구 남부민2동 428-120,35.0846682,129.0199543,,건축물,051-240-4671,부산광역시 서구청,2026-01-26
남부민2동,1,,부산광역시 서구 남부민2동 428-125,35.0844785,129.01982,,건축물,051-240-4671,부산광역시 서구청,2026-01-26
남부민2동,1,,부산광역시 서구 남부민2동 428-13,35.0855351,129.0203547,,건축물,051-240-4671,부산광역시 서구청,2026-01-26
남부민2동,1,,부산광역시 서구 남부민2동 428-149,35.0842912,129.0189727,,건축물,051-240-4671,부산광역시 서구청,2026-01-26
남부민2동,1,,부산광역시 서구 남부민2동 428-154,35.0844029,129.0188802,,건축물,051-240-4671,부산광역시 서구청,2026-01-26
남부민2동,1,,부산광역시 서구 남부민2동 428-177,35.0843821,129.0184946,,건축물,051-240-4671,부산광역시 서구청,2026-01-26
남부민2동,1,,부산광역시 서구 남부민2동 428-192,35.0845307,129.0182625,,한전주,051-240-4671,부산광역시 서구청,2026-01-26
남부민2동,1,,부산광역시 서구 남부민2동 428-193,35.0846212,129.0180057,,건축물,051-240-4671,부산광역시 서구청,2026-01-26
남부민2동,1,,부산광역시 서구 남부민2동 428-195,35.0844851,129.0181099,,건축물,051-240-4671,부산광역시 서구청,2026-01-26
남부민2동,1,,부산광역시 서구 남부민2동 428-207,35.0846515,129.0171923,,건축물,051-240-4671,부산광역시 서구청,2026-01-26
남부민2동,1,,부산광역시 서구 남부민2동 428-208,35.0845585,129.0174697,,건축물,051-240-4671,부산광역시 서구청,2026-01-26
남부민2동,1,,부산광역시 서구 남부민2동 428-221,35.0843199,129.0173789,,건축물,051-240-4671,부산광역시 서구청,2026-01-26
남부민2동,1,,부산광역시 서구 남부민2동 428-222,35.0842958,129.0171418,,건축물,051-240-4671,부산광역시 서구청,2026-01-26
남부민2동,1,,부산광역시 서구 남부민2동 428-23,35.0853631,129.0201668,,한전주,051-240-4671,부산광역시 서구청,2026-01-26
남부민2동,1,,부산광역시 서구 남부민2동 428-240,35.0845926,129.0166014,,한전주,051-240-4671,부산광역시 서구청,2026-01-26
남부민2동,1,,부산광역시 서구 남부민2동 428-241,35.0845226,129.0165663,,건축물,051-240-4671,부산광역시 서구청,2026-01-26
남부민2동,1,,부산광역시 서구 남부민2동 428-244,35.0846126,129.0163281,,한전주,051-240-4671,부산광역시 서구청,2026-01-26
남부민2동,1,,부산광역시 서구 남부민2동 428-253,35.0849975,129.0166949,,전용주,051-240-4671,부산광역시 서구청,2026-01-26
남부민2동,1,,부산광역시 서구 남부민2동 428-255,35.0850087,129.0164389,,건축물,051-240-4671,부산광역시 서구청,2026-01-26
남부민2동,1,,부산광역시 서구 남부민2동 428-261,35.0851581,129.0163762,,건축물,051-240-4671,부산광역시 서구청,2026-01-26
남부민2동,1,,부산광역시 서구 남부민2동 428-271,35.0852378,129.0164042,,건축물,051-240-4671,부산광역시 서구청,2026-01-26
남부민2동,1,,부산광역시 서구 남부민2동 428-275,35.0850836,129.0159476,,건축물,051-240-4671,부산광역시 서구청,2026-01-26
남부민2동,1,,부산광역시 서구 남부민2동 428-282,35.0846672,129.0158763,,건축물,051-240-4671,부산광역시 서구청,2026-01-26
남부민2동,1,,부산광역시 서구 남부민2동 428-30,35.085238,129.0199852,,건축물,051-240-4671,부산광역시 서구청,2026-01-26
남부민2동,1,,부산광역시 서구 남부민2동 428-304,35.0844288,129.0158064,,건축물,051-240-4671,부산광역시 서구청,2026-01-26
남부민2동,1,,부산광역시 서구 남부민2동 428-314,35.0844571,129.0186467,,건축물,051-240-4671,부산광역시 서구청,2026-01-26
남부민2동,1,,부산광역시 서구 남부민2동 428-318,35.084446,129.0168849,,건축물,051-240-4671,부산광역시 서구청,2026-01-26
남부민2동,1,,부산광역시 서구 남부민2동 428-32,35.0851578,129.0199355,,한전주,051-240-4671,부산광역시 서구청,2026-01-26
남부민2동,1,,부산광역시 서구 남부민2동 428-325,35.0844805,129.0177193,,건축물,051-240-4671,부산광역시 서구청,2026-01-26
남부민2동,1,,부산광역시 서구 남부민2동 428-360,35.0855054,129.020088,,건축물,051-240-4671,부산광역시 서구청,2026-01-26
남부민2동,1,,부산광역시 서구 남부민2동 428-360(2),35.0855054,129.020088,,한전주,051-240-4671,부산광역시 서구청,2026-01-26
남부민2동,1,,부산광역시 서구 남부민2동 428-361,35.0854294,129.0199953,,건축물,051-240-4671,부산광역시 서구청,2026-01-26
남부민2동,1,,부산광역시 서구 남부민2동 428-361(2),35.0854294,129.0199953,,건축물,051-240-4671,부산광역시 서구청,2026-01-26
남부민2동,1,,부산광역시 서구 남부민2동 428-37,35.0851364,129.0196819,,건축물,051-240-4671,부산광역시 서구청,2026-01-26
남부민2동,1,,부산광역시 서구 남부민2동 428-45,35.0852495,129.0197398,,한전주,051-240-4671,부산광역시 서구청,2026-01-26
남부민2동,1,,부산광역시 서구 남부민2동 428-468,35.0846377,129.0174615,,건축물,051-240-4671,부산광역시 서구청,2026-01-26
남부민2동,1,,부산광역시 서구 남부민2동 428-480,35.0845529,129.0173417,,건축물,051-240-4671,부산광역시 서구청,2026-01-26
남부민2동,1,,부산광역시 서구 남부민2동 428-481,35.0848273,129.0161573,,한전주,051-240-4671,부산광역시 서구청,2026-01-26
남부민2동,1,,부산광역시 서구 남부민2동 428-481(2),35.0848273,129.0161573,,건축물,051-240-4671,부산광역시 서구청,2026-01-26
남부민2동,1,,부산광역시 서구 남부민2동 428-50,35.0850698,129.0193104,,건축물,051-240-4671,부산광역시 서구청,2026-01-26
남부민2동,1,,부산광역시 서구 남부민2동 428-51,35.0849765,129.0193592,,건축물,051-240-4671,부산광역시 서구청,2026-01-26
남부민2동,1,,부산광역시 서구 남부민2동 428-61,35.0850166,129.0191728,,한전주,051-240-4671,부산광역시 서구청,2026-01-26
남부민2동,1,,부산광역시 서구 남부민2동 428-75,35.0846748,129.0183215,,건축물,051-240-4671,부산광역시 서구청,2026-01-26
남부민2동,1,,부산광역시 서구 남부민2동 428-78,35.0845996,129.0183494,,건축물,051-240-4671,부산광역시 서구청,2026-01-26
남부민2동,1,,부산광역시 서구 남부민2동 428-85,35.0845313,129.0187314,,한전주,051-240-4671,부산광역시 서구청,2026-01-26
남부민2동,1,,부산광역시 서구 남부민2동 428-87,35.0845602,129.0189212,,건축물,051-240-4671,부산광역시 서구청,2026-01-26
남부민2동,1,,부산광역시 서구 남부민2동 428-91,35.0846853,129.0190426,,건축물,051-240-4671,부산광역시 서구청,2026-01-26
남부민2동,1,,부산광역시 서구 남부민2동 428-91(2),35.0846853,129.0190426,,건축물,051-240-4671,부산광역시 서구청,2026-01-26
남부민2동,1,,부산광역시 서구 남부민2동 428-96,35.0849551,129.019619,,건축물,051-240-4671,부산광역시 서구청,2026-01-26
남부민2동,1,,부산광역시 서구 남부민2동 428-96(2),35.0849551,129.019619,,건축물,051-240-4671,부산광역시 서구청,2026-01-26
남부민2동,1,,부산광역시 서구 남부민2동 429-104,35.0839718,129.0184771,,건축물,051-240-4671,부산광역시 서구청,2026-01-26
남부민2동,1,,부산광역시 서구 남부민2동 429-105,35.0841233,129.0183867,,건축물,051-240-4671,부산광역시 서구청,2026-01-26
남부민2동,1,,부산광역시 서구 남부민2동 429-111,35.0840641,129.0180909,,건축물,051-240-4671,부산광역시 서구청,2026-01-26
남부민2동,1,,부산광역시 서구 남부민2동 429-119,35.084057,129.0177357,,건축물,051-240-4671,부산광역시 서구청,2026-01-26
남부민2동,1,,부산광역시 서구 남부민2동 429-124,35.0839195,129.0181384,,건축물,051-240-4671,부산광역시 서구청,2026-01-26
남부민2동,1,,부산광역시 서구 남부민2동 429-131,35.0840785,129.0175904,,건축물,051-240-4671,부산광역시 서구청,2026-01-26
남부민2동,1,,부산광역시 서구 남부민2동 429-133,35.0839571,129.0174958,,건축물,051-240-4671,부산광역시 서구청,2026-01-26
남부민2동,1,,부산광역시 서구 남부민2동 429-135,35.0839028,129.0173341,,건축물,051-240-4671,부산광역시 서구청,2026-01-26
남부민2동,1,,부산광역시 서구 남부민2동 429-139,35.0837654,129.0177025,,건축물,051-240-4671,부산광역시 서구청,2026-01-26
남부민2동,1,,부산광역시 서구 남부민2동 429-140,35.0837577,129.0178454,,건축물,051-240-4671,부산광역시 서구청,2026-01-26
남부민2동,1,,부산광역시 서구 남부민2동 429-143,35.0837268,129.0180162,,건축물,051-240-4671,부산광역시 서구청,2026-01-26
남부민2동,1,,부산광역시 서구 남부민2동 429-146,35.0836132,129.0179506,,건축물,051-240-4671,부산광역시 서구청,2026-01-26
남부민2동,1,,부산광역시 서구 남부민2동 429-16,35.0839839,129.0192183,,건축물,051-240-4671,부산광역시 서구청,2026-01-26
남부민2동,1,,부산광역시 서구 남부민2동 429-161,35.0836692,129.0177328,,한전주,051-240-4671,부산광역시 서구청,2026-01-26
남부민2동,1,,부산광역시 서구 남부민2동 429-163,35.0837295,129.0175753,,한전주,051-240-4671,부산광역시 서구청,2026-01-26
남부민2동,1,,부산광역시 서구 남부민2동 429-175,35.0840495,129.0172568,,건축물,051-240-4671,부산광역시 서구청,2026-01-26
남부민2동,1,,부산광역시 서구 남부민2동 429-195,35.0839583,129.0167538,,건축물,051-240-4671,부산광역시 서구청,2026-01-26
남부민2동,1,,부산광역시 서구 남부민2동 429-198,35.0838464,129.0168135,,건축물,051-240-4671,부산광역시 서구청,2026-01-26
남부민2동,1,,부산광역시 서구 남부민2동 429-199,35.083807,129.0167069,,건축물,051-240-4671,부산광역시 서구청,2026-01-26
남부민2동,1,,부산광역시 서구 남부민2동 429-22,35.0837158,129.0189589,,건축물,051-240-4671,부산광역시 서구청,2026-01-26
남부민2동,1,,부산광역시 서구 남부민2동 429-28,35.0836119,129.0192291,,건축물,051-240-4671,부산광역시 서구청,2026-01-26
남부민2동,1,,부산광역시 서구 남부민2동 429-38,35.0839807,129.0195987,,건축물,051-240-4671,부산광역시 서구청,2026-01-26
남부민2동,1,,부산광역시 서구 남부민2동 429-59,35.0835326,129.0187773,,건축물,051-240-4671,부산광역시 서구청,2026-01-26
남부민2동,1,,부산광역시 서구 남부민2동 429-63,35.0836154,129.0187447,,건축물,051-240-4671,부산광역시 서구청,2026-01-26
남부민2동,1,,부산광역시 서구 남부민2동 429-66,35.0835566,129.0185469,,건축물,051-240-4671,부산광역시 서구청,2026-01-26
남부민2동,1,,부산광역시 서구 남부민2동 429-87,35.0841314,129.0188273,,한전주,051-240-4671,부산광역시 서구청,2026-01-26
남부민2동,1,,부산광역시 서구 남부민2동 429-90,35.084006,129.0186088,,건축물,051-240-4671,부산광역시 서구청,2026-01-26
남부민2동,1,,부산광역시 서구 남부민2동 430-12,35.0842421,129.0167841,,한전주,051-240-4671,부산광역시 서구청,2026-01-26
남부민2동,1,,부산광역시 서구 남부민2동 434-103,35.0830353,129.0167505,,건축물,051-240-4671,부산광역시 서구청,2026-01-26
남부민2동,1,,부산광역시 서구 남부민2동 434-103(2),35.0830353,129.0167505,,한전주,051-240-4671,부산광역시 서구청,2026-01-26
남부민2동,1,,부산광역시 서구 남부민2동 434-13,35.0840271,129.0156559,,건축물,051-240-4671,부산광역시 서구청,2026-01-26
남부민2동,1,,부산광역시 서구 남부민2동 434-144,35.0833858,129.0170658,,건축물,051-240-4671,부산광역시 서구청,2026-01-26
남부민2동,1,,부산광역시 서구 남부민2동 434-190,35.0828675,129.0176832,,건축물,051-240-4671,부산광역시 서구청,2026-01-26
남부민2동,1,,부산광역시 서구 남부민2동 434-210,35.0826821,129.0173008,,건축물,051-240-4671,부산광역시 서구청,2026-01-26
남부민2동,1,,부산광역시 서구 남부민2동 434-214,35.0840487,129.0166719,,건축물,051-240-4671,부산광역시 서구청,2026-01-26
남부민2동,1,,부산광역시 서구 남부민2동 434-221,35.0837198,129.0166081,,건축물,051-240-4671,부산광역시 서구청,2026-01-26
남부민2동,1,,부산광역시 서구 남부민2동 434-229,35.0840625,129.0164764,,건축물,051-240-4671,부산광역시 서구청,2026-01-26
남부민2동,1,,부산광역시 서구 남부민2동 434-23,35.0839965,129.015999,,건축물,051-240-4671,부산광역시 서구청,2026-01-26
남부민2동,1,,부산광역시 서구 남부민2동 434-277,35.0833729,129.0163758,,건축물,051-240-4671,부산광역시 서구청,2026-01-26
남부민2동,1,,부산광역시 서구 남부민2동 434-294,35.0834301,129.0169586,,건축물,051-240-4671,부산광역시 서구청,2026-01-26
남부민2동,1,,부산광역시 서구 남부민2동 434-329,35.0831396,129.0168306,,한전주,051-240-4671,부산광역시 서구청,2026-01-26
남부민2동,1,,부산광역시 서구 남부민2동 434-355,35.082766,129.017506,,건축물,051-240-4671,부산광역시 서구청,2026-01-26
남부민2동,1,,부산광역시 서구 남부민2동 434-356,35.0827566,129.0171511,,한전주,051-240-4671,부산광역시 서구청,2026-01-26
남부민2동,1,,부산광역시 서구 남부민2동 434-53,35.0837319,129.0161957,,한전주,051-240-4671,부산광역시 서구청,2026-01-26
남부민2동,1,,부산광역시 서구 남부민2동 434-54,35.0838569,129.0160855,,건축물,051-240-4671,부산광역시 서구청,2026-01-26
남부민2동,1,,부산광역시 서구 남부민2동 434-62,35.0838484,129.0162303,,건축물,051-240-4671,부산광역시 서구청,2026-01-26
남부민2동,1,,부산광역시 서구 남부민2동 434-7,35.0841434,129.015622,,한전주,051-240-4671,부산광역시 서구청,2026-01-26
남부민2동,1,,부산광역시 서구 남부민2동 434-71,35.0836614,129.0164391,,건축물,051-240-4671,부산광역시 서구청,2026-01-26
남부민2동,1,,부산광역시 서구 남부민2동 434-74,35.0836237,129.0165469,,건축물,051-240-4671,부산광역시 서구청,2026-01-26
남부민2동,1,,부산광역시 서구 남부민2동 434-76,35.0835736,129.0167145,,건축물,051-240-4671,부산광역시 서구청,2026-01-26
남부민2동,1,,부산광역시 서구 남부민2동 434-86,35.0830961,129.0172804,,한전주,051-240-4671,부산광역시 서구청,2026-01-26
남부민2동,1,,부산광역시 서구 남부민2동 434-86(2),35.0830961,129.0172804,,건축물,051-240-4671,부산광역시 서구청,2026-01-26
남부민2동,1,,부산광역시 서구 남부민2동 434-96,35.0833308,129.0165384,,한전주,051-240-4671,부산광역시 서구청,2026-01-26
남부민2동,1,,부산광역시 서구 남부민2동 436,35.0840997,129.0194684,,건축물,051-240-4671,부산광역시 서구청,2026-01-26
남부민2동,1,,부산광역시 서구 남부민2동 436-24,35.0843399,129.0193335,,건축물,051-240-4671,부산광역시 서구청,2026-01-26
남부민2동,1,,부산광역시 서구 남부민2동 436-3,35.0843275,129.0195985,,건축물,051-240-4671,부산광역시 서구청,2026-01-26
남부민2동,1,,부산광역시 서구 남부민2동 438-2,35.0837057,129.0196073,,건축물,051-240-4671,부산광역시 서구청,2026-01-26
남부민2동,1,,부산광역시 서구 남부민2동 439-16,35.0835964,129.0173891,,건축물,051-240-4671,부산광역시 서구청,2026-01-26
남부민2동,1,,부산광역시 서구 남부민2동 610-149,35.0831801,129.0208442,,건축물,051-240-4671,부산광역시 서구청,2026-01-26
남부민2동,1,,부산광역시 서구 남부민2동 610-46,35.0830672,129.0209802,,건축물,051-240-4671,부산광역시 서구청,2026-01-26
남부민2동,1,,부산광역시 서구 남부민2동 611-201,35.0824988,129.0241614,,건축물,051-240-4671,부산광역시 서구청,2026-01-26
남부민2동,1,,부산광역시 서구 남부민2동 629-3,35.0845141,129.0201901,,건축물,051-240-4671,부산광역시 서구청,2026-01-26
남부민2동,1,,부산광역시 서구 남부민2동 671-9,35.0855913,129.0243894,,건축물,051-240-4671,부산광역시 서구청,2026-01-26
남부민2동,1,,부산광역시 서구 남부민2동 93-15,35.088701,129.0213452,,건축물,051-240-4671,부산광역시 서구청,2026-01-26
남부민2동,1,,부산광역시 서구 남부민2동 93-20,35.0883564,129.021506,,건축물,051-240-4671,부산광역시 서구청,2026-01-26
남부민2동,1,,부산광역시 서구 남부민2동 93-39,35.0886626,129.0215646,,한전주,051-240-4671,부산광역시 서구청,2026-01-26
남부민2동,1,,부산광역시 서구 남부민2동 93-58,35.0887048,129.0211791,,건축물,051-240-4671,부산광역시 서구청,2026-01-26
남부민2동,1,,부산광역시 서구 남부민2동 93-62,35.0887681,129.0212872,,건축물,051-240-4671,부산광역시 서구청,2026-01-26
남부민2동,1,,부산광역시 서구 남부민2동 93-65,35.0881165,129.0215142,,건축물,051-240-4671,부산광역시 서구청,2026-01-26
남부민2동,1,,부산광역시 서구 남부민2동 93-77,35.0883709,129.0212172,,건축물,051-240-4671,부산광역시 서구청,2026-01-26
남부민2동,1,,부산광역시 서구 남부민2동 93-80,35.0881536,129.0212374,,건축물,051-240-4671,부산광역시 서구청,2026-01-26
남부민2동,1,,부산광역시 서구 남부민2동 93-88,35.0884494,129.0214007,,건축물,051-240-4671,부산광역시 서구청,2026-01-26
남부민2동,1,,부산광역시 서구 남부민2동 94-121,35.087344,129.0223792,,건축물,051-240-4671,부산광역시 서구청,2026-01-26
남부민2동,1,,부산광역시 서구 남부민2동 94-126,35.0875057,129.0222326,,건축물,051-240-4671,부산광역시 서구청,2026-01-26
남부민2동,1,,부산광역시 서구 남부민2동 94-127,35.0874496,129.0222656,,한전주,051-240-4671,부산광역시 서구청,2026-01-26
남부민2동,1,,부산광역시 서구 남부민2동 94-131,35.0873166,129.0221269,,건축물,051-240-4671,부산광역시 서구청,2026-01-26
남부민2동,1,,부산광역시 서구 남부민2동 94-134,35.0871307,129.0219707,,건축물,051-240-4671,부산광역시 서구청,2026-01-26
남부민2동,1,,부산광역시 서구 남부민2동 94-14,35.0877184,129.0218958,,건축물,051-240-4671,부산광역시 서구청,2026-01-26
남부민2동,1,,부산광역시 서구 남부민2동 94-162,35.0873214,129.0225291,,건축물,051-240-4671,부산광역시 서구청,2026-01-26
남부민2동,1,,부산광역시 서구 남부민2동 94-163,35.0870624,129.0210722,,건축물,051-240-4671,부산광역시 서구청,2026-01-26
남부민2동,1,,부산광역시 서구 남부민2동 94-168,35.0868615,129.0212867,,건축물,051-240-4671,부산광역시 서구청,2026-01-26
남부민2동,1,,부산광역시 서구 남부민2동 94-17,35.0875515,129.0218774,,건축물,051-240-4671,부산광역시 서구청,2026-01-26
남부민2동,1,,부산광역시 서구 남부민2동 94-170,35.0867554,129.0214518,,건축물,051-240-4671,부산광역시 서구청,2026-01-26
남부민2동,1,,부산광역시 서구 남부민2동 94-180,35.086733,129.0209321,,건축물,051-240-4671,부산광역시 서구청,2026-01-26
남부민2동,1,,부산광역시 서구 남부민2동 94-180(2),35.086733,129.0209321,,건축물,051-240-4671,부산광역시 서구청,2026-01-26
남부민2동,1,,부산광역시 서구 남부민2동 94-183,35.086623,129.0209606,,건축물,051-240-4671,부산광역시 서구청,2026-01-26
남부민2동,1,,부산광역시 서구 남부민2동 94-194,35.0864119,129.0210724,,건축물,051-240-4671,부산광역시 서구청,2026-01-26
남부민2동,1,,부산광역시 서구 남부민2동 94-197,35.0863359,129.0211742,,건축물,051-240-4671,부산광역시 서구청,2026-01-26
남부민2동,1,,부산광역시 서구 남부민2동 94-207,35.0863643,129.0208907,,건축물,051-240-4671,부산광역시 서구청,2026-01-26
남부민2동,1,,부산광역시 서구 남부민2동 94-209,35.0864385,129.0209178,,건축물,051-240-4671,부산광역시 서구청,2026-01-26
남부민2동,1,,부산광역시 서구 남부민2동 94-21,35.0877459,129.0216364,,건축물,051-240-4671,부산광역시 서구청,2026-01-26
남부민2동,1,,부산광역시 서구 남부민2동 94-213,35.0865453,129.0208231,,건축물,051-240-4671,부산광역시 서구청,2026-01-26
남부민2동,1,,부산광역시 서구 남부민2동 94-216,35.0862952,129.02053,,건축물,051-240-4671,부산광역시 서구청,2026-01-26
남부민2동,1,,부산광역시 서구 남부민2동 94-219,35.0862392,129.0207768,,건축물,051-240-4671,부산광역시 서구청,2026-01-26
남부민2동,1,,부산광역시 서구 남부민2동 94-223,35.086194,129.0208837,,건축물,051-240-4671,부산광역시 서구청,2026-01-26
남부민2동,1,,부산광역시 서구 남부민2동 94-225,35.0861594,129.0210218,,건축물,051-240-4671,부산광역시 서구청,2026-01-26
남부민2동,1,,부산광역시 서구 남부민2동 94-231,35.0860758,129.0209067,,건축물,051-240-4671,부산광역시 서구청,2026-01-26
남부민2동,1,,부산광역시 서구 남부민2동 94-24,35.087853,129.0215527,,건축물,051-240-4671,부산광역시 서구청,2026-01-26
남부민2동,1,,부산광역시 서구 남부민2동 94-240,35.0860821,129.0205916,,한전주,051-240-4671,부산광역시 서구청,2026-01-26
남부민2동,1,,부산광역시 서구 남부민2동 94-241,35.0861174,129.0207006,,건축물,051-240-4671,부산광역시 서구청,2026-01-26
남부민2동,1,,부산광역시 서구 남부민2동 94-251,35.0857763,129.0206537,,건축물,051-240-4671,부산광역시 서구청,2026-01-26
남부민2동,1,,부산광역시 서구 남부민2동 94-252,35.0857313,129.0205148,,건축물,051-240-4671,부산광역시 서구청,2026-01-26
남부민2동,1,,부산광역시 서구 남부민2동 94-253,35.0858125,129.0204602,,건축물,051-240-4671,부산광역시 서구청,2026-01-26
남부민2동,1,,부산광역시 서구 남부민2동 94-28,35.0880321,129.0215818,,건축물,051-240-4671,부산광역시 서구청,2026-01-26
남부민2동,1,,부산광역시 서구 남부민2동 94-283,35.0876644,129.0216756,,건축물,051-240-4671,부산광역시 서구청,2026-01-26
남부민2동,1,,부산광역시 서구 남부민2동 94-294,35.0871279,129.0216368,,건축물,051-240-4671,부산광역시 서구청,2026-01-26
남부민2동,1,,부산광역시 서구 남부민2동 94-322,35.0876231,129.0222823,,건축물,051-240-4671,부산광역시 서구청,2026-01-26
남부민2동,1,,부산광역시 서구 남부민2동 94-325,35.0877055,129.0213447,,건축물,051-240-4671,부산광역시 서구청,2026-01-26
남부민2동,1,,부산광역시 서구 남부민2동 94-331,35.08739,129.0213514,,건축물,051-240-4671,부산광역시 서구청,2026-01-26
남부민2동,1,,부산광역시 서구 남부민2동 94-34,35.0878836,129.021464,,건축물,051-240-4671,부산광역시 서구청,2026-01-26
남부민2동,1,,부산광역시 서구 남부민2동 94-340,35.0879014,129.0219589,,건축물,051-240-4671,부산광역시 서구청,2026-01-26
남부민2동,1,,부산광역시 서구 남부민2동 94-353,35.0874212,129.0224375,,건축물,051-240-4671,부산광역시 서구청,2026-01-26
남부민2동,1,,부산광역시 서구 남부민2동 94-360,35.0866231,129.0213092,,건축물,051-240-4671,부산광역시 서구청,2026-01-26
남부민2동,1,,부산광역시 서구 남부민2동 94-364,35.0861203,129.0205379,,한전주,051-240-4671,부산광역시 서구청,2026-01-26
남부민2동,1,,부산광역시 서구 남부민2동 94-370,35.0860008,129.020465,,건축물,051-240-4671,부산광역시 서구청,2026-01-26
남부민2동,1,,부산광역시 서구 남부민2동 94-54,35.0878202,129.0211715,,건축물,051-240-4671,부산광역시 서구청,2026-01-26
남부민2동,1,,부산광역시 서구 남부민2동 94-63,35.0871491,129.0210664,,건축물,051-240-4671,부산광역시 서구청,2026-01-26
남부민2동,1,,부산광역시 서구 남부민2동 94-64,35.0873015,129.0211667,,건축물,051-240-4671,부산광역시 서구청,2026-01-26
남부민2동,1,,부산광역시 서구 남부민2동 94-67,35.0874011,129.0211518,,건축물,051-240-4671,부산광역시 서구청,2026-01-26
남부민2동,1,,부산광역시 서구 남부민2동 94-71,35.0876206,129.0212631,,건축물,051-240-4671,부산광역시 서구청,2026-01-26
남부민2동,1,,부산광역시 서구 남부민2동 94-77,35.0872886,129.0214065,,한전주,051-240-4671,부산광역시 서구청,2026-01-26
남부민2동,1,,부산광역시 서구 남부민2동 94-83,35.0875406,129.0216401,,건축물,051-240-4671,부산광역시 서구청,2026-01-26
남부민2동,1,,부산광역시 서구 남부민2동 94-90,35.0873058,129.021876,,건축물,051-240-4671,부산광역시 서구청,2026-01-26
남부민2동,1,,부산광역시 서구 남부민2동 95-25,35.087883,129.0222389,,건축물,051-240-4671,부산광역시 서구청,2026-01-26
남부민2동,1,,부산광역시 서구 남부민2동 95-25(2),35.087883,129.0222389,,건축물,051-240-4671,부산광역시 서구청,2026-01-26
남부민2동,1,,부산광역시 서구 남부민2동 95-8,35.0881385,129.0220569,,건축물,051-240-4671,부산광역시 서구청,2026-01-26
남부민2동,1,,부산광역시 서구 남부민2동 96-11,35.0884821,129.0222553,,건축물,051-240-4671,부산광역시 서구청,2026-01-26
남부민2동,1,,부산광역시 서구 남부민2동 96-111,35.0883555,129.0223654,,건축물,051-240-4671,부산광역시 서구청,2026-01-26
남부민2동,1,,부산광역시 서구 남부민2동 96-115,35.0892395,129.0217062,,건축물,051-240-4671,부산광역시 서구청,2026-01-26
남부민2동,1,,부산광역시 서구 남부민2동 96-117,35.0890435,129.0217167,,건축물,051-240-4671,부산광역시 서구청,2026-01-26
남부민2동,1,,부산광역시 서구 남부민2동 96-19,35.088732,129.0219459,,건축물,051-240-4671,부산광역시 서구청,2026-01-26
남부민2동,1,,부산광역시 서구 남부민2동 96-23,35.08844,129.0220478,,건축물,051-240-4671,부산광역시 서구청,2026-01-26
남부민2동,1,,부산광역시 서구 남부민2동 96-38,35.0890376,129.0218884,,건축물,051-240-4671,부산광역시 서구청,2026-01-26
남부민2동,1,,부산광역시 서구 남부민2동 96-55,35.0892426,129.0219741,,건축물,051-240-4671,부산광역시 서구청,2026-01-26
남부민2동,1,,부산광역시 서구 남부민2동 96-89,35.088537,129.022033,,건축물,051-240-4671,부산광역시 서구청,2026-01-26
남부민2동,1,,부산광역시 서구 남부민2동 96-90,35.0887045,129.0221223,,건축물,051-240-4671,부산광역시 서구청,2026-01-26
남부민2동,1,,부산광역시 서구 남부민2동 산4-15,35.0858131,129.0161681,,전용주,051-240-4671,부산광역시 서구청,2026-01-26
남부민2동,1,,부산광역시 서구 남부민2동 산4-27,35.0850036,129.0170194,,건축물,051-240-4671,부산광역시 서구청,2026-01-26
남부민2동,1,,부산광역시 서구 남부민2동 산4-22,35.0849119,129.0174891,,건축물,051-240-4671,부산광역시 서구청,2026-01-26
남부민2동,1,,부산광역시 서구 남부민2동 산4-22(2),35.0849119,129.0174891,,건축물,051-240-4671,부산광역시 서구청,2026-01-26
남부민2동,1,,부산광역시 서구 남부민2동 산4-22(3),35.0849119,129.0174891,,건축물,051-240-4671,부산광역시 서구청,2026-01-26
남부민2동,1,,부산광역시 서구 남부민2동 산4-22(4),35.0849119,129.0174891,,건축물,051-240-4671,부산광역시 서구청,2026-01-26
남부민2동,1,,부산광역시 서구 남부민2동 산4-22(5),35.0849119,129.0174891,,건축물,051-240-4671,부산광역시 서구청,2026-01-26
남부민2동,1,,부산광역시 서구 남부민2동 산4-22(6),35.0849119,129.0174891,,건축물,051-240-4671,부산광역시 서구청,2026-01-26
남부민2동,1,,부산광역시 서구 남부민2동 산4-22(7),35.0849119,129.0174891,,건축물,051-240-4671,부산광역시 서구청,2026-01-26
남부민2동,1,,부산광역시 서구 남부민2동 221-2,35.0864767,129.0218851,,건축물,051-240-4671,부산광역시 서구청,2026-01-26
남부민2동,1,,부산광역시 서구 남부민2동 465-47,35.0849266,129.0206835,,건축물,051-240-4671,부산광역시 서구청,2026-01-26
동대신1동,1,,부산광역시 서구 동대신1동 12-83,35.1118695,129.0251652,,건축물,051-240-4671,부산광역시 서구청,2026-01-26
동대신1동,1,,부산광역시 서구 동대신1동 16-428,35.1096696,129.0243499,,한전주,051-240-4671,부산광역시 서구청,2026-01-26
동대신1동,1,,부산광역시 서구 동대신1동 305-349,35.1089246,129.0235993,,한전주,051-240-4671,부산광역시 서구청,2026-01-26
동대신2동,1,,부산광역시 서구 동대신2동 100,35.1127467,129.0275804,,한전주,051-240-4671,부산광역시 서구청,2026-01-26
동대신2동,1,,부산광역시 서구 동대신2동 100-11,35.1116376,129.0268727,,건축물,051-240-4671,부산광역시 서구청,2026-01-26
동대신2동,1,,부산광역시 서구 동대신2동 100-17,35.1121834,129.0269746,,한전주,051-240-4671,부산광역시 서구청,2026-01-26
동대신2동,1,,부산광역시 서구 동대신2동 100-18,35.1123014,129.027024,,건축물,051-240-4671,부산광역시 서구청,2026-01-26
동대신2동,1,,부산광역시 서구 동대신2동 100-19,35.1124285,129.0270782,,건축물,051-240-4671,부산광역시 서구청,2026-01-26
동대신2동,1,,부산광역시 서구 동대신2동 100-28,35.111759,129.026625,,건축물,051-240-4671,부산광역시 서구청,2026-01-26
동대신2동,1,,부산광역시 서구 동대신2동 100-31,35.1116271,129.026377,,한전주,051-240-4671,부산광역시 서구청,2026-01-26
동대신2동,1,,부산광역시 서구 동대신2동 100-55,35.1123032,129.0267605,,한전주,051-240-4671,부산광역시 서구청,2026-01-26
동대신2동,1,,부산광역시 서구 동대신2동 100-75,35.1127439,129.0271587,,건축물,051-240-4671,부산광역시 서구청,2026-01-26
동대신2동,1,,부산광역시 서구 동대신2동 100-87,35.1115082,129.0267687,,한전주,051-240-4671,부산광역시 서구청,2026-01-26
동대신2동,1,,부산광역시 서구 동대신2동 101-16,35.1124481,129.0263567,,건축물,051-240-4671,부산광역시 서구청,2026-01-26
동대신2동,1,,부산광역시 서구 동대신2동 101-32,35.1127876,129.0262592,,건축물,051-240-4671,부산광역시 서구청,2026-01-26
동대신2동,1,,부산광역시 서구 동대신2동 101-39,35.1125821,129.0261818,,건축물,051-240-4671,부산광역시 서구청,2026-01-26
동대신2동,1,,부산광역시 서구 동대신2동 101-6,35.1127765,129.026549,,건축물,051-240-4671,부산광역시 서구청,2026-01-26
동대신2동,1,,부산광역시 서구 동대신2동 101-60,35.1121238,129.0262166,,건축물,051-240-4671,부산광역시 서구청,2026-01-26
동대신2동,1,,부산광역시 서구 동대신2동 102-24,35.1129326,129.0263584,,건축물,051-240-4671,부산광역시 서구청,2026-01-26
동대신2동,1,,부산광역시 서구 동대신2동 102-37,35.1129117,129.0258004,,건축물,051-240-4671,부산광역시 서구청,2026-01-26
동대신2동,1,,부산광역시 서구 동대신2동 1-135,35.1162077,129.02447,,건축물,051-240-4671,부산광역시 서구청,2026-01-26
동대신2동,1,,부산광역시 서구 동대신2동 11-36,35.1153586,129.0221527,,건축물,051-240-4671,부산광역시 서구청,2026-01-26
동대신2동,1,,부산광역시 서구 동대신2동 135-2,35.1127113,129.0240305,,한전주,051-240-4671,부산광역시 서구청,2026-01-26
동대신2동,1,,부산광역시 서구 동대신2동 147-3,35.1126142,129.0228431,,한전주,051-240-4671,부산광역시 서구청,2026-01-26
동대신2동,1,,부산광역시 서구 동대신2동 19,35.1153375,129.02314,,한전주,051-240-4671,부산광역시 서구청,2026-01-26
동대신2동,1,,부산광역시 서구 동대신2동 191,35.1121098,129.0219945,,한전주,051-240-4671,부산광역시 서구청,2026-01-26
동대신2동,1,,부산광역시 서구 동대신2동 2,35.1164632,129.0239276,,건축물,051-240-4671,부산광역시 서구청,2026-01-26
동대신2동,1,,부산광역시 서구 동대신2동 211,35.1118774,129.0211716,,한전주,051-240-4671,부산광역시 서구청,2026-01-26
동대신2동,1,,부산광역시 서구 동대신2동 252,35.1137101,129.0201708,,건축물,051-240-4671,부산광역시 서구청,2026-01-26
동대신2동,1,,부산광역시 서구 동대신2동 272-4,35.1123702,129.0200839,,건축물,051-240-4671,부산광역시 서구청,2026-01-26
동대신2동,1,,부산광역시 서구 동대신2동 277-7,35.112131,129.0202887,,건축물,051-240-4671,부산광역시 서구청,2026-01-26
동대신2동,1,,부산광역시 서구 동대신2동 2(2),35.1164632,129.0239276,,건축물,051-240-4671,부산광역시 서구청,2026-01-26
동대신2동,1,,부산광역시 서구 동대신2동 304-14,35.1130044,129.0192125,,건축물,051-240-4671,부산광역시 서구청,2026-01-26
동대신2동,1,,부산광역시 서구 동대신2동 304-9,35.1129433,129.0190711,,건축물,051-240-4671,부산광역시 서구청,2026-01-26
동대신2동,1,,부산광역시 서구 동대신2동 31-5,35.1150139,129.021462,,건축물,051-240-4671,부산광역시 서구청,2026-01-26
동대신2동,1,,부산광역시 서구 동대신2동 33-9,35.1148914,129.021107,,건축물,051-240-4671,부산광역시 서구청,2026-01-26
동대신2동,1,,부산광역시 서구 동대신2동 35,35.1147332,129.0209406,,건축물,051-240-4671,부산광역시 서구청,2026-01-26
동대신2동,1,,부산광역시 서구 동대신2동 363-1,35.111721,129.0174941,,한전주,051-240-4671,부산광역시 서구청,2026-01-26
동대신2동,1,,부산광역시 서구 동대신2동 364-1,35.1116172,129.0175242,,건축물,051-240-4671,부산광역시 서구청,2026-01-26
동대신2동,1,,부산광역시 서구 동대신2동 365,35.1114546,129.0174657,,전용주,051-240-4671,부산광역시 서구청,2026-01-26
동대신2동,1,,부산광역시 서구 동대신2동 371-2,35.111312,129.017535,,건축물,051-240-4671,부산광역시 서구청,2026-01-26
동대신2동,1,,부산광역시 서구 동대신2동 374-5,35.1111557,129.0176921,,건축물,051-240-4671,부산광역시 서구청,2026-01-26
동대신2동,1,,부산광역시 서구 동대신2동 375-4,35.1110003,129.0178706,,건축물,051-240-4671,부산광역시 서구청,2026-01-26
동대신2동,1,,부산광역시 서구 동대신2동 380-1,35.1107256,129.0178757,,건축물,051-240-4671,부산광역시 서구청,2026-01-26
동대신2동,1,,부산광역시 서구 동대신2동 382-3,35.1109577,129.0182714,,건축물,051-240-4671,부산광역시 서구청,2026-01-26
동대신2동,1,,부산광역시 서구 동대신2동 50-16,35.1139891,129.0216757,,건축물,051-240-4671,부산광역시 서구청,2026-01-26
동대신2동,1,,부산광역시 서구 동대신2동 50-41,35.1138519,129.0212888,,전용주,051-240-4671,부산광역시 서구청,2026-01-26
동대신2동,1,,부산광역시 서구 동대신2동 50-9,35.1141682,129.0216535,,한전주,051-240-4671,부산광역시 서구청,2026-01-26
동대신2동,1,,부산광역시 서구 동대신2동 51,35.1139573,129.0209942,,한전주,051-240-4671,부산광역시 서구청,2026-01-26
동대신2동,1,,부산광역시 서구 동대신2동 51(2),35.1139573,129.0209942,,건축물,051-240-4671,부산광역시 서구청,2026-01-26
동대신2동,1,,부산광역시 서구 동대신2동 72-15,35.1131904,129.0228218,,건축물,051-240-4671,부산광역시 서구청,2026-01-26
동대신2동,1,,부산광역시 서구 동대신2동 75-113,35.1139185,129.0225031,,건축물,051-240-4671,부산광역시 서구청,2026-01-26
동대신2동,1,,부산광역시 서구 동대신2동 75-83,35.1133744,129.0224364,,건축물,051-240-4671,부산광역시 서구청,2026-01-26
동대신2동,1,,부산광역시 서구 동대신2동 75-94,35.1136749,129.0225931,,전용주,051-240-4671,부산광역시 서구청,2026-01-26
동대신2동,1,,부산광역시 서구 동대신2동 77-67,35.1149581,129.0231091,,건축물,051-240-4671,부산광역시 서구청,2026-01-26
동대신2동,1,,부산광역시 서구 동대신2동 77-88,35.1153767,129.0238232,,건축물,051-240-4671,부산광역시 서구청,2026-01-26
동대신2동,1,,부산광역시 서구 동대신2동 78-15,35.1142281,129.0232873,,건축물,051-240-4671,부산광역시 서구청,2026-01-26
동대신2동,1,,부산광역시 서구 동대신2동 79-125,35.1151889,129.0242606,,건축물,051-240-4671,부산광역시 서구청,2026-01-26
동대신2동,1,,부산광역시 서구 동대신2동 79-154,35.1152398,129.024584,,건축물,051-240-4671,부산광역시 서구청,2026-01-26
동대신2동,1,,부산광역시 서구 동대신2동 79-42,35.1144148,129.0238909,,건축물,051-240-4671,부산광역시 서구청,2026-01-26
동대신2동,1,,부산광역시 서구 동대신2동 80-1,35.1139915,129.0237084,,건축물,051-240-4671,부산광역시 서구청,2026-01-26
동대신2동,1,,부산광역시 서구 동대신2동 8-26,35.115787,129.0234109,,건축물,051-240-4671,부산광역시 서구청,2026-01-26
동대신2동,1,,부산광역시 서구 동대신2동 8-26(2),35.115787,129.0234109,,건축물,051-240-4671,부산광역시 서구청,2026-01-26
동대신2동,1,,부산광역시 서구 동대신2동 84-24,35.1132042,129.023362,,한전주,051-240-4671,부산광역시 서구청,2026-01-26
동대신2동,1,,부산광역시 서구 동대신2동 87-119,35.1140814,129.0257118,,건축물,051-240-4671,부산광역시 서구청,2026-01-26
동대신2동,1,,부산광역시 서구 동대신2동 87-12,35.1141692,129.0242356,,건축물,051-240-4671,부산광역시 서구청,2026-01-26
동대신2동,1,,부산광역시 서구 동대신2동 87-147,35.1141977,129.0252869,,건축물,051-240-4671,부산광역시 서구청,2026-01-26
동대신2동,1,,부산광역시 서구 동대신2동 87-156,35.114437,129.0248847,,한전주,051-240-4671,부산광역시 서구청,2026-01-26
동대신2동,1,,부산광역시 서구 동대신2동 87-165,35.1138927,129.0254543,,한전주,051-240-4671,부산광역시 서구청,2026-01-26
동대신2동,1,,부산광역시 서구 동대신2동 87-176,35.114492,129.0247069,,건축물,051-240-4671,부산광역시 서구청,2026-01-26
동대신2동,1,,부산광역시 서구 동대신2동 87-261,35.1138901,129.0244713,,건축물,051-240-4671,부산광역시 서구청,2026-01-26
동대신2동,1,,부산광역시 서구 동대신2동 87-266,35.1140057,129.0242834,,전용주,051-240-4671,부산광역시 서구청,2026-01-26
동대신2동,1,,부산광역시 서구 동대신2동 87-280,35.1139304,129.0238981,,한전주,051-240-4671,부산광역시 서구청,2026-01-26
동대신2동,1,,부산광역시 서구 동대신2동 87-76,35.1142354,129.0244717,,건축물,051-240-4671,부산광역시 서구청,2026-01-26
동대신2동,1,,부산광역시 서구 동대신2동 87-90,35.1142465,129.0259532,,건축물,051-240-4671,부산광역시 서구청,2026-01-26
동대신2동,1,,부산광역시 서구 동대신2동 87-95,35.1144381,129.025629,,건축물,051-240-4671,부산광역시 서구청,2026-01-26
동대신2동,1,,부산광역시 서구 동대신2동 87-99),35.1146835,129.0253865,,건축물,051-240-4671,부산광역시 서구청,2026-01-26
동대신2동,1,,부산광역시 서구 동대신2동 89-54,35.1138695,129.0260916,,건축물,051-240-4671,부산광역시 서구청,2026-01-26
동대신2동,1,,부산광역시 서구 동대신2동 89-69,35.1138557,129.0256502,,한전주,051-240-4671,부산광역시 서구청,2026-01-26
동대신2동,1,,부산광역시 서구 동대신2동 92-10,35.1129793,129.0254538,,건축물,051-240-4671,부산광역시 서구청,2026-01-26
동대신2동,1,,부산광역시 서구 동대신2동 97-2,35.1136078,129.0268942,,한전주,051-240-4671,부산광역시 서구청,2026-01-26
동대신2동,1,,부산광역시 서구 동대신2동 88-29,35.1130697,129.024871,,한전주,051-240-4671,부산광역시 서구청,2026-01-26
동대신3동,1,,부산광역시 서구 동대신3동 127-25,35.1162495,129.0181244,,건축물,051-240-4671,부산광역시 서구청,2026-01-26
동대신3동,1,,부산광역시 서구 동대신3동 13-28,35.1185653,129.0162308,,한전주,051-240-4671,부산광역시 서구청,2026-01-26
동대신3동,1,,부산광역시 서구 동대신3동 134-63,35.1161849,129.0188132,,건축물,051-240-4671,부산광역시 서구청,2026-01-26
동대신3동,1,,부산광역시 서구 동대신3동 138-3,35.1158607,129.0188476,,한전주,051-240-4671,부산광역시 서구청,2026-01-26
동대신3동,1,,부산광역시 서구 동대신3동 13-92,35.1190188,129.0170913,,한전주,051-240-4671,부산광역시 서구청,2026-01-26
동대신3동,1,,부산광역시 서구 동대신3동 144-14,35.1155414,129.0183021,,건축물,051-240-4671,부산광역시 서구청,2026-01-26
동대신3동,1,,부산광역시 서구 동대신3동 161-9,35.1149145,129.0162127,,전용주,051-240-4671,부산광역시 서구청,2026-01-26
동대신3동,1,,부산광역시 서구 동대신3동 254-23,35.1160759,129.0202611,,건축물,051-240-4671,부산광역시 서구청,2026-01-26
동대신3동,1,,부산광역시 서구 동대신3동 254-36,35.1155737,129.020556,,건축물,051-240-4671,부산광역시 서구청,2026-01-26
동대신3동,1,,부산광역시 서구 동대신3동 258-256,35.1161355,129.0213068,,건축물,051-240-4671,부산광역시 서구청,2026-01-26
동대신3동,1,,부산광역시 서구 동대신3동 258-259,35.116113,129.0210844,,건축물,051-240-4671,부산광역시 서구청,2026-01-26
동대신3동,1,,부산광역시 서구 동대신3동 258-33,35.1161146,129.0207976,,한전주,051-240-4671,부산광역시 서구청,2026-01-26
동대신3동,1,,부산광역시 서구 동대신3동 260-199,35.1170594,129.0210681,,건축물,051-240-4671,부산광역시 서구청,2026-01-26
동대신3동,1,,부산광역시 서구 동대신3동 260-227,35.1167268,129.0210353,,건축물,051-240-4671,부산광역시 서구청,2026-01-26
동대신3동,1,,부산광역시 서구 동대신3동 261-2,35.1158429,129.0210043,,한전주,051-240-4671,부산광역시 서구청,2026-01-26
동대신3동,1,,부산광역시 서구 동대신3동 261-32,35.1155319,129.0207638,,건축물,051-240-4671,부산광역시 서구청,2026-01-26
동대신3동,1,,부산광역시 서구 동대신3동 276-37,35.1150289,129.0195099,,건축물,051-240-4671,부산광역시 서구청,2026-01-26
동대신3동,1,,부산광역시 서구 동대신3동 32-4,35.1189653,129.0175756,,건축물,051-240-4671,부산광역시 서구청,2026-01-26
동대신3동,1,,부산광역시 서구 동대신3동 329-1,35.114414,129.0172486,,건축물,051-240-4671,부산광역시 서구청,2026-01-26
동대신3동,1,,부산광역시 서구 동대신3동 340-15,35.1136516,129.0162518,,건축물,051-240-4671,부산광역시 서구청,2026-01-26
동대신3동,1,,부산광역시 서구 동대신3동 340-22,35.113912,129.0161578,,건축물,051-240-4671,부산광역시 서구청,2026-01-26
동대신3동,1,,부산광역시 서구 동대신3동 396-1,35.1145999,129.0196366,,한전주,051-240-4671,부산광역시 서구청,2026-01-26
동대신3동,1,,부산광역시 서구 동대신3동 411-2,35.114887,129.0201335,,한전주,051-240-4671,부산광역시 서구청,2026-01-26
동대신3동,1,,부산광역시 서구 동대신3동 413-1,35.1149313,129.0205232,,건축물,051-240-4671,부산광역시 서구청,2026-01-26
동대신3동,1,,부산광역시 서구 동대신3동 481-1,35.1133198,129.0174422,,한전주,051-240-4671,부산광역시 서구청,2026-01-26
동대신3동,1,,부산광역시 서구 동대신3동 63-176,35.11849,129.0202217,,건축물,051-240-4671,부산광역시 서구청,2026-01-26
동대신3동,1,,부산광역시 서구 동대신3동 63-179,35.1182441,129.0197743,,건축물,051-240-4671,부산광역시 서구청,2026-01-26
동대신3동,1,,부산광역시 서구 동대신3동 63-231,35.1171304,129.020135,,건축물,051-240-4671,부산광역시 서구청,2026-01-26
동대신3동,1,,부산광역시 서구 동대신3동 77-24,35.1171494,129.0188157,,건축물,051-240-4671,부산광역시 서구청,2026-01-26
동대신3동,1,,부산광역시 서구 동대신3동 83-3,35.1179339,129.0179409,,건축물,051-240-4671,부산광역시 서구청,2026-01-26
동대신3동,1,,부산광역시 서구 동대신3동 254-8,35.1156989,129.0206757,,한전주,051-240-4671,부산광역시 서구청,2026-01-26
동대신3동,1,,부산광역시 서구 동대신3동 258-255,35.1161629,129.0209149,,건축물,051-240-4671,부산광역시 서구청,2026-01-26
동대신2동,1,,부산광역시 서구 동대신동2가 341,35.1123293,129.0171871,,건축물,051-240-4671,부산광역시 서구청,2026-01-26
부민동,1,,부산광역시 서구 부민동 69-6,35.1057192,129.0202853,,건축물,051-240-4671,부산광역시 서구청,2026-01-26
부민동,1,,부산광역시 서구 부민동 70-4,35.1021309,129.0185036,,한전주,051-240-4671,부산광역시 서구청,2026-01-26
동대신2동,1,,부산광역시 서구 동대신동2가 335-2,35.1121546,129.0168981,,건축물,051-240-4671,부산광역시 서구청,2026-01-26
동대신2동,1,,부산광역시 서구 동대신동2가 79-107,35.1147391,129.0240914,,건축물,051-240-4671,부산광역시 서구청,2026-01-26
동대신2동,1,,부산광역시 서구 동대신동2가 79-53,35.1141536,129.023657,,건축물,051-240-4671,부산광역시 서구청,2026-01-26
동대신3동,1,,부산광역시 서구 동대신동3가 55-8,35.1199181,129.0193926,,한전주,051-240-4671,부산광역시 서구청,2026-01-26
동대신3동,1,,부산광역시 서구 동대신동3가 산11-49,35.1200803,129.0211805,,한전주,051-240-4671,부산광역시 서구청,2026-01-26
부민동,1,,부산광역시 서구 부민동 20-1,35.1074505,129.0206826,,한전주,051-240-4671,부산광역시 서구청,2026-01-26
부민동,1,,부산광역시 서구 부민동 26-1,35.1068442,129.0202007,,한전주,051-240-4671,부산광역시 서구청,2026-01-26
서대신4동,1,,부산광역시 서구 서대신동3가 36-31,35.119182,129.0116426,,한전주,051-240-4671,부산광역시 서구청,2026-01-26
서대신4동,1,,부산광역시 서구 서대신동3가 36-47,35.1194224,129.0120387,,건축물,051-240-4671,부산광역시 서구청,2026-01-26
부민동,1,,부산광역시 서구 부용동2가 16-5,35.1055261,129.0191731,,한전주,051-240-4671,부산광역시 서구청,2026-01-26
서대신1동,1,,부산광역시 서구 서대신1동 251-15,35.1066882,129.013973,,건축물,051-240-4671,부산광역시 서구청,2026-01-26
서대신1동,1,,부산광역시 서구 서대신1동 255-3,35.1069325,129.0153767,,건축물,051-240-4671,부산광역시 서구청,2026-01-26
서대신1동,1,,부산광역시 서구 서대신1동 255-3(2),35.1069325,129.0153767,,전용주,051-240-4671,부산광역시 서구청,2026-01-26
서대신1동,1,,부산광역시 서구 서대신1동 30,35.1115959,129.0156786,,건축물,051-240-4671,부산광역시 서구청,2026-01-26
서대신1동,1,,부산광역시 서구 서대신1동 522-71,35.1077916,129.0105037,,건축물,051-240-4671,부산광역시 서구청,2026-01-26
서대신1동,1,,부산광역시 서구 서대신1동171-32,35.1108484,129.0151102,,한전주,051-240-4671,부산광역시 서구청,2026-01-26
서대신3동,1,,부산광역시 서구 서대신3동 170-20,35.1157926,129.0087729,,건축물,051-240-4671,부산광역시 서구청,2026-01-26
서대신3동,1,,부산광역시 서구 서대신3동 174-1,35.115191,129.0113651,,한전주,051-240-4671,부산광역시 서구청,2026-01-26
서대신3동,1,,부산광역시 서구 서대신3동 389-4,35.1125274,129.0159987,,한전주,051-240-4671,부산광역시 서구청,2026-01-26
서대신3동,1,,부산광역시 서구 서대신3동 389-8,35.1125435,129.0157674,,건축물,051-240-4671,부산광역시 서구청,2026-01-26
서대신3동,1,,부산광역시 서구 서대신3동 434,35.1119268,129.0146424,,한전주,051-240-4671,부산광역시 서구청,2026-01-26
서대신3동,1,,부산광역시 서구 서대신3동 452-6,35.1115545,129.0133647,,건축물,051-240-4671,부산광역시 서구청,2026-01-26
서대신3동,1,,부산광역시 서구 서대신3동 468-1,35.1116436,129.0124803,,건축물,051-240-4671,부산광역시 서구청,2026-01-26
서대신3동,1,,부산광역시 서구 서대신3동 476-4,35.1118587,129.0124781,,한전주,051-240-4671,부산광역시 서구청,2026-01-26
서대신3동,1,,부산광역시 서구 서대신3동 497-2,35.1125606,129.0128913,,한전주,051-240-4671,부산광역시 서구청,2026-01-26
서대신3동,1,,부산광역시 서구 서대신3동 512-1,35.1132829,129.0130599,,건축물,051-240-4671,부산광역시 서구청,2026-01-26
서대신3동,1,,부산광역시 서구 서대신3동 569-3,35.1136209,129.0130574,,건축물,051-240-4671,부산광역시 서구청,2026-01-26
서대신3동,1,,부산광역시 서구 서대신3동 582-11,35.1125094,129.0123349,,한전주,051-240-4671,부산광역시 서구청,2026-01-26
서대신3동,1,,부산광역시 서구 서대신3동 590-4,35.1122857,129.0119135,,건축물,051-240-4671,부산광역시 서구청,2026-01-26
서대신3동,1,,부산광역시 서구 서대신3동 702-23,35.1117767,129.0097183,,건축물,051-240-4671,부산광역시 서구청,2026-01-26
서대신3동,1,,부산광역시 서구 서대신3동 703-112,35.1110706,129.0091929,,건축물,051-240-4671,부산광역시 서구청,2026-01-26
서대신3동,1,,부산광역시 서구 서대신3동 703-99,35.1111198,129.0084047,,건축물,051-240-4671,부산광역시 서구청,2026-01-26
서대신3동,1,,부산광역시 서구 서대신3동 285,35.1142457,129.0152954,,전용주,051-240-4671,부산광역시 서구청,2026-01-26
서대신4동,1,,부산광역시 서구 서대신4동 2-12,35.1312732,129.0092492,,한전주,051-240-4671,부산광역시 서구청,2026-01-26
서대신4동,1,,부산광역시 서구 서대신4동 산60,35.1346133,129.011068,,한전주,051-240-4671,부산광역시 서구청,2026-01-26
서대신1동,1,,부산광역시 서구 서대신동1가 142-0,35.1090837,129.0152165,,건축물,051-240-4671,부산광역시 서구청,2026-01-26
서대신1동,1,,부산광역시 서구 서대신동1가 171-0,35.1091198,129.0142084,,한전주,051-240-4671,부산광역시 서구청,2026-01-26
서대신1동,1,,부산광역시 서구 서대신동1가 196-26,35.1079951,129.0131464,,한전주,051-240-4671,부산광역시 서구청,2026-01-26
서대신1동,1,,부산광역시 서구 서대신동1가 24-0,35.1078041,129.0196264,,건축물,051-240-4671,부산광역시 서구청,2026-01-26
서대신1동,1,,부산광역시 서구 서대신동1가 71-0,35.1080429,129.0179677,,건축물,051-240-4671,부산광역시 서구청,2026-01-26
서대신4동,1,,부산광역시 서구 서대신동3가 115-26,35.1189688,129.0127984,,한전주,051-240-4671,부산광역시 서구청,2026-01-26
서대신4동,1,,부산광역시 서구 서대신동3가 115-7,35.1188197,129.013581,,건축물,051-240-4671,부산광역시 서구청,2026-01-26
서대신4동,1,,부산광역시 서구 서대신동3가 116-1,35.1189915,129.0125689,,한전주,051-240-4671,부산광역시 서구청,2026-01-26
서대신4동,1,,부산광역시 서구 서대신동3가 44-13,35.1193763,129.0123581,,건축물,051-240-4671,부산광역시 서구청,2026-01-26
서대신4동,1,,부산광역시 서구 서대신동3가 99-8,35.1184194,129.013023,,건축물,051-240-4671,부산광역시 서구청,2026-01-26
서대신1동,1,,부산광역시 서구 서대신동2가 28-24,35.1109342,129.0159444,,한전주,051-240-4671,부산광역시 서구청,2026-01-26
서대신1동,1,,부산광역시 서구 서대신동2가 393-1,35.1111674,129.0101418,,건축물,051-240-4671,부산광역시 서구청,2026-01-26
서대신1동,1,,부산광역시 서구 서대신동2가 447-2,35.1088694,129.0115651,,한전주,051-240-4671,부산광역시 서구청,2026-01-26
동대신2동,1,,부산광역시 서구 서대신동2가 562-1,35.1100072,129.0100134,,건축물,051-240-4671,부산광역시 서구청,2026-01-26
서대신3동,1,,부산광역시 서구 서대신동3가 189-2,35.1159362,129.0124811,,한전주,051-240-4671,부산광역시 서구청,2026-01-26
아미동,1,,부산광역시 서구 아미동 96-33,35.0992264,129.0177557,,건축물,051-240-4671,부산광역시 서구청,2026-01-26
암남동,1,,부산광역시 서구 암남동 674-0,35.0800829,129.0203432,,건축물,051-240-4671,부산광역시 서구청,2026-01-26
암남동,1,,부산광역시 서구 암남동 674-0(2),35.0800829,129.0203432,,건축물,051-240-4671,부산광역시 서구청,2026-01-26
암남동,1,,부산광역시 서구 암남동 81-77,35.0808776,129.0191048,,건축물,051-240-4671,부산광역시 서구청,2026-01-26
암남동,1,,부산광역시 서구 암남동 88-4,35.079974,129.0210049,,건축물,051-240-4671,부산광역시 서구청,2026-01-26
초장동,1,,부산광역시 서구 초장동 38-186,35.0966136,129.0173697,,건축물,051-240-4671,부산광역시 서구청,2026-01-26
충무동,1,,부산광역시 서구 충무동1가 38-28,35.0943604,129.0237916,,한전주,051-240-4671,부산광역시 서구청,2026-01-26
충무동,1,,부산광역시 서구 토성동5가 23-18,35.0980226,129.0210948,,건축물,051-240-4671,부산광역시 서구청,2026-01-26
아미동,1,,부산광역시 서구 아미동 137-16,35.0999651,129.0145984,,건축물,051-240-4671,부산광역시 서구청,2026-01-26
아미동,1,,부산광역시 서구 아미동2가 233-42,35.1008672,129.0114724,,건축물,051-240-4671,부산광역시 서구청,2026-01-26
아미동,1,,부산광역시 서구 아미동2가 233-8,35.1008948,129.0117825,,건축물,051-240-4671,부산광역시 서구청,2026-01-26
아미동,1,,부산광역시 서구 아미동2가 237-140,35.10081,129.0108717,,건축물,051-240-4671,부산광역시 서구청,2026-01-26
아미동,1,,부산광역시 서구 아미동2가 237-158,35.1011314,129.0108464,,건축물,051-240-4671,부산광역시 서구청,2026-01-26
아미동,1,,부산광역시 서구 아미동2가 237-29,35.1009218,129.0107632,,건축물,051-240-4671,부산광역시 서구청,2026-01-26
아미동,1,,부산광역시 서구 아미동2가 237-30,35.100663,129.010474,,건축물,051-240-4671,부산광역시 서구청,2026-01-26
아미동,1,,부산광역시 서구 아미동2가 237-96,35.101185,129.0106331,,건축물,051-240-4671,부산광역시 서구청,2026-01-26
아미동,1,,부산광역시 서구 아미동2가 260-100,35.1029875,129.0111199,,건축물,051-240-4671,부산광역시 서구청,2026-01-26
아미동,1,,부산광역시 서구 아미동2가 270-0,35.10516,129.0109131,,건축물,051-240-4671,부산광역시 서구청,2026-01-26
아미동,1,,부산광역시 서구 아미동2가 237-160,35.1010757,129.0108817,,건축물,051-240-4671,부산광역시 서구청,2026-01-26
암남동,1,,부산광역시 서구 암남동 125-4,35.077055,129.0224387,,건축물,051-240-4671,부산광역시 서구청,2026-01-26
암남동,1,,부산광역시 서구 암남동 195-0,35.0784624,129.020599,,한전주,051-240-4671,부산광역시 서구청,2026-01-26
