보안등위치명,설치개수,소재지도로명주소,소재지지번주소,위도,경도,설치연도,설치형태,관리기관전화번호,관리기관명,데이터기준일자
광복동001,1,,부산광역시 중구 광복동1가 62,35.0988646644,129.0342355174,2022,건축물,051-600-4697,부산광역시 중구청,2026-03-25
광복동002,1,,부산광역시 중구 광복동1가 7,35.0990895433,129.0338853230,2022,건축물,051-600-4697,부산광역시 중구청,2026-03-25
광복동003,2,부산광역시 중구 광복로 69-1,부산광역시 중구 광복동2가 20,35.0989610310,129.0327308921,2022,건축물,051-600-4697,부산광역시 중구청,2026-03-25
광복동004,1,부산광역시 중구 광복로67번길 11,부산광역시 중구 광복동2가 2-41,35.0991441835,129.0324387216,2022,건축물,051-600-4697,부산광역시 중구청,2026-03-25
광복동005,1,,부산광역시 중구 광복동2가 2-9,35.0994599065,129.0322898327,2022,건축물,051-600-4697,부산광역시 중구청,2026-03-25
광복동006,1,부산광역시 중구 광복로67번길 20-12,부산광역시 중구 광복동2가 2-53,35.0995577083,129.0321069822,2022,건축물,051-600-4697,부산광역시 중구청,2026-03-25
광복동007,1,,부산광역시 중구 광복동2가 2-56,35.0994954742,129.0320127876,2022,건축물,051-600-4697,부산광역시 중구청,2026-03-25
광복동008,1,부산광역시 중구 광복로 59-1,부산광역시 중구 광복동2가 11-1,35.0993410213,129.0317495092,2022,건축물,051-600-4697,부산광역시 중구청,2026-03-25
광복동009,1,부산광역시 중구 광복로67번길 28,부산광역시 중구 광복동2가 2-11,35.0996693120,129.0318198307,2022,건축물,051-600-4697,부산광역시 중구청,2026-03-25
광복동010,1,,부산광역시 중구 광복동2가 3-4,35.0998398399,129.0316017062,2022,건축물,051-600-4697,부산광역시 중구청,2026-03-25
광복동011,1,부산광역시 중구 광복로67번길 30-18,부산광역시 중구 광복동3가 5-6,35.1000140613,129.0316233362,2022,건축물,051-600-4697,부산광역시 중구청,2026-03-25
광복동012,1,,부산광역시 중구 광복동2가 1-39,35.0999752432,129.0316431306,2022,건축물,051-600-4697,부산광역시 중구청,2026-03-25
광복동013,1,부산광역시 중구 광복중앙로 14-12,부산광역시 중구 광복동3가 6,35.1005321211,129.0313076709,2022,건축물,051-600-4697,부산광역시 중구청,2026-03-25
광복동014,1,부산광역시 중구 광복중앙로 14-56,부산광역시 중구 광복동3가 5-26,35.1005463933,129.0313916911,2022,건축물,051-600-4697,부산광역시 중구청,2026-03-25
광복동015,1,부산광역시 중구 광복중앙로 14-52,부산광역시 중구 광복동3가 5-27,35.1004858434,129.0314341597,2022,건축물,051-600-4697,부산광역시 중구청,2026-03-25
광복동016,1,부산광역시 중구 광복중앙로 14-46,부산광역시 중구 광복동3가 5-30,35.1003414677,129.0314829911,2022,건축물,051-600-4697,부산광역시 중구청,2026-03-25
광복동017,1,부산광역시 중구 광복중앙로24번길 4,부산광역시 중구 광복동3가 1-1,35.1014281020,129.0312304487,2022,건축물,051-600-4697,부산광역시 중구청,2026-03-25
광복동018,2,부산광역시 중구 광복로49번길 33,부산광역시 중구 신창동1가 30-1,35.1021486421,129.0302271018,2022,건축물,051-600-4697,부산광역시 중구청,2026-03-25
광복동019,2,부산광역시 중구 광복로49번길 35,부산광역시 중구 신창동1가 38-1,35.1023809912,129.0302093986,2022,건축물,051-600-4697,부산광역시 중구청,2026-03-25
광복동020,2,부산광역시 중구 광복중앙로33번길 10,부산광역시 중구 신창동1가 38-6,35.1023826083,129.0299084316,2022,건축물,051-600-4697,부산광역시 중구청,2026-03-25
광복동021,2,부산광역시 중구 광복중앙로33번길 9-2,부산광역시 중구 신창동1가 35-5,35.1020827153,129.0298266473,2022,건축물,051-600-4697,부산광역시 중구청,2026-03-25
광복동022,2,부산광역시 중구 광복중앙로33번길 13,부산광역시 중구 신창동2가 4-1,35.1020880825,129.0294900265,2022,건축물,051-600-4697,부산광역시 중구청,2026-03-25
광복동023,1,부산광역시 중구 광복중앙로33번길 14-2,부산광역시 중구 신창동2가 2-7,35.1022785942,129.0294091086,2022,건축물,051-600-4697,부산광역시 중구청,2026-03-25
광복동024,3,부산광역시 중구 광복로39번길 31,부산광역시 중구 신창동2가 32-1,35.1020095411,129.0290570212,2022,건축물,051-600-4697,부산광역시 중구청,2026-03-25
광복동025,2,부산광역시 중구 광복로39번길 35-2,부산광역시 중구 신창동2가 35-3,35.1024574408,129.0290399429,2022,건축물,051-600-4697,부산광역시 중구청,2026-03-25
광복동026,1,부산광역시 중구 광복로39번길 38,부산광역시 중구 신창동2가 1-1,35.1026367641,129.0292881555,2022,건축물,051-600-4697,부산광역시 중구청,2026-03-25
광복동027,1,부산광역시 중구 중구로48번길 9,부산광역시 중구 신창동3가 3-1,35.1023127291,129.0288882097,2022,건축물,051-600-4697,부산광역시 중구청,2026-03-25
광복동028,1,부산광역시 중구 광복로35번길 35,부산광역시 중구 신창동3가 39,35.1025426090,129.0286304028,2022,건축물,051-600-4697,부산광역시 중구청,2026-03-25
광복동029,1,부산광역시 중구 중구로48번길 8-1,부산광역시 중구 신창동3가 37-1,35.1021478703,129.0286748991,2022,건축물,051-600-4697,부산광역시 중구청,2026-03-25
광복동030,2,부산광역시 중구 국제시장2길 29,부산광역시 중구 신창동4가 39-1,35.1019476556,129.0283018217,2022,건축물,051-600-4697,부산광역시 중구청,2026-03-25
광복동031,2,부산광역시 중구 광복로35번길 33,부산광역시 중구 신창동4가 4,35.1023114182,129.0285950655,2022,건축물,051-600-4697,부산광역시 중구청,2026-03-25
광복동032,1,부산광역시 중구 중구로54번길 4,부산광역시 중구 신창동4가 49-7,35.1025628496,129.0282556589,2022,건축물,051-600-4697,부산광역시 중구청,2026-03-25
광복동033,2,부산광역시 중구 중구로48번길 8,부산광역시 중구 신창동4가 5-1,35.1021242631,129.0285400948,2022,건축물,051-600-4697,부산광역시 중구청,2026-03-25
광복동034,1,부산광역시 중구 중구로44번길 8-1,부산광역시 중구 신창동3가 33-6,35.1016993585,129.0286962409,2022,건축물,051-600-4697,부산광역시 중구청,2026-03-25
광복동035,1,부산광역시 중구 광복로35번길 27,부산광역시 중구 신창동3가 33-5,35.1017911601,129.0287194604,2022,건축물,051-600-4697,부산광역시 중구청,2026-03-25
광복동037,2,부산광역시 중구 중구로44번길 17,부산광역시 중구 신창동2가 8-1,35.1019071417,129.0296613184,2022,건축물,051-600-4697,부산광역시 중구청,2026-03-25
광복동038,2,부산광역시 중구 중구로44번길 19,부산광역시 중구 신창동1가 32-2,35.1019049046,129.0298271723,2022,건축물,051-600-4697,부산광역시 중구청,2026-03-25
광복동039,1,부산광역시 중구 광복중앙로33번길 11-3,부산광역시 중구 신창동1가 35-7,35.1020278258,129.0296926023,2022,건축물,051-600-4697,부산광역시 중구청,2026-03-25
광복동040,2,,부산광역시 중구 신창동2가 37,35.1013807374,129.0293882434,2022,건축물,051-600-4697,부산광역시 중구청,2026-03-25
광복동041,2,부산광역시 중구 광복로49번길 31,부산광역시 중구 신창동1가 32-1,35.1019273131,129.0302002291,2022,건축물,051-600-4697,부산광역시 중구청,2026-03-25
광복동042,2,부산광역시 중구 광복로49번길 27,부산광역시 중구 신창동1가 29-1,35.1017375594,129.0302412489,2022,건축물,051-600-4697,부산광역시 중구청,2026-03-25
광복동043,2,부산광역시 중구 광복로49번길 25,부산광역시 중구 신창동1가 23,35.1015850807,129.0301121307,2022,건축물,051-600-4697,부산광역시 중구청,2026-03-25
광복동044,1,부산광역시 중구 광복중앙로 25,부산광역시 중구 신창동1가 5-1,35.1015501909,129.0306455064,2022,건축물,051-600-4697,부산광역시 중구청,2026-03-25
광복동045,2,부산광역시 중구 광복로49번길 19-2,부산광역시 중구 신창동1가 17-1,35.1010075744,129.0303239153,2022,건축물,051-600-4697,부산광역시 중구청,2026-03-25
광복동046,2,부산광역시 중구 중구로34번길 20-1,부산광역시 중구 신창동1가 17-7,35.1009490955,129.0300329767,2022,건축물,051-600-4697,부산광역시 중구청,2026-03-25
광복동047,1,부산광역시 중구 광복로43번길 18-6,부산광역시 중구 신창동2가 17-17,35.1007537663,129.0299172719,2022,건축물,051-600-4697,부산광역시 중구청,2026-03-25
광복동048,2,부산광역시 중구 광복로43번길 16,부산광역시 중구 신창동2가 17-20,35.1006694111,129.0296915951,2022,건축물,051-600-4697,부산광역시 중구청,2026-03-25
광복동049,2,부산광역시 중구 광복로43번길 18-1,부산광역시 중구 신창동2가 16-2,35.1009249422,129.0296779742,2022,건축물,051-600-4697,부산광역시 중구청,2026-03-25
광복동050,2,부산광역시 중구 광복로43번길 22,부산광역시 중구 신창동2가 15-1,35.1012524563,129.0296602168,2022,건축물,051-600-4697,부산광역시 중구청,2026-03-25
광복동051,1,부산광역시 중구 중구로40번길 17,부산광역시 중구 신창동2가 12-3,35.1014618266,129.0295993960,2022,건축물,051-600-4697,부산광역시 중구청,2026-03-25
광복동052,2,부산광역시 중구 중구로40번길 19,부산광역시 중구 신창동2가 11-2,35.1015893694,129.0298507088,2022,건축물,051-600-4697,부산광역시 중구청,2026-03-25
광복동053,2,부산광역시 중구 중구로40번길 11-1,부산광역시 중구 신창동2가 30-2,35.1014838921,129.0291050687,2022,건축물,051-600-4697,부산광역시 중구청,2026-03-25
광복동054,1,부산광역시 중구 광복로35번길 23,부산광역시 중구 신창동3가 31-1,35.1014339547,129.0287451484,2022,건축물,051-600-4697,부산광역시 중구청,2026-03-25
광복동055,1,부산광역시 중구 중구로34번길 8-1,부산광역시 중구 신창동4가 13-1,35.1008775737,129.0286210461,2022,건축물,051-600-4697,부산광역시 중구청,2026-03-25
광복동056,2,부산광역시 중구 중구로40번길 7,부산광역시 중구 신창동4가 10-3,35.1014121367,129.0285680627,2022,건축물,051-600-4697,부산광역시 중구청,2026-03-25
광복동057,1,부산광역시 중구 중구로40번길 8,부산광역시 중구 신창동4가 11-2,35.1012284972,129.0285345627,2022,건축물,051-600-4697,부산광역시 중구청,2026-03-25
광복동058,2,부산광역시 중구 국제시장2길 19,부산광역시 중구 신창동4가 34-1,35.1011203747,129.0283073100,2022,건축물,051-600-4697,부산광역시 중구청,2026-03-25
광복동059,2,부산광역시 중구 중구로34번길 8,부산광역시 중구 신창동4가 13-3,35.1008875627,129.0285465092,2022,건축물,051-600-4697,부산광역시 중구청,2026-03-25
광복동060,1,부산광역시 중구 국제시장2길 33,부산광역시 중구 신창동4가 44-3,35.1023803656,129.0283038817,2022,건축물,051-600-4697,부산광역시 중구청,2026-03-25
광복동061,1,부산광역시 중구 국제시장2길 33,부산광역시 중구 신창동4가 44-3,35.1023803656,129.0283038817,2022,건축물,051-600-4697,부산광역시 중구청,2026-03-25
광복동062,1,,부산광역시 중구 신창동4가 51-5,35.1023102474,129.0279432477,2022,건축물,051-600-4697,부산광역시 중구청,2026-03-25
광복동063,1,부산광역시 중구 중구로 52,부산광역시 중구 신창동4가 51-2,35.1023980082,129.0280950942,2022,건축물,051-600-4697,부산광역시 중구청,2026-03-25
광복동064,1,부산광역시 중구 중구로 31,부산광역시 중구 신창동4가 56-4,35.1011157973,129.0280584993,2022,건축물,051-600-4697,부산광역시 중구청,2026-03-25
광복동065,1,부산광역시 중구 중구로 31,부산광역시 중구 신창동4가 56-4,35.1011157973,129.0280584993,2022,건축물,051-600-4697,부산광역시 중구청,2026-03-25
광복동066,1,부산광역시 중구 중구로 46,부산광역시 중구 신창동4가 41-3,35.1019547162,129.0280845489,2022,건축물,051-600-4697,부산광역시 중구청,2026-03-25
광복동067,1,부산광역시 중구 국제시장2길 25,부산광역시 중구 신창동4가 38-3,35.1015402677,129.0283105873,2022,건축물,051-600-4697,부산광역시 중구청,2026-03-25
광복동068,1,부산광역시 중구 국제시장2길 25,부산광역시 중구 신창동4가 38-3,35.1015402677,129.0283105873,2022,건축물,051-600-4697,부산광역시 중구청,2026-03-25
광복동069,1,부산광역시 중구 국제시장2길 25,부산광역시 중구 신창동4가 38-3,35.1015402677,129.0283105873,2022,건축물,051-600-4697,부산광역시 중구청,2026-03-25
광복동070,1,부산광역시 중구 국제시장2길 25,부산광역시 중구 신창동4가 38-3,35.1015402677,129.0283105873,2022,건축물,051-600-4697,부산광역시 중구청,2026-03-25
광복동071,1,부산광역시 중구 국제시장2길 25,부산광역시 중구 신창동4가 38-3,35.1015402677,129.0283105873,2022,건축물,051-600-4697,부산광역시 중구청,2026-03-25
광복동072,1,부산광역시 중구 중구로 42,부산광역시 중구 신창동4가 40-5,35.1015391210,129.0280721680,2022,건축물,051-600-4697,부산광역시 중구청,2026-03-25
광복동073,1,부산광역시 중구 국제시장2길 25,부산광역시 중구 신창동4가 38-3,35.1015402677,129.0283105873,2022,건축물,051-600-4697,부산광역시 중구청,2026-03-25
광복동074,1,부산광역시 중구 중구로 31,부산광역시 중구 신창동4가 56-4,35.1011157973,129.0280584993,2022,건축물,051-600-4697,부산광역시 중구청,2026-03-25
광복동075,1,부산광역시 중구 중구로 31,부산광역시 중구 신창동4가 56-4,35.1011157973,129.0280584993,2022,건축물,051-600-4697,부산광역시 중구청,2026-03-25
광복동076,1,부산광역시 중구 중구로 31,부산광역시 중구 신창동4가 56-4,35.1011157973,129.0280584993,2022,건축물,051-600-4697,부산광역시 중구청,2026-03-25
광복동077,1,부산광역시 중구 중구로 31,부산광역시 중구 신창동4가 56-4,35.1011157973,129.0280584993,2022,건축물,051-600-4697,부산광역시 중구청,2026-03-25
광복동078,1,부산광역시 중구 중구로 36,부산광역시 중구 신창동4가 35-3,35.1011157973,129.0280584993,2022,건축물,051-600-4697,부산광역시 중구청,2026-03-25
광복동079,1,,부산광역시 중구 신창동4가 35-2,35.1011767895,129.0281767900,2022,건축물,051-600-4697,부산광역시 중구청,2026-03-25
광복동080,1,부산광역시 중구 중구로 31,부산광역시 중구 신창동4가 56-4,35.1011157973,129.0280584993,2022,건축물,051-600-4697,부산광역시 중구청,2026-03-25
광복동081,1,부산광역시 중구 중구로 31,부산광역시 중구 신창동4가 56-4,35.1011157973,129.0280584993,2022,건축물,051-600-4697,부산광역시 중구청,2026-03-25
광복동082,1,부산광역시 중구 중구로 31,부산광역시 중구 신창동4가 56-4,35.1011157973,129.0280584993,2022,건축물,051-600-4697,부산광역시 중구청,2026-03-25
광복동083,1,부산광역시 중구 중구로 31,부산광역시 중구 신창동4가 56-4,35.1011157973,129.0280584993,2022,건축물,051-600-4697,부산광역시 중구청,2026-03-25
광복동084,1,부산광역시 중구 국제시장2길 15,부산광역시 중구 신창동4가 27-1,35.1006931156,129.0283080171,2022,건축물,051-600-4697,부산광역시 중구청,2026-03-25
광복동085,1,부산광역시 중구 국제시장2길 15,부산광역시 중구 신창동4가 27-1,35.1006931156,129.0283080171,2022,건축물,051-600-4697,부산광역시 중구청,2026-03-25
광복동086,1,부산광역시 중구 중구로 32,부산광역시 중구 신창동4가 60-3,35.1006920785,129.0280522776,2022,건축물,051-600-4697,부산광역시 중구청,2026-03-25
광복동087,1,부산광역시 중구 중구로 28,부산광역시 중구 신창동4가 21-3,35.1002305869,129.0280522477,2022,건축물,051-600-4697,부산광역시 중구청,2026-03-25
광복동088,1,부산광역시 중구 중구로 31,부산광역시 중구 신창동4가 56-4,35.1011157973,129.0280584993,2022,건축물,051-600-4697,부산광역시 중구청,2026-03-25
광복동089,1,부산광역시 중구 중구로 31,부산광역시 중구 신창동4가 56-4,35.1011157973,129.0280584993,2022,건축물,051-600-4697,부산광역시 중구청,2026-03-25
광복동090,1,부산광역시 중구 국제시장2길 9,부산광역시 중구 신창동4가 20-3,35.1002402864,129.0283073232,2022,건축물,051-600-4697,부산광역시 중구청,2026-03-25
광복동091,1,부산광역시 중구 국제시장2길 9,부산광역시 중구 신창동4가 20-3,35.1002402864,129.0283073232,2022,건축물,051-600-4697,부산광역시 중구청,2026-03-25
광복동092,1,부산광역시 중구 국제시장2길 16,부산광역시 중구 신창동4가 15-2,35.1006447118,129.0285886290,2022,건축물,051-600-4697,부산광역시 중구청,2026-03-25
광복동093,2,부산광역시 중구 중구로30번길 7,부산광역시 중구 신창동4가 16-1,35.1005688073,129.0285847741,2022,건축물,051-600-4697,부산광역시 중구청,2026-03-25
광복동094,1,부산광역시 중구 국제시장2길 12-1,부산광역시 중구 신창동4가 18-1,35.1003535969,129.0285907350,2022,건축물,051-600-4697,부산광역시 중구청,2026-03-25
광복동095,2,부산광역시 중구 국제시장2길 9,부산광역시 중구 신창동4가 20-3,35.1002402864,129.0283073232,2022,건축물,051-600-4697,부산광역시 중구청,2026-03-25
광복동096,2,부산광역시 중구 국제시장2길 6-3,부산광역시 중구 창선동2가 25,35.0999668266,129.0286114143,2022,건축물,051-600-4697,부산광역시 중구청,2026-03-25
광복동097,1,부산광역시 중구 국제시장2길 6-2,부산광역시 중구 창선동2가 24-1,35.0998781033,129.0286142596,2022,건축물,051-600-4697,부산광역시 중구청,2026-03-25
광복동098,2,부산광역시 중구 국제시장2길 6,부산광역시 중구 창선동2가 24-2,35.0997518538,129.0286301008,2022,건축물,051-600-4697,부산광역시 중구청,2026-03-25
광복동099,1,부산광역시 중구 광복로 31,부산광역시 중구 창선동2가 22-2,35.0994832000,129.0285770599,2022,건축물,051-600-4697,부산광역시 중구청,2026-03-25
광복동100,1,,부산광역시 중구 신창동1가 18-4,35.1009474221,129.0299284344,2023,건축물,051-600-4697,부산광역시 중구청,2026-03-25
광복동102,1,,부산광역시 중구 창선동2가 40-5,35.0995640754,129.0278414249,2022,건축물,051-600-4697,부산광역시 중구청,2026-03-25
광복동103,1,부산광역시 중구 중구로 22,부산광역시 중구 창선동2가 35-1,35.0997180267,129.0280397681,2022,건축물,051-600-4697,부산광역시 중구청,2026-03-25
광복동104,1,부산광역시 중구 중구로 22,부산광역시 중구 창선동2가 35-1,35.0997180267,129.0280397681,2022,건축물,051-600-4697,부산광역시 중구청,2026-03-25
광복동107,1,부산광역시 중구 중구로 22,부산광역시 중구 창선동2가 35-1,35.0997180267,129.0280397681,2022,건축물,051-600-4697,부산광역시 중구청,2026-03-25
광복동108,2,부산광역시 중구 중구로24번길 10,부산광역시 중구 창선동2가 17-1,35.1000138336,129.0287749759,2022,건축물,051-600-4697,부산광역시 중구청,2026-03-25
광복동109,1,부산광역시 중구 광복로35번길 7,부산광역시 중구 창선동2가 19-1,35.0998905602,129.0287852983,2022,건축물,051-600-4697,부산광역시 중구청,2026-03-25
광복동110,2,부산광역시 중구 광복로35번길 5,부산광역시 중구 창선동2가 20-6,35.0997234710,129.0287913548,2022,건축물,051-600-4697,부산광역시 중구청,2026-03-25
광복동111,1,부산광역시 중구 광복로35번길 3-3,부산광역시 중구 창선동2가 20-3,35.0996790138,129.0287931040,2022,건축물,051-600-4697,부산광역시 중구청,2026-03-25
광복동112,1,부산광역시 중구 광복로37번길 3-1,부산광역시 중구 창선동2가 10-1,35.0995660245,129.0291096124,2022,건축물,051-600-4697,부산광역시 중구청,2026-03-25
광복동113,1,부산광역시 중구 광복로39번길 3-1,부산광역시 중구 창선동2가 5,35.0996145151,129.0292975531,2022,건축물,051-600-4697,부산광역시 중구청,2026-03-25
광복동114,1,부산광역시 중구 광복로37번길 8,부산광역시 중구 창선동2가 1-6,35.0998935006,129.0292340720,2022,건축물,051-600-4697,부산광역시 중구청,2026-03-25
광복동115,1,부산광역시 중구 광복로37번길 7-1,부산광역시 중구 창선동2가 16-1,35.1000088774,129.0290710267,2022,건축물,051-600-4697,부산광역시 중구청,2026-03-25
광복동117,1,,부산광역시 중구 신창동3가 42,35.1014234895,129.0288060643,2022,건축물,051-600-4697,부산광역시 중구청,2026-03-25
광복동118,1,,부산광역시 중구 신창동2가 37,35.1013807374,129.0293882434,2022,건축물,051-600-4697,부산광역시 중구청,2026-03-25
광복동119,2,부산광역시 중구 광복로39번길 19,부산광역시 중구 신창동2가 27-2,35.1009181914,129.0292469741,2022,건축물,051-600-4697,부산광역시 중구청,2026-03-25
광복동120,1,부산광역시 중구 광복로39번길 16,부산광역시 중구 신창동2가 18-16,35.1007685083,129.0294029200,2022,건축물,051-600-4697,부산광역시 중구청,2026-03-25
광복동121,2,부산광역시 중구 광복로39번길 15,부산광역시 중구 신창동2가 26-7,35.1006065254,129.0292493358,2022,건축물,051-600-4697,부산광역시 중구청,2026-03-25
광복동122,1,부산광역시 중구 광복로39번길 13-1,부산광역시 중구 신창동2가 25-1,35.1004876875,129.0292423325,2022,건축물,051-600-4697,부산광역시 중구청,2026-03-25
광복동123,2,부산광역시 중구 광복로39번길 6,부산광역시 중구 창선동1가 12-1,35.0997204203,129.0295871404,2022,건축물,051-600-4697,부산광역시 중구청,2026-03-25
광복동124,2,,부산광역시 중구 창선동1가 46,35.0995449155,129.0294856063,2022,건축물,051-600-4697,부산광역시 중구청,2026-03-25
광복동125,2,부산광역시 중구 광복로43번길 10,부산광역시 중구 창선동1가 11,35.1000627757,129.0297916891,2022,건축물,051-600-4697,부산광역시 중구청,2026-03-25
광복동126,1,부산광역시 중구 광복로55번길 14-2,부산광역시 중구 창선동1가 9-9,35.0998904282,129.0298534266,2022,건축물,051-600-4697,부산광역시 중구청,2026-03-25
광복동127,2,부산광역시 중구 광복로55번길 13,부산광역시 중구 창선동1가 13-1,35.0996783524,129.0298659315,2022,건축물,051-600-4697,부산광역시 중구청,2026-03-25
광복동128,1,부산광역시 중구 광복로 45-9,부산광역시 중구 창선동1가 18-1,35.0996710905,129.0300089581,2022,건축물,051-600-4697,부산광역시 중구청,2026-03-25
광복동129,1,부산광역시 중구 광복로 45-12,부산광역시 중구 창선동1가 19-2,35.0997244525,129.0301642341,2022,건축물,051-600-4697,부산광역시 중구청,2026-03-25
광복동130,2,부산광역시 중구 광복로55번길 9,부산광역시 중구 창선동1가 29-2,35.0997041926,129.0303891780,2022,건축물,051-600-4697,부산광역시 중구청,2026-03-25
광복동131,2,부산광역시 중구 광복로49번길 5-1,부산광역시 중구 창선동1가 29-1,35.0997123606,129.0304933316,2022,건축물,051-600-4697,부산광역시 중구청,2026-03-25
광복동132,2,부산광역시 중구 광복로49번길 7,부산광역시 중구 창선동1가 8-4,35.0998431113,129.0305154352,2022,건축물,051-600-4697,부산광역시 중구청,2026-03-25
광복동133,2,부산광역시 중구 광복로49번길 5,부산광역시 중구 창선동1가 28-2,35.0996050216,129.0304723570,2022,건축물,051-600-4697,부산광역시 중구청,2026-03-25
광복동134,1,부산광역시 중구 광복중앙로 1,부산광역시 중구 창선동1가 44,35.0994715522,129.0311664368,2022,건축물,051-600-4697,부산광역시 중구청,2026-03-25
광복동135,2,부산광역시 중구 광복로49번길 11,부산광역시 중구 신창동1가 9-2,35.1001442161,129.0304280541,2022,건축물,051-600-4697,부산광역시 중구청,2026-03-25
광복동136,1,부산광역시 중구 중구로24번길 24,부산광역시 중구 신창동1가 9-3,35.1001405337,129.0303251078,2022,건축물,051-600-4697,부산광역시 중구청,2026-03-25
광복동137,1,부산광역시 중구 중구로24번길 21,부산광역시 중구 신창동2가 21-7,35.1002434113,129.0300045102,2022,건축물,051-600-4697,부산광역시 중구청,2026-03-25
광복동138,1,부산광역시 중구 중구로24번길 21-9,부산광역시 중구 신창동1가 12-10,35.1004179508,129.0300540162,2022,건축물,051-600-4697,부산광역시 중구청,2026-03-25
광복동139,2,부산광역시 중구 광복로43번길 12,부산광역시 중구 신창동2가 21-2,35.1004023198,129.0298358560,2022,건축물,051-600-4697,부산광역시 중구청,2026-03-25
광복동140,1,부산광역시 중구 중구로30번길 20,부산광역시 중구 신창동2가 20-1,35.1005081221,129.0297817885,2022,건축물,051-600-4697,부산광역시 중구청,2026-03-25
광복동141,1,부산광역시 중구 중구로30번길 22,부산광역시 중구 신창동1가 14-3,35.1005305927,129.0301188739,2022,건축물,051-600-4697,부산광역시 중구청,2026-03-25
광복동142,1,부산광역시 중구 광복로49번길 17,부산광역시 중구 신창동1가 16,35.1007484477,129.0303531256,2022,건축물,051-600-4697,부산광역시 중구청,2026-03-25
광복동143,2,부산광역시 중구 중구로30번길 24-1,부산광역시 중구 신창동1가 13-1,35.1005861665,129.0303895627,2022,건축물,051-600-4697,부산광역시 중구청,2026-03-25
광복동144,1,부산광역시 중구 광복중앙로 13,부산광역시 중구 신창동1가 8-2,35.1006011889,129.0309021296,2022,건축물,051-600-4697,부산광역시 중구청,2026-03-25
광복동145,1,부산광역시 중구 광복중앙로 13,부산광역시 중구 신창동1가 8-2,35.1006011889,129.0309021296,2022,건축물,051-600-4697,부산광역시 중구청,2026-03-25
광복동146,1,부산광역시 중구 광복로 68,부산광역시 중구 광복동2가 38-2,35.0987662053,129.0322252754,2022,건축물,051-600-4697,부산광역시 중구청,2026-03-25
광복동147,1,부산광역시 중구 구덕로14번길 2,부산광역시 중구 광복동1가 51-3,35.0980741804,129.0341491318,2022,건축물,051-600-4697,부산광역시 중구청,2026-03-25
광복동148,1,부산광역시 중구 광복로 88,부산광역시 중구 광복동1가 45,35.0983912878,129.0345473691,2022,건축물,051-600-4697,부산광역시 중구청,2026-03-25
광복동149,1,부산광역시 중구 구덕로 6,부산광역시 중구 광복동1가 43,35.0982039969,129.0347851522,2022,건축물,051-600-4697,부산광역시 중구청,2026-03-25
광복동150,1,부산광역시 중구 광복로 90-1,부산광역시 중구 광복동1가 38-6,35.0983959188,129.0348834551,2022,건축물,051-600-4697,부산광역시 중구청,2026-03-25
광복동151,1,부산광역시 중구 광복로 92,부산광역시 중구 광복동1가 38-1,35.0983959188,129.0348834551,2022,건축물,051-600-4697,부산광역시 중구청,2026-03-25
광복동152,1,부산광역시 중구 광복로 94,부산광역시 중구 광복동1가 37-3,35.0985585203,129.0351822395,2022,건축물,051-600-4697,부산광역시 중구청,2026-03-25
광복동153,1,부산광역시 중구 중구로40번길 22-1,부산광역시 중구 신창동1가 19-10,35.1013519621,129.0301703874,2022,건축물,051-600-4697,부산광역시 중구청,2026-03-25
광복동154,1,,부산광역시 중구 신창동2가 33-9,35.1020976913,129.0290018336,2023,건축물,051-600-4697,부산광역시 중구청,2026-03-25
광복동155,2,,부산광역시 중구 광복동1가 62,35.0988646644,129.0342355174,2024,건축물,051-600-4697,부산광역시 중구청,2026-03-25
광복동156,1,부산광역시 중구 대청로 86,부산광역시 중구 대청동3가 14-1,35.1027505529,129.0291984262,2024,건축물,051-600-4697,부산광역시 중구청,2026-03-25
광복동157,1,부산광역시 중구 광복중앙로 2,부산광역시 중구 광복동2가 6-5,35.0995091135,129.0314632115,2025,건축물,051-600-4697,부산광역시 중구청,2026-03-25
광복동158,1,,부산광역시 중구 광복동2가 2-17,35.0991679381,129.0325359508,2025,건축물,051-600-4697,부산광역시 중구청,2026-03-25
광복동159,1,부산광역시 중구 광복로67번길 16,부산광역시 중구 광복동2가 2-87,35.0993410556,129.0322849426,2025,건축물,051-600-4697,부산광역시 중구청,2026-03-25
광복동160,1,부산광역시 중구 국제시장2길 24-1,부산광역시 중구 신창동4가 10-5,35.1014847940,129.0285505641,2025,건축물,051-600-4697,부산광역시 중구청,2026-03-25
남포동001,1,부산광역시 중구 구덕로14번길 2,부산광역시 중구 광복동1가 51-3,35.0980741804,129.0341491318,2022,건축물,051-600-4697,부산광역시 중구청,2026-03-25
남포동002,1,부산광역시 중구 구덕로34번길 9-23,부산광역시 중구 남포동2가 14-9,35.0988260241,129.0316889189,2022,건축물,051-600-4697,부산광역시 중구청,2026-03-25
남포동003,1,부산광역시 중구 남포길 25-3,부산광역시 중구 남포동2가 15-1,35.0988509225,129.0314561980,2022,건축물,051-600-4697,부산광역시 중구청,2026-03-25
남포동004,1,부산광역시 중구 광복로 56-14,부산광역시 중구 남포동2가 17-1,35.0989350142,129.0312242878,2022,건축물,051-600-4697,부산광역시 중구청,2026-03-25
남포동005,1,부산광역시 중구 남포길 27,부산광역시 중구 남포동2가 14-7,35.0987480362,129.0318308462,2022,건축물,051-600-4697,부산광역시 중구청,2026-03-25
남포동006,1,부산광역시 중구 남포길 25,부산광역시 중구 남포동2가 14-6,35.0987391608,129.0316453148,2022,건축물,051-600-4697,부산광역시 중구청,2026-03-25
남포동007,1,부산광역시 중구 남포길 25-4,부산광역시 중구 남포동2가 14-12,35.0988173649,129.0316356326,2022,건축물,051-600-4697,부산광역시 중구청,2026-03-25
남포동008,2,부산광역시 중구 구덕로 40,부산광역시 중구 남포동2가 22-1,35.0984507220,129.0315630452,2022,건축물,051-600-4697,부산광역시 중구청,2026-03-25
남포동009,1,부산광역시 중구 남포길 24,부산광역시 중구 남포동2가 22-5,35.0986339444,129.0313579387,2022,건축물,051-600-4697,부산광역시 중구청,2026-03-25
남포동010,1,부산광역시 중구 남포길 22-1,부산광역시 중구 남포동2가 21-4,35.0986288298,129.0311845625,2022,건축물,051-600-4697,부산광역시 중구청,2026-03-25
남포동011,1,부산광역시 중구 남포길 13,부산광역시 중구 남포동3가 10-1,35.0989776966,129.0302797087,2022,건축물,051-600-4697,부산광역시 중구청,2026-03-25
남포동012,1,부산광역시 중구 남포길 12,부산광역시 중구 남포동3가 13-4,35.0988371930,129.0300705173,2022,건축물,051-600-4697,부산광역시 중구청,2026-03-25
남포동013,1,부산광역시 중구 남포길 9,부산광역시 중구 남포동3가 7-6,35.0989736752,129.0298257596,2022,건축물,051-600-4697,부산광역시 중구청,2026-03-25
남포동014,1,부산광역시 중구 비프광장로 40,부산광역시 중구 남포동5가 33,35.0982418367,129.0289050760,2022,건축물,051-600-4697,부산광역시 중구청,2026-03-25
남포동015,1,부산광역시 중구 중구로6번길 8,부산광역시 중구 남포동5가 32-1,35.0983791247,129.0288004722,2022,건축물,051-600-4697,부산광역시 중구청,2026-03-25
남포동016,1,부산광역시 중구 중구로6번길 6-1,부산광역시 중구 남포동5가 30-1,35.0983321435,129.0285869136,2022,건축물,051-600-4697,부산광역시 중구청,2026-03-25
남포동017,1,부산광역시 중구 중구로6번길 4-3,부산광역시 중구 남포동5가 29-2,35.0982807154,129.0283374989,2022,건축물,051-600-4697,부산광역시 중구청,2026-03-25
남포동018,1,부산광역시 중구 구덕로 64-13,부산광역시 중구 남포동5가 36-11,35.0981444759,129.0286594574,2022,건축물,051-600-4697,부산광역시 중구청,2026-03-25
남포동019,1,부산광역시 중구 중구로6번길 6-2,부산광역시 중구 남포동5가 31-1,35.0983551066,129.0286955987,2022,건축물,051-600-4697,부산광역시 중구청,2026-03-25
남포동020,1,부산광역시 중구 중구로 4-13,부산광역시 중구 남포동5가 30-6,35.0982510451,129.0284680160,2022,건축물,051-600-4697,부산광역시 중구청,2026-03-25
남포동021,1,부산광역시 중구 중구로 4-11,부산광역시 중구 남포동5가 29-8,35.0982530464,129.0283969021,2022,건축물,051-600-4697,부산광역시 중구청,2026-03-25
남포동022,1,부산광역시 중구 중구로5번길 5,부산광역시 중구 남포동6가 81-3,35.0980811400,129.0276406575,2022,건축물,051-600-4697,부산광역시 중구청,2026-03-25
남포동023,1,부산광역시 중구 중구로5번길 5-1,부산광역시 중구 남포동6가 80-4,35.0980491261,129.0275019239,2022,건축물,051-600-4697,부산광역시 중구청,2026-03-25
남포동024,1,부산광역시 중구 중구로5번길 7,부산광역시 중구 남포동6가 77-1,35.0980156064,129.0273616181,2022,건축물,051-600-4697,부산광역시 중구청,2026-03-25
남포동025,1,부산광역시 중구 중구로5번길 7-1,부산광역시 중구 남포동6가 76-7,35.0979772869,129.0272281014,2022,건축물,051-600-4697,부산광역시 중구청,2026-03-25
남포동026,1,부산광역시 중구 중구로5번길 10-1,부산광역시 중구 남포동6가 93-5,35.0981078951,129.0270540304,2022,건축물,051-600-4697,부산광역시 중구청,2026-03-25
남포동027,1,부산광역시 중구 중구로5번길 12-1,부산광역시 중구 남포동6가 96-2,35.0980848320,129.0269242906,2022,건축물,051-600-4697,부산광역시 중구청,2026-03-25
남포동028,1,부산광역시 중구 중구로5번길 12-4,부산광역시 중구 남포동6가 96-6,35.0981611434,129.0268984384,2022,건축물,051-600-4697,부산광역시 중구청,2026-03-25
남포동029,1,부산광역시 중구 중구로5번길 11,부산광역시 중구 남포동6가 72-1,35.0979340312,129.0269802067,2022,건축물,051-600-4697,부산광역시 중구청,2026-03-25
남포동030,1,부산광역시 중구 중구로5번길 11-1,부산광역시 중구 남포동6가 72-2,35.0979011360,129.0268402457,2022,건축물,051-600-4697,부산광역시 중구청,2026-03-25
남포동031,1,부산광역시 중구 중구로5번길 13,부산광역시 중구 남포동6가 69-1,35.0978687920,129.0266996405,2022,건축물,051-600-4697,부산광역시 중구청,2026-03-25
남포동032,1,부산광역시 중구 자갈치로23번길 5,부산광역시 중구 남포동6가 60,35.0970635747,129.0266413287,2022,건축물,051-600-4697,부산광역시 중구청,2026-03-25
남포동033,1,부산광역시 중구 자갈치로23번길 5-9,부산광역시 중구 남포동6가 61-5,35.0969135344,129.0265386011,2022,건축물,051-600-4697,부산광역시 중구청,2026-03-25
남포동034,1,부산광역시 중구 자갈치로 18,부산광역시 중구 남포동6가 25-1,35.0963352770,129.0263806475,2022,건축물,051-600-4697,부산광역시 중구청,2026-03-25
남포동035,1,부산광역시 중구 구덕로 93,부산광역시 중구 남포동6가 118,35.0964384756,129.0260078746,2022,건축물,051-600-4697,부산광역시 중구청,2026-03-25
남포동036,1,부산광역시 중구 자갈치로16번길 3-1,부산광역시 중구 남포동6가 24-3,35.0962322268,129.0264103334,2022,건축물,051-600-4697,부산광역시 중구청,2026-03-25
남포동037,1,부산광역시 중구 자갈치로16번길 5,부산광역시 중구 남포동6가 24-4,35.0960618736,129.0264714671,2022,건축물,051-600-4697,부산광역시 중구청,2026-03-25
남포동038,1,부산광역시 중구 자갈치로 17,부산광역시 중구 남포동6가 115-7,35.0966000520,129.0262722892,2022,건축물,051-600-4697,부산광역시 중구청,2026-03-25
남포동039,1,부산광역시 중구 자갈치로15번길 4,부산광역시 중구 남포동6가 115-5,35.0967440864,129.0262006349,2022,건축물,051-600-4697,부산광역시 중구청,2026-03-25
남포동040,1,부산광역시 중구 자갈치로15번길 6,부산광역시 중구 남포동6가 114-2,35.0968394763,129.0262086976,2022,건축물,051-600-4697,부산광역시 중구청,2026-03-25
남포동041,1,,부산광역시 중구 남포동6가 59-3,35.0970236205,129.0260542904,2022,건축물,051-600-4697,부산광역시 중구청,2026-03-25
남포동042,1,부산광역시 중구 자갈치로24번길 2,부산광역시 중구 남포동6가 27-2,35.0963592348,129.0268826631,2022,건축물,051-600-4697,부산광역시 중구청,2026-03-25
남포동043,1,부산광역시 중구 자갈치로47번길 5-16,부산광역시 중구 남포동5가 42,35.0974987990,129.0285831494,2022,건축물,051-600-4697,부산광역시 중구청,2026-03-25
남포동044,1,부산광역시 중구 자갈치로 43,부산광역시 중구 남포동5가 84,35.0974020500,129.0289362368,2022,건축물,051-600-4697,부산광역시 중구청,2026-03-25
남포동045,1,부산광역시 중구 자갈치로47번길 5,부산광역시 중구 남포동5가 50-1,35.0976799961,129.0292093562,2022,건축물,051-600-4697,부산광역시 중구청,2026-03-25
남포동046,1,부산광역시 중구 자갈치로60번길 4,부산광역시 중구 남포동5가 115-1,35.0972339435,129.0305904111,2022,건축물,051-600-4697,부산광역시 중구청,2026-03-25
남포동047,1,부산광역시 중구 자갈치로60번길 4-1,부산광역시 중구 남포동5가 115-5,35.0971784177,129.0306073453,2022,건축물,051-600-4697,부산광역시 중구청,2026-03-25
남포동048,1,부산광역시 중구 자갈치로59번길 5-31,부산광역시 중구 남포동5가 74-2,35.0976283796,129.0298700347,2022,건축물,051-600-4697,부산광역시 중구청,2026-03-25
남포동049,1,부산광역시 중구 자갈치로59번길 5-23,부산광역시 중구 남포동5가 73-1,35.0976796496,129.0300910449,2022,건축물,051-600-4697,부산광역시 중구청,2026-03-25
남포동050,1,부산광역시 중구 자갈치로59번길 5-21,부산광역시 중구 남포동5가 70,35.0977061225,129.0301945533,2022,건축물,051-600-4697,부산광역시 중구청,2026-03-25
남포동051,1,부산광역시 중구 자갈치로59번길 5-14,부산광역시 중구 남포동5가 62-2,35.0979084814,129.0302994634,2022,건축물,051-600-4697,부산광역시 중구청,2026-03-25
남포동052,1,부산광역시 중구 자갈치로59번길 5,부산광역시 중구 남포동5가 65,35.0979310123,129.0305790828,2022,건축물,051-600-4697,부산광역시 중구청,2026-03-25
남포동053,1,부산광역시 중구 자갈치로 64-1,부산광역시 중구 남포동4가 39-4,35.0973968355,129.0311360119,2022,건축물,051-600-4697,부산광역시 중구청,2026-03-25
남포동054,1,부산광역시 중구 자갈치로 64-20,부산광역시 중구 남포동4가 38-12,35.0971934798,129.0310744970,2022,건축물,051-600-4697,부산광역시 중구청,2026-03-25
남포동055,1,부산광역시 중구 자갈치로 63-2,부산광역시 중구 남포동4가 10-1,35.0976573140,129.0312788794,2022,건축물,051-600-4697,부산광역시 중구청,2026-03-25
남포동056,1,부산광역시 중구 자갈치로 66-1,부산광역시 중구 남포동4가 33-1,35.0973658099,129.0314762528,2022,건축물,051-600-4697,부산광역시 중구청,2026-03-25
남포동057,1,부산광역시 중구 자갈치로 66,부산광역시 중구 남포동4가 36,35.0973602800,129.0313115313,2022,건축물,051-600-4697,부산광역시 중구청,2026-03-25
남포동059,1,부산광역시 중구 용미길10번길 9,부산광역시 중구 남포동1가 62-2,35.0971080767,129.0339584593,2022,건축물,051-600-4697,부산광역시 중구청,2026-03-25
남포동060,1,부산광역시 중구 용미길10번길 5-2,부산광역시 중구 남포동1가 62-16,35.0970271698,129.0341828748,2022,건축물,051-600-4697,부산광역시 중구청,2026-03-25
남포동061,1,부산광역시 중구 용미길10번길 3-2,부산광역시 중구 남포동1가 62-19,35.0969569564,129.0343875994,2022,건축물,051-600-4697,부산광역시 중구청,2026-03-25
남포동062,2,부산광역시 중구 용미길10번길 1,부산광역시 중구 남포동1가 62-1,35.0968383329,129.0347275239,2022,건축물,051-600-4697,부산광역시 중구청,2026-03-25
남포동063,1,부산광역시 중구 용미길9번길 1-1,부산광역시 중구 남포동1가 41-14,35.0970047280,129.0350043571,2022,건축물,051-600-4697,부산광역시 중구청,2026-03-25
남포동064,1,부산광역시 중구 용미길7번길 2,부산광역시 중구 남포동1가 41-8,35.0970849306,129.0348810216,2022,건축물,051-600-4697,부산광역시 중구청,2026-03-25
남포동065,1,부산광역시 중구 용미길8번길 1,부산광역시 중구 남포동1가 62,35.0970675334,129.0347041635,2022,건축물,051-600-4697,부산광역시 중구청,2026-03-25
남포동066,1,부산광역시 중구 용미길8번길 1-1,부산광역시 중구 남포동1가 63-4,35.0971204210,129.0346028462,2022,건축물,051-600-4697,부산광역시 중구청,2026-03-25
남포동067,1,부산광역시 중구 용미길8번길 5-1,부산광역시 중구 남포동1가 64-1,35.0972139941,129.0343057191,2022,건축물,051-600-4697,부산광역시 중구청,2026-03-25
남포동068,1,부산광역시 중구 용미길8번길 6,부산광역시 중구 남포동1가 20-1,35.0973867671,129.0343368766,2022,건축물,051-600-4697,부산광역시 중구청,2026-03-25
남포동069,1,부산광역시 중구 용미길8번길 7-2,부산광역시 중구 남포동1가 65-8,35.0973401019,129.0340191585,2022,건축물,051-600-4697,부산광역시 중구청,2026-03-25
남포동070,1,부산광역시 중구 용미길 3-2,부산광역시 중구 남포동1가 56,35.0974455731,129.0349297888,2022,건축물,051-600-4697,부산광역시 중구청,2026-03-25
남포동071,1,부산광역시 중구 용미길7번길 1-1,부산광역시 중구 남포동1가 58-4,35.0972552630,129.0349609137,2022,건축물,051-600-4697,부산광역시 중구청,2026-03-25
남포동072,1,부산광역시 중구 용미길7번길 4-1,부산광역시 중구 남포동1가 41-2,35.0970516346,129.0351626504,2022,건축물,051-600-4697,부산광역시 중구청,2026-03-25
남포동073,1,부산광역시 중구 구덕로 3-16,부산광역시 중구 남포동1가 58-1,35.0973156639,129.0350884025,2022,건축물,051-600-4697,부산광역시 중구청,2026-03-25
남포동074,1,부산광역시 중구 용미길7번길 5,부산광역시 중구 남포동1가 43-2,35.0973138872,129.0353176356,2022,건축물,051-600-4697,부산광역시 중구청,2026-03-25
남포동075,1,부산광역시 중구 용미길7번길 5-1,부산광역시 중구 남포동1가 43-1,35.0973286752,129.0353976088,2022,건축물,051-600-4697,부산광역시 중구청,2026-03-25
남포동077,1,부산광역시 중구 태종로 6,부산광역시 중구 남포동1가 44-1,35.0973041269,129.0355124595,2022,건축물,051-600-4697,부산광역시 중구청,2026-03-25
남포동078,1,부산광역시 중구 용미길7번길 8,부산광역시 중구 남포동1가 39-1,35.0971571007,129.0355580364,2022,건축물,051-600-4697,부산광역시 중구청,2026-03-25
남포동079,1,부산광역시 중구 용미길9번길 7,부산광역시 중구 남포동1가 38-1,35.0970705300,129.0355722216,2022,건축물,051-600-4697,부산광역시 중구청,2026-03-25
남포동080,2,부산광역시 중구 용미길9번길 10,부산광역시 중구 남포동1가 34-10,35.0969083495,129.0357259739,2022,건축물,051-600-4697,부산광역시 중구청,2026-03-25
남포동081,1,부산광역시 중구 용미길7번길 4-2,부산광역시 중구 남포동1가 41-1,35.0970020302,129.0352455182,2022,건축물,051-600-4697,부산광역시 중구청,2026-03-25
남포동082,1,부산광역시 중구 용미길9번길 6-9,부산광역시 중구 남포동1가 35-1,35.0967307895,129.0354647612,2022,건축물,051-600-4697,부산광역시 중구청,2026-03-25
남포동083,1,부산광역시 중구 용미길9번길 6-14,부산광역시 중구 남포동1가 62-29,35.0966514139,129.0351256179,2022,건축물,051-600-4697,부산광역시 중구청,2026-03-25
남포동084,1,부산광역시 중구 남포길 27-1,부산광역시 중구 남포동2가 14-11,35.0986935479,129.0319686416,2023,건축물,051-600-4697,부산광역시 중구청,2026-03-25
남포동085,1,부산광역시 중구 구덕로 80,부산광역시 중구 남포동6가 74-1,35.0977573296,129.0271137717,2024,건축물,051-600-4697,부산광역시 중구청,2026-03-25
남포동086,1,부산광역시 중구 남포길 28-1,부산광역시 중구 남포동2가 24-1,35.0985068742,129.0319172965,2025,건축물,051-600-4697,부산광역시 중구청,2026-03-25
남포동087,1,,부산광역시 중구 남포동2가 45-1,35.0981170072,129.0329286871,2026,건축물,051-600-4697,부산광역시 중구청,2026-03-25
대청동002,1,부산광역시 중구 중구로111번안길 9,부산광역시 중구 대청동4가 22-13,35.1068617691,129.0316476883,2022,건축물,051-600-4697,부산광역시 중구청,2026-03-25
대청동003,1,부산광역시 중구 중구로111번안길 15-6,부산광역시 중구 대청동4가 21-100,35.1070823444,129.0312625454,2022,건축물,051-600-4697,부산광역시 중구청,2026-03-25
대청동004,1,부산광역시 중구 대청북길39번길 4,부산광역시 중구 대청동4가 21-44,35.1069739060,129.0310222149,2022,건축물,051-600-4697,부산광역시 중구청,2026-03-25
대청동005,1,부산광역시 중구 중구로111번안길 20-5,부산광역시 중구 대청동4가 20-18,35.1073269445,129.0314978127,2022,건축물,051-600-4697,부산광역시 중구청,2026-03-25
대청동006,1,부산광역시 중구 중구로111번안길 22,부산광역시 중구 대청동4가 20-9,35.1074050452,129.0314351599,2022,건축물,051-600-4697,부산광역시 중구청,2026-03-25
대청동007,1,부산광역시 중구 중구로111번안길 19-1,부산광역시 중구 대청동4가 21-63,35.1071940253,129.0312825346,2022,건축물,051-600-4697,부산광역시 중구청,2026-03-25
대청동008,1,부산광역시 중구 대청북길17번길 56,부산광역시 중구 대청동4가 21-8,35.1072157329,129.0311003749,2022,건축물,051-600-4697,부산광역시 중구청,2026-03-25
대청동009,1,,부산광역시 중구 대청동4가 20-28,35.1075802221,129.0313791876,2022,건축물,051-600-4697,부산광역시 중구청,2026-03-25
대청동010,1,부산광역시 중구 망양로 356,부산광역시 중구 영주동 446-2,35.1088542936,129.0324467181,2022,건축물,051-600-4697,부산광역시 중구청,2026-03-25
대청동011,1,부산광역시 중구 망양로350번길 6-14,부산광역시 중구 대청동4가 6-38,35.1080034337,129.0310690416,2022,건축물,051-600-4697,부산광역시 중구청,2026-03-25
대청동012,1,부산광역시 중구 망양로350번길 14-9,부산광역시 중구 대청동4가 21-17,35.1078534430,129.0312324465,2022,건축물,051-600-4697,부산광역시 중구청,2026-03-25
대청동013,1,부산광역시 중구 망양로350번길 18-5,부산광역시 중구 대청동4가 21-30,35.1075651882,129.0311392058,2022,건축물,051-600-4697,부산광역시 중구청,2026-03-25
대청동014,1,부산광역시 중구 망양로350번길 18-13,부산광역시 중구 대청동4가 21-25,35.1076597153,129.0311610721,2022,건축물,051-600-4697,부산광역시 중구청,2026-03-25
대청동015,1,부산광역시 중구 망양로350번길 18-19,부산광역시 중구 대청동4가 21-75,35.1078188216,129.0310936301,2022,건축물,051-600-4697,부산광역시 중구청,2026-03-25
대청동016,1,부산광역시 중구 대청북길17번길 57-18,부산광역시 중구 대청동4가 21-79,35.1074963236,129.0311992370,2022,건축물,051-600-4697,부산광역시 중구청,2026-03-25
대청동017,1,부산광역시 중구 대청북길17번길 57-26,부산광역시 중구 대청동4가 64-4,35.1074386371,129.0309794656,2022,건축물,051-600-4697,부산광역시 중구청,2026-03-25
대청동018,1,부산광역시 중구 망양로342번길 7-8,부산광역시 중구 대청동4가 64-28,35.1075175113,129.0307523363,2022,건축물,051-600-4697,부산광역시 중구청,2026-03-25
대청동019,1,부산광역시 중구 망양로344번길 7,부산광역시 중구 대청동4가 65-24,35.1075677952,129.0309782845,2022,건축물,051-600-4697,부산광역시 중구청,2026-03-25
대청동020,1,부산광역시 중구 망양로344번길 3-3,부산광역시 중구 대청동4가 65-18,35.1078204214,129.0308045961,2022,건축물,051-600-4697,부산광역시 중구청,2026-03-25
대청동021,1,부산광역시 중구 망양로342번길 5,부산광역시 중구 대청동4가 65-50,35.1076022844,129.0306517950,2022,건축물,051-600-4697,부산광역시 중구청,2026-03-25
대청동022,1,부산광역시 중구 망양로344번길 2,부산광역시 중구 대청동4가 65-124,35.1077566136,129.0305359815,2022,건축물,051-600-4697,부산광역시 중구청,2026-03-25
대청동023,1,부산광역시 중구 망양로342번길 2,부산광역시 중구 대청동4가 65-112,35.1077040440,129.0304356508,2022,건축물,051-600-4697,부산광역시 중구청,2026-03-25
대청동024,1,,부산광역시 중구 대청동4가 2-31,35.1079154565,129.0306834515,2022,건축물,051-600-4697,부산광역시 중구청,2026-03-25
대청동025,1,부산광역시 중구 망양로342번길 10-1,부산광역시 중구 대청동4가 65-58,35.1073800747,129.0305914494,2022,건축물,051-600-4697,부산광역시 중구청,2026-03-25
대청동026,1,부산광역시 중구 망양로342번길 6,부산광역시 중구 대청동4가 65-46,35.1075962413,129.0304961422,2022,건축물,051-600-4697,부산광역시 중구청,2026-03-25
대청동027,1,부산광역시 중구 망양로342번길 6-4,부산광역시 중구 대청동4가 65-43,35.1076376581,129.0303907962,2022,건축물,051-600-4697,부산광역시 중구청,2026-03-25
대청동028,1,부산광역시 중구 망양로336번길 3-12,부산광역시 중구 대청동4가 65-59,35.1074229042,129.0305362549,2022,건축물,051-600-4697,부산광역시 중구청,2026-03-25
대청동029,1,부산광역시 중구 망양로336번길 3-4,부산광역시 중구 대청동4가 65-69,35.1073081981,129.0304547803,2022,건축물,051-600-4697,부산광역시 중구청,2026-03-25
대청동030,1,부산광역시 중구 망양로336번길 4-1,부산광역시 중구 대청동4가 65-75,35.1072881454,129.0301348342,2022,건축물,051-600-4697,부산광역시 중구청,2026-03-25
대청동032,1,부산광역시 중구 망양로 338,부산광역시 중구 대청동4가 2-166,35.1076230466,129.0302678299,2022,건축물,051-600-4697,부산광역시 중구청,2026-03-25
대청동033,2,부산광역시 중구 망양로332번길 8,부산광역시 중구 대청동4가 66-2,35.1069550184,129.0299281904,2022,건축물,051-600-4697,부산광역시 중구청,2026-03-25
대청동034,1,부산광역시 중구 망양로332번길 10-3,부산광역시 중구 대청동4가 66-32,35.1067837397,129.0299368821,2022,건축물,051-600-4697,부산광역시 중구청,2026-03-25
대청동035,1,,부산광역시 중구 대청동4가 65-73,35.1071980202,129.0301970417,2022,건축물,051-600-4697,부산광역시 중구청,2026-03-25
대청동036,1,부산광역시 중구 대청북길17번길 43,부산광역시 중구 대청동4가 63-1,35.1071486274,129.0305445829,2022,건축물,051-600-4697,부산광역시 중구청,2026-03-25
대청동037,1,부산광역시 중구 대청북길 43-1,부산광역시 중구 대청동4가 22-9,35.1068608253,129.0315427178,2022,건축물,051-600-4697,부산광역시 중구청,2026-03-25
대청동038,1,부산광역시 중구 중구로97번길 13,부산광역시 중구 대청동4가 45-1,35.1063791969,129.0310612994,2022,건축물,051-600-4697,부산광역시 중구청,2026-03-25
대청동039,1,부산광역시 중구 중구로91번길 15-2,부산광역시 중구 대청동4가 45-14,35.1061686107,129.0309472888,2022,건축물,051-600-4697,부산광역시 중구청,2026-03-25
대청동040,1,부산광역시 중구 중구로97번길 7,부산광역시 중구 대청동4가 43-3,35.1058562868,129.0309297782,2022,건축물,051-600-4697,부산광역시 중구청,2026-03-25
대청동041,1,부산광역시 중구 중구로91번길 14,부산광역시 중구 대청동4가 46-17,35.1059069718,129.0307446119,2022,건축물,051-600-4697,부산광역시 중구청,2026-03-25
대청동042,1,부산광역시 중구 중구로91번길 14-2,부산광역시 중구 대청동4가 42-1,35.1058200911,129.0307773283,2022,건축물,051-600-4697,부산광역시 중구청,2026-03-25
대청동043,1,부산광역시 중구 중구로91번길 12-5,부산광역시 중구 대청동4가 41-4,35.1056127303,129.0306213992,2022,건축물,051-600-4697,부산광역시 중구청,2026-03-25
대청동044,1,부산광역시 중구 중구로91번길 14-7,부산광역시 중구 대청동4가 36-3,35.1055341540,129.0306855750,2022,건축물,051-600-4697,부산광역시 중구청,2026-03-25
대청동045,1,부산광역시 중구 중구로91번길 6,부산광역시 중구 대청동4가 35-3,35.1053627691,129.0307221161,2022,건축물,051-600-4697,부산광역시 중구청,2026-03-25
대청동046,1,부산광역시 중구 중구로91번길 3,부산광역시 중구 대청동4가 78-82,35.1051724697,129.0305429248,2022,건축물,051-600-4697,부산광역시 중구청,2026-03-25
대청동047,1,부산광역시 중구 대청북길34번길 3-6,부산광역시 중구 대청동4가 48,35.1061215488,129.0306796434,2022,건축물,051-600-4697,부산광역시 중구청,2026-03-25
대청동048,1,부산광역시 중구 중구로97번길 9-6,부산광역시 중구 대청동4가 46-12,35.1062358223,129.0308729612,2022,건축물,051-600-4697,부산광역시 중구청,2026-03-25
대청동049,1,부산광역시 중구 대청북길34번길 4-1,부산광역시 중구 대청동4가 54-2,35.1059774448,129.0304433664,2022,건축물,051-600-4697,부산광역시 중구청,2026-03-25
대청동050,1,부산광역시 중구 대청북길 30-8,부산광역시 중구 대청동4가 55-11,35.1058553613,129.0302589580,2022,건축물,051-600-4697,부산광역시 중구청,2026-03-25
대청동051,1,부산광역시 중구 대청북길 31,부산광역시 중구 대청동4가 55-1,35.1063543862,129.0303800128,2022,건축물,051-600-4697,부산광역시 중구청,2026-03-25
대청동052,1,부산광역시 중구 대청북길 37-1,부산광역시 중구 대청동4가 62-4,35.1067510800,129.0307566754,2022,건축물,051-600-4697,부산광역시 중구청,2026-03-25
대청동053,2,부산광역시 중구 대청북길33번길 2,부산광역시 중구 대청동4가 57-2,35.1065860682,129.0304935587,2022,건축물,051-600-4697,부산광역시 중구청,2026-03-25
대청동054,1,부산광역시 중구 대청북길17번길 18,부산광역시 중구 대청동4가 73-31,35.1060520624,129.0296794520,2022,건축물,051-600-4697,부산광역시 중구청,2026-03-25
대청동055,1,부산광역시 중구 대청북길25번길 4-5,부산광역시 중구 대청동4가 70-54,35.1061963330,129.0299919468,2022,건축물,051-600-4697,부산광역시 중구청,2026-03-25
대청동056,1,부산광역시 중구 대청북길17번길 30-5,부산광역시 중구 대청동4가 70-30,35.1063798415,129.0301354404,2022,건축물,051-600-4697,부산광역시 중구청,2026-03-25
대청동057,1,부산광역시 중구 대청북길17번길 30-3,부산광역시 중구 대청동4가 70-27,35.1064720944,129.0301370709,2022,건축물,051-600-4697,부산광역시 중구청,2026-03-25
대청동058,1,,부산광역시 중구 대청동4가 70-74,35.1063504107,129.0298719415,2022,건축물,051-600-4697,부산광역시 중구청,2026-03-25
대청동059,1,부산광역시 중구 중구로 71,부산광역시 중구 대청동4가 81-1,35.1043539465,129.0285726578,2022,건축물,051-600-4697,부산광역시 중구청,2026-03-25
대청동060,1,부산광역시 중구 중구로 75,부산광역시 중구 대청동4가 80-1,35.1046122240,129.0291808709,2022,건축물,051-600-4697,부산광역시 중구청,2026-03-25
대청동061,1,,부산광역시 중구 대청동4가 81-68,35.1045338727,129.0280596232,2022,건축물,051-600-4697,부산광역시 중구청,2026-03-25
대청동062,1,,부산광역시 중구 대청동4가 79-4,35.1047758117,129.0290579851,2022,건축물,051-600-4697,부산광역시 중구청,2026-03-25
대청동063,1,부산광역시 중구 대청북길16번안길 5-1,부산광역시 중구 대청동4가 78-69,35.1050146947,129.0291320720,2022,건축물,051-600-4697,부산광역시 중구청,2026-03-25
대청동064,1,부산광역시 중구 대청북길16번안길 3-6,부산광역시 중구 대청동4가 78-49,35.1050731579,129.0292464714,2022,건축물,051-600-4697,부산광역시 중구청,2026-03-25
대청동065,1,부산광역시 중구 대청북길16번길 6-1,부산광역시 중구 대청동4가 78-46,35.1052066631,129.0293624028,2022,건축물,051-600-4697,부산광역시 중구청,2026-03-25
대청동066,1,부산광역시 중구 대청북길16번길 3,부산광역시 중구 대청동4가 78-33,35.1053732848,129.0291959026,2022,건축물,051-600-4697,부산광역시 중구청,2026-03-25
대청동067,2,부산광역시 중구 중구로75번안길 15,부산광역시 중구 대청동4가 81-50,35.1052024088,129.0288791340,2022,건축물,051-600-4697,부산광역시 중구청,2026-03-25
대청동068,1,부산광역시 중구 중구로75번안길 13,부산광역시 중구 대청동4가 81-53,35.1051441942,129.0286691170,2022,건축물,051-600-4697,부산광역시 중구청,2026-03-25
대청동069,1,부산광역시 중구 중구로75번안길 11-1,부산광역시 중구 대청동4가 81-55,35.1051007495,129.0285403957,2022,건축물,051-600-4697,부산광역시 중구청,2026-03-25
대청동070,1,부산광역시 중구 대청북길26번길 4-16,부산광역시 중구 대청동4가 78-113,35.1057480479,129.0298491244,2022,건축물,051-600-4697,부산광역시 중구청,2026-03-25
대청동071,1,부산광역시 중구 대청북길26번길 2,부산광역시 중구 대청동4가 78-112,35.1057302673,129.0299422242,2022,건축물,051-600-4697,부산광역시 중구청,2026-03-25
대청동072,1,부산광역시 중구 대청북길26번길 4-6,부산광역시 중구 대청동4가 78-110,35.1057080401,129.0300586811,2022,건축물,051-600-4697,부산광역시 중구청,2026-03-25
대청동073,1,부산광역시 중구 중구로91번길 7-6,부산광역시 중구 대청동4가 78-137,35.1055021411,129.0300575215,2022,건축물,051-600-4697,부산광역시 중구청,2026-03-25
대청동074,1,부산광역시 중구 대청북길16번길 9,부산광역시 중구 대청동4가 78-11,35.1055379327,129.0297230668,2022,건축물,051-600-4697,부산광역시 중구청,2026-03-25
대청동075,1,부산광역시 중구 대청북길16번길 12,부산광역시 중구 대청동4가 78-141,35.1054461144,129.0299322153,2022,건축물,051-600-4697,부산광역시 중구청,2026-03-25
대청동076,1,부산광역시 중구 중구로91번안길 16,부산광역시 중구 대청동4가 78-158,35.1053452526,129.0299441887,2022,건축물,051-600-4697,부산광역시 중구청,2026-03-25
대청동077,1,부산광역시 중구 중구로91번안길 14,부산광역시 중구 대청동4가 78-157,35.1053377374,129.0300377620,2022,건축물,051-600-4697,부산광역시 중구청,2026-03-25
대청동078,1,부산광역시 중구 중구로 81,부산광역시 중구 대청동4가 79-1,35.1052184117,129.0297317011,2022,건축물,051-600-4697,부산광역시 중구청,2026-03-25
대청동079,1,부산광역시 중구 중구로91번안길 10,부산광역시 중구 대청동4가 78-159,35.1052306000,129.0300800653,2022,건축물,051-600-4697,부산광역시 중구청,2026-03-25
대청동080,1,부산광역시 중구 중구로91번길 5-1,부산광역시 중구 대청동4가 78-164,35.1053278153,129.0303126540,2022,건축물,051-600-4697,부산광역시 중구청,2026-03-25
대청동081,1,부산광역시 중구 중구로91번길 5-4,부산광역시 중구 대청동4가 78-154,35.1054324593,129.0302362944,2022,건축물,051-600-4697,부산광역시 중구청,2026-03-25
대청동082,1,부산광역시 중구 중구로91번길 5-6,부산광역시 중구 대청동4가 78-155,35.1054062482,129.0301548243,2022,건축물,051-600-4697,부산광역시 중구청,2026-03-25
대청동083,1,부산광역시 중구 대청북길16번길 16-1,부산광역시 중구 대청동4가 78-135,35.1055518016,129.0302938660,2022,건축물,051-600-4697,부산광역시 중구청,2026-03-25
대청동084,1,부산광역시 중구 대청북길16번길 16,부산광역시 중구 대청동4가 78-125,35.1055932622,129.0301858917,2022,건축물,051-600-4697,부산광역시 중구청,2026-03-25
대청동085,2,,부산광역시 중구 대청동4가 78-108,35.1057212171,129.0301427333,2022,건축물,051-600-4697,부산광역시 중구청,2026-03-25
대청동086,1,,부산광역시 중구 대청동4가 78-98,35.1058824834,129.0300684146,2022,건축물,051-600-4697,부산광역시 중구청,2026-03-25
대청동087,1,부산광역시 중구 대청북길34번길 5-1,부산광역시 중구 대청동4가 50-2,35.1059239174,129.0305830628,2022,건축물,051-600-4697,부산광역시 중구청,2026-03-25
대청동088,1,부산광역시 중구 중구로91번길 10,부산광역시 중구 대청동4가 52-1,35.1056792066,129.0305586777,2022,건축물,051-600-4697,부산광역시 중구청,2026-03-25
대청동089,1,부산광역시 중구 중구로91번길 5,부산광역시 중구 대청동4가 78-81,35.1052521384,129.0305049851,2022,건축물,051-600-4697,부산광역시 중구청,2026-03-25
대청동090,1,,부산광역시 중구 대청동4가 81-90,35.1042070365,129.0282052164,2022,건축물,051-600-4697,부산광역시 중구청,2026-03-25
대청동091,1,부산광역시 중구 고가길68번길 5-1,부산광역시 중구 대청동4가 75-2,35.1050805851,129.0280221902,2022,건축물,051-600-4697,부산광역시 중구청,2026-03-25
대청동092,1,부산광역시 중구 중구로75번안길 5-1,부산광역시 중구 대청동4가 81-64,35.1049042007,129.0279159454,2022,건축물,051-600-4697,부산광역시 중구청,2026-03-25
대청동093,1,부산광역시 중구 고가길68번길 3-1,부산광역시 중구 대청동4가 75-255,35.1050912290,129.0278169508,2022,건축물,051-600-4697,부산광역시 중구청,2026-03-25
대청동094,1,부산광역시 중구 중구로75번안길 3-2,부산광역시 중구 대청동4가 81-33,35.1048366289,129.0277049304,2022,건축물,051-600-4697,부산광역시 중구청,2026-03-25
대청동095,1,부산광역시 중구 중구로75번안길 5,부산광역시 중구 대청동4가 81-66,35.1048703451,129.0278119166,2022,건축물,051-600-4697,부산광역시 중구청,2026-03-25
대청동096,1,부산광역시 중구 중구로75번안길 7,부산광역시 중구 대청동4가 81-62,35.1049448224,129.0280464604,2022,건축물,051-600-4697,부산광역시 중구청,2026-03-25
대청동097,1,,부산광역시 중구 대청동4가 81-58,35.1050429100,129.0283381167,2022,건축물,051-600-4697,부산광역시 중구청,2026-03-25
대청동098,1,부산광역시 중구 중구로75번길 14,부산광역시 중구 대청동4가 81-48,35.1047624650,129.0281894339,2022,건축물,051-600-4697,부산광역시 중구청,2026-03-25
대청동099,1,부산광역시 중구 중구로75번길 12,부산광역시 중구 대청동4가 81-49,35.1049242221,129.0287172881,2022,건축물,051-600-4697,부산광역시 중구청,2026-03-25
대청동100,1,부산광역시 중구 고가길 70-2,부산광역시 중구 대청동4가 81-26,35.1050003490,129.0275770657,2022,건축물,051-600-4697,부산광역시 중구청,2026-03-25
대청동101,1,부산광역시 중구 대청북길 3,부산광역시 중구 대청동4가 75-213,35.1052064547,129.0277328452,2022,건축물,051-600-4697,부산광역시 중구청,2026-03-25
대청동102,1,부산광역시 중구 망양로304번길 5-4,부산광역시 중구 대청동4가 75-208,35.1053111892,129.0278502546,2022,건축물,051-600-4697,부산광역시 중구청,2026-03-25
대청동103,1,,부산광역시 중구 대청동4가 75-186,35.1055011580,129.0278920988,2022,건축물,051-600-4697,부산광역시 중구청,2026-03-25
대청동104,1,,부산광역시 중구 대청동4가 75-279,35.1055740891,129.0280122229,2023,건축물,051-600-4697,부산광역시 중구청,2026-03-25
대청동105,1,부산광역시 중구 대청북길 9-2,부산광역시 중구 대청동4가 75-119,35.1054655514,129.0283085133,2022,건축물,051-600-4697,부산광역시 중구청,2026-03-25
대청동106,1,부산광역시 중구 대청북길 13,부산광역시 중구 대청동4가 75-128,35.1054413355,129.0286784565,2022,건축물,051-600-4697,부산광역시 중구청,2026-03-25
대청동107,1,부산광역시 중구 망양로314번길 2-6,부산광역시 중구 대청동4가 75-97,35.1056057605,129.0284870070,2022,건축물,051-600-4697,부산광역시 중구청,2026-03-25
대청동108,1,부산광역시 중구 망양로 306-5,부산광역시 중구 대청동4가 75-531,35.1055409850,129.0283028163,2022,건축물,051-600-4697,부산광역시 중구청,2026-03-25
대청동109,1,,부산광역시 중구 대청동4가 75-290,35.1056819432,129.0285863738,2022,건축물,051-600-4697,부산광역시 중구청,2026-03-25
대청동110,1,부산광역시 중구 망양로314번길 1-3,부산광역시 중구 대청동4가 75-45,35.1057059107,129.0288297674,2022,건축물,051-600-4697,부산광역시 중구청,2026-03-25
대청동111,1,부산광역시 중구 망양로314번길 1-11,부산광역시 중구 대청동4가 75-38,35.1058181647,129.0290093240,2022,건축물,051-600-4697,부산광역시 중구청,2026-03-25
대청동112,1,부산광역시 중구 망양로 316-8,부산광역시 중구 대청동4가 75-30,35.1059695874,129.0292123328,2022,건축물,051-600-4697,부산광역시 중구청,2026-03-25
대청동113,1,부산광역시 중구 대청북길17번길 11-4,부산광역시 중구 대청동4가 72-178,35.1061192723,129.0294114612,2022,건축물,051-600-4697,부산광역시 중구청,2026-03-25
대청동114,1,부산광역시 중구 망양로322번길 4,부산광역시 중구 대청동4가 72-173,35.1062856937,129.0294668001,2022,건축물,051-600-4697,부산광역시 중구청,2026-03-25
대청동115,1,부산광역시 중구 망양로322번길 2-4,부산광역시 중구 대청동4가 72-158,35.1062942663,129.0293262070,2022,건축물,051-600-4697,부산광역시 중구청,2026-03-25
대청동116,1,,부산광역시 중구 대청동4가 75-26,35.1058790747,129.0292000445,2022,건축물,051-600-4697,부산광역시 중구청,2026-03-25
대청동117,1,부산광역시 중구 망양로322번길 2-6,부산광역시 중구 대청동4가 72-336,35.1062007523,129.0292599554,2022,건축물,051-600-4697,부산광역시 중구청,2026-03-25
대청동118,1,부산광역시 중구 망양로 316-9,부산광역시 중구 대청동4가 75-295,35.1060572189,129.0291509020,2022,건축물,051-600-4697,부산광역시 중구청,2026-03-25
대청동119,1,부산광역시 중구 망양로 316-7,부산광역시 중구 대청동4가 75-521,35.1060086131,129.0291044067,2022,건축물,051-600-4697,부산광역시 중구청,2026-03-25
대청동120,1,부산광역시 중구 망양로322번길 3,부산광역시 중구 대청동4가 71-2,35.1064171327,129.0295984737,2022,건축물,051-600-4697,부산광역시 중구청,2026-03-25
대청동121,1,부산광역시 중구 망양로322번안길 2,부산광역시 중구 대청동4가 71-1,35.1064497867,129.0295589280,2022,건축물,051-600-4697,부산광역시 중구청,2026-03-25
대청동122,1,부산광역시 중구 대청북길17번길 25-3,부산광역시 중구 대청동4가 72-139,35.1065338313,129.0297224349,2022,건축물,051-600-4697,부산광역시 중구청,2026-03-25
대청동123,1,부산광역시 중구 망양로322번안길 5,부산광역시 중구 대청동4가 72-194,35.1067616219,129.0295733509,2022,건축물,051-600-4697,부산광역시 중구청,2026-03-25
대청동124,1,부산광역시 중구 망양로322번안길 6-1,부산광역시 중구 대청동4가 66-6,35.1068629886,129.0296980289,2022,건축물,051-600-4697,부산광역시 중구청,2026-03-25
대청동125,1,부산광역시 중구 망양로322번안길 6-3,부산광역시 중구 대청동4가 66-7,35.1068267177,129.0297867236,2022,건축물,051-600-4697,부산광역시 중구청,2026-03-25
대청동126,1,부산광역시 중구 망양로322번안길 7,부산광역시 중구 대청동4가 72-200,35.1069523288,129.0296637271,2022,건축물,051-600-4697,부산광역시 중구청,2026-03-25
대청동127,1,부산광역시 중구 망양로314번길 1-4,부산광역시 중구 대청동4가 75-47,35.1056273369,129.0288884620,2022,건축물,051-600-4697,부산광역시 중구청,2026-03-25
대청동128,1,부산광역시 중구 망양로355번길 8,부산광역시 중구 대청동4가 2-2,35.1083769918,129.0306321980,2022,건축물,051-600-4697,부산광역시 중구청,2026-03-25
대청동129,1,부산광역시 중구 망양로 345-13,부산광역시 중구 대청동4가 2-180,35.1082417738,129.0305809193,2022,건축물,051-600-4697,부산광역시 중구청,2026-03-25
대청동130,1,부산광역시 중구 망양로355번길 10,부산광역시 중구 대청동4가 2-176,35.1083139486,129.0304954173,2022,건축물,051-600-4697,부산광역시 중구청,2026-03-25
대청동131,1,부산광역시 중구 망양로355번길 10-7,부산광역시 중구 대청동4가 1-59,35.1083527346,129.0302674002,2022,건축물,051-600-4697,부산광역시 중구청,2026-03-25
대청동132,1,부산광역시 중구 망양로355번길 10-13,부산광역시 중구 대청동4가 1-57,35.1084696277,129.0301914515,2022,건축물,051-600-4697,부산광역시 중구청,2026-03-25
대청동133,1,부산광역시 중구 망양로341번길 4-1,부산광역시 중구 대청동4가 2-227,35.1081033703,129.0303217481,2022,건축물,051-600-4697,부산광역시 중구청,2026-03-25
대청동134,1,부산광역시 중구 망양로341번길 3-2,부산광역시 중구 대청동4가 2-225,35.1080118719,129.0301459894,2022,건축물,051-600-4697,부산광역시 중구청,2026-03-25
대청동135,1,부산광역시 중구 망양로341번길 5-1,부산광역시 중구 대청동4가 1-68,35.1081561246,129.0300345303,2022,건축물,051-600-4697,부산광역시 중구청,2026-03-25
대청동136,1,부산광역시 중구 망양로341번길 8-1,부산광역시 중구 대청동4가 1-64,35.1084115298,129.0300875834,2022,건축물,051-600-4697,부산광역시 중구청,2026-03-25
대청동137,1,부산광역시 중구 망양로341번길 3-1,부산광역시 중구 대청동4가 2-82,35.1079585178,129.0301946725,2022,건축물,051-600-4697,부산광역시 중구청,2026-03-25
대청동138,1,부산광역시 중구 망양로337번길 3-2,부산광역시 중구 대청동4가 2-256,35.1078855823,129.0298898618,2022,건축물,051-600-4697,부산광역시 중구청,2026-03-25
대청동139,1,부산광역시 중구 망양로337번길 5-2,부산광역시 중구 대청동4가 1-79,35.1080795781,129.0297246945,2022,건축물,051-600-4697,부산광역시 중구청,2026-03-25
대청동140,1,부산광역시 중구 망양로337번길 4,부산광역시 중구 대청동4가 2-79,35.1079056500,129.0300852323,2022,건축물,051-600-4697,부산광역시 중구청,2026-03-25
대청동141,1,부산광역시 중구 망양로335번길 4-2,부산광역시 중구 대청동4가 2-281,35.1078256067,129.0297635766,2022,건축물,051-600-4697,부산광역시 중구청,2026-03-25
대청동142,1,부산광역시 중구 망양로335번길 7,부산광역시 중구 대청동4가 1-86,35.1079243516,129.0294636824,2022,건축물,051-600-4697,부산광역시 중구청,2026-03-25
대청동143,1,부산광역시 중구 망양로335번길 4-1,부산광역시 중구 대청동4가 2-89,35.1077744406,129.0298215259,2022,건축물,051-600-4697,부산광역시 중구청,2026-03-25
대청동144,1,부산광역시 중구 망양로335번길 2,부산광역시 중구 대청동4가 2-133,35.1076635352,129.0298897274,2022,건축물,051-600-4697,부산광역시 중구청,2026-03-25
대청동145,1,부산광역시 중구 망양로 339,부산광역시 중구 대청동4가 2-61,35.1078448569,129.0302928531,2022,건축물,051-600-4697,부산광역시 중구청,2026-03-25
대청동146,1,부산광역시 중구 망양로350번길 4,부산광역시 중구 대청동4가 6-15,35.1080968079,129.0312672193,2022,건축물,051-600-4697,부산광역시 중구청,2026-03-25
대청동147,1,부산광역시 중구 망양로350번길 6-4,부산광역시 중구 대청동4가 6-16,35.1080572134,129.0312960651,2022,건축물,051-600-4697,부산광역시 중구청,2026-03-25
대청동148,1,부산광역시 중구 망양로355번길 6-3,부산광역시 중구 대청동4가 2-187,35.1084364402,129.0305801569,2022,건축물,051-600-4697,부산광역시 중구청,2026-03-25
대청동149,1,부산광역시 중구 망양로355번길 6-9,부산광역시 중구 대청동4가 1-53,35.1085396257,129.0303273081,2022,건축물,051-600-4697,부산광역시 중구청,2026-03-25
대청동152,1,부산광역시 중구 망양로355번길 22,부산광역시 중구 대청동4가 2-384,35.1076501252,129.0294259564,2022,건축물,051-600-4697,부산광역시 중구청,2026-03-25
대청동153,1,부산광역시 중구 망양로355번길 20,부산광역시 중구 대청동4가 1-88,35.1078003383,129.0294320943,2022,건축물,051-600-4697,부산광역시 중구청,2026-03-25
대청동154,1,,부산광역시 중구 대청동4가 2-348,35.1076219676,129.0295267414,2022,건축물,051-600-4697,부산광역시 중구청,2026-03-25
대청동155,1,부산광역시 중구 망양로331번길 5,부산광역시 중구 대청동4가 72-57,35.1073446312,129.0292158325,2022,건축물,051-600-4697,부산광역시 중구청,2026-03-25
대청동158,1,부산광역시 중구 망양로331번길 3-1,부산광역시 중구 대청동4가 72-213,35.1073108624,129.0292950493,2022,건축물,051-600-4697,부산광역시 중구청,2026-03-25
대청동159,1,부산광역시 중구 망양로331번길 1-1,부산광역시 중구 대청동4가 72-41,35.1072465368,129.0294769204,2022,건축물,051-600-4697,부산광역시 중구청,2026-03-25
대청동160,1,부산광역시 중구 망양로329번길 4-1,부산광역시 중구 대청동4가 72-49,35.1072158983,129.0292400561,2022,건축물,051-600-4697,부산광역시 중구청,2026-03-25
대청동161,1,부산광역시 중구 망양로329번길 5,부산광역시 중구 대청동4가 72-221,35.1071106807,129.0290816162,2022,건축물,051-600-4697,부산광역시 중구청,2026-03-25
대청동162,1,부산광역시 중구 망양로329번길 3,부산광역시 중구 대청동4가 72-44,35.1070161349,129.0293514549,2022,건축물,051-600-4697,부산광역시 중구청,2026-03-25
대청동163,1,부산광역시 중구 망양로355번길 30,부산광역시 중구 대청동4가 72-234,35.1069814627,129.0291132850,2022,건축물,051-600-4697,부산광역시 중구청,2026-03-25
대청동164,1,부산광역시 중구 망양로325번길 6,부산광역시 중구 대청동4가 72-222,35.1070119220,129.0290218139,2022,건축물,051-600-4697,부산광역시 중구청,2026-03-25
대청동165,1,부산광역시 중구 망양로325번길 4,부산광역시 중구 대청동4가 72-46,35.1069231306,129.0292978264,2022,건축물,051-600-4697,부산광역시 중구청,2026-03-25
대청동166,1,부산광역시 중구 망양로 327,부산광역시 중구 대청동4가 72-288,35.1068915460,129.0293865279,2022,건축물,051-600-4697,부산광역시 중구청,2026-03-25
대청동167,1,부산광역시 중구 망양로 323-6,부산광역시 중구 대청동4가 72-66,35.1066946334,129.0291877619,2022,건축물,051-600-4697,부산광역시 중구청,2026-03-25
대청동168,1,부산광역시 중구 망양로355번길 32-1,부산광역시 중구 대청동4가 75-302,35.1067593823,129.0289751967,2022,건축물,051-600-4697,부산광역시 중구청,2026-03-25
대청동169,1,부산광역시 중구 망양로355번길 35,부산광역시 중구 대청동4가 75-310,35.1064932792,129.0289959051,2022,건축물,051-600-4697,부산광역시 중구청,2026-03-25
대청동170,1,부산광역시 중구 망양로 341,부산광역시 중구 대청동4가 2-155,35.1079386378,129.0304238157,2022,건축물,051-600-4697,부산광역시 중구청,2026-03-25
대청동171,1,부산광역시 중구 망양로 309,부산광역시 중구 대청동4가 75-7,35.1057846218,129.0282406453,2022,건축물,051-600-4697,부산광역시 중구청,2026-03-25
대청동172,1,부산광역시 중구 중구로 64,부산광역시 중구 대청동4가 82-9,35.1033567074,129.0284810496,2022,건축물,051-600-4697,부산광역시 중구청,2026-03-25
대청동173,1,부산광역시 중구 대청로 79-14,부산광역시 중구 대청동3가 7-2,35.1032822068,129.0288024742,2022,건축물,051-600-4697,부산광역시 중구청,2026-03-25
대청동174,1,부산광역시 중구 중구로62번길 8,부산광역시 중구 대청동3가 6-1,35.1033488812,129.0289377998,2022,건축물,051-600-4697,부산광역시 중구청,2026-03-25
대청동175,1,부산광역시 중구 대청로 83-20,부산광역시 중구 대청동3가 4-1,35.1033652416,129.0290909587,2022,건축물,051-600-4697,부산광역시 중구청,2026-03-25
대청동176,1,부산광역시 중구 대청로 83-15,부산광역시 중구 대청동3가 7-3,35.1032726612,129.0289581709,2022,건축물,051-600-4697,부산광역시 중구청,2026-03-25
대청동177,1,부산광역시 중구 대청로 83-14,부산광역시 중구 대청동3가 4-9,35.1032803938,129.0291691247,2022,건축물,051-600-4697,부산광역시 중구청,2026-03-25
대청동178,1,부산광역시 중구 중구로 72-6,부산광역시 중구 대청동4가 82-21,35.1036102200,129.0290670955,2022,건축물,051-600-4697,부산광역시 중구청,2026-03-25
대청동179,1,부산광역시 중구 중구로 74,부산광역시 중구 대청동4가 95,35.1040039008,129.0298660690,2022,건축물,051-600-4697,부산광역시 중구청,2026-03-25
대청동180,2,,부산광역시 중구 대청동4가 84-40,35.1041588311,129.0294400911,2022,건축물,051-600-4697,부산광역시 중구청,2026-03-25
대청동181,1,부산광역시 중구 중구로 80-18,부산광역시 중구 대청동4가 84-6,35.1043067655,129.0300932277,2022,건축물,051-600-4697,부산광역시 중구청,2026-03-25
대청동182,1,부산광역시 중구 중구로 88-4,부산광역시 중구 대청동4가 84-10,35.1045770790,129.0303914076,2022,건축물,051-600-4697,부산광역시 중구청,2026-03-25
대청동183,1,부산광역시 중구 중구로 80-35,부산광역시 중구 대청동4가 84-16,35.1044382223,129.0303260053,2022,건축물,051-600-4697,부산광역시 중구청,2026-03-25
대청동184,1,부산광역시 중구 중구로 80-34,부산광역시 중구 대청동4가 88-1,35.1043719474,129.0304358845,2022,건축물,051-600-4697,부산광역시 중구청,2026-03-25
대청동185,1,부산광역시 중구 중구로 80-25,부산광역시 중구 대청동4가 84-5,35.1044452234,129.0301555491,2022,건축물,051-600-4697,부산광역시 중구청,2026-03-25
대청동186,1,부산광역시 중구 대청로99번길 17,부산광역시 중구 대청동4가 87-2,35.1044039279,129.0306839594,2022,건축물,051-600-4697,부산광역시 중구청,2026-03-25
대청동187,1,부산광역시 중구 대청로99번길 20,부산광역시 중구 대청동2가 2-10,35.1044575890,129.0308912310,2022,건축물,051-600-4697,부산광역시 중구청,2026-03-25
대청동188,1,부산광역시 중구 대청로99번길 19,부산광역시 중구 대청동4가 86-10,35.1045440108,129.0307675962,2022,건축물,051-600-4697,부산광역시 중구청,2026-03-25
대청동189,1,부산광역시 중구 중구로 88-7,부산광역시 중구 대청동4가 86-9,35.1046013519,129.0306799755,2022,건축물,051-600-4697,부산광역시 중구청,2026-03-25
대청동190,1,부산광역시 중구 대청로99번길 22-1,부산광역시 중구 대청동2가 1-5,35.1046620106,129.0311095914,2022,건축물,051-600-4697,부산광역시 중구청,2026-03-25
대청동191,1,부산광역시 중구 중구로 92,부산광역시 중구 대청동4가 86-5,35.1048081037,129.0309475212,2022,건축물,051-600-4697,부산광역시 중구청,2026-03-25
대청동192,1,부산광역시 중구 대청로99번길 26,부산광역시 중구 대청동2가 1-1,35.1049066211,129.0312152332,2022,건축물,051-600-4697,부산광역시 중구청,2026-03-25
대청동193,1,부산광역시 중구 대청로99번길 15-2,부산광역시 중구 대청동4가 88-2,35.1043092270,129.0306132921,2022,건축물,051-600-4697,부산광역시 중구청,2026-03-25
대청동194,1,부산광역시 중구 대청로99번길 15,부산광역시 중구 대청동4가 89-4,35.1041634199,129.0305700877,2022,건축물,051-600-4697,부산광역시 중구청,2026-03-25
대청동195,1,부산광역시 중구 대청로99번길 9-1,부산광역시 중구 대청동4가 92-5,35.1036848554,129.0306424321,2022,건축물,051-600-4697,부산광역시 중구청,2026-03-25
대청동196,1,부산광역시 중구 대청로99번안길 3,부산광역시 중구 대청동2가 4-6,35.1039568450,129.0311577769,2022,건축물,051-600-4697,부산광역시 중구청,2026-03-25
대청동197,1,부산광역시 중구 대청로99번길 14-1,부산광역시 중구 대청동2가 2-2,35.1042406053,129.0310890448,2022,건축물,051-600-4697,부산광역시 중구청,2026-03-25
대청동198,1,부산광역시 중구 대청로99번길 18-3,부산광역시 중구 대청동2가 2-5,35.1043759053,129.0309257206,2022,건축물,051-600-4697,부산광역시 중구청,2026-03-25
대청동199,1,부산광역시 중구 대청로99번안길 3-3,부산광역시 중구 대청동2가 3-3,35.1041024681,129.0310452622,2022,건축물,051-600-4697,부산광역시 중구청,2026-03-25
대청동200,1,부산광역시 중구 대청로99번안길 3-8,부산광역시 중구 대청동1가 9-250,35.1040197533,129.0312756860,2022,건축물,051-600-4697,부산광역시 중구청,2026-03-25
대청동201,1,,부산광역시 중구 대청동1가 9-431,35.1041055971,129.0312924901,2022,건축물,051-600-4697,부산광역시 중구청,2026-03-25
대청동202,1,부산광역시 중구 대청로99번안길 3,부산광역시 중구 대청동2가 4-6,35.1039568450,129.0311577769,2022,건축물,051-600-4697,부산광역시 중구청,2026-03-25
대청동203,1,,부산광역시 중구 대청동2가 4-67,35.1036980913,129.0311465058,2022,건축물,051-600-4697,부산광역시 중구청,2026-03-25
대청동204,1,부산광역시 중구 복병산길3번길 10-1,부산광역시 중구 대청동2가 4-35,35.1037253611,129.0309732892,2022,건축물,051-600-4697,부산광역시 중구청,2026-03-25
대청동205,1,부산광역시 중구 대청로99번길 7,부산광역시 중구 대청동4가 93-1,35.1035596283,129.0306832980,2022,건축물,051-600-4697,부산광역시 중구청,2026-03-25
대청동206,1,부산광역시 중구 대청로99번길 5-1,부산광역시 중구 대청동4가 94,35.1034396573,129.0306148556,2022,건축물,051-600-4697,부산광역시 중구청,2026-03-25
대청동207,1,부산광역시 중구 대청로99번길 3,부산광역시 중구 대청동2가 17-7,35.1031682205,129.0307333502,2022,건축물,051-600-4697,부산광역시 중구청,2026-03-25
대청동208,1,부산광역시 중구 대청로99번길 3-10,부산광역시 중구 대청동2가 17-10,35.1031842940,129.0304302169,2022,건축물,051-600-4697,부산광역시 중구청,2026-03-25
대청동209,1,부산광역시 중구 대청로99번길 4-1,부산광역시 중구 대청동2가 16-1,35.1031762587,129.0309312622,2022,건축물,051-600-4697,부산광역시 중구청,2026-03-25
대청동210,1,부산광역시 중구 복병산길3번길 5-2,부산광역시 중구 대청동2가 8-4,35.1033994131,129.0312901171,2022,건축물,051-600-4697,부산광역시 중구청,2026-03-25
대청동211,1,부산광역시 중구 대청로 107,부산광역시 중구 대청동2가 7-1,35.1031193892,129.0316950409,2022,건축물,051-600-4697,부산광역시 중구청,2026-03-25
대청동212,1,부산광역시 중구 복병산길 6,부산광역시 중구 대청동1가 33-15,35.1032177011,129.0319749150,2022,건축물,051-600-4697,부산광역시 중구청,2026-03-25
대청동213,1,부산광역시 중구 복병산길 5,부산광역시 중구 대청동2가 4-3,35.1034024245,129.0317502065,2022,건축물,051-600-4697,부산광역시 중구청,2026-03-25
대청동214,1,,부산광역시 중구 대청동1가 9-84,35.1035537795,129.0319211038,2022,건축물,051-600-4697,부산광역시 중구청,2026-03-25
대청동215,2,,부산광역시 중구 대청동1가 50-20,35.1037677986,129.0321894765,2022,건축물,051-600-4697,부산광역시 중구청,2026-03-25
대청동216,1,부산광역시 중구 복병산길7번길 3,부산광역시 중구 대청동2가 4-22,35.1035451173,129.0315813663,2022,건축물,051-600-4697,부산광역시 중구청,2026-03-25
대청동217,1,부산광역시 중구 대청로99번안길 7,부산광역시 중구 대청동1가 9-107,35.1038279573,129.0313632583,2022,건축물,051-600-4697,부산광역시 중구청,2026-03-25
대청동218,1,부산광역시 중구 복병산길7번길 7,부산광역시 중구 대청동1가 9-55,35.1038801141,129.0314129122,2022,건축물,051-600-4697,부산광역시 중구청,2026-03-25
대청동219,1,부산광역시 중구 중구로 120,부산광역시 중구 대청동1가 1-4,35.1061972480,129.0323514484,2022,건축물,051-600-4697,부산광역시 중구청,2026-03-25
대청동220,1,부산광역시 중구 복병산길 11,부산광역시 중구 대청동1가 18-1,35.1036479533,129.0322847442,2022,건축물,051-600-4697,부산광역시 중구청,2026-03-25
대청동221,1,부산광역시 중구 복병산길 9-14,부산광역시 중구 대청동1가 17-1,35.1038080053,129.0324833620,2022,건축물,051-600-4697,부산광역시 중구청,2026-03-25
대청동222,1,부산광역시 중구 복병산길 9-9,부산광역시 중구 대청동1가 9-82,35.1036969432,129.0320341854,2022,건축물,051-600-4697,부산광역시 중구청,2026-03-25
대청동223,1,부산광역시 중구 복병산길7번길 6-18,부산광역시 중구 대청동1가 9-80,35.1037866515,129.0319510984,2022,건축물,051-600-4697,부산광역시 중구청,2026-03-25
대청동224,1,부산광역시 중구 복병산길7번길 6-14,부산광역시 중구 대청동1가 9-81,35.1036975603,129.0319060102,2022,건축물,051-600-4697,부산광역시 중구청,2026-03-25
대청동225,1,부산광역시 중구 복병산길7번길 6-19,부산광역시 중구 대청동1가 9-88,35.1039119938,129.0317313842,2022,건축물,051-600-4697,부산광역시 중구청,2026-03-25
대청동226,1,부산광역시 중구 복병산길 35,부산광역시 중구 대청동1가 16-4,35.1039553862,129.0320242628,2022,건축물,051-600-4697,부산광역시 중구청,2026-03-25
대청동227,1,부산광역시 중구 복병산길 33-1,부산광역시 중구 대청동1가 9-59,35.1039471967,129.0321525793,2022,건축물,051-600-4697,부산광역시 중구청,2026-03-25
대청동228,1,부산광역시 중구 복병산길 33,부산광역시 중구 대청동1가 9-57,35.1039933712,129.0322418913,2022,건축물,051-600-4697,부산광역시 중구청,2026-03-25
대청동229,1,부산광역시 중구 복병산길 11-1,부산광역시 중구 대청동1가 18-2,35.1036290201,129.0324034724,2022,건축물,051-600-4697,부산광역시 중구청,2026-03-25
대청동230,1,부산광역시 중구 복병산길 15-3,부산광역시 중구 대청동1가 20-4,35.1036731150,129.0327510872,2022,건축물,051-600-4697,부산광역시 중구청,2026-03-25
대청동231,1,,부산광역시 중구 대청동1가 20-3,35.1036614617,129.0328488628,2022,건축물,051-600-4697,부산광역시 중구청,2026-03-25
대청동232,1,부산광역시 중구 복병산길 15-4,부산광역시 중구 대청동1가 21-2,35.1036401543,129.0329539038,2022,건축물,051-600-4697,부산광역시 중구청,2026-03-25
대청동233,1,부산광역시 중구 복병산길 20,부산광역시 중구 대청동1가 23,35.1036331613,129.0335318476,2022,건축물,051-600-4697,부산광역시 중구청,2026-03-25
대청동234,2,부산광역시 중구 동광길21번길 8,부산광역시 중구 대청동1가 9-206,35.1038037190,129.0335661317,2022,건축물,051-600-4697,부산광역시 중구청,2026-03-25
대청동235,1,부산광역시 중구 복병산길 15-6,부산광역시 중구 대청동1가 21-6,35.1038397696,129.0329374786,2022,건축물,051-600-4697,부산광역시 중구청,2026-03-25
대청동236,1,부산광역시 중구 복병산길 27,부산광역시 중구 대청동1가 20-1,35.1038289495,129.0327766700,2022,건축물,051-600-4697,부산광역시 중구청,2026-03-25
대청동237,1,부산광역시 중구 복병산길 29,부산광역시 중구 대청동1가 9-165,35.1039839737,129.0325389424,2022,건축물,051-600-4697,부산광역시 중구청,2026-03-25
대청동238,1,부산광역시 중구 복병산길 31,부산광역시 중구 대청동1가 9-171,35.1040001108,129.0324096170,2022,건축물,051-600-4697,부산광역시 중구청,2026-03-25
대청동239,1,부산광역시 중구 복병산길 37-1,부산광역시 중구 대청동1가 9-224,35.1039889163,129.0316960098,2022,건축물,051-600-4697,부산광역시 중구청,2026-03-25
대청동240,1,부산광역시 중구 복병산길32번길 3,부산광역시 중구 대청동1가 9-286,35.1043355334,129.0322964443,2022,건축물,051-600-4697,부산광역시 중구청,2026-03-25
대청동241,1,부산광역시 중구 복병산길32번길 1,부산광역시 중구 대청동1가 9-2,35.1042414214,129.0320617400,2022,건축물,051-600-4697,부산광역시 중구청,2026-03-25
대청동242,1,부산광역시 중구 복병산길32번길 5,부산광역시 중구 대청동1가 9-285,35.1043614104,129.0324890999,2022,건축물,051-600-4697,부산광역시 중구청,2026-03-25
대청동243,1,부산광역시 중구 복병산길32번길 7,부산광역시 중구 대청동1가 9-217,35.1044196919,129.0326786128,2022,건축물,051-600-4697,부산광역시 중구청,2026-03-25
대청동244,2,부산광역시 중구 복병산길32번길 9,부산광역시 중구 대청동1가 9-214,35.1045210884,129.0328228109,2022,건축물,051-600-4697,부산광역시 중구청,2026-03-25
대청동245,1,,부산광역시 중구 대청동1가 9-220,35.1043174978,129.0325563342,2022,건축물,051-600-4697,부산광역시 중구청,2026-03-25
대청동246,1,부산광역시 중구 복병산길 38,부산광역시 중구 대청동1가 9-150,35.1041381888,129.0318388724,2022,건축물,051-600-4697,부산광역시 중구청,2026-03-25
대청동247,1,부산광역시 중구 복병산길 40,부산광역시 중구 대청동1가 9-139,35.1042744438,129.0316616466,2022,건축물,051-600-4697,부산광역시 중구청,2026-03-25
대청동248,1,부산광역시 중구 동광길21번길 6-1,부산광역시 중구 대청동1가 9-110,35.1038152496,129.0337221330,2022,건축물,051-600-4697,부산광역시 중구청,2026-03-25
대청동249,1,부산광역시 중구 동광길21번길 6-2,부산광역시 중구 대청동1가 9-125,35.1038463750,129.0338865167,2022,건축물,051-600-4697,부산광역시 중구청,2026-03-25
대청동250,1,부산광역시 중구 동광길21번길 6-3,부산광역시 중구 대청동1가 9-14,35.1038775339,129.0336783918,2022,건축물,051-600-4697,부산광역시 중구청,2026-03-25
대청동251,1,부산광역시 중구 동광길21번길 6-5,부산광역시 중구 대청동1가 9-202,35.1039003870,129.0338148264,2022,건축물,051-600-4697,부산광역시 중구청,2026-03-25
대청동252,1,부산광역시 중구 대청로125번길 13-17,부산광역시 중구 대청동1가 9-201,35.1039362648,129.0337873164,2022,건축물,051-600-4697,부산광역시 중구청,2026-03-25
대청동253,1,부산광역시 중구 대청로125번길 13-12,부산광역시 중구 대청동1가 9-145,35.1040805170,129.0338425503,2022,건축물,051-600-4697,부산광역시 중구청,2026-03-25
대청동254,1,부산광역시 중구 대청로125번길 13-10,부산광역시 중구 대청동1가 9-7,35.1041111955,129.0340120774,2022,건축물,051-600-4697,부산광역시 중구청,2026-03-25
대청동255,1,부산광역시 중구 대청로125번길 13-4,부산광역시 중구 대청동1가 9-135,35.1039627922,129.0341128939,2022,건축물,051-600-4697,부산광역시 중구청,2026-03-25
대청동256,1,부산광역시 중구 대청로125번길 14,부산광역시 중구 대청동1가 9-27,35.1039205449,129.0342353193,2022,건축물,051-600-4697,부산광역시 중구청,2026-03-25
대청동257,2,부산광역시 중구 복병산길6번길 15-1,부산광역시 중구 대청동1가 24-5,35.1033729843,129.0335967705,2022,건축물,051-600-4697,부산광역시 중구청,2026-03-25
대청동258,1,부산광역시 중구 대청로 123-1,부산광역시 중구 대청동1가 38-8,35.1029563968,129.0335093309,2022,건축물,051-600-4697,부산광역시 중구청,2026-03-25
대청동259,1,부산광역시 중구 대청로 121-1,부산광역시 중구 대청동1가 37-1,35.1031600159,129.0328406543,2022,건축물,051-600-4697,부산광역시 중구청,2026-03-25
대청동260,1,부산광역시 중구 복병산길6번길 11,부산광역시 중구 대청동1가 26-1,35.1034057402,129.0330732008,2022,건축물,051-600-4697,부산광역시 중구청,2026-03-25
대청동261,1,부산광역시 중구 대청로 115-5,부산광역시 중구 대청동1가 33-1,35.1032806443,129.0324346273,2022,건축물,051-600-4697,부산광역시 중구청,2026-03-25
대청동262,1,부산광역시 중구 대청로 115-13,부산광역시 중구 대청동1가 33-10,35.1031808706,129.0324085734,2022,건축물,051-600-4697,부산광역시 중구청,2026-03-25
대청동263,1,부산광역시 중구 복병산길6번길 2-1,부산광역시 중구 대청동1가 33-8,35.1032533108,129.0321031115,2022,건축물,051-600-4697,부산광역시 중구청,2026-03-25
대청동264,1,부산광역시 중구 복병산길6번길 3-1,부산광역시 중구 대청동1가 30-3,35.1034332800,129.0322963010,2022,건축물,051-600-4697,부산광역시 중구청,2026-03-25
대청동265,1,부산광역시 중구 동광길 59-4,부산광역시 중구 대청동1가 9-51,35.1055239033,129.0345848536,2022,건축물,051-600-4697,부산광역시 중구청,2026-03-25
대청동266,1,부산광역시 중구 동광길69번길 9-29,부산광역시 중구 대청동1가 10,35.1057360456,129.0345522946,2022,건축물,051-600-4697,부산광역시 중구청,2026-03-25
대청동267,1,부산광역시 중구 동광길69번길 15-42,부산광역시 중구 대청동1가 10,35.1057360456,129.0345522946,2022,건축물,051-600-4697,부산광역시 중구청,2026-03-25
대청동268,1,부산광역시 중구 동광길69번길 5-9,부산광역시 중구 대청동1가 10,35.1057360456,129.0345522946,2022,건축물,051-600-4697,부산광역시 중구청,2026-03-25
대청동269,1,부산광역시 중구 동광길69번길 15-60,부산광역시 중구 대청동1가 9-179,35.1057917259,129.0342148264,2022,건축물,051-600-4697,부산광역시 중구청,2026-03-25
대청동270,1,부산광역시 중구 샘길 12,부산광역시 중구 대청동1가 6-27,35.1064329049,129.0329370831,2022,건축물,051-600-4697,부산광역시 중구청,2026-03-25
대청동271,1,,부산광역시 중구 대청동1가 6-28,35.1065321786,129.0328936156,2022,건축물,051-600-4697,부산광역시 중구청,2026-03-25
대청동272,1,부산광역시 중구 중구로97번길 10,부산광역시 중구 대청동4가 26-27,35.1059610421,129.0312446931,2022,건축물,051-600-4697,부산광역시 중구청,2026-03-25
대청동273,1,부산광역시 중구 중구로 93,부산광역시 중구 대청동4가 35-12,35.1051087807,129.0307512341,2022,건축물,051-600-4697,부산광역시 중구청,2026-03-25
대청동274,1,부산광역시 중구 중구로54번길 3,부산광역시 중구 대청동3가 23-2,35.1027080373,129.0282228506,2022,건축물,051-600-4697,부산광역시 중구청,2026-03-25
대청동275,1,부산광역시 중구 대청로 76,부산광역시 중구 대청동3가 25-1,35.1028240604,129.0282203525,2022,건축물,051-600-4697,부산광역시 중구청,2026-03-25
대청동276,1,부산광역시 중구 대청로 78,부산광역시 중구 대청동3가 23-5,35.1028233111,129.0283458914,2022,건축물,051-600-4697,부산광역시 중구청,2026-03-25
대청동277,1,부산광역시 중구 대청로 80,부산광역시 중구 대청동3가 20,35.1027820311,129.0285831532,2022,건축물,051-600-4697,부산광역시 중구청,2026-03-25
대청동278,1,부산광역시 중구 대청로 86,부산광역시 중구 대청동3가 14-1,35.1027505529,129.0291984262,2022,건축물,051-600-4697,부산광역시 중구청,2026-03-25
대청동279,1,부산광역시 중구 광복로39번길 37-1,부산광역시 중구 대청동3가 15-2,35.1027110174,129.0290192535,2022,건축물,051-600-4697,부산광역시 중구청,2026-03-25
대청동280,2,부산광역시 중구 대청로 90-1,부산광역시 중구 대청동2가 22-4,35.1027562597,129.0297993785,2022,건축물,051-600-4697,부산광역시 중구청,2026-03-25
대청동281,1,부산광역시 중구 대청로 96,부산광역시 중구 대청동2가 23-11,35.1027176377,129.0303565746,2022,건축물,051-600-4697,부산광역시 중구청,2026-03-25
대청동282,1,부산광역시 중구 광복중앙로 26-1,부산광역시 중구 대청동2가 36-1,35.1016842658,129.0310930472,2022,건축물,051-600-4697,부산광역시 중구청,2026-03-25
대청동283,1,부산광역시 중구 광복중앙로24번길 6,부산광역시 중구 대청동2가 38,35.1017633534,129.0313478756,2022,건축물,051-600-4697,부산광역시 중구청,2026-03-25
대청동285,1,부산광역시 중구 광복중앙로 34,부산광역시 중구 대청동2가 25-2,35.1024107267,129.0311453967,2022,건축물,051-600-4697,부산광역시 중구청,2026-03-25
대청동286,1,부산광역시 중구 광복중앙로34번길 13,부산광역시 중구 대청동2가 28-4,35.1023753624,129.0315455328,2022,건축물,051-600-4697,부산광역시 중구청,2026-03-25
대청동287,1,,부산광역시 중구 광복동2가 1-26,35.1017356051,129.0315409480,2022,건축물,051-600-4697,부산광역시 중구청,2026-03-25
대청동288,1,,부산광역시 중구 대청동1가 50-19,35.1024842213,129.0337523630,2022,건축물,051-600-4697,부산광역시 중구청,2026-03-25
대청동289,1,부산광역시 중구 망양로 343,부산광역시 중구 대청동4가 3,35.1080468435,129.0306458286,2022,건축물,051-600-4697,부산광역시 중구청,2026-03-25
대청동290,1,부산광역시 중구 망양로 313,부산광역시 중구 대청동4가 75-21,35.1060410159,129.0287730456,2022,건축물,051-600-4697,부산광역시 중구청,2026-03-25
대청동291,1,부산광역시 중구 광복로49번길 35-2,부산광역시 중구 대청동2가 22-17,35.1024903424,129.0300941204,2022,건축물,051-600-4697,부산광역시 중구청,2026-03-25
대청동292,2,부산광역시 중구 샘길 10,부산광역시 중구 대청동1가 6-4,35.1061206103,129.0330467728,2022,건축물,051-600-4697,부산광역시 중구청,2026-03-25
대청동293,2,부산광역시 중구 샘길 10,부산광역시 중구 대청동1가 6-4,35.1061206103,129.0330467728,2022,건축물,051-600-4697,부산광역시 중구청,2026-03-25
대청동294,1,부산광역시 중구 대청로99번길 11,부산광역시 중구 대청동4가 91-1,35.1038111362,129.0306193568,2022,건축물,051-600-4697,부산광역시 중구청,2026-03-25
대청동295,1,부산광역시 중구 대청로99번길 15,부산광역시 중구 대청동4가 89-4,35.1041634199,129.0305700877,2022,건축물,051-600-4697,부산광역시 중구청,2026-03-25
대청동296,1,부산광역시 중구 망양로 306-2,부산광역시 중구 대청동4가 75-190,35.1054255370,129.0279317146,2022,건축물,051-600-4697,부산광역시 중구청,2026-03-25
대청동297,1,부산광역시 중구 중구로97번길 8,부산광역시 중구 대청동4가 31-21,35.1058015101,129.0312031198,2023,건축물,051-600-4697,부산광역시 중구청,2026-03-25
대청동298,1,부산광역시 중구 복병산길7번길 8,부산광역시 중구 대청동1가 9-90,35.1038323664,129.0316700823,2024,건축물,051-600-4697,부산광역시 중구청,2026-03-25
대청동299,1,부산광역시 중구 대청북길17번길 44,부산광역시 중구 대청동4가 62-1,35.1068803046,129.0306439688,2025,건축물,051-600-4697,부산광역시 중구청,2026-03-25
대청동300,1,,부산광역시 중구 대청동4가 75-303,35.1067215882,129.0290498447,2025,건축물,051-600-4697,부산광역시 중구청,2026-03-25
대청동301,1,,부산광역시 중구 대청동4가 2-31,35.1079154565,129.0306834515,2025,건축물,051-600-4697,부산광역시 중구청,2026-03-25
대청동302,1,부산광역시 중구 망양로322번안길 7,부산광역시 중구 대청동4가 72-200,35.1069523288,129.0296637271,2025,건축물,051-600-4697,부산광역시 중구청,2026-03-25
대청동303,1,,부산광역시 중구 대청동1가 9-336,35.1037452041,129.0320537218,2026,건축물,051-600-4697,부산광역시 중구청,2026-03-25
대청동304,1,부산광역시 중구 중구로 63,부산광역시 중구 보수동1가 146-2,35.1036472987,129.0280686992,2026,건축물,051-600-4697,부산광역시 중구청,2026-03-25
동광동001,1,부산광역시 중구 동영로21번길 1,부산광역시 중구 영주동 535-31,35.1088160846,129.0341706908,2022,건축물,051-600-4697,부산광역시 중구청,2026-03-25
동광동002,1,부산광역시 중구 동영로17번길 5,부산광역시 중구 동광동5가 13-36,35.1086119090,129.0338896988,2022,건축물,051-600-4697,부산광역시 중구청,2026-03-25
동광동003,1,부산광역시 중구 동영로 19,부산광역시 중구 동광동5가 13-15,35.1086548489,129.0341823648,2022,건축물,051-600-4697,부산광역시 중구청,2026-03-25
동광동004,1,부산광역시 중구 동영로 15,부산광역시 중구 동광동5가 13-76,35.1084260192,129.0338937420,2022,건축물,051-600-4697,부산광역시 중구청,2026-03-25
동광동005,1,부산광역시 중구 동영로13번길 4-1,부산광역시 중구 동광동5가 13-39,35.1084884045,129.0337151136,2022,건축물,051-600-4697,부산광역시 중구청,2026-03-25
동광동006,1,부산광역시 중구 동영로13번길 3-1,부산광역시 중구 동광동5가 13-58,35.1084545565,129.0335626063,2022,건축물,051-600-4697,부산광역시 중구청,2026-03-25
동광동007,1,부산광역시 중구 동영로13번길 4,부산광역시 중구 동광동5가 13-40,35.1084276922,129.0337457365,2022,건축물,051-600-4697,부산광역시 중구청,2026-03-25
동광동008,1,부산광역시 중구 동영로7번길 6-7,부산광역시 중구 동광동5가 15-67,35.1082148524,129.0333526740,2022,건축물,051-600-4697,부산광역시 중구청,2026-03-25
동광동009,1,부산광역시 중구 동영로7번길 6,부산광역시 중구 동광동5가 15-72,35.1080634169,129.0331562314,2022,건축물,051-600-4697,부산광역시 중구청,2026-03-25
동광동010,1,부산광역시 중구 동영로7번길 8,부산광역시 중구 동광동5가 15-60,35.1081098894,129.0330880783,2022,건축물,051-600-4697,부산광역시 중구청,2026-03-25
동광동011,1,부산광역시 중구 동영로7번길 6-5,부산광역시 중구 동광동5가 15-69,35.1081518762,129.0332765376,2022,건축물,051-600-4697,부산광역시 중구청,2026-03-25
동광동012,1,부산광역시 중구 동영로7번길 10,부산광역시 중구 동광동5가 15-59,35.1081627077,129.0330499115,2022,건축물,051-600-4697,부산광역시 중구청,2026-03-25
동광동013,1,부산광역시 중구 동영로7번길 10-9,부산광역시 중구 동광동5가 15-49,35.1082871907,129.0330480693,2022,건축물,051-600-4697,부산광역시 중구청,2026-03-25
동광동014,1,부산광역시 중구 동영로7번길 10-27,부산광역시 중구 동광동5가 15-39,35.1083765206,129.0332776231,2022,건축물,051-600-4697,부산광역시 중구청,2026-03-25
동광동015,1,부산광역시 중구 동영로7번길 10-30,부산광역시 중구 동광동5가 15-28,35.1084528567,129.0332933376,2022,건축물,051-600-4697,부산광역시 중구청,2026-03-25
동광동016,1,부산광역시 중구 동영로17번길 11-16,부산광역시 중구 동광동5가 15-20,35.1085288602,129.0334846170,2022,건축물,051-600-4697,부산광역시 중구청,2026-03-25
동광동017,1,부산광역시 중구 동영로17번길 11-14,부산광역시 중구 동광동5가 15-95,35.1085712203,129.0334413651,2022,건축물,051-600-4697,부산광역시 중구청,2026-03-25
동광동018,1,부산광역시 중구 동영로7번길 12-6,부산광역시 중구 동광동5가 15-51,35.1083377371,129.0329465695,2022,건축물,051-600-4697,부산광역시 중구청,2026-03-25
동광동019,1,,부산광역시 중구 동광동5가 15-182,35.1084135207,129.0326378127,2022,건축물,051-600-4697,부산광역시 중구청,2026-03-25
동광동020,1,부산광역시 중구 동영로7번길 10-15,부산광역시 중구 동광동5가 15-47,35.1083058847,129.0330994180,2022,건축물,051-600-4697,부산광역시 중구청,2026-03-25
동광동021,1,부산광역시 중구 동영로 8-1,부산광역시 중구 동광동5가 12-9,35.1078131485,129.0334845974,2022,건축물,051-600-4697,부산광역시 중구청,2026-03-25
동광동022,1,부산광역시 중구 동영로 8-2,부산광역시 중구 동광동5가 12-10,35.1078818337,129.0334568047,2022,건축물,051-600-4697,부산광역시 중구청,2026-03-25
동광동023,1,부산광역시 중구 동영로10번길 6,부산광역시 중구 동광동5가 12-92,35.1079519373,129.0336828093,2022,건축물,051-600-4697,부산광역시 중구청,2026-03-25
동광동024,1,부산광역시 중구 동영로10번길 8-6,부산광역시 중구 동광동5가 12-118,35.1079297796,129.0338271246,2022,건축물,051-600-4697,부산광역시 중구청,2026-03-25
동광동025,1,부산광역시 중구 동영로10번길 9-1,부산광역시 중구 동광동5가 12-78,35.1081024432,129.0337573927,2022,건축물,051-600-4697,부산광역시 중구청,2026-03-25
동광동026,1,부산광역시 중구 동영로10번길 10,부산광역시 중구 동광동5가 12-99,35.1080633946,129.0338986565,2022,건축물,051-600-4697,부산광역시 중구청,2026-03-25
동광동027,1,부산광역시 중구 동영로10번길 12-7,부산광역시 중구 동광동5가 12-116,35.1079857246,129.0339731618,2022,건축물,051-600-4697,부산광역시 중구청,2026-03-25
동광동028,1,부산광역시 중구 동영로10번길 14-6,부산광역시 중구 동광동5가 12-114,35.1080553122,129.0340956315,2022,건축물,051-600-4697,부산광역시 중구청,2026-03-25
동광동029,1,부산광역시 중구 동영로10번길 18,부산광역시 중구 동광동5가 12-108,35.1082627763,129.0341431189,2022,건축물,051-600-4697,부산광역시 중구청,2026-03-25
동광동030,1,부산광역시 중구 동영로 18,부산광역시 중구 동광동5가 12-165,35.1084002777,129.0341924863,2022,건축물,051-600-4697,부산광역시 중구청,2026-03-25
동광동031,1,부산광역시 중구 동영로10번길 18-2,부산광역시 중구 동광동5가 12-111,35.1082069072,129.0342234299,2022,건축물,051-600-4697,부산광역시 중구청,2026-03-25
동광동032,1,부산광역시 중구 동영로 18-2,부산광역시 중구 동광동5가 12-44,35.1084701726,129.0342859033,2022,건축물,051-600-4697,부산광역시 중구청,2026-03-25
동광동033,1,부산광역시 중구 동영로10번길 23,부산광역시 중구 동광동5가 12-31,35.1085424646,129.0343814638,2022,건축물,051-600-4697,부산광역시 중구청,2026-03-25
동광동034,1,부산광역시 중구 중구로143번길 5,부산광역시 중구 동광동5가 12-142,35.1084903828,129.0345367700,2022,건축물,051-600-4697,부산광역시 중구청,2026-03-25
동광동036,1,부산광역시 중구 동광길 137,부산광역시 중구 동광동5가 1-7,35.1087206743,129.0360741852,2022,건축물,051-600-4697,부산광역시 중구청,2026-03-25
동광동037,1,,부산광역시 중구 동광동5가 3-283,35.1087993062,129.0358666843,2022,건축물,051-600-4697,부산광역시 중구청,2026-03-25
동광동038,1,부산광역시 중구 중구로156번길 4,부산광역시 중구 동광동5가 1-17,35.1089233489,129.0359936893,2022,건축물,051-600-4697,부산광역시 중구청,2026-03-25
동광동039,1,,부산광역시 중구 영주동 743-6,35.1088730788,129.0357072539,2022,건축물,051-600-4697,부산광역시 중구청,2026-03-25
동광동040,1,부산광역시 중구 중구로 154-5,부산광역시 중구 동광동5가 1-32,35.1086507075,129.0357920315,2022,건축물,051-600-4697,부산광역시 중구청,2026-03-25
동광동041,1,부산광역시 중구 동광길 123,부산광역시 중구 동광동5가 2-2,35.1081318440,129.0357472110,2022,건축물,051-600-4697,부산광역시 중구청,2026-03-25
동광동042,1,부산광역시 중구 동광길 119,부산광역시 중구 동광동5가 2-24,35.1080346621,129.0356366647,2022,건축물,051-600-4697,부산광역시 중구청,2026-03-25
동광동043,1,부산광역시 중구 중구로 150-38,부산광역시 중구 동광동5가 3-183,35.1079905877,129.0354171178,2022,건축물,051-600-4697,부산광역시 중구청,2026-03-25
동광동044,1,부산광역시 중구 중구로 150-24,부산광역시 중구 동광동5가 3-179,35.1082677255,129.0353082057,2022,건축물,051-600-4697,부산광역시 중구청,2026-03-25
동광동045,1,부산광역시 중구 동광길111번길 3,부산광역시 중구 동광동5가 3-76,35.1076490788,129.0353452381,2022,건축물,051-600-4697,부산광역시 중구청,2026-03-25
동광동046,1,부산광역시 중구 동광길111번길 4-1,부산광역시 중구 동광동5가 3-28,35.1077469018,129.0353425169,2022,건축물,051-600-4697,부산광역시 중구청,2026-03-25
동광동047,1,부산광역시 중구 동광길111번길 7,부산광역시 중구 동광동5가 3-73,35.1077372351,129.0351400569,2022,건축물,051-600-4697,부산광역시 중구청,2026-03-25
동광동048,1,부산광역시 중구 동광길111번길 10-9,부산광역시 중구 동광동5가 3-40,35.1079959121,129.0351752220,2022,건축물,051-600-4697,부산광역시 중구청,2026-03-25
동광동049,1,부산광역시 중구 동광길111번길 10-14,부산광역시 중구 동광동5가 3-33,35.1078900572,129.0352591141,2022,건축물,051-600-4697,부산광역시 중구청,2026-03-25
동광동050,1,,부산광역시 중구 동광동5가 3-75,35.1075798100,129.0345952935,2022,건축물,051-600-4697,부산광역시 중구청,2026-03-25
동광동051,1,,부산광역시 중구 동광동5가 3-304,35.1079046208,129.0349386750,2022,건축물,051-600-4697,부산광역시 중구청,2026-03-25
동광동052,1,부산광역시 중구 중구로148번길 6-1,부산광역시 중구 동광동5가 3-140,35.1079657372,129.0348523887,2022,건축물,051-600-4697,부산광역시 중구청,2026-03-25
동광동053,1,부산광역시 중구 중구로148번길 6,부산광역시 중구 동광동5가 3-224,35.1080381321,129.0349256898,2022,건축물,051-600-4697,부산광역시 중구청,2026-03-25
동광동054,1,부산광역시 중구 중구로 142,부산광역시 중구 동광동5가 3-198,35.1080083052,129.0346357643,2022,건축물,051-600-4697,부산광역시 중구청,2026-03-25
동광동055,1,부산광역시 중구 중구로148번길 3-1,부산광역시 중구 동광동5가 3-41,35.1080669016,129.0351282967,2022,건축물,051-600-4697,부산광역시 중구청,2026-03-25
동광동056,1,부산광역시 중구 동광길111번길 11,부산광역시 중구 동광동5가 3-306,35.1079083990,129.0350040536,2022,건축물,051-600-4697,부산광역시 중구청,2026-03-25
동광동057,1,부산광역시 중구 중구로148번길 8-6,부산광역시 중구 동광동5가 3-136,35.1078904416,129.0346673779,2022,건축물,051-600-4697,부산광역시 중구청,2026-03-25
동광동058,1,부산광역시 중구 중구로148번길 12-7,부산광역시 중구 동광동5가 3-132,35.1078410047,129.0345524275,2022,건축물,051-600-4697,부산광역시 중구청,2026-03-25
동광동059,1,부산광역시 중구 중구로 138-23,부산광역시 중구 동광동5가 3-205,35.1079571126,129.0346200159,2022,건축물,051-600-4697,부산광역시 중구청,2026-03-25
동광동060,1,부산광역시 중구 중구로 138-11,부산광역시 중구 동광동5가 3-131,35.1078752777,129.0344272759,2022,건축물,051-600-4697,부산광역시 중구청,2026-03-25
동광동061,1,,부산광역시 중구 동광동5가 3-204,35.1078632322,129.0343667641,2022,건축물,051-600-4697,부산광역시 중구청,2026-03-25
동광동062,1,,부산광역시 중구 동광동5가 3-174,35.1077032332,129.0344554640,2022,건축물,051-600-4697,부산광역시 중구청,2026-03-25
동광동063,1,부산광역시 중구 중구로148번길 12,부산광역시 중구 동광동5가 9-38,35.1075722632,129.0344726005,2022,건축물,051-600-4697,부산광역시 중구청,2026-03-25
동광동064,1,부산광역시 중구 중구로148번길 9,부산광역시 중구 동광동5가 3-100,35.1076448433,129.0347764181,2022,건축물,051-600-4697,부산광역시 중구청,2026-03-25
동광동065,1,부산광역시 중구 중구로148번길 7-2,부산광역시 중구 동광동5가 3-61,35.1077061153,129.0348949526,2022,건축물,051-600-4697,부산광역시 중구청,2026-03-25
동광동066,1,부산광역시 중구 동광길95번길 12-5,부산광역시 중구 동광동5가 3-97,35.1075527105,129.0347569101,2022,건축물,051-600-4697,부산광역시 중구청,2026-03-25
동광동067,1,부산광역시 중구 동광길95번길 12-1,부산광역시 중구 동광동5가 9-6,35.1074484299,129.0346343457,2022,건축물,051-600-4697,부산광역시 중구청,2026-03-25
동광동068,1,부산광역시 중구 동광길99번길 7-3,부산광역시 중구 동광동5가 3-89,35.1074206661,129.0348602195,2022,건축물,051-600-4697,부산광역시 중구청,2026-03-25
동광동069,2,부산광역시 중구 동광길99번길 10,부산광역시 중구 동광동5가 3-69,35.1075622283,129.0350702356,2022,건축물,051-600-4697,부산광역시 중구청,2026-03-25
동광동070,1,부산광역시 중구 중구로148번길 9-3,부산광역시 중구 동광동5가 3-64,35.1075664815,129.0348545239,2022,건축물,051-600-4697,부산광역시 중구청,2026-03-25
동광동071,1,부산광역시 중구 동광길111번길 5-5,부산광역시 중구 동광동5가 3-194,35.1075315942,129.0352094041,2022,건축물,051-600-4697,부산광역시 중구청,2026-03-25
동광동072,1,부산광역시 중구 동광길 99,부산광역시 중구 동광동5가 9-64,35.1072711993,129.0350511546,2022,건축물,051-600-4697,부산광역시 중구청,2026-03-25
동광동073,1,부산광역시 중구 동광길95번길 6,부산광역시 중구 동광동5가 9-25,35.1071994003,129.0349638321,2022,건축물,051-600-4697,부산광역시 중구청,2026-03-25
동광동074,1,부산광역시 중구 동광길95번길 6-1,부산광역시 중구 동광동5가 9-16,35.1072388086,129.0349139285,2022,건축물,051-600-4697,부산광역시 중구청,2026-03-25
동광동075,1,부산광역시 중구 동광길95번길 10,부산광역시 중구 동광동5가 9-30,35.1073340719,129.0347684715,2022,건축물,051-600-4697,부산광역시 중구청,2026-03-25
동광동076,1,부산광역시 중구 중구로148번길 11,부산광역시 중구 동광동5가 9-35,35.1074804496,129.0345843677,2022,건축물,051-600-4697,부산광역시 중구청,2026-03-25
동광동077,1,부산광역시 중구 동광길93번길 6,부산광역시 중구 동광동5가 16-15,35.1072183604,129.0347363144,2022,건축물,051-600-4697,부산광역시 중구청,2026-03-25
동광동078,1,부산광역시 중구 동광길93번길 12,부산광역시 중구 동광동5가 9-42,35.1075826207,129.0342474998,2022,건축물,051-600-4697,부산광역시 중구청,2026-03-25
동광동079,1,부산광역시 중구 동광길93번길 14,부산광역시 중구 동광동5가 9-48,35.1076871270,129.0340667402,2022,건축물,051-600-4697,부산광역시 중구청,2026-03-25
동광동080,1,부산광역시 중구 동광길93번길 12-1,부산광역시 중구 동광동5가 9-87,35.1076319693,129.0341529903,2022,건축물,051-600-4697,부산광역시 중구청,2026-03-25
동광동081,1,,부산광역시 중구 동광동5가 9-31,35.1074031688,129.0347490026,2022,건축물,051-600-4697,부산광역시 중구청,2026-03-25
동광동082,1,부산광역시 중구 동광길95번길 8,부산광역시 중구 동광동5가 9-12,35.1072844127,129.0348331442,2022,건축물,051-600-4697,부산광역시 중구청,2026-03-25
동광동083,1,,부산광역시 중구 동광동5가 16-16,35.1072367951,129.0346041717,2022,건축물,051-600-4697,부산광역시 중구청,2026-03-25
동광동084,1,부산광역시 중구 동광길91번길 4,부산광역시 중구 동광동5가 16-11,35.1069737481,129.0345290017,2022,건축물,051-600-4697,부산광역시 중구청,2026-03-25
동광동085,1,부산광역시 중구 동광길91번길 6-1,부산광역시 중구 동광동5가 17-1,35.1069635042,129.0344574663,2022,건축물,051-600-4697,부산광역시 중구청,2026-03-25
동광동086,1,부산광역시 중구 동광길91번길 7,부산광역시 중구 동광동5가 31-1,35.1068121679,129.0342605887,2022,건축물,051-600-4697,부산광역시 중구청,2026-03-25
동광동087,1,부산광역시 중구 동광길91번길 9-1,부산광역시 중구 동광동5가 30-18,35.1068728703,129.0340319162,2022,건축물,051-600-4697,부산광역시 중구청,2026-03-25
동광동088,1,부산광역시 중구 샘길 31,부산광역시 중구 동광동5가 18-15,35.1069212867,129.0337942746,2022,건축물,051-600-4697,부산광역시 중구청,2026-03-25
동광동089,1,부산광역시 중구 샘길 29,부산광역시 중구 동광동5가 18-16,35.1069324265,129.0336943199,2022,건축물,051-600-4697,부산광역시 중구청,2026-03-25
동광동090,1,부산광역시 중구 샘길 36,부산광역시 중구 동광동5가 18-7,35.1067097551,129.0338226839,2022,건축물,051-600-4697,부산광역시 중구청,2026-03-25
동광동091,1,부산광역시 중구 샘길 40-1,부산광역시 중구 동광동5가 30-8,35.1065222719,129.0339270285,2022,건축물,051-600-4697,부산광역시 중구청,2026-03-25
동광동092,2,부산광역시 중구 샘길 48,부산광역시 중구 동광동5가 54-1,35.1064392133,129.0342742373,2022,건축물,051-600-4697,부산광역시 중구청,2026-03-25
동광동093,1,부산광역시 중구 샘길 50-2,부산광역시 중구 동광동5가 27-14,35.1064198108,129.0344100646,2022,건축물,051-600-4697,부산광역시 중구청,2026-03-25
동광동094,1,부산광역시 중구 샘길 52,부산광역시 중구 동광동5가 27-10,35.1064891041,129.0345232037,2022,건축물,051-600-4697,부산광역시 중구청,2026-03-25
동광동095,1,부산광역시 중구 샘길 53,부산광역시 중구 동광동5가 34-16,35.1066818454,129.0346317358,2022,건축물,051-600-4697,부산광역시 중구청,2026-03-25
동광동096,1,부산광역시 중구 샘길 51-6,부산광역시 중구 동광동5가 29-9,35.1067311671,129.0342972859,2022,건축물,051-600-4697,부산광역시 중구청,2026-03-25
동광동097,1,부산광역시 중구 샘길 53-7,부산광역시 중구 동광동5가 34-19,35.1068189972,129.0343852252,2022,건축물,051-600-4697,부산광역시 중구청,2026-03-25
동광동098,1,부산광역시 중구 샘길 55-6,부산광역시 중구 동광동5가 34-7,35.1067704391,129.0347600501,2022,건축물,051-600-4697,부산광역시 중구청,2026-03-25
동광동099,1,부산광역시 중구 중구로130번길 12-2,부산광역시 중구 동광동5가 16-220,35.1070761652,129.0334525765,2022,건축물,051-600-4697,부산광역시 중구청,2026-03-25
동광동100,1,부산광역시 중구 중구로130번길 10-6,부산광역시 중구 동광동5가 16-321,35.1070498535,129.0333557485,2022,건축물,051-600-4697,부산광역시 중구청,2026-03-25
동광동101,1,부산광역시 중구 중구로130번길 7,부산광역시 중구 동광동5가 16-308,35.1072405864,129.0334766207,2022,건축물,051-600-4697,부산광역시 중구청,2026-03-25
동광동102,1,부산광역시 중구 중구로 130,부산광역시 중구 동광동5가 16-21,35.1074200309,129.0334807507,2022,건축물,051-600-4697,부산광역시 중구청,2026-03-25
동광동103,1,부산광역시 중구 중구로 124-12,부산광역시 중구 동광동5가 16-291,35.1070861057,129.0331662747,2022,건축물,051-600-4697,부산광역시 중구청,2026-03-25
동광동104,1,부산광역시 중구 중구로130번길 8,부산광역시 중구 동광동5가 16-307,35.1072009595,129.0333784747,2022,건축물,051-600-4697,부산광역시 중구청,2026-03-25
동광동105,1,부산광역시 중구 중구로 126-3,부산광역시 중구 동광동5가 16-2,35.1070787849,129.0329204483,2022,건축물,051-600-4697,부산광역시 중구청,2026-03-25
동광동106,1,부산광역시 중구 중구로 128,부산광역시 중구 동광동5가 16-247,35.1073170588,129.0332425261,2022,건축물,051-600-4697,부산광역시 중구청,2026-03-25
동광동107,1,부산광역시 중구 샘길 25,부산광역시 중구 동광동5가 16-233,35.1068873969,129.0333972219,2022,건축물,051-600-4697,부산광역시 중구청,2026-03-25
동광동108,1,,부산광역시 중구 동광동5가 16-228,35.1069528169,129.0334043668,2022,건축물,051-600-4697,부산광역시 중구청,2026-03-25
동광동109,1,부산광역시 중구 샘길 25-28,부산광역시 중구 동광동5가 16-237,35.1069124079,129.0331526380,2022,건축물,051-600-4697,부산광역시 중구청,2026-03-25
동광동110,1,부산광역시 중구 샘길 19,부산광역시 중구 동광동5가 19-20,35.1066908482,129.0331556872,2022,건축물,051-600-4697,부산광역시 중구청,2026-03-25
동광동111,1,부산광역시 중구 샘길 19-6,부산광역시 중구 동광동5가 19-21,35.1067508622,129.0330646232,2022,건축물,051-600-4697,부산광역시 중구청,2026-03-25
동광동112,1,부산광역시 중구 샘길 19-13,부산광역시 중구 동광동5가 19-23,35.1068088962,129.0329734002,2022,건축물,051-600-4697,부산광역시 중구청,2026-03-25
동광동113,1,,부산광역시 중구 동광동5가 19-9,35.1068075125,129.0326830070,2022,건축물,051-600-4697,부산광역시 중구청,2026-03-25
동광동114,1,부산광역시 중구 샘길30번길 6-13,부산광역시 중구 동광동5가 21-5,35.1063836765,129.0335400967,2022,건축물,051-600-4697,부산광역시 중구청,2026-03-25
동광동115,1,부산광역시 중구 샘길 22-23,부산광역시 중구 동광동5가 20-21,35.1064778339,129.0335302639,2022,건축물,051-600-4697,부산광역시 중구청,2026-03-25
동광동116,1,부산광역시 중구 샘길30번길 6-4,부산광역시 중구 동광동5가 20-19,35.1065012584,129.0337024669,2022,건축물,051-600-4697,부산광역시 중구청,2026-03-25
동광동117,1,부산광역시 중구 샘길30번길 8,부산광역시 중구 동광동5가 22-12,35.1062998701,129.0336258533,2022,건축물,051-600-4697,부산광역시 중구청,2026-03-25
동광동118,1,부산광역시 중구 샘길30번길 3,부산광역시 중구 동광동5가 18-8,35.1066760091,129.0337446431,2022,건축물,051-600-4697,부산광역시 중구청,2026-03-25
동광동119,1,,부산광역시 중구 동광동5가 26-51,35.1062444133,129.0340495255,2022,건축물,051-600-4697,부산광역시 중구청,2026-03-25
동광동120,1,부산광역시 중구 샘길44번길 3-15,부산광역시 중구 동광동5가 26-29,35.1059948234,129.0343023400,2022,건축물,051-600-4697,부산광역시 중구청,2026-03-25
동광동121,1,부산광역시 중구 동광길69번길 15-9,부산광역시 중구 동광동5가 26-23,35.1061438956,129.0344569397,2022,건축물,051-600-4697,부산광역시 중구청,2026-03-25
동광동122,1,부산광역시 중구 동광길69번길 15-14,부산광역시 중구 동광동5가 26-12,35.1062038141,129.0343018326,2022,건축물,051-600-4697,부산광역시 중구청,2026-03-25
동광동123,1,부산광역시 중구 동광길69번길 9-26,부산광역시 중구 동광동5가 26-36,35.1059080817,129.0344340800,2022,건축물,051-600-4697,부산광역시 중구청,2026-03-25
동광동124,1,부산광역시 중구 동광길69번길 15-26,부산광역시 중구 동광동5가 26-28,35.1060300673,129.0343770181,2022,건축물,051-600-4697,부산광역시 중구청,2026-03-25
동광동125,1,부산광역시 중구 동광길69번길 9,부산광역시 중구 동광동5가 26-26,35.1060585362,129.0344848649,2022,건축물,051-600-4697,부산광역시 중구청,2026-03-25
동광동126,1,부산광역시 중구 동광길69번길 9-30,부산광역시 중구 동광동5가 26-39,35.1058522154,129.0344497984,2022,건축물,051-600-4697,부산광역시 중구청,2026-03-25
동광동127,1,부산광역시 중구 동광길69번길 6,부산광역시 중구 동광동5가 27-26,35.1059536513,129.0347257054,2022,건축물,051-600-4697,부산광역시 중구청,2026-03-25
동광동128,1,부산광역시 중구 동광길69번길 5,부산광역시 중구 동광동5가 26-9,35.1058418317,129.0346871757,2022,건축물,051-600-4697,부산광역시 중구청,2026-03-25
동광동129,1,부산광역시 중구 샘길 50-4,부산광역시 중구 동광동5가 27-15,35.1063544810,129.0345117419,2022,건축물,051-600-4697,부산광역시 중구청,2026-03-25
동광동130,1,부산광역시 중구 동광길 79-11,부산광역시 중구 동광동5가 36-22,35.1062548579,129.0347290271,2022,건축물,051-600-4697,부산광역시 중구청,2026-03-25
동광동131,1,부산광역시 중구 동광길 79-14,부산광역시 중구 동광동5가 27-18,35.1062585744,129.0345667106,2022,건축물,051-600-4697,부산광역시 중구청,2026-03-25
동광동132,1,부산광역시 중구 동광길 75-2,부산광역시 중구 동광동5가 36-27,35.1061541593,129.0347473591,2022,건축물,051-600-4697,부산광역시 중구청,2026-03-25
동광동133,1,부산광역시 중구 동광길 61-1,부산광역시 중구 동광동5가 44-17,35.1055457812,129.0347095334,2022,건축물,051-600-4697,부산광역시 중구청,2026-03-25
동광동134,1,부산광역시 중구 동광길 47-1,부산광역시 중구 대청동1가 9-119,35.1048851350,129.0344462645,2022,건축물,051-600-4697,부산광역시 중구청,2026-03-25
동광동136,1,부산광역시 중구 동광길 19-1,부산광역시 중구 동광동4가 26-2,35.1037722541,129.0341683608,2022,건축물,051-600-4697,부산광역시 중구청,2026-03-25
동광동137,1,부산광역시 중구 대청로131번길 12-1,부산광역시 중구 동광동4가 12-3,35.1037706136,129.0344593530,2022,건축물,051-600-4697,부산광역시 중구청,2026-03-25
동광동140,1,부산광역시 중구 대청로131번길 4-1,부산광역시 중구 동광동4가 4-2,35.1031182407,129.0343366597,2022,건축물,051-600-4697,부산광역시 중구청,2026-03-25
동광동141,1,부산광역시 중구 대청로 131-1,부산광역시 중구 동광동4가 3-2,35.1029802051,129.0343459490,2022,건축물,051-600-4697,부산광역시 중구청,2026-03-25
동광동142,1,부산광역시 중구 대청로131번길 6-1,부산광역시 중구 동광동4가 9-1,35.1032746152,129.0343622586,2022,건축물,051-600-4697,부산광역시 중구청,2026-03-25
동광동143,1,부산광역시 중구 동광길 12,부산광역시 중구 동광동4가 18-3,35.1033222864,129.0342012598,2022,건축물,051-600-4697,부산광역시 중구청,2026-03-25
동광동144,1,부산광역시 중구 대청로131번길 10,부산광역시 중구 동광동4가 12-7,35.1036188956,129.0344355143,2022,건축물,051-600-4697,부산광역시 중구청,2026-03-25
동광동145,1,부산광역시 중구 대청로131번길 6,부산광역시 중구 동광동4가 9-2,35.1032132066,129.0343538238,2022,건축물,051-600-4697,부산광역시 중구청,2026-03-25
동광동146,1,,부산광역시 중구 동광동4가 27,35.1033232673,129.0340808460,2022,건축물,051-600-4697,부산광역시 중구청,2026-03-25
동광동147,1,,부산광역시 중구 동광동4가 19-3,35.1034881207,129.0338243203,2022,건축물,051-600-4697,부산광역시 중구청,2026-03-25
동광동148,1,부산광역시 중구 대청로125번길 12-1,부산광역시 중구 동광동4가 17-1,35.1037567492,129.0340451582,2022,건축물,051-600-4697,부산광역시 중구청,2026-03-25
동광동149,1,부산광역시 중구 백산길 12-5,부산광역시 중구 동광동3가 27-1,35.1016418167,129.0340700166,2022,건축물,051-600-4697,부산광역시 중구청,2026-03-25
동광동150,1,부산광역시 중구 대청로126번길 12,부산광역시 중구 동광동3가 41-4,35.1016922846,129.0335919667,2022,건축물,051-600-4697,부산광역시 중구청,2026-03-25
동광동151,1,부산광역시 중구 대청로126번길 20,부산광역시 중구 동광동3가 45-3,35.1012367995,129.0340288098,2022,건축물,051-600-4697,부산광역시 중구청,2026-03-25
동광동152,1,부산광역시 중구 대청로126번길 22,부산광역시 중구 동광동3가 46,35.1010196414,129.0339790034,2022,건축물,051-600-4697,부산광역시 중구청,2026-03-25
동광동153,2,부산광역시 중구 대청로126번길 24,부산광역시 중구 동광동2가 17-3,35.1008108659,129.0341116510,2022,건축물,051-600-4697,부산광역시 중구청,2026-03-25
동광동154,2,부산광역시 중구 용두산길 37-18,부산광역시 중구 동광동2가 17-6,35.1005021245,129.0333651308,2022,건축물,051-600-4697,부산광역시 중구청,2026-03-25
동광동156,1,부산광역시 중구 백산길 14,부산광역시 중구 동광동3가 25,35.1016328856,129.0342370192,2022,건축물,051-600-4697,부산광역시 중구청,2026-03-25
동광동157,1,부산광역시 중구 백산길 3-1,부산광역시 중구 동광동3가 2-5,35.1024738253,129.0342445412,2022,건축물,051-600-4697,부산광역시 중구청,2026-03-25
동광동158,1,부산광역시 중구 대청로 132-1,부산광역시 중구 동광동3가 1-2,35.1025890256,129.0344252674,2022,건축물,051-600-4697,부산광역시 중구청,2026-03-25
동광동159,1,부산광역시 중구 백산길 15,부산광역시 중구 동광동3가 14,35.1015546208,129.0347173381,2022,건축물,051-600-4697,부산광역시 중구청,2026-03-25
동광동160,1,부산광역시 중구 대청로134번길 18,부산광역시 중구 동광동3가 15-2,35.1013614984,129.0348408337,2022,건축물,051-600-4697,부산광역시 중구청,2026-03-25
동광동161,1,부산광역시 중구 중앙대로41번길 14,부산광역시 중구 동광동3가 17-1,35.1011883287,129.0349084623,2022,건축물,051-600-4697,부산광역시 중구청,2026-03-25
동광동162,1,,부산광역시 중구 동광동2가 22,35.1010012519,129.0350311454,2022,건축물,051-600-4697,부산광역시 중구청,2026-03-25
동광동163,1,부산광역시 중구 광복로97번길 20,부산광역시 중구 동광동2가 3-2,35.1004643335,129.0351602121,2022,건축물,051-600-4697,부산광역시 중구청,2026-03-25
동광동164,1,부산광역시 중구 광복로97번길 18,부산광역시 중구 동광동2가 4,35.1002344235,129.0353492406,2022,건축물,051-600-4697,부산광역시 중구청,2026-03-25
동광동165,1,부산광역시 중구 중앙대로29번길 8-1,부산광역시 중구 동광동2가 6-1,35.1001274911,129.0355992230,2022,건축물,051-600-4697,부산광역시 중구청,2026-03-25
동광동167,1,부산광역시 중구 광복로97번길 17,부산광역시 중구 동광동2가 8-1,35.1001444779,129.0348935873,2022,건축물,051-600-4697,부산광역시 중구청,2026-03-25
동광동168,1,부산광역시 중구 광복로97번길 19-9,부산광역시 중구 동광동2가 8-9,35.1000041409,129.0347823095,2022,건축물,051-600-4697,부산광역시 중구청,2026-03-25
동광동169,1,부산광역시 중구 대청로126번길 26,부산광역시 중구 동광동2가 17-4,35.1005922659,129.0341047932,2022,건축물,051-600-4697,부산광역시 중구청,2026-03-25
동광동170,2,부산광역시 중구 대청로126번길 28,부산광역시 중구 동광동2가 17-2,35.1004413042,129.0343043400,2022,건축물,051-600-4697,부산광역시 중구청,2026-03-25
동광동171,1,부산광역시 중구 대청로126번길 30,부산광역시 중구 동광동2가 17-15,35.1002959020,129.0343283591,2022,건축물,051-600-4697,부산광역시 중구청,2026-03-25
동광동172,1,부산광역시 중구 광복로97번길 23,부산광역시 중구 동광동2가 12-1,35.1002922980,129.0346289397,2022,건축물,051-600-4697,부산광역시 중구청,2026-03-25
동광동173,1,부산광역시 중구 대청로126번길 32-6,부산광역시 중구 동광동2가 11-37,35.1001322904,129.0343849313,2022,건축물,051-600-4697,부산광역시 중구청,2026-03-25
동광동174,1,부산광역시 중구 대청로126번길 35,부산광역시 중구 동광동2가 11-32,35.0997896951,129.0344689639,2022,건축물,051-600-4697,부산광역시 중구청,2026-03-25
동광동178,1,,부산광역시 중구 동광동2가 11-70,35.0995852533,129.0341071826,2022,건축물,051-600-4697,부산광역시 중구청,2026-03-25
동광동182,1,,부산광역시 중구 동광동5가 19-2,35.1068458038,129.0325751917,2022,건축물,051-600-4697,부산광역시 중구청,2026-03-25
동광동187,1,,부산광역시 중구 동광동3가 9-1,35.1020913173,129.0345749682,2022,건축물,051-600-4697,부산광역시 중구청,2026-03-25
동광동188,1,부산광역시 중구 대청로126번길 32-12,부산광역시 중구 동광동2가 11-19,35.1001959595,129.0341674260,2024,건축물,051-600-4697,부산광역시 중구청,2026-03-25
동광동189,1,,부산광역시 중구 동광동5가 13-54,35.1083906555,129.0337182101,2025,건축물,051-600-4697,부산광역시 중구청,2026-03-25
동광동190,1,,부산광역시 중구 동광동2가 11-35,35.1001143801,129.0344479755,2025,건축물,051-600-4697,부산광역시 중구청,2026-03-25
동광동191,1,,부산광역시 중구 동광동5가 13-54,35.1083906555,129.0337182101,2025,건축물,051-600-4697,부산광역시 중구청,2026-03-25
보수동001,1,부산광역시 중구 대청로35번길 4,부산광역시 중구 보수동2가 118-9,35.1035469600,129.0240011849,2022,건축물,051-600-4697,부산광역시 중구청,2026-03-25
보수동002,2,부산광역시 중구 대청로 33-1,부산광역시 중구 보수동3가 70-33,35.1033548084,129.0236246927,2022,건축물,051-600-4697,부산광역시 중구청,2026-03-25
보수동003,1,부산광역시 중구 대청로 31,부산광역시 중구 보수동3가 70-72,35.1033723752,129.0232958241,2022,건축물,051-600-4697,부산광역시 중구청,2026-03-25
보수동004,1,부산광역시 중구 대청로25번길 3-1,부산광역시 중구 보수동3가 73-6,35.1034899502,129.0226658934,2022,건축물,051-600-4697,부산광역시 중구청,2026-03-25
보수동005,1,부산광역시 중구 흑교로45번길 19-8,부산광역시 중구 보수동3가 71-9,35.1034903636,129.0230082564,2022,건축물,051-600-4697,부산광역시 중구청,2026-03-25
보수동006,1,부산광역시 중구 흑교로45번길 15-6,부산광역시 중구 보수동3가 70-60,35.1035612681,129.0232738467,2022,건축물,051-600-4697,부산광역시 중구청,2026-03-25
보수동007,1,,부산광역시 중구 보수동3가 81,35.1044727034,129.0217702000,2022,건축물,051-600-4697,부산광역시 중구청,2026-03-25
보수동008,1,부산광역시 중구 흑교로45번길 7,부산광역시 중구 보수동2가 118-2,35.1034763790,129.0242613031,2022,건축물,051-600-4697,부산광역시 중구청,2026-03-25
보수동009,1,부산광역시 중구 흑교로51번길 6,부산광역시 중구 보수동2가 91-13,35.1040209844,129.0244054860,2022,건축물,051-600-4697,부산광역시 중구청,2026-03-25
보수동010,1,부산광역시 중구 흑교로45번길 10,부산광역시 중구 보수동2가 105-4,35.1037051605,129.0241766029,2022,건축물,051-600-4697,부산광역시 중구청,2026-03-25
보수동011,1,부산광역시 중구 흑교로45번길 10-1,부산광역시 중구 보수동2가 105-5,35.1036887841,129.0241211494,2022,건축물,051-600-4697,부산광역시 중구청,2026-03-25
보수동012,1,,부산광역시 중구 보수동2가 119,35.1047989574,129.0232819636,2022,건축물,051-600-4697,부산광역시 중구청,2026-03-25
보수동014,1,부산광역시 중구 흑교로51번길 4-2,부산광역시 중구 보수동2가 91-12,35.1040540456,129.0244601463,2022,건축물,051-600-4697,부산광역시 중구청,2026-03-25
보수동015,1,부산광역시 중구 흑교로59번길 4-8,부산광역시 중구 보수동2가 84-18,35.1047553674,129.0241510368,2022,건축물,051-600-4697,부산광역시 중구청,2026-03-25
보수동016,1,부산광역시 중구 흑교로59번길 4-17,부산광역시 중구 보수동2가 84-12,35.1048483740,129.0239348944,2022,건축물,051-600-4697,부산광역시 중구청,2026-03-25
보수동017,1,,부산광역시 중구 보수동2가 83-4,35.1049743684,129.0238227705,2022,건축물,051-600-4697,부산광역시 중구청,2026-03-25
보수동018,1,부산광역시 중구 흑교로67번길 7,부산광역시 중구 보수동2가 85-10,35.1050764157,129.0239214529,2022,건축물,051-600-4697,부산광역시 중구청,2026-03-25
보수동019,1,부산광역시 중구 흑교로 65-5,부산광역시 중구 보수동2가 85-16,35.1049803361,129.0241489246,2022,건축물,051-600-4697,부산광역시 중구청,2026-03-25
보수동020,1,부산광역시 중구 흑교로 63-6,부산광역시 중구 보수동2가 85-28,35.1048734843,129.0241202924,2022,건축물,051-600-4697,부산광역시 중구청,2026-03-25
보수동021,1,부산광역시 중구 흑교로67번길 11-2,부산광역시 중구 보수동2가 83-12,35.1048552427,129.0237610339,2022,건축물,051-600-4697,부산광역시 중구청,2026-03-25
보수동022,1,부산광역시 중구 흑교로59번길 10-1,부산광역시 중구 보수동2가 80-13,35.1043707559,129.0237565107,2022,건축물,051-600-4697,부산광역시 중구청,2026-03-25
보수동023,1,부산광역시 중구 보수대로118번길 61,부산광역시 중구 보수동2가 97-4,35.1040586439,129.0236992273,2022,건축물,051-600-4697,부산광역시 중구청,2026-03-25
보수동024,1,부산광역시 중구 보수대로118번길 65-16,부산광역시 중구 보수동2가 96-2,35.1040922031,129.0240046896,2022,건축물,051-600-4697,부산광역시 중구청,2026-03-25
보수동025,1,부산광역시 중구 보수대로118번길 65-10,부산광역시 중구 보수동2가 96-6,35.1039883204,129.0239007959,2022,건축물,051-600-4697,부산광역시 중구청,2026-03-25
보수동026,1,부산광역시 중구 흑교로59번길 22,부산광역시 중구 보수동3가 61-15,35.1038250500,129.0227929351,2022,건축물,051-600-4697,부산광역시 중구청,2026-03-25
보수동027,1,부산광역시 중구 보수대로106번길 37-3,부산광역시 중구 보수동3가 62-3,35.1041088949,129.0227026828,2022,건축물,051-600-4697,부산광역시 중구청,2026-03-25
보수동028,1,부산광역시 중구 흑교로67번길 47,부산광역시 중구 보수동3가 54-1,35.1040332206,129.0221342051,2022,건축물,051-600-4697,부산광역시 중구청,2026-03-25
보수동029,1,부산광역시 중구 흑교로67번길 37,부산광역시 중구 보수동3가 58,35.1042579416,129.0225519662,2022,건축물,051-600-4697,부산광역시 중구청,2026-03-25
보수동030,1,부산광역시 중구 흑교로67번길 38,부산광역시 중구 보수동3가 43,35.1044115789,129.0224717638,2022,건축물,051-600-4697,부산광역시 중구청,2026-03-25
보수동031,1,부산광역시 중구 보수대로106번길 27,부산광역시 중구 보수동3가 45,35.1043354534,129.0223137278,2022,건축물,051-600-4697,부산광역시 중구청,2026-03-25
보수동032,1,부산광역시 중구 보수대로 94,부산광역시 중구 보수동3가 46-1,35.1042114263,129.0218075470,2022,건축물,051-600-4697,부산광역시 중구청,2026-03-25
보수동033,1,부산광역시 중구 보수대로106번길 21-1,부산광역시 중구 보수동3가 42-5,35.1045713061,129.0223182397,2022,건축물,051-600-4697,부산광역시 중구청,2026-03-25
보수동034,1,부산광역시 중구 흑교로67번길 49,부산광역시 중구 보수동3가 53-1,35.1039540969,129.0219830045,2022,건축물,051-600-4697,부산광역시 중구청,2026-03-25
보수동035,1,부산광역시 중구 흑교로45번길 30-1,부산광역시 중구 보수동3가 52-3,35.1038088975,129.0219085779,2022,건축물,051-600-4697,부산광역시 중구청,2026-03-25
보수동036,1,부산광역시 중구 흑교로45번길 30,부산광역시 중구 보수동3가 52-2,35.1038020181,129.0219698168,2022,건축물,051-600-4697,부산광역시 중구청,2026-03-25
보수동037,1,,부산광역시 중구 보수동3가 81-2,35.1043534736,129.0213820586,2022,건축물,051-600-4697,부산광역시 중구청,2026-03-25
보수동038,1,부산광역시 중구 흑교로75번길 19,부산광역시 중구 보수동3가 29-6,35.1049314264,129.0219665758,2022,건축물,051-600-4697,부산광역시 중구청,2026-03-25
보수동039,1,부산광역시 중구 보수대로 106,부산광역시 중구 보수동3가 5-16,35.1052785515,129.0215673242,2022,건축물,051-600-4697,부산광역시 중구청,2026-03-25
보수동040,1,부산광역시 중구 보수대로118번길 16-7,부산광역시 중구 보수동3가 8-4,35.1054313387,129.0219431772,2022,건축물,051-600-4697,부산광역시 중구청,2026-03-25
보수동041,1,부산광역시 중구 보수대로106번길 5-5,부산광역시 중구 보수동3가 5-15,35.1053338509,129.0216827372,2022,건축물,051-600-4697,부산광역시 중구청,2026-03-25
보수동042,1,부산광역시 중구 보수대로 108,부산광역시 중구 보수동3가 5-10,35.1053993388,129.0215331328,2022,건축물,051-600-4697,부산광역시 중구청,2026-03-25
보수동043,1,부산광역시 중구 흑교로81번길 18,부산광역시 중구 보수동3가 1-16,35.1056709714,129.0216779057,2022,건축물,051-600-4697,부산광역시 중구청,2026-03-25
보수동044,1,부산광역시 중구 보수대로 112,부산광역시 중구 보수동3가 1-20,35.1056770832,129.0215654347,2022,건축물,051-600-4697,부산광역시 중구청,2026-03-25
보수동045,1,부산광역시 중구 보수대로118번길 20,부산광역시 중구 보수동3가 9-1,35.1055009308,129.0221417378,2022,건축물,051-600-4697,부산광역시 중구청,2026-03-25
보수동047,1,부산광역시 중구 보수대로118번길 22-15,부산광역시 중구 보수동3가 11-13,35.1053294669,129.0219833184,2022,건축물,051-600-4697,부산광역시 중구청,2026-03-25
보수동048,1,부산광역시 중구 보수대로118번길 30,부산광역시 중구 보수동3가 39-10,35.1051545608,129.0224686308,2022,건축물,051-600-4697,부산광역시 중구청,2026-03-25
보수동049,1,부산광역시 중구 흑교로71번길 16,부산광역시 중구 보수동3가 39-13,35.1050173179,129.0225006595,2022,건축물,051-600-4697,부산광역시 중구청,2026-03-25
보수동050,1,부산광역시 중구 흑교로71번길 17-2,부산광역시 중구 보수동3가 40-15,35.1046410387,129.0224219463,2022,건축물,051-600-4697,부산광역시 중구청,2026-03-25
보수동051,1,부산광역시 중구 보수대로118번길 39,부산광역시 중구 보수동2가 77-9,35.1049002623,129.0230671218,2022,건축물,051-600-4697,부산광역시 중구청,2026-03-25
보수동052,1,부산광역시 중구 흑교로71번길 12-2,부산광역시 중구 보수동2가 72-25,35.1051961695,129.0228427239,2022,건축물,051-600-4697,부산광역시 중구청,2026-03-25
보수동053,1,부산광역시 중구 보수대로124번길 36-14,부산광역시 중구 보수동2가 72-13,35.1052965113,129.0227700866,2022,건축물,051-600-4697,부산광역시 중구청,2026-03-25
보수동054,1,부산광역시 중구 보수대로124번길 36-12,부산광역시 중구 보수동2가 72-14,35.1053172858,129.0228050334,2022,건축물,051-600-4697,부산광역시 중구청,2026-03-25
보수동055,1,부산광역시 중구 흑교로75번길 11,부산광역시 중구 보수동2가 72-7,35.1054104834,129.0227284909,2022,건축물,051-600-4697,부산광역시 중구청,2026-03-25
보수동056,1,부산광역시 중구 보수대로118번길 23,부산광역시 중구 보수동2가 65-13,35.1054570955,129.0224140391,2022,건축물,051-600-4697,부산광역시 중구청,2026-03-25
보수동057,1,부산광역시 중구 흑교로75번길 10,부산광역시 중구 보수동2가 65-10,35.1056461577,129.0227112869,2022,건축물,051-600-4697,부산광역시 중구청,2026-03-25
보수동058,1,부산광역시 중구 보수대로118번길 15,부산광역시 중구 보수동2가 70,35.1057715426,129.0221586228,2022,건축물,051-600-4697,부산광역시 중구청,2026-03-25
보수동059,1,부산광역시 중구 흑교로81번길 12-2,부산광역시 중구 보수동2가 19-10,35.1060376128,129.0222316520,2022,건축물,051-600-4697,부산광역시 중구청,2026-03-25
보수동060,1,부산광역시 중구 흑교로81번길 12-6,부산광역시 중구 보수동2가 19-8,35.1061413261,129.0221621670,2022,건축물,051-600-4697,부산광역시 중구청,2026-03-25
보수동062,1,부산광역시 중구 흑교로87번길 7,부산광역시 중구 보수동2가 29-3,35.1064640920,129.0222830944,2022,건축물,051-600-4697,부산광역시 중구청,2026-03-25
보수동063,1,부산광역시 중구 흑교로71번길 10,부산광역시 중구 보수동2가 72-20,35.1053183363,129.0230498219,2022,건축물,051-600-4697,부산광역시 중구청,2026-03-25
보수동064,1,부산광역시 중구 보수대로124번길 45-1,부산광역시 중구 보수동2가 75-26,35.1051532830,129.0235546757,2022,건축물,051-600-4697,부산광역시 중구청,2026-03-25
보수동065,1,부산광역시 중구 보수대로124번길 43-9,부산광역시 중구 보수동2가 75-10,35.1052653880,129.0235439593,2022,건축물,051-600-4697,부산광역시 중구청,2026-03-25
보수동066,1,,부산광역시 중구 보수동2가 73-3,35.1056359987,129.0233828012,2022,건축물,051-600-4697,부산광역시 중구청,2026-03-25
보수동067,1,부산광역시 중구 흑교로75번길 5-1,부산광역시 중구 보수동2가 73-19,35.1056443678,129.0231910097,2022,건축물,051-600-4697,부산광역시 중구청,2026-03-25
보수동068,1,부산광역시 중구 흑교로75번길 3-1,부산광역시 중구 보수동2가 73-13,35.1057644196,129.0233196493,2022,건축물,051-600-4697,부산광역시 중구청,2026-03-25
보수동069,1,부산광역시 중구 흑교로 77,부산광역시 중구 보수동2가 50-6,35.1059777088,129.0233855653,2022,건축물,051-600-4697,부산광역시 중구청,2026-03-25
보수동070,1,부산광역시 중구 흑교로75번길 4-12,부산광역시 중구 보수동2가 50-3,35.1060812908,129.0231998372,2022,건축물,051-600-4697,부산광역시 중구청,2026-03-25
보수동071,1,부산광역시 중구 보수대로124번길 25-1,부산광역시 중구 보수동2가 62-2,35.1058692094,129.0229212085,2022,건축물,051-600-4697,부산광역시 중구청,2026-03-25
보수동072,1,부산광역시 중구 보수대로124번길 21,부산광역시 중구 보수동2가 62-6,35.1059040130,129.0227527516,2022,건축물,051-600-4697,부산광역시 중구청,2026-03-25
보수동073,1,부산광역시 중구 보수대로124번길 21-6,부산광역시 중구 보수동2가 61-8,35.1059335074,129.0228159876,2022,건축물,051-600-4697,부산광역시 중구청,2026-03-25
보수동074,1,부산광역시 중구 흑교로81번길 6-4,부산광역시 중구 보수동2가 34,35.1062932118,129.0226675136,2022,건축물,051-600-4697,부산광역시 중구청,2026-03-25
보수동075,1,부산광역시 중구 보수대로124번길 11-1,부산광역시 중구 보수동2가 36,35.1063671544,129.0224811612,2022,건축물,051-600-4697,부산광역시 중구청,2026-03-25
보수동076,1,부산광역시 중구 흑교로87번길 3-1,부산광역시 중구 보수동2가 38-1,35.1065470287,129.0226701681,2022,건축물,051-600-4697,부산광역시 중구청,2026-03-25
보수동077,1,부산광역시 중구 흑교로 79,부산광역시 중구 보수동2가 50-10,35.1061911549,129.0232153837,2022,건축물,051-600-4697,부산광역시 중구청,2026-03-25
보수동078,1,부산광역시 중구 흑교로 67-2,부산광역시 중구 보수동2가 74-6,35.1053984775,129.0238847856,2022,건축물,051-600-4697,부산광역시 중구청,2026-03-25
보수동079,1,부산광역시 중구 중구로 63-1,부산광역시 중구 보수동1가 146-2,35.1036472987,129.0280686992,2022,건축물,051-600-4697,부산광역시 중구청,2026-03-25
보수동080,1,부산광역시 중구 중구로 63,부산광역시 중구 보수동1가 146-2,35.1036472987,129.0280686992,2022,건축물,051-600-4697,부산광역시 중구청,2026-03-25
보수동081,1,부산광역시 중구 고가길 42,부산광역시 중구 보수동1가 146-17,35.1040310579,129.0278132729,2022,건축물,051-600-4697,부산광역시 중구청,2026-03-25
보수동082,1,부산광역시 중구 중구로75번길 22,부산광역시 중구 보수동1가 146-13,35.1042070558,129.0280018607,2022,건축물,051-600-4697,부산광역시 중구청,2026-03-25
보수동083,1,,부산광역시 중구 보수동1가 146-14,35.1040718065,129.0280995822,2022,건축물,051-600-4697,부산광역시 중구청,2026-03-25
보수동084,1,부산광역시 중구 중구로65번길 26,부산광역시 중구 보수동1가 146-191,35.1043172261,129.0279182888,2022,건축물,051-600-4697,부산광역시 중구청,2026-03-25
보수동085,1,부산광역시 중구 고가길 55,부산광역시 중구 보수동1가 146-106,35.1044683278,129.0271226161,2022,건축물,051-600-4697,부산광역시 중구청,2026-03-25
보수동086,1,부산광역시 중구 중구로65번길 26-1,부산광역시 중구 보수동1가 146-198,35.1043854354,129.0278757862,2022,건축물,051-600-4697,부산광역시 중구청,2026-03-25
보수동087,1,부산광역시 중구 중구로75번길 20-5,부산광역시 중구 보수동1가 146-190,35.1043086583,129.0279886970,2022,건축물,051-600-4697,부산광역시 중구청,2026-03-25
보수동088,1,부산광역시 중구 중구로65번길 29,부산광역시 중구 보수동1가 146-34,35.1044376214,129.0276921937,2022,건축물,051-600-4697,부산광역시 중구청,2026-03-25
보수동089,1,부산광역시 중구 중구로75번안길 1,부산광역시 중구 보수동1가 146-27,35.1045002152,129.0279098831,2022,건축물,051-600-4697,부산광역시 중구청,2026-03-25
보수동090,1,부산광역시 중구 중구로65번길 31-4,부산광역시 중구 보수동1가 146-43,35.1044487145,129.0275624125,2022,건축물,051-600-4697,부산광역시 중구청,2026-03-25
보수동091,1,부산광역시 중구 고가길 46-12,부산광역시 중구 보수동1가 146-42,35.1043787630,129.0275259176,2022,건축물,051-600-4697,부산광역시 중구청,2026-03-25
보수동092,1,부산광역시 중구 중구로65번길 33,부산광역시 중구 보수동1가 146-46,35.1046111801,129.0276010898,2022,건축물,051-600-4697,부산광역시 중구청,2026-03-25
보수동093,1,부산광역시 중구 고가길 66-13,부산광역시 중구 보수동1가 146-23,35.1044623053,129.0274233722,2022,건축물,051-600-4697,부산광역시 중구청,2026-03-25
보수동094,1,,부산광역시 중구 보수동1가 60-410,35.1045914880,129.0272718164,2022,건축물,051-600-4697,부산광역시 중구청,2026-03-25
보수동095,1,부산광역시 중구 대청로 69-14,부산광역시 중구 보수동1가 145-15,35.1035971272,129.0278087723,2022,건축물,051-600-4697,부산광역시 중구청,2026-03-25
보수동096,1,부산광역시 중구 대청로 69-12,부산광역시 중구 보수동1가 145-2,35.1034714754,129.0277350394,2022,건축물,051-600-4697,부산광역시 중구청,2026-03-25
보수동097,1,부산광역시 중구 대청로 71,부산광역시 중구 보수동1가 144-4,35.1032809332,129.0276239508,2022,건축물,051-600-4697,부산광역시 중구청,2026-03-25
보수동098,1,부산광역시 중구 대청로 67-1,부산광역시 중구 보수동1가 136-9,35.1031743965,129.0272856495,2022,건축물,051-600-4697,부산광역시 중구청,2026-03-25
보수동099,1,부산광역시 중구 대청로 65,부산광역시 중구 보수동1가 136-1,35.1031911071,129.0271971311,2022,건축물,051-600-4697,부산광역시 중구청,2026-03-25
보수동100,1,부산광역시 중구 대청로 63-1,부산광역시 중구 보수동1가 135-1,35.1032131143,129.0270343958,2022,건축물,051-600-4697,부산광역시 중구청,2026-03-25
보수동101,1,,부산광역시 중구 보수동1가 60-44,35.1039006163,129.0268415553,2022,건축물,051-600-4697,부산광역시 중구청,2026-03-25
보수동102,2,부산광역시 중구 고가길 32,부산광역시 중구 보수동1가 116-15,35.1036579911,129.0270040726,2022,건축물,051-600-4697,부산광역시 중구청,2026-03-25
보수동103,1,,부산광역시 중구 보수동1가 60-44,35.1039006163,129.0268415553,2022,건축물,051-600-4697,부산광역시 중구청,2026-03-25
보수동104,1,부산광역시 중구 책방골목길 16-1,부산광역시 중구 보수동1가 133-3,35.1032698659,129.0268579365,2022,건축물,051-600-4697,부산광역시 중구청,2026-03-25
보수동105,1,부산광역시 중구 책방골목길 13-1,부산광역시 중구 보수동1가 116-28,35.1035457783,129.0265632093,2022,건축물,051-600-4697,부산광역시 중구청,2026-03-25
보수동106,1,부산광역시 중구 책방골목길 16,부산광역시 중구 보수동1가 130-1,35.1033117266,129.0267635708,2022,건축물,051-600-4697,부산광역시 중구청,2026-03-25
보수동107,1,부산광역시 중구 책방골목길 13,부산광역시 중구 보수동1가 116-116,35.1034331773,129.0267382865,2022,건축물,051-600-4697,부산광역시 중구청,2026-03-25
보수동108,1,부산광역시 중구 대청로 63,부산광역시 중구 보수동1가 133-2,35.1032262064,129.0268981962,2022,건축물,051-600-4697,부산광역시 중구청,2026-03-25
보수동109,1,부산광역시 중구 책방골목길 17,부산광역시 중구 보수동1가 116-16,35.1033560168,129.0270035024,2022,건축물,051-600-4697,부산광역시 중구청,2026-03-25
보수동110,1,부산광역시 중구 대청로 67-2,부산광역시 중구 보수동1가 136-5,35.1031610321,129.0273411342,2022,건축물,051-600-4697,부산광역시 중구청,2026-03-25
보수동111,1,부산광역시 중구 대청로 61-3,부산광역시 중구 보수동1가 127-1,35.1033825567,129.0264888771,2022,건축물,051-600-4697,부산광역시 중구청,2026-03-25
보수동112,1,부산광역시 중구 책방골목길 13-10,부산광역시 중구 보수동1가 116-115,35.1036381267,129.0267100255,2022,건축물,051-600-4697,부산광역시 중구청,2026-03-25
보수동113,2,부산광역시 중구 책방골목길 13-19,부산광역시 중구 보수동1가 116-106,35.1038111109,129.0266909518,2022,건축물,051-600-4697,부산광역시 중구청,2026-03-25
보수동114,1,부산광역시 중구 고가길 24-1,부산광역시 중구 보수동1가 116-88,35.1038882217,129.0266981249,2022,건축물,051-600-4697,부산광역시 중구청,2026-03-25
보수동115,1,부산광역시 중구 책방골목길 12,부산광역시 중구 보수동1가 125-4,35.1034164410,129.0263325762,2022,건축물,051-600-4697,부산광역시 중구청,2026-03-25
보수동116,1,부산광역시 중구 책방골목길 11,부산광역시 중구 보수동1가 116-147,35.1035857046,129.0263904993,2022,건축물,051-600-4697,부산광역시 중구청,2026-03-25
보수동117,1,부산광역시 중구 흑교로46번길 12,부산광역시 중구 보수동1가 125-34,35.1034776207,129.0262361662,2022,건축물,051-600-4697,부산광역시 중구청,2026-03-25
보수동118,1,부산광역시 중구 대청로 57-16,부산광역시 중구 보수동1가 125-5,35.1033639538,129.0262271017,2022,건축물,051-600-4697,부산광역시 중구청,2026-03-25
보수동119,1,부산광역시 중구 대청로 59,부산광역시 중구 보수동1가 125-1,35.1032546154,129.0264550052,2022,건축물,051-600-4697,부산광역시 중구청,2026-03-25
보수동120,1,부산광역시 중구 대청로 57-9,부산광역시 중구 보수동1가 124-4,35.1033094975,129.0261208110,2022,건축물,051-600-4697,부산광역시 중구청,2026-03-25
보수동121,1,부산광역시 중구 대청로53번길 5,부산광역시 중구 보수동1가 99-1,35.1032900930,129.0257721671,2022,건축물,051-600-4697,부산광역시 중구청,2026-03-25
보수동122,1,부산광역시 중구 대청로 53-1,부산광역시 중구 보수동1가 100-1,35.1032411439,129.0257946417,2022,건축물,051-600-4697,부산광역시 중구청,2026-03-25
보수동123,1,부산광역시 중구 흑교로46번길 4-1,부산광역시 중구 보수동1가 101-4,35.1034963513,129.0255847126,2022,건축물,051-600-4697,부산광역시 중구청,2026-03-25
보수동124,1,부산광역시 중구 흑교로46번길 3-1,부산광역시 중구 보수동1가 95-9,35.1036688314,129.0254340340,2022,건축물,051-600-4697,부산광역시 중구청,2026-03-25
보수동125,1,부산광역시 중구 흑교로46번길 6,부산광역시 중구 보수동1가 101-1,35.1034938287,129.0257086734,2022,건축물,051-600-4697,부산광역시 중구청,2026-03-25
보수동126,1,부산광역시 중구 대청로53번길 7,부산광역시 중구 보수동1가 101-5,35.1033692425,129.0257112921,2022,건축물,051-600-4697,부산광역시 중구청,2026-03-25
보수동127,1,부산광역시 중구 대청로53번길 16,부산광역시 중구 보수동1가 104-9,35.1038138546,129.0258153965,2022,건축물,051-600-4697,부산광역시 중구청,2026-03-25
보수동128,1,부산광역시 중구 흑교로46번길 9,부산광역시 중구 보수동1가 104-10,35.1036655823,129.0258764249,2022,건축물,051-600-4697,부산광역시 중구청,2026-03-25
보수동129,1,부산광역시 중구 흑교로46번길 11,부산광역시 중구 보수동1가 119-6,35.1036281290,129.0261815541,2022,건축물,051-600-4697,부산광역시 중구청,2026-03-25
보수동130,1,부산광역시 중구 책방골목길 8-1,부산광역시 중구 보수동1가 119-2,35.1037298296,129.0261140001,2022,건축물,051-600-4697,부산광역시 중구청,2026-03-25
보수동131,1,부산광역시 중구 책방골목길 9,부산광역시 중구 보수동1가 116-31,35.1037090172,129.0263239193,2022,건축물,051-600-4697,부산광역시 중구청,2026-03-25
보수동132,1,부산광역시 중구 책방골목길 7-3,부산광역시 중구 보수동1가 115-3,35.1038451522,129.0262504191,2022,건축물,051-600-4697,부산광역시 중구청,2026-03-25
보수동133,1,부산광역시 중구 책방골목길 7-12,부산광역시 중구 보수동1가 116-22,35.1038101010,129.0263794966,2022,건축물,051-600-4697,부산광역시 중구청,2026-03-25
보수동134,1,부산광역시 중구 책방골목길 7-14,부산광역시 중구 보수동1가 116-20,35.1038726305,129.0264718421,2022,건축물,051-600-4697,부산광역시 중구청,2026-03-25
보수동135,1,부산광역시 중구 책방골목길 5,부산광역시 중구 보수동1가 115-2,35.1039602040,129.0261658694,2022,건축물,051-600-4697,부산광역시 중구청,2026-03-25
보수동136,1,부산광역시 중구 책방골목길 3-1,부산광역시 중구 보수동1가 113,35.1041412089,129.0261791232,2022,건축물,051-600-4697,부산광역시 중구청,2026-03-25
보수동137,1,부산광역시 중구 책방골목길 3-14,부산광역시 중구 보수동1가 108-12,35.1043323372,129.0261150985,2022,건축물,051-600-4697,부산광역시 중구청,2026-03-25
보수동138,1,부산광역시 중구 법수길 4,부산광역시 중구 보수동1가 106-3,35.1042056631,129.0257520616,2022,건축물,051-600-4697,부산광역시 중구청,2026-03-25
보수동139,1,부산광역시 중구 흑교로52번길 6-1,부산광역시 중구 보수동1가 91-1,35.1042050780,129.0254527876,2022,건축물,051-600-4697,부산광역시 중구청,2026-03-25
보수동140,1,부산광역시 중구 대청로53번길 23,부산광역시 중구 보수동1가 91-3,35.1040480382,129.0255046079,2022,건축물,051-600-4697,부산광역시 중구청,2026-03-25
보수동141,1,부산광역시 중구 흑교로 48,부산광역시 중구 보수동1가 95-3,35.1037739468,129.0253562556,2022,건축물,051-600-4697,부산광역시 중구청,2026-03-25
보수동142,1,부산광역시 중구 흑교로 48-1,부산광역시 중구 보수동1가 93-2,35.1039256737,129.0254605673,2022,건축물,051-600-4697,부산광역시 중구청,2026-03-25
보수동143,1,부산광역시 중구 법수길 9-7,부산광역시 중구 보수동1가 65-15,35.1044763153,129.0257179674,2022,건축물,051-600-4697,부산광역시 중구청,2026-03-25
보수동144,1,부산광역시 중구 고가길 5,부산광역시 중구 보수동1가 60-154,35.1046991279,129.0263838530,2022,건축물,051-600-4697,부산광역시 중구청,2026-03-25
보수동145,1,부산광역시 중구 고가길7번길 4,부산광역시 중구 보수동1가 60-152,35.1046595142,129.0265217013,2022,건축물,051-600-4697,부산광역시 중구청,2026-03-25
보수동146,1,부산광역시 중구 법수길24번길 4-7,부산광역시 중구 보수동1가 60-38,35.1049194435,129.0267192749,2022,건축물,051-600-4697,부산광역시 중구청,2026-03-25
보수동147,1,부산광역시 중구 고가길 17-3,부산광역시 중구 보수동1가 116-45,35.1042578614,129.0267856844,2022,건축물,051-600-4697,부산광역시 중구청,2026-03-25
보수동148,1,부산광역시 중구 고가길 15,부산광역시 중구 보수동1가 116-61,35.1043456110,129.0266039590,2022,건축물,051-600-4697,부산광역시 중구청,2026-03-25
보수동149,1,부산광역시 중구 보동길 17-10,부산광역시 중구 보수동1가 60-125,35.1045065222,129.0267302137,2022,건축물,051-600-4697,부산광역시 중구청,2026-03-25
보수동150,1,부산광역시 중구 보동길 7,부산광역시 중구 보수동1가 60-54,35.1043456500,129.0269249325,2022,건축물,051-600-4697,부산광역시 중구청,2026-03-25
보수동151,1,부산광역시 중구 보동길 9,부산광역시 중구 보수동1가 60-13,35.1044641187,129.0268947493,2022,건축물,051-600-4697,부산광역시 중구청,2026-03-25
보수동152,1,부산광역시 중구 보동길 17,부산광역시 중구 보수동1가 60-132,35.1048238068,129.0268552973,2022,건축물,051-600-4697,부산광역시 중구청,2026-03-25
보수동153,1,부산광역시 중구 보동길 3,부산광역시 중구 보수동1가 60-57,35.1042801324,129.0270058832,2022,건축물,051-600-4697,부산광역시 중구청,2026-03-25
보수동154,1,부산광역시 중구 보동길 1,부산광역시 중구 보수동1가 60-61,35.1041622868,129.0271173388,2022,건축물,051-600-4697,부산광역시 중구청,2026-03-25
보수동155,1,부산광역시 중구 고가길 49,부산광역시 중구 보수동1가 146-229,35.1041216750,129.0272770929,2022,건축물,051-600-4697,부산광역시 중구청,2026-03-25
보수동156,1,부산광역시 중구 고가길 43-16,부산광역시 중구 보수동1가 146-134,35.1040572923,129.0271662780,2022,건축물,051-600-4697,부산광역시 중구청,2026-03-25
보수동157,1,부산광역시 중구 고가길 46,부산광역시 중구 보수동1가 146-16,35.1041920885,129.0276845753,2022,건축물,051-600-4697,부산광역시 중구청,2026-03-25
보수동158,2,부산광역시 중구 법수길 18,부산광역시 중구 보수동1가 62-13,35.1047840977,129.0260665178,2022,건축물,051-600-4697,부산광역시 중구청,2026-03-25
보수동159,1,부산광역시 중구 법수길24번길 2,부산광역시 중구 보수동1가 62-2,35.1049214859,129.0263061266,2022,건축물,051-600-4697,부산광역시 중구청,2026-03-25
보수동160,1,부산광역시 중구 법수길 20-5,부산광역시 중구 보수동1가 62-17,35.1047666216,129.0263410022,2022,건축물,051-600-4697,부산광역시 중구청,2026-03-25
보수동161,1,부산광역시 중구 법수길 24,부산광역시 중구 보수동1가 59-34,35.1050384745,129.0262027624,2022,건축물,051-600-4697,부산광역시 중구청,2026-03-25
보수동162,1,부산광역시 중구 법수길24번길 6,부산광역시 중구 보수동1가 60-35,35.1050351312,129.0266236649,2022,건축물,051-600-4697,부산광역시 중구청,2026-03-25
보수동163,1,부산광역시 중구 법수길24번안길 3-5,부산광역시 중구 보수동1가 59-286,35.1052037477,129.0262029064,2022,건축물,051-600-4697,부산광역시 중구청,2026-03-25
보수동164,1,부산광역시 중구 법수길24번안길 5-1,부산광역시 중구 보수동1가 59-138,35.1053385414,129.0263982592,2022,건축물,051-600-4697,부산광역시 중구청,2026-03-25
보수동165,1,부산광역시 중구 법수길24번안길 3-8,부산광역시 중구 보수동1가 59-101,35.1052904292,129.0262844466,2022,건축물,051-600-4697,부산광역시 중구청,2026-03-25
보수동166,1,부산광역시 중구 법수길38번길 6-5,부산광역시 중구 보수동1가 59-132,35.1055331760,129.0262700599,2022,건축물,051-600-4697,부산광역시 중구청,2026-03-25
보수동167,1,부산광역시 중구 보동길 45,부산광역시 중구 보수동1가 59-25,35.1058577412,129.0260729196,2022,건축물,051-600-4697,부산광역시 중구청,2026-03-25
보수동168,1,부산광역시 중구 법수길38번길 6,부산광역시 중구 보수동1가 59-23,35.1056399829,129.0260102856,2022,건축물,051-600-4697,부산광역시 중구청,2026-03-25
보수동169,1,부산광역시 중구 법수길50번길 6-1,부산광역시 중구 보수동1가 59-91,35.1060618165,129.0257249714,2022,건축물,051-600-4697,부산광역시 중구청,2026-03-25
보수동170,1,부산광역시 중구 법수길50번길 6-5,부산광역시 중구 보수동1가 59-148,35.1059206535,129.0258243396,2022,건축물,051-600-4697,부산광역시 중구청,2026-03-25
보수동171,1,부산광역시 중구 법수길38번길 1-6,부산광역시 중구 보수동1가 59-156,35.1058264797,129.0257974443,2022,건축물,051-600-4697,부산광역시 중구청,2026-03-25
보수동172,1,부산광역시 중구 법수길50번길 4-5,부산광역시 중구 보수동1가 59-155,35.1059122365,129.0257402403,2022,건축물,051-600-4697,부산광역시 중구청,2026-03-25
보수동173,1,부산광역시 중구 법수길 32-6,부산광역시 중구 보수동1가 59-40,35.1053510370,129.0261144381,2022,건축물,051-600-4697,부산광역시 중구청,2026-03-25
보수동174,1,부산광역시 중구 법수길 34,부산광역시 중구 보수동1가 59-22,35.1054112748,129.0259719449,2022,건축물,051-600-4697,부산광역시 중구청,2026-03-25
보수동175,1,부산광역시 중구 법수길24번길 5,부산광역시 중구 보수동1가 59-191,35.1051791557,129.0266065056,2022,건축물,051-600-4697,부산광역시 중구청,2026-03-25
보수동176,1,부산광역시 중구 법수길24번안길 10-4,부산광역시 중구 보수동1가 59-189,35.1051701728,129.0265185549,2022,건축물,051-600-4697,부산광역시 중구청,2026-03-25
보수동177,1,부산광역시 중구 법수길24번길 6,부산광역시 중구 보수동1가 60-35,35.1050351312,129.0266236649,2022,건축물,051-600-4697,부산광역시 중구청,2026-03-25
보수동178,1,부산광역시 중구 법수길24번길 4-7,부산광역시 중구 보수동1가 60-38,35.1049194435,129.0267192749,2022,건축물,051-600-4697,부산광역시 중구청,2026-03-25
보수동179,1,,부산광역시 중구 보수동1가 60-316,35.1045584922,129.0269627034,2022,건축물,051-600-4697,부산광역시 중구청,2026-03-25
보수동180,1,부산광역시 중구 법수길24번길 6-1,부산광역시 중구 보수동1가 60-226,35.1051114751,129.0267413566,2022,건축물,051-600-4697,부산광역시 중구청,2026-03-25
보수동181,1,부산광역시 중구 흑교로52번길 6,부산광역시 중구 보수동1가 86-1,35.1042226654,129.0252901598,2022,건축물,051-600-4697,부산광역시 중구청,2026-03-25
보수동182,1,부산광역시 중구 흑교로 56-19,부산광역시 중구 보수동1가 73-2,35.1044315500,129.0251018897,2022,건축물,051-600-4697,부산광역시 중구청,2026-03-25
보수동183,1,,부산광역시 중구 보수동1가 76-3,35.1044540553,129.0250709743,2022,건축물,051-600-4697,부산광역시 중구청,2026-03-25
보수동184,1,부산광역시 중구 흑교로 58-9,부산광역시 중구 보수동1가 77-20,35.1046768688,129.0249389742,2022,건축물,051-600-4697,부산광역시 중구청,2026-03-25
보수동185,1,부산광역시 중구 흑교로 60,부산광역시 중구 보수동1가 77-6,35.1047754767,129.0249000722,2022,건축물,051-600-4697,부산광역시 중구청,2026-03-25
보수동186,1,부산광역시 중구 흑교로60번길 4-3,부산광역시 중구 보수동1가 77-2,35.1048178654,129.0251030048,2022,건축물,051-600-4697,부산광역시 중구청,2026-03-25
보수동187,1,부산광역시 중구 흑교로 64,부산광역시 중구 보수동1가 50-4,35.1053105590,129.0248482824,2022,건축물,051-600-4697,부산광역시 중구청,2026-03-25
보수동188,1,,부산광역시 중구 보수동1가 50-10,35.1056984084,129.0239560708,2022,건축물,051-600-4697,부산광역시 중구청,2026-03-25
보수동189,1,부산광역시 중구 흑교로78번길 5-1,부산광역시 중구 보수동1가 27-18,35.1063382747,129.0239302883,2022,건축물,051-600-4697,부산광역시 중구청,2026-03-25
보수동190,1,부산광역시 중구 흑교로78번길 7,부산광역시 중구 보수동1가 27-16,35.1063871720,129.0240134151,2022,건축물,051-600-4697,부산광역시 중구청,2026-03-25
보수동191,1,부산광역시 중구 보수북길 10-12,부산광역시 중구 보수동1가 27-22,35.1064962966,129.0237602722,2022,건축물,051-600-4697,부산광역시 중구청,2026-03-25
보수동192,1,부산광역시 중구 흑교로78번길 3,부산광역시 중구 보수동1가 26-19,35.1062251118,129.0237453415,2022,건축물,051-600-4697,부산광역시 중구청,2026-03-25
보수동193,1,부산광역시 중구 흑교로 80-13,부산광역시 중구 보수동1가 26-4,35.1064570350,129.0235372355,2022,건축물,051-600-4697,부산광역시 중구청,2026-03-25
보수동194,1,부산광역시 중구 보수북길 5,부산광역시 중구 보수동1가 24-2,35.1066795915,129.0233071837,2022,건축물,051-600-4697,부산광역시 중구청,2026-03-25
보수동195,1,부산광역시 중구 보수북길 6,부산광역시 중구 보수동1가 26-3,35.1065573117,129.0234739176,2022,건축물,051-600-4697,부산광역시 중구청,2026-03-25
보수동196,1,부산광역시 중구 보수북길 9,부산광역시 중구 보수동1가 23-1,35.1067962858,129.0235559323,2022,건축물,051-600-4697,부산광역시 중구청,2026-03-25
보수동197,1,부산광역시 중구 흑교로 74,부산광역시 중구 보수동1가 50-1,35.1060721540,129.0242812037,2022,건축물,051-600-4697,부산광역시 중구청,2026-03-25
보수동198,1,부산광역시 중구 대청로 67-1,부산광역시 중구 보수동1가 136-9,35.1031743965,129.0272856495,2022,건축물,051-600-4697,부산광역시 중구청,2026-03-25
보수동199,1,부산광역시 중구 흑교로 64,부산광역시 중구 보수동1가 50-4,35.1053105590,129.0248482824,2022,건축물,051-600-4697,부산광역시 중구청,2026-03-25
보수동200,1,부산광역시 중구 보수대로140번길 79,부산광역시 중구 보수동1가 51-1,35.1054056354,129.0250800448,2022,건축물,051-600-4697,부산광역시 중구청,2026-03-25
보수동201,1,부산광역시 중구 보수대로 136-9,부산광역시 중구 보수동1가 12-21,35.1077051537,129.0228576957,2022,건축물,051-600-4697,부산광역시 중구청,2026-03-25
보수동202,1,부산광역시 중구 보수대로 142,부산광역시 중구 보수동1가 13-1,35.1080645057,129.0228329117,2022,건축물,051-600-4697,부산광역시 중구청,2026-03-25
보수동204,1,부산광역시 중구 보수대로142번길 10-1,부산광역시 중구 보수동1가 14-5,35.1079135695,129.0230913876,2022,건축물,051-600-4697,부산광역시 중구청,2026-03-25
보수동205,1,부산광역시 중구 보수대로142번길 9,부산광역시 중구 보수동1가 14-31,35.1081089795,129.0230461019,2022,건축물,051-600-4697,부산광역시 중구청,2026-03-25
보수동206,1,부산광역시 중구 보수대로142번길 13-1,부산광역시 중구 보수동1가 14-62,35.1082012006,129.0232061890,2022,건축물,051-600-4697,부산광역시 중구청,2026-03-25
보수동207,1,부산광역시 중구 보수대로142번길 20,부산광역시 중구 보수동1가 14-72,35.1079606833,129.0232381863,2022,건축물,051-600-4697,부산광역시 중구청,2026-03-25
보수동208,1,부산광역시 중구 보수대로144번길 4,부산광역시 중구 보수동1가 2-242,35.1082999875,129.0229891925,2022,건축물,051-600-4697,부산광역시 중구청,2026-03-25
보수동209,1,,부산광역시 중구 보수동1가 2-611,35.1083547221,129.0232713643,2022,건축물,051-600-4697,부산광역시 중구청,2026-03-25
보수동210,1,,부산광역시 중구 보수동1가 2-4,35.1085761097,129.0228253122,2022,건축물,051-600-4697,부산광역시 중구청,2026-03-25
보수동211,1,부산광역시 중구 망양로265번길 3-8,부산광역시 중구 보수동1가 41-266,35.1085546535,129.0260749886,2022,건축물,051-600-4697,부산광역시 중구청,2026-03-25
보수동212,1,부산광역시 중구 망양로265번길 3-16,부산광역시 중구 보수동1가 41-588,35.1087087730,129.0259283441,2022,건축물,051-600-4697,부산광역시 중구청,2026-03-25
보수동213,1,부산광역시 중구 망양로265번길 5-10,부산광역시 중구 보수동1가 41-92,35.1086416773,129.0260929351,2022,건축물,051-600-4697,부산광역시 중구청,2026-03-25
보수동214,1,부산광역시 중구 망양로265번길 7-18,부산광역시 중구 보수동1가 41-103,35.1087857192,129.0260585573,2022,건축물,051-600-4697,부산광역시 중구청,2026-03-25
보수동215,1,부산광역시 중구 망양로259번길 4-3,부산광역시 중구 보수동1가 41-1520,35.1088867724,129.0257763926,2022,건축물,051-600-4697,부산광역시 중구청,2026-03-25
보수동216,1,부산광역시 중구 망양로259번길 4-7,부산광역시 중구 보수동1가 41-277,35.1088533122,129.0260205321,2022,건축물,051-600-4697,부산광역시 중구청,2026-03-25
보수동217,1,부산광역시 중구 망양로259번길 6-14,부산광역시 중구 보수동1가 41-582,35.1088298209,129.0261157979,2022,건축물,051-600-4697,부산광역시 중구청,2026-03-25
보수동218,1,부산광역시 중구 망양로265번길 7-6,부산광역시 중구 보수동1가 41-262,35.1085944423,129.0262769896,2022,건축물,051-600-4697,부산광역시 중구청,2026-03-25
보수동219,1,부산광역시 중구 망양로265번길 8-7,부산광역시 중구 보수동1가 41-629,35.1083144699,129.0264319219,2022,건축물,051-600-4697,부산광역시 중구청,2026-03-25
보수동220,1,부산광역시 중구 망양로265번길 6-11,부산광역시 중구 보수동1가 41-114,35.1081895701,129.0263347369,2022,건축물,051-600-4697,부산광역시 중구청,2026-03-25
보수동221,1,부산광역시 중구 망양로271번길 10,부산광역시 중구 보수동1가 41-437,35.1078101936,129.0264953218,2022,건축물,051-600-4697,부산광역시 중구청,2026-03-25
보수동222,1,부산광역시 중구 망양로271번길 5-10,부산광역시 중구 보수동1가 41-113,35.1081181998,129.0263507353,2022,건축물,051-600-4697,부산광역시 중구청,2026-03-25
보수동223,1,부산광역시 중구 망양로271번길 3-6,부산광역시 중구 보수동1가 41-118,35.1079839895,129.0263091392,2022,건축물,051-600-4697,부산광역시 중구청,2026-03-25
보수동224,1,,부산광역시 중구 보수동1가 41-131,35.1079040822,129.0261835692,2022,건축물,051-600-4697,부산광역시 중구청,2026-03-25
보수동225,1,부산광역시 중구 망양로271번길 1-8,부산광역시 중구 보수동1가 41-125,35.1080352958,129.0262211429,2022,건축물,051-600-4697,부산광역시 중구청,2026-03-25
보수동226,1,부산광역시 중구 망양로265번길 2-11,부산광역시 중구 보수동1가 41-127,35.1081563125,129.0261948590,2022,건축물,051-600-4697,부산광역시 중구청,2026-03-25
보수동227,1,부산광역시 중구 망양로268번길 1-9,부산광역시 중구 보수동1가 41-237,35.1080085353,129.0259459910,2022,건축물,051-600-4697,부산광역시 중구청,2026-03-25
보수동228,1,부산광역시 중구 망양로270번길 4,부산광역시 중구 보수동1가 41-239,35.1078915073,129.0259600916,2022,건축물,051-600-4697,부산광역시 중구청,2026-03-25
보수동229,1,,부산광역시 중구 보수동1가 41-131,35.1079040822,129.0261835692,2022,건축물,051-600-4697,부산광역시 중구청,2026-03-25
보수동230,1,부산광역시 중구 보동길84번길 9-4,부산광역시 중구 보수동1가 41-146,35.1077112659,129.0260251562,2022,건축물,051-600-4697,부산광역시 중구청,2026-03-25
보수동231,1,부산광역시 중구 망양로275번길 3,부산광역시 중구 보수동1가 41-664,35.1076001184,129.0262480921,2022,건축물,051-600-4697,부산광역시 중구청,2026-03-25
보수동232,1,부산광역시 중구 망양로275번길 3-8,부산광역시 중구 보수동1가 41-662,35.1076892290,129.0263083106,2022,건축물,051-600-4697,부산광역시 중구청,2026-03-25
보수동233,1,부산광역시 중구 망양로271번길 4-3,부산광역시 중구 보수동1가 41-271,35.1077894634,129.0263661728,2022,건축물,051-600-4697,부산광역시 중구청,2026-03-25
보수동234,1,,부산광역시 중구 보수동1가 41-220,35.1075797798,129.0264053260,2022,건축물,051-600-4697,부산광역시 중구청,2026-03-25
보수동235,1,부산광역시 중구 망양로277번길 6,부산광역시 중구 보수동1가 41-412,35.1072515178,129.0264382799,2022,건축물,051-600-4697,부산광역시 중구청,2026-03-25
보수동236,1,부산광역시 중구 망양로 277,부산광역시 중구 보수동1가 41-75,35.1072040679,129.0262956395,2022,건축물,051-600-4697,부산광역시 중구청,2026-03-25
보수동237,1,부산광역시 중구 망양로 277,부산광역시 중구 보수동1가 41-75,35.1072040679,129.0262956395,2022,건축물,051-600-4697,부산광역시 중구청,2026-03-25
보수동238,1,부산광역시 중구 망양로 279-8,부산광역시 중구 보수동1가 41-422,35.1071143395,129.0263801612,2022,건축물,051-600-4697,부산광역시 중구청,2026-03-25
보수동239,1,부산광역시 중구 망양로 279-12,부산광역시 중구 보수동1가 41-420,35.1071305858,129.0265079918,2022,건축물,051-600-4697,부산광역시 중구청,2026-03-25
보수동240,1,부산광역시 중구 망양로 277,부산광역시 중구 보수동1가 41-75,35.1072040679,129.0262956395,2022,건축물,051-600-4697,부산광역시 중구청,2026-03-25
보수동241,1,부산광역시 중구 망양로 281-5,부산광역시 중구 보수동1가 41-428,35.1069908379,129.0264580342,2022,건축물,051-600-4697,부산광역시 중구청,2026-03-25
보수동242,1,부산광역시 중구 망양로281번길 3-2,부산광역시 중구 보수동1가 41-1504,35.1070775484,129.0265755468,2022,건축물,051-600-4697,부산광역시 중구청,2026-03-25
보수동243,1,부산광역시 중구 망양로281번길 3,부산광역시 중구 보수동1가 41-425,35.1070663872,129.0264508030,2022,건축물,051-600-4697,부산광역시 중구청,2026-03-25
보수동244,1,부산광역시 중구 망양로 283-3,부산광역시 중구 보수동1가 41-889,35.1068297399,129.0263483303,2022,건축물,051-600-4697,부산광역시 중구청,2026-03-25
보수동245,1,부산광역시 중구 망양로286번길 2-4,부산광역시 중구 보수동1가 41-1346,35.1066497404,129.0261456039,2022,건축물,051-600-4697,부산광역시 중구청,2026-03-25
보수동246,1,부산광역시 중구 망양로286번길 2-6,부산광역시 중구 보수동1가 41-1344,35.1066368365,129.0260657793,2022,건축물,051-600-4697,부산광역시 중구청,2026-03-25
보수동247,1,부산광역시 중구 보동길 64-5,부산광역시 중구 보수동1가 41-469,35.1067545753,129.0260738483,2022,건축물,051-600-4697,부산광역시 중구청,2026-03-25
보수동248,1,부산광역시 중구 보동길 64-7,부산광역시 중구 보수동1가 41-1345,35.1067549887,129.0261407527,2022,건축물,051-600-4697,부산광역시 중구청,2026-03-25
보수동249,1,부산광역시 중구 보동길 70-14,부산광역시 중구 보수동1가 41-462,35.1068766371,129.0261359784,2022,건축물,051-600-4697,부산광역시 중구청,2026-03-25
보수동250,1,부산광역시 중구 보동길 68-9,부산광역시 중구 보수동1가 41-464,35.1068704113,129.0260448043,2022,건축물,051-600-4697,부산광역시 중구청,2026-03-25
보수동251,1,부산광역시 중구 보동길 72-16,부산광역시 중구 보수동1가 41-458,35.1069636687,129.0261265090,2022,건축물,051-600-4697,부산광역시 중구청,2026-03-25
보수동252,1,부산광역시 중구 보동길 70-11,부산광역시 중구 보수동1가 41-460,35.1069343329,129.0260377235,2022,건축물,051-600-4697,부산광역시 중구청,2026-03-25
보수동253,1,부산광역시 중구 보동길 70-7,부산광역시 중구 보수동1가 41-373,35.1069280192,129.0259194605,2022,건축물,051-600-4697,부산광역시 중구청,2026-03-25
보수동254,1,부산광역시 중구 보동길 74,부산광역시 중구 보수동1가 41-380,35.1070522795,129.0257692280,2022,건축물,051-600-4697,부산광역시 중구청,2026-03-25
보수동255,1,부산광역시 중구 보동길 72-15,부산광역시 중구 보수동1가 41-457,35.1070534952,129.0261277460,2022,건축물,051-600-4697,부산광역시 중구청,2026-03-25
보수동256,1,부산광역시 중구 망양로278번길 1,부산광역시 중구 보수동1가 41-449,35.1071936626,129.0261095030,2022,건축물,051-600-4697,부산광역시 중구청,2026-03-25
보수동257,1,부산광역시 중구 보동길 74-10,부산광역시 중구 보수동1가 41-454,35.1070870212,129.0259443423,2022,건축물,051-600-4697,부산광역시 중구청,2026-03-25
보수동258,1,부산광역시 중구 보동길 74-6,부산광역시 중구 보수동1가 41-382,35.1070811712,129.0258360699,2022,건축물,051-600-4697,부산광역시 중구청,2026-03-25
보수동259,1,부산광역시 중구 망양로278번길 8,부산광역시 중구 보수동1가 41-194,35.1072581279,129.0258488945,2022,건축물,051-600-4697,부산광역시 중구청,2026-03-25
보수동260,1,부산광역시 중구 망양로278번길 4,부산광역시 중구 보수동1가 41-184,35.1072752029,129.0259918793,2022,건축물,051-600-4697,부산광역시 중구청,2026-03-25
보수동261,1,부산광역시 중구 망양로278번길 4-8,부산광역시 중구 보수동1가 41-253,35.1074035613,129.0260223633,2022,건축물,051-600-4697,부산광역시 중구청,2026-03-25
보수동262,1,부산광역시 중구 망양로278번길 4-4,부산광역시 중구 보수동1가 41-183,35.1072941606,129.0260707579,2022,건축물,051-600-4697,부산광역시 중구청,2026-03-25
보수동263,1,,부산광역시 중구 보수동1가 41-175,35.1073495997,129.0260802263,2022,건축물,051-600-4697,부산광역시 중구청,2026-03-25
보수동264,1,부산광역시 중구 망양로278번길 4-6,부산광역시 중구 보수동1가 41-182,35.1073495970,129.0260429599,2022,건축물,051-600-4697,부산광역시 중구청,2026-03-25
보수동265,1,부산광역시 중구 망양로278번길 6-12,부산광역시 중구 보수동1가 41-187,35.1074500311,129.0259433498,2022,건축물,051-600-4697,부산광역시 중구청,2026-03-25
보수동266,1,부산광역시 중구 망양로278번길 8-4,부산광역시 중구 보수동1가 41-192,35.1073246909,129.0259048256,2022,건축물,051-600-4697,부산광역시 중구청,2026-03-25
보수동267,1,부산광역시 중구 망양로278번길 8-10,부산광역시 중구 보수동1가 41-190,35.1074417770,129.0258764702,2022,건축물,051-600-4697,부산광역시 중구청,2026-03-25
보수동268,1,부산광역시 중구 보동길84번길 4-1,부산광역시 중구 보수동1가 41-255,35.1075282233,129.0258534973,2022,건축물,051-600-4697,부산광역시 중구청,2026-03-25
보수동269,1,부산광역시 중구 보동길84번길 6-1,부산광역시 중구 보수동1가 41-189,35.1075707238,129.0259094908,2022,건축물,051-600-4697,부산광역시 중구청,2026-03-25
보수동270,1,부산광역시 중구 보동길84번길 10,부산광역시 중구 보수동1가 41-178,35.1075914783,129.0260372144,2022,건축물,051-600-4697,부산광역시 중구청,2026-03-25
보수동271,1,부산광역시 중구 망양로270번길 3,부산광역시 중구 보수동1가 41-147,35.1078194170,129.0259868195,2022,건축물,051-600-4697,부산광역시 중구청,2026-03-25
보수동272,1,부산광역시 중구 망양로270번길 3-3,부산광역시 중구 보수동1가 41-274,35.1077664232,129.0260032730,2022,건축물,051-600-4697,부산광역시 중구청,2026-03-25
보수동273,1,부산광역시 중구 보동길84번길 7-4,부산광역시 중구 보수동1가 41-252,35.1077019156,129.0259483794,2022,건축물,051-600-4697,부산광역시 중구청,2026-03-25
보수동274,1,부산광역시 중구 망양로270번길 5-1,부산광역시 중구 보수동1가 41-148,35.1078110652,129.0259150022,2022,건축물,051-600-4697,부산광역시 중구청,2026-03-25
보수동275,1,부산광역시 중구 망양로270번길 8-8,부산광역시 중구 보수동1가 41-246,35.1079855676,129.0257889317,2022,건축물,051-600-4697,부산광역시 중구청,2026-03-25
보수동276,1,부산광역시 중구 망양로268번길 5-1,부산광역시 중구 보수동1가 41-242,35.1079961419,129.0258571852,2022,건축물,051-600-4697,부산광역시 중구청,2026-03-25
보수동277,1,부산광역시 중구 망양로268번길 1-7,부산광역시 중구 보수동1가 41-236,35.1080670738,129.0259320872,2022,건축물,051-600-4697,부산광역시 중구청,2026-03-25
보수동278,1,부산광역시 중구 망양로 268,부산광역시 중구 보수동1가 41-250,35.1081909984,129.0258989660,2022,건축물,051-600-4697,부산광역시 중구청,2026-03-25
보수동279,1,부산광역시 중구 망양로268번길 3,부산광역시 중구 보수동1가 41-1198,35.1081650581,129.0258119083,2022,건축물,051-600-4697,부산광역시 중구청,2026-03-25
보수동280,1,부산광역시 중구 망양로268번길 2-4,부산광역시 중구 보수동1가 33-181,35.1083673392,129.0255712672,2022,건축물,051-600-4697,부산광역시 중구청,2026-03-25
보수동281,1,부산광역시 중구 망양로268번길 5,부산광역시 중구 보수동1가 41-243,35.1080513547,129.0258427604,2022,건축물,051-600-4697,부산광역시 중구청,2026-03-25
보수동282,1,부산광역시 중구 망양로270번길 8-10,부산광역시 중구 보수동1가 41-245,35.1080406720,129.0257756008,2022,건축물,051-600-4697,부산광역시 중구청,2026-03-25
보수동283,1,부산광역시 중구 망양로270번길 6-1,부산광역시 중구 보수동1가 41-248,35.1078695460,129.0258183007,2022,건축물,051-600-4697,부산광역시 중구청,2026-03-25
보수동284,1,부산광역시 중구 망양로270번길 7,부산광역시 중구 보수동1가 41-249,35.1077616422,129.0257717640,2022,건축물,051-600-4697,부산광역시 중구청,2026-03-25
보수동285,1,부산광역시 중구 보동길84번길 5-5,부산광역시 중구 보수동1가 41-156,35.1076579448,129.0257970516,2022,건축물,051-600-4697,부산광역시 중구청,2026-03-25
보수동286,1,부산광역시 중구 보동길84번길 1,부산광역시 중구 보수동1가 41-159,35.1076465394,129.0256922598,2022,건축물,051-600-4697,부산광역시 중구청,2026-03-25
보수동287,1,부산광역시 중구 망양로270번길 8,부산광역시 중구 보수동1가 41-154,35.1078840901,129.0257299426,2022,건축물,051-600-4697,부산광역시 중구청,2026-03-25
보수동288,1,부산광역시 중구 망양로268번길 4,부산광역시 중구 보수동1가 41-445,35.1081081787,129.0257050032,2022,건축물,051-600-4697,부산광역시 중구청,2026-03-25
보수동289,1,부산광역시 중구 흑교로78번안길 45,부산광역시 중구 보수동1가 41-448,35.1080553993,129.0255415033,2022,건축물,051-600-4697,부산광역시 중구청,2026-03-25
보수동290,1,부산광역시 중구 흑교로78번안길 43-4,부산광역시 중구 보수동1가 33-175,35.1081608528,129.0254920229,2022,건축물,051-600-4697,부산광역시 중구청,2026-03-25
보수동291,1,부산광역시 중구 흑교로78번안길 43-6,부산광역시 중구 보수동1가 33-198,35.1082991046,129.0254751570,2022,건축물,051-600-4697,부산광역시 중구청,2026-03-25
보수동293,1,부산광역시 중구 망양로 252,부산광역시 중구 보수동1가 2-446,35.1085056248,129.0247812651,2022,건축물,051-600-4697,부산광역시 중구청,2026-03-25
보수동294,1,부산광역시 중구 망양로 252-1,부산광역시 중구 보수동1가 33-169,35.1085744388,129.0249344151,2022,건축물,051-600-4697,부산광역시 중구청,2026-03-25
보수동295,1,부산광역시 중구 보수북길59번길 4,부산광역시 중구 보수동1가 33-145,35.1083408722,129.0249980531,2022,건축물,051-600-4697,부산광역시 중구청,2026-03-25
보수동296,1,부산광역시 중구 보수대로144번길 22-1,부산광역시 중구 보수동1가 33-143,35.1084516461,129.0249537481,2022,건축물,051-600-4697,부산광역시 중구청,2026-03-25
보수동297,1,부산광역시 중구 보수북길59번길 10,부산광역시 중구 보수동1가 32-7,35.1082864826,129.0247636700,2022,건축물,051-600-4697,부산광역시 중구청,2026-03-25
보수동298,1,부산광역시 중구 보수북길59번길 11,부산광역시 중구 보수동1가 2-329,35.1082563239,129.0245838417,2022,건축물,051-600-4697,부산광역시 중구청,2026-03-25
보수동299,1,부산광역시 중구 보수북길59번길 12-3,부산광역시 중구 보수동1가 32-5,35.1083645795,129.0247226138,2022,건축물,051-600-4697,부산광역시 중구청,2026-03-25
보수동300,1,부산광역시 중구 보수대로144번길 20-4,부산광역시 중구 보수동1가 2-437,35.1083699781,129.0245073660,2022,건축물,051-600-4697,부산광역시 중구청,2026-03-25
보수동301,1,부산광역시 중구 망양로 248,부산광역시 중구 보수동1가 2-448,35.1084928793,129.0243466770,2022,건축물,051-600-4697,부산광역시 중구청,2026-03-25
보수동302,1,부산광역시 중구 보수대로144번길 15,부산광역시 중구 보수동1가 2-670,35.1084556012,129.0242962960,2022,건축물,051-600-4697,부산광역시 중구청,2026-03-25
보수동303,1,부산광역시 중구 보수대로144번길 16-1,부산광역시 중구 보수동1가 2-510,35.1083815007,129.0242761489,2022,건축물,051-600-4697,부산광역시 중구청,2026-03-25
보수동304,1,부산광역시 중구 망양로 246,부산광역시 중구 보수동1가 2-509,35.1086314134,129.0241510621,2022,건축물,051-600-4697,부산광역시 중구청,2026-03-25
보수동305,1,부산광역시 중구 보수대로144번길 13,부산광역시 중구 보수동1가 2-449,35.1085126498,129.0241611745,2022,건축물,051-600-4697,부산광역시 중구청,2026-03-25
보수동306,1,,부산광역시 중구 보수동1가 2-16,35.1085200136,129.0239938128,2022,건축물,051-600-4697,부산광역시 중구청,2026-03-25
보수동307,1,부산광역시 중구 보수대로144번길 12-1,부산광역시 중구 보수동1가 2-269,35.1082443577,129.0239406923,2022,건축물,051-600-4697,부산광역시 중구청,2026-03-25
보수동308,1,부산광역시 중구 보수대로144번길 14,부산광역시 중구 보수동1가 2-497,35.1082704836,129.0240598858,2022,건축물,051-600-4697,부산광역시 중구청,2026-03-25
보수동309,1,부산광역시 중구 보동길 120-18,부산광역시 중구 보수동1가 2-501,35.1080402166,129.0240878573,2022,건축물,051-600-4697,부산광역시 중구청,2026-03-25
보수동310,1,부산광역시 중구 보수대로144번길 12-8,부산광역시 중구 보수동1가 2-461,35.1081012108,129.0238837454,2022,건축물,051-600-4697,부산광역시 중구청,2026-03-25
보수동311,1,,부산광역시 중구 보수동1가 2-29,35.1080036326,129.0239130232,2022,건축물,051-600-4697,부산광역시 중구청,2026-03-25
보수동312,1,,부산광역시 중구 보수동1가 2-678,35.1083622000,129.0238285494,2022,건축물,051-600-4697,부산광역시 중구청,2026-03-25
보수동313,1,,부산광역시 중구 보수동1가 2-85,35.1084930621,129.0238451788,2022,건축물,051-600-4697,부산광역시 중구청,2026-03-25
보수동314,1,,부산광역시 중구 보수동1가 2-91,35.1084853198,129.0237827979,2022,건축물,051-600-4697,부산광역시 중구청,2026-03-25
보수동315,1,부산광역시 중구 보동길 148-5,부산광역시 중구 보수동1가 2-81,35.1087044496,129.0239273972,2022,건축물,051-600-4697,부산광역시 중구청,2026-03-25
보수동316,1,부산광역시 중구 망양로 244,부산광역시 중구 보수동1가 2-431,35.1087827300,129.0241289240,2022,건축물,051-600-4697,부산광역시 중구청,2026-03-25
보수동317,1,부산광역시 중구 보동길 130-1,부산광역시 중구 보수동1가 2-281,35.1080389384,129.0237597103,2022,건축물,051-600-4697,부산광역시 중구청,2026-03-25
보수동318,1,부산광역시 중구 보동길 130-5,부산광역시 중구 보수동1가 2-284,35.1079041311,129.0238725107,2022,건축물,051-600-4697,부산광역시 중구청,2026-03-25
보수동319,1,부산광역시 중구 보동길 130-9,부산광역시 중구 보수동1가 2-290,35.1077797970,129.0240380987,2022,건축물,051-600-4697,부산광역시 중구청,2026-03-25
보수동320,1,부산광역시 중구 보동길112번길 1-1,부산광역시 중구 보수동1가 2-493,35.1079227724,129.0243103120,2022,건축물,051-600-4697,부산광역시 중구청,2026-03-25
보수동321,1,부산광역시 중구 보동길112번길 7,부산광역시 중구 보수동1가 2-480,35.1080511409,129.0245452081,2022,건축물,051-600-4697,부산광역시 중구청,2026-03-25
보수동322,1,부산광역시 중구 보동길112번길 9,부산광역시 중구 보수동1가 2-22,35.1081178805,129.0245366604,2022,건축물,051-600-4697,부산광역시 중구청,2026-03-25
보수동323,1,부산광역시 중구 보동길112번길 12,부산광역시 중구 보수동1가 2-20,35.1081614971,129.0247308585,2022,건축물,051-600-4697,부산광역시 중구청,2026-03-25
보수동324,1,부산광역시 중구 보수북길 53-4,부산광역시 중구 보수동1가 33-129,35.1081365511,129.0250426750,2022,건축물,051-600-4697,부산광역시 중구청,2026-03-25
보수동325,1,부산광역시 중구 보동길 102,부산광역시 중구 보수동1가 33-73,35.1079915132,129.0248670228,2022,건축물,051-600-4697,부산광역시 중구청,2026-03-25
보수동326,1,부산광역시 중구 보동길 98,부산광역시 중구 보수동1가 33-184,35.1080220494,129.0252183748,2022,건축물,051-600-4697,부산광역시 중구청,2026-03-25
보수동327,1,부산광역시 중구 보수대로144번길 3,부산광역시 중구 보수동1가 2-382,35.1084074157,129.0229563169,2022,건축물,051-600-4697,부산광역시 중구청,2026-03-25
보수동328,1,부산광역시 중구 보수대로146번길 4,부산광역시 중구 보수동1가 2-240,35.1085632006,129.0230929724,2022,건축물,051-600-4697,부산광역시 중구청,2026-03-25
보수동329,1,부산광역시 중구 보수대로144번길 5-4,부산광역시 중구 보수동1가 2-2,35.1085622875,129.0232232318,2022,건축물,051-600-4697,부산광역시 중구청,2026-03-25
보수동330,1,부산광역시 중구 보수대로144번길 7-1,부산광역시 중구 보수동1가 2-355,35.1084447835,129.0232118824,2022,건축물,051-600-4697,부산광역시 중구청,2026-03-25
보수동331,1,부산광역시 중구 보수대로146번길 7-1,부산광역시 중구 보수동1가 2-489,35.1087885554,129.0233376141,2022,건축물,051-600-4697,부산광역시 중구청,2026-03-25
보수동332,1,부산광역시 중구 보수대로146번길 7-7,부산광역시 중구 보수동1가 2-246,35.1088429878,129.0232889526,2022,건축물,051-600-4697,부산광역시 중구청,2026-03-25
보수동333,1,부산광역시 중구 보수대로146번길 7-13,부산광역시 중구 보수동1가 2-368,35.1088554575,129.0231412127,2022,건축물,051-600-4697,부산광역시 중구청,2026-03-25
보수동334,1,부산광역시 중구 보수대로146번길 9,부산광역시 중구 보수동1가 2-336,35.1088124202,129.0235274864,2022,건축물,051-600-4697,부산광역시 중구청,2026-03-25
보수동335,1,부산광역시 중구 보수대로146번길 9-1,부산광역시 중구 보수동1가 2-337,35.1087731724,129.0235734526,2022,건축물,051-600-4697,부산광역시 중구청,2026-03-25
보수동336,1,부산광역시 중구 보수대로144번길 7,부산광역시 중구 보수동1가 2-352,35.1084217753,129.0233485041,2022,건축물,051-600-4697,부산광역시 중구청,2026-03-25
보수동337,1,부산광역시 중구 보수대로144번길 7-4,부산광역시 중구 보수동1가 2-347,35.1084987960,129.0233772764,2022,건축물,051-600-4697,부산광역시 중구청,2026-03-25
보수동338,1,부산광역시 중구 보수대로144번길 6,부산광역시 중구 보수동1가 14-49,35.1082984196,129.0231370913,2022,건축물,051-600-4697,부산광역시 중구청,2026-03-25
보수동339,1,부산광역시 중구 보수대로144번길 5-1,부산광역시 중구 보수동1가 2-383,35.1084136015,129.0230716178,2022,건축물,051-600-4697,부산광역시 중구청,2026-03-25
보수동340,1,부산광역시 중구 보수대로144번길 8-9,부산광역시 중구 보수동1가 2-207,35.1082112775,129.0235417921,2022,건축물,051-600-4697,부산광역시 중구청,2026-03-25
보수동341,1,부산광역시 중구 보동길 119-7,부산광역시 중구 보수동1가 2-173,35.1075081640,129.0237100662,2022,건축물,051-600-4697,부산광역시 중구청,2026-03-25
보수동342,1,부산광역시 중구 보수북길27번길 4-8,부산광역시 중구 보수동1가 2-174,35.1074787721,129.0238403872,2022,건축물,051-600-4697,부산광역시 중구청,2026-03-25
보수동343,1,부산광역시 중구 보수북길27번길 4-4,부산광역시 중구 보수동1가 30-32,35.1074432436,129.0240251688,2022,건축물,051-600-4697,부산광역시 중구청,2026-03-25
보수동344,1,부산광역시 중구 보수북길27번길 4-1,부산광역시 중구 보수동1가 30-36,35.1073234177,129.0240934862,2022,건축물,051-600-4697,부산광역시 중구청,2026-03-25
보수동345,1,부산광역시 중구 보수북길27번길 3-8,부산광역시 중구 보수동1가 30-9,35.1073406337,129.0237695280,2022,건축물,051-600-4697,부산광역시 중구청,2026-03-25
보수동346,1,,부산광역시 중구 보수동1가 30-25,35.1073702759,129.0236834851,2022,건축물,051-600-4697,부산광역시 중구청,2026-03-25
보수동347,1,부산광역시 중구 보동길 119-4,부산광역시 중구 보수동1가 2-157,35.1076155745,129.0238671288,2022,건축물,051-600-4697,부산광역시 중구청,2026-03-25
보수동348,1,부산광역시 중구 보수북길31번길 6,부산광역시 중구 보수동1가 2-191,35.1074975325,129.0243250155,2022,건축물,051-600-4697,부산광역시 중구청,2026-03-25
보수동349,1,부산광역시 중구 보수북길27번길 1,부산광역시 중구 보수동1가 30-12,35.1072199619,129.0241528870,2022,건축물,051-600-4697,부산광역시 중구청,2026-03-25
보수동350,1,부산광역시 중구 보수대로140번길 23-16,부산광역시 중구 보수동1가 16-13,35.1073670441,129.0233914039,2022,건축물,051-600-4697,부산광역시 중구청,2026-03-25
보수동351,1,부산광역시 중구 보수대로140번안길 4-22,부산광역시 중구 보수동1가 16-103,35.1074233131,129.0235187985,2022,건축물,051-600-4697,부산광역시 중구청,2026-03-25
보수동352,1,부산광역시 중구 보수대로140번안길 1,부산광역시 중구 보수동1가 15-2,35.1075913461,129.0231269580,2022,건축물,051-600-4697,부산광역시 중구청,2026-03-25
보수동353,1,부산광역시 중구 보수대로140번길 9-8,부산광역시 중구 보수동1가 14-112,35.1079135695,129.0230913876,2022,건축물,051-600-4697,부산광역시 중구청,2026-03-25
보수동354,1,부산광역시 중구 보동길 96,부산광역시 중구 보수동1가 33-278,35.1079894807,129.0252798580,2022,건축물,051-600-4697,부산광역시 중구청,2026-03-25
보수동355,1,부산광역시 중구 법수길63번길 6,부산광역시 중구 보수동1가 40-18,35.1065850379,129.0247705920,2022,건축물,051-600-4697,부산광역시 중구청,2026-03-25
보수동356,1,부산광역시 중구 법수길63번길 8-6,부산광역시 중구 보수동1가 40-27,35.1067650463,129.0246061654,2022,건축물,051-600-4697,부산광역시 중구청,2026-03-25
보수동357,1,부산광역시 중구 법수길63번길 8-8,부산광역시 중구 보수동1가 40-21,35.1068319718,129.0245433395,2022,건축물,051-600-4697,부산광역시 중구청,2026-03-25
보수동358,1,부산광역시 중구 흑교로78번길 16,부산광역시 중구 보수동1가 40-63,35.1061268778,129.0249864755,2022,건축물,051-600-4697,부산광역시 중구청,2026-03-25
보수동359,1,부산광역시 중구 보수대로140번길 61,부산광역시 중구 보수동1가 48-2,35.1061815161,129.0246936050,2022,건축물,051-600-4697,부산광역시 중구청,2026-03-25
보수동360,1,부산광역시 중구 법수길 72,부산광역시 중구 보수동1가 41-1,35.1067818767,129.0250820785,2022,건축물,051-600-4697,부산광역시 중구청,2026-03-25
보수동361,1,부산광역시 중구 망양로307번길 3-2,부산광역시 중구 보수동1가 59-315,35.1057960801,129.0278736742,2022,건축물,051-600-4697,부산광역시 중구청,2026-03-25
보수동362,1,,부산광역시 중구 보수동1가 59-489,35.1058314456,129.0279768384,2022,건축물,051-600-4697,부산광역시 중구청,2026-03-25
보수동363,1,부산광역시 중구 망양로193번길 146,부산광역시 중구 보수동1가 산 3-41,35.1100240694,129.0270688728,2022,건축물,051-600-4697,부산광역시 중구청,2026-03-25
보수동364,1,부산광역시 중구 망양로301번길 9-2,부산광역시 중구 보수동1가 59-311,35.1061579495,129.0276176984,2022,건축물,051-600-4697,부산광역시 중구청,2026-03-25
보수동365,1,부산광역시 중구 망양로301번길 7-2,부산광역시 중구 보수동1가 59-312,35.1061172346,129.0275573628,2022,건축물,051-600-4697,부산광역시 중구청,2026-03-25
보수동366,1,부산광역시 중구 망양로301번길 9-6,부산광역시 중구 보수동1가 59-311,35.1061579495,129.0276176984,2022,건축물,051-600-4697,부산광역시 중구청,2026-03-25
보수동367,1,부산광역시 중구 망양로301번길 5-2,부산광역시 중구 보수동1가 59-313,35.1059706152,129.0276434333,2022,건축물,051-600-4697,부산광역시 중구청,2026-03-25
보수동368,1,부산광역시 중구 망양로 297-4,부산광역시 중구 보수동1가 59-438,35.1059420114,129.0273978508,2022,건축물,051-600-4697,부산광역시 중구청,2026-03-25
보수동369,1,부산광역시 중구 망양로301번길 3-6,부산광역시 중구 보수동1가 59-435,35.1060244512,129.0274420031,2022,건축물,051-600-4697,부산광역시 중구청,2026-03-25
보수동370,1,부산광역시 중구 망양로 297-1,부산광역시 중구 보수동1가 41-506,35.1059680673,129.0272840098,2022,건축물,051-600-4697,부산광역시 중구청,2026-03-25
보수동371,1,부산광역시 중구 망양로301번길 5,부산광역시 중구 보수동1가 59-440,35.1059211815,129.0275979053,2022,건축물,051-600-4697,부산광역시 중구청,2026-03-25
보수동372,1,부산광역시 중구 망양로301번길 6-1,부산광역시 중구 보수동1가 59-314,35.1059294489,129.0276962570,2022,건축물,051-600-4697,부산광역시 중구청,2026-03-25
보수동373,1,부산광역시 중구 망양로295번길 1-8,부산광역시 중구 보수동1가 41-500,35.1061043381,129.0270246364,2022,건축물,051-600-4697,부산광역시 중구청,2026-03-25
보수동374,1,부산광역시 중구 망양로295번길 3-8,부산광역시 중구 보수동1가 41-498,35.1061625627,129.0270187312,2022,건축물,051-600-4697,부산광역시 중구청,2026-03-25
보수동375,1,부산광역시 중구 망양로295번길 5,부산광역시 중구 보수동1가 41-490,35.1061288704,129.0272173711,2022,건축물,051-600-4697,부산광역시 중구청,2026-03-25
보수동376,1,부산광역시 중구 망양로291번길 4-7,부산광역시 중구 보수동1가 41-495,35.1062344813,129.0268891378,2022,건축물,051-600-4697,부산광역시 중구청,2026-03-25
보수동377,1,부산광역시 중구 망양로291번길 5,부산광역시 중구 보수동1가 41-409,35.1063690488,129.0267046197,2022,건축물,051-600-4697,부산광역시 중구청,2026-03-25
보수동378,1,부산광역시 중구 망양로 289-12,부산광역시 중구 보수동1가 41-447,35.1064287365,129.0267351583,2022,건축물,051-600-4697,부산광역시 중구청,2026-03-25
보수동379,1,부산광역시 중구 망양로 289-8,부산광역시 중구 보수동1가 41-406,35.1064115345,129.0266483187,2022,건축물,051-600-4697,부산광역시 중구청,2026-03-25
보수동380,1,부산광역시 중구 망양로 294,부산광역시 중구 보수동1가 41-482,35.1059921671,129.0267968328,2022,건축물,051-600-4697,부산광역시 중구청,2026-03-25
보수동381,1,부산광역시 중구 망양로 285-1,부산광역시 중구 보수동1가 41-911,35.1066753437,129.0263713746,2022,건축물,051-600-4697,부산광역시 중구청,2026-03-25
보수동382,1,부산광역시 중구 망양로 287-4,부산광역시 중구 보수동1가 41-402,35.1064869336,129.0265369050,2022,건축물,051-600-4697,부산광역시 중구청,2026-03-25
보수동383,1,부산광역시 중구 망양로 285-5,부산광역시 중구 보수동1가 41-318,35.1066924548,129.0265121661,2022,건축물,051-600-4697,부산광역시 중구청,2026-03-25
보수동384,1,부산광역시 중구 망양로 289-13,부산광역시 중구 보수동1가 41-446,35.1065692349,129.0266378583,2022,건축물,051-600-4697,부산광역시 중구청,2026-03-25
보수동385,1,부산광역시 중구 망양로 283-13,부산광역시 중구 보수동1가 41-904,35.1068433391,129.0265913503,2022,건축물,051-600-4697,부산광역시 중구청,2026-03-25
보수동386,1,부산광역시 중구 망양로286번길 2,부산광역시 중구 보수동1가 41-477,35.1065411875,129.0261648488,2022,건축물,051-600-4697,부산광역시 중구청,2026-03-25
보수동387,1,부산광역시 중구 망양로286번길 1,부산광역시 중구 보수동1가 41-522,35.1064676224,129.0261827666,2022,건축물,051-600-4697,부산광역시 중구청,2026-03-25
보수동388,1,부산광역시 중구 망양로288번길 6,부산광역시 중구 보수동1가 41-525,35.1064024120,129.0262238106,2022,건축물,051-600-4697,부산광역시 중구청,2026-03-25
보수동389,1,부산광역시 중구 망양로288번길 5-2,부산광역시 중구 보수동1가 41-530,35.1062850031,129.0261960104,2022,건축물,051-600-4697,부산광역시 중구청,2026-03-25
보수동390,1,부산광역시 중구 보동길44번길 7-7,부산광역시 중구 보수동1가 41-535,35.1061284240,129.0263496078,2022,건축물,051-600-4697,부산광역시 중구청,2026-03-25
보수동391,1,부산광역시 중구 보동길44번길 7-8,부산광역시 중구 보수동1가 41-542,35.1061445717,129.0264510060,2022,건축물,051-600-4697,부산광역시 중구청,2026-03-25
보수동392,1,부산광역시 중구 보동길44번길 6,부산광역시 중구 보수동1가 41-561,35.1059583968,129.0264990335,2022,건축물,051-600-4697,부산광역시 중구청,2026-03-25
보수동393,1,부산광역시 중구 보동길44번길 8-1,부산광역시 중구 보수동1가 41-551,35.1060051932,129.0265891277,2022,건축물,051-600-4697,부산광역시 중구청,2026-03-25
보수동394,1,,부산광역시 중구 보수동1가 41-330,35.1060344300,129.0268460669,2022,건축물,051-600-4697,부산광역시 중구청,2026-03-25
보수동395,1,부산광역시 중구 보동길44번길 7-10,부산광역시 중구 보수동1가 41-541,35.1061920665,129.0264238893,2022,건축물,051-600-4697,부산광역시 중구청,2026-03-25
보수동396,1,부산광역시 중구 보동길44번길 8-13,부산광역시 중구 보수동1가 41-556,35.1058100035,129.0267666607,2022,건축물,051-600-4697,부산광역시 중구청,2026-03-25
보수동397,1,부산광역시 중구 보동길44번길 7-5,부산광역시 중구 보수동1가 41-537,35.1060732996,129.0264072408,2022,건축물,051-600-4697,부산광역시 중구청,2026-03-25
보수동398,1,부산광역시 중구 보동길44번길 5,부산광역시 중구 보수동1가 41-538,35.1060122965,129.0264338036,2022,건축물,051-600-4697,부산광역시 중구청,2026-03-25
보수동399,1,부산광역시 중구 보동길 52-9,부산광역시 중구 보수동1가 59-348,35.1060633112,129.0262123443,2022,건축물,051-600-4697,부산광역시 중구청,2026-03-25
보수동400,1,부산광역시 중구 망양로288번길 5-8,부산광역시 중구 보수동1가 41-533,35.1061805942,129.0262961784,2022,건축물,051-600-4697,부산광역시 중구청,2026-03-25
보수동401,1,,부산광역시 중구 보수동1가 41-1513,35.1063549308,129.0260092022,2022,건축물,051-600-4697,부산광역시 중구청,2026-03-25
보수동402,1,부산광역시 중구 망양로298번길 2-10,부산광역시 중구 보수동1가 41-511,35.1058551958,129.0269203187,2022,건축물,051-600-4697,부산광역시 중구청,2026-03-25
보수동403,1,부산광역시 중구 망양로298번길 2-2,부산광역시 중구 보수동1가 41-519,35.1057577164,129.0270048657,2022,건축물,051-600-4697,부산광역시 중구청,2026-03-25
보수동404,1,부산광역시 중구 망양로298번길 5-1,부산광역시 중구 보수동1가 59-357,35.1055842658,129.0269548411,2022,건축물,051-600-4697,부산광역시 중구청,2026-03-25
보수동405,1,부산광역시 중구 망양로298번길 6-4,부산광역시 중구 보수동1가 41-559,35.1056858554,129.0268616231,2022,건축물,051-600-4697,부산광역시 중구청,2026-03-25
보수동406,1,부산광역시 중구 망양로298번길 1,부산광역시 중구 보수동1가 59-366,35.1057877520,129.0271810674,2022,건축물,051-600-4697,부산광역시 중구청,2026-03-25
보수동407,1,부산광역시 중구 망양로 298,부산광역시 중구 보수동1가 41-517,35.1058358000,129.0271047271,2022,건축물,051-600-4697,부산광역시 중구청,2026-03-25
보수동408,1,부산광역시 중구 고가길 84-12,부산광역시 중구 보수동1가 59-373,35.1057322931,129.0272909997,2022,건축물,051-600-4697,부산광역시 중구청,2026-03-25
보수동409,1,부산광역시 중구 고가길 84-9,부산광역시 중구 보수동1가 59-369,35.1057161225,129.0271964003,2022,건축물,051-600-4697,부산광역시 중구청,2026-03-25
보수동410,1,부산광역시 중구 고가길 82-9,부산광역시 중구 보수동1가 59-378,35.1056128608,129.0272710437,2022,건축물,051-600-4697,부산광역시 중구청,2026-03-25
보수동411,1,부산광역시 중구 고가길 82-13,부산광역시 중구 보수동1가 59-374,35.1057087604,129.0273402029,2022,건축물,051-600-4697,부산광역시 중구청,2026-03-25
보수동412,1,부산광역시 중구 고가길 78-19,부산광역시 중구 보수동1가 59-384,35.1056536468,129.0274456473,2022,건축물,051-600-4697,부산광역시 중구청,2026-03-25
보수동413,1,부산광역시 중구 고가길 78-17,부산광역시 중구 보수동1가 59-386,35.1056067430,129.0274104905,2022,건축물,051-600-4697,부산광역시 중구청,2026-03-25
보수동414,1,부산광역시 중구 고가길 78-9,부산광역시 중구 보수동1가 59-391,35.1054690470,129.0272702228,2022,건축물,051-600-4697,부산광역시 중구청,2026-03-25
보수동415,1,부산광역시 중구 망양로 302-10,부산광역시 중구 보수동1가 59-398,35.1054948351,129.0274794363,2022,건축물,051-600-4697,부산광역시 중구청,2026-03-25
보수동416,1,부산광역시 중구 망양로304번길 6-6,부산광역시 중구 보수동1가 59-409,35.1054405083,129.0275863256,2022,건축물,051-600-4697,부산광역시 중구청,2026-03-25
보수동417,1,부산광역시 중구 망양로304번길 6-1,부산광역시 중구 보수동1가 59-420,35.1053413348,129.0276589860,2022,건축물,051-600-4697,부산광역시 중구청,2026-03-25
보수동418,1,부산광역시 중구 고가길 64-1,부산광역시 중구 보수동1가 146-47,35.1046827674,129.0275398091,2022,건축물,051-600-4697,부산광역시 중구청,2026-03-25
보수동419,1,부산광역시 중구 고가길 58,부산광역시 중구 보수동1가 146-74,35.1045196879,129.0273277451,2022,건축물,051-600-4697,부산광역시 중구청,2026-03-25
보수동420,1,부산광역시 중구 보동길20번길 4-2,부산광역시 중구 보수동1가 60-95,35.1048871065,129.0270793649,2022,건축물,051-600-4697,부산광역시 중구청,2026-03-25
보수동421,1,,부산광역시 중구 보수동1가 60-408,35.1049759434,129.0270858787,2022,건축물,051-600-4697,부산광역시 중구청,2026-03-25
보수동422,1,부산광역시 중구 고가길 59,부산광역시 중구 보수동1가 146-70,35.1046322165,129.0271624244,2022,건축물,051-600-4697,부산광역시 중구청,2026-03-25
보수동423,1,부산광역시 중구 고가길 63-1,부산광역시 중구 보수동1가 60-78,35.1048260314,129.0273149368,2022,건축물,051-600-4697,부산광역시 중구청,2026-03-25
보수동424,1,부산광역시 중구 보동길20번길 4-3,부산광역시 중구 보수동1가 60-83,35.1048706921,129.0271717306,2022,건축물,051-600-4697,부산광역시 중구청,2026-03-25
보수동425,1,부산광역시 중구 보동길20번길 6-1,부산광역시 중구 보수동1가 60-81,35.1049567274,129.0272056631,2022,건축물,051-600-4697,부산광역시 중구청,2026-03-25
보수동426,1,,부산광역시 중구 보수동1가 60-201,35.1050532920,129.0273269941,2022,건축물,051-600-4697,부산광역시 중구청,2026-03-25
보수동427,1,부산광역시 중구 고가길 75-1,부산광역시 중구 보수동1가 60-192,35.1051845687,129.0272311552,2022,건축물,051-600-4697,부산광역시 중구청,2026-03-25
보수동428,1,부산광역시 중구 보동길26번길 2,부산광역시 중구 보수동1가 60-252,35.1050607045,129.0270128242,2022,건축물,051-600-4697,부산광역시 중구청,2026-03-25
보수동429,1,부산광역시 중구 보동길26번길 4-1,부산광역시 중구 보수동1가 59-107,35.1052599195,129.0271819199,2022,건축물,051-600-4697,부산광역시 중구청,2026-03-25
보수동430,1,,부산광역시 중구 보수동1가 59-556,35.1052735569,129.0272185665,2022,건축물,051-600-4697,부산광역시 중구청,2026-03-25
보수동431,1,부산광역시 중구 보동길26번길 3-3,부산광역시 중구 보수동1가 59-109,35.1053445098,129.0271298429,2022,건축물,051-600-4697,부산광역시 중구청,2026-03-25
보수동432,1,부산광역시 중구 보동길26번길 3-1,부산광역시 중구 보수동1가 59-200,35.1052879505,129.0270469643,2022,건축물,051-600-4697,부산광역시 중구청,2026-03-25
보수동433,1,부산광역시 중구 보동길26번길 3-2,부산광역시 중구 보수동1가 59-269,35.1053651144,129.0270509590,2022,건축물,051-600-4697,부산광역시 중구청,2026-03-25
보수동434,1,부산광역시 중구 보동길32번길 4-10,부산광역시 중구 보수동1가 59-306,35.1053953000,129.0269595917,2022,건축물,051-600-4697,부산광역시 중구청,2026-03-25
보수동435,1,부산광역시 중구 보동길26번길 5-6,부산광역시 중구 보수동1가 59-364,35.1054159630,129.0270765631,2022,건축물,051-600-4697,부산광역시 중구청,2026-03-25
보수동436,1,부산광역시 중구 망양로298번길 4,부산광역시 중구 보수동1가 41-560,35.1056514793,129.0268910382,2022,건축물,051-600-4697,부산광역시 중구청,2026-03-25
보수동437,1,부산광역시 중구 보동길44번길 6-15,부산광역시 중구 보수동1가 41-567,35.1057281451,129.0266985079,2022,건축물,051-600-4697,부산광역시 중구청,2026-03-25
보수동438,1,부산광역시 중구 보동길44번길 6-7,부산광역시 중구 보수동1가 41-563,35.1058789843,129.0265648377,2022,건축물,051-600-4697,부산광역시 중구청,2026-03-25
보수동439,1,부산광역시 중구 보동길32번길 1,부산광역시 중구 보수동1가 59-216,35.1055503911,129.0267333645,2022,건축물,051-600-4697,부산광역시 중구청,2026-03-25
보수동440,1,부산광역시 중구 보동길32번길 4-6,부산광역시 중구 보수동1가 59-307,35.1054371287,129.0268833169,2022,건축물,051-600-4697,부산광역시 중구청,2026-03-25
보수동441,1,부산광역시 중구 보동길32번길 4,부산광역시 중구 보수동1가 59-536,35.1055026720,129.0268008304,2022,건축물,051-600-4697,부산광역시 중구청,2026-03-25
보수동442,1,부산광역시 중구 보동길32번길 1-4,부산광역시 중구 보수동1가 59-215,35.1056451511,129.0266443636,2022,건축물,051-600-4697,부산광역시 중구청,2026-03-25
보수동443,1,부산광역시 중구 보동길44번길 4-3,부산광역시 중구 보수동1가 59-177,35.1058666255,129.0264632047,2022,건축물,051-600-4697,부산광역시 중구청,2026-03-25
보수동444,1,부산광역시 중구 보동길 46,부산광역시 중구 보수동1가 59-355,35.1059191124,129.0262345445,2022,건축물,051-600-4697,부산광역시 중구청,2026-03-25
보수동445,1,부산광역시 중구 법수길 21,부산광역시 중구 보수동1가 59-75,35.1049936024,129.0260730202,2022,건축물,051-600-4697,부산광역시 중구청,2026-03-25
보수동446,1,부산광역시 중구 법수길 27-1,부산광역시 중구 보수동1가 59-201,35.1051409130,129.0259724897,2022,건축물,051-600-4697,부산광역시 중구청,2026-03-25
보수동447,1,부산광역시 중구 법수길 35-6,부산광역시 중구 보수동1가 59-55,35.1054997456,129.0256553511,2022,건축물,051-600-4697,부산광역시 중구청,2026-03-25
보수동448,1,,부산광역시 중구 보수동1가 41-44,35.1058989267,129.0255700460,2022,건축물,051-600-4697,부산광역시 중구청,2026-03-25
보수동449,1,부산광역시 중구 법수길 42,부산광역시 중구 보수동1가 59-14,35.1057617732,129.0257382705,2022,건축물,051-600-4697,부산광역시 중구청,2026-03-25
보수동450,2,부산광역시 중구 법수길 43,부산광역시 중구 보수동1가 59-9,35.1057676350,129.0255277566,2022,건축물,051-600-4697,부산광역시 중구청,2026-03-25
보수동451,2,부산광역시 중구 흑교로64번길 3,부산광역시 중구 보수동1가 45-3,35.1056446608,129.0252721637,2022,건축물,051-600-4697,부산광역시 중구청,2026-03-25
보수동452,1,부산광역시 중구 흑교로64번길 1,부산광역시 중구 보수동1가 46-3,35.1056096967,129.0251156896,2022,건축물,051-600-4697,부산광역시 중구청,2026-03-25
보수동453,1,부산광역시 중구 보수대로140번길 75,부산광역시 중구 보수동1가 49-13,35.1055756022,129.0249934513,2022,건축물,051-600-4697,부산광역시 중구청,2026-03-25
보수동454,1,부산광역시 중구 흑교로64번길 1-5,부산광역시 중구 보수동1가 46-10,35.1055756022,129.0249934513,2022,건축물,051-600-4697,부산광역시 중구청,2026-03-25
보수동455,1,부산광역시 중구 흑교로64번길 1-8,부산광역시 중구 보수동1가 46-11,35.1058540060,129.0250994738,2022,건축물,051-600-4697,부산광역시 중구청,2026-03-25
보수동456,1,부산광역시 중구 보수대로140번길 89,부산광역시 중구 보수동1가 52-2,35.1050665915,129.0253186103,2022,건축물,051-600-4697,부산광역시 중구청,2026-03-25
보수동457,1,부산광역시 중구 보수대로140번길 85-5,부산광역시 중구 보수동1가 52-4,35.1053192711,129.0253353908,2022,건축물,051-600-4697,부산광역시 중구청,2026-03-25
보수동458,1,부산광역시 중구 흑교로64번길 4-6,부산광역시 중구 보수동1가 53-4,35.1053138264,129.0254724414,2022,건축물,051-600-4697,부산광역시 중구청,2026-03-25
보수동459,1,부산광역시 중구 대청로53번길 38,부산광역시 중구 보수동1가 64-23,35.1047053098,129.0254210841,2022,건축물,051-600-4697,부산광역시 중구청,2026-03-25
보수동460,1,부산광역시 중구 대청로53번길 40-20,부산광역시 중구 보수동1가 64-5,35.1048971000,129.0256193804,2022,건축물,051-600-4697,부산광역시 중구청,2026-03-25
보수동461,1,부산광역시 중구 대청로53번길 40-17,부산광역시 중구 보수동1가 64-3,35.1050126379,129.0255542507,2022,건축물,051-600-4697,부산광역시 중구청,2026-03-25
보수동462,1,부산광역시 중구 대청로53번길 40-19,부산광역시 중구 보수동1가 64-2,35.1050319966,129.0256630741,2022,건축물,051-600-4697,부산광역시 중구청,2026-03-25
보수동463,1,부산광역시 중구 대청로53번길 37,부산광역시 중구 보수동1가 73-4,35.1046218864,129.0253278924,2022,건축물,051-600-4697,부산광역시 중구청,2026-03-25
보수동464,1,부산광역시 중구 대청로53번길 35-7,부산광역시 중구 보수동1가 73-5,35.1044780425,129.0251940574,2022,건축물,051-600-4697,부산광역시 중구청,2026-03-25
보수동465,1,부산광역시 중구 보수대로146번길 7-15,부산광역시 중구 보수동1가 2-370,35.1088563571,129.0230279506,2022,건축물,051-600-4697,부산광역시 중구청,2026-03-25
보수동466,1,부산광역시 중구 보수대로140번길 34,부산광역시 중구 보수동1가 24-9,35.1068434536,129.0233648600,2022,건축물,051-600-4697,부산광역시 중구청,2026-03-25
보수동467,1,부산광역시 중구 보수북길 22-1,부산광역시 중구 보수동1가 30-6,35.1069590112,129.0241618950,2022,건축물,051-600-4697,부산광역시 중구청,2026-03-25
보수동468,1,부산광역시 중구 흑교로78번안길 4,부산광역시 중구 보수동1가 40-34,35.1064918087,129.0244282231,2022,건축물,051-600-4697,부산광역시 중구청,2026-03-25
보수동469,1,부산광역시 중구 흑교로78번안길 4-1,부산광역시 중구 보수동1가 39-5,35.1065608004,129.0244197311,2022,건축물,051-600-4697,부산광역시 중구청,2026-03-25
보수동470,1,,부산광역시 중구 보수동1가 155-5,35.1066717866,129.0243650495,2022,건축물,051-600-4697,부산광역시 중구청,2026-03-25
보수동471,2,부산광역시 중구 흑교로78번안길 13-5,부산광역시 중구 보수동1가 34-3,35.1069135885,129.0243509267,2022,건축물,051-600-4697,부산광역시 중구청,2026-03-25
보수동472,1,,부산광역시 중구 보수동1가 33-27,35.1070674269,129.0246466054,2022,건축물,051-600-4697,부산광역시 중구청,2026-03-25
보수동473,1,부산광역시 중구 보수북길 30-6,부산광역시 중구 보수동1가 33-30,35.1071665869,129.0244349362,2022,건축물,051-600-4697,부산광역시 중구청,2026-03-25
보수동474,1,,부산광역시 중구 보수동1가 33-62,35.1073650299,129.0249249612,2022,건축물,051-600-4697,부산광역시 중구청,2026-03-25
보수동475,1,부산광역시 중구 흑교로78번안길 23-1,부산광역시 중구 보수동1가 33-104,35.1073336617,129.0247803414,2022,건축물,051-600-4697,부산광역시 중구청,2026-03-25
보수동476,1,부산광역시 중구 흑교로78번안길 23-2,부산광역시 중구 보수동1가 33-61,35.1074447475,129.0249061322,2022,건축물,051-600-4697,부산광역시 중구청,2026-03-25
보수동477,1,부산광역시 중구 흑교로78번안길 24-3,부산광역시 중구 보수동1가 41-1349,35.1071551694,129.0249403099,2022,건축물,051-600-4697,부산광역시 중구청,2026-03-25
보수동478,1,,부산광역시 중구 보수동1가 40-2,35.1064073938,129.0243978625,2022,건축물,051-600-4697,부산광역시 중구청,2026-03-25
보수동479,1,부산광역시 중구 법수길 65,부산광역시 중구 보수동1가 41-31,35.1066263598,129.0249618785,2022,건축물,051-600-4697,부산광역시 중구청,2026-03-25
보수동480,1,,부산광역시 중구 보수동1가 41-56,35.1072145523,129.0250190967,2022,건축물,051-600-4697,부산광역시 중구청,2026-03-25
보수동481,1,부산광역시 중구 흑교로78번안길 30-1,부산광역시 중구 보수동1가 41-320,35.1073874367,129.0252510310,2022,건축물,051-600-4697,부산광역시 중구청,2026-03-25
보수동482,1,부산광역시 중구 보수북길 42-2,부산광역시 중구 보수동1가 33-57,35.1075203805,129.0250071395,2022,건축물,051-600-4697,부산광역시 중구청,2026-03-25
보수동483,1,부산광역시 중구 법수길76번길 1,부산광역시 중구 보수동1가 41-52,35.1072600030,129.0252245190,2022,건축물,051-600-4697,부산광역시 중구청,2026-03-25
보수동484,1,부산광역시 중구 흑교로78번안길 32,부산광역시 중구 보수동1가 41-71,35.1074554849,129.0253313437,2022,건축물,051-600-4697,부산광역시 중구청,2026-03-25
보수동485,1,부산광역시 중구 보동길 83-2,부산광역시 중구 보수동1가 41-70,35.1075175426,129.0254573476,2022,건축물,051-600-4697,부산광역시 중구청,2026-03-25
보수동486,2,부산광역시 중구 흑교로78번안길 37,부산광역시 중구 보수동1가 33-51,35.1078381466,129.0251951806,2022,건축물,051-600-4697,부산광역시 중구청,2026-03-25
보수동487,1,부산광역시 중구 법수길76번길 3-1,부산광역시 중구 보수동1가 41-212,35.1072517765,129.0254525244,2022,건축물,051-600-4697,부산광역시 중구청,2026-03-25
보수동488,1,부산광역시 중구 법수길76번길 3-3,부산광역시 중구 보수동1가 41-77,35.1073733043,129.0253956561,2022,건축물,051-600-4697,부산광역시 중구청,2026-03-25
보수동489,1,부산광역시 중구 망양로291번길 2-7,부산광역시 중구 보수동1가 41-496,35.1062106378,129.0268114550,2022,건축물,051-600-4697,부산광역시 중구청,2026-03-25
보수동490,1,부산광역시 중구 망양로265번길 6-3,부산광역시 중구 보수동1가 41-88,35.1083709416,129.0262937173,2022,건축물,051-600-4697,부산광역시 중구청,2026-03-25
보수동491,1,부산광역시 중구 보수북길 51-6,부산광역시 중구 보수동1가 33-133,35.1080691881,129.0248080811,2022,건축물,051-600-4697,부산광역시 중구청,2026-03-25
보수동492,1,부산광역시 중구 흑교로45번길 31,부산광역시 중구 보수동3가 77-2,35.1036619915,129.0217041642,2022,건축물,051-600-4697,부산광역시 중구청,2026-03-25
보수동495,1,부산광역시 중구 망양로 279,부산광역시 중구 보수동1가 41-1439,35.1070820640,129.0263216793,2022,건축물,051-600-4697,부산광역시 중구청,2026-03-25
보수동496,1,,부산광역시 중구 보수동3가 81,35.1044727034,129.0217702000,2022,건축물,051-600-4697,부산광역시 중구청,2026-03-25
보수동497,1,부산광역시 중구 보동길 54,부산광역시 중구 보수동1가 59-345,35.1061874977,129.0260881017,2022,건축물,051-600-4697,부산광역시 중구청,2026-03-25
보수동498,1,부산광역시 중구 보수북길31번길 5-4,부산광역시 중구 보수동1가 2-153,35.1075665025,129.0240210892,2023,건축물,051-600-4697,부산광역시 중구청,2026-03-25
보수동499,1,부산광역시 중구 법수길 52,부산광역시 중구 보수동1가 41-45,35.1061741911,129.0255119326,2023,건축물,051-600-4697,부산광역시 중구청,2026-03-25
보수동500,1,부산광역시 중구 보동길 120-8,부산광역시 중구 보수동1가 2-504,35.1079515416,129.0241525591,2024,건축물,051-600-4697,부산광역시 중구청,2026-03-25
보수동501,1,부산광역시 중구 보수대로124번길 36-14,부산광역시 중구 보수동2가 72-13,35.1052965113,129.0227700866,2024,건축물,051-600-4697,부산광역시 중구청,2026-03-25
보수동502,1,부산광역시 중구 보수북길 33-4,부산광역시 중구 보수동1가 31-1,35.1075795536,129.0245291545,2024,건축물,051-600-4697,부산광역시 중구청,2026-03-25
보수동503,1,부산광역시 중구 보수북길 33-4,부산광역시 중구 보수동1가 31-1,35.1075795536,129.0245291545,2024,건축물,051-600-4697,부산광역시 중구청,2026-03-25
보수동504,1,부산광역시 중구 책방골목길 5,부산광역시 중구 보수동1가 115-2,35.1039602040,129.0261658694,2025,건축물,051-600-4697,부산광역시 중구청,2026-03-25
보수동505,1,부산광역시 중구 망양로271번길 5,부산광역시 중구 보수동1가 41-656,35.1079347473,129.0263922515,2025,건축물,051-600-4697,부산광역시 중구청,2026-03-25
보수동506,1,부산광역시 중구 망양로271번길 5,부산광역시 중구 보수동1가 41-656,35.1079347473,129.0263922515,2025,건축물,051-600-4697,부산광역시 중구청,2026-03-25
보수동507,1,부산광역시 중구 법수길 32-10,부산광역시 중구 보수동1가 59-496,35.1053671919,129.0262423733,2025,건축물,051-600-4697,부산광역시 중구청,2026-03-25
보수동508,1,,부산광역시 중구 보수동1가 2-573,35.1075688189,129.0241648774,2025,건축물,051-600-4697,부산광역시 중구청,2026-03-25
부평동001,1,부산광역시 중구 보수대로64번길 15-1,부산광역시 중구 부평동4가 48-4,35.1029662533,129.0219112284,2022,건축물,051-600-4697,부산광역시 중구청,2026-03-25
부평동002,1,부산광역시 중구 대청로 22,부산광역시 중구 부평동4가 45,35.1029508330,129.0221872939,2022,건축물,051-600-4697,부산광역시 중구청,2026-03-25
부평동003,1,부산광역시 중구 보수대로64번길 15,부산광역시 중구 부평동4가 49-2,35.1028624956,129.0219131612,2022,건축물,051-600-4697,부산광역시 중구청,2026-03-25
부평동004,1,부산광역시 중구 흑교로31번길 32-1,부산광역시 중구 부평동4가 56-2,35.1025942015,129.0216655075,2022,건축물,051-600-4697,부산광역시 중구청,2026-03-25
부평동005,1,부산광역시 중구 보수대로 72,부산광역시 중구 부평동4가 58-1,35.1021771959,129.0217916202,2022,건축물,051-600-4697,부산광역시 중구청,2026-03-25
부평동006,1,부산광역시 중구 흑교로25번길 27-1,부산광역시 중구 부평동4가 34-1,35.1019001892,129.0221850225,2022,건축물,051-600-4697,부산광역시 중구청,2026-03-25
부평동007,1,부산광역시 중구 흑교로25번길 26-1,부산광역시 중구 부평동4가 36-1,35.1020482203,129.0223759725,2022,건축물,051-600-4697,부산광역시 중구청,2026-03-25
부평동008,1,부산광역시 중구 보수대로56번길 7-3,부산광역시 중구 부평동4가 35-9,35.1018000420,129.0224458321,2022,건축물,051-600-4697,부산광역시 중구청,2026-03-25
부평동009,1,부산광역시 중구 보수대로56번길 7,부산광역시 중구 부평동4가 35-7,35.1017904320,129.0225464781,2022,건축물,051-600-4697,부산광역시 중구청,2026-03-25
부평동010,1,부산광역시 중구 보수대로56번길 11,부산광역시 중구 부평동4가 38-2,35.1021241657,129.0225339996,2022,건축물,051-600-4697,부산광역시 중구청,2026-03-25
부평동011,1,,부산광역시 중구 부평동4가 39-18,35.1024833155,129.0223755380,2022,건축물,051-600-4697,부산광역시 중구청,2026-03-25
부평동012,1,부산광역시 중구 흑교로35번길 27,부산광역시 중구 부평동4가 39-6,35.1026694347,129.0222929594,2022,건축물,051-600-4697,부산광역시 중구청,2026-03-25
부평동013,1,부산광역시 중구 보수대로56번길 17,부산광역시 중구 부평동4가 43-4,35.1028077136,129.0226254574,2022,건축물,051-600-4697,부산광역시 중구청,2026-03-25
부평동014,1,부산광역시 중구 흑교로35번길 25-1,부산광역시 중구 부평동4가 39-4,35.1026580031,129.0223947677,2022,건축물,051-600-4697,부산광역시 중구청,2026-03-25
부평동015,1,부산광역시 중구 보수대로56번길 19-1,부산광역시 중구 부평동4가 43-6,35.1029468638,129.0226033458,2022,건축물,051-600-4697,부산광역시 중구청,2026-03-25
부평동016,1,부산광역시 중구 흑교로35번길 22,부산광역시 중구 부평동4가 4-2,35.1029199743,129.0228807725,2022,건축물,051-600-4697,부산광역시 중구청,2026-03-25
부평동017,1,부산광역시 중구 흑교로35번길 17-2,부산광역시 중구 부평동4가 7-10,35.1026212663,129.0232567508,2022,건축물,051-600-4697,부산광역시 중구청,2026-03-25
부평동018,1,부산광역시 중구 흑교로35번길 17-3,부산광역시 중구 부평동4가 5-9,35.1025486910,129.0232099975,2022,건축물,051-600-4697,부산광역시 중구청,2026-03-25
부평동019,1,부산광역시 중구 흑교로35번길 16-1,부산광역시 중구 부평동4가 2-9,35.1028313298,129.0234996804,2022,건축물,051-600-4697,부산광역시 중구청,2026-03-25
부평동020,1,부산광역시 중구 보수대로44번길 25,부산광역시 중구 부평동4가 2-16,35.1027601959,129.0237498043,2022,건축물,051-600-4697,부산광역시 중구청,2026-03-25
부평동021,1,부산광역시 중구 보수대로44번길 25-1,부산광역시 중구 부평동4가 2-27,35.1028213367,129.0237527416,2022,건축물,051-600-4697,부산광역시 중구청,2026-03-25
부평동022,1,부산광역시 중구 보수대로44번길 30,부산광역시 중구 부평동3가 79-5,35.1030299549,129.0239796273,2022,건축물,051-600-4697,부산광역시 중구청,2026-03-25
부평동023,1,부산광역시 중구 보수대로44번길 26-1,부산광역시 중구 부평동3가 79-12,35.1028280548,129.0240195941,2022,건축물,051-600-4697,부산광역시 중구청,2026-03-25
부평동024,1,부산광역시 중구 보수대로44번길 23-7,부산광역시 중구 부평동4가 8-14,35.1025375341,129.0236515292,2022,건축물,051-600-4697,부산광역시 중구청,2026-03-25
부평동025,1,부산광역시 중구 보수대로44번길 24-4,부산광역시 중구 부평동3가 76-19,35.1025038954,129.0240847192,2022,건축물,051-600-4697,부산광역시 중구청,2026-03-25
부평동026,1,부산광역시 중구 보수대로44번길 23,부산광역시 중구 부평동4가 8-2,35.1024526383,129.0237543717,2022,건축물,051-600-4697,부산광역시 중구청,2026-03-25
부평동027,1,부산광역시 중구 흑교로31번길 17,부산광역시 중구 부평동4가 12-4,35.1022940659,129.0233852947,2022,건축물,051-600-4697,부산광역시 중구청,2026-03-25
부평동028,1,부산광역시 중구 흑교로31번길 15-1,부산광역시 중구 부평동4가 12-8,35.1022750279,129.0235108194,2022,건축물,051-600-4697,부산광역시 중구청,2026-03-25
부평동029,1,부산광역시 중구 흑교로25번길 16-8,부산광역시 중구 부평동4가 12-14,35.1021604623,129.0235339757,2022,건축물,051-600-4697,부산광역시 중구청,2026-03-25
부평동030,1,부산광역시 중구 흑교로31번길 20,부산광역시 중구 부평동4가 6-1,35.1024638328,129.0231756608,2022,건축물,051-600-4697,부산광역시 중구청,2026-03-25
부평동031,1,부산광역시 중구 흑교로31번길 22,부산광역시 중구 부평동4가 6-4,35.1024790084,129.0229629728,2022,건축물,051-600-4697,부산광역시 중구청,2026-03-25
부평동032,1,부산광역시 중구 흑교로25번길 16-1,부산광역시 중구 부평동4가 12-26,35.1019998171,129.0234509421,2022,건축물,051-600-4697,부산광역시 중구청,2026-03-25
부평동033,1,부산광역시 중구 흑교로25번길 15-3,부산광역시 중구 부평동4가 20-19,35.1017406103,129.0234040713,2022,건축물,051-600-4697,부산광역시 중구청,2026-03-25
부평동034,1,부산광역시 중구 흑교로25번길 20,부산광역시 중구 부평동4가 15-18,35.1020189307,129.0231157571,2022,건축물,051-600-4697,부산광역시 중구청,2026-03-25
부평동035,1,부산광역시 중구 흑교로25번길 20-1,부산광역시 중구 부평동4가 15-5,35.1020245958,129.0229653392,2022,건축물,051-600-4697,부산광역시 중구청,2026-03-25
부평동036,1,부산광역시 중구 흑교로25번길 19,부산광역시 중구 부평동4가 17-35,35.1018771084,129.0230334090,2022,건축물,051-600-4697,부산광역시 중구청,2026-03-25
부평동037,1,부산광역시 중구 흑교로25번길 19-12,부산광역시 중구 부평동4가 17-12,35.1017540576,129.0229494417,2022,건축물,051-600-4697,부산광역시 중구청,2026-03-25
부평동038,1,부산광역시 중구 흑교로21번길 20-1,부산광역시 중구 부평동4가 17-14,35.1016029564,129.0229532735,2022,건축물,051-600-4697,부산광역시 중구청,2026-03-25
부평동039,1,부산광역시 중구 보수대로56번길 6,부산광역시 중구 부평동4가 16-11,35.1015942201,129.0227208070,2022,건축물,051-600-4697,부산광역시 중구청,2026-03-25
부평동040,1,부산광역시 중구 흑교로21번길 18-18,부산광역시 중구 부평동4가 17-32,35.1017575467,129.0232532746,2022,건축물,051-600-4697,부산광역시 중구청,2026-03-25
부평동041,1,부산광역시 중구 보수대로44번길 14-9,부산광역시 중구 부평동3가 65-9,35.1016965917,129.0240217704,2022,건축물,051-600-4697,부산광역시 중구청,2026-03-25
부평동042,1,부산광역시 중구 보수대로44번길 11,부산광역시 중구 부평동4가 20-9,35.1015665600,129.0236921104,2022,건축물,051-600-4697,부산광역시 중구청,2026-03-25
부평동043,1,부산광역시 중구 흑교로21번길 18,부산광역시 중구 부평동4가 19-7,35.1015721637,129.0233295083,2022,건축물,051-600-4697,부산광역시 중구청,2026-03-25
부평동044,1,부산광역시 중구 흑교로21번길 16-1,부산광역시 중구 부평동4가 19-2,35.1016011259,129.0234569862,2022,건축물,051-600-4697,부산광역시 중구청,2026-03-25
부평동045,1,부산광역시 중구 흑교로21번길 22,부산광역시 중구 부평동4가 17-39,35.1016001547,129.0228835729,2022,건축물,051-600-4697,부산광역시 중구청,2026-03-25
부평동046,1,부산광역시 중구 보수대로44번길 8-3,부산광역시 중구 부평동3가 63-8,35.1012548787,129.0240245548,2022,건축물,051-600-4697,부산광역시 중구청,2026-03-25
부평동047,1,부산광역시 중구 흑교로17번길 14,부산광역시 중구 부평동4가 24-11,35.1011451037,129.0236421051,2022,건축물,051-600-4697,부산광역시 중구청,2026-03-25
부평동048,1,부산광역시 중구 흑교로17번길 14-8,부산광역시 중구 부평동4가 24-9,35.1012665314,129.0235857837,2022,건축물,051-600-4697,부산광역시 중구청,2026-03-25
부평동049,1,부산광역시 중구 흑교로17번길 15-2,부산광역시 중구 부평동4가 25-19,35.1009989480,129.0234037208,2022,건축물,051-600-4697,부산광역시 중구청,2026-03-25
부평동050,1,부산광역시 중구 보수대로 52,부산광역시 중구 부평동4가 25-2,35.1010278340,129.0231849059,2022,건축물,051-600-4697,부산광역시 중구청,2026-03-25
부평동051,1,부산광역시 중구 보수대로 54,부산광역시 중구 부평동4가 26-8,35.1012047923,129.0228845483,2022,건축물,051-600-4697,부산광역시 중구청,2026-03-25
부평동052,1,부산광역시 중구 보수대로44번길 4,부산광역시 중구 부평동3가 59-17,35.1006600727,129.0238158684,2022,건축물,051-600-4697,부산광역시 중구청,2026-03-25
부평동053,1,부산광역시 중구 흑교로11번길 10,부산광역시 중구 부평동3가 59-2,35.1006655481,129.0240815866,2022,건축물,051-600-4697,부산광역시 중구청,2026-03-25
부평동054,1,부산광역시 중구 보수대로 36,부산광역시 중구 부평동3가 58-18,35.1001833301,129.0243728551,2022,건축물,051-600-4697,부산광역시 중구청,2026-03-25
부평동055,1,부산광역시 중구 보수대로36번길 4-1,부산광역시 중구 부평동3가 52-3,35.1002373589,129.0245210177,2022,건축물,051-600-4697,부산광역시 중구청,2026-03-25
부평동056,1,부산광역시 중구 보수대로36번길 8,부산광역시 중구 부평동3가 47-2,35.1006499239,129.0245637889,2022,건축물,051-600-4697,부산광역시 중구청,2026-03-25
부평동057,1,부산광역시 중구 흑교로11번길 4-1,부산광역시 중구 부평동3가 46-6,35.1006282346,129.0247292690,2022,건축물,051-600-4697,부산광역시 중구청,2026-03-25
부평동058,1,부산광역시 중구 흑교로11번길 3-2,부산광역시 중구 부평동3가 49-8,35.1004518068,129.0246577967,2022,건축물,051-600-4697,부산광역시 중구청,2026-03-25
부평동059,1,부산광역시 중구 흑교로 11,부산광역시 중구 부평동3가 49-2,35.1004504731,129.0248401184,2022,건축물,051-600-4697,부산광역시 중구청,2026-03-25
부평동060,1,부산광역시 중구 보수대로36번길 10-1,부산광역시 중구 부평동3가 42-5,35.1008033885,129.0246342546,2022,건축물,051-600-4697,부산광역시 중구청,2026-03-25
부평동061,1,부산광역시 중구 흑교로11번길 4,부산광역시 중구 부평동3가 46-5,35.1006221401,129.0248081790,2022,건축물,051-600-4697,부산광역시 중구청,2026-03-25
부평동062,1,부산광역시 중구 흑교로17번길 1,부산광역시 중구 부평동3가 43-1,35.1009340454,129.0248885956,2022,건축물,051-600-4697,부산광역시 중구청,2026-03-25
부평동064,1,부산광역시 중구 흑교로17번길 3-2,부산광역시 중구 부평동3가 42-1,35.1009174340,129.0246368561,2022,건축물,051-600-4697,부산광역시 중구청,2026-03-25
부평동065,1,부산광역시 중구 흑교로17번길 9,부산광역시 중구 부평동3가 62-3,35.1009966322,129.0241144459,2022,건축물,051-600-4697,부산광역시 중구청,2026-03-25
부평동066,1,부산광역시 중구 보수대로44번길 6-1,부산광역시 중구 부평동3가 60-2,35.1009103720,129.0238564885,2022,건축물,051-600-4697,부산광역시 중구청,2026-03-25
부평동067,1,부산광역시 중구 흑교로21번길 6,부산광역시 중구 부평동3가 31-4,35.1015017777,129.0247273011,2022,건축물,051-600-4697,부산광역시 중구청,2026-03-25
부평동068,1,부산광역시 중구 흑교로21번길 10,부산광역시 중구 부평동3가 66-10,35.1015533214,129.0242258056,2022,건축물,051-600-4697,부산광역시 중구청,2026-03-25
부평동069,1,부산광역시 중구 흑교로25번길 2,부산광역시 중구 부평동3가 24-5,35.1019711416,129.0248980225,2022,건축물,051-600-4697,부산광역시 중구청,2026-03-25
부평동070,1,부산광역시 중구 흑교로 25,부산광역시 중구 부평동3가 33,35.1017339498,129.0248765836,2022,건축물,051-600-4697,부산광역시 중구청,2026-03-25
부평동071,1,부산광역시 중구 보수대로36번길 21,부산광역시 중구 부평동3가 69-1,35.1018159618,129.0244879086,2022,건축물,051-600-4697,부산광역시 중구청,2026-03-25
부평동072,1,,부산광역시 중구 부평동3가 72-32,35.1021515927,129.0243698706,2022,건축물,051-600-4697,부산광역시 중구청,2026-03-25
부평동073,1,부산광역시 중구 흑교로 31,부산광역시 중구 부평동3가 19-6,35.1023843237,129.0249955310,2022,건축물,051-600-4697,부산광역시 중구청,2026-03-25
부평동074,1,부산광역시 중구 흑교로31번길 9,부산광역시 중구 부평동3가 72-11,35.1022468753,129.0242306761,2022,건축물,051-600-4697,부산광역시 중구청,2026-03-25
부평동075,1,부산광역시 중구 흑교로 35,부산광역시 중구 부평동3가 7-4,35.1027063477,129.0250258681,2022,건축물,051-600-4697,부산광역시 중구청,2026-03-25
부평동076,1,부산광역시 중구 흑교로35번길 8,부산광역시 중구 부평동3가 77-3,35.1027744922,129.0245071212,2022,건축물,051-600-4697,부산광역시 중구청,2026-03-25
부평동077,1,부산광역시 중구 흑교로35번길 10-1,부산광역시 중구 부평동3가 77-5,35.1027481519,129.0242065574,2022,건축물,051-600-4697,부산광역시 중구청,2026-03-25
부평동078,1,부산광역시 중구 대청로 42-2,부산광역시 중구 부평동3가 78-5,35.1030117679,129.0245451198,2022,건축물,051-600-4697,부산광역시 중구청,2026-03-25
부평동079,1,부산광역시 중구 보수대로36번길 33-1,부산광역시 중구 부평동3가 78-1,35.1029364153,129.0245243949,2022,건축물,051-600-4697,부산광역시 중구청,2026-03-25
부평동080,1,부산광역시 중구 대청로 40-1,부산광역시 중구 부평동3가 79-6,35.1028787835,129.0242682355,2022,건축물,051-600-4697,부산광역시 중구청,2026-03-25
부평동081,2,부산광역시 중구 광복로6번길 7,부산광역시 중구 부평동2가 37-4,35.0988897569,129.0257657920,2022,건축물,051-600-4697,부산광역시 중구청,2026-03-25
부평동082,1,부산광역시 중구 광복로12번길 3-1,부산광역시 중구 부평동1가 41-12,35.0991629333,129.0265402278,2022,건축물,051-600-4697,부산광역시 중구청,2026-03-25
부평동083,1,부산광역시 중구 광복로12번길 7-5,부산광역시 중구 부평동1가 41-7,35.0989705236,129.0265353548,2022,건축물,051-600-4697,부산광역시 중구청,2026-03-25
부평동084,1,부산광역시 중구 광복로12번길 7,부산광역시 중구 부평동1가 41-30,35.0988862206,129.0264139665,2022,건축물,051-600-4697,부산광역시 중구청,2026-03-25
부평동085,1,부산광역시 중구 광복로16번길 15,부산광역시 중구 부평동1가 42-37,35.0987621147,129.0267920438,2022,건축물,051-600-4697,부산광역시 중구청,2026-03-25
부평동086,1,부산광역시 중구 비프광장로 15,부산광역시 중구 부평동1가 48-6,35.0986732201,129.0269398462,2022,건축물,051-600-4697,부산광역시 중구청,2026-03-25
부평동087,1,부산광역시 중구 비프광장로 13,부산광역시 중구 부평동1가 50-1,35.0986204476,129.0266736214,2022,건축물,051-600-4697,부산광역시 중구청,2026-03-25
부평동088,1,부산광역시 중구 비프광장로 13-1,부산광역시 중구 부평동1가 48-2,35.0986464967,129.0268080412,2022,건축물,051-600-4697,부산광역시 중구청,2026-03-25
부평동089,1,,부산광역시 중구 부평동1가 39-5,35.0990495233,129.0267346806,2022,건축물,051-600-4697,부산광역시 중구청,2026-03-25
부평동090,1,부산광역시 중구 광복로18번길 8-2,부산광역시 중구 부평동1가 42-55,35.0988611169,129.0269882498,2022,건축물,051-600-4697,부산광역시 중구청,2026-03-25
부평동091,1,부산광역시 중구 광복로18번길 6-1,부산광역시 중구 부평동1가 42-52,35.0989826660,129.0270594631,2022,건축물,051-600-4697,부산광역시 중구청,2026-03-25
부평동092,1,부산광역시 중구 광복로18번길 5-1,부산광역시 중구 부평동1가 42-50,35.0990646346,129.0271641272,2022,건축물,051-600-4697,부산광역시 중구청,2026-03-25
부평동093,1,부산광역시 중구 광복로18번길 5,부산광역시 중구 부평동1가 37-10,35.0991621962,129.0271878158,2022,건축물,051-600-4697,부산광역시 중구청,2026-03-25
부평동094,1,부산광역시 중구 광복로 20-2,부산광역시 중구 부평동1가 37-16,35.0993073252,129.0272824213,2022,건축물,051-600-4697,부산광역시 중구청,2026-03-25
부평동095,1,부산광역시 중구 광복로 22,부산광역시 중구 부평동1가 37-7,35.0993100649,129.0273772289,2022,건축물,051-600-4697,부산광역시 중구청,2026-03-25
부평동096,1,부산광역시 중구 광복로 4-3,부산광역시 중구 부평동2가 53-2,35.0993080037,129.0255225161,2022,건축물,051-600-4697,부산광역시 중구청,2026-03-25
부평동098,1,부산광역시 중구 광복로6번길 10-2,부산광역시 중구 부평동2가 47-6,35.0987097480,129.0254071624,2022,건축물,051-600-4697,부산광역시 중구청,2026-03-25
부평동099,1,부산광역시 중구 중구로23번길 43,부산광역시 중구 부평동2가 59-1,35.0999942445,129.0255282024,2022,건축물,051-600-4697,부산광역시 중구청,2026-03-25
부평동100,1,부산광역시 중구 부평1길 12,부산광역시 중구 부평동2가 26-12,35.0999761655,129.0258711894,2022,건축물,051-600-4697,부산광역시 중구청,2026-03-25
부평동101,1,부산광역시 중구 중구로23번길 33,부산광역시 중구 부평동2가 26-11,35.0998958974,129.0259828037,2022,건축물,051-600-4697,부산광역시 중구청,2026-03-25
부평동102,1,부산광역시 중구 중구로23번길 34,부산광역시 중구 부평동2가 24-3,35.1001395906,129.0259926730,2022,건축물,051-600-4697,부산광역시 중구청,2026-03-25
부평동103,1,부산광역시 중구 중구로23번길 34-13,부산광역시 중구 부평동2가 24-27,35.1003671763,129.0260065300,2022,건축물,051-600-4697,부산광역시 중구청,2026-03-25
부평동104,1,부산광역시 중구 부평2길 8,부산광역시 중구 부평동1가 35-78,35.0997463886,129.0264735289,2022,건축물,051-600-4697,부산광역시 중구청,2026-03-25
부평동105,1,부산광역시 중구 중구로21번길 10-1,부산광역시 중구 부평동1가 35-53,35.0997938310,129.0268321726,2022,건축물,051-600-4697,부산광역시 중구청,2026-03-25
부평동106,1,부산광역시 중구 중구로21번길 8,부산광역시 중구 부평동1가 35-14,35.0997950567,129.0271737723,2022,건축물,051-600-4697,부산광역시 중구청,2026-03-25
부평동107,1,,부산광역시 중구 부평동1가 35-22,35.0997548183,129.0267050166,2022,건축물,051-600-4697,부산광역시 중구청,2026-03-25
부평동108,1,부산광역시 중구 광복로 19-1,부산광역시 중구 부평동1가 35-20,35.0996444446,129.0272992136,2022,건축물,051-600-4697,부산광역시 중구청,2026-03-25
부평동109,1,부산광역시 중구 중구로 21-1,부산광역시 중구 부평동1가 35-83,35.0997820830,129.0276745656,2022,건축물,051-600-4697,부산광역시 중구청,2026-03-25
부평동110,1,부산광역시 중구 부평2길 18,부산광역시 중구 부평동1가 30-23,35.1002535733,129.0265110860,2022,건축물,051-600-4697,부산광역시 중구청,2026-03-25
부평동111,1,부산광역시 중구 부평2길 20-6,부산광역시 중구 부평동1가 30-48,35.1002438614,129.0266984631,2022,건축물,051-600-4697,부산광역시 중구청,2026-03-25
부평동112,1,부산광역시 중구 중구로29번길 21,부산광역시 중구 부평동1가 30-50,35.1003620025,129.0267363678,2022,건축물,051-600-4697,부산광역시 중구청,2026-03-25
부평동113,1,부산광역시 중구 중구로29번길 17-1,부산광역시 중구 부평동1가 30-46,35.1003675423,129.0269062491,2022,건축물,051-600-4697,부산광역시 중구청,2026-03-25
부평동114,1,부산광역시 중구 중구로29번길 15-10,부산광역시 중구 부평동1가 30-28,35.1002278193,129.0269948984,2022,건축물,051-600-4697,부산광역시 중구청,2026-03-25
부평동115,1,부산광역시 중구 부평1길 17-1,부산광역시 중구 부평동2가 62-3,35.1003284724,129.0256694830,2022,건축물,051-600-4697,부산광역시 중구청,2026-03-25
부평동116,1,부산광역시 중구 중구로29번길 41-12,부산광역시 중구 부평동2가 62-11,35.1002911329,129.0255365358,2022,건축물,051-600-4697,부산광역시 중구청,2026-03-25
부평동117,1,부산광역시 중구 중구로29번길 41,부산광역시 중구 부평동2가 62-1,35.1004200396,129.0256636346,2022,건축물,051-600-4697,부산광역시 중구청,2026-03-25
부평동118,1,부산광역시 중구 중구로29번길 32,부산광역시 중구 부평동2가 20-7,35.1007159067,129.0261858933,2022,건축물,051-600-4697,부산광역시 중구청,2026-03-25
부평동119,1,부산광역시 중구 부평2길 28,부산광역시 중구 부평동1가 29-41,35.1006802274,129.0265357942,2022,건축물,051-600-4697,부산광역시 중구청,2026-03-25
부평동120,1,부산광역시 중구 부평2길 28-8,부산광역시 중구 부평동1가 29-74,35.1007202659,129.0266581728,2022,건축물,051-600-4697,부산광역시 중구청,2026-03-25
부평동121,1,부산광역시 중구 부평1길 27,부산광역시 중구 부평동2가 65-5,35.1007204310,129.0256888323,2022,건축물,051-600-4697,부산광역시 중구청,2026-03-25
부평동122,1,부산광역시 중구 흑교로 16-19,부산광역시 중구 부평동2가 66-25,35.1008499203,129.0255923609,2022,건축물,051-600-4697,부산광역시 중구청,2026-03-25
부평동123,1,부산광역시 중구 부평1길 28-3,부산광역시 중구 부평동2가 20-20,35.1006808673,129.0259477340,2022,건축물,051-600-4697,부산광역시 중구청,2026-03-25
부평동124,1,부산광역시 중구 중구로33번길 21-5,부산광역시 중구 부평동1가 28-10,35.1007790598,129.0267529445,2022,건축물,051-600-4697,부산광역시 중구청,2026-03-25
부평동125,1,부산광역시 중구 중구로33번길 13-1,부산광역시 중구 부평동1가 29-3,35.1008326289,129.0270792868,2022,건축물,051-600-4697,부산광역시 중구청,2026-03-25
부평동126,1,부산광역시 중구 중구로33번길 15-10,부산광역시 중구 부평동1가 28-2,35.1007859569,129.0268955563,2022,건축물,051-600-4697,부산광역시 중구청,2026-03-25
부평동127,1,부산광역시 중구 중구로33번길 15-17,부산광역시 중구 부평동1가 29-66,35.1006802287,129.0270961277,2022,건축물,051-600-4697,부산광역시 중구청,2026-03-25
부평동128,1,부산광역시 중구 중구로29번길 10-7,부산광역시 중구 부평동1가 29-47,35.1006179902,129.0272073109,2022,건축물,051-600-4697,부산광역시 중구청,2026-03-25
부평동129,1,부산광역시 중구 부평2길 46-9,부산광역시 중구 부평동1가 20-37,35.1015756728,129.0266952525,2022,건축물,051-600-4697,부산광역시 중구청,2026-03-25
부평동130,1,부산광역시 중구 부평2길 46-19,부산광역시 중구 부평동1가 20-19,35.1015485210,129.0269069829,2022,건축물,051-600-4697,부산광역시 중구청,2026-03-25
부평동131,1,부산광역시 중구 중구로43번길 17,부산광역시 중구 부평동1가 20-5,35.1016929853,129.0269766826,2022,건축물,051-600-4697,부산광역시 중구청,2026-03-25
부평동132,1,부산광역시 중구 중구로43번길 21,부산광역시 중구 부평동1가 18-1,35.1017219624,129.0266827553,2022,건축물,051-600-4697,부산광역시 중구청,2026-03-25
부평동135,1,부산광역시 중구 중구로43번길 9-2,부산광역시 중구 부평동1가 21-31,35.1015705371,129.0274333261,2022,건축물,051-600-4697,부산광역시 중구청,2026-03-25
부평동136,1,부산광역시 중구 중구로 25-9,부산광역시 중구 부평동1가 34-6,35.1001571253,129.0275846193,2022,건축물,051-600-4697,부산광역시 중구청,2026-03-25
부평동137,1,부산광역시 중구 중구로 25-18,부산광역시 중구 부평동1가 30-7,35.1002295390,129.0273769745,2022,건축물,051-600-4697,부산광역시 중구청,2026-03-25
부평동138,1,부산광역시 중구 중구로29번길 10,부산광역시 중구 부평동1가 29-60,35.1005029140,129.0273794688,2022,건축물,051-600-4697,부산광역시 중구청,2026-03-25
부평동139,1,부산광역시 중구 중구로 31-12,부산광역시 중구 부평동1가 29-53,35.1006470479,129.0275119921,2022,건축물,051-600-4697,부산광역시 중구청,2026-03-25
부평동140,1,부산광역시 중구 중구로33번길 11-10,부산광역시 중구 부평동1가 29-40,35.1007139205,129.0272584829,2022,건축물,051-600-4697,부산광역시 중구청,2026-03-25
부평동141,1,부산광역시 중구 중구로33번길 5-7,부산광역시 중구 부평동1가 29-12,35.1007159025,129.0274740027,2022,건축물,051-600-4697,부산광역시 중구청,2026-03-25
부평동142,1,부산광역시 중구 중구로33번길 7,부산광역시 중구 부평동1가 29-1,35.1008246507,129.0275023555,2022,건축물,051-600-4697,부산광역시 중구청,2026-03-25
부평동143,1,부산광역시 중구 중구로33번길 11-9,부산광역시 중구 부평동1가 29-11,35.1007233899,129.0273819689,2022,건축물,051-600-4697,부산광역시 중구청,2026-03-25
부평동144,1,부산광역시 중구 중구로29번길 11-1,부산광역시 중구 부평동1가 30-2,35.1002350201,129.0272324770,2022,건축물,051-600-4697,부산광역시 중구청,2026-03-25
부평동145,1,부산광역시 중구 중구로29번길 18-5,부산광역시 중구 부평동1가 29-27,35.1006365973,129.0268706946,2022,건축물,051-600-4697,부산광역시 중구청,2026-03-25
부평동146,1,부산광역시 중구 중구로39번길 7-18,부산광역시 중구 부평동1가 23-3,35.1011077820,129.0275088203,2022,건축물,051-600-4697,부산광역시 중구청,2026-03-25
부평동148,1,부산광역시 중구 중구로39번길 11-3,부산광역시 중구 부평동1가 23-39,35.1011894771,129.0272473430,2022,건축물,051-600-4697,부산광역시 중구청,2026-03-25
부평동149,1,부산광역시 중구 중구로39번길 14,부산광역시 중구 부평동1가 20-41,35.1014809655,129.0271259366,2022,건축물,051-600-4697,부산광역시 중구청,2026-03-25
부평동150,1,부산광역시 중구 흑교로 34,부산광역시 중구 부평동2가 77,35.1024655069,129.0255894665,2022,건축물,051-600-4697,부산광역시 중구청,2026-03-25
부평동155,1,부산광역시 중구 중구로39번길 42-5,부산광역시 중구 부평동2가 70-16,35.1016413431,129.0256241178,2022,건축물,051-600-4697,부산광역시 중구청,2026-03-25
부평동158,1,부산광역시 중구 중구로33번길 32,부산광역시 중구 부평동2가 18-2,35.1011031450,129.0261857195,2022,건축물,051-600-4697,부산광역시 중구청,2026-03-25
부평동159,1,부산광역시 중구 중구로33번길 34,부산광역시 중구 부평동2가 18-6,35.1010965164,129.0260269945,2022,건축물,051-600-4697,부산광역시 중구청,2026-03-25
부평동160,1,부산광역시 중구 중구로39번길 33-1,부산광역시 중구 부평동2가 18-14,35.1012183517,129.0260433881,2022,건축물,051-600-4697,부산광역시 중구청,2026-03-25
부평동162,1,부산광역시 중구 부평2길 44,부산광역시 중구 부평동1가 20-30,35.1014451791,129.0265715103,2022,건축물,051-600-4697,부산광역시 중구청,2026-03-25
부평동164,1,부산광역시 중구 부평2길 37-1,부산광역시 중구 부평동2가 18-24,35.1011830070,129.0263517403,2022,건축물,051-600-4697,부산광역시 중구청,2026-03-25
부평동165,1,,부산광역시 중구 부평동1가 51-1,35.1006743317,129.0277780518,2022,건축물,051-600-4697,부산광역시 중구청,2026-03-25
부평동166,1,부산광역시 중구 부평2길 47,부산광역시 중구 부평동2가 15-1,35.1016107689,129.0263964329,2022,건축물,051-600-4697,부산광역시 중구청,2026-03-25
부평동167,1,부산광역시 중구 부평2길 50,부산광역시 중구 부평동1가 18-5,35.1016875273,129.0265971389,2022,건축물,051-600-4697,부산광역시 중구청,2026-03-25
부평동168,1,부산광역시 중구 부평2길 53,부산광역시 중구 부평동2가 13-1,35.1019135287,129.0264039283,2022,건축물,051-600-4697,부산광역시 중구청,2026-03-25
부평동172,1,부산광역시 중구 중구로43번길 46-1,부산광역시 중구 부평동2가 75-14,35.1020250395,129.0254476366,2022,건축물,051-600-4697,부산광역시 중구청,2026-03-25
부평동173,1,부산광역시 중구 중구로53번길 22,부산광역시 중구 부평동2가 79-8,35.1027658155,129.0256465732,2022,건축물,051-600-4697,부산광역시 중구청,2026-03-25
부평동174,2,부산광역시 중구 중구로53번길 20,부산광역시 중구 부평동2가 79-7,35.1027466812,129.0257992906,2022,건축물,051-600-4697,부산광역시 중구청,2026-03-25
부평동175,1,부산광역시 중구 부평1길 75-1,부산광역시 중구 부평동2가 79-3,35.1028964954,129.0258293163,2022,건축물,051-600-4697,부산광역시 중구청,2026-03-25
부평동176,1,,부산광역시 중구 부평동2가 7-7,35.1024274915,129.0262704063,2022,건축물,051-600-4697,부산광역시 중구청,2026-03-25
부평동177,1,부산광역시 중구 부평1길 68,부산광역시 중구 부평동2가 11-17,35.1025270958,129.0260130597,2022,건축물,051-600-4697,부산광역시 중구청,2026-03-25
부평동178,1,부산광역시 중구 부평1길 66-8,부산광역시 중구 부평동2가 11-30,35.1024179197,129.0261019205,2022,건축물,051-600-4697,부산광역시 중구청,2026-03-25
부평동179,1,,부산광역시 중구 부평동2가 7-14,35.1024518577,129.0263200051,2022,건축물,051-600-4697,부산광역시 중구청,2026-03-25
부평동180,1,부산광역시 중구 부평2길 67,부산광역시 중구 부평동2가 7-3,35.1024788489,129.0264570717,2022,건축물,051-600-4697,부산광역시 중구청,2026-03-25
부평동181,1,부산광역시 중구 대청로 60,부산광역시 중구 부평동2가 2,35.1028042906,129.0263584328,2022,건축물,051-600-4697,부산광역시 중구청,2026-03-25
부평동182,1,부산광역시 중구 중구로53번길 10-1,부산광역시 중구 부평동1가 2-27,35.1027200667,129.0269059487,2022,건축물,051-600-4697,부산광역시 중구청,2026-03-25
부평동183,1,부산광역시 중구 부평3길 33,부산광역시 중구 부평동1가 10-11,35.1025005698,129.0270442730,2022,건축물,051-600-4697,부산광역시 중구청,2026-03-25
부평동184,1,부산광역시 중구 중구로47번길 9,부산광역시 중구 부평동1가 14-5,35.1021144794,129.0274283772,2022,건축물,051-600-4697,부산광역시 중구청,2026-03-25
부평동187,1,부산광역시 중구 중구로39번길 19-10,부산광역시 중구 부평동1가 24-13,35.1011755905,129.0269353597,2022,건축물,051-600-4697,부산광역시 중구청,2026-03-25
부평동188,1,부산광역시 중구 부평2길 56,부산광역시 중구 부평동1가 16-2,35.1019663640,129.0266340885,2022,건축물,051-600-4697,부산광역시 중구청,2026-03-25
부평동192,1,부산광역시 중구 중구로47번길 31-24,부산광역시 중구 부평동2가 12-36,35.1020196482,129.0260774776,2022,건축물,051-600-4697,부산광역시 중구청,2026-03-25
부평동193,1,부산광역시 중구 부평1길 64,부산광역시 중구 부평동2가 11-4,35.1023194191,129.0260211875,2022,건축물,051-600-4697,부산광역시 중구청,2026-03-25
부평동195,1,부산광역시 중구 중구로47번길 18,부산광역시 중구 부평동1가 10-8,35.1023303142,129.0270349027,2022,건축물,051-600-4697,부산광역시 중구청,2026-03-25
부평동196,1,부산광역시 중구 부평3길 27,부산광역시 중구 부평동1가 15-42,35.1019485189,129.0270598795,2022,건축물,051-600-4697,부산광역시 중구청,2026-03-25
부평동197,1,부산광역시 중구 부평3길 29-7,부산광역시 중구 부평동1가 15-41,35.1019521837,129.0269593061,2022,건축물,051-600-4697,부산광역시 중구청,2026-03-25
부평동198,1,부산광역시 중구 중구로43번길 16,부산광역시 중구 부평동1가 15-43,35.1018587326,129.0270939520,2022,건축물,051-600-4697,부산광역시 중구청,2026-03-25
부평동199,1,부산광역시 중구 중구로47번길 20,부산광역시 중구 부평동1가 10-18,35.1023408967,129.0268547798,2022,건축물,051-600-4697,부산광역시 중구청,2026-03-25
부평동200,1,부산광역시 중구 부평2길 64,부산광역시 중구 부평동1가 9-2,35.1023065040,129.0266157543,2022,건축물,051-600-4697,부산광역시 중구청,2026-03-25
부평동202,1,부산광역시 중구 중구로47번길 30,부산광역시 중구 부평동2가 11-33,35.1023078723,129.0263345193,2022,건축물,051-600-4697,부산광역시 중구청,2026-03-25
부평동203,1,부산광역시 중구 중구로47번길 31-1,부산광역시 중구 부평동2가 12-3,35.1021607787,129.0261579498,2022,건축물,051-600-4697,부산광역시 중구청,2026-03-25
부평동204,1,부산광역시 중구 중구로47번길 31-10,부산광역시 중구 부평동2가 12-26,35.1020534271,129.0261592400,2022,건축물,051-600-4697,부산광역시 중구청,2026-03-25
부평동205,1,부산광역시 중구 보수대로24번길 9-1,부산광역시 중구 부평동2가 35-3,35.0990722881,129.0261459773,2022,건축물,051-600-4697,부산광역시 중구청,2026-03-25
부평동207,1,부산광역시 중구 부평1길 5,부산광역시 중구 부평동2가 55-5,35.0997277897,129.0256346614,2022,건축물,051-600-4697,부산광역시 중구청,2026-03-25
부평동208,1,부산광역시 중구 중구로 35-2,부산광역시 중구 부평동1가 22-8,35.1010963833,129.0277107415,2022,건축물,051-600-4697,부산광역시 중구청,2026-03-25
부평동209,1,부산광역시 중구 부평2길 36,부산광역시 중구 부평동1가 27-10,35.1010731653,129.0265504570,2022,건축물,051-600-4697,부산광역시 중구청,2026-03-25
부평동210,1,부산광역시 중구 중구로43번길 45,부산광역시 중구 부평동2가 70-9,35.1017735395,129.0254519401,2022,건축물,051-600-4697,부산광역시 중구청,2026-03-25
부평동212,1,부산광역시 중구 부평2길 55,부산광역시 중구 부평동2가 12-21,35.1020142760,129.0263125569,2022,건축물,051-600-4697,부산광역시 중구청,2026-03-25
부평동213,1,부산광역시 중구 부평2길 55-1,부산광역시 중구 부평동2가 12-22,35.1020142760,129.0263125569,2022,건축물,051-600-4697,부산광역시 중구청,2026-03-25
부평동214,1,부산광역시 중구 부평3길 29-16,부산광역시 중구 부평동1가 15-24,35.1020504749,129.0267831103,2022,건축물,051-600-4697,부산광역시 중구청,2026-03-25
부평동215,1,부산광역시 중구 부평3길 29,부산광역시 중구 부평동1가 15-20,35.1020375329,129.0270612067,2022,건축물,051-600-4697,부산광역시 중구청,2026-03-25
부평동216,1,부산광역시 중구 부평3길 28-1,부산광역시 중구 부평동1가 13-8,35.1019324599,129.0273303321,2022,건축물,051-600-4697,부산광역시 중구청,2026-03-25
부평동217,1,부산광역시 중구 중구로 45-6,부산광역시 중구 부평동1가 13-28,35.1020117467,129.0275845048,2022,건축물,051-600-4697,부산광역시 중구청,2026-03-25
부평동218,1,부산광역시 중구 중구로 45-5,부산광역시 중구 부평동1가 13-7,35.1019206530,129.0275674447,2022,건축물,051-600-4697,부산광역시 중구청,2026-03-25
부평동219,1,부산광역시 중구 중구로43번길 16-2,부산광역시 중구 부평동1가 15-45,35.1018599880,129.0270081226,2022,건축물,051-600-4697,부산광역시 중구청,2026-03-25
부평동220,1,부산광역시 중구 중구로43번길 20-1,부산광역시 중구 부평동1가 15-59,35.1018672254,129.0268070833,2022,건축물,051-600-4697,부산광역시 중구청,2026-03-25
부평동222,1,부산광역시 중구 흑교로25번길 10-3,부산광역시 중구 부평동3가 71-6,35.1021232800,129.0240498666,2022,건축물,051-600-4697,부산광역시 중구청,2026-03-25
부평동223,1,부산광역시 중구 중구로 31-1,부산광역시 중구 부평동1가 29-97,35.1007239858,129.0275618168,2022,건축물,051-600-4697,부산광역시 중구청,2026-03-25
부평동224,1,부산광역시 중구 광복로 7,부산광역시 중구 부평동2가 28-3,35.0996208782,129.0259061480,2022,건축물,051-600-4697,부산광역시 중구청,2026-03-25
부평동225,1,부산광역시 중구 흑교로17번길 14-14,부산광역시 중구 부평동4가 24-6,35.1012711118,129.0234517887,2023,건축물,051-600-4697,부산광역시 중구청,2026-03-25
부평동226,1,부산광역시 중구 흑교로17번길 9-1,부산광역시 중구 부평동3가 62-20,35.1009085940,129.0241086503,2023,건축물,051-600-4697,부산광역시 중구청,2026-03-25
부평동227,1,,부산광역시 중구 부평동2가 20-21,35.1006535285,129.0259042437,2023,건축물,051-600-4697,부산광역시 중구청,2026-03-25
부평동228,1,부산광역시 중구 흑교로 16-1,부산광역시 중구 부평동2가 66-5,35.1008721420,129.0253034227,2023,건축물,051-600-4697,부산광역시 중구청,2026-03-25
부평동229,1,,부산광역시 중구 부평동1가 37-26,35.0992315990,129.0269608411,2023,건축물,051-600-4697,부산광역시 중구청,2026-03-25
부평동230,1,부산광역시 중구 중구로39번길 42,부산광역시 중구 부평동2가 70-19,35.1015168588,129.0256422007,2023,건축물,051-600-4697,부산광역시 중구청,2026-03-25
부평동231,1,부산광역시 중구 중구로23번길 46-1,부산광역시 중구 부평동2가 63-5,35.1002127615,129.0254484087,2024,건축물,051-600-4697,부산광역시 중구청,2026-03-25
부평동232,1,,부산광역시 중구 부평동2가 29-7,35.0995814415,129.0259758324,2024,건축물,051-600-4697,부산광역시 중구청,2026-03-25
부평동233,1,부산광역시 중구 부평1길 68,부산광역시 중구 부평동2가 11-17,35.1025270958,129.0260130597,2025,건축물,051-600-4697,부산광역시 중구청,2026-03-25
부평동234,1,부산광역시 중구 중구로33번길 41,부산광역시 중구 부평동2가 66-15,35.1009186196,129.0256121540,2025,건축물,051-600-4697,부산광역시 중구청,2026-03-25
부평동235,1,부산광역시 중구 보수대로44번길 24-4,부산광역시 중구 부평동3가 76-19,35.1025038954,129.0240847192,2025,건축물,051-600-4697,부산광역시 중구청,2026-03-25
부평동X,1,부산광역시 중구 부평1길 8-1,부산광역시 중구 부평동2가 26-32,35.0998385957,129.0258580256,2024,건축물,051-600-4697,부산광역시 중구청,2026-03-25
영주1동001,2,,부산광역시 중구 영주동 2-199,35.1148972054,129.0343030548,2022,건축물,051-600-4697,부산광역시 중구청,2026-03-25
영주1동002,1,,부산광역시 중구 영주동 2-2,35.1152196095,129.0340759697,2022,건축물,051-600-4697,부산광역시 중구청,2026-03-25
영주1동003,1,부산광역시 중구 영초길 135-5,부산광역시 중구 영주동 2,35.1149414963,129.0339638027,2022,건축물,051-600-4697,부산광역시 중구청,2026-03-25
영주1동004,1,부산광역시 중구 영초길 135-7,부산광역시 중구 영주동 2-130,35.1150454442,129.0337626139,2022,건축물,051-600-4697,부산광역시 중구청,2026-03-25
영주1동005,1,,부산광역시 중구 영주동 산 1-1,35.1144639806,129.0336514294,2022,건축물,051-600-4697,부산광역시 중구청,2026-03-25
영주1동006,1,,부산광역시 중구 영주동 1-971,35.1154862380,129.0336408126,2022,건축물,051-600-4697,부산광역시 중구청,2026-03-25
영주1동007,1,부산광역시 중구 영초길 135-9,부산광역시 중구 영주동 2-78,35.1151671152,129.0335685551,2022,건축물,051-600-4697,부산광역시 중구청,2026-03-25
영주1동008,1,,부산광역시 중구 영주동 2-86,35.1154093355,129.0334053770,2022,건축물,051-600-4697,부산광역시 중구청,2026-03-25
영주1동009,2,,부산광역시 중구 영주동 2-51,35.1149962086,129.0330478788,2022,건축물,051-600-4697,부산광역시 중구청,2026-03-25
영주1동010,1,,부산광역시 중구 영주동 774,35.1141530962,129.0354373564,2022,건축물,051-600-4697,부산광역시 중구청,2026-03-25
영주1동011,1,,부산광역시 중구 영주동 5-28,35.1134153275,129.0339181552,2022,건축물,051-600-4697,부산광역시 중구청,2026-03-25
영주1동012,1,부산광역시 중구 초량상로7번길 20-1,부산광역시 중구 영주동 73-4,35.1132956293,129.0332851481,2022,건축물,051-600-4697,부산광역시 중구청,2026-03-25
영주1동013,2,,부산광역시 중구 영주동 73-19,35.1135964517,129.0336449313,2022,건축물,051-600-4697,부산광역시 중구청,2026-03-25
영주1동014,1,부산광역시 중구 초량상로5번길 14-12,부산광역시 중구 영주동 62-66,35.1129913065,129.0344983292,2022,건축물,051-600-4697,부산광역시 중구청,2026-03-25
영주1동015,1,부산광역시 중구 초량상로7번길 9,부산광역시 중구 영주동 62-42,35.1130752713,129.0344353824,2022,건축물,051-600-4697,부산광역시 중구청,2026-03-25
영주1동016,1,부산광역시 중구 초량상로5번길 16,부산광역시 중구 영주동 62-5,35.1129396536,129.0343328680,2022,건축물,051-600-4697,부산광역시 중구청,2026-03-25
영주1동017,1,부산광역시 중구 초량상로5번길 14-32,부산광역시 중구 영주동 62-95,35.1131127300,129.0341258358,2022,건축물,051-600-4697,부산광역시 중구청,2026-03-25
영주1동018,1,부산광역시 중구 초량상로5번길 18,부산광역시 중구 영주동 62-9,35.1130004824,129.0341772224,2022,건축물,051-600-4697,부산광역시 중구청,2026-03-25
영주1동019,1,,부산광역시 중구 영주동 62-113,35.1129604294,129.0333403559,2022,건축물,051-600-4697,부산광역시 중구청,2026-03-25
영주1동020,1,부산광역시 중구 대영로215번길 4,부산광역시 중구 영주동 60-13,35.1126846919,129.0345755896,2022,건축물,051-600-4697,부산광역시 중구청,2026-03-25
영주1동021,1,부산광역시 중구 초량상로5번길 19,부산광역시 중구 영주동 60-40,35.1127470521,129.0341301242,2022,건축물,051-600-4697,부산광역시 중구청,2026-03-25
영주1동022,1,부산광역시 중구 대영로215번길 2,부산광역시 중구 영주동 60-73,35.1125162244,129.0345778709,2022,건축물,051-600-4697,부산광역시 중구청,2026-03-25
영주1동023,1,부산광역시 중구 대영로 219,부산광역시 중구 영주동 58-28,35.1123496664,129.0347777149,2022,건축물,051-600-4697,부산광역시 중구청,2026-03-25
영주1동024,1,부산광역시 중구 초량상로 5,부산광역시 중구 영주동 60-48,35.1126492154,129.0349763196,2022,건축물,051-600-4697,부산광역시 중구청,2026-03-25
영주1동025,1,부산광역시 중구 초량상로 6,부산광역시 중구 영주동 52-1,35.1125424944,129.0353532332,2022,건축물,051-600-4697,부산광역시 중구청,2026-03-25
영주1동026,1,부산광역시 중구 대영로 225-1,부산광역시 중구 영주동 58-19,35.1123210603,129.0354131975,2022,건축물,051-600-4697,부산광역시 중구청,2026-03-25
영주1동027,1,부산광역시 중구 대영로 227,부산광역시 중구 영주동 49-10,35.1123268749,129.0355498810,2022,건축물,051-600-4697,부산광역시 중구청,2026-03-25
영주1동028,1,부산광역시 중구 대영로 227-16,부산광역시 중구 영주동 50-12,35.1123879436,129.0356053578,2022,건축물,051-600-4697,부산광역시 중구청,2026-03-25
영주1동029,1,,부산광역시 중구 영주동 54-7,35.1123784449,129.0354235808,2022,건축물,051-600-4697,부산광역시 중구청,2026-03-25
영주1동030,1,부산광역시 중구 대영로 227-1,부산광역시 중구 영주동 49-8,35.1123021976,129.0356455570,2022,건축물,051-600-4697,부산광역시 중구청,2026-03-25
영주1동031,1,부산광역시 중구 초량중로6번길 4,부산광역시 중구 영주동 23-14,35.1125178598,129.0363153034,2022,건축물,051-600-4697,부산광역시 중구청,2026-03-25
영주1동032,1,부산광역시 중구 대영로 235,부산광역시 중구 영주동 23-3,35.1123711738,129.0364049816,2022,건축물,051-600-4697,부산광역시 중구청,2026-03-25
영주1동033,1,부산광역시 중구 대영로 237,부산광역시 중구 영주동 25-3,35.1123711738,129.0364049816,2022,건축물,051-600-4697,부산광역시 중구청,2026-03-25
영주1동034,1,부산광역시 중구 대영로 241-1,부산광역시 중구 영주동 30-2,35.1123368049,129.0372219332,2022,건축물,051-600-4697,부산광역시 중구청,2026-03-25
영주1동035,1,부산광역시 중구 초량중로6번길 18,부산광역시 중구 영주동 28-2,35.1123998844,129.0370934354,2022,건축물,051-600-4697,부산광역시 중구청,2026-03-25
영주1동036,1,부산광역시 중구 초량중로6번길 22,부산광역시 중구 영주동 30-3,35.1124176786,129.0372518030,2022,건축물,051-600-4697,부산광역시 중구청,2026-03-25
영주1동037,1,부산광역시 중구 대영로243번길 6-2,부산광역시 중구 영주동 31-9,35.1125363518,129.0374668596,2022,건축물,051-600-4697,부산광역시 중구청,2026-03-25
영주1동038,1,부산광역시 중구 대영로243번길 6-1,부산광역시 중구 영주동 31-10,35.1125001567,129.0374595974,2022,건축물,051-600-4697,부산광역시 중구청,2026-03-25
영주1동039,1,부산광역시 중구 대영로 243,부산광역시 중구 영주동 31-3,35.1123384836,129.0374276056,2022,건축물,051-600-4697,부산광역시 중구청,2026-03-25
영주1동040,1,부산광역시 중구 초량중로6번길 21,부산광역시 중구 영주동 29-1,35.1125579186,129.0372775579,2022,건축물,051-600-4697,부산광역시 중구청,2026-03-25
영주1동041,1,부산광역시 중구 초량중로6번길 17,부산광역시 중구 영주동 29-2,35.1125938080,129.0370349841,2022,건축물,051-600-4697,부산광역시 중구청,2026-03-25
영주1동042,1,부산광역시 중구 중동길 60,부산광역시 중구 영주동 20-2,35.1127078248,129.0366693309,2022,건축물,051-600-4697,부산광역시 중구청,2026-03-25
영주1동043,1,부산광역시 중구 중동길 78,부산광역시 중구 영주동 32-10,35.1124903962,129.0376756234,2022,건축물,051-600-4697,부산광역시 중구청,2026-03-25
영주1동044,1,부산광역시 중구 초량상로12번길 5,부산광역시 중구 영주동 19-11,35.1128905892,129.0358752601,2022,건축물,051-600-4697,부산광역시 중구청,2026-03-25
영주1동045,1,부산광역시 중구 초량상로12번길 4-1,부산광역시 중구 영주동 17-7,35.1128323562,129.0356724563,2022,건축물,051-600-4697,부산광역시 중구청,2026-03-25
영주1동046,1,부산광역시 중구 초량상로16번길 5-2,부산광역시 중구 영주동 16-17,35.1130573689,129.0357588820,2022,건축물,051-600-4697,부산광역시 중구청,2026-03-25
영주1동047,1,부산광역시 중구 초량상로12번길 3,부산광역시 중구 영주동 16-19,35.1129991115,129.0356916301,2022,건축물,051-600-4697,부산광역시 중구청,2026-03-25
영주1동048,1,부산광역시 중구 초량상로16번길 3-2,부산광역시 중구 영주동 15-1,35.1132026808,129.0359172433,2022,건축물,051-600-4697,부산광역시 중구청,2026-03-25
영주1동049,1,부산광역시 중구 초량상로16번길 3,부산광역시 중구 영주동 16-11,35.1133571761,129.0358186550,2022,건축물,051-600-4697,부산광역시 중구청,2026-03-25
영주1동050,1,부산광역시 중구 초량상로16번길 4-4,부산광역시 중구 영주동 16-30,35.1132027768,129.0356057804,2022,건축물,051-600-4697,부산광역시 중구청,2026-03-25
영주1동051,1,부산광역시 중구 중동길 34-5,부산광역시 중구 영주동 16-10,35.1134129211,129.0358638009,2022,건축물,051-600-4697,부산광역시 중구청,2026-03-25
영주1동052,1,부산광역시 중구 중동길 40,부산광역시 중구 영주동 13-19,35.1133952366,129.0359616262,2022,건축물,051-600-4697,부산광역시 중구청,2026-03-25
영주1동053,1,부산광역시 중구 중동길 46,부산광역시 중구 영주동 13-28,35.1130440211,129.0359740528,2022,건축물,051-600-4697,부산광역시 중구청,2026-03-25
영주1동054,1,부산광역시 중구 초량상로 11-1,부산광역시 중구 영주동 8-18,35.1131560736,129.0353335121,2022,건축물,051-600-4697,부산광역시 중구청,2026-03-25
영주1동055,1,부산광역시 중구 초량상로 14-2,부산광역시 중구 영주동 16-27,35.1133516202,129.0356505006,2022,건축물,051-600-4697,부산광역시 중구청,2026-03-25
영주1동056,1,부산광역시 중구 초량상로 13,부산광역시 중구 영주동 5,35.1136158444,129.0352534838,2022,건축물,051-600-4697,부산광역시 중구청,2026-03-25
영주1동057,1,부산광역시 중구 초량상로 13-7,부산광역시 중구 영주동 6-4,35.1132780782,129.0351304754,2022,건축물,051-600-4697,부산광역시 중구청,2026-03-25
영주1동058,2,부산광역시 중구 초량상로 9-7,부산광역시 중구 영주동 18-19,35.1130358137,129.0350463637,2022,건축물,051-600-4697,부산광역시 중구청,2026-03-25
영주1동059,1,,부산광역시 중구 영주동 140-25,35.1123138485,129.0327219782,2022,건축물,051-600-4697,부산광역시 중구청,2026-03-25
영주1동060,1,부산광역시 중구 동영로64번길 18-1,부산광역시 중구 영주동 143-7,35.1120272590,129.0327085710,2022,건축물,051-600-4697,부산광역시 중구청,2026-03-25
영주1동061,1,부산광역시 중구 임소길18번길 5-1,부산광역시 중구 영주동 144-33,35.1118066352,129.0327095604,2022,건축물,051-600-4697,부산광역시 중구청,2026-03-25
영주1동062,1,부산광역시 중구 임소길 24,부산광역시 중구 영주동 467-162,35.1115956602,129.0328444758,2022,건축물,051-600-4697,부산광역시 중구청,2026-03-25
영주1동063,1,부산광역시 중구 임소길 29-3,부산광역시 중구 영주동 497-2,35.1113210090,129.0327945525,2022,건축물,051-600-4697,부산광역시 중구청,2026-03-25
영주1동064,1,부산광역시 중구 동영로 52-6,부산광역시 중구 영주동 497-7,35.1112245297,129.0328246174,2022,건축물,051-600-4697,부산광역시 중구청,2026-03-25
영주1동065,1,부산광역시 중구 동영로 52-4,부산광역시 중구 영주동 497-9,35.1111484656,129.0328141735,2022,건축물,051-600-4697,부산광역시 중구청,2026-03-25
영주1동066,1,부산광역시 중구 동영로22번길 57-11,부산광역시 중구 영주동 497-8,35.1111640281,129.0329823525,2022,건축물,051-600-4697,부산광역시 중구청,2026-03-25
영주1동067,1,부산광역시 중구 동영로22번길 57-5,부산광역시 중구 영주동 526-64,35.1111083620,129.0332600748,2022,건축물,051-600-4697,부산광역시 중구청,2026-03-25
영주1동068,1,부산광역시 중구 동영로22번길 65-9,부산광역시 중구 영주동 526-100,35.1111837270,129.0331134568,2022,건축물,051-600-4697,부산광역시 중구청,2026-03-25
영주1동069,2,,부산광역시 중구 영주동 526-147,35.1106751131,129.0336037312,2022,건축물,051-600-4697,부산광역시 중구청,2026-03-25
영주1동070,1,부산광역시 중구 동영로 44,부산광역시 중구 영주동 534-222,35.1106292883,129.0334432687,2022,건축물,051-600-4697,부산광역시 중구청,2026-03-25
영주1동071,1,,부산광역시 중구 영주동 491,35.1115833244,129.0331238437,2022,건축물,051-600-4697,부산광역시 중구청,2026-03-25
영주1동072,1,부산광역시 중구 임소길18번길 3,부산광역시 중구 영주동 467-32,35.1118169324,129.0329176392,2022,건축물,051-600-4697,부산광역시 중구청,2026-03-25
영주1동073,1,부산광역시 중구 임소길18번길 3-9,부산광역시 중구 영주동 467-158,35.1116689557,129.0328480515,2022,건축물,051-600-4697,부산광역시 중구청,2026-03-25
영주1동074,1,부산광역시 중구 임소길18번길 5,부산광역시 중구 영주동 467-187,35.1118084417,129.0328221258,2022,건축물,051-600-4697,부산광역시 중구청,2026-03-25
영주1동075,1,부산광역시 중구 임소길18번길 6,부산광역시 중구 영주동 143-46,35.1119355887,129.0327689147,2022,건축물,051-600-4697,부산광역시 중구청,2026-03-25
영주1동076,1,부산광역시 중구 동영로86번길 10-9,부산광역시 중구 영주동 467-53,35.1122714600,129.0329728003,2022,건축물,051-600-4697,부산광역시 중구청,2026-03-25
영주1동077,1,부산광역시 중구 임소길16번길 4,부산광역시 중구 영주동 474-8,35.1118519576,129.0332793209,2022,건축물,051-600-4697,부산광역시 중구청,2026-03-25
영주1동078,1,부산광역시 중구 임소길16번길 7,부산광역시 중구 영주동 467-91,35.1120551473,129.0331733848,2022,건축물,051-600-4697,부산광역시 중구청,2026-03-25
영주1동079,1,부산광역시 중구 임소길18번길 4-7,부산광역시 중구 영주동 467-189,35.1119828344,129.0330736532,2022,건축물,051-600-4697,부산광역시 중구청,2026-03-25
영주1동080,1,부산광역시 중구 임소길18번길 4-9,부산광역시 중구 영주동 467-188,35.1120491809,129.0330724504,2022,건축물,051-600-4697,부산광역시 중구청,2026-03-25
영주1동081,1,,부산광역시 중구 영주동 467-1,35.1122603076,129.0333490877,2022,건축물,051-600-4697,부산광역시 중구청,2026-03-25
영주1동082,1,부산광역시 중구 동영로86번길 12,부산광역시 중구 영주동 467-12,35.1123553671,129.0331334678,2022,건축물,051-600-4697,부산광역시 중구청,2026-03-25
영주1동083,1,,부산광역시 중구 영주동 472-22,35.1120303896,129.0335247260,2022,건축물,051-600-4697,부산광역시 중구청,2026-03-25
영주1동084,1,부산광역시 중구 임소길 4-23,부산광역시 중구 영주동 472-6,35.1122207109,129.0334730586,2022,건축물,051-600-4697,부산광역시 중구청,2026-03-25
영주1동085,1,,부산광역시 중구 영주동 772-142,35.1121318802,129.0337198746,2022,건축물,051-600-4697,부산광역시 중구청,2026-03-25
영주1동086,1,부산광역시 중구 임소길 4-7,부산광역시 중구 영주동 471-8,35.1120622184,129.0337562341,2022,건축물,051-600-4697,부산광역시 중구청,2026-03-25
영주1동087,1,부산광역시 중구 임소길 4,부산광역시 중구 영주동 471-1,35.1119627726,129.0338556450,2022,건축물,051-600-4697,부산광역시 중구청,2026-03-25
영주1동088,1,부산광역시 중구 임소길 3-8,부산광역시 중구 영주동 517-2,35.1116471712,129.0341247138,2022,건축물,051-600-4697,부산광역시 중구청,2026-03-25
영주1동089,1,부산광역시 중구 중구로185번길 6,부산광역시 중구 영주동 521-5,35.1114503717,129.0339519187,2022,건축물,051-600-4697,부산광역시 중구청,2026-03-25
영주1동090,1,부산광역시 중구 중구로 187-11,부산광역시 중구 영주동 517-11,35.1115681290,129.0341252711,2022,건축물,051-600-4697,부산광역시 중구청,2026-03-25
영주1동091,1,부산광역시 중구 중구로185번길 6-3,부산광역시 중구 영주동 521-7,35.1114020713,129.0340269376,2022,건축물,051-600-4697,부산광역시 중구청,2026-03-25
영주1동092,2,부산광역시 중구 중구로185번길 4,부산광역시 중구 영주동 517-6,35.1113262406,129.0342495438,2022,건축물,051-600-4697,부산광역시 중구청,2026-03-25
영주1동093,2,부산광역시 중구 중구로185번길 10,부산광역시 중구 영주동 509-4,35.1115549809,129.0337703853,2022,건축물,051-600-4697,부산광역시 중구청,2026-03-25
영주1동094,1,부산광역시 중구 임소길 7-1,부산광역시 중구 영주동 510-16,35.1117329591,129.0338403912,2022,건축물,051-600-4697,부산광역시 중구청,2026-03-25
영주1동095,1,부산광역시 중구 임소길 10,부산광역시 중구 영주동 472-13,35.1119375771,129.0336440151,2022,건축물,051-600-4697,부산광역시 중구청,2026-03-25
영주1동096,1,부산광역시 중구 임소길 14,부산광역시 중구 영주동 474-5,35.1118821978,129.0333675883,2022,건축물,051-600-4697,부산광역시 중구청,2026-03-25
영주1동097,1,,부산광역시 중구 영주동 489-2,35.1116154305,129.0331837743,2022,건축물,051-600-4697,부산광역시 중구청,2026-03-25
영주1동098,1,부산광역시 중구 임소길15번길 6,부산광역시 중구 영주동 502-1,35.1114912220,129.0333811218,2022,건축물,051-600-4697,부산광역시 중구청,2026-03-25
영주1동099,1,부산광역시 중구 임소길15번길 14,부산광역시 중구 영주동 525-49,35.1112923301,129.0336444280,2022,건축물,051-600-4697,부산광역시 중구청,2026-03-25
영주1동100,1,부산광역시 중구 임소길15번길 12-7,부산광역시 중구 영주동 526-99,35.1112199194,129.0335988706,2022,건축물,051-600-4697,부산광역시 중구청,2026-03-25
영주1동101,1,부산광역시 중구 임소길15번길 17,부산광역시 중구 영주동 525-19,35.1112245223,129.0339045208,2022,건축물,051-600-4697,부산광역시 중구청,2026-03-25
영주1동102,1,,부산광역시 중구 영주동 525-97,35.1111443225,129.0341571751,2022,건축물,051-600-4697,부산광역시 중구청,2026-03-25
영주1동103,1,부산광역시 중구 중구로185번길 1-4,부산광역시 중구 영주동 525-15,35.1111530477,129.0340770069,2022,건축물,051-600-4697,부산광역시 중구청,2026-03-25
영주1동104,1,부산광역시 중구 임소길15번길 23,부산광역시 중구 영주동 525-23,35.1110534409,129.0341215783,2022,건축물,051-600-4697,부산광역시 중구청,2026-03-25
영주1동105,1,부산광역시 중구 임소길15번길 22-3,부산광역시 중구 영주동 525-36,35.1108680367,129.0338712037,2022,건축물,051-600-4697,부산광역시 중구청,2026-03-25
영주1동106,2,부산광역시 중구 중구로181번길 6,부산광역시 중구 영주동 525-32,35.1108789441,129.0340857657,2022,건축물,051-600-4697,부산광역시 중구청,2026-03-25
영주1동107,2,부산광역시 중구 중구로181번길 8,부산광역시 중구 영주동 525-37,35.1108002573,129.0339255591,2022,건축물,051-600-4697,부산광역시 중구청,2026-03-25
영주1동108,1,부산광역시 중구 중구로181번길 5,부산광역시 중구 영주동 525-57,35.1107291021,129.0340145951,2022,건축물,051-600-4697,부산광역시 중구청,2026-03-25
영주1동109,1,부산광역시 중구 중구로181번길 13,부산광역시 중구 영주동 526-84,35.1105845349,129.0337687461,2022,건축물,051-600-4697,부산광역시 중구청,2026-03-25
영주1동110,1,부산광역시 중구 중구로181번길 2,부산광역시 중구 영주동 525-29,35.1109489018,129.0342613284,2022,건축물,051-600-4697,부산광역시 중구청,2026-03-25
영주1동111,1,부산광역시 중구 중구로179번길 7-2,부산광역시 중구 영주동 534-187,35.1102316522,129.0342402067,2022,건축물,051-600-4697,부산광역시 중구청,2026-03-25
영주1동112,1,부산광역시 중구 중구로179번길 1-6,부산광역시 중구 영주동 543-5,35.1104328635,129.0341984908,2022,건축물,051-600-4697,부산광역시 중구청,2026-03-25
영주1동113,1,부산광역시 중구 중구로179번길 3,부산광역시 중구 영주동 543-2,35.1104880282,129.0341440416,2022,건축물,051-600-4697,부산광역시 중구청,2026-03-25
영주1동114,1,부산광역시 중구 중구로179번길 6,부산광역시 중구 영주동 777-5,35.1104731124,129.0339857499,2022,건축물,051-600-4697,부산광역시 중구청,2026-03-25
영주1동115,1,부산광역시 중구 중구로179번길 1-8,부산광역시 중구 영주동 543-6,35.1103958521,129.0342881557,2022,건축물,051-600-4697,부산광역시 중구청,2026-03-25
영주1동116,1,,부산광역시 중구 영주동 543-3,35.1104931030,129.0344498596,2022,건축물,051-600-4697,부산광역시 중구청,2026-03-25
영주1동117,1,,부산광역시 중구 영주동 525-2,35.1108698659,129.0344155671,2022,건축물,051-600-4697,부산광역시 중구청,2026-03-25
영주1동118,1,,부산광역시 중구 영주동 673-1,35.1102162315,129.0347913623,2022,건축물,051-600-4697,부산광역시 중구청,2026-03-25
영주1동119,1,,부산광역시 중구 영주동 674-5,35.1101629052,129.0347136407,2022,건축물,051-600-4697,부산광역시 중구청,2026-03-25
영주1동120,1,부산광역시 중구 중구로171번길 2-12,부산광역시 중구 영주동 542-2,35.1102513104,129.0345132179,2022,건축물,051-600-4697,부산광역시 중구청,2026-03-25
영주1동121,1,부산광역시 중구 중구로171번길 2-16,부산광역시 중구 영주동 534-156,35.1101750061,129.0343829007,2022,건축물,051-600-4697,부산광역시 중구청,2026-03-25
영주1동122,1,부산광역시 중구 중구로179번길 7-1,부산광역시 중구 영주동 534-154,35.1102335971,129.0343498124,2022,건축물,051-600-4697,부산광역시 중구청,2026-03-25
영주1동123,1,부산광역시 중구 중구로171번길 8-8,부산광역시 중구 영주동 534-185,35.1100487385,129.0343622148,2022,건축물,051-600-4697,부산광역시 중구청,2026-03-25
영주1동124,1,부산광역시 중구 중구로171번길 8-10,부산광역시 중구 영주동 534-186,35.1101287873,129.0343070685,2022,건축물,051-600-4697,부산광역시 중구청,2026-03-25
영주1동125,1,부산광역시 중구 동영로22번길 34,부산광역시 중구 영주동 534-199,35.1100661701,129.0341344317,2022,건축물,051-600-4697,부산광역시 중구청,2026-03-25
영주1동126,1,부산광역시 중구 동영로22번길 28,부산광역시 중구 영주동 534-207,35.1098032847,129.0343231027,2022,건축물,051-600-4697,부산광역시 중구청,2026-03-25
영주1동127,1,,부산광역시 중구 영주동 534-206,35.1098334149,129.0343984448,2022,건축물,051-600-4697,부산광역시 중구청,2026-03-25
영주1동128,1,부산광역시 중구 중구로171번길 6-4,부산광역시 중구 영주동 534-162,35.1100366359,129.0344980102,2022,건축물,051-600-4697,부산광역시 중구청,2026-03-25
영주1동129,1,부산광역시 중구 중구로171번길 7-4,부산광역시 중구 영주동 534-179,35.1097582147,129.0344633421,2022,건축물,051-600-4697,부산광역시 중구청,2026-03-25
영주1동130,1,부산광역시 중구 중구로171번길 3-16,부산광역시 중구 영주동 534-170,35.1098513691,129.0346957384,2022,건축물,051-600-4697,부산광역시 중구청,2026-03-25
영주1동131,1,부산광역시 중구 중구로169번길 2-8,부산광역시 중구 영주동 537-7,35.1098474746,129.0348257059,2022,건축물,051-600-4697,부산광역시 중구청,2026-03-25
영주1동132,1,부산광역시 중구 중구로169번길 4-1,부산광역시 중구 영주동 537-37,35.1096636613,129.0349529537,2022,건축물,051-600-4697,부산광역시 중구청,2026-03-25
영주1동133,1,부산광역시 중구 중구로169번길 6-6,부산광역시 중구 영주동 537-15,35.1096354841,129.0348116609,2022,건축물,051-600-4697,부산광역시 중구청,2026-03-25
영주1동134,1,부산광역시 중구 중구로169번길 6-12,부산광역시 중구 영주동 537-20,35.1095423611,129.0346740174,2022,건축물,051-600-4697,부산광역시 중구청,2026-03-25
영주1동135,1,부산광역시 중구 중구로169번길 8,부산광역시 중구 영주동 537-41,35.1095054866,129.0348789435,2022,건축물,051-600-4697,부산광역시 중구청,2026-03-25
영주1동136,1,부산광역시 중구 중구로 151,부산광역시 중구 영주동 742-13,35.1088998395,129.0348126690,2022,건축물,051-600-4697,부산광역시 중구청,2026-03-25
영주1동137,1,,부산광역시 중구 영주동 743-266,35.1089136992,129.0345144283,2022,건축물,051-600-4697,부산광역시 중구청,2026-03-25
영주1동138,1,부산광역시 중구 중구로 158,부산광역시 중구 영주동 743-14,35.1090427320,129.0359360148,2022,건축물,051-600-4697,부산광역시 중구청,2026-03-25
영주1동139,1,부산광역시 중구 중구로 160,부산광역시 중구 영주동 743-33,35.1092343142,129.0359632629,2022,건축물,051-600-4697,부산광역시 중구청,2026-03-25
영주1동140,1,부산광역시 중구 중구로156번길 7,부산광역시 중구 영주동 743-12,35.1092955473,129.0361644875,2022,건축물,051-600-4697,부산광역시 중구청,2026-03-25
영주1동141,1,부산광역시 중구 중구로 162-21,부산광역시 중구 영주동 744-10,35.1094985820,129.0361483742,2022,건축물,051-600-4697,부산광역시 중구청,2026-03-25
영주1동142,1,,부산광역시 중구 영주동 741-3,35.1094475768,129.0356664416,2022,건축물,051-600-4697,부산광역시 중구청,2026-03-25
영주1동143,1,부산광역시 중구 중구로 164-12,부산광역시 중구 영주동 743-25,35.1095900356,129.0358328377,2022,건축물,051-600-4697,부산광역시 중구청,2026-03-25
영주1동144,1,부산광역시 중구 중구로 162,부산광역시 중구 영주동 743-24,35.1094890982,129.0358439250,2022,건축물,051-600-4697,부산광역시 중구청,2026-03-25
영주1동145,1,부산광역시 중구 중구로 168,부산광역시 중구 영주동 696,35.1098583836,129.0354264008,2022,건축물,051-600-4697,부산광역시 중구청,2026-03-25
영주1동146,1,부산광역시 중구 중구로172번길 8,부산광역시 중구 영주동 701-1,35.1099008329,129.0356353843,2022,건축물,051-600-4697,부산광역시 중구청,2026-03-25
영주1동147,1,부산광역시 중구 중구로172번길 12,부산광역시 중구 영주동 713,35.1098982048,129.0358615609,2022,건축물,051-600-4697,부산광역시 중구청,2026-03-25
영주1동148,1,부산광역시 중구 중구로172번길 11,부산광역시 중구 영주동 712-3,35.1098534901,129.0360449072,2022,건축물,051-600-4697,부산광역시 중구청,2026-03-25
영주1동149,1,부산광역시 중구 중구로172번길 15-7,부산광역시 중구 영주동 728-7,35.1097045163,129.0363351058,2022,건축물,051-600-4697,부산광역시 중구청,2026-03-25
영주1동150,1,부산광역시 중구 중구로172번길 15,부산광역시 중구 영주동 728-8,35.1096454046,129.0363133465,2022,건축물,051-600-4697,부산광역시 중구청,2026-03-25
영주1동151,1,,부산광역시 중구 영주동 751-30,35.1102253869,129.0369509131,2022,건축물,051-600-4697,부산광역시 중구청,2026-03-25
영주1동152,1,부산광역시 중구 중구로172번길 17,부산광역시 중구 영주동 728-3,35.1095533992,129.0363935257,2022,건축물,051-600-4697,부산광역시 중구청,2026-03-25
영주1동153,1,부산광역시 중구 중구로172번길 17-12,부산광역시 중구 영주동 730-1,35.1096087852,129.0366048049,2022,건축물,051-600-4697,부산광역시 중구청,2026-03-25
영주1동154,1,부산광역시 중구 중구로172번길 17-14,부산광역시 중구 영주동 730,35.1096685074,129.0366224123,2022,건축물,051-600-4697,부산광역시 중구청,2026-03-25
영주1동155,1,부산광역시 중구 대영로242번안길 5-14,부산광역시 중구 영주동 640-27,35.1101381324,129.0360579119,2022,건축물,051-600-4697,부산광역시 중구청,2026-03-25
영주1동156,1,부산광역시 중구 동광길165번길 5-2,부산광역시 중구 영주동 722,35.1098986073,129.0362130518,2022,건축물,051-600-4697,부산광역시 중구청,2026-03-25
영주1동157,1,,부산광역시 중구 영주동 623,35.1099224722,129.0365211233,2022,건축물,051-600-4697,부산광역시 중구청,2026-03-25
영주1동158,1,부산광역시 중구 동광길 173,부산광역시 중구 영주동 619-1,35.1101999835,129.0368068304,2022,건축물,051-600-4697,부산광역시 중구청,2026-03-25
영주1동159,1,부산광역시 중구 대영로242번길 18-1,부산광역시 중구 영주동 628,35.1103796283,129.0366542589,2022,건축물,051-600-4697,부산광역시 중구청,2026-03-25
영주1동160,1,,부산광역시 중구 영주동 627-4,35.1102707655,129.0366405927,2022,건축물,051-600-4697,부산광역시 중구청,2026-03-25
영주1동161,1,부산광역시 중구 대영로242번안길 3-3,부산광역시 중구 영주동 640-11,35.1102236167,129.0364247910,2022,건축물,051-600-4697,부산광역시 중구청,2026-03-25
영주1동162,1,부산광역시 중구 대영로242번안길 5-10,부산광역시 중구 영주동 640-26,35.1102111258,129.0360740945,2022,건축물,051-600-4697,부산광역시 중구청,2026-03-25
영주1동163,1,부산광역시 중구 대영로226번안길 10,부산광역시 중구 영주동 640-31,35.1103510039,129.0358103165,2022,건축물,051-600-4697,부산광역시 중구청,2026-03-25
영주1동164,1,부산광역시 중구 대영로242번안길 9,부산광역시 중구 영주동 689-1,35.1102918758,129.0356554213,2022,건축물,051-600-4697,부산광역시 중구청,2026-03-25
영주1동165,1,부산광역시 중구 동광길165번길 14,부산광역시 중구 영주동 682,35.1102145525,129.0354570842,2022,건축물,051-600-4697,부산광역시 중구청,2026-03-25
영주1동166,1,부산광역시 중구 동광길165번길 16,부산광역시 중구 영주동 683,35.1101856283,129.0353656702,2022,건축물,051-600-4697,부산광역시 중구청,2026-03-25
영주1동167,1,부산광역시 중구 중구로 176,부산광역시 중구 영주동 678-1,35.1103662917,129.0348250090,2022,건축물,051-600-4697,부산광역시 중구청,2026-03-25
영주1동168,1,부산광역시 중구 중구로 176-18,부산광역시 중구 영주동 679-9,35.1105238937,129.0349384859,2022,건축물,051-600-4697,부산광역시 중구청,2026-03-25
영주1동169,1,부산광역시 중구 대영로224번길 18-6,부산광역시 중구 영주동 679-7,35.1104593989,129.0350011470,2022,건축물,051-600-4697,부산광역시 중구청,2026-03-25
영주1동170,1,부산광역시 중구 중구로188번길 6,부산광역시 중구 영주동 671-4,35.1109565948,129.0348769748,2022,건축물,051-600-4697,부산광역시 중구청,2026-03-25
영주1동171,1,부산광역시 중구 중구로 184,부산광역시 중구 영주동 550-1,35.1109792208,129.0346132389,2022,건축물,051-600-4697,부산광역시 중구청,2026-03-25
영주1동172,1,부산광역시 중구 대영로224번길 8-1,부산광역시 중구 영주동 555-11,35.1112567300,129.0349812772,2022,건축물,051-600-4697,부산광역시 중구청,2026-03-25
영주1동173,1,부산광역시 중구 대영로224번길 6-6,부산광역시 중구 영주동 556-15,35.1114441060,129.0348565285,2022,건축물,051-600-4697,부산광역시 중구청,2026-03-25
영주1동174,1,부산광역시 중구 대영로224번길 6-5,부산광역시 중구 영주동 555-6,35.1113356686,129.0348473613,2022,건축물,051-600-4697,부산광역시 중구청,2026-03-25
영주1동175,1,부산광역시 중구 중구로 188-1,부산광역시 중구 영주동 511-20,35.1114754179,129.0346447695,2022,건축물,051-600-4697,부산광역시 중구청,2026-03-25
영주1동176,1,,부산광역시 중구 영주동 765-2,35.1115720864,129.0347217440,2022,건축물,051-600-4697,부산광역시 중구청,2026-03-25
영주1동177,1,,부산광역시 중구 영주동 671-12,35.1108771481,129.0349880711,2022,건축물,051-600-4697,부산광역시 중구청,2026-03-25
영주1동178,1,부산광역시 중구 대영로226번길 8,부산광역시 중구 영주동 573-1,35.1113477334,129.0353148488,2022,건축물,051-600-4697,부산광역시 중구청,2026-03-25
영주1동179,1,부산광역시 중구 대영로226번길 6,부산광역시 중구 영주동 575-1,35.1115294354,129.0353079631,2022,건축물,051-600-4697,부산광역시 중구청,2026-03-25
영주1동180,2,,부산광역시 중구 영주동 759-4,35.1115187320,129.0353581244,2022,건축물,051-600-4697,부산광역시 중구청,2026-03-25
영주1동181,1,부산광역시 중구 대영로 224,부산광역시 중구 영주동 565-2,35.1118240706,129.0352679152,2022,건축물,051-600-4697,부산광역시 중구청,2026-03-25
영주1동182,1,부산광역시 중구 대영로226번길 10-1,부산광역시 중구 영주동 668-5,35.1110153669,129.0355141828,2022,건축물,051-600-4697,부산광역시 중구청,2026-03-25
영주1동183,1,부산광역시 중구 대영로226번길 14,부산광역시 중구 영주동 655,35.1110350300,129.0358886398,2022,건축물,051-600-4697,부산광역시 중구청,2026-03-25
영주1동184,1,부산광역시 중구 대영로226번안길 1,부산광역시 중구 영주동 649,35.1110296251,129.0361781384,2022,건축물,051-600-4697,부산광역시 중구청,2026-03-25
영주1동185,1,부산광역시 중구 중구로188번길 13-1,부산광역시 중구 영주동 669-1,35.1109408949,129.0356450283,2022,건축물,051-600-4697,부산광역시 중구청,2026-03-25
영주1동186,1,부산광역시 중구 중구로188번길 12,부산광역시 중구 영주동 663-2,35.1106302393,129.0355175428,2022,건축물,051-600-4697,부산광역시 중구청,2026-03-25
영주1동187,1,부산광역시 중구 대영로226번안길 5-1,부산광역시 중구 영주동 642-2,35.1106130729,129.0360619435,2022,건축물,051-600-4697,부산광역시 중구청,2026-03-25
영주1동188,1,,부산광역시 중구 영주동 764,35.1107456879,129.0362630158,2022,건축물,051-600-4697,부산광역시 중구청,2026-03-25
영주1동189,1,부산광역시 중구 중구로188번길 19,부산광역시 중구 영주동 647-1,35.1109124305,129.0362610919,2022,건축물,051-600-4697,부산광역시 중구청,2026-03-25
영주1동190,1,부산광역시 중구 대영로226번길 18-1,부산광역시 중구 영주동 636-1,35.1110518607,129.0364262124,2022,건축물,051-600-4697,부산광역시 중구청,2026-03-25
영주1동191,1,부산광역시 중구 대영로226번길 20,부산광역시 중구 영주동 635-2,35.1111140559,129.0365862307,2022,건축물,051-600-4697,부산광역시 중구청,2026-03-25
영주1동192,1,부산광역시 중구 동광길 179,부산광역시 중구 영주동 616-12,35.1105825410,129.0368973973,2022,건축물,051-600-4697,부산광역시 중구청,2026-03-25
영주1동193,1,부산광역시 중구 대영로242번길 18-11,부산광역시 중구 영주동 639-3,35.1106391123,129.0364161593,2022,건축물,051-600-4697,부산광역시 중구청,2026-03-25
영주1동194,1,부산광역시 중구 대영로226번길 15,부산광역시 중구 영주동 582-2,35.1113951433,129.0355665109,2022,건축물,051-600-4697,부산광역시 중구청,2026-03-25
영주1동195,1,,부산광역시 중구 영주동 605-3,35.1115759564,129.0370223449,2022,건축물,051-600-4697,부산광역시 중구청,2026-03-25
영주1동196,1,부산광역시 중구 대영로242번길 6-16,부산광역시 중구 영주동 751-19,35.1114908503,129.0367247988,2022,건축물,051-600-4697,부산광역시 중구청,2026-03-25
영주1동197,1,부산광역시 중구 대영로242번길 1,부산광역시 중구 영주동 599-5,35.1118787820,129.0373748132,2022,건축물,051-600-4697,부산광역시 중구청,2026-03-25
영주1동198,1,부산광역시 중구 대영로 232,부산광역시 중구 영주동 46-26,35.1118882004,129.0360638439,2022,건축물,051-600-4697,부산광역시 중구청,2026-03-25
영주1동199,1,,부산광역시 중구 영주동 43,35.1121051856,129.0357536325,2022,건축물,051-600-4697,부산광역시 중구청,2026-03-25
영주1동200,1,부산광역시 중구 대영로 246-1,부산광역시 중구 대창동2가 9-8,35.1118256278,129.0375775836,2022,건축물,051-600-4697,부산광역시 중구청,2026-03-25
영주1동201,1,부산광역시 중구 대영로242번길 3,부산광역시 중구 영주동 601,35.1116413846,129.0373925904,2022,건축물,051-600-4697,부산광역시 중구청,2026-03-25
영주1동202,1,부산광역시 중구 동광길 198-1,부산광역시 중구 대창동2가 12-2,35.1111571548,129.0374426050,2022,건축물,051-600-4697,부산광역시 중구청,2026-03-25
영주1동203,1,부산광역시 중구 동광길 194-1,부산광역시 중구 대창동2가 12-4,35.1110368638,129.0373934395,2022,건축물,051-600-4697,부산광역시 중구청,2026-03-25
영주1동204,1,,부산광역시 중구 영주동 1-921,35.1157862866,129.0337066244,2022,건축물,051-600-4697,부산광역시 중구청,2026-03-25
영주1동205,1,부산광역시 중구 초량중로6번길 5-4,부산광역시 중구 영주동 20-3,35.1127725250,129.0365462463,2022,건축물,051-600-4697,부산광역시 중구청,2026-03-25
영주1동206,1,부산광역시 중구 대영로242번안길 9-1,부산광역시 중구 영주동 665,35.1103249850,129.0355137875,2022,건축물,051-600-4697,부산광역시 중구청,2026-03-25
영주1동208,1,부산광역시 중구 대영로226번길 15,부산광역시 중구 영주동 582-2,35.1113951433,129.0355665109,2022,건축물,051-600-4697,부산광역시 중구청,2026-03-25
영주1동209,1,부산광역시 중구 초량중로6번길 6,부산광역시 중구 영주동 23-10,35.1125146150,129.0363689609,2023,건축물,051-600-4697,부산광역시 중구청,2026-03-25
영주1동210,1,,부산광역시 중구 영주동 62-121,35.1132237185,129.0342903779,2023,건축물,051-600-4697,부산광역시 중구청,2026-03-25
영주1동211,1,부산광역시 중구 임소길 3-5,부산광역시 중구 영주동 510-8,35.1117288445,129.0341016300,2024,건축물,051-600-4697,부산광역시 중구청,2026-03-25
영주1동212,1,부산광역시 중구 임소길 6-1,부산광역시 중구 영주동 471-4,35.1119703627,129.0337577893,2025,건축물,051-600-4697,부산광역시 중구청,2026-03-25
영주1동213,2,,부산광역시 중구 영주동 751-21,35.1104442701,129.0367218830,2025,건축물,051-600-4697,부산광역시 중구청,2026-03-25
영주1동214,1,,부산광역시 중구 영주동 2-11,35.1151063556,129.0341442563,2025,건축물,051-600-4697,부산광역시 중구청,2026-03-25
영주2동001,1,,부산광역시 중구 영주동 1-91,35.1149321177,129.0327142176,2022,건축물,051-600-4697,부산광역시 중구청,2026-03-25
영주2동002,1,,부산광역시 중구 영주동 1-148,35.1150870272,129.0323049096,2022,건축물,051-600-4697,부산광역시 중구청,2026-03-25
영주2동003,1,,부산광역시 중구 영주동 1-1014,35.1151405608,129.0319178763,2022,건축물,051-600-4697,부산광역시 중구청,2026-03-25
영주2동004,2,,부산광역시 중구 영주동 1-1011,35.1152571268,129.0320957018,2022,건축물,051-600-4697,부산광역시 중구청,2026-03-25
영주2동005,1,,부산광역시 중구 영주동 1-1021,35.1151302447,129.0323131527,2022,건축물,051-600-4697,부산광역시 중구청,2026-03-25
영주2동006,2,부산광역시 중구 망양로 443,부산광역시 중구 영주동 1-1012,35.1152869183,129.0324921240,2022,건축물,051-600-4697,부산광역시 중구청,2026-03-25
영주2동007,1,,부산광역시 중구 영주동 산 1-195,35.1153543354,129.0320274608,2022,건축물,051-600-4697,부산광역시 중구청,2026-03-25
영주2동008,1,,부산광역시 중구 영주동 1-143,35.1151655759,129.0318230641,2022,건축물,051-600-4697,부산광역시 중구청,2026-03-25
영주2동009,1,,부산광역시 중구 영주동 1-527,35.1151612473,129.0315149587,2022,건축물,051-600-4697,부산광역시 중구청,2026-03-25
영주2동010,1,,부산광역시 중구 영주동 1-546,35.1151801188,129.0310529461,2022,건축물,051-600-4697,부산광역시 중구청,2026-03-25
영주2동011,1,,부산광역시 중구 영주동 1-1019,35.1152067020,129.0307334605,2022,건축물,051-600-4697,부산광역시 중구청,2026-03-25
영주2동012,1,,부산광역시 중구 영주동 67,35.1150317453,129.0304274014,2022,건축물,051-600-4697,부산광역시 중구청,2026-03-25
영주2동013,1,,부산광역시 중구 영주동 산 4-3,35.1149069885,129.0299616825,2022,건축물,051-600-4697,부산광역시 중구청,2026-03-25
영주2동014,1,부산광역시 중구 망양로 435,부산광역시 중구 영주동 산 1-200,35.1149748555,129.0301529347,2022,건축물,051-600-4697,부산광역시 중구청,2026-03-25
영주2동015,1,,부산광역시 중구 영주동 1-545,35.1151480267,129.0309351740,2022,건축물,051-600-4697,부산광역시 중구청,2026-03-25
영주2동018,1,부산광역시 중구 망양로 435,부산광역시 중구 영주동 산 1-200,35.1149748555,129.0301529347,2022,건축물,051-600-4697,부산광역시 중구청,2026-03-25
영주2동019,1,부산광역시 중구 망양로 435,부산광역시 중구 영주동 산 1-200,35.1149748555,129.0301529347,2022,건축물,051-600-4697,부산광역시 중구청,2026-03-25
영주2동020,1,부산광역시 중구 망양로 435,부산광역시 중구 영주동 산 1-200,35.1149748555,129.0301529347,2022,건축물,051-600-4697,부산광역시 중구청,2026-03-25
영주2동021,1,부산광역시 중구 망양로 435,부산광역시 중구 영주동 산 1-200,35.1149748555,129.0301529347,2022,건축물,051-600-4697,부산광역시 중구청,2026-03-25
영주2동022,1,부산광역시 중구 망양로 435,부산광역시 중구 영주동 산 1-200,35.1149748555,129.0301529347,2022,건축물,051-600-4697,부산광역시 중구청,2026-03-25
영주2동023,1,부산광역시 중구 중앙공원로 87,부산광역시 중구 영주동 산 4,35.1146159722,129.0286603016,2022,건축물,051-600-4697,부산광역시 중구청,2026-03-25
영주2동024,1,,부산광역시 중구 영주동 산 1-229,35.1151305928,129.0303882468,2022,건축물,051-600-4697,부산광역시 중구청,2026-03-25
영주2동025,1,,부산광역시 중구 영주동 산 1-230,35.1147323799,129.0294528629,2022,건축물,051-600-4697,부산광역시 중구청,2026-03-25
영주2동026,1,부산광역시 중구 망양로 421,부산광역시 중구 영주동 68-1,35.1145921630,129.0297043079,2022,건축물,051-600-4697,부산광역시 중구청,2026-03-25
영주2동027,1,부산광역시 중구 망양로 421,부산광역시 중구 영주동 68-1,35.1145921630,129.0297043079,2022,건축물,051-600-4697,부산광역시 중구청,2026-03-25
영주2동028,1,부산광역시 중구 망양로 421,부산광역시 중구 영주동 68-1,35.1145921630,129.0297043079,2022,건축물,051-600-4697,부산광역시 중구청,2026-03-25
영주2동029,2,부산광역시 중구 망양로 421,부산광역시 중구 영주동 68-1,35.1145921630,129.0297043079,2022,건축물,051-600-4697,부산광역시 중구청,2026-03-25
영주2동030,1,,부산광역시 중구 영주동 산 4-7,35.1142856594,129.0292775328,2022,건축물,051-600-4697,부산광역시 중구청,2026-03-25
영주2동031,1,,부산광역시 중구 영주동 산 4-8,35.1142787266,129.0292440454,2022,건축물,051-600-4697,부산광역시 중구청,2026-03-25
영주2동032,1,,부산광역시 중구 영주동 산 4-10,35.1142375250,129.0296943914,2022,건축물,051-600-4697,부산광역시 중구청,2026-03-25
영주2동033,1,,부산광역시 중구 영주동 1-1023,35.1146233789,129.0302497605,2022,건축물,051-600-4697,부산광역시 중구청,2026-03-25
영주2동034,1,,부산광역시 중구 영주동 1-549,35.1148071155,129.0306889204,2022,건축물,051-600-4697,부산광역시 중구청,2026-03-25
영주2동035,1,,부산광역시 중구 영주동 1-1018,35.1149595646,129.0307636008,2022,건축물,051-600-4697,부산광역시 중구청,2026-03-25
영주2동036,1,부산광역시 중구 망양로355번길 6-9,부산광역시 중구 대청동4가 1-53,35.1085396257,129.0303273081,2022,건축물,051-600-4697,부산광역시 중구청,2026-03-25
영주2동037,1,,부산광역시 중구 영주동 1-1020,35.1150768937,129.0313821465,2022,건축물,051-600-4697,부산광역시 중구청,2026-03-25
영주2동038,1,부산광역시 중구 망양로 419,부산광역시 중구 영주동 103-131,35.1138405110,129.0294396663,2022,건축물,051-600-4697,부산광역시 중구청,2026-03-25
영주2동039,1,,부산광역시 중구 영주동 103-108,35.1134600851,129.0295366560,2022,건축물,051-600-4697,부산광역시 중구청,2026-03-25
영주2동040,1,,부산광역시 중구 영주동 105-19,35.1131011691,129.0294535184,2022,건축물,051-600-4697,부산광역시 중구청,2026-03-25
영주2동041,1,부산광역시 중구 망양로 407,부산광역시 중구 영주동 205-10,35.1130506376,129.0290626564,2022,건축물,051-600-4697,부산광역시 중구청,2026-03-25
영주2동042,1,,부산광역시 중구 영주동 199-3,35.1119481930,129.0293459913,2022,건축물,051-600-4697,부산광역시 중구청,2026-03-25
영주2동043,1,부산광역시 중구 망양로 405,부산광역시 중구 영주동 106-9,35.1122166938,129.0289763925,2022,건축물,051-600-4697,부산광역시 중구청,2026-03-25
영주2동044,1,부산광역시 중구 망양로383번안길 36,부산광역시 중구 영주동 214-10,35.1112711536,129.0288865960,2022,건축물,051-600-4697,부산광역시 중구청,2026-03-25
영주2동045,1,부산광역시 중구 망양로 393-9,부산광역시 중구 영주동 213-29,35.1112817363,129.0290726368,2022,건축물,051-600-4697,부산광역시 중구청,2026-03-25
영주2동046,1,,부산광역시 중구 영주동 106-17,35.1116593566,129.0287119558,2022,건축물,051-600-4697,부산광역시 중구청,2026-03-25
영주2동047,1,,부산광역시 중구 영주동 214-6,35.1114627851,129.0287321245,2022,건축물,051-600-4697,부산광역시 중구청,2026-03-25
영주2동048,1,,부산광역시 중구 영주동 203,35.1121690485,129.0286335925,2022,건축물,051-600-4697,부산광역시 중구청,2026-03-25
영주2동049,1,부산광역시 중구 망양로 389,부산광역시 중구 영주동 324-1,35.1113040137,129.0294643768,2022,건축물,051-600-4697,부산광역시 중구청,2026-03-25
영주2동050,1,부산광역시 중구 망양로 381,부산광역시 중구 영주동 332-13,35.1108049818,129.0299140298,2022,건축물,051-600-4697,부산광역시 중구청,2026-03-25
영주2동051,1,부산광역시 중구 망양로383번안길 28,부산광역시 중구 영주동 222-1,35.1105617957,129.0294757972,2022,건축물,051-600-4697,부산광역시 중구청,2026-03-25
영주2동052,1,부산광역시 중구 망양로383번안길 30-7,부산광역시 중구 영주동 323-5,35.1111079315,129.0292160499,2022,건축물,051-600-4697,부산광역시 중구청,2026-03-25
영주2동053,1,부산광역시 중구 망양로383번안길 30-6,부산광역시 중구 영주동 322-2,35.1109311357,129.0293658585,2022,건축물,051-600-4697,부산광역시 중구청,2026-03-25
영주2동054,1,부산광역시 중구 망양로 387,부산광역시 중구 영주동 324-6,35.1111148476,129.0296317543,2022,건축물,051-600-4697,부산광역시 중구청,2026-03-25
영주2동055,1,부산광역시 중구 망양로383번안길 30-12,부산광역시 중구 영주동 323-2,35.1111759685,129.0293291602,2022,건축물,051-600-4697,부산광역시 중구청,2026-03-25
영주2동056,1,,부산광역시 중구 영주동 222-9,35.1104293420,129.0294699124,2022,건축물,051-600-4697,부산광역시 중구청,2026-03-25
영주2동057,2,부산광역시 중구 망양로 371-7,부산광역시 중구 영주동 239-24,35.1097258380,129.0300639313,2022,건축물,051-600-4697,부산광역시 중구청,2026-03-25
영주2동058,1,,부산광역시 중구 영주동 784-24,35.1096722939,129.0296348822,2022,건축물,051-600-4697,부산광역시 중구청,2026-03-25
영주2동059,1,부산광역시 중구 망양로383번안길 19,부산광역시 중구 영주동 244-1,35.1098363368,129.0296864589,2022,건축물,051-600-4697,부산광역시 중구청,2026-03-25
영주2동060,1,,부산광역시 중구 영주동 223-5,35.1100831746,129.0294471629,2022,건축물,051-600-4697,부산광역시 중구청,2026-03-25
영주2동061,1,,부산광역시 중구 영주동 245-1,35.1097906401,129.0298537326,2022,건축물,051-600-4697,부산광역시 중구청,2026-03-25
영주2동062,1,부산광역시 중구 망양로369번길 3-1,부산광역시 중구 영주동 239-38,35.1095083844,129.0302414595,2022,건축물,051-600-4697,부산광역시 중구청,2026-03-25
영주2동063,1,부산광역시 중구 망양로369번길 7,부산광역시 중구 영주동 239-34,35.1093378744,129.0299460662,2022,건축물,051-600-4697,부산광역시 중구청,2026-03-25
영주2동064,1,부산광역시 중구 망양로365번길 4-2,부산광역시 중구 영주동 239-45,35.1094092646,129.0303162050,2022,건축물,051-600-4697,부산광역시 중구청,2026-03-25
영주2동065,1,부산광역시 중구 망양로365번길 7,부산광역시 중구 영주동 239-50,35.1091336883,129.0301116405,2022,건축물,051-600-4697,부산광역시 중구청,2026-03-25
영주2동066,1,부산광역시 중구 망양로363번길 3-2,부산광역시 중구 영주동 239-70,35.1090809105,129.0305777254,2022,건축물,051-600-4697,부산광역시 중구청,2026-03-25
영주2동067,1,부산광역시 중구 망양로363번길 7-1,부산광역시 중구 영주동 239-66,35.1089256524,129.0302756928,2022,건축물,051-600-4697,부산광역시 중구청,2026-03-25
영주2동068,1,부산광역시 중구 망양로361번길 3-2,부산광역시 중구 영주동 239-88,35.1088724861,129.0307434118,2022,건축물,051-600-4697,부산광역시 중구청,2026-03-25
영주2동069,1,부산광역시 중구 망양로361번길 8-1,부산광역시 중구 영주동 239-20,35.1088357828,129.0303254444,2022,건축물,051-600-4697,부산광역시 중구청,2026-03-25
영주2동070,1,부산광역시 중구 망양로 357-14,부산광역시 중구 영주동 239-91,35.1087817414,129.0308023529,2022,건축물,051-600-4697,부산광역시 중구청,2026-03-25
영주2동071,1,부산광역시 중구 망양로355번길 3,부산광역시 중구 영주동 239-102,35.1084913380,129.0310954078,2022,건축물,051-600-4697,부산광역시 중구청,2026-03-25
영주2동072,1,부산광역시 중구 망양로355번길 1,부산광역시 중구 영주동 382-19,35.1085321105,129.0312328428,2022,건축물,051-600-4697,부산광역시 중구청,2026-03-25
영주2동073,1,부산광역시 중구 망양로355번길 6,부산광역시 중구 영주동 377-7,35.1084979219,129.0308208612,2022,건축물,051-600-4697,부산광역시 중구청,2026-03-25
영주2동074,1,,부산광역시 중구 영주동 332-12,35.1107441124,129.0300109758,2022,건축물,051-600-4697,부산광역시 중구청,2026-03-25
영주2동075,1,,부산광역시 중구 영주동 310-1,35.1103461915,129.0301086638,2022,건축물,051-600-4697,부산광역시 중구청,2026-03-25
영주2동076,1,,부산광역시 중구 영주동 265-1,35.1101174325,129.0302123603,2022,건축물,051-600-4697,부산광역시 중구청,2026-03-25
영주2동077,1,부산광역시 중구 망양로 371-3,부산광역시 중구 영주동 239-26,35.1097901022,129.0301977834,2022,건축물,051-600-4697,부산광역시 중구청,2026-03-25
영주2동079,1,부산광역시 중구 망양로369번길 1,부산광역시 중구 영주동 239-41,35.1096049072,129.0304400471,2022,건축물,051-600-4697,부산광역시 중구청,2026-03-25
영주2동080,1,부산광역시 중구 망양로369번길 2,부산광역시 중구 영주동 239-28,35.1096963063,129.0302721130,2022,건축물,051-600-4697,부산광역시 중구청,2026-03-25
영주2동081,1,,부산광역시 중구 영주동 772-63,35.1095443889,129.0305473321,2022,건축물,051-600-4697,부산광역시 중구청,2026-03-25
영주2동082,1,부산광역시 중구 망양로365번길 4,부산광역시 중구 영주동 239-43,35.1094815032,129.0304420297,2022,건축물,051-600-4697,부산광역시 중구청,2026-03-25
영주2동083,1,,부산광역시 중구 영주동 386-37,35.1093159845,129.0307361331,2022,건축물,051-600-4697,부산광역시 중구청,2026-03-25
영주2동084,1,,부산광역시 중구 영주동 386-3,35.1092664589,129.0308064246,2022,건축물,051-600-4697,부산광역시 중구청,2026-03-25
영주2동085,1,부산광역시 중구 망양로363번길 4,부산광역시 중구 영주동 239-59,35.1092771822,129.0306102316,2022,건축물,051-600-4697,부산광역시 중구청,2026-03-25
영주2동086,1,부산광역시 중구 망양로361번길 2,부산광역시 중구 영주동 386-43,35.1090942697,129.0308506853,2022,건축물,051-600-4697,부산광역시 중구청,2026-03-25
영주2동087,1,부산광역시 중구 망양로361번길 1,부산광역시 중구 영주동 382-7,35.1089728338,129.0309449447,2022,건축물,051-600-4697,부산광역시 중구청,2026-03-25
영주2동088,1,부산광역시 중구 망양로361번길 4,부산광역시 중구 영주동 239-74,35.1090554702,129.0307837038,2022,건축물,051-600-4697,부산광역시 중구청,2026-03-25
영주2동089,1,부산광역시 중구 망양로 357-5,부산광역시 중구 영주동 382-14,35.1087524007,129.0311066032,2022,건축물,051-600-4697,부산광역시 중구청,2026-03-25
영주2동090,1,부산광역시 중구 망양로 357-10,부산광역시 중구 영주동 382-11,35.1088487882,129.0309368213,2022,건축물,051-600-4697,부산광역시 중구청,2026-03-25
영주2동091,1,,부산광역시 중구 영주동 772-88,35.1086316627,129.0319523571,2022,건축물,051-600-4697,부산광역시 중구청,2026-03-25
영주2동092,1,,부산광역시 중구 영주동 439-2,35.1083963563,129.0313665300,2022,건축물,051-600-4697,부산광역시 중구청,2026-03-25
영주2동093,1,부산광역시 중구 망양로 349-4,부산광역시 중구 영주동 379-2,35.1083211406,129.0311309916,2022,건축물,051-600-4697,부산광역시 중구청,2026-03-25
영주2동094,1,부산광역시 중구 망양로 356,부산광역시 중구 영주동 446-2,35.1088542936,129.0324467181,2022,건축물,051-600-4697,부산광역시 중구청,2026-03-25
영주2동095,1,부산광역시 중구 망양로 356,부산광역시 중구 영주동 446-2,35.1088542936,129.0324467181,2022,건축물,051-600-4697,부산광역시 중구청,2026-03-25
영주2동096,1,부산광역시 중구 망양로 356,부산광역시 중구 영주동 446-2,35.1088542936,129.0324467181,2022,건축물,051-600-4697,부산광역시 중구청,2026-03-25
영주2동097,1,부산광역시 중구 망양로358번길 1,부산광역시 중구 영주동 293-17,35.1090498956,129.0312668610,2022,건축물,051-600-4697,부산광역시 중구청,2026-03-25
영주2동098,1,부산광역시 중구 망양로358번길 3-3,부산광역시 중구 영주동 293-19,35.1093490812,129.0311542037,2022,건축물,051-600-4697,부산광역시 중구청,2026-03-25
영주2동099,1,부산광역시 중구 망양로358번길 5,부산광역시 중구 영주동 293-2,35.1092396017,129.0314921078,2022,건축물,051-600-4697,부산광역시 중구청,2026-03-25
영주2동100,1,부산광역시 중구 망양로366번길 4-2,부산광역시 중구 영주동 293-27,35.1094281154,129.0310627301,2022,건축물,051-600-4697,부산광역시 중구청,2026-03-25
영주2동101,1,부산광역시 중구 망양로 368,부산광역시 중구 영주동 283-12,35.1097222977,129.0308560731,2022,건축물,051-600-4697,부산광역시 중구청,2026-03-25
영주2동102,1,부산광역시 중구 망양로372번길 3,부산광역시 중구 영주동 282-17,35.1099834285,129.0304383634,2022,건축물,051-600-4697,부산광역시 중구청,2026-03-25
영주2동103,1,부산광역시 중구 망양로 376,부산광역시 중구 영주동 282-10,35.1102755700,129.0304072291,2022,건축물,051-600-4697,부산광역시 중구청,2026-03-25
영주2동104,2,부산광역시 중구 망양로 380-2,부산광역시 중구 영주동 282-3,35.1106533144,129.0303282104,2022,건축물,051-600-4697,부산광역시 중구청,2026-03-25
영주2동105,1,,부산광역시 중구 영주동 193-11,35.1113037705,129.0296888908,2022,건축물,051-600-4697,부산광역시 중구청,2026-03-25
영주2동106,1,부산광역시 중구 망양로 396,부산광역시 중구 영주동 160,35.1118638440,129.0295545924,2022,건축물,051-600-4697,부산광역시 중구청,2026-03-25
영주2동107,1,부산광역시 중구 영주로 35-2,부산광역시 중구 영주동 282-7,35.1105963887,129.0306814627,2022,건축물,051-600-4697,부산광역시 중구청,2026-03-25
영주2동108,1,부산광역시 중구 영주로 35-4,부산광역시 중구 영주동 282-18,35.1105649486,129.0305140975,2022,건축물,051-600-4697,부산광역시 중구청,2026-03-25
영주2동109,1,부산광역시 중구 영주로 27,부산광역시 중구 영주동 283-11,35.1097719586,129.0309632434,2022,건축물,051-600-4697,부산광역시 중구청,2026-03-25
영주2동110,1,부산광역시 중구 영주로 27-4,부산광역시 중구 영주동 283-8,35.1098251439,129.0307633255,2022,건축물,051-600-4697,부산광역시 중구청,2026-03-25
영주2동111,1,부산광역시 중구 망양로 370,부산광역시 중구 영주동 283-7,35.1097539334,129.0306460795,2022,건축물,051-600-4697,부산광역시 중구청,2026-03-25
영주2동112,1,부산광역시 중구 영주로 25-1,부산광역시 중구 영주동 283-3,35.1096797192,129.0310307017,2022,건축물,051-600-4697,부산광역시 중구청,2026-03-25
영주2동113,1,부산광역시 중구 영주로 21-4,부산광역시 중구 영주동 293-9,35.1093727166,129.0313193988,2022,건축물,051-600-4697,부산광역시 중구청,2026-03-25
영주2동114,1,부산광역시 중구 영주로 13,부산광역시 중구 영주동 291-6,35.1097314031,129.0322856900,2022,건축물,051-600-4697,부산광역시 중구청,2026-03-25
영주2동115,1,부산광역시 중구 영주로 15,부산광역시 중구 영주동 291-7,35.1095544036,129.0322056244,2022,건축물,051-600-4697,부산광역시 중구청,2026-03-25
영주2동116,1,부산광역시 중구 영주로 13-1,부산광역시 중구 영주동 291-10,35.1096525152,129.0323468985,2022,건축물,051-600-4697,부산광역시 중구청,2026-03-25
영주2동117,1,부산광역시 중구 영주로11번길 4,부산광역시 중구 영주동 290-6,35.1098085222,129.0324965199,2022,건축물,051-600-4697,부산광역시 중구청,2026-03-25
영주2동118,1,부산광역시 중구 영주로11번길 5,부산광역시 중구 영주동 289-38,35.1099272036,129.0328566518,2022,건축물,051-600-4697,부산광역시 중구청,2026-03-25
영주2동119,1,부산광역시 중구 영주로11번길 7,부산광역시 중구 영주동 289-12,35.1099757406,129.0330736816,2022,건축물,051-600-4697,부산광역시 중구청,2026-03-25
영주2동120,1,부산광역시 중구 영주로11번길 7-1,부산광역시 중구 영주동 289-8,35.1098621600,129.0331937957,2022,건축물,051-600-4697,부산광역시 중구청,2026-03-25
영주2동121,1,부산광역시 중구 동영로31번길 11,부산광역시 중구 영주동 450-25,35.1090412070,129.0330102153,2022,건축물,051-600-4697,부산광역시 중구청,2026-03-25
영주2동122,1,부산광역시 중구 동영로31번길 11,부산광역시 중구 영주동 450-25,35.1090412070,129.0330102153,2022,건축물,051-600-4697,부산광역시 중구청,2026-03-25
영주2동124,1,,부산광역시 중구 영주동 450-44,35.1089844015,129.0328379102,2022,건축물,051-600-4697,부산광역시 중구청,2026-03-25
영주2동125,1,부산광역시 중구 동영로31번길 11,부산광역시 중구 영주동 450-25,35.1090412070,129.0330102153,2022,건축물,051-600-4697,부산광역시 중구청,2026-03-25
영주2동126,1,부산광역시 중구 망양로 356,부산광역시 중구 영주동 446-2,35.1088542936,129.0324467181,2022,건축물,051-600-4697,부산광역시 중구청,2026-03-25
영주2동127,2,부산광역시 중구 동영로31번길 5,부산광역시 중구 영주동 535-34,35.1095877245,129.0336519609,2022,건축물,051-600-4697,부산광역시 중구청,2026-03-25
영주2동128,1,부산광역시 중구 동영로31번안길 2-1,부산광역시 중구 영주동 535-32,35.1094394728,129.0336954328,2022,건축물,051-600-4697,부산광역시 중구청,2026-03-25
영주2동129,1,부산광역시 중구 동영로 29,부산광역시 중구 영주동 535-7,35.1093980645,129.0339182316,2022,건축물,051-600-4697,부산광역시 중구청,2026-03-25
영주2동130,1,부산광역시 중구 동영로31번안길 6-2,부산광역시 중구 영주동 535-47,35.1091541447,129.0337984456,2022,건축물,051-600-4697,부산광역시 중구청,2026-03-25
영주2동131,1,부산광역시 중구 동영로31번안길 9,부산광역시 중구 영주동 535-20,35.1089174602,129.0339885347,2022,건축물,051-600-4697,부산광역시 중구청,2026-03-25
영주2동132,1,부산광역시 중구 동영로31번안길 10-1,부산광역시 중구 영주동 535-53,35.1087970338,129.0339097628,2022,건축물,051-600-4697,부산광역시 중구청,2026-03-25
영주2동133,1,부산광역시 중구 동영로 25-1,부산광역시 중구 영주동 536-23,35.1091656843,129.0340505245,2022,건축물,051-600-4697,부산광역시 중구청,2026-03-25
영주2동134,1,부산광역시 중구 영주로11번길 1,부산광역시 중구 영주동 289-31,35.1099480465,129.0325435232,2022,건축물,051-600-4697,부산광역시 중구청,2026-03-25
영주2동135,1,부산광역시 중구 동영로22번길 3,부산광역시 중구 영주동 536-110,35.1089837266,129.0343947370,2022,건축물,051-600-4697,부산광역시 중구청,2026-03-25
영주2동136,1,부산광역시 중구 동영로22번길 12,부산광역시 중구 영주동 534-324,35.1091656814,129.0347270509,2022,건축물,051-600-4697,부산광역시 중구청,2026-03-25
영주2동137,1,부산광역시 중구 동영로22번길 15,부산광역시 중구 영주동 536-100,35.1092035705,129.0345153515,2022,건축물,051-600-4697,부산광역시 중구청,2026-03-25
영주2동138,1,부산광역시 중구 동영로 26-4,부산광역시 중구 영주동 536-99,35.1091731601,129.0344265340,2022,건축물,051-600-4697,부산광역시 중구청,2026-03-25
영주2동139,1,부산광역시 중구 동영로22번길 21,부산광역시 중구 영주동 534-332,35.1094975525,129.0342994907,2022,건축물,051-600-4697,부산광역시 중구청,2026-03-25
영주2동140,1,부산광역시 중구 동영로 32-1,부산광역시 중구 영주동 534-273,35.1096544722,129.0340295554,2022,건축물,051-600-4697,부산광역시 중구청,2026-03-25
영주2동141,1,부산광역시 중구 동영로 32,부산광역시 중구 영주동 536-74,35.1096000951,129.0340370867,2022,건축물,051-600-4697,부산광역시 중구청,2026-03-25
영주2동142,1,부산광역시 중구 동영로22번길 33,부산광역시 중구 영주동 534-247,35.1100023516,129.0339957619,2022,건축물,051-600-4697,부산광역시 중구청,2026-03-25
영주2동143,1,부산광역시 중구 동영로22번길 43,부산광역시 중구 영주동 534-238,35.1103296183,129.0337726092,2022,건축물,051-600-4697,부산광역시 중구청,2026-03-25
영주2동144,1,부산광역시 중구 동영로 38-4,부산광역시 중구 영주동 534-239,35.1102686591,129.0337051842,2022,건축물,051-600-4697,부산광역시 중구청,2026-03-25
영주2동145,1,부산광역시 중구 동영로 38-1,부산광역시 중구 영주동 534-235,35.1101994003,129.0335792102,2022,건축물,051-600-4697,부산광역시 중구청,2026-03-25
영주2동146,1,부산광역시 중구 동영로 28-3,부산광역시 중구 영주동 536-82,35.1094603989,129.0342097376,2022,건축물,051-600-4697,부산광역시 중구청,2026-03-25
영주2동147,1,부산광역시 중구 동영로 42-1,부산광역시 중구 영주동 534-226,35.1105042094,129.0334752539,2022,건축물,051-600-4697,부산광역시 중구청,2026-03-25
영주2동148,1,부산광역시 중구 동영로 58,부산광역시 중구 영주동 462-51,35.1108044251,129.0321248088,2022,건축물,051-600-4697,부산광역시 중구청,2026-03-25
영주2동149,1,부산광역시 중구 동영로64번길 4-6,부산광역시 중구 영주동 466-15,35.1111421214,129.0322898019,2022,건축물,051-600-4697,부산광역시 중구청,2026-03-25
영주2동150,1,,부산광역시 중구 영주동 462-57,35.1110744367,129.0322720373,2022,건축물,051-600-4697,부산광역시 중구청,2026-03-25
영주2동151,1,부산광역시 중구 임소길 29-2,부산광역시 중구 영주동 466-3,35.1113611212,129.0325951847,2022,건축물,051-600-4697,부산광역시 중구청,2026-03-25
영주2동152,1,부산광역시 중구 동영로 55-1,부산광역시 중구 영주동 286-16,35.1107819963,129.0325540396,2022,건축물,051-600-4697,부산광역시 중구청,2026-03-25
영주2동153,1,부산광역시 중구 동영로 49-1,부산광역시 중구 영주동 288-1,35.1109220368,129.0330054020,2022,건축물,051-600-4697,부산광역시 중구청,2026-03-25
영주2동154,1,부산광역시 중구 영주로6번길 1,부산광역시 중구 영주동 287-2,35.1104137265,129.0328740029,2022,건축물,051-600-4697,부산광역시 중구청,2026-03-25
영주2동155,1,부산광역시 중구 영주로 10,부산광역시 중구 영주동 287-11,35.1100971676,129.0323944615,2022,건축물,051-600-4697,부산광역시 중구청,2026-03-25
영주2동156,1,부산광역시 중구 영주로12번길 2,부산광역시 중구 영주동 285-10,35.1100178681,129.0321685524,2022,건축물,051-600-4697,부산광역시 중구청,2026-03-25
영주2동157,1,,부산광역시 중구 영주동 288-7,35.1107083639,129.0330003124,2022,건축물,051-600-4697,부산광역시 중구청,2026-03-25
영주2동158,1,부산광역시 중구 영주로6번길 5,부산광역시 중구 영주동 287-1,35.1106016259,129.0328361202,2022,건축물,051-600-4697,부산광역시 중구청,2026-03-25
영주2동159,2,부산광역시 중구 영주로6번안길 5,부산광역시 중구 영주동 287-6,35.1104087092,129.0325606687,2022,건축물,051-600-4697,부산광역시 중구청,2026-03-25
영주2동160,1,부산광역시 중구 영주로6번안길 8,부산광역시 중구 영주동 286-13,35.1104418077,129.0322367662,2022,건축물,051-600-4697,부산광역시 중구청,2026-03-25
영주2동161,2,부산광역시 중구 영주로6번안길 8-1,부산광역시 중구 영주동 286-17,35.1103928172,129.0321541763,2022,건축물,051-600-4697,부산광역시 중구청,2026-03-25
영주2동162,1,부산광역시 중구 동영로61번길 6-2,부산광역시 중구 영주동 285-7,35.1101669502,129.0320755287,2022,건축물,051-600-4697,부산광역시 중구청,2026-03-25
영주2동163,1,부산광역시 중구 영주로 24,부산광역시 중구 영주동 292-5,35.1098246468,129.0315295527,2022,건축물,051-600-4697,부산광역시 중구청,2026-03-25
영주2동164,1,부산광역시 중구 영주로 30,부산광역시 중구 영주동 284-7,35.1100743997,129.0310273382,2022,건축물,051-600-4697,부산광역시 중구청,2026-03-25
영주2동165,1,부산광역시 중구 영주로42번길 1,부산광역시 중구 영주동 279-15,35.1112062334,129.0308577005,2022,건축물,051-600-4697,부산광역시 중구청,2026-03-25
영주2동166,1,,부산광역시 중구 영주동 274-11,35.1115126697,129.0307710673,2022,건축물,051-600-4697,부산광역시 중구청,2026-03-25
영주2동167,1,부산광역시 중구 영주로 56,부산광역시 중구 영주동 151-13,35.1121682137,129.0303212755,2022,건축물,051-600-4697,부산광역시 중구청,2026-03-25
영주2동168,1,부산광역시 중구 영주로54번길 3,부산광역시 중구 영주동 151-21,35.1122351350,129.0305439206,2022,건축물,051-600-4697,부산광역시 중구청,2026-03-25
영주2동169,1,부산광역시 중구 망양로 396,부산광역시 중구 영주동 160,35.1118638440,129.0295545924,2022,건축물,051-600-4697,부산광역시 중구청,2026-03-25
영주2동170,1,부산광역시 중구 영주로 62-1,부산광역시 중구 영주동 151-14,35.1127890162,129.0302899611,2022,건축물,051-600-4697,부산광역시 중구청,2026-03-25
영주2동171,1,부산광역시 중구 망양로 421,부산광역시 중구 영주동 68-1,35.1145921630,129.0297043079,2022,건축물,051-600-4697,부산광역시 중구청,2026-03-25
영주2동172,1,부산광역시 중구 영초길 51,부산광역시 중구 영주동 93-4,35.1134818667,129.0307561489,2022,건축물,051-600-4697,부산광역시 중구청,2026-03-25
영주2동173,1,부산광역시 중구 영주로 68-1,부산광역시 중구 영주동 151-34,35.1132252967,129.0304069490,2022,건축물,051-600-4697,부산광역시 중구청,2026-03-25
영주2동174,1,부산광역시 중구 영주로88번길 11,부산광역시 중구 영주동 73-20,35.1136741769,129.0319011782,2022,건축물,051-600-4697,부산광역시 중구청,2026-03-25
영주2동175,2,부산광역시 중구 영주로78번길 7,부산광역시 중구 영주동 90-43,35.1139962682,129.0309113811,2022,건축물,051-600-4697,부산광역시 중구청,2026-03-25
영주2동176,1,부산광역시 중구 영주로78번길 3,부산광역시 중구 영주동 90-33,35.1140801701,129.0308036820,2022,건축물,051-600-4697,부산광역시 중구청,2026-03-25
영주2동177,1,부산광역시 중구 영주로78번길 9,부산광역시 중구 영주동 90-35,35.1139226078,129.0310263533,2022,건축물,051-600-4697,부산광역시 중구청,2026-03-25
영주2동178,1,부산광역시 중구 영주로78번길 1,부산광역시 중구 영주동 90-47,35.1141348296,129.0307362743,2022,건축물,051-600-4697,부산광역시 중구청,2026-03-25
영주2동179,1,부산광역시 중구 영주로84번길 1-1,부산광역시 중구 영주동 90-7,35.1142858056,129.0312345348,2022,건축물,051-600-4697,부산광역시 중구청,2026-03-25
영주2동180,1,부산광역시 중구 영주로84번길 3,부산광역시 중구 영주동 90-9,35.1142080377,129.0313042201,2022,건축물,051-600-4697,부산광역시 중구청,2026-03-25
영주2동181,1,부산광역시 중구 영주로84번길 6,부산광역시 중구 영주동 90-39,35.1140301389,129.0312455155,2022,건축물,051-600-4697,부산광역시 중구청,2026-03-25
영주2동182,1,부산광역시 중구 영주로88번길 2,부산광역시 중구 영주동 90-2,35.1144434337,129.0315025402,2022,건축물,051-600-4697,부산광역시 중구청,2026-03-25
영주2동183,1,부산광역시 중구 영주로88번길 4,부산광역시 중구 영주동 90-12,35.1143423258,129.0315614461,2022,건축물,051-600-4697,부산광역시 중구청,2026-03-25
영주2동184,1,부산광역시 중구 영주로88번길 6,부산광역시 중구 영주동 90-13,35.1142074616,129.0315697225,2022,건축물,051-600-4697,부산광역시 중구청,2026-03-25
영주2동185,1,,부산광역시 중구 영주동 72-2,35.1143866065,129.0317937958,2022,건축물,051-600-4697,부산광역시 중구청,2026-03-25
영주2동186,1,,부산광역시 중구 영주동 72-2,35.1143866065,129.0317937958,2022,건축물,051-600-4697,부산광역시 중구청,2026-03-25
영주2동187,1,,부산광역시 중구 영주동 72-2,35.1143866065,129.0317937958,2022,건축물,051-600-4697,부산광역시 중구청,2026-03-25
영주2동188,1,부산광역시 중구 영주로88번길 5,부산광역시 중구 영주동 72-3,35.1142055668,129.0317741047,2022,건축물,051-600-4697,부산광역시 중구청,2026-03-25
영주2동189,1,부산광역시 중구 영초길 77,부산광역시 중구 영주동 72-4,35.1140096580,129.0320639283,2022,건축물,051-600-4697,부산광역시 중구청,2026-03-25
영주2동190,1,부산광역시 중구 영초길 77,부산광역시 중구 영주동 72-4,35.1140096580,129.0320639283,2022,건축물,051-600-4697,부산광역시 중구청,2026-03-25
영주2동191,1,부산광역시 중구 영초길 77,부산광역시 중구 영주동 72-4,35.1140096580,129.0320639283,2022,건축물,051-600-4697,부산광역시 중구청,2026-03-25
영주2동192,1,부산광역시 중구 영초길 77,부산광역시 중구 영주동 72-4,35.1140096580,129.0320639283,2022,건축물,051-600-4697,부산광역시 중구청,2026-03-25
영주2동193,2,부산광역시 중구 영초길 77,부산광역시 중구 영주동 72-4,35.1140096580,129.0320639283,2022,건축물,051-600-4697,부산광역시 중구청,2026-03-25
영주2동194,2,부산광역시 중구 영초길 107-7,부산광역시 중구 영주동 72-4,35.1140336675,129.0332811170,2022,건축물,051-600-4697,부산광역시 중구청,2026-03-25
영주2동195,1,,부산광역시 중구 영주동 산 1-227,35.1141864307,129.0332526062,2022,건축물,051-600-4697,부산광역시 중구청,2026-03-25
영주2동196,1,부산광역시 중구 영주로 17,부산광역시 중구 영주동 295-1,35.1093613143,129.0319242519,2022,건축물,051-600-4697,부산광역시 중구청,2026-03-25
영주2동197,1,,부산광역시 중구 영주동 71-1,35.1146353088,129.0332081677,2022,건축물,051-600-4697,부산광역시 중구청,2026-03-25
영주2동198,1,부산광역시 중구 영초길 77,부산광역시 중구 영주동 72-4,35.1140096580,129.0320639283,2022,건축물,051-600-4697,부산광역시 중구청,2026-03-25
영주2동199,1,부산광역시 중구 영초길 77,부산광역시 중구 영주동 72-4,35.1140096580,129.0320639283,2022,건축물,051-600-4697,부산광역시 중구청,2026-03-25
영주2동200,1,부산광역시 중구 영초길 77,부산광역시 중구 영주동 72-4,35.1140096580,129.0320639283,2022,건축물,051-600-4697,부산광역시 중구청,2026-03-25
영주2동201,1,부산광역시 중구 영초길 77,부산광역시 중구 영주동 72-4,35.1140096580,129.0320639283,2022,건축물,051-600-4697,부산광역시 중구청,2026-03-25
영주2동202,1,부산광역시 중구 영초길 77,부산광역시 중구 영주동 72-4,35.1140096580,129.0320639283,2022,건축물,051-600-4697,부산광역시 중구청,2026-03-25
영주2동203,1,부산광역시 중구 영초길 77,부산광역시 중구 영주동 72-4,35.1140096580,129.0320639283,2022,건축물,051-600-4697,부산광역시 중구청,2026-03-25
영주2동204,1,부산광역시 중구 영초길 77,부산광역시 중구 영주동 72-4,35.1140096580,129.0320639283,2022,건축물,051-600-4697,부산광역시 중구청,2026-03-25
영주2동205,1,부산광역시 중구 영초길 103,부산광역시 중구 영주동 72-4,35.1138551357,129.0333729719,2022,건축물,051-600-4697,부산광역시 중구청,2026-03-25
영주2동206,1,부산광역시 중구 영초길 69,부산광역시 중구 영주동 90-3,35.1140172093,129.0315544697,2022,건축물,051-600-4697,부산광역시 중구청,2026-03-25
영주2동207,1,부산광역시 중구 영초길 73,부산광역시 중구 영주동 72-5,35.1141009695,129.0318153760,2022,건축물,051-600-4697,부산광역시 중구청,2026-03-25
영주2동208,1,부산광역시 중구 영주로84번길 5-2,부산광역시 중구 영주동 90-17,35.1140086622,129.0314192512,2022,건축물,051-600-4697,부산광역시 중구청,2026-03-25
영주2동209,1,부산광역시 중구 영주로84번길 6-1,부산광역시 중구 영주동 90-37,35.1139214792,129.0313302263,2022,건축물,051-600-4697,부산광역시 중구청,2026-03-25
영주2동210,1,부산광역시 중구 영주로78번길 11,부산광역시 중구 영주동 90-26,35.1138364702,129.0311330094,2022,건축물,051-600-4697,부산광역시 중구청,2026-03-25
영주2동211,1,,부산광역시 중구 영주동 93-3,35.1136699877,129.0308786413,2022,건축물,051-600-4697,부산광역시 중구청,2026-03-25
영주2동212,1,부산광역시 중구 영초길 47-1,부산광역시 중구 영주동 151-1,35.1132618247,129.0306847750,2022,건축물,051-600-4697,부산광역시 중구청,2026-03-25
영주2동213,1,부산광역시 중구 영초길 51,부산광역시 중구 영주동 93-4,35.1134818667,129.0307561489,2022,건축물,051-600-4697,부산광역시 중구청,2026-03-25
영주2동214,2,부산광역시 중구 영초길 48-3,부산광역시 중구 영주동 94-9,35.1132628772,129.0309607335,2022,건축물,051-600-4697,부산광역시 중구청,2026-03-25
영주2동215,1,부산광역시 중구 영초길 45,부산광역시 중구 영주동 151-31,35.1131746231,129.0306290912,2022,건축물,051-600-4697,부산광역시 중구청,2026-03-25
영주2동216,1,부산광역시 중구 영초길 36,부산광역시 중구 영주동 96-5,35.1127586607,129.0308645388,2022,건축물,051-600-4697,부산광역시 중구청,2026-03-25
영주2동217,1,부산광역시 중구 영초길 35,부산광역시 중구 영주동 151-26,35.1126599870,129.0305792499,2022,건축물,051-600-4697,부산광역시 중구청,2026-03-25
영주2동218,1,부산광역시 중구 영주로54번길 4,부산광역시 중구 영주동 274-1,35.1121323418,129.0306119968,2022,건축물,051-600-4697,부산광역시 중구청,2026-03-25
영주2동219,1,부산광역시 중구 영초길 19,부산광역시 중구 영주동 274-13,35.1119466755,129.0307102588,2022,건축물,051-600-4697,부산광역시 중구청,2026-03-25
영주2동220,1,부산광역시 중구 영초길14번길 2,부산광역시 중구 영주동 279-2,35.1116850022,129.0310258621,2022,건축물,051-600-4697,부산광역시 중구청,2026-03-25
영주2동221,1,부산광역시 중구 영초길14번길 4,부산광역시 중구 영주동 279-18,35.1117261110,129.0311647364,2022,건축물,051-600-4697,부산광역시 중구청,2026-03-25
영주2동222,1,부산광역시 중구 영초길 6-2,부산광역시 중구 영주동 279-17,35.1114598904,129.0309881413,2022,건축물,051-600-4697,부산광역시 중구청,2026-03-25
영주2동223,1,부산광역시 중구 영초길 2,부산광역시 중구 영주동 279-14,35.1113046817,129.0308821874,2022,건축물,051-600-4697,부산광역시 중구청,2026-03-25
영주2동224,1,부산광역시 중구 영주로12번길 5,부산광역시 중구 영주동 292-4,35.1099569092,129.0318162150,2022,건축물,051-600-4697,부산광역시 중구청,2026-03-25
영주2동225,1,부산광역시 중구 영주로12번길 5-1,부산광역시 중구 영주동 292-21,35.1098154874,129.0317909894,2022,건축물,051-600-4697,부산광역시 중구청,2026-03-25
영주2동226,1,부산광역시 중구 영주로24번길 3-2,부산광역시 중구 영주동 284-13,35.1099695017,129.0313715004,2022,건축물,051-600-4697,부산광역시 중구청,2026-03-25
영주2동227,1,부산광역시 중구 영주로24번길 3,부산광역시 중구 영주동 284-17,35.1098831624,129.0313020218,2022,건축물,051-600-4697,부산광역시 중구청,2026-03-25
영주2동228,1,부산광역시 중구 영주로12번길 10,부산광역시 중구 영주동 285-3,35.1103146067,129.0316966768,2022,건축물,051-600-4697,부산광역시 중구청,2026-03-25
영주2동229,2,부산광역시 중구 영주로12번길 14,부산광역시 중구 영주동 285-2,35.1105550158,129.0314454760,2022,건축물,051-600-4697,부산광역시 중구청,2026-03-25
영주2동230,1,부산광역시 중구 영주로12번길 11,부산광역시 중구 영주동 284-1,35.1103700749,129.0312423869,2022,건축물,051-600-4697,부산광역시 중구청,2026-03-25
영주2동231,1,부산광역시 중구 영주로12번길 18,부산광역시 중구 영주동 280-13,35.1108662014,129.0314556145,2022,건축물,051-600-4697,부산광역시 중구청,2026-03-25
영주2동232,1,부산광역시 중구 영주로12번길 20-1,부산광역시 중구 영주동 280-7,35.1111431179,129.0314618316,2022,건축물,051-600-4697,부산광역시 중구청,2026-03-25
영주2동233,1,부산광역시 중구 영주로42번길 4,부산광역시 중구 영주동 281-3,35.1110898785,129.0309337736,2022,건축물,051-600-4697,부산광역시 중구청,2026-03-25
영주2동234,1,부산광역시 중구 영주로12번길 23-2,부산광역시 중구 영주동 279-4,35.1115643166,129.0311774993,2022,건축물,051-600-4697,부산광역시 중구청,2026-03-25
영주2동235,1,부산광역시 중구 영주로12번길 26,부산광역시 중구 영주동 278-8,35.1116044244,129.0315050888,2022,건축물,051-600-4697,부산광역시 중구청,2026-03-25
영주2동236,1,부산광역시 중구 영주로12번길 24,부산광역시 중구 영주동 278-10,35.1114981265,129.0315080427,2022,건축물,051-600-4697,부산광역시 중구청,2026-03-25
영주2동237,1,부산광역시 중구 영주로12번길 25,부산광역시 중구 영주동 279-3,35.1116244340,129.0313274834,2022,건축물,051-600-4697,부산광역시 중구청,2026-03-25
영주2동238,2,부산광역시 중구 영주로12번길 27,부산광역시 중구 영주동 279-1,35.1117324523,129.0312756596,2022,건축물,051-600-4697,부산광역시 중구청,2026-03-25
영주2동239,2,부산광역시 중구 영초길14번길 14,부산광역시 중구 영주동 278-3,35.1118349155,129.0316573296,2022,건축물,051-600-4697,부산광역시 중구청,2026-03-25
영주2동240,1,부산광역시 중구 동영로73번길 7,부산광역시 중구 영주동 278-1,35.1119184496,129.0319639553,2022,건축물,051-600-4697,부산광역시 중구청,2026-03-25
영주2동241,1,부산광역시 중구 영주로12번길 31,부산광역시 중구 영주동 275-12,35.1119956758,129.0311579390,2022,건축물,051-600-4697,부산광역시 중구청,2026-03-25
영주2동242,1,부산광역시 중구 영주로54번길 7-1,부산광역시 중구 영주동 96-15,35.1123976525,129.0309235734,2022,건축물,051-600-4697,부산광역시 중구청,2026-03-25
영주2동243,1,부산광역시 중구 영주로54번길 9,부산광역시 중구 영주동 96-13,35.1124881582,129.0310617011,2022,건축물,051-600-4697,부산광역시 중구청,2026-03-25
영주2동244,1,부산광역시 중구 영주로32번길 9,부산광역시 중구 영주동 280-14,35.1107942780,129.0316228269,2022,건축물,051-600-4697,부산광역시 중구청,2026-03-25
영주2동245,1,부산광역시 중구 동영로 69,부산광역시 중구 영주동 278-12,35.1113904088,129.0318429281,2022,건축물,051-600-4697,부산광역시 중구청,2026-03-25
영주2동246,1,부산광역시 중구 영주로42번길 10,부산광역시 중구 영주동 280-16,35.1112097302,129.0316705392,2022,건축물,051-600-4697,부산광역시 중구청,2026-03-25
영주2동247,1,부산광역시 중구 동영로 70,부산광역시 중구 영주동 155,35.1112643286,129.0320743778,2022,건축물,051-600-4697,부산광역시 중구청,2026-03-25
영주2동248,1,부산광역시 중구 동영로 71-2,부산광역시 중구 영주동 278-9,35.1115638951,129.0318046847,2022,건축물,051-600-4697,부산광역시 중구청,2026-03-25
영주2동249,1,부산광역시 중구 동영로 71-1,부산광역시 중구 영주동 278-16,35.1114821834,129.0317440925,2022,건축물,051-600-4697,부산광역시 중구청,2026-03-25
영주2동250,1,부산광역시 중구 동영로 74,부산광역시 중구 영주동 147-7,35.1115579870,129.0322161249,2022,건축물,051-600-4697,부산광역시 중구청,2026-03-25
영주2동251,1,부산광역시 중구 동영로73번길 14,부산광역시 중구 영주동 277-22,35.1121737542,129.0318993395,2022,건축물,051-600-4697,부산광역시 중구청,2026-03-25
영주2동252,1,부산광역시 중구 동영로73번길 16,부산광역시 중구 영주동 277-9,35.1122331627,129.0318497087,2022,건축물,051-600-4697,부산광역시 중구청,2026-03-25
영주2동253,1,부산광역시 중구 동영로73번길 15,부산광역시 중구 영주동 276-8,35.1120744303,129.0316099775,2022,건축물,051-600-4697,부산광역시 중구청,2026-03-25
영주2동254,1,부산광역시 중구 영주로54번길 9-1,부산광역시 중구 영주동 96-21,35.1125022834,129.0312028681,2022,건축물,051-600-4697,부산광역시 중구청,2026-03-25
영주2동255,1,부산광역시 중구 영주로54번길 13,부산광역시 중구 영주동 95-9,35.1126079060,129.0314014709,2022,건축물,051-600-4697,부산광역시 중구청,2026-03-25
영주2동256,1,부산광역시 중구 영주로54번길 14,부산광역시 중구 영주동 277-2,35.1125560231,129.0316902602,2022,건축물,051-600-4697,부산광역시 중구청,2026-03-25
영주2동257,1,부산광역시 중구 동영로73번길 29,부산광역시 중구 영주동 96-11,35.1126293767,129.0311689548,2022,건축물,051-600-4697,부산광역시 중구청,2026-03-25
영주2동258,2,부산광역시 중구 동영로73번길 36,부산광역시 중구 영주동 95-4,35.1129497089,129.0313215628,2022,건축물,051-600-4697,부산광역시 중구청,2026-03-25
영주2동259,1,부산광역시 중구 동영로93번안길 5,부산광역시 중구 영주동 95-3,35.1129710936,129.0314704781,2022,건축물,051-600-4697,부산광역시 중구청,2026-03-25
영주2동260,1,부산광역시 중구 동영로93번안길 4,부산광역시 중구 영주동 75-4,35.1132485863,129.0317218249,2022,건축물,051-600-4697,부산광역시 중구청,2026-03-25
영주2동261,1,부산광역시 중구 영주로78번길 21,부산광역시 중구 영주동 76-9,35.1134781087,129.0314427081,2022,건축물,051-600-4697,부산광역시 중구청,2026-03-25
영주2동262,1,부산광역시 중구 영주로78번길 19,부산광역시 중구 영주동 76-5,35.1135508065,129.0313798070,2022,건축물,051-600-4697,부산광역시 중구청,2026-03-25
영주2동263,1,부산광역시 중구 영주로78번길 17,부산광역시 중구 영주동 76-12,35.1136440612,129.0313808063,2022,건축물,051-600-4697,부산광역시 중구청,2026-03-25
영주2동264,1,부산광역시 중구 동영로73번길 51-1,부산광역시 중구 영주동 76-7,35.1136080762,129.0316082490,2022,건축물,051-600-4697,부산광역시 중구청,2026-03-25
영주2동265,1,부산광역시 중구 동영로73번길 54,부산광역시 중구 영주동 75-2,35.1134230618,129.0317643232,2022,건축물,051-600-4697,부산광역시 중구청,2026-03-25
영주2동266,1,부산광역시 중구 영주로88번길 11,부산광역시 중구 영주동 73-20,35.1136741769,129.0319011782,2022,건축물,051-600-4697,부산광역시 중구청,2026-03-25
영주2동267,1,부산광역시 중구 동영로73번길 55-1,부산광역시 중구 영주동 73-8,35.1136017179,129.0319605754,2022,건축물,051-600-4697,부산광역시 중구청,2026-03-25
영주2동268,1,부산광역시 중구 동영로73번길 57,부산광역시 중구 영주동 73-9,35.1135544425,129.0320229010,2022,건축물,051-600-4697,부산광역시 중구청,2026-03-25
영주2동269,2,부산광역시 중구 동영로73번길 57-2,부산광역시 중구 영주동 73-13,35.1137666467,129.0320027276,2022,건축물,051-600-4697,부산광역시 중구청,2026-03-25
영주2동270,1,부산광역시 중구 동영로73번길 57-3,부산광역시 중구 영주동 73-5,35.1138685379,129.0320314699,2022,건축물,051-600-4697,부산광역시 중구청,2026-03-25
영주2동271,1,부산광역시 중구 영초길 104,부산광역시 중구 영주동 73-1,35.1137469115,129.0335121973,2022,건축물,051-600-4697,부산광역시 중구청,2026-03-25
영주2동272,1,부산광역시 중구 초량상로7번길 16,부산광역시 중구 영주동 63-21,35.1134241425,129.0338110351,2022,건축물,051-600-4697,부산광역시 중구청,2026-03-25
영주2동273,1,부산광역시 중구 초량상로7번길 20-2,부산광역시 중구 영주동 73-14,35.1132703400,129.0331810999,2022,건축물,051-600-4697,부산광역시 중구청,2026-03-25
영주2동274,1,부산광역시 중구 초량상로7번길 23,부산광역시 중구 영주동 74-26,35.1131161782,129.0330182462,2022,건축물,051-600-4697,부산광역시 중구청,2026-03-25
영주2동275,1,부산광역시 중구 초량상로7번길 23-3,부산광역시 중구 영주동 74-16,35.1131699940,129.0328293044,2022,건축물,051-600-4697,부산광역시 중구청,2026-03-25
영주2동276,1,부산광역시 중구 초량상로7번길 29-1,부산광역시 중구 영주동 74-7,35.1133362763,129.0323018598,2022,건축물,051-600-4697,부산광역시 중구청,2026-03-25
영주2동277,1,부산광역시 중구 동영로93번길 3-1,부산광역시 중구 영주동 75-13,35.1133329546,129.0319141995,2022,건축물,051-600-4697,부산광역시 중구청,2026-03-25
영주2동278,1,부산광역시 중구 동영로 103-1,부산광역시 중구 영주동 62-28,35.1129279972,129.0330890236,2022,건축물,051-600-4697,부산광역시 중구청,2026-03-25
영주2동279,1,부산광역시 중구 동영로 88,부산광역시 중구 영주동 137-64,35.1127106245,129.0320258520,2022,건축물,051-600-4697,부산광역시 중구청,2026-03-25
영주2동280,1,부산광역시 중구 동영로 83-1,부산광역시 중구 영주동 277-8,35.1124100043,129.0320090639,2022,건축물,051-600-4697,부산광역시 중구청,2026-03-25
영주2동281,1,부산광역시 중구 동영로 76,부산광역시 중구 영주동 147-1,35.1116606025,129.0322984028,2022,건축물,051-600-4697,부산광역시 중구청,2026-03-25
영주2동282,1,부산광역시 중구 동영로 78-1,부산광역시 중구 영주동 148-14,35.1120142258,129.0325185192,2022,건축물,051-600-4697,부산광역시 중구청,2026-03-25
영주2동283,1,부산광역시 중구 동영로 82,부산광역시 중구 영주동 148-56,35.1123594469,129.0324175348,2022,건축물,051-600-4697,부산광역시 중구청,2026-03-25
영주2동284,1,부산광역시 중구 동영로 76-1,부산광역시 중구 영주동 148-72,35.1117527631,129.0323968717,2022,건축물,051-600-4697,부산광역시 중구청,2026-03-25
영주2동285,1,부산광역시 중구 영주로 23-1,부산광역시 중구 영주동 293-13,35.1094427889,129.0312410822,2022,건축물,051-600-4697,부산광역시 중구청,2026-03-25
영주2동286,1,,부산광역시 중구 영주동 1-1013,35.1150557610,129.0324079475,2023,건축물,051-600-4697,부산광역시 중구청,2026-03-25
영주2동287,1,부산광역시 중구 동영로73번길 46,부산광역시 중구 영주동 75-9,35.1132515505,129.0314321476,2025,건축물,051-600-4697,부산광역시 중구청,2026-03-25
영주2동288,1,부산광역시 중구 임소길15번길 22-3,부산광역시 중구 영주동 525-36,35.1108680367,129.0338712037,2024,건축물,051-600-4697,부산광역시 중구청,2026-03-25
영주2동290,1,,부산광역시 중구 영주동 1-1019,35.1152067020,129.0307334605,2025,건축물,051-600-4697,부산광역시 중구청,2026-03-25
영주2동291,1,부산광역시 중구 동영로 37-1,부산광역시 중구 영주동 289-9,35.1099968712,129.0334309522,2025,건축물,051-600-4697,부산광역시 중구청,2026-03-25
중앙동001,1,부산광역시 중구 대교로 103,부산광역시 중구 중앙동6가 79-9,35.0994165808,129.0374693197,2022,건축물,051-600-4697,부산광역시 중구청,2026-03-25
중앙동002,1,부산광역시 중구 중앙대로30번길 8,부산광역시 중구 중앙동6가 10-4,35.0997819495,129.0373869634,2022,건축물,051-600-4697,부산광역시 중구청,2026-03-25
중앙동003,1,부산광역시 중구 대교로 115-1,부산광역시 중구 중앙동6가 3-2,35.1004445273,129.0373918404,2022,건축물,051-600-4697,부산광역시 중구청,2026-03-25
중앙동004,1,부산광역시 중구 대교로 119,부산광역시 중구 중앙동6가 2,35.1008083778,129.0373767641,2022,건축물,051-600-4697,부산광역시 중구청,2026-03-25
중앙동005,1,부산광역시 중구 중앙대로42번길 2,부산광역시 중구 중앙동6가 15,35.1012429525,129.0369729761,2022,건축물,051-600-4697,부산광역시 중구청,2026-03-25
중앙동006,1,부산광역시 중구 중앙대로 17,부산광역시 중구 중앙동6가 9-1,35.0994165808,129.0374693197,2022,건축물,051-600-4697,부산광역시 중구청,2026-03-25
중앙동007,1,부산광역시 중구 중앙대로42번길 3,부산광역시 중구 중앙동5가 11-3,35.1014351153,129.0370085713,2022,건축물,051-600-4697,부산광역시 중구청,2026-03-25
중앙동008,1,부산광역시 중구 중앙대로46번길 4,부산광역시 중구 중앙동5가 11-1,35.1015875969,129.0369976722,2022,건축물,051-600-4697,부산광역시 중구청,2026-03-25
중앙동009,1,부산광역시 중구 대청로156번길 14,부산광역시 중구 중앙동5가 41,35.1018744631,129.0369802485,2022,건축물,051-600-4697,부산광역시 중구청,2026-03-25
중앙동010,1,부산광역시 중구 대청로156번길 2,부산광역시 중구 중앙동5가 56,35.1027473303,129.0369379320,2022,건축물,051-600-4697,부산광역시 중구청,2026-03-25
중앙동011,1,부산광역시 중구 충장대로4번길 8,부산광역시 중구 중앙동4가 24-4,35.1044916302,129.0368099465,2022,건축물,051-600-4697,부산광역시 중구청,2026-03-25
중앙동012,1,부산광역시 중구 충장대로4번길 6,부산광역시 중구 중앙동4가 24-3,35.1046241396,129.0368023880,2022,건축물,051-600-4697,부산광역시 중구청,2026-03-25
중앙동013,1,부산광역시 중구 중앙대로115번길 4-32,부산광역시 중구 대창동1가 54-15,35.1088460190,129.0364179236,2022,건축물,051-600-4697,부산광역시 중구청,2026-03-25
중앙동014,1,부산광역시 중구 중앙대로115번길 4-27,부산광역시 중구 대창동1가 54-60,35.1087042554,129.0363165746,2022,건축물,051-600-4697,부산광역시 중구청,2026-03-25
중앙동015,1,부산광역시 중구 중앙대로115번길 4-19,부산광역시 중구 대창동1가 54-76,35.1085961167,129.0362842742,2022,건축물,051-600-4697,부산광역시 중구청,2026-03-25
중앙동016,1,부산광역시 중구 중앙대로115번길 4-9,부산광역시 중구 대창동1가 54-63,35.1084055199,129.0361447537,2022,건축물,051-600-4697,부산광역시 중구청,2026-03-25
중앙동017,1,부산광역시 중구 중앙대로115번길 4-5,부산광역시 중구 대창동1가 54-27,35.1083100738,129.0360918236,2022,건축물,051-600-4697,부산광역시 중구청,2026-03-25
중앙동018,1,부산광역시 중구 중앙대로115번길 2,부산광역시 중구 대창동1가 54-30,35.1082430528,129.0362028908,2022,건축물,051-600-4697,부산광역시 중구청,2026-03-25
중앙동019,1,부산광역시 중구 중앙대로115번길 1-6,부산광역시 중구 대창동1가 54-67,35.1078467906,129.0358337725,2022,건축물,051-600-4697,부산광역시 중구청,2026-03-25
중앙동020,1,부산광역시 중구 동광길 94-1,부산광역시 중구 중앙동4가 57-3,35.1069153129,129.0351163267,2022,건축물,051-600-4697,부산광역시 중구청,2026-03-25
중앙동021,1,부산광역시 중구 동광길 90,부산광역시 중구 중앙동4가 56-10,35.1068034425,129.0350539981,2022,건축물,051-600-4697,부산광역시 중구청,2026-03-25
중앙동022,1,부산광역시 중구 해관로85번길 9,부산광역시 중구 중앙동4가 56-22,35.1068714722,129.0352477087,2022,건축물,051-600-4697,부산광역시 중구청,2026-03-25
중앙동023,1,부산광역시 중구 해관로85번길 7-10,부산광역시 중구 중앙동4가 56-27,35.1067951744,129.0351009472,2022,건축물,051-600-4697,부산광역시 중구청,2026-03-25
중앙동024,1,부산광역시 중구 해관로85번길 7-6,부산광역시 중구 중앙동4가 56-25,35.1068694851,129.0351621226,2022,건축물,051-600-4697,부산광역시 중구청,2026-03-25
중앙동025,1,부산광역시 중구 해관로85번길 11,부산광역시 중구 중앙동4가 56-23,35.1068917944,129.0352074196,2022,건축물,051-600-4697,부산광역시 중구청,2026-03-25
중앙동026,1,부산광역시 중구 동광길 96,부산광역시 중구 중앙동4가 57-1,35.1069474306,129.0351302849,2022,건축물,051-600-4697,부산광역시 중구청,2026-03-25
중앙동027,1,부산광역시 중구 해관로85번길 3-4,부산광역시 중구 중앙동4가 52-48,35.1066620225,129.0352272567,2022,건축물,051-600-4697,부산광역시 중구청,2026-03-25
중앙동028,1,부산광역시 중구 해관로85번길 3-10,부산광역시 중구 중앙동4가 52-51,35.1065407170,129.0351955084,2022,건축물,051-600-4697,부산광역시 중구청,2026-03-25
중앙동029,1,부산광역시 중구 대청로135번길 33,부산광역시 중구 중앙동4가 40-5,35.1058752696,129.0350518625,2022,건축물,051-600-4697,부산광역시 중구청,2026-03-25
중앙동030,1,부산광역시 중구 해관로 79-1,부산광역시 중구 중앙동4가 52-8,35.1060794278,129.0351888619,2022,건축물,051-600-4697,부산광역시 중구청,2026-03-25
중앙동031,1,부산광역시 중구 동광길 52,부산광역시 중구 중앙동4가 40-24,35.1050424374,129.0347976872,2022,건축물,051-600-4697,부산광역시 중구청,2026-03-25
중앙동032,1,부산광역시 중구 동광길 46,부산광역시 중구 중앙동4가 40-11,35.1048211434,129.0347527078,2022,건축물,051-600-4697,부산광역시 중구청,2026-03-25
중앙동033,1,부산광역시 중구 대청로135번길 36,부산광역시 중구 중앙동4가 52-3,35.1059011402,129.0352446321,2022,건축물,051-600-4697,부산광역시 중구청,2026-03-25
중앙동034,1,부산광역시 중구 중앙대로 111-15,부산광역시 중구 대창동1가 26-12,35.1077621164,129.0359925425,2022,건축물,051-600-4697,부산광역시 중구청,2026-03-25
중앙동035,2,부산광역시 중구 중앙대로 91,부산광역시 중구 중앙동4가 53-17,35.1057358860,129.0358818192,2022,건축물,051-600-4697,부산광역시 중구청,2026-03-25
중앙동036,1,부산광역시 중구 중앙대로 87,부산광역시 중구 중앙동4가 53-11,35.1054698276,129.0359266314,2022,건축물,051-600-4697,부산광역시 중구청,2026-03-25
중앙동037,1,부산광역시 중구 중앙대로 79-1,부산광역시 중구 중앙동4가 28-10,35.1048034529,129.0359723410,2022,건축물,051-600-4697,부산광역시 중구청,2026-03-25
중앙동038,1,부산광역시 중구 해관로 60-1,부산광역시 중구 중앙동4가 29-8,35.1042270634,129.0357147791,2022,건축물,051-600-4697,부산광역시 중구청,2026-03-25
중앙동039,1,부산광역시 중구 해관로 58,부산광역시 중구 중앙동4가 29-3,35.1040730465,129.0357419816,2022,건축물,051-600-4697,부산광역시 중구청,2026-03-25
중앙동040,1,부산광역시 중구 대청로135번길 20,부산광역시 중구 중앙동4가 37-12,35.1044833339,129.0349864368,2022,건축물,051-600-4697,부산광역시 중구청,2026-03-25
중앙동041,1,부산광역시 중구 해관로 59-1,부산광역시 중구 중앙동4가 36-1,35.1043000960,129.0353530762,2022,건축물,051-600-4697,부산광역시 중구청,2026-03-25
중앙동042,1,부산광역시 중구 대청로141번길 11,부산광역시 중구 중앙동3가 12-5,35.1038096842,129.0351433858,2022,건축물,051-600-4697,부산광역시 중구청,2026-03-25
중앙동043,1,부산광역시 중구 대청로141번길 9,부산광역시 중구 중앙동3가 13-21,35.1036157430,129.0351975594,2022,건축물,051-600-4697,부산광역시 중구청,2026-03-25
중앙동044,1,부산광역시 중구 대청로141번길 7,부산광역시 중구 중앙동3가 13-9,35.1034056732,129.0351979283,2022,건축물,051-600-4697,부산광역시 중구청,2026-03-25
중앙동045,1,부산광역시 중구 대청로141번길 5,부산광역시 중구 중앙동3가 14-10,35.1032476843,129.0351933418,2022,건축물,051-600-4697,부산광역시 중구청,2026-03-25
중앙동046,1,부산광역시 중구 해관로 47-2,부산광역시 중구 중앙동3가 9-2,35.1031625241,129.0354240269,2022,건축물,051-600-4697,부산광역시 중구청,2026-03-25
중앙동047,1,부산광역시 중구 대청로137번길 10,부산광역시 중구 중앙동3가 13-15,35.1036542597,129.0350612252,2022,건축물,051-600-4697,부산광역시 중구청,2026-03-25
중앙동048,1,부산광역시 중구 대청로137번길 8-1,부산광역시 중구 중앙동3가 13-4,35.1034616106,129.0351296865,2022,건축물,051-600-4697,부산광역시 중구청,2026-03-25
중앙동049,1,부산광역시 중구 대청로135번길 8,부산광역시 중구 중앙동3가 18-4,35.1034047395,129.0348295647,2022,건축물,051-600-4697,부산광역시 중구청,2026-03-25
중앙동050,2,부산광역시 중구 대청로137번길 4-1,부산광역시 중구 중앙동3가 14-9,35.1032413554,129.0350818820,2022,건축물,051-600-4697,부산광역시 중구청,2026-03-25
중앙동051,2,부산광역시 중구 대청로 136,부산광역시 중구 중앙동2가 44-1,35.1025388220,129.0348390698,2022,건축물,051-600-4697,부산광역시 중구청,2026-03-25
중앙동052,1,부산광역시 중구 대청로134번길 9,부산광역시 중구 중앙동2가 49-20,35.1020650539,129.0348134750,2022,건축물,051-600-4697,부산광역시 중구청,2026-03-25
중앙동053,1,부산광역시 중구 중앙대로49번길 13-1,부산광역시 중구 중앙동2가 52-5,35.1018396188,129.0348219066,2022,건축물,051-600-4697,부산광역시 중구청,2026-03-25
중앙동054,1,부산광역시 중구 대청로134번길 15,부산광역시 중구 중앙동2가 54-5,35.1015656201,129.0348995296,2022,건축물,051-600-4697,부산광역시 중구청,2026-03-25
중앙동055,1,부산광역시 중구 중앙대로41번길 12-1,부산광역시 중구 중앙동2가 57,35.1012924919,129.0350219130,2022,건축물,051-600-4697,부산광역시 중구청,2026-03-25
중앙동056,1,부산광역시 중구 중앙대로41번길 9,부산광역시 중구 중앙동1가 24-11,35.1010704962,129.0353031406,2022,건축물,051-600-4697,부산광역시 중구청,2026-03-25
중앙동057,1,부산광역시 중구 중앙대로41번길 7,부산광역시 중구 중앙동1가 23-1,35.1011451104,129.0355984320,2022,건축물,051-600-4697,부산광역시 중구청,2026-03-25
중앙동058,1,부산광역시 중구 중앙대로41번길 12,부산광역시 중구 중앙동2가 20,35.1012915740,129.0352268352,2022,건축물,051-600-4697,부산광역시 중구청,2026-03-25
중앙동059,1,부산광역시 중구 대청로138번길 15-1,부산광역시 중구 중앙동2가 21-1,35.1014329709,129.0352696075,2022,건축물,051-600-4697,부산광역시 중구청,2026-03-25
중앙동060,1,부산광역시 중구 대청로138번길 16-1,부산광역시 중구 중앙동2가 55,35.1015031417,129.0349816433,2022,건축물,051-600-4697,부산광역시 중구청,2026-03-25
중앙동061,1,부산광역시 중구 대청로138번길 15-3,부산광역시 중구 중앙동2가 22-3,35.1016124785,129.0353290084,2022,건축물,051-600-4697,부산광역시 중구청,2026-03-25
중앙동062,1,부산광역시 중구 대청로138번길 14,부산광역시 중구 중앙동2가 53,35.1017428377,129.0349396831,2022,건축물,051-600-4697,부산광역시 중구청,2026-03-25
중앙동063,1,부산광역시 중구 대청로138번길 12,부산광역시 중구 중앙동2가 52-1,35.1018520313,129.0350218982,2022,건축물,051-600-4697,부산광역시 중구청,2026-03-25
중앙동064,1,부산광역시 중구 대청로138번길 10,부산광역시 중구 중앙동2가 49-18,35.1020271586,129.0349664898,2022,건축물,051-600-4697,부산광역시 중구청,2026-03-25
중앙동065,1,부산광역시 중구 대청로138번길 5-1,부산광역시 중구 중앙동2가 49-33,35.1023334236,129.0351945135,2022,건축물,051-600-4697,부산광역시 중구청,2026-03-25
중앙동066,1,부산광역시 중구 대청로138번길 5,부산광역시 중구 중앙동2가 49-9,35.1024585943,129.0351839188,2022,건축물,051-600-4697,부산광역시 중구청,2026-03-25
중앙동067,1,부산광역시 중구 대청로 138,부산광역시 중구 중앙동2가 49-45,35.1026917315,129.0351193161,2022,건축물,051-600-4697,부산광역시 중구청,2026-03-25
중앙동068,1,부산광역시 중구 대청로138번길 3,부산광역시 중구 중앙동2가 49-6,35.1025717513,129.0351749992,2022,건축물,051-600-4697,부산광역시 중구청,2026-03-25
중앙동069,1,부산광역시 중구 해관로 39-1,부산광역시 중구 중앙동2가 50-3,35.1024497768,129.0354567442,2022,건축물,051-600-4697,부산광역시 중구청,2026-03-25
중앙동070,1,부산광역시 중구 중앙대로49번길 7,부산광역시 중구 중앙동2가 24-1,35.1018898311,129.0355453475,2022,건축물,051-600-4697,부산광역시 중구청,2026-03-25
중앙동071,1,부산광역시 중구 중앙대로 45-23,부산광역시 중구 중앙동5가 1-7,35.1013700754,129.0360578887,2022,건축물,051-600-4697,부산광역시 중구청,2026-03-25
중앙동072,1,부산광역시 중구 중앙대로41번길 3,부산광역시 중구 중앙동1가 21-1,35.1011543621,129.0361098724,2022,건축물,051-600-4697,부산광역시 중구청,2026-03-25
중앙동073,1,부산광역시 중구 중앙대로 37-1,부산광역시 중구 중앙동6가 20-27,35.1010213372,129.0362661107,2022,건축물,051-600-4697,부산광역시 중구청,2026-03-25
중앙동074,1,부산광역시 중구 중앙대로29번길 2-15,부산광역시 중구 중앙동1가 21-2,35.1008879700,129.0361209002,2022,건축물,051-600-4697,부산광역시 중구청,2026-03-25
중앙동075,1,부산광역시 중구 중앙대로41번길 1-6,부산광역시 중구 중앙동1가 21-15,35.1010289654,129.0361124551,2022,건축물,051-600-4697,부산광역시 중구청,2026-03-25
중앙동076,1,부산광역시 중구 해관로 24,부산광역시 중구 중앙동1가 22-20,35.1009517511,129.0358915545,2022,건축물,051-600-4697,부산광역시 중구청,2026-03-25
중앙동077,1,부산광역시 중구 해관로 24-1,부산광역시 중구 중앙동1가 22-18,35.1009929140,129.0358874246,2022,건축물,051-600-4697,부산광역시 중구청,2026-03-25
중앙동078,1,부산광역시 중구 중앙대로29번길 2-9,부산광역시 중구 중앙동1가 21-4,35.1006113162,129.0361312342,2022,건축물,051-600-4697,부산광역시 중구청,2026-03-25
중앙동079,2,부산광역시 중구 중앙대로29번길 2-1,부산광역시 중구 중앙동1가 20-2,35.1003326177,129.0361559915,2022,건축물,051-600-4697,부산광역시 중구청,2026-03-25
중앙동080,1,부산광역시 중구 중앙대로29번길 6,부산광역시 중구 중앙동1가 22-4,35.1003482060,129.0359254487,2022,건축물,051-600-4697,부산광역시 중구청,2026-03-25
중앙동081,1,부산광역시 중구 중앙대로29번길 8,부산광역시 중구 중앙동1가 25-2,35.1002215884,129.0356520036,2022,건축물,051-600-4697,부산광역시 중구청,2026-03-25
중앙동082,1,부산광역시 중구 중앙대로42번길 6,부산광역시 중구 중앙동6가 1-2,35.1011672971,129.0372063027,2022,건축물,051-600-4697,부산광역시 중구청,2026-03-25
중앙동083,1,부산광역시 중구 해관로 29-6,부산광역시 중구 중앙동2가 22-1,35.1016195136,129.0354252414,2022,,051-600-4697,부산광역시 중구청,2026-03-25
