보안등위치명,설치개수,소재지도로명주소,소재지지번주소,위도,경도,설치연도,설치형태,관리기관전화번호,관리기관명,데이터기준일자
감천2-250,1,부산광역시 사하구 옥천로70번나길 35,부산광역시 사하구 감천동 13-1375,35.0928948,129.0104956427,2024,건축물,051-220-4671,부산광역시 사하구청,2026-02-27
감천동001,1,부산광역시 사하구 사하로125번길 8,부산광역시 사하구 감천동 830-17,35.092630,128.9926984,2021,건축물,051-220-4671,부산광역시 사하구청,2026-02-27
감천동002,1,부산광역시 사하구 사하로125번길 6-3,부산광역시 사하구 감천동 830-7,35.0924904562,128.9924873,2021,건축물,051-220-4671,부산광역시 사하구청,2026-02-27
감천동003,1,부산광역시 사하구 사하로125번길 6-1,부산광역시 사하구 감천동 830-15,35.0925771,128.9926313,2021,전용주,051-220-4671,부산광역시 사하구청,2026-02-27
감천동004,1,부산광역시 사하구 사하로 83,부산광역시 사하구 감천동 828-75,35.0894615716,128.9936916421,2021,한전주,051-220-4671,부산광역시 사하구청,2026-02-27
감천동005,1,부산광역시 사하구 사하로125번길 16-1,부산광역시 사하구 감천동 830-10,35.0922254,128.9926447,2021,한전주,051-220-4671,부산광역시 사하구청,2026-02-27
감천동006,1,부산광역시 사하구 사하로125번길 20-1,부산광역시 사하구 감천동 830-4,35.0922919,128.992438,2021,건축물,051-220-4671,부산광역시 사하구청,2026-02-27
감천동007,1,부산광역시 사하구 사하로125번길 20-2,부산광역시 사하구 감천동 830-19,35.0922895617,128.9922631,2021,건축물,051-220-4671,부산광역시 사하구청,2026-02-27
감천동008,1,부산광역시 사하구 사하로125번길 24,부산광역시 사하구 감천동 828-41,35.0919868305,128.9928938504,2021,건축물,051-220-4671,부산광역시 사하구청,2026-02-27
감천동009,1,부산광역시 사하구 사하로125번길 24-4,부산광역시 사하구 감천동 828-43,35.0919359,128.9926995367,2021,건축물,051-220-4671,부산광역시 사하구청,2026-02-27
감천동010,1,부산광역시 사하구 사하로125번길 30,부산광역시 사하구 감천동 828-47,35.0917777,128.9930176,2021,건축물,051-220-4671,부산광역시 사하구청,2026-02-27
감천동011,1,,부산광역시 사하구 감천동 828-36,35.091772974,128.9930887752,2021,전용주,051-220-4671,부산광역시 사하구청,2026-02-27
감천동012,1,부산광역시 사하구 사하로125번길 32,부산광역시 사하구 감천동 828-52,35.0916595,128.9930805,2021,건축물,051-220-4671,부산광역시 사하구청,2026-02-27
감천동013,1,부산광역시 사하구 사하로125번길 35,부산광역시 사하구 감천동 828-59,35.0914449,128.9929766,2021,건축물,051-220-4671,부산광역시 사하구청,2026-02-27
감천동014,1,부산광역시 사하구 감천로 6-2,부산광역시 사하구 감천동 826-5,35.0918952289,128.9937446,2021,건축물,051-220-4671,부산광역시 사하구청,2026-02-27
감천동015,1,부산광역시 사하구 감천로 13,부산광역시 사하구 감천동 808-1,35.0919336978,128.9945133048,2021,한전주,051-220-4671,부산광역시 사하구청,2026-02-27
감천동016,1,부산광역시 사하구 감천로 20,부산광역시 사하구 감천동 808-11,35.0912649,128.9951541,2021,건축물,051-220-4671,부산광역시 사하구청,2026-02-27
감천동017,1,부산광역시 사하구 사하로 106-1,부산광역시 사하구 감천동 826-26,35.0915467,128.9938983002,2021,한전주,051-220-4671,부산광역시 사하구청,2026-02-27
감천동018,1,부산광역시 사하구 사하로 106-6,부산광역시 사하구 감천동 826-15,35.0918269,128.993863,2021,건축물,051-220-4671,부산광역시 사하구청,2026-02-27
감천동019,1,부산광역시 사하구 사하로 83-1,부산광역시 사하구 감천동 804-11,35.0895943,128.9931728,2021,건축물,051-220-4671,부산광역시 사하구청,2026-02-27
감천동020,1,부산광역시 사하구 사하로 87,부산광역시 사하구 감천동 828-11,35.0901932,128.9934724,2021,건축물,051-220-4671,부산광역시 사하구청,2026-02-27
감천동021,1,부산광역시 사하구 감천로 32,부산광역시 사하구 감천동 682,35.0905945623,128.9958399,2021,한전주,051-220-4671,부산광역시 사하구청,2026-02-27
감천동022,1,부산광역시 사하구 사하로 87,부산광역시 사하구 감천동 828-11,35.0901932,128.9934724,2021,건축물,051-220-4671,부산광역시 사하구청,2026-02-27
감천동023,1,부산광역시 사하구 감천로 24,부산광역시 사하구 감천동 808,35.0898640453,128.9949237135,2021,한전주,051-220-4671,부산광역시 사하구청,2026-02-27
감천동024,1,부산광역시 사하구 감천로 38,부산광역시 사하구 감천동 682-1,35.0902534268,128.9962495497,2021,한전주,051-220-4671,부산광역시 사하구청,2026-02-27
감천동025,1,부산광역시 사하구 감천로42번길 17,부산광역시 사하구 감천동 783-1,35.0898973,128.9966667,2021,건축물,051-220-4671,부산광역시 사하구청,2026-02-27
감천동026,1,부산광역시 사하구 감천로42번길 17,부산광역시 사하구 감천동 783-1,35.0898973,128.9966667,2021,한전주,051-220-4671,부산광역시 사하구청,2026-02-27
감천동027,1,부산광역시 사하구 감천로42번길 17,부산광역시 사하구 감천동 783-1,35.0898973,128.9966667,2021,한전주,051-220-4671,부산광역시 사하구청,2026-02-27
감천동028,1,부산광역시 사하구 감천로42번길 17,부산광역시 사하구 감천동 783-1,35.0898973,128.9966667,2021,한전주,051-220-4671,부산광역시 사하구청,2026-02-27
감천동029,1,부산광역시 사하구 사하로 84,부산광역시 사하구 감천동 803-3,35.0896170434,128.9942712577,2021,전용주,051-220-4671,부산광역시 사하구청,2026-02-27
감천동030,1,부산광역시 사하구 감천로42번길 17,부산광역시 사하구 감천동 783-1,35.0898758128,128.9966500709,2021,한전주,051-220-4671,부산광역시 사하구청,2026-02-27
감천동031,1,부산광역시 사하구 감천로38번길 12,부산광역시 사하구 감천동 685-1,35.0906273,128.9971967951,2021,한전주,051-220-4671,부산광역시 사하구청,2026-02-27
감천동032,1,부산광역시 사하구 감천로42번길 17,부산광역시 사하구 감천동 783-1,35.0898973,128.9966667,2021,한전주,051-220-4671,부산광역시 사하구청,2026-02-27
감천동033,1,부산광역시 사하구 감천로38번길 20,부산광역시 사하구 감천동 691-1,35.090146576,128.9973965293,2021,한전주,051-220-4671,부산광역시 사하구청,2026-02-27
감천동034,1,부산광역시 사하구 을숙도대로873번길 37,부산광역시 사하구 감천동 783-18,35.0894193,128.9966879,2021,한전주,051-220-4671,부산광역시 사하구청,2026-02-27
감천동035,1,부산광역시 사하구 감천로38번길 20,부산광역시 사하구 감천동 691-1,35.090146576,128.9973965293,2021,전용주,051-220-4671,부산광역시 사하구청,2026-02-27
감천동036,1,부산광역시 사하구 감천로42번길 21-1,부산광역시 사하구 감천동 789-3,35.0891509,128.9960236,2021,전용주,051-220-4671,부산광역시 사하구청,2026-02-27
감천동037,1,부산광역시 사하구 감천로42번길 21-1,부산광역시 사하구 감천동 789-3,35.0891509,128.9960236,2021,건축물,051-220-4671,부산광역시 사하구청,2026-02-27
감천동038,1,부산광역시 사하구 감천로42번길 21-12,부산광역시 사하구 감천동 789-3,35.0888636189,128.9959925546,2021,전용주,051-220-4671,부산광역시 사하구청,2026-02-27
감천동039,1,부산광역시 사하구 감천로42번길 21-10,부산광역시 사하구 감천동 789-3,35.0888724351,128.9958292975,2021,전용주,051-220-4671,부산광역시 사하구청,2026-02-27
감천동040,1,부산광역시 사하구 감천로42번길 21-10,부산광역시 사하구 감천동 789-3,35.0888724351,128.9958292975,2021,전용주,051-220-4671,부산광역시 사하구청,2026-02-27
감천동041,1,부산광역시 사하구 을숙도대로873번길 21,부산광역시 사하구 감천동 774-3,35.0886763827,128.9971199,2021,한전주,051-220-4671,부산광역시 사하구청,2026-02-27
감천동042,1,,부산광역시 사하구 감천동 685-2,35.0900735,128.996898031,2021,전용주,051-220-4671,부산광역시 사하구청,2026-02-27
감천동043,1,부산광역시 사하구 감천로38번길 20,부산광역시 사하구 감천동 691-1,35.0901735,128.9973965293,2021,한전주,051-220-4671,부산광역시 사하구청,2026-02-27
감천동044,1,부산광역시 사하구 을숙도대로873번길 38,부산광역시 사하구 감천동 693-1,35.0896319,128.9974606,2021,한전주,051-220-4671,부산광역시 사하구청,2026-02-27
감천동045,1,부산광역시 사하구 을숙도대로873번길 40,부산광역시 사하구 감천동 693-2,35.0895586,128.9975355,2021,건축물,051-220-4671,부산광역시 사하구청,2026-02-27
감천동046,1,부산광역시 사하구 감천로38번길 20,부산광역시 사하구 감천동 691-1,35.090146576,128.9973965293,2021,한전주,051-220-4671,부산광역시 사하구청,2026-02-27
감천동047,1,부산광역시 사하구 을숙도대로873번길 21,부산광역시 사하구 감천동 774-3,35.0886763827,128.9971199,2021,한전주,051-220-4671,부산광역시 사하구청,2026-02-27
감천동048,1,부산광역시 사하구 을숙도대로873번길 7,부산광역시 사하구 감천동 771-2,35.0885940769,128.9979889757,2021,한전주,051-220-4671,부산광역시 사하구청,2026-02-27
감천동049,1,부산광역시 사하구 을숙도대로873번길 25,부산광역시 사하구 감천동 774-5,35.0887998411,128.996992224,2021,한전주,051-220-4671,부산광역시 사하구청,2026-02-27
감천동050,1,부산광역시 사하구 을숙도대로873번길 7,부산광역시 사하구 감천동 771-2,35.0885940769,128.9979889757,2021,한전주,051-220-4671,부산광역시 사하구청,2026-02-27
감천동051,1,부산광역시 사하구 을숙도대로873번길 7,부산광역시 사하구 감천동 771-2,35.0885940769,128.9979889757,2021,한전주,051-220-4671,부산광역시 사하구청,2026-02-27
감천동052,1,,부산광역시 사하구 감천동 849-42,35.0891498598,128.9989939794,2021,한전주,051-220-4671,부산광역시 사하구청,2026-02-27
감천동053,1,부산광역시 사하구 감천로38번길 40,부산광역시 사하구 감천동 688-3,35.089940015,128.9983593978,2021,한전주,051-220-4671,부산광역시 사하구청,2026-02-27
감천동054,1,부산광역시 사하구 감천로38번길 37,부산광역시 사하구 감천동 707-8,35.0900661,128.9984579,2021,건축물,051-220-4671,부산광역시 사하구청,2026-02-27
감천동055,1,부산광역시 사하구 감천로38번길 24,부산광역시 사하구 감천동 690-3,35.0901396,128.9978238,2021,한전주,051-220-4671,부산광역시 사하구청,2026-02-27
감천동056,1,부산광역시 사하구 감천로38번길 23,부산광역시 사하구 감천동 687-1,35.0902929,128.9978166,2021,건축물,051-220-4671,부산광역시 사하구청,2026-02-27
감천동057,1,부산광역시 사하구 감천로38번길 16,부산광역시 사하구 감천동 686-3,35.0903864,128.9974725077,2021,한전주,051-220-4671,부산광역시 사하구청,2026-02-27
감천동058,1,부산광역시 사하구 감천로 46,부산광역시 사하구 감천동 661-1,35.0906761,128.9975299,2021,한전주,051-220-4671,부산광역시 사하구청,2026-02-27
감천동059,1,부산광역시 사하구 감천로38번길 12,부산광역시 사하구 감천동 685-1,35.0906019005,128.9971608,2021,한전주,051-220-4671,부산광역시 사하구청,2026-02-27
감천동060,1,,부산광역시 사하구 감천동 824-6,35.0925927831,128.9935172631,2021,한전주,051-220-4671,부산광역시 사하구청,2026-02-27
감천동061,1,부산광역시 사하구 감천로3번길 7,부산광역시 사하구 감천동 824-29,35.0926542,128.9939708,2021,한전주,051-220-4671,부산광역시 사하구청,2026-02-27
감천동062,1,부산광역시 사하구 감천로3번길 15,부산광역시 사하구 감천동 824-31,35.0927925437,128.9942876348,2021,한전주,051-220-4671,부산광역시 사하구청,2026-02-27
감천동064,1,,부산광역시 사하구 감천동 820-31,35.0922931,128.9945541,2021,한전주,051-220-4671,부산광역시 사하구청,2026-02-27
감천동065,1,부산광역시 사하구 감천로9번길 3-2,부산광역시 사하구 감천동 821-2,35.0925742,128.9944513,2021,건축물,051-220-4671,부산광역시 사하구청,2026-02-27
감천동069,1,,부산광역시 사하구 감천동 582-1,35.0928421971,128.9959137759,2021,한전주,051-220-4671,부산광역시 사하구청,2026-02-27
감천동070,1,,부산광역시 사하구 감천동 582-1,35.0928421971,128.9959137759,2021,한전주,051-220-4671,부산광역시 사하구청,2026-02-27
감천동072,1,부산광역시 사하구 감천로21번길 22,부산광역시 사하구 감천동 579-1,35.0924843,128.9960828,2021,한전주,051-220-4671,부산광역시 사하구청,2026-02-27
감천동073,1,부산광역시 사하구 감천로37번길 38,부산광역시 사하구 감천동 579-4,35.0923888,128.9963999758,2021,한전주,051-220-4671,부산광역시 사하구청,2026-02-27
감천동074,1,부산광역시 사하구 감천로37번길 34,부산광역시 사하구 감천동 614-10,35.0922855,128.9966591,2021,전용주,051-220-4671,부산광역시 사하구청,2026-02-27
감천동075,1,부산광역시 사하구 감천로37번길 36,부산광역시 사하구 감천동 614-7,35.0923183166,128.9965061299,2021,건축물,051-220-4671,부산광역시 사하구청,2026-02-27
감천동076,1,부산광역시 사하구 감천로37번길 30,부산광역시 사하구 감천동 616-27,35.0921637,128.9969412,2021,한전주,051-220-4671,부산광역시 사하구청,2026-02-27
감천동077,1,부산광역시 사하구 감천로37번길 32-3,부산광역시 사하구 감천동 616-30,35.0924403,128.9971124,2021,건축물,051-220-4671,부산광역시 사하구청,2026-02-27
감천동078,1,부산광역시 사하구 감천로37번길 28-5,부산광역시 사하구 감천동 616-1,35.0923671,128.9971764,2021,건축물,051-220-4671,부산광역시 사하구청,2026-02-27
감천동079,1,부산광역시 사하구 감천로37번길 28,부산광역시 사하구 감천동 616-22,35.0920868007,128.9970915728,2021,한전주,051-220-4671,부산광역시 사하구청,2026-02-27
감천동080,1,부산광역시 사하구 감천로37번길 24,부산광역시 사하구 감천동 616-24,35.0919641,128.997024,2021,전용주,051-220-4671,부산광역시 사하구청,2026-02-27
감천동081,1,부산광역시 사하구 감천로37번길 19,부산광역시 사하구 감천동 616-37,35.0919434,128.9966398,2021,건축물,051-220-4671,부산광역시 사하구청,2026-02-27
감천동082,1,부산광역시 사하구 감천로37번길 17,부산광역시 사하구 감천동 667,35.0918252,128.996584053,2021,한전주,051-220-4671,부산광역시 사하구청,2026-02-27
감천동083,1,부산광역시 사하구 감천로37번길 16-2,부산광역시 사하구 감천동 665-8,35.0916987275,128.9969868,2021,한전주,051-220-4671,부산광역시 사하구청,2026-02-27
감천동084,1,부산광역시 사하구 감천로37번길 12,부산광역시 사하구 감천동 668-1,35.0916526,128.9967862,2021,한전주,051-220-4671,부산광역시 사하구청,2026-02-27
감천동085,1,부산광역시 사하구 감천로37번길 5,부산광역시 사하구 감천동 669-4,35.0912265,128.9968659217,2021,한전주,051-220-4671,부산광역시 사하구청,2026-02-27
감천동086,1,부산광역시 사하구 감천로21번길 26-1,부산광역시 사하구 감천동 580-5,35.0925978,128.9962913811,2021,건축물,051-220-4671,부산광역시 사하구청,2026-02-27
감천동087,1,부산광역시 사하구 감천로21번길 42,부산광역시 사하구 감천동 580-12,35.092861,128.9967389,2021,한전주,051-220-4671,부산광역시 사하구청,2026-02-27
감천동088,1,부산광역시 사하구 감천로21번길 42,부산광역시 사하구 감천동 580-12,35.0928397749,128.9967228931,2021,한전주,051-220-4671,부산광역시 사하구청,2026-02-27
감천동089,1,부산광역시 사하구 감천로21번길 41,부산광역시 사하구 감천동 589,35.0930201177,128.9968203793,2021,한전주,051-220-4671,부산광역시 사하구청,2026-02-27
감천동090,1,부산광역시 사하구 감천로21번길 54-3,부산광역시 사하구 감천동 613-6,35.0926268,128.9972814,2021,건축물,051-220-4671,부산광역시 사하구청,2026-02-27
감천동091,1,,부산광역시 사하구 감천동 589-1,35.0929788,128.9972461,2021,한전주,051-220-4671,부산광역시 사하구청,2026-02-27
감천동092,1,,부산광역시 사하구 감천동 591,35.0929318,128.997781788,2021,건축물,051-220-4671,부산광역시 사하구청,2026-02-27
감천동093,1,부산광역시 사하구 감천로43번길 25-18,부산광역시 사하구 감천동 611-2,35.0927111036,128.9978531,2021,건축물,051-220-4671,부산광역시 사하구청,2026-02-27
감천동094,1,부산광역시 사하구 감천로43번길 25-16,부산광역시 사하구 감천동 611-3,35.0925972315,128.9979171,2021,건축물,051-220-4671,부산광역시 사하구청,2026-02-27
감천동095,1,부산광역시 사하구 감천로43번길 25-14,부산광역시 사하구 감천동 622-1,35.0925536,128.9978936,2021,한전주,051-220-4671,부산광역시 사하구청,2026-02-27
감천동096,1,부산광역시 사하구 감천로43번길 25-17,부산광역시 사하구 감천동 620-6,35.0923781,128.997597389,2021,한전주,051-220-4671,부산광역시 사하구청,2026-02-27
감천동097,1,부산광역시 사하구 감천로43번길 25-9,부산광역시 사하구 감천동 620-9,35.0923743,128.9978344,2021,한전주,051-220-4671,부산광역시 사하구청,2026-02-27
감천동098,1,부산광역시 사하구 감천로43번길 25-6,부산광역시 사하구 감천동 624,35.0922898,128.9980407,2021,한전주,051-220-4671,부산광역시 사하구청,2026-02-27
감천동099,1,부산광역시 사하구 감천로43번길 25-1,부산광역시 사하구 감천동 618-3,35.0919840083,128.997957,2021,한전주,051-220-4671,부산광역시 사하구청,2026-02-27
감천동100,1,부산광역시 사하구 감천로43번길 17,부산광역시 사하구 감천동 655-17,35.0915991664,128.9979941005,2021,한전주,051-220-4671,부산광역시 사하구청,2026-02-27
감천동1001,1,부산광역시 사하구 감내2로 201,부산광역시 사하구 감천동 1-13,35.0975941353,129.010583,2021,한전주,051-220-4671,부산광역시 사하구청,2026-02-27
감천동1002,1,부산광역시 사하구 감내2로 197,부산광역시 사하구 감천동 1-27,35.0978235,129.0105552,2021,건축물,051-220-4671,부산광역시 사하구청,2026-02-27
감천동1003,1,부산광역시 사하구 감내2로 192,부산광역시 사하구 감천동 9-34,35.0979538,129.0102662693,2021,한전주,051-220-4671,부산광역시 사하구청,2026-02-27
감천동1004,1,부산광역시 사하구 감내2로 192,부산광역시 사하구 감천동 9-34,35.0979538,129.0102662693,2021,한전주,051-220-4671,부산광역시 사하구청,2026-02-27
감천동1005,1,부산광역시 사하구 감내1로 251-3,부산광역시 사하구 감천동 9-35,35.0977832,129.0102691,2021,건축물,051-220-4671,부산광역시 사하구청,2026-02-27
감천동1006,1,부산광역시 사하구 감내1로 251-1,부산광역시 사하구 감천동 6-1918,35.0978763814,129.0101295,2021,한전주,051-220-4671,부산광역시 사하구청,2026-02-27
감천동1007,1,부산광역시 사하구 감내2로 188,부산광역시 사하구 감천동 9-81,35.0980716,129.0102652,2021,건축물,051-220-4671,부산광역시 사하구청,2026-02-27
감천동1008,1,부산광역시 사하구 감내2로 187-1,부산광역시 사하구 감천동 8-21,35.0981857,129.0104544,2021,건축물,051-220-4671,부산광역시 사하구청,2026-02-27
감천동1009,1,부산광역시 사하구 감내2로 187-6,부산광역시 사하구 감천동 2-6,35.0983447,129.0106447,2021,건축물,051-220-4671,부산광역시 사하구청,2026-02-27
감천동101,1,부산광역시 사하구 감천로43번길 19-5,부산광역시 사하구 감천동 655-10,35.0918299271,128.9976461322,2021,한전주,051-220-4671,부산광역시 사하구청,2026-02-27
감천동1010,1,부산광역시 사하구 감내2로 177-3,부산광역시 사하구 감천동 2-7,35.0983559,129.0104976185,2021,건축물,051-220-4671,부산광역시 사하구청,2026-02-27
감천동1011,1,부산광역시 사하구 감내2로 187-6,부산광역시 사하구 감천동 2-6,35.0983447,129.0106447,2021,건축물,051-220-4671,부산광역시 사하구청,2026-02-27
감천동1012,1,부산광역시 사하구 감내2로 167,부산광역시 사하구 감천동 2-6,35.0990029212,129.0098482914,2021,건축물,051-220-4671,부산광역시 사하구청,2026-02-27
감천동1013,1,부산광역시 사하구 감내2로 177-3,부산광역시 사하구 감천동 2-7,35.0983559,129.0104976185,2021,건축물,051-220-4671,부산광역시 사하구청,2026-02-27
감천동1014,1,부산광역시 사하구 감내2로 177-3,부산광역시 사하구 감천동 2-7,35.0983559,129.0104976185,2021,건축물,051-220-4671,부산광역시 사하구청,2026-02-27
감천동1015,1,부산광역시 사하구 감내2로 177-3,부산광역시 사하구 감천동 2-7,35.0983559,129.0104976185,2021,건축물,051-220-4671,부산광역시 사하구청,2026-02-27
감천동1016,1,부산광역시 사하구 감내2로 167,부산광역시 사하구 감천동 2-6,35.0990246,129.0098609,2021,건축물,051-220-4671,부산광역시 사하구청,2026-02-27
감천동1017,1,부산광역시 사하구 감내2로 181-1,부산광역시 사하구 감천동 2-7,35.0983912699,129.0102736,2021,한전주,051-220-4671,부산광역시 사하구청,2026-02-27
감천동1018,1,부산광역시 사하구 감내2로 177-3,부산광역시 사하구 감천동 2-7,35.0983559,129.0104976185,2021,건축물,051-220-4671,부산광역시 사하구청,2026-02-27
감천동1019,1,,부산광역시 사하구 감천동 2-329,35.0984305961,129.0101224,2021,건축물,051-220-4671,부산광역시 사하구청,2026-02-27
감천동102,1,부산광역시 사하구 감천로43번길 19-12,부산광역시 사하구 감천동 618-6,35.0920266,128.997595278,2021,전용주,051-220-4671,부산광역시 사하구청,2026-02-27
감천동1020,1,부산광역시 사하구 감내2로 179,부산광역시 사하구 감천동 2-321,35.0984858788,129.0101662,2021,건축물,051-220-4671,부산광역시 사하구청,2026-02-27
감천동1021,1,부산광역시 사하구 감내2로 167,부산광역시 사하구 감천동 2-6,35.0990029212,129.0098482914,2021,건축물,051-220-4671,부산광역시 사하구청,2026-02-27
감천동1022,1,부산광역시 사하구 감내2로 175,부산광역시 사하구 감천동 2-184,35.0986972,129.0100393,2021,건축물,051-220-4671,부산광역시 사하구청,2026-02-27
감천동1023,1,부산광역시 사하구 감내2로 167,부산광역시 사하구 감천동 2-6,35.0990246,129.0098609,2021,건축물,051-220-4671,부산광역시 사하구청,2026-02-27
감천동1024,1,부산광역시 사하구 감내2로 171-1,부산광역시 사하구 감천동 2-6,35.0987974,129.009976,2021,한전주,051-220-4671,부산광역시 사하구청,2026-02-27
감천동1025,1,부산광역시 사하구 감내2로 175-6,부산광역시 사하구 감천동 2-344,35.0988562,129.0102296,2021,건축물,051-220-4671,부산광역시 사하구청,2026-02-27
감천동1026,1,부산광역시 사하구 감내2로 167,부산광역시 사하구 감천동 2-6,35.0990246,129.0098609,2021,건축물,051-220-4671,부산광역시 사하구청,2026-02-27
감천동1027,1,부산광역시 사하구 감내2로 167,부산광역시 사하구 감천동 2-6,35.0990246,129.0098609,2021,한전주,051-220-4671,부산광역시 사하구청,2026-02-27
감천동1028,1,,부산광역시 사하구 감천동 2-1,35.0991872845,129.0098546,2021,전용주,051-220-4671,부산광역시 사하구청,2026-02-27
감천동1029,1,부산광역시 사하구 감내2로 165-5,부산광역시 사하구 감천동 2-11,35.099293,129.0099772,2021,건축물,051-220-4671,부산광역시 사하구청,2026-02-27
감천동103,1,부산광역시 사하구 감천로43번길 13-6,부산광역시 사하구 감천동 655-11,35.0917836,128.9975898,2021,한전주,051-220-4671,부산광역시 사하구청,2026-02-27
감천동1030,1,부산광역시 사하구 감내2로 187-11,부산광역시 사하구 감천동 2-320,35.0982819521,129.0106877,2021,건축물,051-220-4671,부산광역시 사하구청,2026-02-27
감천동1031,1,부산광역시 사하구 감내2로 187-11,부산광역시 사하구 감천동 2-320,35.0982819521,129.0106877,2021,전용주,051-220-4671,부산광역시 사하구청,2026-02-27
감천동1032,1,부산광역시 사하구 감내2로151번길 29-1,부산광역시 사하구 감천동 산2-6,35.0990919082,129.008679,2021,건축물,051-220-4671,부산광역시 사하구청,2026-02-27
감천동1033,1,부산광역시 사하구 감내2로151번길 29-1,부산광역시 사하구 감천동 산2-6,35.0990919082,129.008679,2021,건축물,051-220-4671,부산광역시 사하구청,2026-02-27
감천동1034,1,부산광역시 사하구 감내2로151번길 25,부산광역시 사하구 감천동 5-10,35.0990846332,129.0085472,2021,건축물,051-220-4671,부산광역시 사하구청,2026-02-27
감천동1035,1,부산광역시 사하구 감내2로115번길 19-5,부산광역시 사하구 감천동 5-16,35.0978888,129.0071576,2021,전용주,051-220-4671,부산광역시 사하구청,2026-02-27
감천동1036,1,부산광역시 사하구 감내2로115번길 17-5,부산광역시 사하구 감천동 11-86,35.0974813,129.0072792,2021,전용주,051-220-4671,부산광역시 사하구청,2026-02-27
감천동1037,1,부산광역시 사하구 감내2로115번길 17-5,부산광역시 사하구 감천동 11-86,35.0974813,129.0072792,2021,전용주,051-220-4671,부산광역시 사하구청,2026-02-27
감천동1038,1,,부산광역시 사하구 감천동 산3-1,35.0978056519,129.0064781,2021,전용주,051-220-4671,부산광역시 사하구청,2026-02-27
감천동1039,1,부산광역시 사하구 감내2로119번길 7-2,부산광역시 사하구 감천동 6-1320,35.0978968405,129.0080906239,2021,건축물,051-220-4671,부산광역시 사하구청,2026-02-27
감천동104,1,부산광역시 사하구 감천로43번길 13-4,부산광역시 사하구 감천동 655-12,35.0917281,128.9976761,2021,한전주,051-220-4671,부산광역시 사하구청,2026-02-27
감천동1040,1,부산광역시 사하구 감내2로115번길 31,부산광역시 사하구 감천동 6-1016,35.0978829196,129.0077721,2021,건축물,051-220-4671,부산광역시 사하구청,2026-02-27
감천동1041,1,부산광역시 사하구 감내2로119번길 13-1,부산광역시 사하구 감천동 5-74,35.0979881522,129.0081364,2021,건축물,051-220-4671,부산광역시 사하구청,2026-02-27
감천동1042,1,,부산광역시 사하구 감천동 5-61,35.0981143294,129.0080644598,2021,건축물,051-220-4671,부산광역시 사하구청,2026-02-27
감천동1043,1,부산광역시 사하구 감내2로119번길 7-2,부산광역시 사하구 감천동 6-1320,35.0978968405,129.0080906239,2021,건축물,051-220-4671,부산광역시 사하구청,2026-02-27
감천동1044,1,,부산광역시 사하구 감천동 5-107,35.098675598,129.0082972,2021,건축물,051-220-4671,부산광역시 사하구청,2026-02-27
감천동1045,1,부산광역시 사하구 감내2로151번길 3-5,부산광역시 사하구 감천동 3-23,35.0987368,129.0087354,2021,건축물,051-220-4671,부산광역시 사하구청,2026-02-27
감천동1046,1,부산광역시 사하구 감내2로151번길 23,부산광역시 사하구 감천동 5-8,35.0988932,129.0084981813,2021,전용주,051-220-4671,부산광역시 사하구청,2026-02-27
감천동1047,1,부산광역시 사하구 감내2로143번길 11,부산광역시 사하구 감천동 6-965,35.0985241,129.0085219,2021,건축물,051-220-4671,부산광역시 사하구청,2026-02-27
감천동1048,1,부산광역시 사하구 감내2로119번길 7-2,부산광역시 사하구 감천동 6-1320,35.0978968405,129.0080906239,2021,건축물,051-220-4671,부산광역시 사하구청,2026-02-27
감천동1049,1,부산광역시 사하구 감내2로143번길 7,부산광역시 사하구 감천동 6-966,35.098496,129.008587,2021,건축물,051-220-4671,부산광역시 사하구청,2026-02-27
감천동105,1,부산광역시 사하구 감천로43번길 5-2,부산광역시 사하구 감천동 656-9,35.091442,128.9975376,2021,건축물,051-220-4671,부산광역시 사하구청,2026-02-27
감천동1050,1,,부산광역시 사하구 감천동 5-6,35.098558,129.0091916,2021,한전주,051-220-4671,부산광역시 사하구청,2026-02-27
감천동1051,1,부산광역시 사하구 감내2로 154,부산광역시 사하구 감천동 2-3,35.098673,129.009326,2021,한전주,051-220-4671,부산광역시 사하구청,2026-02-27
감천동1052,1,부산광역시 사하구 감내2로 161,부산광역시 사하구 감천동 2-366,35.0990313,129.0094554,2021,건축물,051-220-4671,부산광역시 사하구청,2026-02-27
감천동1053,1,부산광역시 사하구 감내2로 161-2,부산광역시 사하구 감천동 2-362,35.0991232,129.009348,2021,건축물,051-220-4671,부산광역시 사하구청,2026-02-27
감천동1054,1,,부산광역시 사하구 감천동 2-394,35.0982899637,129.0087303737,2021,한전주,051-220-4671,부산광역시 사하구청,2026-02-27
감천동1055,1,,부산광역시 사하구 감천동 2-16,35.0992156769,129.0095619409,2021,건축물,051-220-4671,부산광역시 사하구청,2026-02-27
감천동1056,1,부산광역시 사하구 감내2로151번길 69,부산광역시 사하구 감천동 2-350,35.0992712,129.0096587,2021,건축물,051-220-4671,부산광역시 사하구청,2026-02-27
감천동1057,1,부산광역시 사하구 감내2로151번길 68-2,부산광역시 사하구 감천동 2-355,35.0992857,129.0093301,2021,건축물,051-220-4671,부산광역시 사하구청,2026-02-27
감천동1058,1,부산광역시 사하구 감내2로151번길 67,부산광역시 사하구 감천동 2-2,35.0993631,129.0095513,2021,건축물,051-220-4671,부산광역시 사하구청,2026-02-27
감천동1059,1,부산광역시 사하구 감내2로 157-1,부산광역시 사하구 감천동 2-369,35.098875,129.009092307,2021,건축물,051-220-4671,부산광역시 사하구청,2026-02-27
감천동106,1,부산광역시 사하구 감천로43번길 19-15,부산광역시 사하구 감천동 617-1,35.0920598,128.9972347,2021,전용주,051-220-4671,부산광역시 사하구청,2026-02-27
감천동1060,1,부산광역시 사하구 감내2로119번길 7-2,부산광역시 사하구 감천동 6-1320,35.0978968405,129.0080906239,2021,건축물,051-220-4671,부산광역시 사하구청,2026-02-27
감천동1061,1,부산광역시 사하구 감내2로119번길 7-2,부산광역시 사하구 감천동 6-1320,35.0978968405,129.0080906239,2021,건축물,051-220-4671,부산광역시 사하구청,2026-02-27
감천동1062,1,부산광역시 사하구 감내2로119번길 40,부산광역시 사하구 감천동 6-964,35.098479,129.0085208,2021,건축물,051-220-4671,부산광역시 사하구청,2026-02-27
감천동1063,1,부산광역시 사하구 감내2로119번길 7-2,부산광역시 사하구 감천동 6-1320,35.0978968405,129.0080906239,2021,건축물,051-220-4671,부산광역시 사하구청,2026-02-27
감천동1064,1,부산광역시 사하구 감내2로 145-2,부산광역시 사하구 감천동 3-31,35.0985962148,129.0088751,2021,건축물,051-220-4671,부산광역시 사하구청,2026-02-27
감천동1065,1,부산광역시 사하구 감내2로143번길 4,부산광역시 사하구 감천동 4-8,35.0985287,129.0087852,2021,건축물,051-220-4671,부산광역시 사하구청,2026-02-27
감천동1066,1,,부산광역시 사하구 감천동 4-14,35.0985102066,129.0087619,2021,한전주,051-220-4671,부산광역시 사하구청,2026-02-27
감천동1067,1,,부산광역시 사하구 감천동 2-394,35.0982899637,129.0087303737,2021,한전주,051-220-4671,부산광역시 사하구청,2026-02-27
감천동1068,1,부산광역시 사하구 감내2로119번길 7-2,부산광역시 사하구 감천동 6-1320,35.0978968405,129.0080906239,2021,건축물,051-220-4671,부산광역시 사하구청,2026-02-27
감천동1069,1,부산광역시 사하구 감내2로119번길 27,부산광역시 사하구 감천동 5-64,35.0982376,129.0083980224,2021,건축물,051-220-4671,부산광역시 사하구청,2026-02-27
감천동107,1,부산광역시 사하구 감천로43번길 19-20,부산광역시 사하구 감천동 618-8,35.092145,128.9975328,2021,한전주,051-220-4671,부산광역시 사하구청,2026-02-27
감천동1070,1,,부산광역시 사하구 감천동 5-79,35.0980676042,129.0083806,2021,건축물,051-220-4671,부산광역시 사하구청,2026-02-27
감천동1071,1,부산광역시 사하구 감내2로119번길 17-1,부산광역시 사하구 감천동 5-70,35.0980602,129.0082364,2021,건축물,051-220-4671,부산광역시 사하구청,2026-02-27
감천동1072,1,부산광역시 사하구 감내2로119번길 7-2,부산광역시 사하구 감천동 6-1320,35.0978968405,129.0080906239,2021,한전주,051-220-4671,부산광역시 사하구청,2026-02-27
감천동1073,1,부산광역시 사하구 감내2로119번길 7-2,부산광역시 사하구 감천동 6-1320,35.0978968405,129.0080906239,2021,건축물,051-220-4671,부산광역시 사하구청,2026-02-27
감천동1074,1,부산광역시 사하구 감내2로115번길 15-6,부산광역시 사하구 감천동 11-58,35.0973775,129.0075618,2021,건축물,051-220-4671,부산광역시 사하구청,2026-02-27
감천동1075,1,부산광역시 사하구 감내2로119번길 7,부산광역시 사하구 감천동 6-1042,35.0978824,129.0080895,2021,건축물,051-220-4671,부산광역시 사하구청,2026-02-27
감천동1076,1,부산광역시 사하구 감내2로119번길 12-8,부산광역시 사하구 감천동 6-996,35.0981922774,129.0084858175,2021,전용주,051-220-4671,부산광역시 사하구청,2026-02-27
감천동1077,1,부산광역시 사하구 감내2로119번길 7-2,부산광역시 사하구 감천동 6-1320,35.0978968405,129.0080906239,2021,건축물,051-220-4671,부산광역시 사하구청,2026-02-27
감천동1078,1,부산광역시 사하구 감내2로119번길 12-2,부산광역시 사하구 감천동 6-1006,35.0979837397,129.0083447,2021,건축물,051-220-4671,부산광역시 사하구청,2026-02-27
감천동1079,1,부산광역시 사하구 감내2로 131,부산광역시 사하구 감천동 6-3,35.0979912637,129.008663,2021,한전주,051-220-4671,부산광역시 사하구청,2026-02-27
감천동108,1,부산광역시 사하구 감천로 25,부산광역시 사하구 감천동 674-2,35.0916708,128.9956793,2021,전용주,051-220-4671,부산광역시 사하구청,2026-02-27
감천동1080,1,,부산광역시 사하구 감천동 6-1068,35.097822,129.0084718,2021,한전주,051-220-4671,부산광역시 사하구청,2026-02-27
감천동1081,1,,부산광역시 사하구 감천동 2-394,35.0982899637,129.0087303737,2021,한전주,051-220-4671,부산광역시 사하구청,2026-02-27
감천동1082,1,부산광역시 사하구 감내2로115번길 12-1,부산광역시 사하구 감천동 6-1039,35.0977255,129.0077677,2021,건축물,051-220-4671,부산광역시 사하구청,2026-02-27
감천동1083,1,부산광역시 사하구 감내2로115번길 14,부산광역시 사하구 감천동 6-1757,35.0976926,129.0075804,2021,건축물,051-220-4671,부산광역시 사하구청,2026-02-27
감천동1084,1,부산광역시 사하구 감내2로119번길 7-2,부산광역시 사하구 감천동 6-1320,35.0978968405,129.0080906239,2021,건축물,051-220-4671,부산광역시 사하구청,2026-02-27
감천동1085,1,부산광역시 사하구 감내1로 127,부산광역시 사하구 감천동 12-278,35.0936935987,129.0079901622,2021,건축물,051-220-4671,부산광역시 사하구청,2026-02-27
감천동1086,1,부산광역시 사하구 감내1로 127,부산광역시 사하구 감천동 12-278,35.0936935987,129.0079901622,2021,한전주,051-220-4671,부산광역시 사하구청,2026-02-27
감천동1087,1,부산광역시 사하구 감내1로 127,부산광역시 사하구 감천동 12-278,35.0936935987,129.0079984,2021,한전주,051-220-4671,부산광역시 사하구청,2026-02-27
감천동1088,1,부산광역시 사하구 감내1로 127,부산광역시 사하구 감천동 12-278,35.0936935987,129.0079984,2021,전용주,051-220-4671,부산광역시 사하구청,2026-02-27
감천동1089,1,부산광역시 사하구 감내1로155번길 50,부산광역시 사하구 감천동 11-118,35.0955970008,129.0077877244,2021,건축물,051-220-4671,부산광역시 사하구청,2026-02-27
감천동109,1,부산광역시 사하구 감천로21번길 8,부산광역시 사하구 감천동 674-2,35.0917609,128.9956815,2021,한전주,051-220-4671,부산광역시 사하구청,2026-02-27
감천동1090,1,부산광역시 사하구 감내1로197번길 31,부산광역시 사하구 감천동 6-1610,35.0965605,129.0084628,2021,건축물,051-220-4671,부산광역시 사하구청,2026-02-27
감천동1091,1,부산광역시 사하구 감내1로155번길 50,부산광역시 사하구 감천동 11-118,35.0955970008,129.0077877244,2021,건축물,051-220-4671,부산광역시 사하구청,2026-02-27
감천동1092,1,부산광역시 사하구 감내1로155번길 66-2,부산광역시 사하구 감천동 6-1725,35.0957889,129.0076971094,2021,건축물,051-220-4671,부산광역시 사하구청,2026-02-27
감천동1093,1,부산광역시 사하구 감내1로163번길 27,부산광역시 사하구 감천동 6-1730,35.0957383,129.0080479,2021,건축물,051-220-4671,부산광역시 사하구청,2026-02-27
감천동1094,1,부산광역시 사하구 감내1로155번길 66-5,부산광역시 사하구 감천동 6-1728,35.0957938,129.0079615,2021,건축물,051-220-4671,부산광역시 사하구청,2026-02-27
감천동1095,1,부산광역시 사하구 감내1로163번길 34,부산광역시 사하구 감천동 6-1667,35.0958547,129.0080946,2021,한전주,051-220-4671,부산광역시 사하구청,2026-02-27
감천동1096,1,,부산광역시 사하구 감천동 6-1804,35.096011,129.0084493,2021,건축물,051-220-4671,부산광역시 사하구청,2026-02-27
감천동1097,1,부산광역시 사하구 감내1로163번길 26-6,부산광역시 사하구 감천동 6-1674,35.095886172,129.0084469,2021,건축물,051-220-4671,부산광역시 사하구청,2026-02-27
감천동1098,1,부산광역시 사하구 감내1로163번길 26-6,부산광역시 사하구 감천동 6-1674,35.095886172,129.0084469,2021,건축물,051-220-4671,부산광역시 사하구청,2026-02-27
감천동1099,1,부산광역시 사하구 감내1로175번안길 10,부산광역시 사하구 감천동 6-1584,35.0960618,129.0086479,2021,한전주,051-220-4671,부산광역시 사하구청,2026-02-27
감천동110,1,부산광역시 사하구 감천로 41-3,부산광역시 사하구 감천동 664-2,35.0913667,128.9971849,2021,건축물,051-220-4671,부산광역시 사하구청,2026-02-27
감천동1100,1,부산광역시 사하구 감내1로197번길 31,부산광역시 사하구 감천동 6-1610,35.0965605,129.0084628,2021,건축물,051-220-4671,부산광역시 사하구청,2026-02-27
감천동1101,1,부산광역시 사하구 감내1로163번길 22,부산광역시 사하구 감천동 6-1688,35.0956914531,129.0082776,2021,건축물,051-220-4671,부산광역시 사하구청,2026-02-27
감천동1102,1,부산광역시 사하구 감내1로163번길 21,부산광역시 사하구 감천동 6-1697,35.0956734,129.008156,2021,건축물,051-220-4671,부산광역시 사하구청,2026-02-27
감천동1103,1,부산광역시 사하구 감내1로155번길 42,부산광역시 사하구 감천동 6-1711,35.0955666,129.0080766,2021,건축물,051-220-4671,부산광역시 사하구청,2026-02-27
감천동1104,1,부산광역시 사하구 감내1로155번길 25,부산광역시 사하구 감천동 6-1809,35.0952585,129.0081787,2021,건축물,051-220-4671,부산광역시 사하구청,2026-02-27
감천동1105,1,부산광역시 사하구 감내1로155번길 32,부산광역시 사하구 감천동 6-877,35.0953824891,129.0081921073,2021,건축물,051-220-4671,부산광역시 사하구청,2026-02-27
감천동1106,1,부산광역시 사하구 감내1로163번길 10,부산광역시 사하구 감천동 12-267,35.0954354,129.0083804,2021,건축물,051-220-4671,부산광역시 사하구청,2026-02-27
감천동1107,1,부산광역시 사하구 감내1로163번길 16,부산광역시 사하구 감천동 6-1695,35.0955981,129.0083515,2021,건축물,051-220-4671,부산광역시 사하구청,2026-02-27
감천동1108,1,부산광역시 사하구 감내1로155번길 12-2,부산광역시 사하구 감천동 12-130,35.0950745,129.0083919498,2021,건축물,051-220-4671,부산광역시 사하구청,2026-02-27
감천동1109,1,부산광역시 사하구 감내1로 181,부산광역시 사하구 감천동 6-1741,35.0956302,129.0091308,2021,건축물,051-220-4671,부산광역시 사하구청,2026-02-27
감천동111,1,부산광역시 사하구 감천로 41-1,부산광역시 사하구 감천동 664,35.0914283,128.9971956723,2021,건축물,051-220-4671,부산광역시 사하구청,2026-02-27
감천동1110,1,부산광역시 사하구 감내1로197번길 31,부산광역시 사하구 감천동 6-1610,35.0965605,129.0084628,2021,한전주,051-220-4671,부산광역시 사하구청,2026-02-27
감천동1111,1,부산광역시 사하구 감내1로175번길 20,부산광역시 사하구 감천동 6-1599,35.0959569,129.0089962,2021,건축물,051-220-4671,부산광역시 사하구청,2026-02-27
감천동1112,1,부산광역시 사하구 감내1로175번안길 14-1,부산광역시 사하구 감천동 6-1583,35.0961519,129.0086501,2021,건축물,051-220-4671,부산광역시 사하구청,2026-02-27
감천동1113,1,부산광역시 사하구 감내1로175번안길 19,부산광역시 사하구 감천동 6-1659,35.0960571,129.0083847,2021,건축물,051-220-4671,부산광역시 사하구청,2026-02-27
감천동1114,1,부산광역시 사하구 감내1로175번안길 20-1,부산광역시 사하구 감천동 6-1562,35.0961901,129.0085195,2021,건축물,051-220-4671,부산광역시 사하구청,2026-02-27
감천동1115,1,부산광역시 사하구 감내1로197번길 21-1,부산광역시 사하구 감천동 6-1566,35.0963867206,129.0086841738,2021,한전주,051-220-4671,부산광역시 사하구청,2026-02-27
감천동1116,1,부산광역시 사하구 감내1로197번길 24-1,부산광역시 사하구 감천동 6-569,35.0966286,129.0086957023,2021,건축물,051-220-4671,부산광역시 사하구청,2026-02-27
감천동1117,1,부산광역시 사하구 감내1로197번길 24-4,부산광역시 사하구 감천동 6-1449,35.0967714,129.0087859,2021,건축물,051-220-4671,부산광역시 사하구청,2026-02-27
감천동1118,1,부산광역시 사하구 감내1로175번길 74,부산광역시 사하구 감천동 6-1294,35.0970928,129.0089693,2021,건축물,051-220-4671,부산광역시 사하구청,2026-02-27
감천동1119,1,부산광역시 사하구 감내1로175번길 76-3,부산광역시 사하구 감천동 6-1278,35.0972261,129.0090822,2021,건축물,051-220-4671,부산광역시 사하구청,2026-02-27
감천동112,1,부산광역시 사하구 감천로43번길 30,부산광역시 사하구 감천동 629-2,35.091927,128.9987336,2021,한전주,051-220-4671,부산광역시 사하구청,2026-02-27
감천동1120,1,부산광역시 사하구 감내1로175번길 23,부산광역시 사하구 감천동 6-737,35.0960306,129.0088993,2021,건축물,051-220-4671,부산광역시 사하구청,2026-02-27
감천동1121,1,부산광역시 사하구 감내1로175번길 72-2,부산광역시 사하구 감천동 6-1298,35.0971975,129.0091802,2021,건축물,051-220-4671,부산광역시 사하구청,2026-02-27
감천동1122,1,부산광역시 사하구 감내1로175번길 76-6,부산광역시 사하구 감천동 6-1282,35.0973673,129.0092611,2021,건축물,051-220-4671,부산광역시 사하구청,2026-02-27
감천동1123,1,부산광역시 사하구 감내1로225번길 15,부산광역시 사하구 감천동 6-325,35.0974758,129.0091653003,2021,건축물,051-220-4671,부산광역시 사하구청,2026-02-27
감천동1124,1,부산광역시 사하구 감내1로225번길 12,부산광역시 사하구 감천동 6-1246,35.097587,129.0091903,2021,건축물,051-220-4671,부산광역시 사하구청,2026-02-27
감천동1125,1,부산광역시 사하구 감내1로225번길 2,부산광역시 사하구 감천동 7-64,35.0975969823,129.0094645,2021,건축물,051-220-4671,부산광역시 사하구청,2026-02-27
감천동1126,1,부산광역시 사하구 감내1로 230,부산광역시 사하구 감천동 7-51,35.0977869,129.009659109,2021,한전주,051-220-4671,부산광역시 사하구청,2026-02-27
감천동1127,1,부산광역시 사하구 감내1로225번길 19,부산광역시 사하구 감천동 6-1259,35.0973974,129.0090754,2021,건축물,051-220-4671,부산광역시 사하구청,2026-02-27
감천동1128,1,부산광역시 사하구 감내1로225번길 31,부산광역시 사하구 감천동 6-1256,35.0972568,129.0088636,2021,건축물,051-220-4671,부산광역시 사하구청,2026-02-27
감천동1129,1,부산광역시 사하구 감내1로175번길 76-1,부산광역시 사하구 감천동 6-1275,35.097138,129.0089594,2021,건축물,051-220-4671,부산광역시 사하구청,2026-02-27
감천동113,1,부산광역시 사하구 감천로67번길 43,부산광역시 사하구 감천동 630-4,35.0915371269,128.9987336,2021,한전주,051-220-4671,부산광역시 사하구청,2026-02-27
감천동1130,1,부산광역시 사하구 감내1로175번길 79,부산광역시 사하구 감천동 6-1436,35.0971505,129.0087514,2021,건축물,051-220-4671,부산광역시 사하구청,2026-02-27
감천동1131,1,부산광역시 사하구 감내1로197번길 24-7,부산광역시 사하구 감천동 6-1452,35.0968876,129.0088436,2021,건축물,051-220-4671,부산광역시 사하구청,2026-02-27
감천동1132,1,부산광역시 사하구 감내1로197번길 26,부산광역시 사하구 감천동 6-1445,35.0966838564,129.0086419,2021,건축물,051-220-4671,부산광역시 사하구청,2026-02-27
감천동1133,1,부산광역시 사하구 감내1로225번길 15,부산광역시 사하구 감천동 6-325,35.0974589,129.0091756,2021,건축물,051-220-4671,부산광역시 사하구청,2026-02-27
감천동1134,1,부산광역시 사하구 감내1로197번길 32-9,부산광역시 사하구 감천동 6-1425,35.0970175,129.0086165,2021,한전주,051-220-4671,부산광역시 사하구청,2026-02-27
감천동1135,1,부산광역시 사하구 감내1로197번길 32-5,부산광역시 사하구 감천동 6-1802,35.0968554,129.0086126,2021,건축물,051-220-4671,부산광역시 사하구청,2026-02-27
감천동1136,1,부산광역시 사하구 감내1로197번길 25,부산광역시 사하구 감천동 6-1552,35.0964777082,129.0085936431,2021,건축물,051-220-4671,부산광역시 사하구청,2026-02-27
감천동1137,1,부산광역시 사하구 감내1로197번길 27-2,부산광역시 사하구 감천동 6-1539,35.0963623,129.0084579,2021,건축물,051-220-4671,부산광역시 사하구청,2026-02-27
감천동1138,1,부산광역시 사하구 감내1로175번안길 25,부산광역시 사하구 감천동 6-1654,35.0961225,129.0082437,2021,한전주,051-220-4671,부산광역시 사하구청,2026-02-27
감천동1139,1,부산광역시 사하구 감내1로163번길 41,부산광역시 사하구 감천동 6-1635,35.0959885108,129.0079449,2021,건축물,051-220-4671,부산광역시 사하구청,2026-02-27
감천동114,1,부산광역시 사하구 감천로43번길 25-16,부산광역시 사하구 감천동 611-3,35.0925972315,128.9979171,2021,건축물,051-220-4671,부산광역시 사하구청,2026-02-27
감천동1140,1,부산광역시 사하구 감내2로 60-7,부산광역시 사하구 감천동 6-1637,35.0959873,129.0076915959,2021,건축물,051-220-4671,부산광역시 사하구청,2026-02-27
감천동1141,1,부산광역시 사하구 감내2로 60-6,부산광역시 사하구 감천동 6-1638,35.0959707,129.0075987589,2021,한전주,051-220-4671,부산광역시 사하구청,2026-02-27
감천동1142,1,부산광역시 사하구 감내1로163번길 54,부산광역시 사하구 감천동 6-1617,35.0960847698,129.0077827,2021,한전주,051-220-4671,부산광역시 사하구청,2026-02-27
감천동1143,1,부산광역시 사하구 감내1로197번길 31,부산광역시 사하구 감천동 6-1610,35.0965605,129.0084628,2021,건축물,051-220-4671,부산광역시 사하구청,2026-02-27
감천동1144,1,부산광역시 사하구 감내1로197번길 33-2,부산광역시 사하구 감천동 6-1515,35.0964371,129.0082953,2021,건축물,051-220-4671,부산광역시 사하구청,2026-02-27
감천동1145,1,부산광역시 사하구 감내1로175번안길 36,부산광역시 사하구 감천동 6-1781,35.0962508,129.0080994798,2021,한전주,051-220-4671,부산광역시 사하구청,2026-02-27
감천동1146,1,부산광역시 사하구 감내1로197번길 40,부산광역시 사하구 감천동 6-1772,35.096572,129.0082929347,2021,한전주,051-220-4671,부산광역시 사하구청,2026-02-27
감천동1147,1,부산광역시 사하구 감내1로175번길 101-11,부산광역시 사하구 감천동 6-1838,35.0968008228,129.0083464162,2021,건축물,051-220-4671,부산광역시 사하구청,2026-02-27
감천동1148,1,부산광역시 사하구 감내1로175번길 101-7,부산광역시 사하구 감천동 6-1380,35.0970351516,129.0083688,2021,건축물,051-220-4671,부산광역시 사하구청,2026-02-27
감천동1149,1,부산광역시 사하구 감내1로175번길 102,부산광역시 사하구 감천동 6-1923,35.0974453,129.0083639,2021,한전주,051-220-4671,부산광역시 사하구청,2026-02-27
감천동115,1,부산광역시 사하구 감천로43번길 47,부산광역시 사하구 감천동 625-2,35.092550,128.9980952756,2021,전용주,051-220-4671,부산광역시 사하구청,2026-02-27
감천동1150,1,부산광역시 사하구 감내1로197번길 34-11,부산광역시 사하구 감천동 6-1404,35.0971545,129.0085102,2021,건축물,051-220-4671,부산광역시 사하구청,2026-02-27
감천동1151,1,부산광역시 사하구 감내1로197번길 36-2,부산광역시 사하구 감천동 6-1394,35.0968403,129.0084367,2021,건축물,051-220-4671,부산광역시 사하구청,2026-02-27
감천동1152,1,부산광역시 사하구 감내1로197번길 74,부산광역시 사하구 감천동 6-1838,35.0961765099,129.0075017,2021,건축물,051-220-4671,부산광역시 사하구청,2026-02-27
감천동1153,1,부산광역시 사하구 감내2로 58,부산광역시 사하구 감천동 11-90,35.0958796,129.0071303,2021,건축물,051-220-4671,부산광역시 사하구청,2026-02-27
감천동1154,1,부산광역시 사하구 감내1로175번길 101-13,부산광역시 사하구 감천동 6-1838,35.0966703635,129.0083010008,2021,건축물,051-220-4671,부산광역시 사하구청,2026-02-27
감천동1155,1,부산광역시 사하구 감내1로175번길 105-4,부산광역시 사하구 감천동 6-1141,35.0971583,129.0082801,2021,건축물,051-220-4671,부산광역시 사하구청,2026-02-27
감천동1156,1,부산광역시 사하구 감내1로175번길 5,부산광역시 사하구 감천동 12,35.0956857695,129.008716,2021,건축물,051-220-4671,부산광역시 사하구청,2026-02-27
감천동1157,1,부산광역시 사하구 감내1로 260 (감천동),부산광역시 사하구 감천동 6-1358,35.0975214,129.010029379,2021,한전주,051-220-4671,부산광역시 사하구청,2026-02-27
감천동1158,1,부산광역시 사하구 감내1로233번길 14,부산광역시 사하구 감천동 6-1205,35.097939,129.0090229,2021,건축물,051-220-4671,부산광역시 사하구청,2026-02-27
감천동1159,1,부산광역시 사하구 감내1로233번길 13-3,부산광역시 사하구 감천동 6-914,35.097600,129.0088172,2021,건축물,051-220-4671,부산광역시 사하구청,2026-02-27
감천동116,1,부산광역시 사하구 감천로43번길 42,부산광역시 사하구 감천동 628-1,35.0925993,128.9989473,2021,건축물,051-220-4671,부산광역시 사하구청,2026-02-27
감천동1160,1,부산광역시 사하구 감내1로233번길 13-5,부산광역시 사하구 감천동 6-916,35.0976364,129.0087962,2021,건축물,051-220-4671,부산광역시 사하구청,2026-02-27
감천동1161,1,부산광역시 사하구 감내2로 116-4,부산광역시 사하구 감천동 6-1098,35.097626,129.0083354,2021,건축물,051-220-4671,부산광역시 사하구청,2026-02-27
감천동1162,1,부산광역시 사하구 감내1로233번길 17-3,부산광역시 사하구 감천동 6-899,35.0977985,129.0087880996,2021,건축물,051-220-4671,부산광역시 사하구청,2026-02-27
감천동1163,1,부산광역시 사하구 감내1로233번길 19-3,부산광역시 사하구 감천동 6-894,35.0977735,129.0086789,2021,건축물,051-220-4671,부산광역시 사하구청,2026-02-27
감천동1164,1,부산광역시 사하구 감내2로 128,부산광역시 사하구 감천동 6-1069,35.097696175,129.0085241,2021,건축물,051-220-4671,부산광역시 사하구청,2026-02-27
감천동1165,1,부산광역시 사하구 감내2로 116-4,부산광역시 사하구 감천동 6-1098,35.097626,129.0083354,2021,건축물,051-220-4671,부산광역시 사하구청,2026-02-27
감천동1166,1,부산광역시 사하구 감내1로175번길 111,부산광역시 사하구 감천동 6-1763,35.0973513,129.0080545,2021,전용주,051-220-4671,부산광역시 사하구청,2026-02-27
감천동1167,1,부산광역시 사하구 감내2로 100,부산광역시 사하구 감천동 6-1117,35.0969808,129.0080952247,2021,건축물,051-220-4671,부산광역시 사하구청,2026-02-27
감천동1168,1,부산광역시 사하구 감내2로 86,부산광역시 사하구 감천동 6-1774,35.0963548,129.0078218,2021,건축물,051-220-4671,부산광역시 사하구청,2026-02-27
감천동1169,1,부산광역시 사하구 감내2로 92,부산광역시 사하구 감천동 6-1773,35.0965758978,129.0081129,2021,건축물,051-220-4671,부산광역시 사하구청,2026-02-27
감천동117,1,부산광역시 사하구 감천로43번길 42,부산광역시 사하구 감천동 628-1,35.0925993,128.9989473,2021,건축물,051-220-4671,부산광역시 사하구청,2026-02-27
감천동1170,1,부산광역시 사하구 감내1로175번길 92-4,부산광역시 사하구 감천동 6-1164,35.0974912,129.0088584,2021,한전주,051-220-4671,부산광역시 사하구청,2026-02-27
감천동1171,1,부산광역시 사하구 감내1로175번길 90,부산광역시 사하구 감천동 6-1167,35.0973676,129.0086878689,2021,건축물,051-220-4671,부산광역시 사하구청,2026-02-27
감천동1172,1,부산광역시 사하구 감내1로233번길 5-1,부산광역시 사하구 감천동 6-1227,35.0976671,129.0091149,2021,건축물,051-220-4671,부산광역시 사하구청,2026-02-27
감천동1173,1,부산광역시 사하구 감내1로233번길 6,부산광역시 사하구 감천동 6-1230,35.0978727,129.0092186,2021,건축물,051-220-4671,부산광역시 사하구청,2026-02-27
감천동1174,1,부산광역시 사하구 감내1로233번길 7-1,부산광역시 사하구 감천동 6-136,35.0978291,129.0091299,2021,건축물,051-220-4671,부산광역시 사하구청,2026-02-27
감천동1175,1,부산광역시 사하구 감내1로233번길 11-2,부산광역시 사하구 감천동 6-923,35.0976951035,129.0089626,2021,건축물,051-220-4671,부산광역시 사하구청,2026-02-27
감천동1176,1,부산광역시 사하구 감내1로233번길 14-2,부산광역시 사하구 감천동 6-1202,35.0979900115,129.0090356,2021,건축물,051-220-4671,부산광역시 사하구청,2026-02-27
감천동1177,1,부산광역시 사하구 감내1로 239-3,부산광역시 사하구 감천동 2-277,35.0981691,129.0092807,2021,건축물,051-220-4671,부산광역시 사하구청,2026-02-27
감천동1178,1,부산광역시 사하구 감내1로233번길 10,부산광역시 사하구 감천동 6-1213,35.097888675,129.0091538,2021,건축물,051-220-4671,부산광역시 사하구청,2026-02-27
감천동1179,1,부산광역시 사하구 감내1로 234,부산광역시 사하구 감천동 7,35.0979575,129.0095387,2021,한전주,051-220-4671,부산광역시 사하구청,2026-02-27
감천동118,1,부산광역시 사하구 감천로73번길 82-1,부산광역시 사하구 감천동 627-3,35.0924345,128.9985595,2021,건축물,051-220-4671,부산광역시 사하구청,2026-02-27
감천동1180,1,부산광역시 사하구 감내2로 134,부산광역시 사하구 감천동 6-888,35.0979434,129.0087598,2021,건축물,051-220-4671,부산광역시 사하구청,2026-02-27
감천동1181,1,부산광역시 사하구 감내2로 130,부산광역시 사하구 감천동 6-893,35.0977922,129.0086355,2021,건축물,051-220-4671,부산광역시 사하구청,2026-02-27
감천동1182,1,부산광역시 사하구 감내2로 134,부산광역시 사하구 감천동 6-888,35.0979434,129.0087598,2021,건축물,051-220-4671,부산광역시 사하구청,2026-02-27
감천동1183,1,부산광역시 사하구 감내1로235번길 22,부산광역시 사하구 감천동 2-190,35.0983436299,129.0089398699,2021,한전주,051-220-4671,부산광역시 사하구청,2026-02-27
감천동1184,1,부산광역시 사하구 감내1로235번길 24,부산광역시 사하구 감천동 2-295,35.0983912,129.0089243,2021,건축물,051-220-4671,부산광역시 사하구청,2026-02-27
감천동1185,1,부산광역시 사하구 감내1로235번길 15,부산광역시 사하구 감천동 6-1194,35.098228,129.0089861,2021,건축물,051-220-4671,부산광역시 사하구청,2026-02-27
감천동1186,1,부산광역시 사하구 감내1로235번길 7,부산광역시 사하구 감천동 6-1207,35.0980847783,129.0091586,2021,건축물,051-220-4671,부산광역시 사하구청,2026-02-27
감천동1187,1,부산광역시 사하구 감내1로 239,부산광역시 사하구 감천동 2-125,35.0981900404,129.0094901,2021,건축물,051-220-4671,부산광역시 사하구청,2026-02-27
감천동1188,1,부산광역시 사하구 감내1로 239,부산광역시 사하구 감천동 2-125,35.0981900404,129.0094901,2021,한전주,051-220-4671,부산광역시 사하구청,2026-02-27
감천동1189,1,부산광역시 사하구 감내1로241번길 14,부산광역시 사하구 감천동 2-223,35.0984964,129.0096506,2021,한전주,051-220-4671,부산광역시 사하구청,2026-02-27
감천동119,1,부산광역시 사하구 감천로43번길 30,부산광역시 사하구 감천동 629-2,35.091927,128.9987336,2021,한전주,051-220-4671,부산광역시 사하구청,2026-02-27
감천동1190,1,부산광역시 사하구 감내1로241번길 13,부산광역시 사하구 감천동 2-338,35.0984816,129.0094529,2021,건축물,051-220-4671,부산광역시 사하구청,2026-02-27
감천동1191,1,부산광역시 사하구 감내1로235번길 18-2,부산광역시 사하구 감천동 2-190,35.0982973,129.0091523,2021,건축물,051-220-4671,부산광역시 사하구청,2026-02-27
감천동1192,1,부산광역시 사하구 감내1로241번길 14,부산광역시 사하구 감천동 2-223,35.0984964,129.0096506,2021,건축물,051-220-4671,부산광역시 사하구청,2026-02-27
감천동1193,1,부산광역시 사하구 감내1로243번길 15-3,부산광역시 사하구 감천동 2-9,35.0984373516,129.0099074337,2021,건축물,051-220-4671,부산광역시 사하구청,2026-02-27
감천동1194,1,부산광역시 사하구 감내1로243번길 11,부산광역시 사하구 감천동 2-237,35.0982758,129.0098985186,2021,건축물,051-220-4671,부산광역시 사하구청,2026-02-27
감천동1195,1,부산광역시 사하구 감내2로 178-1,부산광역시 사하구 감천동 2-9,35.098434159,129.0099695278,2021,건축물,051-220-4671,부산광역시 사하구청,2026-02-27
감천동1196,1,부산광역시 사하구 감내2로 174,부산광역시 사하구 감천동 2-203,35.0986736,129.0098304,2021,건축물,051-220-4671,부산광역시 사하구청,2026-02-27
감천동1197,1,부산광역시 사하구 감내1로241번길 21,부산광역시 사하구 감천동 2-214,35.0986879,129.0095128,2021,건축물,051-220-4671,부산광역시 사하구청,2026-02-27
감천동1198,1,부산광역시 사하구 감내2로 152-3,부산광역시 사하구 감천동 2-213,35.0986349,129.0094457,2021,한전주,051-220-4671,부산광역시 사하구청,2026-02-27
감천동1199,1,부산광역시 사하구 감내2로 152-2,부산광역시 사하구 감천동 2-212,35.0986448,129.0093911,2021,건축물,051-220-4671,부산광역시 사하구청,2026-02-27
감천동120,1,부산광역시 사하구 감천로73번길 68,부산광역시 사하구 감천동 628-13,35.0924521,128.9991301,2021,한전주,051-220-4671,부산광역시 사하구청,2026-02-27
감천동1200,1,,부산광역시 사하구 감천동 2-418,35.0980721229,129.0096196,2021,한전주,051-220-4671,부산광역시 사하구청,2026-02-27
감천동1201,1,부산광역시 사하구 감내2로 156,부산광역시 사하구 감천동 2-373,35.098763,129.0093282,2021,건축물,051-220-4671,부산광역시 사하구청,2026-02-27
감천동1203,1,부산광역시 사하구 감내2로 170,부산광역시 사하구 감천동 2-201,35.0987852084,129.0096803,2021,건축물,051-220-4671,부산광역시 사하구청,2026-02-27
감천동1204,1,부산광역시 사하구 감내1로 247-3,부산광역시 사하구 감천동 2-240,35.0980765768,129.0100918,2021,건축물,051-220-4671,부산광역시 사하구청,2026-02-27
감천동1205,1,부산광역시 사하구 감내1로 253,부산광역시 사하구 감천동 6-882,35.0977390972,129.0101459,2021,한전주,051-220-4671,부산광역시 사하구청,2026-02-27
감천동1206,1,부산광역시 사하구 감내1로175번길 5,부산광역시 사하구 감천동 12,35.0956857695,129.0087012957,2021,한전주,051-220-4671,부산광역시 사하구청,2026-02-27
감천동1207,1,부산광역시 사하구 감내1로 260 (감천동),부산광역시 사하구 감천동 6-1358,35.0975357719,129.0100024,2021,한전주,051-220-4671,부산광역시 사하구청,2026-02-27
감천동1208,1,부산광역시 사하구 옥천로 125,부산광역시 사하구 감천동 9-66,35.0973137,129.0103234,2021,건축물,051-220-4671,부산광역시 사하구청,2026-02-27
감천동1209,1,부산광역시 사하구 감내2로 198,부산광역시 사하구 감천동 9-92,35.097745,129.0103997,2021,건축물,051-220-4671,부산광역시 사하구청,2026-02-27
감천동121,1,부산광역시 사하구 감천로67번길 50,부산광역시 사하구 감천동 631-2,35.0918776,128.9989955,2021,한전주,051-220-4671,부산광역시 사하구청,2026-02-27
감천동1210,1,부산광역시 사하구 감내1로 245,부산광역시 사하구 감천동 2-252,35.0979958676,129.0099289414,2021,한전주,051-220-4671,부산광역시 사하구청,2026-02-27
감천동1211,1,부산광역시 사하구 감내1로243번길 3,부산광역시 사하구 감천동 2-89,35.0982342,129.009699,2021,건축물,051-220-4671,부산광역시 사하구청,2026-02-27
감천동1212,1,부산광역시 사하구 감내1로175번길 72-1,부산광역시 사하구 감천동 6-1297,35.0970984377,129.0090905,2021,건축물,051-220-4671,부산광역시 사하구청,2026-02-27
감천동1213,1,부산광역시 사하구 감내1로175번길 64,부산광역시 사하구 감천동 6-1480,35.0968904376,129.0090964,2021,건축물,051-220-4671,부산광역시 사하구청,2026-02-27
감천동1214,1,부산광역시 사하구 감내1로 207-3,부산광역시 사하구 감천동 6-1305,35.0969892,129.0092408,2021,건축물,051-220-4671,부산광역시 사하구청,2026-02-27
감천동1215,1,부산광역시 사하구 감내1로 209,부산광역시 사하구 감천동 6-1312,35.096898,129.0092899208,2021,건축물,051-220-4671,부산광역시 사하구청,2026-02-27
감천동1216,1,부산광역시 사하구 감내1로 209,부산광역시 사하구 감천동 6-1312,35.096898,129.0092899208,2021,한전주,051-220-4671,부산광역시 사하구청,2026-02-27
감천동1217,1,,부산광역시 사하구 감천동 6-1510,35.0966647,129.0092438,2021,한전주,051-220-4671,부산광역시 사하구청,2026-02-27
감천동1218,1,부산광역시 사하구 감내1로175번길 50,부산광역시 사하구 감천동 6-1507,35.0964946,129.0091739,2021,건축물,051-220-4671,부산광역시 사하구청,2026-02-27
감천동1219,1,부산광역시 사하구 감내1로175번길 31,부산광역시 사하구 감천동 6-1589,35.0961747488,129.0089255,2021,건축물,051-220-4671,부산광역시 사하구청,2026-02-27
감천동122,1,부산광역시 사하구 감천로67번길 42,부산광역시 사하구 감천동 631-3,35.0915538,128.9989547,2021,건축물,051-220-4671,부산광역시 사하구청,2026-02-27
감천동1220,1,부산광역시 사하구 감내1로197번길 18-4,부산광역시 사하구 감천동 6-1489,35.0966963,129.0089705,2021,건축물,051-220-4671,부산광역시 사하구청,2026-02-27
감천동1221,1,부산광역시 사하구 감내1로197번길 22-3,부산광역시 사하구 감천동 6-1465,35.0966937137,129.0088394,2021,건축물,051-220-4671,부산광역시 사하구청,2026-02-27
감천동1222,1,부산광역시 사하구 감내1로 135-1,부산광역시 사하구 감천동 12-421,35.0940806,129.0080182,2021,건축물,051-220-4671,부산광역시 사하구청,2026-02-27
감천동1223,1,부산광역시 사하구 감내1로 115,부산광역시 사하구 감천동 19-23,35.0929073614,129.0077101463,2021,한전주,051-220-4671,부산광역시 사하구청,2026-02-27
감천동1224,1,부산광역시 사하구 감내1로 93,부산광역시 사하구 감천동 15-33,35.0922336,129.0074467,2021,건축물,051-220-4671,부산광역시 사하구청,2026-02-27
감천동1225,1,부산광역시 사하구 감내1로93번길 21,부산광역시 사하구 감천동 17-5,35.091877,129.0071129109,2021,한전주,051-220-4671,부산광역시 사하구청,2026-02-27
감천동1226,1,부산광역시 사하구 감내1로 83-17,부산광역시 사하구 감천동 17-11,35.091984,129.0072871,2021,건축물,051-220-4671,부산광역시 사하구청,2026-02-27
감천동1227,1,부산광역시 사하구 감내1로 83-1,부산광역시 사하구 감천동 17-42,35.0917862769,129.0074363,2021,건축물,051-220-4671,부산광역시 사하구청,2026-02-27
감천동1228,1,부산광역시 사하구 감내1로93번길 10,부산광역시 사하구 감천동 17-5,35.0920753207,129.0072187,2021,건축물,051-220-4671,부산광역시 사하구청,2026-02-27
감천동1229,1,부산광역시 사하구 감내1로93번길 22-1,부산광역시 사하구 감천동 산85-7,35.0919123409,129.0069390799,2021,건축물,051-220-4671,부산광역시 사하구청,2026-02-27
감천동123,1,부산광역시 사하구 감천로 53,부산광역시 사하구 감천동 648,35.0911975489,128.9984751,2021,한전주,051-220-4671,부산광역시 사하구청,2026-02-27
감천동1230,1,부산광역시 사하구 감내1로 83-13,부산광역시 사하구 감천동 17-3,35.0917615,129.007031054,2021,건축물,051-220-4671,부산광역시 사하구청,2026-02-27
감천동1231,1,부산광역시 사하구 감내1로93번길 36,부산광역시 사하구 감천동 17-8,35.0916306204,129.0067764825,2021,건축물,051-220-4671,부산광역시 사하구청,2026-02-27
감천동1232,1,부산광역시 사하구 감내1로 67-5,부산광역시 사하구 감천동 17-23,35.0915909,129.0070801,2021,건축물,051-220-4671,부산광역시 사하구청,2026-02-27
감천동1233,1,부산광역시 사하구 감내1로 67-13,부산광역시 사하구 감천동 17-8,35.0916580126,129.0069133,2021,건축물,051-220-4671,부산광역시 사하구청,2026-02-27
감천동1234,1,부산광역시 사하구 감내1로 67-10,부산광역시 사하구 감천동 17-22,35.0916719,129.0070821,2021,건축물,051-220-4671,부산광역시 사하구청,2026-02-27
감천동1235,1,부산광역시 사하구 감내1로 67-8,부산광역시 사하구 감천동 17-61,35.0916775314,129.0071980022,2021,건축물,051-220-4671,부산광역시 사하구청,2026-02-27
감천동1236,1,부산광역시 사하구 감내1로 67-3,부산광역시 사하구 감천동 17-8,35.091551259,129.0069133,2021,한전주,051-220-4671,부산광역시 사하구청,2026-02-27
감천동1237,1,부산광역시 사하구 감천로117번길 100,부산광역시 사하구 감천동 19-17,35.091231,129.0064928111,2021,건축물,051-220-4671,부산광역시 사하구청,2026-02-27
감천동1238,1,부산광역시 사하구 감천로105번길 90,부산광역시 사하구 감천동 19-30,35.090846,129.0057923892,2021,전용주,051-220-4671,부산광역시 사하구청,2026-02-27
감천동1239,1,부산광역시 사하구 감천로117번길 82,부산광역시 사하구 감천동 551-6,35.090696947,129.0057979,2021,전용주,051-220-4671,부산광역시 사하구청,2026-02-27
감천동124,1,부산광역시 사하구 감천로67번길 42,부산광역시 사하구 감천동 631-3,35.091529297,128.998941353,2021,한전주,051-220-4671,부산광역시 사하구청,2026-02-27
감천동1240,1,부산광역시 사하구 옥천로 31-6,부산광역시 사하구 감천동 551-10,35.0906891,129.0060274,2021,건축물,051-220-4671,부산광역시 사하구청,2026-02-27
감천동1241,1,부산광역시 사하구 옥천로 31-2,부산광역시 사하구 감천동 551-13,35.0905599739,129.0061095008,2021,한전주,051-220-4671,부산광역시 사하구청,2026-02-27
감천동1242,1,부산광역시 사하구 감천로117번길 86,부산광역시 사하구 감천동 551-14,35.0909301,129.0061648,2021,전용주,051-220-4671,부산광역시 사하구청,2026-02-27
감천동1243,1,부산광역시 사하구 감천로117번길 77-1,부산광역시 사하구 감천동 523-24,35.0904991563,129.0052558,2021,건축물,051-220-4671,부산광역시 사하구청,2026-02-27
감천동1244,1,부산광역시 사하구 감천로105번길 78,부산광역시 사하구 감천동 523-22,35.0906652,129.0052922,2021,건축물,051-220-4671,부산광역시 사하구청,2026-02-27
감천동1245,1,부산광역시 사하구 감천로117번길 69,부산광역시 사하구 감천동 523-29,35.0903584,129.0053176,2021,건축물,051-220-4671,부산광역시 사하구청,2026-02-27
감천동1246,1,부산광역시 사하구 옥천로 27,부산광역시 사하구 감천동 547-7,35.090054,129.0057377,2021,건축물,051-220-4671,부산광역시 사하구청,2026-02-27
감천동1247,1,부산광역시 사하구 옥천로 29,부산광역시 사하구 감천동 549-6,35.0902756,129.0059624,2021,한전주,051-220-4671,부산광역시 사하구청,2026-02-27
감천동1248,1,부산광역시 사하구 옥천로 42,부산광역시 사하구 감천동 20-21,35.0909104231,129.0070089249,2021,한전주,051-220-4671,부산광역시 사하구청,2026-02-27
감천동1249,1,부산광역시 사하구 감내1로 76,부산광역시 사하구 감천동 16-23,35.0915155102,129.0075945544,2021,건축물,051-220-4671,부산광역시 사하구청,2026-02-27
감천동125,1,부산광역시 사하구 감천로 53,부산광역시 사하구 감천동 648,35.0911975489,128.9984751,2021,한전주,051-220-4671,부산광역시 사하구청,2026-02-27
감천동1250,1,부산광역시 사하구 감내1로 84,부산광역시 사하구 감천동 16-678,35.0918854375,129.0077237,2021,건축물,051-220-4671,부산광역시 사하구청,2026-02-27
감천동1251,1,부산광역시 사하구 감내1로 76,부산광역시 사하구 감천동 16-23,35.0915155102,129.0075945544,2021,건축물,051-220-4671,부산광역시 사하구청,2026-02-27
감천동1252,1,부산광역시 사하구 옥천로 55-10,부산광역시 사하구 감천동 16-743,35.0919641,129.0079444,2021,건축물,051-220-4671,부산광역시 사하구청,2026-02-27
감천동1253,1,부산광역시 사하구 옥천로 55-8,부산광역시 사하구 감천동 16-777,35.0920192,129.007880,2021,건축물,051-220-4671,부산광역시 사하구청,2026-02-27
감천동1254,1,부산광역시 사하구 옥천로 55-2,부산광역시 사하구 감천동 16-741,35.0919088,129.0080198,2021,건축물,051-220-4671,부산광역시 사하구청,2026-02-27
감천동1255,1,부산광역시 사하구 옥천로 57-1,부산광역시 사하구 감천동 16-485,35.0920321,129.0081873,2021,건축물,051-220-4671,부산광역시 사하구청,2026-02-27
감천동1256,1,부산광역시 사하구 옥천로 61-2,부산광역시 사하구 감천동 16-712,35.0922820481,129.0082707,2021,건축물,051-220-4671,부산광역시 사하구청,2026-02-27
감천동1257,1,부산광역시 사하구 옥천로57번길 30,부산광역시 사하구 감천동 16-702,35.0925541,129.008233,2021,건축물,051-220-4671,부산광역시 사하구청,2026-02-27
감천동1258,1,부산광역시 사하구 옥천로57번길 34,부산광역시 사하구 감천동 16-701,35.092698,129.0082475,2021,건축물,051-220-4671,부산광역시 사하구청,2026-02-27
감천동1259,1,부산광역시 사하구 옥천로57번길 32,부산광역시 사하구 감천동 16-700,35.092544,129.0083138654,2021,건축물,051-220-4671,부산광역시 사하구청,2026-02-27
감천동126,1,부산광역시 사하구 감천로67번길 22,부산광역시 사하구 감천동 644-10,35.0907099,128.9993069,2021,한전주,051-220-4671,부산광역시 사하구청,2026-02-27
감천동1260,1,부산광역시 사하구 감내1로 160,부산광역시 사하구 감천동 12-309,35.0950169674,129.0086328045,2021,한전주,051-220-4671,부산광역시 사하구청,2026-02-27
감천동1261,1,부산광역시 사하구 옥천로67번길 19,부산광역시 사하구 감천동 16-687,35.0927826428,129.0081504891,2021,한전주,051-220-4671,부산광역시 사하구청,2026-02-27
감천동1262,1,부산광역시 사하구 옥천로57번길 33-2,부산광역시 사하구 감천동 16-848,35.0926747942,129.0080283,2021,건축물,051-220-4671,부산광역시 사하구청,2026-02-27
감천동1263,1,부산광역시 사하구 옥천로57번길 29-1,부산광역시 사하구 감천동 16-861,35.0925474,129.0080903,2021,한전주,051-220-4671,부산광역시 사하구청,2026-02-27
감천동1264,1,부산광역시 사하구 옥천로57번길 31-3,부산광역시 사하구 감천동 16-860,35.0925663,129.0080359,2021,건축물,051-220-4671,부산광역시 사하구청,2026-02-27
감천동1265,1,부산광역시 사하구 옥천로57번길 13-12,부산광역시 사하구 감천동 16-865,35.0924309,129.0080546,2021,건축물,051-220-4671,부산광역시 사하구청,2026-02-27
감천동1266,1,부산광역시 사하구 옥천로57번길 13-12,부산광역시 사하구 감천동 16-865,35.0924654,129.0080448703,2021,건축물,051-220-4671,부산광역시 사하구청,2026-02-27
감천동1267,1,부산광역시 사하구 옥천로57번길 13-16,부산광역시 사하구 감천동 16,35.09233003,129.0078754766,2021,한전주,051-220-4671,부산광역시 사하구청,2026-02-27
감천동1268,1,부산광역시 사하구 옥천로57번길 13-3,부산광역시 사하구 감천동 16-765,35.0921873854,129.0078910567,2021,건축물,051-220-4671,부산광역시 사하구청,2026-02-27
감천동1269,1,부산광역시 사하구 옥천로57번길 9-10,부산광역시 사하구 감천동 15-31,35.0922639,129.0077983,2021,건축물,051-220-4671,부산광역시 사하구청,2026-02-27
감천동127,1,부산광역시 사하구 감천로67번길 22,부산광역시 사하구 감천동 644-10,35.0907099,128.9993069,2021,한전주,051-220-4671,부산광역시 사하구청,2026-02-27
감천동1270,1,부산광역시 사하구 옥천로 55-9,부산광역시 사하구 감천동 16-756,35.0919848,129.0077805,2021,건축물,051-220-4671,부산광역시 사하구청,2026-02-27
감천동1271,1,부산광역시 사하구 옥천로 65-2,부산광역시 사하구 감천동 16-627,35.0925848,129.0085517,2021,건축물,051-220-4671,부산광역시 사하구청,2026-02-27
감천동1272,1,부산광역시 사하구 옥천로 65-1,부산광역시 사하구 감천동 16-240,35.0925021006,129.0083923,2021,건축물,051-220-4671,부산광역시 사하구청,2026-02-27
감천동1273,1,부산광역시 사하구 옥천로 65-5,부산광역시 사하구 감천동 16-700,35.092544,129.0082985,2021,건축물,051-220-4671,부산광역시 사하구청,2026-02-27
감천동1274,1,부산광역시 사하구 옥천로67번길 10,부산광역시 사하구 감천동 16-669,35.0928554,129.0085364,2021,건축물,051-220-4671,부산광역시 사하구청,2026-02-27
감천동1275,1,부산광역시 사하구 옥천로67번길 2,부산광역시 사하구 감천동 16-835,35.0928972,129.0087348,2021,건축물,051-220-4671,부산광역시 사하구청,2026-02-27
감천동1276,1,부산광역시 사하구 옥천로67번길 2-2,부산광역시 사하구 감천동 16-656,35.0929836594,129.0086607,2021,건축물,051-220-4671,부산광역시 사하구청,2026-02-27
감천동1277,1,부산광역시 사하구 옥천로67번길 10-2,부산광역시 사하구 감천동 16-659,35.0930264,129.0085516,2021,건축물,051-220-4671,부산광역시 사하구청,2026-02-27
감천동1278,1,부산광역시 사하구 옥천로67번길 10-4,부산광역시 사하구 감천동 16-665,35.0930704,129.0086184,2021,건축물,051-220-4671,부산광역시 사하구청,2026-02-27
감천동1279,1,부산광역시 사하구 옥천로57번길 58,부산광역시 사하구 감천동 16-643,35.0931264,129.0084992,2021,건축물,051-220-4671,부산광역시 사하구청,2026-02-27
감천동128,1,부산광역시 사하구 감천로67번길 20-4,부산광역시 사하구 감천동 645-19,35.0908944922,128.9997506,2021,건축물,051-220-4671,부산광역시 사하구청,2026-02-27
감천동1280,1,부산광역시 사하구 옥천로75번안길 19,부산광역시 사하구 감천동 16-644,35.0931866,129.0085780185,2021,한전주,051-220-4671,부산광역시 사하구청,2026-02-27
감천동1281,1,부산광역시 사하구 옥천로 71-5,부산광역시 사하구 감천동 16-603,35.093195815,129.0089890977,2021,건축물,051-220-4671,부산광역시 사하구청,2026-02-27
감천동1282,1,부산광역시 사하구 옥천로 6,부산광역시 사하구 감천동 469,35.0880527859,129.0054022052,2021,건축물,051-220-4671,부산광역시 사하구청,2026-02-27
감천동1283,1,부산광역시 사하구 옥천로 7-1,부산광역시 사하구 감천동 477-6,35.0884046124,129.0051349707,2021,건축물,051-220-4671,부산광역시 사하구청,2026-02-27
감천동1284,1,부산광역시 사하구 옥천로75번길 7-2,부산광역시 사하구 감천동 13-14,35.0935674,129.0090802,2021,건축물,051-220-4671,부산광역시 사하구청,2026-02-27
감천동1285,1,부산광역시 사하구 옥천로75번안길 5,부산광역시 사하구 감천동 13-14,35.0935674,129.0089879736,2021,건축물,051-220-4671,부산광역시 사하구청,2026-02-27
감천동1286,1,부산광역시 사하구 옥천로75번안길 9,부산광역시 사하구 감천동 13-1267,35.0933888,129.0089771,2021,한전주,051-220-4671,부산광역시 사하구청,2026-02-27
감천동1287,1,부산광역시 사하구 옥천로75번안길 10,부산광역시 사하구 감천동 13-1105,35.0933919782,129.0087803,2021,건축물,051-220-4671,부산광역시 사하구청,2026-02-27
감천동1288,1,부산광역시 사하구 옥천로75번길 20,부산광역시 사하구 감천동 12-126,35.0941762844,129.00901173,2021,건축물,051-220-4671,부산광역시 사하구청,2026-02-27
감천동1289,1,부산광역시 사하구 감내1로 144-3,부산광역시 사하구 감천동 12-345,35.0944764,129.0085946583,2021,건축물,051-220-4671,부산광역시 사하구청,2026-02-27
감천동129,1,부산광역시 사하구 감천로67번길 20-10,부산광역시 사하구 감천동 645-5,35.091192,128.9995818,2021,한전주,051-220-4671,부산광역시 사하구청,2026-02-27
감천동1290,1,부산광역시 사하구 감내1로 144-8,부산광역시 사하구 감천동 12-313,35.0946552,129.0086902,2021,건축물,051-220-4671,부산광역시 사하구청,2026-02-27
감천동1291,1,부산광역시 사하구 감내1로 154,부산광역시 사하구 감천동 12-12,35.0947475,129.0085609,2021,건축물,051-220-4671,부산광역시 사하구청,2026-02-27
감천동1292,1,부산광역시 사하구 감내1로 162,부산광역시 사하구 감천동 12-13,35.0950428,129.0086887,2021,건축물,051-220-4671,부산광역시 사하구청,2026-02-27
감천동1293,1,부산광역시 사하구 감내1로 180,부산광역시 사하구 감천동 10-70,35.0955646,129.0092826,2021,건축물,051-220-4671,부산광역시 사하구청,2026-02-27
감천동1294,1,부산광역시 사하구 옥천로101번길 23-1,부산광역시 사하구 감천동 12-229,35.0953119,129.0091070522,2021,건축물,051-220-4671,부산광역시 사하구청,2026-02-27
감천동1295,1,부산광역시 사하구 옥천로101번길 23-3,부산광역시 사하구 감천동 12-226,35.095187,129.0092295,2021,건축물,051-220-4671,부산광역시 사하구청,2026-02-27
감천동1296,1,부산광역시 사하구 옥천로93번길 14-2,부산광역시 사하구 감천동 12-233,35.0950247,129.0092365,2021,건축물,051-220-4671,부산광역시 사하구청,2026-02-27
감천동1297,1,부산광역시 사하구 옥천로75번길 30-6,부산광역시 사하구 감천동 12-234,35.0949645,129.0090596,2021,건축물,051-220-4671,부산광역시 사하구청,2026-02-27
감천동1298,1,부산광역시 사하구 옥천로93번길 14,부산광역시 사하구 감천동 12-9,35.094635,129.0093695,2021,건축물,051-220-4671,부산광역시 사하구청,2026-02-27
감천동1299,1,부산광역시 사하구 옥천로93번길 14,부산광역시 사하구 감천동 12-9,35.094635,129.0093695,2021,한전주,051-220-4671,부산광역시 사하구청,2026-02-27
감천동130,1,부산광역시 사하구 감천로67번길 20-20,부산광역시 사하구 감천동 645-1,35.091525,128.9996119,2021,한전주,051-220-4671,부산광역시 사하구청,2026-02-27
감천동1300,1,부산광역시 사하구 옥천로93번길 18,부산광역시 사하구 감천동 12-280,35.0945658,129.0091924,2021,건축물,051-220-4671,부산광역시 사하구청,2026-02-27
감천동1301,1,부산광역시 사하구 옥천로93번길 20,부산광역시 사하구 감천동 12-280,35.0944735072,129.0090761489,2021,건축물,051-220-4671,부산광역시 사하구청,2026-02-27
감천동1302,1,부산광역시 사하구 옥천로93번길 17-3,부산광역시 사하구 감천동 12-118,35.0938041614,129.0094590532,2021,건축물,051-220-4671,부산광역시 사하구청,2026-02-27
감천동1303,1,부산광역시 사하구 옥천로75번길 14,부산광역시 사하구 감천동 12-121,35.0940434,129.0091796,2021,건축물,051-220-4671,부산광역시 사하구청,2026-02-27
감천동1304,1,부산광역시 사하구 옥천로 81-8,부산광역시 사하구 감천동 12-118,35.0936811675,129.0093906,2021,건축물,051-220-4671,부산광역시 사하구청,2026-02-27
감천동1305,1,부산광역시 사하구 옥천로93번길 17-4,부산광역시 사하구 감천동 12-253,35.0941313,129.0093133,2021,건축물,051-220-4671,부산광역시 사하구청,2026-02-27
감천동1306,1,부산광역시 사하구 옥천로93번길 14,부산광역시 사하구 감천동 12-9,35.0946109106,129.0093604351,2021,건축물,051-220-4671,부산광역시 사하구청,2026-02-27
감천동1307,1,부산광역시 사하구 옥천로95번길 13,부산광역시 사하구 감천동 12-194,35.0948479,129.0095721,2021,건축물,051-220-4671,부산광역시 사하구청,2026-02-27
감천동1308,1,부산광역시 사하구 옥천로93번길 10-1,부산광역시 사하구 감천동 12-64,35.0945820283,129.0096428,2021,한전주,051-220-4671,부산광역시 사하구청,2026-02-27
감천동1309,1,부산광역시 사하구 옥천로95번길 10,부산광역시 사하구 감천동 12-183,35.0948855067,129.0097513771,2021,건축물,051-220-4671,부산광역시 사하구청,2026-02-27
감천동131,1,부산광역시 사하구 감천로73번길 49,부산광역시 사하구 감천동 645-7,35.0915756,128.9998214,2021,건축물,051-220-4671,부산광역시 사하구청,2026-02-27
감천동1310,1,부산광역시 사하구 옥천로95번길 15,부산광역시 사하구 감천동 12-193,35.0949656,129.0095421,2021,건축물,051-220-4671,부산광역시 사하구청,2026-02-27
감천동1311,1,부산광역시 사하구 옥천로95번길 21,부산광역시 사하구 감천동 12-171,35.0951922,129.0094599,2021,건축물,051-220-4671,부산광역시 사하구청,2026-02-27
감천동1312,1,부산광역시 사하구 옥천로101번길 15,부산광역시 사하구 감천동 12-167,35.095292607,129.0095726,2021,건축물,051-220-4671,부산광역시 사하구청,2026-02-27
감천동1313,1,부산광역시 사하구 옥천로101번길 21,부산광역시 사하구 감천동 12-175,35.0952935404,129.0092960494,2021,한전주,051-220-4671,부산광역시 사하구청,2026-02-27
감천동1314,1,부산광역시 사하구 감내1로 182,부산광역시 사하구 감천동 10-68,35.0956542,129.0093177,2021,건축물,051-220-4671,부산광역시 사하구청,2026-02-27
감천동1315,1,부산광역시 사하구 옥천로101번길 16-2,부산광역시 사하구 감천동 10-81,35.0954599,129.009620,2021,건축물,051-220-4671,부산광역시 사하구청,2026-02-27
감천동1316,1,부산광역시 사하구 옥천로101번길 16-7,부산광역시 사하구 감천동 10-77,35.0955843568,129.0094701,2021,건축물,051-220-4671,부산광역시 사하구청,2026-02-27
감천동1317,1,부산광역시 사하구 옥천로101번길 13,부산광역시 사하구 감천동 12-163,35.0952599,129.0097247,2021,건축물,051-220-4671,부산광역시 사하구청,2026-02-27
감천동1318,1,부산광역시 사하구 옥천로95번길 8-3,부산광역시 사하구 감천동 12-355,35.0950613632,129.0098319,2021,건축물,051-220-4671,부산광역시 사하구청,2026-02-27
감천동1319,1,부산광역시 사하구 옥천로95번길 10,부산광역시 사하구 감천동 12-183,35.0948855067,129.009760,2021,한전주,051-220-4671,부산광역시 사하구청,2026-02-27
감천동132,1,부산광역시 사하구 감천로73번길 54,부산광역시 사하구 감천동 633,35.0919591,129.000061,2021,한전주,051-220-4671,부산광역시 사하구청,2026-02-27
감천동1320,1,부산광역시 사하구 옥천로95번길 12-1,부산광역시 사하구 감천동 12-185,35.0949722,129.0096848,2021,건축물,051-220-4671,부산광역시 사하구청,2026-02-27
감천동1321,1,부산광역시 사하구 옥천로101번길 14,부산광역시 사하구 감천동 10-89,35.0953344316,129.0097247,2021,건축물,051-220-4671,부산광역시 사하구청,2026-02-27
감천동1322,1,부산광역시 사하구 옥천로93번길 4-2,부산광역시 사하구 감천동 12-43,35.0946347,129.0098835664,2021,전용주,051-220-4671,부산광역시 사하구청,2026-02-27
감천동1323,1,부산광역시 사하구 옥천로95번길 6-1,부산광역시 사하구 감천동 12-361,35.0948962749,129.0098900158,2021,건축물,051-220-4671,부산광역시 사하구청,2026-02-27
감천동1324,1,부산광역시 사하구 옥천로95번길 6-3,부산광역시 사하구 감천동 12-359,35.0950838436,129.0099183,2021,건축물,051-220-4671,부산광역시 사하구청,2026-02-27
감천동1325,1,부산광역시 사하구 옥천로101번길 11,부산광역시 사하구 감천동 12-162,35.0952403,129.0098229,2021,한전주,051-220-4671,부산광역시 사하구청,2026-02-27
감천동1326,1,부산광역시 사하구 감내1로 184,부산광역시 사하구 감천동 10-67,35.0957264,129.0093085,2021,건축물,051-220-4671,부산광역시 사하구청,2026-02-27
감천동1327,1,부산광역시 사하구 옥천로95번길 4,부산광역시 사하구 감천동 12-363,35.0949397,129.0100129,2021,건축물,051-220-4671,부산광역시 사하구청,2026-02-27
감천동1328,1,부산광역시 사하구 옥천로95번길 4-3,부산광역시 사하구 감천동 12-366,35.0951291,129.0099916983,2021,건축물,051-220-4671,부산광역시 사하구청,2026-02-27
감천동1329,1,부산광역시 사하구 옥천로101번길 8,부산광역시 사하구 감천동 10-98,35.095390,129.0100349,2021,건축물,051-220-4671,부산광역시 사하구청,2026-02-27
감천동133,1,부산광역시 사하구 감천로73번길 54,부산광역시 사하구 감천동 633,35.0919401333,129.0000456216,2021,한전주,051-220-4671,부산광역시 사하구청,2026-02-27
감천동1330,1,부산광역시 사하구 옥천로101번길 7-4,부산광역시 사하구 감천동 12-371,35.094966,129.0100574,2021,건축물,051-220-4671,부산광역시 사하구청,2026-02-27
감천동1331,1,부산광역시 사하구 옥천로101번길 7-4,부산광역시 사하구 감천동 12-371,35.094966,129.0100574,2021,건축물,051-220-4671,부산광역시 사하구청,2026-02-27
감천동1332,1,부산광역시 사하구 옥천로101번길 7,부산광역시 사하구 감천동 12-375,35.0951727248,129.0100984438,2021,건축물,051-220-4671,부산광역시 사하구청,2026-02-27
감천동1333,1,부산광역시 사하구 옥천로 101,부산광역시 사하구 감천동 10-172,35.0952848018,129.0103731,2021,건축물,051-220-4671,부산광역시 사하구청,2026-02-27
감천동1334,1,부산광역시 사하구 감내1로 188,부산광역시 사하구 감천동 10-64,35.0959113637,129.0093989,2021,건축물,051-220-4671,부산광역시 사하구청,2026-02-27
감천동1335,1,부산광역시 사하구 감내1로 190,부산광역시 사하구 감천동 10-58,35.0960584,129.0093934,2021,건축물,051-220-4671,부산광역시 사하구청,2026-02-27
감천동1336,1,부산광역시 사하구 감내1로 201,부산광역시 사하구 감천동 6-478,35.0964746,129.009294,2021,한전주,051-220-4671,부산광역시 사하구청,2026-02-27
감천동1337,1,부산광역시 사하구 감내1로10번길 14-1,부산광역시 사하구 감천동 16-1078,35.0904996465,129.0090274,2021,한전주,051-220-4671,부산광역시 사하구청,2026-02-27
감천동1338,1,부산광역시 사하구 옥천로111번길 13-1,부산광역시 사하구 감천동 10-39,35.0961263748,129.0095401,2021,건축물,051-220-4671,부산광역시 사하구청,2026-02-27
감천동1339,1,부산광역시 사하구 옥천로111번길 11,부산광역시 사하구 감천동 10-37,35.096262,129.0096177,2021,건축물,051-220-4671,부산광역시 사하구청,2026-02-27
감천동134,1,부산광역시 사하구 감천로73번길 43,부산광역시 사하구 감천동 645-11,35.0913747,128.999981,2021,건축물,051-220-4671,부산광역시 사하구청,2026-02-27
감천동1340,1,부산광역시 사하구 옥천로111번길 11-2,부산광역시 사하구 감천동 10-43,35.0960809,129.0096681,2021,건축물,051-220-4671,부산광역시 사하구청,2026-02-27
감천동1341,1,부산광역시 사하구 옥천로111번길 14-1,부산광역시 사하구 감천동 10-28,35.0964966,129.0095942738,2021,건축물,051-220-4671,부산광역시 사하구청,2026-02-27
감천동1342,1,부산광역시 사하구 감내1로224번길 22,부산광역시 사하구 감천동 10-25,35.096594,129.0096926922,2021,건축물,051-220-4671,부산광역시 사하구청,2026-02-27
감천동1343,1,부산광역시 사하구 감내1로 216,부산광역시 사하구 감천동 10-47,35.0970797505,129.0095177,2021,건축물,051-220-4671,부산광역시 사하구청,2026-02-27
감천동1344,1,부산광역시 사하구 감내1로 216-2,부산광역시 사하구 감천동 10-49,35.0969299,129.0095574,2021,건축물,051-220-4671,부산광역시 사하구청,2026-02-27
감천동1345,1,부산광역시 사하구 감내1로224번길 22,부산광역시 사하구 감천동 10-25,35.096594,129.0096926922,2021,건축물,051-220-4671,부산광역시 사하구청,2026-02-27
감천동1346,1,부산광역시 사하구 감내1로224번길 21,부산광역시 사하구 감천동 10-27,35.0965385,129.009789,2021,건축물,051-220-4671,부산광역시 사하구청,2026-02-27
감천동1347,1,부산광역시 사하구 감내1로224번길 20,부산광역시 사하구 감천동 10-21,35.0967383,129.0096952,2021,건축물,051-220-4671,부산광역시 사하구청,2026-02-27
감천동1348,1,부산광역시 사하구 옥천로111번길 8,부산광역시 사하구 감천동 10-32,35.0964472,129.0097863931,2021,건축물,051-220-4671,부산광역시 사하구청,2026-02-27
감천동1349,1,부산광역시 사하구 옥천로 111,부산광역시 사하구 감천동 10-6,35.0961474,129.0099939645,2021,건축물,051-220-4671,부산광역시 사하구청,2026-02-27
감천동135,1,부산광역시 사하구 감천로73번길 40,부산광역시 사하구 감천동 633-2,35.0912959581,129.0004292,2021,한전주,051-220-4671,부산광역시 사하구청,2026-02-27
감천동1350,1,부산광역시 사하구 감내1로224번길 15,부산광역시 사하구 감천동 10-18,35.0968994,129.0097649,2021,건축물,051-220-4671,부산광역시 사하구청,2026-02-27
감천동1351,1,부산광역시 사하구 감내1로224번길 7,부산광역시 사하구 감천동 10-36,35.0970887,129.0097586,2021,건축물,051-220-4671,부산광역시 사하구청,2026-02-27
감천동1352,1,부산광역시 사하구 감내1로224번길 3,부산광역시 사하구 감천동 10-35,35.0972558356,129.0096616473,2021,건축물,051-220-4671,부산광역시 사하구청,2026-02-27
감천동1353,1,부산광역시 사하구 감내1로 260-3,부산광역시 사하구 감천동 산96-3,35.0973382,129.0099292,2021,건축물,051-220-4671,부산광역시 사하구청,2026-02-27
감천동1354,1,부산광역시 사하구 감내1로 228-1,부산광역시 사하구 감천동 6-68,35.0977103287,129.0097686392,2021,건축물,051-220-4671,부산광역시 사하구청,2026-02-27
감천동1355,1,부산광역시 사하구 감내1로 230-2,부산광역시 사하구 감천동 6-1332,35.0977926,129.0096991,2021,건축물,051-220-4671,부산광역시 사하구청,2026-02-27
감천동1356,1,부산광역시 사하구 감내1로 217,부산광역시 사하구 감천동 6-1868,35.0972421853,129.0093118,2021,한전주,051-220-4671,부산광역시 사하구청,2026-02-27
감천동1357,1,부산광역시 사하구 감내1로 228-2,부산광역시 사하구 감천동 6-1353,35.0978805,129.0097510989,2021,건축물,051-220-4671,부산광역시 사하구청,2026-02-27
감천동1358,1,부산광역시 사하구 감내1로 226-6,부산광역시 사하구 감천동 6-61,35.0976982,129.009960,2021,건축물,051-220-4671,부산광역시 사하구청,2026-02-27
감천동1359,1,부산광역시 사하구 감내1로 226-4,부산광역시 사하구 감천동 6-1356,35.0975914,129.0098806,2021,건축물,051-220-4671,부산광역시 사하구청,2026-02-27
감천동136,1,부산광역시 사하구 감천로73번길 21-5,부산광역시 사하구 감천동 634,35.0910855,129.0000287,2021,한전주,051-220-4671,부산광역시 사하구청,2026-02-27
감천동1360,1,부산광역시 사하구 감내1로 260-1,부산광역시 사하구 감천동 6-1361,35.0974470715,129.0099113007,2021,건축물,051-220-4671,부산광역시 사하구청,2026-02-27
감천동1361,1,부산광역시 사하구 옥천로88번길 51,부산광역시 사하구 감천동 산13-1675,35.0942095952,129.0115076517,2022,한전주,051-220-4671,부산광역시 사하구청,2026-02-27
감천동1362,1,부산광역시 사하구 옥천로 131,부산광역시 사하구 감천동 1-1,35.0980879,129.0109125,2021,전용주,051-220-4671,부산광역시 사하구청,2026-02-27
감천동1363,1,부산광역시 사하구 옥천로 131,부산광역시 사하구 감천동 1-1,35.0980879,129.0109125,2021,전용주,051-220-4671,부산광역시 사하구청,2026-02-27
감천동1364,1,부산광역시 사하구 감내2로 186,부산광역시 사하구 감천동 9-75,35.0981275,129.0101569,2021,건축물,051-220-4671,부산광역시 사하구청,2026-02-27
감천동1365,1,부산광역시 사하구 감내1로 249-2,부산광역시 사하구 감천동 6-1343,35.09797013,129.0101442,2021,건축물,051-220-4671,부산광역시 사하구청,2026-02-27
감천동1366,1,부산광역시 사하구 감내2로 180,부산광역시 사하구 감천동 2-9,35.0983510841,129.0100175988,2021,건축물,051-220-4671,부산광역시 사하구청,2026-02-27
감천동1367,1,부산광역시 사하구 감내2로 178,부산광역시 사하구 감천동 2-9,35.098565,129.0099344471,2021,건축물,051-220-4671,부산광역시 사하구청,2026-02-27
감천동1368,1,부산광역시 사하구 감내2로 172,부산광역시 사하구 감천동 2-202,35.0987378,129.0097662,2021,건축물,051-220-4671,부산광역시 사하구청,2026-02-27
감천동137,1,부산광역시 사하구 감천로73번길 40,부산광역시 사하구 감천동 633-2,35.0912959581,129.0004371,2021,한전주,051-220-4671,부산광역시 사하구청,2026-02-27
감천동1372,1,부산광역시 사하구 옥천로104번길 3-11,부산광역시 사하구 감천동 13-1113,35.0955777294,129.0110917091,2021,전용주,051-220-4671,부산광역시 사하구청,2026-02-27
감천동1373,1,부산광역시 사하구 옥천로104번안길 9,부산광역시 사하구 감천동 13-1631,35.0952001,129.0110010693,2021,건축물,051-220-4671,부산광역시 사하구청,2026-02-27
감천동1374,1,부산광역시 사하구 옥천로104번안길 10-1,부산광역시 사하구 감천동 13-1113,35.0951207174,129.0111800428,2021,건축물,051-220-4671,부산광역시 사하구청,2026-02-27
감천동1375,1,부산광역시 사하구 옥천로 106,부산광역시 사하구 감천동 13-1113,35.0957401,129.0106575,2021,전용주,051-220-4671,부산광역시 사하구청,2026-02-27
감천동1376,1,부산광역시 사하구 옥천로88번길 51,부산광역시 사하구 감천동 산13-1675,35.0942095952,129.0115076517,2021,한전주,051-220-4671,부산광역시 사하구청,2026-02-27
감천동1377,1,부산광역시 사하구 옥천로88번길 41-8,부산광역시 사하구 감천동 13-1113,35.0947572417,129.0113990697,2021,한전주,051-220-4671,부산광역시 사하구청,2026-02-27
감천동1378,1,부산광역시 사하구 옥천로88번길 47,부산광역시 사하구 감천동 산99-1,35.0943576013,129.011494841,2021,한전주,051-220-4671,부산광역시 사하구청,2026-02-27
감천동1379,1,부산광역시 사하구 옥천로104번길 3-6,부산광역시 사하구 감천동 13-1596,35.0953933,129.0109232,2021,건축물,051-220-4671,부산광역시 사하구청,2026-02-27
감천동138,1,부산광역시 사하구 감천로73번길 38,부산광역시 사하구 감천동 산45-15,35.0916516,129.0006785,2021,전용주,051-220-4671,부산광역시 사하구청,2026-02-27
감천동1380,1,부산광역시 사하구 옥천로88번길 51,부산광역시 사하구 감천동 산13-1675,35.0942095952,129.0115076517,2021,한전주,051-220-4671,부산광역시 사하구청,2026-02-27
감천동1381,1,부산광역시 사하구 옥천로88번길 51,부산광역시 사하구 감천동 산13-1675,35.0942095952,129.0115076517,2021,건축물,051-220-4671,부산광역시 사하구청,2026-02-27
감천동1382,1,부산광역시 사하구 옥천로88번길 45,부산광역시 사하구 감천동 13-1613,35.0942499,129.0113995,2021,건축물,051-220-4671,부산광역시 사하구청,2026-02-27
감천동1383,1,부산광역시 사하구 옥천로88번길 41-3,부산광역시 사하구 감천동 13-1113,35.0945162244,129.0112984141,2021,건축물,051-220-4671,부산광역시 사하구청,2026-02-27
감천동1384,1,부산광역시 사하구 옥천로88번길 39-4,부산광역시 사하구 감천동 13-1113,35.0945318754,129.0111137,2021,건축물,051-220-4671,부산광역시 사하구청,2026-02-27
감천동1385,1,부산광역시 사하구 옥천로88번길 31-2,부산광역시 사하구 감천동 13-697,35.0944642,129.0109771,2021,건축물,051-220-4671,부산광역시 사하구청,2026-02-27
감천동1386,1,부산광역시 사하구 옥천로88번길 33,부산광역시 사하구 감천동 13-75,35.0943544,129.0110731,2021,건축물,051-220-4671,부산광역시 사하구청,2026-02-27
감천동1387,1,부산광역시 사하구 옥천로88번길 39,부산광역시 사하구 감천동 13-679,35.0942618,129.0112243,2021,전용주,051-220-4671,부산광역시 사하구청,2026-02-27
감천동1388,1,부산광역시 사하구 옥천로88번길 40-4,부산광역시 사하구 감천동 13-1113,35.0938841468,129.0112543791,2021,건축물,051-220-4671,부산광역시 사하구청,2026-02-27
감천동1389,1,부산광역시 사하구 옥천로88번길 40-6,부산광역시 사하구 감천동 13-1625,35.093782978,129.0113229,2021,건축물,051-220-4671,부산광역시 사하구청,2026-02-27
감천동139,1,부산광역시 사하구 감천로73번길 38,부산광역시 사하구 감천동 산45-15,35.0916516,129.0006785,2021,전용주,051-220-4671,부산광역시 사하구청,2026-02-27
감천동1390,1,부산광역시 사하구 옥천로76번길 65-10,부산광역시 사하구 감천동 13-1679,35.0933771742,129.0111764677,2021,건축물,051-220-4671,부산광역시 사하구청,2026-02-27
감천동1391,1,부산광역시 사하구 옥천로76번길 91,부산광역시 사하구 감천동 13-1525,35.0930543,129.0117648,2021,전용주,051-220-4671,부산광역시 사하구청,2026-02-27
감천동1392,1,부산광역시 사하구 옥천로76번길 93,부산광역시 사하구 감천동 13-1526,35.0930238,129.0118290872,2021,한전주,051-220-4671,부산광역시 사하구청,2026-02-27
감천동1393,1,부산광역시 사하구 옥천로70번길 119-1,부산광역시 사하구 감천동 13-1528,35.0928364,129.0118582,2021,건축물,051-220-4671,부산광역시 사하구청,2026-02-27
감천동1394,1,부산광역시 사하구 옥천로70번길 119,부산광역시 사하구 감천동 13-1679,35.0927545,129.0118809505,2021,건축물,051-220-4671,부산광역시 사하구청,2026-02-27
감천동1395,1,부산광역시 사하구 옥천로70번길 114,부산광역시 사하구 감천동 13-1534,35.0924678,129.0117921443,2021,건축물,051-220-4671,부산광역시 사하구청,2026-02-27
감천동1396,1,부산광역시 사하구 옥천로70번길 118-2,부산광역시 사하구 감천동 13-1540,35.0921803,129.0117543,2021,건축물,051-220-4671,부산광역시 사하구청,2026-02-27
감천동1397,1,부산광역시 사하구 옥천로70번길 118-2,부산광역시 사하구 감천동 13-1540,35.0921803,129.0117543,2021,건축물,051-220-4671,부산광역시 사하구청,2026-02-27
감천동1398,1,부산광역시 사하구 천해로 193,부산광역시 사하구 감천동 13-1538,35.0922399,129.0119641,2021,건축물,051-220-4671,부산광역시 사하구청,2026-02-27
감천동1399,1,부산광역시 사하구 천해로 194,부산광역시 사하구 감천동 13-1539,35.0920294532,129.0121596458,2021,전용주,051-220-4671,부산광역시 사하구청,2026-02-27
감천동140,1,부산광역시 사하구 감천로73번길 34,부산광역시 사하구 감천동 634-27,35.0910840005,129.0003902568,2021,한전주,051-220-4671,부산광역시 사하구청,2026-02-27
감천동1400,1,부산광역시 사하구 천해로 191-1,부산광역시 사하구 감천동 13-1545,35.0921945868,129.0113714,2021,건축물,051-220-4671,부산광역시 사하구청,2026-02-27
감천동1401,1,부산광역시 사하구 천해로 181,부산광역시 사하구 감천동 13-1679,35.0920181016,129.0109213874,2021,한전주,051-220-4671,부산광역시 사하구청,2026-02-27
감천동1402,1,부산광역시 사하구 천해로 179-4,부산광역시 사하구 감천동 13-1679,35.092043734,129.0108701557,2021,한전주,051-220-4671,부산광역시 사하구청,2026-02-27
감천동1403,1,부산광역시 사하구 옥천로70번길 86,부산광역시 사하구 감천동 13-1679,35.0925673209,129.0110112975,2021,건축물,051-220-4671,부산광역시 사하구청,2026-02-27
감천동1404,1,부산광역시 사하구 옥천로70번길 25,부산광역시 사하구 감천동 13-815,35.0927383077,129.0095368377,2021,건축물,051-220-4671,부산광역시 사하구청,2026-02-27
감천동1405,1,부산광역시 사하구 옥천로70번길 106,부산광역시 사하구 감천동 13-1468,35.0924636,129.0115201,2021,건축물,051-220-4671,부산광역시 사하구청,2026-02-27
감천동1406,1,부산광역시 사하구 옥천로70번길 62-5,부산광역시 사하구 감천동 13-1678,35.0923514,129.0106731,2021,건축물,051-220-4671,부산광역시 사하구청,2026-02-27
감천동1407,1,부산광역시 사하구 옥천로70번길 107-1,부산광역시 사하구 감천동 13-1452,35.0926518,129.0115795,2021,건축물,051-220-4671,부산광역시 사하구청,2026-02-27
감천동1408,1,부산광역시 사하구 옥천로76번길 82,부산광역시 사하구 감천동 13-532,35.0927809097,129.0116381,2021,건축물,051-220-4671,부산광역시 사하구청,2026-02-27
감천동1409,1,부산광역시 사하구 옥천로70번길 107-1,부산광역시 사하구 감천동 13-1452,35.0926518,129.0115795,2021,한전주,051-220-4671,부산광역시 사하구청,2026-02-27
감천동1410,1,부산광역시 사하구 옥천로76번길 77,부산광역시 사하구 감천동 13-1726,35.0929595,129.0114994,2021,건축물,051-220-4671,부산광역시 사하구청,2026-02-27
감천동1411,1,부산광역시 사하구 옥천로76번길 75,부산광역시 사하구 감천동 13-1114,35.0930241794,129.011437303,2021,건축물,051-220-4671,부산광역시 사하구청,2026-02-27
감천동1412,1,부산광역시 사하구 옥천로76번길 71,부산광역시 사하구 감천동 13-1353,35.0929898,129.0112895635,2021,한전주,051-220-4671,부산광역시 사하구청,2026-02-27
감천동1413,1,부산광역시 사하구 옥천로76번길 65,부산광역시 사하구 감천동 13-1352,35.0929819,129.0112368,2021,건축물,051-220-4671,부산광역시 사하구청,2026-02-27
감천동1414,1,부산광역시 사하구 옥천로70번나길 70,부산광역시 사하구 감천동 13-1448,35.0927898,129.0113999407,2021,건축물,051-220-4671,부산광역시 사하구청,2026-02-27
감천동1415,1,부산광역시 사하구 옥천로70번나길 56,부산광역시 사하구 감천동 13-1437,35.0927866,129.0110565,2021,건축물,051-220-4671,부산광역시 사하구청,2026-02-27
감천동1416,1,부산광역시 사하구 옥천로70번나길 52,부산광역시 사하구 감천동 13-19,35.092787587,129.0109504823,2021,건축물,051-220-4671,부산광역시 사하구청,2026-02-27
감천동1417,1,부산광역시 사하구 옥천로76번길 65-3,부산광역시 사하구 감천동 13-1349,35.0932553,129.0110571,2021,건축물,051-220-4671,부산광역시 사하구청,2026-02-27
감천동1418,1,부산광역시 사하구 옥천로76번길 65-6,부산광역시 사하구 감천동 13-1561,35.0931716,129.0112085,2021,건축물,051-220-4671,부산광역시 사하구청,2026-02-27
감천동1419,1,부산광역시 사하구 옥천로76번길 59,부산광역시 사하구 감천동 13-1345,35.0930389,129.0110627,2021,건축물,051-220-4671,부산광역시 사하구청,2026-02-27
감천동142,1,부산광역시 사하구 감천로73번길 28-3,부산광역시 사하구 감천동 634-13,35.0908743,129.000734095,2021,한전주,051-220-4671,부산광역시 사하구청,2026-02-27
감천동1420,1,부산광역시 사하구 옥천로70번길 77,부산광역시 사하구 감천동 13-19,35.0927089226,129.0108304638,2021,건축물,051-220-4671,부산광역시 사하구청,2026-02-27
감천동1421,1,부산광역시 사하구 옥천로70번길 69,부산광역시 사하구 감천동 13-19,35.0925222,129.0107378728,2021,건축물,051-220-4671,부산광역시 사하구청,2026-02-27
감천동1422,1,부산광역시 사하구 옥천로70번나길 43,부산광역시 사하구 감천동 13-19,35.0928604408,129.0106819987,2021,건축물,051-220-4671,부산광역시 사하구청,2026-02-27
감천동1423,1,부산광역시 사하구 옥천로70번길 51,부산광역시 사하구 감천동 13-19,35.0925984126,129.0103104502,2021,한전주,051-220-4671,부산광역시 사하구청,2026-02-27
감천동1424,1,부산광역시 사하구 옥천로82번길 30-3,부산광역시 사하구 감천동 13-1342,35.0934043,129.0107647,2021,건축물,051-220-4671,부산광역시 사하구청,2026-02-27
감천동1425,1,부산광역시 사하구 옥천로82번길 30-1,부산광역시 사하구 감천동 13-1338,35.0935666,129.0107577,2021,건축물,051-220-4671,부산광역시 사하구청,2026-02-27
감천동1426,1,부산광역시 사하구 옥천로82번길 34,부산광역시 사하구 감천동 13-640,35.0936063546,129.0108606,2021,전용주,051-220-4671,부산광역시 사하구청,2026-02-27
감천동1427,1,부산광역시 사하구 옥천로82번길 26,부산광역시 사하구 감천동 13-721,35.0936405,129.0106499,2021,전용주,051-220-4671,부산광역시 사하구청,2026-02-27
감천동1428,1,부산광역시 사하구 옥천로88번길 13,부산광역시 사하구 감천동 13-1243,35.094130,129.0105148246,2021,건축물,051-220-4671,부산광역시 사하구청,2026-02-27
감천동1429,1,부산광역시 사하구 옥천로88번길 23,부산광역시 사하구 감천동 13-32,35.0942003578,129.0108260847,2021,건축물,051-220-4671,부산광역시 사하구청,2026-02-27
감천동143,1,부산광역시 사하구 감천로73번길 36,부산광역시 사하구 감천동 634-61,35.0907360857,129.0025604447,2021,건축물,051-220-4671,부산광역시 사하구청,2026-02-27
감천동1430,1,부산광역시 사하구 옥천로88번길 27-2,부산광역시 사하구 감천동 13-1646,35.0943934,129.0108986,2021,건축물,051-220-4671,부산광역시 사하구청,2026-02-27
감천동1431,1,부산광역시 사하구 옥천로88번길 27-3,부산광역시 사하구 감천동 13-80,35.0944566,129.0108892,2021,건축물,051-220-4671,부산광역시 사하구청,2026-02-27
감천동1432,1,부산광역시 사하구 옥천로104번길 15-2,부산광역시 사하구 감천동 13-672,35.0946531,129.0109927,2021,건축물,051-220-4671,부산광역시 사하구청,2026-02-27
감천동1433,1,부산광역시 사하구 옥천로 94-3,부산광역시 사하구 감천동 13-656,35.0947345,129.0104355,2021,건축물,051-220-4671,부산광역시 사하구청,2026-02-27
감천동1434,1,부산광역시 사하구 옥천로104번길 14,부산광역시 사하구 감천동 13-1603,35.0948631572,129.0106762,2021,건축물,051-220-4671,부산광역시 사하구청,2026-02-27
감천동1435,1,부산광역시 사하구 옥천로104번길 9,부산광역시 사하구 감천동 13-1689,35.0950805,129.010762,2021,건축물,051-220-4671,부산광역시 사하구청,2026-02-27
감천동1436,1,부산광역시 사하구 옥천로 96,부산광역시 사하구 감천동 13-657,35.0947977,129.0104261,2021,건축물,051-220-4671,부산광역시 사하구청,2026-02-27
감천동1437,1,부산광역시 사하구 옥천로 94-9,부산광역시 사하구 감천동 13-651,35.0948604,129.0104496,2021,건축물,051-220-4671,부산광역시 사하구청,2026-02-27
감천동1438,1,부산광역시 사하구 옥천로 96,부산광역시 사하구 감천동 13-657,35.0947795432,129.0104051,2021,건축물,051-220-4671,부산광역시 사하구청,2026-02-27
감천동1439,1,부산광역시 사하구 옥천로 94-10,부산광역시 사하구 감천동 13-1603,35.094691614,129.0106762,2021,건축물,051-220-4671,부산광역시 사하구청,2026-02-27
감천동144,1,부산광역시 사하구 감천로73번길 26-17,부산광역시 사하구 감천동 634-19,35.0906385,129.0008933862,2021,건축물,051-220-4671,부산광역시 사하구청,2026-02-27
감천동1440,1,부산광역시 사하구 옥천로 94-4,부산광역시 사하구 감천동 13-665,35.0946518,129.0105322,2021,건축물,051-220-4671,부산광역시 사하구청,2026-02-27
감천동1441,1,부산광역시 사하구 옥천로 92-7,부산광역시 사하구 감천동 13-60,35.0944862578,129.0105076,2021,건축물,051-220-4671,부산광역시 사하구청,2026-02-27
감천동1442,1,부산광역시 사하구 옥천로104번길 23,부산광역시 사하구 감천동 산 100-1,35.09440306,129.0106356,2021,건축물,051-220-4671,부산광역시 사하구청,2026-02-27
감천동1443,1,부산광역시 사하구 옥천로104번길 21,부산광역시 사하구 감천동 13-1255,35.0944959,129.0106928,2021,건축물,051-220-4671,부산광역시 사하구청,2026-02-27
감천동1444,1,부산광역시 사하구 옥천로 90-9,부산광역시 사하구 감천동 13-1578,35.0943538,129.0104934714,2021,건축물,051-220-4671,부산광역시 사하구청,2026-02-27
감천동1445,1,부산광역시 사하구 옥천로88번길 8,부산광역시 사하구 감천동 13-629,35.0940859,129.0104196,2021,건축물,051-220-4671,부산광역시 사하구청,2026-02-27
감천동1446,1,부산광역시 사하구 옥천로82번길 20,부산광역시 사하구 감천동 13-639,35.0936533,129.0104199,2021,건축물,051-220-4671,부산광역시 사하구청,2026-02-27
감천동1447,1,부산광역시 사하구 옥천로76번길 43-3,부산광역시 사하구 감천동 13-731,35.0933531739,129.0105915808,2021,건축물,051-220-4671,부산광역시 사하구청,2026-02-27
감천동1448,1,부산광역시 사하구 옥천로76번길 42,부산광역시 사하구 감천동 13-19,35.0930523058,129.0105731187,2021,건축물,051-220-4671,부산광역시 사하구청,2026-02-27
감천동1449,1,부산광역시 사하구 옥천로76번길 41-3,부산광역시 사하구 감천동 13-742,35.0933719,129.0105446,2021,건축물,051-220-4671,부산광역시 사하구청,2026-02-27
감천동145,1,부산광역시 사하구 감천로73번길 26-16,부산광역시 사하구 감천동 634-24,35.0904574,129.0009563,2021,건축물,051-220-4671,부산광역시 사하구청,2026-02-27
감천동1450,1,부산광역시 사하구 옥천로82번길 22,부산광역시 사하구 감천동 13-738,35.0935173,129.0104714,2021,건축물,051-220-4671,부산광역시 사하구청,2026-02-27
감천동1451,1,부산광역시 사하구 옥천로82번길 18-3,부산광역시 사하구 감천동 13-760,35.0934362,129.0104694,2021,건축물,051-220-4671,부산광역시 사하구청,2026-02-27
감천동1452,1,부산광역시 사하구 옥천로76번길 35,부산광역시 사하구 감천동 13-750,35.0931935,129.0104306,2021,건축물,051-220-4671,부산광역시 사하구청,2026-02-27
감천동1453,1,부산광역시 사하구 옥천로76번길 34,부산광역시 사하구 감천동 13-1381,35.0930892645,129.0103551758,2021,한전주,051-220-4671,부산광역시 사하구청,2026-02-27
감천동1454,1,부산광역시 사하구 옥천로76번길 33-2,부산광역시 사하구 감천동 13-772,35.0933299,129.0103572,2021,건축물,051-220-4671,부산광역시 사하구청,2026-02-27
감천동1455,1,부산광역시 사하구 옥천로76번길 29-1,부산광역시 사하구 감천동 13-778,35.0933184423,129.0102055,2021,건축물,051-220-4671,부산광역시 사하구청,2026-02-27
감천동1456,1,부산광역시 사하구 옥천로82번길 8,부산광역시 사하구 감천동 13-1256,35.0935970315,129.010156,2021,한전주,051-220-4671,부산광역시 사하구청,2026-02-27
감천동1457,1,,부산광역시 사하구 감천동 13-6,35.0933635315,129.0100794581,2021,건축물,051-220-4671,부산광역시 사하구청,2026-02-27
감천동1458,1,부산광역시 사하구 옥천로76번길 25,부산광역시 사하구 감천동 13-1262,35.0931965689,129.0101461,2021,건축물,051-220-4671,부산광역시 사하구청,2026-02-27
감천동1459,1,부산광역시 사하구 옥천로76번길 19-2,부산광역시 사하구 감천동 13-1327,35.0933164422,129.0100188812,2021,건축물,051-220-4671,부산광역시 사하구청,2026-02-27
감천동146,1,부산광역시 사하구 감천로73번길 21-1,부산광역시 사하구 감천동 634-4,35.0907254,129.0001449876,2021,한전주,051-220-4671,부산광역시 사하구청,2026-02-27
감천동1460,1,부산광역시 사하구 옥천로 78-3,부산광역시 사하구 감천동 13-1310,35.0933296,129.0098309,2021,건축물,051-220-4671,부산광역시 사하구청,2026-02-27
감천동1461,1,부산광역시 사하구 옥천로76번길 14,부산광역시 사하구 감천동 13-1317,35.0930789937,129.00982249,2021,건축물,051-220-4671,부산광역시 사하구청,2026-02-27
감천동1462,1,부산광역시 사하구 옥천로 78-2,부산광역시 사하구 감천동 13-1309,35.0932504,129.0097193,2021,건축물,051-220-4671,부산광역시 사하구청,2026-02-27
감천동1463,1,부산광역시 사하구 옥천로76번길 40,부산광역시 사하구 감천동 13-1373,35.0930842,129.0104747963,2021,건축물,051-220-4671,부산광역시 사하구청,2026-02-27
감천동1464,1,부산광역시 사하구 옥천로70번나길 30,부산광역시 사하구 감천동 13-19,35.092809721,129.010333291,2021,건축물,051-220-4671,부산광역시 사하구청,2026-02-27
감천동1465,1,부산광역시 사하구 옥천로70번나길 28-2,부산광역시 사하구 감천동 13-1419,35.0927358,129.0103207,2021,건축물,051-220-4671,부산광역시 사하구청,2026-02-27
감천동1466,1,부산광역시 사하구 옥천로70번길 56,부산광역시 사하구 감천동 13-586,35.0924840155,129.0104576,2021,한전주,051-220-4671,부산광역시 사하구청,2026-02-27
감천동1467,1,부산광역시 사하구 옥천로70번길 62-2,부산광역시 사하구 감천동 13-1474,35.0923873419,129.0105648,2021,건축물,051-220-4671,부산광역시 사하구청,2026-02-27
감천동1468,1,부산광역시 사하구 옥천로70번길 70-1,부산광역시 사하구 감천동 13-1679,35.0923712976,129.0107407072,2021,건축물,051-220-4671,부산광역시 사하구청,2026-02-27
감천동1469,1,부산광역시 사하구 옥천로88번길 47,부산광역시 사하구 감천동 산99-1,35.0943576013,129.011494841,2021,건축물,051-220-4671,부산광역시 사하구청,2026-02-27
감천동147,1,부산광역시 사하구 감천로73번길 21-5,부산광역시 사하구 감천동 634,35.0910641739,129.0000134811,2021,건축물,051-220-4671,부산광역시 사하구청,2026-02-27
감천동1470,1,부산광역시 사하구 옥천로70번길 60-6,부산광역시 사하구 감천동 13-1679,35.092273813,129.0103916209,2021,한전주,051-220-4671,부산광역시 사하구청,2026-02-27
감천동1471,1,부산광역시 사하구 옥천로70번길 60-4,부산광역시 사하구 감천동 13-1479,35.0923302,129.0103217,2021,건축물,051-220-4671,부산광역시 사하구청,2026-02-27
감천동1472,1,부산광역시 사하구 천해로 177-8,부산광역시 사하구 감천동 13-1679,35.0921264,129.0105061711,2021,전용주,051-220-4671,부산광역시 사하구청,2026-02-27
감천동1473,1,부산광역시 사하구 천해로 179-3,부산광역시 사하구 감천동 13-1679,35.0921264,129.0107668497,2021,전용주,051-220-4671,부산광역시 사하구청,2026-02-27
감천동1474,1,부산광역시 사하구 옥천로64번길 50,부산광역시 사하구 감천동 13-1021,35.0918698,129.009828,2021,건축물,051-220-4671,부산광역시 사하구청,2026-02-27
감천동1475,1,부산광역시 사하구 옥천로64번길 57,부산광역시 사하구 감천동 13-1635,35.091829,129.0100942892,2021,건축물,051-220-4671,부산광역시 사하구청,2026-02-27
감천동1476,1,부산광역시 사하구 옥천로60번길 63,부산광역시 사하구 감천동 13-1185,35.0916588,129.010053,2021,건축물,051-220-4671,부산광역시 사하구청,2026-02-27
감천동1477,1,부산광역시 사하구 옥천로60번길 73,부산광역시 사하구 감천동 13-1115,35.091597565,129.0102668003,2021,건축물,051-220-4671,부산광역시 사하구청,2026-02-27
감천동1478,1,부산광역시 사하구 옥천로64번길 57,부산광역시 사하구 감천동 13-1635,35.0918057149,129.0100942892,2021,건축물,051-220-4671,부산광역시 사하구청,2026-02-27
감천동1479,1,부산광역시 사하구 옥천로60번길 50-3,부산광역시 사하구 감천동 13-1115,35.0915263063,129.0097218824,2021,건축물,051-220-4671,부산광역시 사하구청,2026-02-27
감천동148,1,부산광역시 사하구 감천로73번안길 3,부산광역시 사하구 감천동 500-93,35.0899760522,129.0006601,2021,한전주,051-220-4671,부산광역시 사하구청,2026-02-27
감천동1480,1,부산광역시 사하구 옥천로64번길 55-3,부산광역시 사하구 감천동 13-1648,35.0920374,129.0103052189,2021,건축물,051-220-4671,부산광역시 사하구청,2026-02-27
감천동1481,1,부산광역시 사하구 옥천로104번길 10,부산광역시 사하구 감천동 13-1603,35.0949838441,129.0106762,2022,,051-220-4671,부산광역시 사하구청,2026-02-27
감천동1482,1,부산광역시 사하구 옥천로60번길 51-2,부산광역시 사하구 감천동 13-1028,35.0918971666,129.0097258316,2021,건축물,051-220-4671,부산광역시 사하구청,2026-02-27
감천동1483,1,부산광역시 사하구 옥천로64번길 45,부산광역시 사하구 감천동 13-871,35.0920930112,129.0097899554,2021,건축물,051-220-4671,부산광역시 사하구청,2026-02-27
감천동1484,1,부산광역시 사하구 옥천로64번길 45-1,부산광역시 사하구 감천동 13-866,35.092202,129.0098951435,2021,건축물,051-220-4671,부산광역시 사하구청,2026-02-27
감천동1485,1,부산광역시 사하구 옥천로64번길 47-2,부산광역시 사하구 감천동 13-1024,35.0921782882,129.0099677,2021,건축물,051-220-4671,부산광역시 사하구청,2026-02-27
감천동1486,1,부산광역시 사하구 옥천로64번길 35-4,부산광역시 사하구 감천동 13-882,35.0923769249,129.009754821,2021,건축물,051-220-4671,부산광역시 사하구청,2026-02-27
감천동1487,1,부산광역시 사하구 옥천로70번길 44-1,부산광역시 사하구 감천동 13-19,35.0923680721,129.0099897891,2021,건축물,051-220-4671,부산광역시 사하구청,2026-02-27
감천동1488,1,부산광역시 사하구 옥천로70번길 50,부산광역시 사하구 감천동 13-1483,35.0925389,129.0102391,2021,건축물,051-220-4671,부산광역시 사하구청,2026-02-27
감천동1489,1,부산광역시 사하구 옥천로70번길 18,부산광역시 사하구 감천동 13-946,35.0925222,129.0093304651,2021,건축물,051-220-4671,부산광역시 사하구청,2026-02-27
감천동149,1,,부산광역시 사하구 감천동 500-52,35.0894777699,129.0012709,2021,한전주,051-220-4671,부산광역시 사하구청,2026-02-27
감천동1490,1,부산광역시 사하구 옥천로70번길 51-2,부산광역시 사하구 감천동 13-1412,35.0927477,129.0101455,2021,건축물,051-220-4671,부산광역시 사하구청,2026-02-27
감천동1491,1,부산광역시 사하구 옥천로76번길 30,부산광역시 사하구 감천동 13-1385,35.0930672185,129.0102421,2021,건축물,051-220-4671,부산광역시 사하구청,2026-02-27
감천동1492,1,부산광역시 사하구 옥천로 76,부산광역시 사하구 감천동 13-793,35.0931041337,129.0093389168,2021,한전주,051-220-4671,부산광역시 사하구청,2026-02-27
감천동1493,1,부산광역시 사하구 옥천로 26-3,부산광역시 사하구 감천동 545-8,35.0895815,129.0059783,2021,건축물,051-220-4671,부산광역시 사하구청,2026-02-27
감천동1494,1,부산광역시 사하구 옥천로24번길 17,부산광역시 사하구 감천동 545-10,35.0893024,129.0060353103,2021,전용주,051-220-4671,부산광역시 사하구청,2026-02-27
감천동1495,1,부산광역시 사하구 옥천로 28-9,부산광역시 사하구 감천동 21-3,35.0897681,129.0061364,2021,건축물,051-220-4671,부산광역시 사하구청,2026-02-27
감천동1496,1,부산광역시 사하구 옥천로 28-3,부산광역시 사하구 감천동 546-7,35.0898488,129.0061603,2021,건축물,051-220-4671,부산광역시 사하구청,2026-02-27
감천동1497,1,부산광역시 사하구 감천로139번길 75,부산광역시 사하구 감천동 20-106,35.0899649,129.0066354675,2021,한전주,051-220-4671,부산광역시 사하구청,2026-02-27
감천동1498,1,부산광역시 사하구 옥천로 36-3,부산광역시 사하구 감천동 20-103,35.090164,129.0067162,2021,한전주,051-220-4671,부산광역시 사하구청,2026-02-27
감천동1499,1,부산광역시 사하구 옥천로 36-3,부산광역시 사하구 감천동 20-103,35.0901371357,129.0067031521,2021,건축물,051-220-4671,부산광역시 사하구청,2026-02-27
감천동150,1,,부산광역시 사하구 감천동 500-52,35.0894777699,129.0012709,2021,한전주,051-220-4671,부산광역시 사하구청,2026-02-27
감천동1500,1,부산광역시 사하구 옥천로 36-1,부산광역시 사하구 감천동 20-19,35.0904453,129.0065920579,2021,건축물,051-220-4671,부산광역시 사하구청,2026-02-27
감천동1501,1,부산광역시 사하구 감천로139번길 96,부산광역시 사하구 감천동 16-973,35.0906796,129.0071455,2021,한전주,051-220-4671,부산광역시 사하구청,2026-02-27
감천동1502,1,부산광역시 사하구 감내1로 51,부산광역시 사하구 감천동 16-971,35.0907783,129.0071698,2021,한전주,051-220-4671,부산광역시 사하구청,2026-02-27
감천동1503,1,부산광역시 사하구 옥천로 44-1,부산광역시 사하구 감천동 16-506,35.0910387,129.007231,2021,건축물,051-220-4671,부산광역시 사하구청,2026-02-27
감천동1504,1,부산광역시 사하구 옥천로 48,부산광역시 사하구 감천동 16-503,35.0911964,129.007498,2021,건축물,051-220-4671,부산광역시 사하구청,2026-02-27
감천동1505,1,부산광역시 사하구 옥천로 48-4,부산광역시 사하구 감천동 16-1021,35.0910494,129.0076698,2021,건축물,051-220-4671,부산광역시 사하구청,2026-02-27
감천동1506,1,부산광역시 사하구 옥천로 48-8,부산광역시 사하구 감천동 16-1023,35.0908655586,129.0073672304,2021,건축물,051-220-4671,부산광역시 사하구청,2026-02-27
감천동1507,1,부산광역시 사하구 옥천로 50-7,부산광역시 사하구 감천동 16-561,35.0912931902,129.0080162,2021,건축물,051-220-4671,부산광역시 사하구청,2026-02-27
감천동1508,1,부산광역시 사하구 옥천로50번길 5,부산광역시 사하구 감천동 16-592,35.091227,129.0078277,2021,한전주,051-220-4671,부산광역시 사하구청,2026-02-27
감천동1509,1,부산광역시 사하구 옥천로 50-5,부산광역시 사하구 감천동 16-584,35.0913868,129.0079741,2021,건축물,051-220-4671,부산광역시 사하구청,2026-02-27
감천동151,1,부산광역시 사하구 감천로 79,부산광역시 사하구 감천동 500-9,35.0894921,129.0010205,2021,전용주,051-220-4671,부산광역시 사하구청,2026-02-27
감천동1510,1,부산광역시 사하구 옥천로54번길 4,부산광역시 사하구 감천동 16-568,35.0914661,129.0080857,2021,건축물,051-220-4671,부산광역시 사하구청,2026-02-27
감천동1511,1,부산광역시 사하구 옥천로54번길 4,부산광역시 사하구 감천동 16-568,35.0914661,129.0080857,2021,건축물,051-220-4671,부산광역시 사하구청,2026-02-27
감천동1512,1,부산광역시 사하구 옥천로54번길 4,부산광역시 사하구 감천동 16-568,35.0914661,129.0080857,2021,건축물,051-220-4671,부산광역시 사하구청,2026-02-27
감천동1513,1,부산광역시 사하구 옥천로 56-2,부산광역시 사하구 감천동 16-577,35.0918321,129.0082921,2021,건축물,051-220-4671,부산광역시 사하구청,2026-02-27
감천동1514,1,부산광역시 사하구 옥천로60번길 1,부산광역시 사하구 감천동 13-1097,35.0919837,129.0083944,2021,건축물,051-220-4671,부산광역시 사하구청,2026-02-27
감천동1515,1,부산광역시 사하구 옥천로60번길 7,부산광역시 사하구 감천동 13-526,35.0919944416,129.0085816,2021,한전주,051-220-4671,부산광역시 사하구청,2026-02-27
감천동1516,1,부산광역시 사하구 옥천로60번길 4-1,부산광역시 사하구 감천동 16-522,35.0918471,129.0084788,2021,건축물,051-220-4671,부산광역시 사하구청,2026-02-27
감천동1517,1,부산광역시 사하구 옥천로60번길 4-8,부산광역시 사하구 감천동 16-533,35.0915601827,129.0082924278,2021,건축물,051-220-4671,부산광역시 사하구청,2026-02-27
감천동1518,1,부산광역시 사하구 옥천로54번길 7-1,부산광역시 사하구 감천동 16-935,35.0914421,129.008447,2021,건축물,051-220-4671,부산광역시 사하구청,2026-02-27
감천동1519,1,부산광역시 사하구 옥천로60번안길 9,부산광역시 사하구 감천동 16-1009,35.0915588,129.0084717,2021,건축물,051-220-4671,부산광역시 사하구청,2026-02-27
감천동152,1,부산광역시 사하구 감천로73번길 6-5,부산광역시 사하구 감천동 500-73,35.0895487,129.0008683,2021,건축물,051-220-4671,부산광역시 사하구청,2026-02-27
감천동1520,1,부산광역시 사하구 옥천로60번안길 5,부산광역시 사하구 감천동 16-514,35.0916794563,129.0085301,2021,건축물,051-220-4671,부산광역시 사하구청,2026-02-27
감천동1521,1,부산광역시 사하구 옥천로60번길 14-1,부산광역시 사하구 감천동 16-943,35.0917719,129.0086634,2021,건축물,051-220-4671,부산광역시 사하구청,2026-02-27
감천동1522,1,부산광역시 사하구 옥천로60번길 20,부산광역시 사하구 감천동 16-946,35.0916881,129.0088258,2021,건축물,051-220-4671,부산광역시 사하구청,2026-02-27
감천동1523,1,부산광역시 사하구 옥천로60번안길 19,부산광역시 사하구 감천동 16-885,35.0914901,129.0087976705,2021,건축물,051-220-4671,부산광역시 사하구청,2026-02-27
감천동1524,1,부산광역시 사하구 옥천로54번길 13-1,부산광역시 사하구 감천동 16-935,35.0913481909,129.0085718596,2021,건축물,051-220-4671,부산광역시 사하구청,2026-02-27
감천동1525,1,부산광역시 사하구 옥천로54번길 11,부산광역시 사하구 감천동 16-935,35.0912752313,129.008447,2021,건축물,051-220-4671,부산광역시 사하구청,2026-02-27
감천동1526,1,부산광역시 사하구 옥천로54번길 6-6,부산광역시 사하구 감천동 16-545,35.0911857,129.0081446,2021,건축물,051-220-4671,부산광역시 사하구청,2026-02-27
감천동1527,1,부산광역시 사하구 옥천로 50-10,부산광역시 사하구 감천동 16-558,35.0911701,129.0079921362,2021,한전주,051-220-4671,부산광역시 사하구청,2026-02-27
감천동1528,1,부산광역시 사하구 옥천로 48-1,부산광역시 사하구 감천동 16-597,35.0912391,129.0076416,2021,건축물,051-220-4671,부산광역시 사하구청,2026-02-27
감천동1529,1,부산광역시 사하구 옥천로50번길 26,부산광역시 사하구 감천동 16-1031,35.0908796885,129.007743,2021,건축물,051-220-4671,부산광역시 사하구청,2026-02-27
감천동153,1,부산광역시 사하구 감천로83번길 14,부산광역시 사하구 감천동 502-23,35.0892867191,129.0017506,2021,건축물,051-220-4671,부산광역시 사하구청,2026-02-27
감천동1530,1,부산광역시 사하구 옥천로50번길 20-1,부산광역시 사하구 감천동 16-550,35.0909844664,129.0078772,2021,건축물,051-220-4671,부산광역시 사하구청,2026-02-27
감천동1531,1,부산광역시 사하구 옥천로50번길 15,부산광역시 사하구 감천동 16-1013,35.0909930849,129.0080309,2021,건축물,051-220-4671,부산광역시 사하구청,2026-02-27
감천동1532,1,부산광역시 사하구 감내1로 32,부산광역시 사하구 감천동 16-936,35.0905715398,129.0082735531,2021,건축물,051-220-4671,부산광역시 사하구청,2026-02-27
감천동1533,1,부산광역시 사하구 옥천로50번길 26,부산광역시 사하구 감천동 16-1031,35.0908796885,129.007743,2021,건축물,051-220-4671,부산광역시 사하구청,2026-02-27
감천동1534,1,부산광역시 사하구 감내1로 42,부산광역시 사하구 감천동 16-1018,35.0907956,129.0077623,2021,건축물,051-220-4671,부산광역시 사하구청,2026-02-27
감천동1535,1,부산광역시 사하구 감내1로 50,부산광역시 사하구 감천동 16-1026,35.0908047011,129.0073090539,2021,건축물,051-220-4671,부산광역시 사하구청,2026-02-27
감천동1536,1,부산광역시 사하구 감내1로 45,부산광역시 사하구 감천동 16-975,35.0905999049,129.0074401,2021,건축물,051-220-4671,부산광역시 사하구청,2026-02-27
감천동1537,1,부산광역시 사하구 감내1로 37,부산광역시 사하구 감천동 16-912,35.0905923,129.0077550607,2021,한전주,051-220-4671,부산광역시 사하구청,2026-02-27
감천동1538,1,부산광역시 사하구 감천로139번길 96-6,부산광역시 사하구 감천동 16-913,35.0904277,129.0076656,2021,한전주,051-220-4671,부산광역시 사하구청,2026-02-27
감천동1539,1,부산광역시 사하구 감내1로 35-1,부산광역시 사하구 감천동 16-938,35.090195581,129.0074411,2021,건축물,051-220-4671,부산광역시 사하구청,2026-02-27
감천동154,1,부산광역시 사하구 감천로83번길 28,부산광역시 사하구 감천동 500-42,35.0899658,129.0012623,2021,한전주,051-220-4671,부산광역시 사하구청,2026-02-27
감천동1540,1,부산광역시 사하구 감내1로 35-1,부산광역시 사하구 감천동 16-938,35.090195581,129.0074411,2021,건축물,051-220-4671,부산광역시 사하구청,2026-02-27
감천동1541,1,부산광역시 사하구 감천로139번길 94-3,부산광역시 사하구 감천동 산99-31,35.090460,129.0073484,2021,한전주,051-220-4671,부산광역시 사하구청,2026-02-27
감천동1542,1,부산광역시 사하구 감천로139번길 86-1,부산광역시 사하구 감천동 20-73,35.0902921,129.0071469,2021,건축물,051-220-4671,부산광역시 사하구청,2026-02-27
감천동1543,1,부산광역시 사하구 감내1로 25-4,부산광역시 사하구 감천동 26-27,35.0898868746,129.0082998,2021,건축물,051-220-4671,부산광역시 사하구청,2026-02-27
감천동1544,1,부산광역시 사하구 감내1로 32,부산광역시 사하구 감천동 16-936,35.0905977,129.0082837,2021,건축물,051-220-4671,부산광역시 사하구청,2026-02-27
감천동1545,1,부산광역시 사하구 옥천로54번길 39,부산광역시 사하구 감천동 26-9,35.0902047,129.0087161157,2021,한전주,051-220-4671,부산광역시 사하구청,2026-02-27
감천동1546,1,부산광역시 사하구 옥천로54번길 39,부산광역시 사하구 감천동 26-9,35.090275,129.0087253,2021,한전주,051-220-4671,부산광역시 사하구청,2026-02-27
감천동1547,1,부산광역시 사하구 옥천로50번길 13-1,부산광역시 사하구 감천동 16-546,35.091114,129.0080801519,2021,전용주,051-220-4671,부산광역시 사하구청,2026-02-27
감천동1548,1,부산광역시 사하구 옥천로54번길 31,부산광역시 사하구 감천동 26-4,35.0905646217,129.0086964886,2021,건축물,051-220-4671,부산광역시 사하구청,2026-02-27
감천동1549,1,부산광역시 사하구 옥천로54번길 23,부산광역시 사하구 감천동 산 122-4,35.0908879,129.0087184,2021,건축물,051-220-4671,부산광역시 사하구청,2026-02-27
감천동155,1,부산광역시 사하구 감천로83번길 34,부산광역시 사하구 감천동 500-38,35.0900796,129.0010133177,2021,한전주,051-220-4671,부산광역시 사하구청,2026-02-27
감천동1550,1,부산광역시 사하구 옥천로54번길 21,부산광역시 사하구 감천동 산122-4,35.0909769,129.0087864,2021,건축물,051-220-4671,부산광역시 사하구청,2026-02-27
감천동1551,1,부산광역시 사하구 옥천로50번길 17,부산광역시 사하구 감천동 16-916,35.0908975162,129.0079736,2021,건축물,051-220-4671,부산광역시 사하구청,2026-02-27
감천동1552,1,부산광역시 사하구 옥천로50번길 20-2,부산광역시 사하구 감천동 16-1029,35.0909902684,129.0077676,2021,건축물,051-220-4671,부산광역시 사하구청,2026-02-27
감천동1553,1,부산광역시 사하구 옥천로54번길 29,부산광역시 사하구 감천동 산 122-6,35.0906899,129.0086525537,2021,건축물,051-220-4671,부산광역시 사하구청,2026-02-27
감천동1554,1,부산광역시 사하구 옥천로54번길 25-2,부산광역시 사하구 감천동 16-1053,35.0907518,129.0087699,2021,건축물,051-220-4671,부산광역시 사하구청,2026-02-27
감천동1555,1,부산광역시 사하구 옥천로54번길 27,부산광역시 사하구 감천동 16-1054,35.0906798,129.0087682,2021,건축물,051-220-4671,부산광역시 사하구청,2026-02-27
감천동1556,1,부산광역시 사하구 감내1로10번길 11,부산광역시 사하구 감천동 26-8,35.0903715,129.0088812,2021,한전주,051-220-4671,부산광역시 사하구청,2026-02-27
감천동1557,1,부산광역시 사하구 감내1로10번길 14,부산광역시 사하구 감천동 16-1057,35.0905504,129.0089623,2021,건축물,051-220-4671,부산광역시 사하구청,2026-02-27
감천동1558,1,부산광역시 사하구 옥천로54번길 27-1,부산광역시 사하구 감천동 16-1056,35.0906419,129.0088769,2021,건축물,051-220-4671,부산광역시 사하구청,2026-02-27
감천동1559,1,부산광역시 사하구 옥천로54번길 19,부산광역시 사하구 감천동 16-935,35.0910956525,129.0087584154,2021,건축물,051-220-4671,부산광역시 사하구청,2026-02-27
감천동156,1,부산광역시 사하구 감천로89번길 61,부산광역시 사하구 감천동 500-36,35.0901768956,129.0010875604,2021,건축물,051-220-4671,부산광역시 사하구청,2026-02-27
감천동1560,1,부산광역시 사하구 옥천로60번안길 22,부산광역시 사하구 감천동 16-935,35.0913442768,129.0088080425,2021,건축물,051-220-4671,부산광역시 사하구청,2026-02-27
감천동1561,1,부산광역시 사하구 옥천로60번안길 19,부산광역시 사하구 감천동 16-885,35.0914901,129.0087976705,2021,건축물,051-220-4671,부산광역시 사하구청,2026-02-27
감천동1562,1,부산광역시 사하구 옥천로60번안길 13,부산광역시 사하구 감천동 16-944,35.0915831,129.0086368,2021,전용주,051-220-4671,부산광역시 사하구청,2026-02-27
감천동1563,1,부산광역시 사하구 옥천로60번길 20,부산광역시 사하구 감천동 16-946,35.0916881,129.0088258,2021,건축물,051-220-4671,부산광역시 사하구청,2026-02-27
감천동1564,1,부산광역시 사하구 옥천로60번길 21,부산광역시 사하구 감천동 13-1077,35.0919294,129.0089523,2021,건축물,051-220-4671,부산광역시 사하구청,2026-02-27
감천동1565,1,부산광역시 사하구 옥천로62번길 8,부산광역시 사하구 감천동 13-25,35.0920229,129.0087463,2021,건축물,051-220-4671,부산광역시 사하구청,2026-02-27
감천동1566,1,부산광역시 사하구 옥천로64번길 8-4,부산광역시 사하구 감천동 13-959,35.0921884,129.0090902,2021,건축물,051-220-4671,부산광역시 사하구청,2026-02-27
감천동1567,1,부산광역시 사하구 옥천로64번길 25,부산광역시 사하구 감천동 13-923,35.0922912029,129.0093563,2021,건축물,051-220-4671,부산광역시 사하구청,2026-02-27
감천동1568,1,부산광역시 사하구 옥천로64번길 26,부산광역시 사하구 감천동 13-920,35.092239,129.0092998,2021,건축물,051-220-4671,부산광역시 사하구청,2026-02-27
감천동1569,1,부산광역시 사하구 옥천로 68-4,부산광역시 사하구 감천동 13-1007,35.092483425,129.0089555,2021,건축물,051-220-4671,부산광역시 사하구청,2026-02-27
감천동157,1,부산광역시 사하구 감천로83번길 28-3,부산광역시 사하구 감천동 500-40,35.090129,129.0011892716,2021,건축물,051-220-4671,부산광역시 사하구청,2026-02-27
감천동1570,1,부산광역시 사하구 옥천로64번길 2,부산광역시 사하구 감천동 13-982,35.0922924,129.0087967,2021,건축물,051-220-4671,부산광역시 사하구청,2026-02-27
감천동1571,1,부산광역시 사하구 옥천로 68-2,부산광역시 사하구 감천동 13-1008,35.0925596,129.0089897,2021,건축물,051-220-4671,부산광역시 사하구청,2026-02-27
감천동1572,1,부산광역시 사하구 옥천로70번길 6,부산광역시 사하구 감천동 13-595,35.0926486,129.0090576,2021,건축물,051-220-4671,부산광역시 사하구청,2026-02-27
감천동1573,1,부산광역시 사하구 옥천로70번길 16,부산광역시 사하구 감천동 13-19,35.0925222,129.0092810496,2021,한전주,051-220-4671,부산광역시 사하구청,2026-02-27
감천동1574,1,부산광역시 사하구 옥천로70번길 3,부산광역시 사하구 감천동 13-1505,35.0927392,129.009027,2021,건축물,051-220-4671,부산광역시 사하구청,2026-02-27
감천동1575,1,부산광역시 사하구 옥천로 70-4,부산광역시 사하구 감천동 13-859,35.0928451,129.0091611,2021,건축물,051-220-4671,부산광역시 사하구청,2026-02-27
감천동1576,1,부산광역시 사하구 옥천로 72-4,부산광역시 사하구 감천동 13-857,35.0928503,129.0092184032,2021,건축물,051-220-4671,부산광역시 사하구청,2026-02-27
감천동1577,1,부산광역시 사하구 옥천로 74,부산광역시 사하구 감천동 13-852,35.0929889,129.0091866,2021,건축물,051-220-4671,부산광역시 사하구청,2026-02-27
감천동1578,1,부산광역시 사하구 옥천로70번가길 15,부산광역시 사하구 감천동 13-830,35.0928887774,129.0094479,2021,건축물,051-220-4671,부산광역시 사하구청,2026-02-27
감천동1579,1,부산광역시 사하구 옥천로 74-2,부산광역시 사하구 감천동 13-842,35.0930957,129.009266,2021,건축물,051-220-4671,부산광역시 사하구청,2026-02-27
감천동158,1,부산광역시 사하구 감천로89번길 55,부산광역시 사하구 감천동 500-87,35.0903259729,129.0013318654,2021,한전주,051-220-4671,부산광역시 사하구청,2026-02-27
감천동1580,1,부산광역시 사하구 옥천로70번길 22,부산광역시 사하구 감천동 13-19,35.0925222,129.0094326333,2021,건축물,051-220-4671,부산광역시 사하구청,2026-02-27
감천동1581,1,부산광역시 사하구 옥천로70번길 25-1,부산광역시 사하구 감천동 13-809,35.0926996869,129.0096405,2021,건축물,051-220-4671,부산광역시 사하구청,2026-02-27
감천동1582,1,부산광역시 사하구 옥천로70번길 30,부산광역시 사하구 감천동 13-1491,35.0925748,129.0096868227,2021,건축물,051-220-4671,부산광역시 사하구청,2026-02-27
감천동1583,1,부산광역시 사하구 옥천로70번나길 8,부산광역시 사하구 감천동 13-1405,35.0927803584,129.0098181,2021,건축물,051-220-4671,부산광역시 사하구청,2026-02-27
감천동1584,1,부산광역시 사하구 옥천로70번가길 14,부산광역시 사하구 감천동 13-813,35.0928575,129.00949386,2021,건축물,051-220-4671,부산광역시 사하구청,2026-02-27
감천동1585,1,부산광역시 사하구 옥천로70번나길 12,부산광역시 사하구 감천동 13-19,35.0928039464,129.0098663942,2021,건축물,051-220-4671,부산광역시 사하구청,2026-02-27
감천동1586,1,부산광역시 사하구 옥천로70번길 39,부산광역시 사하구 감천동 13-19,35.0925222,129.0099633412,2021,한전주,051-220-4671,부산광역시 사하구청,2026-02-27
감천동1587,1,부산광역시 사하구 옥천로64번길 29-2,부산광역시 사하구 감천동 13-901,35.0923985525,129.0095972458,2021,건축물,051-220-4671,부산광역시 사하구청,2026-02-27
감천동1588,1,부산광역시 사하구 옥천로64번길 33,부산광역시 사하구 감천동 13-898,35.092235,129.0095409,2021,건축물,051-220-4671,부산광역시 사하구청,2026-02-27
감천동1589,1,부산광역시 사하구 옥천로64번길 35,부산광역시 사하구 감천동 13-890,35.0921819052,129.0095702,2021,건축물,051-220-4671,부산광역시 사하구청,2026-02-27
감천동159,1,부산광역시 사하구 감천로89번길 48,부산광역시 사하구 감천동 500-88,35.0901764512,129.0020258554,2021,한전주,051-220-4671,부산광역시 사하구청,2026-02-27
감천동1590,1,부산광역시 사하구 옥천로64번길 35,부산광역시 사하구 감천동 13-890,35.0921819052,129.0095731,2021,건축물,051-220-4671,부산광역시 사하구청,2026-02-27
감천동1591,1,부산광역시 사하구 옥천로64번길 41-2,부산광역시 사하구 감천동 13-877,35.0921962429,129.0097818,2021,건축물,051-220-4671,부산광역시 사하구청,2026-02-27
감천동1592,1,부산광역시 사하구 옥천로60번길 41,부산광역시 사하구 감천동 13-1062,35.0918040099,129.0095509,2021,한전주,051-220-4671,부산광역시 사하구청,2026-02-27
감천동1593,1,부산광역시 사하구 옥천로60번길 50-2,부산광역시 사하구 감천동 13-1115,35.0914767,129.009621,2021,건축물,051-220-4671,부산광역시 사하구청,2026-02-27
감천동1594,1,부산광역시 사하구 옥천로60번길 42,부산광역시 사하구 감천동 13-1643,35.0916767,129.0094410292,2021,건축물,051-220-4671,부산광역시 사하구청,2026-02-27
감천동1595,1,부산광역시 사하구 감내1로10번길 37,부산광역시 사하구 감천동 16-996,35.0914777403,129.0092597,2021,한전주,051-220-4671,부산광역시 사하구청,2026-02-27
감천동1596,1,부산광역시 사하구 감내1로10번길 28,부산광역시 사하구 감천동 16-1063,35.0910880455,129.0091466898,2021,한전주,051-220-4671,부산광역시 사하구청,2026-02-27
감천동1597,1,부산광역시 사하구 감내1로10번길 30-1,부산광역시 사하구 감천동 16-1066,35.0910766,129.0092932,2021,건축물,051-220-4671,부산광역시 사하구청,2026-02-27
감천동1598,1,부산광역시 사하구 감내1로10번길 30-3,부산광역시 사하구 감천동 16-1068,35.0910737,129.0094686,2021,건축물,051-220-4671,부산광역시 사하구청,2026-02-27
감천동1599,1,부산광역시 사하구 감내1로10번길 26,부산광역시 사하구 감천동 16-1062,35.0909949707,129.0091601,2021,한전주,051-220-4671,부산광역시 사하구청,2026-02-27
감천동160,1,부산광역시 사하구 감천로89번길 48,부산광역시 사하구 감천동 500-88,35.0901764512,129.0020258554,2021,한전주,051-220-4671,부산광역시 사하구청,2026-02-27
감천동1600,1,부산광역시 사하구 감내1로10번길 20,부산광역시 사하구 감천동 16-1057,35.0906449988,129.0089851722,2021,건축물,051-220-4671,부산광역시 사하구청,2026-02-27
감천동1601,1,부산광역시 사하구 감내1로10번길 20-2,부산광역시 사하구 감천동 16-1075,35.090688933,129.0092732,2021,건축물,051-220-4671,부산광역시 사하구청,2026-02-27
감천동1602,1,부산광역시 사하구 옥천로54번길 49,부산광역시 사하구 감천동 26-34,35.0901897837,129.0091405,2021,건축물,051-220-4671,부산광역시 사하구청,2026-02-27
감천동1603,1,부산광역시 사하구 옥천로54번길 51,부산광역시 사하구 감천동 26-4,35.0899909173,129.0091431245,2021,한전주,051-220-4671,부산광역시 사하구청,2026-02-27
감천동1604,1,부산광역시 사하구 감내1로10번길 12,부산광역시 사하구 감천동 26-4,35.0903830315,129.0090826847,2021,건축물,051-220-4671,부산광역시 사하구청,2026-02-27
감천동1605,1,부산광역시 사하구 옥천로60번길 29,부산광역시 사하구 감천동 13-1076,35.091881,129.0091485,2021,건축물,051-220-4671,부산광역시 사하구청,2026-02-27
감천동1606,1,부산광역시 사하구 옥천로62번길 27,부산광역시 사하구 감천동 13-916,35.0919886,129.0092732561,2021,건축물,051-220-4671,부산광역시 사하구청,2026-02-27
감천동1607,1,부산광역시 사하구 옥천로60번길 35,부산광역시 사하구 감천동 13-1067,35.0918183745,129.0093637,2021,건축물,051-220-4671,부산광역시 사하구청,2026-02-27
감천동1608,1,부산광역시 사하구 옥천로60번길 35-4,부산광역시 사하구 감천동 13-1048,35.0920589,129.0093548526,2021,건축물,051-220-4671,부산광역시 사하구청,2026-02-27
감천동1609,1,부산광역시 사하구 감내1로 16,부산광역시 사하구 감천동 26-10,35.090080892,129.0086950386,2021,한전주,051-220-4671,부산광역시 사하구청,2026-02-27
감천동161,1,부산광역시 사하구 감천로89번길 48,부산광역시 사하구 감천동 500-88,35.0901963,129.0020354,2021,한전주,051-220-4671,부산광역시 사하구청,2026-02-27
감천동1610,1,부산광역시 사하구 감내1로10번길 6,부산광역시 사하구 감천동 26-37,35.0900760946,129.0088417,2021,건축물,051-220-4671,부산광역시 사하구청,2026-02-27
감천동1611,1,부산광역시 사하구 감내1로 7-1,부산광역시 사하구 감천동 26-41,35.0896429,129.0087976,2021,한전주,051-220-4671,부산광역시 사하구청,2026-02-27
감천동1612,1,부산광역시 사하구 감내1로 7-5,부산광역시 사하구 감천동 26,35.0895177136,129.0087349475,2021,전용주,051-220-4671,부산광역시 사하구청,2026-02-27
감천동1613,1,부산광역시 사하구 감내1로 7-9,부산광역시 사하구 감천동 837,35.0893846,129.0086158,2021,전용주,051-220-4671,부산광역시 사하구청,2026-02-27
감천동1614,1,부산광역시 사하구 옥천로88번길 6,부산광역시 사하구 감천동 13-630,35.0940792,129.0102769,2021,건축물,051-220-4671,부산광역시 사하구청,2026-02-27
감천동1615,1,부산광역시 사하구 옥천로88번길 7,부산광역시 사하구 감천동 13-1246,35.0941772,129.0103451,2021,건축물,051-220-4671,부산광역시 사하구청,2026-02-27
감천동1616,1,부산광역시 사하구 옥천로88번길 8,부산광역시 사하구 감천동 13-629,35.0940658883,129.0104031677,2021,건축물,051-220-4671,부산광역시 사하구청,2026-02-27
감천동1617,1,부산광역시 사하구 옥천로88번길 9,부산광역시 사하구 감천동 13-1245,35.0941762,129.0103967599,2021,건축물,051-220-4671,부산광역시 사하구청,2026-02-27
감천동1618,1,부산광역시 사하구 옥천로88번길 12,부산광역시 사하구 감천동 13-624,35.0940583966,129.0104567,2021,건축물,051-220-4671,부산광역시 사하구청,2026-02-27
감천동1619,1,부산광역시 사하구 옥천로 92-1,부산광역시 사하구 감천동 13-1224,35.0945391091,129.0103155575,2021,건축물,051-220-4671,부산광역시 사하구청,2026-02-27
감천동162,1,부산광역시 사하구 감천로89번길 28,부산광역시 사하구 감천동 502-35,35.089810282,129.0024798045,2021,한전주,051-220-4671,부산광역시 사하구청,2026-02-27
감천동1620,1,부산광역시 사하구 옥천로111번길 14-6,부산광역시 사하구 감천동 6-1746,35.0967934067,129.0094778,2021,건축물,051-220-4671,부산광역시 사하구청,2026-02-27
감천동1621,1,부산광역시 사하구 옥천로 130,부산광역시 사하구 감천동 10-2,35.0968862,129.0110904481,2021,한전주,051-220-4671,부산광역시 사하구청,2026-02-27
감천동1622,1,부산광역시 사하구 옥천로 130,부산광역시 사하구 감천동 10-2,35.0968862,129.0110904481,2021,한전주,051-220-4671,부산광역시 사하구청,2026-02-27
감천동1628,1,부산광역시 사하구 옥천로88번길 47,부산광역시 사하구 감천동 산99-1,35.0943576013,129.011494841,2021,한전주,051-220-4671,부산광역시 사하구청,2026-02-27
감천동1629,1,부산광역시 사하구 옥천로88번길 47,부산광역시 사하구 감천동 산99-1,35.0943576013,129.011494841,2021,한전주,051-220-4671,부산광역시 사하구청,2026-02-27
감천동163,1,부산광역시 사하구 감천로89번길 30-6,부산광역시 사하구 감천동 526-2,35.0901442538,129.0030146854,2021,건축물,051-220-4671,부산광역시 사하구청,2026-02-27
감천동1630,1,,부산광역시 사하구 감천동 13-1649,35.0918402,129.0104949861,2021,한전주,051-220-4671,부산광역시 사하구청,2026-02-27
감천동1631,1,부산광역시 사하구 천해로 177,부산광역시 사하구 감천동 산106-7,35.0916830225,129.0103941,2021,건축물,051-220-4671,부산광역시 사하구청,2026-02-27
감천동1632,1,부산광역시 사하구 옥천로88번길 47,부산광역시 사하구 감천동 산99-1,35.0943576013,129.011494841,2021,한전주,051-220-4671,부산광역시 사하구청,2026-02-27
감천동1633,1,,부산광역시 사하구 감천동 16-1083,35.0906470669,129.0094546799,2021,건축물,051-220-4671,부산광역시 사하구청,2026-02-27
감천동1634,1,부산광역시 사하구 천해로 154,부산광역시 사하구 감천동 26-4,35.0899499672,129.0096671872,2021,한전주,051-220-4671,부산광역시 사하구청,2026-02-27
감천동1635,1,부산광역시 사하구 천해로 154,부산광역시 사하구 감천동 26-4,35.0899499672,129.0096671872,2021,한전주,051-220-4671,부산광역시 사하구청,2026-02-27
감천동1636,1,부산광역시 사하구 천해로 152,부산광역시 사하구 감천동 26-4,35.0897069,129.0098297,2021,건축물,051-220-4671,부산광역시 사하구청,2026-02-27
감천동1637,1,부산광역시 사하구 천해로 152-2,부산광역시 사하구 감천동 산135,35.0896734,129.0102236,2021,건축물,051-220-4671,부산광역시 사하구청,2026-02-27
감천동1638,1,부산광역시 사하구 감내2로 182,부산광역시 사하구 감천동 2-9,35.0982863566,129.0100678747,2021,건축물,051-220-4671,부산광역시 사하구청,2026-02-27
감천동1639,1,부산광역시 사하구 감내2로115번길 17-3,부산광역시 사하구 감천동 11-86,35.0974620749,129.007347,2021,건축물,051-220-4671,부산광역시 사하구청,2026-02-27
감천동164,1,부산광역시 사하구 감천로89번길 30-6,부산광역시 사하구 감천동 526-2,35.0901708,129.0030325,2021,한전주,051-220-4671,부산광역시 사하구청,2026-02-27
감천동1640,1,부산광역시 사하구 감내1로 127,부산광역시 사하구 감천동 12-278,35.0936935987,129.0079984,2021,건축물,051-220-4671,부산광역시 사하구청,2026-02-27
감천동1641,1,부산광역시 사하구 감내1로 127,부산광역시 사하구 감천동 12-278,35.0936935987,129.0079984,2021,한전주,051-220-4671,부산광역시 사하구청,2026-02-27
감천동1642,1,부산광역시 사하구 감내1로 174,부산광역시 사하구 감천동 12-231,35.0953708,129.0090147,2022,,051-220-4671,부산광역시 사하구청,2026-02-27
감천동1643,1,부산광역시 사하구 옥천로88번길 24,부산광역시 사하구 감천동 13-18,35.0940783,129.0108799,2022,건축물,051-220-4671,부산광역시 사하구청,2026-02-27
감천동1644,1,부산광역시 사하구 옥천로60번안길 20-6,부산광역시 사하구 감천동 16-1048,35.0909482,129.0088844,2022,건축물,051-220-4671,부산광역시 사하구청,2026-02-27
감천동1645,1,부산광역시 사하구 감내2로 177-1,부산광역시 사하구 감천동 2-6,35.0984890602,129.0103323976,2023,건축물,051-220-4671,부산광역시 사하구청,2026-02-27
감천동1646,1,부산광역시 사하구 감천로 62,부산광역시 사하구 감천동 708-4,35.089885,128.9990565,2023,,051-220-4671,부산광역시 사하구청,2026-02-27
감천동1647,1,부산광역시 사하구 감내2로 174-1,부산광역시 사하구 감천동 2-206,35.0986385,129.0097747,2023,,051-220-4671,부산광역시 사하구청,2026-02-27
감천동1648,1,부산광역시 사하구 옥천로 24,부산광역시 사하구 감천동 544-8,35.0894888354,129.0058653,2023,,051-220-4671,부산광역시 사하구청,2026-02-27
감천동165,1,부산광역시 사하구 감천로89번길 30-12,부산광역시 사하구 감천동 555-14,35.090286,129.0031559,2021,한전주,051-220-4671,부산광역시 사하구청,2026-02-27
감천동1650,1,부산광역시 사하구 옥천로60번길 50,부산광역시 사하구 감천동 13-1181,35.0916747,129.0096368,2023,,051-220-4671,부산광역시 사하구청,2026-02-27
감천동1651,1,부산광역시 사하구 감내2로 197,부산광역시 사하구 감천동 1-27,35.0978235,129.0105552,2023,,051-220-4671,부산광역시 사하구청,2026-02-27
감천동1652,1,부산광역시 사하구 옥천로101번길 10-5,부산광역시 사하구 감천동 10-137,35.0955388,129.0097535,2022,,051-220-4671,부산광역시 사하구청,2026-02-27
감천동1653,1,부산광역시 사하구 천해로80번길 10,부산광역시 사하구 감천동 181-5,35.0842499133,129.0112860453,2023,,051-220-4671,부산광역시 사하구청,2026-02-27
감천동1654,1,부산광역시 사하구 감천로67번길 20-20,부산광역시 사하구 감천동 645-1,35.091525,128.9996119,2023,,051-220-4671,부산광역시 사하구청,2026-02-27
감천동1655,1,부산광역시 사하구 감내1로 153,부산광역시 사하구 감천동 11-97,35.0948634,129.0080922,2025,건축물,051-220-4671,부산광역시 사하구청,2026-02-27
감천동1656,1,부산광역시 사하구 감내2로 156,부산광역시 사하구 감천동 2-373,35.098763,129.0093282,2025,건축물,051-220-4671,부산광역시 사하구청,2026-02-27
감천동1657,1,부산광역시 사하구 감천로139번나길 27-1,부산광역시 사하구 감천동 28-43,35.0878798,129.0080636,2025,건축물,051-220-4671,부산광역시 사하구청,2026-02-27
감천동1658,1,부산광역시 사하구 사하로125번길 20-1,부산광역시 사하구 감천동 830-4,35.0922919,128.992438,2023,,051-220-4671,부산광역시 사하구청,2026-02-27
감천동1659,1,부산광역시 사하구 원양로 384-2,부산광역시 사하구 감천동 90-10,35.084951792,129.0062697822,2023,,051-220-4671,부산광역시 사하구청,2026-02-27
감천동166,1,부산광역시 사하구 감천로105번길 43-10,부산광역시 사하구 감천동 555-13,35.0903744,129.0032567,2021,한전주,051-220-4671,부산광역시 사하구청,2026-02-27
감천동1660,1,부산광역시 사하구 감내1로 190,부산광역시 사하구 감천동 10-58,35.0960584,129.0093934,2025,건축물,051-220-4671,부산광역시 사하구청,2026-02-27
감천동1661,1,부산광역시 사하구 감천로67번길 20-21,부산광역시 사하구 감천동 646-2,35.0915493,128.9992287,2023,,051-220-4671,부산광역시 사하구청,2026-02-27
감천동1662,1,부산광역시 사하구 감천로139번길 50-5,부산광역시 사하구 감천동 30-123,35.0887575,129.0067585,2023,,051-220-4671,부산광역시 사하구청,2026-02-27
감천동1663,1,부산광역시 사하구 감내1로 222,부산광역시 사하구 감천동 6-363,35.0973801,129.0095794,2025,건축물,051-220-4671,부산광역시 사하구청,2026-02-27
감천동1664,1,부산광역시 사하구 옥천로 94-11,부산광역시 사하구 감천동 13-1603,35.0949033118,129.0105144086,2025,건축물,051-220-4671,부산광역시 사하구청,2026-02-27
감천동1665,1,부산광역시 사하구 옥천로 102,부산광역시 사하구 감천동 13-1597,35.0953265,129.0105889004,2025,한전주,051-220-4671,부산광역시 사하구청,2026-02-27
감천동1666,1,부산광역시 사하구 옥천로75번길 17,부산광역시 사하구 감천동 13-13,35.0938788084,129.0088553,2025,건축물,051-220-4671,부산광역시 사하구청,2026-02-27
감천동1667,1,부산광역시 사하구 옥천로54번길 4-1,부산광역시 사하구 감천동 16-567,35.0914378,129.0081618,2024,,051-220-4671,부산광역시 사하구청,2026-02-27
감천동1668,1,부산광역시 사하구 옥천로104번안길 7,부산광역시 사하구 감천동 13-1630,35.0952668,129.010942,2024,,051-220-4671,부산광역시 사하구청,2026-02-27
감천동1669,1,부산광역시 사하구 옥천로104번안길 9,부산광역시 사하구 감천동 13-1631,35.0952927,129.0110084,2024,건축물,051-220-4671,부산광역시 사하구청,2026-02-27
감천동167,1,부산광역시 사하구 감천로105번길 43-3,부산광역시 사하구 감천동 526-4,35.0903863164,129.0036414,2021,한전주,051-220-4671,부산광역시 사하구청,2026-02-27
감천동1670,1,부산광역시 사하구 감내1로93번길 14-2,부산광역시 사하구 감천동 산 85-7,35.0919857409,129.0069582026,2024,,051-220-4671,부산광역시 사하구청,2026-02-27
감천동1671,1,부산광역시 사하구 감내2로 168,부산광역시 사하구 감천동 2-4,35.0988581,129.0095718,2024,건축물,051-220-4671,부산광역시 사하구청,2026-02-27
감천동1672,1,부산광역시 사하구 옥천로70번길 11,부산광역시 사하구 감천동 13-823,35.0927187253,129.0092177315,2024,건축물,051-220-4671,부산광역시 사하구청,2026-02-27
감천동1673,1,부산광역시 사하구 옥천로75번길 17,부산광역시 사하구 감천동 13-13,35.0938788084,129.0088553,2025,건축물,051-220-4671,부산광역시 사하구청,2026-02-27
감천동168,1,부산광역시 사하구 감천로93번길 41-4,부산광역시 사하구 감천동 526-5,35.0901567447,129.0033821778,2021,건축물,051-220-4671,부산광역시 사하구청,2026-02-27
감천동169,1,부산광역시 사하구 감천로93번길 21,부산광역시 사하구 감천동 산52-3,35.0893780379,129.002591154,2021,건축물,051-220-4671,부산광역시 사하구청,2026-02-27
감천동170,1,부산광역시 사하구 감천로89번길 27,부산광역시 사하구 감천동 502-11,35.0897091599,129.002207617,2021,한전주,051-220-4671,부산광역시 사하구청,2026-02-27
감천동170,1,,부산광역시 사하구 감천동 502-37,35.089532,129.0024248,2024,전용주,051-220-4671,부산광역시 사하구청,2026-02-27
감천동171,1,부산광역시 사하구 감천로89번길 16,부산광역시 사하구 감천동 502-41,35.0892652,129.0021948819,2021,한전주,051-220-4671,부산광역시 사하구청,2026-02-27
감천동172,1,,부산광역시 사하구 감천동 502-33,35.089178774,129.0020009063,2021,한전주,051-220-4671,부산광역시 사하구청,2026-02-27
감천동173,1,부산광역시 사하구 감천로83번길 28-10,부산광역시 사하구 감천동 500-23,35.0900679,129.0016266,2021,한전주,051-220-4671,부산광역시 사하구청,2026-02-27
감천동174,1,부산광역시 사하구 감천로83번길 28-6,부산광역시 사하구 감천동 500-21,35.0899567,129.0017994996,2021,한전주,051-220-4671,부산광역시 사하구청,2026-02-27
감천동175,1,부산광역시 사하구 감천로89번길 16,부산광역시 사하구 감천동 502-41,35.0892652,129.0021948819,2021,한전주,051-220-4671,부산광역시 사하구청,2026-02-27
감천동176,1,부산광역시 사하구 감천로93번길 19,부산광역시 사하구 감천동 502-40,35.0893328,129.0024857,2021,건축물,051-220-4671,부산광역시 사하구청,2026-02-27
감천동177,1,부산광역시 사하구 감천로93번길 14,부산광역시 사하구 감천동 502-50,35.0890359,129.0024565,2021,건축물,051-220-4671,부산광역시 사하구청,2026-02-27
감천동178,1,부산광역시 사하구 감천로93번길 10-2,부산광역시 사하구 감천동 518-23,35.0888929148,129.0025523,2021,한전주,051-220-4671,부산광역시 사하구청,2026-02-27
감천동179,1,부산광역시 사하구 감천로93번길 9,부산광역시 사하구 감천동 502-47,35.0888962,129.002179,2021,건축물,051-220-4671,부산광역시 사하구청,2026-02-27
감천동180,1,부산광역시 사하구 감천로93번길 6,부산광역시 사하구 감천동 502-53,35.0886523,129.0022169,2021,건축물,051-220-4671,부산광역시 사하구청,2026-02-27
감천동181,1,부산광역시 사하구 감천로 69,부산광역시 사하구 감천동 715-1,35.0897902427,129.0000197,2021,한전주,051-220-4671,부산광역시 사하구청,2026-02-27
감천동182,1,부산광역시 사하구 감천로67번길 2,부산광역시 사하구 감천동 636,35.0907304,128.9996878405,2021,한전주,051-220-4671,부산광역시 사하구청,2026-02-27
감천동183,1,부산광역시 사하구 감천로67번길 2,부산광역시 사하구 감천동 636,35.0907304,128.9996878405,2021,한전주,051-220-4671,부산광역시 사하구청,2026-02-27
감천동184,1,부산광역시 사하구 감천로93번길 21,부산광역시 사하구 감천동 산52-3,35.0893780379,129.002591154,2021,건축물,051-220-4671,부산광역시 사하구청,2026-02-27
감천동185,1,부산광역시 사하구 감천로93번길 21,부산광역시 사하구 감천동 산52-3,35.0893780379,129.002591154,2021,건축물,051-220-4671,부산광역시 사하구청,2026-02-27
감천동186,1,부산광역시 사하구 감천로93번길 35,부산광역시 사하구 감천동 525-7,35.0897797,129.0032532,2021,한전주,051-220-4671,부산광역시 사하구청,2026-02-27
감천동187,1,부산광역시 사하구 감천로93번길 31-1,부산광역시 사하구 감천동 산52-2,35.0897920665,129.0029579,2021,전용주,051-220-4671,부산광역시 사하구청,2026-02-27
감천동188,1,부산광역시 사하구 감천로93번길 21,부산광역시 사하구 감천동 산52-3,35.0893780379,129.002591154,2021,건축물,051-220-4671,부산광역시 사하구청,2026-02-27
감천동189,1,부산광역시 사하구 감천로93번길 37,부산광역시 사하구 감천동 525-10,35.0898426,129.0032657,2021,건축물,051-220-4671,부산광역시 사하구청,2026-02-27
감천동190,1,부산광역시 사하구 감천로93번길 43,부산광역시 사하구 감천동 525-5,35.0898996203,129.0031978313,2021,건축물,051-220-4671,부산광역시 사하구청,2026-02-27
감천동191,1,부산광역시 사하구 감천로89번길 30-1,부산광역시 사하구 감천동 526-6,35.0898626,129.0025973,2021,한전주,051-220-4671,부산광역시 사하구청,2026-02-27
감천동192,1,부산광역시 사하구 감천로93번길 41-4,부산광역시 사하구 감천동 526-5,35.0901567447,129.0033821778,2021,건축물,051-220-4671,부산광역시 사하구청,2026-02-27
감천동193,1,부산광역시 사하구 감천로93번길 39,부산광역시 사하구 감천동 525-2,35.0898381882,129.0034196658,2021,건축물,051-220-4671,부산광역시 사하구청,2026-02-27
감천동194,1,부산광역시 사하구 감천로105번길 41-1,부산광역시 사하구 감천동 527-19,35.0899874293,129.003489,2021,전용주,051-220-4671,부산광역시 사하구청,2026-02-27
감천동195,1,부산광역시 사하구 감천로105번길 43,부산광역시 사하구 감천동 산 53-5,35.0903396,129.0037273,2021,한전주,051-220-4671,부산광역시 사하구청,2026-02-27
감천동196,1,부산광역시 사하구 감천로105번길 55,부산광역시 사하구 감천동 552,35.090423,129.004135,2021,한전주,051-220-4671,부산광역시 사하구청,2026-02-27
감천동197,1,부산광역시 사하구 감천로 125,부산광역시 사하구 감천동 467-1,35.0876977623,129.0056149,2021,한전주,051-220-4671,부산광역시 사하구청,2026-02-27
감천동198,1,부산광역시 사하구 옥천로 12,부산광역시 사하구 감천동 476-6,35.0885338,129.005569,2021,건축물,051-220-4671,부산광역시 사하구청,2026-02-27
감천동199,1,부산광역시 사하구 감천로117번길 63-7,부산광역시 사하구 감천동 523-11,35.0901978693,129.0047974401,2021,건축물,051-220-4671,부산광역시 사하구청,2026-02-27
감천동200,1,부산광역시 사하구 감천로117번길 63-4,부산광역시 사하구 감천동 523-8,35.0902294,129.0050249249,2021,한전주,051-220-4671,부산광역시 사하구청,2026-02-27
감천동2000,1,부산광역시 사하구 옥천로88번길 42,부산광역시 사하구 감천동 13-1113,35.0941445021,129.0113138433,2024,건축물,051-220-4671,부산광역시 사하구청,2026-02-27
감천동201,1,부산광역시 사하구 감천로105번길 21,부산광역시 사하구 감천동 520-5,35.0891622,129.0035341,2021,건축물,051-220-4671,부산광역시 사하구청,2026-02-27
감천동202,1,부산광역시 사하구 감천로105번길 22,부산광역시 사하구 감천동 530,35.0890747337,129.0037288095,2021,건축물,051-220-4671,부산광역시 사하구청,2026-02-27
감천동203,1,부산광역시 사하구 감천로105번길 22,부산광역시 사하구 감천동 530,35.0890747337,129.0037288095,2021,건축물,051-220-4671,부산광역시 사하구청,2026-02-27
감천동204,1,부산광역시 사하구 감천로109번길 25-3,부산광역시 사하구 감천동 531-6,35.0891921,129.0038958386,2021,건축물,051-220-4671,부산광역시 사하구청,2026-02-27
감천동205,1,부산광역시 사하구 감천로109번길 19,부산광역시 사하구 감천동 531-3,35.0890473,129.0039479,2021,한전주,051-220-4671,부산광역시 사하구청,2026-02-27
감천동206,1,부산광역시 사하구 감천로109번길 43,부산광역시 사하구 감천동 849-4,35.0896633846,129.0049223916,2021,건축물,051-220-4671,부산광역시 사하구청,2026-02-27
감천동207,1,부산광역시 사하구 감천로103번길 19-2,부산광역시 사하구 감천동 520-10,35.0892493,129.0031744,2021,전용주,051-220-4671,부산광역시 사하구청,2026-02-27
감천동208,1,부산광역시 사하구 감천로103번길 33,부산광역시 사하구 감천동 520-4,35.0893358,129.0028476,2021,건축물,051-220-4671,부산광역시 사하구청,2026-02-27
감천동209,1,부산광역시 사하구 감천로103번길 19-7,부산광역시 사하구 감천동 520-14,35.0891724,129.0029204,2021,건축물,051-220-4671,부산광역시 사하구청,2026-02-27
감천동210,1,부산광역시 사하구 감천로103번길 13-5,부산광역시 사하구 감천동 518-19,35.0889749,129.0028717,2021,한전주,051-220-4671,부산광역시 사하구청,2026-02-27
감천동211,1,부산광역시 사하구 감천로103번길 15,부산광역시 사하구 감천동 518-14,35.0889416,129.0032546,2021,한전주,051-220-4671,부산광역시 사하구청,2026-02-27
감천동212,1,부산광역시 사하구 감천로93번길 2,부산광역시 사하구 감천동 486-3,35.0885800652,129.0022733136,2021,한전주,051-220-4671,부산광역시 사하구청,2026-02-27
감천동213,1,부산광역시 사하구 감천로109번길 2,부산광역시 사하구 감천동 482-17,35.0881362,129.0039869586,2021,한전주,051-220-4671,부산광역시 사하구청,2026-02-27
감천동214,1,부산광역시 사하구 감천로109번길 43,부산광역시 사하구 감천동 849-4,35.0896633846,129.0049223916,2021,한전주,051-220-4671,부산광역시 사하구청,2026-02-27
감천동215,1,부산광역시 사하구 감천로109번길 43,부산광역시 사하구 감천동 849-4,35.0896887,129.0049394,2021,한전주,051-220-4671,부산광역시 사하구청,2026-02-27
감천동216,1,부산광역시 사하구 감천로109번길 29-1,부산광역시 사하구 감천동 산81-12,35.0892820398,129.0042392,2021,건축물,051-220-4671,부산광역시 사하구청,2026-02-27
감천동217,1,부산광역시 사하구 감천로109번길 33,부산광역시 사하구 감천동 538,35.0893798,129.0045481,2021,한전주,051-220-4671,부산광역시 사하구청,2026-02-27
감천동218,1,부산광역시 사하구 감천로109번길 37,부산광역시 사하구 감천동 538-3,35.0895517,129.0044960221,2021,건축물,051-220-4671,부산광역시 사하구청,2026-02-27
감천동219,1,부산광역시 사하구 감천로109번길 41,부산광역시 사하구 감천동 532-26,35.0896815,129.0048296,2021,건축물,051-220-4671,부산광역시 사하구청,2026-02-27
감천동220,1,부산광역시 사하구 감천로109번길 43,부산광역시 사하구 감천동 849-4,35.0896887,129.0049394,2021,한전주,051-220-4671,부산광역시 사하구청,2026-02-27
감천동221,1,부산광역시 사하구 감천로109번길 43,부산광역시 사하구 감천동 849-4,35.0896887,129.0049394,2021,한전주,051-220-4671,부산광역시 사하구청,2026-02-27
감천동222,1,부산광역시 사하구 감천로117번길 59,부산광역시 사하구 감천동 535-1,35.0899725,129.0052204,2021,건축물,051-220-4671,부산광역시 사하구청,2026-02-27
감천동223,1,부산광역시 사하구 감천로117번길 50,부산광역시 사하구 감천동 541-11,35.0896375,129.0052946162,2021,한전주,051-220-4671,부산광역시 사하구청,2026-02-27
감천동224,1,부산광역시 사하구 감천로117번길 49,부산광역시 사하구 감천동 537-1,35.0893904,129.0049979,2021,건축물,051-220-4671,부산광역시 사하구청,2026-02-27
감천동225,1,부산광역시 사하구 감천로117번길 11,부산광역시 사하구 감천동 480-2,35.0882657414,129.0046608939,2021,건축물,051-220-4671,부산광역시 사하구청,2026-02-27
감천동226,1,부산광역시 사하구 감천로117번길 49,부산광역시 사하구 감천동 537-1,35.0893697359,129.0049904149,2021,전용주,051-220-4671,부산광역시 사하구청,2026-02-27
감천동227,1,부산광역시 사하구 감천로117번길 39-2,부산광역시 사하구 감천동 539-12,35.0891653744,129.0047218384,2021,건축물,051-220-4671,부산광역시 사하구청,2026-02-27
감천동228,1,부산광역시 사하구 감천로117번길 11,부산광역시 사하구 감천동 480-2,35.0882873,129.0046749,2021,건축물,051-220-4671,부산광역시 사하구청,2026-02-27
감천동229,1,부산광역시 사하구 감천로117번길 23,부산광역시 사하구 감천동 510-2,35.0886784881,129.0047617,2021,한전주,051-220-4671,부산광역시 사하구청,2026-02-27
감천동230,1,부산광역시 사하구 감천로117번길 14,부산광역시 사하구 감천동 479-10,35.0880772376,129.0048787,2021,건축물,051-220-4671,부산광역시 사하구청,2026-02-27
감천동231,1,부산광역시 사하구 감천로117번길 9,부산광역시 사하구 감천동 480-3,35.0882839,129.0043349,2021,전용주,051-220-4671,부산광역시 사하구청,2026-02-27
감천동232,1,부산광역시 사하구 감천로 119,부산광역시 사하구 감천동 479-14,35.0878257,129.0047951,2021,건축물,051-220-4671,부산광역시 사하구청,2026-02-27
감천동233,1,부산광역시 사하구 감천로117번길 2,부산광역시 사하구 감천동 479-4,35.0880533,129.0046582,2021,건축물,051-220-4671,부산광역시 사하구청,2026-02-27
감천동234,1,부산광역시 사하구 감천로 37번길 8,부산광역시 사하구 감천동 662-1,35.0914784997,128.9969385869,2022,한전주,051-220-4671,부산광역시 사하구청,2026-02-27
감천동235,1,부산광역시 사하구 원양로 407-10,부산광역시 사하구 감천동 451-1,35.0869938317,129.0046328,2021,한전주,051-220-4671,부산광역시 사하구청,2026-02-27
감천동236,1,부산광역시 사하구 원양로 407-10,부산광역시 사하구 감천동 451-1,35.0869938317,129.0046328,2021,한전주,051-220-4671,부산광역시 사하구청,2026-02-27
감천동237,1,부산광역시 사하구 원양로 348-1,부산광역시 사하구 감천동 382,35.081824,129.0058762,2021,전용주,051-220-4671,부산광역시 사하구청,2026-02-27
감천동238,1,부산광역시 사하구 원양로 348-1,부산광역시 사하구 감천동 382,35.081824,129.0058762,2021,건축물,051-220-4671,부산광역시 사하구청,2026-02-27
감천동239,1,부산광역시 사하구 원양로 352,부산광역시 사하구 감천동 387-8,35.0820634,129.006098512,2021,전용주,051-220-4671,부산광역시 사하구청,2026-02-27
감천동240,1,부산광역시 사하구 원양로350번길 4,부산광역시 사하구 감천동 234-1,35.0817745227,129.0063225281,2021,한전주,051-220-4671,부산광역시 사하구청,2026-02-27
감천동241,1,부산광역시 사하구 원양로350번길 7,부산광역시 사하구 감천동 232,35.0817800593,129.0065444,2021,한전주,051-220-4671,부산광역시 사하구청,2026-02-27
감천동242,1,부산광역시 사하구 원양로350번길 14,부산광역시 사하구 감천동 234-2,35.0815712,129.0063608739,2021,건축물,051-220-4671,부산광역시 사하구청,2026-02-27
감천동243,1,부산광역시 사하구 원양로350번길 18,부산광역시 사하구 감천동 234-11,35.0813907388,129.0065678,2021,건축물,051-220-4671,부산광역시 사하구청,2026-02-27
감천동244,1,부산광역시 사하구 원양로350번길 20-1,부산광역시 사하구 감천동 336,35.0812876,129.0066902203,2021,건축물,051-220-4671,부산광역시 사하구청,2026-02-27
감천동245,1,부산광역시 사하구 원양로350번길 21,부산광역시 사하구 감천동 285-6,35.0813684521,129.0068613843,2021,한전주,051-220-4671,부산광역시 사하구청,2026-02-27
감천동246,1,부산광역시 사하구 원양로350번길 32,부산광역시 사하구 감천동 330-2,35.0810805,129.0073252806,2021,한전주,051-220-4671,부산광역시 사하구청,2026-02-27
감천동247,1,부산광역시 사하구 원양로356번길 50,부산광역시 사하구 감천동 356,35.0810522,129.0078635,2021,전용주,051-220-4671,부산광역시 사하구청,2026-02-27
감천동248,1,부산광역시 사하구 원양로350번길 33,부산광역시 사하구 감천동 329-6,35.0811337795,129.0074331581,2021,건축물,051-220-4671,부산광역시 사하구청,2026-02-27
감천동249,1,부산광역시 사하구 원양로356번길 37,부산광역시 사하구 감천동 288-3,35.0815922158,129.0076396423,2021,한전주,051-220-4671,부산광역시 사하구청,2026-02-27
감천동250,1,부산광역시 사하구 원양로356번길 23,부산광역시 사하구 감천동 283-1,35.081621,129.0072525,2021,건축물,051-220-4671,부산광역시 사하구청,2026-02-27
감천동251,1,부산광역시 사하구 원양로350번길 7-2,부산광역시 사하구 감천동 239,35.0818261219,129.0067609,2021,전용주,051-220-4671,부산광역시 사하구청,2026-02-27
감천동252,1,부산광역시 사하구 원양로356번안길 10,부산광역시 사하구 감천동 254,35.0822992,129.0071157,2021,건축물,051-220-4671,부산광역시 사하구청,2026-02-27
감천동253,1,부산광역시 사하구 원양로356번길 6,부산광역시 사하구 감천동 224,35.0822448,129.0065881,2021,건축물,051-220-4671,부산광역시 사하구청,2026-02-27
감천동254,1,부산광역시 사하구 원양로356번안길 7,부산광역시 사하구 감천동 255,35.0824748139,129.0069342,2021,건축물,051-220-4671,부산광역시 사하구청,2026-02-27
감천동255,1,부산광역시 사하구 원양로356번안길 9,부산광역시 사하구 감천동 215-3,35.0824067639,129.0070591618,2021,한전주,051-220-4671,부산광역시 사하구청,2026-02-27
감천동256,1,부산광역시 사하구 원양로356번안길 11,부산광역시 사하구 감천동 256,35.0823574716,129.0072549594,2021,한전주,051-220-4671,부산광역시 사하구청,2026-02-27
감천동257,1,부산광역시 사하구 원양로356번안길 19,부산광역시 사하구 감천동 263,35.0824228853,129.0076475039,2021,한전주,051-220-4671,부산광역시 사하구청,2026-02-27
감천동258,1,부산광역시 사하구 원양로356번안길 22,부산광역시 사하구 감천동 260-1,35.0823125116,129.0076027007,2021,한전주,051-220-4671,부산광역시 사하구청,2026-02-27
감천동259,1,부산광역시 사하구 원양로356번길 15-13,부산광역시 사하구 감천동 252-5,35.0821766,129.0074415,2021,한전주,051-220-4671,부산광역시 사하구청,2026-02-27
감천동260,1,부산광역시 사하구 원양로356번길 15-10,부산광역시 사하구 감천동 278,35.0818091,129.0073229,2021,한전주,051-220-4671,부산광역시 사하구청,2026-02-27
감천동261,1,,부산광역시 사하구 감천동 847,35.0814368998,129.0081800018,2021,건축물,051-220-4671,부산광역시 사하구청,2026-02-27
감천동262,1,부산광역시 사하구 감천로210번길 77,부산광역시 사하구 감천동 280,35.0817326803,129.0075815829,2021,한전주,051-220-4671,부산광역시 사하구청,2026-02-27
감천동263,1,부산광역시 사하구 감천로210번길 71,부산광역시 사하구 감천동 288-2,35.0815208092,129.0077139,2021,전용주,051-220-4671,부산광역시 사하구청,2026-02-27
감천동264,1,부산광역시 사하구 감천로210번길 65,부산광역시 사하구 감천동 326-7,35.0814453,129.0080704,2021,건축물,051-220-4671,부산광역시 사하구청,2026-02-27
감천동265,1,부산광역시 사하구 감천로210번길 67-3,부산광역시 사하구 감천동 326-9,35.0812844,129.0079898,2021,건축물,051-220-4671,부산광역시 사하구청,2026-02-27
감천동266,1,부산광역시 사하구 감천로210번길 64,부산광역시 사하구 감천동 289-2,35.0815014175,129.008175805,2021,전용주,051-220-4671,부산광역시 사하구청,2026-02-27
감천동267,1,부산광역시 사하구 감천로210번길 58,부산광역시 사하구 감천동 289-5,35.0812667,129.0085155,2021,한전주,051-220-4671,부산광역시 사하구청,2026-02-27
감천동268,1,부산광역시 사하구 감천로210번길 81,부산광역시 사하구 감천동 277,35.0819163372,129.0074947627,2021,건축물,051-220-4671,부산광역시 사하구청,2026-02-27
감천동269,1,부산광역시 사하구 감천로210번길 49,부산광역시 사하구 감천동 325-5,35.0810373,129.0087621,2021,건축물,051-220-4671,부산광역시 사하구청,2026-02-27
감천동270,1,부산광역시 사하구 감천로210번나길 8,부산광역시 사하구 감천동 300-9,35.0814389,129.0089950453,2021,건축물,051-220-4671,부산광역시 사하구청,2026-02-27
감천동271,1,부산광역시 사하구 감천로210번나길 13-1,부산광역시 사하구 감천동 290-17,35.0813933,129.0084858,2021,건축물,051-220-4671,부산광역시 사하구청,2026-02-27
감천동272,1,부산광역시 사하구 원양로356번안길 44,부산광역시 사하구 감천동 291-1,35.0819330255,129.008556,2021,한전주,051-220-4671,부산광역시 사하구청,2026-02-27
감천동273,1,부산광역시 사하구 원양로356번안길 36-4,부산광역시 사하구 감천동 271-4,35.0819587,129.008083,2021,건축물,051-220-4671,부산광역시 사하구청,2026-02-27
감천동274,1,부산광역시 사하구 원양로356번안길 32,부산광역시 사하구 감천동 262-9,35.0822367,129.0081666,2021,건축물,051-220-4671,부산광역시 사하구청,2026-02-27
감천동275,1,부산광역시 사하구 원양로356번안길 32,부산광역시 사하구 감천동 262-9,35.0822367,129.0081666,2021,건축물,051-220-4671,부산광역시 사하구청,2026-02-27
감천동276,1,부산광역시 사하구 원양로356번안길 32-1,부산광역시 사하구 감천동 262-10,35.082098856,129.0080979,2021,건축물,051-220-4671,부산광역시 사하구청,2026-02-27
감천동277,1,부산광역시 사하구 원양로398번길 1,부산광역시 사하구 감천동 77-2,35.0859566,129.006098851,2021,한전주,051-220-4671,부산광역시 사하구청,2026-02-27
감천동278,1,부산광역시 사하구 원양로398번길 92-1,부산광역시 사하구 감천동 292-5,35.082376996,129.0085324,2021,건축물,051-220-4671,부산광역시 사하구청,2026-02-27
감천동279,1,부산광역시 사하구 감천로210번길 43,부산광역시 사하구 감천동 325-15,35.0808693,129.0091088,2021,한전주,051-220-4671,부산광역시 사하구청,2026-02-27
감천동280,1,,부산광역시 사하구 감천동 847,35.0814368998,129.0081800018,2021,한전주,051-220-4671,부산광역시 사하구청,2026-02-27
감천동281,1,부산광역시 사하구 감천로210번가길 11,부산광역시 사하구 감천동 300-18,35.081283089,129.0090974,2021,한전주,051-220-4671,부산광역시 사하구청,2026-02-27
감천동282,1,부산광역시 사하구 감천로210번가길 19,부산광역시 사하구 감천동 300-2,35.081585,129.0088851,2021,한전주,051-220-4671,부산광역시 사하구청,2026-02-27
감천동283,1,부산광역시 사하구 감천로210번가길 25,부산광역시 사하구 감천동 291-3,35.0817517,129.0085999947,2021,한전주,051-220-4671,부산광역시 사하구청,2026-02-27
감천동284,1,부산광역시 사하구 감천로210번가길 6-3,부산광역시 사하구 감천동 322-2,35.0811777909,129.0095884,2021,건축물,051-220-4671,부산광역시 사하구청,2026-02-27
감천동285,1,부산광역시 사하구 감천로210번길 33-1,부산광역시 사하구 감천동 360-7,35.0806625,129.0096299,2021,전용주,051-220-4671,부산광역시 사하구청,2026-02-27
감천동286,1,부산광역시 사하구 원양로356번길 107,부산광역시 사하구 감천동 316-8,35.0806999554,129.0101796,2021,한전주,051-220-4671,부산광역시 사하구청,2026-02-27
감천동287,1,부산광역시 사하구 감천로210번길 20,부산광역시 사하구 감천동 318-2,35.0809102956,129.0100539347,2021,건축물,051-220-4671,부산광역시 사하구청,2026-02-27
감천동288,1,부산광역시 사하구 감천로210번길 20-2,부산광역시 사하구 감천동 321-3,35.0810646,129.0098371,2021,건축물,051-220-4671,부산광역시 사하구청,2026-02-27
감천동289,1,부산광역시 사하구 감천로210번길 20-4,부산광역시 사하구 감천동 321-1,35.0812469,129.009710,2021,건축물,051-220-4671,부산광역시 사하구청,2026-02-27
감천동290,1,부산광역시 사하구 원양로398번길 120-9,부산광역시 사하구 감천동 308-39,35.0811837914,129.0101416613,2021,건축물,051-220-4671,부산광역시 사하구청,2026-02-27
감천동291,1,부산광역시 사하구 원양로398번길 120-6,부산광역시 사하구 감천동 308-42,35.081244,129.0098853,2021,건축물,051-220-4671,부산광역시 사하구청,2026-02-27
감천동292,1,부산광역시 사하구 원양로398번길 120-3,부산광역시 사하구 감천동 308-28,35.0813966,129.009922,2021,건축물,051-220-4671,부산광역시 사하구청,2026-02-27
감천동293,1,부산광역시 사하구 감천로210번길 17,부산광역시 사하구 감천동 308-24,35.0809923404,129.010362,2021,한전주,051-220-4671,부산광역시 사하구청,2026-02-27
감천동294,1,부산광역시 사하구 감천로210번길 15-2,부산광역시 사하구 감천동 308-21,35.0809261,129.0105792,2021,건축물,051-220-4671,부산광역시 사하구청,2026-02-27
감천동295,1,부산광역시 사하구 감천로210번길 9-3,부산광역시 사하구 감천동 308-9,35.0811931,129.010783,2021,건축물,051-220-4671,부산광역시 사하구청,2026-02-27
감천동296,1,부산광역시 사하구 감천로210번길 8,부산광역시 사하구 감천동 308-12,35.0814403,129.0105479,2021,한전주,051-220-4671,부산광역시 사하구청,2026-02-27
감천동297,1,부산광역시 사하구 감천로210번길 7,부산광역시 사하구 감천동 308-7,35.0813477,129.0106991,2021,건축물,051-220-4671,부산광역시 사하구청,2026-02-27
감천동298,1,부산광역시 사하구 감천로210번길 5-4,부산광역시 사하구 감천동 308-19,35.0812348,129.0109814,2021,건축물,051-220-4671,부산광역시 사하구청,2026-02-27
감천동299,1,부산광역시 사하구 감천로210번길 5-7,부산광역시 사하구 감천동 308-3,35.0814384,129.0111950091,2021,건축물,051-220-4671,부산광역시 사하구청,2026-02-27
감천동300,1,부산광역시 사하구 원양로398번길 154,부산광역시 사하구 감천동 310-5,35.081652,129.0116698215,2021,건축물,051-220-4671,부산광역시 사하구청,2026-02-27
감천동302,1,부산광역시 사하구 원양로398번길 154,부산광역시 사하구 감천동 310-5,35.0816378,129.0116819,2021,건축물,051-220-4671,부산광역시 사하구청,2026-02-27
감천동303,1,부산광역시 사하구 원양로356번길 140,부산광역시 사하구 감천동 311,35.0814701,129.0114695,2021,건축물,051-220-4671,부산광역시 사하구청,2026-02-27
감천동304,1,부산광역시 사하구 원양로356번길 137,부산광역시 사하구 감천동 308-2,35.0814996,129.011299282,2021,건축물,051-220-4671,부산광역시 사하구청,2026-02-27
감천동305,1,부산광역시 사하구 감천로210번길 5-6,부산광역시 사하구 감천동 308-4,35.0813674,129.0111381,2021,건축물,051-220-4671,부산광역시 사하구청,2026-02-27
감천동306,1,부산광역시 사하구 원양로356번길 122-6,부산광역시 사하구 감천동 313,35.0811512,129.0111328,2021,건축물,051-220-4671,부산광역시 사하구청,2026-02-27
감천동307,1,부산광역시 사하구 원양로356번길 122-6,부산광역시 사하구 감천동 313,35.0811323085,129.0111157624,2021,건축물,051-220-4671,부산광역시 사하구청,2026-02-27
감천동308,1,부산광역시 사하구 원양로356번길 116,부산광역시 사하구 감천동 314,35.0807842813,129.0107407,2021,건축물,051-220-4671,부산광역시 사하구청,2026-02-27
감천동309,1,부산광역시 사하구 원양로356번길 116,부산광역시 사하구 감천동 314,35.0807842813,129.0107407,2021,건축물,051-220-4671,부산광역시 사하구청,2026-02-27
감천동310,1,부산광역시 사하구 원양로356번길 114,부산광역시 사하구 감천동 315-21,35.0805974675,129.0107689,2021,건축물,051-220-4671,부산광역시 사하구청,2026-02-27
감천동311,1,부산광역시 사하구 원양로356번길 114,부산광역시 사하구 감천동 315-21,35.0805974675,129.0107689,2021,건축물,051-220-4671,부산광역시 사하구청,2026-02-27
감천동312,1,부산광역시 사하구 암남공원로521번길 30,부산광역시 사하구 감천동 361,35.0800927,129.0102956,2021,한전주,051-220-4671,부산광역시 사하구청,2026-02-27
감천동313,1,부산광역시 사하구 원양로356번길 114-1,부산광역시 사하구 감천동 315-19,35.0804983635,129.0108962911,2021,건축물,051-220-4671,부산광역시 사하구청,2026-02-27
감천동314,1,부산광역시 사하구 암남공원로 527,부산광역시 사하구 감천동 315-2,35.0802771,129.0111333,2021,한전주,051-220-4671,부산광역시 사하구청,2026-02-27
감천동315,1,부산광역시 사하구 암남공원로521번길 12,부산광역시 사하구 감천동 365,35.0798294904,129.0107451407,2021,건축물,051-220-4671,부산광역시 사하구청,2026-02-27
감천동316,1,부산광역시 사하구 원양로356번길 1,부산광역시 사하구 감천동 387-6,35.0824115674,129.0066329274,2021,한전주,051-220-4671,부산광역시 사하구청,2026-02-27
감천동317,1,부산광역시 사하구 암남공원로 533-2,부산광역시 사하구 감천동 315-8,35.0808993305,129.0112917,2021,건축물,051-220-4671,부산광역시 사하구청,2026-02-27
감천동318,1,부산광역시 사하구 암남공원로 533-8,부산광역시 사하구 감천동 315-11,35.0806896196,129.0110891,2021,건축물,051-220-4671,부산광역시 사하구청,2026-02-27
감천동319,1,,부산광역시 사하구 감천동 363-36,35.079296457,129.0111094,2021,건축물,051-220-4671,부산광역시 사하구청,2026-02-27
감천동320,1,부산광역시 사하구 암남공원로521번길 19,부산광역시 사하구 감천동 363-10,35.0796976968,129.0102966027,2021,한전주,051-220-4671,부산광역시 사하구청,2026-02-27
감천동321,1,,부산광역시 사하구 감천동 33-1,35.0869701,129.0063968,2021,전용주,051-220-4671,부산광역시 사하구청,2026-02-27
감천동322,1,,부산광역시 사하구 감천동 33-1,35.0869701,129.0063968,2021,전용주,051-220-4671,부산광역시 사하구청,2026-02-27
감천동323,1,,부산광역시 사하구 감천동 31-2,35.0870941,129.0064963526,2021,전용주,051-220-4671,부산광역시 사하구청,2026-02-27
감천동324,1,부산광역시 사하구 암남공원로521번길 17,부산광역시 사하구 감천동 363-21,35.0795979983,129.0104595,2021,건축물,051-220-4671,부산광역시 사하구청,2026-02-27
감천동325,1,부산광역시 사하구 암남공원로521번길 12,부산광역시 사하구 감천동 365,35.0798507,129.0107611,2021,건축물,051-220-4671,부산광역시 사하구청,2026-02-27
감천동326,1,부산광역시 사하구 암남공원로521번길 35,부산광역시 사하구 감천동 845,35.0802889538,129.0099698,2021,한전주,051-220-4671,부산광역시 사하구청,2026-02-27
감천동327,1,부산광역시 사하구 원양로356번길 99,부산광역시 사하구 감천동 360-4,35.0805266,129.0097321913,2021,한전주,051-220-4671,부산광역시 사하구청,2026-02-27
감천동328,1,부산광역시 사하구 암남공원로521번길 35,부산광역시 사하구 감천동 845,35.0802889538,129.0099547139,2021,건축물,051-220-4671,부산광역시 사하구청,2026-02-27
감천동329,1,부산광역시 사하구 원양로356번길 83,부산광역시 사하구 감천동 326-25,35.0806715,129.009082,2021,한전주,051-220-4671,부산광역시 사하구청,2026-02-27
감천동330,1,부산광역시 사하구 원양로356번길 80,부산광역시 사하구 감천동 358,35.0804781664,129.0088367,2021,한전주,051-220-4671,부산광역시 사하구청,2026-02-27
감천동331,1,부산광역시 사하구 원양로356번길 71,부산광역시 사하구 감천동 326-26,35.0806902,129.0084910368,2021,한전주,051-220-4671,부산광역시 사하구청,2026-02-27
감천동332,1,부산광역시 사하구 원양로356번길 62,부산광역시 사하구 감천동 356-20,35.0809458,129.0082994,2021,한전주,051-220-4671,부산광역시 사하구청,2026-02-27
감천동333,1,부산광역시 사하구 원양로356번길 56,부산광역시 사하구 감천동 327-1,35.0810736,129.0081963843,2021,한전주,051-220-4671,부산광역시 사하구청,2026-02-27
감천동334,1,부산광역시 사하구 원양로356번길 50,부산광역시 사하구 감천동 356,35.0810522,129.0078635,2021,한전주,051-220-4671,부산광역시 사하구청,2026-02-27
감천동335,1,부산광역시 사하구 원양로356번길 25,부산광역시 사하구 감천동 284,35.0815308718,129.0071863574,2021,건축물,051-220-4671,부산광역시 사하구청,2026-02-27
감천동338,1,부산광역시 사하구 원양로398번길 8,부산광역시 사하구 감천동 393-2,35.0855480238,129.0060459324,2021,한전주,051-220-4671,부산광역시 사하구청,2026-02-27
감천동339,1,부산광역시 사하구 원양로398번길 8,부산광역시 사하구 감천동 393-2,35.0855699,129.0060556,2021,한전주,051-220-4671,부산광역시 사하구청,2026-02-27
감천동340,1,부산광역시 사하구 원양로398번길 124,부산광역시 사하구 감천동 306-1,35.0814858,129.009979,2021,한전주,051-220-4671,부산광역시 사하구청,2026-02-27
감천동341,1,부산광역시 사하구 원양로398번길 122,부산광역시 사하구 감천동 298-9,35.0814896,129.0097488,2021,한전주,051-220-4671,부산광역시 사하구청,2026-02-27
감천동342,1,부산광역시 사하구 원양로398번길 120-2,부산광역시 사하구 감천동 303-2,35.0814391,129.0095283,2021,한전주,051-220-4671,부산광역시 사하구청,2026-02-27
감천동343,1,부산광역시 사하구 원양로398번길 116-3,부산광역시 사하구 감천동 299-2,35.0817527,129.0090975,2021,건축물,051-220-4671,부산광역시 사하구청,2026-02-27
감천동344,1,부산광역시 사하구 원양로356번안길 48,부산광역시 사하구 감천동 299-1,35.0818264,129.0089854635,2021,건축물,051-220-4671,부산광역시 사하구청,2026-02-27
감천동345,1,부산광역시 사하구 원양로356번안길 44,부산광역시 사하구 감천동 291-1,35.0819598,129.0085654,2021,한전주,051-220-4671,부산광역시 사하구청,2026-02-27
감천동346,1,부산광역시 사하구 원양로398번길 114,부산광역시 사하구 감천동 298-5,35.0817397,129.0093384,2021,한전주,051-220-4671,부산광역시 사하구청,2026-02-27
감천동347,1,부산광역시 사하구 원양로398번길 108,부산광역시 사하구 감천동 298-3,35.0818694,129.0091223,2021,건축물,051-220-4671,부산광역시 사하구청,2026-02-27
감천동348,1,부산광역시 사하구 원양로398번길 104,부산광역시 사하구 감천동 298-2,35.0819418773,129.008976,2021,한전주,051-220-4671,부산광역시 사하구청,2026-02-27
감천동349,1,부산광역시 사하구 원양로398번길 87-4,부산광역시 사하구 감천동 294-13,35.0823958955,129.0089385,2021,건축물,051-220-4671,부산광역시 사하구청,2026-02-27
감천동350,1,부산광역시 사하구 원양로398번길 89,부산광역시 사하구 감천동 267-6,35.0825866963,129.0087238,2021,건축물,051-220-4671,부산광역시 사하구청,2026-02-27
감천동351,1,부산광역시 사하구 원양로398번길 85,부산광역시 사하구 감천동 267-14,35.0827887,129.0085748,2021,건축물,051-220-4671,부산광역시 사하구청,2026-02-27
감천동352,1,부산광역시 사하구 원양로398번길 85-1,부산광역시 사하구 감천동 267-13,35.0827584,129.0087714,2021,건축물,051-220-4671,부산광역시 사하구청,2026-02-27
감천동353,1,부산광역시 사하구 원양로398번길 85-4,부산광역시 사하구 감천동 267-9,35.082927,129.008929,2021,건축물,051-220-4671,부산광역시 사하구청,2026-02-27
감천동354,1,부산광역시 사하구 원양로398번길 87-4,부산광역시 사하구 감천동 294-13,35.0823958955,129.0089385,2021,건축물,051-220-4671,부산광역시 사하구청,2026-02-27
감천동355,1,부산광역시 사하구 감천로 190,부산광역시 사하구 감천동 182-17,35.082787,129.0092215,2021,건축물,051-220-4671,부산광역시 사하구청,2026-02-27
감천동356,1,부산광역시 사하구 감천로 190-1,부산광역시 사하구 감천동 294-17,35.0826798,129.0091641,2021,건축물,051-220-4671,부산광역시 사하구청,2026-02-27
감천동357,1,부산광역시 사하구 감천로178번길 17,부산광역시 사하구 감천동 267-3,35.083093,129.0086932119,2021,건축물,051-220-4671,부산광역시 사하구청,2026-02-27
감천동358,1,부산광역시 사하구 감천로178번길 17,부산광역시 사하구 감천동 267-3,35.083093,129.0086932119,2021,전용주,051-220-4671,부산광역시 사하구청,2026-02-27
감천동359,1,부산광역시 사하구 감천로178번길 6,부산광역시 사하구 감천동 197-1,35.0836950873,129.0086971675,2021,건축물,051-220-4671,부산광역시 사하구청,2026-02-27
감천동360,1,부산광역시 사하구 감천로178번길 2,부산광역시 사하구 감천동 197-15,35.0838677,129.0087218,2021,전용주,051-220-4671,부산광역시 사하구청,2026-02-27
감천동361,1,부산광역시 사하구 감천로178번길 6-3,부산광역시 사하구 감천동 197-7,35.0836363,129.0085407,2021,한전주,051-220-4671,부산광역시 사하구청,2026-02-27
감천동362,1,부산광역시 사하구 감천로168번길 13-7,부산광역시 사하구 감천동 196-4,35.083827,129.0084577,2021,건축물,051-220-4671,부산광역시 사하구청,2026-02-27
감천동363,1,부산광역시 사하구 감천로168번길 21-1,부산광역시 사하구 감천동 196-9,35.0837569,129.0083354,2021,건축물,051-220-4671,부산광역시 사하구청,2026-02-27
감천동364,1,부산광역시 사하구 감천로168번길 22,부산광역시 사하구 감천동 194-1,35.0837997133,129.0078764,2021,한전주,051-220-4671,부산광역시 사하구청,2026-02-27
감천동365,1,부산광역시 사하구 감천로168번길 14,부산광역시 사하구 감천동 189,35.084097884,129.0079716,2021,건축물,051-220-4671,부산광역시 사하구청,2026-02-27
감천동366,1,부산광역시 사하구 감천로168번길 13-4,부산광역시 사하구 감천동 196-6,35.0839576,129.0081868,2021,건축물,051-220-4671,부산광역시 사하구청,2026-02-27
감천동367,1,부산광역시 사하구 감천로168번길 11-1,부산광역시 사하구 감천동 177-2,35.0842354,129.0082813,2021,한전주,051-220-4671,부산광역시 사하구청,2026-02-27
감천동368,1,부산광역시 사하구 감천로168번길 5-3,부산광역시 사하구 감천동 176,35.0842931818,129.008360,2021,건축물,051-220-4671,부산광역시 사하구청,2026-02-27
감천동369,1,부산광역시 사하구 감천로168번길 8,부산광역시 사하구 감천동 170,35.0843668,129.0079666,2021,건축물,051-220-4671,부산광역시 사하구청,2026-02-27
감천동370,1,부산광역시 사하구 감천로168번길 7,부산광역시 사하구 감천동 171-2,35.0843194,129.0080920599,2021,건축물,051-220-4671,부산광역시 사하구청,2026-02-27
감천동371,1,부산광역시 사하구 원양로398번길 77,부산광역시 사하구 감천동 200-11,35.0830651,129.0082088,2021,한전주,051-220-4671,부산광역시 사하구청,2026-02-27
감천동372,1,부산광역시 사하구 원양로398번길 69,부산광역시 사하구 감천동 201-4,35.0833559,129.0080624,2021,한전주,051-220-4671,부산광역시 사하구청,2026-02-27
감천동373,1,부산광역시 사하구 원양로398번길 67-5,부산광역시 사하구 감천동 201-1,35.0835872,129.0082435,2021,건축물,051-220-4671,부산광역시 사하구청,2026-02-27
감천동374,1,부산광역시 사하구 원양로398번길 61,부산광역시 사하구 감천동 201-10,35.0836238449,129.0077753898,2021,한전주,051-220-4671,부산광역시 사하구청,2026-02-27
감천동375,1,부산광역시 사하구 원양로398번길 57,부산광역시 사하구 감천동 194-5,35.0837321,129.007655,2021,한전주,051-220-4671,부산광역시 사하구청,2026-02-27
감천동376,1,부산광역시 사하구 감천로168번길 6,부산광역시 사하구 감천동 169,35.0844788795,129.0080576,2021,한전주,051-220-4671,부산광역시 사하구청,2026-02-27
감천동377,1,부산광역시 사하구 감천로168번길 8,부산광역시 사하구 감천동 170,35.0843668,129.0079666,2021,한전주,051-220-4671,부산광역시 사하구청,2026-02-27
감천동378,1,부산광역시 사하구 감천로168번길 4,부산광역시 사하구 감천동 164,35.0846477,129.0078748,2021,건축물,051-220-4671,부산광역시 사하구청,2026-02-27
감천동379,1,부산광역시 사하구 감천로168번길 8-3,부산광역시 사하구 감천동 190-9,35.0842893,129.0077454,2021,건축물,051-220-4671,부산광역시 사하구청,2026-02-27
감천동380,1,부산광역시 사하구 감천로158번길 16,부산광역시 사하구 감천동 159,35.0845881,129.0076651,2021,건축물,051-220-4671,부산광역시 사하구청,2026-02-27
감천동381,1,부산광역시 사하구 감천로158번길 10,부산광역시 사하구 감천동 123,35.0848347,129.0074628,2021,건축물,051-220-4671,부산광역시 사하구청,2026-02-27
감천동382,1,부산광역시 사하구 감천로158번길 6,부산광역시 사하구 감천동 105-2,35.0849902366,129.0074343,2021,한전주,051-220-4671,부산광역시 사하구청,2026-02-27
감천동383,1,부산광역시 사하구 감천로142번길 25-1,부산광역시 사하구 감천동 72-2,35.0854217429,129.0071843,2021,건축물,051-220-4671,부산광역시 사하구청,2026-02-27
감천동384,1,부산광역시 사하구 감천로158번길 24,부산광역시 사하구 감천동 156,35.0844849,129.0073665,2021,한전주,051-220-4671,부산광역시 사하구청,2026-02-27
감천동385,1,부산광역시 사하구 감천로158번길 25,부산광역시 사하구 감천동 153,35.0843876545,129.0073867,2021,건축물,051-220-4671,부산광역시 사하구청,2026-02-27
감천동386,1,부산광역시 사하구 감천로158번길 34,부산광역시 사하구 감천동 191-6,35.0840611,129.0073781,2021,건축물,051-220-4671,부산광역시 사하구청,2026-02-27
감천동387,1,부산광역시 사하구 감천로158번길 42,부산광역시 사하구 감천동 191-1,35.0840984,129.0078504,2021,건축물,051-220-4671,부산광역시 사하구청,2026-02-27
감천동388,1,부산광역시 사하구 원양로398번길 45-2,부산광역시 사하구 감천동 130,35.0844447,129.0070695,2021,건축물,051-220-4671,부산광역시 사하구청,2026-02-27
감천동389,1,부산광역시 사하구 원양로398번길 33,부산광역시 사하구 감천동 131-1,35.0845934,129.0067991,2021,건축물,051-220-4671,부산광역시 사하구청,2026-02-27
감천동390,1,부산광역시 사하구 원양로398번길 31-3,부산광역시 사하구 감천동 127,35.0846984,129.006988,2021,건축물,051-220-4671,부산광역시 사하구청,2026-02-27
감천동391,1,부산광역시 사하구 원양로398번길 47,부산광역시 사하구 감천동 145-1,35.0840912,129.0071924,2021,한전주,051-220-4671,부산광역시 사하구청,2026-02-27
감천동392,1,부산광역시 사하구 원양로398번길 45,부산광역시 사하구 감천동 146,35.0841818612,129.0071403,2021,한전주,051-220-4671,부산광역시 사하구청,2026-02-27
감천동393,1,,부산광역시 사하구 감천동 840,35.0845925,129.0062636672,2021,한전주,051-220-4671,부산광역시 사하구청,2026-02-27
감천동394,1,부산광역시 사하구 원양로398번길 41,부산광역시 사하구 감천동 131-3,35.0842368882,129.0069772717,2021,한전주,051-220-4671,부산광역시 사하구청,2026-02-27
감천동395,1,부산광역시 사하구 원양로398번길 31,부산광역시 사하구 감천동 92-1,35.0847121,129.0067033,2021,한전주,051-220-4671,부산광역시 사하구청,2026-02-27
감천동396,1,부산광역시 사하구 원양로 378-2,부산광역시 사하구 감천동 132,35.0845558,129.0063487,2021,건축물,051-220-4671,부산광역시 사하구청,2026-02-27
감천동397,1,부산광역시 사하구 원양로398번길 21,부산광역시 사하구 감천동 99,35.0850193,129.006656,2021,한전주,051-220-4671,부산광역시 사하구청,2026-02-27
감천동398,1,부산광역시 사하구 감천로142번길 27,부산광역시 사하구 감천동 104-1,35.0851535108,129.0070133,2021,건축물,051-220-4671,부산광역시 사하구청,2026-02-27
감천동399,1,부산광역시 사하구 감천로 150-3,부산광역시 사하구 감천동 72-3,35.0854646,129.0069739,2021,한전주,051-220-4671,부산광역시 사하구청,2026-02-27
감천동400,1,부산광역시 사하구 감천로 152,부산광역시 사하구 감천동 72-2,35.0855513,129.0071843,2021,건축물,051-220-4671,부산광역시 사하구청,2026-02-27
감천동401,1,부산광역시 사하구 감천로142번길 21,부산광역시 사하구 감천동 82-2,35.0855203,129.0068766,2021,건축물,051-220-4671,부산광역시 사하구청,2026-02-27
감천동402,1,부산광역시 사하구 감천로142번길 16,부산광역시 사하구 감천동 85-1,35.0854438,129.0065901361,2021,건축물,051-220-4671,부산광역시 사하구청,2026-02-27
감천동403,1,부산광역시 사하구 감천로142번길 15,부산광역시 사하구 감천동 83-5,35.0855890415,129.0066377,2021,건축물,051-220-4671,부산광역시 사하구청,2026-02-27
감천동404,1,부산광역시 사하구 감천로 146,부산광역시 사하구 감천동 75-2,35.0858915,129.0067761,2021,한전주,051-220-4671,부산광역시 사하구청,2026-02-27
감천동405,1,부산광역시 사하구 감천로142번길 10,부산광역시 사하구 감천동 76-1,35.08598058,129.0063950804,2021,한전주,051-220-4671,부산광역시 사하구청,2026-02-27
감천동406,1,부산광역시 사하구 원양로398번길 18,부산광역시 사하구 감천동 89-2,35.0851762662,129.0064522,2021,건축물,051-220-4671,부산광역시 사하구청,2026-02-27
감천동407,1,부산광역시 사하구 원양로 384-3,부산광역시 사하구 감천동 389,35.0851377,129.006034,2021,건축물,051-220-4671,부산광역시 사하구청,2026-02-27
감천동408,1,부산광역시 사하구 원양로398번길 11,부산광역시 사하구 감천동 86-1,35.0854013,129.0064461,2021,전용주,051-220-4671,부산광역시 사하구청,2026-02-27
감천동409,1,부산광역시 사하구 원양로398번길 8,부산광역시 사하구 감천동 393-2,35.0855699,129.0060556,2021,건축물,051-220-4671,부산광역시 사하구청,2026-02-27
감천동410,1,부산광역시 사하구 원양로398번길 3,부산광역시 사하구 감천동 77,35.085805103,129.0061946448,2021,한전주,051-220-4671,부산광역시 사하구청,2026-02-27
감천동411,1,부산광역시 사하구 원양로 402,부산광역시 사하구 감천동 400-2,35.0863627,129.0055268,2021,건축물,051-220-4671,부산광역시 사하구청,2026-02-27
감천동412,1,부산광역시 사하구 감천로 130,부산광역시 사하구 감천동 455-14,35.0869308,129.0054961897,2021,전용주,051-220-4671,부산광역시 사하구청,2026-02-27
감천동413,1,부산광역시 사하구 원양로 406,부산광역시 사하구 감천동 457-1,35.0866899,129.0053594,2021,전용주,051-220-4671,부산광역시 사하구청,2026-02-27
감천동414,1,부산광역시 사하구 감천로 211-2,부산광역시 사하구 감천동 296-25,35.0821756,129.0112947612,2021,건축물,051-220-4671,부산광역시 사하구청,2026-02-27
감천동415,1,부산광역시 사하구 감천로 189-4,부산광역시 사하구 감천동 182-29,35.0829649,129.0098927545,2021,건축물,051-220-4671,부산광역시 사하구청,2026-02-27
감천동416,1,부산광역시 사하구 감천로157번길 35,부산광역시 사하구 감천동 52-2,35.0847632258,129.0096288252,2021,한전주,051-220-4671,부산광역시 사하구청,2026-02-27
감천동417,1,부산광역시 사하구 천해로80번길 33,부산광역시 사하구 감천동 181-22,35.0841686752,129.0118153295,2021,한전주,051-220-4671,부산광역시 사하구청,2026-02-27
감천동418,1,부산광역시 사하구 천해로80번길 48-1,부산광역시 사하구 감천동 산141-2,35.0844879,129.0120132265,2021,한전주,051-220-4671,부산광역시 사하구청,2026-02-27
감천동419,1,부산광역시 사하구 천해로80번길 55,부산광역시 사하구 감천동 산141-2,35.0845721219,129.0117834691,2021,전용주,051-220-4671,부산광역시 사하구청,2026-02-27
감천동420,1,부산광역시 사하구 천해로80번길 24,부산광역시 사하구 감천동 181-23,35.0841930712,129.011526,2021,한전주,051-220-4671,부산광역시 사하구청,2026-02-27
감천동421,1,부산광역시 사하구 천해로80번길 24,부산광역시 사하구 감천동 181-23,35.0841930712,129.011526,2021,건축물,051-220-4671,부산광역시 사하구청,2026-02-27
감천동422,1,부산광역시 사하구 천해로80번길 19,부산광역시 사하구 감천동 181-5,35.0843427741,129.0114683426,2021,건축물,051-220-4671,부산광역시 사하구청,2026-02-27
감천동423,1,부산광역시 사하구 천해로80번길 10,부산광역시 사하구 감천동 181-5,35.0842499133,129.0112860453,2021,건축물,051-220-4671,부산광역시 사하구청,2026-02-27
감천동424,1,부산광역시 사하구 천해로80번길 9,부산광역시 사하구 감천동 52-12,35.084497809,129.0112165956,2021,건축물,051-220-4671,부산광역시 사하구청,2026-02-27
감천동425,1,부산광역시 사하구 천해로80번길 9-1,부산광역시 사하구 감천동 52-9,35.0846393,129.0110978,2021,전용주,051-220-4671,부산광역시 사하구청,2026-02-27
감천동426,1,부산광역시 사하구 천해로80번길 9-8,부산광역시 사하구 감천동 52-9,35.084831627,129.0112968219,2021,건축물,051-220-4671,부산광역시 사하구청,2026-02-27
감천동427,1,부산광역시 사하구 천해로80번길 11-7,부산광역시 사하구 감천동 52-9,35.0847799774,129.0113464234,2021,건축물,051-220-4671,부산광역시 사하구청,2026-02-27
감천동428,1,부산광역시 사하구 천해로80번길 11-5,부산광역시 사하구 감천동 산141-2,35.0847340639,129.0113979199,2021,건축물,051-220-4671,부산광역시 사하구청,2026-02-27
감천동429,1,부산광역시 사하구 천해로80번길 11-16,부산광역시 사하구 감천동 산141-2,35.0847588046,129.011834868,2021,전용주,051-220-4671,부산광역시 사하구청,2026-02-27
감천동430,1,부산광역시 사하구 천해로80번길 57-1,부산광역시 사하구 감천동 산141-2,35.0846172434,129.0119697478,2021,건축물,051-220-4671,부산광역시 사하구청,2026-02-27
감천동431,1,부산광역시 사하구 천해로80번길 11,부산광역시 사하구 감천동 52-9,35.0845751965,129.0113103684,2021,건축물,051-220-4671,부산광역시 사하구청,2026-02-27
감천동432,1,부산광역시 사하구 천해로80번길 11-1,부산광역시 사하구 감천동 52-9,35.0846393,129.0112667569,2021,전용주,051-220-4671,부산광역시 사하구청,2026-02-27
감천동433,1,부산광역시 사하구 천해로80번길 1,부산광역시 사하구 감천동 181-29,35.0842992508,129.0111229,2021,한전주,051-220-4671,부산광역시 사하구청,2026-02-27
감천동434,1,부산광역시 사하구 천해로80번길 9-3,부산광역시 사하구 감천동 52-9,35.0847319114,129.0108704213,2021,전용주,051-220-4671,부산광역시 사하구청,2026-02-27
감천동435,1,부산광역시 사하구 감천로139번가길 42,부산광역시 사하구 감천동 산147-1,35.0870351,129.0089952436,2021,한전주,051-220-4671,부산광역시 사하구청,2026-02-27
감천동436,1,부산광역시 사하구 감천로139번가길 42,부산광역시 사하구 감천동 산147-1,35.0870351,129.0089952436,2021,건축물,051-220-4671,부산광역시 사하구청,2026-02-27
감천동437,1,부산광역시 사하구 감천로139번가길 41,부산광역시 사하구 감천동 28-2,35.0872224,129.009122,2021,건축물,051-220-4671,부산광역시 사하구청,2026-02-27
감천동438,1,부산광역시 사하구 감천로 175-3,부산광역시 사하구 감천동 53-21,35.0845356,129.0091986,2021,건축물,051-220-4671,부산광역시 사하구청,2026-02-27
감천동439,1,부산광역시 사하구 감천로 169-1,부산광역시 사하구 감천동 53-9,35.0847207,129.0088724388,2021,건축물,051-220-4671,부산광역시 사하구청,2026-02-27
감천동440,1,부산광역시 사하구 감천로 169-4,부산광역시 사하구 감천동 53-5,35.0847336,129.0092144,2021,건축물,051-220-4671,부산광역시 사하구청,2026-02-27
감천동441,1,부산광역시 사하구 감천로 169-3,부산광역시 사하구 감천동 53-15,35.0848724,129.0089986,2021,건축물,051-220-4671,부산광역시 사하구청,2026-02-27
감천동442,1,부산광역시 사하구 감천로 165,부산광역시 사하구 감천동 55-7,35.0848909945,129.0085611,2021,건축물,051-220-4671,부산광역시 사하구청,2026-02-27
감천동443,1,부산광역시 사하구 감천로 167-4,부산광역시 사하구 감천동 53-14,35.0849645,129.0088802,2021,건축물,051-220-4671,부산광역시 사하구청,2026-02-27
감천동444,1,부산광역시 사하구 감천로 165,부산광역시 사하구 감천동 55-7,35.0848909945,129.0085611,2021,건축물,051-220-4671,부산광역시 사하구청,2026-02-27
감천동445,1,부산광역시 사하구 감천로157번길 2,부산광역시 사하구 감천동 57-1,35.0853310765,129.0080617246,2021,한전주,051-220-4671,부산광역시 사하구청,2026-02-27
감천동446,1,부산광역시 사하구 감천로157번길 9,부산광역시 사하구 감천동 49-16,35.0853821361,129.0084415,2021,한전주,051-220-4671,부산광역시 사하구청,2026-02-27
감천동447,1,부산광역시 사하구 감천로157번길 7-7,부산광역시 사하구 감천동 49-44,35.085672,129.008587596,2021,한전주,051-220-4671,부산광역시 사하구청,2026-02-27
감천동448,1,부산광역시 사하구 감천로157번길 7-6,부산광역시 사하구 감천동 49-28,35.0853264,129.0087904,2021,건축물,051-220-4671,부산광역시 사하구청,2026-02-27
감천동449,1,부산광역시 사하구 감천로157번길 7-10,부산광역시 사하구 감천동 49-38,35.0854889,129.0087725,2021,건축물,051-220-4671,부산광역시 사하구청,2026-02-27
감천동450,1,부산광역시 사하구 감천로157번길 7-22,부산광역시 사하구 감천동 49-11,35.0857565,129.0089435,2021,건축물,051-220-4671,부산광역시 사하구청,2026-02-27
감천동451,1,부산광역시 사하구 감천로157번길 7-27,부산광역시 사하구 감천동 산138-1,35.0860625,129.008962,2021,한전주,051-220-4671,부산광역시 사하구청,2026-02-27
감천동452,1,부산광역시 사하구 감천로157번길 19,부산광역시 사하구 감천동 53,35.0850331,129.0090902,2021,건축물,051-220-4671,부산광역시 사하구청,2026-02-27
감천동453,1,부산광역시 사하구 감천로157번길 19,부산광역시 사하구 감천동 53,35.0850331,129.0090902,2021,건축물,051-220-4671,부산광역시 사하구청,2026-02-27
감천동454,1,부산광역시 사하구 감천로157번길 1-8,부산광역시 사하구 감천동 59-6,35.085878096,129.0081468,2021,건축물,051-220-4671,부산광역시 사하구청,2026-02-27
감천동455,1,부산광역시 사하구 감천로157번길 1-7,부산광역시 사하구 감천동 59-12,35.0858802,129.007989987,2021,건축물,051-220-4671,부산광역시 사하구청,2026-02-27
감천동456,1,부산광역시 사하구 감천로157번길 1-12,부산광역시 사하구 감천동 59-5,35.0860216,129.0081716,2021,건축물,051-220-4671,부산광역시 사하구청,2026-02-27
감천동457,1,부산광역시 사하구 감천로151번길 14,부산광역시 사하구 감천동 59,35.0860968767,129.0080033175,2021,한전주,051-220-4671,부산광역시 사하구청,2026-02-27
감천동458,1,부산광역시 사하구 감천로157번길 1-14,부산광역시 사하구 감천동 59-4,35.0861479,129.0081637,2021,전용주,051-220-4671,부산광역시 사하구청,2026-02-27
감천동459,1,부산광역시 사하구 감천로157번길 1-18,부산광역시 사하구 감천동 산147-9,35.0860881059,129.008382,2021,건축물,051-220-4671,부산광역시 사하구청,2026-02-27
감천동460,1,부산광역시 사하구 감천로 151-2,부산광역시 사하구 감천동 67-5,35.0858296,129.0077941,2021,건축물,051-220-4671,부산광역시 사하구청,2026-02-27
감천동461,1,부산광역시 사하구 감천로67번길 22,부산광역시 사하구 감천동 644-10,35.0907728,128.9993194,2024,,051-220-4671,부산광역시 사하구청,2026-02-27
감천동462,1,부산광역시 사하구 감천로151번길 8,부산광역시 사하구 감천동 67-1,35.0860286,129.0077442,2021,건축물,051-220-4671,부산광역시 사하구청,2026-02-27
감천동463,1,부산광역시 사하구 감천로151번길 10,부산광역시 사하구 감천동 59-9,35.0860711,129.0078987,2021,건축물,051-220-4671,부산광역시 사하구청,2026-02-27
감천동464,1,부산광역시 사하구 감천로151번길 15,부산광역시 사하구 감천동 60,35.0864506,129.0078422,2021,한전주,051-220-4671,부산광역시 사하구청,2026-02-27
감천동465,1,부산광역시 사하구 감천로151번길 15,부산광역시 사하구 감천동 60,35.0864257672,129.0078316885,2021,건축물,051-220-4671,부산광역시 사하구청,2026-02-27
감천동466,1,부산광역시 사하구 감천로151번길 24-5,부산광역시 사하구 감천동 47-21,35.0863321,129.0084643,2021,한전주,051-220-4671,부산광역시 사하구청,2026-02-27
감천동467,1,부산광역시 사하구 감천로139번가길 22,부산광역시 사하구 감천동 46-27,35.0867995,129.0079933,2021,한전주,051-220-4671,부산광역시 사하구청,2026-02-27
감천동468,1,부산광역시 사하구 감천로139번가길 20,부산광역시 사하구 감천동 46,35.0867568,129.0078497,2021,건축물,051-220-4671,부산광역시 사하구청,2026-02-27
감천동469,1,부산광역시 사하구 감천로139번가길 32,부산광역시 사하구 감천동 산147-20,35.0868774551,129.0084453,2021,한전주,051-220-4671,부산광역시 사하구청,2026-02-27
감천동470,1,부산광역시 사하구 천해로 121,부산광역시 사하구 감천동 28-37,35.0872373234,129.0085362662,2021,한전주,051-220-4671,부산광역시 사하구청,2026-02-27
감천동471,1,부산광역시 사하구 감천로139번가길 30,부산광역시 사하구 감천동 산147-24,35.0868739,129.0083869729,2021,전용주,051-220-4671,부산광역시 사하구청,2026-02-27
감천동472,1,부산광역시 사하구 감천로 138,부산광역시 사하구 감천동 397-1,35.0864893,129.0060452,2021,한전주,051-220-4671,부산광역시 사하구청,2026-02-27
감천동473,1,부산광역시 사하구 감천로139번가길 27,부산광역시 사하구 감천동 28-35,35.0870478,129.0082406,2021,한전주,051-220-4671,부산광역시 사하구청,2026-02-27
감천동474,1,부산광역시 사하구 감천로139번가길 27-2,부산광역시 사하구 감천동 28-34,35.087189,129.0084195,2021,건축물,051-220-4671,부산광역시 사하구청,2026-02-27
감천동475,1,부산광역시 사하구 감천로139번가길 23,부산광역시 사하구 감천동 28-18,35.0869707,129.0079975,2021,건축물,051-220-4671,부산광역시 사하구청,2026-02-27
감천동476,1,부산광역시 사하구 감천로139번가길 21,부산광역시 사하구 감천동 28-25,35.0869457,129.0078763,2021,건축물,051-220-4671,부산광역시 사하구청,2026-02-27
감천동477,1,부산광역시 사하구 감천로139번가길 24,부산광역시 사하구 감천동 산 147-8,35.086824482,129.0080745499,2021,한전주,051-220-4671,부산광역시 사하구청,2026-02-27
감천동478,1,부산광역시 사하구 감천로139번가길 20-2,부산광역시 사하구 감천동 46-18,35.0866585,129.0077857469,2021,건축물,051-220-4671,부산광역시 사하구청,2026-02-27
감천동479,1,부산광역시 사하구 감천로139번가길 19,부산광역시 사하구 감천동 28-11,35.0869833,129.0077785,2021,건축물,051-220-4671,부산광역시 사하구청,2026-02-27
감천동480,1,부산광역시 사하구 감천로139번가길 21-2,부산광역시 사하구 감천동 28-24,35.0871626,129.0078378,2021,건축물,051-220-4671,부산광역시 사하구청,2026-02-27
감천동481,1,부산광역시 사하구 감천로139번가길 18,부산광역시 사하구 감천동 46-5,35.0867241,129.0076516,2021,전용주,051-220-4671,부산광역시 사하구청,2026-02-27
감천동482,1,부산광역시 사하구 감천로139번가길 9,부산광역시 사하구 감천동 35-32,35.0868927433,129.0071848,2021,한전주,051-220-4671,부산광역시 사하구청,2026-02-27
감천동483,1,부산광역시 사하구 감천로139번가길 11-1,부산광역시 사하구 감천동 35-23,35.0870371,129.0072536,2021,건축물,051-220-4671,부산광역시 사하구청,2026-02-27
감천동484,1,부산광역시 사하구 감천로139번가길 13,부산광역시 사하구 감천동 35-39,35.0868806652,129.0074697,2021,건축물,051-220-4671,부산광역시 사하구청,2026-02-27
감천동485,1,부산광역시 사하구 감천로139번가길 12-1,부산광역시 사하구 감천동 46-13,35.0866831672,129.0074648,2021,건축물,051-220-4671,부산광역시 사하구청,2026-02-27
감천동486,1,부산광역시 사하구 감천로139번가길 6,부산광역시 사하구 감천동 44-2,35.0866912363,129.0070265,2021,건축물,051-220-4671,부산광역시 사하구청,2026-02-27
감천동487,1,부산광역시 사하구 감천로139번가길 8-6,부산광역시 사하구 감천동 45-3,35.0863878,129.0072816,2021,건축물,051-220-4671,부산광역시 사하구청,2026-02-27
감천동488,1,부산광역시 사하구 감천로139번가길 10,부산광역시 사하구 감천동 35-41,35.0867854,129.0072146,2021,전용주,051-220-4671,부산광역시 사하구청,2026-02-27
감천동489,1,부산광역시 사하구 감천로139번가길 2-2,부산광역시 사하구 감천동 44,35.0865276,129.0069999,2021,건축물,051-220-4671,부산광역시 사하구청,2026-02-27
감천동490,1,,부산광역시 사하구 감천동 838-31,35.0866044,129.0067168,2021,한전주,051-220-4671,부산광역시 사하구청,2026-02-27
감천동491,1,부산광역시 사하구 감천로139번가길 2-4,부산광역시 사하구 감천동 44-7,35.0863908,129.0070953,2021,건축물,051-220-4671,부산광역시 사하구청,2026-02-27
감천동492,1,부산광역시 사하구 감천로139번길 14,부산광역시 사하구 감천동 30-73,35.0872084448,129.0066615382,2021,한전주,051-220-4671,부산광역시 사하구청,2026-02-27
감천동493,1,부산광역시 사하구 감천로139번나길 17-1,부산광역시 사하구 감천동 29-40,35.0875784519,129.0074409152,2021,한전주,051-220-4671,부산광역시 사하구청,2026-02-27
감천동494,1,부산광역시 사하구 감천로139번길 20-2,부산광역시 사하구 감천동 30-70,35.0873973165,129.0069451,2021,한전주,051-220-4671,부산광역시 사하구청,2026-02-27
감천동495,1,부산광역시 사하구 감천로139번길 20-6,부산광역시 사하구 감천동 29-34,35.0876704,129.0070874192,2021,한전주,051-220-4671,부산광역시 사하구청,2026-02-27
감천동496,1,부산광역시 사하구 감천로139번길 30-9,부산광역시 사하구 감천동 29-37,35.0879678,129.0070892096,2021,건축물,051-220-4671,부산광역시 사하구청,2026-02-27
감천동497,1,부산광역시 사하구 감천로139번나길 13,부산광역시 사하구 감천동 29-23,35.0873974,129.0072624,2021,건축물,051-220-4671,부산광역시 사하구청,2026-02-27
감천동498,1,부산광역시 사하구 감천로139번가길 11-3,부산광역시 사하구 감천동 35-9,35.0871759,129.007575,2021,건축물,051-220-4671,부산광역시 사하구청,2026-02-27
감천동499,1,부산광역시 사하구 감천로139번나길 17-1,부산광역시 사하구 감천동 29-40,35.0875784519,129.0074538,2021,건축물,051-220-4671,부산광역시 사하구청,2026-02-27
감천동500,1,부산광역시 사하구 감천로139번나길 15,부산광역시 사하구 감천동 29-22,35.0874793945,129.0073747,2021,건축물,051-220-4671,부산광역시 사하구청,2026-02-27
감천동501,1,부산광역시 사하구 감천로139번나길 16,부산광역시 사하구 감천동 35-9,35.0872729764,129.0074775014,2021,한전주,051-220-4671,부산광역시 사하구청,2026-02-27
감천동502,1,부산광역시 사하구 감천로139번나길 19-2,부산광역시 사하구 감천동 29-17,35.087726,129.0075555,2021,건축물,051-220-4671,부산광역시 사하구청,2026-02-27
감천동503,1,부산광역시 사하구 감천로139번나길 23,부산광역시 사하구 감천동 29-45,35.0875861,129.0078372,2021,한전주,051-220-4671,부산광역시 사하구청,2026-02-27
감천동504,1,부산광역시 사하구 감천로139번다길 14-6,부산광역시 사하구 감천동 29-73,35.0879527916,129.0074470213,2021,전용주,051-220-4671,부산광역시 사하구청,2026-02-27
감천동505,1,부산광역시 사하구 감천로139번나길 21,부산광역시 사하구 감천동 29-52,35.0874984,129.0076925,2021,한전주,051-220-4671,부산광역시 사하구청,2026-02-27
감천동506,1,부산광역시 사하구 감천로139번나길 21-5,부산광역시 사하구 감천동 29-48,35.0876930105,129.007632,2021,건축물,051-220-4671,부산광역시 사하구청,2026-02-27
감천동507,1,부산광역시 사하구 감천로139번나길 27,부산광역시 사하구 감천동 28-5,35.087636,129.0080906,2021,한전주,051-220-4671,부산광역시 사하구청,2026-02-27
감천동508,1,부산광역시 사하구 감천로139번나길 27-1,부산광역시 사하구 감천동 28-43,35.0878798,129.0080636,2021,건축물,051-220-4671,부산광역시 사하구청,2026-02-27
감천동509,1,부산광역시 사하구 감천로139번나길 28,부산광역시 사하구 감천동 28-30,35.0874912,129.0081309,2021,한전주,051-220-4671,부산광역시 사하구청,2026-02-27
감천동510,1,부산광역시 사하구 감천로139번길 20,부산광역시 사하구 감천동 30-10,35.0875243,129.0066735,2021,한전주,051-220-4671,부산광역시 사하구청,2026-02-27
감천동511,1,부산광역시 사하구 감천로139번길 20,부산광역시 사하구 감천동 30-10,35.087518,129.0066656564,2021,한전주,051-220-4671,부산광역시 사하구청,2026-02-27
감천동512,1,부산광역시 사하구 감천로139번길 30,부산광역시 사하구 감천동 30-26,35.0878691,129.0065285,2021,한전주,051-220-4671,부산광역시 사하구청,2026-02-27
감천동513,1,부산광역시 사하구 감천로139번길 25-2,부산광역시 사하구 감천동 31-38,35.0876853764,129.0062943,2021,건축물,051-220-4671,부산광역시 사하구청,2026-02-27
감천동514,1,부산광역시 사하구 감천로139번길 30-5,부산광역시 사하구 감천동 30-29,35.0878991771,129.0068257,2021,건축물,051-220-4671,부산광역시 사하구청,2026-02-27
감천동515,1,부산광역시 사하구 감천로139번길 32,부산광역시 사하구 감천동 30-25,35.0879318,129.0065519,2021,건축물,051-220-4671,부산광역시 사하구청,2026-02-27
감천동516,1,부산광역시 사하구 감천로139번길 31-2,부산광역시 사하구 감천동 31-42,35.0879643,129.0062238,2021,건축물,051-220-4671,부산광역시 사하구청,2026-02-27
감천동517,1,부산광역시 사하구 감천로139번다길 4,부산광역시 사하구 감천동 30-28,35.087933453,129.0066719573,2021,한전주,051-220-4671,부산광역시 사하구청,2026-02-27
감천동518,1,부산광역시 사하구 감천로139번다길 7,부산광역시 사하구 감천동 30-9,35.0884314,129.0068602,2021,전용주,051-220-4671,부산광역시 사하구청,2026-02-27
감천동519,1,부산광역시 사하구 감천로139번다길 11-2,부산광역시 사하구 감천동 30-46,35.0884294,129.0069807,2021,건축물,051-220-4671,부산광역시 사하구청,2026-02-27
감천동520,1,부산광역시 사하구 감천로139번다길 12,부산광역시 사하구 감천동 29-31,35.0880575,129.0071251,2021,전용주,051-220-4671,부산광역시 사하구청,2026-02-27
감천동521,1,부산광역시 사하구 감천로139번다길 13,부산광역시 사하구 감천동 30-151,35.0882283,129.0071512,2021,건축물,051-220-4671,부산광역시 사하구청,2026-02-27
감천동522,1,부산광역시 사하구 감천로139번다길 15,부산광역시 사하구 감천동 30-45,35.0883733,129.0070899387,2021,건축물,051-220-4671,부산광역시 사하구청,2026-02-27
감천동523,1,부산광역시 사하구 감천로139번다길 14-1,부산광역시 사하구 감천동 29-66,35.0882243,129.0073923,2021,건축물,051-220-4671,부산광역시 사하구청,2026-02-27
감천동524,1,부산광역시 사하구 감천로139번다길 23,부산광역시 사하구 감천동 29-38,35.0885189647,129.0075364408,2021,건축물,051-220-4671,부산광역시 사하구청,2026-02-27
감천동525,1,부산광역시 사하구 감천로139번다길 23-5,부산광역시 사하구 감천동 30-6,35.0888527,129.0075393,2021,건축물,051-220-4671,부산광역시 사하구청,2026-02-27
감천동526,1,부산광역시 사하구 감천로139번라길 25-6,부산광역시 사하구 감천동 30-91,35.0887894719,129.0076809,2021,건축물,051-220-4671,부산광역시 사하구청,2026-02-27
감천동527,1,부산광역시 사하구 감천로139번라길 25-2,부산광역시 사하구 감천동 30-86,35.0890204,129.0077517,2021,건축물,051-220-4671,부산광역시 사하구청,2026-02-27
감천동528,1,부산광역시 사하구 감천로139번라길 23-1,부산광역시 사하구 감천동 20-11,35.0891750873,129.0077342,2021,건축물,051-220-4671,부산광역시 사하구청,2026-02-27
감천동529,1,부산광역시 사하구 감천로139번라길 19,부산광역시 사하구 감천동 20-45,35.0891965,129.007460,2021,건축물,051-220-4671,부산광역시 사하구청,2026-02-27
감천동530,1,부산광역시 사하구 감천로139번라길 21,부산광역시 사하구 감천동 20-46,35.089177816,129.0075369,2021,건축물,051-220-4671,부산광역시 사하구청,2026-02-27
감천동531,1,부산광역시 사하구 감천로139번라길 31,부산광역시 사하구 감천동 30-96,35.0889947301,129.0072364,2021,한전주,051-220-4671,부산광역시 사하구청,2026-02-27
감천동532,1,부산광역시 사하구 감천로139번라길 29,부산광역시 사하구 감천동 30-95,35.0889545,129.0073773,2021,전용주,051-220-4671,부산광역시 사하구청,2026-02-27
감천동533,1,부산광역시 사하구 감천로139번다길 25,부산광역시 사하구 감천동 29-39,35.0884286,129.0075727,2021,한전주,051-220-4671,부산광역시 사하구청,2026-02-27
감천동534,1,부산광역시 사하구 감천로139번길 37,부산광역시 사하구 감천동 31-31,35.0881969,129.0063282,2021,한전주,051-220-4671,부산광역시 사하구청,2026-02-27
감천동535,1,부산광역시 사하구 옥천로 10-3,부산광역시 사하구 감천동 25,35.0884807265,129.0061882668,2021,건축물,051-220-4671,부산광역시 사하구청,2026-02-27
감천동536,1,부산광역시 사하구 옥천로 10-1,부산광역시 사하구 감천동 472-1,35.0885262,129.0060292,2021,건축물,051-220-4671,부산광역시 사하구청,2026-02-27
감천동537,1,부산광역시 사하구 옥천로 10,부산광역시 사하구 감천동 476-3,35.0885252001,129.0057509,2021,한전주,051-220-4671,부산광역시 사하구청,2026-02-27
감천동538,1,부산광역시 사하구 감천로133번길 19,부산광역시 사하구 감천동 465-1,35.0876975182,129.0059765,2021,건축물,051-220-4671,부산광역시 사하구청,2026-02-27
감천동539,1,부산광역시 사하구 감천로133번길 26,부산광역시 사하구 감천동 31-50,35.0880724,129.0062264,2021,건축물,051-220-4671,부산광역시 사하구청,2026-02-27
감천동540,1,부산광역시 사하구 감천로133번길 14,부산광역시 사하구 감천동 31-21,35.0875875159,129.0060932576,2021,건축물,051-220-4671,부산광역시 사하구청,2026-02-27
감천동541,1,부산광역시 사하구 감천로133번길 10,부산광역시 사하구 감천동 31-20,35.0874867,129.0062231,2021,건축물,051-220-4671,부산광역시 사하구청,2026-02-27
감천동542,1,부산광역시 사하구 감천로133번길 6,부산광역시 사하구 감천동 31-23,35.087386,129.0063193,2021,건축물,051-220-4671,부산광역시 사하구청,2026-02-27
감천동543,1,부산광역시 사하구 감천로 127-6,부산광역시 사하구 감천동 463-10,35.0876456,129.0058761,2021,건축물,051-220-4671,부산광역시 사하구청,2026-02-27
감천동544,1,부산광역시 사하구 옥천로24번길 12-10,부산광역시 사하구 감천동 475-20,35.0886129,129.0059258884,2021,건축물,051-220-4671,부산광역시 사하구청,2026-02-27
감천동545,1,부산광역시 사하구 옥천로 14-7,부산광역시 사하구 감천동 475-38,35.0888595,129.0060374,2021,건축물,051-220-4671,부산광역시 사하구청,2026-02-27
감천동546,1,부산광역시 사하구 옥천로 14-7,부산광역시 사하구 감천동 475-38,35.0888595,129.0060374,2021,건축물,051-220-4671,부산광역시 사하구청,2026-02-27
감천동547,1,부산광역시 사하구 옥천로24번길 12,부산광역시 사하구 감천동 542-11,35.0890959,129.0059116,2021,건축물,051-220-4671,부산광역시 사하구청,2026-02-27
감천동548,1,부산광역시 사하구 옥천로24번길 10,부산광역시 사하구 감천동 542-10,35.0891885861,129.0058378,2021,건축물,051-220-4671,부산광역시 사하구청,2026-02-27
감천동549,1,부산광역시 사하구 옥천로24번길 8,부산광역시 사하구 감천동 542-9,35.0892871,129.0057957,2021,한전주,051-220-4671,부산광역시 사하구청,2026-02-27
감천동550,1,부산광역시 사하구 옥천로24번길 18,부산광역시 사하구 감천동 545-12,35.0891901,129.0061955217,2021,건축물,051-220-4671,부산광역시 사하구청,2026-02-27
감천동551,1,부산광역시 사하구 옥천로24번길 24,부산광역시 사하구 감천동 22-12,35.0894766,129.0063266,2021,건축물,051-220-4671,부산광역시 사하구청,2026-02-27
감천동552,1,부산광역시 사하구 옥천로24번길 32,부산광역시 사하구 감천동 22-6,35.0896644772,129.0066558,2021,한전주,051-220-4671,부산광역시 사하구청,2026-02-27
감천동553,1,부산광역시 사하구 감천로139번길 74-3,부산광역시 사하구 감천동 20-41,35.0895835,129.0069432,2021,건축물,051-220-4671,부산광역시 사하구청,2026-02-27
감천동554,1,부산광역시 사하구 감천로139번라길 6,부산광역시 사하구 감천동 20-128,35.0893309,129.0069589,2021,한전주,051-220-4671,부산광역시 사하구청,2026-02-27
감천동555,1,부산광역시 사하구 감천로139번라길 10,부산광역시 사하구 감천동 20-132,35.0893379,129.0070797,2021,한전주,051-220-4671,부산광역시 사하구청,2026-02-27
감천동557,1,부산광역시 사하구 감천로139번라길 13,부산광역시 사하구 감천동 20-32,35.0893502,129.0074309,2021,건축물,051-220-4671,부산광역시 사하구청,2026-02-27
감천동558,1,부산광역시 사하구 감천로139번라길 13-1,부산광역시 사하구 감천동 20-144,35.0894399,129.007455,2021,한전주,051-220-4671,부산광역시 사하구청,2026-02-27
감천동559,1,부산광역시 사하구 감천로139번라길 12,부산광역시 사하구 감천동 20-133,35.0893358,129.0072112,2021,한전주,051-220-4671,부산광역시 사하구청,2026-02-27
감천동560,1,부산광역시 사하구 감천로139번라길 37,부산광역시 사하구 감천동 30-102,35.0890722598,129.0068123,2021,건축물,051-220-4671,부산광역시 사하구청,2026-02-27
감천동561,1,부산광역시 사하구 감천로139번라길 33,부산광역시 사하구 감천동 30-97,35.0890358,129.0071110766,2021,한전주,051-220-4671,부산광역시 사하구청,2026-02-27
감천동562,1,부산광역시 사하구 감천로139번길 48,부산광역시 사하구 감천동 30-1,35.0885914,129.0064475,2021,건축물,051-220-4671,부산광역시 사하구청,2026-02-27
감천동563,1,부산광역시 사하구 감천로139번길 50-7,부산광역시 사하구 감천동 30-136,35.088668,129.0067234,2021,건축물,051-220-4671,부산광역시 사하구청,2026-02-27
감천동564,1,부산광역시 사하구 감천로139번길 50-5,부산광역시 사하구 감천동 30-123,35.0887575,129.0067585,2021,한전주,051-220-4671,부산광역시 사하구청,2026-02-27
감천동565,1,부산광역시 사하구 감천로139번길 50,부산광역시 사하구 감천동 30-63,35.0887447,129.0064403,2021,건축물,051-220-4671,부산광역시 사하구청,2026-02-27
감천동566,1,부산광역시 사하구 감천로139번길 56,부산광역시 사하구 감천동 30-18,35.0888418444,129.00638339,2021,한전주,051-220-4671,부산광역시 사하구청,2026-02-27
감천동567,1,부산광역시 사하구 감천로139번길 59,부산광역시 사하구 감천동 22-17,35.0892225,129.006430,2021,한전주,051-220-4671,부산광역시 사하구청,2026-02-27
감천동568,1,,부산광역시 사하구 감천동 산119-3,35.0892479,129.0065293,2021,한전주,051-220-4671,부산광역시 사하구청,2026-02-27
감천동569,1,부산광역시 사하구 옥천로24번길 40,부산광역시 사하구 감천동 20-6,35.0897631,129.0070788979,2021,한전주,051-220-4671,부산광역시 사하구청,2026-02-27
감천동570,1,부산광역시 사하구 옥천로24번길 40,부산광역시 사하구 감천동 20-6,35.0897433,129.0070897,2021,건축물,051-220-4671,부산광역시 사하구청,2026-02-27
감천동571,1,부산광역시 사하구 옥천로24번길 42,부산광역시 사하구 감천동 20-76,35.0896869,129.0072308,2021,한전주,051-220-4671,부산광역시 사하구청,2026-02-27
감천동572,1,부산광역시 사하구 감천로117번길 61,부산광역시 사하구 감천동 532-4,35.0899981243,129.005090,2021,건축물,051-220-4671,부산광역시 사하구청,2026-02-27
감천동573,1,부산광역시 사하구 오작로8번길 62-1,부산광역시 사하구 감천동 567-1,35.0946371215,128.9963382252,2021,건축물,051-220-4671,부산광역시 사하구청,2026-02-27
감천동574,1,부산광역시 사하구 오작로8번길 62,부산광역시 사하구 감천동 567-1,35.0947598449,128.9961423178,2021,건축물,051-220-4671,부산광역시 사하구청,2026-02-27
감천동575,1,부산광역시 사하구 오작로8번길 62-5,부산광역시 사하구 감천동 567-1,35.0947812,128.9965224875,2021,건축물,051-220-4671,부산광역시 사하구청,2026-02-27
감천동576,1,부산광역시 사하구 사하로 74-1,부산광역시 사하구 감천동 803-10,35.0885425,128.9946602,2021,건축물,051-220-4671,부산광역시 사하구청,2026-02-27
감천동577,1,부산광역시 사하구 사하로 74-5,부산광역시 사하구 감천동 803-32,35.0883728,128.9951165,2021,한전주,051-220-4671,부산광역시 사하구청,2026-02-27
감천동578,1,,부산광역시 사하구 감천동 803-40,35.0881935689,128.9949090049,2021,한전주,051-220-4671,부산광역시 사하구청,2026-02-27
감천동579,1,부산광역시 사하구 감천로42번길 21-1,부산광역시 사하구 감천동 789-3,35.0891286457,128.9960096493,2021,한전주,051-220-4671,부산광역시 사하구청,2026-02-27
감천동580,1,부산광역시 사하구 사하로 80,부산광역시 사하구 감천동 789,35.0891291,128.9945930484,2021,한전주,051-220-4671,부산광역시 사하구청,2026-02-27
감천동581,1,부산광역시 사하구 을숙도대로 861,부산광역시 사하구 감천동 765-5,35.0877922,128.9975363,2021,건축물,051-220-4671,부산광역시 사하구청,2026-02-27
감천동582,1,부산광역시 사하구 을숙도대로 859-1,부산광역시 사하구 감천동 764-26,35.0877582,128.9974149,2021,건축물,051-220-4671,부산광역시 사하구청,2026-02-27
감천동583,1,부산광역시 사하구 을숙도대로 859-5,부산광역시 사하구 감천동 764-23,35.0880216,128.9972898,2021,건축물,051-220-4671,부산광역시 사하구청,2026-02-27
감천동584,1,부산광역시 사하구 을숙도대로 859-5,부산광역시 사하구 감천동 764-23,35.0880216,128.9972898,2021,건축물,051-220-4671,부산광역시 사하구청,2026-02-27
감천동585,1,부산광역시 사하구 을숙도대로 859-7,부산광역시 사하구 감천동 764-22,35.0881065,128.9969218215,2021,건축물,051-220-4671,부산광역시 사하구청,2026-02-27
감천동586,1,부산광역시 사하구 감천로117번길 11,부산광역시 사하구 감천동 480-2,35.0882873,129.0046749,2021,건축물,051-220-4671,부산광역시 사하구청,2026-02-27
감천동587,1,부산광역시 사하구 감천로117번길 17,부산광역시 사하구 감천동 480-5,35.0883693,129.004622,2021,건축물,051-220-4671,부산광역시 사하구청,2026-02-27
감천동588,1,부산광역시 사하구 감천로109번길 8,부산광역시 사하구 감천동 481-4,35.0880855,129.004341,2021,건축물,051-220-4671,부산광역시 사하구청,2026-02-27
감천동589,1,부산광역시 사하구 감천로117번길 4,부산광역시 사하구 감천동 479-3,35.0880457,129.0045703,2021,건축물,051-220-4671,부산광역시 사하구청,2026-02-27
감천동590,1,부산광역시 사하구 감천로83번길 27,부산광역시 사하구 감천동 500-50,35.0898414,129.0011496,2021,한전주,051-220-4671,부산광역시 사하구청,2026-02-27
감천동591,1,부산광역시 사하구 감천로210번길 30,부산광역시 사하구 감천동 316,35.0808842,129.0098436,2021,건축물,051-220-4671,부산광역시 사하구청,2026-02-27
감천동592,1,부산광역시 사하구 원양로356번길 122-6,부산광역시 사하구 감천동 313,35.0811512,129.0111328,2021,한전주,051-220-4671,부산광역시 사하구청,2026-02-27
감천동593,1,,부산광역시 사하구 감천동 764-2,35.0874011303,128.9972178996,2021,한전주,051-220-4671,부산광역시 사하구청,2026-02-27
감천동594,1,부산광역시 사하구 을숙도대로 855,부산광역시 사하구 감천동 764,35.0876609,128.9972900354,2021,한전주,051-220-4671,부산광역시 사하구청,2026-02-27
감천동595,1,부산광역시 사하구 감천로43번길 40,부산광역시 사하구 감천동 627-6,35.0925779,128.998598866,2021,건축물,051-220-4671,부산광역시 사하구청,2026-02-27
감천동596,1,,부산광역시 사하구 감천동 52-6,35.0847052223,129.0095857794,2022,전용주,051-220-4671,부산광역시 사하구청,2026-02-27
감천동597,1,부산광역시 사하구 감천로157번길 33,부산광역시 사하구 감천동 52,35.0848477,129.0094036,2022,한전주,051-220-4671,부산광역시 사하구청,2026-02-27
감천동598,1,부산광역시 사하구 암남공원로521번길 27,부산광역시 사하구 감천동 362-5,35.0798698349,129.0099589011,2022,건축물,051-220-4671,부산광역시 사하구청,2026-02-27
감천동599,1,부산광역시 사하구 사하로 101,부산광역시 사하구 감천동 828-31,35.0909994662,128.9934268,2021,건축물,051-220-4671,부산광역시 사하구청,2026-02-27
감천동600,1,부산광역시 사하구 감천로168번길 11-11,부산광역시 사하구 감천동 178-8,35.0840467,129.008792,2021,한전주,051-220-4671,부산광역시 사하구청,2026-02-27
감천동601,1,부산광역시 사하구 감천로168번길 11-12,부산광역시 사하구 감천동 184-11,35.0839516,129.0085484,2021,건축물,051-220-4671,부산광역시 사하구청,2026-02-27
감천동602,1,,부산광역시 사하구 감천동 840,35.0845925,129.0062636672,2021,건축물,051-220-4671,부산광역시 사하구청,2026-02-27
감천동603,1,부산광역시 사하구 사하로125번길 30-1,부산광역시 사하구 감천동 828-48,35.0917433,128.992918,2022,,051-220-4671,부산광역시 사하구청,2026-02-27
감천동604,1,부산광역시 사하구 감천로93번길 27,부산광역시 사하구 감천동 525-9,35.0895862895,129.0028871,2022,한전주,051-220-4671,부산광역시 사하구청,2026-02-27
감천동605,1,부산광역시 사하구 감천로 117번길 50,부산광역시 사하구 감천동 541-11,35.0896375,129.0052946162,2022,건축물,051-220-4671,부산광역시 사하구청,2026-02-27
감천동606,1,,부산광역시 사하구 감천동 838-15,35.0860614466,129.006509975,2022,건축물,051-220-4671,부산광역시 사하구청,2026-02-27
감천동607,1,,부산광역시 사하구 감천동 90-2,35.0849662,129.0065999,2022,,051-220-4671,부산광역시 사하구청,2026-02-27
감천동608,1,부산광역시 사하구 감천로89번길 41,부산광역시 사하구 감천동 500-121,35.0901757876,129.0017943,2023,건축물,051-220-4671,부산광역시 사하구청,2026-02-27
감천동609,1,부산광역시 사하구 원양로398번길 32,부산광역시 사하구 감천동 131-7,35.0845864,129.0066783,2022,건축물,051-220-4671,부산광역시 사하구청,2026-02-27
감천동610,1,,부산광역시 사하구 감천동 867,35.0896641453,129.0065333607,2022,한전주,051-220-4671,부산광역시 사하구청,2026-02-27
감천동611,1,부산광역시 사하구 사하로 80,부산광역시 사하구 감천동 789,35.0891291,128.9945930484,2023,,051-220-4671,부산광역시 사하구청,2026-02-27
감천동612,1,부산광역시 사하구 사하로 80,부산광역시 사하구 감천동 789,35.0891291,128.9945930484,2023,,051-220-4671,부산광역시 사하구청,2026-02-27
감천동613,1,부산광역시 사하구 감천로178번길 12,부산광역시 사하구 감천동 198-1,35.083456,129.0085473,2023,,051-220-4671,부산광역시 사하구청,2026-02-27
감천동614,1,부산광역시 사하구 감천로3번길 7,부산광역시 사하구 감천동 824-29,35.0926542,128.9939708,2023,,051-220-4671,부산광역시 사하구청,2026-02-27
감천동615,1,,부산광역시 사하구 감천동 502-33,35.089178774,129.0020009063,2022,,051-220-4671,부산광역시 사하구청,2026-02-27
감천동616,1,,부산광역시 사하구 감천동 634-35,35.090491,129.0005624,2022,,051-220-4671,부산광역시 사하구청,2026-02-27
감천동617,1,부산광역시 사하구 감천로157번길 7-27,부산광역시 사하구 감천동 산 138-1,35.0860625,129.008962,2022,건축물,051-220-4671,부산광역시 사하구청,2026-02-27
감천동618,1,부산광역시 사하구 감천로210번길 1,부산광역시 사하구 감천동 309-3,35.0815045201,129.0108427158,2022,한전주,051-220-4671,부산광역시 사하구청,2026-02-27
감천동619,1,부산광역시 사하구 감천로168번길 13-3,부산광역시 사하구 감천동 196-3,35.0838947287,129.0083832,2024,건축물,051-220-4671,부산광역시 사하구청,2026-02-27
감천동620,1,부산광역시 사하구 암남공원로 510-3,부산광역시 사하구 감천동 359-15,35.0789766312,129.010119074,2024,전용주,051-220-4671,부산광역시 사하구청,2026-02-27
감천동621,1,부산광역시 사하구 감천로38번길 26,부산광역시 사하구 감천동 690-4,35.089993624,128.9979525,2023,,051-220-4671,부산광역시 사하구청,2026-02-27
감천동622,1,부산광역시 사하구 감천로43번길 19-19,부산광역시 사하구 감천동 618-2,35.092229,128.9973594,2023,,051-220-4671,부산광역시 사하구청,2026-02-27
감천동623,1,부산광역시 사하구 원양로398번길 128,부산광역시 사하구 감천동 306-4,35.0814751,129.0100774,2022,,051-220-4671,부산광역시 사하구청,2026-02-27
다대동1085,1,부산광역시 사하구 두송로144번길 74,부산광역시 사하구 다대동 산 9,35.0702247394,128.981529645,2024,,051-220-4671,부산광역시 사하구청,2026-02-27
장림동 81-4,1,부산광역시 사하구 두송로26번길 10,부산광역시 사하구 장림동 81-4,35.0784518,128.979088678,2024,,051-220-4671,부산광역시 사하구청,2026-02-27
괴정2-460,1,부산광역시 사하구 사리로18번길 27-2,부산광역시 사하구 괴정동 303-7,35.1020818279,129.0003744,2021,한전주,051-220-4671,부산광역시 사하구청,2026-02-27
괴정3-149,1,부산광역시 사하구 사하로198번길 24,부산광역시 사하구 괴정동 1015-5,35.099776,128.9948980743,2024,,051-220-4671,부산광역시 사하구청,2026-02-27
괴정동001,1,부산광역시 사하구 장평로 428,부산광역시 사하구 괴정동 555-8,35.0963940449,128.985729,2021,전용주,051-220-4671,부산광역시 사하구청,2026-02-27
괴정동002,1,부산광역시 사하구 사하로141번길 142,부산광역시 사하구 괴정동 555-21,35.0962265,128.9854958964,2021,건축물,051-220-4671,부산광역시 사하구청,2026-02-27
괴정동003,1,부산광역시 사하구 장평로420번길 13,부산광역시 사하구 괴정동 542-27,35.0959244,128.9852457,2021,건축물,051-220-4671,부산광역시 사하구청,2026-02-27
괴정동004,1,부산광역시 사하구 장평로420번길 13,부산광역시 사하구 괴정동 542-27,35.0959244,128.9852457,2021,한전주,051-220-4671,부산광역시 사하구청,2026-02-27
괴정동005,1,부산광역시 사하구 장평로420번길 25,부산광역시 사하구 괴정동 540-2,35.0952815667,128.9853293,2021,한전주,051-220-4671,부산광역시 사하구청,2026-02-27
괴정동006,1,부산광역시 사하구 장평로420번길 31,부산광역시 사하구 괴정동 647-1,35.0950951,128.9852585,2021,한전주,051-220-4671,부산광역시 사하구청,2026-02-27
괴정동007,1,부산광역시 사하구 장평로420번길 33,부산광역시 사하구 괴정동 647-7,35.0949708,128.9851458,2021,한전주,051-220-4671,부산광역시 사하구청,2026-02-27
괴정동008,1,부산광역시 사하구 장평로420번길 37,부산광역시 사하구 괴정동 647-2,35.0947998,128.9851307,2021,한전주,051-220-4671,부산광역시 사하구청,2026-02-27
괴정동009,1,부산광역시 사하구 장평로420번길 49,부산광역시 사하구 괴정동 647-3,35.0946438,128.9852846221,2021,한전주,051-220-4671,부산광역시 사하구청,2026-02-27
괴정동010,1,부산광역시 사하구 장평로420번길 54,부산광역시 사하구 괴정동 642-15,35.0943334,128.985547,2021,한전주,051-220-4671,부산광역시 사하구청,2026-02-27
괴정동011,1,부산광역시 사하구 괴정로232번길 59,부산광역시 사하구 괴정동 642-9,35.0943713,128.9859865,2021,건축물,051-220-4671,부산광역시 사하구청,2026-02-27
괴정동012,1,부산광역시 사하구 장평로420번길 58,부산광역시 사하구 괴정동 643-2,35.0941781,128.9856749,2021,한전주,051-220-4671,부산광역시 사하구청,2026-02-27
괴정동013,1,부산광역시 사하구 장평로420번길 64-3,부산광역시 사하구 괴정동 642-17,35.0940136735,128.9857124539,2021,한전주,051-220-4671,부산광역시 사하구청,2026-02-27
괴정동014,1,부산광역시 사하구 장평로420번길 46-5,부산광역시 사하구 괴정동 산 105-1,35.0941757,128.9852691,2021,한전주,051-220-4671,부산광역시 사하구청,2026-02-27
괴정동015,1,부산광역시 사하구 장평로420번길 46-3,부산광역시 사하구 괴정동 산105-1,35.0941837704,128.9850944,2021,한전주,051-220-4671,부산광역시 사하구청,2026-02-27
괴정동016,1,부산광역시 사하구 장평로420번길 46-3,부산광역시 사하구 괴정동 산105-1,35.0941837704,128.9850944,2021,한전주,051-220-4671,부산광역시 사하구청,2026-02-27
괴정동017,1,부산광역시 사하구 장평로420번길 64-20,부산광역시 사하구 괴정동 645-1,35.0936884399,128.9843698,2021,한전주,051-220-4671,부산광역시 사하구청,2026-02-27
괴정동018,1,부산광역시 사하구 장평로420번길 63,부산광역시 사하구 괴정동 639-19,35.0942994,128.9859738,2021,한전주,051-220-4671,부산광역시 사하구청,2026-02-27
괴정동019,1,부산광역시 사하구 장평로420번길 71,부산광역시 사하구 괴정동 639-11,35.0943639,128.9864359,2021,한전주,051-220-4671,부산광역시 사하구청,2026-02-27
괴정동020,1,부산광역시 사하구 장평로420번길 82,부산광역시 사하구 괴정동 619-19,35.0943926,128.9868862,2021,한전주,051-220-4671,부산광역시 사하구청,2026-02-27
괴정동021,1,부산광역시 사하구 장평로420번길 83,부산광역시 사하구 괴정동 639-5,35.0945353,128.9869773,2021,한전주,051-220-4671,부산광역시 사하구청,2026-02-27
괴정동022,1,부산광역시 사하구 괴정로244번길 54,부산광역시 사하구 괴정동 619-17,35.094371,128.9870944968,2021,한전주,051-220-4671,부산광역시 사하구청,2026-02-27
괴정동023,1,부산광역시 사하구 사하로141번나길 35-4,부산광역시 사하구 괴정동 614-9,35.0940572,128.9891943234,2021,건축물,051-220-4671,부산광역시 사하구청,2026-02-27
괴정동024,1,부산광역시 사하구 괴정로244번길 57,부산광역시 사하구 괴정동 619-16,35.0939278792,128.9869882992,2021,한전주,051-220-4671,부산광역시 사하구청,2026-02-27
괴정동025,1,부산광역시 사하구 괴정로260번길 64,부산광역시 사하구 괴정동 616-7,35.0941779,128.9884379,2021,한전주,051-220-4671,부산광역시 사하구청,2026-02-27
괴정동026,1,부산광역시 사하구 괴정로260번길 64-3,부산광역시 사하구 괴정동 616-9,35.0941872599,128.9882084,2021,한전주,051-220-4671,부산광역시 사하구청,2026-02-27
괴정동027,1,부산광역시 사하구 괴정로260번길 60,부산광역시 사하구 괴정동 621-1,35.0943933575,128.9884765,2021,건축물,051-220-4671,부산광역시 사하구청,2026-02-27
괴정동028,1,부산광역시 사하구 괴정로260번길 55,부산광역시 사하구 괴정동 498-19,35.0945215,128.9889177,2021,한전주,051-220-4671,부산광역시 사하구청,2026-02-27
괴정동029,1,부산광역시 사하구 괴정로260번길 50,부산광역시 사하구 괴정동 537-44,35.0948741,128.9888495,2021,한전주,051-220-4671,부산광역시 사하구청,2026-02-27
괴정동030,1,부산광역시 사하구 괴정로260번길 50,부산광역시 사하구 괴정동 537-44,35.0948741,128.9888495,2021,한전주,051-220-4671,부산광역시 사하구청,2026-02-27
괴정동031,1,부산광역시 사하구 사하로141번나길 70,부산광역시 사하구 괴정동 537-47,35.0949803,128.9884135,2021,한전주,051-220-4671,부산광역시 사하구청,2026-02-27
괴정동032,1,부산광역시 사하구 사하로141번나길 76,부산광역시 사하구 괴정동 537-23,35.0950675,128.9880429,2021,한전주,051-220-4671,부산광역시 사하구청,2026-02-27
괴정동033,1,부산광역시 사하구 괴정로244번길 47-7,부산광역시 사하구 괴정동 619-1,35.0944916937,128.9878211,2021,한전주,051-220-4671,부산광역시 사하구청,2026-02-27
괴정동034,1,부산광역시 사하구 괴정로244번길 46,부산광역시 사하구 괴정동 638-13,35.0945928,128.9873186,2021,한전주,051-220-4671,부산광역시 사하구청,2026-02-27
괴정동035,1,부산광역시 사하구 괴정로244번길 46,부산광역시 사하구 괴정동 638-13,35.0945746906,128.9873638,2021,한전주,051-220-4671,부산광역시 사하구청,2026-02-27
괴정동036,1,부산광역시 사하구 괴정로244번길 46-4,부산광역시 사하구 괴정동 640-5,35.0947943,128.9871152,2021,건축물,051-220-4671,부산광역시 사하구청,2026-02-27
괴정동037,1,부산광역시 사하구 괴정로244번길 32,부산광역시 사하구 괴정동 543-34,35.0952558,128.987554,2021,한전주,051-220-4671,부산광역시 사하구청,2026-02-27
괴정동038,1,부산광역시 사하구 사하로141번나길 90,부산광역시 사하구 괴정동 543-22,35.095223,128.9873558,2021,한전주,051-220-4671,부산광역시 사하구청,2026-02-27
괴정동039,1,부산광역시 사하구 사하로141번나길 94,부산광역시 사하구 괴정동 543-43,35.0952909,128.9870614,2021,한전주,051-220-4671,부산광역시 사하구청,2026-02-27
괴정동040,1,부산광역시 사하구 사하로141번나길 99-3,부산광역시 사하구 괴정동 641-16,35.0948713,128.986821,2021,건축물,051-220-4671,부산광역시 사하구청,2026-02-27
괴정동041,1,부산광역시 사하구 사하로141번나길 99-7,부산광역시 사하구 괴정동 640-15,35.0945963,128.9865512,2021,건축물,051-220-4671,부산광역시 사하구청,2026-02-27
괴정동042,1,부산광역시 사하구 괴정로232번길 41-8,부산광역시 사하구 괴정동 641-14,35.0946869,128.9865205,2021,건축물,051-220-4671,부산광역시 사하구청,2026-02-27
괴정동043,1,부산광역시 사하구 괴정로232번길 43,부산광역시 사하구 괴정동 641-6,35.094871,128.9862837,2021,한전주,051-220-4671,부산광역시 사하구청,2026-02-27
괴정동044,1,부산광역시 사하구 괴정로232번길 48,부산광역시 사하구 괴정동 649-5,35.0949213,128.985967,2021,한전주,051-220-4671,부산광역시 사하구청,2026-02-27
괴정동045,1,부산광역시 사하구 괴정로232번길 53,부산광역시 사하구 괴정동 642-2,35.0946581,128.9860812,2021,건축물,051-220-4671,부산광역시 사하구청,2026-02-27
괴정동046,1,부산광역시 사하구 괴정로232번길 53-3,부산광역시 사하구 괴정동 642-39,35.0945538,128.9863967,2021,건축물,051-220-4671,부산광역시 사하구청,2026-02-27
괴정동047,1,부산광역시 사하구 괴정로232번길 52,부산광역시 사하구 괴정동 647,35.0947935,128.9855143,2021,건축물,051-220-4671,부산광역시 사하구청,2026-02-27
괴정동048,1,부산광역시 사하구 괴정로232번길 50-3,부산광역시 사하구 괴정동 650-4,35.0949629,128.9856281,2021,한전주,051-220-4671,부산광역시 사하구청,2026-02-27
괴정동049,1,부산광역시 사하구 사하로141번나길 104,부산광역시 사하구 괴정동 543-36,35.0953701,128.9866248,2021,한전주,051-220-4671,부산광역시 사하구청,2026-02-27
괴정동050,1,부산광역시 사하구 괴정로232번길 33,부산광역시 사하구 괴정동 543-19,35.0953749713,128.9864501,2021,한전주,051-220-4671,부산광역시 사하구청,2026-02-27
괴정동051,1,부산광역시 사하구 사하로141번나길 116,부산광역시 사하구 괴정동 542-34,35.0954798,128.9859805,2021,한전주,051-220-4671,부산광역시 사하구청,2026-02-27
괴정동052,1,부산광역시 사하구 사하로141번나길 118,부산광역시 사하구 괴정동 542-21,35.0955358,128.9858613,2021,건축물,051-220-4671,부산광역시 사하구청,2026-02-27
괴정동053,1,부산광역시 사하구 사하로141번나길 120,부산광역시 사하구 괴정동 542-20,35.095574,128.9857306,2021,한전주,051-220-4671,부산광역시 사하구청,2026-02-27
괴정동054,1,부산광역시 사하구 사하로141번나길 121-3,부산광역시 사하구 괴정동 540-18,35.095197911,128.9856563,2021,건축물,051-220-4671,부산광역시 사하구청,2026-02-27
괴정동055,1,부산광역시 사하구 사하로141번나길 124-1,부산광역시 사하구 괴정동 542-3,35.0957585,128.9854719,2021,건축물,051-220-4671,부산광역시 사하구청,2026-02-27
괴정동056,1,부산광역시 사하구 괴정로232번길 25,부산광역시 사하구 괴정동 543-48,35.0956513,128.9864995813,2021,전용주,051-220-4671,부산광역시 사하구청,2026-02-27
괴정동057,1,부산광역시 사하구 괴정로232번길 20,부산광역시 사하구 괴정동 555-42,35.0959879228,128.986443,2021,건축물,051-220-4671,부산광역시 사하구청,2026-02-27
괴정동058,1,부산광역시 사하구 사하로141번길 130-4,부산광역시 사하구 괴정동 555-6,35.0963491,128.9862757,2021,한전주,051-220-4671,부산광역시 사하구청,2026-02-27
괴정동059,1,부산광역시 사하구 괴정로232번길 4,부산광역시 사하구 괴정동 555-48,35.0966228,128.9866223,2021,한전주,051-220-4671,부산광역시 사하구청,2026-02-27
괴정동060,1,부산광역시 사하구 괴정로 232,부산광역시 사하구 괴정동 555-31,35.0968734,128.986727,2021,한전주,051-220-4671,부산광역시 사하구청,2026-02-27
괴정동061,1,부산광역시 사하구 괴정로 232,부산광역시 사하구 괴정동 555-31,35.0968734,128.986727,2021,한전주,051-220-4671,부산광역시 사하구청,2026-02-27
괴정동062,1,부산광역시 사하구 괴정로232번길 11-4,부산광역시 사하구 괴정동 544-4,35.0961654,128.9870388,2021,한전주,051-220-4671,부산광역시 사하구청,2026-02-27
괴정동063,1,부산광역시 사하구 괴정로232번길 11-6,부산광역시 사하구 괴정동 544-9,35.0961533,128.9872249,2021,한전주,051-220-4671,부산광역시 사하구청,2026-02-27
괴정동064,1,부산광역시 사하구 괴정로244번길 12,부산광역시 사하구 괴정동 545-10,35.0961876,128.9878836,2021,한전주,051-220-4671,부산광역시 사하구청,2026-02-27
괴정동065,1,부산광역시 사하구 괴정로244번길 5,부산광역시 사하구 괴정동 535-27,35.0962824,128.9881491,2021,한전주,051-220-4671,부산광역시 사하구청,2026-02-27
괴정동066,1,부산광역시 사하구 괴정로 246,부산광역시 사하구 괴정동 535-1,35.0965598,128.9882655,2021,한전주,051-220-4671,부산광역시 사하구청,2026-02-27
괴정동067,1,부산광역시 사하구 괴정로 246,부산광역시 사하구 괴정동 535-1,35.0965598,128.9882655,2021,한전주,051-220-4671,부산광역시 사하구청,2026-02-27
괴정동068,1,부산광역시 사하구 괴정로 240-4,부산광역시 사하구 괴정동 545-13,35.096482731,128.9875515,2021,건축물,051-220-4671,부산광역시 사하구청,2026-02-27
괴정동069,1,부산광역시 사하구 괴정로 238-3,부산광역시 사하구 괴정동 545-22,35.0964751297,128.9874198,2021,건축물,051-220-4671,부산광역시 사하구청,2026-02-27
괴정동070,1,부산광역시 사하구 괴정로246번길 2,부산광역시 사하구 괴정동 535-3,35.0965288,128.9884927132,2021,한전주,051-220-4671,부산광역시 사하구청,2026-02-27
괴정동071,1,부산광역시 사하구 괴정로246번길 7,부산광역시 사하구 괴정동 534-29,35.0966308,128.9888812,2021,건축물,051-220-4671,부산광역시 사하구청,2026-02-27
괴정동072,1,부산광역시 사하구 괴정로246번길 11,부산광역시 사하구 괴정동 534-23,35.0965838,128.9889849987,2021,한전주,051-220-4671,부산광역시 사하구청,2026-02-27
괴정동073,1,부산광역시 사하구 괴정로246번길 16,부산광역시 사하구 괴정동 535-9,35.0963646,128.9891818,2021,건축물,051-220-4671,부산광역시 사하구청,2026-02-27
괴정동074,1,부산광역시 사하구 괴정로260번길 11,부산광역시 사하구 괴정동 530-38,35.096368,128.9895218,2021,건축물,051-220-4671,부산광역시 사하구청,2026-02-27
괴정동075,1,부산광역시 사하구 괴정로260번길 11,부산광역시 사하구 괴정동 530-38,35.0963432176,128.9895823,2021,건축물,051-220-4671,부산광역시 사하구청,2026-02-27
괴정동076,1,부산광역시 사하구 괴정로260번길 5-3,부산광역시 사하구 괴정동 530-30,35.0964839367,128.9899308,2021,건축물,051-220-4671,부산광역시 사하구청,2026-02-27
괴정동077,1,부산광역시 사하구 괴정로260번길 2,부산광역시 사하구 괴정동 534-13,35.0967298,128.9894428,2021,한전주,051-220-4671,부산광역시 사하구청,2026-02-27
괴정동078,1,부산광역시 사하구 괴정로 252,부산광역시 사하구 괴정동 534-28,35.0967561,128.9889391,2021,한전주,051-220-4671,부산광역시 사하구청,2026-02-27
괴정동079,1,부산광역시 사하구 괴정로 251,부산광역시 사하구 괴정동 532-7,35.0970748,128.9887385,2021,한전주,051-220-4671,부산광역시 사하구청,2026-02-27
괴정동080,1,부산광역시 사하구 괴정로260번길 16,부산광역시 사하구 괴정동 535-39,35.0962372,128.9892554,2021,건축물,051-220-4671,부산광역시 사하구청,2026-02-27
괴정동081,1,부산광역시 사하구 괴정로260번길 17-6,부산광역시 사하구 괴정동 530-71,35.0960302,128.9897877,2021,건축물,051-220-4671,부산광역시 사하구청,2026-02-27
괴정동082,1,부산광역시 사하구 괴정로260번길 11-7,부산광역시 사하구 괴정동 530-50,35.0963311,128.9901239,2021,건축물,051-220-4671,부산광역시 사하구청,2026-02-27
괴정동083,1,부산광역시 사하구 괴정로260번길 28,부산광역시 사하구 괴정동 536-26,35.0957533,128.9890902,2021,한전주,051-220-4671,부산광역시 사하구청,2026-02-27
괴정동084,1,부산광역시 사하구 괴정로260번길 28-6,부산광역시 사하구 괴정동 535-23,35.0960367,128.9888449,2021,한전주,051-220-4671,부산광역시 사하구청,2026-02-27
괴정동085,1,부산광역시 사하구 괴정로244번길 11-5,부산광역시 사하구 괴정동 535-5,35.0961952,128.9885198,2021,한전주,051-220-4671,부산광역시 사하구청,2026-02-27
괴정동086,1,부산광역시 사하구 괴정로244번길 11,부산광역시 사하구 괴정동 535-25,35.0960989177,128.9880684,2021,한전주,051-220-4671,부산광역시 사하구청,2026-02-27
괴정동087,1,부산광역시 사하구 괴정로244번길 13,부산광역시 사하구 괴정동 536-13,35.0959779,128.9880321,2021,한전주,051-220-4671,부산광역시 사하구청,2026-02-27
괴정동088,1,부산광역시 사하구 사하로141번길 105-1,부산광역시 사하구 괴정동 543-21,35.0954642,128.9874823,2021,건축물,051-220-4671,부산광역시 사하구청,2026-02-27
괴정동089,1,부산광역시 사하구 사하로141번길 89-2,부산광역시 사하구 괴정동 537-33,35.0953644,128.988072,2021,건축물,051-220-4671,부산광역시 사하구청,2026-02-27
괴정동090,1,부산광역시 사하구 사하로141번길 83-4,부산광역시 사하구 괴정동 537-29,35.0951799386,128.988392353,2021,건축물,051-220-4671,부산광역시 사하구청,2026-02-27
괴정동091,1,부산광역시 사하구 괴정로260번길 38,부산광역시 사하구 괴정동 537-12,35.095278,128.9889471,2021,한전주,051-220-4671,부산광역시 사하구청,2026-02-27
괴정동092,1,부산광역시 사하구 사하로141번길 67,부산광역시 사하구 괴정동 499-8,35.0951623,128.9893881793,2021,건축물,051-220-4671,부산광역시 사하구청,2026-02-27
괴정동093,1,부산광역시 사하구 사하로141번나길 56-1,부산광역시 사하구 괴정동 499-23,35.0949497,128.9891803,2021,건축물,051-220-4671,부산광역시 사하구청,2026-02-27
괴정동094,1,부산광역시 사하구 사하로141번길 59-2,부산광역시 사하구 괴정동 499-16,35.0949409,128.9897174,2021,건축물,051-220-4671,부산광역시 사하구청,2026-02-27
괴정동095,1,부산광역시 사하구 사하로141번길 51-4,부산광역시 사하구 괴정동 499-41,35.0948736,128.9899789,2021,한전주,051-220-4671,부산광역시 사하구청,2026-02-27
괴정동096,1,부산광역시 사하구 사하로141번나길 39,부산광역시 사하구 괴정동 498-4,35.0944323,128.9899572,2021,한전주,051-220-4671,부산광역시 사하구청,2026-02-27
괴정동097,1,부산광역시 사하구 사하로141번나길 35-2,부산광역시 사하구 괴정동 498-5,35.0943905,128.9897588,2021,전용주,051-220-4671,부산광역시 사하구청,2026-02-27
괴정동098,1,부산광역시 사하구 사하로141번나길 41,부산광역시 사하구 괴정동 498-7,35.0944615,128.9898263,2021,한전주,051-220-4671,부산광역시 사하구청,2026-02-27
괴정동099,1,부산광역시 사하구 사하로141번나길 43,부산광역시 사하구 괴정동 498-16,35.0944911,128.9896736,2021,건축물,051-220-4671,부산광역시 사하구청,2026-02-27
괴정동100,1,부산광역시 사하구 사하로141번나길 52,부산광역시 사하구 괴정동 499-34,35.0947467,128.9893895636,2021,한전주,051-220-4671,부산광역시 사하구청,2026-02-27
괴정동1001,1,부산광역시 사하구 사리로46번길 3,부산광역시 사하구 괴정동 232-4,35.1041339,128.9989766,2021,건축물,051-220-4671,부산광역시 사하구청,2026-02-27
괴정동1002,1,부산광역시 사하구 사리로46번길 10,부산광역시 사하구 괴정동 232-6,35.1040458,128.9993854488,2021,건축물,051-220-4671,부산광역시 사하구청,2026-02-27
괴정동1003,1,부산광역시 사하구 사리로46번길 7-5,부산광역시 사하구 괴정동 233-1,35.1043784,128.9988881963,2021,건축물,051-220-4671,부산광역시 사하구청,2026-02-27
괴정동1004,1,,부산광역시 사하구 괴정동 220-21,35.1067655,128.9990266,2021,전용주,051-220-4671,부산광역시 사하구청,2026-02-27
괴정동1005,1,,부산광역시 사하구 괴정동 산1-66,35.107860355,128.9967043241,2021,전용주,051-220-4671,부산광역시 사하구청,2026-02-27
괴정동1006,1,,부산광역시 사하구 괴정동 산1-65,35.1090891351,128.9987868846,2021,전용주,051-220-4671,부산광역시 사하구청,2026-02-27
괴정동1007,1,,부산광역시 사하구 괴정동 220-21,35.1067655,128.9990266,2021,전용주,051-220-4671,부산광역시 사하구청,2026-02-27
괴정동1008,1,,부산광역시 사하구 괴정동 산1-65,35.1090891351,128.9987868846,2021,전용주,051-220-4671,부산광역시 사하구청,2026-02-27
괴정동1009,1,,부산광역시 사하구 괴정동 산1-65,35.1090891351,128.9987868846,2021,전용주,051-220-4671,부산광역시 사하구청,2026-02-27
괴정동101,1,부산광역시 사하구 사하로141번나길 51-2,부산광역시 사하구 괴정동 498-8,35.0944637,128.9891466,2021,건축물,051-220-4671,부산광역시 사하구청,2026-02-27
괴정동1010,1,부산광역시 사하구 사리로70번길 2,부산광역시 사하구 괴정동 213-14,35.1057873282,128.9987873,2021,한전주,051-220-4671,부산광역시 사하구청,2026-02-27
괴정동1011,1,부산광역시 사하구 사리로70번길 2,부산광역시 사하구 괴정동 213-14,35.1057873282,128.9987873,2021,한전주,051-220-4671,부산광역시 사하구청,2026-02-27
괴정동1012,1,부산광역시 사하구 대티로1번길 22,부산광역시 사하구 괴정동 213-6,35.1054213,128.9990519,2021,한전주,051-220-4671,부산광역시 사하구청,2026-02-27
괴정동1013,1,부산광역시 사하구 대티로1번길 2-14,부산광역시 사하구 괴정동 산25-17,35.1042458,129.0008108112,2021,건축물,051-220-4671,부산광역시 사하구청,2026-02-27
괴정동1014,1,부산광역시 사하구 대티로1번길 2-7,부산광역시 사하구 괴정동 314-16,35.104134,129.0005981841,2021,건축물,051-220-4671,부산광역시 사하구청,2026-02-27
괴정동1015,1,부산광역시 사하구 대티로1번길 2-6,부산광역시 사하구 괴정동 314-19,35.103934,129.0007153,2021,건축물,051-220-4671,부산광역시 사하구청,2026-02-27
괴정동1016,1,부산광역시 사하구 대티로1번길 2-2,부산광역시 사하구 괴정동 314-12,35.1040293,129.0009479,2021,건축물,051-220-4671,부산광역시 사하구청,2026-02-27
괴정동1017,1,부산광역시 사하구 대티로 11-1,부산광역시 사하구 괴정동 314-11,35.1041428,129.001170,2021,건축물,051-220-4671,부산광역시 사하구청,2026-02-27
괴정동1018,1,부산광역시 사하구 대티로 11-2,부산광역시 사하구 괴정동 226-1,35.1041923944,129.0010402,2021,건축물,051-220-4671,부산광역시 사하구청,2026-02-27
괴정동1019,1,부산광역시 사하구 대티로17번길 54,부산광역시 사하구 괴정동 203-74,35.1057798,129.0029974,2021,한전주,051-220-4671,부산광역시 사하구청,2026-02-27
괴정동102,1,부산광역시 사하구 괴정로244번길 33,부산광역시 사하구 괴정동 537-21,35.0950968737,128.9877371,2021,건축물,051-220-4671,부산광역시 사하구청,2026-02-27
괴정동1020,1,부산광역시 사하구 대티로17번길 47,부산광역시 사하구 괴정동 207-52,35.10535725,129.0024649,2021,한전주,051-220-4671,부산광역시 사하구청,2026-02-27
괴정동1021,1,부산광역시 사하구 대티로17번길 47,부산광역시 사하구 괴정동 207-52,35.10535725,129.0024649,2021,한전주,051-220-4671,부산광역시 사하구청,2026-02-27
괴정동1022,1,부산광역시 사하구 대티로17번길 47,부산광역시 사하구 괴정동 207-52,35.1053741,129.0024612,2021,한전주,051-220-4671,부산광역시 사하구청,2026-02-27
괴정동1023,1,부산광역시 사하구 사리로70번길 64,부산광역시 사하구 괴정동 207-26,35.10629875,129.0010588,2021,한전주,051-220-4671,부산광역시 사하구청,2026-02-27
괴정동1024,1,부산광역시 사하구 대티로17번길 54,부산광역시 사하구 괴정동 203-74,35.1057598,129.0029834,2021,전용주,051-220-4671,부산광역시 사하구청,2026-02-27
괴정동1025,1,부산광역시 사하구 대티로17번길 56,부산광역시 사하구 괴정동 203-73,35.105887,129.0030549,2021,건축물,051-220-4671,부산광역시 사하구청,2026-02-27
괴정동1026,1,부산광역시 사하구 대티로17번길 60-2,부산광역시 사하구 괴정동 203-70,35.1061424,129.0034121,2021,건축물,051-220-4671,부산광역시 사하구청,2026-02-27
괴정동1027,1,부산광역시 사하구 대티로59번길 46,부산광역시 사하구 괴정동 203-55,35.1060318,129.0035629,2021,건축물,051-220-4671,부산광역시 사하구청,2026-02-27
괴정동1028,1,부산광역시 사하구 대티로59번길 44,부산광역시 사하구 괴정동 203-54,35.1061215,129.003587,2021,한전주,051-220-4671,부산광역시 사하구청,2026-02-27
괴정동1029,1,부산광역시 사하구 대티로 35-1,부산광역시 사하구 괴정동 203-60,35.10529889,129.0032385,2021,건축물,051-220-4671,부산광역시 사하구청,2026-02-27
괴정동103,1,부산광역시 사하구 사하로141번길 20,부산광역시 사하구 괴정동 491-9,35.0947893,128.9918189,2021,한전주,051-220-4671,부산광역시 사하구청,2026-02-27
괴정동1030,1,부산광역시 사하구 대티로 35-5,부산광역시 사하구 괴정동 203-43,35.1053949,129.0033828,2021,전용주,051-220-4671,부산광역시 사하구청,2026-02-27
괴정동1031,1,부산광역시 사하구 대티로 31,부산광역시 사하구 괴정동 207-37,35.10503488,129.0030769,2021,한전주,051-220-4671,부산광역시 사하구청,2026-02-27
괴정동1032,1,부산광역시 사하구 대티로 29,부산광역시 사하구 괴정동 207-36,35.1049872,129.0029671,2021,한전주,051-220-4671,부산광역시 사하구청,2026-02-27
괴정동1033,1,부산광역시 사하구 대티로 27-3,부산광역시 사하구 괴정동 207-3,35.1050999,129.0026957,2021,건축물,051-220-4671,부산광역시 사하구청,2026-02-27
괴정동1034,1,부산광역시 사하구 대티로 25,부산광역시 사하구 괴정동 207-30,35.1048384,129.0026838,2021,한전주,051-220-4671,부산광역시 사하구청,2026-02-27
괴정동1035,1,부산광역시 사하구 대티로 35-7,부산광역시 사하구 괴정동 203-42,35.1055734,129.0034859,2021,건축물,051-220-4671,부산광역시 사하구청,2026-02-27
괴정동1036,1,부산광역시 사하구 대티로 35-9,부산광역시 사하구 괴정동 203-41,35.10568732,129.0035769,2021,건축물,051-220-4671,부산광역시 사하구청,2026-02-27
괴정동1037,1,부산광역시 사하구 대티로 35-11,부산광역시 사하구 괴정동 203-40,35.10579439,129.0036343,2021,건축물,051-220-4671,부산광역시 사하구청,2026-02-27
괴정동1038,1,부산광역시 사하구 대티로41번길 21,부산광역시 사하구 괴정동 194-24,35.1065503,129.0038168,2021,한전주,051-220-4671,부산광역시 사하구청,2026-02-27
괴정동104,1,부산광역시 사하구 사하로141번길 20,부산광역시 사하구 괴정동 491-9,35.0947893,128.9918189,2021,한전주,051-220-4671,부산광역시 사하구청,2026-02-27
괴정동1040,1,부산광역시 사하구 대티로41번길 17,부산광역시 사하구 괴정동 203-39,35.1064411,129.0038799,2021,한전주,051-220-4671,부산광역시 사하구청,2026-02-27
괴정동1041,1,부산광역시 사하구 대티로41번길 15,부산광역시 사하구 괴정동 203-4,35.1063414,129.0038950873,2021,건축물,051-220-4671,부산광역시 사하구청,2026-02-27
괴정동1042,1,부산광역시 사하구 낙동대로140번길 51,부산광역시 사하구 괴정동 1238-277,35.1046627581,129.0032145541,2021,건축물,051-220-4671,부산광역시 사하구청,2026-02-27
괴정동1043,1,부산광역시 사하구 대티로41번길 1-2,부산광역시 사하구 괴정동 203-35,35.1057939,129.0037764,2021,건축물,051-220-4671,부산광역시 사하구청,2026-02-27
괴정동1044,1,부산광역시 사하구 대티로41번길 3,부산광역시 사하구 괴정동 203-30,35.10587816,129.003761,2021,건축물,051-220-4671,부산광역시 사하구청,2026-02-27
괴정동1045,1,부산광역시 사하구 대티로41번길 23-1,부산광역시 사하구 괴정동 194-16,35.106586261,129.0036318,2021,건축물,051-220-4671,부산광역시 사하구청,2026-02-27
괴정동1046,1,부산광역시 사하구 대티로17번길 70,부산광역시 사하구 괴정동 203-8,35.106473,129.0035846,2021,건축물,051-220-4671,부산광역시 사하구청,2026-02-27
괴정동1047,1,부산광역시 사하구 대티로17번길 67,부산광역시 사하구 괴정동 194-60,35.1064256,129.0031777,2021,한전주,051-220-4671,부산광역시 사하구청,2026-02-27
괴정동1048,1,부산광역시 사하구 대티로17번길 69-1,부산광역시 사하구 괴정동 194-48,35.106533,129.0031078236,2021,건축물,051-220-4671,부산광역시 사하구청,2026-02-27
괴정동1049,1,부산광역시 사하구 대티로17번길 67,부산광역시 사하구 괴정동 194-60,35.1064256,129.0031777,2021,건축물,051-220-4671,부산광역시 사하구청,2026-02-27
괴정동105,1,부산광역시 사하구 사하로141번길 29,부산광역시 사하구 괴정동 496-6,35.094672,128.9912788,2021,한전주,051-220-4671,부산광역시 사하구청,2026-02-27
괴정동1050,1,부산광역시 사하구 대티로17번길 79,부산광역시 사하구 괴정동 194-37,35.10697608,129.0031589,2021,한전주,051-220-4671,부산광역시 사하구청,2026-02-27
괴정동1051,1,부산광역시 사하구 대티로17번길 71-1,부산광역시 사하구 괴정동 194-45,35.1068609,129.0029986,2021,건축물,051-220-4671,부산광역시 사하구청,2026-02-27
괴정동1052,1,부산광역시 사하구 대티로63번길 77,부산광역시 사하구 괴정동 194-20,35.10739414,129.0027949435,2021,건축물,051-220-4671,부산광역시 사하구청,2026-02-27
괴정동1053,1,부산광역시 사하구 대티로17번길 87,부산광역시 사하구 괴정동 194-22,35.1073279,129.0030951,2021,건축물,051-220-4671,부산광역시 사하구청,2026-02-27
괴정동1054,1,부산광역시 사하구 대티로41번길 41,부산광역시 사하구 괴정동 194-4,35.107477938,129.0033844641,2021,건축물,051-220-4671,부산광역시 사하구청,2026-02-27
괴정동1055,1,부산광역시 사하구 대티로41번길 46,부산광역시 사하구 괴정동 193-244,35.1077438,129.0035719,2021,한전주,051-220-4671,부산광역시 사하구청,2026-02-27
괴정동1056,1,부산광역시 사하구 대티로63번길 78,부산광역시 사하구 괴정동 산6-3,35.1076443043,129.0028166,2021,건축물,051-220-4671,부산광역시 사하구청,2026-02-27
괴정동1057,1,부산광역시 사하구 대티로63번길 78,부산광역시 사하구 괴정동 산6-3,35.1076443043,129.0028166,2021,건축물,051-220-4671,부산광역시 사하구청,2026-02-27
괴정동1058,1,부산광역시 사하구 대티로41번길 51-5,부산광역시 사하구 괴정동 193-139,35.1077817,129.0028977577,2021,한전주,051-220-4671,부산광역시 사하구청,2026-02-27
괴정동1059,1,부산광역시 사하구 대티로41번길 51-7,부산광역시 사하구 괴정동 산6-3,35.107775001,129.0028166,2021,건축물,051-220-4671,부산광역시 사하구청,2026-02-27
괴정동106,1,부산광역시 사하구 사하로141번길 29,부산광역시 사하구 괴정동 496-6,35.094672,128.9912788,2021,한전주,051-220-4671,부산광역시 사하구청,2026-02-27
괴정동1060,1,부산광역시 사하구 대티로41번길 58,부산광역시 사하구 괴정동 193-153,35.1080811,129.0033389,2021,전용주,051-220-4671,부산광역시 사하구청,2026-02-27
괴정동1061,1,부산광역시 사하구 대티로41번길 54-1,부산광역시 사하구 괴정동 193-212,35.1079437,129.0034781,2021,건축물,051-220-4671,부산광역시 사하구청,2026-02-27
괴정동1062,1,부산광역시 사하구 대티로63번다길 28,부산광역시 사하구 괴정동 산5-1,35.1081278,129.0037896,2021,건축물,051-220-4671,부산광역시 사하구청,2026-02-27
괴정동1063,1,부산광역시 사하구 대티로63번나길 28,부산광역시 사하구 괴정동 산4-10,35.1079628,129.0044984,2021,건축물,051-220-4671,부산광역시 사하구청,2026-02-27
괴정동1064,1,부산광역시 사하구 대티로63번다길 22,부산광역시 사하구 괴정동 193-12,35.1079609,129.0040707,2021,건축물,051-220-4671,부산광역시 사하구청,2026-02-27
괴정동1065,1,부산광역시 사하구 대티로63번다길 16,부산광역시 사하구 괴정동 193-151,35.1078483,129.0043421,2021,한전주,051-220-4671,부산광역시 사하구청,2026-02-27
괴정동1066,1,부산광역시 사하구 대티로41번길 54-3,부산광역시 사하구 괴정동 193-294,35.1078874,129.0035975,2021,한전주,051-220-4671,부산광역시 사하구청,2026-02-27
괴정동1067,1,부산광역시 사하구 대티로41번길 49,부산광역시 사하구 괴정동 193-220,35.1077305,129.0032864,2021,한전주,051-220-4671,부산광역시 사하구청,2026-02-27
괴정동1068,1,부산광역시 사하구 대티로41번길 39,부산광역시 사하구 괴정동 194-8,35.1072862,129.0035237,2021,한전주,051-220-4671,부산광역시 사하구청,2026-02-27
괴정동1069,1,부산광역시 사하구 대티로41번길 29,부산광역시 사하구 괴정동 194-51,35.1068992309,129.0036614,2021,한전주,051-220-4671,부산광역시 사하구청,2026-02-27
괴정동107,1,부산광역시 사하구 사하로141번나길 7,부산광역시 사하구 괴정동 494-17,35.0942888,128.9915655,2021,한전주,051-220-4671,부산광역시 사하구청,2026-02-27
괴정동1070,1,부산광역시 사하구 대티로41번길 31-1,부산광역시 사하구 괴정동 194-34,35.1069791,129.0034983,2021,건축물,051-220-4671,부산광역시 사하구청,2026-02-27
괴정동1071,1,부산광역시 사하구 대티로17번길 74,부산광역시 사하구 괴정동 194-10,35.1068449,129.0034402,2021,건축물,051-220-4671,부산광역시 사하구청,2026-02-27
괴정동1072,1,부산광역시 사하구 대티로63번다길 7-2,부산광역시 사하구 괴정동 193-41,35.1075919458,129.0044679,2021,건축물,051-220-4671,부산광역시 사하구청,2026-02-27
괴정동1073,1,부산광역시 사하구 대티로63번나길 27,부산광역시 사하구 괴정동 193-61,35.1079425,129.0046405,2021,건축물,051-220-4671,부산광역시 사하구청,2026-02-27
괴정동1074,1,부산광역시 사하구 대티로63번나길 24,부산광역시 사하구 괴정동 193-59,35.1080306,129.0047633,2021,건축물,051-220-4671,부산광역시 사하구청,2026-02-27
괴정동1075,1,부산광역시 사하구 대티로63번나길 20,부산광역시 사하구 괴정동 193-292,35.10797823,129.0048503,2021,한전주,051-220-4671,부산광역시 사하구청,2026-02-27
괴정동1076,1,부산광역시 사하구 대티로63번나길 18-7,부산광역시 사하구 괴정동 193-293,35.1079812784,129.0049489,2021,건축물,051-220-4671,부산광역시 사하구청,2026-02-27
괴정동1077,1,부산광역시 사하구 대티로63번나길 18,부산광역시 사하구 괴정동 193-179,35.1079529,129.005085412,2021,건축물,051-220-4671,부산광역시 사하구청,2026-02-27
괴정동1078,1,부산광역시 사하구 대티로63번나길 16-10,부산광역시 사하구 괴정동 193-9,35.1078858,129.0053409,2021,건축물,051-220-4671,부산광역시 사하구청,2026-02-27
괴정동1079,1,부산광역시 사하구 대티로63번나길 18-4,부산광역시 사하구 괴정동 산4-11,35.1079945069,129.0051926492,2021,한전주,051-220-4671,부산광역시 사하구청,2026-02-27
괴정동108,1,부산광역시 사하구 사하로141번나길 9-2,부산광역시 사하구 괴정동 494-19,35.0940881,128.9916973466,2021,건축물,051-220-4671,부산광역시 사하구청,2026-02-27
괴정동1080,1,부산광역시 사하구 대티로63번길 28-6,부산광역시 사하구 괴정동 100-39,35.1071549,129.0053998,2021,건축물,051-220-4671,부산광역시 사하구청,2026-02-27
괴정동1081,1,부산광역시 사하구 대티로63번나길 12,부산광역시 사하구 괴정동 193-187,35.1077365,129.0050988693,2021,한전주,051-220-4671,부산광역시 사하구청,2026-02-27
괴정동1082,1,부산광역시 사하구 대티로63번나길 9-2,부산광역시 사하구 괴정동 193-68,35.1077398,129.0049097,2021,건축물,051-220-4671,부산광역시 사하구청,2026-02-27
괴정동1083,1,부산광역시 사하구 대티로63번나길 7,부산광역시 사하구 괴정동 193-189,35.1076486,129.0049732,2021,건축물,051-220-4671,부산광역시 사하구청,2026-02-27
괴정동1084,1,부산광역시 사하구 대티로63번나길 2-1,부산광역시 사하구 괴정동 193-112,35.1073863,129.0050326,2021,한전주,051-220-4671,부산광역시 사하구청,2026-02-27
괴정동1085,1,부산광역시 사하구 대티로63번길 42,부산광역시 사하구 괴정동 193-39,35.1072921,129.0047342,2021,건축물,051-220-4671,부산광역시 사하구청,2026-02-27
괴정동1086,1,부산광역시 사하구 대티로63번길 48-1,부산광역시 사하구 괴정동 193-57,35.1074746,129.0045961,2021,건축물,051-220-4671,부산광역시 사하구청,2026-02-27
괴정동1087,1,부산광역시 사하구 대티로63번길 47,부산광역시 사하구 괴정동 193-35,35.1072613025,129.0045066127,2021,건축물,051-220-4671,부산광역시 사하구청,2026-02-27
괴정동1088,1,부산광역시 사하구 대티로63번길 56,부산광역시 사하구 괴정동 193-165,35.107548,129.0039728,2021,건축물,051-220-4671,부산광역시 사하구청,2026-02-27
괴정동1089,1,부산광역시 사하구 대티로63번길 54,부산광역시 사하구 괴정동 193-280,35.1075272,129.0041368,2021,건축물,051-220-4671,부산광역시 사하구청,2026-02-27
괴정동109,1,부산광역시 사하구 사하로141번나길 13,부산광역시 사하구 괴정동 495-10,35.0941488,128.9913099,2021,한전주,051-220-4671,부산광역시 사하구청,2026-02-27
괴정동1090,1,부산광역시 사하구 대티로63번길 31,부산광역시 사하구 괴정동 193-282,35.1069695,129.005165,2021,한전주,051-220-4671,부산광역시 사하구청,2026-02-27
괴정동1091,1,부산광역시 사하구 대티로63번길 31,부산광역시 사하구 괴정동 193-282,35.1069695,129.005165,2021,한전주,051-220-4671,부산광역시 사하구청,2026-02-27
괴정동1092,1,부산광역시 사하구 대티로63번길 20,부산광역시 사하구 괴정동 100-44,35.1069502,129.0057896,2021,한전주,051-220-4671,부산광역시 사하구청,2026-02-27
괴정동1093,1,부산광역시 사하구 대티로63번길 27,부산광역시 사하구 괴정동 193-283,35.1068475,129.0054581,2021,한전주,051-220-4671,부산광역시 사하구청,2026-02-27
괴정동1094,1,부산광역시 사하구 대티로63번길 28-2,부산광역시 사하구 괴정동 100-57,35.107054,129.0054916,2021,건축물,051-220-4671,부산광역시 사하구청,2026-02-27
괴정동1095,1,부산광역시 사하구 대티로63번길 20-2,부산광역시 사하구 괴정동 100-43,35.1069842,129.0058954,2021,건축물,051-220-4671,부산광역시 사하구청,2026-02-27
괴정동1096,1,부산광역시 사하구 대티로63번길 16-1,부산광역시 사하구 괴정동 100-29,35.1069547,129.005970551,2021,전용주,051-220-4671,부산광역시 사하구청,2026-02-27
괴정동1097,1,부산광역시 사하구 대티로63번길 16-5,부산광역시 사하구 괴정동 100-33,35.1070567,129.0058909,2021,건축물,051-220-4671,부산광역시 사하구청,2026-02-27
괴정동1098,1,부산광역시 사하구 대티로63번길 16-10,부산광역시 사하구 괴정동 100-74,35.107193,129.0063658,2021,건축물,051-220-4671,부산광역시 사하구청,2026-02-27
괴정동1099,1,부산광역시 사하구 대티로63번길 3-2,부산광역시 사하구 괴정동 120-5,35.1067558,129.0060879593,2021,건축물,051-220-4671,부산광역시 사하구청,2026-02-27
괴정동110,1,부산광역시 사하구 사하로141번나길 13,부산광역시 사하구 괴정동 495-10,35.0941488,128.9913099,2021,전용주,051-220-4671,부산광역시 사하구청,2026-02-27
괴정동1100,1,부산광역시 사하구 대티로63번길 8-2,부산광역시 사하구 괴정동 121,35.1066772,129.0064957,2021,한전주,051-220-4671,부산광역시 사하구청,2026-02-27
괴정동1101,1,부산광역시 사하구 대티로63번가길 6,부산광역시 사하구 괴정동 114-6,35.1069364,129.0066227,2021,건축물,051-220-4671,부산광역시 사하구청,2026-02-27
괴정동1102,1,부산광역시 사하구 대티로63번가길 8,부산광역시 사하구 괴정동 116-9,35.1070535,129.0066255,2021,건축물,051-220-4671,부산광역시 사하구청,2026-02-27
괴정동1103,1,부산광역시 사하구 대티로63번가길 7,부산광역시 사하구 괴정동 100-42,35.1071357,129.0064884,2021,건축물,051-220-4671,부산광역시 사하구청,2026-02-27
괴정동1104,1,부산광역시 사하구 대티로63번가길 6-1,부산광역시 사하구 괴정동 116-4,35.1069914015,129.0067343,2021,건축물,051-220-4671,부산광역시 사하구청,2026-02-27
괴정동1105,1,부산광역시 사하구 대티로63번가길 11,부산광역시 사하구 괴정동 100-53,35.1073787,129.0065787,2021,건축물,051-220-4671,부산광역시 사하구청,2026-02-27
괴정동1106,1,부산광역시 사하구 대티로63번가길 13,부산광역시 사하구 괴정동 100-89,35.1072951,129.0067301,2021,건축물,051-220-4671,부산광역시 사하구청,2026-02-27
괴정동1107,1,부산광역시 사하구 대티로63번가길 10-2,부산광역시 사하구 괴정동 116-1,35.10716671,129.0068186,2021,건축물,051-220-4671,부산광역시 사하구청,2026-02-27
괴정동1108,1,부산광역시 사하구 대티로63번가길 20-1,부산광역시 사하구 괴정동 100-14,35.1070838,129.0069772,2021,건축물,051-220-4671,부산광역시 사하구청,2026-02-27
괴정동1109,1,부산광역시 사하구 대티로63번가길 11-1,부산광역시 사하구 괴정동 100-88,35.1073762,129.0066895,2021,,051-220-4671,부산광역시 사하구청,2026-02-27
괴정동111,1,부산광역시 사하구 사하로141번나길 19,부산광역시 사하구 괴정동 495-4,35.0942448,128.9909504,2021,한전주,051-220-4671,부산광역시 사하구청,2026-02-27
괴정동1110,1,부산광역시 사하구 대티로81번길 32,부산광역시 사하구 괴정동 100-96,35.1074381,129.0073478,2021,건축물,051-220-4671,부산광역시 사하구청,2026-02-27
괴정동1111,1,부산광역시 사하구 대티로81번길 30,부산광역시 사하구 괴정동 100-92,35.1073204,129.007411,2021,건축물,051-220-4671,부산광역시 사하구청,2026-02-27
괴정동1112,1,부산광역시 사하구 대티로81번길 26,부산광역시 사하구 괴정동 100-1,35.1072545,129.0075516,2021,건축물,051-220-4671,부산광역시 사하구청,2026-02-27
괴정동1113,1,부산광역시 사하구 대티로77번길 4-5,부산광역시 사하구 괴정동 100-5,35.1072262,129.0076277,2021,건축물,051-220-4671,부산광역시 사하구청,2026-02-27
괴정동1114,1,부산광역시 사하구 대티로 81-1,부산광역시 사하구 괴정동 97-4,35.1072483,129.0079243,2021,건축물,051-220-4671,부산광역시 사하구청,2026-02-27
괴정동1115,1,부산광역시 사하구 대티로81번길 8,부산광역시 사하구 괴정동 95-1,35.10734666,129.0083209,2021,한전주,051-220-4671,부산광역시 사하구청,2026-02-27
괴정동1116,1,부산광역시 사하구 대티로81번길 8,부산광역시 사하구 괴정동 95-1,35.1073677,129.008333,2021,건축물,051-220-4671,부산광역시 사하구청,2026-02-27
괴정동1117,1,부산광역시 사하구 대티로81번길 10,부산광역시 사하구 괴정동 99,35.1074499,129.0082692,2021,건축물,051-220-4671,부산광역시 사하구청,2026-02-27
괴정동1118,1,부산광역시 사하구 대티로81번길 22-2,부산광역시 사하구 괴정동 100-70,35.107469,129.0076556,2021,건축물,051-220-4671,부산광역시 사하구청,2026-02-27
괴정동1119,1,부산광역시 사하구 대티로77번길 4,부산광역시 사하구 괴정동 107-1,35.1071558,129.0075273,2021,건축물,051-220-4671,부산광역시 사하구청,2026-02-27
괴정동112,1,부산광역시 사하구 사하로141번나길 19-2,부산광역시 사하구 괴정동 495-5,35.0941373,128.9909149,2021,건축물,051-220-4671,부산광역시 사하구청,2026-02-27
괴정동1120,1,부산광역시 사하구 대티로77번길 4,부산광역시 사하구 괴정동 107-1,35.1071558,129.0075273,2021,건축물,051-220-4671,부산광역시 사하구청,2026-02-27
괴정동1121,1,부산광역시 사하구 대티로77번길 2-4,부산광역시 사하구 괴정동 100-66,35.1071515,129.007242,2021,건축물,051-220-4671,부산광역시 사하구청,2026-02-27
괴정동1122,1,부산광역시 사하구 대티로77번길 2,부산광역시 사하구 괴정동 108,35.1068799,129.0074224,2021,건축물,051-220-4671,부산광역시 사하구청,2026-02-27
괴정동1123,1,부산광역시 사하구 대티로77번길 2,부산광역시 사하구 괴정동 108,35.1068799,129.0074224,2021,건축물,051-220-4671,부산광역시 사하구청,2026-02-27
괴정동1124,1,부산광역시 사하구 대티로77번길 8,부산광역시 사하구 괴정동 113-2,35.1068567,129.0070813,2021,건축물,051-220-4671,부산광역시 사하구청,2026-02-27
괴정동1125,1,부산광역시 사하구 대티로 67,부산광역시 사하구 괴정동 123-1,35.1066824,129.0067261,2021,건축물,051-220-4671,부산광역시 사하구청,2026-02-27
괴정동1126,1,부산광역시 사하구 대티로 71-1,부산광역시 사하구 괴정동 111-4,35.1066951,129.0070444,2021,한전주,051-220-4671,부산광역시 사하구청,2026-02-27
괴정동1127,1,부산광역시 사하구 대티로 67,부산광역시 사하구 괴정동 123-1,35.1066824,129.0067261,2021,건축물,051-220-4671,부산광역시 사하구청,2026-02-27
괴정동1128,1,부산광역시 사하구 대티로107번길 51,부산광역시 사하구 괴정동 100-59,35.1074987,129.0080401,2021,건축물,051-220-4671,부산광역시 사하구청,2026-02-27
괴정동1129,1,부산광역시 사하구 대티로107번길 55,부산광역시 사하구 괴정동 100,35.1076268,129.0079226,2021,한전주,051-220-4671,부산광역시 사하구청,2026-02-27
괴정동113,1,부산광역시 사하구 사하로141번나길 25-3,부산광역시 사하구 괴정동 495-25,35.0940609795,128.9907176391,2021,건축물,051-220-4671,부산광역시 사하구청,2026-02-27
괴정동1130,1,부산광역시 사하구 대티로107번길 59,부산광역시 사하구 괴정동 100-47,35.1077257,129.0078208,2021,건축물,051-220-4671,부산광역시 사하구청,2026-02-27
괴정동1131,1,부산광역시 사하구 대티로107번길 61,부산광역시 사하구 괴정동 100-47,35.1078158866,129.0077946647,2021,건축물,051-220-4671,부산광역시 사하구청,2026-02-27
괴정동1132,1,부산광역시 사하구 대티로81번길 36,부산광역시 사하구 괴정동 100-85,35.10758953,129.0071842,2021,건축물,051-220-4671,부산광역시 사하구청,2026-02-27
괴정동1133,1,부산광역시 사하구 낙동대로 136,부산광역시 사하구 괴정동 328-8,35.1035931,129.0011675,2021,전용주,051-220-4671,부산광역시 사하구청,2026-02-27
괴정동1134,1,부산광역시 사하구 낙동대로 130-1,부산광역시 사하구 괴정동 331-28,35.103793,129.0015976299,2021,한전주,051-220-4671,부산광역시 사하구청,2026-02-27
괴정동1135,1,부산광역시 사하구 낙동대로140번길 20,부산광역시 사하구 괴정동 331-30,35.1038444,129.0017768,2021,한전주,051-220-4671,부산광역시 사하구청,2026-02-27
괴정동1136,1,부산광역시 사하구 낙동대로140번길 24,부산광역시 사하구 괴정동 331-22,35.1039498,129.0019438,2021,한전주,051-220-4671,부산광역시 사하구청,2026-02-27
괴정동1137,1,부산광역시 사하구 낙동대로140번길 31,부산광역시 사하구 괴정동 335-9,35.104225,129.0021918,2021,건축물,051-220-4671,부산광역시 사하구청,2026-02-27
괴정동1138,1,부산광역시 사하구 낙동대로 122-8,부산광역시 사하구 괴정동 331-2,35.1040860553,129.0023424,2021,건축물,051-220-4671,부산광역시 사하구청,2026-02-27
괴정동1139,1,부산광역시 사하구 낙동대로 122,부산광역시 사하구 괴정동 328-22,35.1037505,129.002553,2021,한전주,051-220-4671,부산광역시 사하구청,2026-02-27
괴정동114,1,부산광역시 사하구 사하로141번나길 24,부산광역시 사하구 괴정동 496-19,35.0944455,128.9907879026,2021,한전주,051-220-4671,부산광역시 사하구청,2026-02-27
괴정동1140,1,부산광역시 사하구 낙동대로140번길 36,부산광역시 사하구 괴정동 331-1,35.1041398,129.0024419,2021,한전주,051-220-4671,부산광역시 사하구청,2026-02-27
괴정동1141,1,부산광역시 사하구 낙동대로140번길 39,부산광역시 사하구 괴정동 334-1,35.1043976,129.0026566,2021,건축물,051-220-4671,부산광역시 사하구청,2026-02-27
괴정동1142,1,부산광역시 사하구 낙동대로140번길 40,부산광역시 사하구 괴정동 334-3,35.1042848287,129.0028627,2021,한전주,051-220-4671,부산광역시 사하구청,2026-02-27
괴정동1143,1,부산광역시 사하구 낙동대로140번길 53,부산광역시 사하구 괴정동 340-2,35.1046483,129.0032987,2021,한전주,051-220-4671,부산광역시 사하구청,2026-02-27
괴정동1144,1,부산광역시 사하구 낙동대로140번길 61,부산광역시 사하구 괴정동 198-10,35.1048403,129.0036763,2021,한전주,051-220-4671,부산광역시 사하구청,2026-02-27
괴정동1145,1,부산광역시 사하구 대티로22번길 20,부산광역시 사하구 괴정동 207-25,35.1047726,129.0033940514,2021,한전주,051-220-4671,부산광역시 사하구청,2026-02-27
괴정동1146,1,부산광역시 사하구 대티로22번길 14,부산광역시 사하구 괴정동 338-4,35.1046429,129.0030793,2021,건축물,051-220-4671,부산광역시 사하구청,2026-02-27
괴정동1147,1,부산광역시 사하구 대티로22번길 6,부산광역시 사하구 괴정동 336,35.1044796682,129.0026892977,2021,건축물,051-220-4671,부산광역시 사하구청,2026-02-27
괴정동1148,1,부산광역시 사하구 대티로22번길 19-1,부산광역시 사하구 괴정동 207,35.1048829,129.0032826,2021,건축물,051-220-4671,부산광역시 사하구청,2026-02-27
괴정동1149,1,부산광역시 사하구 대티로22번길 27,부산광역시 사하구 괴정동 204-3,35.1050775,129.0035066,2021,건축물,051-220-4671,부산광역시 사하구청,2026-02-27
괴정동115,1,부산광역시 사하구 사하로141번나길 27,부산광역시 사하구 괴정동 495-21,35.0942536,128.9904134,2021,건축물,051-220-4671,부산광역시 사하구청,2026-02-27
괴정동1150,1,부산광역시 사하구 낙동대로140번길 51,부산광역시 사하구 괴정동 1238-277,35.1046627581,129.0032145541,2021,건축물,051-220-4671,부산광역시 사하구청,2026-02-27
괴정동1151,1,부산광역시 사하구 낙동대로140번길 63-4,부산광역시 사하구 괴정동 202-6,35.105291112,129.003951,2021,건축물,051-220-4671,부산광역시 사하구청,2026-02-27
괴정동1152,1,부산광역시 사하구 낙동대로140번길 63-1,부산광역시 사하구 괴정동 206-13,35.1050286,129.0037357,2021,한전주,051-220-4671,부산광역시 사하구청,2026-02-27
괴정동1153,1,부산광역시 사하구 낙동대로140번길 84,부산광역시 사하구 괴정동 174-3,35.1051590147,129.0047909027,2021,한전주,051-220-4671,부산광역시 사하구청,2026-02-27
괴정동1154,1,부산광역시 사하구 낙동대로140번길 82,부산광역시 사하구 괴정동 174-4,35.1050781485,129.0047135,2021,건축물,051-220-4671,부산광역시 사하구청,2026-02-27
괴정동1155,1,부산광역시 사하구 낙동대로140번길 86,부산광역시 사하구 괴정동 174-2,35.1052528,129.0048926,2021,한전주,051-220-4671,부산광역시 사하구청,2026-02-27
괴정동1156,1,부산광역시 사하구 낙동대로 96,부산광역시 사하구 괴정동 172-2,35.1047174785,129.004543221,2021,건축물,051-220-4671,부산광역시 사하구청,2026-02-27
괴정동1157,1,부산광역시 사하구 낙동대로140번길 89,부산광역시 사하구 괴정동 191-7,35.1055788975,129.0050876,2021,한전주,051-220-4671,부산광역시 사하구청,2026-02-27
괴정동1158,1,부산광역시 사하구 낙동대로140번길 93,부산광역시 사하구 괴정동 191-4,35.1057987,129.0051253,2021,한전주,051-220-4671,부산광역시 사하구청,2026-02-27
괴정동1159,1,부산광역시 사하구 낙동대로140번길 98,부산광역시 사하구 괴정동 167-12,35.1055594,129.0054265,2021,한전주,051-220-4671,부산광역시 사하구청,2026-02-27
괴정동116,1,부산광역시 사하구 사하로141번나길 32,부산광역시 사하구 괴정동 496-11,35.0945251,128.9903432,2021,한전주,051-220-4671,부산광역시 사하구청,2026-02-27
괴정동1160,1,부산광역시 사하구 낙동대로140번길 104,부산광역시 사하구 괴정동 166-9,35.1056363,129.0056806,2021,건축물,051-220-4671,부산광역시 사하구청,2026-02-27
괴정동1161,1,부산광역시 사하구 낙동대로140번길 110,부산광역시 사하구 괴정동 177-1,35.1057391,129.0059849579,2021,건축물,051-220-4671,부산광역시 사하구청,2026-02-27
괴정동1162,1,부산광역시 사하구 낙동대로140번길 112,부산광역시 사하구 괴정동 165,35.1057816,129.0061557,2021,한전주,051-220-4671,부산광역시 사하구청,2026-02-27
괴정동1163,1,부산광역시 사하구 낙동대로140번길 113-2,부산광역시 사하구 괴정동 130-3,35.1060958,129.0062292,2021,건축물,051-220-4671,부산광역시 사하구청,2026-02-27
괴정동1164,1,부산광역시 사하구 낙동대로140번길 113-6,부산광역시 사하구 괴정동 130-1,35.1061668,129.0062968,2021,건축물,051-220-4671,부산광역시 사하구청,2026-02-27
괴정동1165,1,부산광역시 사하구 낙동대로140번길 118,부산광역시 사하구 괴정동 164-2,35.1057815452,129.0063920788,2021,한전주,051-220-4671,부산광역시 사하구청,2026-02-27
괴정동1166,1,부산광역시 사하구 낙동대로140번길 123,부산광역시 사하구 괴정동 136-6,35.1059718,129.0066429,2021,건축물,051-220-4671,부산광역시 사하구청,2026-02-27
괴정동1167,1,부산광역시 사하구 낙동대로 82-7,부산광역시 사하구 괴정동 50-1,35.1057582,129.0064841,2021,건축물,051-220-4671,부산광역시 사하구청,2026-02-27
괴정동1168,1,부산광역시 사하구 낙동대로 82-3,부산광역시 사하구 괴정동 166-20,35.1056541,129.0062403,2021,건축물,051-220-4671,부산광역시 사하구청,2026-02-27
괴정동1169,1,부산광역시 사하구 낙동대로 84,부산광역시 사하구 괴정동 166-17,35.1054874,129.0059621,2021,건축물,051-220-4671,부산광역시 사하구청,2026-02-27
괴정동117,1,부산광역시 사하구 사하로141번길 11,부산광역시 사하구 괴정동 493-36,35.0944980393,128.9923461,2021,한전주,051-220-4671,부산광역시 사하구청,2026-02-27
괴정동1170,1,부산광역시 사하구 낙동대로 84-3,부산광역시 사하구 괴정동 166-3,35.1055913668,129.0058227,2021,건축물,051-220-4671,부산광역시 사하구청,2026-02-27
괴정동1171,1,부산광역시 사하구 낙동대로140번길 121-1,부산광역시 사하구 괴정동 136-5,35.1060888,129.0066567,2021,건축물,051-220-4671,부산광역시 사하구청,2026-02-27
괴정동1172,1,부산광역시 사하구 낙동대로140번길 125,부산광역시 사하구 괴정동 136-2,35.1060235,129.0067867,2021,한전주,051-220-4671,부산광역시 사하구청,2026-02-27
괴정동1173,1,부산광역시 사하구 낙동대로140번길 131,부산광역시 사하구 괴정동 137-1,35.1061925,129.0069225,2021,한전주,051-220-4671,부산광역시 사하구청,2026-02-27
괴정동1174,1,부산광역시 사하구 낙동대로140번길 133-3,부산광역시 사하구 괴정동 128,35.1061834539,129.0066486,2021,건축물,051-220-4671,부산광역시 사하구청,2026-02-27
괴정동1175,1,부산광역시 사하구 낙동대로140번길 133-2,부산광역시 사하구 괴정동 138,35.1063482,129.0067727,2021,건축물,051-220-4671,부산광역시 사하구청,2026-02-27
괴정동1176,1,부산광역시 사하구 낙동대로140번길 138,부산광역시 사하구 괴정동 148-3,35.106288759,129.0071886,2021,건축물,051-220-4671,부산광역시 사하구청,2026-02-27
괴정동1177,1,부산광역시 사하구 낙동대로140번길 139,부산광역시 사하구 괴정동 142,35.1064503,129.0072207006,2021,건축물,051-220-4671,부산광역시 사하구청,2026-02-27
괴정동1178,1,부산광역시 사하구 대티로 74,부산광역시 사하구 괴정동 142,35.1064503,129.0071371,2021,건축물,051-220-4671,부산광역시 사하구청,2026-02-27
괴정동1179,1,부산광역시 사하구 대티로 63,부산광역시 사하구 괴정동 188-28,35.1065279,129.0062617,2021,한전주,051-220-4671,부산광역시 사하구청,2026-02-27
괴정동118,1,부산광역시 사하구 사하로141번가길 10,부산광역시 사하구 괴정동 494-6,35.0941815021,128.9919691,2021,한전주,051-220-4671,부산광역시 사하구청,2026-02-27
괴정동1180,1,부산광역시 사하구 대티로63번길 23,부산광역시 사하구 괴정동 193-202,35.1067881,129.0058816096,2021,건축물,051-220-4671,부산광역시 사하구청,2026-02-27
괴정동1181,1,부산광역시 사하구 대티로59번길 6,부산광역시 사하구 괴정동 193-21,35.1066769,129.005421,2021,한전주,051-220-4671,부산광역시 사하구청,2026-02-27
괴정동1182,1,부산광역시 사하구 대티로59번길 8,부산광역시 사하구 괴정동 193-266,35.106562,129.0052866,2021,건축물,051-220-4671,부산광역시 사하구청,2026-02-27
괴정동1183,1,부산광역시 사하구 대티로59번길 10-1,부산광역시 사하구 괴정동 193-201,35.106740,129.0048742,2021,건축물,051-220-4671,부산광역시 사하구청,2026-02-27
괴정동1184,1,부산광역시 사하구 대티로59번길 10-4,부산광역시 사하구 괴정동 193-204,35.1067535,129.0051487,2021,전용주,051-220-4671,부산광역시 사하구청,2026-02-27
괴정동1185,1,부산광역시 사하구 대티로59번길 10-9,부산광역시 사하구 괴정동 193-203,35.1068922789,129.0049554,2021,한전주,051-220-4671,부산광역시 사하구청,2026-02-27
괴정동1186,1,부산광역시 사하구 대티로59번길 10,부산광역시 사하구 괴정동 193-267,35.106629,129.005047,2021,한전주,051-220-4671,부산광역시 사하구청,2026-02-27
괴정동1187,1,부산광역시 사하구 대티로 51-1,부산광역시 사하구 괴정동 196-4,35.1062742,129.0046984924,2021,한전주,051-220-4671,부산광역시 사하구청,2026-02-27
괴정동1188,1,부산광역시 사하구 대티로 51,부산광역시 사하구 괴정동 190-16,35.10619561,129.0048834,2021,건축물,051-220-4671,부산광역시 사하구청,2026-02-27
괴정동1189,1,부산광역시 사하구 대티로 47-2,부산광역시 사하구 괴정동 196-3,35.106285,129.0045999,2021,건축물,051-220-4671,부산광역시 사하구청,2026-02-27
괴정동119,1,부산광역시 사하구 사하로141번가길 13-1,부산광역시 사하구 괴정동 493-7,35.0939782,128.9923693,2021,건축물,051-220-4671,부산광역시 사하구청,2026-02-27
괴정동1190,1,부산광역시 사하구 대티로59번길 21,부산광역시 사하구 괴정동 196-26,35.1064479,129.004560,2021,건축물,051-220-4671,부산광역시 사하구청,2026-02-27
괴정동1191,1,부산광역시 사하구 대티로59번길 23,부산광역시 사하구 괴정동 196-6,35.1064587,129.0044506,2021,한전주,051-220-4671,부산광역시 사하구청,2026-02-27
괴정동1192,1,부산광역시 사하구 대티로59번길 24-2,부산광역시 사하구 괴정동 193-263,35.1067345,129.0046657,2021,건축물,051-220-4671,부산광역시 사하구청,2026-02-27
괴정동1193,1,부산광역시 사하구 대티로59번길 24-8,부산광역시 사하구 괴정동 193-260,35.1069936819,129.0047989997,2021,건축물,051-220-4671,부산광역시 사하구청,2026-02-27
괴정동1194,1,부산광역시 사하구 대티로59번길 26-5,부산광역시 사하구 괴정동 193-3,35.1070793,129.0045206,2021,건축물,051-220-4671,부산광역시 사하구청,2026-02-27
괴정동1195,1,부산광역시 사하구 대티로41번길 34,부산광역시 사하구 괴정동 194-12,35.1069502,129.0041556,2021,건축물,051-220-4671,부산광역시 사하구청,2026-02-27
괴정동1196,1,부산광역시 사하구 대티로59번길 25,부산광역시 사하구 괴정동 196-7,35.1064603,129.0042943,2021,건축물,051-220-4671,부산광역시 사하구청,2026-02-27
괴정동1197,1,부산광역시 사하구 대티로17번길 54,부산광역시 사하구 괴정동 203-74,35.1057798,129.0029974,2021,건축물,051-220-4671,부산광역시 사하구청,2026-02-27
괴정동1198,1,부산광역시 사하구 오작로184번길 1,부산광역시 사하구 괴정동 83-4,35.1065258,129.0080163,2021,한전주,051-220-4671,부산광역시 사하구청,2026-02-27
괴정동1199,1,부산광역시 사하구 오작로184번길 7-1,부산광역시 사하구 괴정동 80-2,35.10648746,129.0083006,2021,건축물,051-220-4671,부산광역시 사하구청,2026-02-27
괴정동120,1,부산광역시 사하구 사하로141번가길 14,부산광역시 사하구 괴정동 494-23,35.0939753,128.9919965,2021,한전주,051-220-4671,부산광역시 사하구청,2026-02-27
괴정동1200,1,부산광역시 사하구 대티로80번길 6,부산광역시 사하구 괴정동 83-3,35.1065795,129.0080395,2021,건축물,051-220-4671,부산광역시 사하구청,2026-02-27
괴정동1201,1,부산광역시 사하구 대티로80번길 6,부산광역시 사하구 괴정동 83-3,35.1065795,129.0080395,2021,건축물,051-220-4671,부산광역시 사하구청,2026-02-27
괴정동1202,1,부산광역시 사하구 오작로184번길 5,부산광역시 사하구 괴정동 81,35.1064518,129.0081351,2021,건축물,051-220-4671,부산광역시 사하구청,2026-02-27
괴정동1203,1,부산광역시 사하구 대티로80번길 13,부산광역시 사하구 괴정동 90-3,35.1067921,129.0082641,2021,한전주,051-220-4671,부산광역시 사하구청,2026-02-27
괴정동1204,1,부산광역시 사하구 대티로80번길 17,부산광역시 사하구 괴정동 69-19,35.1068412,129.0085614,2021,건축물,051-220-4671,부산광역시 사하구청,2026-02-27
괴정동1205,1,부산광역시 사하구 대티로80번길 29,부산광역시 사하구 괴정동 69-1,35.10719057,129.0087899,2021,한전주,051-220-4671,부산광역시 사하구청,2026-02-27
괴정동1206,1,부산광역시 사하구 대티로80번길 26,부산광역시 사하구 괴정동 69-22,35.1070615,129.0088628,2021,한전주,051-220-4671,부산광역시 사하구청,2026-02-27
괴정동1207,1,부산광역시 사하구 대티로80번길 20-2,부산광역시 사하구 괴정동 69-6,35.1066589,129.0086885,2021,건축물,051-220-4671,부산광역시 사하구청,2026-02-27
괴정동1208,1,부산광역시 사하구 대티로80번길 18-2,부산광역시 사하구 괴정동 69-7,35.106560,129.0086751,2021,건축물,051-220-4671,부산광역시 사하구청,2026-02-27
괴정동1209,1,부산광역시 사하구 오작로184번길 10,부산광역시 사하구 괴정동 64-1,35.1062795,129.0081967,2021,한전주,051-220-4671,부산광역시 사하구청,2026-02-27
괴정동121,1,부산광역시 사하구 사하로141번가길 16-1,부산광역시 사하구 괴정동 494-35,35.0937954319,128.9917514,2021,건축물,051-220-4671,부산광역시 사하구청,2026-02-27
괴정동1210,1,부산광역시 사하구 오작로184번길 13-1,부산광역시 사하구 괴정동 67-2,35.1061531369,129.0084572433,2021,건축물,051-220-4671,부산광역시 사하구청,2026-02-27
괴정동1211,1,부산광역시 사하구 오작로184번길 31,부산광역시 사하구 괴정동 산 43-1,35.1055138893,129.0089110149,2021,전용주,051-220-4671,부산광역시 사하구청,2026-02-27
괴정동1212,1,부산광역시 사하구 오작로184번길 31,부산광역시 사하구 괴정동 산 43-1,35.1055138893,129.0089110149,2021,한전주,051-220-4671,부산광역시 사하구청,2026-02-27
괴정동1213,1,부산광역시 사하구 오작로184번길 39,부산광역시 사하구 괴정동 산43-1,35.1054498257,129.0092474179,2021,한전주,051-220-4671,부산광역시 사하구청,2026-02-27
괴정동1214,1,부산광역시 사하구 오작로176번길 5,부산광역시 사하구 괴정동 65-4,35.10578522,129.0079657,2021,건축물,051-220-4671,부산광역시 사하구청,2026-02-27
괴정동1215,1,부산광역시 사하구 오작로176번길 5,부산광역시 사하구 괴정동 65-4,35.10578522,129.0079657,2021,건축물,051-220-4671,부산광역시 사하구청,2026-02-27
괴정동1216,1,부산광역시 사하구 오작로176번길 5,부산광역시 사하구 괴정동 65-4,35.10578522,129.0079657,2021,건축물,051-220-4671,부산광역시 사하구청,2026-02-27
괴정동1217,1,부산광역시 사하구 오작로 178-3,부산광역시 사하구 괴정동 63-3,35.1061297,129.0079956,2021,한전주,051-220-4671,부산광역시 사하구청,2026-02-27
괴정동1218,1,부산광역시 사하구 오작로 178-1,부산광역시 사하구 괴정동 59-11,35.1058886,129.0078581,2021,한전주,051-220-4671,부산광역시 사하구청,2026-02-27
괴정동1219,1,부산광역시 사하구 오작로176번길 5,부산광역시 사하구 괴정동 65-4,35.10578522,129.0079657,2021,한전주,051-220-4671,부산광역시 사하구청,2026-02-27
괴정동122,1,부산광역시 사하구 사하로141번가길 18,부산광역시 사하구 괴정동 494-36,35.0937611,128.9918707,2021,한전주,051-220-4671,부산광역시 사하구청,2026-02-27
괴정동1220,1,부산광역시 사하구 오작로 178,부산광역시 사하구 괴정동 59-1,35.1058912,129.0076878,2021,건축물,051-220-4671,부산광역시 사하구청,2026-02-27
괴정동1221,1,부산광역시 사하구 오작로176번길 8,부산광역시 사하구 괴정동 59-22,35.10548867,129.0080792,2021,건축물,051-220-4671,부산광역시 사하구청,2026-02-27
괴정동1222,1,부산광역시 사하구 오작로176번길 14,부산광역시 사하구 괴정동 59-28,35.1054955,129.0081994,2021,한전주,051-220-4671,부산광역시 사하구청,2026-02-27
괴정동1223,1,부산광역시 사하구 오작로166번길 1,부산광역시 사하구 괴정동 27-11,35.1048621,129.007811,2021,건축물,051-220-4671,부산광역시 사하구청,2026-02-27
괴정동1224,1,부산광역시 사하구 오작로168번길 5,부산광역시 사하구 괴정동 27-39,35.10504516,129.0078142,2021,건축물,051-220-4671,부산광역시 사하구청,2026-02-27
괴정동1225,1,부산광역시 사하구 오작로 172-2,부산광역시 사하구 괴정동 59-9,35.1052502,129.0078397,2021,건축물,051-220-4671,부산광역시 사하구청,2026-02-27
괴정동1226,1,부산광역시 사하구 오작로168번길 11,부산광역시 사하구 괴정동 27-39,35.10509254,129.0079679,2021,건축물,051-220-4671,부산광역시 사하구청,2026-02-27
괴정동1227,1,부산광역시 사하구 까치고개로 55,부산광역시 사하구 괴정동 1238-424,35.1045320222,129.00781455,2021,한전주,051-220-4671,부산광역시 사하구청,2026-02-27
괴정동1228,1,부산광역시 사하구 낙동대로140번길 51,부산광역시 사하구 괴정동 1238-277,35.1046627581,129.0032145541,2021,한전주,051-220-4671,부산광역시 사하구청,2026-02-27
괴정동1229,1,부산광역시 사하구 오작로166번길 10,부산광역시 사하구 괴정동 3,35.1046259,129.0082773669,2021,한전주,051-220-4671,부산광역시 사하구청,2026-02-27
괴정동123,1,부산광역시 사하구 사하로141번길 1,부산광역시 사하구 괴정동 493-2,35.0944216,128.9927988195,2021,건축물,051-220-4671,부산광역시 사하구청,2026-02-27
괴정동1230,1,부산광역시 사하구 낙동대로140번길 51,부산광역시 사하구 괴정동 1238-277,35.1046627581,129.0032145541,2021,건축물,051-220-4671,부산광역시 사하구청,2026-02-27
괴정동1231,1,부산광역시 사하구 오작로166번길 15-11,부산광역시 사하구 괴정동 27-31,35.1050728,129.0086934,2021,건축물,051-220-4671,부산광역시 사하구청,2026-02-27
괴정동1232,1,부산광역시 사하구 오작로166번길 15-13,부산광역시 사하구 괴정동 27-29,35.1050895,129.0087706,2021,한전주,051-220-4671,부산광역시 사하구청,2026-02-27
괴정동1233,1,부산광역시 사하구 오작로168번길 35,부산광역시 사하구 괴정동 27-25,35.1051850042,129.0092344464,2021,건축물,051-220-4671,부산광역시 사하구청,2026-02-27
괴정동1234,1,부산광역시 사하구 오작로166번길 23-2,부산광역시 사하구 괴정동 27-1,35.1050311,129.0090324,2021,건축물,051-220-4671,부산광역시 사하구청,2026-02-27
괴정동1235,1,부산광역시 사하구 오작로166번길 26,부산광역시 사하구 괴정동 2-26,35.1047540826,129.0090863535,2021,한전주,051-220-4671,부산광역시 사하구청,2026-02-27
괴정동1236,1,부산광역시 사하구 까치고개로 75-1,부산광역시 사하구 괴정동 2-80,35.1046793105,129.0090902,2021,건축물,051-220-4671,부산광역시 사하구청,2026-02-27
괴정동1237,1,부산광역시 사하구 까치고개로63번길 20-8,부산광역시 사하구 괴정동 2-2,35.1046551,129.0088806,2021,건축물,051-220-4671,부산광역시 사하구청,2026-02-27
괴정동1238,1,부산광역시 사하구 까치고개로 73-1,부산광역시 사하구 괴정동 2-84,35.1045378,129.0088887,2021,건축물,051-220-4671,부산광역시 사하구청,2026-02-27
괴정동1239,1,부산광역시 사하구 오작로184번길 53,부산광역시 사하구 괴정동 26-2,35.104977,129.0095793,2021,한전주,051-220-4671,부산광역시 사하구청,2026-02-27
괴정동124,1,부산광역시 사하구 사하로 129-7,부산광역시 사하구 괴정동 608-3,35.0934772285,128.9922591,2021,한전주,051-220-4671,부산광역시 사하구청,2026-02-27
괴정동1240,1,부산광역시 사하구 오작로166번길 21,부산광역시 사하구 괴정동 25-4,35.104863,129.0088418,2021,건축물,051-220-4671,부산광역시 사하구청,2026-02-27
괴정동1241,1,부산광역시 사하구 오작로166번길 21,부산광역시 사하구 괴정동 25-4,35.1048656,129.00882442,2021,한전주,051-220-4671,부산광역시 사하구청,2026-02-27
괴정동1242,1,부산광역시 사하구 까치고개로 59-10,부산광역시 사하구 괴정동 2-3,35.1045622,129.0084954252,2021,한전주,051-220-4671,부산광역시 사하구청,2026-02-27
괴정동1243,1,부산광역시 사하구 까치고개로 59-4,부산광역시 사하구 괴정동 산44-36,35.1043898592,129.0082934,2021,건축물,051-220-4671,부산광역시 사하구청,2026-02-27
괴정동1244,1,부산광역시 사하구 까치고개로 59-4,부산광역시 사하구 괴정동 산44-36,35.1043898592,129.0082934,2021,건축물,051-220-4671,부산광역시 사하구청,2026-02-27
괴정동1245,1,부산광역시 사하구 까치고개로63번길 3,부산광역시 사하구 괴정동 2-71,35.104266,129.0084324,2021,한전주,051-220-4671,부산광역시 사하구청,2026-02-27
괴정동1246,1,부산광역시 사하구 까치고개로 59-4,부산광역시 사하구 괴정동 산44-36,35.1043898592,129.0082934,2021,건축물,051-220-4671,부산광역시 사하구청,2026-02-27
괴정동1247,1,부산광역시 사하구 까치고개로 59-7,부산광역시 사하구 괴정동 2-8,35.1043748,129.0083912,2021,건축물,051-220-4671,부산광역시 사하구청,2026-02-27
괴정동1248,1,부산광역시 사하구 까치고개로 59-16,부산광역시 사하구 괴정동 2,35.1046617,129.008486,2021,건축물,051-220-4671,부산광역시 사하구청,2026-02-27
괴정동1249,1,부산광역시 사하구 까치고개로 59-17,부산광역시 사하구 괴정동 2-45,35.1047352,129.0083896723,2021,건축물,051-220-4671,부산광역시 사하구청,2026-02-27
괴정동125,1,부산광역시 사하구 사하로 129-2,부산광역시 사하구 괴정동 607-5,35.0932777,128.9922207,2021,한전주,051-220-4671,부산광역시 사하구청,2026-02-27
괴정동1250,1,부산광역시 사하구 오작로162번길 7,부산광역시 사하구 괴정동 4-13,35.1041139,129.0078255,2021,한전주,051-220-4671,부산광역시 사하구청,2026-02-27
괴정동1251,1,부산광역시 사하구 오작로162번길 9,부산광역시 사하구 괴정동 4-14,35.104039356,129.0078255,2021,한전주,051-220-4671,부산광역시 사하구청,2026-02-27
괴정동1252,1,부산광역시 사하구 오작로 158,부산광역시 사하구 괴정동 11-6,35.1041818,129.0075311,2021,한전주,051-220-4671,부산광역시 사하구청,2026-02-27
괴정동1253,1,부산광역시 사하구 오작로162번길 16,부산광역시 사하구 괴정동 11-1,35.1037357762,129.0078178257,2021,건축물,051-220-4671,부산광역시 사하구청,2026-02-27
괴정동1254,1,부산광역시 사하구 까치고개로64번길 2,부산광역시 사하구 괴정동 2-67,35.1039623,129.0082714,2021,전용주,051-220-4671,부산광역시 사하구청,2026-02-27
괴정동1255,1,부산광역시 사하구 까치고개로64번길 9,부산광역시 사하구 괴정동 2-65,35.1037587699,129.0087143026,2021,한전주,051-220-4671,부산광역시 사하구청,2026-02-27
괴정동1256,1,부산광역시 사하구 까치고개로64번길 9,부산광역시 사하구 괴정동 2-65,35.1037835,129.0087276,2021,건축물,051-220-4671,부산광역시 사하구청,2026-02-27
괴정동1257,1,부산광역시 사하구 까치고개로64번길 9,부산광역시 사하구 괴정동 2-65,35.1037587699,129.0087143026,2021,건축물,051-220-4671,부산광역시 사하구청,2026-02-27
괴정동1258,1,부산광역시 사하구 까치고개로64번길 9,부산광역시 사하구 괴정동 2-65,35.1037835,129.0087276,2021,건축물,051-220-4671,부산광역시 사하구청,2026-02-27
괴정동1259,1,부산광역시 사하구 까치고개로64번길 9,부산광역시 사하구 괴정동 2-65,35.1037835,129.0087276,2021,건축물,051-220-4671,부산광역시 사하구청,2026-02-27
괴정동126,1,부산광역시 사하구 사하로 129-4,부산광역시 사하구 괴정동 607-38,35.0931711,128.9921304,2021,한전주,051-220-4671,부산광역시 사하구청,2026-02-27
괴정동1260,1,부산광역시 사하구 까치고개로64번길 9,부산광역시 사하구 괴정동 2-65,35.1037835,129.0087276,2021,건축물,051-220-4671,부산광역시 사하구청,2026-02-27
괴정동1261,1,부산광역시 사하구 까치고개로64번길 9,부산광역시 사하구 괴정동 2-65,35.1037835,129.0087276,2021,건축물,051-220-4671,부산광역시 사하구청,2026-02-27
괴정동1262,1,부산광역시 사하구 오작로 150,부산광역시 사하구 괴정동 12-36,35.1038497,129.0063606,2021,한전주,051-220-4671,부산광역시 사하구청,2026-02-27
괴정동1263,1,부산광역시 사하구 오작로 149,부산광역시 사하구 괴정동 12-4,35.1040582,129.006289,2021,한전주,051-220-4671,부산광역시 사하구청,2026-02-27
괴정동1264,1,부산광역시 사하구 까치고개로 50-9,부산광역시 사하구 괴정동 10-3,35.1043462,129.0068553,2021,한전주,051-220-4671,부산광역시 사하구청,2026-02-27
괴정동1265,1,부산광역시 사하구 까치고개로 50-3,부산광역시 사하구 괴정동 9-2,35.1044765573,129.0072648,2021,한전주,051-220-4671,부산광역시 사하구청,2026-02-27
괴정동1266,1,부산광역시 사하구 까치고개로 47,부산광역시 사하구 괴정동 18,35.1047804447,129.0071186,2021,한전주,051-220-4671,부산광역시 사하구청,2026-02-27
괴정동1267,1,부산광역시 사하구 까치고개로 43-1,부산광역시 사하구 괴정동 34-1,35.1049234,129.0068256,2021,건축물,051-220-4671,부산광역시 사하구청,2026-02-27
괴정동1268,1,부산광역시 사하구 까치고개로47번길 2,부산광역시 사하구 괴정동 31,35.1049544,129.0071334,2021,한전주,051-220-4671,부산광역시 사하구청,2026-02-27
괴정동1269,1,부산광역시 사하구 까치고개로 51-7,부산광역시 사하구 괴정동 37,35.1051261,129.0070902,2021,건축물,051-220-4671,부산광역시 사하구청,2026-02-27
괴정동127,1,부산광역시 사하구 사하로125번길 4,부산광역시 사하구 괴정동 612-10,35.0928666,128.9925616,2021,건축물,051-220-4671,부산광역시 사하구청,2026-02-27
괴정동1270,1,부산광역시 사하구 까치고개로 51-6,부산광역시 사하구 괴정동 38-2,35.1050886,129.0071915,2021,건축물,051-220-4671,부산광역시 사하구청,2026-02-27
괴정동1271,1,부산광역시 사하구 까치고개로47번길 2,부산광역시 사하구 괴정동 31,35.1049544,129.0071334,2021,한전주,051-220-4671,부산광역시 사하구청,2026-02-27
괴정동1272,1,부산광역시 사하구 까치고개로47번길 8,부산광역시 사하구 괴정동 35-2,35.1050955,129.0067749,2021,전용주,051-220-4671,부산광역시 사하구청,2026-02-27
괴정동1273,1,부산광역시 사하구 까치고개로47번길 11,부산광역시 사하구 괴정동 48-2,35.1051835589,129.0066351,2021,건축물,051-220-4671,부산광역시 사하구청,2026-02-27
괴정동1274,1,부산광역시 사하구 까치고개로47번길 15,부산광역시 사하구 괴정동 49-4,35.1053751,129.0067599,2021,한전주,051-220-4671,부산광역시 사하구청,2026-02-27
괴정동1275,1,부산광역시 사하구 까치고개로47번길 16-4,부산광역시 사하구 괴정동 45-2,35.1052524,129.0070968,2021,건축물,051-220-4671,부산광역시 사하구청,2026-02-27
괴정동1276,1,부산광역시 사하구 까치고개로47번길 16-1,부산광역시 사하구 괴정동 45-1,35.1054675,129.0071679,2021,건축물,051-220-4671,부산광역시 사하구청,2026-02-27
괴정동1277,1,부산광역시 사하구 까치고개로 43,부산광역시 사하구 괴정동 34-2,35.1049323,129.0062884,2021,전용주,051-220-4671,부산광역시 사하구청,2026-02-27
괴정동1278,1,부산광역시 사하구 까치고개로 36-4,부산광역시 사하구 괴정동 12-7,35.1043956116,129.0057385,2021,한전주,051-220-4671,부산광역시 사하구청,2026-02-27
괴정동1279,1,부산광역시 사하구 까치고개로 36-1,부산광역시 사하구 괴정동 12-15,35.1046872,129.0058548,2021,건축물,051-220-4671,부산광역시 사하구청,2026-02-27
괴정동128,1,부산광역시 사하구 사하로125번길 6-2,부산광역시 사하구 괴정동 612-7,35.092685198,128.9924857567,2021,건축물,051-220-4671,부산광역시 사하구청,2026-02-27
괴정동1280,1,부산광역시 사하구 까치고개로 32,부산광역시 사하구 괴정동 12-2,35.1044962503,129.0054576299,2021,전용주,051-220-4671,부산광역시 사하구청,2026-02-27
괴정동1281,1,부산광역시 사하구 낙동대로 99,부산광역시 사하구 괴정동 349-14,35.1042808,129.004814,2021,한전주,051-220-4671,부산광역시 사하구청,2026-02-27
괴정동1282,1,부산광역시 사하구 까치고개로 23-1,부산광역시 사하구 괴정동 349-10,35.1041836,129.0046899883,2021,한전주,051-220-4671,부산광역시 사하구청,2026-02-27
괴정동1283,1,부산광역시 사하구 까치고개로26번길 6,부산광역시 사하구 괴정동 350-7,35.1039982919,129.0051586,2021,한전주,051-220-4671,부산광역시 사하구청,2026-02-27
괴정동1284,1,부산광역시 사하구 까치고개로26번길 7-3,부산광역시 사하구 괴정동 350-52,35.1041226,129.0056655,2021,건축물,051-220-4671,부산광역시 사하구청,2026-02-27
괴정동1285,1,부산광역시 사하구 까치고개로26번길 7-4,부산광역시 사하구 괴정동 350-33,35.1039842261,129.0057284,2021,건축물,051-220-4671,부산광역시 사하구청,2026-02-27
괴정동1286,1,부산광역시 사하구 까치고개로26번길 7,부산광역시 사하구 괴정동 350-22,35.1039988,129.0055199,2021,건축물,051-220-4671,부산광역시 사하구청,2026-02-27
괴정동1287,1,부산광역시 사하구 오작로 141,부산광역시 사하구 괴정동 350-35,35.1038878,129.0056926,2021,한전주,051-220-4671,부산광역시 사하구청,2026-02-27
괴정동1288,1,부산광역시 사하구 오작로 139,부산광역시 사하구 괴정동 350-62,35.1038295,129.0053895433,2021,건축물,051-220-4671,부산광역시 사하구청,2026-02-27
괴정동1289,1,부산광역시 사하구 까치고개로20번길 3-5,부산광역시 사하구 괴정동 354-66,35.1035252,129.0047297,2021,건축물,051-220-4671,부산광역시 사하구청,2026-02-27
괴정동129,1,부산광역시 사하구 사하로125번길 6-8,부산광역시 사하구 괴정동 612-5,35.0925928239,128.9923801,2021,한전주,051-220-4671,부산광역시 사하구청,2026-02-27
괴정동1290,1,부산광역시 사하구 까치고개로20번길 3-5,부산광역시 사하구 괴정동 354-66,35.1035252,129.0047297,2021,한전주,051-220-4671,부산광역시 사하구청,2026-02-27
괴정동1291,1,부산광역시 사하구 까치고개로20번길 11,부산광역시 사하구 괴정동 351-24,35.1032439,129.0042961,2021,건축물,051-220-4671,부산광역시 사하구청,2026-02-27
괴정동1292,1,부산광역시 사하구 까치고개로20번길 15,부산광역시 사하구 괴정동 351-26,35.1030471,129.0041967,2021,한전주,051-220-4671,부산광역시 사하구청,2026-02-27
괴정동1293,1,부산광역시 사하구 까치고개로20번길 7,부산광역시 사하구 괴정동 354-204,35.1034855,129.0044107,2021,건축물,051-220-4671,부산광역시 사하구청,2026-02-27
괴정동1294,1,부산광역시 사하구 까치고개로20번길 1,부산광역시 사하구 괴정동 354-3,35.1036995,129.0045476,2021,건축물,051-220-4671,부산광역시 사하구청,2026-02-27
괴정동1295,1,부산광역시 사하구 낙동대로 99-1,부산광역시 사하구 괴정동 349-15,35.1042275,129.0047689,2021,건축물,051-220-4671,부산광역시 사하구청,2026-02-27
괴정동1296,1,부산광역시 사하구 낙동대로 101-1,부산광역시 사하구 괴정동 349-17,35.1041218,129.0046237,2021,한전주,051-220-4671,부산광역시 사하구청,2026-02-27
괴정동1297,1,부산광역시 사하구 까치고개로 22-3,부산광역시 사하구 괴정동 354-72,35.1037776488,129.0049448,2021,건축물,051-220-4671,부산광역시 사하구청,2026-02-27
괴정동1298,1,부산광역시 사하구 까치고개로 24,부산광역시 사하구 괴정동 350-66,35.1039288,129.0048493,2021,건축물,051-220-4671,부산광역시 사하구청,2026-02-27
괴정동1299,1,부산광역시 사하구 낙동대로 103,부산광역시 사하구 괴정동 347-11,35.104125,129.0044264,2021,건축물,051-220-4671,부산광역시 사하구청,2026-02-27
괴정동130,1,부산광역시 사하구 사하로125번길 6-8,부산광역시 사하구 괴정동 612-5,35.0925928239,128.9923801,2021,전용주,051-220-4671,부산광역시 사하구청,2026-02-27
괴정동1300,1,부산광역시 사하구 까치고개로 10-5,부산광역시 사하구 괴정동 354-101,35.10308395,129.0036449,2021,건축물,051-220-4671,부산광역시 사하구청,2026-02-27
괴정동1301,1,부산광역시 사하구 오작로 121-1,부산광역시 사하구 괴정동 354-28,35.10288092,129.0036947,2021,한전주,051-220-4671,부산광역시 사하구청,2026-02-27
괴정동1302,1,부산광역시 사하구 까치고개로20번길 22,부산광역시 사하구 괴정동 354-43,35.1029524,129.0039481,2021,건축물,051-220-4671,부산광역시 사하구청,2026-02-27
괴정동1303,1,부산광역시 사하구 낙동대로135번길 39-6,부산광역시 사하구 괴정동 354-154,35.10237991,129.0032949,2021,한전주,051-220-4671,부산광역시 사하구청,2026-02-27
괴정동1304,1,부산광역시 사하구 까치고개로6번길 9,부산광역시 사하구 괴정동 354-32,35.10258209,129.0030953,2021,건축물,051-220-4671,부산광역시 사하구청,2026-02-27
괴정동1305,1,부산광역시 사하구 까치고개로6번길 7-1,부산광역시 사하구 괴정동 354-84,35.1029303,129.0030884,2021,건축물,051-220-4671,부산광역시 사하구청,2026-02-27
괴정동1306,1,부산광역시 사하구 까치고개로6번길 7-6,부산광역시 사하구 괴정동 354-97,35.1027833,129.0032751,2021,전용주,051-220-4671,부산광역시 사하구청,2026-02-27
괴정동1307,1,부산광역시 사하구 까치고개로6번길 1-2,부산광역시 사하구 괴정동 354-73,35.1029907,129.0032692,2021,건축물,051-220-4671,부산광역시 사하구청,2026-02-27
괴정동1308,1,부산광역시 사하구 낙동대로135번길 39-2,부산광역시 사하구 괴정동 354-131,35.101985133,129.0027188,2021,건축물,051-220-4671,부산광역시 사하구청,2026-02-27
괴정동1309,1,부산광역시 사하구 낙동대로135번길 39-2,부산광역시 사하구 괴정동 354-131,35.101985133,129.0027188,2021,한전주,051-220-4671,부산광역시 사하구청,2026-02-27
괴정동131,1,부산광역시 사하구 괴정로270번길 29,부산광역시 사하구 괴정동 488-4,35.0954813,128.9913862,2021,한전주,051-220-4671,부산광역시 사하구청,2026-02-27
괴정동1310,1,부산광역시 사하구 낙동대로135번길 39-5,부산광역시 사하구 괴정동 355-1,35.1023615,129.0031661,2021,한전주,051-220-4671,부산광역시 사하구청,2026-02-27
괴정동1311,2,부산광역시 사하구 대티로63번길 54,부산광역시 사하구 괴정동 193-280,35.1075272,129.0041368,2022,한전주,051-220-4671,부산광역시 사하구청,2026-02-27
괴정동1312,1,부산광역시 사하구 오작로122번길 5,부산광역시 사하구 괴정동 352-74,35.1025477,129.0044426,2021,한전주,051-220-4671,부산광역시 사하구청,2026-02-27
괴정동1313,1,부산광역시 사하구 오작로122번길 5,부산광역시 사하구 괴정동 352-74,35.1025477,129.0044426,2021,한전주,051-220-4671,부산광역시 사하구청,2026-02-27
괴정동1314,1,부산광역시 사하구 오작로122번길 9-2,부산광역시 사하구 괴정동 352-79,35.1025969,129.0047399,2021,건축물,051-220-4671,부산광역시 사하구청,2026-02-27
괴정동1315,1,부산광역시 사하구 오작로122번길 9,부산광역시 사하구 괴정동 352-80,35.1024803,129.0046913582,2021,한전주,051-220-4671,부산광역시 사하구청,2026-02-27
괴정동1316,1,부산광역시 사하구 오작로122번길 13-4,부산광역시 사하구 괴정동 352-84,35.1026462,129.0050262,2021,건축물,051-220-4671,부산광역시 사하구청,2026-02-27
괴정동1317,1,부산광역시 사하구 오작로122번길 18,부산광역시 사하구 괴정동 352-72,35.10227486,129.0048141,2021,한전주,051-220-4671,부산광역시 사하구청,2026-02-27
괴정동1318,1,부산광역시 사하구 오작로122번길 20,부산광역시 사하구 괴정동 352-71,35.1021634972,129.0047743326,2021,한전주,051-220-4671,부산광역시 사하구청,2026-02-27
괴정동1319,1,부산광역시 사하구 오작로122번길 24,부산광역시 사하구 괴정동 352-69,35.1019575,129.0046983,2021,한전주,051-220-4671,부산광역시 사하구청,2026-02-27
괴정동132,2,부산광역시 사하구 괴정로270번길 25,부산광역시 사하구 괴정동 488-13,35.0958897,128.9911945888,2021,한전주,051-220-4671,부산광역시 사하구청,2026-02-27
괴정동1320,1,부산광역시 사하구 오작로122번길 12-6,부산광역시 사하구 괴정동 352-53,35.10198455,129.0044513,2021,한전주,051-220-4671,부산광역시 사하구청,2026-02-27
괴정동1321,1,부산광역시 사하구 오작로122번길 12-4,부산광역시 사하구 괴정동 352-60,35.1021593,129.0044989,2021,한전주,051-220-4671,부산광역시 사하구청,2026-02-27
괴정동1322,1,부산광역시 사하구 오작로122번길 6-4,부산광역시 사하구 괴정동 352-50,35.10218557,129.0042479,2021,건축물,051-220-4671,부산광역시 사하구청,2026-02-27
괴정동1323,1,부산광역시 사하구 오작로122번길 13-4,부산광역시 사하구 괴정동 352-84,35.1026462,129.0050262,2021,건축물,051-220-4671,부산광역시 사하구청,2026-02-27
괴정동1324,1,부산광역시 사하구 오작로122번길 13-4,부산광역시 사하구 괴정동 352-84,35.1026462,129.0050262,2021,건축물,051-220-4671,부산광역시 사하구청,2026-02-27
괴정동1325,1,부산광역시 사하구 오작로122번길 13,부산광역시 사하구 괴정동 352-86,35.1024212,129.0049940801,2021,건축물,051-220-4671,부산광역시 사하구청,2026-02-27
괴정동1326,1,부산광역시 사하구 오작로122번길 19,부산광역시 사하구 괴정동 352-89,35.10209122,129.0049921,2021,건축물,051-220-4671,부산광역시 사하구청,2026-02-27
괴정동1327,1,부산광역시 사하구 오작로122번길 25,부산광역시 사하구 괴정동 352-92,35.1018737,129.0048757,2021,건축물,051-220-4671,부산광역시 사하구청,2026-02-27
괴정동1328,1,부산광역시 사하구 오작로 104-3,부산광역시 사하구 괴정동 352-104,35.1014554,129.0045585,2021,한전주,051-220-4671,부산광역시 사하구청,2026-02-27
괴정동1329,1,부산광역시 사하구 오작로 104-3,부산광역시 사하구 괴정동 352-104,35.1014554,129.0045585,2021,한전주,051-220-4671,부산광역시 사하구청,2026-02-27
괴정동133,1,부산광역시 사하구 괴정로270번길 13,부산광역시 사하구 괴정동 486-37,35.0962706,128.9910655,2021,한전주,051-220-4671,부산광역시 사하구청,2026-02-27
괴정동1330,1,부산광역시 사하구 오작로 104-1,부산광역시 사하구 괴정동 352-33,35.1012625,129.0042357,2021,한전주,051-220-4671,부산광역시 사하구청,2026-02-27
괴정동1331,1,부산광역시 사하구 오작로 104-1,부산광역시 사하구 괴정동 352-33,35.1012625,129.0042357,2021,한전주,051-220-4671,부산광역시 사하구청,2026-02-27
괴정동1332,1,부산광역시 사하구 오작로 106,부산광역시 사하구 괴정동 352-26,35.1011672,129.0039946419,2021,한전주,051-220-4671,부산광역시 사하구청,2026-02-27
괴정동1333,1,부산광역시 사하구 오작로 106,부산광역시 사하구 괴정동 352-26,35.1011672,129.0039946419,2021,한전주,051-220-4671,부산광역시 사하구청,2026-02-27
괴정동1334,1,부산광역시 사하구 오작로 102,부산광역시 사하구 괴정동 377-75,35.100840538,129.0035988864,2021,건축물,051-220-4671,부산광역시 사하구청,2026-02-27
괴정동1335,1,부산광역시 사하구 오작로 102,부산광역시 사하구 괴정동 377-75,35.100840538,129.0035988864,2021,건축물,051-220-4671,부산광역시 사하구청,2026-02-27
괴정동1336,1,부산광역시 사하구 오작로88번길 22-2,부산광역시 사하구 괴정동 378-208,35.100359,129.0032816,2021,한전주,051-220-4671,부산광역시 사하구청,2026-02-27
괴정동1337,1,부산광역시 사하구 오작로88번길 22-6,부산광역시 사하구 괴정동 378-216,35.1001967,129.0032886,2021,건축물,051-220-4671,부산광역시 사하구청,2026-02-27
괴정동1338,1,부산광역시 사하구 오작로88번길 12-5,부산광역시 사하구 괴정동 378-214,35.1000621,129.0032524,2021,건축물,051-220-4671,부산광역시 사하구청,2026-02-27
괴정동1339,1,부산광역시 사하구 오작로88번길 12-8,부산광역시 사하구 괴정동 378-220,35.0997784692,129.0032789,2021,건축물,051-220-4671,부산광역시 사하구청,2026-02-27
괴정동134,1,부산광역시 사하구 괴정로270번길 7,부산광역시 사하구 괴정동 486-38,35.0964923289,128.9910604,2021,한전주,051-220-4671,부산광역시 사하구청,2026-02-27
괴정동1340,1,부산광역시 사하구 오작로88번길 12-4,부산광역시 사하구 괴정동 378-218,35.099974,129.0031296,2021,한전주,051-220-4671,부산광역시 사하구청,2026-02-27
괴정동1341,1,부산광역시 사하구 오작로88번길 12,부산광역시 사하구 괴정동 378-210,35.1002812,129.0030823,2021,한전주,051-220-4671,부산광역시 사하구청,2026-02-27
괴정동1342,1,부산광역시 사하구 오작로88번길 5,부산광역시 사하구 괴정동 380-61,35.1000982,129.0026903269,2021,한전주,051-220-4671,부산광역시 사하구청,2026-02-27
괴정동1343,1,부산광역시 사하구 오작로76번길 52-6,부산광역시 사하구 괴정동 378-241,35.0996242,129.0030333,2021,한전주,051-220-4671,부산광역시 사하구청,2026-02-27
괴정동1344,1,부산광역시 사하구 오작로76번길 49,부산광역시 사하구 괴정동 378-254,35.0994247,129.0025569,2021,건축물,051-220-4671,부산광역시 사하구청,2026-02-27
괴정동1345,1,부산광역시 사하구 오작로76번길 50,부산광역시 사하구 괴정동 378-238,35.0993965297,129.0027542,2021,한전주,051-220-4671,부산광역시 사하구청,2026-02-27
괴정동1346,1,부산광역시 사하구 오작로76번길 41,부산광역시 사하구 괴정동 378-267,35.0991833,129.0024414,2021,한전주,051-220-4671,부산광역시 사하구청,2026-02-27
괴정동1347,1,부산광역시 사하구 오작로76번길 35,부산광역시 사하구 괴정동 378-264,35.098998,129.0021917549,2021,한전주,051-220-4671,부산광역시 사하구청,2026-02-27
괴정동1348,1,부산광역시 사하구 오작로76번길 17-11,부산광역시 사하구 괴정동 378-262,35.0990749,129.0019124,2021,한전주,051-220-4671,부산광역시 사하구청,2026-02-27
괴정동1349,1,부산광역시 사하구 오작로76번길 17-4,부산광역시 사하구 괴정동 378-271,35.098789,129.0017629,2021,건축물,051-220-4671,부산광역시 사하구청,2026-02-27
괴정동135,1,부산광역시 사하구 괴정로284번길 24,부산광역시 사하구 괴정동 486-28,35.0962639,128.991471,2021,한전주,051-220-4671,부산광역시 사하구청,2026-02-27
괴정동1350,1,부산광역시 사하구 오작로76번길 19,부산광역시 사하구 괴정동 378-272,35.0986917,129.0016509,2021,한전주,051-220-4671,부산광역시 사하구청,2026-02-27
괴정동1351,1,부산광역시 사하구 오작로76번길 17-5,부산광역시 사하구 괴정동 378-133,35.0988921,129.0016771158,2021,건축물,051-220-4671,부산광역시 사하구청,2026-02-27
괴정동1352,1,부산광역시 사하구 오작로78번길 2-8,부산광역시 사하구 괴정동 산65-8,35.0991002812,129.0017711449,2021,건축물,051-220-4671,부산광역시 사하구청,2026-02-27
괴정동1353,1,부산광역시 사하구 오작로78번길 2-10,부산광역시 사하구 괴정동 산65-8,35.0991222537,129.0018867079,2021,건축물,051-220-4671,부산광역시 사하구청,2026-02-27
괴정동1354,1,부산광역시 사하구 오작로78번길 14,부산광역시 사하구 괴정동 산65-8,35.0991288167,129.0019585814,2021,건축물,051-220-4671,부산광역시 사하구청,2026-02-27
괴정동1355,1,부산광역시 사하구 오작로78번길 16-1,부산광역시 사하구 괴정동 산65-8,35.0992464143,129.0023353738,2021,건축물,051-220-4671,부산광역시 사하구청,2026-02-27
괴정동1356,1,부산광역시 사하구 오작로78번길 13,부산광역시 사하구 괴정동 378-37,35.09948143,129.0020655,2021,건축물,051-220-4671,부산광역시 사하구청,2026-02-27
괴정동1357,1,부산광역시 사하구 오작로78번길 10,부산광역시 사하구 괴정동 산 65-4,35.0993685836,129.0018299007,2021,건축물,051-220-4671,부산광역시 사하구청,2026-02-27
괴정동1358,1,부산광역시 사하구 오작로 78,부산광역시 사하구 괴정동 378-5,35.099423,129.001570,2021,건축물,051-220-4671,부산광역시 사하구청,2026-02-27
괴정동1359,1,부산광역시 사하구 오작로78번길 2,부산광역시 사하구 괴정동 산 65-8,35.0993416179,129.0014448,2021,건축물,051-220-4671,부산광역시 사하구청,2026-02-27
괴정동136,1,부산광역시 사하구 괴정로284번길 21,부산광역시 사하구 괴정동 488-12,35.095795,128.9914925,2021,건축물,051-220-4671,부산광역시 사하구청,2026-02-27
괴정동1360,1,부산광역시 사하구 오작로78번길 2-4,부산광역시 사하구 괴정동 산65-8,35.0990085356,129.0015532147,2021,건축물,051-220-4671,부산광역시 사하구청,2026-02-27
괴정동1361,1,부산광역시 사하구 오작로76번길 15,부산광역시 사하구 괴정동 378-260,35.0987858,129.001396863,2021,건축물,051-220-4671,부산광역시 사하구청,2026-02-27
괴정동1362,1,부산광역시 사하구 오작로76번길 22-13,부산광역시 사하구 괴정동 378-136,35.0986840459,129.0007411,2021,한전주,051-220-4671,부산광역시 사하구청,2026-02-27
괴정동1363,1,부산광역시 사하구 오작로76번길 22-7,부산광역시 사하구 괴정동 378-328,35.0985112,129.0010380653,2021,건축물,051-220-4671,부산광역시 사하구청,2026-02-27
괴정동1364,1,부산광역시 사하구 오작로76번길 22,부산광역시 사하구 괴정동 378-258,35.0984549642,129.0016008654,2021,건축물,051-220-4671,부산광역시 사하구청,2026-02-27
괴정동1365,1,부산광역시 사하구 오작로76번길 22,부산광역시 사하구 괴정동 378-258,35.0984761,129.0016127,2021,한전주,051-220-4671,부산광역시 사하구청,2026-02-27
괴정동1366,1,부산광역시 사하구 오작로76번길 27,부산광역시 사하구 괴정동 378-274,35.0986828229,129.0018376,2021,한전주,051-220-4671,부산광역시 사하구청,2026-02-27
괴정동1367,1,부산광역시 사하구 오작로76번길 2,부산광역시 사하구 괴정동 378-77,35.0992407,129.0011489,2021,건축물,051-220-4671,부산광역시 사하구청,2026-02-27
괴정동1368,1,부산광역시 사하구 오작로 88,부산광역시 사하구 괴정동 378-7,35.0999152,129.0023277,2021,한전주,051-220-4671,부산광역시 사하구청,2026-02-27
괴정동1369,1,부산광역시 사하구 오작로 88,부산광역시 사하구 괴정동 378-7,35.0999152,129.0023277,2021,건축물,051-220-4671,부산광역시 사하구청,2026-02-27
괴정동137,1,부산광역시 사하구 괴정로284번길 9,부산광역시 사하구 괴정동 487-18,35.0960258,128.9922547,2021,한전주,051-220-4671,부산광역시 사하구청,2026-02-27
괴정동1370,1,부산광역시 사하구 오작로78번길 26,부산광역시 사하구 괴정동 378-126,35.0997539,129.0022689,2021,건축물,051-220-4671,부산광역시 사하구청,2026-02-27
괴정동1371,1,부산광역시 사하구 오작로78번길 22,부산광역시 사하구 괴정동 378-78,35.0995725,129.0023413,2021,건축물,051-220-4671,부산광역시 사하구청,2026-02-27
괴정동1372,1,부산광역시 사하구 오작로76번길 51-1,부산광역시 사하구 괴정동 378-253,35.0993911,129.0023965844,2021,건축물,051-220-4671,부산광역시 사하구청,2026-02-27
괴정동1373,1,부산광역시 사하구 오작로 87,부산광역시 사하구 괴정동 380-36,35.100151,129.0022348,2021,건축물,051-220-4671,부산광역시 사하구청,2026-02-27
괴정동1374,1,부산광역시 사하구 오작로 85-2,부산광역시 사하구 괴정동 380-13,35.1002622,129.0020511,2021,한전주,051-220-4671,부산광역시 사하구청,2026-02-27
괴정동1375,1,부산광역시 사하구 오작로 87-3,부산광역시 사하구 괴정동 380-16,35.1003971,129.0020653,2021,건축물,051-220-4671,부산광역시 사하구청,2026-02-27
괴정동1376,1,부산광역시 사하구 낙동대로135번길 52-12,부산광역시 사하구 괴정동 380-48,35.1006996,129.0017547,2021,건축물,051-220-4671,부산광역시 사하구청,2026-02-27
괴정동1377,1,부산광역시 사하구 사리로8번길 30-4,부산광역시 사하구 괴정동 380-3,35.10087733,129.0019450913,2021,한전주,051-220-4671,부산광역시 사하구청,2026-02-27
괴정동1378,1,부산광역시 사하구 낙동대로135번길 52-7,부산광역시 사하구 괴정동 380-7,35.1007564,129.0021399,2021,건축물,051-220-4671,부산광역시 사하구청,2026-02-27
괴정동1379,1,부산광역시 사하구 사리로8번길 30-4,부산광역시 사하구 괴정동 380-3,35.10087733,129.0019571,2021,한전주,051-220-4671,부산광역시 사하구청,2026-02-27
괴정동138,1,부산광역시 사하구 괴정로284번길 9-4,부산광역시 사하구 괴정동 487-11,35.0960414,128.9923976,2021,건축물,051-220-4671,부산광역시 사하구청,2026-02-27
괴정동1380,1,부산광역시 사하구 낙동대로135번길 54-13,부산광역시 사하구 괴정동 377-52,35.1006614,129.0024337,2021,한전주,051-220-4671,부산광역시 사하구청,2026-02-27
괴정동1381,1,부산광역시 사하구 오작로 89-6,부산광역시 사하구 괴정동 380-15,35.1005840871,129.0020923134,2021,한전주,051-220-4671,부산광역시 사하구청,2026-02-27
괴정동1382,1,부산광역시 사하구 오작로 89-5,부산광역시 사하구 괴정동 380-26,35.1004591,129.0020998604,2021,건축물,051-220-4671,부산광역시 사하구청,2026-02-27
괴정동1383,1,부산광역시 사하구 오작로 89-2,부산광역시 사하구 괴정동 380-32,35.1003876962,129.0024494,2021,한전주,051-220-4671,부산광역시 사하구청,2026-02-27
괴정동1384,1,부산광역시 사하구 오작로 89-1,부산광역시 사하구 괴정동 380-33,35.1003468,129.0023821,2021,건축물,051-220-4671,부산광역시 사하구청,2026-02-27
괴정동1385,1,부산광역시 사하구 오작로 87-1,부산광역시 사하구 괴정동 380-17,35.100295,129.0022493,2021,건축물,051-220-4671,부산광역시 사하구청,2026-02-27
괴정동1386,1,부산광역시 사하구 낙동대로135번길 54,부산광역시 사하구 괴정동 374-12,35.1012604,129.0027224,2021,한전주,051-220-4671,부산광역시 사하구청,2026-02-27
괴정동1387,1,부산광역시 사하구 낙동대로140번길 51,부산광역시 사하구 괴정동 1238-277,35.1046627581,129.0032145541,2021,한전주,051-220-4671,부산광역시 사하구청,2026-02-27
괴정동1388,1,부산광역시 사하구 낙동대로135번길 54,부산광역시 사하구 괴정동 374-12,35.1012604,129.0027224,2021,한전주,051-220-4671,부산광역시 사하구청,2026-02-27
괴정동1389,1,부산광역시 사하구 낙동대로135번길 54-6,부산광역시 사하구 괴정동 374-10,35.1010736,129.0025753,2021,건축물,051-220-4671,부산광역시 사하구청,2026-02-27
괴정동139,1,부산광역시 사하구 괴정로284번길 8,부산광역시 사하구 괴정동 486-12,35.0961811,128.9921269,2021,한전주,051-220-4671,부산광역시 사하구청,2026-02-27
괴정동1390,1,부산광역시 사하구 낙동대로135번길 54-8,부산광역시 사하구 괴정동 377-23,35.100994,129.0024857,2021,건축물,051-220-4671,부산광역시 사하구청,2026-02-27
괴정동1391,1,부산광역시 사하구 낙동대로135번길 52-4,부산광역시 사하구 괴정동 374-7,35.1009967,129.0023212,2021,건축물,051-220-4671,부산광역시 사하구청,2026-02-27
괴정동1392,1,부산광역시 사하구 낙동대로135번길 52-3,부산광역시 사하구 괴정동 374-6,35.10108351,129.0023877,2021,건축물,051-220-4671,부산광역시 사하구청,2026-02-27
괴정동1393,1,부산광역시 사하구 낙동대로135번길 62-2,부산광역시 사하구 괴정동 374-20,35.10098609,129.0029136,2021,건축물,051-220-4671,부산광역시 사하구청,2026-02-27
괴정동1394,1,부산광역시 사하구 낙동대로135번길 62-8,부산광역시 사하구 괴정동 374-17,35.1007118,129.0026038,2021,건축물,051-220-4671,부산광역시 사하구청,2026-02-27
괴정동1395,1,부산광역시 사하구 낙동대로135번길 46,부산광역시 사하구 괴정동 354-110,35.1014514,129.0026175,2021,한전주,051-220-4671,부산광역시 사하구청,2026-02-27
괴정동1396,1,부산광역시 사하구 낙동대로135번길 40-5,부산광역시 사하구 괴정동 372,35.10129744,129.0021538,2021,한전주,051-220-4671,부산광역시 사하구청,2026-02-27
괴정동1397,1,부산광역시 사하구 낙동대로135번길 40-5,부산광역시 사하구 괴정동 372,35.10129744,129.0021538,2021,한전주,051-220-4671,부산광역시 사하구청,2026-02-27
괴정동1398,1,부산광역시 사하구 사리로8번길 30-2,부산광역시 사하구 괴정동 365-12,35.1012832,129.0013413,2021,건축물,051-220-4671,부산광역시 사하구청,2026-02-27
괴정동1399,1,부산광역시 사하구 사리로8번길 52-5,부산광역시 사하구 괴정동 368-4,35.1016705,129.0018991,2021,한전주,051-220-4671,부산광역시 사하구청,2026-02-27
괴정동140,1,부산광역시 사하구 괴정로 288-6,부산광역시 사하구 괴정동 487-23,35.0960649,128.9926175,2021,건축물,051-220-4671,부산광역시 사하구청,2026-02-27
괴정동1400,1,부산광역시 사하구 사리로8번길 52-4,부산광역시 사하구 괴정동 368-8,35.1017426,129.0018932,2021,전용주,051-220-4671,부산광역시 사하구청,2026-02-27
괴정동1401,1,부산광역시 사하구 사리로8번길 52-1,부산광역시 사하구 괴정동 368-2,35.101959,129.0018952,2021,건축물,051-220-4671,부산광역시 사하구청,2026-02-27
괴정동1402,1,부산광역시 사하구 낙동대로135번길 30,부산광역시 사하구 괴정동 354-109,35.1020991,129.0021398,2021,건축물,051-220-4671,부산광역시 사하구청,2026-02-27
괴정동1403,1,부산광역시 사하구 사리로18번길 30,부산광역시 사하구 괴정동 361,35.1020486,129.0008337,2021,한전주,051-220-4671,부산광역시 사하구청,2026-02-27
괴정동1404,1,부산광역시 사하구 낙동대로 116,부산광역시 사하구 괴정동 328-1,35.1038357709,129.0029315,2024,한전주,051-220-4671,부산광역시 사하구청,2026-02-27
괴정동1405,1,부산광역시 사하구 낙동대로135번안길 21-2,부산광역시 사하구 괴정동 303-5,35.1022893,129.0004448,2021,건축물,051-220-4671,부산광역시 사하구청,2026-02-27
괴정동1406,1,부산광역시 사하구 낙동대로135번안길 15,부산광역시 사하구 괴정동 303-12,35.1024429129,129.0004069,2021,한전주,051-220-4671,부산광역시 사하구청,2026-02-27
괴정동1407,1,부산광역시 사하구 낙동대로135번안길 15,부산광역시 사하구 괴정동 303-12,35.1024696,129.0004383,2021,한전주,051-220-4671,부산광역시 사하구청,2026-02-27
괴정동1408,1,부산광역시 사하구 낙동대로135번안길 9,부산광역시 사하구 괴정동 323-7,35.102681,129.0007395,2021,전용주,051-220-4671,부산광역시 사하구청,2026-02-27
괴정동1409,1,부산광역시 사하구 낙동대로135번안길 3-1,부산광역시 사하구 괴정동 324-8,35.1028533,129.0012152,2021,건축물,051-220-4671,부산광역시 사하구청,2026-02-27
괴정동141,1,부산광역시 사하구 괴정로 290,부산광역시 사하구 괴정동 487-31,35.0963185188,128.9929832795,2021,건축물,051-220-4671,부산광역시 사하구청,2026-02-27
괴정동1410,1,부산광역시 사하구 낙동대로135번안길 1,부산광역시 사하구 괴정동 324-7,35.1029359,129.0011295,2021,한전주,051-220-4671,부산광역시 사하구청,2026-02-27
괴정동1411,1,부산광역시 사하구 낙동대로135번길 8,부산광역시 사하구 괴정동 324-9,35.1029416,129.001327,2021,전용주,051-220-4671,부산광역시 사하구청,2026-02-27
괴정동1412,1,부산광역시 사하구 사리로18번길 31,부산광역시 사하구 괴정동 361-1,35.10219646,129.0007831,2021,전용주,051-220-4671,부산광역시 사하구청,2026-02-27
괴정동1413,1,부산광역시 사하구 사리로18번길 39,부산광역시 사하구 괴정동 361-1,35.1023512,129.0010604,2021,전용주,051-220-4671,부산광역시 사하구청,2026-02-27
괴정동1414,1,부산광역시 사하구 사리로18번길 39,부산광역시 사하구 괴정동 361-1,35.10232998,129.0010536,2021,전용주,051-220-4671,부산광역시 사하구청,2026-02-27
괴정동1415,1,부산광역시 사하구 낙동대로135번길 12,부산광역시 사하구 괴정동 358-10,35.1027595,129.0014432,2021,전용주,051-220-4671,부산광역시 사하구청,2026-02-27
괴정동1416,1,부산광역시 사하구 낙동대로135번길 8,부산광역시 사하구 괴정동 324-9,35.1029416,129.001327,2021,한전주,051-220-4671,부산광역시 사하구청,2026-02-27
괴정동1417,1,부산광역시 사하구 낙동대로 123,부산광역시 사하구 괴정동 358-1,35.103219,129.002540,2021,전용주,051-220-4671,부산광역시 사하구청,2026-02-27
괴정동1418,1,부산광역시 사하구 낙동대로 123,부산광역시 사하구 괴정동 358-1,35.103219,129.002540,2021,전용주,051-220-4671,부산광역시 사하구청,2026-02-27
괴정동1419,1,부산광역시 사하구 낙동대로 123,부산광역시 사하구 괴정동 358-1,35.103219,129.002540,2021,전용주,051-220-4671,부산광역시 사하구청,2026-02-27
괴정동142,1,부산광역시 사하구 괴정로 292-1,부산광역시 사하구 괴정동 487-25,35.096163,128.9932229,2021,건축물,051-220-4671,부산광역시 사하구청,2026-02-27
괴정동1420,1,부산광역시 사하구 사리로8번길 5-7,부산광역시 사하구 괴정동 301-3,35.1013404,129.0000598,2021,건축물,051-220-4671,부산광역시 사하구청,2026-02-27
괴정동1421,1,부산광역시 사하구 사리로 18,부산광역시 사하구 괴정동 298-1,35.1013675,128.9995122,2021,건축물,051-220-4671,부산광역시 사하구청,2026-02-27
괴정동1422,1,부산광역시 사하구 사리로18번길 9,부산광역시 사하구 괴정동 305-11,35.1016993514,128.9997731,2021,한전주,051-220-4671,부산광역시 사하구청,2026-02-27
괴정동1423,1,부산광역시 사하구 사리로4번길 5,부산광역시 사하구 괴정동 380-43,35.1004637,129.0002138,2021,한전주,051-220-4671,부산광역시 사하구청,2026-02-27
괴정동1424,1,부산광역시 사하구 오작로 63-4,부산광역시 사하구 괴정동 378-139,35.1002565,129.0001973354,2021,건축물,051-220-4671,부산광역시 사하구청,2026-02-27
괴정동1426,1,부산광역시 사하구 사리로4번길 10,부산광역시 사하구 괴정동 378-134,35.100272,129.0003627,2021,건축물,051-220-4671,부산광역시 사하구청,2026-02-27
괴정동1427,1,부산광역시 사하구 사리로4번길 3,부산광역시 사하구 괴정동 379-4,35.1004450338,128.9999691798,2021,건축물,051-220-4671,부산광역시 사하구청,2026-02-27
괴정동1428,1,부산광역시 사하구 사리로8번길 28,부산광역시 사하구 괴정동 380-1,35.100724,129.0013715,2021,건축물,051-220-4671,부산광역시 사하구청,2026-02-27
괴정동1429,1,부산광역시 사하구 사리로4번길 27,부산광역시 사하구 괴정동 378-45,35.1000334,129.0011683,2021,건축물,051-220-4671,부산광역시 사하구청,2026-02-27
괴정동143,1,부산광역시 사하구 사하로 153,부산광역시 사하구 괴정동 491-27,35.0955575,128.9933288,2021,한전주,051-220-4671,부산광역시 사하구청,2026-02-27
괴정동1430,1,부산광역시 사하구 오작로67번길 9,부산광역시 사하구 괴정동 378-41,35.0998338,129.0006955,2021,한전주,051-220-4671,부산광역시 사하구청,2026-02-27
괴정동1431,1,부산광역시 사하구 오작로67번길 17,부산광역시 사하구 괴정동 378-79,35.1000562,129.0008837,2021,건축물,051-220-4671,부산광역시 사하구청,2026-02-27
괴정동1432,1,부산광역시 사하구 오작로73번길 5,부산광역시 사하구 괴정동 378-156,35.0996738,129.0011156,2021,건축물,051-220-4671,부산광역시 사하구청,2026-02-27
괴정동1433,1,부산광역시 사하구 오작로73번길 9,부산광역시 사하구 괴정동 378-155,35.0998954,129.0013403,2021,한전주,051-220-4671,부산광역시 사하구청,2026-02-27
괴정동1434,1,부산광역시 사하구 오작로73번길 8,부산광역시 사하구 괴정동 378-72,35.0996974,129.0013245,2021,건축물,051-220-4671,부산광역시 사하구청,2026-02-27
괴정동1435,1,부산광역시 사하구 오작로 79,부산광역시 사하구 괴정동 378-202,35.0996685558,129.0015887,2021,건축물,051-220-4671,부산광역시 사하구청,2026-02-27
괴정동1436,1,부산광역시 사하구 오작로73번길 22,부산광역시 사하구 괴정동 378-159,35.1001658,129.001336,2021,건축물,051-220-4671,부산광역시 사하구청,2026-02-27
괴정동1437,1,부산광역시 사하구 오작로83번길 9,부산광역시 사하구 괴정동 378-15,35.100326,129.0014605,2021,건축물,051-220-4671,부산광역시 사하구청,2026-02-27
괴정동1438,1,부산광역시 사하구 오작로83번길 6,부산광역시 사하구 괴정동 378-158,35.1000965,129.0017181,2021,건축물,051-220-4671,부산광역시 사하구청,2026-02-27
괴정동1439,1,부산광역시 사하구 오작로 81-1,부산광역시 사하구 괴정동 378-84,35.099953,129.0016707,2021,건축물,051-220-4671,부산광역시 사하구청,2026-02-27
괴정동144,1,부산광역시 사하구 사하로155번길 2,부산광역시 사하구 괴정동 487-45,35.095767,128.9931913,2021,한전주,051-220-4671,부산광역시 사하구청,2026-02-27
괴정동1440,1,부산광역시 사하구 까치고개로 46,부산광역시 사하구 괴정동 13,35.1045666,129.0065908807,2021,건축물,051-220-4671,부산광역시 사하구청,2026-02-27
괴정동1441,1,부산광역시 사하구 오작로88번길 12-8,부산광역시 사하구 괴정동 378-220,35.0997784692,129.0032789,2021,전용주,051-220-4671,부산광역시 사하구청,2026-02-27
괴정동1442,1,부산광역시 사하구 오작로88번길 12-8,부산광역시 사하구 괴정동 378-220,35.0997784692,129.0032789,2021,전용주,051-220-4671,부산광역시 사하구청,2026-02-27
괴정동1443,1,부산광역시 사하구 사리로 3,부산광역시 사하구 괴정동 378-307,35.10019539,128.9997135073,2021,한전주,051-220-4671,부산광역시 사하구청,2026-02-27
괴정동1444,1,부산광역시 사하구 낙동대로 123,부산광역시 사하구 괴정동 358-1,35.103219,129.002540,2021,한전주,051-220-4671,부산광역시 사하구청,2026-02-27
괴정동1445,1,부산광역시 사하구 낙동대로 123,부산광역시 사하구 괴정동 358-1,35.103219,129.002540,2021,한전주,051-220-4671,부산광역시 사하구청,2026-02-27
괴정동1446,1,부산광역시 사하구 낙동대로 123,부산광역시 사하구 괴정동 358-1,35.103219,129.002540,2021,한전주,051-220-4671,부산광역시 사하구청,2026-02-27
괴정동1447,1,부산광역시 사하구 낙동대로 123,부산광역시 사하구 괴정동 358-1,35.103219,129.002540,2021,한전주,051-220-4671,부산광역시 사하구청,2026-02-27
괴정동1448,1,부산광역시 사하구 대티로 81번길 31-4,부산광역시 사하구 괴정동 100-88,35.1074623474,129.0070007976,2022,한전주,051-220-4671,부산광역시 사하구청,2026-02-27
괴정동1449,1,부산광역시 사하구 낙동대로 140번길 144,부산광역시 사하구 괴정동 144,35.106561,129.0075237,2022,건축물,051-220-4671,부산광역시 사하구청,2026-02-27
괴정동145,1,부산광역시 사하구 사하로155번길 8,부산광역시 사하구 괴정동 487-42,35.0957807,128.9928923225,2021,한전주,051-220-4671,부산광역시 사하구청,2026-02-27
괴정동1450,1,부산광역시 사하구 대티로63번길 28-6,부산광역시 사하구 괴정동 100-39,35.1071549,129.0053998,2021,건축물,051-220-4671,부산광역시 사하구청,2026-02-27
괴정동1451,1,부산광역시 사하구 오작로 139,부산광역시 사하구 괴정동 350-62,35.1038295,129.0053895433,2022,건축물,051-220-4671,부산광역시 사하구청,2026-02-27
괴정동1452,1,부산광역시 사하구 사리로 4,부산광역시 사하구 괴정동 378-295,35.100285011,128.9999687,2022,건축물,051-220-4671,부산광역시 사하구청,2026-02-27
괴정동1453,1,부산광역시 사하구 대티로 81번길 24,부산광역시 사하구 괴정동 100-98,35.1073619,129.0075981,2022,건축물,051-220-4671,부산광역시 사하구청,2026-02-27
괴정동1454,2,부산광역시 사하구 대티로1번길 22,부산광역시 사하구 괴정동 213-6,35.1054213,128.9990519,2022,한전주,051-220-4671,부산광역시 사하구청,2026-02-27
괴정동1455,1,부산광역시 사하구 대티로1번길 22,부산광역시 사하구 괴정동 213-6,35.1054213,128.9990519,2022,한전주,051-220-4671,부산광역시 사하구청,2026-02-27
괴정동1456,1,부산광역시 사하구 대티로63번길 52,부산광역시 사하구 괴정동 193-238,35.1074808,129.0042234,2022,한전주,051-220-4671,부산광역시 사하구청,2026-02-27
괴정동1457,1,부산광역시 사하구 오작로 65-5,부산광역시 사하구 괴정동 378-135,35.1001818,129.0003714,2023,,051-220-4671,부산광역시 사하구청,2026-02-27
괴정동1458,1,부산광역시 사하구 오작로67번길 8,부산광역시 사하구 괴정동 378-71,35.0997497,129.0008872,2023,,051-220-4671,부산광역시 사하구청,2026-02-27
괴정동1459,1,부산광역시 사하구 사리로4번길 18,부산광역시 사하구 괴정동 378-26,35.1001852,129.0006977,2023,,051-220-4671,부산광역시 사하구청,2026-02-27
괴정동146,1,부산광역시 사하구 사하로 147-1,부산광역시 사하구 괴정동 491-3,35.0950473,128.993119,2021,한전주,051-220-4671,부산광역시 사하구청,2026-02-27
괴정동1460,1,,부산광역시 사하구 괴정동 26-6,35.104917,129.0093914,2024,한전주,051-220-4671,부산광역시 사하구청,2026-02-27
괴정동1461,1,부산광역시 사하구 까치고개로 59-6,부산광역시 사하구 괴정동 2-9,35.1044658,129.0083386,2024,,051-220-4671,부산광역시 사하구청,2026-02-27
괴정동1462,1,부산광역시 사하구 오작로184번길 11,부산광역시 사하구 괴정동 79-1,35.1063999,129.0085505,2024,건축물,051-220-4671,부산광역시 사하구청,2026-02-27
괴정동1463,1,,부산광역시 사하구 괴정동 387-10,35.1008929,128.9998734,2024,한전주,051-220-4671,부산광역시 사하구청,2026-02-27
괴정동1464,1,부산광역시 사하구 대티로81번길 10,부산광역시 사하구 괴정동 99,35.1074499,129.0082692,2025,한전주,051-220-4671,부산광역시 사하구청,2026-02-27
괴정동1465,1,,부산광역시 사하구 괴정동 207-134,35.1057998749,129.001385154,2025,한전주,051-220-4671,부산광역시 사하구청,2026-02-27
괴정동1466,1,부산광역시 사하구 낙동대로 122-7,부산광역시 사하구 괴정동 331-16,35.1040539,129.0021876,2025,한전주,051-220-4671,부산광역시 사하구청,2026-02-27
괴정동1467,1,,부산광역시 사하구 괴정동 207-132,35.1055569485,129.0014730996,2025,한전주,051-220-4671,부산광역시 사하구청,2026-02-27
괴정동147,1,부산광역시 사하구 사하로141번길 20,부산광역시 사하구 괴정동 491-9,35.0947893,128.9918189,2021,한전주,051-220-4671,부산광역시 사하구청,2026-02-27
괴정동148,1,부산광역시 사하구 사하로175번길 27,부산광역시 사하구 괴정동 484-30,35.0968623,128.9928882232,2021,한전주,051-220-4671,부산광역시 사하구청,2026-02-27
괴정동1484,1,부산광역시 사하구 낙동대로 116-7,부산광역시 사하구 괴정동 334-5,35.1041567634,129.0030608183,2023,,051-220-4671,부산광역시 사하구청,2026-02-27
괴정동1485,1,부산광역시 사하구 까치고개로6번길 1,부산광역시 사하구 괴정동 354-171,35.1031362552,129.0031269692,2023,,051-220-4671,부산광역시 사하구청,2026-02-27
괴정동149,1,부산광역시 사하구 사하로175번길 23,부산광역시 사하구 괴정동 484-6,35.097095,128.9929934,2021,한전주,051-220-4671,부산광역시 사하구청,2026-02-27
괴정동150,1,부산광역시 사하구 괴정로 294-1,부산광역시 사하구 괴정동 487-35,35.0962692,128.9933461,2021,건축물,051-220-4671,부산광역시 사하구청,2026-02-27
괴정동151,1,부산광역시 사하구 사하로 165-3,부산광역시 사하구 괴정동 484-37,35.0967754,128.9932488,2021,건축물,051-220-4671,부산광역시 사하구청,2026-02-27
괴정동152,1,부산광역시 사하구 사하로175번길 24,부산광역시 사하구 괴정동 502-4,35.0970885126,128.992691385,2021,한전주,051-220-4671,부산광역시 사하구청,2026-02-27
괴정동153,1,부산광역시 사하구 낙동대로233번길 50-2,부산광역시 사하구 괴정동 513-2,35.0969907,128.9921979106,2021,한전주,051-220-4671,부산광역시 사하구청,2026-02-27
괴정동154,1,부산광역시 사하구 낙동대로233번길 41,부산광역시 사하구 괴정동 952-5,35.0976723,128.9924153,2021,한전주,051-220-4671,부산광역시 사하구청,2026-02-27
괴정동155,1,부산광역시 사하구 사하로185번길 26,부산광역시 사하구 괴정동 881-1,35.0979754742,128.9927334758,2021,한전주,051-220-4671,부산광역시 사하구청,2026-02-27
괴정동156,1,부산광역시 사하구 사하로185번길 12,부산광역시 사하구 괴정동 882-6,35.098267,128.9929671,2021,한전주,051-220-4671,부산광역시 사하구청,2026-02-27
괴정동157,1,부산광역시 사하구 사하로 183,부산광역시 사하구 괴정동 952-1,35.0974963,128.992695868,2021,한전주,051-220-4671,부산광역시 사하구청,2026-02-27
괴정동158,1,부산광역시 사하구 사하로185번길 12-7,부산광역시 사하구 괴정동 882-1,35.0982803,128.9926954938,2021,한전주,051-220-4671,부산광역시 사하구청,2026-02-27
괴정동159,1,부산광역시 사하구 낙동대로233번길 21-10,부산광역시 사하구 괴정동 884-6,35.0984436309,128.9925756823,2021,건축물,051-220-4671,부산광역시 사하구청,2026-02-27
괴정동160,1,부산광역시 사하구 낙동대로233번길 21-3,부산광역시 사하구 괴정동 944-18,35.0986327,128.9920988,2021,건축물,051-220-4671,부산광역시 사하구청,2026-02-27
괴정동161,1,부산광역시 사하구 낙동대로233번길 21,부산광역시 사하구 괴정동 884-2,35.0983917,128.9919613,2021,한전주,051-220-4671,부산광역시 사하구청,2026-02-27
괴정동162,1,부산광역시 사하구 낙동대로233번길 29-5,부산광역시 사하구 괴정동 883-7,35.0981799824,128.9923186,2021,건축물,051-220-4671,부산광역시 사하구청,2026-02-27
괴정동163,1,부산광역시 사하구 낙동대로233번길 29-6,부산광역시 사하구 괴정동 883-4,35.098167,128.9924712,2021,건축물,051-220-4671,부산광역시 사하구청,2026-02-27
괴정동164,1,부산광역시 사하구 낙동대로233번길 21-12,부산광역시 사하구 괴정동 945-6,35.0986922,128.9928678,2021,건축물,051-220-4671,부산광역시 사하구청,2026-02-27
괴정동165,1,부산광역시 사하구 낙동대로233번길 21-16,부산광역시 사하구 괴정동 949-4,35.0987331,128.9930957745,2021,전용주,051-220-4671,부산광역시 사하구청,2026-02-27
괴정동166,1,부산광역시 사하구 사하로197번길 15-3,부산광역시 사하구 괴정동 945-9,35.0988462,128.9927994769,2021,한전주,051-220-4671,부산광역시 사하구청,2026-02-27
괴정동168,1,부산광역시 사하구 사하로 201-4,부산광역시 사하구 괴정동 970-12,35.0993718,128.9926431,2021,건축물,051-220-4671,부산광역시 사하구청,2026-02-27
괴정동169,1,부산광역시 사하구 낙동대로 221,부산광역시 사하구 괴정동 970-6,35.0996944957,128.9927172,2021,건축물,051-220-4671,부산광역시 사하구청,2026-02-27
괴정동170,1,부산광역시 사하구 사하로 201-5,부산광역시 사하구 괴정동 970-17,35.0993561,128.9924907859,2021,한전주,051-220-4671,부산광역시 사하구청,2026-02-27
괴정동171,1,부산광역시 사하구 사하로 201-5,부산광역시 사하구 괴정동 970-17,35.0993561,128.9924907859,2021,건축물,051-220-4671,부산광역시 사하구청,2026-02-27
괴정동172,1,부산광역시 사하구 낙동대로 237,부산광역시 사하구 괴정동 891-12,35.099293307,128.9911723,2021,전용주,051-220-4671,부산광역시 사하구청,2026-02-27
괴정동173,1,부산광역시 사하구 사하로197번길 51-1,부산광역시 사하구 괴정동 852,35.0983824,128.9908755,2021,건축물,051-220-4671,부산광역시 사하구청,2026-02-27
괴정동174,1,부산광역시 사하구 사하로197번길 51-3,부산광역시 사하구 괴정동 851,35.0982583839,128.9909228867,2021,한전주,051-220-4671,부산광역시 사하구청,2026-02-27
괴정동175,1,부산광역시 사하구 사하로197번길 51-6,부산광역시 사하구 괴정동 837,35.0980811628,128.9908874356,2021,한전주,051-220-4671,부산광역시 사하구청,2026-02-27
괴정동176,1,부산광역시 사하구 낙동대로249번길 33-3,부산광역시 사하구 괴정동 850-5,35.098045,128.9911195,2021,한전주,051-220-4671,부산광역시 사하구청,2026-02-27
괴정동177,1,부산광역시 사하구 낙동대로249번길 33,부산광역시 사하구 괴정동 838-3,35.0978958,128.9908747,2021,한전주,051-220-4671,부산광역시 사하구청,2026-02-27
괴정동178,1,부산광역시 사하구 낙동대로249번길 29,부산광역시 사하구 괴정동 836,35.0980684,128.9907912,2021,건축물,051-220-4671,부산광역시 사하구청,2026-02-27
괴정동179,1,부산광역시 사하구 낙동대로249번길 27,부산광역시 사하구 괴정동 835-4,35.0981859,128.9907721,2021,건축물,051-220-4671,부산광역시 사하구청,2026-02-27
괴정동180,1,부산광역시 사하구 낙동대로249번길 26,부산광역시 사하구 괴정동 834,35.0982524,128.9905654,2021,건축물,051-220-4671,부산광역시 사하구청,2026-02-27
괴정동181,1,부산광역시 사하구 낙동대로249번길 32,부산광역시 사하구 괴정동 830,35.0979412,128.9902938231,2021,건축물,051-220-4671,부산광역시 사하구청,2026-02-27
괴정동182,1,부산광역시 사하구 낙동대로249번길 33-7,부산광역시 사하구 괴정동 869-15,35.0981481,128.9914291,2021,건축물,051-220-4671,부산광역시 사하구청,2026-02-27
괴정동183,1,부산광역시 사하구 낙동대로233번길 22-6,부산광역시 사하구 괴정동 850-6,35.098288,128.9911364,2021,건축물,051-220-4671,부산광역시 사하구청,2026-02-27
괴정동184,1,부산광역시 사하구 낙동대로233번길 24,부산광역시 사하구 괴정동 869-9,35.0981729,128.9915613,2021,한전주,051-220-4671,부산광역시 사하구청,2026-02-27
괴정동185,1,부산광역시 사하구 낙동대로233번길 22-1,부산광역시 사하구 괴정동 864-1,35.098298412,128.9915319,2021,전용주,051-220-4671,부산광역시 사하구청,2026-02-27
괴정동186,1,부산광역시 사하구 낙동대로233번길 24-1,부산광역시 사하구 괴정동 869-10,35.098091,128.9916141,2021,건축물,051-220-4671,부산광역시 사하구청,2026-02-27
괴정동187,1,부산광역시 사하구 사하로185번길 35-5,부산광역시 사하구 괴정동 871-1,35.0975258,128.9914578,2021,전용주,051-220-4671,부산광역시 사하구청,2026-02-27
괴정동188,1,부산광역시 사하구 괴정로271번길 9-3,부산광역시 사하구 괴정동 528-3,35.0973575,128.9912783,2021,전용주,051-220-4671,부산광역시 사하구청,2026-02-27
괴정동189,1,부산광역시 사하구 괴정로271번길 9,부산광역시 사하구 괴정동 528-4,35.097239,128.9913631,2021,건축물,051-220-4671,부산광역시 사하구청,2026-02-27
괴정동190,1,부산광역시 사하구 괴정로271번길 1,부산광역시 사하구 괴정동 528-11,35.0971446,128.9910757,2021,건축물,051-220-4671,부산광역시 사하구청,2026-02-27
괴정동191,1,부산광역시 사하구 괴정로 271,부산광역시 사하구 괴정동 485-1,35.0969826,128.9910608,2021,전용주,051-220-4671,부산광역시 사하구청,2026-02-27
괴정동192,1,부산광역시 사하구 괴정로 275,부산광역시 사하구 괴정동 485-8,35.0969763,128.9914444,2021,한전주,051-220-4671,부산광역시 사하구청,2026-02-27
괴정동193,1,부산광역시 사하구 괴정로271번길 17,부산광역시 사하구 괴정동 526-9,35.0970834973,128.9918752,2021,건축물,051-220-4671,부산광역시 사하구청,2026-02-27
괴정동194,1,부산광역시 사하구 괴정로271번길 19,부산광역시 사하구 괴정동 526-4,35.0969802287,128.9918399,2021,한전주,051-220-4671,부산광역시 사하구청,2026-02-27
괴정동195,1,부산광역시 사하구 괴정로271번길 21,부산광역시 사하구 괴정동 515-1,35.0969759,128.9920146,2021,한전주,051-220-4671,부산광역시 사하구청,2026-02-27
괴정동196,1,부산광역시 사하구 괴정로271번길 10,부산광역시 사하구 괴정동 527,35.0970574,128.9914464,2021,건축물,051-220-4671,부산광역시 사하구청,2026-02-27
괴정동197,1,부산광역시 사하구 낙동대로249번길 48-4,부산광역시 사하구 괴정동 531-12,35.0973429,128.9905213,2021,건축물,051-220-4671,부산광역시 사하구청,2026-02-27
괴정동198,1,부산광역시 사하구 낙동대로249번길 50,부산광역시 사하구 괴정동 531-26,35.0971766,128.9907695,2021,건축물,051-220-4671,부산광역시 사하구청,2026-02-27
괴정동199,1,부산광역시 사하구 낙동대로249번길 48,부산광역시 사하구 괴정동 531-13,35.0972934,128.9907943,2021,한전주,051-220-4671,부산광역시 사하구청,2026-02-27
괴정동200,1,부산광역시 사하구 낙동대로 247,부산광역시 사하구 괴정동 895-10,35.0990818595,128.9899719,2021,한전주,051-220-4671,부산광역시 사하구청,2026-02-27
괴정동2001,1,부산광역시 사하구 낙동대로 155,부산광역시 사하구 괴정동 1238-293,35.1023862586,128.9989784,2021,건축물,051-220-4671,부산광역시 사하구청,2026-02-27
괴정동2002,1,부산광역시 사하구 낙동대로 161,부산광역시 사하구 괴정동 286-9,35.10227759,128.9986521,2021,건축물,051-220-4671,부산광역시 사하구청,2026-02-27
괴정동2003,1,부산광역시 사하구 사리로27번길 6-2,부산광역시 사하구 괴정동 286-9,35.102243317,128.9987627,2021,건축물,051-220-4671,부산광역시 사하구청,2026-02-27
괴정동2004,1,부산광역시 사하구 사리로27번길 6-1,부산광역시 사하구 괴정동 1238-30,35.1022798,128.9988326,2021,건축물,051-220-4671,부산광역시 사하구청,2026-02-27
괴정동2005,1,부산광역시 사하구 사리로27번길 6,부산광역시 사하구 괴정동 1238-41,35.1021982,128.9988635,2021,건축물,051-220-4671,부산광역시 사하구청,2026-02-27
괴정동2006,1,부산광역시 사하구 사리로27번길 11,부산광역시 사하구 괴정동 1238-370,35.1019974,128.9986838,2021,한전주,051-220-4671,부산광역시 사하구청,2026-02-27
괴정동2007,1,부산광역시 사하구 낙동대로 163,부산광역시 사하구 괴정동 286-8,35.1021328,128.9984562,2021,건축물,051-220-4671,부산광역시 사하구청,2026-02-27
괴정동2008,1,부산광역시 사하구 사리로27번길 15,부산광역시 사하구 괴정동 1238-57,35.1018628,128.9984387,2021,한전주,051-220-4671,부산광역시 사하구청,2026-02-27
괴정동2009,1,부산광역시 사하구 사리로27번길 13,부산광역시 사하구 괴정동 295-1,35.1018775,128.9986364,2021,한전주,051-220-4671,부산광역시 사하구청,2026-02-27
괴정동201,1,부산광역시 사하구 낙동대로249번길 2-2,부산광역시 사하구 괴정동 823-2,35.0989604,128.9896952735,2021,건축물,051-220-4671,부산광역시 사하구청,2026-02-27
괴정동2010,1,부산광역시 사하구 사하로198번길 103-6,부산광역시 사하구 괴정동 296-46,35.1015502,128.9988148,2021,건축물,051-220-4671,부산광역시 사하구청,2026-02-27
괴정동2011,1,부산광역시 사하구 사하로198번길 103,부산광역시 사하구 괴정동 298-5,35.101388052,128.998831623,2021,전용주,051-220-4671,부산광역시 사하구청,2026-02-27
괴정동2012,1,부산광역시 사하구 사하로198번길 106,부산광역시 사하구 괴정동 298-6,35.1011996463,128.9989772504,2021,한전주,051-220-4671,부산광역시 사하구청,2026-02-27
괴정동2013,1,부산광역시 사하구 사리로 15,부산광역시 사하구 괴정동 298-6,35.1012637,128.9992465,2021,한전주,051-220-4671,부산광역시 사하구청,2026-02-27
괴정동2014,1,부산광역시 사하구 사리로 17-2,부산광역시 사하구 괴정동 296-38,35.1015848,128.9988911503,2021,건축물,051-220-4671,부산광역시 사하구청,2026-02-27
괴정동2015,1,부산광역시 사하구 사리로 19-1,부산광역시 사하구 괴정동 296-31,35.1017635,128.9989955,2021,건축물,051-220-4671,부산광역시 사하구청,2026-02-27
괴정동2016,1,부산광역시 사하구 사리로 21-2,부산광역시 사하구 괴정동 296-29,35.1018925,128.9988232,2021,건축물,051-220-4671,부산광역시 사하구청,2026-02-27
괴정동2017,1,부산광역시 사하구 사리로 23-3,부산광역시 사하구 괴정동 296-3,35.1019806,128.998946,2021,건축물,051-220-4671,부산광역시 사하구청,2026-02-27
괴정동2018,1,부산광역시 사하구 사리로 25-11,부산광역시 사하구 괴정동 296-18,35.1019771089,128.998771,2021,건축물,051-220-4671,부산광역시 사하구청,2026-02-27
괴정동2019,1,부산광역시 사하구 사리로27번길 17,부산광역시 사하구 괴정동 1238-58,35.1017989422,128.9983937,2021,건축물,051-220-4671,부산광역시 사하구청,2026-02-27
괴정동202,1,부산광역시 사하구 장평로450번길 74,부산광역시 사하구 괴정동 531-2,35.0975944,128.9905713,2021,건축물,051-220-4671,부산광역시 사하구청,2026-02-27
괴정동2020,1,부산광역시 사하구 사리로27번길 17-5,부산광역시 사하구 괴정동 293-1,35.1015732,128.9985084,2021,건축물,051-220-4671,부산광역시 사하구청,2026-02-27
괴정동2021,1,부산광역시 사하구 사리로27번길 23-4,부산광역시 사하구 괴정동 290-5,35.1015719386,128.9982550455,2021,건축물,051-220-4671,부산광역시 사하구청,2026-02-27
괴정동2022,1,부산광역시 사하구 사리로27번길 23-1,부산광역시 사하구 괴정동 290-5,35.1016608098,128.9982924148,2021,건축물,051-220-4671,부산광역시 사하구청,2026-02-27
괴정동2023,1,부산광역시 사하구 사리로27번길 23,부산광역시 사하구 괴정동 289-2,35.1016796,128.9980723,2021,한전주,051-220-4671,부산광역시 사하구청,2026-02-27
괴정동2024,1,부산광역시 사하구 사리로27번길 25,부산광역시 사하구 괴정동 272-4,35.10159118,128.9979719,2021,건축물,051-220-4671,부산광역시 사하구청,2026-02-27
괴정동2025,1,부산광역시 사하구 낙동대로171번길 5,부산광역시 사하구 괴정동 272-16,35.1016916,128.9978862,2021,건축물,051-220-4671,부산광역시 사하구청,2026-02-27
괴정동2026,1,부산광역시 사하구 낙동대로171번길 12,부산광역시 사하구 괴정동 1238-78,35.1013319,128.9978445,2021,한전주,051-220-4671,부산광역시 사하구청,2026-02-27
괴정동2027,1,부산광역시 사하구 낙동대로171번길 12,부산광역시 사하구 괴정동 1238-78,35.1013319,128.9978445,2021,한전주,051-220-4671,부산광역시 사하구청,2026-02-27
괴정동2028,1,부산광역시 사하구 낙동대로171번길 14,부산광역시 사하구 괴정동 290-11,35.101287751,128.9979537,2021,한전주,051-220-4671,부산광역시 사하구청,2026-02-27
괴정동2029,1,부산광역시 사하구 낙동대로171번길 13-5,부산광역시 사하구 괴정동 290-5,35.1013792,128.9982514,2021,한전주,051-220-4671,부산광역시 사하구청,2026-02-27
괴정동203,1,부산광역시 사하구 장평로450번길 71,부산광역시 사하구 괴정동 828-4,35.0977331,128.9903554,2021,한전주,051-220-4671,부산광역시 사하구청,2026-02-27
괴정동2030,1,부산광역시 사하구 낙동대로171번길 13-3,부산광역시 사하구 괴정동 291-7,35.1013803,128.9981857,2021,건축물,051-220-4671,부산광역시 사하구청,2026-02-27
괴정동2031,1,부산광역시 사하구 사하로198번길 98,부산광역시 사하구 괴정동 292-26,35.1011742932,128.9984982039,2021,한전주,051-220-4671,부산광역시 사하구청,2026-02-27
괴정동2032,1,부산광역시 사하구 사하로198번길 94-2,부산광역시 사하구 괴정동 292-6,35.1010618,128.9983753,2021,건축물,051-220-4671,부산광역시 사하구청,2026-02-27
괴정동2033,1,부산광역시 사하구 낙동대로171번길 23-3,부산광역시 사하구 괴정동 292-5,35.101060,128.9984849,2021,건축물,051-220-4671,부산광역시 사하구청,2026-02-27
괴정동2034,1,부산광역시 사하구 낙동대로171번길 19,부산광역시 사하구 괴정동 292-9,35.1010991,128.9982994,2021,한전주,051-220-4671,부산광역시 사하구청,2026-02-27
괴정동2035,1,부산광역시 사하구 사하로198번길 85-1,부산광역시 사하구 괴정동 1238-84,35.1011833813,128.9978634,2021,한전주,051-220-4671,부산광역시 사하구청,2026-02-27
괴정동2036,1,부산광역시 사하구 낙동대로179번길 9-3,부산광역시 사하구 괴정동 271-23,35.1012859,128.997350,2021,건축물,051-220-4671,부산광역시 사하구청,2026-02-27
괴정동2037,1,부산광역시 사하구 사리로27번길 33-1,부산광역시 사하구 괴정동 272-13,35.1014064,128.9977015147,2021,건축물,051-220-4671,부산광역시 사하구청,2026-02-27
괴정동2038,1,부산광역시 사하구 사리로27번길 33,부산광역시 사하구 괴정동 271-4,35.10139049,128.9975906,2021,건축물,051-220-4671,부산광역시 사하구청,2026-02-27
괴정동2039,1,부산광역시 사하구 사리로27번길 37,부산광역시 사하구 괴정동 271-17,35.1013738,128.9974837,2021,건축물,051-220-4671,부산광역시 사하구청,2026-02-27
괴정동204,1,부산광역시 사하구 장평로450번길 70-3,부산광역시 사하구 괴정동 531-39,35.0973809,128.9903844458,2021,건축물,051-220-4671,부산광역시 사하구청,2026-02-27
괴정동2040,1,부산광역시 사하구 사하로198번길 77-3,부산광역시 사하구 괴정동 270-1,35.1011571,128.9974966,2021,건축물,051-220-4671,부산광역시 사하구청,2026-02-27
괴정동2041,1,부산광역시 사하구 낙동대로179번길 9-5,부산광역시 사하구 괴정동 271-23,35.1012407,128.9973598,2021,건축물,051-220-4671,부산광역시 사하구청,2026-02-27
괴정동2042,1,부산광역시 사하구 사리로27번길 38-1,부산광역시 사하구 괴정동 271-11,35.1014391,128.9973537,2021,전용주,051-220-4671,부산광역시 사하구청,2026-02-27
괴정동2043,1,부산광역시 사하구 사리로27번길 42,부산광역시 사하구 괴정동 271-15,35.10135736,128.9972115,2021,건축물,051-220-4671,부산광역시 사하구청,2026-02-27
괴정동2044,1,부산광역시 사하구 낙동대로179번길 7,부산광역시 사하구 괴정동 409-56,35.1012441,128.9971516,2021,한전주,051-220-4671,부산광역시 사하구청,2026-02-27
괴정동2045,1,부산광역시 사하구 사하로198번길 74,부산광역시 사하구 괴정동 408-18,35.1008432876,128.9974596926,2021,한전주,051-220-4671,부산광역시 사하구청,2026-02-27
괴정동2046,1,부산광역시 사하구 낙동대로179번길 17,부산광역시 사하구 괴정동 408-18,35.1007896,128.9973927,2021,한전주,051-220-4671,부산광역시 사하구청,2026-02-27
괴정동2047,1,부산광역시 사하구 사하로198번길 84-1,부산광역시 사하구 괴정동 1238-121,35.1010337,128.9978921,2021,한전주,051-220-4671,부산광역시 사하구청,2026-02-27
괴정동2048,1,부산광역시 사하구 사하로198번길 78-5,부산광역시 사하구 괴정동 1238-142,35.1009369,128.9977472,2021,건축물,051-220-4671,부산광역시 사하구청,2026-02-27
괴정동2049,1,부산광역시 사하구 사하로198번길 78-19,부산광역시 사하구 괴정동 1238-154,35.100766,128.997732,2021,건축물,051-220-4671,부산광역시 사하구청,2026-02-27
괴정동205,1,부산광역시 사하구 괴정로 259-5,부산광역시 사하구 괴정동 531-6,35.0975517,128.9898795,2021,한전주,051-220-4671,부산광역시 사하구청,2026-02-27
괴정동2050,1,부산광역시 사하구 낙동대로179번길 23-5,부산광역시 사하구 괴정동 1238-151,35.1007919,128.9977985,2021,건축물,051-220-4671,부산광역시 사하구청,2026-02-27
괴정동2051,1,부산광역시 사하구 낙동대로171번길 26-10,부산광역시 사하구 괴정동 1238-155,35.1006568,128.9977952,2021,건축물,051-220-4671,부산광역시 사하구청,2026-02-27
괴정동2052,1,부산광역시 사하구 낙동대로179번길 37,부산광역시 사하구 괴정동 411-6,35.10008716,128.9978914,2021,건축물,051-220-4671,부산광역시 사하구청,2026-02-27
괴정동2053,1,부산광역시 사하구 낙동대로171번길 30-5,부산광역시 사하구 괴정동 404-2,35.1003633,128.9980927,2021,건축물,051-220-4671,부산광역시 사하구청,2026-02-27
괴정동2054,1,부산광역시 사하구 낙동대로171번길 26-8,부산광역시 사하구 괴정동 1238-153,35.1006751517,128.9978511,2021,한전주,051-220-4671,부산광역시 사하구청,2026-02-27
괴정동2055,1,부산광역시 사하구 낙동대로179번길 29-1,부산광역시 사하구 괴정동 411-10,35.1003887,128.9976571,2021,건축물,051-220-4671,부산광역시 사하구청,2026-02-27
괴정동2056,1,부산광역시 사하구 낙동대로179번길 36,부산광역시 사하구 괴정동 412-5,35.0999286,128.9976897,2021,한전주,051-220-4671,부산광역시 사하구청,2026-02-27
괴정동2057,1,부산광역시 사하구 낙동대로179번길 40,부산광역시 사하구 괴정동 412-21,35.0998624,128.9978745,2021,건축물,051-220-4671,부산광역시 사하구청,2026-02-27
괴정동2058,1,부산광역시 사하구 낙동대로179번길 48,부산광역시 사하구 괴정동 412-14,35.0997662,128.998245,2021,한전주,051-220-4671,부산광역시 사하구청,2026-02-27
괴정동2059,1,부산광역시 사하구 사리로7번길 26-5,부산광역시 사하구 괴정동 403-11,35.1001125,128.9980122,2021,한전주,051-220-4671,부산광역시 사하구청,2026-02-27
괴정동206,1,부산광역시 사하구 괴정로 257-5,부산광역시 사하구 괴정동 533-21,35.0974382,128.9896574,2021,한전주,051-220-4671,부산광역시 사하구청,2026-02-27
괴정동2060,1,부산광역시 사하구 사리로7번길 26-5,부산광역시 사하구 괴정동 403-11,35.1001473,128.9980898,2021,건축물,051-220-4671,부산광역시 사하구청,2026-02-27
괴정동2061,1,부산광역시 사하구 사리로7번길 20-2,부산광역시 사하구 괴정동 390-13,35.1002788,128.9984582323,2021,건축물,051-220-4671,부산광역시 사하구청,2026-02-27
괴정동2062,1,부산광역시 사하구 사리로7번길 20-2,부산광역시 사하구 괴정동 390-13,35.1002943,128.9984662,2021,건축물,051-220-4671,부산광역시 사하구청,2026-02-27
괴정동2063,1,부산광역시 사하구 사리로7번길 26-10,부산광역시 사하구 괴정동 390-14,35.1004283,128.9985353,2021,한전주,051-220-4671,부산광역시 사하구청,2026-02-27
괴정동2064,1,부산광역시 사하구 낙동대로171번길 30,부산광역시 사하구 괴정동 405-14,35.1005301,128.9983733,2021,건축물,051-220-4671,부산광역시 사하구청,2026-02-27
괴정동2065,1,부산광역시 사하구 낙동대로179번길 14,부산광역시 사하구 괴정동 409-13,35.1009654,128.9971119,2021,건축물,051-220-4671,부산광역시 사하구청,2026-02-27
괴정동2066,1,부산광역시 사하구 낙동대로179번길 12-2,부산광역시 사하구 괴정동 409-40,35.1009411844,128.9968837594,2021,건축물,051-220-4671,부산광역시 사하구청,2026-02-27
괴정동2067,1,,부산광역시 사하구 괴정동 268-7,35.10109939,128.9969626,2021,건축물,051-220-4671,부산광역시 사하구청,2026-02-27
괴정동2068,1,부산광역시 사하구 사리로27번길 51,부산광역시 사하구 괴정동 427-27,35.1010256,128.9967405,2021,건축물,051-220-4671,부산광역시 사하구청,2026-02-27
괴정동2069,1,부산광역시 사하구 낙동대로179번길 14-3,부산광역시 사하구 괴정동 409-46,35.1008701,128.9968793,2021,건축물,051-220-4671,부산광역시 사하구청,2026-02-27
괴정동207,1,부산광역시 사하구 괴정로 257-3,부산광역시 사하구 괴정동 533-15,35.0973884,128.989393,2021,건축물,051-220-4671,부산광역시 사하구청,2026-02-27
괴정동2070,1,부산광역시 사하구 사하로198번길 67,부산광역시 사하구 괴정동 409-17,35.1007887,128.9969876,2021,건축물,051-220-4671,부산광역시 사하구청,2026-02-27
괴정동2071,1,부산광역시 사하구 낙동대로189번길 11-7,부산광역시 사하구 괴정동 409-54,35.1007658,128.9966465,2021,건축물,051-220-4671,부산광역시 사하구청,2026-02-27
괴정동2072,1,부산광역시 사하구 낙동대로189번길 11-4,부산광역시 사하구 괴정동 428-40,35.100670,128.9964468,2021,건축물,051-220-4671,부산광역시 사하구청,2026-02-27
괴정동2073,1,부산광역시 사하구 사하로198번길 61,부산광역시 사하구 괴정동 409-55,35.1006925,128.9967214,2021,한전주,051-220-4671,부산광역시 사하구청,2026-02-27
괴정동2074,1,부산광역시 사하구 낙동대로189번길 13,부산광역시 사하구 괴정동 428-45,35.1004968721,128.9963444,2021,한전주,051-220-4671,부산광역시 사하구청,2026-02-27
괴정동2075,1,부산광역시 사하구 낙동대로189번길 9,부산광역시 사하구 괴정동 428-60,35.1006821,128.9962606,2021,건축물,051-220-4671,부산광역시 사하구청,2026-02-27
괴정동2076,1,부산광역시 사하구 낙동대로189번길 10,부산광역시 사하구 괴정동 428-26,35.1005961293,128.9960947,2021,건축물,051-220-4671,부산광역시 사하구청,2026-02-27
괴정동2077,1,부산광역시 사하구 낙동대로189번길 7,부산광역시 사하구 괴정동 428-35,35.1006878426,128.9961846,2021,건축물,051-220-4671,부산광역시 사하구청,2026-02-27
괴정동2078,1,부산광역시 사하구 낙동대로189번길 8,부산광역시 사하구 괴정동 428-24,35.1006977474,128.9960423,2021,건축물,051-220-4671,부산광역시 사하구청,2026-02-27
괴정동2079,1,부산광역시 사하구 낙동대로189번길 5,부산광역시 사하구 괴정동 428-31,35.1007771841,128.9961868,2021,건축물,051-220-4671,부산광역시 사하구청,2026-02-27
괴정동208,1,부산광역시 사하구 괴정로 261-2,부산광역시 사하구 괴정동 531-8,35.0973335,128.9899948,2021,건축물,051-220-4671,부산광역시 사하구청,2026-02-27
괴정동2080,1,부산광역시 사하구 사리로27번길 59,부산광역시 사하구 괴정동 427-25,35.1008641,128.9963435,2021,건축물,051-220-4671,부산광역시 사하구청,2026-02-27
괴정동2081,1,부산광역시 사하구 사리로27번길 59-1,부산광역시 사하구 괴정동 427-47,35.1008328,128.9963928268,2021,건축물,051-220-4671,부산광역시 사하구청,2026-02-27
괴정동2082,1,부산광역시 사하구 낙동대로189번길 9-2,부산광역시 사하구 괴정동 427-49,35.1007777,128.9964713,2021,건축물,051-220-4671,부산광역시 사하구청,2026-02-27
괴정동2083,1,부산광역시 사하구 사리로27번길 57,부산광역시 사하구 괴정동 427-46,35.1008936135,128.9964864,2021,건축물,051-220-4671,부산광역시 사하구청,2026-02-27
괴정동2084,1,부산광역시 사하구 사리로27번길 54,부산광역시 사하구 괴정동 427-19,35.101086318,128.99659123,2021,건축물,051-220-4671,부산광역시 사하구청,2026-02-27
괴정동2085,1,부산광역시 사하구 낙동대로179번길 24-2,부산광역시 사하구 괴정동 409-71,35.10048602,128.9971664,2021,건축물,051-220-4671,부산광역시 사하구청,2026-02-27
괴정동2086,1,부산광역시 사하구 사하로186번길 65-14,부산광역시 사하구 괴정동 1238-173,35.1003484,128.997371,2021,건축물,051-220-4671,부산광역시 사하구청,2026-02-27
괴정동2087,1,부산광역시 사하구 사하로186번길 65-9,부산광역시 사하구 괴정동 1238-188,35.1001011379,128.9971277525,2021,건축물,051-220-4671,부산광역시 사하구청,2026-02-27
괴정동2088,1,부산광역시 사하구 사하로186번길 63,부산광역시 사하구 괴정동 426-3,35.0998668,128.9970632,2021,한전주,051-220-4671,부산광역시 사하구청,2026-02-27
괴정동2089,1,부산광역시 사하구 사하로186번길 70,부산광역시 사하구 괴정동 412-10,35.099863,128.9974626,2021,건축물,051-220-4671,부산광역시 사하구청,2026-02-27
괴정동209,1,부산광역시 사하구 괴정로 263-1,부산광역시 사하구 괴정동 531-28,35.0972319,128.9901458,2021,건축물,051-220-4671,부산광역시 사하구청,2026-02-27
괴정동2090,1,부산광역시 사하구 사하로186번길 66-8,부산광역시 사하구 괴정동 412-27,35.0996884,128.9974974,2021,한전주,051-220-4671,부산광역시 사하구청,2026-02-27
괴정동2091,1,부산광역시 사하구 사하로186번길 66-4,부산광역시 사하구 괴정동 412-54,35.09949758,128.997285,2021,건축물,051-220-4671,부산광역시 사하구청,2026-02-27
괴정동2092,1,부산광역시 사하구 사리로7번길 42-8,부산광역시 사하구 괴정동 412-30,35.09951035,128.997438,2021,건축물,051-220-4671,부산광역시 사하구청,2026-02-27
괴정동2093,1,부산광역시 사하구 사리로7번길 42-12,부산광역시 사하구 괴정동 412-32,35.0993764,128.9972924,2021,건축물,051-220-4671,부산광역시 사하구청,2026-02-27
괴정동2094,1,부산광역시 사하구 사리로7번길 40,부산광역시 사하구 괴정동 412-17,35.099447,128.9979302,2021,건축물,051-220-4671,부산광역시 사하구청,2026-02-27
괴정동2095,1,부산광역시 사하구 사리로7번길 56-3,부산광역시 사하구 괴정동 418-7,35.0990438,128.9972405,2021,건축물,051-220-4671,부산광역시 사하구청,2026-02-27
괴정동2096,1,부산광역시 사하구 사하로186번길 60-12,부산광역시 사하구 괴정동 420-5,35.0992714,128.9970910601,2021,한전주,051-220-4671,부산광역시 사하구청,2026-02-27
괴정동2097,1,부산광역시 사하구 낙동대로189번길 47,부산광역시 사하구 괴정동 1238-260,35.0991724,128.9970901,2021,한전주,051-220-4671,부산광역시 사하구청,2026-02-27
괴정동2098,1,부산광역시 사하구 낙동대로189번길 43,부산광역시 사하구 괴정동 1238-255,35.0992818,128.997016,2021,건축물,051-220-4671,부산광역시 사하구청,2026-02-27
괴정동2099,1,부산광역시 사하구 낙동대로189번길 36,부산광역시 사하구 괴정동 434-140,35.0996378,128.9967396,2021,한전주,051-220-4671,부산광역시 사하구청,2026-02-27
괴정동210,1,부산광역시 사하구 장평로450번길 56,부산광역시 사하구 괴정동 533-1,35.0975293,128.9895938,2021,한전주,051-220-4671,부산광역시 사하구청,2026-02-27
괴정동2100,1,부산광역시 사하구 사하로186번길 63-3,부산광역시 사하구 괴정동 434-137,35.0998243,128.9968941159,2021,한전주,051-220-4671,부산광역시 사하구청,2026-02-27
괴정동2101,1,부산광역시 사하구 낙동대로189번길 33,부산광역시 사하구 괴정동 434-119,35.0997448,128.996791205,2021,한전주,051-220-4671,부산광역시 사하구청,2026-02-27
괴정동2102,1,부산광역시 사하구 낙동대로189번길 32-1,부산광역시 사하구 괴정동 434-33,35.0996203152,128.9965664,2021,건축물,051-220-4671,부산광역시 사하구청,2026-02-27
괴정동2103,1,부산광역시 사하구 낙동대로189번길 32-4,부산광역시 사하구 괴정동 434-43,35.0996784,128.9964664,2021,건축물,051-220-4671,부산광역시 사하구청,2026-02-27
괴정동2104,1,부산광역시 사하구 낙동대로189번길 29-5,부산광역시 사하구 괴정동 434-101,35.0998980104,128.9968672,2021,건축물,051-220-4671,부산광역시 사하구청,2026-02-27
괴정동2105,1,부산광역시 사하구 낙동대로189번길 27-3,부산광역시 사하구 괴정동 434-92,35.0999634,128.9967427558,2021,건축물,051-220-4671,부산광역시 사하구청,2026-02-27
괴정동2106,1,부산광역시 사하구 낙동대로189번길 25,부산광역시 사하구 괴정동 434-92,35.0999634,128.9966708,2021,한전주,051-220-4671,부산광역시 사하구청,2026-02-27
괴정동2107,1,부산광역시 사하구 낙동대로189번길 27-5,부산광역시 사하구 괴정동 427-122,35.1000252,128.9968142842,2021,건축물,051-220-4671,부산광역시 사하구청,2026-02-27
괴정동2108,1,부산광역시 사하구 낙동대로189번길 25-1,부산광역시 사하구 괴정동 427-121,35.1000706,128.9967282,2021,건축물,051-220-4671,부산광역시 사하구청,2026-02-27
괴정동2109,1,부산광역시 사하구 낙동대로189번길 25-11,부산광역시 사하구 괴정동 427-129,35.1001753945,128.9969910708,2021,건축물,051-220-4671,부산광역시 사하구청,2026-02-27
괴정동211,1,부산광역시 사하구 괴정로 251-3,부산광역시 사하구 괴정동 532-14,35.0972789,128.9889299,2021,건축물,051-220-4671,부산광역시 사하구청,2026-02-27
괴정동2110,1,부산광역시 사하구 낙동대로189번길 23-14,부산광역시 사하구 괴정동 1238-185,35.1002358,128.9970941,2021,건축물,051-220-4671,부산광역시 사하구청,2026-02-27
괴정동2111,1,부산광역시 사하구 낙동대로189번길 27-14,부산광역시 사하구 괴정동 427-107,35.1000383,128.9970454,2021,건축물,051-220-4671,부산광역시 사하구청,2026-02-27
괴정동2112,1,부산광역시 사하구 낙동대로189번길 23-7,부산광역시 사하구 괴정동 427-79,35.1002313,128.9968198,2021,건축물,051-220-4671,부산광역시 사하구청,2026-02-27
괴정동2113,1,부산광역시 사하구 낙동대로189번길 23-5,부산광역시 사하구 괴정동 427-88,35.1001963,128.9967532,2021,건축물,051-220-4671,부산광역시 사하구청,2026-02-27
괴정동2114,1,부산광역시 사하구 낙동대로179번길 24-9,부산광역시 사하구 괴정동 427-128,35.100363,128.9970314,2021,한전주,051-220-4671,부산광역시 사하구청,2026-02-27
괴정동2115,1,부산광역시 사하구 사하로198번길 58,부산광역시 사하구 괴정동 427-11,35.1004318,128.9966822,2021,건축물,051-220-4671,부산광역시 사하구청,2026-02-27
괴정동2116,1,부산광역시 사하구 낙동대로189번길 21-9,부산광역시 사하구 괴정동 427-64,35.1003662,128.9968341,2021,건축물,051-220-4671,부산광역시 사하구청,2026-02-27
괴정동2117,1,부산광역시 사하구 사하로198번길 62-2,부산광역시 사하구 괴정동 427-37,35.1004464,128.9968909,2021,건축물,051-220-4671,부산광역시 사하구청,2026-02-27
괴정동2118,1,부산광역시 사하구 사하로198번길 64,부산광역시 사하구 괴정동 409-28,35.10059395,128.996857,2021,건축물,051-220-4671,부산광역시 사하구청,2026-02-27
괴정동2119,1,부산광역시 사하구 사하로186번길 47-1,부산광역시 사하구 괴정동 434-64,35.0994897,128.996429,2021,한전주,051-220-4671,부산광역시 사하구청,2026-02-27
괴정동212,1,부산광역시 사하구 장평로450번길 42,부산광역시 사하구 괴정동 532-27,35.097532,128.9888812,2021,한전주,051-220-4671,부산광역시 사하구청,2026-02-27
괴정동2120,1,부산광역시 사하구 사하로186번길 43,부산광역시 사하구 괴정동 437-33,35.0993672,128.9961902551,2021,한전주,051-220-4671,부산광역시 사하구청,2026-02-27
괴정동2121,1,부산광역시 사하구 사하로186번길 43-1,부산광역시 사하구 괴정동 437-29,35.0993878,128.9960536,2021,건축물,051-220-4671,부산광역시 사하구청,2026-02-27
괴정동2122,1,부산광역시 사하구 낙동대로199번길 31,부산광역시 사하구 괴정동 437-28,35.0993716,128.9959436,2021,건축물,051-220-4671,부산광역시 사하구청,2026-02-27
괴정동2123,1,부산광역시 사하구 사하로186번길 35,부산광역시 사하구 괴정동 437-70,35.0991854,128.9957527,2021,한전주,051-220-4671,부산광역시 사하구청,2026-02-27
괴정동2124,1,부산광역시 사하구 낙동대로199번길 35,부산광역시 사하구 괴정동 437-36,35.0992712,128.9960179,2021,한전주,051-220-4671,부산광역시 사하구청,2026-02-27
괴정동2125,1,부산광역시 사하구 낙동대로199번길 48,부산광역시 사하구 괴정동 441-17,35.0986845985,128.996092,2021,한전주,051-220-4671,부산광역시 사하구청,2026-02-27
괴정동2128,1,부산광역시 사하구 낙동대로199번길 49-5,부산광역시 사하구 괴정동 1238-274,35.0987402,128.9965203,2021,한전주,051-220-4671,부산광역시 사하구청,2026-02-27
괴정동2129,1,부산광역시 사하구 낙동대로189번길 48-10,부산광역시 사하구 괴정동 421-18,35.09887456,128.9966558,2021,건축물,051-220-4671,부산광역시 사하구청,2026-02-27
괴정동213,1,부산광역시 사하구 장평로450번길 40,부산광역시 사하구 괴정동 532-26,35.0975969,128.9887731,2021,한전주,051-220-4671,부산광역시 사하구청,2026-02-27
괴정동2130,1,부산광역시 사하구 낙동대로189번길 53,부산광역시 사하구 괴정동 418-24,35.09885724,128.9971822,2021,건축물,051-220-4671,부산광역시 사하구청,2026-02-27
괴정동2131,1,부산광역시 사하구 낙동대로189번길 48-1,부산광역시 사하구 괴정동 421-5,35.0989505,128.9968873,2021,건축물,051-220-4671,부산광역시 사하구청,2026-02-27
괴정동2132,1,부산광역시 사하구 낙동대로199번길 29,부산광역시 사하구 괴정동 437-78,35.0993971562,128.9959447,2021,건축물,051-220-4671,부산광역시 사하구청,2026-02-27
괴정동2133,1,부산광역시 사하구 낙동대로199번길 27,부산광역시 사하구 괴정동 437-5,35.0994715,128.9958912,2021,건축물,051-220-4671,부산광역시 사하구청,2026-02-27
괴정동2134,1,부산광역시 사하구 낙동대로199번길 27-3,부산광역시 사하구 괴정동 434-26,35.0996808362,128.9959846,2021,건축물,051-220-4671,부산광역시 사하구청,2026-02-27
괴정동2135,1,부산광역시 사하구 낙동대로189번길 28-7,부산광역시 사하구 괴정동 434-45,35.0996986533,128.9963358,2021,한전주,051-220-4671,부산광역시 사하구청,2026-02-27
괴정동2136,1,부산광역시 사하구 사하로186번길 51-4,부산광역시 사하구 괴정동 434-44,35.0996346,128.9963886,2021,건축물,051-220-4671,부산광역시 사하구청,2026-02-27
괴정동2137,1,부산광역시 사하구 낙동대로199번길 29-4,부산광역시 사하구 괴정동 434-56,35.0995476,128.9961836504,2021,건축물,051-220-4671,부산광역시 사하구청,2026-02-27
괴정동2138,1,부산광역시 사하구 낙동대로199번길 24,부산광역시 사하구 괴정동 437-43,35.0996476,128.9955994,2021,한전주,051-220-4671,부산광역시 사하구청,2026-02-27
괴정동2139,1,부산광역시 사하구 낙동대로199번길 26-2,부산광역시 사하구 괴정동 437-2,35.0995849,128.9955435,2021,건축물,051-220-4671,부산광역시 사하구청,2026-02-27
괴정동214,1,부산광역시 사하구 괴정로245번길 10,부산광역시 사하구 괴정동 532-6,35.0972504,128.9884686,2021,한전주,051-220-4671,부산광역시 사하구청,2026-02-27
괴정동2140,1,부산광역시 사하구 낙동대로199번길 23-1,부산광역시 사하구 괴정동 435-19,35.0997826621,128.9957788,2021,한전주,051-220-4671,부산광역시 사하구청,2026-02-27
괴정동2141,1,부산광역시 사하구 사하로198번길 36-2,부산광역시 사하구 괴정동 435-21,35.0998964,128.9958138,2021,건축물,051-220-4671,부산광역시 사하구청,2026-02-27
괴정동2142,1,부산광역시 사하구 사하로198번길 36-3,부산광역시 사하구 괴정동 435-11,35.1000092956,128.9958428879,2021,건축물,051-220-4671,부산광역시 사하구청,2026-02-27
괴정동2143,1,부산광역시 사하구 사하로198번길 42,부산광역시 사하구 괴정동 435-10,35.1000796314,128.9957964646,2021,건축물,051-220-4671,부산광역시 사하구청,2026-02-27
괴정동2144,1,부산광역시 사하구 낙동대로189번길 20-11,부산광역시 사하구 괴정동 435-27,35.0999766377,128.995998239,2021,건축물,051-220-4671,부산광역시 사하구청,2026-02-27
괴정동2145,1,부산광역시 사하구 낙동대로189번길 24-6,부산광역시 사하구 괴정동 433-33,35.1000327,128.9962887,2021,건축물,051-220-4671,부산광역시 사하구청,2026-02-27
괴정동2146,1,부산광역시 사하구 낙동대로189번길 24-1,부산광역시 사하구 괴정동 434-10,35.0999582,128.9964404,2021,건축물,051-220-4671,부산광역시 사하구청,2026-02-27
괴정동2147,1,부산광역시 사하구 낙동대로189번길 22,부산광역시 사하구 괴정동 433-30,35.100121,128.9963904855,2021,건축물,051-220-4671,부산광역시 사하구청,2026-02-27
괴정동2148,1,부산광역시 사하구 낙동대로189번길 20-3,부산광역시 사하구 괴정동 433-27,35.1000919575,128.9962687,2021,건축물,051-220-4671,부산광역시 사하구청,2026-02-27
괴정동2149,1,부산광역시 사하구 낙동대로199번길 24-1,부산광역시 사하구 괴정동 436-42,35.09967962,128.9954583,2021,건축물,051-220-4671,부산광역시 사하구청,2026-02-27
괴정동215,1,부산광역시 사하구 괴정로245번길 6,부산광역시 사하구 괴정동 532-9,35.0969994,128.9883858,2021,건축물,051-220-4671,부산광역시 사하구청,2026-02-27
괴정동2151,1,부산광역시 사하구 사하로186번라길 8,부산광역시 사하구 괴정동 438-5,35.0993337,128.9954931432,2021,한전주,051-220-4671,부산광역시 사하구청,2026-02-27
괴정동2152,1,부산광역시 사하구 사하로186번라길 18,부산광역시 사하구 괴정동 437-64,35.099444,128.9953752,2021,건축물,051-220-4671,부산광역시 사하구청,2026-02-27
괴정동2153,1,부산광역시 사하구 사하로186번가길 40,부산광역시 사하구 괴정동 1015-4,35.0993575,128.9951538,2021,건축물,051-220-4671,부산광역시 사하구청,2026-02-27
괴정동2154,1,부산광역시 사하구 사하로186번라길 25,부산광역시 사하구 괴정동 1015-27,35.099500245,128.9950906,2021,건축물,051-220-4671,부산광역시 사하구청,2026-02-27
괴정동2155,1,부산광역시 사하구 사하로186번가길 37,부산광역시 사하구 괴정동 1015-27,35.0993876,128.9949681,2021,건축물,051-220-4671,부산광역시 사하구청,2026-02-27
괴정동2156,1,부산광역시 사하구 사하로186번라길 35,부산광역시 사하구 괴정동 1015-3,35.0996488593,128.9949101584,2021,건축물,051-220-4671,부산광역시 사하구청,2026-02-27
괴정동2157,1,부산광역시 사하구 사하로186번다길 11-5,부산광역시 사하구 괴정동 1015-3,35.0995171,128.994813728,2021,건축물,051-220-4671,부산광역시 사하구청,2026-02-27
괴정동2158,1,부산광역시 사하구 사하로186번다길 2,부산광역시 사하구 괴정동 1014-13,35.099184,128.9952921,2021,건축물,051-220-4671,부산광역시 사하구청,2026-02-27
괴정동2159,1,부산광역시 사하구 사하로186번다길 7,부산광역시 사하구 괴정동 1014-23,35.0992799642,128.9950648,2021,건축물,051-220-4671,부산광역시 사하구청,2026-02-27
괴정동216,1,부산광역시 사하구 괴정로245번길 11-3,부산광역시 사하구 괴정동 546-24,35.0972756,128.9880306,2021,건축물,051-220-4671,부산광역시 사하구청,2026-02-27
괴정동2160,1,부산광역시 사하구 사하로186번나길 18,부산광역시 사하구 괴정동 1014-1,35.0992705,128.9949652,2021,한전주,051-220-4671,부산광역시 사하구청,2026-02-27
괴정동2161,1,부산광역시 사하구 사하로186번나길 20,부산광역시 사하구 괴정동 1013-1,35.0992853606,128.9948894,2021,건축물,051-220-4671,부산광역시 사하구청,2026-02-27
괴정동2162,1,부산광역시 사하구 사하로186번가길 37,부산광역시 사하구 괴정동 1015-27,35.0993876,128.9949681,2021,건축물,051-220-4671,부산광역시 사하구청,2026-02-27
괴정동2163,1,부산광역시 사하구 사하로186번나길 36,부산광역시 사하구 괴정동 1011-8,35.0994922248,128.9945763,2021,한전주,051-220-4671,부산광역시 사하구청,2026-02-27
괴정동2164,1,부산광역시 사하구 사하로186번나길 39,부산광역시 사하구 괴정동 1011-23,35.0994339,128.9943442,2021,건축물,051-220-4671,부산광역시 사하구청,2026-02-27
괴정동2165,1,부산광역시 사하구 사하로186번나길 27,부산광역시 사하구 괴정동 1013-14,35.0993566,128.9946603,2021,건축물,051-220-4671,부산광역시 사하구청,2026-02-27
괴정동2166,1,부산광역시 사하구 사하로186번가길 21-5,부산광역시 사하구 괴정동 1013-5,35.0992963,128.9944944,2021,건축물,051-220-4671,부산광역시 사하구청,2026-02-27
괴정동2167,1,부산광역시 사하구 사하로186번가길 14,부산광역시 사하구 괴정동 1014-11,35.0989534,128.9947420108,2021,건축물,051-220-4671,부산광역시 사하구청,2026-02-27
괴정동2168,1,부산광역시 사하구 사하로186번가길 17-4,부산광역시 사하구 괴정동 1012-6,35.0991885,128.9944698,2021,건축물,051-220-4671,부산광역시 사하구청,2026-02-27
괴정동2169,1,부산광역시 사하구 사하로186번가길 6,부산광역시 사하구 괴정동 1014-11,35.0989534,128.9949838735,2021,건축물,051-220-4671,부산광역시 사하구청,2026-02-27
괴정동217,1,부산광역시 사하구 괴정로231번길 12-12,부산광역시 사하구 괴정동 546-18,35.0973361,128.9876374,2021,전용주,051-220-4671,부산광역시 사하구청,2026-02-27
괴정동2170,1,부산광역시 사하구 사하로186번가길 26,부산광역시 사하구 괴정동 1014-10,35.0991633,128.9948931515,2021,건축물,051-220-4671,부산광역시 사하구청,2026-02-27
괴정동2171,1,부산광역시 사하구 사하로186번가길 24,부산광역시 사하구 괴정동 1014-11,35.099082182,128.9948186,2021,건축물,051-220-4671,부산광역시 사하구청,2026-02-27
괴정동2172,1,부산광역시 사하구 오작로3번길 38,부산광역시 사하구 괴정동 441-36,35.0987957774,128.9955792,2021,한전주,051-220-4671,부산광역시 사하구청,2026-02-27
괴정동2173,1,부산광역시 사하구 오작로3번길 36-3,부산광역시 사하구 괴정동 441-34,35.0986837668,128.9956643,2021,건축물,051-220-4671,부산광역시 사하구청,2026-02-27
괴정동2174,1,부산광역시 사하구 오작로3번길 38-8,부산광역시 사하구 괴정동 441-28,35.0987705,128.9957754,2021,건축물,051-220-4671,부산광역시 사하구청,2026-02-27
괴정동2175,1,부산광역시 사하구 오작로3번길 32-2,부산광역시 사하구 괴정동 441-45,35.0984810207,128.9956702,2021,건축물,051-220-4671,부산광역시 사하구청,2026-02-27
괴정동2176,1,부산광역시 사하구 오작로3번길 32,부산광역시 사하구 괴정동 441-40,35.0985870318,128.9954536,2021,한전주,051-220-4671,부산광역시 사하구청,2026-02-27
괴정동2177,1,부산광역시 사하구 낙동대로199번길 50-9,부산광역시 사하구 괴정동 441-49,35.0985915,128.995696767,2021,건축물,051-220-4671,부산광역시 사하구청,2026-02-27
괴정동2178,1,부산광역시 사하구 낙동대로199번길 50-3,부산광역시 사하구 괴정동 441-20,35.0986496,128.9959948405,2021,한전주,051-220-4671,부산광역시 사하구청,2026-02-27
괴정동2179,1,부산광역시 사하구 오작로3번길 38-3,부산광역시 사하구 괴정동 439-5,35.0988711,128.9956902,2021,건축물,051-220-4671,부산광역시 사하구청,2026-02-27
괴정동218,1,부산광역시 사하구 괴정로231번길 12-13,부산광역시 사하구 괴정동 547-12,35.0976748,128.9878649,2021,건축물,051-220-4671,부산광역시 사하구청,2026-02-27
괴정동2180,1,부산광역시 사하구 오작로3번길 35-2,부산광역시 사하구 괴정동 440-3,35.0988316,128.9953493,2021,건축물,051-220-4671,부산광역시 사하구청,2026-02-27
괴정동2181,1,부산광역시 사하구 사하로 198,부산광역시 사하구 괴정동 964-17,35.0993541,128.9937172,2021,한전주,051-220-4671,부산광역시 사하구청,2026-02-27
괴정동2182,1,부산광역시 사하구 사하로198번길 8,부산광역시 사하구 괴정동 1011-25,35.0994884112,128.9941706,2021,건축물,051-220-4671,부산광역시 사하구청,2026-02-27
괴정동2183,1,부산광역시 사하구 사하로198번길 12,부산광역시 사하구 괴정동 1011-18,35.0995773,128.9943915,2021,건축물,051-220-4671,부산광역시 사하구청,2026-02-27
괴정동2184,1,부산광역시 사하구 사하로186번다길 13,부산광역시 사하구 괴정동 1011-41,35.0995456,128.9946759,2021,한전주,051-220-4671,부산광역시 사하구청,2026-02-27
괴정동2185,1,부산광역시 사하구 사하로198번길 28-2,부산광역시 사하구 괴정동 436-46,35.0997546,128.9951196,2021,건축물,051-220-4671,부산광역시 사하구청,2026-02-27
괴정동2186,1,부산광역시 사하구 사하로198번길 27,부산광역시 사하구 괴정동 436-50,35.0999531,128.9950926844,2021,건축물,051-220-4671,부산광역시 사하구청,2026-02-27
괴정동2187,1,부산광역시 사하구 사하로198번길 30,부산광역시 사하구 괴정동 436-51,35.0998515,128.9952535,2021,건축물,051-220-4671,부산광역시 사하구청,2026-02-27
괴정동2188,1,부산광역시 사하구 낙동대로199번길 14-1,부산광역시 사하구 괴정동 436-3,35.0999311,128.9953432,2021,한전주,051-220-4671,부산광역시 사하구청,2026-02-27
괴정동2189,1,부산광역시 사하구 낙동대로199번길 9,부산광역시 사하구 괴정동 431-12,35.1001927,128.9953276,2021,건축물,051-220-4671,부산광역시 사하구청,2026-02-27
괴정동219,1,부산광역시 사하구 괴정로231번길 12-1,부산광역시 사하구 괴정동 547-21,35.0975741,128.9873314387,2021,건축물,051-220-4671,부산광역시 사하구청,2026-02-27
괴정동2190,1,부산광역시 사하구 낙동대로199번길 2,부산광역시 사하구 괴정동 431-16,35.1003894118,128.9949929,2021,한전주,051-220-4671,부산광역시 사하구청,2026-02-27
괴정동2192,1,부산광역시 사하구 사하로198번길 36,부산광역시 사하구 괴정동 435-14,35.0999983,128.9956409,2021,건축물,051-220-4671,부산광역시 사하구청,2026-02-27
괴정동2194,1,부산광역시 사하구 사하로198번길 41,부산광역시 사하구 괴정동 431-11,35.1003758062,128.9958261,2021,건축물,051-220-4671,부산광역시 사하구청,2026-02-27
괴정동2196,1,부산광역시 사하구 낙동대로189번길 8-1,부산광역시 사하구 괴정동 428-46,35.1005869,128.9960171,2021,건축물,051-220-4671,부산광역시 사하구청,2026-02-27
괴정동2197,1,부산광역시 사하구 사리로27번길 72,부산광역시 사하구 괴정동 428-19,35.1007174,128.9957571,2021,건축물,051-220-4671,부산광역시 사하구청,2026-02-27
괴정동2198,1,부산광역시 사하구 사리로27번길 75,부산광역시 사하구 괴정동 432-38,35.1005305,128.995610,2021,한전주,051-220-4671,부산광역시 사하구청,2026-02-27
괴정동2199,1,부산광역시 사하구 사리로27번길 79,부산광역시 사하구 괴정동 432-9,35.1004441,128.9953886,2021,건축물,051-220-4671,부산광역시 사하구청,2026-02-27
괴정동220,1,부산광역시 사하구 괴정로231번길 13,부산광역시 사하구 괴정동 554-15,35.0976998,128.9868896,2021,한전주,051-220-4671,부산광역시 사하구청,2026-02-27
괴정동2200,1,부산광역시 사하구 낙동대로 211,부산광역시 사하구 괴정동 1010-9,35.0999751,128.9937652,2021,한전주,051-220-4671,부산광역시 사하구청,2026-02-27
괴정동2201,1,부산광역시 사하구 사하로186번길 20,부산광역시 사하구 괴정동 440-12,35.0987819,128.9950849,2021,한전주,051-220-4671,부산광역시 사하구청,2026-02-27
괴정동2202,1,부산광역시 사하구 사하로186번길 20-1,부산광역시 사하구 괴정동 440-34,35.0987372,128.9950619,2021,건축물,051-220-4671,부산광역시 사하구청,2026-02-27
괴정동2203,1,부산광역시 사하구 사하로186번길 20-5,부산광역시 사하구 괴정동 440-36,35.0986293,128.9950483,2021,건축물,051-220-4671,부산광역시 사하구청,2026-02-27
괴정동2204,1,부산광역시 사하구 사하로186번길 12,부산광역시 사하구 괴정동 959-7,35.098599,128.9946967,2021,한전주,051-220-4671,부산광역시 사하구청,2026-02-27
괴정동2205,1,부산광역시 사하구 오작로3번길 21-3,부산광역시 사하구 괴정동 958-14,35.0983803,128.9948449,2021,건축물,051-220-4671,부산광역시 사하구청,2026-02-27
괴정동2206,1,부산광역시 사하구 오작로3번길 21,부산광역시 사하구 괴정동 958-16,35.0982252,128.9949617,2021,한전주,051-220-4671,부산광역시 사하구청,2026-02-27
괴정동2207,1,부산광역시 사하구 오작로3번길 8,부산광역시 사하구 괴정동 442-9,35.0976433,128.9947282,2021,건축물,051-220-4671,부산광역시 사하구청,2026-02-27
괴정동2208,1,부산광역시 사하구 오작로3번길 12,부산광역시 사하구 괴정동 442-5,35.0977391,128.9949279,2021,건축물,051-220-4671,부산광역시 사하구청,2026-02-27
괴정동2209,1,,부산광역시 사하구 괴정동 959-4,35.0985700037,128.9944802733,2023,,051-220-4671,부산광역시 사하구청,2026-02-27
괴정동221,1,부산광역시 사하구 괴정로231번길 18,부산광역시 사하구 괴정동 547-19,35.0977573,128.9872309,2021,전용주,051-220-4671,부산광역시 사하구청,2026-02-27
괴정동2210,1,부산광역시 사하구 오작로 5-1,부산광역시 사하구 괴정동 957-5,35.0975453746,128.9947535246,2021,건축물,051-220-4671,부산광역시 사하구청,2026-02-27
괴정동2211,1,부산광역시 사하구 오작로 9,부산광역시 사하구 괴정동 957-7,35.0976292,128.9950349,2021,건축물,051-220-4671,부산광역시 사하구청,2026-02-27
괴정동2212,1,부산광역시 사하구 사하로 184-6,부산광역시 사하구 괴정동 958-23,35.0983859,128.994492475,2021,한전주,051-220-4671,부산광역시 사하구청,2026-02-27
괴정동2213,1,부산광역시 사하구 사하로186번길 6,부산광역시 사하구 괴정동 961-6,35.0983824913,128.9942315,2021,한전주,051-220-4671,부산광역시 사하구청,2026-02-27
괴정동2214,1,부산광역시 사하구 오작로 22,부산광역시 사하구 괴정동 446,35.0981644558,128.9961292767,2021,건축물,051-220-4671,부산광역시 사하구청,2026-02-27
괴정동2215,1,부산광역시 사하구 오작로 24-2,부산광역시 사하구 괴정동 446-11,35.0980033878,128.9961090112,2021,건축물,051-220-4671,부산광역시 사하구청,2026-02-27
괴정동2216,1,부산광역시 사하구 오작로8번길 13,부산광역시 사하구 괴정동 448-32,35.0969822,128.9954687,2021,한전주,051-220-4671,부산광역시 사하구청,2026-02-27
괴정동2217,1,부산광역시 사하구 오작로8번길 10,부산광역시 사하구 괴정동 463-1,35.0970768,128.9951969,2021,건축물,051-220-4671,부산광역시 사하구청,2026-02-27
괴정동2218,1,부산광역시 사하구 오작로8번길 4-2,부산광역시 사하구 괴정동 463-16,35.0969855,128.9947232,2021,건축물,051-220-4671,부산광역시 사하구청,2026-02-27
괴정동2219,1,부산광역시 사하구 오작로8번길 6-6,부산광역시 사하구 괴정동 463-9,35.0967657,128.9949371,2021,건축물,051-220-4671,부산광역시 사하구청,2026-02-27
괴정동222,1,부산광역시 사하구 낙동대로 265,부산광역시 사하구 괴정동 733,35.098175,128.9875919,2021,한전주,051-220-4671,부산광역시 사하구청,2026-02-27
괴정동2220,1,부산광역시 사하구 오작로8번길 4,부산광역시 사하구 괴정동 464,35.0971963,128.9950573,2021,건축물,051-220-4671,부산광역시 사하구청,2026-02-27
괴정동2221,1,부산광역시 사하구 오작로 10,부산광역시 사하구 괴정동 453,35.0974537,128.9952938,2021,건축물,051-220-4671,부산광역시 사하구청,2026-02-27
괴정동2222,1,부산광역시 사하구 오작로8번길 15-1,부산광역시 사하구 괴정동 448-36,35.0968918964,128.9955929812,2021,한전주,051-220-4671,부산광역시 사하구청,2026-02-27
괴정동2223,1,부산광역시 사하구 오작로8번길 15,부산광역시 사하구 괴정동 448-39,35.09677915,128.9955849,2021,한전주,051-220-4671,부산광역시 사하구청,2026-02-27
괴정동2224,1,부산광역시 사하구 오작로8번길 19,부산광역시 사하구 괴정동 448-42,35.0965843,128.9955577,2021,한전주,051-220-4671,부산광역시 사하구청,2026-02-27
괴정동2225,1,부산광역시 사하구 오작로8번길 19-3,부산광역시 사하구 괴정동 448-38,35.0967707,128.9957267,2021,건축물,051-220-4671,부산광역시 사하구청,2026-02-27
괴정동2226,1,부산광역시 사하구 사하로166번길 27,부산광역시 사하구 괴정동 458-74,35.0963925304,128.9954439,2021,한전주,051-220-4671,부산광역시 사하구청,2026-02-27
괴정동2227,1,부산광역시 사하구 사하로166번길 11-10,부산광역시 사하구 괴정동 475-19,35.0967963,128.9947186,2021,건축물,051-220-4671,부산광역시 사하구청,2026-02-27
괴정동2228,1,부산광역시 사하구 사하로166번길 11,부산광역시 사하구 괴정동 475-16,35.0965747,128.9944939,2021,한전주,051-220-4671,부산광역시 사하구청,2026-02-27
괴정동2229,1,부산광역시 사하구 사하로166번길 20,부산광역시 사하구 괴정동 458-53,35.0960186,128.9950062793,2021,전용주,051-220-4671,부산광역시 사하구청,2026-02-27
괴정동223,1,부산광역시 사하구 장평로450번길 12,부산광역시 사하구 괴정동 547-1,35.0978734,128.9878478,2021,한전주,051-220-4671,부산광역시 사하구청,2026-02-27
괴정동2230,1,부산광역시 사하구 사하로166번길 20,부산광역시 사하구 괴정동 458-53,35.0960186,128.9950062793,2021,전용주,051-220-4671,부산광역시 사하구청,2026-02-27
괴정동2231,1,부산광역시 사하구 사하로156번길 17-4,부산광역시 사하구 괴정동 471-28,35.095702,128.9949551,2021,건축물,051-220-4671,부산광역시 사하구청,2026-02-27
괴정동2232,1,부산광역시 사하구 사하로156번길 19,부산광역시 사하구 괴정동 472-12,35.0955327,128.9948413,2021,한전주,051-220-4671,부산광역시 사하구청,2026-02-27
괴정동2233,1,부산광역시 사하구 사하로156번길 20-1,부산광역시 사하구 괴정동 472-15,35.0953397,128.9945186,2021,한전주,051-220-4671,부산광역시 사하구청,2026-02-27
괴정동2234,1,부산광역시 사하구 사하로142번길 26,부산광역시 사하구 괴정동 472-40,35.0949937987,128.9943737076,2021,건축물,051-220-4671,부산광역시 사하구청,2026-02-27
괴정동2235,1,부산광역시 사하구 사하로142번길 22,부산광역시 사하구 괴정동 472-43,35.0949289,128.9942894,2021,한전주,051-220-4671,부산광역시 사하구청,2026-02-27
괴정동2236,1,부산광역시 사하구 사하로142번길 19,부산광역시 사하구 괴정동 472-79,35.0949873,128.9940276,2021,건축물,051-220-4671,부산광역시 사하구청,2026-02-27
괴정동2237,1,부산광역시 사하구 사하로142번길 8,부산광역시 사하구 괴정동 472-52,35.0945199342,128.993706806,2021,한전주,051-220-4671,부산광역시 사하구청,2026-02-27
괴정동2238,1,부산광역시 사하구 사하로156번길 20,부산광역시 사하구 괴정동 472-80,35.095391,128.9946844,2021,건축물,051-220-4671,부산광역시 사하구청,2026-02-27
괴정동2239,1,부산광역시 사하구 사하로156번길 12,부산광역시 사하구 괴정동 470-9,35.095448,128.9944955917,2021,건축물,051-220-4671,부산광역시 사하구청,2026-02-27
괴정동224,1,부산광역시 사하구 낙동대로 265,부산광역시 사하구 괴정동 733,35.098175,128.9875919,2021,전용주,051-220-4671,부산광역시 사하구청,2026-02-27
괴정동2240,1,부산광역시 사하구 사하로156번길 11,부산광역시 사하구 괴정동 483-61,35.0955941765,128.9943895388,2021,건축물,051-220-4671,부산광역시 사하구청,2026-02-27
괴정동2241,1,부산광역시 사하구 사하로156번길 11,부산광역시 사하구 괴정동 483-61,35.0955941765,128.9943895388,2021,건축물,051-220-4671,부산광역시 사하구청,2026-02-27
괴정동2242,1,부산광역시 사하구 사하로156번길 9-3,부산광역시 사하구 괴정동 477-33,35.0958582,128.994106053,2021,건축물,051-220-4671,부산광역시 사하구청,2026-02-27
괴정동2243,1,부산광역시 사하구 사하로156번길 9-15,부산광역시 사하구 괴정동 477-12,35.0960876744,128.9942633,2021,한전주,051-220-4671,부산광역시 사하구청,2026-02-27
괴정동2244,1,부산광역시 사하구 사하로166번길 10,부산광역시 사하구 괴정동 477-32,35.0963879,128.9943468,2021,건축물,051-220-4671,부산광역시 사하구청,2026-02-27
괴정동2245,1,부산광역시 사하구 사하로156번길 8,부산광역시 사하구 괴정동 483-6,35.0954745,128.9939956,2021,건축물,051-220-4671,부산광역시 사하구청,2026-02-27
괴정동2246,1,부산광역시 사하구 사하로142번길 14,부산광역시 사하구 괴정동 472-48,35.0946819803,128.9939439,2021,건축물,051-220-4671,부산광역시 사하구청,2026-02-27
괴정동2247,1,부산광역시 사하구 사하로142번길 9,부산광역시 사하구 괴정동 483-40,35.0947306,128.9936584587,2021,한전주,051-220-4671,부산광역시 사하구청,2026-02-27
괴정동2248,1,부산광역시 사하구 사하로142번길 9,부산광역시 사하구 괴정동 483-40,35.0947228,128.9936703,2021,건축물,051-220-4671,부산광역시 사하구청,2026-02-27
괴정동2249,1,부산광역시 사하구 사하로142번길 10-1,부산광역시 사하구 괴정동 472-50,35.0945655,128.9939187,2021,건축물,051-220-4671,부산광역시 사하구청,2026-02-27
괴정동225,1,부산광역시 사하구 낙동대로 265,부산광역시 사하구 괴정동 733,35.098175,128.9875919,2021,전용주,051-220-4671,부산광역시 사하구청,2026-02-27
괴정동2250,1,부산광역시 사하구 사하로142번길 8-9,부산광역시 사하구 괴정동 472-59,35.094095883,128.9935232391,2021,건축물,051-220-4671,부산광역시 사하구청,2026-02-27
괴정동2251,1,부산광역시 사하구 오작로8번길 45-1,부산광역시 사하구 괴정동 457-26,35.0957267,128.9961947,2021,한전주,051-220-4671,부산광역시 사하구청,2026-02-27
괴정동2252,1,부산광역시 사하구 오작로8번길 39,부산광역시 사하구 괴정동 457-18,35.096062,128.9960823,2021,한전주,051-220-4671,부산광역시 사하구청,2026-02-27
괴정동2253,1,부산광역시 사하구 사하로166번길 35,부산광역시 사하구 괴정동 448-45,35.0965527,128.9958311,2021,한전주,051-220-4671,부산광역시 사하구청,2026-02-27
괴정동2254,1,부산광역시 사하구 사하로166번길 34,부산광역시 사하구 괴정동 457-12,35.096365,128.9957388,2021,건축물,051-220-4671,부산광역시 사하구청,2026-02-27
괴정동2255,1,부산광역시 사하구 오작로8번길 71,부산광역시 사하구 괴정동 457-15,35.0948239571,128.9962877379,2021,한전주,051-220-4671,부산광역시 사하구청,2026-02-27
괴정동2256,1,부산광역시 사하구 사하로166번길 54,부산광역시 사하구 괴정동 448-30,35.0968467,128.9966562809,2021,한전주,051-220-4671,부산광역시 사하구청,2026-02-27
괴정동2257,1,부산광역시 사하구 사하로166번길 54,부산광역시 사하구 괴정동 448-30,35.0968543,128.9966717,2021,한전주,051-220-4671,부산광역시 사하구청,2026-02-27
괴정동2258,1,부산광역시 사하구 사하로166번길 57,부산광역시 사하구 괴정동 447-13,35.0974519,128.9970482,2021,건축물,051-220-4671,부산광역시 사하구청,2026-02-27
괴정동2259,1,부산광역시 사하구 사하로166번길 41-1,부산광역시 사하구 괴정동 448-18,35.0967594,128.995869,2021,건축물,051-220-4671,부산광역시 사하구청,2026-02-27
괴정동226,1,부산광역시 사하구 괴정로231번길 4,부산광역시 사하구 괴정동 546-36,35.0971841304,128.9871409,2021,건축물,051-220-4671,부산광역시 사하구청,2026-02-27
괴정동2260,1,부산광역시 사하구 사하로166번길 41-6,부산광역시 사하구 괴정동 448-24,35.0969711,128.9961483,2021,건축물,051-220-4671,부산광역시 사하구청,2026-02-27
괴정동2261,1,부산광역시 사하구 오작로8번안길 12-6,부산광역시 사하구 괴정동 449,35.0970777,128.9962386,2021,건축물,051-220-4671,부산광역시 사하구청,2026-02-27
괴정동2262,1,부산광역시 사하구 오작로8번안길 12-1,부산광역시 사하구 괴정동 448-54,35.0972821514,128.9961564,2021,한전주,051-220-4671,부산광역시 사하구청,2026-02-27
괴정동2263,1,부산광역시 사하구 사하로166번길 33,부산광역시 사하구 괴정동 448-46,35.0964819941,128.9957201,2021,한전주,051-220-4671,부산광역시 사하구청,2026-02-27
괴정동2264,1,부산광역시 사하구 오작로 16-2,부산광역시 사하구 괴정동 451-10,35.0975901599,128.9956375,2021,건축물,051-220-4671,부산광역시 사하구청,2026-02-27
괴정동2265,1,부산광역시 사하구 오작로8번안길 32,부산광역시 사하구 괴정동 446-23,35.0980713,128.9966466,2021,전용주,051-220-4671,부산광역시 사하구청,2026-02-27
괴정동2266,1,부산광역시 사하구 오작로8번안길 32,부산광역시 사하구 괴정동 446-23,35.0980713,128.9966466,2021,건축물,051-220-4671,부산광역시 사하구청,2026-02-27
괴정동2267,1,부산광역시 사하구 오작로8번안길 28,부산광역시 사하구 괴정동 446-25,35.0977944,128.9964973,2021,한전주,051-220-4671,부산광역시 사하구청,2026-02-27
괴정동2268,1,부산광역시 사하구 오작로8번안길 44,부산광역시 사하구 괴정동 447-5,35.0977351,128.9968138,2021,건축물,051-220-4671,부산광역시 사하구청,2026-02-27
괴정동2269,1,부산광역시 사하구 오작로8번안길 32,부산광역시 사하구 괴정동 446-23,35.0980713,128.9966466,2021,건축물,051-220-4671,부산광역시 사하구청,2026-02-27
괴정동227,1,부산광역시 사하구 괴정로 233,부산광역시 사하구 괴정동 546-39,35.0970743,128.9871157,2021,한전주,051-220-4671,부산광역시 사하구청,2026-02-27
괴정동2270,1,부산광역시 사하구 오작로 30-1,부산광역시 사하구 괴정동 418-48,35.09821354,128.9968728,2021,건축물,051-220-4671,부산광역시 사하구청,2026-02-27
괴정동2271,1,부산광역시 사하구 오작로8번안길 23,부산광역시 사하구 괴정동 446-14,35.0977920622,128.9962347,2021,건축물,051-220-4671,부산광역시 사하구청,2026-02-27
괴정동2272,1,부산광역시 사하구 오작로 18-3,부산광역시 사하구 괴정동 446-15,35.0978816,128.9961266,2021,건축물,051-220-4671,부산광역시 사하구청,2026-02-27
괴정동2273,1,부산광역시 사하구 오작로8번안길 29,부산광역시 사하구 괴정동 446-8,35.098021,128.9964151,2021,건축물,051-220-4671,부산광역시 사하구청,2026-02-27
괴정동2274,1,부산광역시 사하구 오작로8번안길 17,부산광역시 사하구 괴정동 446-20,35.0976395,128.9960549,2021,한전주,051-220-4671,부산광역시 사하구청,2026-02-27
괴정동2275,1,부산광역시 사하구 오작로8번안길 11,부산광역시 사하구 괴정동 448,35.0973614519,128.9958204388,2021,건축물,051-220-4671,부산광역시 사하구청,2026-02-27
괴정동2276,1,부산광역시 사하구 오작로 51-2,부산광역시 사하구 괴정동 400-23,35.0997412,128.998672,2021,한전주,051-220-4671,부산광역시 사하구청,2026-02-27
괴정동2277,1,부산광역시 사하구 사리로7번길 5-14,부산광역시 사하구 괴정동 399-19,35.0998979544,128.998775,2021,건축물,051-220-4671,부산광역시 사하구청,2026-02-27
괴정동2278,1,부산광역시 사하구 사리로7번길 5-9,부산광역시 사하구 괴정동 398-2,35.0997819,128.9989362,2021,한전주,051-220-4671,부산광역시 사하구청,2026-02-27
괴정동2279,1,부산광역시 사하구 사리로7번길 5-5,부산광역시 사하구 괴정동 392-4,35.1000848922,128.9992183,2021,한전주,051-220-4671,부산광역시 사하구청,2026-02-27
괴정동228,1,부산광역시 사하구 괴정로 235-2,부산광역시 사하구 괴정동 546-26,35.096925,128.987430,2021,건축물,051-220-4671,부산광역시 사하구청,2026-02-27
괴정동2280,1,부산광역시 사하구 사리로7번길 5-1,부산광역시 사하구 괴정동 392-2,35.1002789,128.9993979,2021,한전주,051-220-4671,부산광역시 사하구청,2026-02-27
괴정동2281,1,부산광역시 사하구 사하로186번길 31,부산광역시 사하구 괴정동 438-32,35.0991720498,128.9954572206,2022,,051-220-4671,부산광역시 사하구청,2026-02-27
괴정동2282,1,부산광역시 사하구 사리로 1-1,부산광역시 사하구 괴정동 393-10,35.0999924274,128.9996217,2021,건축물,051-220-4671,부산광역시 사하구청,2026-02-27
괴정동2283,1,부산광역시 사하구 사리로7번길 23-6,부산광역시 사하구 괴정동 399-22,35.1000973,128.9989329,2021,건축물,051-220-4671,부산광역시 사하구청,2026-02-27
괴정동2284,1,부산광역시 사하구 사리로7번길 29-12,부산광역시 사하구 괴정동 401-1,35.0992268,128.998166,2021,한전주,051-220-4671,부산광역시 사하구청,2026-02-27
괴정동2285,1,부산광역시 사하구 사리로7번길 29-15,부산광역시 사하구 괴정동 417-1,35.09908344,128.9981227,2021,한전주,051-220-4671,부산광역시 사하구청,2026-02-27
괴정동2286,1,부산광역시 사하구 오작로 47-5,부산광역시 사하구 괴정동 399-42,35.0992412,128.9983857,2021,건축물,051-220-4671,부산광역시 사하구청,2026-02-27
괴정동2287,1,부산광역시 사하구 오작로 47-3,부산광역시 사하구 괴정동 399-43,35.0990919416,128.9982954961,2021,건축물,051-220-4671,부산광역시 사하구청,2026-02-27
괴정동2288,1,부산광역시 사하구 사리로 49,부산광역시 사하구 괴정동 237-3,35.1042344,128.998343,2021,한전주,051-220-4671,부산광역시 사하구청,2026-02-27
괴정동2289,1,부산광역시 사하구 사리로45번길 8,부산광역시 사하구 괴정동 243-3,35.1038914,128.9982077052,2021,건축물,051-220-4671,부산광역시 사하구청,2026-02-27
괴정동229,1,부산광역시 사하구 괴정로 241-3,부산광역시 사하구 괴정동 546-13,35.0970437,128.9878825,2021,건축물,051-220-4671,부산광역시 사하구청,2026-02-27
괴정동2290,1,부산광역시 사하구 사리로 43,부산광역시 사하구 괴정동 237-5,35.1037929939,128.998596,2021,건축물,051-220-4671,부산광역시 사하구청,2026-02-27
괴정동2291,1,부산광역시 사하구 사리로 43-3,부산광역시 사하구 괴정동 244-1,35.103748,128.9983311,2021,한전주,051-220-4671,부산광역시 사하구청,2026-02-27
괴정동2292,1,부산광역시 사하구 사리로 43-5,부산광역시 사하구 괴정동 249-1,35.1032742,128.9980863097,2021,한전주,051-220-4671,부산광역시 사하구청,2026-02-27
괴정동2293,1,부산광역시 사하구 낙동대로164번길 17,부산광역시 사하구 괴정동 251-21,35.1030818235,128.9978769,2021,한전주,051-220-4671,부산광역시 사하구청,2026-02-27
괴정동2294,1,부산광역시 사하구 낙동대로164번길 11,부산광역시 사하구 괴정동 251-4,35.1028913,128.9978168,2021,건축물,051-220-4671,부산광역시 사하구청,2026-02-27
괴정동2295,1,부산광역시 사하구 낙동대로164번길 13-2,부산광역시 사하구 괴정동 251-1,35.1030456,128.9977547,2021,건축물,051-220-4671,부산광역시 사하구청,2026-02-27
괴정동2296,1,부산광역시 사하구 낙동대로164번길 9-2,부산광역시 사하구 괴정동 251-5,35.1028483,128.9976951,2021,건축물,051-220-4671,부산광역시 사하구청,2026-02-27
괴정동2297,1,부산광역시 사하구 낙동대로164번길 7-2,부산광역시 사하구 괴정동 251-25,35.1027791,128.997518,2021,건축물,051-220-4671,부산광역시 사하구청,2026-02-27
괴정동2298,1,부산광역시 사하구 낙동대로164번길 9-1,부산광역시 사하구 괴정동 251-24,35.1027681,128.9976383,2021,한전주,051-220-4671,부산광역시 사하구청,2026-02-27
괴정동2299,1,부산광역시 사하구 낙동대로164번길 21-3,부산광역시 사하구 괴정동 251-18,35.1030980121,128.9975702,2021,건축물,051-220-4671,부산광역시 사하구청,2026-02-27
괴정동230,1,부산광역시 사하구 승학로 200,부산광역시 사하구 괴정동 772-3,35.1008318,128.987141,2021,건축물,051-220-4671,부산광역시 사하구청,2026-02-27
괴정동2300,1,부산광역시 사하구 낙동대로164번길 21-7,부산광역시 사하구 괴정동 251-10,35.1031967266,128.9974977158,2021,전용주,051-220-4671,부산광역시 사하구청,2026-02-27
괴정동2301,1,부산광역시 사하구 낙동대로164번길 26,부산광역시 사하구 괴정동 241-8,35.1035298,128.9979036216,2021,한전주,051-220-4671,부산광역시 사하구청,2026-02-27
괴정동2302,1,부산광역시 사하구 낙동대로164번길 28,부산광역시 사하구 괴정동 241-11,35.1036477,128.9978572,2021,건축물,051-220-4671,부산광역시 사하구청,2026-02-27
괴정동2303,1,부산광역시 사하구 사리로45번길 8,부산광역시 사하구 괴정동 243-3,35.1038669,128.9982244,2021,건축물,051-220-4671,부산광역시 사하구청,2026-02-27
괴정동2304,1,부산광역시 사하구 사리로45번길 14-2,부산광역시 사하구 괴정동 242-7,35.1039765,128.9981393,2021,한전주,051-220-4671,부산광역시 사하구청,2026-02-27
괴정동2305,1,부산광역시 사하구 낙동대로164번길 38,부산광역시 사하구 괴정동 241-1,35.1039633,128.9978429,2021,건축물,051-220-4671,부산광역시 사하구청,2026-02-27
괴정동2306,1,부산광역시 사하구 낙동대로164번길 42,부산광역시 사하구 괴정동 238-3,35.104222,128.9979861448,2021,건축물,051-220-4671,부산광역시 사하구청,2026-02-27
괴정동2307,1,부산광역시 사하구 낙동대로164번길 48,부산광역시 사하구 괴정동 240-74,35.1044562,128.9979927107,2021,건축물,051-220-4671,부산광역시 사하구청,2026-02-27
괴정동2308,1,부산광역시 사하구 낙동대로164번길 50,부산광역시 사하구 괴정동 240-73,35.1045469,128.9979778,2021,건축물,051-220-4671,부산광역시 사하구청,2026-02-27
괴정동2309,1,부산광역시 사하구 사리로55번길 13,부산광역시 사하구 괴정동 240-1,35.1051322,128.9974547,2021,한전주,051-220-4671,부산광역시 사하구청,2026-02-27
괴정동231,1,부산광역시 사하구 승학로 204-4,부산광역시 사하구 괴정동 774-3,35.1007437,128.9875665,2021,건축물,051-220-4671,부산광역시 사하구청,2026-02-27
괴정동2310,1,부산광역시 사하구 사리로57번길 14-2,부산광역시 사하구 괴정동 240-85,35.1051883103,128.9978513,2021,한전주,051-220-4671,부산광역시 사하구청,2026-02-27
괴정동2311,1,부산광역시 사하구 사리로57번길 14-2,부산광역시 사하구 괴정동 240-85,35.1051883103,128.9978513,2021,전용주,051-220-4671,부산광역시 사하구청,2026-02-27
괴정동2312,1,부산광역시 사하구 사리로57번길 14-4,부산광역시 사하구 괴정동 240-44,35.1053237,128.9978651,2021,건축물,051-220-4671,부산광역시 사하구청,2026-02-27
괴정동2313,1,부산광역시 사하구 사리로57번길 14-8,부산광역시 사하구 괴정동 240-37,35.105539,128.9979252,2021,건축물,051-220-4671,부산광역시 사하구청,2026-02-27
괴정동2314,1,부산광역시 사하구 사리로67번길 8,부산광역시 사하구 괴정동 240-34,35.105763,128.997998104,2021,건축물,051-220-4671,부산광역시 사하구청,2026-02-27
괴정동2315,1,부산광역시 사하구 사리로 67,부산광역시 사하구 괴정동 221-3,35.1057678,128.9982598,2021,건축물,051-220-4671,부산광역시 사하구청,2026-02-27
괴정동2316,1,부산광역시 사하구 사리로67번길 18,부산광역시 사하구 괴정동 240-41,35.1053651,128.9980855,2021,건축물,051-220-4671,부산광역시 사하구청,2026-02-27
괴정동2317,1,부산광역시 사하구 사리로67번길 20,부산광역시 사하구 괴정동 240-42,35.1052659,128.998094,2021,한전주,051-220-4671,부산광역시 사하구청,2026-02-27
괴정동2318,1,부산광역시 사하구 사리로57번길 9,부산광역시 사하구 괴정동 240-30,35.1049342,128.9979872,2021,건축물,051-220-4671,부산광역시 사하구청,2026-02-27
괴정동2319,1,부산광역시 사하구 사리로57번길 6,부산광역시 사하구 괴정동 240-17,35.1051563,128.9981791,2021,한전주,051-220-4671,부산광역시 사하구청,2026-02-27
괴정동232,1,부산광역시 사하구 승학로 204-5,부산광역시 사하구 괴정동 795-11,35.1007666,128.9878193,2021,한전주,051-220-4671,부산광역시 사하구청,2026-02-27
괴정동2320,1,부산광역시 사하구 사리로57번길 1,부산광역시 사하구 괴정동 240-26,35.1049639,128.9983718,2021,건축물,051-220-4671,부산광역시 사하구청,2026-02-27
괴정동2321,1,부산광역시 사하구 사리로 51,부산광역시 사하구 괴정동 237-1,35.1043784,128.9983575,2021,건축물,051-220-4671,부산광역시 사하구청,2026-02-27
괴정동2322,1,부산광역시 사하구 동주대학로 10,부산광역시 사하구 괴정동 220-1,35.1080970003,128.9976263,2021,한전주,051-220-4671,부산광역시 사하구청,2026-02-27
괴정동2323,1,부산광역시 사하구 동주대학로 10,부산광역시 사하구 괴정동 220-1,35.1080970003,128.9976263,2021,한전주,051-220-4671,부산광역시 사하구청,2026-02-27
괴정동2324,1,부산광역시 사하구 동주대학로 10,부산광역시 사하구 괴정동 220-1,35.1080970003,128.9976263,2021,한전주,051-220-4671,부산광역시 사하구청,2026-02-27
괴정동2325,1,부산광역시 사하구 사리로 55번길 5,부산광역시 사하구 괴정동 238-10,35.1045699108,128.9981886421,2022,,051-220-4671,부산광역시 사하구청,2026-02-27
괴정동2326,1,부산광역시 사하구 사하로186번길 25-5,부산광역시 사하구 괴정동 1014-11,35.0990405661,128.9948770224,2022,한전주,051-220-4671,부산광역시 사하구청,2026-02-27
괴정동2327,1,부산광역시 사하구 승학로284번길 42,부산광역시 사하구 괴정동 252,35.1024409,128.9977935314,2021,한전주,051-220-4671,부산광역시 사하구청,2026-02-27
괴정동2328,1,부산광역시 사하구 낙동대로 178-6,부산광역시 사하구 괴정동 257-3,35.102090521,128.9971181,2021,건축물,051-220-4671,부산광역시 사하구청,2026-02-27
괴정동233,1,부산광역시 사하구 승학로229번길 6,부산광역시 사하구 괴정동 1048-6,35.1020487,128.9898681,2021,한전주,051-220-4671,부산광역시 사하구청,2026-02-27
괴정동2330,1,부산광역시 사하구 승학로284번길 8,부산광역시 사하구 괴정동 260-38,35.102239,128.995838,2021,건축물,051-220-4671,부산광역시 사하구청,2026-02-27
괴정동2331,1,부산광역시 사하구 승학로281번길 6-8,부산광역시 사하구 괴정동 260-507,35.10278735,128.9949309,2021,건축물,051-220-4671,부산광역시 사하구청,2026-02-27
괴정동2332,1,부산광역시 사하구 승학로281번길 6-3,부산광역시 사하구 괴정동 260-510,35.1027331,128.9948412,2021,한전주,051-220-4671,부산광역시 사하구청,2026-02-27
괴정동2333,1,부산광역시 사하구 승학로 283,부산광역시 사하구 괴정동 260-15,35.1026522,128.9953766,2021,건축물,051-220-4671,부산광역시 사하구청,2026-02-27
괴정동2334,1,부산광역시 사하구 승학로281번길 20-2,부산광역시 사하구 괴정동 260-531,35.1026424,128.9943236,2021,건축물,051-220-4671,부산광역시 사하구청,2026-02-27
괴정동2335,1,부산광역시 사하구 승학로281번길 20-5,부산광역시 사하구 괴정동 260-544,35.1028437,128.9941421,2021,건축물,051-220-4671,부산광역시 사하구청,2026-02-27
괴정동2336,1,부산광역시 사하구 승학로281번길 20-13,부산광역시 사하구 괴정동 260-537,35.1028983,128.9946588,2021,건축물,051-220-4671,부산광역시 사하구청,2026-02-27
괴정동2337,1,부산광역시 사하구 승학로281번길 24,부산광역시 사하구 괴정동 260-502,35.1025333,128.9938385,2021,한전주,051-220-4671,부산광역시 사하구청,2026-02-27
괴정동2338,1,부산광역시 사하구 승학로 257-1,부산광역시 사하구 괴정동 1026-74,35.1025967,128.9927215,2021,전용주,051-220-4671,부산광역시 사하구청,2026-02-27
괴정동2339,1,부산광역시 사하구 승학로 253-2,부산광역시 사하구 괴정동 1026-73,35.1026437,128.9925883743,2021,한전주,051-220-4671,부산광역시 사하구청,2026-02-27
괴정동234,1,부산광역시 사하구 승학로229번길 16,부산광역시 사하구 괴정동 1056-22,35.1024879044,128.9897258,2021,한전주,051-220-4671,부산광역시 사하구청,2026-02-27
괴정동2340,1,부산광역시 사하구 사하로186번나길 14,부산광역시 사하구 괴정동 1014-21,35.099224,128.9950518,2022,,051-220-4671,부산광역시 사하구청,2026-02-27
괴정동2342,1,부산광역시 사하구 승학로281번길 33,부산광역시 사하구 괴정동 1026-65,35.1024901693,128.9933117,2021,한전주,051-220-4671,부산광역시 사하구청,2026-02-27
괴정동2343,1,부산광역시 사하구 승학로281번길 31,부산광역시 사하구 괴정동 1026-31,35.1025307,128.9934436,2021,건축물,051-220-4671,부산광역시 사하구청,2026-02-27
괴정동2344,1,부산광역시 사하구 승학로281번길 30,부산광역시 사하구 괴정동 1026-15,35.1025853847,128.9935772,2021,건축물,051-220-4671,부산광역시 사하구청,2026-02-27
괴정동2345,1,부산광역시 사하구 승학로281번길 30-10,부산광역시 사하구 괴정동 260-547,35.1028365,128.9940323,2021,건축물,051-220-4671,부산광역시 사하구청,2026-02-27
괴정동2346,1,부산광역시 사하구 승학로224번길 109-5,부산광역시 사하구 괴정동 260-48,35.1022416,128.9956846,2021,건축물,051-220-4671,부산광역시 사하구청,2026-02-27
괴정동2347,1,부산광역시 사하구 승학로 284,부산광역시 사하구 괴정동 260-11,35.1023727,128.9953807,2021,건축물,051-220-4671,부산광역시 사하구청,2026-02-27
괴정동2348,1,부산광역시 사하구 승학로224번길 99-8,부산광역시 사하구 괴정동 260-121,35.1021841,128.9953432,2021,건축물,051-220-4671,부산광역시 사하구청,2026-02-27
괴정동2349,1,부산광역시 사하구 승학로224번길 99-8,부산광역시 사하구 괴정동 260-121,35.1021841,128.9953432,2021,한전주,051-220-4671,부산광역시 사하구청,2026-02-27
괴정동235,1,부산광역시 사하구 승학로229번길 20-2,부산광역시 사하구 괴정동 1056-19,35.1025840408,128.9897611,2021,건축물,051-220-4671,부산광역시 사하구청,2026-02-27
괴정동2350,1,부산광역시 사하구 승학로224번길 99-1,부산광역시 사하구 괴정동 260-94,35.1021735,128.9948934,2021,한전주,051-220-4671,부산광역시 사하구청,2026-02-27
괴정동2351,1,부산광역시 사하구 낙동대로200번길 29,부산광역시 사하구 괴정동 260-100,35.1020771675,128.9942995,2021,한전주,051-220-4671,부산광역시 사하구청,2026-02-27
괴정동2352,1,부산광역시 사하구 승학로224번길 77-3,부산광역시 사하구 괴정동 260-104,35.1020845491,128.9939816,2021,한전주,051-220-4671,부산광역시 사하구청,2026-02-27
괴정동2353,1,부산광역시 사하구 승학로224번길 71-7,부산광역시 사하구 괴정동 260-469,35.1021418,128.9935329,2021,한전주,051-220-4671,부산광역시 사하구청,2026-02-27
괴정동2354,1,부산광역시 사하구 승학로 264-4,부산광역시 사하구 괴정동 260-477,35.1021281,128.9932694,2021,한전주,051-220-4671,부산광역시 사하구청,2026-02-27
괴정동2355,1,부산광역시 사하구 승학로224번길 61,부산광역시 사하구 괴정동 1025-58,35.1018625482,128.9930134272,2021,건축물,051-220-4671,부산광역시 사하구청,2026-02-27
괴정동2356,1,부산광역시 사하구 승학로224번길 63,부산광역시 사하구 괴정동 1025-39,35.101869,128.9931315,2021,한전주,051-220-4671,부산광역시 사하구청,2026-02-27
괴정동2357,1,부산광역시 사하구 승학로224번길 65-3,부산광역시 사하구 괴정동 1025-70,35.1020483,128.9931907,2021,건축물,051-220-4671,부산광역시 사하구청,2026-02-27
괴정동2358,1,부산광역시 사하구 낙동대로216번길 38-5,부산광역시 사하구 괴정동 260-475,35.1021047,128.9930495,2021,한전주,051-220-4671,부산광역시 사하구청,2026-02-27
괴정동2359,1,부산광역시 사하구 낙동대로216번길 38,부산광역시 사하구 괴정동 1026-93,35.1021544,128.9927656,2021,한전주,051-220-4671,부산광역시 사하구청,2026-02-27
괴정동236,1,부산광역시 사하구 승학로229번길 22,부산광역시 사하구 괴정동 1056-15,35.1027362,128.9896974764,2021,한전주,051-220-4671,부산광역시 사하구청,2026-02-27
괴정동2360,1,부산광역시 사하구 승학로224번길 110,부산광역시 사하구 괴정동 260-398,35.1019465,128.9955458,2021,건축물,051-220-4671,부산광역시 사하구청,2026-02-27
괴정동2361,1,부산광역시 사하구 승학로224번길 104,부산광역시 사하구 괴정동 260-419,35.1018695,128.9952917,2021,한전주,051-220-4671,부산광역시 사하구청,2026-02-27
괴정동2362,1,부산광역시 사하구 낙동대로190번길 5,부산광역시 사하구 괴정동 260-481,35.1015596,128.995492875,2021,건축물,051-220-4671,부산광역시 사하구청,2026-02-27
괴정동2363,1,부산광역시 사하구 낙동대로190번길 4,부산광역시 사하구 괴정동 260-383,35.1015643,128.9957668,2021,한전주,051-220-4671,부산광역시 사하구청,2026-02-27
괴정동2364,1,부산광역시 사하구 낙동대로194번길 4,부산광역시 사하구 괴정동 260-9,35.1013615,128.9954986,2021,건축물,051-220-4671,부산광역시 사하구청,2026-02-27
괴정동2365,1,부산광역시 사하구 낙동대로194번길 2,부산광역시 사하구 괴정동 261-3,35.10129776,128.9953222,2021,건축물,051-220-4671,부산광역시 사하구청,2026-02-27
괴정동2366,1,부산광역시 사하구 낙동대로194번길 3,부산광역시 사하구 괴정동 261,35.1013591,128.9950929,2021,한전주,051-220-4671,부산광역시 사하구청,2026-02-27
괴정동2367,1,부산광역시 사하구 낙동대로194번길 1,부산광역시 사하구 괴정동 1020-1,35.1011696,128.9950939244,2021,건축물,051-220-4671,부산광역시 사하구청,2026-02-27
괴정동2368,1,부산광역시 사하구 낙동대로 198,부산광역시 사하구 괴정동 1019-1,35.1010843057,128.9948855985,2021,한전주,051-220-4671,부산광역시 사하구청,2026-02-27
괴정동2369,1,부산광역시 사하구 낙동대로200번길 9,부산광역시 사하구 괴정동 260-316,35.1012334,128.9945196,2021,한전주,051-220-4671,부산광역시 사하구청,2026-02-27
괴정동237,1,부산광역시 사하구 승학로229번길 26,부산광역시 사하구 괴정동 1056-6,35.1029978,128.9896938,2021,한전주,051-220-4671,부산광역시 사하구청,2026-02-27
괴정동2370,1,부산광역시 사하구 낙동대로200번길 16,부산광역시 사하구 괴정동 260-441,35.1015375,128.9946586,2021,한전주,051-220-4671,부산광역시 사하구청,2026-02-27
괴정동2371,1,부산광역시 사하구 승학로224번길 92,부산광역시 사하구 괴정동 260-253,35.1017276,128.9945949698,2021,건축물,051-220-4671,부산광역시 사하구청,2026-02-27
괴정동2372,1,부산광역시 사하구 낙동대로194번길 9-1,부산광역시 사하구 괴정동 260-430,35.1016418,128.9948914,2021,건축물,051-220-4671,부산광역시 사하구청,2026-02-27
괴정동2373,1,부산광역시 사하구 낙동대로194번길 9-1,부산광역시 사하구 괴정동 260-430,35.10162243,128.9948848,2021,전용주,051-220-4671,부산광역시 사하구청,2026-02-27
괴정동2374,1,부산광역시 사하구 승학로224번길 100,부산광역시 사하구 괴정동 260-421,35.10177693,128.9951146,2021,건축물,051-220-4671,부산광역시 사하구청,2026-02-27
괴정동2375,1,부산광역시 사하구 낙동대로200번길 14-2,부산광역시 사하구 괴정동 260-438,35.1015517,128.9948892,2021,건축물,051-220-4671,부산광역시 사하구청,2026-02-27
괴정동2376,1,부산광역시 사하구 낙동대로194번길 5,부산광역시 사하구 괴정동 260-492,35.1013716,128.9948848,2021,건축물,051-220-4671,부산광역시 사하구청,2026-02-27
괴정동2377,1,부산광역시 사하구 낙동대로194번길 12,부산광역시 사하구 괴정동 260-390,35.1015616,128.9953829,2021,건축물,051-220-4671,부산광역시 사하구청,2026-02-27
괴정동2378,1,부산광역시 사하구 승학로224번길 86,부산광역시 사하구 괴정동 260-258,35.101696973,128.9942572,2021,한전주,051-220-4671,부산광역시 사하구청,2026-02-27
괴정동2379,1,부산광역시 사하구 승학로224번길 82,부산광역시 사하구 괴정동 260-262,35.1016914,128.9940702,2021,건축물,051-220-4671,부산광역시 사하구청,2026-02-27
괴정동238,1,부산광역시 사하구 승학로229번길 35,부산광역시 사하구 괴정동 1056-1,35.1031992802,128.9896225,2021,건축물,051-220-4671,부산광역시 사하구청,2026-02-27
괴정동2380,1,부산광역시 사하구 승학로224번길 74,부산광역시 사하구 괴정동 1025-32,35.1016721,128.9935982,2021,한전주,051-220-4671,부산광역시 사하구청,2026-02-27
괴정동2381,1,부산광역시 사하구 승학로224번길 72-6,부산광역시 사하구 괴정동 1025-81,35.101458,128.9934614,2021,건축물,051-220-4671,부산광역시 사하구청,2026-02-27
괴정동2382,1,부산광역시 사하구 승학로224번길 72-12,부산광역시 사하구 괴정동 1025-13,35.1012979,128.9933369,2021,건축물,051-220-4671,부산광역시 사하구청,2026-02-27
괴정동2383,1,부산광역시 사하구 승학로224번길 66,부산광역시 사하구 괴정동 1025-83,35.1016959,128.9932479,2021,건축물,051-220-4671,부산광역시 사하구청,2026-02-27
괴정동2384,1,부산광역시 사하구 승학로224번길 66-2,부산광역시 사하구 괴정동 1025-34,35.1015734,128.9930256,2021,한전주,051-220-4671,부산광역시 사하구청,2026-02-27
괴정동2385,1,부산광역시 사하구 회화나무길 100,부산광역시 사하구 괴정동 1005-3,35.1009887,128.9934891543,2021,한전주,051-220-4671,부산광역시 사하구청,2026-02-27
괴정동2386,1,부산광역시 사하구 회화나무길 101,부산광역시 사하구 괴정동 260-360,35.10108827,128.9937161,2021,한전주,051-220-4671,부산광역시 사하구청,2026-02-27
괴정동2387,1,부산광역시 사하구 회화나무길 106,부산광역시 사하구 괴정동 1022-23,35.1008911,128.993963,2021,한전주,051-220-4671,부산광역시 사하구청,2026-02-27
괴정동2388,1,부산광역시 사하구 낙동대로 206-2,부산광역시 사하구 괴정동 1023-2,35.1010206,128.9942889273,2021,한전주,051-220-4671,부산광역시 사하구청,2026-02-27
괴정동2389,1,부산광역시 사하구 낙동대로 210-7,부산광역시 사하구 괴정동 1005-7,35.1008050239,128.993757787,2021,건축물,051-220-4671,부산광역시 사하구청,2026-02-27
괴정동239,1,부산광역시 사하구 승학로233번길 1,부산광역시 사하구 괴정동 1054-3,35.1021644,128.9899586,2021,한전주,051-220-4671,부산광역시 사하구청,2026-02-27
괴정동2390,1,부산광역시 사하구 낙동대로 210-5,부산광역시 사하구 괴정동 1007-2,35.100732,128.9937727,2021,건축물,051-220-4671,부산광역시 사하구청,2026-02-27
괴정동2391,1,부산광역시 사하구 회화나무길 111-8,부산광역시 사하구 괴정동 260-283,35.1014988437,128.9940974047,2021,한전주,051-220-4671,부산광역시 사하구청,2026-02-27
괴정동2392,1,부산광역시 사하구 회화나무길 111-3,부산광역시 사하구 괴정동 260-337,35.10121578,128.9940292,2021,건축물,051-220-4671,부산광역시 사하구청,2026-02-27
괴정동2393,1,부산광역시 사하구 회화나무길 111-1,부산광역시 사하구 괴정동 260-355,35.1011429,128.993991,2021,건축물,051-220-4671,부산광역시 사하구청,2026-02-27
괴정동2394,1,부산광역시 사하구 회화나무길 99-7,부산광역시 사하구 괴정동 260-288,35.101489,128.9937692,2021,한전주,051-220-4671,부산광역시 사하구청,2026-02-27
괴정동2395,1,부산광역시 사하구 낙동대로179번길 21,부산광역시 사하구 괴정동 1238-162,35.1006435,128.997499114,2021,전용주,051-220-4671,부산광역시 사하구청,2026-02-27
괴정동2396,1,부산광역시 사하구 낙동대로179번길 30,부산광역시 사하구 괴정동 1238-172,35.1002837,128.9974681,2021,전용주,051-220-4671,부산광역시 사하구청,2026-02-27
괴정동2397,1,부산광역시 사하구 사리로7번길 29-15,부산광역시 사하구 괴정동 417-1,35.09908344,128.9981227,2021,건축물,051-220-4671,부산광역시 사하구청,2026-02-27
괴정동2398,1,부산광역시 사하구 오작로8번안길 42,부산광역시 사하구 괴정동 447-6,35.0976827,128.9967139,2021,건축물,051-220-4671,부산광역시 사하구청,2026-02-27
괴정동2399,1,부산광역시 사하구 사하로 190,부산광역시 사하구 괴정동 961-1,35.0989968,128.9940704,2021,전용주,051-220-4671,부산광역시 사하구청,2026-02-27
괴정동240,1,부산광역시 사하구 승학로233번길 7,부산광역시 사하구 괴정동 1054-1,35.1023633,128.9899196,2021,한전주,051-220-4671,부산광역시 사하구청,2026-02-27
괴정동2400,1,,부산광역시 사하구 괴정동 1013-4,35.0991678,128.9946338,2021,전용주,051-220-4671,부산광역시 사하구청,2026-02-27
괴정동2401,1,,부산광역시 사하구 괴정동 403-35,35.09996701,128.9976696161,2022,건축물,051-220-4671,부산광역시 사하구청,2026-02-27
괴정동2402,1,부산광역시 사하구 사리로55번길 9,부산광역시 사하구 괴정동 238-1,35.1046829,128.9979263,2022,건축물,051-220-4671,부산광역시 사하구청,2026-02-27
괴정동2403,1,부산광역시 사하구 사리로45번길 16,부산광역시 사하구 괴정동 241-10,35.1037890118,128.9978502,2022,건축물,051-220-4671,부산광역시 사하구청,2026-02-27
괴정동2404,1,,부산광역시 사하구 괴정동 958-22,35.0981845612,128.994794,2022,건축물,051-220-4671,부산광역시 사하구청,2026-02-27
괴정동2405,1,부산광역시 사하구 낙동대로 164번길 13-5,부산광역시 사하구 괴정동 251-6,35.1028501,128.9975855,2022,건축물,051-220-4671,부산광역시 사하구청,2026-02-27
괴정동2406,1,,부산광역시 사하구 괴정동 354-19,35.1020931018,129.0030414482,2021,한전주,051-220-4671,부산광역시 사하구청,2026-02-27
괴정동2407,1,부산광역시 사하구 낙동대로135번길 55,부산광역시 사하구 괴정동 354-111,35.102170,129.0032881286,2021,한전주,051-220-4671,부산광역시 사하구청,2026-02-27
괴정동2408,1,부산광역시 사하구 낙동대로135번길 55,부산광역시 사하구 괴정동 354-111,35.102170,129.0032881286,2022,한전주,051-220-4671,부산광역시 사하구청,2026-02-27
괴정동2409,1,부산광역시 사하구 낙동대로135번길 55,부산광역시 사하구 괴정동 354-111,35.102170,129.0032881286,2022,한전주,051-220-4671,부산광역시 사하구청,2026-02-27
괴정동241,1,부산광역시 사하구 승학로233번길 16,부산광역시 사하구 괴정동 1053,35.1028261567,128.9900755767,2021,한전주,051-220-4671,부산광역시 사하구청,2026-02-27
괴정동2410,1,,부산광역시 사하구 괴정동 959-4,35.0985700037,128.9944802733,2023,,051-220-4671,부산광역시 사하구청,2026-02-27
괴정동2411,1,,부산광역시 사하구 괴정동 959-4,35.0985700037,128.9944802733,2023,,051-220-4671,부산광역시 사하구청,2026-02-27
괴정동2412,1,,부산광역시 사하구 괴정동 1014-28,35.0989226,128.9952967,2023,,051-220-4671,부산광역시 사하구청,2026-02-27
괴정동2413,1,부산광역시 사하구 오작로 28,부산광역시 사하구 괴정동 446-36,35.098332,128.9966858,2023,,051-220-4671,부산광역시 사하구청,2026-02-27
괴정동2414,1,부산광역시 사하구 낙동대로199번길 17,부산광역시 사하구 괴정동 436-1,35.0999311,128.9955506,2024,건축물,051-220-4671,부산광역시 사하구청,2026-02-27
괴정동2415,1,부산광역시 사하구 낙동대로199번길 13,부산광역시 사하구 괴정동 435-30,35.1000817948,128.995457,2024,건축물,051-220-4671,부산광역시 사하구청,2026-02-27
괴정동2416,1,부산광역시 사하구 낙동대로189번길 14,부산광역시 사하구 괴정동 428-28,35.1004666,128.9962115,2024,,051-220-4671,부산광역시 사하구청,2026-02-27
괴정동2417,1,부산광역시 사하구 낙동대로189번길 16,부산광역시 사하구 괴정동 428-9,35.1003142203,128.9962663517,2024,,051-220-4671,부산광역시 사하구청,2026-02-27
괴정동2418,1,부산광역시 사하구 낙동대로189번길 21-11,부산광역시 사하구 괴정동 427-65,35.1003806278,128.9969336,2025,건축물,051-220-4671,부산광역시 사하구청,2026-02-27
괴정동2419,1,부산광역시 사하구 사하로 190,부산광역시 사하구 괴정동 961-1,35.0989968,128.9940704,2023,,051-220-4671,부산광역시 사하구청,2026-02-27
괴정동242,1,부산광역시 사하구 승학로233번길 23,부산광역시 사하구 괴정동 1060-1,35.1031832,128.9899285,2021,한전주,051-220-4671,부산광역시 사하구청,2026-02-27
괴정동2420,1,부산광역시 사하구 사하로 190,부산광역시 사하구 괴정동 961-1,35.0989968,128.9940704,2023,,051-220-4671,부산광역시 사하구청,2026-02-27
괴정동2421,1,부산광역시 사하구 사하로 190,부산광역시 사하구 괴정동 961-1,35.0989749842,128.9940541252,2023,,051-220-4671,부산광역시 사하구청,2026-02-27
괴정동2422,1,부산광역시 사하구 사하로 190,부산광역시 사하구 괴정동 961-1,35.0989968,128.9940704,2023,,051-220-4671,부산광역시 사하구청,2026-02-27
괴정동2423,1,부산광역시 사하구 오작로3번길 42,부산광역시 사하구 괴정동 423-22,35.0989613,128.9956814,2023,,051-220-4671,부산광역시 사하구청,2026-02-27
괴정동2424,1,부산광역시 사하구 사하로198번길 78-5,부산광역시 사하구 괴정동 1238-142,35.1009369,128.9977472,2023,,051-220-4671,부산광역시 사하구청,2026-02-27
괴정동243,1,부산광역시 사하구 승학로233번길 33,부산광역시 사하구 괴정동 1065,35.1031347,128.9890391,2021,한전주,051-220-4671,부산광역시 사하구청,2026-02-27
괴정동244,1,부산광역시 사하구 승학로233번길 49,부산광역시 사하구 괴정동 1065-1,35.1042338,128.9896141,2021,한전주,051-220-4671,부산광역시 사하구청,2026-02-27
괴정동245,1,부산광역시 사하구 승학로233번길 49,부산광역시 사하구 괴정동 1065-1,35.1042338,128.9896141,2021,한전주,051-220-4671,부산광역시 사하구청,2026-02-27
괴정동246,1,부산광역시 사하구 승학로233번길 62,부산광역시 사하구 괴정동 1063-132,35.1047904444,128.9898147,2021,한전주,051-220-4671,부산광역시 사하구청,2026-02-27
괴정동247,1,부산광역시 사하구 승학로233번길 74,부산광역시 사하구 괴정동 1063-131,35.1051821837,128.9895391,2021,한전주,051-220-4671,부산광역시 사하구청,2026-02-27
괴정동248,1,부산광역시 사하구 승학로233번길 74,부산광역시 사하구 괴정동 1063-131,35.1051821837,128.9895391,2021,건축물,051-220-4671,부산광역시 사하구청,2026-02-27
괴정동249,1,부산광역시 사하구 승학로281번길 130,부산광역시 사하구 괴정동 1063-124,35.1056763,128.9901207,2021,한전주,051-220-4671,부산광역시 사하구청,2026-02-27
괴정동250,1,부산광역시 사하구 괴정로231번길 12-14,부산광역시 사하구 괴정동 546-23,35.0971994,128.9877327,2022,건축물,051-220-4671,부산광역시 사하구청,2026-02-27
괴정동251,1,부산광역시 사하구 승학로281번길 130,부산광역시 사하구 괴정동 1063-124,35.1056763,128.9901207,2021,한전주,051-220-4671,부산광역시 사하구청,2026-02-27
괴정동252,1,부산광역시 사하구 승학로233번길 116,부산광역시 사하구 괴정동 1063-56,35.1072739,128.9910697,2021,한전주,051-220-4671,부산광역시 사하구청,2026-02-27
괴정동253,1,부산광역시 사하구 승학로281번길 131,부산광역시 사하구 괴정동 1063-141,35.1054603,128.9900969191,2021,한전주,051-220-4671,부산광역시 사하구청,2026-02-27
괴정동254,1,부산광역시 사하구 승학로281번길 131,부산광역시 사하구 괴정동 1063-141,35.1054603,128.9900969191,2021,한전주,051-220-4671,부산광역시 사하구청,2026-02-27
괴정동255,1,부산광역시 사하구 승학로281번안길 29,부산광역시 사하구 괴정동 1063-68,35.1048025633,128.9903869283,2021,한전주,051-220-4671,부산광역시 사하구청,2026-02-27
괴정동256,1,부산광역시 사하구 승학로281번안길 29,부산광역시 사하구 괴정동 1063-68,35.1048025633,128.9903869283,2021,전용주,051-220-4671,부산광역시 사하구청,2026-02-27
괴정동257,1,부산광역시 사하구 승학로233번길 56,부산광역시 사하구 괴정동 산155-8,35.1046916,128.9902722,2021,건축물,051-220-4671,부산광역시 사하구청,2026-02-27
괴정동258,1,부산광역시 사하구 승학로239번안길 21-6,부산광역시 사하구 괴정동 1063-36,35.1044426,128.9906171,2021,건축물,051-220-4671,부산광역시 사하구청,2026-02-27
괴정동259,1,부산광역시 사하구 승학로239번안길 21-2,부산광역시 사하구 괴정동 1063-15,35.1042502,128.990792746,2021,건축물,051-220-4671,부산광역시 사하구청,2026-02-27
괴정동260,1,부산광역시 사하구 승학로239번안길 19,부산광역시 사하구 괴정동 1063-70,35.1040417,128.9908815,2021,한전주,051-220-4671,부산광역시 사하구청,2026-02-27
괴정동261,1,부산광역시 사하구 승학로239번안길 18-1,부산광역시 사하구 괴정동 1063-73,35.1037668,128.9911599,2021,건축물,051-220-4671,부산광역시 사하구청,2026-02-27
괴정동262,1,부산광역시 사하구 승학로239번길 23-3,부산광역시 사하구 괴정동 1063-76,35.1036675,128.9911685,2021,건축물,051-220-4671,부산광역시 사하구청,2026-02-27
괴정동263,1,부산광역시 사하구 승학로239번길 23-1,부산광역시 사하구 괴정동 1063-25,35.1036243,128.9910578,2021,한전주,051-220-4671,부산광역시 사하구청,2026-02-27
괴정동264,1,부산광역시 사하구 승학로239번길 19,부산광역시 사하구 괴정동 1063-47,35.1034468,128.990889,2021,건축물,051-220-4671,부산광역시 사하구청,2026-02-27
괴정동265,1,부산광역시 사하구 승학로239번길 13,부산광역시 사하구 괴정동 1063-120,35.1031798,128.9906851,2021,건축물,051-220-4671,부산광역시 사하구청,2026-02-27
괴정동266,1,부산광역시 사하구 승학로239번길 13,부산광역시 사하구 괴정동 1063-120,35.1031798,128.9906851,2021,건축물,051-220-4671,부산광역시 사하구청,2026-02-27
괴정동267,1,부산광역시 사하구 승학로239번길 23-8,부산광역시 사하구 괴정동 1040-52,35.1037719103,128.9914054913,2021,건축물,051-220-4671,부산광역시 사하구청,2026-02-27
괴정동268,1,부산광역시 사하구 승학로239번안길 26,부산광역시 사하구 괴정동 1063-44,35.1040832564,128.9911354,2021,건축물,051-220-4671,부산광역시 사하구청,2026-02-27
괴정동269,1,부산광역시 사하구 승학로281번안길 10,부산광역시 사하구 괴정동 1063-82,35.1042886,128.9912165,2021,한전주,051-220-4671,부산광역시 사하구청,2026-02-27
괴정동270,1,부산광역시 사하구 승학로281번안길 12,부산광역시 사하구 괴정동 1063-81,35.1043343,128.9911737,2021,건축물,051-220-4671,부산광역시 사하구청,2026-02-27
괴정동271,1,부산광역시 사하구 승학로281번안길 22-4,부산광역시 사하구 괴정동 1063-55,35.1045797,128.9910481,2021,건축물,051-220-4671,부산광역시 사하구청,2026-02-27
괴정동272,1,부산광역시 사하구 승학로239번안길 33-1,부산광역시 사하구 괴정동 1063-92,35.1045763,128.9912564,2021,건축물,051-220-4671,부산광역시 사하구청,2026-02-27
괴정동273,1,부산광역시 사하구 승학로239번안길 33,부산광역시 사하구 괴정동 1063-93,35.1044929,128.9913969,2021,건축물,051-220-4671,부산광역시 사하구청,2026-02-27
괴정동274,1,부산광역시 사하구 승학로281번안길 40,부산광역시 사하구 괴정동 1063-103,35.1052942038,128.990441,2021,건축물,051-220-4671,부산광역시 사하구청,2026-02-27
괴정동275,1,부산광역시 사하구 승학로281번안길 25,부산광역시 사하구 괴정동 1063-67,35.1046233,128.9905886,2021,한전주,051-220-4671,부산광역시 사하구청,2026-02-27
괴정동276,1,부산광역시 사하구 승학로281번길 83-1,부산광역시 사하구 괴정동 1063-98,35.1042201,128.9915438,2021,건축물,051-220-4671,부산광역시 사하구청,2026-02-27
괴정동277,1,부산광역시 사하구 승학로281번안길 2,부산광역시 사하구 괴정동 1063-17,35.1040583,128.9915179,2021,한전주,051-220-4671,부산광역시 사하구청,2026-02-27
괴정동278,1,부산광역시 사하구 승학로281번길 78,부산광역시 사하구 괴정동 1040-36,35.1038738,128.9917766,2021,한전주,051-220-4671,부산광역시 사하구청,2026-02-27
괴정동279,1,부산광역시 사하구 승학로233번길 116,부산광역시 사하구 괴정동 1063-56,35.1072739,128.9910697,2021,한전주,051-220-4671,부산광역시 사하구청,2026-02-27
괴정동280,1,부산광역시 사하구 승학로233번길 116,부산광역시 사하구 괴정동 1063-56,35.107250475,128.9910543308,2021,한전주,051-220-4671,부산광역시 사하구청,2026-02-27
괴정동281,1,부산광역시 사하구 승학로281번길 99,부산광역시 사하구 괴정동 1063-9,35.1047644,128.9913267,2021,한전주,051-220-4671,부산광역시 사하구청,2026-02-27
괴정동282,1,부산광역시 사하구 승학로281번길 99,부산광역시 사하구 괴정동 1063-9,35.1047644,128.9913267,2021,전용주,051-220-4671,부산광역시 사하구청,2026-02-27
괴정동283,1,부산광역시 사하구 승학로281번길 89,부산광역시 사하구 괴정동 1063-157,35.1044448,128.9915822,2021,전용주,051-220-4671,부산광역시 사하구청,2026-02-27
괴정동284,1,부산광역시 사하구 승학로281번길 85,부산광역시 사하구 괴정동 1063-128,35.1041861305,128.9916532,2021,건축물,051-220-4671,부산광역시 사하구청,2026-02-27
괴정동285,1,부산광역시 사하구 승학로281번길 78,부산광역시 사하구 괴정동 1040-36,35.1038738,128.9917766,2021,건축물,051-220-4671,부산광역시 사하구청,2026-02-27
괴정동286,1,부산광역시 사하구 승학로281번길 78-2,부산광역시 사하구 괴정동 1040-37,35.1038537,128.9919077,2021,건축물,051-220-4671,부산광역시 사하구청,2026-02-27
괴정동287,1,부산광역시 사하구 승학로281번길 69,부산광역시 사하구 괴정동 1040-85,35.1034962,128.9917236,2021,한전주,051-220-4671,부산광역시 사하구청,2026-02-27
괴정동288,1,부산광역시 사하구 승학로281번길 62,부산광역시 사하구 괴정동 1040-49,35.1032908,128.9921572,2021,한전주,051-220-4671,부산광역시 사하구청,2026-02-27
괴정동289,1,부산광역시 사하구 승학로281번길 62-1,부산광역시 사하구 괴정동 1040-47,35.1033714,128.9921921,2021,건축물,051-220-4671,부산광역시 사하구청,2026-02-27
괴정동290,1,부산광역시 사하구 승학로281번길 55,부산광역시 사하구 괴정동 1026-116,35.1030449,128.9923157,2021,건축물,051-220-4671,부산광역시 사하구청,2026-02-27
괴정동291,1,부산광역시 사하구 승학로281번길 50,부산광역시 사하구 괴정동 1026-22,35.1029804034,128.9927204,2021,한전주,051-220-4671,부산광역시 사하구청,2026-02-27
괴정동292,1,부산광역시 사하구 승학로281번길 51-2,부산광역시 사하구 괴정동 1026-131,35.1028892329,128.9923892,2021,건축물,051-220-4671,부산광역시 사하구청,2026-02-27
괴정동293,1,부산광역시 사하구 승학로239번길 33,부산광역시 사하구 괴정동 1040-3,35.1036371,128.9913761,2021,전용주,051-220-4671,부산광역시 사하구청,2026-02-27
괴정동294,1,부산광역시 사하구 승학로239번길 33,부산광역시 사하구 괴정동 1040-3,35.1036371,128.9913761,2021,전용주,051-220-4671,부산광역시 사하구청,2026-02-27
괴정동295,1,부산광역시 사하구 승학로239번길 33,부산광역시 사하구 괴정동 1040-3,35.1036371,128.9913761,2021,전용주,051-220-4671,부산광역시 사하구청,2026-02-27
괴정동296,1,부산광역시 사하구 승학로239번길 7,부산광역시 사하구 괴정동 1051-27,35.1028588,128.9904799,2021,건축물,051-220-4671,부산광역시 사하구청,2026-02-27
괴정동297,1,부산광역시 사하구 승학로239번길 1,부산광역시 사하구 괴정동 1051-10,35.1025948842,128.9904192,2021,한전주,051-220-4671,부산광역시 사하구청,2026-02-27
괴정동298,1,부산광역시 사하구 승학로 245,부산광역시 사하구 괴정동 1040,35.1026678,128.9916815,2021,한전주,051-220-4671,부산광역시 사하구청,2026-02-27
괴정동299,1,부산광역시 사하구 승학로 247,부산광역시 사하구 괴정동 1040-31,35.1033535,128.9910841,2021,한전주,051-220-4671,부산광역시 사하구청,2026-02-27
괴정동300,1,부산광역시 사하구 낙동대로216번길 33,부산광역시 사하구 괴정동 1026-4,35.1019940108,128.9923675,2021,한전주,051-220-4671,부산광역시 사하구청,2026-02-27
괴정동3001,1,부산광역시 사하구 마하로 80-2,부산광역시 사하구 괴정동 1238-548,35.1064920127,128.9849651,2021,한전주,051-220-4671,부산광역시 사하구청,2026-02-27
괴정동3002,1,부산광역시 사하구 마하로 80-2,부산광역시 사하구 괴정동 1238-548,35.1064920127,128.9849651,2021,한전주,051-220-4671,부산광역시 사하구청,2026-02-27
괴정동3003,1,부산광역시 사하구 마하로 78,부산광역시 사하구 괴정동 1071-23,35.1062676,128.9848384,2021,한전주,051-220-4671,부산광역시 사하구청,2026-02-27
괴정동3004,1,부산광역시 사하구 마하로 78-5,부산광역시 사하구 괴정동 1071-29,35.106282,128.9850581,2021,한전주,051-220-4671,부산광역시 사하구청,2026-02-27
괴정동3005,1,부산광역시 사하구 마하로 78-10,부산광역시 사하구 괴정동 1071-34,35.1059799856,128.9850842,2021,건축물,051-220-4671,부산광역시 사하구청,2026-02-27
괴정동3006,1,부산광역시 사하구 마하로 70-1,부산광역시 사하구 괴정동 1073-5,35.1051466,128.984497092,2021,전용주,051-220-4671,부산광역시 사하구청,2026-02-27
괴정동3007,1,부산광역시 사하구 마하로48번길 21,부산광역시 사하구 괴정동 1075-7,35.1040773015,128.9847651291,2021,건축물,051-220-4671,부산광역시 사하구청,2026-02-27
괴정동3008,1,부산광역시 사하구 마하로48번길 21,부산광역시 사하구 괴정동 1075-7,35.1040773015,128.9847651291,2021,한전주,051-220-4671,부산광역시 사하구청,2026-02-27
괴정동3009,1,부산광역시 사하구 승학로161번길 87,부산광역시 사하구 괴정동 1071-4,35.1057997361,128.9847617,2021,한전주,051-220-4671,부산광역시 사하구청,2026-02-27
괴정동301,1,부산광역시 사하구 승학로224번길 49,부산광역시 사하구 괴정동 1026-50,35.1018912,128.9923315,2021,건축물,051-220-4671,부산광역시 사하구청,2026-02-27
괴정동3010,1,부산광역시 사하구 승학로161번길 81,부산광역시 사하구 괴정동 1073-3,35.1055674,128.9846679,2021,한전주,051-220-4671,부산광역시 사하구청,2026-02-27
괴정동3011,1,부산광역시 사하구 승학로161번길 70,부산광역시 사하구 괴정동 1075-3,35.1048987,128.9847833,2021,한전주,051-220-4671,부산광역시 사하구청,2026-02-27
괴정동3012,1,부산광역시 사하구 승학로161번길 61,부산광역시 사하구 괴정동 1074-41,35.1046318,128.9845685,2021,한전주,051-220-4671,부산광역시 사하구청,2026-02-27
괴정동3013,1,부산광역시 사하구 승학로161번길 61-3,부산광역시 사하구 괴정동 1074-18,35.1045374,128.9842811,2021,건축물,051-220-4671,부산광역시 사하구청,2026-02-27
괴정동3014,1,부산광역시 사하구 승학로161번길 56,부산광역시 사하구 괴정동 1075-13,35.1043407,128.9847369,2021,한전주,051-220-4671,부산광역시 사하구청,2026-02-27
괴정동3015,1,부산광역시 사하구 승학로161번길 58-4,부산광역시 사하구 괴정동 1075-16,35.1043272,128.9850107,2021,건축물,051-220-4671,부산광역시 사하구청,2026-02-27
괴정동3016,1,부산광역시 사하구 승학로161번길 53-1,부산광역시 사하구 괴정동 1074-43,35.1041875418,128.9843171,2021,건축물,051-220-4671,부산광역시 사하구청,2026-02-27
괴정동3017,1,부산광역시 사하구 승학로161번길 47,부산광역시 사하구 괴정동 1074-48,35.1040283,128.9845539,2021,한전주,051-220-4671,부산광역시 사하구청,2026-02-27
괴정동3018,1,부산광역시 사하구 마하로48번길 7-2,부산광역시 사하구 괴정동 1074-26,35.104098,128.9841498,2021,한전주,051-220-4671,부산광역시 사하구청,2026-02-27
괴정동3019,1,부산광역시 사하구 마하로48번길 5,부산광역시 사하구 괴정동 1074-25,35.1039573,128.983938,2021,한전주,051-220-4671,부산광역시 사하구청,2026-02-27
괴정동302,1,부산광역시 사하구 승학로224번길 29,부산광역시 사하구 괴정동 1036-10,35.1015941502,128.9912172,2021,건축물,051-220-4671,부산광역시 사하구청,2026-02-27
괴정동3020,1,부산광역시 사하구 승학로161번길 42,부산광역시 사하구 괴정동 1076-5,35.1037831,128.9846685,2021,건축물,051-220-4671,부산광역시 사하구청,2026-02-27
괴정동3021,1,부산광역시 사하구 승학로161번길 42-3,부산광역시 사하구 괴정동 1076-14,35.103761,128.9849202,2021,건축물,051-220-4671,부산광역시 사하구청,2026-02-27
괴정동3022,1,부산광역시 사하구 마하로48번길 21,부산광역시 사하구 괴정동 1075-7,35.1040773015,128.984715,2021,건축물,051-220-4671,부산광역시 사하구청,2026-02-27
괴정동3023,1,부산광역시 사하구 마하로48번길 24,부산광역시 사하구 괴정동 1076-3,35.1039233,128.9848984655,2021,건축물,051-220-4671,부산광역시 사하구청,2026-02-27
괴정동3024,1,부산광역시 사하구 승학로161번길 36,부산광역시 사하구 괴정동 1076-6,35.1034899895,128.9845414,2021,한전주,051-220-4671,부산광역시 사하구청,2026-02-27
괴정동3025,1,부산광역시 사하구 승학로161번길 29,부산광역시 사하구 괴정동 1077-34,35.1033395,128.9842411,2021,한전주,051-220-4671,부산광역시 사하구청,2026-02-27
괴정동3026,1,부산광역시 사하구 승학로161번길 27,부산광역시 사하구 괴정동 1077-38,35.103198179,128.9841953,2021,건축물,051-220-4671,부산광역시 사하구청,2026-02-27
괴정동3027,1,부산광역시 사하구 승학로161번안길 50,부산광역시 사하구 괴정동 1068-33,35.1040525,128.9858265,2021,한전주,051-220-4671,부산광역시 사하구청,2026-02-27
괴정동3028,1,부산광역시 사하구 승학로161번안길 41,부산광역시 사하구 괴정동 1068-46,35.1042577,128.9853893827,2021,한전주,051-220-4671,부산광역시 사하구청,2026-02-27
괴정동3029,1,부산광역시 사하구 승학로161번안길 39,부산광역시 사하구 괴정동 1068-36,35.1040867,128.9853887,2021,건축물,051-220-4671,부산광역시 사하구청,2026-02-27
괴정동303,1,부산광역시 사하구 낙동대로224번길 39,부산광역시 사하구 괴정동 1031-6,35.1016796,128.991493,2021,한전주,051-220-4671,부산광역시 사하구청,2026-02-27
괴정동3030,1,부산광역시 사하구 승학로161번안길 35,부산광역시 사하구 괴정동 1068-39,35.103970,128.9853639,2021,한전주,051-220-4671,부산광역시 사하구청,2026-02-27
괴정동3031,1,부산광역시 사하구 승학로161번안길 27,부산광역시 사하구 괴정동 1068-43,35.1035853758,128.9852894,2021,건축물,051-220-4671,부산광역시 사하구청,2026-02-27
괴정동3032,1,부산광역시 사하구 승학로161번안길 25,부산광역시 사하구 괴정동 1068-44,35.103497577,128.9852763,2021,한전주,051-220-4671,부산광역시 사하구청,2026-02-27
괴정동3033,1,부산광역시 사하구 승학로161번안길 20,부산광역시 사하구 괴정동 1068-37,35.1031758,128.9854324,2021,한전주,051-220-4671,부산광역시 사하구청,2026-02-27
괴정동3034,1,부산광역시 사하구 승학로161번안길 8,부산광역시 사하구 괴정동 1068-47,35.1030990466,128.9848828,2021,한전주,051-220-4671,부산광역시 사하구청,2026-02-27
괴정동3035,1,부산광역시 사하구 승학로161번길 15,부산광역시 사하구 괴정동 1077-48,35.1026956,128.9839404,2021,한전주,051-220-4671,부산광역시 사하구청,2026-02-27
괴정동3036,1,부산광역시 사하구 승학로 151-7,부산광역시 사하구 괴정동 1077-66,35.1031211,128.9838191,2021,건축물,051-220-4671,부산광역시 사하구청,2026-02-27
괴정동3037,1,부산광역시 사하구 승학로 151-6,부산광역시 사하구 괴정동 1077-69,35.1028763,128.9839119,2021,건축물,051-220-4671,부산광역시 사하구청,2026-02-27
괴정동3038,1,부산광역시 사하구 승학로 151-1,부산광역시 사하구 괴정동 1077-22,35.1029986,128.9835968,2021,한전주,051-220-4671,부산광역시 사하구청,2026-02-27
괴정동3039,1,부산광역시 사하구 마하로 46-2,부산광역시 사하구 괴정동 1077-13,35.1033382,128.9837695,2021,건축물,051-220-4671,부산광역시 사하구청,2026-02-27
괴정동304,1,부산광역시 사하구 낙동대로224번길 45,부산광역시 사하구 괴정동 1031-4,35.1017786856,128.9912437,2021,건축물,051-220-4671,부산광역시 사하구청,2026-02-27
괴정동3040,1,부산광역시 사하구 승학로161번길 12-2,부산광역시 사하구 괴정동 1080-15,35.1023832,128.984294086,2021,건축물,051-220-4671,부산광역시 사하구청,2026-02-27
괴정동3041,1,부산광역시 사하구 승학로161번길 10,부산광역시 사하구 괴정동 1080-3,35.1023765,128.9841629,2021,한전주,051-220-4671,부산광역시 사하구청,2026-02-27
괴정동3042,1,부산광역시 사하구 마하로48번길 21,부산광역시 사하구 괴정동 1075-7,35.1040773015,128.9847651291,2021,전용주,051-220-4671,부산광역시 사하구청,2026-02-27
괴정동3043,1,부산광역시 사하구 승학로165번길 22,부산광역시 사하구 괴정동 1080-32,35.1024775,128.9845913812,2021,한전주,051-220-4671,부산광역시 사하구청,2026-02-27
괴정동3044,1,부산광역시 사하구 승학로165번길 13,부산광역시 사하구 괴정동 1080-24,35.1020744,128.9844517,2021,한전주,051-220-4671,부산광역시 사하구청,2026-02-27
괴정동3045,1,부산광역시 사하구 승학로165번길 5,부산광역시 사하구 괴정동 1080-27,35.1017937,128.9845326,2021,한전주,051-220-4671,부산광역시 사하구청,2026-02-27
괴정동3046,1,부산광역시 사하구 마하로12번길 2,부산광역시 사하구 괴정동 1103-11,35.101278,128.9813511,2021,건축물,051-220-4671,부산광역시 사하구청,2026-02-27
괴정동3047,1,부산광역시 사하구 낙동대로326번길 20,부산광역시 사하구 괴정동 1103-15,35.101049,128.9815758,2021,전용주,051-220-4671,부산광역시 사하구청,2026-02-27
괴정동3048,1,부산광역시 사하구 낙동대로326번길 13,부산광역시 사하구 괴정동 1104-4,35.1008278,128.9813292,2021,한전주,051-220-4671,부산광역시 사하구청,2026-02-27
괴정동3049,1,부산광역시 사하구 낙동대로326번길 15-5,부산광역시 사하구 괴정동 1104-15,35.100967,128.9810804,2021,한전주,051-220-4671,부산광역시 사하구청,2026-02-27
괴정동305,1,부산광역시 사하구 낙동대로224번길 51,부산광역시 사하구 괴정동 1039-2,35.1019978004,128.9910626,2021,한전주,051-220-4671,부산광역시 사하구청,2026-02-27
괴정동3050,1,부산광역시 사하구 낙동대로326번길 11,부산광역시 사하구 괴정동 1118-18,35.1005384,128.9814047852,2021,한전주,051-220-4671,부산광역시 사하구청,2026-02-27
괴정동3051,1,부산광역시 사하구 낙동대로326번길 2,부산광역시 사하구 괴정동 1118-11,35.1004898,128.9816061,2021,건축물,051-220-4671,부산광역시 사하구청,2026-02-27
괴정동3052,1,부산광역시 사하구 낙동대로326번길 7,부산광역시 사하구 괴정동 1118-16,35.1005896,128.9815647,2021,건축물,051-220-4671,부산광역시 사하구청,2026-02-27
괴정동3053,1,부산광역시 사하구 낙동대로324번길 5,부산광역시 사하구 괴정동 1104-9,35.100668,128.9817311,2021,건축물,051-220-4671,부산광역시 사하구청,2026-02-27
괴정동3054,1,부산광역시 사하구 낙동대로324번길 8,부산광역시 사하구 괴정동 1117-3,35.1005908681,128.9820904256,2021,한전주,051-220-4671,부산광역시 사하구청,2026-02-27
괴정동3055,1,부산광역시 사하구 낙동대로324번길 1,부산광역시 사하구 괴정동 1118-10,35.1003783,128.9817960666,2021,건축물,051-220-4671,부산광역시 사하구청,2026-02-27
괴정동3056,1,부산광역시 사하구 낙동대로 320-4,부산광역시 사하구 괴정동 1117-18,35.1003999325,128.9822211165,2021,건축물,051-220-4671,부산광역시 사하구청,2026-02-27
괴정동3057,1,부산광역시 사하구 낙동대로324번길 10-1,부산광역시 사하구 괴정동 1117-8,35.1005770063,128.9823765,2021,한전주,051-220-4671,부산광역시 사하구청,2026-02-27
괴정동3058,1,부산광역시 사하구 낙동대로318번길 7,부산광역시 사하구 괴정동 576-6,35.1005823647,128.9826726,2021,한전주,051-220-4671,부산광역시 사하구청,2026-02-27
괴정동3059,1,부산광역시 사하구 낙동대로318번길 1,부산광역시 사하구 괴정동 1138-10,35.1003697,128.9823379,2021,한전주,051-220-4671,부산광역시 사하구청,2026-02-27
괴정동306,1,부산광역시 사하구 낙동대로224번길 54-3,부산광역시 사하구 괴정동 1040-18,35.102276,128.9913978,2021,건축물,051-220-4671,부산광역시 사하구청,2026-02-27
괴정동3060,1,부산광역시 사하구 낙동대로318번길 11,부산광역시 사하구 괴정동 576-10,35.1005782,128.9828145,2021,건축물,051-220-4671,부산광역시 사하구청,2026-02-27
괴정동3061,1,부산광역시 사하구 낙동대로318번길 17,부산광역시 사하구 괴정동 576-4,35.100464,128.9831845,2021,한전주,051-220-4671,부산광역시 사하구청,2026-02-27
괴정동3062,1,부산광역시 사하구 낙동대로302번길 7,부산광역시 사하구 괴정동 577-14,35.1001668,128.9837256,2021,한전주,051-220-4671,부산광역시 사하구청,2026-02-27
괴정동3063,1,부산광역시 사하구 낙동대로302번길 14,부산광역시 사하구 괴정동 1082-27,35.1004444,128.983831,2021,한전주,051-220-4671,부산광역시 사하구청,2026-02-27
괴정동3064,1,부산광역시 사하구 낙동대로302번길 22,부산광역시 사하구 괴정동 1082-23,35.1006986,128.9837166,2021,한전주,051-220-4671,부산광역시 사하구청,2026-02-27
괴정동3065,1,부산광역시 사하구 마하로12번길 26-1,부산광역시 사하구 괴정동 1109-6,35.1007227705,128.9827479331,2021,한전주,051-220-4671,부산광역시 사하구청,2026-02-27
괴정동3066,1,부산광역시 사하구 마하로12번길 22,부산광역시 사하구 괴정동 1091-4,35.1010972,128.9824871,2021,한전주,051-220-4671,부산광역시 사하구청,2026-02-27
괴정동3067,1,부산광역시 사하구 낙동대로324번길 16,부산광역시 사하구 괴정동 1106-1,35.1008459,128.9824262,2021,한전주,051-220-4671,부산광역시 사하구청,2026-02-27
괴정동3068,1,부산광역시 사하구 낙동대로324번길 16,부산광역시 사하구 괴정동 1106-1,35.1008459,128.9824262,2021,한전주,051-220-4671,부산광역시 사하구청,2026-02-27
괴정동3069,1,부산광역시 사하구 낙동대로324번길 9,부산광역시 사하구 괴정동 1105-20,35.1007439,128.9820509,2021,건축물,051-220-4671,부산광역시 사하구청,2026-02-27
괴정동307,1,부산광역시 사하구 승학로 242,부산광역시 사하구 괴정동 1040-7,35.1023196,128.9909383,2021,한전주,051-220-4671,부산광역시 사하구청,2026-02-27
괴정동3070,1,부산광역시 사하구 낙동대로324번길 9-2,부산광역시 사하구 괴정동 1105-23,35.1007959725,128.981965,2021,건축물,051-220-4671,부산광역시 사하구청,2026-02-27
괴정동3071,1,부산광역시 사하구 낙동대로324번길 7-1,부산광역시 사하구 괴정동 1105-27,35.1007248769,128.9818973874,2021,건축물,051-220-4671,부산광역시 사하구청,2026-02-27
괴정동3072,1,부산광역시 사하구 낙동대로326번길 14,부산광역시 사하구 괴정동 1104-1,35.1007849,128.9817449,2021,건축물,051-220-4671,부산광역시 사하구청,2026-02-27
괴정동3073,1,부산광역시 사하구 낙동대로326번길 33,부산광역시 사하구 괴정동 1103-7,35.1010718,128.9818395,2021,건축물,051-220-4671,부산광역시 사하구청,2026-02-27
괴정동3074,1,부산광역시 사하구 마하로12번길 13,부산광역시 사하구 괴정동 1098-8,35.1012840136,128.9819995275,2021,한전주,051-220-4671,부산광역시 사하구청,2026-02-27
괴정동3075,1,부산광역시 사하구 마하로12번길 17,부산광역시 사하구 괴정동 1091-1,35.1012742,128.9822426566,2021,한전주,051-220-4671,부산광역시 사하구청,2026-02-27
괴정동3076,1,부산광역시 사하구 마하로12번길 13-9,부산광역시 사하구 괴정동 1099-10,35.1015543,128.9820925,2021,건축물,051-220-4671,부산광역시 사하구청,2026-02-27
괴정동3077,1,부산광역시 사하구 마하로 16-15,부산광역시 사하구 괴정동 1098-2,35.1016901,128.9820519,2021,건축물,051-220-4671,부산광역시 사하구청,2026-02-27
괴정동3078,1,부산광역시 사하구 마하로 16-15,부산광역시 사하구 괴정동 1098-2,35.1016901,128.9820519,2021,건축물,051-220-4671,부산광역시 사하구청,2026-02-27
괴정동3079,1,부산광역시 사하구 마하로 16-11,부산광역시 사하구 괴정동 1099-9,35.1017868422,128.9818464,2021,건축물,051-220-4671,부산광역시 사하구청,2026-02-27
괴정동308,1,부산광역시 사하구 낙동대로234번길 48,부산광역시 사하구 괴정동 1038-1,35.1019041034,128.990967696,2021,한전주,051-220-4671,부산광역시 사하구청,2026-02-27
괴정동3080,1,부산광역시 사하구 마하로 16-3,부산광역시 사하구 괴정동 1100-5,35.1019311,128.981641,2021,건축물,051-220-4671,부산광역시 사하구청,2026-02-27
괴정동3081,1,부산광역시 사하구 마하로12번길 41-4,부산광역시 사하구 괴정동 1079-23,35.1016214,128.9834977,2021,건축물,051-220-4671,부산광역시 사하구청,2026-02-27
괴정동3082,1,부산광역시 사하구 낙동대로302번길 52,부산광역시 사하구 괴정동 1079-58,35.1020403,128.9832337,2021,전용주,051-220-4671,부산광역시 사하구청,2026-02-27
괴정동3083,1,부산광역시 사하구 낙동대로302번길 52-4,부산광역시 사하구 괴정동 1079-18,35.1019725,128.9835171,2021,건축물,051-220-4671,부산광역시 사하구청,2026-02-27
괴정동3084,1,부산광역시 사하구 마하로12번길 45,부산광역시 사하구 괴정동 1079-55,35.1014750593,128.9836593,2021,한전주,051-220-4671,부산광역시 사하구청,2026-02-27
괴정동3085,1,부산광역시 사하구 마하로12번길 50,부산광역시 사하구 괴정동 1082-11,35.1013341,128.9839842,2021,한전주,051-220-4671,부산광역시 사하구청,2026-02-27
괴정동3086,1,부산광역시 사하구 승학로 166,부산광역시 사하구 괴정동 1082-12,35.1014667,128.9841409,2021,한전주,051-220-4671,부산광역시 사하구청,2026-02-27
괴정동3087,1,부산광역시 사하구 승학로 176,부산광역시 사하구 괴정동 1082-32,35.1006972015,128.9844957,2021,한전주,051-220-4671,부산광역시 사하구청,2026-02-27
괴정동3088,1,부산광역시 사하구 승학로 176,부산광역시 사하구 괴정동 1082-32,35.1006972015,128.9844957,2021,한전주,051-220-4671,부산광역시 사하구청,2026-02-27
괴정동3089,1,부산광역시 사하구 승학로 173-4,부산광역시 사하구 괴정동 1081-16,35.1009657,128.985017,2021,건축물,051-220-4671,부산광역시 사하구청,2026-02-27
괴정동309,1,부산광역시 사하구 낙동대로234번길 28,부산광역시 사하구 괴정동 1034-5,35.1011355,128.9911508,2021,한전주,051-220-4671,부산광역시 사하구청,2026-02-27
괴정동3090,1,부산광역시 사하구 낙동대로278번길 37,부산광역시 사하구 괴정동 762-41,35.1002981,128.9856148,2021,건축물,051-220-4671,부산광역시 사하구청,2026-02-27
괴정동3091,1,부산광역시 사하구 낙동대로280번길 14,부산광역시 사하구 괴정동 764-59,35.1000711,128.9862673,2021,한전주,051-220-4671,부산광역시 사하구청,2026-02-27
괴정동3092,1,부산광역시 사하구 낙동대로280번길 14,부산광역시 사하구 괴정동 764-59,35.1000711,128.9862673,2021,한전주,051-220-4671,부산광역시 사하구청,2026-02-27
괴정동3093,1,부산광역시 사하구 승학로 172-1,부산광역시 사하구 괴정동 1082-87,35.1008976,128.9842258,2021,건축물,051-220-4671,부산광역시 사하구청,2026-02-27
괴정동3094,1,부산광역시 사하구 승학로 174-2,부산광역시 사하구 괴정동 1082-17,35.1008334,128.984290,2021,건축물,051-220-4671,부산광역시 사하구청,2026-02-27
괴정동3095,1,부산광역시 사하구 낙동대로302번길 24-5,부산광역시 사하구 괴정동 1082-79,35.1008669,128.9838961,2021,건축물,051-220-4671,부산광역시 사하구청,2026-02-27
괴정동3096,1,부산광역시 사하구 낙동대로302번길 20,부산광역시 사하구 괴정동 1082-24,35.1006678,128.9839461,2021,건축물,051-220-4671,부산광역시 사하구청,2026-02-27
괴정동3097,1,부산광역시 사하구 낙동대로302번길 14-5,부산광역시 사하구 괴정동 1082-70,35.1005306,128.9840744,2021,한전주,051-220-4671,부산광역시 사하구청,2026-02-27
괴정동3098,1,부산광역시 사하구 낙동대로302번길 14-5,부산광역시 사하구 괴정동 1082-70,35.1005306,128.9840744,2021,전용주,051-220-4671,부산광역시 사하구청,2026-02-27
괴정동3099,1,부산광역시 사하구 승학로 174-1,부산광역시 사하구 괴정동 1082-31,35.1006877,128.9843852,2021,전용주,051-220-4671,부산광역시 사하구청,2026-02-27
괴정동310,1,부산광역시 사하구 회화나무길 62,부산광역시 사하구 괴정동 984,35.1007586,128.9915919584,2021,한전주,051-220-4671,부산광역시 사하구청,2026-02-27
괴정동3100,1,부산광역시 사하구 낙동대로278번길 11,부산광역시 사하구 괴정동 764-73,35.0998755,128.9866573,2021,건축물,051-220-4671,부산광역시 사하구청,2026-02-27
괴정동3101,1,부산광역시 사하구 낙동대로278번길 11,부산광역시 사하구 괴정동 764-73,35.0998755,128.9866573,2021,한전주,051-220-4671,부산광역시 사하구청,2026-02-27
괴정동3102,1,부산광역시 사하구 낙동대로278번길 13,부산광역시 사하구 괴정동 764-57,35.1000391,128.9865735,2021,건축물,051-220-4671,부산광역시 사하구청,2026-02-27
괴정동3103,1,부산광역시 사하구 낙동대로278번길 7,부산광역시 사하구 괴정동 764-37,35.0997497,128.9866323,2021,한전주,051-220-4671,부산광역시 사하구청,2026-02-27
괴정동3104,1,부산광역시 사하구 장평로449번길 6,부산광역시 사하구 괴정동 550-65,35.098475,128.9863273,2021,한전주,051-220-4671,부산광역시 사하구청,2026-02-27
괴정동3105,1,부산광역시 사하구 장평로449번길 8-1,부산광역시 사하구 괴정동 550-55,35.0985882,128.986023,2021,건축물,051-220-4671,부산광역시 사하구청,2026-02-27
괴정동3106,1,부산광역시 사하구 장평로449번길 8-4,부산광역시 사하구 괴정동 550-48,35.0986466897,128.9862276923,2021,건축물,051-220-4671,부산광역시 사하구청,2026-02-27
괴정동3107,1,부산광역시 사하구 장평로449번길 10,부산광역시 사하구 괴정동 550-56,35.0984984,128.9859989,2021,한전주,051-220-4671,부산광역시 사하구청,2026-02-27
괴정동3108,1,부산광역시 사하구 장평로449번길 12,부산광역시 사하구 괴정동 550-32,35.0984834874,128.9858456,2021,전용주,051-220-4671,부산광역시 사하구청,2026-02-27
괴정동3109,1,부산광역시 사하구 괴정로219번길 16,부산광역시 사하구 괴정동 553-16,35.0979954,128.985899,2021,건축물,051-220-4671,부산광역시 사하구청,2026-02-27
괴정동311,1,부산광역시 사하구 회화나무길 59,부산광역시 사하구 괴정동 990,35.1009818573,128.9914766,2021,건축물,051-220-4671,부산광역시 사하구청,2026-02-27
괴정동3110,1,부산광역시 사하구 괴정로219번길 12,부산광역시 사하구 괴정동 553-17,35.0978425,128.9858843,2021,한전주,051-220-4671,부산광역시 사하구청,2026-02-27
괴정동3111,1,부산광역시 사하구 장평로443번길 5,부산광역시 사하구 괴정동 552-13,35.0977698,128.9853672,2021,한전주,051-220-4671,부산광역시 사하구청,2026-02-27
괴정동3112,1,부산광역시 사하구 괴정로219번길 6,부산광역시 사하구 괴정동 553-10,35.0975734064,128.9858236,2021,건축물,051-220-4671,부산광역시 사하구청,2026-02-27
괴정동3113,1,부산광역시 사하구 괴정로 219,부산광역시 사하구 괴정동 552-14,35.0975864,128.9855601,2021,건축물,051-220-4671,부산광역시 사하구청,2026-02-27
괴정동3114,1,부산광역시 사하구 괴정로 219,부산광역시 사하구 괴정동 552-14,35.0975864,128.9855601,2021,건축물,051-220-4671,부산광역시 사하구청,2026-02-27
괴정동3115,1,부산광역시 사하구 괴정로 216,부산광역시 사하구 괴정동 563-22,35.0972347,128.9850252,2021,건축물,051-220-4671,부산광역시 사하구청,2026-02-27
괴정동3116,1,부산광역시 사하구 괴정로 211,부산광역시 사하구 괴정동 552-35,35.0975644,128.9846932065,2021,한전주,051-220-4671,부산광역시 사하구청,2026-02-27
괴정동3117,1,부산광역시 사하구 낙동대로295번길 30,부산광역시 사하구 괴정동 568-11,35.097980,128.9840893,2021,한전주,051-220-4671,부산광역시 사하구청,2026-02-27
괴정동3118,1,부산광역시 사하구 괴정로 203,부산광역시 사하구 괴정동 568-10,35.0977467,128.9839655678,2021,건축물,051-220-4671,부산광역시 사하구청,2026-02-27
괴정동3119,1,부산광역시 사하구 낙동대로295번길 27,부산광역시 사하구 괴정동 552-1,35.0980659,128.9843436,2021,한전주,051-220-4671,부산광역시 사하구청,2026-02-27
괴정동312,1,부산광역시 사하구 회화나무길 65,부산광역시 사하구 괴정동 1033-8,35.1010980801,128.991587822,2021,건축물,051-220-4671,부산광역시 사하구청,2026-02-27
괴정동3120,1,부산광역시 사하구 장평로443번길 19-2,부산광역시 사하구 괴정동 552-22,35.0978937924,128.9845265,2021,건축물,051-220-4671,부산광역시 사하구청,2026-02-27
괴정동3121,1,부산광역시 사하구 장평로443번길 19,부산광역시 사하구 괴정동 552-5,35.0979878,128.9847145,2021,건축물,051-220-4671,부산광역시 사하구청,2026-02-27
괴정동3122,1,부산광역시 사하구 장평로443번길 16,부산광역시 사하구 괴정동 551-44,35.0981287,128.9849153,2021,한전주,051-220-4671,부산광역시 사하구청,2026-02-27
괴정동3123,1,부산광역시 사하구 장평로443번길 14,부산광역시 사하구 괴정동 551-15,35.0980620554,128.9851481,2021,건축물,051-220-4671,부산광역시 사하구청,2026-02-27
괴정동3124,1,부산광역시 사하구 장평로449번길 21,부산광역시 사하구 괴정동 551-8,35.0984213,128.985199644,2021,한전주,051-220-4671,부산광역시 사하구청,2026-02-27
괴정동3125,1,부산광역시 사하구 장평로449번길 29-2,부산광역시 사하구 괴정동 551-53,35.0984088,128.9847436366,2021,건축물,051-220-4671,부산광역시 사하구청,2026-02-27
괴정동3126,1,부산광역시 사하구 장평로449번길 32,부산광역시 사하구 괴정동 550-69,35.0987792,128.9847962263,2021,건축물,051-220-4671,부산광역시 사하구청,2026-02-27
괴정동3127,1,부산광역시 사하구 낙동대로295번길 11,부산광역시 사하구 괴정동 550-2,35.0988632,128.9846371,2021,한전주,051-220-4671,부산광역시 사하구청,2026-02-27
괴정동3128,1,부산광역시 사하구 낙동대로295번길 11,부산광역시 사하구 괴정동 550-2,35.0988632,128.9846371,2021,한전주,051-220-4671,부산광역시 사하구청,2026-02-27
괴정동3129,1,부산광역시 사하구 낙동대로295번길 17,부산광역시 사하구 괴정동 551-30,35.0984967064,128.9844963714,2021,한전주,051-220-4671,부산광역시 사하구청,2026-02-27
괴정동313,1,부산광역시 사하구 회화나무길 68,부산광역시 사하구 괴정동 992-2,35.1008621,128.9918898,2021,한전주,051-220-4671,부산광역시 사하구청,2026-02-27
괴정동3130,1,부산광역시 사하구 장평로449번길 47-2,부산광역시 사하구 괴정동 570-54,35.0985872967,128.9838413,2021,건축물,051-220-4671,부산광역시 사하구청,2026-02-27
괴정동3131,1,부산광역시 사하구 장평로449번길 50,부산광역시 사하구 괴정동 571-24,35.0989759,128.9837992311,2021,한전주,051-220-4671,부산광역시 사하구청,2026-02-27
괴정동3132,1,부산광역시 사하구 장평로449번길 49-2,부산광역시 사하구 괴정동 570-30,35.0986999,128.9835933476,2021,건축물,051-220-4671,부산광역시 사하구청,2026-02-27
괴정동3133,1,부산광역시 사하구 장평로449번길 55,부산광역시 사하구 괴정동 570-43,35.0988541,128.9835403,2021,건축물,051-220-4671,부산광역시 사하구청,2026-02-27
괴정동3134,1,부산광역시 사하구 장평로449번길 59,부산광역시 사하구 괴정동 570-20,35.0988944,128.9832781,2021,한전주,051-220-4671,부산광역시 사하구청,2026-02-27
괴정동3135,1,부산광역시 사하구 낙동대로309번길 18,부산광역시 사하구 괴정동 581-40,35.0987964191,128.982772,2021,한전주,051-220-4671,부산광역시 사하구청,2026-02-27
괴정동3136,1,부산광역시 사하구 낙동대로309번길 9,부산광역시 사하구 괴정동 571-2,35.0991665,128.9831751,2021,한전주,051-220-4671,부산광역시 사하구청,2026-02-27
괴정동3137,1,부산광역시 사하구 낙동대로 307,부산광역시 사하구 괴정동 571-1,35.0995704,128.9832726,2021,한전주,051-220-4671,부산광역시 사하구청,2026-02-27
괴정동3138,1,부산광역시 사하구 낙동대로309번길 6-3,부산광역시 사하구 괴정동 578-37,35.0994637,128.982634,2021,건축물,051-220-4671,부산광역시 사하구청,2026-02-27
괴정동3139,1,부산광역시 사하구 낙동대로309번길 19,부산광역시 사하구 괴정동 570-23,35.098827,128.9829914,2021,한전주,051-220-4671,부산광역시 사하구청,2026-02-27
괴정동314,1,부산광역시 사하구 회화나무길 72,부산광역시 사하구 괴정동 993-1,35.1009491,128.9920783,2021,건축물,051-220-4671,부산광역시 사하구청,2026-02-27
괴정동3140,1,부산광역시 사하구 낙동대로309번길 22,부산광역시 사하구 괴정동 581-11,35.0986596,128.9827571,2021,건축물,051-220-4671,부산광역시 사하구청,2026-02-27
괴정동3141,1,부산광역시 사하구 낙동대로309번길 18,부산광역시 사하구 괴정동 581-40,35.0987964191,128.982772,2021,건축물,051-220-4671,부산광역시 사하구청,2026-02-27
괴정동3142,1,부산광역시 사하구 낙동대로309번길 23,부산광역시 사하구 괴정동 570-25,35.0985488,128.9829189,2021,한전주,051-220-4671,부산광역시 사하구청,2026-02-27
괴정동3143,1,부산광역시 사하구 낙동대로309번길 31,부산광역시 사하구 괴정동 568-3,35.0981633,128.9827999,2021,한전주,051-220-4671,부산광역시 사하구청,2026-02-27
괴정동3144,1,부산광역시 사하구 장평로443번길 46,부산광역시 사하구 괴정동 570-48,35.0984784,128.9833667,2021,한전주,051-220-4671,부산광역시 사하구청,2026-02-27
괴정동3145,1,부산광역시 사하구 장평로443번길 40,부산광역시 사하구 괴정동 570-46,35.0983752,128.9836164,2021,한전주,051-220-4671,부산광역시 사하구청,2026-02-27
괴정동3146,1,부산광역시 사하구 장평로443번길 31,부산광역시 사하구 괴정동 568-36,35.0981715,128.9839514,2021,한전주,051-220-4671,부산광역시 사하구청,2026-02-27
괴정동3147,1,부산광역시 사하구 장평로443번길 32,부산광역시 사하구 괴정동 570-13,35.0984761,128.9840575,2021,건축물,051-220-4671,부산광역시 사하구청,2026-02-27
괴정동3148,1,부산광역시 사하구 괴정로 199-6,부산광역시 사하구 괴정동 568-7,35.0979872,128.9836509,2021,건축물,051-220-4671,부산광역시 사하구청,2026-02-27
괴정동3149,1,부산광역시 사하구 괴정로 187-4,부산광역시 사하구 괴정동 582-10,35.0982886,128.9822985,2021,한전주,051-220-4671,부산광역시 사하구청,2026-02-27
괴정동315,1,부산광역시 사하구 낙동대로224번길 27,부산광역시 사하구 괴정동 1032-8,35.1012841868,128.991769,2021,건축물,051-220-4671,부산광역시 사하구청,2026-02-27
괴정동3150,1,부산광역시 사하구 괴정로 181-1,부산광역시 사하구 괴정동 582-18,35.0983745,128.9814563,2021,건축물,051-220-4671,부산광역시 사하구청,2026-02-27
괴정동3151,1,부산광역시 사하구 낙동대로323번길 34,부산광역시 사하구 괴정동 586-10,35.0984705,128.9810968,2021,건축물,051-220-4671,부산광역시 사하구청,2026-02-27
괴정동3152,1,부산광역시 사하구 낙동대로323번길 26,부산광역시 사하구 괴정동 586-20,35.0987665,128.9811807,2021,한전주,051-220-4671,부산광역시 사하구청,2026-02-27
괴정동3153,1,부산광역시 사하구 장평로443번길 78,부산광역시 사하구 괴정동 581-27,35.0988676,128.9815951242,2021,한전주,051-220-4671,부산광역시 사하구청,2026-02-27
괴정동3154,1,부산광역시 사하구 장평로443번길 73-2,부산광역시 사하구 괴정동 582-60,35.098500744,128.9816775261,2021,건축물,051-220-4671,부산광역시 사하구청,2026-02-27
괴정동3155,1,부산광역시 사하구 장평로443번길 70,부산광역시 사하구 괴정동 581-13,35.0987255,128.982035,2021,한전주,051-220-4671,부산광역시 사하구청,2026-02-27
괴정동3156,1,부산광역시 사하구 장평로443번길 66,부산광역시 사하구 괴정동 581-54,35.0986569,128.9823732,2021,한전주,051-220-4671,부산광역시 사하구청,2026-02-27
괴정동3157,1,부산광역시 사하구 낙동대로309번길 22,부산광역시 사하구 괴정동 581-11,35.0986596,128.9827571,2021,한전주,051-220-4671,부산광역시 사하구청,2026-02-27
괴정동3158,1,부산광역시 사하구 장평로449번길 75-2,부산광역시 사하구 괴정동 581-21,35.0990347,128.9823990837,2021,건축물,051-220-4671,부산광역시 사하구청,2026-02-27
괴정동3159,1,부산광역시 사하구 장평로449번길 75,부산광역시 사하구 괴정동 581-22,35.0990903038,128.9824172,2021,한전주,051-220-4671,부산광역시 사하구청,2026-02-27
괴정동316,1,부산광역시 사하구 낙동대로224번길 28-3,부산광역시 사하구 괴정동 1026-36,35.1014807,128.9920803,2021,건축물,051-220-4671,부산광역시 사하구청,2026-02-27
괴정동3160,1,부산광역시 사하구 장평로449번길 81,부산광역시 사하구 괴정동 581-4,35.0991489,128.9820452,2021,한전주,051-220-4671,부산광역시 사하구청,2026-02-27
괴정동3161,1,부산광역시 사하구 장평로449번길 87,부산광역시 사하구 괴정동 581-16,35.0990840869,128.9817591,2021,건축물,051-220-4671,부산광역시 사하구청,2026-02-27
괴정동3162,1,부산광역시 사하구 장평로449번길 91,부산광역시 사하구 괴정동 581-35,35.0992629,128.9816861,2021,한전주,051-220-4671,부산광역시 사하구청,2026-02-27
괴정동3163,1,부산광역시 사하구 장평로449번길 102,부산광역시 사하구 괴정동 579-5,35.099532,128.9810395003,2021,한전주,051-220-4671,부산광역시 사하구청,2026-02-27
괴정동3164,1,부산광역시 사하구 장평로449번길 102,부산광역시 사하구 괴정동 579-5,35.099532,128.9810395003,2021,한전주,051-220-4671,부산광역시 사하구청,2026-02-27
괴정동3165,1,부산광역시 사하구 장평로449번길 102,부산광역시 사하구 괴정동 579-5,35.099532,128.9810395003,2021,건축물,051-220-4671,부산광역시 사하구청,2026-02-27
괴정동3166,1,부산광역시 사하구 낙동대로323번길 10,부산광역시 사하구 괴정동 579-3,35.0995466,128.9814189,2021,한전주,051-220-4671,부산광역시 사하구청,2026-02-27
괴정동3167,1,부산광역시 사하구 낙동대로323번길 8,부산광역시 사하구 괴정동 579-7,35.0997445,128.9814456,2021,한전주,051-220-4671,부산광역시 사하구청,2026-02-27
괴정동3168,1,부산광역시 사하구 낙동대로 327-1,부산광역시 사하구 괴정동 1134-9,35.100064,128.9811901,2021,건축물,051-220-4671,부산광역시 사하구청,2026-02-27
괴정동3169,1,부산광역시 사하구 낙동대로327번길 2-1,부산광역시 사하구 괴정동 1133-7,35.0999514,128.9809133,2021,한전주,051-220-4671,부산광역시 사하구청,2026-02-27
괴정동317,1,부산광역시 사하구 승학로224번길 38,부산광역시 사하구 괴정동 1029-9,35.1015391,128.9918185,2021,한전주,051-220-4671,부산광역시 사하구청,2026-02-27
괴정동3170,1,부산광역시 사하구 낙동대로327번길 2-6,부산광역시 사하구 괴정동 1132-6,35.100031,128.9804546,2021,건축물,051-220-4671,부산광역시 사하구청,2026-02-27
괴정동3171,1,부산광역시 사하구 낙동대로327번길 26-1,부산광역시 사하구 괴정동 1131-5,35.0998937,128.9800346,2021,한전주,051-220-4671,부산광역시 사하구청,2026-02-27
괴정동3172,1,부산광역시 사하구 장평로449번길 122,부산광역시 사하구 괴정동 1130-15,35.0994984077,128.9801966795,2021,건축물,051-220-4671,부산광역시 사하구청,2026-02-27
괴정동3173,1,부산광역시 사하구 장평로449번길 120,부산광역시 사하구 괴정동 1130-14,35.0994847742,128.9803105,2021,한전주,051-220-4671,부산광역시 사하구청,2026-02-27
괴정동3174,1,부산광역시 사하구 장평로449번길 121,부산광역시 사하구 괴정동 580-24,35.0993681,128.9801935776,2021,한전주,051-220-4671,부산광역시 사하구청,2026-02-27
괴정동3175,1,부산광역시 사하구 장평로449번길 115,부산광역시 사하구 괴정동 580-25,35.0992806601,128.9804958103,2021,한전주,051-220-4671,부산광역시 사하구청,2026-02-27
괴정동3176,1,부산광역시 사하구 장평로449번길 108,부산광역시 사하구 괴정동 1130-8,35.0996469,128.9807963,2021,한전주,051-220-4671,부산광역시 사하구청,2026-02-27
괴정동3177,1,부산광역시 사하구 낙동대로327번길 17-1,부산광역시 사하구 괴정동 1130-13,35.0995901722,128.9803786,2021,건축물,051-220-4671,부산광역시 사하구청,2026-02-27
괴정동3178,1,부산광역시 사하구 낙동대로327번길 14,부산광역시 사하구 괴정동 1130-2,35.0997932,128.9806682,2021,건축물,051-220-4671,부산광역시 사하구청,2026-02-27
괴정동3179,1,부산광역시 사하구 낙동대로327번길 7,부산광역시 사하구 괴정동 1133-14,35.0996967,128.9810606,2021,전용주,051-220-4671,부산광역시 사하구청,2026-02-27
괴정동318,1,부산광역시 사하구 낙동대로216번길 27-1,부산광역시 사하구 괴정동 1026-42,35.1015737,128.9924554,2021,한전주,051-220-4671,부산광역시 사하구청,2026-02-27
괴정동3180,1,부산광역시 사하구 장평로449번길 131,부산광역시 사하구 괴정동 1127-13,35.0995219,128.9796199,2021,한전주,051-220-4671,부산광역시 사하구청,2026-02-27
괴정동3181,1,부산광역시 사하구 낙동대로343번길 19,부산광역시 사하구 괴정동 1127-11,35.0996257,128.9793374,2021,건축물,051-220-4671,부산광역시 사하구청,2026-02-27
괴정동3182,1,부산광역시 사하구 낙동대로343번길 17-1,부산광역시 사하구 괴정동 1126-9,35.0997807,128.9797797,2021,건축물,051-220-4671,부산광역시 사하구청,2026-02-27
괴정동3183,1,부산광역시 사하구 낙동대로343번길 17-5,부산광역시 사하구 괴정동 1126-1,35.0999867258,128.9799498,2021,건축물,051-220-4671,부산광역시 사하구청,2026-02-27
괴정동3184,1,부산광역시 사하구 낙동대로343번길 7,부산광역시 사하구 괴정동 1126-2,35.1000549,128.9795451,2021,한전주,051-220-4671,부산광역시 사하구청,2026-02-27
괴정동3185,1,부산광역시 사하구 낙동대로343번길 37,부산광역시 사하구 괴정동 656-39,35.0993432,128.9784204,2021,한전주,051-220-4671,부산광역시 사하구청,2026-02-27
괴정동3186,1,부산광역시 사하구 괴정로 146-1,부산광역시 사하구 괴정동 1227-5,35.0991273,128.977845,2021,건축물,051-220-4671,부산광역시 사하구청,2026-02-27
괴정동3187,1,부산광역시 사하구 괴정로 153,부산광역시 사하구 괴정동 656-52,35.0988867125,128.9785525,2021,건축물,051-220-4671,부산광역시 사하구청,2026-02-27
괴정동3188,1,부산광역시 사하구 낙동대로343번길 21-4,부산광역시 사하구 괴정동 654-8,35.0994531,128.9794209,2021,전용주,051-220-4671,부산광역시 사하구청,2026-02-27
괴정동3189,1,부산광역시 사하구 낙동대로343번길 21-7,부산광역시 사하구 괴정동 1127-14,35.0994391,128.9797276,2021,전용주,051-220-4671,부산광역시 사하구청,2026-02-27
괴정동319,1,부산광역시 사하구 낙동대로216번길 21,부산광역시 사하구 괴정동 1026-10,35.1014287,128.9924981411,2021,건축물,051-220-4671,부산광역시 사하구청,2026-02-27
괴정동3190,1,부산광역시 사하구 낙동대로343번길 21-9,부산광역시 사하구 괴정동 1128-9,35.0993829,128.9798578,2021,건축물,051-220-4671,부산광역시 사하구청,2026-02-27
괴정동3191,1,부산광역시 사하구 장평로443번길 108,부산광역시 사하구 괴정동 580-15,35.0991728,128.9800282,2021,한전주,051-220-4671,부산광역시 사하구청,2026-02-27
괴정동3192,1,부산광역시 사하구 괴정로 165-3,부산광역시 사하구 괴정동 586-2,35.0988696,128.9798344,2021,건축물,051-220-4671,부산광역시 사하구청,2026-02-27
괴정동3193,1,부산광역시 사하구 괴정로 165-9,부산광역시 사하구 괴정동 586-31,35.098863,128.980240,2021,건축물,051-220-4671,부산광역시 사하구청,2026-02-27
괴정동3194,1,부산광역시 사하구 장평로443번길 120,부산광역시 사하구 괴정동 654-9,35.0993545,128.9793856,2021,한전주,051-220-4671,부산광역시 사하구청,2026-02-27
괴정동3195,1,부산광역시 사하구 장평로443번길 128,부산광역시 사하구 괴정동 654-7,35.0994426,128.9789601,2021,한전주,051-220-4671,부산광역시 사하구청,2026-02-27
괴정동3196,1,부산광역시 사하구 장평로443번길 96,부산광역시 사하구 괴정동 580-12,35.0990731,128.9806179,2021,한전주,051-220-4671,부산광역시 사하구청,2026-02-27
괴정동3197,1,부산광역시 사하구 장평로443번길 93,부산광역시 사하구 괴정동 586-7,35.0987926,128.9806879,2021,한전주,051-220-4671,부산광역시 사하구청,2026-02-27
괴정동3198,1,부산광역시 사하구 장평로443번길 88,부산광역시 사하구 괴정동 580-36,35.0989764,128.9810213,2021,한전주,051-220-4671,부산광역시 사하구청,2026-02-27
괴정동3199,1,부산광역시 사하구 괴정로 171-1,부산광역시 사하구 괴정동 586-70,35.0984605,128.9805920434,2021,건축물,051-220-4671,부산광역시 사하구청,2026-02-27
괴정동320,1,부산광역시 사하구 회화나무길 77,부산광역시 사하구 괴정동 1026-67,35.1012599,128.992360,2021,한전주,051-220-4671,부산광역시 사하구청,2026-02-27
괴정동3200,1,부산광역시 사하구 낙동대로323번길 16,부산광역시 사하구 괴정동 580-5,35.099351,128.9812606,2021,건축물,051-220-4671,부산광역시 사하구청,2026-02-27
괴정동3201,1,부산광역시 사하구 낙동대로323번길 18-3,부산광역시 사하구 괴정동 580-35,35.0991969794,128.9808956,2021,건축물,051-220-4671,부산광역시 사하구청,2026-02-27
괴정동3202,1,부산광역시 사하구 장평로420번길 22,부산광역시 사하구 괴정동 697-14,35.0954933,128.9851585,2021,한전주,051-220-4671,부산광역시 사하구청,2026-02-27
괴정동3203,1,부산광역시 사하구 장평로 417-2,부산광역시 사하구 괴정동 563-40,35.0968625,128.9846434,2021,건축물,051-220-4671,부산광역시 사하구청,2026-02-27
괴정동3204,1,부산광역시 사하구 장평로411번길 2,부산광역시 사하구 괴정동 1204-8,35.0967428,128.9836975,2021,건축물,051-220-4671,부산광역시 사하구청,2026-02-27
괴정동3205,1,부산광역시 사하구 장평로411번길 10,부산광역시 사하구 괴정동 1204-5,35.0968391,128.9833161,2021,건축물,051-220-4671,부산광역시 사하구청,2026-02-27
괴정동3206,1,부산광역시 사하구 장평로 403,부산광역시 사하구 괴정동 산 107-1,35.096762125,128.9831353439,2021,건축물,051-220-4671,부산광역시 사하구청,2026-02-27
괴정동3207,1,부산광역시 사하구 장평로411번길 25,부산광역시 사하구 괴정동 1206-63,35.0969811911,128.9824539,2021,건축물,051-220-4671,부산광역시 사하구청,2026-02-27
괴정동3208,1,부산광역시 사하구 장평로411번길 25,부산광역시 사하구 괴정동 1206-63,35.0969811911,128.9824539,2021,전용주,051-220-4671,부산광역시 사하구청,2026-02-27
괴정동3209,1,부산광역시 사하구 낙동대로295번길 47,부산광역시 사하구 괴정동 563-54,35.0972802352,128.9841168,2021,한전주,051-220-4671,부산광역시 사하구청,2026-02-27
괴정동321,1,부산광역시 사하구 회화나무길 73,부산광역시 사하구 괴정동 1026-8,35.1011637,128.9921822,2021,한전주,051-220-4671,부산광역시 사하구청,2026-02-27
괴정동3210,1,부산광역시 사하구 낙동대로295번길 51,부산광역시 사하구 괴정동 563-3,35.0971784,128.984059,2021,전용주,051-220-4671,부산광역시 사하구청,2026-02-27
괴정동3211,1,부산광역시 사하구 낙동대로295번길 51-9,부산광역시 사하구 괴정동 563-39,35.0968288,128.9844918939,2021,건축물,051-220-4671,부산광역시 사하구청,2026-02-27
괴정동3212,1,부산광역시 사하구 낙동대로295번길 55,부산광역시 사하구 괴정동 563-5,35.0967944313,128.9839406,2021,건축물,051-220-4671,부산광역시 사하구청,2026-02-27
괴정동3213,1,부산광역시 사하구 장평로409번길 3,부산광역시 사하구 괴정동 1201-2,35.096944,128.9834999457,2021,건축물,051-220-4671,부산광역시 사하구청,2026-02-27
괴정동3214,1,부산광역시 사하구 장평로409번길 10,부산광역시 사하구 괴정동 566-41,35.0971805,128.9833792,2021,한전주,051-220-4671,부산광역시 사하구청,2026-02-27
괴정동3215,1,부산광역시 사하구 장평로409번길 15,부산광역시 사하구 괴정동 1200-8,35.0970858844,128.9829936,2021,건축물,051-220-4671,부산광역시 사하구청,2026-02-27
괴정동3216,1,부산광역시 사하구 장평로409번길 17,부산광역시 사하구 괴정동 1200-7,35.0971257,128.9828735,2021,건축물,051-220-4671,부산광역시 사하구청,2026-02-27
괴정동3217,1,부산광역시 사하구 장평로409번길 23,부산광역시 사하구 괴정동 1200-4,35.0971554,128.9827097,2021,건축물,051-220-4671,부산광역시 사하구청,2026-02-27
괴정동3218,1,부산광역시 사하구 장평로409번길 25,부산광역시 사하구 괴정동 1200-3,35.0971841444,128.9825464,2021,건축물,051-220-4671,부산광역시 사하구청,2026-02-27
괴정동3219,1,부산광역시 사하구 낙동대로309번길 49,부산광역시 사하구 괴정동 566-2,35.0974822,128.9825641,2021,한전주,051-220-4671,부산광역시 사하구청,2026-02-27
괴정동322,1,부산광역시 사하구 낙동대로234번길 28-1,부산광역시 사하구 괴정동 1033-2,35.1012941,128.991374,2021,건축물,051-220-4671,부산광역시 사하구청,2026-02-27
괴정동3220,1,부산광역시 사하구 괴정로 196-2,부산광역시 사하구 괴정동 566-51,35.097541,128.9828287,2021,건축물,051-220-4671,부산광역시 사하구청,2026-02-27
괴정동3221,1,부산광역시 사하구 괴정로 204-1,부산광역시 사하구 괴정동 566-33,35.0974463,128.9836597,2021,건축물,051-220-4671,부산광역시 사하구청,2026-02-27
괴정동3223,1,부산광역시 사하구 장평로 372,부산광역시 사하구 괴정동 1207-92,35.0963848748,128.9797093,2021,한전주,051-220-4671,부산광역시 사하구청,2026-02-27
괴정동3224,1,부산광역시 사하구 장평로 410,부산광역시 사하구 괴정동 697-11,35.0955156064,128.9844347457,2022,,051-220-4671,부산광역시 사하구청,2026-02-27
괴정동3225,1,부산광역시 사하구 장평로 410,부산광역시 사하구 괴정동 697-11,35.0955409,128.9844469,2022,한전주,051-220-4671,부산광역시 사하구청,2026-02-27
괴정동3226,1,,부산광역시 사하구 괴정동 661-2,35.0985641,128.9852347449,2022,한전주,051-220-4671,부산광역시 사하구청,2026-02-27
괴정동3227,1,부산광역시 사하구 승학로165번길 19,부산광역시 사하구 괴정동 1080-21,35.1023448,128.9844473,2023,,051-220-4671,부산광역시 사하구청,2026-02-27
괴정동3228,1,부산광역시 사하구 낙동대로 320-1,부산광역시 사하구 괴정동 1117-26,35.1003555,128.9820994581,2023,,051-220-4671,부산광역시 사하구청,2026-02-27
괴정동3229,1,부산광역시 사하구 낙동대로 278,부산광역시 사하구 괴정동 766-3,35.0993712,128.9866341,2023,,051-220-4671,부산광역시 사하구청,2026-02-27
괴정동323,1,부산광역시 사하구 낙동대로234번길 8-1,부산광역시 사하구 괴정동 979-2,35.1003297,128.9913834,2021,한전주,051-220-4671,부산광역시 사하구청,2026-02-27
괴정동3230,1,부산광역시 사하구 장평로443번길 14,부산광역시 사하구 괴정동 551-15,35.0980620554,128.9851022969,2023,,051-220-4671,부산광역시 사하구청,2026-02-27
괴정동3231,1,부산광역시 사하구 장평로449번길 74-2,부산광역시 사하구 괴정동 578-13,35.0993446,128.9827517,2023,,051-220-4671,부산광역시 사하구청,2026-02-27
괴정동3232,1,부산광역시 사하구 낙동대로309번길 18,부산광역시 사하구 괴정동 581-40,35.0987964191,128.9827632284,2024,,051-220-4671,부산광역시 사하구청,2026-02-27
괴정동3233,1,부산광역시 사하구 낙동대로324번길 10,부산광역시 사하구 괴정동 1117-6,35.1006502,128.982268,2024,건축물,051-220-4671,부산광역시 사하구청,2026-02-27
괴정동3234,1,,부산광역시 사하구 괴정동 661-2,35.0985641,128.9852347449,2024,건축물,051-220-4671,부산광역시 사하구청,2026-02-27
괴정동3235,1,부산광역시 사하구 낙동대로318번길 13,부산광역시 사하구 괴정동 576-9,35.1004964,128.9828564,2024,한전주,051-220-4671,부산광역시 사하구청,2026-02-27
괴정동3236,1,부산광역시 사하구 장평로443번길 123,부산광역시 사하구 괴정동 656-48,35.0992336,128.9790647,2025,전용주,051-220-4671,부산광역시 사하구청,2026-02-27
괴정동3237,1,부산광역시 사하구 장평로449번길 81-2,부산광역시 사하구 괴정동 581-44,35.0989841,128.9821923659,2025,전용주,051-220-4671,부산광역시 사하구청,2026-02-27
괴정동324,1,부산광역시 사하구 낙동대로234번길 8-3,부산광역시 사하구 괴정동 979-1,35.1003551,128.9914827,2021,한전주,051-220-4671,부산광역시 사하구청,2026-02-27
괴정동325,1,부산광역시 사하구 낙동대로224번길 1-5,부산광역시 사하구 괴정동 978-2,35.1003524,128.9916471,2021,건축물,051-220-4671,부산광역시 사하구청,2026-02-27
괴정동326,1,부산광역시 사하구 낙동대로 228,부산광역시 사하구 괴정동 936-5,35.100076,128.9920132,2021,건축물,051-220-4671,부산광역시 사하구청,2026-02-27
괴정동327,1,부산광역시 사하구 낙동대로224번길 1,부산광역시 사하구 괴정동 936-1,35.1001863,128.992244859,2021,건축물,051-220-4671,부산광역시 사하구청,2026-02-27
괴정동3277,1,부산광역시 사하구 승학로 173,부산광역시 사하구 괴정동 1081-10,35.101004182,128.9846224,2024,,051-220-4671,부산광역시 사하구청,2026-02-27
괴정동3278,1,부산광역시 사하구 낙동대로309번길 28,부산광역시 사하구 괴정동 582-12,35.0984449,128.9826642,2024,건축물,051-220-4671,부산광역시 사하구청,2026-02-27
괴정동328,1,부산광역시 사하구 낙동대로 222,부산광역시 사하구 괴정동 973,35.1001684,128.9924212,2021,건축물,051-220-4671,부산광역시 사하구청,2026-02-27
괴정동329,1,부산광역시 사하구 낙동대로224번길 3,부산광역시 사하구 괴정동 975-13,35.1002623,128.9921932,2021,한전주,051-220-4671,부산광역시 사하구청,2026-02-27
괴정동330,1,부산광역시 사하구 낙동대로224번길 12,부산광역시 사하구 괴정동 993-4,35.1006752,128.992291,2021,건축물,051-220-4671,부산광역시 사하구청,2026-02-27
괴정동331,1,부산광역시 사하구 낙동대로224번길 16,부산광역시 사하구 괴정동 993-3,35.1007594094,128.9922352104,2021,한전주,051-220-4671,부산광역시 사하구청,2026-02-27
괴정동332,1,부산광역시 사하구 회화나무길 78,부산광역시 사하구 괴정동 993-2,35.1008831,128.9922522,2021,건축물,051-220-4671,부산광역시 사하구청,2026-02-27
괴정동333,1,부산광역시 사하구 낙동대로234번길 27-4,부산광역시 사하구 괴정동 1042-22,35.101253,128.9905834,2021,한전주,051-220-4671,부산광역시 사하구청,2026-02-27
괴정동334,1,부산광역시 사하구 낙동대로244번길 48,부산광역시 사하구 괴정동 1045-4,35.1014654,128.9902706,2021,한전주,051-220-4671,부산광역시 사하구청,2026-02-27
괴정동335,1,부산광역시 사하구 낙동대로244번길 51,부산광역시 사하구 괴정동 1047-6,35.1016244672,128.9901171979,2021,건축물,051-220-4671,부산광역시 사하구청,2026-02-27
괴정동336,1,부산광역시 사하구 승학로 232,부산광역시 사하구 괴정동 1047-6,35.1018076903,128.9900065,2021,한전주,051-220-4671,부산광역시 사하구청,2026-02-27
괴정동337,1,부산광역시 사하구 낙동대로244번길 56-1,부산광역시 사하구 괴정동 1050-5,35.1019807253,128.9902970342,2021,건축물,051-220-4671,부산광역시 사하구청,2026-02-27
괴정동338,1,부산광역시 사하구 낙동대로244번길 56-8,부산광역시 사하구 괴정동 1041-4,35.1020553,128.990570,2021,한전주,051-220-4671,부산광역시 사하구청,2026-02-27
괴정동339,1,부산광역시 사하구 낙동대로244번길 43,부산광역시 사하구 괴정동 926-19,35.1012342,128.9900786,2021,한전주,051-220-4671,부산광역시 사하구청,2026-02-27
괴정동340,1,부산광역시 사하구 낙동대로244번길 35,부산광역시 사하구 괴정동 925-4,35.1009667,128.989894623,2021,건축물,051-220-4671,부산광역시 사하구청,2026-02-27
괴정동341,1,부산광역시 사하구 낙동대로244번길 35-1,부산광역시 사하구 괴정동 926-16,35.1010229,128.9897774,2021,건축물,051-220-4671,부산광역시 사하구청,2026-02-27
괴정동342,1,부산광역시 사하구 낙동대로244번길 29,부산광역시 사하구 괴정동 809-1,35.1007404345,128.9897313204,2021,한전주,051-220-4671,부산광역시 사하구청,2026-02-27
괴정동343,1,부산광역시 사하구 회화나무길 33,부산광역시 사하구 괴정동 923-1,35.1005851,128.9900957,2021,한전주,051-220-4671,부산광역시 사하구청,2026-02-27
괴정동344,1,부산광역시 사하구 낙동대로244번길 17,부산광역시 사하구 괴정동 924-6,35.1003956,128.9900975189,2021,한전주,051-220-4671,부산광역시 사하구청,2026-02-27
괴정동345,1,부산광역시 사하구 회화나무길 33,부산광역시 사하구 괴정동 923-1,35.1005666971,128.9900087,2021,한전주,051-220-4671,부산광역시 사하구청,2026-02-27
괴정동346,1,부산광역시 사하구 회화나무길 25,부산광역시 사하구 괴정동 810-3,35.10059185,128.989592833,2021,건축물,051-220-4671,부산광역시 사하구청,2026-02-27
괴정동347,1,부산광역시 사하구 회화나무길 22,부산광역시 사하구 괴정동 813-16,35.100263,128.9893975564,2021,건축물,051-220-4671,부산광역시 사하구청,2026-02-27
괴정동348,1,부산광역시 사하구 회화나무길 21,부산광역시 사하구 괴정동 810-5,35.1005316,128.9895132,2021,한전주,051-220-4671,부산광역시 사하구청,2026-02-27
괴정동349,1,부산광역시 사하구 회화나무길 21-2,부산광역시 사하구 괴정동 810-4,35.1005945773,128.9894870822,2021,건축물,051-220-4671,부산광역시 사하구청,2026-02-27
괴정동350,1,부산광역시 사하구 회화나무길 21-16,부산광역시 사하구 괴정동 926-7,35.100858,128.9893896,2021,건축물,051-220-4671,부산광역시 사하구청,2026-02-27
괴정동351,1,부산광역시 사하구 회화나무길 21-7,부산광역시 사하구 괴정동 803-9,35.1004624343,128.9890434,2021,건축물,051-220-4671,부산광역시 사하구청,2026-02-27
괴정동352,1,부산광역시 사하구 회화나무길 13,부산광역시 사하구 괴정동 800-2,35.1003874,128.9889615,2021,한전주,051-220-4671,부산광역시 사하구청,2026-02-27
괴정동353,1,부산광역시 사하구 회화나무길 9,부산광역시 사하구 괴정동 800-1,35.1003372,128.988730,2021,한전주,051-220-4671,부산광역시 사하구청,2026-02-27
괴정동354,1,부산광역시 사하구 낙동대로250번안길 29,부산광역시 사하구 괴정동 799-2,35.1004254786,128.9886821632,2021,건축물,051-220-4671,부산광역시 사하구청,2026-02-27
괴정동355,1,부산광역시 사하구 낙동대로264번길 16,부산광역시 사하구 괴정동 790,35.1002379,128.9881903,2021,한전주,051-220-4671,부산광역시 사하구청,2026-02-27
괴정동356,1,부산광역시 사하구 회화나무길 5-1,부산광역시 사하구 괴정동 798,35.1003784,128.9883953272,2021,전용주,051-220-4671,부산광역시 사하구청,2026-02-27
괴정동357,1,부산광역시 사하구 낙동대로258번길 15-1,부산광역시 사하구 괴정동 787,35.1000042126,128.9885096405,2021,건축물,051-220-4671,부산광역시 사하구청,2026-02-27
괴정동358,1,부산광역시 사하구 낙동대로258번길 15,부산광역시 사하구 괴정동 787,35.1000138109,128.9886057115,2021,건축물,051-220-4671,부산광역시 사하구청,2026-02-27
괴정동359,1,부산광역시 사하구 낙동대로258번길 11,부산광역시 사하구 괴정동 782-7,35.099890,128.9885217,2021,건축물,051-220-4671,부산광역시 사하구청,2026-02-27
괴정동360,1,부산광역시 사하구 낙동대로258번길 7-1,부산광역시 사하구 괴정동 782-16,35.0995484,128.9884696,2021,건축물,051-220-4671,부산광역시 사하구청,2026-02-27
괴정동361,1,부산광역시 사하구 낙동대로258번길 6,부산광역시 사하구 괴정동 783-1,35.0996689,128.9888124,2021,한전주,051-220-4671,부산광역시 사하구청,2026-02-27
괴정동362,1,부산광역시 사하구 낙동대로250번안길 3,부산광역시 사하구 괴정동 820-3,35.0997866,128.9893307,2021,한전주,051-220-4671,부산광역시 사하구청,2026-02-27
괴정동363,1,부산광역시 사하구 낙동대로250번길 3,부산광역시 사하구 괴정동 897,35.0997989,128.9896819,2021,전용주,051-220-4671,부산광역시 사하구청,2026-02-27
괴정동364,1,부산광역시 사하구 낙동대로250번안길 12-1,부산광역시 사하구 괴정동 813-7,35.1001494,128.989186,2021,건축물,051-220-4671,부산광역시 사하구청,2026-02-27
괴정동365,1,부산광역시 사하구 낙동대로250번안길 10,부산광역시 사하구 괴정동 816-3,35.0998969682,128.9892243,2021,한전주,051-220-4671,부산광역시 사하구청,2026-02-27
괴정동366,1,부산광역시 사하구 낙동대로250번안길 15,부산광역시 사하구 괴정동 783,35.0997579,128.9888804,2021,한전주,051-220-4671,부산광역시 사하구청,2026-02-27
괴정동367,1,부산광역시 사하구 낙동대로250번길 19,부산광역시 사하구 괴정동 811,35.1002873,128.9895731,2021,한전주,051-220-4671,부산광역시 사하구청,2026-02-27
괴정동368,1,부산광역시 사하구 낙동대로250번길 11-3,부산광역시 사하구 괴정동 812-7,35.1000642,128.9894361,2021,건축물,051-220-4671,부산광역시 사하구청,2026-02-27
괴정동369,1,부산광역시 사하구 낙동대로250번길 11,부산광역시 사하구 괴정동 812-5,35.0999797,128.9896424,2021,한전주,051-220-4671,부산광역시 사하구청,2026-02-27
괴정동370,1,부산광역시 사하구 낙동대로250번길 16,부산광역시 사하구 괴정동 910,35.1001175091,128.9898644,2021,전용주,051-220-4671,부산광역시 사하구청,2026-02-27
괴정동371,1,부산광역시 사하구 낙동대로244번길 15,부산광역시 사하구 괴정동 912-5,35.1002417,128.9901532,2021,한전주,051-220-4671,부산광역시 사하구청,2026-02-27
괴정동372,1,부산광역시 사하구 낙동대로244번길 12,부산광역시 사하구 괴정동 918,35.1001747,128.9903928,2021,한전주,051-220-4671,부산광역시 사하구청,2026-02-27
괴정동373,1,부산광역시 사하구 낙동대로244번길 9,부산광역시 사하구 괴정동 912-6,35.099925,128.9902332,2021,한전주,051-220-4671,부산광역시 사하구청,2026-02-27
괴정동374,1,부산광역시 사하구 낙동대로244번길 9,부산광역시 사하구 괴정동 912-6,35.099925,128.9902332,2021,한전주,051-220-4671,부산광역시 사하구청,2026-02-27
괴정동375,1,부산광역시 사하구 낙동대로234번길 5-2,부산광역시 사하구 괴정동 928,35.1001745,128.990952,2021,건축물,051-220-4671,부산광역시 사하구청,2026-02-27
괴정동376,1,부산광역시 사하구 낙동대로234번길 5-9,부산광역시 사하구 괴정동 916,35.1001863424,128.990580,2021,한전주,051-220-4671,부산광역시 사하구청,2026-02-27
괴정동377,1,부산광역시 사하구 승학로 222-1,부산광역시 사하구 괴정동 926-23,35.1009465,128.9894904,2021,건축물,051-220-4671,부산광역시 사하구청,2026-02-27
괴정동378,1,부산광역시 사하구 승학로224번길 15,부산광역시 사하구 괴정동 1042-9,35.1015512,128.9905359,2021,한전주,051-220-4671,부산광역시 사하구청,2026-02-27
괴정동379,1,부산광역시 사하구 승학로224번길 17,부산광역시 사하구 괴정동 1042-2,35.1015312,128.990656,2021,건축물,051-220-4671,부산광역시 사하구청,2026-02-27
괴정동380,1,부산광역시 사하구 승학로233번길 33,부산광역시 사하구 괴정동 1065,35.1031347,128.9890391,2021,건축물,051-220-4671,부산광역시 사하구청,2026-02-27
괴정동381,1,부산광역시 사하구 낙동대로 271,부산광역시 사하구 괴정동 749-2,35.0988866,128.9870609,2021,건축물,051-220-4671,부산광역시 사하구청,2026-02-27
괴정동382,1,부산광역시 사하구 다대로83번길 111,부산광역시 사하구 괴정동 645-2,35.0936209,128.9833807,2021,한전주,051-220-4671,부산광역시 사하구청,2026-02-27
괴정동383,1,부산광역시 사하구 다대로83번길 111,부산광역시 사하구 괴정동 645-2,35.0936209,128.9833807,2021,건축물,051-220-4671,부산광역시 사하구청,2026-02-27
괴정동384,1,부산광역시 사하구 다대로83번길 111,부산광역시 사하구 괴정동 645-2,35.0936209,128.9833807,2021,한전주,051-220-4671,부산광역시 사하구청,2026-02-27
괴정동385,1,부산광역시 사하구 다대로83번길 111,부산광역시 사하구 괴정동 645-2,35.0936209,128.9833807,2021,한전주,051-220-4671,부산광역시 사하구청,2026-02-27
괴정동386,1,부산광역시 사하구 다대로83번길 111,부산광역시 사하구 괴정동 645-2,35.0936209,128.9833807,2021,전용주,051-220-4671,부산광역시 사하구청,2026-02-27
괴정동387,1,부산광역시 사하구 다대로83번길 111,부산광역시 사하구 괴정동 645-2,35.0936209,128.9833807,2021,전용주,051-220-4671,부산광역시 사하구청,2026-02-27
괴정동388,1,부산광역시 사하구 다대로83번길 111,부산광역시 사하구 괴정동 645-2,35.0936209,128.9833807,2021,전용주,051-220-4671,부산광역시 사하구청,2026-02-27
괴정동389,1,부산광역시 사하구 다대로83번길 111,부산광역시 사하구 괴정동 645-2,35.0936209,128.9833807,2021,전용주,051-220-4671,부산광역시 사하구청,2026-02-27
괴정동390,1,부산광역시 사하구 다대로83번길 111,부산광역시 사하구 괴정동 645-2,35.0936209,128.9833807,2021,전용주,051-220-4671,부산광역시 사하구청,2026-02-27
괴정동391,1,부산광역시 사하구 다대로83번길 111,부산광역시 사하구 괴정동 645-2,35.0936209,128.9833807,2021,건축물,051-220-4671,부산광역시 사하구청,2026-02-27
괴정동392,1,부산광역시 사하구 다대로83번길 111,부산광역시 사하구 괴정동 645-2,35.093602232,128.9833708582,2021,전용주,051-220-4671,부산광역시 사하구청,2026-02-27
괴정동393,1,부산광역시 사하구 괴정로260번길 64,부산광역시 사하구 괴정동 616-7,35.0941779,128.9884379,2021,전용주,051-220-4671,부산광역시 사하구청,2026-02-27
괴정동394,1,부산광역시 사하구 괴정로244번길 49,부산광역시 사하구 괴정동 619-7,35.094391,128.987533,2021,전용주,051-220-4671,부산광역시 사하구청,2026-02-27
괴정동395,1,부산광역시 사하구 괴정로244번길 47-5,부산광역시 사하구 괴정동 618-1,35.0943593,128.9878173,2021,전용주,051-220-4671,부산광역시 사하구청,2026-02-27
괴정동396,1,부산광역시 사하구 다대로83번길 111,부산광역시 사하구 괴정동 645-2,35.0936209,128.9833807,2021,한전주,051-220-4671,부산광역시 사하구청,2026-02-27
괴정동397,1,부산광역시 사하구 다대로83번길 111,부산광역시 사하구 괴정동 645-2,35.0936209,128.9833807,2021,한전주,051-220-4671,부산광역시 사하구청,2026-02-27
괴정동398,1,부산광역시 사하구 다대로83번길 111,부산광역시 사하구 괴정동 645-2,35.0936209,128.9833807,2021,한전주,051-220-4671,부산광역시 사하구청,2026-02-27
괴정동399,1,부산광역시 사하구 승학로281번길 42,부산광역시 사하구 괴정동 1026-129,35.1027354,128.9929771082,2021,한전주,051-220-4671,부산광역시 사하구청,2026-02-27
괴정동400,1,부산광역시 사하구 승학로281번길 40-1,부산광역시 사하구 괴정동 산148-1,35.1028903695,128.9930144,2021,건축물,051-220-4671,부산광역시 사하구청,2026-02-27
괴정동401,1,부산광역시 사하구 장평로420번길 64-5,부산광역시 사하구 괴정동 642-43,35.0939994,128.9855828,2025,한전주,051-220-4671,부산광역시 사하구청,2026-02-27
괴정동402,1,부산광역시 사하구 괴정로244번길 44,부산광역시 사하구 괴정동 638-9,35.0947272,128.9873658,2025,한전주,051-220-4671,부산광역시 사하구청,2026-02-27
괴정동403,1,,부산광역시 사하구 괴정동 659,35.097633108,128.9905146838,2021,한전주,051-220-4671,부산광역시 사하구청,2026-02-27
괴정동404,1,부산광역시 사하구 회화나무길 81,부산광역시 사하구 괴정동 1026-68,35.1012662,128.9925247,2022,,051-220-4671,부산광역시 사하구청,2026-02-27
괴정동405,1,부산광역시 사하구 괴정로244번길 12-9,부산광역시 사하구 괴정동 544-33,35.0960602,128.9873983024,2022,,051-220-4671,부산광역시 사하구청,2026-02-27
괴정동406,1,부산광역시 사하구 사하로141번나길 56,부산광역시 사하구 괴정동 499-37,35.0947833163,128.989133,2022,한전주,051-220-4671,부산광역시 사하구청,2026-02-27
괴정동407,1,부산광역시 사하구 낙동대로233번길 21-9,부산광역시 사하구 괴정동 944-11,35.0985893,128.9925473,2022,한전주,051-220-4671,부산광역시 사하구청,2026-02-27
괴정동410,1,,부산광역시 사하구 괴정동 645-4,35.0938240622,128.9836990676,2024,,051-220-4671,부산광역시 사하구청,2026-02-27
괴정동417,1,부산광역시 사하구 승학로233번길 89,부산광역시 사하구 괴정동 1063-57,35.1059873744,128.990061534,2023,,051-220-4671,부산광역시 사하구청,2026-02-27
괴정동418,1,부산광역시 사하구 승학로233번길 89,부산광역시 사하구 괴정동 1063-57,35.1059873744,128.990061534,2023,,051-220-4671,부산광역시 사하구청,2026-02-27
괴정동419,1,부산광역시 사하구 승학로233번길 89,부산광역시 사하구 괴정동 1063-57,35.1059873744,128.990061534,2023,,051-220-4671,부산광역시 사하구청,2026-02-27
괴정동421,1,부산광역시 사하구 괴정로245번길 1,부산광역시 사하구 괴정동 546-14,35.0968834735,128.9880984,2024,,051-220-4671,부산광역시 사하구청,2026-02-27
괴정동422,1,부산광역시 사하구 괴정로270번길 25,부산광역시 사하구 괴정동 488-13,35.0958897,128.9911945888,2024,한전주,051-220-4671,부산광역시 사하구청,2026-02-27
괴정동425,1,부산광역시 사하구 사하로141번나길 11-15,부산광역시 사하구 괴정동 613,35.0928745,128.9904347,2024,전용주,051-220-4671,부산광역시 사하구청,2026-02-27
괴정동426,1,부산광역시 사하구 사하로141번나길 11-15,부산광역시 사하구 괴정동 613,35.0928745,128.9904347,2024,전용주,051-220-4671,부산광역시 사하구청,2026-02-27
괴정동429,1,부산광역시 사하구 사하로197번길 15-2,부산광역시 사하구 괴정동 944-7,35.0986844387,128.9925205,2024,건축물,051-220-4671,부산광역시 사하구청,2026-02-27
괴정동431,1,부산광역시 사하구 낙동대로233번길 21-11,부산광역시 사하구 괴정동 944-6,35.0986484,128.9926907941,2022,,051-220-4671,부산광역시 사하구청,2026-02-27
구평동 299,1,,부산광역시 사하구 구평동 496-3,35.0524781218,128.9980319838,2022,전용주,051-220-4671,부산광역시 사하구청,2026-02-27
구평동001,1,부산광역시 사하구 두송로123번길 5-1,부산광역시 사하구 구평동 산75,35.0740633,128.9856902435,2021,한전주,051-220-4671,부산광역시 사하구청,2026-02-27
구평동002,1,,부산광역시 사하구 구평동 산75-1,35.0734948,128.9851958,2021,전용주,051-220-4671,부산광역시 사하구청,2026-02-27
구평동003,1,부산광역시 사하구 두송로123번길 27,부산광역시 사하구 구평동 435-56,35.0730949,128.9859534,2021,한전주,051-220-4671,부산광역시 사하구청,2026-02-27
구평동004,1,부산광역시 사하구 두송로 140,부산광역시 사하구 구평동 435-232,35.0729676,128.9838238,2021,한전주,051-220-4671,부산광역시 사하구청,2026-02-27
구평동005,1,부산광역시 사하구 두송로 140,부산광역시 사하구 구평동 435-232,35.0729676,128.9838238,2021,한전주,051-220-4671,부산광역시 사하구청,2026-02-27
구평동006,1,부산광역시 사하구 두송로144번길 5,부산광역시 사하구 구평동 435-255,35.072534,128.983331,2021,한전주,051-220-4671,부산광역시 사하구청,2026-02-27
구평동007,1,부산광역시 사하구 두송로144번길 9,부산광역시 사하구 구평동 435-255,35.072465243,128.9830637691,2021,한전주,051-220-4671,부산광역시 사하구청,2026-02-27
구평동008,1,부산광역시 사하구 두송로144번길 21,부산광역시 사하구 구평동 435-259,35.0722962,128.9829964,2021,한전주,051-220-4671,부산광역시 사하구청,2026-02-27
구평동009,1,부산광역시 사하구 두송로146번길 18,부산광역시 사하구 구평동 435-3,35.0717593,128.9832989854,2021,한전주,051-220-4671,부산광역시 사하구청,2026-02-27
구평동010,1,부산광역시 사하구 두송로144번길 41,부산광역시 사하구 구평동 435-266,35.0712761,128.9830927907,2021,한전주,051-220-4671,부산광역시 사하구청,2026-02-27
구평동011,1,부산광역시 사하구 두송로144번길 44,부산광역시 사하구 구평동 435-268,35.0713904664,128.9827068286,2021,전용주,051-220-4671,부산광역시 사하구청,2026-02-27
구평동012,1,부산광역시 사하구 두송로146번길 26,부산광역시 사하구 구평동 산 112,35.0711140482,128.9834878,2021,한전주,051-220-4671,부산광역시 사하구청,2026-02-27
구평동013,1,부산광역시 사하구 두송로144번길 65-5,부산광역시 사하구 구평동 산112,35.0707973281,128.982862,2021,한전주,051-220-4671,부산광역시 사하구청,2026-02-27
구평동014,1,부산광역시 사하구 두송로144번길 67-8,부산광역시 사하구 구평동 산110,35.0703466,128.9831794,2021,한전주,051-220-4671,부산광역시 사하구청,2026-02-27
구평동015,1,부산광역시 사하구 두송로144번길 67-8,부산광역시 사하구 구평동 산110,35.0703466,128.9831794,2021,한전주,051-220-4671,부산광역시 사하구청,2026-02-27
구평동016,1,부산광역시 사하구 두송로144번길 65-10,부산광역시 사하구 구평동 산 112,35.0708292272,128.9831739125,2021,건축물,051-220-4671,부산광역시 사하구청,2026-02-27
구평동017,1,부산광역시 사하구 두송로 137,부산광역시 사하구 구평동 435-237,35.0728468515,128.984168088,2021,한전주,051-220-4671,부산광역시 사하구청,2026-02-27
구평동018,1,부산광역시 사하구 두송로146번길 12,부산광역시 사하구 구평동 435-306,35.0720364,128.9834505,2021,한전주,051-220-4671,부산광역시 사하구청,2026-02-27
구평동019,1,부산광역시 사하구 두송로146번길 3,부산광역시 사하구 구평동 435-247,35.0723045433,128.9838195277,2021,한전주,051-220-4671,부산광역시 사하구청,2026-02-27
구평동020,1,부산광역시 사하구 두송로144번길 9,부산광역시 사하구 구평동 435-255,35.072465243,128.9830637691,2021,한전주,051-220-4671,부산광역시 사하구청,2026-02-27
구평동021,1,부산광역시 사하구 두송로 165,부산광역시 사하구 구평동 435-112,35.0713970636,128.9855839,2021,한전주,051-220-4671,부산광역시 사하구청,2026-02-27
구평동022,1,부산광역시 사하구 두송로 152,부산광역시 사하구 구평동 435-150,35.0720493,128.9843167,2021,한전주,051-220-4671,부산광역시 사하구청,2026-02-27
구평동023,1,부산광역시 사하구 두송로 153,부산광역시 사하구 구평동 435-100,35.0720371,128.9844988167,2021,한전주,051-220-4671,부산광역시 사하구청,2026-02-27
구평동024,1,부산광역시 사하구 두송로123번길 51,부산광역시 사하구 구평동 435-64,35.072208996,128.9852137364,2021,한전주,051-220-4671,부산광역시 사하구청,2026-02-27
구평동025,1,부산광역시 사하구 두송로123번길 31,부산광역시 사하구 구평동 435-59,35.0728755,128.9855973,2021,한전주,051-220-4671,부산광역시 사하구청,2026-02-27
구평동026,1,부산광역시 사하구 두송로123번길 61,부산광역시 사하구 구평동 435-67,35.0719369977,128.9855616473,2021,한전주,051-220-4671,부산광역시 사하구청,2026-02-27
구평동027,1,부산광역시 사하구 두송로123번길 76,부산광역시 사하구 구평동 435-113,35.0715732687,128.9859638948,2021,한전주,051-220-4671,부산광역시 사하구청,2026-02-27
구평동028,1,부산광역시 사하구 두송로123번길 81,부산광역시 사하구 구평동 435-92,35.0715951725,128.9864438,2021,한전주,051-220-4671,부산광역시 사하구청,2026-02-27
구평동029,1,부산광역시 사하구 두송로123번길 81-3,부산광역시 사하구 구평동 435-91,35.0718082372,128.9866222,2021,한전주,051-220-4671,부산광역시 사하구청,2026-02-27
구평동030,1,부산광역시 사하구 두송로123번길 81-4,부산광역시 사하구 구평동 435-90,35.0719742,128.9866909474,2021,한전주,051-220-4671,부산광역시 사하구청,2026-02-27
구평동031,1,부산광역시 사하구 두송로123번길 29,부산광역시 사하구 구평동 435-57,35.0726584,128.986195,2021,한전주,051-220-4671,부산광역시 사하구청,2026-02-27
구평동032,1,부산광역시 사하구 두송로123번길 81-6,부산광역시 사하구 구평동 435-88,35.072061,128.9868960066,2021,한전주,051-220-4671,부산광역시 사하구청,2026-02-27
구평동033,1,부산광역시 사하구 두송로123번길 81-7,부산광역시 사하구 구평동 435-58,35.0726817,128.9864257,2021,한전주,051-220-4671,부산광역시 사하구청,2026-02-27
구평동034,1,부산광역시 사하구 두송로123번길 93,부산광역시 사하구 구평동 435-93,35.0711887,128.9867951,2021,한전주,051-220-4671,부산광역시 사하구청,2026-02-27
구평동035,1,부산광역시 사하구 두송로123번길 100,부산광역시 사하구 구평동 435-117,35.0709265,128.9868436,2021,한전주,051-220-4671,부산광역시 사하구청,2026-02-27
구평동036,1,부산광역시 사하구 두송로123번길 102,부산광역시 사하구 구평동 435-299,35.0709329,128.9869931358,2021,한전주,051-220-4671,부산광역시 사하구청,2026-02-27
구평동037,1,부산광역시 사하구 두송로123번길 101-3,부산광역시 사하구 구평동 435-89,35.0717582,128.9872364,2021,한전주,051-220-4671,부산광역시 사하구청,2026-02-27
구평동038,1,부산광역시 사하구 두송로123번길 110,부산광역시 사하구 구평동 435-283,35.0709633,128.9873487,2021,한전주,051-220-4671,부산광역시 사하구청,2026-02-27
구평동039,1,부산광역시 사하구 두송로123번길 114,부산광역시 사하구 구평동 435-284,35.0708868,128.9876209,2021,한전주,051-220-4671,부산광역시 사하구청,2026-02-27
구평동040,1,부산광역시 사하구 두송로123번길 120,부산광역시 사하구 구평동 435-286,35.0707219,128.9877813,2021,한전주,051-220-4671,부산광역시 사하구청,2026-02-27
구평동041,1,부산광역시 사하구 두송로195번길 15,부산광역시 사하구 구평동 435-147,35.0705859,128.9881638838,2021,한전주,051-220-4671,부산광역시 사하구청,2026-02-27
구평동042,1,부산광역시 사하구 두송로195번길 30,부산광역시 사하구 구평동 435-280,35.0714026298,128.988292387,2021,한전주,051-220-4671,부산광역시 사하구청,2026-02-27
구평동043,1,부산광역시 사하구 두송로123번길 101,부산광역시 사하구 구평동 435-280,35.0712665,128.9869943,2021,한전주,051-220-4671,부산광역시 사하구청,2026-02-27
구평동044,1,부산광역시 사하구 두송로195번길 54,부산광역시 사하구 구평동 435-78,35.0723846896,128.9878285287,2021,한전주,051-220-4671,부산광역시 사하구청,2026-02-27
구평동045,1,부산광역시 사하구 두송로195번길 60,부산광역시 사하구 구평동 435-77,35.0724893,128.9877146,2021,한전주,051-220-4671,부산광역시 사하구청,2026-02-27
구평동046,1,부산광역시 사하구 두송로195번길 54,부산광역시 사하구 구평동 435-78,35.0723846896,128.9878285287,2021,한전주,051-220-4671,부산광역시 사하구청,2026-02-27
구평동047,1,부산광역시 사하구 두송로195번길 5,부산광역시 사하구 구평동 435-149,35.0703814,128.9881967238,2021,한전주,051-220-4671,부산광역시 사하구청,2026-02-27
구평동048,1,부산광역시 사하구 두송로 191,부산광역시 사하구 구평동 435-142,35.0701549,128.9877347,2021,한전주,051-220-4671,부산광역시 사하구청,2026-02-27
구평동049,1,부산광역시 사하구 두송로 203,부산광역시 사하구 구평동 435-325,35.0703706675,128.9888810804,2021,한전주,051-220-4671,부산광역시 사하구청,2026-02-27
구평동050,1,부산광역시 사하구 두송로 215,부산광역시 사하구 구평동 435-328,35.0710912263,128.9888321,2021,한전주,051-220-4671,부산광역시 사하구청,2026-02-27
구평동051,1,,부산광역시 사하구 구평동 산98-6,35.0706554,128.9896432,2021,한전주,051-220-4671,부산광역시 사하구청,2026-02-27
구평동052,1,,부산광역시 사하구 구평동 416-3,35.0699181,128.9895376,2021,한전주,051-220-4671,부산광역시 사하구청,2026-02-27
구평동053,1,부산광역시 사하구 두송로 196-2,부산광역시 사하구 구평동 산105-1,35.0695994,128.988642,2021,한전주,051-220-4671,부산광역시 사하구청,2026-02-27
구평동054,1,부산광역시 사하구 두송로 196-2,부산광역시 사하구 구평동 산105-1,35.0695994,128.988642,2021,한전주,051-220-4671,부산광역시 사하구청,2026-02-27
구평동055,1,부산광역시 사하구 두송로194번길 15,부산광역시 사하구 구평동 435-217,35.0694316,128.9874655451,2021,한전주,051-220-4671,부산광역시 사하구청,2026-02-27
구평동056,1,부산광역시 사하구 두송로194번길 9,부산광역시 사하구 구평동 435-218,35.0694622,128.9876631,2021,한전주,051-220-4671,부산광역시 사하구청,2026-02-27
구평동057,1,부산광역시 사하구 두송로 192-1,부산광역시 사하구 구평동 435-215,35.0698743,128.9878156,2021,건축물,051-220-4671,부산광역시 사하구청,2026-02-27
구평동058,1,부산광역시 사하구 두송로 192,부산광역시 사하구 구평동 435-214,35.069931,128.9876525,2021,한전주,051-220-4671,부산광역시 사하구청,2026-02-27
구평동059,1,,부산광역시 사하구 구평동 44-11,35.0850678,128.9923401372,2021,전용주,051-220-4671,부산광역시 사하구청,2026-02-27
구평동060,1,부산광역시 사하구 두송로188번길 1,부산광역시 사하구 구평동 435-202,35.0700416,128.9869537,2021,한전주,051-220-4671,부산광역시 사하구청,2026-02-27
구평동061,1,부산광역시 사하구 두송로 183,부산광역시 사하구 구평동 435-125,35.0703648,128.9870273,2021,건축물,051-220-4671,부산광역시 사하구청,2026-02-27
구평동062,1,부산광역시 사하구 두송로 180,부산광역시 사하구 구평동 435-193,35.0703964504,128.9864508927,2021,한전주,051-220-4671,부산광역시 사하구청,2026-02-27
구평동063,1,부산광역시 사하구 두송로 172,부산광역시 사하구 구평동 435-193,35.0708804767,128.9858785,2021,한전주,051-220-4671,부산광역시 사하구청,2026-02-27
구평동064,1,부산광역시 사하구 두송로 162,부산광역시 사하구 구평동 435-172,35.0713855,128.9852324,2021,한전주,051-220-4671,부산광역시 사하구청,2026-02-27
구평동065,1,부산광역시 사하구 두송로 162,부산광역시 사하구 구평동 435-172,35.0713855,128.9852324,2021,한전주,051-220-4671,부산광역시 사하구청,2026-02-27
구평동066,1,부산광역시 사하구 두송로 161,부산광역시 사하구 구평동 435-109,35.0716473,128.9851962593,2021,한전주,051-220-4671,부산광역시 사하구청,2026-02-27
구평동067,1,부산광역시 사하구 두송로 161-4,부산광역시 사하구 구평동 435-113,35.0714625,128.9860345,2021,한전주,051-220-4671,부산광역시 사하구청,2026-02-27
구평동068,1,부산광역시 사하구 두송로 170,부산광역시 사하구 구평동 435-192,35.0710718,128.9856742,2021,건축물,051-220-4671,부산광역시 사하구청,2026-02-27
구평동069,1,,부산광역시 사하구 구평동 44-11,35.0850678,128.9923401372,2021,한전주,051-220-4671,부산광역시 사하구청,2026-02-27
구평동070,1,부산광역시 사하구 두송로 154,부산광역시 사하구 구평동 435-151,35.0718993862,128.9843685,2021,한전주,051-220-4671,부산광역시 사하구청,2026-02-27
구평동071,1,부산광역시 사하구 두송로188번길 15,부산광역시 사하구 구평동 435-200,35.0702675,128.9863673,2021,한전주,051-220-4671,부산광역시 사하구청,2026-02-27
구평동072,1,부산광역시 사하구 두송로188번길 66,부산광역시 사하구 구평동 435-163,35.0715383,128.9841509,2021,한전주,051-220-4671,부산광역시 사하구청,2026-02-27
구평동073,1,부산광역시 사하구 두송로188번길 39,부산광역시 사하구 구평동 435-28,35.070883,128.9850997,2021,한전주,051-220-4671,부산광역시 사하구청,2026-02-27
구평동074,1,부산광역시 사하구 두송로188번길 48,부산광역시 사하구 구평동 435-178,35.0711656,128.9848982,2021,한전주,051-220-4671,부산광역시 사하구청,2026-02-27
구평동075,1,부산광역시 사하구 두송로188번길 52,부산광역시 사하구 구평동 435-177,35.071195,128.9847565,2021,한전주,051-220-4671,부산광역시 사하구청,2026-02-27
구평동076,1,부산광역시 사하구 두송로188번길 59,부산광역시 사하구 구평동 435-18,35.0712305,128.9842421,2021,한전주,051-220-4671,부산광역시 사하구청,2026-02-27
구평동077,1,부산광역시 사하구 두송로 137,부산광역시 사하구 구평동 435-237,35.0728468515,128.984168088,2021,한전주,051-220-4671,부산광역시 사하구청,2026-02-27
구평동078,1,부산광역시 사하구 두송로146번길 35,부산광역시 사하구 구평동 435-15,35.0711544,128.9839334,2021,한전주,051-220-4671,부산광역시 사하구청,2026-02-27
구평동079,1,부산광역시 사하구 두송로146번길 50,부산광역시 사하구 구평동 산110,35.0707815177,128.9842226524,2021,한전주,051-220-4671,부산광역시 사하구청,2026-02-27
구평동080,1,부산광역시 사하구 두송로146번길 41,부산광역시 사하구 구평동 435-20,35.0710618,128.9842281723,2021,한전주,051-220-4671,부산광역시 사하구청,2026-02-27
구평동081,1,부산광역시 사하구 두송로146번길 63,부산광역시 사하구 구평동 산110-7,35.0704654,128.9852869,2021,한전주,051-220-4671,부산광역시 사하구청,2026-02-27
구평동082,1,부산광역시 사하구 두송로146번길 63,부산광역시 사하구 구평동 산 110-7,35.0704654,128.9852869,2021,한전주,051-220-4671,부산광역시 사하구청,2026-02-27
구평동083,1,부산광역시 사하구 두송로146번길 3,부산광역시 사하구 구평동 435-247,35.0723045433,128.9838195277,2021,한전주,051-220-4671,부산광역시 사하구청,2026-02-27
구평동084,1,부산광역시 사하구 두송로146번길 80,부산광역시 사하구 구평동 435-303,35.0698994564,128.9860739,2021,한전주,051-220-4671,부산광역시 사하구청,2026-02-27
구평동085,1,부산광역시 사하구 두송로146번길 88,부산광역시 사하구 구평동 산110-5,35.0698341,128.986195957,2021,한전주,051-220-4671,부산광역시 사하구청,2026-02-27
구평동086,1,부산광역시 사하구 두송로146번길 22,부산광역시 사하구 구평동 435-4,35.071576824,128.9833684873,2021,건축물,051-220-4671,부산광역시 사하구청,2026-02-27
구평동087,1,부산광역시 사하구 두송로194번길 19,부산광역시 사하구 구평동 430,35.0689839472,128.9873186576,2021,한전주,051-220-4671,부산광역시 사하구청,2026-02-27
구평동088,1,부산광역시 사하구 두송로 275,부산광역시 사하구 구평동 339-3,35.0755822196,128.9896561013,2021,한전주,051-220-4671,부산광역시 사하구청,2026-02-27
구평동089,1,,부산광역시 사하구 구평동 234-3,35.0767274,128.9888517799,2021,한전주,051-220-4671,부산광역시 사하구청,2026-02-27
구평동090,1,부산광역시 사하구 감천항로182번길 15,부산광역시 사하구 구평동 290-1,35.0771438,128.9896471,2021,한전주,051-220-4671,부산광역시 사하구청,2026-02-27
구평동091,1,부산광역시 사하구 감천항로190번안길 14,부산광역시 사하구 구평동 288,35.07719622,128.9889985292,2021,한전주,051-220-4671,부산광역시 사하구청,2026-02-27
구평동092,1,부산광역시 사하구 감천항로190번길 37,부산광역시 사하구 구평동 260,35.0775835,128.9886602,2021,한전주,051-220-4671,부산광역시 사하구청,2026-02-27
구평동093,1,부산광역시 사하구 감천항로190번길 43,부산광역시 사하구 구평동 258-3,35.07774701,128.9887797167,2021,한전주,051-220-4671,부산광역시 사하구청,2026-02-27
구평동094,1,부산광역시 사하구 감천항로190번길 42,부산광역시 사하구 구평동 245,35.0780271,128.9890876,2021,한전주,051-220-4671,부산광역시 사하구청,2026-02-27
구평동095,1,부산광역시 사하구 감천항로182번길 23,부산광역시 사하구 구평동 242,35.077569,128.9895478,2021,한전주,051-220-4671,부산광역시 사하구청,2026-02-27
구평동096,1,부산광역시 사하구 감천항로182번길 7,부산광역시 사하구 구평동 235,35.076897,128.9898604,2021,건축물,051-220-4671,부산광역시 사하구청,2026-02-27
구평동097,1,부산광역시 사하구 감천항로182번길 24,부산광역시 사하구 구평동 246-4,35.0777239975,128.9897263127,2021,건축물,051-220-4671,부산광역시 사하구청,2026-02-27
구평동098,1,부산광역시 사하구 감천항로190번길 47,부산광역시 사하구 구평동 264-2,35.0780419,128.9887371,2021,한전주,051-220-4671,부산광역시 사하구청,2026-02-27
구평동099,1,부산광역시 사하구 감천항로190번길 47-2,부산광역시 사하구 구평동 270-1,35.0780545,128.9885182,2021,건축물,051-220-4671,부산광역시 사하구청,2026-02-27
구평동100,1,부산광역시 사하구 감천항로182번길 1,부산광역시 사하구 구평동 236,35.0767314,128.9900646,2021,한전주,051-220-4671,부산광역시 사하구청,2026-02-27
구평동101,1,부산광역시 사하구 감천항로182번길 46,부산광역시 사하구 구평동 246,35.0783867,128.9891401,2021,한전주,051-220-4671,부산광역시 사하구청,2026-02-27
구평동102,1,부산광역시 사하구 감천항로190번길 54,부산광역시 사하구 구평동 256-1,35.0783372,128.9888649,2021,한전주,051-220-4671,부산광역시 사하구청,2026-02-27
구평동103,1,부산광역시 사하구 감천항로190번길 64,부산광역시 사하구 구평동 252-6,35.0786830065,128.9887862,2021,한전주,051-220-4671,부산광역시 사하구청,2026-02-27
구평동104,1,부산광역시 사하구 감천항로190번길 64,부산광역시 사하구 구평동 252-6,35.0786830065,128.9887862,2021,건축물,051-220-4671,부산광역시 사하구청,2026-02-27
구평동105,1,부산광역시 사하구 감천항로190번길 68,부산광역시 사하구 구평동 251-3,35.0788895023,128.9889227,2021,한전주,051-220-4671,부산광역시 사하구청,2026-02-27
구평동106,1,,부산광역시 사하구 구평동 산56-2,35.0791540982,128.9891256242,2021,한전주,051-220-4671,부산광역시 사하구청,2026-02-27
구평동107,1,부산광역시 사하구 감천항로176번길 18,부산광역시 사하구 구평동 189-1,35.0781419,128.989781,2021,전용주,051-220-4671,부산광역시 사하구청,2026-02-27
구평동108,1,부산광역시 사하구 감천항로176번길 24,부산광역시 사하구 구평동 189-1,35.0782565656,128.9895910342,2021,한전주,051-220-4671,부산광역시 사하구청,2026-02-27
구평동109,1,부산광역시 사하구 감천항로176번길 18,부산광역시 사하구 구평동 189-1,35.0781419,128.989781,2021,건축물,051-220-4671,부산광역시 사하구청,2026-02-27
구평동110,1,부산광역시 사하구 감천항로176번길 1,부산광역시 사하구 구평동 238,35.0772526,128.990154,2021,한전주,051-220-4671,부산광역시 사하구청,2026-02-27
구평동111,1,,부산광역시 사하구 구평동 496-3,35.0524781218,128.9980319838,2021,전용주,051-220-4671,부산광역시 사하구청,2026-02-27
구평동112,1,부산광역시 사하구 감천항로419번길 7,부산광역시 사하구 구평동 474,35.0562458,128.9961944216,2021,전용주,051-220-4671,부산광역시 사하구청,2026-02-27
구평동113,1,부산광역시 사하구 감천항로419번길 7,부산광역시 사하구 구평동 474,35.0562458,128.9961944216,2021,전용주,051-220-4671,부산광역시 사하구청,2026-02-27
구평동114,1,부산광역시 사하구 감천항로419번길 62,부산광역시 사하구 구평동 488-2,35.0516372,128.9975217,2021,전용주,051-220-4671,부산광역시 사하구청,2026-02-27
구평동115,1,부산광역시 사하구 감천항로419번길 62,부산광역시 사하구 구평동 488-2,35.0516372,128.9975217,2021,전용주,051-220-4671,부산광역시 사하구청,2026-02-27
구평동116,1,부산광역시 사하구 감천항로419번길 50,부산광역시 사하구 구평동 485-3,35.0526439,128.9971297,2021,전용주,051-220-4671,부산광역시 사하구청,2026-02-27
구평동117,1,부산광역시 사하구 감천항로419번길 50,부산광역시 사하구 구평동 485-3,35.0526439,128.9971297,2021,전용주,051-220-4671,부산광역시 사하구청,2026-02-27
구평동118,1,부산광역시 사하구 감천항로419번길 37,부산광역시 사하구 구평동 483-8,35.0537341474,128.9972129632,2021,전용주,051-220-4671,부산광역시 사하구청,2026-02-27
구평동119,1,부산광역시 사하구 감천항로419번길 25,부산광역시 사하구 구평동 478-2,35.0546664,128.996894,2021,전용주,051-220-4671,부산광역시 사하구청,2026-02-27
구평동120,1,부산광역시 사하구 감천항로419번길 21,부산광역시 사하구 구평동 477-1,35.0550745,128.9967395,2021,전용주,051-220-4671,부산광역시 사하구청,2026-02-27
구평동121,1,부산광역시 사하구 감천항로405번길 40,부산광역시 사하구 구평동 477-2,35.0552819414,128.9969390873,2021,전용주,051-220-4671,부산광역시 사하구청,2026-02-27
구평동122,1,부산광역시 사하구 감천항로405번길 40,부산광역시 사하구 구평동 477-2,35.0552819414,128.9969390873,2021,전용주,051-220-4671,부산광역시 사하구청,2026-02-27
구평동123,1,부산광역시 사하구 감천항로419번길 24,부산광역시 사하구 구평동 479-8,35.0546950277,128.9964015953,2021,전용주,051-220-4671,부산광역시 사하구청,2026-02-27
구평동124,1,부산광역시 사하구 감천항로419번길 24,부산광역시 사하구 구평동 479-8,35.0546950277,128.9964015953,2021,전용주,051-220-4671,부산광역시 사하구청,2026-02-27
구평동125,1,부산광역시 사하구 감천항로419번길 24,부산광역시 사하구 구평동 479-8,35.0546950277,128.9964015953,2021,전용주,051-220-4671,부산광역시 사하구청,2026-02-27
구평동126,1,부산광역시 사하구 감천항로429번길 5,부산광역시 사하구 구평동 476-1,35.0550889288,128.995765,2021,전용주,051-220-4671,부산광역시 사하구청,2026-02-27
구평동127,1,부산광역시 사하구 감천항로429번길 47,부산광역시 사하구 구평동 488-1,35.0516516,128.9971932,2021,전용주,051-220-4671,부산광역시 사하구청,2026-02-27
구평동128,1,부산광역시 사하구 감천항로429번길 5,부산광역시 사하구 구평동 476-1,35.0550889288,128.995765,2021,전용주,051-220-4671,부산광역시 사하구청,2026-02-27
구평동129,1,부산광역시 사하구 감천항로429번길 5,부산광역시 사하구 구평동 476-1,35.0550889288,128.995765,2021,전용주,051-220-4671,부산광역시 사하구청,2026-02-27
구평동130,1,부산광역시 사하구 감천항로429번길 31,부산광역시 사하구 구평동 485,35.0528590532,128.9966244068,2021,전용주,051-220-4671,부산광역시 사하구청,2026-02-27
구평동131,1,부산광역시 사하구 감천항로429번길 5,부산광역시 사하구 구평동 476-1,35.0550889288,128.995765,2021,전용주,051-220-4671,부산광역시 사하구청,2026-02-27
구평동132,1,부산광역시 사하구 감천항로429번길 22,부산광역시 사하구 구평동 481-6,35.0536665,128.9957738,2021,전용주,051-220-4671,부산광역시 사하구청,2026-02-27
구평동133,1,부산광역시 사하구 감천항로429번길 5,부산광역시 사하구 구평동 476-1,35.0550889288,128.995765,2021,전용주,051-220-4671,부산광역시 사하구청,2026-02-27
구평동134,1,부산광역시 사하구 감천항로429번길 47,부산광역시 사하구 구평동 488-1,35.0516516,128.9971932,2021,전용주,051-220-4671,부산광역시 사하구청,2026-02-27
구평동135,1,부산광역시 사하구 감천항로 487,부산광역시 사하구 구평동 491,35.051025,128.9974848,2021,전용주,051-220-4671,부산광역시 사하구청,2026-02-27
구평동136,1,부산광역시 사하구 감천항로 487,부산광역시 사하구 구평동 491,35.051025,128.9974848,2021,전용주,051-220-4671,부산광역시 사하구청,2026-02-27
구평동137,1,부산광역시 사하구 감천항로405번길 87,부산광역시 사하구 구평동 495-16,35.0514231369,128.9994204992,2021,전용주,051-220-4671,부산광역시 사하구청,2026-02-27
구평동138,1,부산광역시 사하구 감천항로405번길 87,부산광역시 사하구 구평동 495-16,35.0514231369,128.9994204992,2021,전용주,051-220-4671,부산광역시 사하구청,2026-02-27
구평동139,1,부산광역시 사하구 감천항로419번길 51,부산광역시 사하구 구평동 484-1,35.0526713,128.9976564,2021,전용주,051-220-4671,부산광역시 사하구청,2026-02-27
구평동140,1,부산광역시 사하구 감천항로419번길 50,부산광역시 사하구 구평동 485-3,35.0526439,128.9971297,2021,전용주,051-220-4671,부산광역시 사하구청,2026-02-27
구평동141,1,부산광역시 사하구 감천항로419번길 50,부산광역시 사하구 구평동 485-3,35.0526439,128.9971297,2021,전용주,051-220-4671,부산광역시 사하구청,2026-02-27
구평동142,1,부산광역시 사하구 감천항로429번길 37,부산광역시 사하구 구평동 485-2,35.0524686,128.9968296,2021,전용주,051-220-4671,부산광역시 사하구청,2026-02-27
구평동143,1,부산광역시 사하구 감천항로429번길 38,부산광역시 사하구 구평동 486-3,35.0522861229,128.9963544,2021,전용주,051-220-4671,부산광역시 사하구청,2026-02-27
구평동144,1,부산광역시 사하구 감천항로 469,부산광역시 사하구 구평동 486-2,35.0523884218,128.9961705,2021,전용주,051-220-4671,부산광역시 사하구청,2026-02-27
구평동145,1,부산광역시 사하구 감천항로405번길 48,부산광역시 사하구 구평동 478-6,35.0544885308,128.997191117,2021,전용주,051-220-4671,부산광역시 사하구청,2026-02-27
구평동146,1,부산광역시 사하구 감천항로419번길 31,부산광역시 사하구 구평동 478-5,35.0542234,128.9969819,2021,전용주,051-220-4671,부산광역시 사하구청,2026-02-27
구평동147,1,부산광역시 사하구 감천항로429번길 21,부산광역시 사하구 구평동 482,35.0536334429,128.9963672002,2021,전용주,051-220-4671,부산광역시 사하구청,2026-02-27
구평동148,1,,부산광역시 사하구 구평동 496-3,35.0524781218,128.9980319838,2021,전용주,051-220-4671,부산광역시 사하구청,2026-02-27
구평동149,1,,부산광역시 사하구 구평동 496-3,35.0524781218,128.9980319838,2021,전용주,051-220-4671,부산광역시 사하구청,2026-02-27
구평동150,1,부산광역시 사하구 사하로68번길 3,부산광역시 사하구 구평동 28,35.0877099631,128.9942874195,2021,한전주,051-220-4671,부산광역시 사하구청,2026-02-27
구평동151,1,부산광역시 사하구 사하로68번길 3,부산광역시 사하구 구평동 28,35.0877099631,128.9942874195,2021,한전주,051-220-4671,부산광역시 사하구청,2026-02-27
구평동152,1,부산광역시 사하구 사하로68번길 17,부산광역시 사하구 구평동 25,35.0872994,128.9940818,2021,한전주,051-220-4671,부산광역시 사하구청,2026-02-27
구평동153,1,부산광역시 사하구 사하로68번길 21,부산광역시 사하구 구평동 28-7,35.0870248281,128.9940015,2021,한전주,051-220-4671,부산광역시 사하구청,2026-02-27
구평동154,1,부산광역시 사하구 사하로68번길 29,부산광역시 사하구 구평동 28-9,35.0867787,128.9939595,2021,한전주,051-220-4671,부산광역시 사하구청,2026-02-27
구평동155,1,부산광역시 사하구 사하로68번길 39,부산광역시 사하구 구평동 41-19,35.0862611,128.9936508,2021,건축물,051-220-4671,부산광역시 사하구청,2026-02-27
구평동156,1,부산광역시 사하구 사하로68번길 39-6,부산광역시 사하구 구평동 41-35,35.0863941058,128.9939507,2021,건축물,051-220-4671,부산광역시 사하구청,2026-02-27
구평동157,1,부산광역시 사하구 사하로68번길 39-13,부산광역시 사하구 구평동 32-4,35.0867357938,128.9942320126,2021,한전주,051-220-4671,부산광역시 사하구청,2026-02-27
구평동158,1,부산광역시 사하구 사하로70번길 38,부산광역시 사하구 구평동 35-7,35.0864980176,128.9949727,2021,건축물,051-220-4671,부산광역시 사하구청,2026-02-27
구평동159,1,부산광역시 사하구 사하로68번길 39-13,부산광역시 사하구 구평동 32-4,35.0867357938,128.9942320126,2021,한전주,051-220-4671,부산광역시 사하구청,2026-02-27
구평동160,1,부산광역시 사하구 사하로70번길 30,부산광역시 사하구 구평동 32-7,35.0869379872,128.9948309472,2021,전용주,051-220-4671,부산광역시 사하구청,2026-02-27
구평동161,1,부산광역시 사하구 사하로70번길 30,부산광역시 사하구 구평동 32-7,35.0869379872,128.9948309472,2021,한전주,051-220-4671,부산광역시 사하구청,2026-02-27
구평동162,1,부산광역시 사하구 사하로70번길 18,부산광역시 사하구 구평동 31,35.0871403,128.9944397,2021,한전주,051-220-4671,부산광역시 사하구청,2026-02-27
구평동163,1,부산광역시 사하구 사하로70번길 14,부산광역시 사하구 구평동 26,35.0874741,128.9944149,2021,전용주,051-220-4671,부산광역시 사하구청,2026-02-27
구평동164,1,부산광역시 사하구 사하로70번길 10,부산광역시 사하구 구평동 27,35.0875824,128.9943918374,2021,한전주,051-220-4671,부산광역시 사하구청,2026-02-27
구평동165,1,부산광역시 사하구 사하로70번길 3,부산광역시 사하구 구평동 29-9,35.0878725,128.9948522,2021,한전주,051-220-4671,부산광역시 사하구청,2026-02-27
구평동166,1,부산광역시 사하구 사하로70번길 3,부산광역시 사하구 구평동 29-9,35.0878526052,128.9948414943,2021,한전주,051-220-4671,부산광역시 사하구청,2026-02-27
구평동167,1,부산광역시 사하구 사하로70번길 3,부산광역시 사하구 구평동 29-9,35.0878725,128.9948522,2021,건축물,051-220-4671,부산광역시 사하구청,2026-02-27
구평동168,1,부산광역시 사하구 사하로70번길 35,부산광역시 사하구 구평동 34-3,35.0865297,128.9953866953,2021,한전주,051-220-4671,부산광역시 사하구청,2026-02-27
구평동169,1,부산광역시 사하구 사하로70번길 43,부산광역시 사하구 구평동 34-10,35.0863161709,128.9954550877,2021,한전주,051-220-4671,부산광역시 사하구청,2026-02-27
구평동170,1,부산광역시 사하구 사하로70번길 33-5,부산광역시 사하구 구평동 33-2,35.0866156,128.9955723598,2021,한전주,051-220-4671,부산광역시 사하구청,2026-02-27
구평동171,1,부산광역시 사하구 사하로 21,부산광역시 사하구 구평동 41-26,35.0856661367,128.9910713943,2021,건축물,051-220-4671,부산광역시 사하구청,2026-02-27
구평동172,1,부산광역시 사하구 사하로68번길 39,부산광역시 사하구 구평동 41-19,35.0862611,128.9936508,2021,건축물,051-220-4671,부산광역시 사하구청,2026-02-27
구평동173,1,부산광역시 사하구 사하로68번길 43,부산광역시 사하구 구평동 41-2,35.0860177783,128.9936648174,2021,한전주,051-220-4671,부산광역시 사하구청,2026-02-27
구평동174,1,부산광역시 사하구 사하로68번길 51-1,부산광역시 사하구 구평동 43-8,35.0859944,128.9934251,2021,건축물,051-220-4671,부산광역시 사하구청,2026-02-27
구평동175,1,부산광역시 사하구 사하로68번길 55,부산광역시 사하구 구평동 40-8,35.0856319452,128.9932779524,2021,한전주,051-220-4671,부산광역시 사하구청,2026-02-27
구평동176,1,,부산광역시 사하구 구평동 43-11,35.0853207983,128.9927175648,2021,한전주,051-220-4671,부산광역시 사하구청,2026-02-27
구평동177,1,부산광역시 사하구 사하로68번길 65,부산광역시 사하구 구평동 43,35.0854390184,128.9929974164,2021,건축물,051-220-4671,부산광역시 사하구청,2026-02-27
구평동178,1,부산광역시 사하구 사하로 3,부산광역시 사하구 구평동 24-6,35.0863844,128.9894329,2021,한전주,051-220-4671,부산광역시 사하구청,2026-02-27
구평동179,1,부산광역시 사하구 사하로 1-2,부산광역시 사하구 구평동 24-26,35.0864655,128.9894349,2021,한전주,051-220-4671,부산광역시 사하구청,2026-02-27
구평동180,1,부산광역시 사하구 을숙도대로755번길 6,부산광역시 사하구 구평동 20-15,35.0867240298,128.9877882851,2021,한전주,051-220-4671,부산광역시 사하구청,2026-02-27
구평동181,1,부산광역시 사하구 을숙도대로755번길 6,부산광역시 사하구 구평동 20-15,35.0867240298,128.9877882851,2021,한전주,051-220-4671,부산광역시 사하구청,2026-02-27
구평동182,1,부산광역시 사하구 을숙도대로755번길 18,부산광역시 사하구 구평동 20-7,35.0871868088,128.9874792675,2021,한전주,051-220-4671,부산광역시 사하구청,2026-02-27
구평동183,1,부산광역시 사하구 을숙도대로755번길 1,부산광역시 사하구 구평동 101-37,35.0866778,128.9874775,2021,한전주,051-220-4671,부산광역시 사하구청,2026-02-27
구평동184,1,부산광역시 사하구 을숙도대로755번길 15-2,부산광역시 사하구 구평동 101-35,35.0870880441,128.9870494,2021,한전주,051-220-4671,부산광역시 사하구청,2026-02-27
구평동185,1,부산광역시 사하구 을숙도대로 749,부산광역시 사하구 구평동 101-1,35.0871519,128.986590,2021,한전주,051-220-4671,부산광역시 사하구청,2026-02-27
구평동186,1,부산광역시 사하구 을숙도대로755번길 15-2,부산광역시 사하구 구평동 101-35,35.0870880441,128.9870494,2021,전용주,051-220-4671,부산광역시 사하구청,2026-02-27
구평동187,1,부산광역시 사하구 을숙도대로755번길 15-8,부산광역시 사하구 구평동 101-33,35.0876937742,128.9872615,2021,전용주,051-220-4671,부산광역시 사하구청,2026-02-27
구평동188,1,부산광역시 사하구 을숙도대로755번길 45,부산광역시 사하구 구평동 13-5,35.0880570093,128.9869835511,2021,한전주,051-220-4671,부산광역시 사하구청,2026-02-27
구평동189,1,부산광역시 사하구 을숙도대로755번길 45,부산광역시 사하구 구평동 13-5,35.0880825,128.9869963,2021,전용주,051-220-4671,부산광역시 사하구청,2026-02-27
구평동190,1,부산광역시 사하구 을숙도대로747번길 40,부산광역시 사하구 구평동 13-7,35.0879879,128.9867199,2021,건축물,051-220-4671,부산광역시 사하구청,2026-02-27
구평동191,1,부산광역시 사하구 을숙도대로755번길 1,부산광역시 사하구 구평동 101-37,35.0866778,128.9874775,2021,건축물,051-220-4671,부산광역시 사하구청,2026-02-27
구평동192,1,부산광역시 사하구 을숙도대로747번길 26,부산광역시 사하구 구평동 13-10,35.0871988627,128.9862270654,2021,건축물,051-220-4671,부산광역시 사하구청,2026-02-27
구평동193,1,부산광역시 사하구 을숙도대로747번길 17,부산광역시 사하구 구평동 16-2,35.0868918708,128.9863211,2021,한전주,051-220-4671,부산광역시 사하구청,2026-02-27
구평동194,1,부산광역시 사하구 을숙도대로747번길 16,부산광역시 사하구 구평동 14-6,35.086786865,128.986494,2021,한전주,051-220-4671,부산광역시 사하구청,2026-02-27
구평동195,1,부산광역시 사하구 을숙도대로747번길 13,부산광역시 사하구 구평동 14-7,35.0865831801,128.9864960918,2021,한전주,051-220-4671,부산광역시 사하구청,2026-02-27
구평동196,1,부산광역시 사하구 을숙도대로747번길 6,부산광역시 사하구 구평동 14-5,35.0864376,128.9867371,2021,건축물,051-220-4671,부산광역시 사하구청,2026-02-27
구평동197,1,부산광역시 사하구 을숙도대로747번길 5,부산광역시 사하구 구평동 104-4,35.0864313,128.9865725,2021,건축물,051-220-4671,부산광역시 사하구청,2026-02-27
구평동198,1,부산광역시 사하구 을숙도대로747번길 6,부산광역시 사하구 구평동 14-5,35.0864376,128.9867371,2021,건축물,051-220-4671,부산광역시 사하구청,2026-02-27
구평동199,1,부산광역시 사하구 을숙도대로747번길 8,부산광역시 사하구 구평동 14-7,35.0865793511,128.9866753,2021,건축물,051-220-4671,부산광역시 사하구청,2026-02-27
구평동200,1,부산광역시 사하구 을숙도대로755번길 45,부산광역시 사하구 구평동 13-5,35.0880570093,128.9869835511,2021,한전주,051-220-4671,부산광역시 사하구청,2026-02-27
구평동201,1,부산광역시 사하구 을숙도대로755번길 1,부산광역시 사하구 구평동 101-37,35.0866778,128.9874775,2021,한전주,051-220-4671,부산광역시 사하구청,2026-02-27
구평동202,1,부산광역시 사하구 을숙도대로755번길 18,부산광역시 사하구 구평동 20-7,35.0871868088,128.9874904,2021,한전주,051-220-4671,부산광역시 사하구청,2026-02-27
구평동203,1,부산광역시 사하구 을숙도대로755번길 28,부산광역시 사하구 구평동 20-3,35.0876309,128.9876103,2021,한전주,051-220-4671,부산광역시 사하구청,2026-02-27
구평동204,1,부산광역시 사하구 을숙도대로755번길 28,부산광역시 사하구 구평동 20-3,35.0876309,128.9876103,2021,건축물,051-220-4671,부산광역시 사하구청,2026-02-27
구평동205,1,부산광역시 사하구 을숙도대로755번길 48,부산광역시 사하구 구평동 20-8,35.0881788,128.9877222,2021,한전주,051-220-4671,부산광역시 사하구청,2026-02-27
구평동206,1,부산광역시 사하구 을숙도대로755번길 48,부산광역시 사하구 구평동 20-8,35.0881788,128.9877222,2021,한전주,051-220-4671,부산광역시 사하구청,2026-02-27
구평동207,1,부산광역시 사하구 을숙도대로755번길 55,부산광역시 사하구 구평동 9,35.0892147392,128.987012409,2021,한전주,051-220-4671,부산광역시 사하구청,2026-02-27
구평동208,1,부산광역시 사하구 을숙도대로755번길 54,부산광역시 사하구 구평동 7,35.0886913,128.9877895,2021,건축물,051-220-4671,부산광역시 사하구청,2026-02-27
구평동209,1,부산광역시 사하구 을숙도대로755번길 58,부산광역시 사하구 구평동 7-1,35.0884911598,128.9879497,2021,한전주,051-220-4671,부산광역시 사하구청,2026-02-27
구평동210,1,부산광역시 사하구 을숙도대로755번길 64,부산광역시 사하구 구평동 6,35.0890881277,128.9879849105,2021,한전주,051-220-4671,부산광역시 사하구청,2026-02-27
구평동211,1,부산광역시 사하구 을숙도대로755번길 65,부산광역시 사하구 구평동 4-6,35.0893525,128.9870381,2021,건축물,051-220-4671,부산광역시 사하구청,2026-02-27
구평동212,1,부산광역시 사하구 을숙도대로755번길 64,부산광역시 사하구 구평동 6,35.0890881277,128.987997,2021,한전주,051-220-4671,부산광역시 사하구청,2026-02-27
구평동213,1,부산광역시 사하구 을숙도대로755번길 64,부산광역시 사하구 구평동 6,35.0890881277,128.9879849105,2021,한전주,051-220-4671,부산광역시 사하구청,2026-02-27
구평동214,1,부산광역시 사하구 을숙도대로755번길 65,부산광역시 사하구 구평동 4-6,35.0893525,128.9870381,2021,한전주,051-220-4671,부산광역시 사하구청,2026-02-27
구평동215,1,부산광역시 사하구 을숙도대로755번길 79,부산광역시 사하구 구평동 산16-4,35.0896757,128.9871117,2021,한전주,051-220-4671,부산광역시 사하구청,2026-02-27
구평동216,1,부산광역시 사하구 을숙도대로755번길 90,부산광역시 사하구 구평동 산16-4,35.0897932096,128.9867045404,2021,한전주,051-220-4671,부산광역시 사하구청,2026-02-27
구평동217,1,부산광역시 사하구 을숙도대로755번길 116,부산광역시 사하구 구평동 산16-5,35.088688,128.9868904,2021,건축물,051-220-4671,부산광역시 사하구청,2026-02-27
구평동218,1,부산광역시 사하구 을숙도대로755번길 92,부산광역시 사하구 구평동 12-6,35.0896306,128.9865624,2021,한전주,051-220-4671,부산광역시 사하구청,2026-02-27
구평동219,1,부산광역시 사하구 을숙도대로755번길 92,부산광역시 사하구 구평동 12-6,35.0896089761,128.9865524949,2021,한전주,051-220-4671,부산광역시 사하구청,2026-02-27
구평동220,1,부산광역시 사하구 을숙도대로755번길 94,부산광역시 사하구 구평동 12-8,35.0891883787,128.986596,2021,한전주,051-220-4671,부산광역시 사하구청,2026-02-27
구평동221,1,부산광역시 사하구 을숙도대로755번길 96,부산광역시 사하구 구평동 12-9,35.0892456,128.9864105,2021,한전주,051-220-4671,부산광역시 사하구청,2026-02-27
구평동222,1,부산광역시 사하구 을숙도대로755번길 55,부산광역시 사하구 구평동 9,35.0892147392,128.9870061,2021,건축물,051-220-4671,부산광역시 사하구청,2026-02-27
구평동223,1,부산광역시 사하구 을숙도대로747번길 26,부산광역시 사하구 구평동 13-10,35.0871988627,128.9862805,2021,건축물,051-220-4671,부산광역시 사하구청,2026-02-27
구평동224,1,부산광역시 사하구 을숙도대로745번길 6,부산광역시 사하구 구평동 105-1,35.0863236396,128.9864630454,2021,전용주,051-220-4671,부산광역시 사하구청,2026-02-27
구평동225,1,부산광역시 사하구 을숙도대로745번길 12,부산광역시 사하구 구평동 104-1,35.0863704367,128.986043507,2021,한전주,051-220-4671,부산광역시 사하구청,2026-02-27
구평동226,1,부산광역시 사하구 을숙도대로745번길 20,부산광역시 사하구 구평동 109-20,35.0863485,128.9855729,2021,한전주,051-220-4671,부산광역시 사하구청,2026-02-27
구평동227,1,부산광역시 사하구 을숙도대로724번길 3,부산광역시 사하구 구평동 115-3,35.0847862442,128.9848989956,2021,건축물,051-220-4671,부산광역시 사하구청,2026-02-27
구평동228,1,부산광역시 사하구 을숙도대로724번길 2,부산광역시 사하구 구평동 116-1,35.0846753,128.9848416,2021,한전주,051-220-4671,부산광역시 사하구청,2026-02-27
구평동229,1,부산광역시 사하구 을숙도대로724번길 13,부산광역시 사하구 구평동 118-1,35.0845995155,128.9853994,2021,건축물,051-220-4671,부산광역시 사하구청,2026-02-27
구평동230,1,부산광역시 사하구 을숙도대로724번길 2,부산광역시 사하구 구평동 116-1,35.0846753,128.9848416,2021,건축물,051-220-4671,부산광역시 사하구청,2026-02-27
구평동231,1,부산광역시 사하구 을숙도대로724번길 17,부산광역시 사하구 구평동 118-2,35.0845263,128.9856822,2021,건축물,051-220-4671,부산광역시 사하구청,2026-02-27
구평동232,1,부산광역시 사하구 을숙도대로724번길 25,부산광역시 사하구 구평동 121-1,35.0844768,128.9859551,2021,전용주,051-220-4671,부산광역시 사하구청,2026-02-27
구평동233,1,부산광역시 사하구 을숙도대로724번길 21,부산광역시 사하구 구평동 124-8,35.0846712,128.9856419,2021,건축물,051-220-4671,부산광역시 사하구청,2026-02-27
구평동234,1,부산광역시 사하구 을숙도대로724번길 21-1,부산광역시 사하구 구평동 124-6,35.0847378,128.9854242,2021,건축물,051-220-4671,부산광역시 사하구청,2026-02-27
구평동235,1,부산광역시 사하구 을숙도대로 728,부산광역시 사하구 구평동 115-2,35.0849495,128.9851552,2021,건축물,051-220-4671,부산광역시 사하구청,2026-02-27
구평동236,1,부산광역시 사하구 을숙도대로748번길 24-5,부산광역시 사하구 구평동 124-3,35.0848789,128.985614,2021,한전주,051-220-4671,부산광역시 사하구청,2026-02-27
구평동237,1,부산광역시 사하구 을숙도대로748번길 22-4,부산광역시 사하구 구평동 125-9,35.0852522,128.985930,2021,한전주,051-220-4671,부산광역시 사하구청,2026-02-27
구평동238,1,부산광역시 사하구 을숙도대로724번길 30,부산광역시 사하구 구평동 119-10,35.0841961,128.9854878,2021,건축물,051-220-4671,부산광역시 사하구청,2026-02-27
구평동239,1,부산광역시 사하구 을숙도대로724번길 34,부산광역시 사하구 구평동 117-3,35.0841959,128.9849506,2021,건축물,051-220-4671,부산광역시 사하구청,2026-02-27
구평동240,1,부산광역시 사하구 을숙도대로724번길 2,부산광역시 사하구 구평동 116-1,35.0846753,128.9848416,2021,건축물,051-220-4671,부산광역시 사하구청,2026-02-27
구평동241,1,부산광역시 사하구 을숙도대로724번길 33,부산광역시 사하구 구평동 121-7,35.084428,128.9861841,2021,건축물,051-220-4671,부산광역시 사하구청,2026-02-27
구평동242,1,부산광역시 사하구 을숙도대로748번길 24-1,부산광역시 사하구 구평동 123-4,35.0847663,128.9858854,2021,한전주,051-220-4671,부산광역시 사하구청,2026-02-27
구평동243,1,부산광역시 사하구 을숙도대로724번길 20,부산광역시 사하구 구평동 117-1,35.0844698827,128.9854685493,2021,한전주,051-220-4671,부산광역시 사하구청,2026-02-27
구평동244,1,부산광역시 사하구 을숙도대로748번길 3,부산광역시 사하구 구평동 127-3,35.0856946752,128.9870925,2021,한전주,051-220-4671,부산광역시 사하구청,2026-02-27
구평동245,1,부산광역시 사하구 을숙도대로748번길 10,부산광역시 사하구 구평동 130-1,35.0854566,128.9866586,2021,한전주,051-220-4671,부산광역시 사하구청,2026-02-27
구평동246,1,부산광역시 사하구 을숙도대로 736,부산광역시 사하구 구평동 125-8,35.0853486,128.9860968,2021,건축물,051-220-4671,부산광역시 사하구청,2026-02-27
구평동247,1,부산광역시 사하구 을숙도대로 760,부산광역시 사하구 구평동 136-1,35.0846565,128.9909368324,2021,건축물,051-220-4671,부산광역시 사하구청,2026-02-27
구평동248,1,부산광역시 사하구 을숙도대로 760,부산광역시 사하구 구평동 136-1,35.0846722675,128.9909368324,2021,전용주,051-220-4671,부산광역시 사하구청,2026-02-27
구평동249,1,부산광역시 사하구 을숙도대로 760,부산광역시 사하구 구평동 136-1,35.0846924,128.9909486,2021,한전주,051-220-4671,부산광역시 사하구청,2026-02-27
구평동250,1,부산광역시 사하구 을숙도대로724번길 37,부산광역시 사하구 구평동 121-3,35.0841778,128.9865885875,2021,건축물,051-220-4671,부산광역시 사하구청,2026-02-27
구평동251,1,부산광역시 사하구 을숙도대로724번길 41,부산광역시 사하구 구평동 121-4,35.0840964332,128.9867249,2021,건축물,051-220-4671,부산광역시 사하구청,2026-02-27
구평동252,1,부산광역시 사하구 을숙도대로 760,부산광역시 사하구 구평동 136-1,35.0846722675,128.9909368324,2021,한전주,051-220-4671,부산광역시 사하구청,2026-02-27
구평동253,1,부산광역시 사하구 을숙도대로 760,부산광역시 사하구 구평동 136-1,35.0846722675,128.9909368324,2021,한전주,051-220-4671,부산광역시 사하구청,2026-02-27
구평동254,1,부산광역시 사하구 을숙도대로 760,부산광역시 사하구 구평동 136-1,35.0846722675,128.9909368324,2021,한전주,051-220-4671,부산광역시 사하구청,2026-02-27
구평동255,1,부산광역시 사하구 서포로 44,부산광역시 사하구 구평동 163-3,35.0820195782,128.9875460672,2021,한전주,051-220-4671,부산광역시 사하구청,2026-02-27
구평동256,1,부산광역시 사하구 서포로 48,부산광역시 사하구 구평동 159-1,35.0819588,128.9878345,2021,건축물,051-220-4671,부산광역시 사하구청,2026-02-27
구평동257,1,부산광역시 사하구 서포로 48,부산광역시 사하구 구평동 159-1,35.0819331525,128.9878264868,2021,전용주,051-220-4671,부산광역시 사하구청,2026-02-27
구평동258,1,부산광역시 사하구 서포로 48,부산광역시 사하구 구평동 159-1,35.0819331525,128.9878264868,2021,전용주,051-220-4671,부산광역시 사하구청,2026-02-27
구평동259,1,부산광역시 사하구 서포로 48,부산광역시 사하구 구평동 159-1,35.0819331525,128.9878264868,2021,전용주,051-220-4671,부산광역시 사하구청,2026-02-27
구평동260,1,,부산광역시 사하구 구평동 496-3,35.0524781218,128.9980319838,2021,전용주,051-220-4671,부산광역시 사하구청,2026-02-27
구평동261,1,부산광역시 사하구 감천항로419번길 24,부산광역시 사하구 구평동 479-8,35.0546950277,128.9964015953,2021,전용주,051-220-4671,부산광역시 사하구청,2026-02-27
구평동262,1,부산광역시 사하구 감천항로419번길 24,부산광역시 사하구 구평동 479-8,35.0546950277,128.9964015953,2021,전용주,051-220-4671,부산광역시 사하구청,2026-02-27
구평동263,1,부산광역시 사하구 감천항로419번길 24,부산광역시 사하구 구평동 479-8,35.0546950277,128.9964015953,2021,전용주,051-220-4671,부산광역시 사하구청,2026-02-27
구평동264,1,부산광역시 사하구 감천항로419번길 21,부산광역시 사하구 구평동 477-1,35.0550745,128.9967395,2021,전용주,051-220-4671,부산광역시 사하구청,2026-02-27
구평동265,1,부산광역시 사하구 감천항로405번길 40,부산광역시 사하구 구평동 477-2,35.0552819414,128.9969534,2021,전용주,051-220-4671,부산광역시 사하구청,2026-02-27
구평동266,1,부산광역시 사하구 감천항로405번길 24,부산광역시 사하구 구평동 474-3,35.0560303,128.9966924915,2021,전용주,051-220-4671,부산광역시 사하구청,2026-02-27
구평동267,1,부산광역시 사하구 감천항로419번길 7,부산광역시 사하구 구평동 474,35.0562458,128.9961944216,2021,전용주,051-220-4671,부산광역시 사하구청,2026-02-27
구평동268,1,부산광역시 사하구 감천항로 427,부산광역시 사하구 구평동 475-2,35.0559636,128.9958296,2021,전용주,051-220-4671,부산광역시 사하구청,2026-02-27
구평동269,1,부산광역시 사하구 감천항로 427,부산광역시 사하구 구평동 475-2,35.0559636,128.9958296,2021,전용주,051-220-4671,부산광역시 사하구청,2026-02-27
구평동270,1,부산광역시 사하구 감천항로 427,부산광역시 사하구 구평동 475-2,35.0559636,128.9958296,2021,전용주,051-220-4671,부산광역시 사하구청,2026-02-27
구평동271,1,부산광역시 사하구 감천항로 201,부산광역시 사하구 구평동 368-1,35.0748435,128.9908848,2021,한전주,051-220-4671,부산광역시 사하구청,2026-02-27
구평동272,1,부산광역시 사하구 감천항로 201,부산광역시 사하구 구평동 368-1,35.0748224534,128.9908732934,2021,건축물,051-220-4671,부산광역시 사하구청,2026-02-27
구평동273,1,부산광역시 사하구 구평로10번길 21,부산광역시 사하구 구평동 347,35.0753875052,128.9910374236,2021,한전주,051-220-4671,부산광역시 사하구청,2026-02-27
구평동274,1,부산광역시 사하구 구평로10번길 8,부산광역시 사하구 구평동 352,35.075798,128.9909299,2021,건축물,051-220-4671,부산광역시 사하구청,2026-02-27
구평동275,1,부산광역시 사하구 구평로10번길 6,부산광역시 사하구 구평동 351,35.0756891559,128.9910594,2021,건축물,051-220-4671,부산광역시 사하구청,2026-02-27
구평동276,1,부산광역시 사하구 구평로10번길 14,부산광역시 사하구 구평동 344,35.0755746,128.9907974923,2021,건축물,051-220-4671,부산광역시 사하구청,2026-02-27
구평동277,1,부산광역시 사하구 구평로10번길 5-1,부산광역시 사하구 구평동 348,35.0754954,128.9912514,2021,한전주,051-220-4671,부산광역시 사하구청,2026-02-27
구평동278,1,부산광역시 사하구 구평로10번길 21-1,부산광역시 사하구 구평동 366-1,35.0752419,128.991322,2021,한전주,051-220-4671,부산광역시 사하구청,2026-02-27
구평동279,1,부산광역시 사하구 구평로16번길 18,부산광역시 사하구 구평동 366-4,35.0751743,128.9915944,2021,한전주,051-220-4671,부산광역시 사하구청,2026-02-27
구평동280,1,부산광역시 사하구 구평로16번길 14,부산광역시 사하구 구평동 379-2,35.0751876,128.9918798,2021,한전주,051-220-4671,부산광역시 사하구청,2026-02-27
구평동281,1,부산광역시 사하구 구평로16번길 22,부산광역시 사하구 구평동 376,35.0749369,128.991786,2021,한전주,051-220-4671,부산광역시 사하구청,2026-02-27
구평동282,1,부산광역시 사하구 감천항로 221-9,부산광역시 사하구 구평동 377-1,35.0742263,128.9911548,2021,한전주,051-220-4671,부산광역시 사하구청,2026-02-27
구평동283,1,부산광역시 사하구 감천항로 221-7,부산광역시 사하구 구평동 377-35,35.0739467,128.991170,2021,한전주,051-220-4671,부산광역시 사하구청,2026-02-27
구평동284,1,부산광역시 사하구 감천항로 221-3,부산광역시 사하구 구평동 377-36,35.0733491369,128.9914145274,2021,한전주,051-220-4671,부산광역시 사하구청,2026-02-27
구평동285,1,부산광역시 사하구 구평로16번길 71,부산광역시 사하구 구평동 399,35.0695927408,128.9944956,2021,한전주,051-220-4671,부산광역시 사하구청,2026-02-27
구평동286,1,부산광역시 사하구 구평로16번길 11,부산광역시 사하구 구평동 385,35.0753797,128.9922571,2021,한전주,051-220-4671,부산광역시 사하구청,2026-02-27
구평동287,1,부산광역시 사하구 구평로16번길 11,부산광역시 사하구 구평동 385,35.0753797,128.9922571,2021,한전주,051-220-4671,부산광역시 사하구청,2026-02-27
구평동288,1,부산광역시 사하구 구평로 21,부산광역시 사하구 구평동 38-96,35.0760685,128.9925699,2021,한전주,051-220-4671,부산광역시 사하구청,2026-02-27
구평동289,1,부산광역시 사하구 구평로 21-2,부산광역시 사하구 구평동 38-94,35.0766295354,128.9926325828,2021,한전주,051-220-4671,부산광역시 사하구청,2026-02-27
구평동290,1,부산광역시 사하구 구평로 21-3,부산광역시 사하구 구평동 38-93,35.0768827641,128.9925464,2021,한전주,051-220-4671,부산광역시 사하구청,2026-02-27
구평동291,1,부산광역시 사하구 감천항로419번길 24,부산광역시 사하구 구평동 479-8,35.0546950277,128.9964015953,2022,전용주,051-220-4671,부산광역시 사하구청,2026-02-27
구평동292,1,부산광역시 사하구 감천항로419번길 24,부산광역시 사하구 구평동 479-8,35.0546950277,128.9964015953,2022,전용주,051-220-4671,부산광역시 사하구청,2026-02-27
구평동293,1,부산광역시 사하구 감천항로 417,부산광역시 사하구 구평동 473-6,35.0567753,128.9957946,2022,,051-220-4671,부산광역시 사하구청,2026-02-27
구평동294,1,부산광역시 사하구 감천항로 417,부산광역시 사하구 구평동 473-6,35.0567753,128.9957946,2022,전용주,051-220-4671,부산광역시 사하구청,2026-02-27
구평동295,1,부산광역시 사하구 두송로 202-1,부산광역시 사하구 구평동 435-313,35.0701921,128.988867358,2022,건축물,051-220-4671,부산광역시 사하구청,2026-02-27
구평동296,1,부산광역시 사하구 두송로 201,부산광역시 사하구 구평동 435-227,35.0702974622,128.9886485,2022,건축물,051-220-4671,부산광역시 사하구청,2026-02-27
구평동297,1,부산광역시 사하구 사하로 9,부산광역시 사하구 구평동 24-19,35.0866433,128.9890335,2022,전용주,051-220-4671,부산광역시 사하구청,2026-02-27
구평동298,1,부산광역시 사하구 감천항로405번길 40,부산광역시 사하구 구평동 477-2,35.0552819414,128.9969534,2022,전용주,051-220-4671,부산광역시 사하구청,2026-02-27
구평동300,1,부산광역시 사하구 감천항로405번길 22,부산광역시 사하구 구평동 473-5,35.0568589,128.9961912,2022,전용주,051-220-4671,부산광역시 사하구청,2026-02-27
구평동301,1,부산광역시 사하구 감천항로405번길 20,부산광역시 사하구 구평동 473-4,35.0568999,128.9964333,2022,전용주,051-220-4671,부산광역시 사하구청,2026-02-27
구평동302,1,,부산광역시 사하구 구평동 496-3,35.0524781218,128.9980319838,2022,전용주,051-220-4671,부산광역시 사하구청,2026-02-27
구평동303,1,부산광역시 사하구 두송로123번길 61,부산광역시 사하구 구평동 435-67,35.0719566,128.9855751,2022,한전주,051-220-4671,부산광역시 사하구청,2026-02-27
구평동304,2,,부산광역시 사하구 구평동 산 46-1,35.0839228418,128.9860272667,2024,,051-220-4671,부산광역시 사하구청,2026-02-27
구평동305,1,부산광역시 사하구 두송로123번길 81-11,부산광역시 사하구 구평동 435-55,35.072962,128.9863668,2023,,051-220-4671,부산광역시 사하구청,2026-02-27
구평동306,1,부산광역시 사하구 을숙도대로724번길 28,부산광역시 사하구 구평동 119-9,35.0841485,128.9856402,2025,한전주,051-220-4671,부산광역시 사하구청,2026-02-27
구평동313,1,부산광역시 사하구 을숙도대로724번길 3,부산광역시 사하구 구평동 115-3,35.0847862442,128.9848989956,2023,,051-220-4671,부산광역시 사하구청,2026-02-27
구평동314,1,부산광역시 사하구 두송로194번길 56,부산광역시 사하구 구평동 산 108-13,35.0681620345,128.9860830244,2023,,051-220-4671,부산광역시 사하구청,2026-02-27
구평동315,1,부산광역시 사하구 두송로194번길 29,부산광역시 사하구 구평동 산 108,35.0689584,128.987059,2023,,051-220-4671,부산광역시 사하구청,2026-02-27
구평동316,1,부산광역시 사하구 두송로 210,부산광역시 사하구 구평동 435-332,35.0703983965,128.9896484,2023,,051-220-4671,부산광역시 사하구청,2026-02-27
구평동317,1,,부산광역시 사하구 구평동 산 98-6,35.0706554,128.9896432,2023,,051-220-4671,부산광역시 사하구청,2026-02-27
구평동318,1,부산광역시 사하구 두송로146번길 21,부산광역시 사하구 구평동 435-7,35.0715999,128.983692,2024,,051-220-4671,부산광역시 사하구청,2026-02-27
구평동320,1,부산광역시 사하구 사하로70번길 3,부산광역시 사하구 구평동 29-9,35.0878725,128.9948522,2024,한전주,051-220-4671,부산광역시 사하구청,2026-02-27
구표찰 감천1동314,1,부산광역시 사하구 원양로398번길 25-4,부산광역시 사하구 감천동 96-1,35.0848777,129.0070472,2025,건축물,051-220-4671,부산광역시 사하구청,2026-02-27
구표찰 장림1-475,1,,부산광역시 사하구 장림동 905-2,35.0721954329,128.9635344868,2024,한전주,051-220-4671,부산광역시 사하구청,2026-02-27
다대동001,1,부산광역시 사하구 다산로106번길 6,부산광역시 사하구 다대동 1608,35.0621474442,128.958707515,2021,한전주,051-220-4671,부산광역시 사하구청,2026-02-27
다대동002,1,부산광역시 사하구 다산로 92,부산광역시 사하구 다대동 1517-8,35.0610889,128.9589309,2021,한전주,051-220-4671,부산광역시 사하구청,2026-02-27
다대동003,1,부산광역시 사하구 다산로78번길 31,부산광역시 사하구 다대동 1517-6,35.0613934301,128.9595966,2021,한전주,051-220-4671,부산광역시 사하구청,2026-02-27
다대동004,1,부산광역시 사하구 다산로78번안길 5,부산광역시 사하구 다대동 1542,35.0598786713,128.9607940375,2021,한전주,051-220-4671,부산광역시 사하구청,2026-02-27
다대동005,1,부산광역시 사하구 다산로78번안길 13,부산광역시 사하구 다대동 1542,35.0594189382,128.9607069792,2021,한전주,051-220-4671,부산광역시 사하구청,2026-02-27
다대동006,1,부산광역시 사하구 다산로78번안길 5,부산광역시 사하구 다대동 1542,35.0598786713,128.9607940375,2021,한전주,051-220-4671,부산광역시 사하구청,2026-02-27
다대동007,1,부산광역시 사하구 다산로78번안길 23,부산광역시 사하구 다대동 1542,35.0590937658,128.9606804608,2021,한전주,051-220-4671,부산광역시 사하구청,2026-02-27
다대동008,1,부산광역시 사하구 다산로78번안길 29,부산광역시 사하구 다대동 1542,35.058664037,128.9606494695,2021,전용주,051-220-4671,부산광역시 사하구청,2026-02-27
다대동009,1,부산광역시 사하구 홍티로 63,부산광역시 사하구 다대동 산103,35.060337,128.9608419,2021,한전주,051-220-4671,부산광역시 사하구청,2026-02-27
다대동010,1,부산광역시 사하구 홍티로 68,부산광역시 사하구 다대동 산103,35.0605902403,128.9610567847,2021,한전주,051-220-4671,부산광역시 사하구청,2026-02-27
다대동011,1,부산광역시 사하구 홍티로 72-3,부산광역시 사하구 다대동 1410,35.0609584,128.9614267,2021,한전주,051-220-4671,부산광역시 사하구청,2026-02-27
다대동012,1,부산광역시 사하구 홍티로 72-2,부산광역시 사하구 다대동 1413,35.0609265,128.9612275647,2021,한전주,051-220-4671,부산광역시 사하구청,2026-02-27
다대동013,1,부산광역시 사하구 홍티로 74,부산광역시 사하구 다대동 1622,35.0613712,128.9615352,2021,한전주,051-220-4671,부산광역시 사하구청,2026-02-27
다대동014,1,부산광역시 사하구 홍티로74번길 6,부산광역시 사하구 다대동 1401,35.0613283,128.9620503704,2021,한전주,051-220-4671,부산광역시 사하구청,2026-02-27
다대동015,1,부산광역시 사하구 홍티로74번길 15,부산광역시 사하구 다대동 1351,35.0617483,128.9621799,2021,한전주,051-220-4671,부산광역시 사하구청,2026-02-27
다대동016,1,부산광역시 사하구 홍티로74번길 16,부산광역시 사하구 다대동 1395,35.061692266,128.9623796476,2021,한전주,051-220-4671,부산광역시 사하구청,2026-02-27
다대동017,1,부산광역시 사하구 홍티로74번길 42,부산광역시 사하구 다대동 1021,35.0613551,128.9625322,2021,한전주,051-220-4671,부산광역시 사하구청,2026-02-27
다대동018,1,부산광역시 사하구 홍티로74번길 44,부산광역시 사하구 다대동 1023,35.0611795466,128.9625875661,2021,건축물,051-220-4671,부산광역시 사하구청,2026-02-27
다대동019,1,부산광역시 사하구 홍티로74번길 42,부산광역시 사하구 다대동 1021,35.0613551,128.9625322,2021,전용주,051-220-4671,부산광역시 사하구청,2026-02-27
다대동020,1,부산광역시 사하구 홍티로74번길 59,부산광역시 사하구 다대동 1388-1,35.0609519893,128.9633116326,2021,한전주,051-220-4671,부산광역시 사하구청,2026-02-27
다대동021,1,부산광역시 사하구 홍티로74번길 63,부산광역시 사하구 다대동 1388-1,35.0608477843,128.9634413174,2021,한전주,051-220-4671,부산광역시 사하구청,2026-02-27
다대동022,1,부산광역시 사하구 홍티로74번길 63,부산광역시 사하구 다대동 1388-1,35.0608477843,128.9634413174,2021,한전주,051-220-4671,부산광역시 사하구청,2026-02-27
다대동023,1,부산광역시 사하구 홍티로74번길 63,부산광역시 사하구 다대동 1388-1,35.0608477843,128.9634413174,2021,한전주,051-220-4671,부산광역시 사하구청,2026-02-27
다대동024,1,부산광역시 사하구 다대낙조1길 11-1,부산광역시 사하구 다대동 1548-21,35.0497687,128.9651372,2021,전용주,051-220-4671,부산광역시 사하구청,2026-02-27
다대동025,1,부산광역시 사하구 다대낙조1길 7,부산광역시 사하구 다대동 1548-22,35.0493285,128.965050,2021,건축물,051-220-4671,부산광역시 사하구청,2026-02-27
다대동026,1,부산광역시 사하구 다대낙조1길 7,부산광역시 사하구 다대동 1548-22,35.0493285,128.965050,2021,건축물,051-220-4671,부산광역시 사하구청,2026-02-27
다대동027,1,부산광역시 사하구 몰운대1길 53,부산광역시 사하구 다대동 468-38,35.0453342161,128.9692462,2021,한전주,051-220-4671,부산광역시 사하구청,2026-02-27
다대동028,1,부산광역시 사하구 몰운대2길 2,부산광역시 사하구 다대동 468-39,35.0460853387,128.9688881897,2021,한전주,051-220-4671,부산광역시 사하구청,2026-02-27
다대동029,1,부산광역시 사하구 몰운대2길 1,부산광역시 사하구 다대동 468-21,35.0462553,128.9689542,2021,한전주,051-220-4671,부산광역시 사하구청,2026-02-27
다대동030,1,부산광역시 사하구 몰운대2길 13,부산광역시 사하구 다대동 468-17,35.046665848,128.9690419,2021,한전주,051-220-4671,부산광역시 사하구청,2026-02-27
다대동031,1,부산광역시 사하구 몰운대2길 11,부산광역시 사하구 다대동 468-18,35.0465609,128.96896268,2021,건축물,051-220-4671,부산광역시 사하구청,2026-02-27
다대동032,1,부산광역시 사하구 몰운대2길 13,부산광역시 사하구 다대동 468-17,35.046665848,128.9690419,2021,건축물,051-220-4671,부산광역시 사하구청,2026-02-27
다대동033,1,부산광역시 사하구 다대로 657-6,부산광역시 사하구 다대동 467-5,35.0471754,128.9688996,2021,한전주,051-220-4671,부산광역시 사하구청,2026-02-27
다대동034,1,부산광역시 사하구 몰운대2길 19,부산광역시 사하구 다대동 468-16,35.0469737,128.9691139,2021,한전주,051-220-4671,부산광역시 사하구청,2026-02-27
다대동035,1,부산광역시 사하구 몰운대2길 25,부산광역시 사하구 다대동 468-14,35.0471964728,128.9691417,2021,건축물,051-220-4671,부산광역시 사하구청,2026-02-27
다대동036,1,부산광역시 사하구 몰운대2길 48,부산광역시 사하구 다대동 468-49,35.0479689,128.9699816,2021,한전주,051-220-4671,부산광역시 사하구청,2026-02-27
다대동037,1,,부산광역시 사하구 다대동 411-3,35.0483062534,128.9702345,2021,한전주,051-220-4671,부산광역시 사하구청,2026-02-27
다대동038,1,부산광역시 사하구 몰운대2길 69,부산광역시 사하구 다대동 417-5,35.0486966,128.9706785,2021,한전주,051-220-4671,부산광역시 사하구청,2026-02-27
다대동039,1,부산광역시 사하구 몰운대2길 78,부산광역시 사하구 다대동 411-23,35.0486822447,128.9712595,2021,한전주,051-220-4671,부산광역시 사하구청,2026-02-27
다대동040,1,부산광역시 사하구 몰운대2길 88,부산광역시 사하구 다대동 411-25,35.0488406,128.9717997,2021,한전주,051-220-4671,부산광역시 사하구청,2026-02-27
다대동041,1,부산광역시 사하구 몰운대2길 88,부산광역시 사하구 다대동 411-25,35.0488406,128.9717997,2021,한전주,051-220-4671,부산광역시 사하구청,2026-02-27
다대동042,1,부산광역시 사하구 몰운대2길 88,부산광역시 사하구 다대동 411-25,35.0488406,128.9717997,2021,한전주,051-220-4671,부산광역시 사하구청,2026-02-27
다대동043,1,부산광역시 사하구 다대낙조1길 53,부산광역시 사하구 다대동 1551-26,35.0498755,128.9696657,2021,건축물,051-220-4671,부산광역시 사하구청,2026-02-27
다대동044,1,부산광역시 사하구 다대낙조1길 51,부산광역시 사하구 다대동 1551-27,35.0499598,128.9694705,2021,건축물,051-220-4671,부산광역시 사하구청,2026-02-27
다대동045,1,부산광역시 사하구 다대낙조1길 51,부산광역시 사하구 다대동 1551-27,35.0499598,128.9694705,2021,건축물,051-220-4671,부산광역시 사하구청,2026-02-27
다대동046,1,부산광역시 사하구 다대로 620,부산광역시 사하구 다대동 1551-21,35.0513576123,128.9701559,2021,한전주,051-220-4671,부산광역시 사하구청,2026-02-27
다대동047,1,부산광역시 사하구 다대로 620,부산광역시 사하구 다대동 1551-21,35.0513817,128.9701512,2021,건축물,051-220-4671,부산광역시 사하구청,2026-02-27
다대동048,1,부산광역시 사하구 다대로 610,부산광역시 사하구 다대동 1551-11,35.0520862,128.9705919357,2021,건축물,051-220-4671,부산광역시 사하구청,2026-02-27
다대동049,1,부산광역시 사하구 다대로 608,부산광역시 사하구 다대동 1551-10,35.0522572,128.9706215,2021,건축물,051-220-4671,부산광역시 사하구청,2026-02-27
다대동050,1,부산광역시 사하구 다대로 600,부산광역시 사하구 다대동 1551-4,35.0530266,128.9704099,2021,건축물,051-220-4671,부산광역시 사하구청,2026-02-27
다대동051,1,부산광역시 사하구 다대로 600,부산광역시 사하구 다대동 1551-4,35.0530266,128.9704099,2021,한전주,051-220-4671,부산광역시 사하구청,2026-02-27
다대동052,1,부산광역시 사하구 다대로605번길 5,부산광역시 사하구 다대동 680-21,35.0527859609,128.9716850606,2021,한전주,051-220-4671,부산광역시 사하구청,2026-02-27
다대동053,1,부산광역시 사하구 다대동로6번길 30,부산광역시 사하구 다대동 681-49,35.0528559,128.9714907,2021,한전주,051-220-4671,부산광역시 사하구청,2026-02-27
다대동054,1,부산광역시 사하구 다대동로6번길 17,부산광역시 사하구 다대동 680-32,35.0534930615,128.9718244,2021,한전주,051-220-4671,부산광역시 사하구청,2026-02-27
다대동055,1,부산광역시 사하구 다대동로6번길 13,부산광역시 사하구 다대동 680-17,35.0536903,128.971719,2021,한전주,051-220-4671,부산광역시 사하구청,2026-02-27
다대동056,1,부산광역시 사하구 다대동로6번길 13,부산광역시 사하구 다대동 680-17,35.0536903,128.971719,2021,한전주,051-220-4671,부산광역시 사하구청,2026-02-27
다대동057,1,부산광역시 사하구 다대동로8번길 8,부산광역시 사하구 다대동 680-18,35.0537884,128.972335,2021,한전주,051-220-4671,부산광역시 사하구청,2026-02-27
다대동058,1,부산광역시 사하구 다대동로6번길 2,부산광역시 사하구 다대동 681-33,35.0540312,128.9712559,2021,건축물,051-220-4671,부산광역시 사하구청,2026-02-27
다대동059,1,부산광역시 사하구 다대로605번길 22,부산광역시 사하구 다대동 380-1,35.0525348,128.9734995,2021,한전주,051-220-4671,부산광역시 사하구청,2026-02-27
다대동060,1,부산광역시 사하구 다대로605번길 22,부산광역시 사하구 다대동 380-1,35.0525348,128.9734995,2021,한전주,051-220-4671,부산광역시 사하구청,2026-02-27
다대동061,1,부산광역시 사하구 다대로605번길 26,부산광역시 사하구 다대동 382,35.0521894936,128.9739191,2021,한전주,051-220-4671,부산광역시 사하구청,2026-02-27
다대동062,1,부산광역시 사하구 다대로605번길 22,부산광역시 사하구 다대동 380-1,35.0525348,128.9734995,2021,한전주,051-220-4671,부산광역시 사하구청,2026-02-27
다대동063,1,부산광역시 사하구 다대로605번길 22,부산광역시 사하구 다대동 380-1,35.0525348,128.9734995,2021,한전주,051-220-4671,부산광역시 사하구청,2026-02-27
다대동064,1,부산광역시 사하구 다대로605번길 22,부산광역시 사하구 다대동 380-1,35.0525348,128.9734995,2021,한전주,051-220-4671,부산광역시 사하구청,2026-02-27
다대동065,1,부산광역시 사하구 다대로605번길 22,부산광역시 사하구 다대동 380-1,35.0525348,128.9734995,2021,한전주,051-220-4671,부산광역시 사하구청,2026-02-27
다대동066,1,부산광역시 사하구 다대로605번길 41,부산광역시 사하구 다대동 380-2,35.0527296,128.9753781,2021,한전주,051-220-4671,부산광역시 사하구청,2026-02-27
다대동067,1,부산광역시 사하구 다대로605번길 55,부산광역시 사하구 다대동 375-8,35.0525649,128.9766345,2021,한전주,051-220-4671,부산광역시 사하구청,2026-02-27
다대동068,1,부산광역시 사하구 다대로605번길 55,부산광역시 사하구 다대동 375-8,35.0525649,128.9766345,2021,한전주,051-220-4671,부산광역시 사하구청,2026-02-27
다대동069,1,부산광역시 사하구 다대로605번길 93,부산광역시 사하구 다대동 375,35.0513831869,128.9805407,2021,한전주,051-220-4671,부산광역시 사하구청,2026-02-27
다대동070,1,부산광역시 사하구 다대로586번길 10,부산광역시 사하구 다대동 652-8,35.0542476,128.9701433,2021,한전주,051-220-4671,부산광역시 사하구청,2026-02-27
다대동071,1,부산광역시 사하구 다대로586번길 15,부산광역시 사하구 다대동 589-1,35.053794652,128.9699576,2021,한전주,051-220-4671,부산광역시 사하구청,2026-02-27
다대동072,1,부산광역시 사하구 다대로586번길 11-1,부산광역시 사하구 다대동 589-6,35.053958,128.970190817,2021,건축물,051-220-4671,부산광역시 사하구청,2026-02-27
다대동073,1,부산광역시 사하구 다대로586번길 17,부산광역시 사하구 다대동 585,35.053656,128.9699428,2021,한전주,051-220-4671,부산광역시 사하구청,2026-02-27
다대동074,1,부산광역시 사하구 다대로586번길 22,부산광역시 사하구 다대동 584,35.0534784,128.9697851,2021,건축물,051-220-4671,부산광역시 사하구청,2026-02-27
다대동075,1,부산광역시 사하구 다대로586번길 16-1,부산광역시 사하구 다대동 580-10,35.0538873,128.9695757,2021,건축물,051-220-4671,부산광역시 사하구청,2026-02-27
다대동076,1,부산광역시 사하구 다대로586번길 16-7,부산광역시 사하구 다대동 580-5,35.0538478118,128.9691596,2021,한전주,051-220-4671,부산광역시 사하구청,2026-02-27
다대동077,1,부산광역시 사하구 다대로586번길 12,부산광역시 사하구 다대동 582-5,35.0540932841,128.9698552,2021,건축물,051-220-4671,부산광역시 사하구청,2026-02-27
다대동078,1,부산광역시 사하구 다대로586번길 10-1,부산광역시 사하구 다대동 582-2,35.0541376,128.9696862673,2021,한전주,051-220-4671,부산광역시 사하구청,2026-02-27
다대동079,1,부산광역시 사하구 다대로586번길 10-6,부산광역시 사하구 다대동 653-11,35.0543287,128.9695863,2021,한전주,051-220-4671,부산광역시 사하구청,2026-02-27
다대동080,1,부산광역시 사하구 다대로586번길 10-11,부산광역시 사하구 다대동 582-11,35.0541721,128.9692428,2021,건축물,051-220-4671,부산광역시 사하구청,2026-02-27
다대동081,1,부산광역시 사하구 다대로586번길 11-1,부산광역시 사하구 다대동 589-6,35.0539323215,128.970190817,2021,한전주,051-220-4671,부산광역시 사하구청,2026-02-27
다대동082,1,부산광역시 사하구 윤공단로17번길 3,부산광역시 사하구 다대동 957-5,35.0544431,128.9686465,2021,한전주,051-220-4671,부산광역시 사하구청,2026-02-27
다대동083,1,부산광역시 사하구 윤공단로17번길 3-2,부산광역시 사하구 다대동 656-5,35.054226,128.9686961,2021,건축물,051-220-4671,부산광역시 사하구청,2026-02-27
다대동084,1,부산광역시 사하구 윤공단로17번길 3-3,부산광역시 사하구 다대동 656-1,35.054359,128.9688308,2021,건축물,051-220-4671,부산광역시 사하구청,2026-02-27
다대동085,1,부산광역시 사하구 윤공단로17번길 29,부산광역시 사하구 다대동 960,35.0536377,128.9677395,2021,한전주,051-220-4671,부산광역시 사하구청,2026-02-27
다대동086,1,부산광역시 사하구 윤공단로 23-2,부산광역시 사하구 다대동 958-4,35.0544334,128.9681312,2021,한전주,051-220-4671,부산광역시 사하구청,2026-02-27
다대동087,1,부산광역시 사하구 윤공단로17번길 43,부산광역시 사하구 다대동 948-3,35.05385037,128.9662672855,2021,전용주,051-220-4671,부산광역시 사하구청,2026-02-27
다대동088,1,부산광역시 사하구 윤공단로17번길 43,부산광역시 사하구 다대동 948-3,35.05385037,128.9662672855,2021,전용주,051-220-4671,부산광역시 사하구청,2026-02-27
다대동089,1,부산광역시 사하구 윤공단로17번길 43,부산광역시 사하구 다대동 948-3,35.05385037,128.9662672855,2021,전용주,051-220-4671,부산광역시 사하구청,2026-02-27
다대동090,1,부산광역시 사하구 윤공단로17번길 43,부산광역시 사하구 다대동 948-3,35.05385037,128.9662672855,2021,건축물,051-220-4671,부산광역시 사하구청,2026-02-27
다대동091,1,부산광역시 사하구 윤공단로17번길 103,부산광역시 사하구 다대동 948-1,35.0563281751,128.9667634453,2021,한전주,051-220-4671,부산광역시 사하구청,2026-02-27
다대동092,1,부산광역시 사하구 윤공단로17번길 63,부산광역시 사하구 다대동 967-2,35.0546832,128.965488733,2021,한전주,051-220-4671,부산광역시 사하구청,2026-02-27
다대동093,1,부산광역시 사하구 윤공단로17번길 103,부산광역시 사하구 다대동 948-1,35.0563281751,128.9667634453,2021,한전주,051-220-4671,부산광역시 사하구청,2026-02-27
다대동094,1,부산광역시 사하구 윤공단로51번길 5,부산광역시 사하구 다대동 950-2,35.056697441,128.9677258,2021,한전주,051-220-4671,부산광역시 사하구청,2026-02-27
다대동095,1,부산광역시 사하구 윤공단로51번길 8,부산광역시 사하구 다대동 949-26,35.0566891,128.9673991102,2021,건축물,051-220-4671,부산광역시 사하구청,2026-02-27
다대동096,1,부산광역시 사하구 윤공단로51번길 14,부산광역시 사하구 다대동 949-23,35.056391141,128.967280,2021,건축물,051-220-4671,부산광역시 사하구청,2026-02-27
다대동097,1,부산광역시 사하구 윤공단로 37-6,부산광역시 사하구 다대동 950-9,35.0560866,128.967327,2021,한전주,051-220-4671,부산광역시 사하구청,2026-02-27
다대동098,1,부산광역시 사하구 윤공단로 37-4,부산광역시 사하구 다대동 950-18,35.056076,128.9674254,2021,건축물,051-220-4671,부산광역시 사하구청,2026-02-27
다대동099,1,부산광역시 사하구 윤공단로51번길 29,부산광역시 사하구 다대동 951-5,35.0557464,128.9671873,2021,한전주,051-220-4671,부산광역시 사하구청,2026-02-27
다대동100,1,부산광역시 사하구 윤공단로 35-4,부산광역시 사하구 다대동 951-7,35.0555558,128.9672704,2021,한전주,051-220-4671,부산광역시 사하구청,2026-02-27
다대동1001,1,부산광역시 사하구 다대로 490-50,부산광역시 사하구 다대동 산16-4,35.0652814,128.9726922719,2021,한전주,051-220-4671,부산광역시 사하구청,2026-02-27
다대동1002,1,부산광역시 사하구 다대로 490-50,부산광역시 사하구 다대동 산16-4,35.0652814,128.9726922719,2021,한전주,051-220-4671,부산광역시 사하구청,2026-02-27
다대동1003,1,부산광역시 사하구 다대로 490-50,부산광역시 사하구 다대동 산16-4,35.0652814,128.9726922719,2021,한전주,051-220-4671,부산광역시 사하구청,2026-02-27
다대동1004,1,부산광역시 사하구 다대로 490-50,부산광역시 사하구 다대동 산16-4,35.0652814,128.9726922719,2021,한전주,051-220-4671,부산광역시 사하구청,2026-02-27
다대동1005,1,부산광역시 사하구 다대로 490-50,부산광역시 사하구 다대동 산16-4,35.0652814,128.9726922719,2021,한전주,051-220-4671,부산광역시 사하구청,2026-02-27
다대동1006,1,부산광역시 사하구 다대로 490-50,부산광역시 사하구 다대동 산16-4,35.0652814,128.9726922719,2021,한전주,051-220-4671,부산광역시 사하구청,2026-02-27
다대동1007,1,부산광역시 사하구 다대로 490-50,부산광역시 사하구 다대동 산16-4,35.0652814,128.9726922719,2021,한전주,051-220-4671,부산광역시 사하구청,2026-02-27
다대동1008,1,부산광역시 사하구 다대로 490-50,부산광역시 사하구 다대동 산16-4,35.0652814,128.9726922719,2021,한전주,051-220-4671,부산광역시 사하구청,2026-02-27
다대동1009,1,부산광역시 사하구 다대로 490-50,부산광역시 사하구 다대동 산16-4,35.0652814,128.9726922719,2021,한전주,051-220-4671,부산광역시 사하구청,2026-02-27
다대동101,1,부산광역시 사하구 윤공단로 35-2,부산광역시 사하구 다대동 951-8,35.0556811,128.9673282,2021,전용주,051-220-4671,부산광역시 사하구청,2026-02-27
다대동1010,1,부산광역시 사하구 다대로 438,부산광역시 사하구 다대동 113-10,35.0638890435,128.9786178,2021,건축물,051-220-4671,부산광역시 사하구청,2026-02-27
다대동1011,1,부산광역시 사하구 다대로 415,부산광역시 사하구 다대동 69,35.0658885713,128.9801239,2021,한전주,051-220-4671,부산광역시 사하구청,2026-02-27
다대동1012,1,부산광역시 사하구 다대로 415-1,부산광역시 사하구 다대동 69-1,35.0659781811,128.9803999,2021,한전주,051-220-4671,부산광역시 사하구청,2026-02-27
다대동1013,1,부산광역시 사하구 다대로 415-1,부산광역시 사하구 다대동 69-1,35.0659781811,128.9803999,2021,전용주,051-220-4671,부산광역시 사하구청,2026-02-27
다대동1014,1,부산광역시 사하구 다대로 415-3,부산광역시 사하구 다대동 69-3,35.0660516,128.9807519,2021,한전주,051-220-4671,부산광역시 사하구청,2026-02-27
다대동1015,1,부산광역시 사하구 다대로 413-2,부산광역시 사하구 다대동 85-15,35.0662734,128.9804174,2021,건축물,051-220-4671,부산광역시 사하구청,2026-02-27
다대동1018,1,부산광역시 사하구 다대로385번길 58,부산광역시 사하구 다대동 83-14,35.0671364,128.9805479,2021,한전주,051-220-4671,부산광역시 사하구청,2026-02-27
다대동1019,1,부산광역시 사하구 다대로385번길 53,부산광역시 사하구 다대동 80-13,35.0673921601,128.9808178,2021,한전주,051-220-4671,부산광역시 사하구청,2026-02-27
다대동102,1,부산광역시 사하구 윤공단로 25-5,부산광역시 사하구 다대동 952,35.0552601153,128.9663945752,2021,한전주,051-220-4671,부산광역시 사하구청,2026-02-27
다대동1020,1,부산광역시 사하구 다대로385번길 47,부산광역시 사하구 다대동 80-11,35.0675767,128.9806243,2021,한전주,051-220-4671,부산광역시 사하구청,2026-02-27
다대동1021,1,부산광역시 사하구 다대로385번길 41,부산광역시 사하구 다대동 80-9,35.0677424,128.9803938923,2021,한전주,051-220-4671,부산광역시 사하구청,2026-02-27
다대동1022,1,부산광역시 사하구 다대로385번길 37,부산광역시 사하구 다대동 80-8,35.0678343,128.980292956,2021,한전주,051-220-4671,부산광역시 사하구청,2026-02-27
다대동1023,1,부산광역시 사하구 다대로385번길 23,부산광역시 사하구 다대동 80-5,35.0682853,128.9797207,2021,건축물,051-220-4671,부산광역시 사하구청,2026-02-27
다대동1024,1,부산광역시 사하구 다대로385번길 30,부산광역시 사하구 다대동 81-14,35.067987,128.9797792,2021,건축물,051-220-4671,부산광역시 사하구청,2026-02-27
다대동1025,1,부산광역시 사하구 다대로385번길 19,부산광역시 사하구 다대동 80-3,35.0684595,128.9795385,2021,한전주,051-220-4671,부산광역시 사하구청,2026-02-27
다대동1026,1,부산광역시 사하구 다대로385번길 12,부산광역시 사하구 다대동 81-1,35.0685384,128.9791239,2021,한전주,051-220-4671,부산광역시 사하구청,2026-02-27
다대동1027,1,부산광역시 사하구 다대로385번길 6,부산광역시 사하구 다대동 81-2,35.0684777,128.9789799,2021,한전주,051-220-4671,부산광역시 사하구청,2026-02-27
다대동1028,1,부산광역시 사하구 다대로385번안길 5,부산광역시 사하구 다대동 81-3,35.0683312,128.9790947272,2021,한전주,051-220-4671,부산광역시 사하구청,2026-02-27
다대동1029,1,부산광역시 사하구 다대로385번안길 11,부산광역시 사하구 다대동 81-8,35.0681568,128.979312,2021,한전주,051-220-4671,부산광역시 사하구청,2026-02-27
다대동103,1,부산광역시 사하구 윤공단로22번길 31,부산광역시 사하구 다대동 954-35,35.056458,128.9683223,2021,한전주,051-220-4671,부산광역시 사하구청,2026-02-27
다대동1030,1,부산광역시 사하구 다대로385번안길 21,부산광역시 사하구 다대동 81-16,35.0677842613,128.9797639,2021,한전주,051-220-4671,부산광역시 사하구청,2026-02-27
다대동1031,1,부산광역시 사하구 다대로385번길 37,부산광역시 사하구 다대동 80-8,35.0678343,128.980292956,2021,건축물,051-220-4671,부산광역시 사하구청,2026-02-27
다대동1032,1,부산광역시 사하구 다대로385번안길 29,부산광역시 사하구 다대동 83-3,35.0675830235,128.980033,2021,한전주,051-220-4671,부산광역시 사하구청,2026-02-27
다대동1033,1,부산광역시 사하구 다대로385번안길 37,부산광역시 사하구 다대동 83-10,35.067297719,128.9803331,2021,한전주,051-220-4671,부산광역시 사하구청,2026-02-27
다대동1034,1,부산광역시 사하구 다대로385번길 53,부산광역시 사하구 다대동 80-13,35.0673921601,128.9808178,2021,건축물,051-220-4671,부산광역시 사하구청,2026-02-27
다대동1035,1,부산광역시 사하구 다대로385번길 53,부산광역시 사하구 다대동 80-13,35.0673921601,128.9808178,2021,건축물,051-220-4671,부산광역시 사하구청,2026-02-27
다대동1036,1,부산광역시 사하구 다대로385번길 53,부산광역시 사하구 다대동 80-13,35.0673921601,128.9808178,2021,건축물,051-220-4671,부산광역시 사하구청,2026-02-27
다대동1037,1,부산광역시 사하구 다대로385번길 53,부산광역시 사하구 다대동 80-13,35.0673921601,128.9808178,2021,한전주,051-220-4671,부산광역시 사하구청,2026-02-27
다대동1038,1,부산광역시 사하구 다대로385번길 53,부산광역시 사하구 다대동 80-13,35.0673921601,128.9808178,2021,건축물,051-220-4671,부산광역시 사하구청,2026-02-27
다대동1039,1,부산광역시 사하구 다대로385번길 53,부산광역시 사하구 다대동 80-13,35.0673921601,128.9808178,2021,건축물,051-220-4671,부산광역시 사하구청,2026-02-27
다대동104,1,부산광역시 사하구 윤공단로22번길 29,부산광역시 사하구 다대동 954-34,35.0563416,128.9682756,2021,건축물,051-220-4671,부산광역시 사하구청,2026-02-27
다대동1040,1,부산광역시 사하구 다대로385번길 53,부산광역시 사하구 다대동 80-13,35.0673921601,128.9808178,2021,전용주,051-220-4671,부산광역시 사하구청,2026-02-27
다대동1041,1,부산광역시 사하구 다송로 13-2,부산광역시 사하구 다대동 86-12,35.0663248,128.9816792,2021,한전주,051-220-4671,부산광역시 사하구청,2026-02-27
다대동1042,1,부산광역시 사하구 다송로 13-4,부산광역시 사하구 다대동 86-3,35.0663960172,128.9818949138,2021,건축물,051-220-4671,부산광역시 사하구청,2026-02-27
다대동1043,1,부산광역시 사하구 다송로 13-5,부산광역시 사하구 다대동 86-2,35.0665526,128.9820793,2021,건축물,051-220-4671,부산광역시 사하구청,2026-02-27
다대동1044,1,부산광역시 사하구 다송로 13-5,부산광역시 사하구 다대동 86-2,35.0665526,128.9820793,2021,건축물,051-220-4671,부산광역시 사하구청,2026-02-27
다대동1045,1,부산광역시 사하구 다송로 13-5,부산광역시 사하구 다대동 86-2,35.0665526,128.9820793,2021,한전주,051-220-4671,부산광역시 사하구청,2026-02-27
다대동1046,1,부산광역시 사하구 다송로 13-5,부산광역시 사하구 다대동 86-2,35.0665526,128.9820793,2021,한전주,051-220-4671,부산광역시 사하구청,2026-02-27
다대동1047,1,부산광역시 사하구 다송로 13-5,부산광역시 사하구 다대동 86-2,35.0665526,128.9820793,2021,전용주,051-220-4671,부산광역시 사하구청,2026-02-27
다대동1048,1,부산광역시 사하구 다대로381번길 60,부산광역시 사하구 다대동 93-7,35.0666416,128.9832542,2021,전용주,051-220-4671,부산광역시 사하구청,2026-02-27
다대동1049,1,부산광역시 사하구 다대로381번길 60,부산광역시 사하구 다대동 93-7,35.0666416,128.9832542,2021,전용주,051-220-4671,부산광역시 사하구청,2026-02-27
다대동105,1,부산광역시 사하구 윤공단로22번길 25,부산광역시 사하구 다대동 954-32,35.056136,128.9681721,2021,한전주,051-220-4671,부산광역시 사하구청,2026-02-27
다대동1050,1,부산광역시 사하구 다대로381번길 60,부산광역시 사하구 다대동 93-7,35.0666416,128.9832542,2021,전용주,051-220-4671,부산광역시 사하구청,2026-02-27
다대동1051,1,부산광역시 사하구 다송로 38,부산광역시 사하구 다대동 33-2,35.0639939,128.9820394,2021,한전주,051-220-4671,부산광역시 사하구청,2026-02-27
다대동1052,1,부산광역시 사하구 다대로429번길 30,부산광역시 사하구 다대동 120-35,35.0635797,128.9820184,2021,건축물,051-220-4671,부산광역시 사하구청,2026-02-27
다대동1053,1,부산광역시 사하구 다송로 53,부산광역시 사하구 다대동 4-1,35.0630306,128.9836382,2021,한전주,051-220-4671,부산광역시 사하구청,2026-02-27
다대동1054,1,부산광역시 사하구 다송로 57,부산광역시 사하구 다대동 3,35.0630241,128.9856877,2021,전용주,051-220-4671,부산광역시 사하구청,2026-02-27
다대동1055,1,부산광역시 사하구 다송로 55,부산광역시 사하구 다대동 95,35.0643723,128.9847996,2021,한전주,051-220-4671,부산광역시 사하구청,2026-02-27
다대동1056,1,부산광역시 사하구 다송로 55,부산광역시 사하구 다대동 95,35.0643723,128.9847996,2021,한전주,051-220-4671,부산광역시 사하구청,2026-02-27
다대동1057,1,부산광역시 사하구 다송로84번길 132,부산광역시 사하구 다대동 316-12,35.0573808,128.9780766,2021,한전주,051-220-4671,부산광역시 사하구청,2026-02-27
다대동1058,1,부산광역시 사하구 다송로84번길 132,부산광역시 사하구 다대동 316-12,35.0573808,128.9780766,2021,한전주,051-220-4671,부산광역시 사하구청,2026-02-27
다대동1059,1,부산광역시 사하구 다송로84번길 132,부산광역시 사하구 다대동 316-12,35.0573808,128.9780766,2021,한전주,051-220-4671,부산광역시 사하구청,2026-02-27
다대동106,1,부산광역시 사하구 윤공단로22번길 21,부산광역시 사하구 다대동 954-30,35.0559391,128.9680906,2021,한전주,051-220-4671,부산광역시 사하구청,2026-02-27
다대동1060,1,부산광역시 사하구 다송로84번길 132,부산광역시 사하구 다대동 316-12,35.0573808,128.9780766,2021,한전주,051-220-4671,부산광역시 사하구청,2026-02-27
다대동1061,1,부산광역시 사하구 다대로381번길 17,부산광역시 사하구 다대동 93,35.0693465,128.9798559,2021,한전주,051-220-4671,부산광역시 사하구청,2026-02-27
다대동1062,1,부산광역시 사하구 다대로381번길 17,부산광역시 사하구 다대동 93,35.0693465,128.9798559,2021,전용주,051-220-4671,부산광역시 사하구청,2026-02-27
다대동1063,1,부산광역시 사하구 두송로144번길 51,부산광역시 사하구 다대동 산9,35.0710779485,128.9827592,2021,한전주,051-220-4671,부산광역시 사하구청,2026-02-27
다대동1064,1,부산광역시 사하구 두송로144번길 51,부산광역시 사하구 다대동 산9,35.0710779485,128.9827592,2021,한전주,051-220-4671,부산광역시 사하구청,2026-02-27
다대동1065,1,부산광역시 사하구 두송로144번길 51,부산광역시 사하구 다대동 산9,35.0710779485,128.9827592,2021,건축물,051-220-4671,부산광역시 사하구청,2026-02-27
다대동1066,1,부산광역시 사하구 두송로144번길 51,부산광역시 사하구 다대동 산9,35.0710779485,128.9827592,2021,한전주,051-220-4671,부산광역시 사하구청,2026-02-27
다대동1067,1,부산광역시 사하구 두송로144번길 107,부산광역시 사하구 다대동 109,35.0697845,128.982837,2021,한전주,051-220-4671,부산광역시 사하구청,2026-02-27
다대동1068,1,부산광역시 사하구 두송로144번길 107,부산광역시 사하구 다대동 109,35.0697845,128.982837,2021,한전주,051-220-4671,부산광역시 사하구청,2026-02-27
다대동1069,1,부산광역시 사하구 두송로144번길 107,부산광역시 사하구 다대동 109,35.0697845,128.982837,2021,한전주,051-220-4671,부산광역시 사하구청,2026-02-27
다대동107,1,부산광역시 사하구 윤공단로22번길 10,부산광역시 사하구 다대동 955-13,35.0552948,128.9683601,2021,한전주,051-220-4671,부산광역시 사하구청,2026-02-27
다대동1070,1,부산광역시 사하구 두송로144번길 107,부산광역시 사하구 다대동 109,35.0697845,128.982837,2021,한전주,051-220-4671,부산광역시 사하구청,2026-02-27
다대동1071,1,부산광역시 사하구 두송로144번길 127,부산광역시 사하구 다대동 92,35.0689435,128.9830139,2021,한전주,051-220-4671,부산광역시 사하구청,2026-02-27
다대동1072,1,부산광역시 사하구 두송로144번길 51,부산광역시 사하구 다대동 산9,35.0710779485,128.9827592,2021,한전주,051-220-4671,부산광역시 사하구청,2026-02-27
다대동1073,1,부산광역시 사하구 두송로144번길 51,부산광역시 사하구 다대동 산9,35.0710779485,128.9827592,2021,한전주,051-220-4671,부산광역시 사하구청,2026-02-27
다대동1074,1,부산광역시 사하구 두송로144번길 51,부산광역시 사하구 다대동 산9,35.0710779485,128.9827592,2021,한전주,051-220-4671,부산광역시 사하구청,2026-02-27
다대동1075,1,부산광역시 사하구 두송로144번길 51,부산광역시 사하구 다대동 산9,35.0710779485,128.9827592,2021,한전주,051-220-4671,부산광역시 사하구청,2026-02-27
다대동1076,1,부산광역시 사하구 두송로144번길 51,부산광역시 사하구 다대동 산9,35.0710779485,128.9827592,2021,한전주,051-220-4671,부산광역시 사하구청,2026-02-27
다대동1077,1,부산광역시 사하구 두송로144번길 74-2,부산광역시 사하구 다대동 산9,35.0698817218,128.9813547376,2021,한전주,051-220-4671,부산광역시 사하구청,2026-02-27
다대동1078,1,부산광역시 사하구 두송로144번길 51,부산광역시 사하구 다대동 산9,35.0710779485,128.9827592,2021,한전주,051-220-4671,부산광역시 사하구청,2026-02-27
다대동1079,1,부산광역시 사하구 다송로 16,부산광역시 사하구 다대동 87,35.06588882,128.9810666,2022,건축물,051-220-4671,부산광역시 사하구청,2026-02-27
다대동108,1,부산광역시 사하구 윤공단로22번길 4,부산광역시 사하구 다대동 955-16,35.0550244,128.9683646,2021,한전주,051-220-4671,부산광역시 사하구청,2026-02-27
다대동1080,1,,부산광역시 사하구 다대동 923-2,35.062417726,128.9737173972,2024,한전주,051-220-4671,부산광역시 사하구청,2026-02-27
다대동1081,1,부산광역시 사하구 다대로381번길 99,부산광역시 사하구 다대동 94-5,35.0642917,128.9858718,2023,,051-220-4671,부산광역시 사하구청,2026-02-27
다대동1082,1,부산광역시 사하구 다대로381번길 101,부산광역시 사하구 다대동 94-6,35.0641136834,128.9866407016,2023,,051-220-4671,부산광역시 사하구청,2026-02-27
다대동1083,1,부산광역시 사하구 다대로381번길 101,부산광역시 사하구 다대동 94-6,35.0641136834,128.9866407016,2023,,051-220-4671,부산광역시 사하구청,2026-02-27
다대동1084,1,부산광역시 사하구 다대로381번길 101,부산광역시 사하구 다대동 94-6,35.0641136834,128.9866407016,2023,,051-220-4671,부산광역시 사하구청,2026-02-27
다대동1085,1,부산광역시 사하구 두송로144번길 74,부산광역시 사하구 다대동 산 9,35.0702247394,128.981529645,2025,한전주,051-220-4671,부산광역시 사하구청,2026-02-27
다대동1086,1,부산광역시 사하구 윤공단로132번길 18,부산광역시 사하구 다대동 927-12,35.060934,128.9734932,2025,건축물,051-220-4671,부산광역시 사하구청,2026-02-27
다대동1087,1,부산광역시 사하구 다대로 661,부산광역시 사하구 다대동 467-1,35.0473791223,128.9688502,2025,한전주,051-220-4671,부산광역시 사하구청,2026-02-27
다대동109,1,부산광역시 사하구 윤공단로 16,부산광역시 사하구 다대동 956-15,35.054846,128.9687953285,2021,한전주,051-220-4671,부산광역시 사하구청,2026-02-27
다대동1090,1,부산광역시 사하구 다송로68번길 33,부산광역시 사하구 다대동 1577-16,35.061110981,128.9822485065,2024,,051-220-4671,부산광역시 사하구청,2026-02-27
다대동1091,1,부산광역시 사하구 다송로68번길 19,부산광역시 사하구 다대동 1577-14,35.0613317,128.982819,2024,,051-220-4671,부산광역시 사하구청,2026-02-27
다대동1092,1,부산광역시 사하구 다송로68번길 22,부산광역시 사하구 다대동 1577-3,35.0615527147,128.9827077925,2024,,051-220-4671,부산광역시 사하구청,2026-02-27
다대동1093,1,부산광역시 사하구 다송로68번길 14,부산광역시 사하구 다대동 1577-5,35.061691024,128.9830949677,2024,,051-220-4671,부산광역시 사하구청,2026-02-27
다대동1094,1,부산광역시 사하구 다송로68번길 14,부산광역시 사하구 다대동 1577-5,35.061691024,128.9830949677,2024,,051-220-4671,부산광역시 사하구청,2026-02-27
다대동1095,1,부산광역시 사하구 다송로 68,부산광역시 사하구 다대동 1577-7,35.0618872,128.9835667,2024,,051-220-4671,부산광역시 사하구청,2026-02-27
다대동110,1,부산광역시 사하구 윤공단로18번길 8,부산광역시 사하구 다대동 956-11,35.0552517,128.9687975,2021,한전주,051-220-4671,부산광역시 사하구청,2026-02-27
다대동111,1,부산광역시 사하구 윤공단로18번길 16,부산광역시 사하구 다대동 956-7,35.0556484,128.9687851,2021,한전주,051-220-4671,부산광역시 사하구청,2026-02-27
다대동112,1,부산광역시 사하구 윤공단로18번길 20,부산광역시 사하구 다대동 956-5,35.0558556,128.968790,2021,한전주,051-220-4671,부산광역시 사하구청,2026-02-27
다대동113,1,부산광역시 사하구 윤공단로18번길 28,부산광역시 사하구 다대동 956-2,35.0561419,128.9689174,2021,한전주,051-220-4671,부산광역시 사하구청,2026-02-27
다대동114,1,부산광역시 사하구 윤공단로18번길 38,부산광역시 사하구 다대동 944-10,35.0564904,128.9690855995,2021,한전주,051-220-4671,부산광역시 사하구청,2026-02-27
다대동115,1,부산광역시 사하구 윤공단로18번길 44,부산광역시 사하구 다대동 944-7,35.0567583,128.9692501,2021,한전주,051-220-4671,부산광역시 사하구청,2026-02-27
다대동116,1,부산광역시 사하구 윤공단로18번길 48,부산광역시 사하구 다대동 944-5,35.0569551,128.9693425,2021,한전주,051-220-4671,부산광역시 사하구청,2026-02-27
다대동117,1,부산광역시 사하구 윤공단로18번길 52,부산광역시 사하구 다대동 944-3,35.0571277414,128.969492,2021,한전주,051-220-4671,부산광역시 사하구청,2026-02-27
다대동118,1,부산광역시 사하구 윤공단로18번길 67,부산광역시 사하구 다대동 941-11,35.0578351,128.9695389,2021,한전주,051-220-4671,부산광역시 사하구청,2026-02-27
다대동119,1,부산광역시 사하구 윤공단로18번길 75,부산광역시 사하구 다대동 941-14,35.0581477,128.9696941611,2021,한전주,051-220-4671,부산광역시 사하구청,2026-02-27
다대동120,1,부산광역시 사하구 윤공단로18번길 77,부산광역시 사하구 다대동 941-15,35.0582551,128.9697573,2021,한전주,051-220-4671,부산광역시 사하구청,2026-02-27
다대동121,1,부산광역시 사하구 윤공단로56번길 44,부산광역시 사하구 다대동 941-16,35.0583623,128.9698146,2021,한전주,051-220-4671,부산광역시 사하구청,2026-02-27
다대동122,1,부산광역시 사하구 윤공단로56번길 39,부산광역시 사하구 다대동 939-20,35.0584749,128.9695433,2021,건축물,051-220-4671,부산광역시 사하구청,2026-02-27
다대동123,1,부산광역시 사하구 윤공단로56번길 33,부산광역시 사하구 다대동 939-17,35.0582957414,128.9692217,2021,한전주,051-220-4671,부산광역시 사하구청,2026-02-27
다대동124,1,부산광역시 사하구 윤공단로56번길 29,부산광역시 사하구 다대동 939-15,35.0581949,128.9690215,2021,한전주,051-220-4671,부산광역시 사하구청,2026-02-27
다대동125,1,부산광역시 사하구 다대로554번길 30-2,부산광역시 사하구 다대동 941-6,35.0578826,128.9693866,2021,한전주,051-220-4671,부산광역시 사하구청,2026-02-27
다대동126,1,부산광역시 사하구 윤공단로62번길 10,부산광역시 사하구 다대동 946-3,35.0579903,128.9682963865,2021,건축물,051-220-4671,부산광역시 사하구청,2026-02-27
다대동127,1,부산광역시 사하구 윤공단로62번길 5,부산광역시 사하구 다대동 947-7,35.0580497,128.9679768,2021,건축물,051-220-4671,부산광역시 사하구청,2026-02-27
다대동128,1,부산광역시 사하구 윤공단로75번길 19,부산광역시 사하구 다대동 1008-4,35.0584472,128.9673617,2021,한전주,051-220-4671,부산광역시 사하구청,2026-02-27
다대동129,1,부산광역시 사하구 윤공단로75번길 19,부산광역시 사하구 다대동 1008-4,35.0584472,128.9673617,2021,한전주,051-220-4671,부산광역시 사하구청,2026-02-27
다대동130,1,부산광역시 사하구 윤공단로75번길 23,부산광역시 사하구 다대동 1008,35.058468,128.9671868,2021,한전주,051-220-4671,부산광역시 사하구청,2026-02-27
다대동131,1,부산광역시 사하구 윤공단로75번길 28,부산광역시 사하구 다대동 1030,35.0587840513,128.9670524,2021,건축물,051-220-4671,부산광역시 사하구청,2026-02-27
다대동132,1,부산광역시 사하구 윤공단로75번길 28,부산광역시 사하구 다대동 1030,35.0587840513,128.9670524,2021,한전주,051-220-4671,부산광역시 사하구청,2026-02-27
다대동133,1,부산광역시 사하구 윤공단로75번길 39,부산광역시 사하구 다대동 1009,35.0583226,128.9661531,2021,한전주,051-220-4671,부산광역시 사하구청,2026-02-27
다대동134,1,부산광역시 사하구 윤공단로75번길 43,부산광역시 사하구 다대동 1014,35.0586603,128.9658872,2021,한전주,051-220-4671,부산광역시 사하구청,2026-02-27
다대동135,1,부산광역시 사하구 윤공단로75번길 43,부산광역시 사하구 다대동 1014,35.0586603,128.9658872,2021,한전주,051-220-4671,부산광역시 사하구청,2026-02-27
다대동136,1,부산광역시 사하구 윤공단로62번길 26,부산광역시 사하구 다대동 939-9,35.0583749,128.9690368,2021,한전주,051-220-4671,부산광역시 사하구청,2026-02-27
다대동137,1,부산광역시 사하구 윤공단로62번길 30,부산광역시 사하구 다대동 939-7,35.0584888,128.9692368,2021,한전주,051-220-4671,부산광역시 사하구청,2026-02-27
다대동138,1,부산광역시 사하구 윤공단로62번길 36,부산광역시 사하구 다대동 939-5,35.0585411,128.9694357706,2021,한전주,051-220-4671,부산광역시 사하구청,2026-02-27
다대동139,1,부산광역시 사하구 윤공단로62번길 38,부산광역시 사하구 다대동 939-4,35.0586639,128.9695588,2021,건축물,051-220-4671,부산광역시 사하구청,2026-02-27
다대동140,1,부산광역시 사하구 윤공단로62번길 40,부산광역시 사하구 다대동 939-3,35.0586932723,128.9696587,2021,건축물,051-220-4671,부산광역시 사하구청,2026-02-27
다대동141,1,부산광역시 사하구 윤공단로62번길 44,부산광역시 사하구 다대동 939-1,35.0588389,128.9698809,2021,한전주,051-220-4671,부산광역시 사하구청,2026-02-27
다대동143,1,부산광역시 사하구 윤공단로56번길 50,부산광역시 사하구 다대동 942-24,35.0585914,128.970138,2021,한전주,051-220-4671,부산광역시 사하구청,2026-02-27
다대동144,1,부산광역시 사하구 윤공단로56번길 62,부산광역시 사하구 다대동 934-7,35.058963,128.9705634,2021,한전주,051-220-4671,부산광역시 사하구청,2026-02-27
다대동145,1,부산광역시 사하구 윤공단로56번길 66,부산광역시 사하구 다대동 934-5,35.0591408,128.9707101,2021,한전주,051-220-4671,부산광역시 사하구청,2026-02-27
다대동146,1,부산광역시 사하구 윤공단로56번길 72,부산광역시 사하구 다대동 934-3,35.0592888082,128.9708676,2021,한전주,051-220-4671,부산광역시 사하구청,2026-02-27
다대동147,1,부산광역시 사하구 다대로530번길 21,부산광역시 사하구 다대동 934-1,35.0594942061,128.9710369,2021,한전주,051-220-4671,부산광역시 사하구청,2026-02-27
다대동148,1,부산광역시 사하구 다대로524번길 22-3,부산광역시 사하구 다대동 1229-9,35.0601417,128.9717863,2021,한전주,051-220-4671,부산광역시 사하구청,2026-02-27
다대동149,1,부산광역시 사하구 다대로524번길 20,부산광역시 사하구 다대동 1226,35.0599902807,128.9718931,2021,한전주,051-220-4671,부산광역시 사하구청,2026-02-27
다대동150,1,부산광역시 사하구 다대로524번길 8,부산광역시 사하구 다대동 1226-2,35.0597474,128.9721909136,2021,한전주,051-220-4671,부산광역시 사하구청,2026-02-27
다대동151,1,부산광역시 사하구 다대로530번길 30,부산광역시 사하구 다대동 931-6,35.0599496,128.9708501,2021,한전주,051-220-4671,부산광역시 사하구청,2026-02-27
다대동152,1,부산광역시 사하구 다대로530번길 26-1,부산광역시 사하구 다대동 931-7,35.0600384,128.970929,2021,건축물,051-220-4671,부산광역시 사하구청,2026-02-27
다대동153,1,부산광역시 사하구 윤공단로62번길 68,부산광역시 사하구 다대동 935-2,35.0596463,128.9706565,2021,한전주,051-220-4671,부산광역시 사하구청,2026-02-27
다대동154,1,부산광역시 사하구 윤공단로62번길 63,부산광역시 사하구 다대동 936-17,35.0596335,128.9703384,2021,건축물,051-220-4671,부산광역시 사하구청,2026-02-27
다대동155,1,부산광역시 사하구 윤공단로62번길 58,부산광역시 사하구 다대동 935-6,35.0592998,128.9703523,2021,한전주,051-220-4671,부산광역시 사하구청,2026-02-27
다대동156,1,부산광역시 사하구 윤공단로62번길 53,부산광역시 사하구 다대동 936-12,35.0591993298,128.9699888,2021,건축물,051-220-4671,부산광역시 사하구청,2026-02-27
다대동157,1,부산광역시 사하구 다대로497번길 9,부산광역시 사하구 다대동 297-2,35.060678,128.9753832,2021,한전주,051-220-4671,부산광역시 사하구청,2026-02-27
다대동158,1,부산광역시 사하구 다대로497번길 15,부산광역시 사하구 다대동 298,35.0605825,128.9756993551,2021,한전주,051-220-4671,부산광역시 사하구청,2026-02-27
다대동159,1,부산광역시 사하구 다대로497번길 22,부산광역시 사하구 다대동 280,35.0603959856,128.9761878,2021,한전주,051-220-4671,부산광역시 사하구청,2026-02-27
다대동160,1,부산광역시 사하구 다대로497번길 25,부산광역시 사하구 다대동 299,35.0605822,128.9762796,2021,한전주,051-220-4671,부산광역시 사하구청,2026-02-27
다대동161,1,부산광역시 사하구 다대로497번길 32,부산광역시 사하구 다대동 280-2,35.0603639,128.9763945146,2021,건축물,051-220-4671,부산광역시 사하구청,2026-02-27
다대동162,1,부산광역시 사하구 다대로497번길 34,부산광역시 사하구 다대동 280-3,35.0602798,128.9765902,2021,건축물,051-220-4671,부산광역시 사하구청,2026-02-27
다대동163,1,부산광역시 사하구 다대로497번길 34,부산광역시 사하구 다대동 280-3,35.0602798,128.9765902,2021,건축물,051-220-4671,부산광역시 사하구청,2026-02-27
다대동164,1,부산광역시 사하구 다대로497번길 1,부산광역시 사하구 다대동 296,35.0607977,128.9752217,2021,전용주,051-220-4671,부산광역시 사하구청,2026-02-27
다대동165,1,부산광역시 사하구 다대로 493,부산광역시 사하구 다대동 293-1,35.0609684,128.9752586,2021,한전주,051-220-4671,부산광역시 사하구청,2026-02-27
다대동166,1,부산광역시 사하구 다대로 490-43,부산광역시 사하구 다대동 산 19-5,35.0640491,128.9708959381,2021,전용주,051-220-4671,부산광역시 사하구청,2026-02-27
다대동167,1,부산광역시 사하구 다대로 490-43,부산광역시 사하구 다대동 산 19-5,35.0640306138,128.9708904,2021,한전주,051-220-4671,부산광역시 사하구청,2026-02-27
다대동168,1,부산광역시 사하구 다대로 490-43,부산광역시 사하구 다대동 산 19-5,35.0640306138,128.9708904,2021,한전주,051-220-4671,부산광역시 사하구청,2026-02-27
다대동169,1,부산광역시 사하구 다대로 490-43,부산광역시 사하구 다대동 산 19-5,35.0640306138,128.9708904,2021,한전주,051-220-4671,부산광역시 사하구청,2026-02-27
다대동170,1,부산광역시 사하구 다대로 490-43,부산광역시 사하구 다대동 산 19-5,35.0640306138,128.9708904,2021,한전주,051-220-4671,부산광역시 사하구청,2026-02-27
다대동171,1,부산광역시 사하구 윤공단로132번길 24,부산광역시 사하구 다대동 927-20,35.0608433889,128.9737480977,2021,건축물,051-220-4671,부산광역시 사하구청,2026-02-27
다대동172,1,부산광역시 사하구 윤공단로132번길 12,부산광역시 사하구 다대동 927-10,35.060988845,128.973243,2021,한전주,051-220-4671,부산광역시 사하구청,2026-02-27
다대동173,1,부산광역시 사하구 윤공단로132번길 4,부산광역시 사하구 다대동 927-7,35.061089,128.9728284,2021,한전주,051-220-4671,부산광역시 사하구청,2026-02-27
다대동174,1,부산광역시 사하구 윤공단로132번길 2-3,부산광역시 사하구 다대동 1242-9,35.0610295,128.9725981587,2021,한전주,051-220-4671,부산광역시 사하구청,2026-02-27
다대동175,1,부산광역시 사하구 윤공단로132번길 2-4,부산광역시 사하구 다대동 927-21,35.061336,128.9725858795,2021,한전주,051-220-4671,부산광역시 사하구청,2026-02-27
다대동176,1,부산광역시 사하구 다대로504번길 26,부산광역시 사하구 다대동 1442-12,35.0608919452,128.9728243,2021,한전주,051-220-4671,부산광역시 사하구청,2026-02-27
다대동177,1,부산광역시 사하구 윤공단로132번길 12,부산광역시 사하구 다대동 927-10,35.060988845,128.973243,2021,건축물,051-220-4671,부산광역시 사하구청,2026-02-27
다대동178,1,부산광역시 사하구 다대로504번길 14,부산광역시 사하구 다대동 150-2,35.0607894346,128.9735235,2021,건축물,051-220-4671,부산광역시 사하구청,2026-02-27
다대동179,1,부산광역시 사하구 다대로504번길 8,부산광역시 사하구 다대동 150-1,35.0607672,128.9737742,2021,건축물,051-220-4671,부산광역시 사하구청,2026-02-27
다대동180,1,부산광역시 사하구 윤공단로 144,부산광역시 사하구 다대동 927-17,35.0609408,128.9741839,2021,건축물,051-220-4671,부산광역시 사하구청,2026-02-27
다대동181,1,부산광역시 사하구 다대로 500,부산광역시 사하구 다대동 287-4,35.0607860486,128.9742245,2021,건축물,051-220-4671,부산광역시 사하구청,2026-02-27
다대동182,1,부산광역시 사하구 다대로504번길 6,부산광역시 사하구 다대동 150-6,35.0606404,128.973815,2021,한전주,051-220-4671,부산광역시 사하구청,2026-02-27
다대동183,1,부산광역시 사하구 다대로504번길 15,부산광역시 사하구 다대동 1236-1,35.060699913,128.9732141,2021,한전주,051-220-4671,부산광역시 사하구청,2026-02-27
다대동184,1,부산광역시 사하구 다대로504번길 23,부산광역시 사하구 다대동 1236,35.0607509,128.9731162,2021,한전주,051-220-4671,부산광역시 사하구청,2026-02-27
다대동185,1,부산광역시 사하구 다대로504번길 25,부산광역시 사하구 다대동 1235-2,35.0607924,128.9727774,2021,한전주,051-220-4671,부산광역시 사하구청,2026-02-27
다대동186,1,부산광역시 사하구 다대로504번길 33,부산광역시 사하구 다대동 1235,35.0607727,128.9723276,2021,건축물,051-220-4671,부산광역시 사하구청,2026-02-27
다대동187,1,부산광역시 사하구 윤공단로 116,부산광역시 사하구 다대동 1247-2,35.0609404,128.9719918,2021,건축물,051-220-4671,부산광역시 사하구청,2026-02-27
다대동188,1,부산광역시 사하구 윤공단로 118-1,부산광역시 사하구 다대동 1242-14,35.0611435,128.9722488,2021,건축물,051-220-4671,부산광역시 사하구청,2026-02-27
다대동190,1,부산광역시 사하구 다대로 542-6,부산광역시 사하구 다대동 1094-3,35.0582749,128.9707551,2021,한전주,051-220-4671,부산광역시 사하구청,2026-02-27
다대동191,1,부산광역시 사하구 다대로 538-2,부산광역시 사하구 다대동 1161-9,35.0584384,128.9712303,2021,건축물,051-220-4671,부산광역시 사하구청,2026-02-27
다대동192,1,부산광역시 사하구 다대로568번길 26,부산광역시 사하구 다대동 673-1,35.0551387,128.9696496,2021,한전주,051-220-4671,부산광역시 사하구청,2026-02-27
다대동193,1,부산광역시 사하구 윤공단로 10,부산광역시 사하구 다대동 651-3,35.0547521,128.9695965,2021,건축물,051-220-4671,부산광역시 사하구청,2026-02-27
다대동194,1,부산광역시 사하구 다대로 576-3,부산광역시 사하구 다대동 674-1,35.0550979,128.9699445,2021,한전주,051-220-4671,부산광역시 사하구청,2026-02-27
다대동195,1,부산광역시 사하구 다대로 574-5,부산광역시 사하구 다대동 745-11,35.0552995453,128.969917,2021,한전주,051-220-4671,부산광역시 사하구청,2026-02-27
다대동196,1,부산광역시 사하구 다대로568번길 16,부산광역시 사하구 다대동 746-1,35.0554447,128.9696788,2021,한전주,051-220-4671,부산광역시 사하구청,2026-02-27
다대동197,1,부산광역시 사하구 다대로568번길 12,부산광역시 사하구 다대동 747-4,35.0555636,128.9695721,2021,건축물,051-220-4671,부산광역시 사하구청,2026-02-27
다대동198,1,부산광역시 사하구 다대로568번길 10,부산광역시 사하구 다대동 747-2,35.0556472098,128.9698130396,2021,건축물,051-220-4671,부산광역시 사하구청,2026-02-27
다대동199,1,부산광역시 사하구 다대로568번길 9,부산광역시 사하구 다대동 745-1,35.0555863814,128.9699904376,2021,건축물,051-220-4671,부산광역시 사하구청,2026-02-27
다대동200,1,부산광역시 사하구 다대로568번길 6,부산광역시 사하구 다대동 766-15,35.0557739,128.9699388,2021,한전주,051-220-4671,부산광역시 사하구청,2026-02-27
다대동201,1,부산광역시 사하구 다대로568번길 2,부산광역시 사하구 다대동 943-5,35.0559975,128.9700428,2021,한전주,051-220-4671,부산광역시 사하구청,2026-02-27
다대동202,1,부산광역시 사하구 다대로 562-1,부산광역시 사하구 다대동 767-10,35.0563679,128.9699859,2021,한전주,051-220-4671,부산광역시 사하구청,2026-02-27
다대동203,1,부산광역시 사하구 다대로 562-3,부산광역시 사하구 다대동 767-5,35.056298,128.9698528,2021,건축물,051-220-4671,부산광역시 사하구청,2026-02-27
다대동204,1,부산광역시 사하구 다대로 562-4,부산광역시 사하구 다대동 765-4,35.0562378,128.969676,2021,건축물,051-220-4671,부산광역시 사하구청,2026-02-27
다대동205,1,부산광역시 사하구 다대로 555,부산광역시 사하구 다대동 778,35.0566485,128.9710229,2021,한전주,051-220-4671,부산광역시 사하구청,2026-02-27
다대동206,1,부산광역시 사하구 다대로 559-2,부산광역시 사하구 다대동 770,35.0561378,128.9708353,2021,한전주,051-220-4671,부산광역시 사하구청,2026-02-27
다대동207,1,부산광역시 사하구 다대로577번길 22,부산광역시 사하구 다대동 711,35.055534,128.9713907,2021,한전주,051-220-4671,부산광역시 사하구청,2026-02-27
다대동208,1,부산광역시 사하구 다대로577번길 14,부산광역시 사하구 다대동 692,35.0552648,128.9713184,2021,한전주,051-220-4671,부산광역시 사하구청,2026-02-27
다대동209,1,부산광역시 사하구 다대로577번길 13,부산광역시 사하구 다대동 676,35.0552507,128.971077,2021,한전주,051-220-4671,부산광역시 사하구청,2026-02-27
다대동210,1,부산광역시 사하구 다대동로 11-1,부산광역시 사하구 다대동 680,35.0549254,128.9711349,2021,한전주,051-220-4671,부산광역시 사하구청,2026-02-27
다대동211,1,부산광역시 사하구 다대동로8번길 40,부산광역시 사하구 다대동 798-1,35.0556014566,128.9724281964,2021,한전주,051-220-4671,부산광역시 사하구청,2026-02-27
다대동212,1,부산광역시 사하구 다대동로8번길 40,부산광역시 사하구 다대동 798-1,35.0556014566,128.9724281964,2021,한전주,051-220-4671,부산광역시 사하구청,2026-02-27
다대동213,1,부산광역시 사하구 다대동로8번길 57,부산광역시 사하구 다대동 820-37,35.056690,128.972350,2021,전용주,051-220-4671,부산광역시 사하구청,2026-02-27
다대동214,1,부산광역시 사하구 다대동로8번길 57,부산광역시 사하구 다대동 820-37,35.056690,128.972350,2021,전용주,051-220-4671,부산광역시 사하구청,2026-02-27
다대동215,1,부산광역시 사하구 다대로543번길 18,부산광역시 사하구 다대동 868,35.0574486,128.9722477,2021,한전주,051-220-4671,부산광역시 사하구청,2026-02-27
다대동216,1,부산광역시 사하구 다대동로29번길 15,부산광역시 사하구 다대동 881-1,35.057088619,128.9718451,2021,한전주,051-220-4671,부산광역시 사하구청,2026-02-27
다대동217,1,부산광역시 사하구 다대동로29번길 10,부산광역시 사하구 다대동 830,35.0568441,128.971740,2021,한전주,051-220-4671,부산광역시 사하구청,2026-02-27
다대동218,1,부산광역시 사하구 다대동로29번길 17-2,부산광역시 사하구 다대동 885,35.057282086,128.9715648,2021,전용주,051-220-4671,부산광역시 사하구청,2026-02-27
다대동219,1,부산광역시 사하구 다대동로29번길 21-3,부산광역시 사하구 다대동 877,35.0574657,128.9717549,2021,건축물,051-220-4671,부산광역시 사하구청,2026-02-27
다대동220,1,부산광역시 사하구 다대동로29번길 21-4,부산광역시 사하구 다대동 876,35.057546,128.9717854063,2021,한전주,051-220-4671,부산광역시 사하구청,2026-02-27
다대동221,1,부산광역시 사하구 다대동로29번길 21-2,부산광역시 사하구 다대동 871,35.0573986034,128.9718634,2021,한전주,051-220-4671,부산광역시 사하구청,2026-02-27
다대동222,1,부산광역시 사하구 다대로 541,부산광역시 사하구 다대동 1105,35.057935,128.9717114,2021,한전주,051-220-4671,부산광역시 사하구청,2026-02-27
다대동223,1,부산광역시 사하구 다대로539번길 8,부산광역시 사하구 다대동 1109-1,35.058145,128.9720878646,2021,한전주,051-220-4671,부산광역시 사하구청,2026-02-27
다대동224,1,부산광역시 사하구 다대로539번길 10,부산광역시 사하구 다대동 1115,35.0581704,128.9722504765,2021,한전주,051-220-4671,부산광역시 사하구청,2026-02-27
다대동225,1,부산광역시 사하구 다대로529번길 14,부산광역시 사하구 다대동 1138,35.0584494,128.9727759,2021,건축물,051-220-4671,부산광역시 사하구청,2026-02-27
다대동226,1,부산광역시 사하구 다대로539번길 25,부산광역시 사하구 다대동 1131,35.058185682,128.9728788927,2021,건축물,051-220-4671,부산광역시 사하구청,2026-02-27
다대동227,1,부산광역시 사하구 다대로539번길 25,부산광역시 사하구 다대동 1131,35.058185682,128.9728788927,2021,건축물,051-220-4671,부산광역시 사하구청,2026-02-27
다대동228,1,부산광역시 사하구 다대로539 번길 32,부산광역시 사하구 다대동 1120-2,35.0580270196,128.9724611217,2021,건축물,051-220-4671,부산광역시 사하구청,2026-02-27
다대동229,1,부산광역시 사하구 다대로539번길 8-3,부산광역시 사하구 다대동 1114,35.0580432,128.972262,2021,건축물,051-220-4671,부산광역시 사하구청,2026-02-27
다대동230,1,부산광역시 사하구 다대로539번길 36,부산광역시 사하구 다대동 1112,35.0579501,128.972446,2021,건축물,051-220-4671,부산광역시 사하구청,2026-02-27
다대동231,1,부산광역시 사하구 다대로543번길 11,부산광역시 사하구 다대동 863,35.0577733,128.9722336,2021,한전주,051-220-4671,부산광역시 사하구청,2026-02-27
다대동232,1,부산광역시 사하구 다대로543번길 17,부산광역시 사하구 다대동 858,35.0576971,128.9724838,2021,한전주,051-220-4671,부산광역시 사하구청,2026-02-27
다대동233,1,부산광역시 사하구 다대로543번길 17-3,부산광역시 사하구 다대동 857-1,35.057873,128.9727511,2021,한전주,051-220-4671,부산광역시 사하구청,2026-02-27
다대동234,1,부산광역시 사하구 다대로543번길 17-5,부산광역시 사하구 다대동 1125,35.0579325,128.9729717,2021,한전주,051-220-4671,부산광역시 사하구청,2026-02-27
다대동235,1,부산광역시 사하구 다대로543번길 17-7,부산광역시 사하구 다대동 1128,35.0579927,128.9731485,2021,건축물,051-220-4671,부산광역시 사하구청,2026-02-27
다대동236,1,부산광역시 사하구 다대동로71번길 30,부산광역시 사하구 다대동 199-1,35.058046,128.9737526,2021,한전주,051-220-4671,부산광역시 사하구청,2026-02-27
다대동237,1,부산광역시 사하구 다대동로 55-4,부산광역시 사하구 다대동 203-3,35.0578603,128.9740878,2021,한전주,051-220-4671,부산광역시 사하구청,2026-02-27
다대동238,1,부산광역시 사하구 다대동로 59,부산광역시 사하구 다대동 348-6,35.0576896049,128.9740734,2021,건축물,051-220-4671,부산광역시 사하구청,2026-02-27
다대동239,1,부산광역시 사하구 다대동로 55-4,부산광역시 사하구 다대동 203-3,35.057837965,128.9740717208,2021,한전주,051-220-4671,부산광역시 사하구청,2026-02-27
다대동240,1,부산광역시 사하구 다대동로71번길 10,부산광역시 사하구 다대동 211-2,35.057866,128.9748442,2021,한전주,051-220-4671,부산광역시 사하구청,2026-02-27
다대동241,1,부산광역시 사하구 다대동로71번길 10,부산광역시 사하구 다대동 211-2,35.057866,128.9748442,2021,한전주,051-220-4671,부산광역시 사하구청,2026-02-27
다대동242,1,부산광역시 사하구 다대동로 77-1,부산광역시 사하구 다대동 213-1,35.0579446,128.9749995,2021,건축물,051-220-4671,부산광역시 사하구청,2026-02-27
다대동243,1,부산광역시 사하구 다대동로 79-1,부산광역시 사하구 다대동 207-2,35.0580833963,128.9746948886,2021,전용주,051-220-4671,부산광역시 사하구청,2026-02-27
다대동244,1,부산광역시 사하구 다대동로 83,부산광역시 사하구 다대동 234,35.0582878295,128.9746576,2021,건축물,051-220-4671,부산광역시 사하구청,2026-02-27
다대동245,1,부산광역시 사하구 다대로529번길 38-2,부산광역시 사하구 다대동 183,35.058337,128.9741432,2021,한전주,051-220-4671,부산광역시 사하구청,2026-02-27
다대동246,1,부산광역시 사하구 다대로529번길 33,부산광역시 사하구 다대동 178,35.0588553,128.9738597,2021,한전주,051-220-4671,부산광역시 사하구청,2026-02-27
다대동247,1,부산광역시 사하구 다대로529번길 31-5,부산광역시 사하구 다대동 175-2,35.0591798,128.9738566,2021,건축물,051-220-4671,부산광역시 사하구청,2026-02-27
다대동248,1,부산광역시 사하구 다대로529번길 31-5,부산광역시 사하구 다대동 175-2,35.0591798,128.9738566,2021,건축물,051-220-4671,부산광역시 사하구청,2026-02-27
다대동249,1,부산광역시 사하구 다대로 513,부산광역시 사하구 다대동 1218-1,35.0594674,128.9733484,2021,한전주,051-220-4671,부산광역시 사하구청,2026-02-27
다대동250,1,부산광역시 사하구 다대동로 91-3,부산광역시 사하구 다대동 175,35.0593432,128.9737838,2021,건축물,051-220-4671,부산광역시 사하구청,2026-02-27
다대동251,1,부산광역시 사하구 다대동로 91-3,부산광역시 사하구 다대동 175,35.0593432,128.9737838,2021,건축물,051-220-4671,부산광역시 사하구청,2026-02-27
다대동252,1,부산광역시 사하구 다대동로 91,부산광역시 사하구 다대동 163-2,35.0592838,128.9740929249,2021,전용주,051-220-4671,부산광역시 사하구청,2026-02-27
다대동253,1,부산광역시 사하구 다대동로 92-1,부산광역시 사하구 다대동 254-7,35.0592851125,128.974616,2021,건축물,051-220-4671,부산광역시 사하구청,2026-02-27
다대동254,1,부산광역시 사하구 다대동로 90,부산광역시 사하구 다대동 250-1,35.0590873,128.9745558,2021,한전주,051-220-4671,부산광역시 사하구청,2026-02-27
다대동255,1,부산광역시 사하구 다대동로88번길 5,부산광역시 사하구 다대동 249-1,35.0591448,128.9748969,2021,한전주,051-220-4671,부산광역시 사하구청,2026-02-27
다대동256,1,부산광역시 사하구 다대동로88번길 9,부산광역시 사하구 다대동 248,35.0592877,128.9749771,2021,건축물,051-220-4671,부산광역시 사하구청,2026-02-27
다대동257,1,부산광역시 사하구 다대동로88번길 16,부산광역시 사하구 다대동 244-1,35.0592706,128.9753298309,2021,한전주,051-220-4671,부산광역시 사하구청,2026-02-27
다대동258,1,부산광역시 사하구 다대동로 84-1,부산광역시 사하구 다대동 320-3,35.0586732,128.9750828,2021,건축물,051-220-4671,부산광역시 사하구청,2026-02-27
다대동259,1,부산광역시 사하구 다대동로 84-2,부산광역시 사하구 다대동 320-9,35.0587292,128.9749636,2021,건축물,051-220-4671,부산광역시 사하구청,2026-02-27
다대동260,1,부산광역시 사하구 다대동로 84-5,부산광역시 사하구 다대동 320-6,35.0587797,128.975184,2021,건축물,051-220-4671,부산광역시 사하구청,2026-02-27
다대동261,1,부산광역시 사하구 다대동로 84-2,부산광역시 사하구 다대동 320-9,35.0587292,128.9749636,2021,건축물,051-220-4671,부산광역시 사하구청,2026-02-27
다대동262,1,부산광역시 사하구 다대동로72번길 1,부산광역시 사하구 다대동 342-2,35.0575813894,128.9754516,2021,건축물,051-220-4671,부산광역시 사하구청,2026-02-27
다대동263,1,부산광역시 사하구 다대동로70번길 33,부산광역시 사하구 다대동 1446-1,35.0582025247,128.9758904094,2021,한전주,051-220-4671,부산광역시 사하구청,2026-02-27
다대동264,1,부산광역시 사하구 다대동로72번길 11,부산광역시 사하구 다대동 338,35.0574563,128.9756563,2021,한전주,051-220-4671,부산광역시 사하구청,2026-02-27
다대동265,1,부산광역시 사하구 다대동로70번길 15,부산광역시 사하구 다대동 340-1,35.0576379,128.975573,2021,건축물,051-220-4671,부산광역시 사하구청,2026-02-27
다대동266,1,부산광역시 사하구 다대동로70번길 24,부산광역시 사하구 다대동 217-3,35.0577586,128.9758887729,2021,건축물,051-220-4671,부산광역시 사하구청,2026-02-27
다대동267,1,부산광역시 사하구 다대동로70번길 28,부산광역시 사하구 다대동 217-9,35.0579383,128.9759419,2021,한전주,051-220-4671,부산광역시 사하구청,2026-02-27
다대동268,1,부산광역시 사하구 다대동로70번길 31,부산광역시 사하구 다대동 216-1,35.0580935,128.9757975247,2021,한전주,051-220-4671,부산광역시 사하구청,2026-02-27
다대동269,1,부산광역시 사하구 다대동로70번길 33,부산광역시 사하구 다대동 1446-1,35.0582451,128.9758904094,2021,건축물,051-220-4671,부산광역시 사하구청,2026-02-27
다대동270,1,부산광역시 사하구 다대동로70번길 41,부산광역시 사하구 다대동 218,35.0584309,128.9761291,2021,건축물,051-220-4671,부산광역시 사하구청,2026-02-27
다대동271,1,부산광역시 사하구 다대동로70번길 33,부산광역시 사하구 다대동 1446-1,35.0582025247,128.9758904094,2021,건축물,051-220-4671,부산광역시 사하구청,2026-02-27
다대동272,1,부산광역시 사하구 다대동로72번길 17,부산광역시 사하구 다대동 336-9,35.0574871,128.9759749,2021,건축물,051-220-4671,부산광역시 사하구청,2026-02-27
다대동273,1,부산광역시 사하구 다대동로72번길 19,부산광역시 사하구 다대동 334,35.0574569,128.9761714,2021,건축물,051-220-4671,부산광역시 사하구청,2026-02-27
다대동274,1,부산광역시 사하구 다대동로72번길 25,부산광역시 사하구 다대동 335-2,35.057175,128.976329,2021,한전주,051-220-4671,부산광역시 사하구청,2026-02-27
다대동276,1,부산광역시 사하구 다대동로72번길 34,부산광역시 사하구 다대동 329,35.0571289,128.9769417,2021,건축물,051-220-4671,부산광역시 사하구청,2026-02-27
다대동277,1,부산광역시 사하구 다송로84번길 138,부산광역시 사하구 다대동 336-1,35.0572917,128.9774607,2021,전용주,051-220-4671,부산광역시 사하구청,2026-02-27
다대동278,1,부산광역시 사하구 다송로84번길 138,부산광역시 사하구 다대동 336-1,35.0572917,128.9774607,2021,건축물,051-220-4671,부산광역시 사하구청,2026-02-27
다대동279,1,부산광역시 사하구 다송로84번길 138,부산광역시 사하구 다대동 336-1,35.0572917,128.9774607,2021,건축물,051-220-4671,부산광역시 사하구청,2026-02-27
다대동280,1,부산광역시 사하구 다송로84번길 138,부산광역시 사하구 다대동 336-1,35.0572917,128.9774607,2021,전용주,051-220-4671,부산광역시 사하구청,2026-02-27
다대동281,1,부산광역시 사하구 다대동로72번길 10-1,부산광역시 사하구 다대동 363,35.0572342243,128.9758253,2021,건축물,051-220-4671,부산광역시 사하구청,2026-02-27
다대동282,1,부산광역시 사하구 다대동로8번길 117,부산광역시 사하구 다대동 355-6,35.0571363,128.9753856,2021,건축물,051-220-4671,부산광역시 사하구청,2026-02-27
다대동283,1,부산광역시 사하구 다대동로8번길 121,부산광역시 사하구 다대동 355-53,35.0569914598,128.9755909,2021,한전주,051-220-4671,부산광역시 사하구청,2026-02-27
다대동284,1,부산광역시 사하구 다대동로8번길 115,부산광역시 사하구 다대동 355-29,35.0570861253,128.9752535,2021,한전주,051-220-4671,부산광역시 사하구청,2026-02-27
다대동285,1,부산광역시 사하구 다대동로8번길 107,부산광역시 사하구 다대동 349-13,35.0572363,128.9747743,2021,한전주,051-220-4671,부산광역시 사하구청,2026-02-27
다대동286,1,부산광역시 사하구 다대동로8번길 99,부산광역시 사하구 다대동 355-51,35.0572889,128.9743152,2021,한전주,051-220-4671,부산광역시 사하구청,2026-02-27
다대동287,1,부산광역시 사하구 다대동로8번길 91,부산광역시 사하구 다대동 355-47,35.057241,128.9739305,2021,한전주,051-220-4671,부산광역시 사하구청,2026-02-27
다대동288,1,부산광역시 사하구 다대동로 60-1,부산광역시 사하구 다대동 355-49,35.0571742847,128.9741708,2021,건축물,051-220-4671,부산광역시 사하구청,2026-02-27
다대동289,1,부산광역시 사하구 다대동로8번길 89,부산광역시 사하구 다대동 355-46,35.0572248,128.9738205,2021,전용주,051-220-4671,부산광역시 사하구청,2026-02-27
다대동290,1,부산광역시 사하구 다대동로 54,부산광역시 사하구 다대동 195-2,35.0574999,128.9735312,2021,건축물,051-220-4671,부산광역시 사하구청,2026-02-27
다대동291,1,부산광역시 사하구 다대동로 48-3,부산광역시 사하구 다대동 355-34,35.0572853,128.9734274,2021,한전주,051-220-4671,부산광역시 사하구청,2026-02-27
다대동292,1,부산광역시 사하구 다대동로8번길 79,부산광역시 사하구 다대동 798-18,35.0570320144,128.9731756491,2021,한전주,051-220-4671,부산광역시 사하구청,2026-02-27
다대동293,1,부산광역시 사하구 다대동로8번길 83,부산광역시 사하구 다대동 355-37,35.0571484,128.9735337,2021,한전주,051-220-4671,부산광역시 사하구청,2026-02-27
다대동294,1,부산광역시 사하구 다대동로8번길 73,부산광역시 사하구 다대동 798-8,35.0570948131,128.9729191,2021,한전주,051-220-4671,부산광역시 사하구청,2026-02-27
다대동295,1,부산광역시 사하구 다대동로72번길 34,부산광역시 사하구 다대동 329,35.0571289,128.9769417,2022,건축물,051-220-4671,부산광역시 사하구청,2026-02-27
다대동296,1,부산광역시 사하구 다대동로8번길 89,부산광역시 사하구 다대동 355-46,35.0572248,128.9738205,2022,건축물,051-220-4671,부산광역시 사하구청,2026-02-27
다대동297,1,부산광역시 사하구 몰운대2길 48,부산광역시 사하구 다대동 468-49,35.0479689,128.9699816,2022,전용주,051-220-4671,부산광역시 사하구청,2026-02-27
다대동298,1,,부산광역시 사하구 다대동 680-20,35.0532554,128.971862,2022,건축물,051-220-4671,부산광역시 사하구청,2026-02-27
다대동299,1,부산광역시 사하구 다대동로8번길 10,부산광역시 사하구 다대동 798-1,35.054383,128.9723493,2022,,051-220-4671,부산광역시 사하구청,2026-02-27
다대동300,1,부산광역시 사하구 다대동로8번길 11,부산광역시 사하구 다대동 680-4,35.0545694,128.9719702,2022,한전주,051-220-4671,부산광역시 사하구청,2026-02-27
다대동302,1,,부산광역시 사하구 다대동 355-64,35.0571944309,128.9750372,2023,,051-220-4671,부산광역시 사하구청,2026-02-27
다대동303,1,,부산광역시 사하구 다대동 355-21,35.0569394736,128.9752783532,2023,,051-220-4671,부산광역시 사하구청,2026-02-27
다대동304,1,부산광역시 사하구 다대동로8번길 40,부산광역시 사하구 다대동 798-1,35.0556014566,128.9724281964,2023,,051-220-4671,부산광역시 사하구청,2026-02-27
다대동306,1,부산광역시 사하구 몰운대2길 84,부산광역시 사하구 다대동 411-23,35.0487052,128.9714779382,2025,전용주,051-220-4671,부산광역시 사하구청,2026-02-27
다대동307,1,,부산광역시 사하구 다대동 1449-14,35.0568763947,128.9761559032,2023,한전주,051-220-4671,부산광역시 사하구청,2026-02-27
다대동308,1,부산광역시 사하구 다대로 490-43,부산광역시 사하구 다대동 산 19-5,35.0640306138,128.9708959381,2023,,051-220-4671,부산광역시 사하구청,2026-02-27
다대동309,1,부산광역시 사하구 다대로568번길 16,부산광역시 사하구 다대동 746-1,35.0554447,128.9696788,2023,,051-220-4671,부산광역시 사하구청,2026-02-27
다대동310,1,부산광역시 사하구 다대동로 56,부산광역시 사하구 다대동 197-8,35.0574779338,128.9736734326,2023,,051-220-4671,부산광역시 사하구청,2026-02-27
다대동312,1,부산광역시 사하구 다대로586번길 13-2,부산광역시 사하구 다대동 589-8,35.0536993,128.9700534,2023,,051-220-4671,부산광역시 사하구청,2026-02-27
다대동313,1,부산광역시 사하구 몰운대2길 94,부산광역시 사하구 다대동 411-25,35.0488406,128.9719644555,2025,전용주,051-220-4671,부산광역시 사하구청,2026-02-27
다대동314,1,부산광역시 사하구 다대로 612,부산광역시 사하구 다대동 1551-12,35.0519233,128.9706464,2025,전용주,051-220-4671,부산광역시 사하구청,2026-02-27
다대동315,1,부산광역시 사하구 몰운대2길 43,부산광역시 사하구 다대동 465-7,35.0478814405,128.9696512,2024,,051-220-4671,부산광역시 사하구청,2026-02-27
다대동316,1,부산광역시 사하구 다대로524번길 22,부산광역시 사하구 다대동 1229-6,35.0600824258,128.971615242,2024,,051-220-4671,부산광역시 사하구청,2026-02-27
다대동317,1,부산광역시 사하구 다대로586번길 16-8,부산광역시 사하구 다대동 581-3,35.0540544,128.9692729,2024,,051-220-4671,부산광역시 사하구청,2026-02-27
다대동405,1,부산광역시 사하구 다대낙조1길 13,부산광역시 사하구 다대동 1548-20,35.049862,128.965486318,2023,건축물,051-220-4671,부산광역시 사하구청,2026-02-27
당리동001,1,부산광역시 사하구 제석로18번길 67,부산광역시 사하구 당리동 325-23,35.1027593,128.9745114,2021,한전주,051-220-4671,부산광역시 사하구청,2026-02-27
당리동002,1,부산광역시 사하구 괴정로 86,부산광역시 사하구 당리동 327-1,35.1016923032,128.973554,2021,한전주,051-220-4671,부산광역시 사하구청,2026-02-27
당리동003,1,부산광역시 사하구 동매로 143,부산광역시 사하구 당리동 327-31,35.1013613,128.9734798,2021,한전주,051-220-4671,부산광역시 사하구청,2026-02-27
당리동004,1,부산광역시 사하구 괴정로 86-1,부산광역시 사하구 당리동 327-14,35.1016883,128.9738715,2021,건축물,051-220-4671,부산광역시 사하구청,2026-02-27
당리동005,1,부산광역시 사하구 동매로 142-3,부산광역시 사하구 당리동 521-2,35.1008429,128.9732151,2021,한전주,051-220-4671,부산광역시 사하구청,2026-02-27
당리동006,1,부산광역시 사하구 동매로 147-3,부산광역시 사하구 당리동 327-48,35.1015569,128.9741973,2021,한전주,051-220-4671,부산광역시 사하구청,2026-02-27
당리동007,1,부산광역시 사하구 동매로 152-1,부산광역시 사하구 당리동 329-12,35.1010467,128.9745359,2021,한전주,051-220-4671,부산광역시 사하구청,2026-02-27
당리동008,1,부산광역시 사하구 괴정로100번길 21,부산광역시 사하구 당리동 330-10,35.1010421,128.9748209,2021,한전주,051-220-4671,부산광역시 사하구청,2026-02-27
당리동009,1,부산광역시 사하구 동매로 156-1,부산광역시 사하구 당리동 330-15,35.1010821,128.9751289,2021,건축물,051-220-4671,부산광역시 사하구청,2026-02-27
당리동010,1,부산광역시 사하구 괴정로100번길 32,부산광역시 사하구 당리동 515,35.1007408,128.9744994248,2021,건축물,051-220-4671,부산광역시 사하구청,2026-02-27
당리동011,1,부산광역시 사하구 괴정로100번길 33,부산광역시 사하구 당리동 512,35.1007871444,128.9752649,2021,한전주,051-220-4671,부산광역시 사하구청,2026-02-27
당리동012,1,부산광역시 사하구 괴정로100번길 33,부산광역시 사하구 당리동 512,35.1007871444,128.9752649,2021,한전주,051-220-4671,부산광역시 사하구청,2026-02-27
당리동013,1,부산광역시 사하구 괴정로100번길 42,부산광역시 사하구 당리동 524,35.1003965589,128.974159,2021,한전주,051-220-4671,부산광역시 사하구청,2026-02-27
당리동014,1,부산광역시 사하구 괴정로100번길 34,부산광역시 사하구 당리동 523-3,35.1005991671,128.9732645,2021,한전주,051-220-4671,부산광역시 사하구청,2026-02-27
당리동015,1,부산광역시 사하구 괴정로100번길 34,부산광역시 사하구 당리동 523-3,35.1005991671,128.9732645,2021,건축물,051-220-4671,부산광역시 사하구청,2026-02-27
당리동016,1,부산광역시 사하구 괴정로100번길 34,부산광역시 사하구 당리동 523-3,35.1005991671,128.9732645,2021,건축물,051-220-4671,부산광역시 사하구청,2026-02-27
당리동017,1,부산광역시 사하구 괴정로100번길 34,부산광역시 사하구 당리동 523-3,35.1005991671,128.9732645,2021,건축물,051-220-4671,부산광역시 사하구청,2026-02-27
당리동018,1,부산광역시 사하구 괴정로100번길 34,부산광역시 사하구 당리동 523-3,35.1005991671,128.9732645,2021,건축물,051-220-4671,부산광역시 사하구청,2026-02-27
당리동019,1,부산광역시 사하구 괴정로100번길 34,부산광역시 사하구 당리동 523-3,35.1005991671,128.9732645,2021,건축물,051-220-4671,부산광역시 사하구청,2026-02-27
당리동020,1,부산광역시 사하구 괴정로100번길 10,부산광역시 사하구 당리동 327-38,35.1015669,128.974691,2021,한전주,051-220-4671,부산광역시 사하구청,2026-02-27
당리동021,1,부산광역시 사하구 괴정로100번길 10,부산광역시 사하구 당리동 327-38,35.1015669,128.974691,2021,한전주,051-220-4671,부산광역시 사하구청,2026-02-27
당리동022,1,부산광역시 사하구 괴정로 100,부산광역시 사하구 당리동 327-10,35.101951,128.9748976,2021,한전주,051-220-4671,부산광역시 사하구청,2026-02-27
당리동023,1,부산광역시 사하구 괴정로 94-6,부산광역시 사하구 당리동 327-44,35.1017644,128.9741804,2021,건축물,051-220-4671,부산광역시 사하구청,2026-02-27
당리동024,1,부산광역시 사하구 괴정로 108-2,부산광역시 사하구 당리동 331-41,35.1017764,128.975661,2021,건축물,051-220-4671,부산광역시 사하구청,2026-02-27
당리동025,1,부산광역시 사하구 괴정로 114-4,부산광역시 사하구 당리동 331-22,35.1016795722,128.9758675,2021,한전주,051-220-4671,부산광역시 사하구청,2026-02-27
당리동026,1,부산광역시 사하구 동매로 158,부산광역시 사하구 당리동 330-3,35.101181,128.9751422,2021,한전주,051-220-4671,부산광역시 사하구청,2026-02-27
당리동027,1,부산광역시 사하구 동매로158번길 10,부산광역시 사하구 당리동 505-1,35.1008867,128.9754981,2021,한전주,051-220-4671,부산광역시 사하구청,2026-02-27
당리동028,1,부산광역시 사하구 동매로158번길 11,부산광역시 사하구 당리동 504-8,35.1008802,128.9758901189,2021,건축물,051-220-4671,부산광역시 사하구청,2026-02-27
당리동029,1,부산광역시 사하구 동매로158번길 15,부산광역시 사하구 당리동 504-9,35.1007543,128.9758886,2021,한전주,051-220-4671,부산광역시 사하구청,2026-02-27
당리동030,1,부산광역시 사하구 동매로158번길 16-3,부산광역시 사하구 당리동 506-5,35.1005527,128.9755438,2021,한전주,051-220-4671,부산광역시 사하구청,2026-02-27
당리동031,1,부산광역시 사하구 동매로158번길 23,부산광역시 사하구 당리동 504-13,35.1004358,128.9760783,2021,한전주,051-220-4671,부산광역시 사하구청,2026-02-27
당리동032,1,부산광역시 사하구 다대로22번길 6,부산광역시 사하구 당리동 504-14,35.1003625,128.9761533,2021,한전주,051-220-4671,부산광역시 사하구청,2026-02-27
당리동033,1,부산광역시 사하구 다대로22번길 2,부산광역시 사하구 당리동 502-2,35.1003957,128.9763295,2021,건축물,051-220-4671,부산광역시 사하구청,2026-02-27
당리동034,1,부산광역시 사하구 다대로 18-2,부산광역시 사하구 당리동 330-11,35.1007401,128.976191978,2021,한전주,051-220-4671,부산광역시 사하구청,2026-02-27
당리동035,1,부산광역시 사하구 다대로 14-1,부산광역시 사하구 당리동 330-17,35.1009325,128.9760135,2021,건축물,051-220-4671,부산광역시 사하구청,2026-02-27
당리동036,1,부산광역시 사하구 다대로22번길 13,부산광역시 사하구 당리동 509,35.0999932189,128.976090,2021,한전주,051-220-4671,부산광역시 사하구청,2026-02-27
당리동037,1,부산광역시 사하구 다대로22번길 15,부산광역시 사하구 당리동 510-4,35.0998328,128.9760308,2021,한전주,051-220-4671,부산광역시 사하구청,2026-02-27
당리동038,1,부산광역시 사하구 다대로22번길 27,부산광역시 사하구 당리동 531-6,35.0996894,128.9759835,2021,한전주,051-220-4671,부산광역시 사하구청,2026-02-27
당리동039,1,부산광역시 사하구 다대로22번길 27,부산광역시 사하구 당리동 531-6,35.0996894,128.9759835,2021,한전주,051-220-4671,부산광역시 사하구청,2026-02-27
당리동040,1,부산광역시 사하구 다대로22번길 27,부산광역시 사하구 당리동 531-6,35.0996894,128.9759835,2021,한전주,051-220-4671,부산광역시 사하구청,2026-02-27
당리동041,1,부산광역시 사하구 다대로22번길 27,부산광역시 사하구 당리동 531-6,35.0996894,128.9759835,2021,한전주,051-220-4671,부산광역시 사하구청,2026-02-27
당리동042,1,부산광역시 사하구 다대로22번길 45,부산광역시 사하구 당리동 531-4,35.0986639,128.9764193,2021,한전주,051-220-4671,부산광역시 사하구청,2026-02-27
당리동043,1,부산광역시 사하구 다대로22번길 45,부산광역시 사하구 당리동 531-4,35.0986639,128.9764193,2021,한전주,051-220-4671,부산광역시 사하구청,2026-02-27
당리동044,1,부산광역시 사하구 다대로22번길 7,부산광역시 사하구 당리동 504-17,35.1001978,128.9762868425,2021,한전주,051-220-4671,부산광역시 사하구청,2026-02-27
당리동045,1,부산광역시 사하구 다대로22번길 7-4,부산광역시 사하구 당리동 509-4,35.0998904135,128.9762993972,2021,한전주,051-220-4671,부산광역시 사하구청,2026-02-27
당리동046,1,부산광역시 사하구 다대로 30,부산광역시 사하구 당리동 532,35.0985471,128.9769538,2021,한전주,051-220-4671,부산광역시 사하구청,2026-02-27
당리동047,1,부산광역시 사하구 괴정로 111-1,부산광역시 사하구 당리동 324-16,35.1021429,128.9763936,2021,건축물,051-220-4671,부산광역시 사하구청,2026-02-27
당리동048,1,부산광역시 사하구 다대로5번길 12,부산광역시 사하구 당리동 337-18,35.1013454,128.9772187,2021,한전주,051-220-4671,부산광역시 사하구청,2026-02-27
당리동049,1,부산광역시 사하구 다대로5번길 11,부산광역시 사하구 당리동 336-5,35.1014962588,128.9774423,2021,한전주,051-220-4671,부산광역시 사하구청,2026-02-27
당리동050,1,부산광역시 사하구 다대로5번길 16,부산광역시 사하구 당리동 337-14,35.101188,128.9774781,2021,한전주,051-220-4671,부산광역시 사하구청,2026-02-27
당리동051,1,부산광역시 사하구 다대로5번길 20-1,부산광역시 사하구 당리동 337-24,35.1009515,128.9776149,2021,건축물,051-220-4671,부산광역시 사하구청,2026-02-27
당리동052,1,부산광역시 사하구 다대로5번길 20,부산광역시 사하구 당리동 337-25,35.1010313,128.9776936,2021,전용주,051-220-4671,부산광역시 사하구청,2026-02-27
당리동052-1,1,부산광역시 사하구 다대로5번길 20,부산광역시 사하구 당리동 337-25,35.1010313,128.9776936,2024,전용주,051-220-4671,부산광역시 사하구청,2026-02-27
당리동053,1,부산광역시 사하구 다대로5번길 21,부산광역시 사하구 당리동 336-11,35.101243,128.9779728,2021,건축물,051-220-4671,부산광역시 사하구청,2026-02-27
당리동054,1,부산광역시 사하구 낙동대로 353,부산광역시 사하구 당리동 340-1,35.1008381,128.9784894,2021,한전주,051-220-4671,부산광역시 사하구청,2026-02-27
당리동056,1,부산광역시 사하구 다대로5번길 48,부산광역시 사하구 당리동 339-18,35.1003641,128.9788179,2021,한전주,051-220-4671,부산광역시 사하구청,2026-02-27
당리동057,1,부산광역시 사하구 낙동대로343번길 14,부산광역시 사하구 당리동 339-4,35.0998703,128.9792555,2021,한전주,051-220-4671,부산광역시 사하구청,2026-02-27
당리동058,1,부산광역시 사하구 낙동대로355번길 21-20,부산광역시 사하구 당리동 338-9,35.0996604,128.9788667,2021,한전주,051-220-4671,부산광역시 사하구청,2026-02-27
당리동059,1,부산광역시 사하구 낙동대로355번길 21-21,부산광역시 사하구 당리동 339-24,35.0997918457,128.9789986784,2021,건축물,051-220-4671,부산광역시 사하구청,2026-02-27
당리동064,1,부산광역시 사하구 낙동대로355번길 16,부산광역시 사하구 당리동 337-30,35.1007503,128.9777965,2021,한전주,051-220-4671,부산광역시 사하구청,2026-02-27
당리동065,1,부산광역시 사하구 낙동대로355번길 28,부산광역시 사하구 당리동 337-38,35.1004781,128.9773513,2021,한전주,051-220-4671,부산광역시 사하구청,2026-02-27
당리동066,1,부산광역시 사하구 괴정로 127-3,부산광역시 사하구 당리동 337-33,35.1008842,128.9773172,2021,건축물,051-220-4671,부산광역시 사하구청,2026-02-27
당리동067,1,부산광역시 사하구 당리길 51,부산광역시 사하구 당리동 342-31,35.1024937792,128.9783764,2021,건축물,051-220-4671,부산광역시 사하구청,2026-02-27
당리동068,1,부산광역시 사하구 당리길 49-4,부산광역시 사하구 당리동 342-27,35.1026659,128.9785884,2021,건축물,051-220-4671,부산광역시 사하구청,2026-02-27
당리동069,1,부산광역시 사하구 당리길 49-8,부산광역시 사하구 당리동 342-56,35.1027968725,128.9787784,2021,건축물,051-220-4671,부산광역시 사하구청,2026-02-27
당리동070,1,부산광역시 사하구 당리길 49-10,부산광역시 사하구 당리동 342-38,35.1028803,128.9786951218,2021,한전주,051-220-4671,부산광역시 사하구청,2026-02-27
당리동071,1,부산광역시 사하구 승학로 101-2,부산광역시 사하구 당리동 345-28,35.1034292,128.9787494,2021,건축물,051-220-4671,부산광역시 사하구청,2026-02-27
당리동072,1,부산광역시 사하구 승학로 105-1,부산광역시 사하구 당리동 345-30,35.1034271,128.9788809,2021,건축물,051-220-4671,부산광역시 사하구청,2026-02-27
당리동073,1,부산광역시 사하구 승학로 105-3,부산광역시 사하구 당리동 345-23,35.103526,128.9788943,2021,건축물,051-220-4671,부산광역시 사하구청,2026-02-27
당리동074,1,부산광역시 사하구 승학로108번길 10-2,부산광역시 사하구 당리동 342-43,35.1026511,128.9789389,2021,건축물,051-220-4671,부산광역시 사하구청,2026-02-27
당리동075,1,부산광역시 사하구 승학로108번길 14-1,부산광역시 사하구 당리동 342-50,35.1023887955,128.9789928196,2021,건축물,051-220-4671,부산광역시 사하구청,2026-02-27
당리동076,1,부산광역시 사하구 승학로108번길 11,부산광역시 사하구 당리동 343-1,35.1025436,128.9794517,2021,한전주,051-220-4671,부산광역시 사하구청,2026-02-27
당리동077,1,부산광역시 사하구 마하로31번길 59,부산광역시 사하구 당리동 343-18,35.1025309,128.9796817,2021,건축물,051-220-4671,부산광역시 사하구청,2026-02-27
당리동078,1,부산광역시 사하구 마하로31번길 53,부산광역시 사하구 당리동 343-11,35.1026637,128.9798275,2021,한전주,051-220-4671,부산광역시 사하구청,2026-02-27
당리동079,1,부산광역시 사하구 마하로31번길 53,부산광역시 사하구 당리동 343-11,35.1026637,128.9798275,2021,건축물,051-220-4671,부산광역시 사하구청,2026-02-27
당리동080,1,부산광역시 사하구 마하로31번길 49,부산광역시 사하구 당리동 343-14,35.102697,128.9799928,2021,한전주,051-220-4671,부산광역시 사하구청,2026-02-27
당리동081,1,부산광역시 사하구 낙동대로356번길 33-1,부산광역시 사하구 당리동 343-21,35.1026812061,128.9802889,2021,건축물,051-220-4671,부산광역시 사하구청,2026-02-27
당리동082,1,부산광역시 사하구 마하로31번길 46,부산광역시 사하구 당리동 344-20,35.1029824,128.9801751,2021,한전주,051-220-4671,부산광역시 사하구청,2026-02-27
당리동083,1,부산광역시 사하구 마하로25번길 21,부산광역시 사하구 당리동 348-2,35.10285183,128.9808734693,2021,한전주,051-220-4671,부산광역시 사하구청,2026-02-27
당리동084,1,부산광역시 사하구 마하로25번길 15,부산광역시 사하구 당리동 348-8,35.1027771,128.9811571,2021,한전주,051-220-4671,부산광역시 사하구청,2026-02-27
당리동085,1,부산광역시 사하구 마하로25번길 22,부산광역시 사하구 당리동 349-15,35.1029799578,128.9810967,2021,한전주,051-220-4671,부산광역시 사하구청,2026-02-27
당리동086,1,부산광역시 사하구 마하로31번길 25,부산광역시 사하구 당리동 349-2,35.1030539,128.9813173,2021,한전주,051-220-4671,부산광역시 사하구청,2026-02-27
당리동087,1,부산광역시 사하구 마하로31번길 16,부산광역시 사하구 당리동 350-1,35.1033806,128.9817309,2021,한전주,051-220-4671,부산광역시 사하구청,2026-02-27
당리동088,1,부산광역시 사하구 마하로31번길 12,부산광역시 사하구 당리동 350-8,35.1031853,128.982099,2021,한전주,051-220-4671,부산광역시 사하구청,2026-02-27
당리동089,1,부산광역시 사하구 마하로31번길 11-1,부산광역시 사하구 당리동 349-17,35.1027948247,128.9819257,2021,건축물,051-220-4671,부산광역시 사하구청,2026-02-27
당리동090,1,부산광역시 사하구 마하로31번길 8,부산광역시 사하구 당리동 350-11,35.1030304,128.9821887807,2021,한전주,051-220-4671,부산광역시 사하구청,2026-02-27
당리동091,1,부산광역시 사하구 마하로25번길 2,부산광역시 사하구 당리동 349-24,35.1025477,128.981963,2021,한전주,051-220-4671,부산광역시 사하구청,2026-02-27
당리동092,1,부산광역시 사하구 승학로 140-1,부산광역시 사하구 당리동 350-24,35.1030889,128.9824805,2021,한전주,051-220-4671,부산광역시 사하구청,2026-02-27
당리동093,1,부산광역시 사하구 승학로 129-1,부산광역시 사하구 당리동 346-13,35.1039985,128.9814169,2021,한전주,051-220-4671,부산광역시 사하구청,2026-02-27
당리동094,1,부산광역시 사하구 승학로 129-1,부산광역시 사하구 당리동 346-13,35.1039772878,128.9814045942,2021,한전주,051-220-4671,부산광역시 사하구청,2026-02-27
당리동095,1,부산광역시 사하구 승학로 129-1,부산광역시 사하구 당리동 346-13,35.1039985,128.9814169,2021,한전주,051-220-4671,부산광역시 사하구청,2026-02-27
당리동096,1,부산광역시 사하구 승학로 121,부산광역시 사하구 당리동 346-4,35.1035601,128.9806716,2021,건축물,051-220-4671,부산광역시 사하구청,2026-02-27
당리동097,1,부산광역시 사하구 승학로 123-1,부산광역시 사하구 당리동 346-3,35.1036966,128.9805871,2021,건축물,051-220-4671,부산광역시 사하구청,2026-02-27
당리동098,1,부산광역시 사하구 낙동대로356번길 8,부산광역시 사하구 당리동 423-1,35.1016978403,128.9791248,2021,전용주,051-220-4671,부산광역시 사하구청,2026-02-27
당리동099,1,부산광역시 사하구 낙동대로356번길 8-7,부산광역시 사하구 당리동 427-16,35.1015484,128.9796908,2021,전용주,051-220-4671,부산광역시 사하구청,2026-02-27
당리동100,1,부산광역시 사하구 낙동대로356번길 8-12,부산광역시 사하구 당리동 427-22,35.1012798018,128.979959,2021,전용주,051-220-4671,부산광역시 사하구청,2026-02-27
당리동101,1,부산광역시 사하구 승학로 133-1,부산광역시 사하구 당리동 351-27,35.1037705,128.9821351,2021,건축물,051-220-4671,부산광역시 사하구청,2026-02-27
당리동102,1,부산광역시 사하구 승학로 143,부산광역시 사하구 당리동 351-10,35.1032257,128.9829334,2021,건축물,051-220-4671,부산광역시 사하구청,2026-02-27
당리동103,1,부산광역시 사하구 승학로 143-1,부산광역시 사하구 당리동 351-9,35.1033326,128.9830127,2021,건축물,051-220-4671,부산광역시 사하구청,2026-02-27
당리동104,1,부산광역시 사하구 마하로43번길 3,부산광역시 사하구 당리동 351-7,35.1034929,128.9831263,2021,건축물,051-220-4671,부산광역시 사하구청,2026-02-27
당리동105,1,부산광역시 사하구 마하로43번길 6,부산광역시 사하구 당리동 352-34,35.1037268,128.9831539,2021,한전주,051-220-4671,부산광역시 사하구청,2026-02-27
당리동106,1,부산광역시 사하구 마하로43번길 14,부산광역시 사하구 당리동 352-46,35.1038822171,128.9828292,2021,한전주,051-220-4671,부산광역시 사하구청,2026-02-27
당리동107,1,부산광역시 사하구 마하로43번길 14-4,부산광역시 사하구 당리동 352-8,35.1040624,128.9830195,2021,건축물,051-220-4671,부산광역시 사하구청,2026-02-27
당리동108,1,부산광역시 사하구 승학로131번길 3,부산광역시 사하구 당리동 353-19,35.1039842134,128.9818887,2021,한전주,051-220-4671,부산광역시 사하구청,2026-02-27
당리동109,1,부산광역시 사하구 승학로131번길 13,부산광역시 사하구 당리동 353-12,35.1041193,128.9822971,2021,한전주,051-220-4671,부산광역시 사하구청,2026-02-27
당리동110,1,부산광역시 사하구 승학로131번길 21,부산광역시 사하구 당리동 353-15,35.1043878874,128.9825345,2021,한전주,051-220-4671,부산광역시 사하구청,2026-02-27
당리동111,1,부산광역시 사하구 승학로131번길 26,부산광역시 사하구 당리동 352-6,35.1043975694,128.9830391,2021,건축물,051-220-4671,부산광역시 사하구청,2026-02-27
당리동112,1,부산광역시 사하구 승학로131번길 30-4,부산광역시 사하구 당리동 352-43,35.1044836,128.9831612,2021,건축물,051-220-4671,부산광역시 사하구청,2026-02-27
당리동113,1,부산광역시 사하구 승학로131번길 33,부산광역시 사하구 당리동 353-2,35.1048749,128.9829295,2021,건축물,051-220-4671,부산광역시 사하구청,2026-02-27
당리동114,1,부산광역시 사하구 승학로131번길 37,부산광역시 사하구 당리동 353-1,35.1051978,128.983025,2021,한전주,051-220-4671,부산광역시 사하구청,2026-02-27
당리동115,1,부산광역시 사하구 승학로131번길 39,부산광역시 사하구 당리동 353-22,35.1051689,128.9825857,2021,한전주,051-220-4671,부산광역시 사하구청,2026-02-27
당리동116,1,부산광역시 사하구 승학로131번길 43,부산광역시 사하구 당리동 354-2,35.1055585,128.9835601,2021,건축물,051-220-4671,부산광역시 사하구청,2026-02-27
당리동117,1,부산광역시 사하구 승학로131번길 55,부산광역시 사하구 당리동 354-3,35.1057813173,128.9837416,2021,한전주,051-220-4671,부산광역시 사하구청,2026-02-27
당리동118,1,부산광역시 사하구 승학로131번길 55-3,부산광역시 사하구 당리동 354-23,35.1059877,128.9837679,2021,건축물,051-220-4671,부산광역시 사하구청,2026-02-27
당리동119,1,부산광역시 사하구 승학로131번길 59,부산광역시 사하구 당리동 354-9,35.1057321,128.9839701,2021,건축물,051-220-4671,부산광역시 사하구청,2026-02-27
당리동120,1,부산광역시 사하구 마하로 71,부산광역시 사하구 당리동 479-1,35.1059247,128.9843147,2021,한전주,051-220-4671,부산광역시 사하구청,2026-02-27
당리동121,1,부산광역시 사하구 마하로 73,부산광역시 사하구 당리동 480-4,35.1061758,128.9843866,2021,한전주,051-220-4671,부산광역시 사하구청,2026-02-27
당리동122,1,부산광역시 사하구 마하로 77-3,부산광역시 사하구 당리동 480-1,35.1062314742,128.9843038201,2021,한전주,051-220-4671,부산광역시 사하구청,2026-02-27
당리동123,1,부산광역시 사하구 마하로 51-6,부산광역시 사하구 당리동 352-59,35.1043637,128.9833338,2021,건축물,051-220-4671,부산광역시 사하구청,2026-02-27
당리동124,1,부산광역시 사하구 승학로 97-5,부산광역시 사하구 당리동 319-26,35.1036151971,128.9779838888,2021,한전주,051-220-4671,부산광역시 사하구청,2026-02-27
당리동125,1,부산광역시 사하구 낙동대로 380,부산광역시 사하구 당리동 321-9,35.1029582,128.9766874,2021,건축물,051-220-4671,부산광역시 사하구청,2026-02-27
당리동126,1,부산광역시 사하구 당리길 21-1,부산광역시 사하구 당리동 320-24,35.1033748,128.9770993979,2021,건축물,051-220-4671,부산광역시 사하구청,2026-02-27
당리동127,1,부산광역시 사하구 당리길 17-6,부산광역시 사하구 당리동 320-19,35.1035753,128.9769764,2021,건축물,051-220-4671,부산광역시 사하구청,2026-02-27
당리동128,1,부산광역시 사하구 낙동대로390번길 5,부산광역시 사하구 당리동 317-37,35.1034526,128.9756576,2021,건축물,051-220-4671,부산광역시 사하구청,2026-02-27
당리동129,1,부산광역시 사하구 승학로 82-1,부산광역시 사하구 당리동 320-49,35.1038581,128.9767639,2021,건축물,051-220-4671,부산광역시 사하구청,2026-02-27
당리동130,1,부산광역시 사하구 승학로71번안길 16,부산광역시 사하구 당리동 87-2,35.1052381,128.9761393,2021,한전주,051-220-4671,부산광역시 사하구청,2026-02-27
당리동131,1,부산광역시 사하구 승학로71번길 13,부산광역시 사하구 당리동 76-1,35.1051637,128.9762801,2021,건축물,051-220-4671,부산광역시 사하구청,2026-02-27
당리동132,1,부산광역시 사하구 승학로71번길 13-3,부산광역시 사하구 당리동 87-9,35.1054604,128.9763201,2021,건축물,051-220-4671,부산광역시 사하구청,2026-02-27
당리동133,1,부산광역시 사하구 승학로71번길 13-9,부산광역시 사하구 당리동 87-6,35.1057291,128.9764253,2021,건축물,051-220-4671,부산광역시 사하구청,2026-02-27
당리동134,1,부산광역시 사하구 승학로71번길 33-1,부산광역시 사하구 당리동 87-4,35.105897797,128.9764956,2021,건축물,051-220-4671,부산광역시 사하구청,2026-02-27
당리동135,1,부산광역시 사하구 승학로71번길 38,부산광역시 사하구 당리동 63-30,35.1060434,128.977047,2021,전용주,051-220-4671,부산광역시 사하구청,2026-02-27
당리동136,1,부산광역시 사하구 승학로71번길 42,부산광역시 사하구 당리동 63-24,35.106149,128.9771884601,2021,건축물,051-220-4671,부산광역시 사하구청,2026-02-27
당리동138,1,부산광역시 사하구 승학로71번안길 40-1,부산광역시 사하구 당리동 90-26,35.1061882453,128.9767111,2021,건축물,051-220-4671,부산광역시 사하구청,2026-02-27
당리동140,1,부산광역시 사하구 승학로71번안길 30,부산광역시 사하구 당리동 88-5,35.1059970081,128.9763994,2021,건축물,051-220-4671,부산광역시 사하구청,2026-02-27
당리동141,1,부산광역시 사하구 승학로71번안길 22,부산광역시 사하구 당리동 88-6,35.1057901068,128.9762738,2021,건축물,051-220-4671,부산광역시 사하구청,2026-02-27
당리동142,1,부산광역시 사하구 승학로71번안길 16,부산광역시 사하구 당리동 87-2,35.1052381,128.9761393,2021,한전주,051-220-4671,부산광역시 사하구청,2026-02-27
당리동148,1,부산광역시 사하구 제석로84번길 1,부산광역시 사하구 당리동 103,35.107385,128.9765639,2021,한전주,051-220-4671,부산광역시 사하구청,2026-02-27
당리동151,1,,부산광역시 사하구 당리동 90-8,35.1068745,128.9774728,2021,건축물,051-220-4671,부산광역시 사하구청,2026-02-27
당리동162,1,부산광역시 사하구 승학로71번안길 107,부산광역시 사하구 당리동 26-6,35.1086334,128.9784803,2021,한전주,051-220-4671,부산광역시 사하구청,2026-02-27
당리동163,1,부산광역시 사하구 승학로71번안길 110-1,부산광역시 사하구 당리동 26-29,35.108547,128.978796372,2021,건축물,051-220-4671,부산광역시 사하구청,2026-02-27
당리동164,1,부산광역시 사하구 승학로71번안길 113,부산광역시 사하구 당리동 26-4,35.1087850183,128.9786601,2021,건축물,051-220-4671,부산광역시 사하구청,2026-02-27
당리동165,1,부산광역시 사하구 승학로71번안길 120,부산광역시 사하구 당리동 26-33,35.108832,128.9790115,2021,건축물,051-220-4671,부산광역시 사하구청,2026-02-27
당리동166,1,부산광역시 사하구 제석로114번길 2-1,부산광역시 사하구 당리동 24,35.1088542,128.9792976482,2021,건축물,051-220-4671,부산광역시 사하구청,2026-02-27
당리동167,1,부산광역시 사하구 제석로114번길 2-11,부산광역시 사하구 당리동 24-7,35.1086331,128.9790506,2021,건축물,051-220-4671,부산광역시 사하구청,2026-02-27
당리동168,1,부산광역시 사하구 제석로114번길 14,부산광역시 사하구 당리동 22-1,35.1089809,128.9798266,2021,건축물,051-220-4671,부산광역시 사하구청,2026-02-27
당리동169,1,부산광역시 사하구 제석로114번길 18,부산광역시 사하구 당리동 22,35.1089945,128.980092704,2021,건축물,051-220-4671,부산광역시 사하구청,2026-02-27
당리동170,1,부산광역시 사하구 제석로114번길 18,부산광역시 사하구 당리동 22,35.1089945,128.980092704,2021,건축물,051-220-4671,부산광역시 사하구청,2026-02-27
당리동171,1,부산광역시 사하구 승학로71번길 107,부산광역시 사하구 당리동 23-4,35.1085402,128.9792238,2021,건축물,051-220-4671,부산광역시 사하구청,2026-02-27
당리동172,1,부산광역시 사하구 승학로71번길 95,부산광역시 사하구 당리동 60-44,35.1082328,128.9787338,2021,건축물,051-220-4671,부산광역시 사하구청,2026-02-27
당리동173,1,부산광역시 사하구 승학로71번길 89,부산광역시 사하구 당리동 60-50,35.1079479,128.9785186,2021,건축물,051-220-4671,부산광역시 사하구청,2026-02-27
당리동174,1,부산광역시 사하구 승학로71번길 82-1,부산광역시 사하구 당리동 61-22,35.1074748,128.9787923,2021,한전주,051-220-4671,부산광역시 사하구청,2026-02-27
당리동175,1,부산광역시 사하구 승학로71번길 66-8,부산광역시 사하구 당리동 61-6,35.1069625,128.9782279433,2021,건축물,051-220-4671,부산광역시 사하구청,2026-02-27
당리동176,1,부산광역시 사하구 승학로71번길 80,부산광역시 사하구 당리동 61-10,35.107397,128.978593,2021,건축물,051-220-4671,부산광역시 사하구청,2026-02-27
당리동177,1,부산광역시 사하구 승학로71번길 80,부산광역시 사하구 당리동 61-10,35.107397,128.978593,2021,건축물,051-220-4671,부산광역시 사하구청,2026-02-27
당리동183,1,부산광역시 사하구 제석로66번길 6,부산광역시 사하구 당리동 126,35.1061237,128.9754369,2021,전용주,051-220-4671,부산광역시 사하구청,2026-02-27
당리동185,1,부산광역시 사하구 제석로66번길 14,부산광역시 사하구 당리동 101-16,35.1061208,128.9756123,2021,건축물,051-220-4671,부산광역시 사하구청,2026-02-27
당리동186,1,부산광역시 사하구 제석로66번길 18,부산광역시 사하구 당리동 101-30,35.105993596,128.9758839,2021,건축물,051-220-4671,부산광역시 사하구청,2026-02-27
당리동188,1,부산광역시 사하구 승학로71번안길 17-4,부산광역시 사하구 당리동 121-6,35.1057386,128.9758443,2021,건축물,051-220-4671,부산광역시 사하구청,2026-02-27
당리동189,1,부산광역시 사하구 제석로62번길 17,부산광역시 사하구 당리동 122,35.1055605,128.9756939676,2021,한전주,051-220-4671,부산광역시 사하구청,2026-02-27
당리동190,1,부산광역시 사하구 제석로62번길 15,부산광역시 사하구 당리동 123,35.1055899338,128.9756328,2021,건축물,051-220-4671,부산광역시 사하구청,2026-02-27
당리동191,1,부산광역시 사하구 제석로62번길 11,부산광역시 사하구 당리동 126-3,35.1058338,128.9755286,2021,한전주,051-220-4671,부산광역시 사하구청,2026-02-27
당리동192,1,부산광역시 사하구 제석로62번길 7,부산광역시 사하구 당리동 129,35.105972,128.9753455,2021,한전주,051-220-4671,부산광역시 사하구청,2026-02-27
당리동193,1,부산광역시 사하구 제석로62번길 5,부산광역시 사하구 당리동 130-1,35.1059565,128.9751916,2021,한전주,051-220-4671,부산광역시 사하구청,2026-02-27
당리동194,1,부산광역시 사하구 승학로 61,부산광역시 사하구 당리동 318-7,35.1051646,128.9751177,2021,건축물,051-220-4671,부산광역시 사하구청,2026-02-27
당리동195,1,부산광역시 사하구 승학로 59,부산광역시 사하구 당리동 318-5,35.1052555406,128.9749609034,2021,건축물,051-220-4671,부산광역시 사하구청,2026-02-27
당리동196,1,부산광역시 사하구 제석로62번길 16,부산광역시 사하구 당리동 143-1,35.105485,128.9753667,2021,건축물,051-220-4671,부산광역시 사하구청,2026-02-27
당리동197,1,부산광역시 사하구 승학로 59-10,부산광역시 사하구 당리동 84-1,35.105193,128.9755899,2021,한전주,051-220-4671,부산광역시 사하구청,2026-02-27
당리동198,1,부산광역시 사하구 승학로71번안길 11,부산광역시 사하구 당리동 85-3,35.1053888,128.9757372,2021,건축물,051-220-4671,부산광역시 사하구청,2026-02-27
당리동199,1,부산광역시 사하구 승학로 69,부산광역시 사하구 당리동 318-12,35.1047583,128.975722,2021,건축물,051-220-4671,부산광역시 사하구청,2026-02-27
당리동200,1,부산광역시 사하구 승학로 65,부산광역시 사하구 당리동 318-9,35.104935,128.9753863,2021,건축물,051-220-4671,부산광역시 사하구청,2026-02-27
당리동201,1,부산광역시 사하구 승학로 72,부산광역시 사하구 당리동 317-26,35.1044963438,128.9756942,2021,건축물,051-220-4671,부산광역시 사하구청,2026-02-27
당리동202,1,부산광역시 사하구 승학로 68-2,부산광역시 사하구 당리동 317-19,35.1045832435,128.9753454,2021,건축물,051-220-4671,부산광역시 사하구청,2026-02-27
당리동203,1,부산광역시 사하구 승학로 66,부산광역시 사하구 당리동 317-92,35.1047288,128.9753155,2021,건축물,051-220-4671,부산광역시 사하구청,2026-02-27
당리동204,1,부산광역시 사하구 낙동대로410번길 25,부산광역시 사하구 당리동 316-2,35.1050632,128.9742180021,2021,건축물,051-220-4671,부산광역시 사하구청,2026-02-27
당리동205,1,부산광역시 사하구 제석로 48,부산광역시 사하구 당리동 316-4,35.1050394,128.9739522,2021,한전주,051-220-4671,부산광역시 사하구청,2026-02-27
당리동206,1,부산광역시 사하구 제석로 40,부산광역시 사하구 당리동 316-16,35.1046653,128.9731317,2021,한전주,051-220-4671,부산광역시 사하구청,2026-02-27
당리동207,1,부산광역시 사하구 제석로 38-1,부산광역시 사하구 당리동 316-35,35.1045552,128.9732497,2021,건축물,051-220-4671,부산광역시 사하구청,2026-02-27
당리동208,1,부산광역시 사하구 낙동대로398번길 25,부산광역시 사하구 당리동 317-107,35.1041693,128.9742603,2021,전용주,051-220-4671,부산광역시 사하구청,2026-02-27
당리동209,1,부산광역시 사하구 낙동대로398번길 3-12,부산광역시 사하구 당리동 317-53,35.1039515,128.9743537,2021,한전주,051-220-4671,부산광역시 사하구청,2026-02-27
당리동210,1,부산광역시 사하구 낙동대로398번길 3-7,부산광역시 사하구 당리동 317-57,35.1037994,128.9742842,2021,한전주,051-220-4671,부산광역시 사하구청,2026-02-27
당리동211,1,부산광역시 사하구 낙동대로398번길 3-1,부산광역시 사하구 당리동 317-79,35.1036948,128.9746217,2021,전용주,051-220-4671,부산광역시 사하구청,2026-02-27
당리동212,1,부산광역시 사하구 낙동대로398번길 5,부산광역시 사하구 당리동 317-71,35.1037815,128.9748321,2021,한전주,051-220-4671,부산광역시 사하구청,2026-02-27
당리동213,1,부산광역시 사하구 낙동대로398번길 18,부산광역시 사하구 당리동 317-63,35.1041607,128.9747864,2021,건축물,051-220-4671,부산광역시 사하구청,2026-02-27
당리동214,1,부산광역시 사하구 낙동대로 394-10,부산광역시 사하구 당리동 317-39,35.1038318,128.9756119,2021,한전주,051-220-4671,부산광역시 사하구청,2026-02-27
당리동215,1,부산광역시 사하구 낙동대로 394-10,부산광역시 사하구 당리동 317-39,35.1038318,128.9756119,2021,건축물,051-220-4671,부산광역시 사하구청,2026-02-27
당리동216,1,부산광역시 사하구 낙동대로398번길 12,부산광역시 사하구 당리동 317-16,35.1045209,128.974790181,2021,건축물,051-220-4671,부산광역시 사하구청,2026-02-27
당리동217,1,부산광역시 사하구 낙동대로398번길 12,부산광역시 사하구 당리동 317-16,35.104501958,128.974790181,2021,한전주,051-220-4671,부산광역시 사하구청,2026-02-27
당리동218,1,부산광역시 사하구 낙동대로390번길 17-2,부산광역시 사하구 당리동 317-109,35.1040989,128.9758157,2021,한전주,051-220-4671,부산광역시 사하구청,2026-02-27
당리동219,1,부산광역시 사하구 낙동대로 394-6,부산광역시 사하구 당리동 317-41,35.1035962638,128.9755299,2021,한전주,051-220-4671,부산광역시 사하구청,2026-02-27
당리동220,1,부산광역시 사하구 낙동대로 394-2,부산광역시 사하구 당리동 317-48,35.1034558,128.9754603,2021,한전주,051-220-4671,부산광역시 사하구청,2026-02-27
당리동221,1,부산광역시 사하구 승학로 40,부산광역시 사하구 당리동 307-30,35.1061757392,128.9729384,2021,한전주,051-220-4671,부산광역시 사하구청,2026-02-27
당리동222,1,부산광역시 사하구 승학로 43,부산광역시 사하구 당리동 312-25,35.1061456,128.9735403,2021,한전주,051-220-4671,부산광역시 사하구청,2026-02-27
당리동223,1,부산광역시 사하구 승학로 47-1,부산광역시 사하구 당리동 312-6,35.1061856,128.9738483,2021,건축물,051-220-4671,부산광역시 사하구청,2026-02-27
당리동224,1,부산광역시 사하구 승학로 41-5,부산광역시 사하구 당리동 310-23,35.1065538,128.9733746,2021,한전주,051-220-4671,부산광역시 사하구청,2026-02-27
당리동225,1,부산광역시 사하구 제석로59번길 16-1,부산광역시 사하구 당리동 311-10,35.1065836363,128.9741325,2021,건축물,051-220-4671,부산광역시 사하구청,2026-02-27
당리동226,1,부산광역시 사하구 제석로 61,부산광역시 사하구 당리동 311-21,35.1061897,128.9746893238,2021,한전주,051-220-4671,부산광역시 사하구청,2026-02-27
당리동227,1,부산광역시 사하구 제석로65번길 3,부산광역시 사하구 당리동 212,35.1064964597,128.9746129,2021,한전주,051-220-4671,부산광역시 사하구청,2026-02-27
당리동228,1,부산광역시 사하구 제석로59번안길 7,부산광역시 사하구 당리동 211-1,35.1066368,128.9743636,2021,한전주,051-220-4671,부산광역시 사하구청,2026-02-27
당리동229,1,부산광역시 사하구 제석로59번안길 10,부산광역시 사하구 당리동 204-1,35.1066892646,128.9744311,2021,한전주,051-220-4671,부산광역시 사하구청,2026-02-27
당리동230,1,부산광역시 사하구 제석로59번안길 15,부산광역시 사하구 당리동 222-1,35.1066899988,128.9740694,2021,한전주,051-220-4671,부산광역시 사하구청,2026-02-27
당리동231,1,부산광역시 사하구 제석로59번안길 20,부산광역시 사하구 당리동 192,35.1069355,128.9742831,2021,한전주,051-220-4671,부산광역시 사하구청,2026-02-27
당리동232,1,부산광역시 사하구 제석로59번안길 23,부산광역시 사하구 당리동 189,35.1071279,128.9740903,2021,한전주,051-220-4671,부산광역시 사하구청,2026-02-27
당리동233,1,부산광역시 사하구 승학로31번길 31,부산광역시 사하구 당리동 182-4,35.1073598,128.9742385,2021,한전주,051-220-4671,부산광역시 사하구청,2026-02-27
당리동234,1,부산광역시 사하구 승학로31번길 31-2,부산광역시 사하구 당리동 182-3,35.1074666,128.9743178,2021,건축물,051-220-4671,부산광역시 사하구청,2026-02-27
당리동235,1,부산광역시 사하구 승학로31번길 41,부산광역시 사하구 당리동 182-18,35.1074321,128.9747776,2021,한전주,051-220-4671,부산광역시 사하구청,2026-02-27
당리동236,1,부산광역시 사하구 승학로31번길 45,부산광역시 사하구 당리동 182-1,35.1074938126,128.9750428,2021,한전주,051-220-4671,부산광역시 사하구청,2026-02-27
당리동237,1,부산광역시 사하구 승학로31번길 36,부산광역시 사하구 당리동 193-2,35.107177798,128.974465,2021,한전주,051-220-4671,부산광역시 사하구청,2026-02-27
당리동238,1,부산광역시 사하구 제석로65번길 20,부산광역시 사하구 당리동 193-7,35.1071285,128.9745943377,2021,건축물,051-220-4671,부산광역시 사하구청,2026-02-27
당리동239,1,부산광역시 사하구 제석로69번길 8,부산광역시 사하구 당리동 195-1,35.1071399,128.9750118,2021,건축물,051-220-4671,부산광역시 사하구청,2026-02-27
당리동240,1,부산광역시 사하구 제석로65번길 10,부산광역시 사하구 당리동 198-3,35.1068448,128.9748731,2021,건축물,051-220-4671,부산광역시 사하구청,2026-02-27
당리동241,1,부산광역시 사하구 제석로65번길 1,부산광역시 사하구 당리동 161-1,35.1064391,128.9748852,2021,한전주,051-220-4671,부산광역시 사하구청,2026-02-27
당리동242,1,부산광역시 사하구 제석로65번길 1,부산광역시 사하구 당리동 161-1,35.1064391,128.9748852,2021,한전주,051-220-4671,부산광역시 사하구청,2026-02-27
당리동243,1,부산광역시 사하구 제석로 73-4,부산광역시 사하구 당리동 170,35.1072931823,128.9754765,2021,건축물,051-220-4671,부산광역시 사하구청,2026-02-27
당리동244,1,부산광역시 사하구 제석로79번길 3,부산광역시 사하구 당리동 172-1,35.1075259,128.9756571,2021,한전주,051-220-4671,부산광역시 사하구청,2026-02-27
당리동245,1,부산광역시 사하구 제석로79번길 23-4,부산광역시 사하구 당리동 179-12,35.1083512,128.9753371,2021,전용주,051-220-4671,부산광역시 사하구청,2026-02-27
당리동246,1,부산광역시 사하구 제석로79번길 32,부산광역시 사하구 당리동 39,35.1088409,128.9762591,2021,한전주,051-220-4671,부산광역시 사하구청,2026-02-27
당리동247,1,부산광역시 사하구 제석로79번안길 4,부산광역시 사하구 당리동 46-3,35.1076366,128.9760546,2021,한전주,051-220-4671,부산광역시 사하구청,2026-02-27
당리동248,1,부산광역시 사하구 제석로79번안길 10,부산광역시 사하구 당리동 41-1,35.1080692,128.9760541,2021,한전주,051-220-4671,부산광역시 사하구청,2026-02-27
당리동249,1,부산광역시 사하구 제석로79번안길 15,부산광역시 사하구 당리동 41-3,35.1081785,128.9759799,2021,건축물,051-220-4671,부산광역시 사하구청,2026-02-27
당리동250,1,부산광역시 사하구 제석로93번길 16,부산광역시 사하구 당리동 41-12,35.1080645,128.9763391,2021,한전주,051-220-4671,부산광역시 사하구청,2026-02-27
당리동251,1,부산광역시 사하구 제석로93번길 12,부산광역시 사하구 당리동 41-14,35.1080961,128.976614,2021,건축물,051-220-4671,부산광역시 사하구청,2026-02-27
당리동252,1,부산광역시 사하구 제석로93번길 2,부산광역시 사하구 당리동 41-4,35.108223,128.9771215,2021,전용주,051-220-4671,부산광역시 사하구청,2026-02-27
당리동253,1,부산광역시 사하구 제석로93번안길 12,부산광역시 사하구 당리동 41-22,35.1078565,128.9763889,2021,건축물,051-220-4671,부산광역시 사하구청,2026-02-27
당리동254,1,부산광역시 사하구 제석로95번길 5,부산광역시 사하구 당리동 37,35.1086344,128.9773179,2021,한전주,051-220-4671,부산광역시 사하구청,2026-02-27
당리동255,1,부산광역시 사하구 제석로95번길 21,부산광역시 사하구 당리동 39-18,35.1088432,128.9772242,2021,한전주,051-220-4671,부산광역시 사하구청,2026-02-27
당리동256,1,부산광역시 사하구 제석로95번길 18-2,부산광역시 사하구 당리동 33-47,35.1088991481,128.9776208,2021,건축물,051-220-4671,부산광역시 사하구청,2026-02-27
당리동257,1,부산광역시 사하구 제석로95번길 35,부산광역시 사하구 당리동 39-14,35.1098877,128.9767231,2021,한전주,051-220-4671,부산광역시 사하구청,2026-02-27
당리동258,1,부산광역시 사하구 제석로95번길 3 6,부산광역시 사하구 당리동 33-22,35.109871,128.9771942,2021,한전주,051-220-4671,부산광역시 사하구청,2026-02-27
당리동259,1,부산광역시 사하구 제석로95번길 36-1,부산광역시 사하구 당리동 33-19,35.1099991906,128.9772637,2021,건축물,051-220-4671,부산광역시 사하구청,2026-02-27
당리동260,1,부산광역시 사하구 제석로95번길 40,부산광역시 사하구 당리동 33-15,35.1101533,128.9770146,2021,한전주,051-220-4671,부산광역시 사하구청,2026-02-27
당리동261,1,부산광역시 사하구 제석로95번길 26,부산광역시 사하구 당리동 33-41,35.1092271,128.9774419,2021,한전주,051-220-4671,부산광역시 사하구청,2026-02-27
당리동262,1,부산광역시 사하구 제석로95번길 22-2,부산광역시 사하구 당리동 33-42,35.1092426,128.9775958,2021,한전주,051-220-4671,부산광역시 사하구청,2026-02-27
당리동263,1,부산광역시 사하구 제석로 111-3,부산광역시 사하구 당리동 33-11,35.1091315,128.9777795,2021,한전주,051-220-4671,부산광역시 사하구청,2026-02-27
당리동264,1,부산광역시 사하구 제석로 113,부산광역시 사하구 당리동 33,35.1092979,128.978628,2021,건축물,051-220-4671,부산광역시 사하구청,2026-02-27
당리동265,1,부산광역시 사하구 제석로 111,부산광역시 사하구 당리동 산 32-9,35.1089807,128.9781817,2021,건축물,051-220-4671,부산광역시 사하구청,2026-02-27
당리동266,1,부산광역시 사하구 제석로95번길 8-1,부산광역시 사하구 당리동 33-48,35.1087818645,128.9776399,2021,한전주,051-220-4671,부산광역시 사하구청,2026-02-27
당리동267,1,부산광역시 사하구 승학로31번길 26,부산광역시 사하구 당리동 189-1,35.1071392,128.973948,2021,한전주,051-220-4671,부산광역시 사하구청,2026-02-27
당리동268,1,부산광역시 사하구 승학로31번길 21,부산광역시 사하구 당리동 309-2,35.1072343,128.9736433,2021,한전주,051-220-4671,부산광역시 사하구청,2026-02-27
당리동269,1,부산광역시 사하구 승학로31번길 21,부산광역시 사하구 당리동 309-2,35.1072343,128.9736433,2021,한전주,051-220-4671,부산광역시 사하구청,2026-02-27
당리동270,1,부산광역시 사하구 승학로31번길 17,부산광역시 사하구 당리동 309-1,35.1073808,128.9734930616,2021,건축물,051-220-4671,부산광역시 사하구청,2026-02-27
당리동271,1,부산광역시 사하구 승학로31번길 13,부산광역시 사하구 당리동 309-3,35.1071935807,128.9731932,2021,건축물,051-220-4671,부산광역시 사하구청,2026-02-27
당리동272,1,부산광역시 사하구 승학로31번길 1,부산광역시 사하구 당리동 309-5,35.1069327,128.9727916,2021,한전주,051-220-4671,부산광역시 사하구청,2026-02-27
당리동273,1,부산광역시 사하구 승학로 28-1,부산광역시 사하구 당리동 307-6,35.1065319,128.9719485,2021,건축물,051-220-4671,부산광역시 사하구청,2026-02-27
당리동274,1,부산광역시 사하구 승학로 25-4,부산광역시 사하구 당리동 308-14,35.1069782792,128.9718173,2021,건축물,051-220-4671,부산광역시 사하구청,2026-02-27
당리동275,1,부산광역시 사하구 승학로 23-4,부산광역시 사하구 당리동 308-6,35.1069972785,128.9714667,2021,건축물,051-220-4671,부산광역시 사하구청,2026-02-27
당리동276,1,부산광역시 사하구 승학로17번길 8,부산광역시 사하구 당리동 234-1,35.1072455,128.9707374,2021,한전주,051-220-4671,부산광역시 사하구청,2026-02-27
당리동277,1,부산광역시 사하구 승학로17번길 8,부산광역시 사하구 당리동 234-1,35.1072455,128.9707374,2021,한전주,051-220-4671,부산광역시 사하구청,2026-02-27
당리동278,1,부산광역시 사하구 승학로19번길 6,부산광역시 사하구 당리동 237-29,35.1071348,128.9714476,2021,한전주,051-220-4671,부산광역시 사하구청,2026-02-27
당리동279,1,부산광역시 사하구 승학로19번길 8,부산광역시 사하구 당리동 231,35.1071235,128.9715899,2021,한전주,051-220-4671,부산광역시 사하구청,2026-02-27
당리동280,1,부산광역시 사하구 승학로 15,부산광역시 사하구 당리동 301-10,35.1067963322,128.9705297,2021,한전주,051-220-4671,부산광역시 사하구청,2026-02-27
당리동281,1,부산광역시 사하구 승학로17번길 1,부산광역시 사하구 당리동 301-25,35.1068905,128.9703999,2021,한전주,051-220-4671,부산광역시 사하구청,2026-02-27
당리동282,1,부산광역시 사하구 승학로17번길 5,부산광역시 사하구 당리동 301-6,35.1069467,128.9702697,2021,건축물,051-220-4671,부산광역시 사하구청,2026-02-27
당리동283,1,부산광역시 사하구 승학로17번길 7,부산광역시 사하구 당리동 234-16,35.1069988851,128.9701508,2021,한전주,051-220-4671,부산광역시 사하구청,2026-02-27
당리동284,1,부산광역시 사하구 승학로17번길 15,부산광역시 사하구 당리동 234-12,35.1071897,128.9697382,2021,한전주,051-220-4671,부산광역시 사하구청,2026-02-27
당리동285,1,부산광역시 사하구 승학로 20,부산광역시 사하구 당리동 306-70,35.1066677,128.9707826198,2021,한전주,051-220-4671,부산광역시 사하구청,2026-02-27
당리동286,1,부산광역시 사하구 승학로20번길 6-1,부산광역시 사하구 당리동 306-26,35.1064383,128.971058,2021,건축물,051-220-4671,부산광역시 사하구청,2026-02-27
당리동287,1,부산광역시 사하구 승학로20번길 10,부산광역시 사하구 당리동 306-11,35.1064349,128.9712663,2021,한전주,051-220-4671,부산광역시 사하구청,2026-02-27
당리동288,1,부산광역시 사하구 승학로20번길 10-4,부산광역시 사하구 당리동 306-73,35.1062749,128.9711308,2021,건축물,051-220-4671,부산광역시 사하구청,2026-02-27
당리동289,1,부산광역시 사하구 승학로20번길 16,부산광역시 사하구 당리동 306-13,35.1062591,128.9715471,2021,한전주,051-220-4671,부산광역시 사하구청,2026-02-27
당리동290,1,부산광역시 사하구 승학로20번길 16-2,부산광역시 사하구 당리동 306-78,35.1061346,128.9714454,2021,건축물,051-220-4671,부산광역시 사하구청,2026-02-27
당리동291,1,부산광역시 사하구 승학로20번길 17-2,부산광역시 사하구 당리동 307-44,35.1064701,128.9718702,2021,건축물,051-220-4671,부산광역시 사하구청,2026-02-27
당리동292,1,부산광역시 사하구 승학로20번길 21-4,부산광역시 사하구 당리동 307-16,35.1063922,128.9722303,2021,건축물,051-220-4671,부산광역시 사하구청,2026-02-27
당리동293,1,부산광역시 사하구 승학로20번길 23,부산광역시 사하구 당리동 307-19,35.1061938339,128.9720724,2021,한전주,051-220-4671,부산광역시 사하구청,2026-02-27
당리동294,1,부산광역시 사하구 낙동대로436번길 35,부산광역시 사하구 당리동 306-18,35.1058508,128.972272,2021,한전주,051-220-4671,부산광역시 사하구청,2026-02-27
당리동295,1,부산광역시 사하구 낙동대로436번길 43-2,부산광역시 사하구 당리동 307-33,35.1062504,128.9726326,2021,건축물,051-220-4671,부산광역시 사하구청,2026-02-27
당리동296,1,부산광역시 사하구 승학로10번길 31-2,부산광역시 사하구 당리동 306-45,35.1057842385,128.9717884,2021,건축물,051-220-4671,부산광역시 사하구청,2026-02-27
당리동297,1,부산광역시 사하구 승학로10번길 27-2,부산광역시 사하구 당리동 306-39,35.1059436,128.9715505,2021,건축물,051-220-4671,부산광역시 사하구청,2026-02-27
당리동298,1,부산광역시 사하구 승학로10번길 23,부산광역시 사하구 당리동 306-61,35.1059403,128.9711995,2021,한전주,051-220-4671,부산광역시 사하구청,2026-02-27
당리동299,1,부산광역시 사하구 승학로10번길 20-4,부산광역시 사하구 당리동 305-50,35.1057676,128.9707348,2021,건축물,051-220-4671,부산광역시 사하구청,2026-02-27
당리동300,1,부산광역시 사하구 승학로10번길 17,부산광역시 사하구 당리동 306-54,35.1060705,128.9709504,2021,한전주,051-220-4671,부산광역시 사하구청,2026-02-27
당리동301,1,부산광역시 사하구 낙동대로450번길 15,부산광역시 사하구 당리동 302-9,35.1060304,128.9700941,2021,한전주,051-220-4671,부산광역시 사하구청,2026-02-27
당리동302,1,부산광역시 사하구 승학로2번길 1,부산광역시 사하구 당리동 302-7,35.1062775093,128.9694938592,2021,건축물,051-220-4671,부산광역시 사하구청,2026-02-27
당리동303,1,부산광역시 사하구 승학로2번길 1,부산광역시 사하구 당리동 302-7,35.1062775093,128.9694938592,2021,건축물,051-220-4671,부산광역시 사하구청,2026-02-27
당리동304,1,부산광역시 사하구 낙동대로436번길 19,부산광역시 사하구 당리동 305-47,35.1053945,128.9715154,2021,한전주,051-220-4671,부산광역시 사하구청,2026-02-27
당리동305,1,부산광역시 사하구 낙동대로436번길 14,부산광역시 사하구 당리동 313-14,35.1051322,128.9715748,2021,건축물,051-220-4671,부산광역시 사하구청,2026-02-27
당리동306,1,부산광역시 사하구 제석로31번길 16,부산광역시 사하구 당리동 313-48,35.1050349,128.9719940504,2021,한전주,051-220-4671,부산광역시 사하구청,2026-02-27
당리동307,1,부산광역시 사하구 제석로31번길 16-1,부산광역시 사하구 당리동 313-46,35.105242,128.9720271,2021,건축물,051-220-4671,부산광역시 사하구청,2026-02-27
당리동308,1,부산광역시 사하구 제석로31번길 16,부산광역시 사하구 당리동 313-48,35.1050349,128.9719940504,2021,한전주,051-220-4671,부산광역시 사하구청,2026-02-27
당리동309,1,부산광역시 사하구 제석로95번길 99,부산광역시 사하구 당리동 39-9,35.110898408,128.975745346,2021,한전주,051-220-4671,부산광역시 사하구청,2026-02-27
당리동310,1,부산광역시 사하구 제석로95번길 51,부산광역시 사하구 당리동 39-11,35.1098337,128.9761625,2021,한전주,051-220-4671,부산광역시 사하구청,2026-02-27
당리동311,1,부산광역시 사하구 승학로131번길 39,부산광역시 사하구 당리동 353-22,35.1051689,128.9825857,2021,건축물,051-220-4671,부산광역시 사하구청,2026-02-27
당리동312,1,부산광역시 사하구 승학로 118-1,부산광역시 사하구 당리동 347-10,35.1032385,128.9804993,2021,건축물,051-220-4671,부산광역시 사하구청,2026-02-27
당리동313,1,부산광역시 사하구 승학로 101-4,부산광역시 사하구 당리동 345-22,35.1035372,128.978763,2021,건축물,051-220-4671,부산광역시 사하구청,2026-02-27
당리동314,1,부산광역시 사하구 승학로 97-5,부산광역시 사하구 당리동 319-26,35.1036398,128.9779978,2021,전용주,051-220-4671,부산광역시 사하구청,2026-02-27
당리동315,1,부산광역시 사하구 승학로 97-5,부산광역시 사하구 당리동 319-26,35.1036398,128.9779978,2021,건축물,051-220-4671,부산광역시 사하구청,2026-02-27
당리동316,1,부산광역시 사하구 제석로114번길 27,부산광역시 사하구 당리동 544-1,35.109138,128.9801823881,2021,전용주,051-220-4671,부산광역시 사하구청,2026-02-27
당리동317,1,부산광역시 사하구 제석로95번길 99,부산광역시 사하구 당리동 39-9,35.110898408,128.975761,2021,한전주,051-220-4671,부산광역시 사하구청,2026-02-27
당리동318,1,부산광역시 사하구 제석로95번길 51,부산광역시 사하구 당리동 39-11,35.1098337,128.9761625,2021,한전주,051-220-4671,부산광역시 사하구청,2026-02-27
당리동319,1,부산광역시 사하구 승학로 7-7,부산광역시 사하구 당리동 237-21,35.1069795622,128.969624,2021,한전주,051-220-4671,부산광역시 사하구청,2026-02-27
당리동320,1,부산광역시 사하구 승학로 7-10,부산광역시 사하구 당리동 234-17,35.1069702,128.9699303,2021,한전주,051-220-4671,부산광역시 사하구청,2026-02-27
당리동321,1,부산광역시 사하구 마하로31번길 56-2,부산광역시 사하구 당리동 344-9,35.1029537,128.9797248,2022,건축물,051-220-4671,부산광역시 사하구청,2026-02-27
당리동322,1,부산광역시 사하구 승학로11-3,부산광역시 사하구 당리동 301-36,35.1068962,128.9700491,2023,,051-220-4671,부산광역시 사하구청,2026-02-27
당리동324,1,,부산광역시 사하구 당리동 335,35.1005341065,128.9786372627,2021,한전주,051-220-4671,부산광역시 사하구청,2026-02-27
당리동325,1,부산광역시 사하구 동매로158번길 16-6,부산광역시 사하구 당리동 506,35.1007355,128.9753837,2021,건축물,051-220-4671,부산광역시 사하구청,2026-02-27
당리동327,1,부산광역시 사하구 제석로 50,부산광역시 사하구 당리동 316-2,35.1050632,128.9741502,2025,건축물,051-220-4671,부산광역시 사하구청,2026-02-27
당리동328,1,부산광역시 사하구 동매로 146,부산광역시 사하구 당리동 329-4,35.1010905515,128.973737,2023,,051-220-4671,부산광역시 사하구청,2026-02-27
당리동329,1,부산광역시 사하구 동매로 161,부산광역시 사하구 당리동 331-21,35.1014757,128.9756511065,2023,,051-220-4671,부산광역시 사하구청,2026-02-27
당리동330,1,부산광역시 사하구 승학로 121,부산광역시 사하구 당리동 346-4,35.1035411797,128.9806563594,2024,,051-220-4671,부산광역시 사하구청,2026-02-27
당리동332,1,부산광역시 사하구 동매로 148-3,부산광역시 사하구 당리동 329-17,35.1009940511,128.9740637,2025,건축물,051-220-4671,부산광역시 사하구청,2026-02-27
당리동333,1,부산광역시 사하구 승학로71번안길 13,부산광역시 사하구 당리동 85-1,35.1054588,128.9758705,2025,건축물,051-220-4671,부산광역시 사하구청,2026-02-27
당리동334,1,부산광역시 사하구 낙동대로 394-2,부산광역시 사하구 당리동 317-48,35.1034558,128.9754603,2025,건축물,051-220-4671,부산광역시 사하구청,2026-02-27
사남1,1,,부산광역시 사하구 괴정동 1206-31,35.096662,128.9824781461,2024,,051-220-4671,부산광역시 사하구청,2026-02-27
사남2,1,,부산광역시 사하구 괴정동 1206-31,35.096662,128.9824781461,2024,,051-220-4671,부산광역시 사하구청,2026-02-27
사남3,1,,부산광역시 사하구 괴정동 1206-31,35.096662,128.9824781461,2024,,051-220-4671,부산광역시 사하구청,2026-02-27
신평동001,1,부산광역시 사하구 다대로83번길 6,부산광역시 사하구 신평동 19-4,35.0947999827,128.9784318,2021,한전주,051-220-4671,부산광역시 사하구청,2026-02-27
신평동002,1,부산광역시 사하구 다대로83번길 6,부산광역시 사하구 신평동 19-4,35.0947999827,128.9784318,2021,한전주,051-220-4671,부산광역시 사하구청,2026-02-27
신평동003,1,부산광역시 사하구 다대로83번길 6,부산광역시 사하구 신평동 19-4,35.0947999827,128.9784318,2021,한전주,051-220-4671,부산광역시 사하구청,2026-02-27
신평동004,1,부산광역시 사하구 다대로83번길 50,부산광역시 사하구 신평동 100-15,35.0935398716,128.9805655962,2021,한전주,051-220-4671,부산광역시 사하구청,2026-02-27
신평동005,1,부산광역시 사하구 다대로83번길 50,부산광역시 사하구 신평동 100-15,35.0935584,128.9805833,2021,한전주,051-220-4671,부산광역시 사하구청,2026-02-27
신평동006,1,부산광역시 사하구 다대로83번길 50,부산광역시 사하구 신평동 100-15,35.0935584,128.9805833,2021,한전주,051-220-4671,부산광역시 사하구청,2026-02-27
신평동007,1,부산광역시 사하구 다대로83번길 65,부산광역시 사하구 괴정동 산 113-19,35.0940936087,128.980794227,2021,한전주,051-220-4671,부산광역시 사하구청,2026-02-27
신평동008,1,부산광역시 사하구 다대로83번안길 11,부산광역시 사하구 신평동 23-7,35.0937555304,128.9809678412,2021,한전주,051-220-4671,부산광역시 사하구청,2026-02-27
신평동009,1,부산광역시 사하구 다대로83번안길 15,부산광역시 사하구 신평동 23-9,35.0936948646,128.981245,2021,한전주,051-220-4671,부산광역시 사하구청,2026-02-27
신평동010,1,부산광역시 사하구 다대로83번길 92-5,부산광역시 사하구 신평동 23-6,35.093318555,128.9824334258,2021,한전주,051-220-4671,부산광역시 사하구청,2026-02-27
신평동011,1,부산광역시 사하구 다대로83번길 92-5,부산광역시 사하구 신평동 23-6,35.0933388,128.9824419,2021,한전주,051-220-4671,부산광역시 사하구청,2026-02-27
신평동012,1,부산광역시 사하구 장평로 304-8,부산광역시 사하구 신평동 11-238,35.0936355,128.974752,2021,건축물,051-220-4671,부산광역시 사하구청,2026-02-27
신평동013,1,부산광역시 사하구 장평로 312,부산광역시 사하구 신평동 135-18,35.0936253,128.9742693,2021,건축물,051-220-4671,부산광역시 사하구청,2026-02-27
신평동014,1,부산광역시 사하구 장평로 304-1,부산광역시 사하구 신평동 134-1,35.0934889,128.9743428,2021,한전주,051-220-4671,부산광역시 사하구청,2026-02-27
신평동015,1,부산광역시 사하구 다대로83번길 6,부산광역시 사하구 신평동 19-4,35.0947999827,128.9784318,2021,한전주,051-220-4671,부산광역시 사하구청,2026-02-27
신평동016,1,부산광역시 사하구 다대로83번길 6,부산광역시 사하구 신평동 19-4,35.0947999827,128.9784318,2021,전용주,051-220-4671,부산광역시 사하구청,2026-02-27
신평동017,1,부산광역시 사하구 다대로83번길 6,부산광역시 사하구 신평동 19-4,35.0947999827,128.9784318,2021,전용주,051-220-4671,부산광역시 사하구청,2026-02-27
신평동018,1,부산광역시 사하구 다대로83번길 6,부산광역시 사하구 신평동 19-4,35.0947999827,128.9784318,2021,전용주,051-220-4671,부산광역시 사하구청,2026-02-27
신평동019,1,부산광역시 사하구 다대로83번길 6,부산광역시 사하구 신평동 19-4,35.0947999827,128.9784318,2021,한전주,051-220-4671,부산광역시 사하구청,2026-02-27
신평동020,1,부산광역시 사하구 다대로83번길 6,부산광역시 사하구 신평동 19-4,35.0947999827,128.9784318,2021,전용주,051-220-4671,부산광역시 사하구청,2026-02-27
신평동021,1,부산광역시 사하구 다대로 109,부산광역시 사하구 신평동 100,35.0924591,128.9794712,2021,건축물,051-220-4671,부산광역시 사하구청,2026-02-27
신평동022,1,부산광역시 사하구 다대로 109,부산광역시 사하구 신평동 100,35.0924591,128.9794712,2021,건축물,051-220-4671,부산광역시 사하구청,2026-02-27
신평동023,1,부산광역시 사하구 다대로83번안길 63,부산광역시 사하구 신평동 100-17,35.0930949621,128.9805616,2021,건축물,051-220-4671,부산광역시 사하구청,2026-02-27
신평동024,1,부산광역시 사하구 다대로83번안길 63,부산광역시 사하구 신평동 100-17,35.0930949621,128.9805616,2021,건축물,051-220-4671,부산광역시 사하구청,2026-02-27
신평동025,1,부산광역시 사하구 다대로83번안길 63,부산광역시 사하구 신평동 100-17,35.0930949621,128.9805486942,2021,한전주,051-220-4671,부산광역시 사하구청,2026-02-27
신평동026,1,부산광역시 사하구 다대로83번안길 63,부산광역시 사하구 신평동 100-17,35.0930949621,128.9805486942,2021,건축물,051-220-4671,부산광역시 사하구청,2026-02-27
신평동027,1,부산광역시 사하구 다대로83번안길 11,부산광역시 사하구 신평동 23-7,35.0937772,128.9809833,2021,전용주,051-220-4671,부산광역시 사하구청,2026-02-27
신평동028,1,부산광역시 사하구 다대로83번안길 15,부산광역시 사하구 신평동 23-9,35.0936948646,128.981245,2021,건축물,051-220-4671,부산광역시 사하구청,2026-02-27
신평동029,1,부산광역시 사하구 다대로83번안길 21,부산광역시 사하구 신평동 23-10,35.0936716,128.9813755,2021,한전주,051-220-4671,부산광역시 사하구청,2026-02-27
신평동030,1,부산광역시 사하구 다대로83번안길 31,부산광역시 사하구 신평동 23-35,35.0934827,128.9818950939,2021,건축물,051-220-4671,부산광역시 사하구청,2026-02-27
신평동031,1,부산광역시 사하구 다대로83번안길 33,부산광역시 사하구 신평동 23-34,35.0933993,128.9820487,2021,건축물,051-220-4671,부산광역시 사하구청,2026-02-27
신평동032,1,부산광역시 사하구 다대로83번안길 35-1,부산광역시 사하구 신평동 23-31,35.0932898,128.9821337,2021,한전주,051-220-4671,부산광역시 사하구청,2026-02-27
신평동033,1,부산광역시 사하구 다대로83번안길 35-3,부산광역시 사하구 신평동 23-33,35.0932968,128.9822545,2021,건축물,051-220-4671,부산광역시 사하구청,2026-02-27
신평동034,1,부산광역시 사하구 다대로83번길 92-5,부산광역시 사하구 신평동 23-6,35.0933388,128.9824419,2021,전용주,051-220-4671,부산광역시 사하구청,2026-02-27
신평동035,1,부산광역시 사하구 다대로83번길 92-5,부산광역시 사하구 신평동 23-6,35.0933388,128.9824419,2021,한전주,051-220-4671,부산광역시 사하구청,2026-02-27
신평동036,1,부산광역시 사하구 다대로83번길 92-3,부산광역시 사하구 신평동 산32,35.0933628,128.9826289,2021,건축물,051-220-4671,부산광역시 사하구청,2026-02-27
신평동037,1,부산광역시 사하구 다대로83번길 92-3,부산광역시 사하구 신평동 산32,35.0933628,128.9826289,2021,건축물,051-220-4671,부산광역시 사하구청,2026-02-27
신평동038,1,부산광역시 사하구 다대로83번길 92-3,부산광역시 사하구 신평동 산32,35.0933628,128.9826289,2021,전용주,051-220-4671,부산광역시 사하구청,2026-02-27
신평동039,1,부산광역시 사하구 다대로83번길 92-3,부산광역시 사하구 신평동 산32,35.0933628,128.9826289,2021,전용주,051-220-4671,부산광역시 사하구청,2026-02-27
신평동040,1,부산광역시 사하구 다대로83번안길 37-3,부산광역시 사하구 신평동 산 49-9,35.0928676525,128.9818902927,2021,전용주,051-220-4671,부산광역시 사하구청,2026-02-27
신평동041,1,부산광역시 사하구 다대로83번안길 38,부산광역시 사하구 신평동 23-26,35.093358,128.9818174,2021,건축물,051-220-4671,부산광역시 사하구청,2026-02-27
신평동042,1,부산광역시 사하구 다대로83번안길 24,부산광역시 사하구 신평동 23-23,35.0935792,128.9815158,2021,건축물,051-220-4671,부산광역시 사하구청,2026-02-27
신평동043,1,부산광역시 사하구 다대로83번안길 22,부산광역시 사하구 신평동 23-17,35.0935625,128.9814386,2021,건축물,051-220-4671,부산광역시 사하구청,2026-02-27
신평동044,1,부산광역시 사하구 다대로83번안길 43,부산광역시 사하구 신평동 산 52-1,35.0932315,128.9814496141,2021,건축물,051-220-4671,부산광역시 사하구청,2026-02-27
신평동045,1,부산광역시 사하구 다대로83번안길 40,부산광역시 사하구 신평동 23-27,35.0932922504,128.9816888448,2021,한전주,051-220-4671,부산광역시 사하구청,2026-02-27
신평동046,1,부산광역시 사하구 다대로83번안길 37,부산광역시 사하구 신평동 23-29,35.0932494,128.9818477,2021,건축물,051-220-4671,부산광역시 사하구청,2026-02-27
신평동047,1,부산광역시 사하구 다대로83번안길 35-2,부산광역시 사하구 신평동 23-1,35.0931985688,128.9821988403,2021,건축물,051-220-4671,부산광역시 사하구청,2026-02-27
신평동048,1,부산광역시 사하구 다대로83번안길 37-3,부산광역시 사하구 신평동 산49-9,35.092888,128.9818902927,2021,건축물,051-220-4671,부산광역시 사하구청,2026-02-27
신평동049,1,부산광역시 사하구 다대로83번안길 37-3,부산광역시 사하구 신평동 산49-9,35.092888,128.9818902927,2021,건축물,051-220-4671,부산광역시 사하구청,2026-02-27
신평동050,1,부산광역시 사하구 다대로83번안길 43-1,부산광역시 사하구 신평동 23-5,35.0930997,128.9816357,2021,건축물,051-220-4671,부산광역시 사하구청,2026-02-27
신평동051,1,부산광역시 사하구 다대로83번안길 43-1,부산광역시 사하구 신평동 23-5,35.0930997,128.9816357,2021,건축물,051-220-4671,부산광역시 사하구청,2026-02-27
신평동052,1,부산광역시 사하구 다대로83번안길 51-3,부산광역시 사하구 신평동 산 52-1,35.093113801,128.9813369506,2021,한전주,051-220-4671,부산광역시 사하구청,2026-02-27
신평동053,1,부산광역시 사하구 다대로83번안길 51-7,부산광역시 사하구 신평동 25-12,35.0927522883,128.981417015,2021,건축물,051-220-4671,부산광역시 사하구청,2026-02-27
신평동054,1,부산광역시 사하구 다대로83번안길 63,부산광역시 사하구 신평동 100-17,35.0930949621,128.9805616,2021,건축물,051-220-4671,부산광역시 사하구청,2026-02-27
신평동055,1,부산광역시 사하구 다대로135번길 78,부산광역시 사하구 신평동 25-22,35.092772,128.9807287,2021,한전주,051-220-4671,부산광역시 사하구청,2026-02-27
신평동056,1,부산광역시 사하구 다대로135번길 80-10,부산광역시 사하구 신평동 25-10,35.0928847,128.9809807647,2021,한전주,051-220-4671,부산광역시 사하구청,2026-02-27
신평동057,1,부산광역시 사하구 다대로135번길 78,부산광역시 사하구 신평동 25-22,35.092772,128.9807287,2021,한전주,051-220-4671,부산광역시 사하구청,2026-02-27
신평동058,1,부산광역시 사하구 다대로135번길 74,부산광역시 사하구 신평동 26-1,35.092662,128.9808467,2021,한전주,051-220-4671,부산광역시 사하구청,2026-02-27
신평동059,1,부산광역시 사하구 다대로83번안길 37-3,부산광역시 사하구 신평동 산 49-9,35.0928676525,128.9818902927,2021,한전주,051-220-4671,부산광역시 사하구청,2026-02-27
신평동060,1,부산광역시 사하구 다대로83번안길 37-3,부산광역시 사하구 신평동 산 49-9,35.0928676525,128.9818902927,2021,건축물,051-220-4671,부산광역시 사하구청,2026-02-27
신평동061,1,부산광역시 사하구 다대로83번안길 37-3,부산광역시 사하구 신평동 산 49-9,35.0928676525,128.9818902927,2021,건축물,051-220-4671,부산광역시 사하구청,2026-02-27
신평동062,1,부산광역시 사하구 다대로83번안길 37-3,부산광역시 사하구 신평동 산 49-9,35.0928676525,128.9818902927,2021,한전주,051-220-4671,부산광역시 사하구청,2026-02-27
신평동063,1,부산광역시 사하구 다대로135번길 59-2,부산광역시 사하구 신평동 27-5,35.0923817,128.9803465,2021,한전주,051-220-4671,부산광역시 사하구청,2026-02-27
신평동064,1,부산광역시 사하구 다대로135번길 56,부산광역시 사하구 신평동 48,35.0920504,128.9802179,2021,건축물,051-220-4671,부산광역시 사하구청,2026-02-27
신평동065,1,부산광역시 사하구 다대로135번길 56,부산광역시 사하구 신평동 48,35.0920504,128.9802179,2021,한전주,051-220-4671,부산광역시 사하구청,2026-02-27
신평동066,1,부산광역시 사하구 다대로135번길 47,부산광역시 사하구 신평동 28-9,35.0919779,128.9796899,2021,한전주,051-220-4671,부산광역시 사하구청,2026-02-27
신평동067,1,부산광역시 사하구 다대로135번길 45-3,부산광역시 사하구 신평동 산53-3,35.0921741,128.9798152,2021,건축물,051-220-4671,부산광역시 사하구청,2026-02-27
신평동068,1,부산광역시 사하구 다대로135번길 45-3,부산광역시 사하구 신평동 산53-3,35.0921741,128.9798152,2021,건축물,051-220-4671,부산광역시 사하구청,2026-02-27
신평동069,1,부산광역시 사하구 다대로135번길 39,부산광역시 사하구 신평동 31-14,35.0916871116,128.979486,2021,한전주,051-220-4671,부산광역시 사하구청,2026-02-27
신평동070,1,부산광역시 사하구 다대로135번길 36-9,부산광역시 사하구 신평동 산 49-4,35.0916117,128.9800428,2021,건축물,051-220-4671,부산광역시 사하구청,2026-02-27
신평동071,1,부산광역시 사하구 다대로135번길 34-10,부산광역시 사하구 신평동 45-35,35.0917714,128.9807484,2021,한전주,051-220-4671,부산광역시 사하구청,2026-02-27
신평동072,1,부산광역시 사하구 다대로135번길 36,부산광역시 사하구 신평동 45-10,35.0914853,128.9794917839,2021,한전주,051-220-4671,부산광역시 사하구청,2026-02-27
신평동073,1,부산광역시 사하구 다대로135번길 34-3,부산광역시 사하구 신평동 45-6,35.0912816,128.9798375,2021,건축물,051-220-4671,부산광역시 사하구청,2026-02-27
신평동074,1,부산광역시 사하구 다대로135번길 32,부산광역시 사하구 신평동 45-34,35.0912993347,128.9793671,2021,한전주,051-220-4671,부산광역시 사하구청,2026-02-27
신평동075,1,부산광역시 사하구 다대로135번길 30-4,부산광역시 사하구 신평동 43-1,35.091054,128.9794263,2021,건축물,051-220-4671,부산광역시 사하구청,2026-02-27
신평동076,1,부산광역시 사하구 다대로135번길 30-8,부산광역시 사하구 신평동 43-7,35.0909528,128.9795554,2021,한전주,051-220-4671,부산광역시 사하구청,2026-02-27
신평동077,1,부산광역시 사하구 다대로135번길 30-20,부산광역시 사하구 신평동 39-4,35.09002006,128.9803590896,2021,한전주,051-220-4671,부산광역시 사하구청,2026-02-27
신평동078,1,부산광역시 사하구 다대로135번길 30-12,부산광역시 사하구 신평동 40-1,35.0908434,128.9796296,2021,한전주,051-220-4671,부산광역시 사하구청,2026-02-27
신평동079,1,부산광역시 사하구 다대로119번길 77-3,부산광역시 사하구 신평동 44-3,35.090480,128.9797989195,2021,한전주,051-220-4671,부산광역시 사하구청,2026-02-27
신평동080,1,부산광역시 사하구 다대로135번길 30-21,부산광역시 사하구 신평동 산48-1,35.0913941,128.9806735,2021,한전주,051-220-4671,부산광역시 사하구청,2026-02-27
신평동081,1,부산광역시 사하구 다대로135번길 31,부산광역시 사하구 신평동 31-19,35.0913831,128.9791382,2021,한전주,051-220-4671,부산광역시 사하구청,2026-02-27
신평동082,1,부산광역시 사하구 다대로135번길 31-7,부산광역시 사하구 신평동 31-18,35.0916971,128.9786744,2021,건축물,051-220-4671,부산광역시 사하구청,2026-02-27
신평동083,1,부산광역시 사하구 다대로119번길 11-2,부산광역시 사하구 신평동 94-1,35.0917888,128.9785779,2021,한전주,051-220-4671,부산광역시 사하구청,2026-02-27
신평동084,1,부산광역시 사하구 다대로119번길 5-1,부산광역시 사하구 신평동 100-9,35.0918621233,128.9783479322,2021,전용주,051-220-4671,부산광역시 사하구청,2026-02-27
신평동085,1,부산광역시 사하구 다대로119번길 25-5,부산광역시 사하구 신평동 31-10,35.0916715,128.978586,2021,건축물,051-220-4671,부산광역시 사하구청,2026-02-27
신평동086,1,부산광역시 사하구 다대로119번길 25-1,부산광역시 사하구 신평동 31-6,35.0915339,128.9787362,2021,전용주,051-220-4671,부산광역시 사하구청,2026-02-27
신평동087,1,부산광역시 사하구 다대로119번길 29-4,부산광역시 사하구 신평동 33-9,35.0913696,128.9788638,2021,건축물,051-220-4671,부산광역시 사하구청,2026-02-27
신평동088,1,부산광역시 사하구 다대로119번길 35,부산광역시 사하구 신평동 33-24,35.0913431,128.9788303,2021,건축물,051-220-4671,부산광역시 사하구청,2026-02-27
신평동089,1,부산광역시 사하구 다대로119번길 15,부산광역시 사하구 신평동 31-13,35.0916733,128.9784764,2021,한전주,051-220-4671,부산광역시 사하구청,2026-02-27
신평동090,1,부산광역시 사하구 다대로135번길 26,부산광역시 사하구 신평동 33-2,35.0910918744,128.9790988,2021,한전주,051-220-4671,부산광역시 사하구청,2026-02-27
신평동091,1,부산광역시 사하구 다대로119번길 61,부산광역시 사하구 신평동 41-13,35.0908873222,128.9793352,2021,한전주,051-220-4671,부산광역시 사하구청,2026-02-27
신평동092,1,부산광역시 사하구 다대로119번길 75,부산광역시 사하구 신평동 41-6,35.0906362,128.9796245,2021,한전주,051-220-4671,부산광역시 사하구청,2026-02-27
신평동093,1,부산광역시 사하구 다대로135번길 20-24,부산광역시 사하구 신평동 90-23,35.0904994,128.9791717,2021,건축물,051-220-4671,부산광역시 사하구청,2026-02-27
신평동094,1,부산광역시 사하구 다대로135번길 20-12,부산광역시 사하구 신평동 90-16,35.0907194,128.9789468,2021,건축물,051-220-4671,부산광역시 사하구청,2026-02-27
신평동095,1,부산광역시 사하구 다대로 123-17,부산광역시 사하구 신평동 33-62,35.0910458,128.9788231,2021,한전주,051-220-4671,부산광역시 사하구청,2026-02-27
신평동096,1,부산광역시 사하구 다대로 123-3,부산광역시 사하구 신평동 33-56,35.0913766,128.9784364,2021,한전주,051-220-4671,부산광역시 사하구청,2026-02-27
신평동097,1,부산광역시 사하구 다대로 121-9,부산광역시 사하구 신평동 33-46,35.0913741,128.9785898,2021,건축물,051-220-4671,부산광역시 사하구청,2026-02-27
신평동098,1,부산광역시 사하구 다대로 125-1,부산광역시 사하구 신평동 33-86,35.0911535223,128.9783754368,2021,건축물,051-220-4671,부산광역시 사하구청,2026-02-27
신평동099,1,부산광역시 사하구 다대로 127-3,부산광역시 사하구 신평동 33-88,35.0910977,128.9783924692,2021,한전주,051-220-4671,부산광역시 사하구청,2026-02-27
신평동100,1,부산광역시 사하구 다대로135번길 16,부산광역시 사하구 신평동 33-95,35.0907899747,128.9786969,2021,한전주,051-220-4671,부산광역시 사하구청,2026-02-27
신평동1001,1,부산광역시 사하구 하신번영로 135,부산광역시 사하구 신평동 647-3,35.09459288,128.9597991758,2021,한전주,051-220-4671,부산광역시 사하구청,2026-02-27
신평동1002,1,부산광역시 사하구 하신번영로 135,부산광역시 사하구 신평동 647-3,35.09459288,128.9597991758,2021,한전주,051-220-4671,부산광역시 사하구청,2026-02-27
신평동1003,1,부산광역시 사하구 신산로29번길 50,부산광역시 사하구 신평동 647-2,35.0945941897,128.9588768,2021,한전주,051-220-4671,부산광역시 사하구청,2026-02-27
신평동1004,1,부산광역시 사하구 신산로29번길 50,부산광역시 사하구 신평동 647-2,35.0945941897,128.9588768,2021,한전주,051-220-4671,부산광역시 사하구청,2026-02-27
신평동1005,1,부산광역시 사하구 신산로29번길 60,부산광역시 사하구 신평동 645-1,35.0956678,128.9588877376,2021,한전주,051-220-4671,부산광역시 사하구청,2026-02-27
신평동1006,1,부산광역시 사하구 하신번영로151번길 17,부산광역시 사하구 신평동 645-1,35.0957503767,128.9592188779,2021,한전주,051-220-4671,부산광역시 사하구청,2026-02-27
신평동1007,1,부산광역시 사하구 하신번영로153번길 2,부산광역시 사하구 신평동 630-9,35.0963999,128.9598844,2021,한전주,051-220-4671,부산광역시 사하구청,2026-02-27
신평동1008,1,부산광역시 사하구 하신번영로153번길 8,부산광역시 사하구 신평동 630-11,35.0964225,128.9595999,2021,한전주,051-220-4671,부산광역시 사하구청,2026-02-27
신평동1009,1,부산광역시 사하구 하신번영로153번길 16,부산광역시 사하구 신평동 630-15,35.0964676,128.9590417,2021,한전주,051-220-4671,부산광역시 사하구청,2026-02-27
신평동101,1,부산광역시 사하구 다대로135번길 14-7,부산광역시 사하구 신평동 90-34,35.0906668,128.9788578,2021,한전주,051-220-4671,부산광역시 사하구청,2026-02-27
신평동1010,1,부산광역시 사하구 하신번영로153번길 24,부산광역시 사하구 신평동 629-8,35.0964764352,128.9586807,2021,건축물,051-220-4671,부산광역시 사하구청,2026-02-27
신평동1011,1,부산광역시 사하구 하신번영로153번길 30,부산광역시 사하구 신평동 629-10,35.0964945331,128.9583908442,2021,한전주,051-220-4671,부산광역시 사하구청,2026-02-27
신평동1012,1,부산광역시 사하구 하신번영로153번길 32,부산광역시 사하구 신평동 629-11,35.0965252,128.9582646,2021,한전주,051-220-4671,부산광역시 사하구청,2026-02-27
신평동1013,1,부산광역시 사하구 하신번영로153번길 42,부산광역시 사하구 신평동 628-9,35.0965814,128.9575751,2021,한전주,051-220-4671,부산광역시 사하구청,2026-02-27
신평동1014,1,부산광역시 사하구 하신번영로153번길 46,부산광역시 사하구 신평동 628-10,35.096579105,128.9574331,2021,한전주,051-220-4671,부산광역시 사하구청,2026-02-27
신평동1015,1,부산광역시 사하구 하신번영로153번길 56,부산광역시 사하구 신평동 627-8,35.0966371,128.9569186,2021,한전주,051-220-4671,부산광역시 사하구청,2026-02-27
신평동1016,1,부산광역시 사하구 하신번영로153번길 64,부산광역시 사하구 신평동 627-11,35.0966706,128.9565137,2021,건축물,051-220-4671,부산광역시 사하구청,2026-02-27
신평동1017,1,부산광역시 사하구 하신번영로153번길 66,부산광역시 사하구 신평동 627-12,35.0966818,128.9563824,2021,건축물,051-220-4671,부산광역시 사하구청,2026-02-27
신평동1018,1,부산광역시 사하구 하신번영로153번길 68,부산광역시 사하구 신평동 627-13,35.0966931,128.9562401,2021,한전주,051-220-4671,부산광역시 사하구청,2026-02-27
신평동1019,1,부산광역시 사하구 하신번영로157번길 67,부산광역시 사하구 신평동 627-2,35.0967922,128.9562425,2021,한전주,051-220-4671,부산광역시 사하구청,2026-02-27
신평동102,1,부산광역시 사하구 다대로137번길 58,부산광역시 사하구 신평동 90-107,35.0902468,128.9791875,2021,한전주,051-220-4671,부산광역시 사하구청,2026-02-27
신평동1020,1,부산광역시 사하구 하신번영로157번길 63,부산광역시 사하구 신평동 627-4,35.0967695,128.956527,2021,한전주,051-220-4671,부산광역시 사하구청,2026-02-27
신평동1021,1,부산광역시 사하구 하신번영로157번길 55,부산광역시 사하구 신평동 627-7,35.0967354,128.9569648,2021,한전주,051-220-4671,부산광역시 사하구청,2026-02-27
신평동1022,1,부산광역시 사하구 하신번영로157번길 56,부산광역시 사하구 신평동 626-8,35.0968524,128.9569785,2021,한전주,051-220-4671,부산광역시 사하구청,2026-02-27
신평동1023,1,부산광역시 사하구 하신번영로157번길 49,부산광역시 사하구 신평동 628-2,35.0966860413,128.957291464,2021,한전주,051-220-4671,부산광역시 사하구청,2026-02-27
신평동1024,1,부산광역시 사하구 하신번영로157번길 39,부산광역시 사하구 신평동 628-6,35.0966577,128.957873,2021,한전주,051-220-4671,부산광역시 사하구청,2026-02-27
신평동1025,1,부산광역시 사하구 하신번영로157번길 32,부산광역시 사하구 신평동 624-11,35.0967411,128.9582917,2021,한전주,051-220-4671,부산광역시 사하구청,2026-02-27
신평동1026,1,부산광역시 사하구 하신번영로157번길 26,부산광역시 사하구 신평동 624-9,35.0966997872,128.9585653,2021,한전주,051-220-4671,부산광역시 사하구청,2026-02-27
신평동1027,1,부산광역시 사하구 하신번영로157번길 17,부산광역시 사하구 신평동 630-1,35.0965487,128.9590437,2021,한전주,051-220-4671,부산광역시 사하구청,2026-02-27
신평동1028,1,부산광역시 사하구 하신번영로157번길 10,부산광역시 사하구 신평동 623-12,35.0966497,128.9594847,2021,한전주,051-220-4671,부산광역시 사하구청,2026-02-27
신평동1029,1,부산광역시 사하구 하신번영로157번길 6,부산광역시 사하구 신평동 623-11,35.0966384,128.959627,2021,한전주,051-220-4671,부산광역시 사하구청,2026-02-27
신평동103,1,부산광역시 사하구 다대로137번길 38,부산광역시 사하구 신평동 90-116,35.0899648,128.978797,2021,한전주,051-220-4671,부산광역시 사하구청,2026-02-27
신평동1030,1,부산광역시 사하구 하신번영로 157,부산광역시 사하구 신평동 623-7,35.096661,128.959886665,2021,한전주,051-220-4671,부산광역시 사하구청,2026-02-27
신평동1031,1,부산광역시 사하구 하신번영로 157,부산광역시 사하구 신평동 623-7,35.096661,128.959886665,2021,한전주,051-220-4671,부산광역시 사하구청,2026-02-27
신평동1032,1,부산광역시 사하구 하신번영로159번길 6,부산광역시 사하구 신평동 622-10,35.0968634,128.9596433,2021,한전주,051-220-4671,부산광역시 사하구청,2026-02-27
신평동1033,1,부산광역시 사하구 하신번영로159번길 9,부산광역시 사하구 신평동 623-3,35.0967599,128.9593557,2021,건축물,051-220-4671,부산광역시 사하구청,2026-02-27
신평동1034,1,부산광역시 사하구 하신번영로159번길 14,부산광역시 사하구 신평동 622-14,35.0968993,128.9590959,2021,한전주,051-220-4671,부산광역시 사하구청,2026-02-27
신평동1035,1,부산광역시 사하구 하신번영로159번길 21,부산광역시 사하구 신평동 624-5,35.0967886089,128.9587099,2021,한전주,051-220-4671,부산광역시 사하구청,2026-02-27
신평동1036,1,부산광역시 사하구 하신번영로159번길 26,부산광역시 사하구 신평동 621-10,35.0969548,128.9584503,2021,건축물,051-220-4671,부산광역시 사하구청,2026-02-27
신평동1037,1,부산광역시 사하구 하신번영로159번길 42,부산광역시 사하구 신평동 620-9,35.0969991006,128.9576295,2021,한전주,051-220-4671,부산광역시 사하구청,2026-02-27
신평동1038,1,부산광역시 사하구 하신번영로159번길 44,부산광역시 사하구 신평동 620-10,35.0970334,128.9574873,2021,한전주,051-220-4671,부산광역시 사하구청,2026-02-27
신평동1039,1,부산광역시 사하구 하신번영로159번길 66,부산광역시 사하구 신평동 619-13,35.0971248,128.9562943,2021,건축물,051-220-4671,부산광역시 사하구청,2026-02-27
신평동104,1,부산광역시 사하구 다대로135번길 10-17,부산광역시 사하구 신평동 90-53,35.0903428,128.978828,2021,건축물,051-220-4671,부산광역시 사하구청,2026-02-27
신평동1040,1,부산광역시 사하구 하신번영로159번길 59,부산광역시 사하구 신평동 626-4,35.0969854,128.9565541,2021,건축물,051-220-4671,부산광역시 사하구청,2026-02-27
신평동1041,1,부산광역시 사하구 하신번영로161번길 66,부산광역시 사하구 신평동 618-13,35.0973498,128.9562996343,2021,한전주,051-220-4671,부산광역시 사하구청,2026-02-27
신평동1042,1,부산광역시 사하구 하신번영로161번길 62,부산광역시 사하구 신평동 618-11,35.0973272,128.9565951,2021,한전주,051-220-4671,부산광역시 사하구청,2026-02-27
신평동1043,1,부산광역시 사하구 하신번영로161번길 54,부산광역시 사하구 신평동 618-8,35.0972841,128.9570327,2021,한전주,051-220-4671,부산광역시 사하구청,2026-02-27
신평동1044,1,부산광역시 사하구 하신번영로161번길 54,부산광역시 사하구 신평동 618-8,35.0972841,128.9570327,2021,한전주,051-220-4671,부산광역시 사하구청,2026-02-27
신평동1045,1,부산광역시 사하구 하신번영로161번길 50,부산광역시 사하구 신평동 617-12,35.0972719,128.9572298,2021,한전주,051-220-4671,부산광역시 사하구청,2026-02-27
신평동1046,1,부산광역시 사하구 하신번영로161번길 44,부산광역시 사하구 신평동 617-10,35.0972583,128.9575146,2021,한전주,051-220-4671,부산광역시 사하구청,2026-02-27
신평동1047,1,부산광역시 사하구 하신번영로161번길 42,부산광역시 사하구 신평동 617-9,35.097247,128.9576568,2021,한전주,051-220-4671,부산광역시 사하구청,2026-02-27
신평동1048,1,부산광역시 사하구 하신번영로161번길 32,부산광역시 사하구 신평동 616-12,35.0971776654,128.9581711,2021,한전주,051-220-4671,부산광역시 사하구청,2026-02-27
신평동1049,1,부산광역시 사하구 하신번영로161번길 24,부산광역시 사하구 신평동 616-9,35.0971683,128.9586199,2021,한전주,051-220-4671,부산광역시 사하구청,2026-02-27
신평동105,1,부산광역시 사하구 다대로 131-11,부산광역시 사하구 신평동 90-83,35.0903485,128.9784773,2021,한전주,051-220-4671,부산광역시 사하구청,2026-02-27
신평동1050,1,부산광역시 사하구 하신번영로161번길 20,부산광역시 사하구 신평동 616-7,35.0971367,128.9588904012,2021,한전주,051-220-4671,부산광역시 사하구청,2026-02-27
신평동1051,1,부산광역시 사하구 하신번영로161번길 13,부산광역시 사하구 신평동 622-1,35.0969986,128.9590873,2021,한전주,051-220-4671,부산광역시 사하구청,2026-02-27
신평동1052,1,부산광역시 사하구 하신번영로161번길 9,부산광역시 사하구 신평동 622-3,35.0969758,128.9593828,2021,한전주,051-220-4671,부산광역시 사하구청,2026-02-27
신평동1053,1,부산광역시 사하구 하신번영로161번길 1,부산광역시 사하구 신평동 622-6,35.096933,128.9597985,2021,한전주,051-220-4671,부산광역시 사하구청,2026-02-27
신평동1054,1,부산광역시 사하구 하신번영로163번길 2,부산광역시 사하구 신평동 614-9,35.0972836,128.9598507,2021,한전주,051-220-4671,부산광역시 사하구청,2026-02-27
신평동1055,1,부산광역시 사하구 하신번영로163번길 5,부산광역시 사하구 신평동 615-5,35.097178,128.9596947,2021,건축물,051-220-4671,부산광역시 사하구청,2026-02-27
신평동1056,1,부산광역시 사하구 하신번영로163번길 10,부산광역시 사하구 신평동 614-12,35.0972919807,128.9594239,2021,한전주,051-220-4671,부산광역시 사하구청,2026-02-27
신평동1057,1,부산광역시 사하구 하신번영로163번길 24,부산광역시 사하구 신평동 613-9,35.0973752,128.9586468,2021,건축물,051-220-4671,부산광역시 사하구청,2026-02-27
신평동1058,1,부산광역시 사하구 하신번영로163번길 28,부산광역시 사하구 신평동 613-11,35.0973832488,128.9583624,2021,한전주,051-220-4671,부산광역시 사하구청,2026-02-27
신평동1059,1,부산광역시 사하구 하신번영로163번길 42,부산광역시 사하구 신평동 612-9,35.0974628,128.9576839,2021,한전주,051-220-4671,부산광역시 사하구청,2026-02-27
신평동106,1,부산광역시 사하구 다대로 131-4,부산광역시 사하구 신평동 33-114,35.0905969456,128.9781934704,2021,한전주,051-220-4671,부산광역시 사하구청,2026-02-27
신평동1060,1,부산광역시 사하구 하신번영로163번길 46,부산광역시 사하구 신평동 612-11,35.0974854,128.9573994,2021,건축물,051-220-4671,부산광역시 사하구청,2026-02-27
신평동1061,1,부산광역시 사하구 하신번영로163번길 62,부산광역시 사하구 신평동 611-11,35.097543,128.9566222,2021,한전주,051-220-4671,부산광역시 사하구청,2026-02-27
신평동1062,1,부산광역시 사하구 하신번영로163번길 66,부산광역시 사하구 신평동 611-13,35.0975656,128.9563377,2021,한전주,051-220-4671,부산광역시 사하구청,2026-02-27
신평동1063,1,부산광역시 사하구 하신번영로167번길 64,부산광역시 사하구 신평동 610-12,35.0978242,128.9564948268,2021,한전주,051-220-4671,부산광역시 사하구청,2026-02-27
신평동1064,1,부산광역시 사하구 하신번영로169번길 1,부산광역시 사하구 신평동 607-6,35.0976436,128.9598813,2021,한전주,051-220-4671,부산광역시 사하구청,2026-02-27
신평동1065,1,부산광역시 사하구 하신번영로169번길 9,부산광역시 사하구 신평동 607-3,35.0976954,128.9594658,2021,한전주,051-220-4671,부산광역시 사하구청,2026-02-27
신평동1066,1,부산광역시 사하구 하신번영로169번길 19,부산광역시 사하구 신평동 608-6,35.0977214,128.958973,2021,건축물,051-220-4671,부산광역시 사하구청,2026-02-27
신평동1067,1,부산광역시 사하구 하신번영로169번길 29,부산광역시 사하구 신평동 608-2,35.0977666,128.9583952633,2021,한전주,051-220-4671,부산광역시 사하구청,2026-02-27
신평동1068,1,부산광역시 사하구 하신번영로 173,부산광역시 사하구 신평동 599-8,35.0979827,128.9600868,2021,한전주,051-220-4671,부산광역시 사하구청,2026-02-27
신평동1069,1,부산광역시 사하구 하신번영로171번길 5,부산광역시 사하구 신평동 606-5,35.0978796,128.9597773,2021,한전주,051-220-4671,부산광역시 사하구청,2026-02-27
신평동107,1,부산광역시 사하구 다대로135번길 8,부산광역시 사하구 신평동 33-107,35.0905871686,128.9783631,2021,건축물,051-220-4671,부산광역시 사하구청,2026-02-27
신평동1070,1,부산광역시 사하구 하신번영로171번길 10,부산광역시 사하구 신평동 599-12,35.0980283,128.9594957,2021,한전주,051-220-4671,부산광역시 사하구청,2026-02-27
신평동1071,1,부산광역시 사하구 하신번영로171번길 24,부산광역시 사하구 신평동 600-9,35.0980774213,128.958730,2021,한전주,051-220-4671,부산광역시 사하구청,2026-02-27
신평동1072,1,부산광역시 사하구 하신번영로171번길 32,부산광역시 사하구 신평동 600-12,35.0981287,128.9582919345,2021,한전주,051-220-4671,부산광역시 사하구청,2026-02-27
신평동1073,1,부산광역시 사하구 하신번영로169번길 35,부산광역시 사하구 신평동 609-6,35.0977998,128.9580209,2021,한전주,051-220-4671,부산광역시 사하구청,2026-02-27
신평동1074,1,부산광역시 사하구 하신번영로169번길 43,부산광역시 사하구 신평동 609-3,35.0978428,128.9575943,2021,한전주,051-220-4671,부산광역시 사하구청,2026-02-27
신평동1075,1,부산광역시 사하구 하신번영로169번길 61,부산광역시 사하구 신평동 610-4,35.0978929162,128.9566639,2021,한전주,051-220-4671,부산광역시 사하구청,2026-02-27
신평동1076,1,부산광역시 사하구 하신번영로169번길 69,부산광역시 사하구 신평동 610-1,35.0979546,128.9562483,2021,한전주,051-220-4671,부산광역시 사하구청,2026-02-27
신평동1077,1,부산광역시 사하구 하신번영로171번길 65,부산광역시 사하구 신평동 603-2,35.0981501,128.9564174,2021,한전주,051-220-4671,부산광역시 사하구청,2026-02-27
신평동1078,1,부산광역시 사하구 하신번영로171번길 61,부산광역시 사하구 신평동 603-4,35.0981277,128.956691,2021,한전주,051-220-4671,부산광역시 사하구청,2026-02-27
신평동1079,1,부산광역시 사하구 하신번영로171번길 53,부산광역시 사하구 신평동 603-7,35.0980936,128.9571288,2021,한전주,051-220-4671,부산광역시 사하구청,2026-02-27
신평동108,1,부산광역시 사하구 다대로137번길 11,부산광역시 사하구 신평동 90-125,35.0901988,128.9782654,2021,건축물,051-220-4671,부산광역시 사하구청,2026-02-27
신평동1080,1,부산광역시 사하구 하신번영로169번길 54,부산광역시 사하구 신평동 603-8,35.0979842849,128.9571157,2021,한전주,051-220-4671,부산광역시 사하구청,2026-02-27
신평동1081,1,부산광역시 사하구 하신번영로171번길 46,부산광역시 사하구 신평동 601-11,35.098196,128.9574821,2021,한전주,051-220-4671,부산광역시 사하구청,2026-02-27
신평동1082,1,부산광역시 사하구 하신번영로171번길 35,부산광역시 사하구 신평동 604-6,35.0980249,128.9580373,2021,건축물,051-220-4671,부산광역시 사하구청,2026-02-27
신평동1083,1,부산광역시 사하구 하신번영로173번길 69,부산광역시 사하구 신평동 602-1,35.0983865,128.9562915,2021,건축물,051-220-4671,부산광역시 사하구청,2026-02-27
신평동1084,1,부산광역시 사하구 하신번영로173번길 64,부산광역시 사하구 신평동 595-12,35.0984896,128.9565866862,2021,한전주,051-220-4671,부산광역시 사하구청,2026-02-27
신평동1085,1,부산광역시 사하구 하신번영로173번길 56,부산광역시 사하구 신평동 595-9,35.0984469,128.9570166,2021,한전주,051-220-4671,부산광역시 사하구청,2026-02-27
신평동1086,1,부산광역시 사하구 하신번영로173번길 49,부산광역시 사하구 신평동 601-1,35.0982830847,128.9573422,2021,한전주,051-220-4671,부산광역시 사하구청,2026-02-27
신평동1087,1,부산광역시 사하구 하신번영로173번길 45,부산광역시 사하구 신평동 601-2,35.0982858,128.9574888038,2021,한전주,051-220-4671,부산광역시 사하구청,2026-02-27
신평동1088,1,부산광역시 사하구 하신번영로173번길 37,부산광역시 사하구 신평동 601-5,35.098261,128.9579223,2021,한전주,051-220-4671,부산광역시 사하구청,2026-02-27
신평동1089,1,부산광역시 사하구 하신번영로173번길 25,부산광역시 사하구 신평동 600-3,35.098196,128.9585897843,2021,한전주,051-220-4671,부산광역시 사하구청,2026-02-27
신평동109,1,부산광역시 사하구 을숙도대로677번길 12,부산광역시 사하구 신평동 569-21,35.0862750363,128.9797172,2021,한전주,051-220-4671,부산광역시 사하구청,2026-02-27
신평동1090,1,부산광역시 사하구 하신번영로173번길 23,부산광역시 사하구 신평동 600-4,35.0981734,128.9587328378,2021,한전주,051-220-4671,부산광역시 사하구청,2026-02-27
신평동1091,1,부산광역시 사하구 하신번영로173번길 14,부산광역시 사하구 신평동 598-14,35.0982840419,128.9592501,2021,한전주,051-220-4671,부산광역시 사하구청,2026-02-27
신평동1092,1,부산광역시 사하구 하신번영로173번길 11,부산광역시 사하구 신평동 599-2,35.0981474,128.959378,2021,한전주,051-220-4671,부산광역시 사하구청,2026-02-27
신평동1093,1,부산광역시 사하구 하신번영로173번길 1,부산광역시 사하구 신평동 599-6,35.0980931,128.9599468,2021,한전주,051-220-4671,부산광역시 사하구청,2026-02-27
신평동1094,1,부산광역시 사하구 하신번영로177번길 1,부산광역시 사하구 신평동 598-6,35.0982926257,128.9599632,2021,한전주,051-220-4671,부산광역시 사하구청,2026-02-27
신평동1095,1,부산광역시 사하구 하신번영로177번길 7,부산광역시 사하구 신평동 598-4,35.0983316,128.9596894,2021,한전주,051-220-4671,부산광역시 사하구청,2026-02-27
신평동1096,1,부산광역시 사하구 하신번영로177번길 9,부산광역시 사하구 신평동 598-3,35.0983429,128.9595471,2021,한전주,051-220-4671,부산광역시 사하구청,2026-02-27
신평동1097,1,부산광역시 사하구 하신번영로177번길 24,부산광역시 사하구 신평동 592-9,35.0985355,128.9587842,2021,한전주,051-220-4671,부산광역시 사하구청,2026-02-27
신평동1098,1,부산광역시 사하구 하신번영로177번길 32,부산광역시 사하구 신평동 592-12,35.0985694,128.9583573,2021,한전주,051-220-4671,부산광역시 사하구청,2026-02-27
신평동1099,1,부산광역시 사하구 하신번영로177번길 36,부산광역시 사하구 신평동 593-7,35.0985825,128.9580960977,2021,한전주,051-220-4671,부산광역시 사하구청,2026-02-27
신평동110,1,부산광역시 사하구 을숙도대로677번길 16,부산광역시 사하구 신평동 567-31,35.0865647,128.9800634,2021,한전주,051-220-4671,부산광역시 사하구청,2026-02-27
신평동1100,1,부산광역시 사하구 하신번영로177번길 44,부산광역시 사하구 신평동 593-10,35.098598756,128.9576786,2021,한전주,051-220-4671,부산광역시 사하구청,2026-02-27
신평동1101,1,부산광역시 사하구 하신번영로177번길 50,부산광역시 사하구 신평동 593-12,35.098648,128.9573943,2021,한전주,051-220-4671,부산광역시 사하구청,2026-02-27
신평동1102,1,부산광역시 사하구 하신번영로177번길 56,부산광역시 사하구 신평동 594-9,35.0986717,128.9570439,2021,건축물,051-220-4671,부산광역시 사하구청,2026-02-27
신평동1103,1,부산광역시 사하구 하신번영로177번길 64,부산광역시 사하구 신평동 594-12,35.0986871002,128.9566171,2021,건축물,051-220-4671,부산광역시 사하구청,2026-02-27
신평동1104,1,부산광역시 사하구 하신번영로177번길 61,부산광역시 사하구 신평동 595-4,35.0985594,128.9567452,2021,전용주,051-220-4671,부산광역시 사하구청,2026-02-27
신평동1105,1,부산광역시 사하구 하신번영로179번길 63,부산광역시 사하구 신평동 594-3,35.0987834898,128.9566414,2021,한전주,051-220-4671,부산광역시 사하구청,2026-02-27
신평동1106,1,부산광역시 사하구 하신번영로179번길 61,부산광역시 사하구 신평동 594-4,35.0987931,128.9567837,2021,한전주,051-220-4671,부산광역시 사하구청,2026-02-27
신평동1107,1,부산광역시 사하구 하신번영로179번길 55,부산광역시 사하구 신평동 594-6,35.0987706,128.9570573,2021,한전주,051-220-4671,부산광역시 사하구청,2026-02-27
신평동1108,1,부산광역시 사하구 하신번영로201번길 13,부산광역시 사하구 신평동 588-1,35.0989358,128.957434,2021,한전주,051-220-4671,부산광역시 사하구청,2026-02-27
신평동1109,1,부산광역시 사하구 하신번영로179번길 45,부산광역시 사하구 신평동 593-2,35.0986926056,128.9575494,2021,한전주,051-220-4671,부산광역시 사하구청,2026-02-27
신평동111,1,부산광역시 사하구 을숙도대로677번길 20,부산광역시 사하구 신평동 567-30,35.0867337,128.9801991,2021,한전주,051-220-4671,부산광역시 사하구청,2026-02-27
신평동1110,1,부산광역시 사하구 하신번영로179번길 38,부산광역시 사하구 신평동 588-8,35.0987987502,128.9579905,2021,한전주,051-220-4671,부산광역시 사하구청,2026-02-27
신평동1111,1,부산광역시 사하구 하신번영로179번길 32,부산광역시 사하구 신평동 589-12,35.0987762,128.9583842,2021,한전주,051-220-4671,부산광역시 사하구청,2026-02-27
신평동1112,1,부산광역시 사하구 하신번영로179번길 25,부산광역시 사하구 신평동 592-3,35.0986367,128.958655,2021,한전주,051-220-4671,부산광역시 사하구청,2026-02-27
신평동1113,1,부산광역시 사하구 하신번영로179번길 22,부산광역시 사하구 신평동 589-8,35.0987402,128.9589426,2021,한전주,051-220-4671,부산광역시 사하구청,2026-02-27
신평동1114,1,부산광역시 사하구 하신번영로179번길 9,부산광역시 사하구 신평동 591-3,35.0985588,128.9595742,2021,한전주,051-220-4671,부산광역시 사하구청,2026-02-27
신평동1115,1,부산광역시 사하구 하신번영로179번길 2,부산광역시 사하구 신평동 590-14,35.098651,128.9599947931,2021,한전주,051-220-4671,부산광역시 사하구청,2026-02-27
신평동1116,1,부산광역시 사하구 비봉로 64,부산광역시 사하구 신평동 435-37,35.099586229,128.9654548,2021,한전주,051-220-4671,부산광역시 사하구청,2026-02-27
신평동1117,1,부산광역시 사하구 비봉로 64,부산광역시 사하구 신평동 435-37,35.099586229,128.9654548,2021,한전주,051-220-4671,부산광역시 사하구청,2026-02-27
신평동1118,1,부산광역시 사하구 비봉로 64,부산광역시 사하구 신평동 435-37,35.099586229,128.9654548,2021,전용주,051-220-4671,부산광역시 사하구청,2026-02-27
신평동1119,1,부산광역시 사하구 비봉로 64,부산광역시 사하구 신평동 435-37,35.099586229,128.9654548,2021,전용주,051-220-4671,부산광역시 사하구청,2026-02-27
신평동112,1,부산광역시 사하구 신산북로 43,부산광역시 사하구 신평동 342-1,35.0913816383,128.9691831,2021,한전주,051-220-4671,부산광역시 사하구청,2026-02-27
신평동1120,1,부산광역시 사하구 비봉로 64,부산광역시 사하구 신평동 435-37,35.099586229,128.9654548,2021,전용주,051-220-4671,부산광역시 사하구청,2026-02-27
신평동1121,1,부산광역시 사하구 비봉로 64,부산광역시 사하구 신평동 435-37,35.099586229,128.9654548,2021,전용주,051-220-4671,부산광역시 사하구청,2026-02-27
신평동1122,1,부산광역시 사하구 비봉로54번안길 36,부산광역시 사하구 신평동 산 107-1,35.1000247381,128.9662457707,2021,건축물,051-220-4671,부산광역시 사하구청,2026-02-27
신평동1123,1,부산광역시 사하구 비봉로54번안길 28,부산광역시 사하구 신평동 432-9,35.0998602,128.9665793,2021,한전주,051-220-4671,부산광역시 사하구청,2026-02-27
신평동1124,1,부산광역시 사하구 비봉로54번안길 28,부산광역시 사하구 신평동 432-9,35.0998602,128.9665793,2021,한전주,051-220-4671,부산광역시 사하구청,2026-02-27
신평동1125,1,부산광역시 사하구 비봉로54번안길 26,부산광역시 사하구 신평동 산107-10,35.0994986116,128.9667686,2021,한전주,051-220-4671,부산광역시 사하구청,2026-02-27
신평동1126,1,부산광역시 사하구 비봉로54번안길 26-1,부산광역시 사하구 신평동 432-6,35.0999848,128.966681,2021,전용주,051-220-4671,부산광역시 사하구청,2026-02-27
신평동1127,1,부산광역시 사하구 비봉로54번안길 26-1,부산광역시 사하구 신평동 432-6,35.0999848,128.966681,2021,전용주,051-220-4671,부산광역시 사하구청,2026-02-27
신평동1128,1,부산광역시 사하구 비봉로54번안길 26,부산광역시 사하구 신평동 산107-10,35.0994986116,128.9667686,2021,전용주,051-220-4671,부산광역시 사하구청,2026-02-27
신평동1129,1,부산광역시 사하구 비봉로54번길 40,부산광역시 사하구 신평동 430-5,35.0987705,128.9670905,2021,건축물,051-220-4671,부산광역시 사하구청,2026-02-27
신평동113,1,부산광역시 사하구 신산북로 43,부산광역시 사하구 신평동 342-1,35.0913816383,128.9691831,2021,한전주,051-220-4671,부산광역시 사하구청,2026-02-27
신평동1130,1,부산광역시 사하구 비봉로54번길 23,부산광역시 사하구 신평동 430-2,35.0983451,128.9666526,2021,한전주,051-220-4671,부산광역시 사하구청,2026-02-27
신평동1131,1,부산광역시 사하구 비봉로54번길 15,부산광역시 사하구 신평동 430-17,35.0985655,128.9663947,2021,건축물,051-220-4671,부산광역시 사하구청,2026-02-27
신평동1132,1,부산광역시 사하구 비봉로54번길 19,부산광역시 사하구 신평동 430-18,35.0984551,128.9665346,2021,한전주,051-220-4671,부산광역시 사하구청,2026-02-27
신평동1133,1,부산광역시 사하구 비봉로54번길 17,부산광역시 사하구 신평동 430-47,35.0984565,128.9664469,2021,건축물,051-220-4671,부산광역시 사하구청,2026-02-27
신평동1134,1,부산광역시 사하구 비봉로54번길 12,부산광역시 사하구 신평동 430-3,35.0983343,128.9661897597,2021,한전주,051-220-4671,부산광역시 사하구청,2026-02-27
신평동1135,1,부산광역시 사하구 비봉로 44,부산광역시 사하구 신평동 427,35.0979712,128.9657997428,2021,건축물,051-220-4671,부산광역시 사하구청,2026-02-27
신평동1136,1,부산광역시 사하구 비봉로 46,부산광역시 사하구 신평동 428,35.0980558,128.965593,2021,한전주,051-220-4671,부산광역시 사하구청,2026-02-27
신평동1137,1,부산광역시 사하구 비봉로 46,부산광역시 사하구 신평동 428,35.098035753,128.9655774763,2021,한전주,051-220-4671,부산광역시 사하구청,2026-02-27
신평동1138,1,부산광역시 사하구 비봉로 53,부산광역시 사하구 신평동 436,35.0986259,128.9654532,2021,한전주,051-220-4671,부산광역시 사하구청,2026-02-27
신평동1139,1,부산광역시 사하구 비봉로 50,부산광역시 사하구 신평동 436-14,35.0983936571,128.9657551,2021,한전주,051-220-4671,부산광역시 사하구청,2026-02-27
신평동114,1,부산광역시 사하구 신산북로43번길 14,부산광역시 사하구 신평동 329-2,35.0914772,128.969481,2021,한전주,051-220-4671,부산광역시 사하구청,2026-02-27
신평동1140,1,부산광역시 사하구 비봉로54번길 9,부산광역시 사하구 신평동 430-22,35.0986684,128.9661669,2021,건축물,051-220-4671,부산광역시 사하구청,2026-02-27
신평동1141,1,부산광역시 사하구 비봉로54번길 33,부산광역시 사하구 신평동 430-1,35.0984870387,128.966854,2021,한전주,051-220-4671,부산광역시 사하구청,2026-02-27
신평동1142,1,부산광역시 사하구 비봉로54번길 49-1,부산광역시 사하구 신평동 산107-5,35.0991777776,128.9665526,2021,한전주,051-220-4671,부산광역시 사하구청,2026-02-27
신평동1143,1,부산광역시 사하구 비봉로54번안길 12,부산광역시 사하구 신평동 430-10,35.0989727,128.9662949,2021,한전주,051-220-4671,부산광역시 사하구청,2026-02-27
신평동1144,1,부산광역시 사하구 비봉로54번안길 9,부산광역시 사하구 신평동 430-11,35.0990568,128.9660991542,2021,한전주,051-220-4671,부산광역시 사하구청,2026-02-27
신평동1145,1,부산광역시 사하구 비봉로 56,부산광역시 사하구 신평동 431-2,35.0987899524,128.9657722362,2021,한전주,051-220-4671,부산광역시 사하구청,2026-02-27
신평동1146,1,부산광역시 사하구 비봉로 57,부산광역시 사하구 신평동 434-3,35.0990673,128.9654638,2021,한전주,051-220-4671,부산광역시 사하구청,2026-02-27
신평동1147,1,부산광역시 사하구 비봉로 62,부산광역시 사하구 신평동 433-2,35.0995915,128.9659259,2021,한전주,051-220-4671,부산광역시 사하구청,2026-02-27
신평동1148,1,부산광역시 사하구 비봉로21번길 21,부산광역시 사하구 신평동 445-2,35.097730988,128.9630965249,2021,한전주,051-220-4671,부산광역시 사하구청,2026-02-27
신평동1149,1,부산광역시 사하구 비봉로 85,부산광역시 사하구 신평동 446,35.0983847748,128.9629259,2021,한전주,051-220-4671,부산광역시 사하구청,2026-02-27
신평동115,1,부산광역시 사하구 신산북로43번길 28,부산광역시 사하구 신평동 326-1,35.0920263,128.9700753,2021,건축물,051-220-4671,부산광역시 사하구청,2026-02-27
신평동1150,1,부산광역시 사하구 비봉로21번길 25,부산광역시 사하구 신평동 445-3,35.0980834,128.9633348,2021,한전주,051-220-4671,부산광역시 사하구청,2026-02-27
신평동1151,1,부산광역시 사하구 비봉로21번길 22,부산광역시 사하구 신평동 417-7,35.0981404111,128.9636798244,2021,한전주,051-220-4671,부산광역시 사하구청,2026-02-27
신평동1152,1,부산광역시 사하구 비봉로21번길 20,부산광역시 사하구 신평동 417-2,35.0973675,128.9635809,2021,한전주,051-220-4671,부산광역시 사하구청,2026-02-27
신평동1153,1,부산광역시 사하구 비봉로21번길 20,부산광역시 사하구 신평동 417-2,35.0973675,128.9635809,2021,한전주,051-220-4671,부산광역시 사하구청,2026-02-27
신평동1154,1,부산광역시 사하구 비봉로21번길 20,부산광역시 사하구 신평동 417-2,35.0973675,128.9635809,2021,한전주,051-220-4671,부산광역시 사하구청,2026-02-27
신평동1155,1,부산광역시 사하구 비봉로 9,부산광역시 사하구 신평동 409-19,35.0963652,128.9625919,2021,건축물,051-220-4671,부산광역시 사하구청,2026-02-27
신평동1156,1,부산광역시 사하구 하신중앙로 180-8,부산광역시 사하구 신평동 408-7,35.0953373,128.9626221,2021,한전주,051-220-4671,부산광역시 사하구청,2026-02-27
신평동1157,1,부산광역시 사하구 하신중앙로 180-4,부산광역시 사하구 신평동 408-9,35.0950561,128.962736,2021,한전주,051-220-4671,부산광역시 사하구청,2026-02-27
신평동1158,1,부산광역시 사하구 하신중앙로 180-2,부산광역시 사하구 신평동 408-10,35.0948657,128.9627923218,2021,한전주,051-220-4671,부산광역시 사하구청,2026-02-27
신평동1159,1,부산광역시 사하구 하신중앙로 210,부산광역시 사하구 신평동 452-1,35.0971447,128.9623145,2021,한전주,051-220-4671,부산광역시 사하구청,2026-02-27
신평동116,1,부산광역시 사하구 신산북로43번길 28,부산광역시 사하구 신평동 326-1,35.0920263,128.9700753,2021,건축물,051-220-4671,부산광역시 사하구청,2026-02-27
신평동1160,1,부산광역시 사하구 신산북로 11,부산광역시 사하구 신평동 469-2,35.0915905488,128.9659429,2021,전용주,051-220-4671,부산광역시 사하구청,2026-02-27
신평동1161,1,부산광역시 사하구 신산북로 11,부산광역시 사하구 신평동 469-2,35.0915905488,128.9659429,2021,한전주,051-220-4671,부산광역시 사하구청,2026-02-27
신평동1162,1,부산광역시 사하구 신산북로 9,부산광역시 사하구 신평동 469-1,35.091893,128.9660701,2021,건축물,051-220-4671,부산광역시 사하구청,2026-02-27
신평동1163,1,부산광역시 사하구 신산북로 7,부산광역시 사하구 신평동 469,35.0920665,128.9659318,2021,건축물,051-220-4671,부산광역시 사하구청,2026-02-27
신평동1164,1,부산광역시 사하구 신산북로 5,부산광역시 사하구 신평동 668,35.0928914,128.9661928,2021,건축물,051-220-4671,부산광역시 사하구청,2026-02-27
신평동1165,1,부산광역시 사하구 신산북로 5,부산광역시 사하구 신평동 668,35.0928914,128.9661928,2021,전용주,051-220-4671,부산광역시 사하구청,2026-02-27
신평동1166,1,부산광역시 사하구 신산북로 5,부산광역시 사하구 신평동 668,35.0928914,128.9661928,2021,전용주,051-220-4671,부산광역시 사하구청,2026-02-27
신평동1167,1,부산광역시 사하구 하신중앙로 140,부산광역시 사하구 신평동 467,35.0916709,128.9653192,2021,건축물,051-220-4671,부산광역시 사하구청,2026-02-27
신평동1168,1,부산광역시 사하구 하신중앙로 140,부산광역시 사하구 신평동 467,35.0916709,128.9653192,2021,건축물,051-220-4671,부산광역시 사하구청,2026-02-27
신평동1169,1,부산광역시 사하구 하신중앙로 140,부산광역시 사하구 신평동 467,35.0916709,128.9653192,2021,전용주,051-220-4671,부산광역시 사하구청,2026-02-27
신평동117,1,부산광역시 사하구 신산북로43번길 28,부산광역시 사하구 신평동 326-1,35.0920263,128.9700753,2021,한전주,051-220-4671,부산광역시 사하구청,2026-02-27
신평동1170,1,부산광역시 사하구 하신중앙로 140,부산광역시 사하구 신평동 467,35.0916709,128.9653192,2021,전용주,051-220-4671,부산광역시 사하구청,2026-02-27
신평동1171,1,부산광역시 사하구 하신중앙로 140,부산광역시 사하구 신평동 467,35.0916709,128.9653192,2021,전용주,051-220-4671,부산광역시 사하구청,2026-02-27
신평동1172,1,부산광역시 사하구 하신중앙로 140,부산광역시 사하구 신평동 467,35.0916709,128.9653192,2021,전용주,051-220-4671,부산광역시 사하구청,2026-02-27
신평동1173,1,부산광역시 사하구 을숙도대로 555,부산광역시 사하구 신평동 370-31,35.086423,128.9660595,2021,한전주,051-220-4671,부산광역시 사하구청,2026-02-27
신평동1174,1,부산광역시 사하구 신산북로 33,부산광역시 사하구 신평동 344-1,35.0913445,128.9682169,2021,한전주,051-220-4671,부산광역시 사하구청,2026-02-27
신평동1175,1,부산광역시 사하구 신산북로33번길 17,부산광역시 사하구 신평동 363-9,35.0919278,128.9683735,2021,한전주,051-220-4671,부산광역시 사하구청,2026-02-27
신평동1176,1,부산광역시 사하구 비봉로54번안길 12,부산광역시 사하구 신평동 430-10,35.0989727,128.9662949,2022,,051-220-4671,부산광역시 사하구청,2026-02-27
신평동1177,1,부산광역시 사하구 하신번영로169번길 50,부산광역시 사하구 신평동 604-12,35.0979915,128.957297353,2022,,051-220-4671,부산광역시 사하구청,2026-02-27
신평동1178,1,부산광역시 사하구 하신중앙로210,부산광역시 사하구 신평동 452-1,35.0971241117,128.9623072883,2023,,051-220-4671,부산광역시 사하구청,2026-02-27
신평동1179,1,부산광역시 사하구 비봉로 44,부산광역시 사하구 신평동 427,35.0979490587,128.9657997428,2023,,051-220-4671,부산광역시 사하구청,2026-02-27
신평동118,1,부산광역시 사하구 신산북로49번길 23-1,부산광역시 사하구 신평동 323,35.0921845,128.9703203,2021,한전주,051-220-4671,부산광역시 사하구청,2026-02-27
신평동1180,1,부산광역시 사하구 비봉로 44,부산광역시 사하구 신평동 427,35.0979490587,128.9657997428,2023,,051-220-4671,부산광역시 사하구청,2026-02-27
신평동1181,1,부산광역시 사하구 비봉로 44,부산광역시 사하구 신평동 427,35.0979490587,128.9657997428,2023,,051-220-4671,부산광역시 사하구청,2026-02-27
신평동1182,1,부산광역시 사하구 하신번영로169번길 64,부산광역시 사하구 신평동 603-12,35.0980489,128.9565466,2024,건축물,051-220-4671,부산광역시 사하구청,2026-02-27
신평동1183,1,부산광역시 사하구 비봉로54번길 9,부산광역시 사하구 신평동 430-22,35.0986684,128.9661669,2025,건축물,051-220-4671,부산광역시 사하구청,2026-02-27
신평동1184,1,부산광역시 사하구 하신번영로159번길 54,부산광역시 사하구 신평동 619-8,35.0970594,128.9569945,2025,한전주,051-220-4671,부산광역시 사하구청,2026-02-27
신평동1185,1,부산광역시 사하구 하신번영로159번길 58,부산광역시 사하구 신평동 619-10,35.0970772799,128.9566978465,2025,한전주,051-220-4671,부산광역시 사하구청,2026-02-27
신평동1186,1,부산광역시 사하구 하신번영로159번길 66,부산광역시 사하구 신평동 619-13,35.0971248,128.9562943,2025,한전주,051-220-4671,부산광역시 사하구청,2026-02-27
신평동119,1,부산광역시 사하구 신산북로43번길 41,부산광역시 사하구 신평동 206-5,35.0920272,128.9689131,2021,한전주,051-220-4671,부산광역시 사하구청,2026-02-27
신평동120,1,부산광역시 사하구 신산북로43번길 48,부산광역시 사하구 신평동 317-5,35.0926213,128.9705994138,2021,한전주,051-220-4671,부산광역시 사하구청,2026-02-27
신평동121,1,부산광역시 사하구 신산북로43번길 52,부산광역시 사하구 신평동 314-1,35.0927972544,128.9708618,2021,건축물,051-220-4671,부산광역시 사하구청,2026-02-27
신평동1211,1,부산광역시 사하구 하신번영로157번길 1,부산광역시 사하구 신평동 630-7,35.0964898,128.9598975,2024,,051-220-4671,부산광역시 사하구청,2026-02-27
신평동122,1,부산광역시 사하구 신산북로43번길 55,부산광역시 사하구 신평동 214,35.0929523,128.9707664,2021,한전주,051-220-4671,부산광역시 사하구청,2026-02-27
신평동123,1,부산광역시 사하구 신산북로43번길 62,부산광역시 사하구 신평동 219-4,35.0930263,128.9711930704,2021,한전주,051-220-4671,부산광역시 사하구청,2026-02-27
신평동124,1,부산광역시 사하구 신산북로43번길 62,부산광역시 사하구 신평동 219-4,35.0930263,128.9711930704,2021,건축물,051-220-4671,부산광역시 사하구청,2026-02-27
신평동125,1,부산광역시 사하구 장평로299번길 31,부산광역시 사하구 신평동 286-12,35.0929903,128.9717541,2021,한전주,051-220-4671,부산광역시 사하구청,2026-02-27
신평동126,1,부산광역시 사하구 장평로299번길 24,부산광역시 사하구 신평동 238,35.0931942845,128.9719477695,2021,한전주,051-220-4671,부산광역시 사하구청,2026-02-27
신평동127,1,부산광역시 사하구 장평로299번길 26-6,부산광역시 사하구 신평동 242-2,35.093589633,128.9719883,2021,한전주,051-220-4671,부산광역시 사하구청,2026-02-27
신평동128,1,부산광역시 사하구 장평로299번길 20-3,부산광역시 사하구 신평동 239-1,35.0933524803,128.9720289,2021,건축물,051-220-4671,부산광역시 사하구청,2026-02-27
신평동129,1,부산광역시 사하구 장평로299번안길 2,부산광역시 사하구 신평동 252,35.0931893837,128.9724871073,2021,한전주,051-220-4671,부산광역시 사하구청,2026-02-27
신평동130,1,부산광역시 사하구 장평로299번안길 14,부산광역시 사하구 신평동 254-2,35.0937745,128.9722993,2021,한전주,051-220-4671,부산광역시 사하구청,2026-02-27
신평동131,1,부산광역시 사하구 장평로299번안길 16,부산광역시 사하구 신평동 168-2,35.0939829,128.9722276,2021,한전주,051-220-4671,부산광역시 사하구청,2026-02-27
신평동132,1,부산광역시 사하구 장평로299번안길 26-5,부산광역시 사하구 신평동 168-9,35.0939923291,128.9726888,2021,건축물,051-220-4671,부산광역시 사하구청,2026-02-27
신평동133,1,부산광역시 사하구 장평로299번안길 28,부산광역시 사하구 신평동 168-1,35.0940977023,128.9724283,2021,한전주,051-220-4671,부산광역시 사하구청,2026-02-27
신평동134,1,부산광역시 사하구 장평로299번안길 30,부산광역시 사하구 신평동 168-27,35.0942322,128.972420,2021,한전주,051-220-4671,부산광역시 사하구청,2026-02-27
신평동135,1,부산광역시 사하구 장평로299번안길 41,부산광역시 사하구 신평동 174-11,35.0945928,128.9723955088,2021,한전주,051-220-4671,부산광역시 사하구청,2026-02-27
신평동136,1,부산광역시 사하구 장평로299번안길 39-6,부산광역시 사하구 신평동 174-8,35.0948901,128.9723986084,2021,한전주,051-220-4671,부산광역시 사하구청,2026-02-27
신평동137,1,부산광역시 사하구 장평로299번안길 54,부산광역시 사하구 신평동 174-25,35.0948849,128.9727317,2021,건축물,051-220-4671,부산광역시 사하구청,2026-02-27
신평동138,1,부산광역시 사하구 장평로299번안길 46,부산광역시 사하구 신평동 174-29,35.0944707,128.9726991942,2021,건축물,051-220-4671,부산광역시 사하구청,2026-02-27
신평동139,1,부산광역시 사하구 장평로299번안길 45,부산광역시 사하구 신평동 174-20,35.0945905,128.9725492,2021,한전주,051-220-4671,부산광역시 사하구청,2026-02-27
신평동140,1,부산광역시 사하구 장평로301번길 11,부산광역시 사하구 신평동 253-2,35.0935397,128.9728857,2021,한전주,051-220-4671,부산광역시 사하구청,2026-02-27
신평동141,1,부산광역시 사하구 장평로301번길 15,부산광역시 사하구 신평동 166-4,35.0937598,128.9726498,2021,한전주,051-220-4671,부산광역시 사하구청,2026-02-27
신평동142,1,부산광역시 사하구 장평로301번길 22,부산광역시 사하구 신평동 6-6,35.0939918,128.9733462,2021,한전주,051-220-4671,부산광역시 사하구청,2026-02-27
신평동143,1,부산광역시 사하구 장평로301번길 21,부산광역시 사하구 신평동 166,35.0941805,128.9728244,2021,건축물,051-220-4671,부산광역시 사하구청,2026-02-27
신평동144,1,부산광역시 사하구 장평로301번길 24,부산광역시 사하구 신평동 6-5,35.0940815,128.9733703,2021,한전주,051-220-4671,부산광역시 사하구청,2026-02-27
신평동145,1,부산광역시 사하구 장평로301번길 27,부산광역시 사하구 신평동 166-10,35.0941766207,128.9731867,2021,한전주,051-220-4671,부산광역시 사하구청,2026-02-27
신평동146,1,부산광역시 사하구 장평로301번길 31,부산광역시 사하구 신평동 5-9,35.094370,128.9733662,2021,한전주,051-220-4671,부산광역시 사하구청,2026-02-27
신평동147,1,부산광역시 사하구 장평로301번길 40,부산광역시 사하구 신평동 5-3,35.0945763,128.973426,2021,한전주,051-220-4671,부산광역시 사하구청,2026-02-27
신평동148,1,부산광역시 사하구 장평로301번길 34,부산광역시 사하구 신평동 5-6,35.0942826855,128.9735949,2021,건축물,051-220-4671,부산광역시 사하구청,2026-02-27
신평동149,1,부산광역시 사하구 장평로299번길 7,부산광역시 사하구 신평동 259-1,35.0928914,128.9728482,2021,건축물,051-220-4671,부산광역시 사하구청,2026-02-27
신평동150,1,부산광역시 사하구 신산북로67번길 41,부산광역시 사하구 신평동 286-1,35.0927836972,128.9725282,2021,한전주,051-220-4671,부산광역시 사하구청,2026-02-27
신평동151,1,부산광역시 사하구 신산북로67번길 33,부산광역시 사하구 신평동 282-26,35.0924206,128.9722890184,2021,한전주,051-220-4671,부산광역시 사하구청,2026-02-27
신평동152,1,부산광역시 사하구 신산북로67번길 32-10,부산광역시 사하구 신평동 260-27,35.091972,128.9723107,2021,한전주,051-220-4671,부산광역시 사하구청,2026-02-27
신평동153,1,부산광역시 사하구 신산북로67번길 32-1,부산광역시 사하구 신평동 260-10,35.0922904,128.9726802,2021,건축물,051-220-4671,부산광역시 사하구청,2026-02-27
신평동154,1,부산광역시 사하구 신산북로67번길 32,부산광역시 사하구 신평동 260-20,35.0922864938,128.9724395,2021,한전주,051-220-4671,부산광역시 사하구청,2026-02-27
신평동155,1,부산광역시 사하구 신산북로67번길 29,부산광역시 사하구 신평동 282-28,35.0922541,128.9721421,2021,건축물,051-220-4671,부산광역시 사하구청,2026-02-27
신평동156,1,부산광역시 사하구 신산북로67번길 31-4,부산광역시 사하구 신평동 282-20,35.0924956,128.9716984,2021,건축물,051-220-4671,부산광역시 사하구청,2026-02-27
신평동157,1,부산광역시 사하구 신산북로67번길 29-7,부산광역시 사하구 신평동 282-32,35.0922772648,128.9716945,2021,건축물,051-220-4671,부산광역시 사하구청,2026-02-27
신평동158,1,부산광역시 사하구 신산북로67번길 24,부산광역시 사하구 신평동 260-28,35.0919981976,128.9722241,2021,한전주,051-220-4671,부산광역시 사하구청,2026-02-27
신평동159,1,부산광역시 사하구 신산북로67번길 19,부산광역시 사하구 신평동 280-1,35.0918431,128.9719239,2021,한전주,051-220-4671,부산광역시 사하구청,2026-02-27
신평동160,1,부산광역시 사하구 신산북로67번길 12,부산광역시 사하구 신평동 272-3,35.0914887,128.9720935327,2021,한전주,051-220-4671,부산광역시 사하구청,2026-02-27
신평동161,1,부산광역시 사하구 신산북로67번길 6,부산광역시 사하구 신평동 267,35.0912473,128.9719863,2021,건축물,051-220-4671,부산광역시 사하구청,2026-02-27
신평동162,1,부산광역시 사하구 신산북로67번길 19-2,부산광역시 사하구 신평동 280-5,35.0917956772,128.9715506,2021,건축물,051-220-4671,부산광역시 사하구청,2026-02-27
신평동163,1,부산광역시 사하구 신산북로67번길 19-2,부산광역시 사하구 신평동 280-5,35.0917956772,128.9715506,2021,한전주,051-220-4671,부산광역시 사하구청,2026-02-27
신평동164,1,부산광역시 사하구 신산북로57번길 6,부산광역시 사하구 신평동 290-1,35.0913562,128.9708267,2021,한전주,051-220-4671,부산광역시 사하구청,2026-02-27
신평동165,1,부산광역시 사하구 신산북로 61,부산광역시 사하구 신평동 291-1,35.091155,128.9709902996,2021,한전주,051-220-4671,부산광역시 사하구청,2026-02-27
신평동166,1,부산광역시 사하구 신산북로57번길 3,부산광역시 사하구 신평동 294-1,35.0912940368,128.9706831,2021,건축물,051-220-4671,부산광역시 사하구청,2026-02-27
신평동167,1,부산광역시 사하구 신산북로49번길 6,부산광역시 사하구 신평동 295,35.0914563,128.9702151,2021,한전주,051-220-4671,부산광역시 사하구청,2026-02-27
신평동168,1,부산광역시 사하구 신산북로 51,부산광역시 사하구 신평동 294-7,35.091199,128.9699677,2021,한전주,051-220-4671,부산광역시 사하구청,2026-02-27
신평동169,1,부산광역시 사하구 신산북로57번길 36,부산광역시 사하구 신평동 309-1,35.092538,128.9712969938,2021,한전주,051-220-4671,부산광역시 사하구청,2026-02-27
신평동170,1,부산광역시 사하구 신산북로57번길 27,부산광역시 사하구 신평동 318,35.0923736,128.9708841,2021,한전주,051-220-4671,부산광역시 사하구청,2026-02-27
신평동171,1,부산광역시 사하구 신산북로57번길 22,부산광역시 사하구 신평동 309-2,35.0922791,128.9711559,2021,건축물,051-220-4671,부산광역시 사하구청,2026-02-27
신평동172,1,부산광역시 사하구 신산북로57번길 22,부산광역시 사하구 신평동 309-2,35.0922791,128.9711559,2021,한전주,051-220-4671,부산광역시 사하구청,2026-02-27
신평동173,1,부산광역시 사하구 신산북로57번길 27-2,부산광역시 사하구 신평동 317-1,35.0925475,128.9707238,2021,한전주,051-220-4671,부산광역시 사하구청,2026-02-27
신평동174,1,부산광역시 사하구 신산북로49번길 31,부산광역시 사하구 신평동 320,35.0923968,128.9705667,2021,한전주,051-220-4671,부산광역시 사하구청,2026-02-27
신평동175,1,부산광역시 사하구 신산북로49번길 25,부산광역시 사하구 신평동 322,35.0921763349,128.9704413,2021,한전주,051-220-4671,부산광역시 사하구청,2026-02-27
신평동176,1,부산광역시 사하구 신산북로49번길 18,부산광역시 사하구 신평동 307-3,35.0917895137,128.9702564,2021,한전주,051-220-4671,부산광역시 사하구청,2026-02-27
신평동177,1,부산광역시 사하구 신산북로49번길 21,부산광역시 사하구 신평동 325,35.0919786,128.9702386,2021,건축물,051-220-4671,부산광역시 사하구청,2026-02-27
신평동178,1,부산광역시 사하구 신산북로57번길 13,부산광역시 사하구 신평동 304,35.0916908,128.970758,2021,한전주,051-220-4671,부산광역시 사하구청,2026-02-27
신평동179,1,부산광역시 사하구 장평로299번길 21,부산광역시 사하구 신평동 286-14,35.0929306,128.9720917568,2021,한전주,051-220-4671,부산광역시 사하구청,2026-02-27
신평동180,1,부산광역시 사하구 장평로292번길 1,부산광역시 사하구 신평동 158-10,35.0923519,128.9733286,2021,한전주,051-220-4671,부산광역시 사하구청,2026-02-27
신평동181,1,부산광역시 사하구 장평로292번길 3-2,부산광역시 사하구 신평동 158-11,35.0923909,128.9736852546,2021,한전주,051-220-4671,부산광역시 사하구청,2026-02-27
신평동182,1,부산광역시 사하구 장평로292번길 3-6,부산광역시 사하구 신평동 158-3,35.0924972,128.9737974813,2021,한전주,051-220-4671,부산광역시 사하구청,2026-02-27
신평동183,1,부산광역시 사하구 다대로144번길 172,부산광역시 사하구 신평동 161-170,35.0928891,128.9740981,2021,건축물,051-220-4671,부산광역시 사하구청,2026-02-27
신평동184,1,부산광역시 사하구 다대로144번길 162,부산광역시 사하구 신평동 161-165,35.0927241,128.9742695,2021,한전주,051-220-4671,부산광역시 사하구청,2026-02-27
신평동185,1,부산광역시 사하구 다대로144번길 153,부산광역시 사하구 신평동 157-15,35.0924811,128.9742527,2021,한전주,051-220-4671,부산광역시 사하구청,2026-02-27
신평동186,1,부산광역시 사하구 장평로292번길 19,부산광역시 사하구 신평동 157-18,35.092367,128.9740636,2021,한전주,051-220-4671,부산광역시 사하구청,2026-02-27
신평동187,1,부산광역시 사하구 장평로292번길 12,부산광역시 사하구 신평동 157-11,35.0919986246,128.9738688,2021,건축물,051-220-4671,부산광역시 사하구청,2026-02-27
신평동188,1,부산광역시 사하구 다대로144번길 144,부산광역시 사하구 신평동 161-157,35.0924491,128.9745589,2021,건축물,051-220-4671,부산광역시 사하구청,2026-02-27
신평동189,1,부산광역시 사하구 다대로144번길 132,부산광역시 사하구 신평동 161-152,35.0922567,128.9747517,2021,한전주,051-220-4671,부산광역시 사하구청,2026-02-27
신평동190,1,부산광역시 사하구 다대로144번길 112,부산광역시 사하구 신평동 161-145,35.0918897,128.9751485,2021,한전주,051-220-4671,부산광역시 사하구청,2026-02-27
신평동191,1,부산광역시 사하구 다대로144번길 104,부산광역시 사하구 신평동 111-532,35.0917527,128.9752658,2021,전용주,051-220-4671,부산광역시 사하구청,2026-02-27
신평동193,1,부산광역시 사하구 다대로144번길 94,부산광역시 사하구 신평동 111-537,35.0915329,128.9754798,2021,한전주,051-220-4671,부산광역시 사하구청,2026-02-27
신평동194,1,부산광역시 사하구 장평로278번길 71,부산광역시 사하구 신평동 111-593,35.0913242,128.9749991588,2021,건축물,051-220-4671,부산광역시 사하구청,2026-02-27
신평동195,1,부산광역시 사하구 장평로278번길 68,부산광역시 사하구 신평동 153,35.0911553,128.9748677,2021,한전주,051-220-4671,부산광역시 사하구청,2026-02-27
신평동196,1,부산광역시 사하구 장평로278번길 63-2,부산광역시 사하구 신평동 111-599,35.0914851,128.9750949,2021,전용주,051-220-4671,부산광역시 사하구청,2026-02-27
신평동197,1,부산광역시 사하구 장평로278번길 55,부산광역시 사하구 신평동 152,35.0913986,128.9748735,2021,건축물,051-220-4671,부산광역시 사하구청,2026-02-27
신평동198,1,부산광역시 사하구 장평로278번길 55,부산광역시 사하구 신평동 152,35.0913986,128.9748735,2021,전용주,051-220-4671,부산광역시 사하구청,2026-02-27
신평동199,1,부산광역시 사하구 장평로278번길 45-3,부산광역시 사하구 신평동 151-6,35.0914599,128.9744255,2021,건축물,051-220-4671,부산광역시 사하구청,2026-02-27
신평동200,1,부산광역시 사하구 장평로278번길 35,부산광역시 사하구 신평동 151-7,35.0912936,128.9741254,2021,한전주,051-220-4671,부산광역시 사하구청,2026-02-27
신평동201,1,부산광역시 사하구 장평로278번길 31,부산광역시 사하구 신평동 154-5,35.0913685,128.9739518,2021,한전주,051-220-4671,부산광역시 사하구청,2026-02-27
신평동202,1,부산광역시 사하구 장평로278번길 31-1,부산광역시 사하구 신평동 154-4,35.0914573,128.9740307,2021,한전주,051-220-4671,부산광역시 사하구청,2026-02-27
신평동203,1,부산광역시 사하구 장평로278번길 25,부산광역시 사하구 신평동 152-5,35.0911901996,128.9738714,2021,한전주,051-220-4671,부산광역시 사하구청,2026-02-27
신평동204,1,부산광역시 사하구 장평로278번길 20,부산광역시 사하구 신평동 84-85,35.0910296,128.9737353,2021,한전주,051-220-4671,부산광역시 사하구청,2026-02-27
신평동205,1,부산광역시 사하구 장평로 278,부산광역시 사하구 신평동 79-22,35.090998432,128.973439,2021,한전주,051-220-4671,부산광역시 사하구청,2026-02-27
신평동206,1,부산광역시 사하구 장평로 286-1,부산광역시 사하구 신평동 262-24,35.0916454,128.9735528,2021,한전주,051-220-4671,부산광역시 사하구청,2026-02-27
신평동207,1,부산광역시 사하구 장평로 286-2,부산광역시 사하구 신평동 262-27,35.0916503,128.9737935606,2021,한전주,051-220-4671,부산광역시 사하구청,2026-02-27
신평동208,1,부산광역시 사하구 신산로 173,부산광역시 사하구 신평동 544-1,35.0900359,128.974365418,2021,건축물,051-220-4671,부산광역시 사하구청,2026-02-27
신평동209,1,부산광역시 사하구 신산로 177-11,부산광역시 사하구 신평동 84-2,35.0909914382,128.9753247,2021,한전주,051-220-4671,부산광역시 사하구청,2026-02-27
신평동210,1,부산광역시 사하구 다대로144번길 73,부산광역시 사하구 신평동 111-551,35.0910874,128.9757212,2021,한전주,051-220-4671,부산광역시 사하구청,2026-02-27
신평동211,1,부산광역시 사하구 다대로144번길 83,부산광역시 사하구 신평동 111-564,35.0912881,128.9755726,2021,한전주,051-220-4671,부산광역시 사하구청,2026-02-27
신평동212,1,부산광역시 사하구 다대로144번길 83-12,부산광역시 사하구 신평동 111-571,35.0911875273,128.9752418,2021,한전주,051-220-4671,부산광역시 사하구청,2026-02-27
신평동213,1,부산광역시 사하구 다대로144번길 59,부산광역시 사하구 신평동 84-78,35.0908764,128.9759464,2021,한전주,051-220-4671,부산광역시 사하구청,2026-02-27
신평동214,1,부산광역시 사하구 다대로144번길 45,부산광역시 사하구 신평동 84-73,35.0906383,128.9761819,2021,건축물,051-220-4671,부산광역시 사하구청,2026-02-27
신평동215,1,부산광역시 사하구 다대로144번길 36,부산광역시 사하구 신평동 84-135,35.0905614,128.976476,2021,한전주,051-220-4671,부산광역시 사하구청,2026-02-27
신평동216,1,부산광역시 사하구 다대로144번길 20,부산광역시 사하구 신평동 84-54,35.090259,128.9767867,2021,한전주,051-220-4671,부산광역시 사하구청,2026-02-27
신평동217,1,부산광역시 사하구 다대로144번길 11,부산광역시 사하구 신평동 84-59,35.0900428,128.9767815,2021,건축물,051-220-4671,부산광역시 사하구청,2026-02-27
신평동218,1,부산광역시 사하구 다대로144번길 2,부산광역시 사하구 신평동 82-164,35.0899749,128.9770759,2021,한전주,051-220-4671,부산광역시 사하구청,2026-02-27
신평동219,1,부산광역시 사하구 다대로142번길 10,부산광역시 사하구 신평동 82-113,35.0902343,128.9771918,2021,전용주,051-220-4671,부산광역시 사하구청,2026-02-27
신평동220,1,부산광역시 사하구 다대로142번길 4,부산광역시 사하구 신평동 82-109,35.0900917577,128.9772976679,2021,전용주,051-220-4671,부산광역시 사하구청,2026-02-27
신평동221,1,부산광역시 사하구 다대로142번길 24,부산광역시 사하구 신평동 82-121,35.0904770157,128.9769131,2021,전용주,051-220-4671,부산광역시 사하구청,2026-02-27
신평동222,1,부산광역시 사하구 다대로142번길 44,부산광역시 사하구 신평동 82-131,35.090830,128.9765812,2021,한전주,051-220-4671,부산광역시 사하구청,2026-02-27
신평동223,1,부산광역시 사하구 다대로142번길 60,부산광역시 사하구 신평동 82-138,35.0910825515,128.9762901847,2021,한전주,051-220-4671,부산광역시 사하구청,2026-02-27
신평동224,1,부산광역시 사하구 다대로142번길 74,부산광역시 사하구 신평동 111-498,35.0913433,128.9760563,2021,한전주,051-220-4671,부산광역시 사하구청,2026-02-27
신평동225,1,부산광역시 사하구 다대로142번길 94,부산광역시 사하구 신평동 111-489,35.0916915,128.9756918441,2021,한전주,051-220-4671,부산광역시 사하구청,2026-02-27
신평동226,1,부산광역시 사하구 다대로142번길 106,부산광역시 사하구 신평동 111-483,35.0918798862,128.9754887,2021,한전주,051-220-4671,부산광역시 사하구청,2026-02-27
신평동227,1,부산광역시 사하구 다대로142번길 106,부산광역시 사하구 신평동 111-483,35.0918798862,128.9754887,2021,한전주,051-220-4671,부산광역시 사하구청,2026-02-27
신평동228,1,부산광역시 사하구 다대로142번길 120,부산광역시 사하구 신평동 161-94,35.0921679,128.975221,2021,한전주,051-220-4671,부산광역시 사하구청,2026-02-27
신평동229,1,부산광역시 사하구 다대로142번길 134,부산광역시 사하구 신평동 161-99,35.0923971,128.9749853,2021,한전주,051-220-4671,부산광역시 사하구청,2026-02-27
신평동230,1,부산광역시 사하구 다대로142번길 148,부산광역시 사하구 신평동 161-105,35.0926446,128.9747281,2021,한전주,051-220-4671,부산광역시 사하구청,2026-02-27
신평동231,1,부산광역시 사하구 다대로142번길 160,부산광역시 사하구 신평동 161-110,35.0928371,128.9745244,2021,한전주,051-220-4671,부산광역시 사하구청,2026-02-27
신평동232,1,부산광역시 사하구 다대로140번길 163,부산광역시 사하구 신평동 161-71,35.0929631,128.9745384,2021,건축물,051-220-4671,부산광역시 사하구청,2026-02-27
신평동233,1,부산광역시 사하구 다대로140번길 150,부산광역시 사하구 신평동 161-62,35.0927933677,128.9748967,2021,건축물,051-220-4671,부산광역시 사하구청,2026-02-27
신평동234,1,부산광역시 사하구 다대로140번길 144,부산광역시 사하구 신평동 161-59,35.0926983602,128.9749931,2021,건축물,051-220-4671,부산광역시 사하구청,2026-02-27
신평동235,1,부산광역시 사하구 다대로140번길 147,부산광역시 사하구 신평동 161-79,35.0926972,128.9748171,2021,건축물,051-220-4671,부산광역시 사하구청,2026-02-27
신평동236,1,부산광역시 사하구 다대로140번길 140,부산광역시 사하구 신평동 161-58,35.0926664,128.9750466,2021,건축물,051-220-4671,부산광역시 사하구청,2026-02-27
신평동237,1,부산광역시 사하구 다대로140번길 134,부산광역시 사하구 신평동 161-54,35.092538,128.9751861,2021,건축물,051-220-4671,부산광역시 사하구청,2026-02-27
신평동238,1,부산광역시 사하구 다대로140번길 119,부산광역시 사하구 신평동 161-91,35.0922297,128.9752992,2021,건축물,051-220-4671,부산광역시 사하구청,2026-02-27
신평동239,1,부산광역시 사하구 다대로140번길 105,부산광역시 사하구 신평동 111-470,35.091964,128.9755669,2021,전용주,051-220-4671,부산광역시 사하구청,2026-02-27
신평동240,1,부산광역시 사하구 다대로140번길 100,부산광역시 사하구 신평동 111-418,35.0919331,128.9757913624,2021,건축물,051-220-4671,부산광역시 사하구청,2026-02-27
신평동241,1,부산광역시 사하구 다대로140번길 82,부산광역시 사하구 신평동 111-427,35.0916308,128.9760985836,2021,건축물,051-220-4671,부산광역시 사하구청,2026-02-27
신평동242,1,부산광역시 사하구 다대로140번길 77,부산광역시 사하구 신평동 111-456,35.0914784,128.9760596,2021,건축물,051-220-4671,부산광역시 사하구청,2026-02-27
신평동243,1,부산광역시 사하구 다대로140번길 66,부산광역시 사하구 신평동 111-434,35.0913557,128.9763965,2021,건축물,051-220-4671,부산광역시 사하구청,2026-02-27
신평동244,1,부산광역시 사하구 다대로140번길 56,부산광역시 사하구 신평동 111-437,35.0911819,128.9765568,2021,건축물,051-220-4671,부산광역시 사하구청,2026-02-27
신평동245,1,부산광역시 사하구 다대로140번길 43,부산광역시 사하구 신평동 82-87,35.0908919,128.9766594,2021,건축물,051-220-4671,부산광역시 사하구청,2026-02-27
신평동246,1,부산광역시 사하구 다대로136번길 41,부산광역시 사하구 신평동 111-373,35.0910785,128.9768174,2021,건축물,051-220-4671,부산광역시 사하구청,2026-02-27
신평동247,1,부산광역시 사하구 다대로140번길 33,부산광역시 사하구 신평동 82-92,35.0907268,128.9768309,2021,전용주,051-220-4671,부산광역시 사하구청,2026-02-27
신평동248,1,부산광역시 사하구 다대로140번길 17,부산광역시 사하구 신평동 82-99,35.090461,128.9770927013,2021,전용주,051-220-4671,부산광역시 사하구청,2026-02-27
신평동249,1,부산광역시 사하구 다대로136번길 10,부산광역시 사하구 신평동 82-27,35.0905803,128.9775291,2021,한전주,051-220-4671,부산광역시 사하구청,2026-02-27
신평동250,1,부산광역시 사하구 다대로136번길 24,부산광역시 사하구 신평동 82-35,35.090846,128.9772614,2021,한전주,051-220-4671,부산광역시 사하구청,2026-02-27
신평동251,1,부산광역시 사하구 다대로136번길 38,부산광역시 사하구 신평동 111-366,35.0910843,128.9770149,2021,한전주,051-220-4671,부산광역시 사하구청,2026-02-27
신평동252,1,부산광역시 사하구 다대로136번길 40,부산광역시 사하구 신평동 111-365,35.0910910691,128.9769827,2021,한전주,051-220-4671,부산광역시 사하구청,2026-02-27
신평동253,1,부산광역시 사하구 다대로134번길 31,부산광역시 사하구 신평동 111-284,35.0911735,128.9770719,2021,건축물,051-220-4671,부산광역시 사하구청,2026-02-27
신평동254,1,부산광역시 사하구 다대로136번길 54,부산광역시 사하구 신평동 111-359,35.0913502,128.9767363,2021,한전주,051-220-4671,부산광역시 사하구청,2026-02-27
신평동255,1,부산광역시 사하구 다대로136번길 63,부산광역시 사하구 신평동 111-383,35.0914633,128.976432,2021,건축물,051-220-4671,부산광역시 사하구청,2026-02-27
신평동256,1,부산광역시 사하구 다대로136번길 70,부산광역시 사하구 신평동 111-354,35.0915975,128.9764901,2021,한전주,051-220-4671,부산광역시 사하구청,2026-02-27
신평동257,1,부산광역시 사하구 다대로136번길 78,부산광역시 사하구 신평동 111-350,35.0917899,128.9762974,2021,건축물,051-220-4671,부산광역시 사하구청,2026-02-27
신평동258,1,부산광역시 사하구 다대로136번길 91,부산광역시 사하구 신평동 111-394,35.0919399,128.9759391,2021,건축물,051-220-4671,부산광역시 사하구청,2026-02-27
신평동259,1,부산광역시 사하구 다대로136번길 102,부산광역시 사하구 신평동 111-339,35.0921841,128.9758902,2021,한전주,051-220-4671,부산광역시 사하구청,2026-02-27
신평동260,1,부산광역시 사하구 다대로136번길 113,부산광역시 사하구 신평동 111-404,35.0923341,128.975532,2021,건축물,051-220-4671,부산광역시 사하구청,2026-02-27
신평동261,1,부산광역시 사하구 다대로136번길 130,부산광역시 사하구 신평동 161-24,35.0926881,128.9753761,2021,한전주,051-220-4671,부산광역시 사하구청,2026-02-27
신평동262,1,부산광역시 사하구 다대로136번길 145,부산광역시 사하구 신평동 161-38,35.0928749,128.9749749,2021,건축물,051-220-4671,부산광역시 사하구청,2026-02-27
신평동263,1,부산광역시 사하구 다대로134번길 127,부산광역시 사하구 신평동 161-14,35.0928324,128.9753686,2021,건축물,051-220-4671,부산광역시 사하구청,2026-02-27
신평동264,1,부산광역시 사하구 다대로134번길 92,부산광역시 사하구 신평동 111-253,35.092270,128.9761445,2021,건축물,051-220-4671,부산광역시 사하구청,2026-02-27
신평동265,1,부산광역시 사하구 다대로134번길 91,부산광역시 사하구 신평동 111-310,35.0921909,128.9760219,2021,건축물,051-220-4671,부산광역시 사하구청,2026-02-27
신평동266,1,부산광역시 사하구 다대로119번길 25,부산광역시 사하구 신평동 33-21,35.0914989,128.9786696,2022,한전주,051-220-4671,부산광역시 사하구청,2026-02-27
신평동267,1,부산광역시 사하구 다대로130번길 25,부산광역시 사하구 신평동 111-210,35.0913604,128.9772189,2021,건축물,051-220-4671,부산광역시 사하구청,2026-02-27
신평동268,1,부산광역시 사하구 다대로130번길 20,부산광역시 사하구 신평동 111-192,35.0913382,128.9774706,2021,한전주,051-220-4671,부산광역시 사하구청,2026-02-27
신평동269,1,부산광역시 사하구 다대로130번길 54,부산광역시 사하구 신평동 111-177,35.0918938884,128.9768815,2021,한전주,051-220-4671,부산광역시 사하구청,2026-02-27
신평동270,1,부산광역시 사하구 다대로130번길 5,부산광역시 사하구 신평동 111-201,35.0909868297,128.9775833,2021,한전주,051-220-4671,부산광역시 사하구청,2026-02-27
신평동271,1,부산광역시 사하구 다대로126번길 9,부산광역시 사하구 신평동 111-117,35.0913633,128.9775918,2021,건축물,051-220-4671,부산광역시 사하구청,2026-02-27
신평동272,1,부산광역시 사하구 다대로126번길 22,부산광역시 사하구 신평동 111-110,35.0916807,128.9774679,2021,건축물,051-220-4671,부산광역시 사하구청,2026-02-27
신평동273,1,부산광역시 사하구 다대로126번길 27,부산광역시 사하구 신평동 111-127,35.0916838452,128.9772382,2021,건축물,051-220-4671,부산광역시 사하구청,2026-02-27
신평동274,1,부산광역시 사하구 다대로126번길 40,부산광역시 사하구 신평동 111-102,35.0919924,128.9771465,2021,건축물,051-220-4671,부산광역시 사하구청,2026-02-27
신평동275,1,부산광역시 사하구 다대로126번길 50,부산광역시 사하구 신평동 111-99,35.0921664,128.9769753,2021,한전주,051-220-4671,부산광역시 사하구청,2026-02-27
신평동276,1,부산광역시 사하구 다대로126번길 57,부산광역시 사하구 신평동 111-138,35.0921973,128.9767348,2021,한전주,051-220-4671,부산광역시 사하구청,2026-02-27
신평동277,1,부산광역시 사하구 다대로126번길 65,부산광역시 사하구 신평동 111-142,35.0923623,128.9765633,2021,건축물,051-220-4671,부산광역시 사하구청,2026-02-27
신평동278,1,부산광역시 사하구 다대로126번길 77,부산광역시 사하구 신평동 111-148,35.0925637,128.9763708,2021,한전주,051-220-4671,부산광역시 사하구청,2026-02-27
신평동279,1,부산광역시 사하구 다대로130번길 88,부산광역시 사하구 신평동 111-164,35.0924798987,128.9762816,2021,건축물,051-220-4671,부산광역시 사하구청,2026-02-27
신평동280,1,부산광역시 사하구 다대로126번길 85,부산광역시 사하구 신평동 111-150,35.092683,128.9762421,2021,건축물,051-220-4671,부산광역시 사하구청,2026-02-27
신평동281,1,부산광역시 사하구 다대로126번길 101,부산광역시 사하구 신평동 126-190,35.0929671,128.9759529,2021,건축물,051-220-4671,부산광역시 사하구청,2026-02-27
신평동282,1,부산광역시 사하구 다대로126번길 104,부산광역시 사하구 신평동 126-175,35.093064,128.9760869,2021,건축물,051-220-4671,부산광역시 사하구청,2026-02-27
신평동283,1,부산광역시 사하구 다대로130번안길 6,부산광역시 사하구 신평동 146-30,35.0931849,128.9758595,2021,건축물,051-220-4671,부산광역시 사하구청,2026-02-27
신평동284,1,부산광역시 사하구 다대로130번안길 6,부산광역시 사하구 신평동 146-30,35.0931849,128.9758595,2021,건축물,051-220-4671,부산광역시 사하구청,2026-02-27
신평동285,1,부산광역시 사하구 다대로130번길 112-6,부산광역시 사하구 신평동 126-200,35.0931896,128.9761228,2021,한전주,051-220-4671,부산광역시 사하구청,2026-02-27
신평동286,1,부산광역시 사하구 다대로124번길 82,부산광역시 사하구 신평동 126-152,35.0929853,128.9764906,2021,한전주,051-220-4671,부산광역시 사하구청,2026-02-27
신평동287,1,부산광역시 사하구 다대로124번길 74,부산광역시 사하구 신평동 126-156,35.0928481,128.9766189,2021,건축물,051-220-4671,부산광역시 사하구청,2026-02-27
신평동288,1,부산광역시 사하구 다대로124번길 56,부산광역시 사하구 신평동 111-30,35.0925456,128.9769296,2021,한전주,051-220-4671,부산광역시 사하구청,2026-02-27
신평동289,1,부산광역시 사하구 다대로124번길 43,부산광역시 사하구 신평동 111-69,35.0922649,128.9769938018,2021,건축물,051-220-4671,부산광역시 사하구청,2026-02-27
신평동290,1,부산광역시 사하구 다대로124번길 49,부산광역시 사하구 신평동 111-73,35.0923564,128.976925,2021,건축물,051-220-4671,부산광역시 사하구청,2026-02-27
신평동291,1,부산광역시 사하구 다대로124번길 36,부산광역시 사하구 신평동 111-38,35.0921974,128.977283,2021,한전주,051-220-4671,부산광역시 사하구청,2026-02-27
신평동292,1,부산광역시 사하구 다대로124번길 20,부산광역시 사하구 신평동 111-46,35.0919492,128.977584,2021,한전주,051-220-4671,부산광역시 사하구청,2026-02-27
신평동293,1,부산광역시 사하구 다대로124번길 17,부산광역시 사하구 신평동 111-58,35.0917809098,128.9774929,2021,건축물,051-220-4671,부산광역시 사하구청,2026-02-27
신평동294,1,부산광역시 사하구 다대로120번길 10,부산광역시 사하구 신평동 33-123,35.0920998,128.9777412,2021,건축물,051-220-4671,부산광역시 사하구청,2026-02-27
신평동295,1,부산광역시 사하구 다대로120번길 24,부산광역시 사하구 신평동 111-6,35.0922983659,128.97749327,2021,한전주,051-220-4671,부산광역시 사하구청,2026-02-27
신평동296,1,부산광역시 사하구 다대로120번길 38,부산광역시 사하구 신평동 126-115,35.0925406,128.9772365,2021,한전주,051-220-4671,부산광역시 사하구청,2026-02-27
신평동297,1,부산광역시 사하구 다대로120번길 40,부산광역시 사하구 신평동 126-113,35.092595,128.9772158,2021,한전주,051-220-4671,부산광역시 사하구청,2026-02-27
신평동298,1,부산광역시 사하구 다대로120번길 52,부산광역시 사하구 신평동 126-108,35.0927878,128.9769846506,2021,한전주,051-220-4671,부산광역시 사하구청,2026-02-27
신평동299,1,부산광역시 사하구 다대로120번안길 23,부산광역시 사하구 신평동 126-74,35.0927894352,128.9770347,2021,건축물,051-220-4671,부산광역시 사하구청,2026-02-27
신평동300,1,부산광역시 사하구 다대로120번길 57,부산광역시 사하구 신평동 126-133,35.0928456,128.9767724,2021,건축물,051-220-4671,부산광역시 사하구청,2026-02-27
신평동301,1,부산광역시 사하구 다대로120번길 69,부산광역시 사하구 신평동 126-138,35.0930381,128.9765687,2021,건축물,051-220-4671,부산광역시 사하구청,2026-02-27
신평동302,1,부산광역시 사하구 다대로120번안길 43,부산광역시 사하구 신평동 126-84,35.0931443,128.9766918,2021,건축물,051-220-4671,부산광역시 사하구청,2026-02-27
신평동303,1,부산광역시 사하구 다대로120번길 80,부산광역시 사하구 신평동 126-92,35.0932826707,128.9764544,2021,한전주,051-220-4671,부산광역시 사하구청,2026-02-27
신평동304,1,부산광역시 사하구 다대로120번안길 55,부산광역시 사하구 신평동 126-91,35.0933277,128.9764989,2021,전용주,051-220-4671,부산광역시 사하구청,2026-02-27
신평동305,1,부산광역시 사하구 다대로130번안길 26-4,부산광역시 사하구 신평동 128-18,35.0935595,128.976647,2021,한전주,051-220-4671,부산광역시 사하구청,2026-02-27
신평동306,1,부산광역시 사하구 다대로120번안길 56,부산광역시 사하구 신평동 126-31,35.0933628,128.9765546,2021,전용주,051-220-4671,부산광역시 사하구청,2026-02-27
신평동307,1,부산광역시 사하구 다대로116번길 58,부산광역시 사하구 신평동 128-21,35.0934655,128.976886,2021,한전주,051-220-4671,부산광역시 사하구청,2026-02-27
신평동308,1,부산광역시 사하구 다대로116번길 27,부산광역시 사하구 신평동 126-9,35.0927384,128.9772632,2021,한전주,051-220-4671,부산광역시 사하구청,2026-02-27
신평동309,1,부산광역시 사하구 다대로116번길 28,부산광역시 사하구 신평동 103-11,35.0927439,128.9774826,2021,건축물,051-220-4671,부산광역시 사하구청,2026-02-27
신평동310,1,부산광역시 사하구 다대로116번길 8,부산광역시 사하구 신평동 99-2,35.0924337,128.9777163,2021,한전주,051-220-4671,부산광역시 사하구청,2026-02-27
신평동311,1,부산광역시 사하구 다대로130번안길 47,부산광역시 사하구 신평동 13,35.0944942,128.9773604,2021,한전주,051-220-4671,부산광역시 사하구청,2026-02-27
신평동312,1,부산광역시 사하구 다대로130번안길 50,부산광역시 사하구 신평동 13-14,35.0943391,128.9774772,2021,한전주,051-220-4671,부산광역시 사하구청,2026-02-27
신평동313,1,부산광역시 사하구 다대로130번안길 38,부산광역시 사하구 신평동 13-9,35.0940488,128.9770426,2021,한전주,051-220-4671,부산광역시 사하구청,2026-02-27
신평동314,1,부산광역시 사하구 다대로130번안길 36-2,부산광역시 사하구 신평동 13-20,35.093878,128.9770165,2021,건축물,051-220-4671,부산광역시 사하구청,2026-02-27
신평동315,1,부산광역시 사하구 다대로130번안길 36-10,부산광역시 사하구 신평동 13-26,35.0938994,128.977357,2021,건축물,051-220-4671,부산광역시 사하구청,2026-02-27
신평동316,1,부산광역시 사하구 다대로130번안길 24,부산광역시 사하구 신평동 128-14,35.0936705,128.9764743,2021,한전주,051-220-4671,부산광역시 사하구청,2026-02-27
신평동317,1,부산광역시 사하구 다대로130번안길 26-6,부산광역시 사하구 신평동 128-20,35.0934939253,128.9767994,2021,한전주,051-220-4671,부산광역시 사하구청,2026-02-27
신평동318,1,부산광역시 사하구 다대로116번길 54,부산광역시 사하구 신평동 128-6,35.0933475,128.976938,2021,건축물,051-220-4671,부산광역시 사하구청,2026-02-27
신평동319,1,부산광역시 사하구 다대로116번길 30-2,부산광역시 사하구 신평동 103-8,35.0930963,128.9774253,2021,건축물,051-220-4671,부산광역시 사하구청,2026-02-27
신평동320,1,부산광역시 사하구 다대로116번길 30-5,부산광역시 사하구 신평동 104-7,35.0934335,128.9771922,2021,한전주,051-220-4671,부산광역시 사하구청,2026-02-27
신평동321,1,부산광역시 사하구 다대로 96,부산광역시 사하구 신평동 15-21,35.0938242,128.9775525,2021,건축물,051-220-4671,부산광역시 사하구청,2026-02-27
신평동322,1,부산광역시 사하구 다대로130번안길 36-14,부산광역시 사하구 신평동 13-27,35.0939789,128.9774576,2021,한전주,051-220-4671,부산광역시 사하구청,2026-02-27
신평동323,1,부산광역시 사하구 장평로326번길 11-8,부산광역시 사하구 신평동 11-116,35.0939715,128.9762513,2021,건축물,051-220-4671,부산광역시 사하구청,2026-02-27
신평동324,1,부산광역시 사하구 장평로326번길 11-7,부산광역시 사하구 신평동 11-111,35.0939863205,128.9761974,2021,건축물,051-220-4671,부산광역시 사하구청,2026-02-27
신평동325,1,부산광역시 사하구 장평로326번길 11-11,부산광역시 사하구 신평동 11-106,35.0940825795,128.9763909933,2021,건축물,051-220-4671,부산광역시 사하구청,2026-02-27
신평동326,1,부산광역시 사하구 장평로326번길 9-25,부산광역시 사하구 신평동 11-91,35.0941422,128.9762883,2021,건축물,051-220-4671,부산광역시 사하구청,2026-02-27
신평동327,1,부산광역시 사하구 장평로326번길 9-9,부산광역시 사하구 신평동 11-99,35.0939958551,128.9759455,2021,건축물,051-220-4671,부산광역시 사하구청,2026-02-27
신평동328,1,부산광역시 사하구 장평로326번길 7,부산광역시 사하구 신평동 11-105,35.0939614,128.9757686,2021,건축물,051-220-4671,부산광역시 사하구청,2026-02-27
신평동329,1,부산광역시 사하구 장평로326번길 8,부산광역시 사하구 신평동 10-96,35.093954,128.9756697,2021,한전주,051-220-4671,부산광역시 사하구청,2026-02-27
신평동330,1,부산광역시 사하구 장평로326번길 5-23,부산광역시 사하구 신평동 11-78,35.0941965125,128.9760911185,2021,건축물,051-220-4671,부산광역시 사하구청,2026-02-27
신평동331,1,부산광역시 사하구 장평로326번길 5-15,부산광역시 사하구 신평동 11-81,35.094183,128.9759932,2021,건축물,051-220-4671,부산광역시 사하구청,2026-02-27
신평동332,1,부산광역시 사하구 장평로326번길 6,부산광역시 사하구 신평동 10-77,35.0940631,128.9755984581,2021,건축물,051-220-4671,부산광역시 사하구청,2026-02-27
신평동333,1,부산광역시 사하구 장평로 326-1,부산광역시 사하구 신평동 10-75,35.0941835424,128.975632,2021,한전주,051-220-4671,부산광역시 사하구청,2026-02-27
신평동334,1,부산광역시 사하구 장평로 328-4,부산광역시 사하구 신평동 11-67,35.0942782239,128.9759103092,2021,건축물,051-220-4671,부산광역시 사하구청,2026-02-27
신평동335,1,부산광역시 사하구 장평로 328,부산광역시 사하구 신평동 10-70,35.0942503,128.9757317,2021,건축물,051-220-4671,부산광역시 사하구청,2026-02-27
신평동336,1,부산광역시 사하구 장평로 332,부산광역시 사하구 신평동 산15-2,35.0943416,128.976196474,2021,건축물,051-220-4671,부산광역시 사하구청,2026-02-27
신평동337,1,부산광역시 사하구 장평로 332,부산광역시 사하구 신평동 산15-2,35.0943416,128.976196474,2021,건축물,051-220-4671,부산광역시 사하구청,2026-02-27
신평동338,1,부산광역시 사하구 장평로322번길 5-12,부산광역시 사하구 신평동 10-97,35.0939368,128.9756145,2021,건축물,051-220-4671,부산광역시 사하구청,2026-02-27
신평동339,1,부산광역시 사하구 장평로326번길 11-2,부산광역시 사하구 신평동 11-118,35.0938575,128.9760621,2021,건축물,051-220-4671,부산광역시 사하구청,2026-02-27
신평동340,1,부산광역시 사하구 장평로326번길 11,부산광역시 사하구 신평동 11-119,35.0937973,128.9758853,2021,건축물,051-220-4671,부산광역시 사하구청,2026-02-27
신평동341,1,부산광역시 사하구 장평로322번길 11-12,부산광역시 사하구 신평동 11-196,35.0936281,128.9757606,2021,건축물,051-220-4671,부산광역시 사하구청,2026-02-27
신평동342,1,부산광역시 사하구 장평로326번길 13,부산광역시 사하구 신평동 11-125,35.0936892,128.9758826,2021,한전주,051-220-4671,부산광역시 사하구청,2026-02-27
신평동343,1,부산광역시 사하구 장평로326번길 15-5,부산광역시 사하구 신평동 11-123,35.0937412,128.9759969483,2021,건축물,051-220-4671,부산광역시 사하구청,2026-02-27
신평동344,1,부산광역시 사하구 장평로326번길 15-13,부산광역시 사하구 신평동 11-121,35.0937999925,128.9762366,2021,건축물,051-220-4671,부산광역시 사하구청,2026-02-27
신평동345,1,부산광역시 사하구 다대로130번안길 11-1,부산광역시 사하구 신평동 11-224,35.0934459,128.9758768,2021,건축물,051-220-4671,부산광역시 사하구청,2026-02-27
신평동346,1,부산광역시 사하구 장평로326번길 15-8,부산광역시 사하구 신평동 11-145,35.0936497,128.976090,2021,건축물,051-220-4671,부산광역시 사하구청,2026-02-27
신평동347,1,부산광역시 사하구 장평로326번길 15-18,부산광역시 사하구 신평동 11-141,35.0936898992,128.9762669,2021,건축물,051-220-4671,부산광역시 사하구청,2026-02-27
신평동348,1,부산광역시 사하구 다대로130번안길 19,부산광역시 사하구 신평동 11-155,35.0936024,128.9762314,2021,한전주,051-220-4671,부산광역시 사하구청,2026-02-27
신평동349,1,부산광역시 사하구 다대로130번안길 17-1,부산광역시 사하구 신평동 11-157,35.0935720811,128.9761768,2021,건축물,051-220-4671,부산광역시 사하구청,2026-02-27
신평동350,1,부산광역시 사하구 다대로130번안길 11-1,부산광역시 사하구 신평동 11-224,35.0934459,128.9758768,2021,한전주,051-220-4671,부산광역시 사하구청,2026-02-27
신평동351,1,부산광역시 사하구 다대로136번길 70,부산광역시 사하구 신평동 111-354,35.0915975,128.9764901,2021,건축물,051-220-4671,부산광역시 사하구청,2026-02-27
신평동352,1,부산광역시 사하구 다대로130번안길 7,부산광역시 사하구 신평동 146-37,35.0932782,128.9756644,2021,한전주,051-220-4671,부산광역시 사하구청,2026-02-27
신평동353,1,부산광역시 사하구 다대로134번길 131,부산광역시 사하구 신평동 161-12,35.0928965,128.9752877961,2021,건축물,051-220-4671,부산광역시 사하구청,2026-02-27
신평동354,1,부산광역시 사하구 다대로134번길 125,부산광역시 사하구 신평동 161-15,35.0927958,128.975391294,2021,건축물,051-220-4671,부산광역시 사하구청,2026-02-27
신평동355,1,부산광역시 사하구 다대로134번길 117,부산광역시 사하구 신평동 161-18,35.0926766,128.9755293,2021,건축물,051-220-4671,부산광역시 사하구청,2026-02-27
신평동356,1,부산광역시 사하구 다대로134번길 113,부산광역시 사하구 신평동 111-319,35.0925941,128.975615,2021,건축물,051-220-4671,부산광역시 사하구청,2026-02-27
신평동357,1,부산광역시 사하구 다대로134번길 105,부산광역시 사하구 신평동 111-316,35.0924383,128.9757757,2021,건축물,051-220-4671,부산광역시 사하구청,2026-02-27
신평동358,1,부산광역시 사하구 다대로134번길 97,부산광역시 사하구 신평동 111-312,35.0922838585,128.9758961714,2021,건축물,051-220-4671,부산광역시 사하구청,2026-02-27
신평동359,1,부산광역시 사하구 다대로134번길 91,부산광역시 사하구 신평동 111-310,35.0921909,128.9760219,2021,건축물,051-220-4671,부산광역시 사하구청,2026-02-27
신평동360,1,부산광역시 사하구 다대로134번길 85,부산광역시 사하구 신평동 111-307,35.0920901,128.9761292,2021,건축물,051-220-4671,부산광역시 사하구청,2026-02-27
신평동361,1,부산광역시 사하구 다대로134번길 65,부산광역시 사하구 신평동 111-298,35.0917784,128.9764506,2021,건축물,051-220-4671,부산광역시 사하구청,2026-02-27
신평동362,1,부산광역시 사하구 다대로134번길 61,부산광역시 사하구 신평동 111-297,35.0916869,128.9765361,2021,건축물,051-220-4671,부산광역시 사하구청,2026-02-27
신평동363,1,부산광역시 사하구 다대로134번길 65,부산광역시 사하구 신평동 111-298,35.0917784,128.9764506,2021,건축물,051-220-4671,부산광역시 사하구청,2026-02-27
신평동364,1,부산광역시 사하구 다대로134번길 53,부산광역시 사하구 신평동 111-293,35.0915493,128.9766863,2021,건축물,051-220-4671,부산광역시 사하구청,2026-02-27
신평동365,1,부산광역시 사하구 다대로134번길 45,부산광역시 사하구 신평동 111-291,35.0913962429,128.9768147,2021,건축물,051-220-4671,부산광역시 사하구청,2026-02-27
신평동366,1,부산광역시 사하구 다대로134번길 37,부산광역시 사하구 신평동 111-287,35.0912836,128.976954,2021,건축물,051-220-4671,부산광역시 사하구청,2026-02-27
신평동367,1,부산광역시 사하구 다대로134번길 31,부산광역시 사하구 신평동 111-284,35.0911735,128.9770719,2021,건축물,051-220-4671,부산광역시 사하구청,2026-02-27
신평동368,1,부산광역시 사하구 다대로134번길 23,부산광역시 사하구 신평동 111-280,35.0910362,128.9771924302,2021,건축물,051-220-4671,부산광역시 사하구청,2026-02-27
신평동369,1,부산광역시 사하구 다대로134번길 17,부산광역시 사하구 신평동 82-14,35.0908971942,128.9773289,2021,건축물,051-220-4671,부산광역시 사하구청,2026-02-27
신평동370,1,부산광역시 사하구 다대로134번길 9,부산광역시 사하구 신평동 82-19,35.0907704,128.9774788,2021,건축물,051-220-4671,부산광역시 사하구청,2026-02-27
신평동371,1,부산광역시 사하구 다대로134번길 1,부산광역시 사하구 신평동 82-23,35.0906329,128.977618,2021,건축물,051-220-4671,부산광역시 사하구청,2026-02-27
신평동372,1,부산광역시 사하구 장평로322번길 19,부산광역시 사하구 신평동 11-231,35.0933963,128.9756015,2021,건축물,051-220-4671,부산광역시 사하구청,2026-02-27
신평동373,1,부산광역시 사하구 장평로322번길 13,부산광역시 사하구 신평동 11-202,35.0935597,128.9755287,2021,건축물,051-220-4671,부산광역시 사하구청,2026-02-27
신평동374,1,부산광역시 사하구 장평로322번길 10,부산광역시 사하구 신평동 11-188,35.0936336,128.9754208,2021,한전주,051-220-4671,부산광역시 사하구청,2026-02-27
신평동375,1,부산광역시 사하구 장평로322번길 8,부산광역시 사하구 신평동 10-120,35.0937244,128.9753791,2021,건축물,051-220-4671,부산광역시 사하구청,2026-02-27
신평동376,1,부산광역시 사하구 장평로322번길 3,부산광역시 사하구 신평동 10-84,35.0939683,128.9753412,2021,한전주,051-220-4671,부산광역시 사하구청,2026-02-27
신평동377,1,부산광역시 사하구 장평로320번길 6,부산광역시 사하구 신평동 10-94,35.0936903084,128.9749951,2021,건축물,051-220-4671,부산광역시 사하구청,2026-02-27
신평동378,1,부산광역시 사하구 장평로 324,부산광역시 사하구 신평동 10-78,35.094077,128.9752987538,2021,건축물,051-220-4671,부산광역시 사하구청,2026-02-27
신평동379,1,부산광역시 사하구 장평로 320,부산광역시 사하구 신평동 10-91,35.0938652,128.9750317,2021,한전주,051-220-4671,부산광역시 사하구청,2026-02-27
신평동380,1,부산광역시 사하구 장평로 320,부산광역시 사하구 신평동 10-91,35.0938652,128.9750317,2021,건축물,051-220-4671,부산광역시 사하구청,2026-02-27
신평동381,1,부산광역시 사하구 장평로320번길 5,부산광역시 사하구 신평동 10-109,35.0937559,128.9750926636,2021,건축물,051-220-4671,부산광역시 사하구청,2026-02-27
신평동382,1,부산광역시 사하구 장평로320번길 5,부산광역시 사하구 신평동 10-109,35.0937559,128.9750926636,2021,건축물,051-220-4671,부산광역시 사하구청,2026-02-27
신평동383,1,부산광역시 사하구 장평로320번길 9,부산광역시 사하구 신평동 11-194,35.0935746,128.9751672,2021,건축물,051-220-4671,부산광역시 사하구청,2026-02-27
신평동384,1,부산광역시 사하구 장평로320번길 13-2,부산광역시 사하구 신평동 11-222,35.0933922,128.9752932582,2021,건축물,051-220-4671,부산광역시 사하구청,2026-02-27
신평동385,1,부산광역시 사하구 장평로320번길 18,부산광역시 사하구 신평동 11-245,35.0933979,128.9749546,2021,한전주,051-220-4671,부산광역시 사하구청,2026-02-27
신평동386,1,부산광역시 사하구 장평로320번길 13-6,부산광역시 사하구 신평동 11-220,35.0933901785,128.9753825,2021,건축물,051-220-4671,부산광역시 사하구청,2026-02-27
신평동387,1,부산광역시 사하구 다대로83번길 92-3,부산광역시 사하구 신평동 산 32,35.0933388,128.982611184,2021,한전주,051-220-4671,부산광역시 사하구청,2026-02-27
신평동388,1,,부산광역시 사하구 신평동 82-1,35.0904373626,128.9777001476,2022,,051-220-4671,부산광역시 사하구청,2026-02-27
신평동389,1,부산광역시 사하구 장평로322번길 6,부산광역시 사하구 신평동 10-104,35.0938244,128.9753267,2021,건축물,051-220-4671,부산광역시 사하구청,2026-02-27
신평동390,1,부산광역시 사하구 장평로320번길 7-5,부산광역시 사하구 신평동 10-126,35.0936899071,128.975325623,2022,,051-220-4671,부산광역시 사하구청,2026-02-27
신평동391,1,,부산광역시 사하구 신평동 111-604,35.091881317,128.975343688,2022,건축물,051-220-4671,부산광역시 사하구청,2026-02-27
신평동392,1,부산광역시 사하구 다대로 131-4,부산광역시 사하구 신평동 33-114,35.0905969456,128.9781934704,2022,,051-220-4671,부산광역시 사하구청,2026-02-27
신평동393,1,부산광역시 사하구 신산북로67번길 21,부산광역시 사하구 신평동 281-1,35.0921639,128.9715917,2023,,051-220-4671,부산광역시 사하구청,2026-02-27
신평동394,1,부산광역시 사하구 신산북로67번길 21,부산광역시 사하구 신평동 281-1,35.0921639,128.9715917,2023,,051-220-4671,부산광역시 사하구청,2026-02-27
신평동395,1,부산광역시 사하구 신산북로67번길 21,부산광역시 사하구 신평동 281-1,35.0921639,128.9715917,2023,,051-220-4671,부산광역시 사하구청,2026-02-27
신평동396,1,부산광역시 사하구 장평로299번안길 30-1,부산광역시 사하구 신평동 168-21,35.0943572,128.9724888,2024,건축물,051-220-4671,부산광역시 사하구청,2026-02-27
신평동397,1,,부산광역시 사하구 신평동 468,35.0919242935,128.9656638,2024,전용주,051-220-4671,부산광역시 사하구청,2026-02-27
신평동398,1,,부산광역시 사하구 신평동 290-4,35.0917824,128.9711678898,2024,한전주,051-220-4671,부산광역시 사하구청,2026-02-27
신평동399,1,부산광역시 사하구 신산북로67번길 37,부산광역시 사하구 신평동 284-3,35.0925026227,128.9724323,2025,한전주,051-220-4671,부산광역시 사하구청,2026-02-27
신평동400,1,부산광역시 사하구 다대로135번길 34-7,부산광역시 사하구 신평동 45-31,35.0914371,128.9802469,2025,한전주,051-220-4671,부산광역시 사하구청,2026-02-27
신평동401,1,부산광역시 사하구 다대로142번길 16,부산광역시 사하구 신평동 82-116,35.0903352,128.9770846,2025,한전주,051-220-4671,부산광역시 사하구청,2026-02-27
신평동402,1,부산광역시 사하구 다대로142번길 22,부산광역시 사하구 신평동 82-120,35.0904636,128.9769451,2025,건축물,051-220-4671,부산광역시 사하구청,2026-02-27
신평동403,1,부산광역시 사하구 다대로142번길 34,부산광역시 사하구 신평동 82-126,35.090665,128.9767526,2025,건축물,051-220-4671,부산광역시 사하구청,2026-02-27
신평동404,1,부산광역시 사하구 다대로142번길 67,부산광역시 사하구 신평동 111-508,35.0911546,128.9760189,2025,건축물,051-220-4671,부산광역시 사하구청,2026-02-27
신평동405,1,부산광역시 사하구 다대로142번길 74,부산광역시 사하구 신평동 111-498,35.0913433,128.9760563,2025,한전주,051-220-4671,부산광역시 사하구청,2026-02-27
신평동406,1,부산광역시 사하구 다대로 96,부산광역시 사하구 신평동 15-21,35.0938242,128.9775525,2025,건축물,051-220-4671,부산광역시 사하구청,2026-02-27
신평동407,1,부산광역시 사하구 다대로 96,부산광역시 사하구 신평동 15-21,35.0938242,128.9775525,2025,건축물,051-220-4671,부산광역시 사하구청,2026-02-27
신평동408,1,부산광역시 사하구 다대로 96,부산광역시 사하구 신평동 15-21,35.0938242,128.9775525,2025,건축물,051-220-4671,부산광역시 사하구청,2026-02-27
신평동409,1,부산광역시 사하구 다대로 96,부산광역시 사하구 신평동 15-21,35.0938242,128.9775525,2025,건축물,051-220-4671,부산광역시 사하구청,2026-02-27
신평동411,1,부산광역시 사하구 다대로124번길 8,부산광역시 사하구 신평동 33-133,35.0917575,128.9777329,2023,,051-220-4671,부산광역시 사하구청,2026-02-27
신평동412,1,부산광역시 사하구 장평로322번길 5-2,부산광역시 사하구 신평동 10-102,35.0938586,128.9754372,2023,,051-220-4671,부산광역시 사하구청,2026-02-27
아케1,1,부산광역시 사하구 낙동대로189번길 16,부산광역시 사하구 괴정동 428-9,35.1003394,128.9962742,2024,,051-220-4671,부산광역시 사하구청,2026-02-27
아케2,1,부산광역시 사하구 사하로198번길 48,부산광역시 사하구 괴정동 433-15,35.1002345,128.9960743,2024,,051-220-4671,부산광역시 사하구청,2026-02-27
아케3,1,부산광역시 사하구 사하로198번길 44,부산광역시 사하구 괴정동 433-20,35.1001735,128.9959522,2024,,051-220-4671,부산광역시 사하구청,2026-02-27
아케4,1,부산광역시 사하구 사하로198번길 46,부산광역시 사하구 괴정동 433-43,35.1001994,128.9960186,2024,,051-220-4671,부산광역시 사하구청,2026-02-27
아케5,1,부산광역시 사하구 낙동대로199번길 17,부산광역시 사하구 괴정동 436-1,35.0999366,128.9955626,2024,,051-220-4671,부산광역시 사하구청,2026-02-27
아케7,1,부산광역시 사하구 사하로198번길 50,부산광역시 사하구 괴정동 433-39,35.1002762804,128.9961897649,2024,,051-220-4671,부산광역시 사하구청,2026-02-27
아케8,1,부산광역시 사하구 사하로198번길 40,부산광역시 사하구 괴정동 435-13,35.1000371916,128.9956768,2024,,051-220-4671,부산광역시 사하구청,2026-02-27
장림1-190,1,부산광역시 사하구 장림시장10길 9,부산광역시 사하구 장림동 640-133,35.0798673,128.966867,2021,건축물,051-220-4671,부산광역시 사하구청,2026-02-27
장림동001,1,,부산광역시 사하구 장림동 914-10,35.0714713,128.9577648,2021,한전주,051-220-4671,부산광역시 사하구청,2026-02-27
장림동002,1,,부산광역시 사하구 장림동 914-9,35.071674436,128.9581912778,2021,한전주,051-220-4671,부산광역시 사하구청,2026-02-27
장림동003,1,부산광역시 사하구 다산로208번길 32,부산광역시 사하구 장림동 914-4,35.0715979461,128.9587548,2021,한전주,051-220-4671,부산광역시 사하구청,2026-02-27
장림동004,1,부산광역시 사하구 다산로208번길 32,부산광역시 사하구 장림동 914-4,35.0715979461,128.9587548,2021,한전주,051-220-4671,부산광역시 사하구청,2026-02-27
장림동005,1,부산광역시 사하구 다산로176번길 58,부산광역시 사하구 장림동 1091-1,35.0726433,128.9571789,2021,한전주,051-220-4671,부산광역시 사하구청,2026-02-27
장림동006,1,,부산광역시 사하구 장림동 1103,35.0722243137,128.9578181,2021,한전주,051-220-4671,부산광역시 사하구청,2026-02-27
장림동007,1,부산광역시 사하구 보덕포1길 4,부산광역시 사하구 장림동 915-7,35.0724315,128.9580179,2021,한전주,051-220-4671,부산광역시 사하구청,2026-02-27
장림동008,1,부산광역시 사하구 보덕포1길 4,부산광역시 사하구 장림동 915-7,35.0724315,128.9580179,2021,한전주,051-220-4671,부산광역시 사하구청,2026-02-27
장림동009,1,부산광역시 사하구 보덕포1길 20,부산광역시 사하구 장림동 915-1,35.0723522,128.9584655,2021,한전주,051-220-4671,부산광역시 사하구청,2026-02-27
장림동010,1,부산광역시 사하구 보덕포1길 6-1,부산광역시 사하구 장림동 915-1,35.0717910954,128.9580907,2021,한전주,051-220-4671,부산광역시 사하구청,2026-02-27
장림동011,1,부산광역시 사하구 보덕포1길 6-1,부산광역시 사하구 장림동 915-1,35.0717910954,128.9580907,2021,한전주,051-220-4671,부산광역시 사하구청,2026-02-27
장림동012,1,부산광역시 사하구 보덕포1길 6-1,부산광역시 사하구 장림동 915-1,35.0717910954,128.9580907,2021,건축물,051-220-4671,부산광역시 사하구청,2026-02-27
장림동013,1,부산광역시 사하구 보덕포2길 25,부산광역시 사하구 장림동 915-4,35.0742894,128.9579307,2021,한전주,051-220-4671,부산광역시 사하구청,2026-02-27
장림동014,1,부산광역시 사하구 보덕포2길 25,부산광역시 사하구 장림동 915-4,35.0742894,128.9579307,2021,전용주,051-220-4671,부산광역시 사하구청,2026-02-27
장림동015,1,부산광역시 사하구 보덕포1길 6-1,부산광역시 사하구 장림동 915-1,35.0717910954,128.9580907,2021,한전주,051-220-4671,부산광역시 사하구청,2026-02-27
장림동016,1,부산광역시 사하구 보덕포1길 22,부산광역시 사하구 장림동 915,35.0730842869,128.9589659,2021,건축물,051-220-4671,부산광역시 사하구청,2026-02-27
장림동017,1,,부산광역시 사하구 장림동 1029,35.0736449561,128.9597057055,2021,건축물,051-220-4671,부산광역시 사하구청,2026-02-27
장림동018,1,,부산광역시 사하구 장림동 951-3,35.0737463064,128.9593213708,2021,한전주,051-220-4671,부산광역시 사하구청,2026-02-27
장림동019,1,부산광역시 사하구 보덕포1길 101-5,부산광역시 사하구 장림동 1027,35.072033,128.9636894393,2021,건축물,051-220-4671,부산광역시 사하구청,2026-02-27
장림동020,1,부산광역시 사하구 보덕포1길 55,부산광역시 사하구 장림동 945,35.0732682,128.9603399,2021,건축물,051-220-4671,부산광역시 사하구청,2026-02-27
장림동021,1,부산광역시 사하구 보덕포1길 75,부산광역시 사하구 장림동 935,35.0729728,128.9613303,2021,한전주,051-220-4671,부산광역시 사하구청,2026-02-27
장림동022,1,부산광역시 사하구 보덕포1길 75,부산광역시 사하구 장림동 935,35.0729728,128.9613303,2021,한전주,051-220-4671,부산광역시 사하구청,2026-02-27
장림동023,1,부산광역시 사하구 보덕포1길 84,부산광역시 사하구 장림동 930,35.072799,128.9614906,2021,한전주,051-220-4671,부산광역시 사하구청,2026-02-27
장림동024,1,부산광역시 사하구 보덕포1길 84,부산광역시 사하구 장림동 930,35.072799,128.9614906,2021,한전주,051-220-4671,부산광역시 사하구청,2026-02-27
장림동025,1,부산광역시 사하구 보덕포1길 83,부산광역시 사하구 장림동 906-5,35.072930,128.9617459,2021,한전주,051-220-4671,부산광역시 사하구청,2026-02-27
장림동026,1,부산광역시 사하구 보덕포1길 91,부산광역시 사하구 장림동 906-4,35.0730844966,128.9619584,2021,한전주,051-220-4671,부산광역시 사하구청,2026-02-27
장림동027,1,부산광역시 사하구 보덕포1길 87,부산광역시 사하구 장림동 935-1,35.0732848144,128.9618097,2021,한전주,051-220-4671,부산광역시 사하구청,2026-02-27
장림동028,1,,부산광역시 사하구 장림동 935-5,35.0736261663,128.9615642742,2021,한전주,051-220-4671,부산광역시 사하구청,2026-02-27
장림동029,1,,부산광역시 사하구 장림동 935-5,35.0736261663,128.9615642742,2021,한전주,051-220-4671,부산광역시 사하구청,2026-02-27
장림동030,1,부산광역시 사하구 하신중앙로3번길 75,부산광역시 사하구 장림동 959-7,35.0760797,128.958116,2021,한전주,051-220-4671,부산광역시 사하구청,2026-02-27
장림동031,1,부산광역시 사하구 보덕포1길 107,부산광역시 사하구 장림동 907-1,35.072269,128.9624974,2021,한전주,051-220-4671,부산광역시 사하구청,2026-02-27
장림동032,1,부산광역시 사하구 보덕포1길 100,부산광역시 사하구 장림동 912-1,35.0721576,128.9621439,2021,한전주,051-220-4671,부산광역시 사하구청,2026-02-27
장림동033,1,부산광역시 사하구 보덕포1길 106,부산광역시 사하구 장림동 911,35.0719951,128.962162,2021,한전주,051-220-4671,부산광역시 사하구청,2026-02-27
장림동034,1,부산광역시 사하구 보덕포1길 119,부산광역시 사하구 장림동 907-4,35.0719541,128.963027,2021,한전주,051-220-4671,부산광역시 사하구청,2026-02-27
장림동035,1,,부산광역시 사하구 장림동 902-4,35.0713072012,128.9634928832,2021,한전주,051-220-4671,부산광역시 사하구청,2026-02-27
장림동036,1,부산광역시 사하구 보덕포1길 101,부산광역시 사하구 장림동 906-1,35.0724372,128.9626877,2021,한전주,051-220-4671,부산광역시 사하구청,2026-02-27
장림동038,1,부산광역시 사하구 보덕포1길 99-1,부산광역시 사하구 장림동 906-11,35.0724875472,128.9630951,2021,한전주,051-220-4671,부산광역시 사하구청,2026-02-27
장림동039,1,부산광역시 사하구 다산로226번길 33,부산광역시 사하구 장림동 1089-3,35.0749362,128.9558195,2021,한전주,051-220-4671,부산광역시 사하구청,2026-02-27
장림동040,1,부산광역시 사하구 다산로260번길 14,부산광역시 사하구 장림동 1107,35.0763889703,128.9549667,2021,전용주,051-220-4671,부산광역시 사하구청,2026-02-27
장림동041,1,부산광역시 사하구 다산로260번길 14,부산광역시 사하구 장림동 1107,35.0763889703,128.9549667,2021,전용주,051-220-4671,부산광역시 사하구청,2026-02-27
장림동042,1,,부산광역시 사하구 장림동 1098,35.0752582976,128.954585516,2021,한전주,051-220-4671,부산광역시 사하구청,2026-02-27
장림동043,1,부산광역시 사하구 다산로260번길 14,부산광역시 사하구 장림동 1107,35.0763889703,128.9549667,2021,한전주,051-220-4671,부산광역시 사하구청,2026-02-27
장림동044,1,,부산광역시 사하구 장림동 1098,35.0752582976,128.954585516,2021,한전주,051-220-4671,부산광역시 사하구청,2026-02-27
장림동045,1,부산광역시 사하구 다산로260번길 14,부산광역시 사하구 장림동 1107,35.0763889703,128.9549667,2021,전용주,051-220-4671,부산광역시 사하구청,2026-02-27
장림동046,1,부산광역시 사하구 다산로260번길 14,부산광역시 사하구 장림동 1107,35.0763889703,128.9549667,2021,건축물,051-220-4671,부산광역시 사하구청,2026-02-27
장림동047,1,부산광역시 사하구 장림로93번길 63,부산광역시 사하구 장림동 1080,35.0795195,128.953254,2021,한전주,051-220-4671,부산광역시 사하구청,2026-02-27
장림동048,1,부산광역시 사하구 장림로93번길 63,부산광역시 사하구 장림동 1080,35.0795195,128.953254,2021,한전주,051-220-4671,부산광역시 사하구청,2026-02-27
장림동049,1,부산광역시 사하구 다대로1066번길 40,부산광역시 사하구 장림동 1084-2,35.0769626,128.9558847879,2021,한전주,051-220-4671,부산광역시 사하구청,2026-02-27
장림동050,1,부산광역시 사하구 다산로260번길 14,부산광역시 사하구 장림동 1107,35.0763889703,128.9549667,2021,한전주,051-220-4671,부산광역시 사하구청,2026-02-27
장림동051,1,부산광역시 사하구 다산로260번길 56,부산광역시 사하구 장림동 980-35,35.0772378,128.9572776,2021,한전주,051-220-4671,부산광역시 사하구청,2026-02-27
장림동052,1,,부산광역시 사하구 장림동 980-6,35.0771690233,128.9570757685,2021,한전주,051-220-4671,부산광역시 사하구청,2026-02-27
장림동053,1,,부산광역시 사하구 장림동 980-6,35.0771690233,128.9570757685,2021,한전주,051-220-4671,부산광역시 사하구청,2026-02-27
장림동054,1,부산광역시 사하구 하신중앙로3번길 103,부산광역시 사하구 장림동 980-24,35.0773711,128.9573904,2021,한전주,051-220-4671,부산광역시 사하구청,2026-02-27
장림동055,1,,부산광역시 사하구 장림동 980-45,35.0778995503,128.9576843804,2021,한전주,051-220-4671,부산광역시 사하구청,2026-02-27
장림동056,1,부산광역시 사하구 하신중앙로3번길 107,부산광역시 사하구 장림동 980-39,35.0779831423,128.9579865,2021,한전주,051-220-4671,부산광역시 사하구청,2026-02-27
장림동057,1,부산광역시 사하구 하신중앙로3번길 95,부산광역시 사하구 장림동 산145,35.0767267404,128.9568783234,2021,한전주,051-220-4671,부산광역시 사하구청,2026-02-27
장림동058,1,부산광역시 사하구 하신중앙로3번길 83-4,부산광역시 사하구 장림동 산147-4,35.0760955,128.9571407,2021,한전주,051-220-4671,부산광역시 사하구청,2026-02-27
장림동059,1,부산광역시 사하구 하신중앙로3번길 83-4,부산광역시 사하구 장림동 산147-4,35.0760955,128.9571407,2021,한전주,051-220-4671,부산광역시 사하구청,2026-02-27
장림동060,1,부산광역시 사하구 다산로226번길 35,부산광역시 사하구 장림동 산 145-1,35.0752536,128.9560631841,2021,한전주,051-220-4671,부산광역시 사하구청,2026-02-27
장림동061,1,부산광역시 사하구 하신중앙로3번길 83-4,부산광역시 사하구 장림동 산147-4,35.0760955,128.9571407,2021,한전주,051-220-4671,부산광역시 사하구청,2026-02-27
장림동062,1,부산광역시 사하구 하신중앙로3번길 86,부산광역시 사하구 장림동 959-5,35.0765528,128.9572832,2021,한전주,051-220-4671,부산광역시 사하구청,2026-02-27
장림동063,1,,부산광역시 사하구 장림동 959-3,35.0762657834,128.9579406534,2021,한전주,051-220-4671,부산광역시 사하구청,2026-02-27
장림동064,1,부산광역시 사하구 하신중앙로3번길 86-8,부산광역시 사하구 장림동 산 147-1,35.0767928,128.9574862,2021,한전주,051-220-4671,부산광역시 사하구청,2026-02-27
장림동065,1,부산광역시 사하구 하신중앙로3번길 86-8,부산광역시 사하구 장림동 산 147-1,35.0767928,128.9574862,2021,한전주,051-220-4671,부산광역시 사하구청,2026-02-27
장림동066,1,부산광역시 사하구 하신중앙로3번길 86-8,부산광역시 사하구 장림동 산 147-1,35.0767928,128.9574862,2021,한전주,051-220-4671,부산광역시 사하구청,2026-02-27
장림동067,1,부산광역시 사하구 하신중앙로3번길 66,부산광역시 사하구 장림동 980-73,35.076675,128.9591942046,2021,한전주,051-220-4671,부산광역시 사하구청,2026-02-27
장림동068,1,부산광역시 사하구 하신중앙로3번길 61,부산광역시 사하구 장림동 980-79,35.0764655,128.9598870943,2021,한전주,051-220-4671,부산광역시 사하구청,2026-02-27
장림동069,1,부산광역시 사하구 하신중앙로3번길 58,부산광역시 사하구 장림동 960,35.0769754,128.9601325,2021,한전주,051-220-4671,부산광역시 사하구청,2026-02-27
장림동070,1,부산광역시 사하구 하신중앙로3번길 60-5,부산광역시 사하구 장림동 980-60,35.0769226,128.9594955,2021,한전주,051-220-4671,부산광역시 사하구청,2026-02-27
장림동071,1,부산광역시 사하구 하신중앙로3번나길 21-1,부산광역시 사하구 장림동 산160-4,35.0771812,128.9629993042,2021,한전주,051-220-4671,부산광역시 사하구청,2026-02-27
장림동072,1,부산광역시 사하구 하신중앙로3번길 24,부산광역시 사하구 장림동 870-1,35.0779415,128.9627955862,2021,한전주,051-220-4671,부산광역시 사하구청,2026-02-27
장림동073,1,부산광역시 사하구 하신중앙로3번길 25-2,부산광역시 사하구 장림동 산169-6,35.0775675,128.9630846,2021,한전주,051-220-4671,부산광역시 사하구청,2026-02-27
장림동074,1,부산광역시 사하구 하신중앙로3번길 25-8,부산광역시 사하구 장림동 산161,35.0772851,128.9632752,2021,한전주,051-220-4671,부산광역시 사하구청,2026-02-27
장림동075,1,부산광역시 사하구 하신중앙로3번나길 21,부산광역시 사하구 장림동 873-1,35.0771385,128.9628661,2021,한전주,051-220-4671,부산광역시 사하구청,2026-02-27
장림동076,1,,부산광역시 사하구 장림동 840-2,35.0793453146,128.9630728406,2021,한전주,051-220-4671,부산광역시 사하구청,2026-02-27
장림동077,1,부산광역시 사하구 하신중앙로3번길 34,부산광역시 사하구 장림동 971-3,35.0784952354,128.9615946,2021,한전주,051-220-4671,부산광역시 사하구청,2026-02-27
장림동078,1,부산광역시 사하구 하신중앙로3번가길 11,부산광역시 사하구 장림동 971-1,35.0778421656,128.9613885277,2021,한전주,051-220-4671,부산광역시 사하구청,2026-02-27
장림동079,1,,부산광역시 사하구 장림동 975-16,35.0780183312,128.9614890736,2021,한전주,051-220-4671,부산광역시 사하구청,2026-02-27
장림동080,1,부산광역시 사하구 하신중앙로3번가길 18-1,부산광역시 사하구 장림동 975-4,35.0782236,128.9609626,2021,한전주,051-220-4671,부산광역시 사하구청,2026-02-27
장림동081,1,,부산광역시 사하구 장림동 975-16,35.0780183312,128.9614890736,2021,한전주,051-220-4671,부산광역시 사하구청,2026-02-27
장림동082,1,,부산광역시 사하구 장림동 981-1,35.0787948,128.9585207,2021,한전주,051-220-4671,부산광역시 사하구청,2026-02-27
장림동083,1,부산광역시 사하구 다대로1066번길 62,부산광역시 사하구 장림동 982,35.0783916398,128.958293568,2021,한전주,051-220-4671,부산광역시 사하구청,2026-02-27
장림동084,1,부산광역시 사하구 하신중앙로3번길 67-5,부산광역시 사하구 장림동 980-94,35.0759401347,128.9598212122,2021,한전주,051-220-4671,부산광역시 사하구청,2026-02-27
장림동085,1,부산광역시 사하구 다대로1066번길 64-13,부산광역시 사하구 장림동 979-6,35.0776750868,128.9592729,2021,한전주,051-220-4671,부산광역시 사하구청,2026-02-27
장림동086,1,부산광역시 사하구 다대로1066번길 63,부산광역시 사하구 장림동 산181,35.0788958026,128.9586771,2021,한전주,051-220-4671,부산광역시 사하구청,2026-02-27
장림동087,1,,부산광역시 사하구 장림동 산180,35.0788319,128.9589923682,2021,한전주,051-220-4671,부산광역시 사하구청,2026-02-27
장림동088,1,부산광역시 사하구 하신중앙로3번가길 64,부산광역시 사하구 장림동 986-5,35.0782892,128.9596926,2021,한전주,051-220-4671,부산광역시 사하구청,2026-02-27
장림동089,1,부산광역시 사하구 하신중앙로3번다길 34,부산광역시 사하구 장림동 975-41,35.0775987,128.9600378,2021,한전주,051-220-4671,부산광역시 사하구청,2026-02-27
장림동090,1,부산광역시 사하구 하신중앙로3번다길 35,부산광역시 사하구 장림동 975-75,35.0774218,128.9598363,2021,한전주,051-220-4671,부산광역시 사하구청,2026-02-27
장림동091,1,부산광역시 사하구 하신중앙로3번다길 32,부산광역시 사하구 장림동 975-42,35.0775881,128.9601362,2021,한전주,051-220-4671,부산광역시 사하구청,2026-02-27
장림동092,1,부산광역시 사하구 하신중앙로3번다길 27,부산광역시 사하구 장림동 975-51,35.077325,128.9602505,2021,한전주,051-220-4671,부산광역시 사하구청,2026-02-27
장림동093,1,부산광역시 사하구 하신중앙로3번다길 23,부산광역시 사하구 장림동 975-53,35.0773378,128.9605687,2021,한전주,051-220-4671,부산광역시 사하구청,2026-02-27
장림동094,1,부산광역시 사하구 하신중앙로3번다길 19,부산광역시 사하구 장림동 975-54,35.0773705,128.9607778,2021,한전주,051-220-4671,부산광역시 사하구청,2026-02-27
장림동095,1,부산광역시 사하구 하신중앙로3번다길 9,부산광역시 사하구 장림동 973-4,35.0774828,128.9610765,2021,한전주,051-220-4671,부산광역시 사하구청,2026-02-27
장림동096,1,부산광역시 사하구 하신중앙로3번다길 10,부산광역시 사하구 장림동 975-61,35.0775957,128.9613423,2021,한전주,051-220-4671,부산광역시 사하구청,2026-02-27
장림동097,1,부산광역시 사하구 하신중앙로3번다길 10-4,부산광역시 사하구 장림동 975-29,35.077773,128.9609628,2021,한전주,051-220-4671,부산광역시 사하구청,2026-02-27
장림동098,1,부산광역시 사하구 하신중앙로3번가길 13,부산광역시 사하구 장림동 975-18,35.0779309,128.9612297,2021,건축물,051-220-4671,부산광역시 사하구청,2026-02-27
장림동099,1,,부산광역시 사하구 장림동 973-2,35.077582536,128.961113,2021,한전주,051-220-4671,부산광역시 사하구청,2026-02-27
장림동100,1,부산광역시 사하구 하신중앙로3번다길 10-6,부산광역시 사하구 장림동 975-28,35.0777584,128.9607542,2021,한전주,051-220-4671,부산광역시 사하구청,2026-02-27
장림동1001,1,부산광역시 사하구 장림시장9길 121,부산광역시 사하구 장림동 640-102,35.0797696,128.9678951,2021,한전주,051-220-4671,부산광역시 사하구청,2026-02-27
장림동1002,1,부산광역시 사하구 장림시장10길 1,부산광역시 사하구 장림동 640-129,35.0799338,128.9666603,2021,한전주,051-220-4671,부산광역시 사하구청,2026-02-27
장림동1003,1,부산광역시 사하구 장림번영로28번길 33,부산광역시 사하구 장림동 615-213,35.0791934636,128.9679477,2021,한전주,051-220-4671,부산광역시 사하구청,2026-02-27
장림동1004,1,부산광역시 사하구 장림번영로28번길 39-4,부산광역시 사하구 장림동 632-1,35.0788846649,128.9678853,2021,건축물,051-220-4671,부산광역시 사하구청,2026-02-27
장림동1005,1,부산광역시 사하구 장림번영로28번길 39-13,부산광역시 사하구 장림동 633-7,35.0789706,128.9682597,2021,건축물,051-220-4671,부산광역시 사하구청,2026-02-27
장림동1006,1,,부산광역시 사하구 장림동 632-3,35.0789182,128.9675870078,2021,한전주,051-220-4671,부산광역시 사하구청,2026-02-27
장림동1007,1,,부산광역시 사하구 장림동 1019-10,35.0786005916,128.9675041339,2021,한전주,051-220-4671,부산광역시 사하구청,2026-02-27
장림동1008,1,부산광역시 사하구 장림번영로28번길 1,부산광역시 사하구 장림동 615-5,35.0805471,128.9682975,2021,건축물,051-220-4671,부산광역시 사하구청,2026-02-27
장림동1009,1,,부산광역시 사하구 장림동 629,35.0783763,128.9677225314,2021,한전주,051-220-4671,부산광역시 사하구청,2026-02-27
장림동101,1,부산광역시 사하구 하신중앙로3번다길 10-7,부산광역시 사하구 장림동 975-30,35.0776701,128.9606424,2021,한전주,051-220-4671,부산광역시 사하구청,2026-02-27
장림동1010,1,부산광역시 사하구 장림번영로28번길 55-1,부산광역시 사하구 장림동 산84,35.0783316,128.9682114,2021,건축물,051-220-4671,부산광역시 사하구청,2026-02-27
장림동1011,1,부산광역시 사하구 장림번영로28번길 55-5,부산광역시 사하구 장림동 산 165-2,35.0780756599,128.9679209,2021,한전주,051-220-4671,부산광역시 사하구청,2026-02-27
장림동1012,1,,부산광역시 사하구 장림동 산85,35.0771089574,128.9682760945,2021,한전주,051-220-4671,부산광역시 사하구청,2026-02-27
장림동1013,1,부산광역시 사하구 장림번영로28번길 70,부산광역시 사하구 장림동 859-1,35.0777051,128.9672450105,2021,한전주,051-220-4671,부산광역시 사하구청,2026-02-27
장림동1014,1,부산광역시 사하구 장림시장9길 127,부산광역시 사하구 장림동 615-88,35.0797314,128.9680258,2021,건축물,051-220-4671,부산광역시 사하구청,2026-02-27
장림동1015,1,부산광역시 사하구 장림시장9길 21,부산광역시 사하구 장림동 816-6,35.0798385,128.9652974298,2021,한전주,051-220-4671,부산광역시 사하구청,2026-02-27
장림동1016,1,부산광역시 사하구 장림시장9길 21,부산광역시 사하구 장림동 816-6,35.0798385,128.9652974298,2021,건축물,051-220-4671,부산광역시 사하구청,2026-02-27
장림동1017,1,부산광역시 사하구 장림시장9길 21,부산광역시 사하구 장림동 816-6,35.0798385,128.9652974298,2021,한전주,051-220-4671,부산광역시 사하구청,2026-02-27
장림동1018,1,부산광역시 사하구 장림시장9길 21,부산광역시 사하구 장림동 816-6,35.0798385,128.9652974298,2021,건축물,051-220-4671,부산광역시 사하구청,2026-02-27
장림동1019,1,부산광역시 사하구 장림시장9길 21,부산광역시 사하구 장림동 816-6,35.0798385,128.9652974298,2021,한전주,051-220-4671,부산광역시 사하구청,2026-02-27
장림동102,1,부산광역시 사하구 하신중앙로3번가길 38,부산광역시 사하구 장림동 975-94,35.0784293,128.959948,2021,한전주,051-220-4671,부산광역시 사하구청,2026-02-27
장림동1020,1,부산광역시 사하구 장림시장9길 217,부산광역시 사하구 장림동 615-275,35.079090,128.9703454,2021,한전주,051-220-4671,부산광역시 사하구청,2026-02-27
장림동1021,1,부산광역시 사하구 장림시장8길 226,부산광역시 사하구 장림동 615-476,35.0790291,128.9707605,2021,한전주,051-220-4671,부산광역시 사하구청,2026-02-27
장림동1022,1,부산광역시 사하구 장림시장10길 56,부산광역시 사하구 장림동 615-429,35.0794521,128.9680191,2021,한전주,051-220-4671,부산광역시 사하구청,2026-02-27
장림동1023,1,부산광역시 사하구 장림시장10길 1,부산광역시 사하구 장림동 640-129,35.0799338,128.9666603,2021,한전주,051-220-4671,부산광역시 사하구청,2026-02-27
장림동1024,1,부산광역시 사하구 장림시장10길 1,부산광역시 사하구 장림동 640-129,35.0799338,128.9666603,2021,건축물,051-220-4671,부산광역시 사하구청,2026-02-27
장림동1025,1,부산광역시 사하구 장림시장10길 1,부산광역시 사하구 장림동 640-129,35.0799338,128.9666603,2021,건축물,051-220-4671,부산광역시 사하구청,2026-02-27
장림동1026,1,부산광역시 사하구 장림시장10길 1,부산광역시 사하구 장림동 640-129,35.0799338,128.9666603,2021,한전주,051-220-4671,부산광역시 사하구청,2026-02-27
장림동1027,1,부산광역시 사하구 장림시장10길 145,부산광역시 사하구 장림동 615-293,35.0788832759,128.970352,2021,건축물,051-220-4671,부산광역시 사하구청,2026-02-27
장림동1028,1,부산광역시 사하구 장림시장10길 1,부산광역시 사하구 장림동 640-129,35.0799338,128.9666603,2021,건축물,051-220-4671,부산광역시 사하구청,2026-02-27
장림동1029,1,부산광역시 사하구 장림시장11길 2,부산광역시 사하구 장림동 640-231,35.0798909,128.9665277,2021,건축물,051-220-4671,부산광역시 사하구청,2026-02-27
장림동103,1,부산광역시 사하구 하신중앙로3번가길 25,부산광역시 사하구 장림동 975-22,35.0780246,128.9604536,2021,한전주,051-220-4671,부산광역시 사하구청,2026-02-27
장림동1030,1,,부산광역시 사하구 장림동 615-1,35.079527344,128.9684283571,2021,한전주,051-220-4671,부산광역시 사하구청,2026-02-27
장림동1031,1,부산광역시 사하구 장림시장10길 106,부산광역시 사하구 장림동 615-358,35.0790975,128.9693261,2021,건축물,051-220-4671,부산광역시 사하구청,2026-02-27
장림동1032,1,부산광역시 사하구 장림시장11길 2,부산광역시 사하구 장림동 640-231,35.0798909,128.9665277,2021,건축물,051-220-4671,부산광역시 사하구청,2026-02-27
장림동1033,1,부산광역시 사하구 장림시장11길 2,부산광역시 사하구 장림동 640-231,35.0798909,128.9665277,2021,한전주,051-220-4671,부산광역시 사하구청,2026-02-27
장림동1034,1,부산광역시 사하구 장림시장11길 61,부산광역시 사하구 장림동 615-154,35.0793889,128.9680285,2021,건축물,051-220-4671,부산광역시 사하구청,2026-02-27
장림동1035,1,부산광역시 사하구 장림시장11길 53,부산광역시 사하구 장림동 1019-4,35.0794202,128.9677662,2021,건축물,051-220-4671,부산광역시 사하구청,2026-02-27
장림동1036,1,부산광역시 사하구 장림시장8길 117,부산광역시 사하구 장림동 640-65,35.0798935,128.9680297,2021,건축물,051-220-4671,부산광역시 사하구청,2026-02-27
장림동1037,1,부산광역시 사하구 장림시장8길 2,부산광역시 사하구 장림동 808-163,35.0806459,128.9649782,2021,한전주,051-220-4671,부산광역시 사하구청,2026-02-27
장림동1038,1,부산광역시 사하구 장림시장8길 2,부산광역시 사하구 장림동 808-163,35.0806459,128.9649782,2021,한전주,051-220-4671,부산광역시 사하구청,2026-02-27
장림동1039,1,부산광역시 사하구 장림시장8길 2,부산광역시 사하구 장림동 808-163,35.0806459,128.9649782,2021,한전주,051-220-4671,부산광역시 사하구청,2026-02-27
장림동104,1,부산광역시 사하구 하신중앙로3번가길 23,부산광역시 사하구 장림동 975-21,35.0779324,128.9605829,2021,건축물,051-220-4671,부산광역시 사하구청,2026-02-27
장림동1040,1,부산광역시 사하구 장림시장8길 2,부산광역시 사하구 장림동 808-163,35.0806459,128.9649782,2021,건축물,051-220-4671,부산광역시 사하구청,2026-02-27
장림동1041,1,부산광역시 사하구 장림시장8길 2,부산광역시 사하구 장림동 808-163,35.0806459,128.9649782,2021,건축물,051-220-4671,부산광역시 사하구청,2026-02-27
장림동1042,1,부산광역시 사하구 장림시장8길 182,부산광역시 사하구 장림동 615-332,35.0793320067,128.9696098313,2021,한전주,051-220-4671,부산광역시 사하구청,2026-02-27
장림동1043,1,부산광역시 사하구 장림시장8길 2,부산광역시 사하구 장림동 808-163,35.0806459,128.9649782,2021,한전주,051-220-4671,부산광역시 사하구청,2026-02-27
장림동1044,1,부산광역시 사하구 장림시장8길 211,부산광역시 사하구 장림동 615-248,35.0792233,128.9704583,2021,한전주,051-220-4671,부산광역시 사하구청,2026-02-27
장림동1045,1,부산광역시 사하구 장림시장8길 226,부산광역시 사하구 장림동 615-476,35.0790542,128.9707504132,2021,건축물,051-220-4671,부산광역시 사하구청,2026-02-27
장림동1046,1,부산광역시 사하구 장림시장8길 226,부산광역시 사하구 장림동 615-476,35.0790542,128.9707504132,2021,한전주,051-220-4671,부산광역시 사하구청,2026-02-27
장림동1047,1,부산광역시 사하구 장평로125번길 76,부산광역시 사하구 장림동 산80-2,35.0786965,128.9712678,2021,건축물,051-220-4671,부산광역시 사하구청,2026-02-27
장림동1048,1,부산광역시 사하구 장림시장7길 244,부산광역시 사하구 장림동 615-214,35.0790476,128.9712872,2021,한전주,051-220-4671,부산광역시 사하구청,2026-02-27
장림동1049,1,부산광역시 사하구 장림시장5길 226,부산광역시 사하구 장림동 615-203,35.0792801,128.9708433,2021,한전주,051-220-4671,부산광역시 사하구청,2026-02-27
장림동105,1,부산광역시 사하구 하신중앙로3번가길 23,부산광역시 사하구 장림동 975-21,35.0779324,128.9605829,2021,한전주,051-220-4671,부산광역시 사하구청,2026-02-27
장림동1050,1,부산광역시 사하구 장림시장7길 2,부산광역시 사하구 장림동 808-130,35.0807724,128.9649593,2021,건축물,051-220-4671,부산광역시 사하구청,2026-02-27
장림동1051,1,부산광역시 사하구 장림시장7길 2,부산광역시 사하구 장림동 808-130,35.0807724,128.9649593,2021,건축물,051-220-4671,부산광역시 사하구청,2026-02-27
장림동1052,1,부산광역시 사하구 장림시장7길 2,부산광역시 사하구 장림동 808-130,35.0807724,128.9649593,2021,한전주,051-220-4671,부산광역시 사하구청,2026-02-27
장림동1053,1,,부산광역시 사하구 장림동 615-1,35.079527344,128.9684283571,2021,건축물,051-220-4671,부산광역시 사하구청,2026-02-27
장림동1054,1,부산광역시 사하구 장림시장7길 2,부산광역시 사하구 장림동 808-130,35.0807724,128.9649593,2021,한전주,051-220-4671,부산광역시 사하구청,2026-02-27
장림동1055,1,부산광역시 사하구 장림시장7길 2,부산광역시 사하구 장림동 808-130,35.0807724,128.9649593,2021,한전주,051-220-4671,부산광역시 사하구청,2026-02-27
장림동1056,1,부산광역시 사하구 장림시장7길 141,부산광역시 사하구 장림동 615-130,35.0798836,128.9686433,2021,건축물,051-220-4671,부산광역시 사하구청,2026-02-27
장림동1057,1,부산광역시 사하구 장림시장7길 131,부산광역시 사하구 장림동 615-63,35.0799506,128.9683925162,2021,건축물,051-220-4671,부산광역시 사하구청,2026-02-27
장림동1058,1,부산광역시 사하구 장림시장7길 119,부산광역시 사하구 장림동 638-15,35.0800557,128.9680336,2021,건축물,051-220-4671,부산광역시 사하구청,2026-02-27
장림동1059,1,부산광역시 사하구 장림시장7길 2,부산광역시 사하구 장림동 808-130,35.0807724,128.9649593,2021,한전주,051-220-4671,부산광역시 사하구청,2026-02-27
장림동106,1,부산광역시 사하구 다대로1066번길 58,부산광역시 사하구 장림동 1106,35.0786690279,128.957796904,2021,한전주,051-220-4671,부산광역시 사하구청,2026-02-27
장림동1060,1,부산광역시 사하구 장림시장6길 115,부산광역시 사하구 장림동 638-6,35.0801993,128.9680699,2021,한전주,051-220-4671,부산광역시 사하구청,2026-02-27
장림동1061,1,부산광역시 사하구 장림시장6길 123,부산광역시 사하구 장림동 615-47,35.0801318,128.9683424,2021,건축물,051-220-4671,부산광역시 사하구청,2026-02-27
장림동1062,1,부산광역시 사하구 장림시장6길 2,부산광역시 사하구 장림동 808-92,35.0809232,128.9650910926,2021,한전주,051-220-4671,부산광역시 사하구청,2026-02-27
장림동1063,1,부산광역시 사하구 장림시장6길 148,부산광역시 사하구 장림동 615-124,35.0798892,128.9688518,2021,건축물,051-220-4671,부산광역시 사하구청,2026-02-27
장림동1064,1,부산광역시 사하구 장림시장5길 112,부산광역시 사하구 장림동 638-3,35.0802715,128.9680607,2021,전용주,051-220-4671,부산광역시 사하구청,2026-02-27
장림동1065,1,부산광역시 사하구 장림시장5길 113,부산광역시 사하구 장림동 615-26,35.0803789,128.9680958383,2021,전용주,051-220-4671,부산광역시 사하구청,2026-02-27
장림동1066,1,부산광역시 사하구 장림번영로28번길 3,부산광역시 사하구 장림동 615-464,35.0805663,128.9682212,2021,전용주,051-220-4671,부산광역시 사하구청,2026-02-27
장림동1067,1,부산광역시 사하구 장림번영로28번길 3,부산광역시 사하구 장림동 615-464,35.0805663,128.9682212,2021,한전주,051-220-4671,부산광역시 사하구청,2026-02-27
장림동1068,1,부산광역시 사하구 장림시장5길 121,부산광역시 사하구 장림동 615-30,35.0802820651,128.9683574,2021,한전주,051-220-4671,부산광역시 사하구청,2026-02-27
장림동1069,1,부산광역시 사하구 장림시장5길 2,부산광역시 사하구 장림동 808-60,35.0810665,128.9651636,2021,건축물,051-220-4671,부산광역시 사하구청,2026-02-27
장림동107,1,부산광역시 사하구 다대로1066번길 61-3,부산광역시 사하구 장림동 988-3,35.0798103,128.9591504822,2021,한전주,051-220-4671,부산광역시 사하구청,2026-02-27
장림동1070,1,부산광역시 사하구 장평로145번길 77,부산광역시 사하구 장림동 349-7,35.0804773,128.9687124,2021,건축물,051-220-4671,부산광역시 사하구청,2026-02-27
장림동1071,1,부산광역시 사하구 장림시장4길 110,부산광역시 사하구 장림동 615-16,35.0804487,128.9681205847,2021,한전주,051-220-4671,부산광역시 사하구청,2026-02-27
장림동1072,1,부산광역시 사하구 장림번영로 30,부산광역시 사하구 장림동 615-4,35.0805995206,128.9683979,2021,건축물,051-220-4671,부산광역시 사하구청,2026-02-27
장림동1073,1,부산광역시 사하구 장평로145번길 45,부산광역시 사하구 장림동 348-2,35.0797879507,128.9705929,2021,건축물,051-220-4671,부산광역시 사하구청,2026-02-27
장림동1074,1,부산광역시 사하구 장평로145번길 45,부산광역시 사하구 장림동 348-2,35.0797879507,128.9705929,2021,건축물,051-220-4671,부산광역시 사하구청,2026-02-27
장림동1075,1,부산광역시 사하구 장평로145번길 45,부산광역시 사하구 장림동 348-2,35.0797879507,128.9705929,2021,건축물,051-220-4671,부산광역시 사하구청,2026-02-27
장림동1076,1,부산광역시 사하구 장평로145번길 45,부산광역시 사하구 장림동 348-2,35.0797879507,128.9705929,2021,건축물,051-220-4671,부산광역시 사하구청,2026-02-27
장림동1077,1,부산광역시 사하구 장평로145번길 45,부산광역시 사하구 장림동 348-2,35.0797879507,128.9705929,2021,건축물,051-220-4671,부산광역시 사하구청,2026-02-27
장림동1078,1,부산광역시 사하구 장평로145번길 50,부산광역시 사하구 장림동 332-16,35.0800826,128.9702597,2021,건축물,051-220-4671,부산광역시 사하구청,2026-02-27
장림동1079,1,부산광역시 사하구 장림번영로 50,부산광역시 사하구 장림동 333-2,35.0803528,128.9708252,2021,한전주,051-220-4671,부산광역시 사하구청,2026-02-27
장림동108,1,부산광역시 사하구 다대로1066번길 61-3,부산광역시 사하구 장림동 988-3,35.0798103,128.9591504822,2021,한전주,051-220-4671,부산광역시 사하구청,2026-02-27
장림동1080,1,부산광역시 사하구 장평로145번길 44,부산광역시 사하구 장림동 333-7,35.0799862994,128.9705428,2021,한전주,051-220-4671,부산광역시 사하구청,2026-02-27
장림동1081,1,부산광역시 사하구 장평로145번길 32,부산광역시 사하구 장림동 333-8,35.0799552,128.9708924,2021,한전주,051-220-4671,부산광역시 사하구청,2026-02-27
장림동1082,1,부산광역시 사하구 장평로145번길 45,부산광역시 사하구 장림동 348-2,35.0797879507,128.9705929,2021,건축물,051-220-4671,부산광역시 사하구청,2026-02-27
장림동1083,1,부산광역시 사하구 장림시장5길 2,부산광역시 사하구 장림동 808-60,35.0810665,128.9651636,2021,건축물,051-220-4671,부산광역시 사하구청,2026-02-27
장림동1084,1,부산광역시 사하구 장평로145번길 45,부산광역시 사하구 장림동 348-2,35.0797879507,128.9705929,2021,건축물,051-220-4671,부산광역시 사하구청,2026-02-27
장림동1085,1,부산광역시 사하구 장평로145번길 45,부산광역시 사하구 장림동 348-2,35.0797879507,128.9705929,2021,건축물,051-220-4671,부산광역시 사하구청,2026-02-27
장림동1086,1,부산광역시 사하구 장평로145번길 1,부산광역시 사하구 장림동 346-3,35.0790736,128.9724608,2021,한전주,051-220-4671,부산광역시 사하구청,2026-02-27
장림동1087,1,부산광역시 사하구 장평로145번길 1,부산광역시 사하구 장림동 346-3,35.0790736,128.9724608,2021,한전주,051-220-4671,부산광역시 사하구청,2026-02-27
장림동1088,1,부산광역시 사하구 장평로139번길 12,부산광역시 사하구 장림동 348-38,35.0789887,128.9721408,2021,한전주,051-220-4671,부산광역시 사하구청,2026-02-27
장림동1089,1,부산광역시 사하구 장평로139번길 12,부산광역시 사하구 장림동 348-38,35.0789887,128.9721408,2021,건축물,051-220-4671,부산광역시 사하구청,2026-02-27
장림동109,1,부산광역시 사하구 장림로 84,부산광역시 사하구 장림동 1093,35.0803629,128.9596325,2021,한전주,051-220-4671,부산광역시 사하구청,2026-02-27
장림동1090,1,,부산광역시 사하구 장림동 348-45,35.0791775195,128.9720394249,2021,한전주,051-220-4671,부산광역시 사하구청,2026-02-27
장림동1091,1,부산광역시 사하구 장평로139번길 30,부산광역시 사하구 장림동 348-23,35.0793878,128.9714269,2021,한전주,051-220-4671,부산광역시 사하구청,2026-02-27
장림동1092,1,부산광역시 사하구 장평로145번길 27,부산광역시 사하구 장림동 348-20,35.0795613,128.9712886,2021,건축물,051-220-4671,부산광역시 사하구청,2026-02-27
장림동1093,1,부산광역시 사하구 장평로139번길 34,부산광역시 사하구 장림동 348-17,35.0794376,128.9711321,2021,한전주,051-220-4671,부산광역시 사하구청,2026-02-27
장림동1094,1,부산광역시 사하구 장평로145번길 37,부산광역시 사하구 장림동 348-1,35.0796947,128.9708423,2021,건축물,051-220-4671,부산광역시 사하구청,2026-02-27
장림동1095,1,부산광역시 사하구 장림시장5길 227,부산광역시 사하구 장림동 348-16,35.0793386,128.9709778281,2021,한전주,051-220-4671,부산광역시 사하구청,2026-02-27
장림동1096,1,부산광역시 사하구 장림시장5길 2,부산광역시 사하구 장림동 808-60,35.0810665,128.9651636,2021,한전주,051-220-4671,부산광역시 사하구청,2026-02-27
장림동1097,1,부산광역시 사하구 장평로145번길 47,부산광역시 사하구 장림동 349-29,35.0798829669,128.9702215356,2021,한전주,051-220-4671,부산광역시 사하구청,2026-02-27
장림동1098,1,부산광역시 사하구 장평로145번길 37,부산광역시 사하구 장림동 348-1,35.0796947,128.9708423,2021,건축물,051-220-4671,부산광역시 사하구청,2026-02-27
장림동1099,1,부산광역시 사하구 장림시장5길 191,부산광역시 사하구 장림동 349-22,35.0796538,128.9700301,2021,한전주,051-220-4671,부산광역시 사하구청,2026-02-27
장림동110,1,부산광역시 사하구 장림로 91,부산광역시 사하구 장림동 1082-8,35.0808976262,128.9592632,2021,한전주,051-220-4671,부산광역시 사하구청,2026-02-27
장림동1100,1,부산광역시 사하구 장림시장5길 181,부산광역시 사하구 장림동 349-13,35.079775,128.9697809,2021,한전주,051-220-4671,부산광역시 사하구청,2026-02-27
장림동1101,1,부산광역시 사하구 장림시장5길 2,부산광역시 사하구 장림동 808-60,35.0810665,128.9651636,2021,한전주,051-220-4671,부산광역시 사하구청,2026-02-27
장림동1102,1,부산광역시 사하구 장림시장2길 45,부산광역시 사하구 장림동 641-59,35.0811531,128.9670513,2021,한전주,051-220-4671,부산광역시 사하구청,2026-02-27
장림동1103,1,,부산광역시 사하구 장림동 349-3,35.0799957,128.9690569778,2021,건축물,051-220-4671,부산광역시 사하구청,2026-02-27
장림동1104,1,,부산광역시 사하구 장림동 349-3,35.0799957,128.9690569778,2021,건축물,051-220-4671,부산광역시 사하구청,2026-02-27
장림동1105,1,부산광역시 사하구 장림시장5길 2,부산광역시 사하구 장림동 808-60,35.0810665,128.9651636,2021,한전주,051-220-4671,부산광역시 사하구청,2026-02-27
장림동1106,1,부산광역시 사하구 장림시장5길 247,부산광역시 사하구 장림동 616-1,35.0791525,128.971487,2021,한전주,051-220-4671,부산광역시 사하구청,2026-02-27
장림동1107,1,부산광역시 사하구 장평로131번길 44,부산광역시 사하구 장림동 608-47,35.078773709,128.9718279596,2021,한전주,051-220-4671,부산광역시 사하구청,2026-02-27
장림동1108,1,부산광역시 사하구 장평로131번길 44,부산광역시 사하구 장림동 608-47,35.0787953,128.9718402,2021,건축물,051-220-4671,부산광역시 사하구청,2026-02-27
장림동1109,1,부산광역시 사하구 장평로131번길 44,부산광역시 사하구 장림동 608-47,35.0787953,128.9718402,2021,건축물,051-220-4671,부산광역시 사하구청,2026-02-27
장림동111,1,부산광역시 사하구 장림로 78,부산광역시 사하구 장림동 989-23,35.0799999,128.9597883,2021,건축물,051-220-4671,부산광역시 사하구청,2026-02-27
장림동1110,1,부산광역시 사하구 장평로131번길 28,부산광역시 사하구 장림동 604-14,35.0785286,128.9721736,2021,건축물,051-220-4671,부산광역시 사하구청,2026-02-27
장림동1111,1,,부산광역시 사하구 장림동 604-1,35.0778820398,128.9717208,2021,한전주,051-220-4671,부산광역시 사하구청,2026-02-27
장림동1112,1,부산광역시 사하구 장평로131번길 16,부산광역시 사하구 장림동 604-9,35.078345,128.9723775,2021,건축물,051-220-4671,부산광역시 사하구청,2026-02-27
장림동1113,1,,부산광역시 사하구 장림동 604-1,35.0778820398,128.9717208,2021,건축물,051-220-4671,부산광역시 사하구청,2026-02-27
장림동1114,1,,부산광역시 사하구 장림동 604-1,35.0778820398,128.9717208,2021,건축물,051-220-4671,부산광역시 사하구청,2026-02-27
장림동1115,1,,부산광역시 사하구 장림동 608-52,35.0784453,128.9722835572,2021,건축물,051-220-4671,부산광역시 사하구청,2026-02-27
장림동1116,1,,부산광역시 사하구 장림동 608-52,35.0784453,128.9722835572,2021,한전주,051-220-4671,부산광역시 사하구청,2026-02-27
장림동1117,1,부산광역시 사하구 장평로135번길 32,부산광역시 사하구 장림동 610-3,35.0786914664,128.9721563,2021,건축물,051-220-4671,부산광역시 사하구청,2026-02-27
장림동1118,1,부산광역시 사하구 장림시장5길 273,부산광역시 사하구 장림동 604-18,35.0786874,128.9718267,2021,한전주,051-220-4671,부산광역시 사하구청,2026-02-27
장림동1119,1,부산광역시 사하구 장림시장5길 2,부산광역시 사하구 장림동 808-60,35.0810665,128.9651636,2021,건축물,051-220-4671,부산광역시 사하구청,2026-02-27
장림동112,1,,부산광역시 사하구 장림동 산176-6,35.0801381,128.9596052,2021,한전주,051-220-4671,부산광역시 사하구청,2026-02-27
장림동1120,1,,부산광역시 사하구 장림동 604-1,35.0778820398,128.9717208,2021,한전주,051-220-4671,부산광역시 사하구청,2026-02-27
장림동1121,1,부산광역시 사하구 장평로 131,부산광역시 사하구 장림동 601,35.0778711532,128.9726411,2021,한전주,051-220-4671,부산광역시 사하구청,2026-02-27
장림동1122,1,부산광역시 사하구 장평로 131,부산광역시 사하구 장림동 601,35.0778711532,128.9726411,2021,한전주,051-220-4671,부산광역시 사하구청,2026-02-27
장림동1123,1,,부산광역시 사하구 장림동 1008-46,35.0784434826,128.9730023495,2021,한전주,051-220-4671,부산광역시 사하구청,2026-02-27
장림동1124,1,부산광역시 사하구 장림시장5길 260,부산광역시 사하구 장림동 618-10,35.0787455,128.9715759,2021,한전주,051-220-4671,부산광역시 사하구청,2026-02-27
장림동1125,1,부산광역시 사하구 장평로125번길 77,부산광역시 사하구 장림동 618-12,35.0784446,128.9711283978,2021,한전주,051-220-4671,부산광역시 사하구청,2026-02-27
장림동1126,1,부산광역시 사하구 장평로125번길 100,부산광역시 사하구 장림동 615-480,35.0786935248,128.9707201,2021,건축물,051-220-4671,부산광역시 사하구청,2026-02-27
장림동1127,1,부산광역시 사하구 장평로125번길 100,부산광역시 사하구 장림동 615-480,35.0786935248,128.9707201,2021,건축물,051-220-4671,부산광역시 사하구청,2026-02-27
장림동1128,1,부산광역시 사하구 장평로125번길 100,부산광역시 사하구 장림동 615-480,35.0786935248,128.9707201,2021,건축물,051-220-4671,부산광역시 사하구청,2026-02-27
장림동1129,1,부산광역시 사하구 장평로125번길 100,부산광역시 사하구 장림동 615-480,35.0786935248,128.9707201,2021,건축물,051-220-4671,부산광역시 사하구청,2026-02-27
장림동113,1,부산광역시 사하구 하신중앙로17번길 31-2,부산광역시 사하구 장림동 1105,35.0805826,128.9610958,2021,한전주,051-220-4671,부산광역시 사하구청,2026-02-27
장림동1130,1,부산광역시 사하구 장평로125번길 113,부산광역시 사하구 장림동 625-24,35.0785938,128.9703773,2021,건축물,051-220-4671,부산광역시 사하구청,2026-02-27
장림동1131,1,부산광역시 사하구 장평로125번길 154,부산광역시 사하구 장림동 산82-1,35.078847,128.9691942894,2021,한전주,051-220-4671,부산광역시 사하구청,2026-02-27
장림동1132,1,부산광역시 사하구 장평로125번길 125-1,부산광역시 사하구 장림동 625-35,35.0784993165,128.9701860667,2021,한전주,051-220-4671,부산광역시 사하구청,2026-02-27
장림동1133,1,,부산광역시 사하구 장림동 625-21,35.0782815674,128.9706681473,2021,한전주,051-220-4671,부산광역시 사하구청,2026-02-27
장림동1134,1,부산광역시 사하구 장평로125번길 125-2,부산광역시 사하구 장림동 625-34,35.0784919,128.9699912,2021,건축물,051-220-4671,부산광역시 사하구청,2026-02-27
장림동1135,1,부산광역시 사하구 장평로125번길 154,부산광역시 사하구 장림동 산82-1,35.078847,128.9691942894,2021,한전주,051-220-4671,부산광역시 사하구청,2026-02-27
장림동1136,1,부산광역시 사하구 장평로125번길 154,부산광역시 사하구 장림동 산82-1,35.078847,128.9691942894,2021,전용주,051-220-4671,부산광역시 사하구청,2026-02-27
장림동1137,1,부산광역시 사하구 장평로125번길 147,부산광역시 사하구 장림동 625-4,35.0786031122,128.9693720684,2021,건축물,051-220-4671,부산광역시 사하구청,2026-02-27
장림동1138,1,부산광역시 사하구 장평로125번길 154,부산광역시 사하구 장림동 산82-1,35.078847,128.9691942894,2021,한전주,051-220-4671,부산광역시 사하구청,2026-02-27
장림동1139,1,부산광역시 사하구 장평로125번길 162,부산광역시 사하구 장림동 628-1,35.0788767,128.9690467,2021,건축물,051-220-4671,부산광역시 사하구청,2026-02-27
장림동114,1,부산광역시 사하구 하신중앙로17번길 31-2,부산광역시 사하구 장림동 1105,35.0805826,128.9610958,2021,한전주,051-220-4671,부산광역시 사하구청,2026-02-27
장림동1140,1,부산광역시 사하구 장평로125번길 101,부산광역시 사하구 장림동 625-7,35.078543,128.9707269,2021,건축물,051-220-4671,부산광역시 사하구청,2026-02-27
장림동1141,1,부산광역시 사하구 장평로133번길 54,부산광역시 사하구 장림동 625-8,35.0783922498,128.9706909493,2021,건축물,051-220-4671,부산광역시 사하구청,2026-02-27
장림동1142,1,,부산광역시 사하구 장림동 625-21,35.0782815674,128.9706681473,2021,한전주,051-220-4671,부산광역시 사하구청,2026-02-27
장림동1143,1,부산광역시 사하구 장평로133번길 47-2,부산광역시 사하구 장림동 625-12,35.0780247,128.9704623,2021,전용주,051-220-4671,부산광역시 사하구청,2026-02-27
장림동1144,1,,부산광역시 사하구 장림동 625-21,35.0782815674,128.9706681473,2021,한전주,051-220-4671,부산광역시 사하구청,2026-02-27
장림동1145,1,부산광역시 사하구 장평로133번길 47-1,부산광역시 사하구 장림동 625-20,35.0778851,128.970733,2021,건축물,051-220-4671,부산광역시 사하구청,2026-02-27
장림동1146,1,,부산광역시 사하구 장림동 625-21,35.0782815674,128.9706681473,2021,한전주,051-220-4671,부산광역시 사하구청,2026-02-27
장림동1147,1,,부산광역시 사하구 장림동 605-39,35.0776994875,128.9713900597,2021,한전주,051-220-4671,부산광역시 사하구청,2026-02-27
장림동1148,1,부산광역시 사하구 장평로125번길 77-3,부산광역시 사하구 장림동 606-2,35.0781272,128.9713637,2021,건축물,051-220-4671,부산광역시 사하구청,2026-02-27
장림동1149,1,,부산광역시 사하구 장림동 605-39,35.0776994875,128.9713900597,2021,한전주,051-220-4671,부산광역시 사하구청,2026-02-27
장림동115,1,,부산광역시 사하구 장림동 1143,35.0814004313,128.9598102727,2021,건축물,051-220-4671,부산광역시 사하구청,2026-02-27
장림동1150,1,,부산광역시 사하구 장림동 605-39,35.0776994875,128.9713900597,2021,건축물,051-220-4671,부산광역시 사하구청,2026-02-27
장림동1151,1,부산광역시 사하구 장평로133번길 30,부산광역시 사하구 장림동 605-32,35.0776811,128.971638,2021,건축물,051-220-4671,부산광역시 사하구청,2026-02-27
장림동1152,1,부산광역시 사하구 장평로133번길 20,부산광역시 사하구 장림동 605-37,35.0775958,128.9718991,2021,건축물,051-220-4671,부산광역시 사하구청,2026-02-27
장림동1153,1,,부산광역시 사하구 장림동 605-11,35.0773996,128.9717738,2021,건축물,051-220-4671,부산광역시 사하구청,2026-02-27
장림동1154,1,부산광역시 사하구 장평로125번길 67,부산광역시 사하구 장림동 산80-4,35.0783326,128.9714783,2021,건축물,051-220-4671,부산광역시 사하구청,2026-02-27
장림동1155,1,,부산광역시 사하구 장림동 604-1,35.0778820398,128.9717208,2021,건축물,051-220-4671,부산광역시 사하구청,2026-02-27
장림동1156,1,,부산광역시 사하구 장림동 604-1,35.0778820398,128.9717208,2021,한전주,051-220-4671,부산광역시 사하구청,2026-02-27
장림동1157,1,부산광역시 사하구 장평로121번길 54,부산광역시 사하구 장림동 604-72,35.0779855,128.9717659,2021,건축물,051-220-4671,부산광역시 사하구청,2026-02-27
장림동1158,1,부산광역시 사하구 장평로121번길 45,부산광역시 사하구 장림동 605-35,35.0777313,128.9718804,2021,전용주,051-220-4671,부산광역시 사하구청,2026-02-27
장림동1159,1,부산광역시 사하구 장평로133번길 17,부산광역시 사하구 장림동 605-3,35.0775299,128.9720729,2021,건축물,051-220-4671,부산광역시 사하구청,2026-02-27
장림동116,1,부산광역시 사하구 하신중앙로17번길 19,부산광역시 사하구 장림동 990-1,35.0804691,128.9625402,2021,한전주,051-220-4671,부산광역시 사하구청,2026-02-27
장림동1160,1,부산광역시 사하구 장평로121번길 26,부산광역시 사하구 장림동 604-195,35.0774896,128.972335,2021,건축물,051-220-4671,부산광역시 사하구청,2026-02-27
장림동1161,1,부산광역시 사하구 장평로121번길 13,부산광역시 사하구 장림동 605-15,35.0772719,128.9724175,2021,건축물,051-220-4671,부산광역시 사하구청,2026-02-27
장림동1162,1,부산광역시 사하구 장평로125번길 40,부산광역시 사하구 장림동 604-97,35.0778888192,128.9721148,2021,건축물,051-220-4671,부산광역시 사하구청,2026-02-27
장림동1163,1,,부산광역시 사하구 장림동 604-1,35.0778820398,128.9717208,2021,한전주,051-220-4671,부산광역시 사하구청,2026-02-27
장림동1164,1,부산광역시 사하구 장평로125번길 12,부산광역시 사하구 장림동 604-178,35.0774761,128.9725935335,2021,한전주,051-220-4671,부산광역시 사하구청,2026-02-27
장림동1165,1,부산광역시 사하구 장평로127번길 6,부산광역시 사하구 장림동 604-157,35.077577192,128.9726885,2021,건축물,051-220-4671,부산광역시 사하구청,2026-02-27
장림동1166,1,,부산광역시 사하구 장림동 604-1,35.0778820398,128.9717208,2021,건축물,051-220-4671,부산광역시 사하구청,2026-02-27
장림동1167,1,,부산광역시 사하구 장림동 604-1,35.0778820398,128.9717208,2021,한전주,051-220-4671,부산광역시 사하구청,2026-02-27
장림동1168,1,부산광역시 사하구 장림시장5길 276,부산광역시 사하구 장림동 618-11,35.0785265,128.971746,2021,건축물,051-220-4671,부산광역시 사하구청,2026-02-27
장림동1169,1,,부산광역시 사하구 장림동 1009,35.0768812499,128.9729591865,2021,한전주,051-220-4671,부산광역시 사하구청,2026-02-27
장림동117,1,부산광역시 사하구 하신중앙로17번길 19-6,부산광역시 사하구 장림동 1024,35.0799435,128.9621658,2021,한전주,051-220-4671,부산광역시 사하구청,2026-02-27
장림동1170,1,부산광역시 사하구 장평로 111,부산광역시 사하구 장림동 590,35.0760591,128.9727391,2021,한전주,051-220-4671,부산광역시 사하구청,2026-02-27
장림동1171,1,부산광역시 사하구 장평로 111,부산광역시 사하구 장림동 590,35.0760591,128.9727391,2021,한전주,051-220-4671,부산광역시 사하구청,2026-02-27
장림동1172,1,부산광역시 사하구 장평로 111-6,부산광역시 사하구 장림동 599-38,35.0759571499,128.9719044353,2021,한전주,051-220-4671,부산광역시 사하구청,2026-02-27
장림동1173,1,부산광역시 사하구 장평로 111-6,부산광역시 사하구 장림동 599-38,35.0759571499,128.9719044353,2021,한전주,051-220-4671,부산광역시 사하구청,2026-02-27
장림동1174,1,부산광역시 사하구 장평로 111-6,부산광역시 사하구 장림동 599-38,35.0759571499,128.9719044353,2021,한전주,051-220-4671,부산광역시 사하구청,2026-02-27
장림동1175,1,,부산광역시 사하구 장림동 581-2,35.073442,128.9727651905,2021,한전주,051-220-4671,부산광역시 사하구청,2026-02-27
장림동1176,1,,부산광역시 사하구 장림동 581-2,35.073442,128.9727651905,2021,한전주,051-220-4671,부산광역시 사하구청,2026-02-27
장림동1177,1,부산광역시 사하구 장평로83번길 20,부산광역시 사하구 장림동 581-1,35.0734066338,128.971703071,2021,한전주,051-220-4671,부산광역시 사하구청,2026-02-27
장림동1178,1,부산광역시 사하구 장평로83번길 20,부산광역시 사하구 장림동 581-1,35.0734066338,128.971703071,2021,한전주,051-220-4671,부산광역시 사하구청,2026-02-27
장림동1179,1,부산광역시 사하구 장평로83번길 35,부산광역시 사하구 장림동 580-1,35.0734161496,128.9709571233,2021,한전주,051-220-4671,부산광역시 사하구청,2026-02-27
장림동118,1,부산광역시 사하구 하신중앙로17번길 19-6,부산광역시 사하구 장림동 1024,35.0799435,128.9621658,2021,한전주,051-220-4671,부산광역시 사하구청,2026-02-27
장림동1180,1,부산광역시 사하구 장평로83번길 20,부산광역시 사하구 장림동 581-1,35.0734066338,128.971703071,2021,한전주,051-220-4671,부산광역시 사하구청,2026-02-27
장림동1181,1,부산광역시 사하구 장평로83번길 19,부산광역시 사하구 장림동 578,35.073284,128.9715981,2021,한전주,051-220-4671,부산광역시 사하구청,2026-02-27
장림동1182,1,부산광역시 사하구 장평로41번길 111,부산광역시 사하구 장림동 578-1,35.0729754,128.9717331,2021,건축물,051-220-4671,부산광역시 사하구청,2026-02-27
장림동1183,1,부산광역시 사하구 장평로41번길 61,부산광역시 사하구 장림동 566-7,35.0713714021,128.9702940908,2021,한전주,051-220-4671,부산광역시 사하구청,2026-02-27
장림동1184,1,부산광역시 사하구 장평로41번길 61,부산광역시 사하구 장림동 566-7,35.0713714021,128.9702940908,2021,한전주,051-220-4671,부산광역시 사하구청,2026-02-27
장림동1185,1,부산광역시 사하구 장평로 69,부산광역시 사하구 장림동 569,35.0722128,128.9727330772,2021,한전주,051-220-4671,부산광역시 사하구청,2026-02-27
장림동1186,1,부산광역시 사하구 장평로71번길 10,부산광역시 사하구 장림동 562,35.0719691,128.9720861094,2021,한전주,051-220-4671,부산광역시 사하구청,2026-02-27
장림동1187,1,부산광역시 사하구 장평로 59,부산광역시 사하구 장림동 459-1,35.0713833879,128.972693,2021,한전주,051-220-4671,부산광역시 사하구청,2026-02-27
장림동1188,1,부산광역시 사하구 장평로71번길 17,부산광역시 사하구 장림동 550,35.0716249,128.9727639,2021,건축물,051-220-4671,부산광역시 사하구청,2026-02-27
장림동1189,1,,부산광역시 사하구 장림동 1012,35.0718534144,128.9724279493,2021,한전주,051-220-4671,부산광역시 사하구청,2026-02-27
장림동119,1,부산광역시 사하구 하신중앙로17번길 9,부산광역시 사하구 장림동 1022,35.0802262,128.9636306,2021,한전주,051-220-4671,부산광역시 사하구청,2026-02-27
장림동1190,1,부산광역시 사하구 장평로71번길 34,부산광역시 사하구 장림동 554,35.0712592,128.9719769,2021,한전주,051-220-4671,부산광역시 사하구청,2026-02-27
장림동1191,1,부산광역시 사하구 장평로71번길 36-2,부산광역시 사하구 장림동 559,35.0715228,128.9718407,2021,한전주,051-220-4671,부산광역시 사하구청,2026-02-27
장림동1192,1,부산광역시 사하구 장평로41번길 19,부산광역시 사하구 장림동 532,35.0689936929,128.9725891124,2021,한전주,051-220-4671,부산광역시 사하구청,2026-02-27
장림동1193,1,부산광역시 사하구 장평로41번길 19,부산광역시 사하구 장림동 532,35.0689936929,128.9725891124,2021,한전주,051-220-4671,부산광역시 사하구청,2026-02-27
장림동1194,1,부산광역시 사하구 장평로41번길 20,부산광역시 사하구 장림동 538-20,35.0696213,128.9718388,2021,한전주,051-220-4671,부산광역시 사하구청,2026-02-27
장림동1195,1,부산광역시 사하구 장평로41번길 36,부산광역시 사하구 장림동 538-11,35.0702827833,128.9715812,2021,한전주,051-220-4671,부산광역시 사하구청,2026-02-27
장림동1196,1,부산광역시 사하구 장평로41번길 33,부산광역시 사하구 장림동 538-32,35.0700624,128.9713123,2021,한전주,051-220-4671,부산광역시 사하구청,2026-02-27
장림동1197,1,부산광역시 사하구 장평로41번길 33,부산광역시 사하구 장림동 538-32,35.0700624,128.9713123,2021,한전주,051-220-4671,부산광역시 사하구청,2026-02-27
장림동1198,1,부산광역시 사하구 장평로41번길 33,부산광역시 사하구 장림동 538-32,35.0700434122,128.9713028422,2021,한전주,051-220-4671,부산광역시 사하구청,2026-02-27
장림동1199,1,부산광역시 사하구 장평로71번길 50,부산광역시 사하구 장림동 559-5,35.0710484,128.9710839,2021,한전주,051-220-4671,부산광역시 사하구청,2026-02-27
장림동120,1,부산광역시 사하구 하신중앙로17번길 7,부산광역시 사하구 장림동 822-1,35.0803314,128.9637964011,2021,한전주,051-220-4671,부산광역시 사하구청,2026-02-27
장림동1200,1,부산광역시 사하구 장평로71번길 50,부산광역시 사하구 장림동 559-5,35.0710484,128.9710839,2021,한전주,051-220-4671,부산광역시 사하구청,2026-02-27
장림동1201,1,부산광역시 사하구 다대로320번길 14,부산광역시 사하구 장림동 406,35.0741844,128.9749741,2022,,051-220-4671,부산광역시 사하구청,2026-02-27
장림동1202,1,부산광역시 사하구 장평로41번길 61,부산광역시 사하구 장림동 566-7,35.0713945,128.9702940908,2021,건축물,051-220-4671,부산광역시 사하구청,2026-02-27
장림동1203,1,부산광역시 사하구 장평로 73,부산광역시 사하구 장림동 575,35.0726518,128.9727886,2021,전용주,051-220-4671,부산광역시 사하구청,2026-02-27
장림동1204,1,부산광역시 사하구 장평로 31,부산광역시 사하구 장림동 525,35.0688712875,128.9740523481,2021,한전주,051-220-4671,부산광역시 사하구청,2026-02-27
장림동1205,1,부산광역시 사하구 장평로 31-1,부산광역시 사하구 장림동 526,35.0687521924,128.9737120915,2021,한전주,051-220-4671,부산광역시 사하구청,2026-02-27
장림동1206,1,부산광역시 사하구 장평로 31-5,부산광역시 사하구 장림동 534,35.0685262183,128.9731280054,2021,한전주,051-220-4671,부산광역시 사하구청,2026-02-27
장림동1207,1,부산광역시 사하구 다대로 272,부산광역시 사하구 장림동 996-12,35.0781818293,128.9770661,2021,한전주,051-220-4671,부산광역시 사하구청,2026-02-27
장림동1208,1,부산광역시 사하구 장평로15번길 26,부산광역시 사하구 장림동 525-8,35.0683041646,128.9745617568,2021,한전주,051-220-4671,부산광역시 사하구청,2026-02-27
장림동1209,1,부산광역시 사하구 장평로15번길 26,부산광역시 사하구 장림동 525-8,35.0683041646,128.9745617568,2021,한전주,051-220-4671,부산광역시 사하구청,2026-02-27
장림동121,1,부산광역시 사하구 하신중앙로17번길 6,부산광역시 사하구 장림동 1108-5,35.0806909,128.963872,2021,한전주,051-220-4671,부산광역시 사하구청,2026-02-27
장림동1210,1,부산광역시 사하구 장평로15번길 30,부산광역시 사하구 장림동 525-14,35.0681586,128.9742261,2021,한전주,051-220-4671,부산광역시 사하구청,2026-02-27
장림동1211,1,부산광역시 사하구 다대로354번길 82,부산광역시 사하구 장림동 460-1,35.0708386,128.9734575,2021,한전주,051-220-4671,부산광역시 사하구청,2026-02-27
장림동1212,1,부산광역시 사하구 다대로354번길 72,부산광역시 사하구 장림동 460-3,35.0708902,128.973598174,2021,한전주,051-220-4671,부산광역시 사하구청,2026-02-27
장림동1213,1,부산광역시 사하구 다대로354번길 64,부산광역시 사하구 장림동 463-4,35.0704364,128.9738096,2021,한전주,051-220-4671,부산광역시 사하구청,2026-02-27
장림동1214,1,부산광역시 사하구 다대로354번길 60,부산광역시 사하구 장림동 467,35.0703384,128.9742895,2021,한전주,051-220-4671,부산광역시 사하구청,2026-02-27
장림동1215,1,부산광역시 사하구 다대로354번길 55,부산광역시 사하구 장림동 466-4,35.070092,128.9743829659,2021,건축물,051-220-4671,부산광역시 사하구청,2026-02-27
장림동1216,1,부산광역시 사하구 다대로354번길 43,부산광역시 사하구 장림동 466-1,35.0699582,128.9748929308,2021,한전주,051-220-4671,부산광역시 사하구청,2026-02-27
장림동1217,1,부산광역시 사하구 다대로354번길 6,부산광역시 사하구 장림동 497-5,35.0710764506,128.9766317,2021,한전주,051-220-4671,부산광역시 사하구청,2026-02-27
장림동1218,1,부산광역시 사하구 다대로354번길 34,부산광역시 사하구 장림동 476-1,35.0704766,128.9752136,2021,한전주,051-220-4671,부산광역시 사하구청,2026-02-27
장림동1219,1,부산광역시 사하구 다대로354번길 34,부산광역시 사하구 장림동 476-1,35.0704766,128.9752136,2021,한전주,051-220-4671,부산광역시 사하구청,2026-02-27
장림동122,1,부산광역시 사하구 하신중앙로17번길 3,부산광역시 사하구 장림동 822,35.0803966,128.9642377,2021,한전주,051-220-4671,부산광역시 사하구청,2026-02-27
장림동1220,1,부산광역시 사하구 다대로354번길 6,부산광역시 사하구 장림동 497-5,35.0710764506,128.9766317,2021,한전주,051-220-4671,부산광역시 사하구청,2026-02-27
장림동1221,1,부산광역시 사하구 다대로354번길 6,부산광역시 사하구 장림동 497-5,35.0710764506,128.9766317,2021,한전주,051-220-4671,부산광역시 사하구청,2026-02-27
장림동1222,1,부산광역시 사하구 다대로354번길 6,부산광역시 사하구 장림동 497-5,35.0710764506,128.9766317,2021,한전주,051-220-4671,부산광역시 사하구청,2026-02-27
장림동1223,1,부산광역시 사하구 다대로354번길 6,부산광역시 사하구 장림동 497-5,35.0710764506,128.9766317,2021,한전주,051-220-4671,부산광역시 사하구청,2026-02-27
장림동1224,1,부산광역시 사하구 다대로354번길 6,부산광역시 사하구 장림동 497-5,35.0710764506,128.9766317,2021,한전주,051-220-4671,부산광역시 사하구청,2026-02-27
장림동1225,1,부산광역시 사하구 다대로354번길 6,부산광역시 사하구 장림동 497-5,35.0710764506,128.9766317,2021,한전주,051-220-4671,부산광역시 사하구청,2026-02-27
장림동1226,1,부산광역시 사하구 다대로354번안길 28,부산광역시 사하구 장림동 451-9,35.0719723574,128.9754972633,2021,한전주,051-220-4671,부산광역시 사하구청,2026-02-27
장림동1227,1,부산광역시 사하구 다대로354번안길 25,부산광역시 사하구 장림동 453,35.0719957,128.9748994,2021,건축물,051-220-4671,부산광역시 사하구청,2026-02-27
장림동1228,1,부산광역시 사하구 다대로 342,부산광역시 사하구 장림동 488,35.0722934,128.9754327,2021,건축물,051-220-4671,부산광역시 사하구청,2026-02-27
장림동1229,1,부산광역시 사하구 다대로354번안길 52,부산광역시 사하구 장림동 445-14,35.0726629,128.9743236,2021,한전주,051-220-4671,부산광역시 사하구청,2026-02-27
장림동123,1,부산광역시 사하구 하신중앙로17번길 1,부산광역시 사하구 장림동 1135,35.0804837,128.9644261,2021,한전주,051-220-4671,부산광역시 사하구청,2026-02-27
장림동1230,1,부산광역시 사하구 다대로354번안길 62,부산광역시 사하구 장림동 444-3,35.0723887,128.9735570949,2021,한전주,051-220-4671,부산광역시 사하구청,2026-02-27
장림동1231,1,부산광역시 사하구 다대로354번안길 72,부산광역시 사하구 장림동 457-8,35.0719619,128.974144444,2021,한전주,051-220-4671,부산광역시 사하구청,2026-02-27
장림동1232,1,부산광역시 사하구 다대로354번안길 79,부산광역시 사하구 장림동 457-3,35.0717416,128.9744548,2021,한전주,051-220-4671,부산광역시 사하구청,2026-02-27
장림동1233,1,부산광역시 사하구 다대로354번안길 91,부산광역시 사하구 장림동 469,35.070893,128.974544,2021,한전주,051-220-4671,부산광역시 사하구청,2026-02-27
장림동1234,1,부산광역시 사하구 다대로354번안길 105,부산광역시 사하구 장림동 468-2,35.070464,128.9743254,2021,한전주,051-220-4671,부산광역시 사하구청,2026-02-27
장림동1235,1,부산광역시 사하구 다대로354번길 60,부산광역시 사하구 장림동 467,35.0703384,128.9742895,2021,한전주,051-220-4671,부산광역시 사하구청,2026-02-27
장림동1236,1,부산광역시 사하구 장평로 74,부산광역시 사하구 장림동 571,35.0726909326,128.9732396,2021,한전주,051-220-4671,부산광역시 사하구청,2026-02-27
장림동1237,1,부산광역시 사하구 장평로76번길 22,부산광역시 사하구 장림동 441,35.0732964526,128.9740871,2021,한전주,051-220-4671,부산광역시 사하구청,2026-02-27
장림동1238,1,부산광역시 사하구 다대로 272,부산광역시 사하구 장림동 996-12,35.0781818293,128.9770661,2021,한전주,051-220-4671,부산광역시 사하구청,2026-02-27
장림동1239,1,부산광역시 사하구 다대로 272,부산광역시 사하구 장림동 996-12,35.0781818293,128.9770661,2021,한전주,051-220-4671,부산광역시 사하구청,2026-02-27
장림동124,1,,부산광역시 사하구 장림동 818-2,35.0792495589,128.9642517397,2021,한전주,051-220-4671,부산광역시 사하구청,2026-02-27
장림동1240,1,부산광역시 사하구 다대로 272,부산광역시 사하구 장림동 996-12,35.0781818293,128.9770661,2021,한전주,051-220-4671,부산광역시 사하구청,2026-02-27
장림동1241,1,부산광역시 사하구 장평로121번길 3,부산광역시 사하구 장림동 605-16,35.0771529,128.9725352,2023,건축물,051-220-4671,부산광역시 사하구청,2026-02-27
장림동1242,1,부산광역시 사하구 다대로300번길 23,부산광역시 사하구 장림동 407-7,35.0747615977,128.9750344943,2021,한전주,051-220-4671,부산광역시 사하구청,2026-02-27
장림동1243,1,부산광역시 사하구 장평로132번길 1,부산광역시 사하구 장림동 348-8,35.0779937647,128.9731479,2021,건축물,051-220-4671,부산광역시 사하구청,2026-02-27
장림동1244,1,부산광역시 사하구 장평로132번길 1,부산광역시 사하구 장림동 348-8,35.0779937647,128.9731479,2021,한전주,051-220-4671,부산광역시 사하구청,2026-02-27
장림동1245,1,부산광역시 사하구 장평로138번길 3,부산광역시 사하구 장림동 346-5,35.0784646,128.9733341,2021,건축물,051-220-4671,부산광역시 사하구청,2026-02-27
장림동1246,1,,부산광역시 사하구 장림동 345-12,35.0777885,128.9744579,2021,한전주,051-220-4671,부산광역시 사하구청,2026-02-27
장림동1247,1,부산광역시 사하구 장평로138번길 14,부산광역시 사하구 장림동 347-6,35.0780215,128.9739812,2021,건축물,051-220-4671,부산광역시 사하구청,2026-02-27
장림동1248,1,부산광역시 사하구 장평로138번길 9,부산광역시 사하구 장림동 345-16,35.0784555,128.973893,2021,한전주,051-220-4671,부산광역시 사하구청,2026-02-27
장림동1249,1,부산광역시 사하구 장평로146번길 8,부산광역시 사하구 장림동 345-3,35.0784434,128.9735309,2021,한전주,051-220-4671,부산광역시 사하구청,2026-02-27
장림동125,1,부산광역시 사하구 하신중앙로18번길 48,부산광역시 사하구 장림동 850-6,35.0787467,128.9659521,2021,한전주,051-220-4671,부산광역시 사하구청,2026-02-27
장림동1250,1,부산광역시 사하구 장평로132번길 1,부산광역시 사하구 장림동 348-8,35.0779937647,128.9731479,2021,한전주,051-220-4671,부산광역시 사하구청,2026-02-27
장림동1251,1,부산광역시 사하구 장평로132번길 1,부산광역시 사하구 장림동 348-8,35.0779937647,128.9731479,2021,한전주,051-220-4671,부산광역시 사하구청,2026-02-27
장림동1252,1,부산광역시 사하구 장평로132번길 10,부산광역시 사하구 장림동 350-1,35.077193595,128.9738252092,2021,한전주,051-220-4671,부산광역시 사하구청,2026-02-27
장림동1253,1,부산광역시 사하구 장평로132번길 12,부산광역시 사하구 장림동 350-4,35.0771057791,128.9739660431,2021,한전주,051-220-4671,부산광역시 사하구청,2026-02-27
장림동1254,1,부산광역시 사하구 다대로300번길 8,부산광역시 사하구 장림동 367,35.0754536,128.9761666,2021,한전주,051-220-4671,부산광역시 사하구청,2026-02-27
장림동1255,1,,부산광역시 사하구 장림동 353-4,35.0765979441,128.9742884,2021,한전주,051-220-4671,부산광역시 사하구청,2026-02-27
장림동1256,1,부산광역시 사하구 장평로132번길 16-5,부산광역시 사하구 장림동 353-2,35.076328,128.9739404,2021,한전주,051-220-4671,부산광역시 사하구청,2026-02-27
장림동1257,1,부산광역시 사하구 장평로132번길 16-5,부산광역시 사하구 장림동 353-2,35.076328,128.9739404,2021,한전주,051-220-4671,부산광역시 사하구청,2026-02-27
장림동1258,1,부산광역시 사하구 장평로132번길 16-4,부산광역시 사하구 장림동 351-2,35.076696,128.9734779,2021,한전주,051-220-4671,부산광역시 사하구청,2026-02-27
장림동1259,1,,부산광역시 사하구 장림동 353-4,35.0765979441,128.9742884,2021,한전주,051-220-4671,부산광역시 사하구청,2026-02-27
장림동126,1,부산광역시 사하구 하신중앙로18번길 46,부산광역시 사하구 장림동 850-6,35.0786811132,128.9658853,2021,한전주,051-220-4671,부산광역시 사하구청,2026-02-27
장림동1260,1,부산광역시 사하구 다대로300번길 42,부산광역시 사하구 장림동 357,35.0764544,128.9744806,2021,한전주,051-220-4671,부산광역시 사하구청,2026-02-27
장림동1261,1,부산광역시 사하구 다대로300번길 38,부산광역시 사하구 장림동 390,35.0756788,128.9750649,2021,한전주,051-220-4671,부산광역시 사하구청,2026-02-27
장림동1262,1,부산광역시 사하구 다대로300번길 34,부산광역시 사하구 장림동 392-1,35.0756865,128.9745937,2021,한전주,051-220-4671,부산광역시 사하구청,2026-02-27
장림동1263,1,부산광역시 사하구 다대로300번길 33,부산광역시 사하구 장림동 393-1,35.0751883748,128.9740954611,2021,한전주,051-220-4671,부산광역시 사하구청,2026-02-27
장림동1264,1,부산광역시 사하구 다대로300번길 30,부산광역시 사하구 장림동 392-4,35.0755264,128.97499995,2021,한전주,051-220-4671,부산광역시 사하구청,2026-02-27
장림동1265,1,부산광역시 사하구 다대로300번길 24,부산광역시 사하구 장림동 388-2,35.0752423,128.9752901813,2021,한전주,051-220-4671,부산광역시 사하구청,2026-02-27
장림동1266,1,부산광역시 사하구 다대로300번길 24,부산광역시 사하구 장림동 388-2,35.0752423,128.9752901813,2021,한전주,051-220-4671,부산광역시 사하구청,2026-02-27
장림동1267,1,부산광역시 사하구 다대로300번길 22,부산광역시 사하구 장림동 388-13,35.0747529,128.975481,2021,한전주,051-220-4671,부산광역시 사하구청,2026-02-27
장림동1268,1,부산광역시 사하구 다대로300번길 15,부산광역시 사하구 장림동 411,35.0745886645,128.9756421,2021,한전주,051-220-4671,부산광역시 사하구청,2026-02-27
장림동1269,1,부산광역시 사하구 다대로300번길 14,부산광역시 사하구 장림동 388-9,35.0748966167,128.976055,2021,한전주,051-220-4671,부산광역시 사하구청,2026-02-27
장림동127,1,부산광역시 사하구 하신중앙로18번길 50-4,부산광역시 사하구 장림동 853-27,35.0784633,128.9661975,2021,건축물,051-220-4671,부산광역시 사하구청,2026-02-27
장림동1270,1,부산광역시 사하구 다대로300번길 8,부산광역시 사하구 장림동 367,35.0754536,128.9761666,2021,한전주,051-220-4671,부산광역시 사하구청,2026-02-27
장림동1271,1,부산광역시 사하구 다대로300번길 8,부산광역시 사하구 장림동 367,35.0754536,128.9761666,2021,한전주,051-220-4671,부산광역시 사하구청,2026-02-27
장림동1272,1,부산광역시 사하구 다대로300번길 8,부산광역시 사하구 장림동 367,35.0754326229,128.9761515994,2021,한전주,051-220-4671,부산광역시 사하구청,2026-02-27
장림동1273,1,부산광역시 사하구 장림번영로104번길 10,부산광역시 사하구 장림동 1151,35.080236,128.9763477,2021,한전주,051-220-4671,부산광역시 사하구청,2026-02-27
장림동1274,1,부산광역시 사하구 장림번영로104번길 110,부산광역시 사하구 장림동 366-1,35.0760810765,128.9755680432,2021,한전주,051-220-4671,부산광역시 사하구청,2026-02-27
장림동1275,1,부산광역시 사하구 장림번영로104번길 110,부산광역시 사하구 장림동 366-1,35.0760810765,128.9755793,2021,한전주,051-220-4671,부산광역시 사하구청,2026-02-27
장림동1276,1,부산광역시 사하구 다대로 272,부산광역시 사하구 장림동 996-12,35.0781818293,128.9770661,2021,전용주,051-220-4671,부산광역시 사하구청,2026-02-27
장림동1277,1,부산광역시 사하구 다대로300번길 8,부산광역시 사하구 장림동 367,35.0754536,128.9761666,2021,한전주,051-220-4671,부산광역시 사하구청,2026-02-27
장림동1278,1,부산광역시 사하구 장평로132번길 25,부산광역시 사하구 장림동 360-5,35.0765486911,128.9752258937,2021,한전주,051-220-4671,부산광역시 사하구청,2026-02-27
장림동1279,1,부산광역시 사하구 장평로132번길 23-1,부산광역시 사하구 장림동 344-2,35.076880357,128.9751272,2021,한전주,051-220-4671,부산광역시 사하구청,2026-02-27
장림동128,1,부산광역시 사하구 하신중앙로18번길 50-4,부산광역시 사하구 장림동 853-27,35.0784633,128.9661975,2021,건축물,051-220-4671,부산광역시 사하구청,2026-02-27
장림동1280,1,부산광역시 사하구 장평로132번길 19,부산광역시 사하구 장림동 345-6,35.0767659111,128.9747377,2021,한전주,051-220-4671,부산광역시 사하구청,2026-02-27
장림동1281,1,부산광역시 사하구 장평로132번길 27,부산광역시 사하구 장림동 365,35.076139,128.9750321,2021,한전주,051-220-4671,부산광역시 사하구청,2026-02-27
장림동1282,1,부산광역시 사하구 장평로132번길 20,부산광역시 사하구 장림동 358,35.0765819,128.974396,2021,한전주,051-220-4671,부산광역시 사하구청,2026-02-27
장림동1283,1,부산광역시 사하구 장평로132번길 20,부산광역시 사하구 장림동 358,35.0765819,128.974396,2021,한전주,051-220-4671,부산광역시 사하구청,2026-02-27
장림동1284,1,부산광역시 사하구 장림번영로104번길 89,부산광역시 사하구 장림동 313-2,35.0766977613,128.9758492,2021,한전주,051-220-4671,부산광역시 사하구청,2026-02-27
장림동1285,1,부산광역시 사하구 장림번영로104번길 81,부산광역시 사하구 장림동 313,35.0772432,128.975848,2021,한전주,051-220-4671,부산광역시 사하구청,2026-02-27
장림동1286,1,부산광역시 사하구 장림번영로104번길 71,부산광역시 사하구 장림동 280-3,35.0773992,128.9762245,2021,한전주,051-220-4671,부산광역시 사하구청,2026-02-27
장림동1287,1,부산광역시 사하구 장림번영로104번길 64,부산광역시 사하구 장림동 343-1,35.0779296,128.9757549,2021,한전주,051-220-4671,부산광역시 사하구청,2026-02-27
장림동1288,1,부산광역시 사하구 장림번영로104번길 64,부산광역시 사하구 장림동 343-1,35.0779296,128.9757549,2021,한전주,051-220-4671,부산광역시 사하구청,2026-02-27
장림동1289,1,부산광역시 사하구 장림번영로104번길 63,부산광역시 사하구 장림동 277-3,35.0778311,128.9762678,2021,한전주,051-220-4671,부산광역시 사하구청,2026-02-27
장림동129,1,부산광역시 사하구 하신중앙로18번길 64-7,부산광역시 사하구 장림동 862-2,35.0779502115,128.9662456498,2021,전용주,051-220-4671,부산광역시 사하구청,2026-02-27
장림동1290,1,부산광역시 사하구 장림번영로104번길 63,부산광역시 사하구 장림동 277-3,35.0778112053,128.9762147,2021,한전주,051-220-4671,부산광역시 사하구청,2026-02-27
장림동1291,1,부산광역시 사하구 장림번영로104번길 63,부산광역시 사하구 장림동 277-3,35.0778112053,128.9762575355,2021,한전주,051-220-4671,부산광역시 사하구청,2026-02-27
장림동1293,1,부산광역시 사하구 장림번영로84번길 45,부산광역시 사하구 장림동 340-7,35.078686,128.975236,2021,건축물,051-220-4671,부산광역시 사하구청,2026-02-27
장림동1294,1,부산광역시 사하구 장평로146번길 17,부산광역시 사하구 장림동 339-10,35.0784735,128.9749883595,2021,건축물,051-220-4671,부산광역시 사하구청,2026-02-27
장림동1295,1,부산광역시 사하구 장평로146번길 17,부산광역시 사하구 장림동 339-10,35.0784735,128.9749883595,2021,건축물,051-220-4671,부산광역시 사하구청,2026-02-27
장림동1296,1,부산광역시 사하구 장평로146번길 15,부산광역시 사하구 장림동 338-10,35.078699362,128.9743378,2021,한전주,051-220-4671,부산광역시 사하구청,2026-02-27
장림동1297,1,부산광역시 사하구 장평로146번길 15,부산광역시 사하구 장림동 338-10,35.078699362,128.9743378,2021,전용주,051-220-4671,부산광역시 사하구청,2026-02-27
장림동1298,1,부산광역시 사하구 장평로146번길 3,부산광역시 사하구 장림동 335-5,35.0794479,128.9738292,2021,한전주,051-220-4671,부산광역시 사하구청,2026-02-27
장림동1299,1,부산광역시 사하구 장평로146번길 3,부산광역시 사하구 장림동 335-5,35.0794479,128.9738292,2021,한전주,051-220-4671,부산광역시 사하구청,2026-02-27
장림동130,1,부산광역시 사하구 하신중앙로18번길 50-3,부산광역시 사하구 장림동 853-32,35.0784914,128.9661324,2021,전용주,051-220-4671,부산광역시 사하구청,2026-02-27
장림동1300,1,부산광역시 사하구 장평로146번길 3,부산광역시 사하구 장림동 335-5,35.0794479,128.9738292,2021,건축물,051-220-4671,부산광역시 사하구청,2026-02-27
장림동1301,1,부산광역시 사하구 장평로146번길 3,부산광역시 사하구 장림동 335-5,35.0794479,128.9738292,2021,한전주,051-220-4671,부산광역시 사하구청,2026-02-27
장림동1302,1,부산광역시 사하구 장림번영로84번길 15,부산광역시 사하구 장림동 339-23,35.0797846754,128.9748136,2021,한전주,051-220-4671,부산광역시 사하구청,2026-02-27
장림동1303,1,부산광역시 사하구 장림번영로84번길 34,부산광역시 사하구 장림동 338-9,35.0789521,128.9743873,2021,한전주,051-220-4671,부산광역시 사하구청,2026-02-27
장림동1304,1,부산광역시 사하구 장림번영로84번길 22,부산광역시 사하구 장림동 338-6,35.0795991,128.9742640874,2021,한전주,051-220-4671,부산광역시 사하구청,2026-02-27
장림동1305,1,부산광역시 사하구 장림번영로84번길 22,부산광역시 사하구 장림동 338-6,35.0795840611,128.9742640874,2021,한전주,051-220-4671,부산광역시 사하구청,2026-02-27
장림동1306,1,부산광역시 사하구 장림번영로104번길 10,부산광역시 사하구 장림동 1151,35.080236,128.9763477,2021,한전주,051-220-4671,부산광역시 사하구청,2026-02-27
장림동1307,1,부산광역시 사하구 다대로 270-4,부산광역시 사하구 장림동 218,35.0783899493,128.9767936429,2021,전용주,051-220-4671,부산광역시 사하구청,2026-02-27
장림동1308,1,부산광역시 사하구 다대로 272,부산광역시 사하구 장림동 996-12,35.0781818293,128.9770661,2021,한전주,051-220-4671,부산광역시 사하구청,2026-02-27
장림동1309,1,부산광역시 사하구 장림번영로104번길 52,부산광역시 사하구 장림동 341-7,35.0783983556,128.9759076326,2021,한전주,051-220-4671,부산광역시 사하구청,2026-02-27
장림동131,1,부산광역시 사하구 하신중앙로18번길 50-4,부산광역시 사하구 장림동 853-27,35.0784633,128.9661975,2021,한전주,051-220-4671,부산광역시 사하구청,2026-02-27
장림동1310,1,부산광역시 사하구 장림번영로104번길 42,부산광역시 사하구 장림동 341-7,35.078740,128.9763445,2021,한전주,051-220-4671,부산광역시 사하구청,2026-02-27
장림동1311,1,부산광역시 사하구 장림번영로104번길 38,부산광역시 사하구 장림동 341-6,35.0788736,128.9764464,2021,한전주,051-220-4671,부산광역시 사하구청,2026-02-27
장림동1312,1,부산광역시 사하구 장림번영로104번길 28,부산광역시 사하구 장림동 340-5,35.0787907,128.9754468,2021,한전주,051-220-4671,부산광역시 사하구청,2026-02-27
장림동1313,1,부산광역시 사하구 장림번영로104번길 25,부산광역시 사하구 장림동 223,35.0793864482,128.9767224,2021,전용주,051-220-4671,부산광역시 사하구청,2026-02-27
장림동1314,1,부산광역시 사하구 장림번영로104번길 22,부산광역시 사하구 장림동 341-4,35.0796772477,128.9765431,2021,한전주,051-220-4671,부산광역시 사하구청,2026-02-27
장림동1315,1,부산광역시 사하구 장림번영로104번길 25,부산광역시 사하구 장림동 223,35.0793864482,128.9767224,2021,한전주,051-220-4671,부산광역시 사하구청,2026-02-27
장림동1316,1,부산광역시 사하구 다대로 246,부산광역시 사하구 장림동 192-8,35.0804312,128.9770869,2021,건축물,051-220-4671,부산광역시 사하구청,2026-02-27
장림동1317,1,부산광역시 사하구 장림번영로104번길 10,부산광역시 사하구 장림동 1151,35.080236,128.9763477,2021,한전주,051-220-4671,부산광역시 사하구청,2026-02-27
장림동1318,1,부산광역시 사하구 장림번영로104번길 10,부산광역시 사하구 장림동 1151,35.080209396,128.976338082,2021,한전주,051-220-4671,부산광역시 사하구청,2026-02-27
장림동1319,1,부산광역시 사하구 장림번영로 90,부산광역시 사하구 장림동 340-2,35.0804709,128.9753006349,2021,한전주,051-220-4671,부산광역시 사하구청,2026-02-27
장림동132,1,부산광역시 사하구 하신중앙로18번길 64-4,부산광역시 사하구 장림동 853-21,35.0782881175,128.9663582,2021,한전주,051-220-4671,부산광역시 사하구청,2026-02-27
장림동1320,1,부산광역시 사하구 장림번영로 94,부산광역시 사하구 장림동 340-1,35.0802942,128.9754453608,2021,한전주,051-220-4671,부산광역시 사하구청,2026-02-27
장림동1321,1,부산광역시 사하구 장림번영로 88-3,부산광역시 사하구 장림동 340-10,35.0798756,128.9752317,2021,한전주,051-220-4671,부산광역시 사하구청,2026-02-27
장림동1322,1,부산광역시 사하구 장림번영로 76,부산광역시 사하구 장림동 1153,35.0801845,128.9739583682,2021,한전주,051-220-4671,부산광역시 사하구청,2026-02-27
장림동1323,1,부산광역시 사하구 장평로 150,부산광역시 사하구 장림동 335-4,35.0798582,128.9735321,2021,건축물,051-220-4671,부산광역시 사하구청,2026-02-27
장림동1326,1,부산광역시 사하구 다대로297번길 6,부산광역시 사하구 장림동 303,35.0758872666,128.9773396,2021,한전주,051-220-4671,부산광역시 사하구청,2026-02-27
장림동1327,1,부산광역시 사하구 다대로297번길 12,부산광역시 사하구 장림동 303-1,35.0761248,128.977564,2021,건축물,051-220-4671,부산광역시 사하구청,2026-02-27
장림동1328,1,부산광역시 사하구 다대로297번길 12,부산광역시 사하구 장림동 303-1,35.0761248,128.977564,2021,한전주,051-220-4671,부산광역시 사하구청,2026-02-27
장림동1329,1,부산광역시 사하구 다대로297번길 17,부산광역시 사하구 장림동 305-3,35.0764935218,128.9776941,2021,한전주,051-220-4671,부산광역시 사하구청,2026-02-27
장림동133,1,부산광역시 사하구 하신중앙로18번길 64-4,부산광역시 사하구 장림동 853-21,35.0782881175,128.9663582,2021,건축물,051-220-4671,부산광역시 사하구청,2026-02-27
장림동1330,1,부산광역시 사하구 다대로297번길 26,부산광역시 사하구 장림동 293-2,35.0764728,128.9783288,2021,전용주,051-220-4671,부산광역시 사하구청,2026-02-27
장림동1331,1,부산광역시 사하구 다대로297번길 26,부산광역시 사하구 장림동 293-2,35.0764471223,128.9783106,2021,한전주,051-220-4671,부산광역시 사하구청,2026-02-27
장림동1332,1,부산광역시 사하구 다대로277번길 36,부산광역시 사하구 장림동 288,35.0766659,128.9786404,2021,건축물,051-220-4671,부산광역시 사하구청,2026-02-27
장림동1333,1,부산광역시 사하구 다대로297번길 31,부산광역시 사하구 장림동 287-4,35.076869,128.9783493,2021,한전주,051-220-4671,부산광역시 사하구청,2026-02-27
장림동1334,1,부산광역시 사하구 다대로297번길 24,부산광역시 사하구 장림동 372-19,35.0761627,128.9785515,2021,한전주,051-220-4671,부산광역시 사하구청,2026-02-27
장림동1335,1,부산광역시 사하구 다대로277번길 25-1,부산광역시 사하구 장림동 45,35.0773542,128.9789859,2021,한전주,051-220-4671,부산광역시 사하구청,2026-02-27
장림동1336,1,부산광역시 사하구 다대로277번길 42,부산광역시 사하구 장림동 296,35.0762937722,128.9787306,2021,한전주,051-220-4671,부산광역시 사하구청,2026-02-27
장림동1337,1,부산광역시 사하구 다대로277번길 50,부산광역시 사하구 장림동 35,35.0761644,128.9789910357,2021,한전주,051-220-4671,부산광역시 사하구청,2026-02-27
장림동1338,1,부산광역시 사하구 다대로277번길 49,부산광역시 사하구 장림동 36-5,35.076350,128.9792247,2021,한전주,051-220-4671,부산광역시 사하구청,2026-02-27
장림동1339,1,부산광역시 사하구 다대로277번길 49,부산광역시 사하구 장림동 36-5,35.076350,128.9792247,2021,한전주,051-220-4671,부산광역시 사하구청,2026-02-27
장림동134,1,,부산광역시 사하구 장림동 875-4,35.0789402,128.9645418433,2021,한전주,051-220-4671,부산광역시 사하구청,2026-02-27
장림동1340,1,부산광역시 사하구 다대로277번길 56,부산광역시 사하구 장림동 25,35.0758807232,128.9806719,2021,건축물,051-220-4671,부산광역시 사하구청,2026-02-27
장림동1341,1,부산광역시 사하구 다대로277번길 56,부산광역시 사하구 장림동 25,35.0758807232,128.9806719,2021,건축물,051-220-4671,부산광역시 사하구청,2026-02-27
장림동1342,1,부산광역시 사하구 두송로26번길 62,부산광역시 사하구 장림동 24,35.0765883242,128.9801191,2021,한전주,051-220-4671,부산광역시 사하구청,2026-02-27
장림동1343,1,부산광역시 사하구 두송로26번길 60,부산광역시 사하구 장림동 23-1,35.0766909915,128.980253,2021,한전주,051-220-4671,부산광역시 사하구청,2026-02-27
장림동1344,1,부산광역시 사하구 다대로277번길 92,부산광역시 사하구 장림동 25-11,35.0759391215,128.981113698,2021,한전주,051-220-4671,부산광역시 사하구청,2026-02-27
장림동1345,1,부산광역시 사하구 다대로277번길 85,부산광역시 사하구 장림동 16,35.0761253341,128.9814729,2021,한전주,051-220-4671,부산광역시 사하구청,2026-02-27
장림동1346,1,부산광역시 사하구 다대로277번길 104,부산광역시 사하구 장림동 7,35.07558403,128.981794,2021,한전주,051-220-4671,부산광역시 사하구청,2026-02-27
장림동1347,1,부산광역시 사하구 다대로277번길 104,부산광역시 사하구 장림동 7,35.07558403,128.981794,2021,한전주,051-220-4671,부산광역시 사하구청,2026-02-27
장림동1348,1,부산광역시 사하구 다대로277번길 104,부산광역시 사하구 장림동 7,35.07558403,128.981794,2021,한전주,051-220-4671,부산광역시 사하구청,2026-02-27
장림동1349,1,부산광역시 사하구 다대로277번길 110,부산광역시 사하구 장림동 7-4,35.0755448,128.982176,2021,한전주,051-220-4671,부산광역시 사하구청,2026-02-27
장림동135,1,부산광역시 사하구 하신중앙로18번길 31,부산광역시 사하구 장림동 850,35.0791657,128.9656772,2021,한전주,051-220-4671,부산광역시 사하구청,2026-02-27
장림동1350,1,부산광역시 사하구 다대로277번길 110,부산광역시 사하구 장림동 7-4,35.0755448,128.982176,2021,한전주,051-220-4671,부산광역시 사하구청,2026-02-27
장림동1351,1,부산광역시 사하구 다대로277번길 124,부산광역시 사하구 장림동 2,35.0753653,128.983235,2021,한전주,051-220-4671,부산광역시 사하구청,2026-02-27
장림동1352,1,부산광역시 사하구 다대로277번길 141,부산광역시 사하구 장림동 60-20,35.0769514167,128.9825806022,2021,한전주,051-220-4671,부산광역시 사하구청,2026-02-27
장림동1353,1,부산광역시 사하구 다대로277번길 141,부산광역시 사하구 장림동 60-20,35.0769514167,128.9825806022,2021,한전주,051-220-4671,부산광역시 사하구청,2026-02-27
장림동1354,1,부산광역시 사하구 다대로 289,부산광역시 사하구 장림동 307,35.0767481,128.9774694,2021,한전주,051-220-4671,부산광역시 사하구청,2026-02-27
장림동1355,1,부산광역시 사하구 다대로257번길 27-1,부산광역시 사하구 장림동 244-4,35.0786283,128.9787755,2021,한전주,051-220-4671,부산광역시 사하구청,2026-02-27
장림동1356,1,부산광역시 사하구 다대로297번길 6,부산광역시 사하구 장림동 303,35.0758872666,128.9773396,2021,한전주,051-220-4671,부산광역시 사하구청,2026-02-27
장림동1357,1,부산광역시 사하구 다대로297번길 12,부산광역시 사하구 장림동 303-1,35.0761248,128.977564,2021,한전주,051-220-4671,부산광역시 사하구청,2026-02-27
장림동1358,1,부산광역시 사하구 다대로297번길 24,부산광역시 사하구 장림동 372-19,35.0761627,128.9785515,2021,한전주,051-220-4671,부산광역시 사하구청,2026-02-27
장림동1359,1,부산광역시 사하구 다대로271번길 2-1,부산광역시 사하구 장림동 996-10,35.0780401,128.9778185,2021,한전주,051-220-4671,부산광역시 사하구청,2026-02-27
장림동136,1,,부산광역시 사하구 장림동 853-38,35.0798628707,128.965610029,2021,한전주,051-220-4671,부산광역시 사하구청,2026-02-27
장림동1360,1,부산광역시 사하구 다대로277번길 25-8,부산광역시 사하구 장림동 41-2,35.0769814201,128.9794981652,2021,건축물,051-220-4671,부산광역시 사하구청,2026-02-27
장림동1361,1,부산광역시 사하구 다대로277번길 25-12,부산광역시 사하구 장림동 44-5,35.0771367,128.9796165,2021,한전주,051-220-4671,부산광역시 사하구청,2026-02-27
장림동1362,1,부산광역시 사하구 두송로26번길 46,부산광역시 사하구 장림동 44-11,35.0771034416,128.9799561617,2021,한전주,051-220-4671,부산광역시 사하구청,2026-02-27
장림동1363,1,부산광역시 사하구 두송로26번길 39,부산광역시 사하구 장림동 54,35.0774404,128.9797773,2021,한전주,051-220-4671,부산광역시 사하구청,2026-02-27
장림동1364,1,부산광역시 사하구 다대로271번길 2-1,부산광역시 사하구 장림동 996-10,35.0780401,128.9778185,2021,한전주,051-220-4671,부산광역시 사하구청,2026-02-27
장림동1365,1,부산광역시 사하구 두송로26번길 35-10,부산광역시 사하구 장림동 74,35.0778028,128.9802135,2021,한전주,051-220-4671,부산광역시 사하구청,2026-02-27
장림동1366,1,부산광역시 사하구 두송로26번길 35-1,부산광역시 사하구 장림동 73-1,35.077586615,128.9798252,2021,한전주,051-220-4671,부산광역시 사하구청,2026-02-27
장림동1367,1,부산광역시 사하구 두송로26번길 46,부산광역시 사하구 장림동 44-11,35.0771034416,128.9799561617,2021,한전주,051-220-4671,부산광역시 사하구청,2026-02-27
장림동1368,1,부산광역시 사하구 두송로26번길 46,부산광역시 사하구 장림동 44-11,35.0771219,128.9799669,2021,한전주,051-220-4671,부산광역시 사하구청,2026-02-27
장림동1369,1,,부산광역시 사하구 장림동 16-10,35.0770693979,128.980186,2021,한전주,051-220-4671,부산광역시 사하구청,2026-02-27
장림동137,1,,부산광역시 사하구 장림동 853-38,35.0798628707,128.965610029,2021,전용주,051-220-4671,부산광역시 사하구청,2026-02-27
장림동1370,1,부산광역시 사하구 두송로26번길 54-3,부산광역시 사하구 장림동 29,35.076638,128.979789502,2021,건축물,051-220-4671,부산광역시 사하구청,2026-02-27
장림동1371,1,부산광역시 사하구 두송로26번길 60,부산광역시 사하구 장림동 23-1,35.0766909915,128.980253,2021,한전주,051-220-4671,부산광역시 사하구청,2026-02-27
장림동1372,1,부산광역시 사하구 두송로26번길 49,부산광역시 사하구 장림동 57,35.0773333,128.980268,2021,한전주,051-220-4671,부산광역시 사하구청,2026-02-27
장림동1373,1,부산광역시 사하구 두송로26번길 47,부산광역시 사하구 장림동 70,35.0774558,128.9801715489,2021,전용주,051-220-4671,부산광역시 사하구청,2026-02-27
장림동1374,1,부산광역시 사하구 두송로 64,부산광역시 사하구 장림동 60,35.0786423,128.9812314,2021,한전주,051-220-4671,부산광역시 사하구청,2026-02-27
장림동1375,1,부산광역시 사하구 두송로 64,부산광역시 사하구 장림동 60,35.0786423,128.9812314,2021,한전주,051-220-4671,부산광역시 사하구청,2026-02-27
장림동1376,1,부산광역시 사하구 두송로 64,부산광역시 사하구 장림동 60,35.0786423,128.9812314,2021,한전주,051-220-4671,부산광역시 사하구청,2026-02-27
장림동1377,1,부산광역시 사하구 두송로 64,부산광역시 사하구 장림동 60,35.0786423,128.9812314,2021,한전주,051-220-4671,부산광역시 사하구청,2026-02-27
장림동1378,1,부산광역시 사하구 두송로26번길 18,부산광역시 사하구 장림동 80,35.0781304,128.979465,2021,건축물,051-220-4671,부산광역시 사하구청,2026-02-27
장림동1379,1,부산광역시 사하구 다대로271번길 33,부산광역시 사하구 장림동 48-3,35.0777827,128.9791632365,2021,건축물,051-220-4671,부산광역시 사하구청,2026-02-27
장림동138,1,,부산광역시 사하구 장림동 816-10,35.0799533,128.9654549,2021,건축물,051-220-4671,부산광역시 사하구청,2026-02-27
장림동1380,1,부산광역시 사하구 다대로271번길 2-1,부산광역시 사하구 장림동 996-10,35.0780164283,128.9778089666,2021,한전주,051-220-4671,부산광역시 사하구청,2026-02-27
장림동1381,1,부산광역시 사하구 다대로277번길 23-2,부산광역시 사하구 장림동 46-2,35.0773818606,128.9787349,2021,한전주,051-220-4671,부산광역시 사하구청,2026-02-27
장림동1382,1,부산광역시 사하구 다대로271번길 25-1,부산광역시 사하구 장림동 77,35.0779815101,128.9787714,2021,한전주,051-220-4671,부산광역시 사하구청,2026-02-27
장림동1383,1,부산광역시 사하구 다대로271번길 25-5,부산광역시 사하구 장림동 78-1,35.078268,128.9787668,2021,건축물,051-220-4671,부산광역시 사하구청,2026-02-27
장림동1384,1,부산광역시 사하구 다대로271번길 25-9,부산광역시 사하구 장림동 79-2,35.0782356,128.9790949,2021,한전주,051-220-4671,부산광역시 사하구청,2026-02-27
장림동1385,1,부산광역시 사하구 다대로271번길 25-10,부산광역시 사하구 장림동 79-1,35.0781847155,128.9792695,2021,한전주,051-220-4671,부산광역시 사하구청,2026-02-27
장림동1386,1,부산광역시 사하구 다대로271번길 25,부산광역시 사하구 장림동 268,35.0778278,128.9786794,2021,한전주,051-220-4671,부산광역시 사하구청,2026-02-27
장림동1387,1,부산광역시 사하구 다대로271번길 2-1,부산광역시 사하구 장림동 996-10,35.0780164283,128.9778089666,2021,한전주,051-220-4671,부산광역시 사하구청,2026-02-27
장림동1388,1,부산광역시 사하구 다대로271번길 17,부산광역시 사하구 장림동 265-1,35.0779937863,128.9783988,2021,한전주,051-220-4671,부산광역시 사하구청,2026-02-27
장림동1389,1,부산광역시 사하구 다대로271번길 13-2,부산광역시 사하구 장림동 266-1,35.078146,128.9784967509,2021,한전주,051-220-4671,부산광역시 사하구청,2026-02-27
장림동139,1,,부산광역시 사하구 장림동 853-38,35.0798628707,128.965610029,2021,한전주,051-220-4671,부산광역시 사하구청,2026-02-27
장림동1390,1,부산광역시 사하구 다대로271번길 13-3,부산광역시 사하구 장림동 248,35.0783359,128.9784724,2021,한전주,051-220-4671,부산광역시 사하구청,2026-02-27
장림동1391,1,부산광역시 사하구 다대로271번길 2-1,부산광역시 사하구 장림동 996-10,35.0780164283,128.9778089666,2021,한전주,051-220-4671,부산광역시 사하구청,2026-02-27
장림동1392,1,부산광역시 사하구 다대로271번길 2-1,부산광역시 사하구 장림동 996-10,35.0780164283,128.9778089666,2021,한전주,051-220-4671,부산광역시 사하구청,2026-02-27
장림동1393,1,부산광역시 사하구 다대로271번길 25,부산광역시 사하구 장림동 268,35.0778011583,128.9786690377,2021,건축물,051-220-4671,부산광역시 사하구청,2026-02-27
장림동1394,1,부산광역시 사하구 다대로257번길 27,부산광역시 사하구 장림동 244-3,35.0786845,128.9786453,2021,건축물,051-220-4671,부산광역시 사하구청,2026-02-27
장림동1395,1,부산광역시 사하구 다대로257번길 24,부산광역시 사하구 장림동 241-26,35.0788872,128.9783761,2021,건축물,051-220-4671,부산광역시 사하구청,2026-02-27
장림동1396,1,부산광역시 사하구 다대로257번길 16,부산광역시 사하구 장림동 241-21,35.079050,128.9783362,2021,건축물,051-220-4671,부산광역시 사하구청,2026-02-27
장림동1397,1,부산광역시 사하구 다대로257번길 16,부산광역시 사하구 장림동 241-21,35.079050,128.9783362,2021,건축물,051-220-4671,부산광역시 사하구청,2026-02-27
장림동1398,1,부산광역시 사하구 다대로271번길 2-1,부산광역시 사하구 장림동 996-10,35.0780401,128.9778185,2021,건축물,051-220-4671,부산광역시 사하구청,2026-02-27
장림동1399,1,부산광역시 사하구 다대로271번길 2-1,부산광역시 사하구 장림동 996-10,35.0780401,128.9778185,2021,건축물,051-220-4671,부산광역시 사하구청,2026-02-27
장림동140,1,,부산광역시 사하구 장림동 808-1,35.0807133804,128.9653504164,2021,한전주,051-220-4671,부산광역시 사하구청,2026-02-27
장림동1400,1,부산광역시 사하구 다대로271번길 4,부산광역시 사하구 장림동 274-3,35.077898887,128.9778266,2021,한전주,051-220-4671,부산광역시 사하구청,2026-02-27
장림동1401,1,부산광역시 사하구 다대로271번길 2-1,부산광역시 사하구 장림동 996-10,35.0780164283,128.9778472,2021,건축물,051-220-4671,부산광역시 사하구청,2026-02-27
장림동1402,1,부산광역시 사하구 다대로271번길 3,부산광역시 사하구 장림동 255,35.0782993982,128.9778312551,2021,한전주,051-220-4671,부산광역시 사하구청,2026-02-27
장림동1403,1,부산광역시 사하구 다대로271번길 2-1,부산광역시 사하구 장림동 996-10,35.0780164283,128.9778089666,2021,한전주,051-220-4671,부산광역시 사하구청,2026-02-27
장림동1404,1,부산광역시 사하구 다대로257번길 5,부산광역시 사하구 장림동 241-2,35.0794775,128.9779046499,2021,한전주,051-220-4671,부산광역시 사하구청,2026-02-27
장림동1405,1,부산광역시 사하구 두송로 16,부산광역시 사하구 장림동 241-8,35.0794567,128.9782693,2021,전용주,051-220-4671,부산광역시 사하구청,2026-02-27
장림동1406,1,부산광역시 사하구 다대로257번길 13,부산광역시 사하구 장림동 244-1,35.079194631,128.9782680243,2021,전용주,051-220-4671,부산광역시 사하구청,2026-02-27
장림동1407,1,부산광역시 사하구 두송로 47,부산광역시 사하구 장림동 60-42,35.0787377276,128.9808564419,2021,전용주,051-220-4671,부산광역시 사하구청,2026-02-27
장림동1408,1,,부산광역시 사하구 장림동 산4-3,35.076368,128.9841911,2021,한전주,051-220-4671,부산광역시 사하구청,2026-02-27
장림동1409,1,,부산광역시 사하구 장림동 산3-1,35.0754197868,128.984578862,2021,한전주,051-220-4671,부산광역시 사하구청,2026-02-27
장림동141,1,부산광역시 사하구 장림시장9길 21,부산광역시 사하구 장림동 816-6,35.0798385,128.9652974298,2021,전용주,051-220-4671,부산광역시 사하구청,2026-02-27
장림동1410,1,,부산광역시 사하구 장림동 산3-1,35.0754197868,128.984578862,2021,한전주,051-220-4671,부산광역시 사하구청,2026-02-27
장림동1411,1,부산광역시 사하구 두송로123번길 6,부산광역시 사하구 장림동 1-2,35.0739611,128.9847905,2021,한전주,051-220-4671,부산광역시 사하구청,2026-02-27
장림동1412,1,부산광역시 사하구 두송로123번길 6,부산광역시 사하구 장림동 1-2,35.0739348575,128.9847735537,2021,한전주,051-220-4671,부산광역시 사하구청,2026-02-27
장림동1413,1,부산광역시 사하구 두송로123번길 6,부산광역시 사하구 장림동 1-2,35.0739348575,128.9847735537,2021,한전주,051-220-4671,부산광역시 사하구청,2026-02-27
장림동1414,1,부산광역시 사하구 두송로 120,부산광역시 사하구 장림동 산1-1,35.0744888235,128.9846833,2021,한전주,051-220-4671,부산광역시 사하구청,2026-02-27
장림동1415,1,부산광역시 사하구 두송로 120,부산광역시 사하구 장림동 산1-1,35.0744888235,128.9846833,2021,한전주,051-220-4671,부산광역시 사하구청,2026-02-27
장림동1416,1,부산광역시 사하구 두송로 120,부산광역시 사하구 장림동 산1-1,35.0744888235,128.9846833,2021,한전주,051-220-4671,부산광역시 사하구청,2026-02-27
장림동1417,1,부산광역시 사하구 두송로 128,부산광역시 사하구 장림동 산45,35.0739980248,128.9842949504,2021,한전주,051-220-4671,부산광역시 사하구청,2026-02-27
장림동1418,1,,부산광역시 사하구 장림동 산45-6,35.0732178659,128.9837971171,2021,한전주,051-220-4671,부산광역시 사하구청,2026-02-27
장림동1419,1,,부산광역시 사하구 장림동 산45-6,35.0732178659,128.9837971171,2021,한전주,051-220-4671,부산광역시 사하구청,2026-02-27
장림동142,1,부산광역시 사하구 하신중앙로 14,부산광역시 사하구 장림동 814-1,35.0801764,128.9650327,2021,건축물,051-220-4671,부산광역시 사하구청,2026-02-27
장림동1420,1,부산광역시 사하구 두송로 136,부산광역시 사하구 장림동 산 45,35.0731976626,128.9840207054,2021,한전주,051-220-4671,부산광역시 사하구청,2026-02-27
장림동1421,1,부산광역시 사하구 두송로144번길 14-1,부산광역시 사하구 장림동 1-7,35.0725357,128.9821252,2021,한전주,051-220-4671,부산광역시 사하구청,2026-02-27
장림동1422,1,부산광역시 사하구 두송로144번길 46,부산광역시 사하구 장림동 산59-15,35.071393,128.9825689,2021,한전주,051-220-4671,부산광역시 사하구청,2026-02-27
장림동1423,1,부산광역시 사하구 두송로144번길 58-1,부산광역시 사하구 장림동 산65,35.0713488,128.981965,2021,한전주,051-220-4671,부산광역시 사하구청,2026-02-27
장림동1424,1,부산광역시 사하구 두송로144번길 58-1,부산광역시 사하구 장림동 산65,35.0713488,128.981965,2021,한전주,051-220-4671,부산광역시 사하구청,2026-02-27
장림동1425,1,,부산광역시 사하구 장림동 산4-5,35.0766138627,128.9849627592,2021,한전주,051-220-4671,부산광역시 사하구청,2026-02-27
장림동1426,1,부산광역시 사하구 장림시장7길 166,부산광역시 사하구 장림동 615-179,35.0796219,128.9692181,2023,건축물,051-220-4671,부산광역시 사하구청,2026-02-27
장림동1427,1,,부산광역시 사하구 장림동 615-1,35.079527344,128.9684283571,2022,건축물,051-220-4671,부산광역시 사하구청,2026-02-27
장림동1428,1,부산광역시 사하구 장평로125번길 162,부산광역시 사하구 장림동 628-1,35.0788767,128.9690467,2022,건축물,051-220-4671,부산광역시 사하구청,2026-02-27
장림동1429,1,부산광역시 사하구 장평로125번길 154,부산광역시 사하구 장림동 산 82-1,35.078847,128.9691942894,2022,한전주,051-220-4671,부산광역시 사하구청,2026-02-27
장림동143,1,부산광역시 사하구 하신중앙로 14,부산광역시 사하구 장림동 814-1,35.0801764,128.9650327,2021,건축물,051-220-4671,부산광역시 사하구청,2026-02-27
장림동1430,1,부산광역시 사하구 장평로139번길 23,부산광역시 사하구 장림동 610-15,35.0791675,128.9716738,2022,한전주,051-220-4671,부산광역시 사하구청,2026-02-27
장림동1431,1,부산광역시 사하구 장림시장11길 69,부산광역시 사하구 장림동 615-158,35.0793408,128.9681981967,2022,건축물,051-220-4671,부산광역시 사하구청,2026-02-27
장림동1432,1,부산광역시 사하구 장평로139번길 14-3,부산광역시 사하구 장림동 348-33,35.0791966285,128.9719928,2022,건축물,051-220-4671,부산광역시 사하구청,2026-02-27
장림동1433,1,부산광역시 사하구 장림시장9길 136,부산광역시 사하구 장림동 615-100,35.0795474802,128.9681727552,2022,건축물,051-220-4671,부산광역시 사하구청,2026-02-27
장림동1435,1,부산광역시 사하구 장평로146번길 15,부산광역시 사하구 장림동 338-10,35.078699362,128.9743250961,2022,한전주,051-220-4671,부산광역시 사하구청,2026-02-27
장림동1436,1,부산광역시 사하구 두송로 68,부산광역시 사하구 장림동 60-39,35.0774757284,128.9819853143,2022,건축물,051-220-4671,부산광역시 사하구청,2026-02-27
장림동1437,1,부산광역시 사하구 두송로 68,부산광역시 사하구 장림동 60-39,35.0774757284,128.9819853143,2022,,051-220-4671,부산광역시 사하구청,2026-02-27
장림동1438,1,부산광역시 사하구 두송로 68,부산광역시 사하구 장림동 60-39,35.0774757284,128.9819853143,2022,건축물,051-220-4671,부산광역시 사하구청,2026-02-27
장림동1439,1,부산광역시 사하구 장평로 39,부산광역시 사하구 장림동 535,35.0694606196,128.9727318878,2024,,051-220-4671,부산광역시 사하구청,2026-02-27
장림동144,1,,부산광역시 사하구 장림동 640-1,35.0798198179,128.9673940648,2021,건축물,051-220-4671,부산광역시 사하구청,2026-02-27
장림동1440,1,부산광역시 사하구 장림시장10길 111,부산광역시 사하구 장림동 615-321,35.0791301,128.9695352,2022,,051-220-4671,부산광역시 사하구청,2026-02-27
장림동1441,1,부산광역시 사하구 장평로125번길 125-9,부산광역시 사하구 장림동 625-3,35.0783727,128.9702673069,2022,,051-220-4671,부산광역시 사하구청,2026-02-27
장림동1442,1,,부산광역시 사하구 장림동 341-16,35.0780595318,128.9758252,2021,전용주,051-220-4671,부산광역시 사하구청,2026-02-27
장림동1443,1,부산광역시 사하구 장림시장8길 192,부산광역시 사하구 장림동 615-335,35.0792679,128.9699331,2024,,051-220-4671,부산광역시 사하구청,2026-02-27
장림동1444,1,부산광역시 사하구 두송로144번길 58-2,부산광역시 사하구 장림동 산 65,35.0712782601,128.9816931262,2024,건축물,051-220-4671,부산광역시 사하구청,2026-02-27
장림동1445,1,부산광역시 사하구 장평로121번길 45-2,부산광역시 사하구 장림동 605-31,35.0777613,128.9716948,2024,건축물,051-220-4671,부산광역시 사하구청,2026-02-27
장림동1446,1,부산광역시 사하구 두송로144번길 58-5,부산광역시 사하구 장림동 산 65,35.0714251564,128.9812187523,2025,한전주,051-220-4671,부산광역시 사하구청,2026-02-27
장림동1447,2,부산광역시 사하구 장평로 24,부산광역시 사하구 장림동 523,35.0694654,128.9747727,2025,전용주,051-220-4671,부산광역시 사하구청,2026-02-27
장림동1448,1,부산광역시 사하구 장림시장9길 151,부산광역시 사하구 장림동 615-170,35.0795494,128.9686901,2023,,051-220-4671,부산광역시 사하구청,2026-02-27
장림동1449,1,부산광역시 사하구 장림시장10길 86,부산광역시 사하구 장림동 615-395,35.0792146944,128.9688039942,2023,,051-220-4671,부산광역시 사하구청,2026-02-27
장림동145,1,부산광역시 사하구 장림시장6길 102,부산광역시 사하구 장림동 640-22,35.0801906406,128.9676866,2021,한전주,051-220-4671,부산광역시 사하구청,2026-02-27
장림동1450,1,,부산광역시 사하구 장림동 523-9,35.069410872,128.974551,2025,전용주,051-220-4671,부산광역시 사하구청,2026-02-27
장림동1451,1,부산광역시 사하구 다대로277번길 25-11,부산광역시 사하구 장림동 40,35.076755,128.9792564,2025,건축물,051-220-4671,부산광역시 사하구청,2026-02-27
장림동1453,1,부산광역시 사하구 두송로144번길 52,부산광역시 사하구 장림동 산 59-15,35.0712040784,128.9823775273,2025,한전주,051-220-4671,부산광역시 사하구청,2026-02-27
장림동1454,1,부산광역시 사하구 장림시장11길 120,부산광역시 사하구 장림동 615-469,35.0788977,128.9694199,2025,건축물,051-220-4671,부산광역시 사하구청,2026-02-27
장림동146,1,부산광역시 사하구 장림시장6길 91,부산광역시 사하구 장림동 641-334,35.0803714,128.9674601,2021,건축물,051-220-4671,부산광역시 사하구청,2026-02-27
장림동147,1,부산광역시 사하구 장림시장9길 51-16,부산광역시 사하구 장림동 808-165,35.0803792046,128.9655972,2021,한전주,051-220-4671,부산광역시 사하구청,2026-02-27
장림동148,1,,부산광역시 사하구 장림동 808-171,35.0802909332,128.9658932087,2021,건축물,051-220-4671,부산광역시 사하구청,2026-02-27
장림동149,1,,부산광역시 사하구 장림동 808-1,35.0807133804,128.9653504164,2021,건축물,051-220-4671,부산광역시 사하구청,2026-02-27
장림동150,1,부산광역시 사하구 장림시장8길 31,부산광역시 사하구 장림동 808-143,35.0804870101,128.9657861,2021,건축물,051-220-4671,부산광역시 사하구청,2026-02-27
장림동151,1,,부산광역시 사하구 장림동 1018-38,35.0801861,128.9660350712,2021,한전주,051-220-4671,부산광역시 사하구청,2026-02-27
장림동152,1,,부산광역시 사하구 장림동 853-14,35.0797577,128.9658448,2021,건축물,051-220-4671,부산광역시 사하구청,2026-02-27
장림동153,1,,부산광역시 사하구 장림동 853-14,35.0797577,128.9658448,2021,한전주,051-220-4671,부산광역시 사하구청,2026-02-27
장림동154,1,부산광역시 사하구 장림시장9길 68,부산광역시 사하구 장림동 806-5,35.0800278,128.9664214,2021,건축물,051-220-4671,부산광역시 사하구청,2026-02-27
장림동155,1,부산광역시 사하구 장림시장9길 52,부산광역시 사하구 장림동 853-10,35.0798815913,128.9661554,2021,건축물,051-220-4671,부산광역시 사하구청,2026-02-27
장림동156,1,부산광역시 사하구 장림시장1길 33,부산광역시 사하구 장림동 641-1,35.0813452,128.9668696,2021,한전주,051-220-4671,부산광역시 사하구청,2026-02-27
장림동157,1,부산광역시 사하구 장림시장9길 99,부산광역시 사하구 장림동 640-92,35.0799327,128.9672852,2021,한전주,051-220-4671,부산광역시 사하구청,2026-02-27
장림동158,1,부산광역시 사하구 장림시장11길 2,부산광역시 사하구 장림동 640-231,35.0798909,128.9665277,2021,건축물,051-220-4671,부산광역시 사하구청,2026-02-27
장림동159,1,부산광역시 사하구 다대로1066번길 61-3,부산광역시 사하구 장림동 988-3,35.0798929,128.9591608,2024,,051-220-4671,부산광역시 사하구청,2026-02-27
장림동160,1,부산광역시 사하구 장림시장10길 32,부산광역시 사하구 장림동 640-156,35.0796147,128.9673788223,2021,한전주,051-220-4671,부산광역시 사하구청,2026-02-27
장림동161,1,부산광역시 사하구 장림시장11길 48,부산광역시 사하구 장림동 640-192,35.0793794105,128.9675904,2021,한전주,051-220-4671,부산광역시 사하구청,2026-02-27
장림동162,1,부산광역시 사하구 장림시장11길 36,부산광역시 사하구 장림동 640-197,35.0794814,128.9673291,2021,건축물,051-220-4671,부산광역시 사하구청,2026-02-27
장림동163,1,부산광역시 사하구 장림시장11길 28,부산광역시 사하구 장림동 640-201,35.0795388,128.9671222,2021,한전주,051-220-4671,부산광역시 사하구청,2026-02-27
장림동164,1,부산광역시 사하구 장림시장11길 20,부산광역시 사하구 장림동 640-205,35.0795888653,128.9668719,2021,건축물,051-220-4671,부산광역시 사하구청,2026-02-27
장림동165,1,부산광역시 사하구 장림번영로28번길 34-14,부산광역시 사하구 장림동 640-212,35.0794947495,128.9669791,2021,한전주,051-220-4671,부산광역시 사하구청,2026-02-27
장림동166,1,부산광역시 사하구 장림번영로28번길 34-21,부산광역시 사하구 장림동 806-4,35.0794644172,128.9667218168,2021,건축물,051-220-4671,부산광역시 사하구청,2026-02-27
장림동167,1,부산광역시 사하구 장림번영로28번길 34-26,부산광역시 사하구 장림동 806-4,35.0792009372,128.967086688,2021,건축물,051-220-4671,부산광역시 사하구청,2026-02-27
장림동168,1,부산광역시 사하구 장림번영로28번길 34-8,부산광역시 사하구 장림동 640-216,35.0794285475,128.9672857,2021,건축물,051-220-4671,부산광역시 사하구청,2026-02-27
장림동169,1,부산광역시 사하구 장림번영로28번길 34,부산광역시 사하구 장림동 854-5,35.0792761172,128.9673908443,2021,건축물,051-220-4671,부산광역시 사하구청,2026-02-27
장림동170,1,부산광역시 사하구 장림번영로28번길 42,부산광역시 사하구 장림동 854-4,35.0790259731,128.9674159,2021,건축물,051-220-4671,부산광역시 사하구청,2026-02-27
장림동171,1,부산광역시 사하구 장림번영로28번길 54,부산광역시 사하구 장림동 853-24,35.0784020893,128.967310876,2021,한전주,051-220-4671,부산광역시 사하구청,2026-02-27
장림동172,1,부산광역시 사하구 장림시장8길 102,부산광역시 사하구 장림동 640-72,35.079899255,128.9675699,2021,건축물,051-220-4671,부산광역시 사하구청,2026-02-27
장림동173,1,부산광역시 사하구 장림시장8길 91,부산광역시 사하구 장림동 640-53,35.0800849,128.9673436,2021,건축물,051-220-4671,부산광역시 사하구청,2026-02-27
장림동174,1,부산광역시 사하구 장림시장8길 83,부산광역시 사하구 장림동 641-434,35.0801332,128.9671474,2021,건축물,051-220-4671,부산광역시 사하구청,2026-02-27
장림동175,1,부산광역시 사하구 장림시장1길 33,부산광역시 사하구 장림동 641-1,35.0813452,128.9668696,2021,건축물,051-220-4671,부산광역시 사하구청,2026-02-27
장림동176,1,부산광역시 사하구 장림시장1길 33,부산광역시 사하구 장림동 641-1,35.0813452,128.9668696,2021,전용주,051-220-4671,부산광역시 사하구청,2026-02-27
장림동177,1,부산광역시 사하구 장림시장8길 54,부산광역시 사하구 장림동 641-448,35.0802544,128.9663391,2021,건축물,051-220-4671,부산광역시 사하구청,2026-02-27
장림동178,1,부산광역시 사하구 장림시장8길 47,부산광역시 사하구 장림동 641-417,35.0803915,128.9662218,2021,한전주,051-220-4671,부산광역시 사하구청,2026-02-27
장림동179,1,부산광역시 사하구 장림시장8길 7,부산광역시 사하구 장림동 808-132,35.0806885,128.9651327,2021,건축물,051-220-4671,부산광역시 사하구청,2026-02-27
장림동180,1,부산광역시 사하구 장림시장7길 2,부산광역시 사하구 장림동 808-130,35.0807512217,128.9649493141,2021,한전주,051-220-4671,부산광역시 사하구청,2026-02-27
장림동181,1,부산광역시 사하구 장림시장7길 12,부산광역시 사하구 장림동 808-124,35.0807229,128.9652321,2021,건축물,051-220-4671,부산광역시 사하구청,2026-02-27
장림동182,1,부산광역시 사하구 장림시장7길 30,부산광역시 사하구 장림동 808-116,35.0805985,128.9656786,2021,한전주,051-220-4671,부산광역시 사하구청,2026-02-27
장림동183,1,부산광역시 사하구 장림시장7길 46,부산광역시 사하구 장림동 641-411,35.0804837,128.9660925,2021,건축물,051-220-4671,부산광역시 사하구청,2026-02-27
장림동184,1,부산광역시 사하구 장림시장7길 53,부산광역시 사하구 장림동 641-369,35.0805254,128.9662940637,2021,건축물,051-220-4671,부산광역시 사하구청,2026-02-27
장림동185,1,부산광역시 사하구 장림시장7길 71,부산광역시 사하구 장림동 641-379,35.0803814,128.9668464,2021,한전주,051-220-4671,부산광역시 사하구청,2026-02-27
장림동186,1,부산광역시 사하구 장림시장1길 33,부산광역시 사하구 장림동 641-1,35.0813452,128.9668696,2021,한전주,051-220-4671,부산광역시 사하구청,2026-02-27
장림동187,1,부산광역시 사하구 장림시장7길 94,부산광역시 사하구 장림동 640-49,35.0801386,128.9673668,2021,한전주,051-220-4671,부산광역시 사하구청,2026-02-27
장림동188,1,부산광역시 사하구 장림시장7길 102,부산광역시 사하구 장림동 640-45,35.0800812,128.9675737,2021,건축물,051-220-4671,부산광역시 사하구청,2026-02-27
장림동189,1,부산광역시 사하구 장림시장6길 79,부산광역시 사하구 장림동 641-329,35.0804483,128.967166,2021,건축물,051-220-4671,부산광역시 사하구청,2026-02-27
장림동190,1,부산광역시 사하구 장림시장6길 69,부산광역시 사하구 장림동 641-324,35.0805248,128.9668937,2021,건축물,051-220-4671,부산광역시 사하구청,2026-02-27
장림동191,1,부산광역시 사하구 장림시장6길 55,부산광역시 사하구 장림동 641-317,35.0806393,128.9664887052,2021,한전주,051-220-4671,부산광역시 사하구청,2026-02-27
장림동192,1,부산광역시 사하구 장림시장6길 49,부산광역시 사하구 장림동 641-314,35.0806686,128.966360,2021,한전주,051-220-4671,부산광역시 사하구청,2026-02-27
장림동193,1,부산광역시 사하구 장림시장6길 42,부산광역시 사하구 장림동 641-361,35.0806457,128.9660928355,2021,한전주,051-220-4671,부산광역시 사하구청,2026-02-27
장림동194,1,부산광역시 사하구 장림시장6길 30,부산광역시 사하구 장림동 808-80,35.0807413,128.9657698,2021,한전주,051-220-4671,부산광역시 사하구청,2026-02-27
장림동195,1,부산광역시 사하구 장림시장6길 13,부산광역시 사하구 장림동 808-66,35.0809365,128.9653853286,2021,건축물,051-220-4671,부산광역시 사하구청,2026-02-27
장림동196,1,부산광역시 사하구 장림시장6길 22,부산광역시 사하구 장림동 808-83,35.0807622835,128.965584441,2021,건축물,051-220-4671,부산광역시 사하구청,2026-02-27
장림동197,1,부산광역시 사하구 장림시장5길 3,부산광역시 사하구 장림동 808-32,35.081126,128.9652737878,2021,한전주,051-220-4671,부산광역시 사하구청,2026-02-27
장림동198,1,부산광역시 사하구 장림시장5길 25,부산광역시 사하구 장림동 808-42,35.0809750029,128.9658418,2021,한전주,051-220-4671,부산광역시 사하구청,2026-02-27
장림동199,1,부산광역시 사하구 장림시장5길 35,부산광역시 사하구 장림동 641-240,35.0809251,128.9660887473,2021,한전주,051-220-4671,부산광역시 사하구청,2026-02-27
장림동200,1,부산광역시 사하구 장림시장5길 47,부산광역시 사하구 장림동 641-245,35.0808391,128.9663911639,2021,한전주,051-220-4671,부산광역시 사하구청,2026-02-27
장림동201,1,부산광역시 사하구 장림시장5길 55,부산광역시 사하구 장림동 641-249,35.0807816,128.9666149,2021,건축물,051-220-4671,부산광역시 사하구청,2026-02-27
장림동202,1,부산광역시 사하구 다대로 1066번길 62,부산광역시 사하구 장림동 982,35.0783916398,128.958293568,2022,한전주,051-220-4671,부산광역시 사하구청,2026-02-27
장림동203,1,부산광역시 사하구 장림시장5길 72,부산광역시 사하구 장림동 641-289,35.0805398,128.9670805,2021,전용주,051-220-4671,부산광역시 사하구청,2026-02-27
장림동204,1,부산광역시 사하구 장림시장5길 80,부산광역시 사하구 장림동 641-285,35.0804749499,128.967233,2021,전용주,051-220-4671,부산광역시 사하구청,2026-02-27
장림동205,1,부산광역시 사하구 장림시장5길 86,부산광역시 사하구 장림동 641-282,35.0804535,128.9673963,2021,전용주,051-220-4671,부산광역시 사하구청,2026-02-27
장림동206,1,부산광역시 사하구 장림시장5길 92,부산광역시 사하구 장림동 641-280,35.0803906704,128.9675379,2021,전용주,051-220-4671,부산광역시 사하구청,2026-02-27
장림동207,1,부산광역시 사하구 장림시장5길 98,부산광역시 사하구 장림동 640-7,35.0803671,128.9677231,2021,전용주,051-220-4671,부산광역시 사하구청,2026-02-27
장림동208,1,부산광역시 사하구 장림시장5길 108,부산광역시 사하구 장림동 640-3,35.0802846127,128.967930,2021,전용주,051-220-4671,부산광역시 사하구청,2026-02-27
장림동209,1,부산광역시 사하구 장림시장4길 99,부산광역시 사하구 장림동 641-197,35.0805513,128.9679139678,2021,건축물,051-220-4671,부산광역시 사하구청,2026-02-27
장림동210,1,부산광역시 사하구 장림시장4길 73,부산광역시 사하구 장림동 641-183,35.0807715,128.9671442469,2021,한전주,051-220-4671,부산광역시 사하구청,2026-02-27
장림동211,1,부산광역시 사하구 장림시장4길 67,부산광역시 사하구 장림동 641-181,35.0808381,128.9670218,2021,한전주,051-220-4671,부산광역시 사하구청,2026-02-27
장림동212,1,부산광역시 사하구 장림시장4길 58,부산광역시 사하구 장림동 641-224,35.0807923113,128.9667363,2021,한전주,051-220-4671,부산광역시 사하구청,2026-02-27
장림동213,1,부산광역시 사하구 장림시장4길 37,부산광역시 사하구 장림동 641-168,35.0810395,128.9662702,2021,건축물,051-220-4671,부산광역시 사하구청,2026-02-27
장림동214,1,부산광역시 사하구 장림시장4길 23,부산광역시 사하구 장림동 808-16,35.0811447,128.9658913097,2021,건축물,051-220-4671,부산광역시 사하구청,2026-02-27
장림동215,1,부산광역시 사하구 장림시장4길 12,부산광역시 사하구 장림동 808-26,35.081141,128.9655711,2021,건축물,051-220-4671,부산광역시 사하구청,2026-02-27
장림동216,1,부산광역시 사하구 장림시장4길 3,부산광역시 사하구 장림동 782-4,35.0812855628,128.9654544,2021,한전주,051-220-4671,부산광역시 사하구청,2026-02-27
장림동217,1,부산광역시 사하구 장림시장2길 59,부산광역시 사하구 장림동 641-64,35.0810575,128.9673889,2021,건축물,051-220-4671,부산광역시 사하구청,2026-02-27
장림동218,1,부산광역시 사하구 장림시장2길 51,부산광역시 사하구 장림동 641-61,35.0810790429,128.9672256,2021,한전주,051-220-4671,부산광역시 사하구청,2026-02-27
장림동219,1,부산광역시 사하구 장림시장2길 38,부산광역시 사하구 장림동 641-79,35.0810961951,128.9667944301,2021,한전주,051-220-4671,부산광역시 사하구청,2026-02-27
장림동220,1,부산광역시 사하구 장림시장2길 30,부산광역시 사하구 장림동 641-83,35.0811784,128.9665849881,2021,건축물,051-220-4671,부산광역시 사하구청,2026-02-27
장림동221,1,부산광역시 사하구 장림시장2길 18,부산광역시 사하구 장림동 641-89,35.0812554,128.9662973,2021,한전주,051-220-4671,부산광역시 사하구청,2026-02-27
장림동222,1,부산광역시 사하구 장림시장2길 10,부산광역시 사하구 장림동 641-93,35.0812939473,128.9660758415,2021,전용주,051-220-4671,부산광역시 사하구청,2026-02-27
장림동223,1,부산광역시 사하구 장림시장1길 7,부산광역시 사하구 장림동 641-7,35.0815357,128.9662383,2021,건축물,051-220-4671,부산광역시 사하구청,2026-02-27
장림동224,1,부산광역시 사하구 장림시장1길 24,부산광역시 사하구 장림동 641-28,35.0813315,128.9665947207,2021,한전주,051-220-4671,부산광역시 사하구청,2026-02-27
장림동225,1,부산광역시 사하구 장림시장1길 38,부산광역시 사하구 장림동 641-21,35.0812355,128.9669656,2021,건축물,051-220-4671,부산광역시 사하구청,2026-02-27
장림동226,1,부산광역시 사하구 장림시장1길 1,부산광역시 사하구 장림동 641-4,35.0815744,128.9660748,2021,건축물,051-220-4671,부산광역시 사하구청,2026-02-27
장림동227,1,부산광역시 사하구 장림번영로10-1,부산광역시 사하구 장림동 330-2,35.081695,128.9666399018,2021,한전주,051-220-4671,부산광역시 사하구청,2026-02-27
장림동228,1,부산광역시 사하구 장림번영로 10-5,부산광역시 사하구 장림동 330-15,35.0816881,128.9662858,2021,건축물,051-220-4671,부산광역시 사하구청,2026-02-27
장림동229,1,부산광역시 사하구 장림시장1길 1,부산광역시 사하구 장림동 641-4,35.0815744,128.9660748,2021,건축물,051-220-4671,부산광역시 사하구청,2026-02-27
장림동230,1,부산광역시 사하구 장림시장3길 1,부산광역시 사하구 장림동 782-14,35.0813545,128.9657406,2021,건축물,051-220-4671,부산광역시 사하구청,2026-02-27
장림동231,1,,부산광역시 사하구 장림동 808-1,35.0807133804,128.9653504164,2021,한전주,051-220-4671,부산광역시 사하구청,2026-02-27
장림동232,1,부산광역시 사하구 장림시장3길 16,부산광역시 사하구 장림동 641-160,35.0811215,128.9661240554,2021,건축물,051-220-4671,부산광역시 사하구청,2026-02-27
장림동233,1,부산광역시 사하구 장림시장3길 30,부산광역시 사하구 장림동 641-154,35.081045,128.9664896,2021,건축물,051-220-4671,부산광역시 사하구청,2026-02-27
장림동234,1,부산광역시 사하구 장림시장3길 37,부산광역시 사하구 장림동 641-111,35.0810489,128.9667210856,2021,건축물,051-220-4671,부산광역시 사하구청,2026-02-27
장림동235,1,부산광역시 사하구 장림시장3길 50,부산광역시 사하구 장림동 641-143,35.0808606125,128.9670799,2021,한전주,051-220-4671,부산광역시 사하구청,2026-02-27
장림동236,1,부산광역시 사하구 장림시장3길 66,부산광역시 사하구 장림동 641-135,35.0807406,128.9674799,2021,건축물,051-220-4671,부산광역시 사하구청,2026-02-27
장림동237,1,부산광역시 사하구 장림시장2길 64,부산광역시 사하구 장림동 641-66,35.0808972897,128.9675969,2021,건축물,051-220-4671,부산광역시 사하구청,2026-02-27
장림동238,1,부산광역시 사하구 장림시장3길 24,부산광역시 사하구 장림동 641-156,35.0810621934,128.966329443,2021,건축물,051-220-4671,부산광역시 사하구청,2026-02-27
장림동239,1,부산광역시 사하구 장림시장3길 24,부산광역시 사하구 장림동 641-156,35.0810621934,128.966329443,2021,건축물,051-220-4671,부산광역시 사하구청,2026-02-27
장림동240,1,부산광역시 사하구 하신중앙로22번길 27,부산광역시 사하구 장림동 1124,35.0820498,128.9656586,2021,건축물,051-220-4671,부산광역시 사하구청,2026-02-27
장림동241,1,부산광역시 사하구 하신중앙로22번길 27,부산광역시 사하구 장림동 1124,35.0820236675,128.965646282,2021,한전주,051-220-4671,부산광역시 사하구청,2026-02-27
장림동242,1,부산광역시 사하구 하신중앙로22번길 35,부산광역시 사하구 장림동 1119-3,35.0823240102,128.9659478487,2021,한전주,051-220-4671,부산광역시 사하구청,2026-02-27
장림동243,1,부산광역시 사하구 장림로156,부산광역시 사하구 장림동 1119-2,35.0824826954,128.9659542884,2021,한전주,051-220-4671,부산광역시 사하구청,2026-02-27
장림동244,1,부산광역시 사하구 장림번영로 6,부산광역시 사하구 장림동 328-16,35.0819880672,128.9664799,2021,한전주,051-220-4671,부산광역시 사하구청,2026-02-27
장림동245,1,부산광역시 사하구 장림번영로 6,부산광역시 사하구 장림동 328-16,35.0819880672,128.9664799,2021,한전주,051-220-4671,부산광역시 사하구청,2026-02-27
장림동246,1,부산광역시 사하구 장림로196번길 21,부산광역시 사하구 장림동 321-37,35.0816442,128.970659,2021,한전주,051-220-4671,부산광역시 사하구청,2026-02-27
장림동247,1,부산광역시 사하구 장림로196번길 21,부산광역시 사하구 장림동 321-37,35.0816442,128.970659,2021,건축물,051-220-4671,부산광역시 사하구청,2026-02-27
장림동248,1,부산광역시 사하구 장림로196번길 21,부산광역시 사하구 장림동 321-37,35.0816442,128.970659,2021,한전주,051-220-4671,부산광역시 사하구청,2026-02-27
장림동249,1,부산광역시 사하구 장림로196번길 21,부산광역시 사하구 장림동 321-37,35.0816442,128.970659,2021,건축물,051-220-4671,부산광역시 사하구청,2026-02-27
장림동250,1,부산광역시 사하구 장림로196번길 21,부산광역시 사하구 장림동 321-37,35.0816442,128.970659,2021,건축물,051-220-4671,부산광역시 사하구청,2026-02-27
장림동251,1,부산광역시 사하구 장림로196번길 19,부산광역시 사하구 장림동 321-3,35.0812849385,128.9716594,2021,건축물,051-220-4671,부산광역시 사하구청,2026-02-27
장림동252,1,부산광역시 사하구 장림로196번길 21,부산광역시 사하구 장림동 321-37,35.0816442,128.970659,2021,한전주,051-220-4671,부산광역시 사하구청,2026-02-27
장림동253,1,부산광역시 사하구 장림로196번길 11,부산광역시 사하구 장림동 321-16,35.0817422,128.9707271,2021,한전주,051-220-4671,부산광역시 사하구청,2026-02-27
장림동254,1,부산광역시 사하구 장림번영로 37,부산광역시 사하구 장림동 325-25,35.0808437,128.9694557,2021,한전주,051-220-4671,부산광역시 사하구청,2026-02-27
장림동255,1,부산광역시 사하구 장림번영로37번길 8-1,부산광역시 사하구 장림동 325-41,35.0810664,128.9694674717,2021,건축물,051-220-4671,부산광역시 사하구청,2026-02-27
장림동256,1,부산광역시 사하구 장림번영로37번길 13,부산광역시 사하구 장림동 325-46,35.0813232295,128.9691910142,2021,건축물,051-220-4671,부산광역시 사하구청,2026-02-27
장림동257,1,부산광역시 사하구 장림번영로37번길 16,부산광역시 사하구 장림동 325-51,35.081428,128.9695465,2021,한전주,051-220-4671,부산광역시 사하구청,2026-02-27
장림동258,1,부산광역시 사하구 장림번영로37번길 5,부산광역시 사하구 장림동 325-26,35.0810562,128.9691319,2021,한전주,051-220-4671,부산광역시 사하구청,2026-02-27
장림동259,1,부산광역시 사하구 장림로184번길 29,부산광역시 사하구 장림동 325-77,35.0812090012,128.9685853,2021,한전주,051-220-4671,부산광역시 사하구청,2026-02-27
장림동260,1,부산광역시 사하구 장림번영로 33,부산광역시 사하구 장림동 325-24,35.0808618,128.9688971,2021,건축물,051-220-4671,부산광역시 사하구청,2026-02-27
장림동261,1,부산광역시 사하구 장림로184번길 24,부산광역시 사하구 장림동 328-23,35.0815476274,128.9683363615,2021,건축물,051-220-4671,부산광역시 사하구청,2026-02-27
장림동262,1,부산광역시 사하구 장림로184번길 23,부산광역시 사하구 장림동 325-11,35.0814419,128.9686917,2021,건축물,051-220-4671,부산광역시 사하구청,2026-02-27
장림동263,1,부산광역시 사하구 장림로184번길 19,부산광역시 사하구 장림동 325-7,35.0814462,128.9689769,2021,한전주,051-220-4671,부산광역시 사하구청,2026-02-27
장림동264,1,부산광역시 사하구 장림번영로37번길 9-1,부산광역시 사하구 장림동 325-8,35.0811949,128.968916,2021,한전주,051-220-4671,부산광역시 사하구청,2026-02-27
장림동265,1,부산광역시 사하구 장림번영로37번길 7-4,부산광역시 사하구 장림동 325-98,35.0812924088,128.968864,2021,건축물,051-220-4671,부산광역시 사하구청,2026-02-27
장림동266,1,부산광역시 사하구 장림번영로37번길 7-1,부산광역시 사하구 장림동 325-81,35.0810329667,128.9687607,2021,건축물,051-220-4671,부산광역시 사하구청,2026-02-27
장림동267,1,부산광역시 사하구 장림번영로37번길 9,부산광역시 사하구 장림동 325-36,35.0812263,128.9691902769,2021,건축물,051-220-4671,부산광역시 사하구청,2026-02-27
장림동268,1,부산광역시 사하구 장림번영로37번길 15,부산광역시 사하구 장림동 325-52,35.0814447871,128.9692694713,2021,한전주,051-220-4671,부산광역시 사하구청,2026-02-27
장림동269,1,부산광역시 사하구 장림번영로37번길 5,부산광역시 사하구 장림동 325-26,35.081034836,128.9691141381,2021,한전주,051-220-4671,부산광역시 사하구청,2026-02-27
장림동270,1,부산광역시 사하구 장림로 162,부산광역시 사하구 장림동 780-4,35.0824128224,128.9668228637,2021,한전주,051-220-4671,부산광역시 사하구청,2026-02-27
장림동271,1,부산광역시 사하구 장평로190번길 38,부산광역시 사하구 장림동 194,35.0824660214,128.9744866,2021,한전주,051-220-4671,부산광역시 사하구청,2026-02-27
장림동272,1,부산광역시 사하구 장평로190번길 25,부산광역시 사하구 장림동 163-37,35.0828107086,128.9740849879,2021,한전주,051-220-4671,부산광역시 사하구청,2026-02-27
장림동273,1,부산광역시 사하구 장평로190번길 20,부산광역시 사하구 장림동 197-9,35.0827703,128.9739897592,2021,한전주,051-220-4671,부산광역시 사하구청,2026-02-27
장림동274,1,부산광역시 사하구 장평로190번길 10,부산광역시 사하구 장림동 197-1,35.0828971064,128.9731892,2021,한전주,051-220-4671,부산광역시 사하구청,2026-02-27
장림동275,1,부산광역시 사하구 장평로190번길 5,부산광역시 사하구 장림동 727-1,35.083155052,128.9731274288,2021,한전주,051-220-4671,부산광역시 사하구청,2026-02-27
장림동276,1,부산광역시 사하구 장평로195번길 12,부산광역시 사하구 장림동 1033-10,35.0838995138,128.9720402,2021,한전주,051-220-4671,부산광역시 사하구청,2026-02-27
장림동277,1,부산광역시 사하구 하신중앙로54번길 62,부산광역시 사하구 장림동 1033-5,35.0843667,128.9716938489,2021,한전주,051-220-4671,부산광역시 사하구청,2026-02-27
장림동278,1,부산광역시 사하구 하신중앙로54번길 62,부산광역시 사하구 장림동 1033-5,35.0843667,128.9716938489,2021,한전주,051-220-4671,부산광역시 사하구청,2026-02-27
장림동279,1,부산광역시 사하구 하신중앙로54번길 58,부산광역시 사하구 장림동 1033-4,35.0842799327,128.9712929,2021,한전주,051-220-4671,부산광역시 사하구청,2026-02-27
장림동280,1,,부산광역시 사하구 장림동 1033-13,35.0839189082,128.9716907047,2021,한전주,051-220-4671,부산광역시 사하구청,2026-02-27
장림동281,1,부산광역시 사하구 하신중앙로54번길 42-1,부산광역시 사하구 장림동 1033-46,35.0843485,128.96948987,2021,한전주,051-220-4671,부산광역시 사하구청,2026-02-27
장림동282,1,부산광역시 사하구 장평로195번길 68,부산광역시 사하구 장림동 1033-47,35.0841823703,128.9691417,2021,한전주,051-220-4671,부산광역시 사하구청,2026-02-27
장림동283,1,부산광역시 사하구 장평로195번길 76,부산광역시 사하구 장림동 1033-49,35.084071,128.9688316,2021,한전주,051-220-4671,부산광역시 사하구청,2026-02-27
장림동284,1,부산광역시 사하구 장림로161번길 18,부산광역시 사하구 장림동 1137-6,35.0836548,128.967824,2021,한전주,051-220-4671,부산광역시 사하구청,2026-02-27
장림동285,1,부산광역시 사하구 장림로161번길 20,부산광역시 사하구 장림동 1137,35.0840461,128.9674303673,2021,한전주,051-220-4671,부산광역시 사하구청,2026-02-27
장림동286,1,부산광역시 사하구 장림로161번길 20,부산광역시 사하구 장림동 1137,35.0840164536,128.9674303673,2021,한전주,051-220-4671,부산광역시 사하구청,2026-02-27
장림동287,1,부산광역시 사하구 장림로161번길 2,부산광역시 사하구 장림동 1140,35.0830752,128.9668892,2021,전용주,051-220-4671,부산광역시 사하구청,2026-02-27
장림동288,1,부산광역시 사하구 장림로161번길 15,부산광역시 사하구 장림동 1118-28,35.0833835079,128.9665901,2021,한전주,051-220-4671,부산광역시 사하구청,2026-02-27
장림동289,1,부산광역시 사하구 하신중앙로 44-9,부산광역시 사하구 장림동 1118-1,35.0833738,128.9662605,2021,한전주,051-220-4671,부산광역시 사하구청,2026-02-27
장림동290,1,부산광역시 사하구 하신중앙로 44-8,부산광역시 사하구 장림동 1118-5,35.083018541,128.966176656,2021,한전주,051-220-4671,부산광역시 사하구청,2026-02-27
장림동291,1,부산광역시 사하구 장림로 151,부산광역시 사하구 장림동 1118-10,35.0829955,128.9656923,2021,한전주,051-220-4671,부산광역시 사하구청,2026-02-27
장림동292,1,,부산광역시 사하구 장림동 1134,35.0812214395,128.9629773507,2021,한전주,051-220-4671,부산광역시 사하구청,2026-02-27
장림동293,1,,부산광역시 사하구 장림동 1134,35.0812214395,128.9629773507,2021,한전주,051-220-4671,부산광역시 사하구청,2026-02-27
장림동294,1,부산광역시 사하구 하신중앙로27번길 16-5,부산광역시 사하구 장림동 1144-3,35.0816472643,128.9622739045,2021,한전주,051-220-4671,부산광역시 사하구청,2026-02-27
장림동295,1,부산광역시 사하구 장림로 106,부산광역시 사하구 장림동 1144-1,35.081669196,128.9608015469,2021,한전주,051-220-4671,부산광역시 사하구청,2026-02-27
장림동296,1,부산광역시 사하구 장림로93번길 74,부산광역시 사하구 장림동 1092,35.0793068435,128.9516015418,2021,전용주,051-220-4671,부산광역시 사하구청,2026-02-27
장림동297,1,,부산광역시 사하구 장림동 1134,35.0812214395,128.9629773507,2021,한전주,051-220-4671,부산광역시 사하구청,2026-02-27
장림동298,1,부산광역시 사하구 하신중앙로17번길 12-4,부산광역시 사하구 장림동 1108-16,35.0810876,128.9632843099,2021,한전주,051-220-4671,부산광역시 사하구청,2026-02-27
장림동299,1,부산광역시 사하구 하신중앙로27번길 16,부산광역시 사하구 장림동 1108-9,35.0816815211,128.9630802884,2021,한전주,051-220-4671,부산광역시 사하구청,2026-02-27
장림동300,1,부산광역시 사하구 하신중앙로27번길 16,부산광역시 사하구 장림동 1108-9,35.0816815211,128.9630802884,2021,한전주,051-220-4671,부산광역시 사하구청,2026-02-27
장림동301,1,부산광역시 사하구 하신중앙로27번길 16,부산광역시 사하구 장림동 1108-9,35.0816815211,128.9630802884,2021,한전주,051-220-4671,부산광역시 사하구청,2026-02-27
장림동302,1,부산광역시 사하구 하신중앙로27번길 16,부산광역시 사하구 장림동 1108-9,35.0816815211,128.9630802884,2021,한전주,051-220-4671,부산광역시 사하구청,2026-02-27
장림동303,1,부산광역시 사하구 하신중앙로27번길 16,부산광역시 사하구 장림동 1108-9,35.0816815211,128.9630802884,2021,한전주,051-220-4671,부산광역시 사하구청,2026-02-27
장림동304,1,부산광역시 사하구 하신중앙로3번다길 3-6,부산광역시 사하구 장림동 961-3,35.0771771533,128.9605655,2021,한전주,051-220-4671,부산광역시 사하구청,2026-02-27
장림동305,1,부산광역시 사하구 장평로132번길 1,부산광역시 사하구 장림동 348-8,35.0779937647,128.9731479,2021,건축물,051-220-4671,부산광역시 사하구청,2026-02-27
장림동306,1,부산광역시 사하구 하신중앙로 3번길 34-7,부산광역시 사하구 장림동 837-1,35.0793366707,128.9618582129,2022,,051-220-4671,부산광역시 사하구청,2026-02-27
장림동307,1,부산광역시 사하구 보덕포1길 188,부산광역시 사하구 장림동 893,35.0703791593,128.9659384,2022,한전주,051-220-4671,부산광역시 사하구청,2026-02-27
장림동308,1,부산광역시 사하구 장림시장9길 105,부산광역시 사하구 장림동 640-95,35.0798941,128.9674377,2022,,051-220-4671,부산광역시 사하구청,2026-02-27
장림동309,1,부산광역시 사하구 장림로 80-3,부산광역시 사하구 장림동 989-20,35.0793273,128.9606945475,2024,한전주,051-220-4671,부산광역시 사하구청,2026-02-27
장림동310,1,부산광역시 사하구 장림로 76-9,부산광역시 사하구 장림동 989-39,35.0792796,128.9603082,2024,한전주,051-220-4671,부산광역시 사하구청,2026-02-27
장림동334,1,부산광역시 사하구 장림시장4길 87,부산광역시 사하구 장림동 641-191,35.0806847,128.9675882,2023,,051-220-4671,부산광역시 사하구청,2026-02-27
장림동335,1,부산광역시 사하구 보덕포1길 157,부산광역시 사하구 장림동 900-1,35.0708464198,128.9648044123,2024,한전주,051-220-4671,부산광역시 사하구청,2026-02-27
장림동340,1,부산광역시 사하구 장림로 200,부산광역시 사하구 장림동 321-15,35.0822375,128.970750,2024,,051-220-4671,부산광역시 사하구청,2026-02-27
장림동341,1,,부산광역시 사하구 장림동 1094,35.0796862285,128.9586984,2023,한전주,051-220-4671,부산광역시 사하구청,2026-02-27
장림동342,1,부산광역시 사하구 장림로 200,부산광역시 사하구 장림동 321-15,35.0822375,128.970750,2024,한전주,051-220-4671,부산광역시 사하구청,2026-02-27
장림동370,1,부산광역시 사하구 다산로226번길 35-5,부산광역시 사하구 장림동 산 145-1,35.0755877203,128.9554487214,2023,전용주,051-220-4671,부산광역시 사하구청,2026-02-27
장림동371,1,부산광역시 사하구 보덕포2길 36,부산광역시 사하구 장림동 915-4,35.0738869209,128.9581888613,2023,,051-220-4671,부산광역시 사하구청,2026-02-27
장림동372,1,부산광역시 사하구 보덕포2길 36,부산광역시 사하구 장림동 915-4,35.0738869209,128.9581888613,2023,,051-220-4671,부산광역시 사하구청,2026-02-27
장림동373,1,부산광역시 사하구 하신중앙로3번다길 3-8,부산광역시 사하구 장림동 961-1,35.0771692,128.9603989131,2023,,051-220-4671,부산광역시 사하구청,2026-02-27
장림동374,1,부산광역시 사하구 하신중앙로3번다길 3-8,부산광역시 사하구 장림동 961-1,35.0771692,128.9603989131,2023,,051-220-4671,부산광역시 사하구청,2026-02-27
장림동385,1,부산광역시 사하구 장림시장6길 74,부산광역시 사하구 장림동 641-346,35.0803855855,128.9669676,2024,,051-220-4671,부산광역시 사하구청,2026-02-27
괴정동 645-4,1,,부산광역시 사하구 괴정동 645-4,35.0938240622,128.9836990676,2024,,051-220-4671,부산광역시 사하구청,2026-02-27
괴정동 958-17,1,부산광역시 사하구 오작로3번길 15,부산광역시 사하구 괴정동 958-17,35.0980812315,128.994871,2021,한전주,051-220-4671,부산광역시 사하구청,2026-02-27
하단동001,1,부산광역시 사하구 제석로18번길 11-5,부산광역시 사하구 하단동 623-10,35.1037388,128.9719141,2021,한전주,051-220-4671,부산광역시 사하구청,2026-02-27
하단동002,1,부산광역시 사하구 제석로18번길 32,부산광역시 사하구 하단동 624-21,35.1030838816,128.9728199,2021,한전주,051-220-4671,부산광역시 사하구청,2026-02-27
하단동003,1,부산광역시 사하구 제석로12번길 34,부산광역시 사하구 하단동 624-18,35.1030617,128.97240666,2021,건축물,051-220-4671,부산광역시 사하구청,2026-02-27
하단동004,1,부산광역시 사하구 제석로12번길 24,부산광역시 사하구 하단동 10,35.1029365,128.9719277,2021,한전주,051-220-4671,부산광역시 사하구청,2026-02-27
하단동005,1,부산광역시 사하구 제석로12번길 17,부산광역시 사하구 하단동 28-1,35.1031309,128.9716144,2021,한전주,051-220-4671,부산광역시 사하구청,2026-02-27
하단동006,1,부산광역시 사하구 제석로12번길 11,부산광역시 사하구 하단동 25,35.1031551,128.9712312,2021,건축물,051-220-4671,부산광역시 사하구청,2026-02-27
하단동007,1,부산광역시 사하구 괴정로57번길 9-2,부산광역시 사하구 하단동 20-1,35.1029497,128.9711166,2021,건축물,051-220-4671,부산광역시 사하구청,2026-02-27
하단동008,1,부산광역시 사하구 제석로18번길 4-3,부산광역시 사하구 하단동 624-6,35.1033806874,128.9713359,2021,한전주,051-220-4671,부산광역시 사하구청,2026-02-27
하단동009,1,부산광역시 사하구 괴정로57번길 9-3,부산광역시 사하구 하단동 53,35.1030416,128.9709998476,2021,한전주,051-220-4671,부산광역시 사하구청,2026-02-27
하단동010,1,부산광역시 사하구 제석로18번길 4-1,부산광역시 사하구 하단동 624-8,35.1034856,128.9714146,2021,한전주,051-220-4671,부산광역시 사하구청,2026-02-27
하단동011,1,부산광역시 사하구 제석로18번길 8-2,부산광역시 사하구 하단동 42-5,35.1031971326,128.9714911925,2021,한전주,051-220-4671,부산광역시 사하구청,2026-02-27
하단동012,1,부산광역시 사하구 괴정로57번길 54,부산광역시 사하구 하단동 625-1,35.1028615,128.9732199,2021,한전주,051-220-4671,부산광역시 사하구청,2026-02-27
하단동013,1,부산광역시 사하구 낙동대로407번길 26-2,부산광역시 사하구 하단동 625-14,35.102351,128.9730212,2021,건축물,051-220-4671,부산광역시 사하구청,2026-02-27
하단동014,1,부산광역시 사하구 괴정로73번길 12-4,부산광역시 사하구 하단동 14-22,35.1022831,128.9727673,2021,건축물,051-220-4671,부산광역시 사하구청,2026-02-27
하단동015,1,부산광역시 사하구 괴정로73번길 12,부산광역시 사하구 하단동 14-17,35.1022871616,128.9724937,2021,건축물,051-220-4671,부산광역시 사하구청,2026-02-27
하단동016,1,부산광역시 사하구 괴정로73번길 6,부산광역시 사하구 하단동 14-15,35.102354,128.9722865,2021,건축물,051-220-4671,부산광역시 사하구청,2026-02-27
하단동017,1,부산광역시 사하구 괴정로71번길 6,부산광역시 사하구 하단동 19-6,35.102339,128.9720998,2021,한전주,051-220-4671,부산광역시 사하구청,2026-02-27
하단동018,1,부산광역시 사하구 괴정로71번길 8,부산광역시 사하구 하단동 11-12,35.1023890566,128.9721563,2021,건축물,051-220-4671,부산광역시 사하구청,2026-02-27
하단동019,1,부산광역시 사하구 괴정로 61,부산광역시 사하구 하단동 17-3,35.1025642,128.9709976,2021,건축물,051-220-4671,부산광역시 사하구청,2026-02-27
하단동020,1,부산광역시 사하구 괴정로57번길 10,부산광역시 사하구 하단동 20-4,35.1026755395,128.9709461,2021,한전주,051-220-4671,부산광역시 사하구청,2026-02-27
하단동021,1,부산광역시 사하구 괴정로57번길 3,부산광역시 사하구 하단동 63-5,35.1026861892,128.9704747,2021,전용주,051-220-4671,부산광역시 사하구청,2026-02-27
하단동022,1,부산광역시 사하구 제석로 6,부산광역시 사하구 하단동 62-4,35.1027895723,128.9704299711,2021,한전주,051-220-4671,부산광역시 사하구청,2026-02-27
하단동023,1,부산광역시 사하구 동매로 120,부산광역시 사하구 하단동 277-2,35.1012889287,128.9715377,2021,건축물,051-220-4671,부산광역시 사하구청,2026-02-27
하단동024,1,부산광역시 사하구 동매로104번길 5-4,부산광역시 사하구 하단동 306-13,35.1018842768,128.9697976,2021,한전주,051-220-4671,부산광역시 사하구청,2026-02-27
하단동025,1,부산광역시 사하구 동매로104번길 5-4,부산광역시 사하구 하단동 306-13,35.1018842768,128.9697976,2021,한전주,051-220-4671,부산광역시 사하구청,2026-02-27
하단동026,1,부산광역시 사하구 동매로104번길 5,부산광역시 사하구 하단동 306-1,35.1019681,128.9694152,2021,건축물,051-220-4671,부산광역시 사하구청,2026-02-27
하단동027,1,부산광역시 사하구 동매로104번길 15,부산광역시 사하구 하단동 311-7,35.1015664,128.9691753,2021,한전주,051-220-4671,부산광역시 사하구청,2026-02-27
하단동028,1,부산광역시 사하구 동매로104번길 18,부산광역시 사하구 하단동 311-1,35.1015352,128.9688785,2021,한전주,051-220-4671,부산광역시 사하구청,2026-02-27
하단동029,1,부산광역시 사하구 동매로104번길 14-4,부산광역시 사하구 하단동 312-7,35.101783058,128.9688849,2021,건축물,051-220-4671,부산광역시 사하구청,2026-02-27
하단동030,1,부산광역시 사하구 동매로104번길 8-2,부산광역시 사하구 하단동 248-2,35.1019898982,128.969142,2021,건축물,051-220-4671,부산광역시 사하구청,2026-02-27
하단동031,1,부산광역시 사하구 동매로 96-6,부산광역시 사하구 하단동 314,35.1019798,128.9686918,2021,건축물,051-220-4671,부산광역시 사하구청,2026-02-27
하단동032,1,부산광역시 사하구 동매로104번길 4,부산광역시 사하구 하단동 246-1,35.1020968,128.9692538,2021,한전주,051-220-4671,부산광역시 사하구청,2026-02-27
하단동033,1,부산광역시 사하구 동매로 100,부산광역시 사하구 하단동 244-3,35.1022557,128.9691097838,2021,한전주,051-220-4671,부산광역시 사하구청,2026-02-27
하단동034,1,부산광역시 사하구 동매로 96-3,부산광역시 사하구 하단동 246-4,35.1021213,128.9688596,2021,건축물,051-220-4671,부산광역시 사하구청,2026-02-27
하단동035,1,부산광역시 사하구 동매로 96,부산광역시 사하구 하단동 244-4,35.102263,128.9684573,2021,한전주,051-220-4671,부산광역시 사하구청,2026-02-27
하단동036,1,부산광역시 사하구 동매로 96,부산광역시 사하구 하단동 244-4,35.1022934,128.9684413498,2021,한전주,051-220-4671,부산광역시 사하구청,2026-02-27
하단동037,1,부산광역시 사하구 동매로92번길 1,부산광역시 사하구 하단동 324,35.1021289,128.9683883,2021,건축물,051-220-4671,부산광역시 사하구청,2026-02-27
하단동038,1,부산광역시 사하구 동매로92번길 4,부산광역시 사하구 하단동 336,35.1021694,128.9680989907,2021,건축물,051-220-4671,부산광역시 사하구청,2026-02-27
하단동039,1,부산광역시 사하구 동매로92번길 8,부산광역시 사하구 하단동 351-2,35.101937,128.9679999,2021,한전주,051-220-4671,부산광역시 사하구청,2026-02-27
하단동040,1,부산광역시 사하구 동매로92번길 10-5,부산광역시 사하구 하단동 351-7,35.1018259,128.9676244,2021,건축물,051-220-4671,부산광역시 사하구청,2026-02-27
하단동041,1,부산광역시 사하구 동매로92번길 10,부산광역시 사하구 하단동 351-4,35.101777558,128.9680186,2021,한전주,051-220-4671,부산광역시 사하구청,2026-02-27
하단동042,1,부산광역시 사하구 동매로92번길 14-2,부산광역시 사하구 하단동 351-10,35.1016429,128.9677954,2021,한전주,051-220-4671,부산광역시 사하구청,2026-02-27
하단동043,1,부산광역시 사하구 동매로92번길 16,부산광역시 사하구 하단동 351-13,35.1015847,128.9680463,2021,한전주,051-220-4671,부산광역시 사하구청,2026-02-27
하단동044,1,부산광역시 사하구 동매로92번길 21,부산광역시 사하구 하단동 320-2,35.1013288,128.9682704,2021,한전주,051-220-4671,부산광역시 사하구청,2026-02-27
하단동045,1,부산광역시 사하구 동매로92번길 21-1,부산광역시 사하구 하단동 320-15,35.1013629,128.9683918,2021,건축물,051-220-4671,부산광역시 사하구청,2026-02-27
하단동046,1,부산광역시 사하구 동매로92번길 33,부산광역시 사하구 하단동 352-18,35.1014782621,128.9674785756,2021,건축물,051-220-4671,부산광역시 사하구청,2026-02-27
하단동047,1,부산광역시 사하구 동매로92번길 39,부산광역시 사하구 하단동 352-15,35.1015995253,128.9671976983,2021,한전주,051-220-4671,부산광역시 사하구청,2026-02-27
하단동048,1,부산광역시 사하구 동매로66번길 31,부산광역시 사하구 하단동 381-15,35.1020516122,128.9664226481,2021,한전주,051-220-4671,부산광역시 사하구청,2026-02-27
하단동049,1,부산광역시 사하구 동매로66번길 34,부산광역시 사하구 하단동 381-31,35.1019486,128.9661689,2021,한전주,051-220-4671,부산광역시 사하구청,2026-02-27
하단동050,1,부산광역시 사하구 동매로66번길 26,부산광역시 사하구 하단동 381-10,35.1021816,128.9662513,2021,한전주,051-220-4671,부산광역시 사하구청,2026-02-27
하단동051,1,부산광역시 사하구 동매로 74,부산광역시 사하구 하단동 610-7,35.1024853165,128.966197193,2021,건축물,051-220-4671,부산광역시 사하구청,2026-02-27
하단동052,1,부산광역시 사하구 동매로 74,부산광역시 사하구 하단동 610-7,35.1024853165,128.966197193,2021,건축물,051-220-4671,부산광역시 사하구청,2026-02-27
하단동053,1,부산광역시 사하구 동매로 82,부산광역시 사하구 하단동 360-1,35.1022211,128.9671514,2021,한전주,051-220-4671,부산광역시 사하구청,2026-02-27
하단동054,1,부산광역시 사하구 동매로 82-5,부산광역시 사하구 하단동 610-24,35.1021827107,128.9668879,2021,한전주,051-220-4671,부산광역시 사하구청,2026-02-27
하단동055,1,부산광역시 사하구 동매로 88,부산광역시 사하구 하단동 339-3,35.1023291,128.9677132,2021,한전주,051-220-4671,부산광역시 사하구청,2026-02-27
하단동056,1,부산광역시 사하구 동매로 90,부산광역시 사하구 하단동 337-2,35.1022880531,128.967954,2021,한전주,051-220-4671,부산광역시 사하구청,2026-02-27
하단동057,1,부산광역시 사하구 동매로66번길 19,부산광역시 사하구 하단동 610-20,35.1024646,128.9660278,2021,한전주,051-220-4671,부산광역시 사하구청,2026-02-27
하단동058,1,부산광역시 사하구 동매로66번길 16,부산광역시 사하구 하단동 381-5,35.1023334,128.9657834,2021,한전주,051-220-4671,부산광역시 사하구청,2026-02-27
하단동059,1,부산광역시 사하구 동매로66번길 7,부산광역시 사하구 하단동 610-15,35.1024995538,128.9655246,2021,한전주,051-220-4671,부산광역시 사하구청,2026-02-27
하단동060,1,부산광역시 사하구 동매로66번길 6,부산광역시 사하구 하단동 609-42,35.1025304,128.9652981374,2021,전용주,051-220-4671,부산광역시 사하구청,2026-02-27
하단동061,1,부산광역시 사하구 동매로50번길 24-7,부산광역시 사하구 하단동 609-50,35.1025277,128.9648943104,2021,전용주,051-220-4671,부산광역시 사하구청,2026-02-27
하단동062,1,부산광역시 사하구 동매로66번길 2,부산광역시 사하구 하단동 609-39,35.1027554,128.965322,2021,한전주,051-220-4671,부산광역시 사하구청,2026-02-27
하단동063,1,부산광역시 사하구 동매로50번길 30,부산광역시 사하구 하단동 609-34,35.1027618,128.9649274,2021,한전주,051-220-4671,부산광역시 사하구청,2026-02-27
하단동064,1,부산광역시 사하구 동매로 60,부산광역시 사하구 하단동 609-23,35.1029904,128.9647245,2021,건축물,051-220-4671,부산광역시 사하구청,2026-02-27
하단동065,1,부산광역시 사하구 동매로50번길 24-2,부산광역시 사하구 하단동 609-30,35.1026527,128.9644313,2021,건축물,051-220-4671,부산광역시 사하구청,2026-02-27
하단동066,1,부산광역시 사하구 동매로50번길 24-3,부산광역시 사하구 하단동 609-46,35.1025852078,128.9645946,2021,건축물,051-220-4671,부산광역시 사하구청,2026-02-27
하단동067,1,부산광역시 사하구 동매로50번길 24-6,부산광역시 사하구 하단동 609-49,35.1025915792,128.9649129,2021,건축물,051-220-4671,부산광역시 사하구청,2026-02-27
하단동068,1,부산광역시 사하구 동매로50번길 24-7,부산광역시 사하구 하단동 609-50,35.1025277,128.9648943104,2021,건축물,051-220-4671,부산광역시 사하구청,2026-02-27
하단동069,1,부산광역시 사하구 동매로 58,부산광역시 사하구 하단동 609-21,35.103075,128.9644949196,2021,건축물,051-220-4671,부산광역시 사하구청,2026-02-27
하단동070,1,부산광역시 사하구 동매로50번길 20-8,부산광역시 사하구 하단동 552-2,35.1027956,128.9639522,2021,한전주,051-220-4671,부산광역시 사하구청,2026-02-27
하단동071,1,부산광역시 사하구 동매로50번길 20-13,부산광역시 사하구 하단동 557-1,35.1025598,128.9640453,2021,건축물,051-220-4671,부산광역시 사하구청,2026-02-27
하단동072,1,부산광역시 사하구 동매로50번길 20-8,부산광역시 사하구 하단동 552-2,35.1027956,128.9639522,2021,전용주,051-220-4671,부산광역시 사하구청,2026-02-27
하단동073,1,부산광역시 사하구 동매로44번길 18,부산광역시 사하구 하단동 566,35.1026966,128.9633906,2021,한전주,051-220-4671,부산광역시 사하구청,2026-02-27
하단동074,1,부산광역시 사하구 동매로44번길 16,부산광역시 사하구 하단동 566-1,35.102761,128.9632877548,2021,건축물,051-220-4671,부산광역시 사하구청,2026-02-27
하단동075,1,부산광역시 사하구 동매로44번길 5,부산광역시 사하구 하단동 607-17,35.1031487,128.9632918,2021,전용주,051-220-4671,부산광역시 사하구청,2026-02-27
하단동076,1,부산광역시 사하구 동매로50번길 2-1,부산광역시 사하구 하단동 607-19,35.1032263,128.9635129,2021,건축물,051-220-4671,부산광역시 사하구청,2026-02-27
하단동077,1,부산광역시 사하구 동매로50번길 4-1,부산광역시 사하구 하단동 607-40,35.1030366,128.9635413,2021,건축물,051-220-4671,부산광역시 사하구청,2026-02-27
하단동078,1,부산광역시 사하구 동매로50번길 6-8,부산광역시 사하구 하단동 549,35.1028804,128.963724,2021,건축물,051-220-4671,부산광역시 사하구청,2026-02-27
하단동079,1,부산광역시 사하구 동매로50번길 8,부산광역시 사하구 하단동 609-11,35.1030493,128.9638706,2021,건축물,051-220-4671,부산광역시 사하구청,2026-02-27
하단동080,1,부산광역시 사하구 동매로50번길 12,부산광역시 사하구 하단동 609-15,35.102965,128.9640659,2021,건축물,051-220-4671,부산광역시 사하구청,2026-02-27
하단동081,1,부산광역시 사하구 동매로 53-3,부산광역시 사하구 하단동 608-60,35.1035314,128.9641453,2021,건축물,051-220-4671,부산광역시 사하구청,2026-02-27
하단동082,1,부산광역시 사하구 동매로 53-3,부산광역시 사하구 하단동 608-60,35.1035314,128.9641453,2021,건축물,051-220-4671,부산광역시 사하구청,2026-02-27
하단동083,1,부산광역시 사하구 하신중앙로 306-4,부산광역시 사하구 하단동 608-47,35.103751,128.964093533,2021,건축물,051-220-4671,부산광역시 사하구청,2026-02-27
하단동084,1,부산광역시 사하구 괴정로 2-6,부산광역시 사하구 하단동 608-59,35.1038965,128.9644173,2021,건축물,051-220-4671,부산광역시 사하구청,2026-02-27
하단동085,1,부산광역시 사하구 괴정로 2,부산광역시 사하구 하단동 608-55,35.1041468,128.9645439,2021,한전주,051-220-4671,부산광역시 사하구청,2026-02-27
하단동086,1,부산광역시 사하구 괴정로 10,부산광역시 사하구 하단동 608-17,35.1038267,128.9653915,2021,한전주,051-220-4671,부산광역시 사하구청,2026-02-27
하단동087,1,부산광역시 사하구 동매로57번길 18,부산광역시 사하구 하단동 608-38,35.1037476,128.965269,2021,건축물,051-220-4671,부산광역시 사하구청,2026-02-27
하단동088,1,부산광역시 사하구 동매로57번길 10,부산광역시 사하구 하단동 608-34,35.103590513,128.9649917,2021,건축물,051-220-4671,부산광역시 사하구청,2026-02-27
하단동089,1,부산광역시 사하구 동매로57번길 8,부산광역시 사하구 하단동 608-33,35.1035914,128.9648924,2021,건축물,051-220-4671,부산광역시 사하구청,2026-02-27
하단동090,1,부산광역시 사하구 동매로57번길 7-1,부산광역시 사하구 하단동 608-76,35.1035245,128.9645728,2021,건축물,051-220-4671,부산광역시 사하구청,2026-02-27
하단동091,1,부산광역시 사하구 동매로 59,부산광역시 사하구 하단동 608-31,35.1033493,128.9648208,2021,건축물,051-220-4671,부산광역시 사하구청,2026-02-27
하단동092,1,부산광역시 사하구 동매로 67,부산광역시 사하구 하단동 611-53,35.1030463,128.9657237,2021,한전주,051-220-4671,부산광역시 사하구청,2026-02-27
하단동093,1,부산광역시 사하구 동매로65번길 3,부산광역시 사하구 하단동 608-41,35.1031838779,128.9653986,2021,건축물,051-220-4671,부산광역시 사하구청,2026-02-27
하단동094,1,부산광역시 사하구 동매로65번길 10,부산광역시 사하구 하단동 611-2,35.1034531,128.9656458,2021,한전주,051-220-4671,부산광역시 사하구청,2026-02-27
하단동095,1,부산광역시 사하구 괴정로 16-1,부산광역시 사하구 하단동 611-5,35.1035080844,128.9658854365,2021,건축물,051-220-4671,부산광역시 사하구청,2026-02-27
하단동096,1,부산광역시 사하구 괴정로 16-3,부산광역시 사하구 하단동 611-5,35.1033510403,128.965800078,2021,건축물,051-220-4671,부산광역시 사하구청,2026-02-27
하단동097,1,부산광역시 사하구 괴정로 16-9,부산광역시 사하구 하단동 611-5,35.1033496236,128.9661762849,2021,건축물,051-220-4671,부산광역시 사하구청,2026-02-27
하단동098,1,부산광역시 사하구 동매로 69-5,부산광역시 사하구 하단동 611-37,35.1031946,128.9660234,2021,건축물,051-220-4671,부산광역시 사하구청,2026-02-27
하단동099,1,부산광역시 사하구 괴정로 20,부산광역시 사하구 하단동 611-11,35.1033892821,128.9664672,2021,건축물,051-220-4671,부산광역시 사하구청,2026-02-27
하단동100,1,부산광역시 사하구 괴정로 22-2,부산광역시 사하구 하단동 611-21,35.1032668,128.9665734,2021,건축물,051-220-4671,부산광역시 사하구청,2026-02-27
하단동1001,1,부산광역시 사하구 낙동남로1347번길 1,부산광역시 사하구 하단동 888-20,35.1066506,128.9590659,2021,한전주,051-220-4671,부산광역시 사하구청,2026-02-27
하단동1002,1,부산광역시 사하구 낙동남로1347번길 11,부산광역시 사하구 하단동 888-23,35.1070734,128.9590967494,2021,한전주,051-220-4671,부산광역시 사하구청,2026-02-27
하단동1003,1,부산광역시 사하구 낙동남로1347번길 21,부산광역시 사하구 하단동 888-25,35.1075325,128.9591419,2021,한전주,051-220-4671,부산광역시 사하구청,2026-02-27
하단동1004,1,부산광역시 사하구 낙동남로1347번길 25,부산광역시 사하구 하단동 888-2,35.1076932247,128.959190,2021,한전주,051-220-4671,부산광역시 사하구청,2026-02-27
하단동1005,1,부산광역시 사하구 낙동남로1347번길 36,부산광역시 사하구 하단동 870-336,35.1081755,128.9594981376,2021,전용주,051-220-4671,부산광역시 사하구청,2026-02-27
하단동1006,1,부산광역시 사하구 낙동남로1347번길 46,부산광역시 사하구 하단동 870-22,35.1085446,128.959528,2021,한전주,051-220-4671,부산광역시 사하구청,2026-02-27
하단동1007,1,부산광역시 사하구 낙동남로1353번길 45,부산광역시 사하구 하단동 870-63,35.1086225,128.9597272,2021,한전주,051-220-4671,부산광역시 사하구청,2026-02-27
하단동1008,1,부산광역시 사하구 낙동남로1353번길 37,부산광역시 사하구 하단동 870-64,35.1082899238,128.9596868,2021,한전주,051-220-4671,부산광역시 사하구청,2026-02-27
하단동1009,1,부산광역시 사하구 낙동남로1353번길 31,부산광역시 사하구 하단동 870-67,35.1079751,128.959635,2021,한전주,051-220-4671,부산광역시 사하구청,2026-02-27
하단동101,1,부산광역시 사하구 괴정로 28,부산광역시 사하구 하단동 403-1,35.1030286,128.9673682,2021,한전주,051-220-4671,부산광역시 사하구청,2026-02-27
하단동1010,1,부산광역시 사하구 낙동남로1353번길 25,부산광역시 사하구 하단동 889-2,35.1076878267,128.9596287,2021,한전주,051-220-4671,부산광역시 사하구청,2026-02-27
하단동1011,1,부산광역시 사하구 낙동남로1353번길 17,부산광역시 사하구 하단동 889-3,35.1073721,128.9595877,2021,한전주,051-220-4671,부산광역시 사하구청,2026-02-27
하단동1012,1,부산광역시 사하구 낙동남로1353번길 13,부산광역시 사하구 하단동 889-19,35.1071563,128.9595606,2021,한전주,051-220-4671,부산광역시 사하구청,2026-02-27
하단동1013,1,부산광역시 사하구 낙동남로1353번길 7,부산광역시 사하구 하단동 889-6,35.1069401,128.9595554,2021,한전주,051-220-4671,부산광역시 사하구청,2026-02-27
하단동1014,1,부산광역시 사하구 낙동남로 1351,부산광역시 사하구 하단동 889-7,35.1065803,128.9595139,2021,한전주,051-220-4671,부산광역시 사하구청,2026-02-27
하단동1015,1,부산광역시 사하구 낙동남로1357번길 2,부산광역시 사하구 하단동 870-86,35.1066396,128.9602913297,2021,전용주,051-220-4671,부산광역시 사하구청,2026-02-27
하단동1016,1,부산광역시 사하구 낙동남로1357번길 12,부산광역시 사하구 하단동 870-253,35.1071259,128.9603275,2021,한전주,051-220-4671,부산광역시 사하구청,2026-02-27
하단동1017,1,부산광역시 사하구 낙동남로1357번길 22,부산광역시 사하구 하단동 870-339,35.107495,128.9603473,2021,한전주,051-220-4671,부산광역시 사하구청,2026-02-27
하단동1018,1,부산광역시 사하구 낙동남로1357번길 28,부산광역시 사하구 하단동 870-132,35.1078417,128.9605100427,2021,한전주,051-220-4671,부산광역시 사하구청,2026-02-27
하단동1019,1,부산광역시 사하구 낙동남로1357번길 41,부산광역시 사하구 하단동 870-225,35.1084264,128.9601503,2021,한전주,051-220-4671,부산광역시 사하구청,2026-02-27
하단동102,1,부산광역시 사하구 동매로81번길 9-1,부산광역시 사하구 하단동 611-27,35.1030806348,128.9668216,2021,건축물,051-220-4671,부산광역시 사하구청,2026-02-27
하단동1020,1,부산광역시 사하구 하신번영로300번길 33-6,부산광역시 사하구 하단동 520-13,35.1082582,128.9610784,2021,한전주,051-220-4671,부산광역시 사하구청,2026-02-27
하단동1021,1,부산광역시 사하구 하신번영로300번길 33-2,부산광역시 사하구 하단동 520-27,35.1079791,128.9610607,2021,한전주,051-220-4671,부산광역시 사하구청,2026-02-27
하단동1022,1,부산광역시 사하구 낙동남로1361번길 21,부산광역시 사하구 하단동 870-243,35.1075461,128.9605349,2021,한전주,051-220-4671,부산광역시 사하구청,2026-02-27
하단동1023,1,부산광역시 사하구 낙동남로1361번길 17,부산광역시 사하구 하단동 870-81,35.1072401,128.9604954371,2021,한전주,051-220-4671,부산광역시 사하구청,2026-02-27
하단동1024,1,부산광역시 사하구 낙동남로1361번길 9,부산광역시 사하구 하단동 870-84,35.1070082038,128.9604781852,2021,한전주,051-220-4671,부산광역시 사하구청,2026-02-27
하단동1025,1,부산광역시 사하구 낙동남로1361번길 5,부산광역시 사하구 하단동 870-248,35.106862,128.9604857,2021,한전주,051-220-4671,부산광역시 사하구청,2026-02-27
하단동1026,1,부산광역시 사하구 낙동남로1361번길 3,부산광역시 사하구 하단동 870-249,35.1067811,128.9604728,2021,한전주,051-220-4671,부산광역시 사하구청,2026-02-27
하단동1027,1,부산광역시 사하구 낙동남로1367번길 12,부산광역시 사하구 하단동 522-4,35.1070369,128.9613672,2021,건축물,051-220-4671,부산광역시 사하구청,2026-02-27
하단동1028,1,부산광역시 사하구 하신번영로380번길 127,부산광역시 사하구 하단동 503-29,35.1088701,128.9605776,2021,건축물,051-220-4671,부산광역시 사하구청,2026-02-27
하단동1029,1,부산광역시 사하구 하신번영로380번길 119,부산광역시 사하구 하단동 503-51,35.1092841,128.9605931181,2021,건축물,051-220-4671,부산광역시 사하구청,2026-02-27
하단동103,1,부산광역시 사하구 동매로81번길 6,부산광역시 사하구 하단동 401-1,35.1028333,128.967188,2021,한전주,051-220-4671,부산광역시 사하구청,2026-02-27
하단동1030,1,부산광역시 사하구 하신번영로320번길 15,부산광역시 사하구 하단동 502-37,35.1095555,128.9599908,2021,한전주,051-220-4671,부산광역시 사하구청,2026-02-27
하단동1031,1,부산광역시 사하구 하신번영로320번길 6,부산광역시 사하구 하단동 885-2,35.1092317,128.9593909,2021,한전주,051-220-4671,부산광역시 사하구청,2026-02-27
하단동1032,1,부산광역시 사하구 하신번영로328번길 14,부산광역시 사하구 하단동 502-27,35.1100049628,128.9599679,2021,한전주,051-220-4671,부산광역시 사하구청,2026-02-27
하단동1033,1,부산광역시 사하구 하신번영로328번길 10,부산광역시 사하구 하단동 502-11,35.1100736,128.9597181,2021,한전주,051-220-4671,부산광역시 사하구청,2026-02-27
하단동1034,1,부산광역시 사하구 하신번영로328번길 8,부산광역시 사하구 하단동 502-10,35.110081482,128.9596201,2021,한전주,051-220-4671,부산광역시 사하구청,2026-02-27
하단동1035,1,부산광역시 사하구 하신번영로328번길 3,부산광역시 사하구 하단동 502-23,35.1102746,128.9595474,2021,한전주,051-220-4671,부산광역시 사하구청,2026-02-27
하단동1036,1,부산광역시 사하구 하신번영로 328,부산광역시 사하구 하단동 502-7,35.1101714,128.9592379,2021,건축물,051-220-4671,부산광역시 사하구청,2026-02-27
하단동1037,1,부산광역시 사하구 하신번영로328번길 34,부산광역시 사하구 하단동 786-33,35.1097987969,128.9609920472,2021,한전주,051-220-4671,부산광역시 사하구청,2026-02-27
하단동1038,1,부산광역시 사하구 하신번영로328번길 26,부산광역시 사하구 하단동 503-6,35.1096694,128.9607503,2021,한전주,051-220-4671,부산광역시 사하구청,2026-02-27
하단동1039,1,부산광역시 사하구 하신번영로328번길 41,부산광역시 사하구 하단동 503-39,35.1103836,128.9611622,2021,건축물,051-220-4671,부산광역시 사하구청,2026-02-27
하단동104,1,부산광역시 사하구 동매로81번길 2,부산광역시 사하구 하단동 401-4,35.1026264,128.9671611,2021,한전주,051-220-4671,부산광역시 사하구청,2026-02-27
하단동1040,1,부산광역시 사하구 하신번영로328번길 33,부산광역시 사하구 하단동 503-43,35.1100947882,128.9609255,2021,한전주,051-220-4671,부산광역시 사하구청,2026-02-27
하단동1041,1,부산광역시 사하구 낙동대로519번길 69,부산광역시 사하구 하단동 503-34,35.1105199242,128.9615267471,2021,건축물,051-220-4671,부산광역시 사하구청,2026-02-27
하단동1042,1,부산광역시 사하구 낙동대로519번길 67,부산광역시 사하구 하단동 503-34,35.110395013,128.9614919,2021,한전주,051-220-4671,부산광역시 사하구청,2026-02-27
하단동1043,1,부산광역시 사하구 하신번영로312번길 45,부산광역시 사하구 하단동 588-112,35.1086991,128.9616811,2021,전용주,051-220-4671,부산광역시 사하구청,2026-02-27
하단동1044,1,부산광역시 사하구 하신번영로312번길 47,부산광역시 사하구 하단동 588-110,35.1086876,128.9618344,2021,한전주,051-220-4671,부산광역시 사하구청,2026-02-27
하단동1045,1,부산광역시 사하구 하신번영로312번길 45-7,부산광역시 사하구 하단동 786-38,35.1091249,128.9615378,2021,건축물,051-220-4671,부산광역시 사하구청,2026-02-27
하단동1046,1,부산광역시 사하구 하신번영로312번길 45-4,부산광역시 사하구 하단동 786-44,35.1089605,128.9616764,2021,한전주,051-220-4671,부산광역시 사하구청,2026-02-27
하단동1047,1,부산광역시 사하구 하신번영로312번길 55-10,부산광역시 사하구 하단동 786-49,35.1089375,128.9619829,2021,한전주,051-220-4671,부산광역시 사하구청,2026-02-27
하단동1048,1,부산광역시 사하구 하신번영로312번길 55-4,부산광역시 사하구 하단동 786-52,35.1089327,128.9622789,2021,한전주,051-220-4671,부산광역시 사하구청,2026-02-27
하단동1049,1,부산광역시 사하구 하신번영로312번길 55-2,부산광역시 사하구 하단동 786-53,35.1087963,128.9623524,2021,한전주,051-220-4671,부산광역시 사하구청,2026-02-27
하단동105,1,부산광역시 사하구 괴정로 47,부산광역시 사하구 하단동 93-1,35.1027588,128.9695548,2021,전용주,051-220-4671,부산광역시 사하구청,2026-02-27
하단동1050,1,부산광역시 사하구 하신번영로312번길 51,부산광역시 사하구 하단동 588-128,35.1087820392,128.9620126,2021,건축물,051-220-4671,부산광역시 사하구청,2026-02-27
하단동1051,1,부산광역시 사하구 낙동남로1373번길 40,부산광역시 사하구 하단동 518-2,35.1082864,128.9621209,2021,건축물,051-220-4671,부산광역시 사하구청,2026-02-27
하단동1052,1,부산광역시 사하구 낙동남로1373번길 34,부산광역시 사하구 하단동 518-4,35.1080437,128.9620822,2021,한전주,051-220-4671,부산광역시 사하구청,2026-02-27
하단동1053,1,부산광역시 사하구 하신번영로312번길 66,부산광역시 사하구 하단동 518-6,35.108078616,128.9623577,2021,한전주,051-220-4671,부산광역시 사하구청,2026-02-27
하단동1054,1,부산광역시 사하구 하신번영로312번길 68,부산광역시 사하구 하단동 518-7,35.1080824,128.9624779,2021,한전주,051-220-4671,부산광역시 사하구청,2026-02-27
하단동1055,1,부산광역시 사하구 하신번영로312번길 73,부산광역시 사하구 하단동 786-27,35.1081870224,128.9628867,2021,건축물,051-220-4671,부산광역시 사하구청,2026-02-27
하단동1056,1,부산광역시 사하구 하신번영로312번길 77,부산광역시 사하구 하단동 588-151,35.1080661,128.9629271,2021,한전주,051-220-4671,부산광역시 사하구청,2026-02-27
하단동1057,1,부산광역시 사하구 하신번영로312번길 79-4,부산광역시 사하구 하단동 588-139,35.108042,128.9632994,2021,건축물,051-220-4671,부산광역시 사하구청,2026-02-27
하단동1058,1,부산광역시 사하구 하신번영로312번길 79,부산광역시 사하구 하단동 588-107,35.1079564,128.9630232,2021,한전주,051-220-4671,부산광역시 사하구청,2026-02-27
하단동1059,1,부산광역시 사하구 낙동남로1389번길 13-1,부산광역시 사하구 하단동 517-15,35.1072546,128.9634936817,2021,건축물,051-220-4671,부산광역시 사하구청,2026-02-27
하단동106,1,부산광역시 사하구 괴정로43번길 10,부산광역시 사하구 하단동 116-1,35.1032938734,128.9694876388,2021,한전주,051-220-4671,부산광역시 사하구청,2026-02-27
하단동1060,1,부산광역시 사하구 낙동남로1389번길 13-7,부산광역시 사하구 하단동 517-14,35.1072228,128.9632469,2021,한전주,051-220-4671,부산광역시 사하구청,2026-02-27
하단동1061,1,부산광역시 사하구 낙동남로 1375-3,부산광역시 사하구 하단동 524-22,35.1066868581,128.9620721,2021,한전주,051-220-4671,부산광역시 사하구청,2026-02-27
하단동1062,1,부산광역시 사하구 낙동남로 1381,부산광역시 사하구 하단동 524-53,35.1064879339,128.9629227,2021,건축물,051-220-4671,부산광역시 사하구청,2026-02-27
하단동1064,1,부산광역시 사하구 낙동남로 1373,부산광역시 사하구 하단동 524-18,35.106622,128.9619494,2021,건축물,051-220-4671,부산광역시 사하구청,2026-02-27
하단동1065,1,부산광역시 사하구 낙동남로 1373,부산광역시 사하구 하단동 524-18,35.106622,128.9619494,2021,건축물,051-220-4671,부산광역시 사하구청,2026-02-27
하단동1066,1,부산광역시 사하구 낙동남로1373번길 9,부산광역시 사하구 하단동 522-14,35.1069967,128.9616294,2021,한전주,051-220-4671,부산광역시 사하구청,2026-02-27
하단동1067,1,부산광역시 사하구 낙동남로1389번길 13-15,부산광역시 사하구 하단동 517-50,35.1072737,128.9628862,2021,건축물,051-220-4671,부산광역시 사하구청,2026-02-27
하단동1068,1,부산광역시 사하구 낙동남로1373번길 18-6,부산광역시 사하구 하단동 517-23,35.1072513131,128.9625472,2021,건축물,051-220-4671,부산광역시 사하구청,2026-02-27
하단동1069,1,부산광역시 사하구 낙동남로1373번길 18-2,부산광역시 사하구 하단동 517-4,35.1072462,128.9623591,2021,건축물,051-220-4671,부산광역시 사하구청,2026-02-27
하단동107,1,부산광역시 사하구 제석로 11,부산광역시 사하구 하단동 79,35.1034914,128.9704896201,2021,건축물,051-220-4671,부산광역시 사하구청,2026-02-27
하단동1070,1,부산광역시 사하구 낙동남로1373번길 18,부산광역시 사하구 하단동 517-17,35.1073852,128.9621212,2021,한전주,051-220-4671,부산광역시 사하구청,2026-02-27
하단동1071,1,부산광역시 사하구 낙동남로1373번길 18-2,부산광역시 사하구 하단동 517-4,35.1072462,128.9623591,2021,한전주,051-220-4671,부산광역시 사하구청,2026-02-27
하단동1072,1,부산광역시 사하구 낙동남로1373번길 10-9,부산광역시 사하구 하단동 517-57,35.107078,128.962728,2021,한전주,051-220-4671,부산광역시 사하구청,2026-02-27
하단동1073,1,부산광역시 사하구 낙동남로1389번길 9-5,부산광역시 사하구 하단동 524-6,35.1067875857,128.9630725,2021,한전주,051-220-4671,부산광역시 사하구청,2026-02-27
하단동1074,1,부산광역시 사하구 하신번영로300번길 92-5,부산광역시 사하구 하단동 515-19,35.1074003845,128.9642251,2021,한전주,051-220-4671,부산광역시 사하구청,2026-02-27
하단동1075,1,부산광역시 사하구 낙동남로1389번길 10-2,부산광역시 사하구 하단동 525-9,35.1068495,128.9640385,2021,한전주,051-220-4671,부산광역시 사하구청,2026-02-27
하단동1076,1,부산광역시 사하구 하신번영로300번길 100-10,부산광역시 사하구 하단동 515-20,35.1072924785,128.9644224,2021,한전주,051-220-4671,부산광역시 사하구청,2026-02-27
하단동1077,1,부산광역시 사하구 낙동남로1405번길 17-6,부산광역시 사하구 하단동 514-3,35.1074927,128.9649422,2021,한전주,051-220-4671,부산광역시 사하구청,2026-02-27
하단동1078,1,부산광역시 사하구 하신번영로300번길 100,부산광역시 사하구 하단동 515-12,35.1077906,128.9643571,2021,한전주,051-220-4671,부산광역시 사하구청,2026-02-27
하단동1079,1,부산광역시 사하구 낙동남로1405번길 29-2,부산광역시 사하구 하단동 514-32,35.1078545,128.9648631,2021,한전주,051-220-4671,부산광역시 사하구청,2026-02-27
하단동108,1,부산광역시 사하구 제석로17번길 7,부산광역시 사하구 하단동 620-7,35.1037899385,128.9706329,2021,한전주,051-220-4671,부산광역시 사하구청,2026-02-27
하단동1080,1,부산광역시 사하구 낙동남로1423번길 39-1,부산광역시 사하구 하단동 512-32,35.1079816,128.9659189,2021,한전주,051-220-4671,부산광역시 사하구청,2026-02-27
하단동1081,1,부산광역시 사하구 낙동남로1423번길 75,부산광역시 사하구 하단동 504-32,35.1095609,128.9652221,2021,전용주,051-220-4671,부산광역시 사하구청,2026-02-27
하단동1082,1,부산광역시 사하구 낙동남로1423번길 77-2,부산광역시 사하구 하단동 504-10,35.1096900307,128.9650392,2021,건축물,051-220-4671,부산광역시 사하구청,2026-02-27
하단동1083,1,부산광역시 사하구 낙동남로1423번길 77-7,부산광역시 사하구 하단동 776-11,35.1095746,128.9647543422,2021,한전주,051-220-4671,부산광역시 사하구청,2026-02-27
하단동1084,1,부산광역시 사하구 낙동남로1423번길 86-3,부산광역시 사하구 하단동 505-19,35.1101798,128.9653845245,2021,건축물,051-220-4671,부산광역시 사하구청,2026-02-27
하단동1085,1,부산광역시 사하구 낙동대로519번길 2-2,부산광역시 사하구 하단동 498-15,35.1106836321,128.9650961,2021,한전주,051-220-4671,부산광역시 사하구청,2026-02-27
하단동1086,1,부산광역시 사하구 낙동대로519번길 29-9,부산광역시 사하구 하단동 504-28,35.1101425,128.9643697,2021,건축물,051-220-4671,부산광역시 사하구청,2026-02-27
하단동1087,1,부산광역시 사하구 낙동남로1423번길 87-6,부산광역시 사하구 하단동 504-21,35.1100494,128.9645539,2021,한전주,051-220-4671,부산광역시 사하구청,2026-02-27
하단동1088,1,부산광역시 사하구 낙동남로1423번길 87-7,부산광역시 사하구 하단동 780-2,35.1096979,128.9645564,2021,한전주,051-220-4671,부산광역시 사하구청,2026-02-27
하단동1089,1,부산광역시 사하구 낙동남로1423번길 87-16,부산광역시 사하구 하단동 786-77,35.1095446,128.963990205,2021,한전주,051-220-4671,부산광역시 사하구청,2026-02-27
하단동109,1,부산광역시 사하구 낙동대로451번길 20,부산광역시 사하구 하단동 144-4,35.1041996,128.9696224,2021,건축물,051-220-4671,부산광역시 사하구청,2026-02-27
하단동1090,1,부산광역시 사하구 낙동남로1423번길 87-21,부산광역시 사하구 하단동 784-5,35.1098814696,128.9640950036,2021,건축물,051-220-4671,부산광역시 사하구청,2026-02-27
하단동1091,1,부산광역시 사하구 낙동대로519번길 29-5,부산광역시 사하구 하단동 504-16,35.1101986182,128.9641521,2021,한전주,051-220-4671,부산광역시 사하구청,2026-02-27
하단동1092,1,부산광역시 사하구 낙동대로519번길 29-4,부산광역시 사하구 하단동 785-3,35.1101862,128.9638991,2021,한전주,051-220-4671,부산광역시 사하구청,2026-02-27
하단동1093,1,부산광역시 사하구 낙동대로519번길 29-2,부산광역시 사하구 하단동 786-75,35.1097856647,128.963923,2021,한전주,051-220-4671,부산광역시 사하구청,2026-02-27
하단동1094,1,부산광역시 사하구 낙동대로519번길 29-2,부산광역시 사하구 하단동 786-75,35.1097856647,128.963923,2021,한전주,051-220-4671,부산광역시 사하구청,2026-02-27
하단동1095,1,부산광역시 사하구 낙동대로563번안길 64,부산광역시 사하구 하단동 500-88,35.1107933,128.9636944,2021,한전주,051-220-4671,부산광역시 사하구청,2026-02-27
하단동1096,1,부산광역시 사하구 낙동대로563번안길 60,부산광역시 사하구 하단동 500-6,35.1109847,128.9635564,2021,한전주,051-220-4671,부산광역시 사하구청,2026-02-27
하단동1097,1,부산광역시 사하구 낙동대로535번길 21,부산광역시 사하구 하단동 500-5,35.1110944427,128.9634827,2021,한전주,051-220-4671,부산광역시 사하구청,2026-02-27
하단동1098,1,부산광역시 사하구 낙동남로1423번길 119,부산광역시 사하구 하단동 499-20,35.1111483,128.9640319,2021,건축물,051-220-4671,부산광역시 사하구청,2026-02-27
하단동1099,1,부산광역시 사하구 낙동남로1423번길 109,부산광역시 사하구 하단동 499-9,35.1109543,128.9643233,2021,건축물,051-220-4671,부산광역시 사하구청,2026-02-27
하단동110,1,부산광역시 사하구 낙동대로451번길 18,부산광역시 사하구 하단동 145-3,35.1042468,128.9694919,2021,건축물,051-220-4671,부산광역시 사하구청,2026-02-27
하단동1100,1,부산광역시 사하구 낙동대로535번길 25,부산광역시 사하구 하단동 500-43,35.1111356,128.9631433,2021,한전주,051-220-4671,부산광역시 사하구청,2026-02-27
하단동1101,1,부산광역시 사하구 낙동대로535번길 25,부산광역시 사하구 하단동 500-43,35.1111356,128.9631433,2021,한전주,051-220-4671,부산광역시 사하구청,2026-02-27
하단동1102,1,부산광역시 사하구 낙동대로535번길 33,부산광역시 사하구 하단동 500-29,35.1111692,128.9627383,2021,한전주,051-220-4671,부산광역시 사하구청,2026-02-27
하단동1103,1,부산광역시 사하구 낙동대로535번길 31-4,부산광역시 사하구 하단동 500-33,35.1109624,128.9626995312,2021,한전주,051-220-4671,부산광역시 사하구청,2026-02-27
하단동1104,1,부산광역시 사하구 낙동대로519번길 50,부산광역시 사하구 하단동 500-40,35.1106557,128.962726,2021,건축물,051-220-4671,부산광역시 사하구청,2026-02-27
하단동1105,1,부산광역시 사하구 낙동대로519번길 44,부산광역시 사하구 하단동 500-76,35.1106317,128.9630983,2021,건축물,051-220-4671,부산광역시 사하구청,2026-02-27
하단동1106,1,부산광역시 사하구 낙동대로519번길 54,부산광역시 사하구 하단동 500-39,35.1106586,128.9625506,2021,한전주,051-220-4671,부산광역시 사하구청,2026-02-27
하단동1107,1,부산광역시 사하구 낙동대로535번길 39-3,부산광역시 사하구 하단동 500-32,35.1109645,128.9625799,2021,전용주,051-220-4671,부산광역시 사하구청,2026-02-27
하단동1108,1,부산광역시 사하구 낙동대로535번길 37,부산광역시 사하구 하단동 500-28,35.1111897,128.9625853,2021,건축물,051-220-4671,부산광역시 사하구청,2026-02-27
하단동1109,1,부산광역시 사하구 낙동대로535번길 37,부산광역시 사하구 하단동 500-28,35.1111897,128.9625853,2021,한전주,051-220-4671,부산광역시 사하구청,2026-02-27
하단동111,1,부산광역시 사하구 괴정로43번길 26,부산광역시 사하구 하단동 155-17,35.1038851274,128.9696812,2021,건축물,051-220-4671,부산광역시 사하구청,2026-02-27
하단동1110,1,부산광역시 사하구 낙동대로535번길 34,부산광역시 사하구 하단동 487-5,35.1114206,128.9627992,2021,한전주,051-220-4671,부산광역시 사하구청,2026-02-27
하단동1111,1,부산광역시 사하구 낙동대로535번길 34,부산광역시 사하구 하단동 487-5,35.1114206,128.9627992,2021,한전주,051-220-4671,부산광역시 사하구청,2026-02-27
하단동1112,1,부산광역시 사하구 낙동대로535번길 28,부산광역시 사하구 하단동 487-6,35.1114836028,128.9629877,2021,건축물,051-220-4671,부산광역시 사하구청,2026-02-27
하단동1113,1,부산광역시 사하구 낙동대로563번안길 41,부산광역시 사하구 하단동 489-41,35.1117639,128.9632897191,2021,한전주,051-220-4671,부산광역시 사하구청,2026-02-27
하단동1114,1,부산광역시 사하구 낙동대로563번안길 47,부산광역시 사하구 하단동 489-4,35.1115728,128.963417,2021,한전주,051-220-4671,부산광역시 사하구청,2026-02-27
하단동1115,1,부산광역시 사하구 낙동대로535번길 36,부산광역시 사하구 하단동 487-33,35.111342,128.9626437,2021,건축물,051-220-4671,부산광역시 사하구청,2026-02-27
하단동1116,1,부산광역시 사하구 낙동대로535번길 42,부산광역시 사하구 하단동 487-4,35.111455,128.9623394,2021,한전주,051-220-4671,부산광역시 사하구청,2026-02-27
하단동1117,1,부산광역시 사하구 낙동대로535번길 45,부산광역시 사하구 하단동 500-3,35.1111903295,128.9620595,2021,건축물,051-220-4671,부산광역시 사하구청,2026-02-27
하단동1118,1,부산광역시 사하구 낙동대로535번길 45-6,부산광역시 사하구 하단동 500-63,35.1108770557,128.962019,2021,건축물,051-220-4671,부산광역시 사하구청,2026-02-27
하단동1119,1,부산광역시 사하구 낙동대로519번길 66,부산광역시 사하구 하단동 500-66,35.1106962,128.9618935,2021,건축물,051-220-4671,부산광역시 사하구청,2026-02-27
하단동112,1,부산광역시 사하구 낙동대로451번길 28,부산광역시 사하구 하단동 155-2,35.1038456,128.9697784,2021,건축물,051-220-4671,부산광역시 사하구청,2026-02-27
하단동1120,1,부산광역시 사하구 낙동대로535번길 53,부산광역시 사하구 하단동 500-10,35.1111794511,128.9616644,2021,한전주,051-220-4671,부산광역시 사하구청,2026-02-27
하단동1121,1,부산광역시 사하구 낙동대로535번길 49,부산광역시 사하구 하단동 500-91,35.1111969411,128.9617911595,2021,건축물,051-220-4671,부산광역시 사하구청,2026-02-27
하단동1122,1,부산광역시 사하구 낙동대로535번길 47,부산광역시 사하구 하단동 500-11,35.1111908938,128.9619277,2021,한전주,051-220-4671,부산광역시 사하구청,2026-02-27
하단동1123,1,부산광역시 사하구 낙동대로535번길 48-2,부산광역시 사하구 하단동 487-55,35.1115391,128.9621549,2021,건축물,051-220-4671,부산광역시 사하구청,2026-02-27
하단동1124,1,부산광역시 사하구 낙동대로575번길 57,부산광역시 사하구 하단동 487-39,35.1118585,128.9619104,2021,건축물,051-220-4671,부산광역시 사하구청,2026-02-27
하단동1125,1,부산광역시 사하구 낙동대로575번길 57-5,부산광역시 사하구 하단동 487-43,35.1118514,128.9623489,2021,건축물,051-220-4671,부산광역시 사하구청,2026-02-27
하단동1126,1,부산광역시 사하구 낙동대로575번길 53-4,부산광역시 사하구 하단동 487-48,35.1119946381,128.962287,2021,한전주,051-220-4671,부산광역시 사하구청,2026-02-27
하단동1127,1,부산광역시 사하구 낙동대로575번길 53-1,부산광역시 사하구 하단동 487-51,35.1120289,128.9619583,2021,한전주,051-220-4671,부산광역시 사하구청,2026-02-27
하단동1128,1,부산광역시 사하구 낙동대로575번길 51,부산광역시 사하구 하단동 487-2,35.1120328,128.9617171,2021,한전주,051-220-4671,부산광역시 사하구청,2026-02-27
하단동1129,1,부산광역시 사하구 낙동대로575번길 30,부산광역시 사하구 하단동 479,35.1136326,128.9614264,2021,한전주,051-220-4671,부산광역시 사하구청,2026-02-27
하단동113,1,부산광역시 사하구 괴정로43번길 18,부산광역시 사하구 하단동 156-11,35.1036605,128.9695217,2021,전용주,051-220-4671,부산광역시 사하구청,2026-02-27
하단동1130,1,부산광역시 사하구 낙동대로575번길 30,부산광역시 사하구 하단동 479,35.1136326,128.9614264,2021,한전주,051-220-4671,부산광역시 사하구청,2026-02-27
하단동1131,1,부산광역시 사하구 낙동대로575번길 30,부산광역시 사하구 하단동 479,35.1136326,128.9614264,2021,한전주,051-220-4671,부산광역시 사하구청,2026-02-27
하단동1132,1,부산광역시 사하구 낙동대로563번길 38,부산광역시 사하구 하단동 870-37,35.1138411,128.9607953,2021,한전주,051-220-4671,부산광역시 사하구청,2026-02-27
하단동1133,1,부산광역시 사하구 낙동대로563번길 38,부산광역시 사하구 하단동 870-37,35.1138411,128.9607953,2021,건축물,051-220-4671,부산광역시 사하구청,2026-02-27
하단동1134,1,부산광역시 사하구 낙동대로575번길 30,부산광역시 사하구 하단동 479,35.1136066495,128.961411012,2021,전용주,051-220-4671,부산광역시 사하구청,2026-02-27
하단동1135,1,부산광역시 사하구 낙동대로575번길 30,부산광역시 사하구 하단동 479,35.1136066495,128.961411012,2021,전용주,051-220-4671,부산광역시 사하구청,2026-02-27
하단동1136,1,부산광역시 사하구 하신번영로 378,부산광역시 사하구 하단동 474,35.1145489,128.9610536,2021,전용주,051-220-4671,부산광역시 사하구청,2026-02-27
하단동1137,1,부산광역시 사하구 낙동대로563번길 12,부산광역시 사하구 하단동 476-6,35.113782,128.9622197,2021,한전주,051-220-4671,부산광역시 사하구청,2026-02-27
하단동1138,1,부산광역시 사하구 낙동대로563번길 10,부산광역시 사하구 하단동 476-7,35.1137711,128.962340,2021,한전주,051-220-4671,부산광역시 사하구청,2026-02-27
하단동1139,1,부산광역시 사하구 낙동대로563번길 9,부산광역시 사하구 하단동 478-3,35.1135765095,128.9621705433,2021,건축물,051-220-4671,부산광역시 사하구청,2026-02-27
하단동114,1,부산광역시 사하구 괴정로43번길 22,부산광역시 사하구 하단동 156-2,35.1037759,128.9696341,2021,한전주,051-220-4671,부산광역시 사하구청,2026-02-27
하단동1140,1,부산광역시 사하구 낙동대로 553-3,부산광역시 사하구 하단동 477-4,35.112897,128.9634487,2021,한전주,051-220-4671,부산광역시 사하구청,2026-02-27
하단동1141,1,부산광역시 사하구 낙동대로 553-3,부산광역시 사하구 하단동 477-4,35.112897,128.9634487,2021,한전주,051-220-4671,부산광역시 사하구청,2026-02-27
하단동1142,1,부산광역시 사하구 낙동대로 553-3,부산광역시 사하구 하단동 477-4,35.112897,128.9634487,2021,건축물,051-220-4671,부산광역시 사하구청,2026-02-27
하단동1143,1,부산광역시 사하구 낙동대로 553-3,부산광역시 사하구 하단동 477-4,35.112897,128.9634487,2021,건축물,051-220-4671,부산광역시 사하구청,2026-02-27
하단동1144,1,부산광역시 사하구 낙동대로 553-3,부산광역시 사하구 하단동 477-4,35.112897,128.9634487,2021,한전주,051-220-4671,부산광역시 사하구청,2026-02-27
하단동1145,1,부산광역시 사하구 낙동대로 553-3,부산광역시 사하구 하단동 477-4,35.112897,128.9634487,2021,한전주,051-220-4671,부산광역시 사하구청,2026-02-27
하단동1146,1,부산광역시 사하구 낙동대로 553-3,부산광역시 사하구 하단동 477-4,35.112897,128.9634487,2021,한전주,051-220-4671,부산광역시 사하구청,2026-02-27
하단동1147,1,부산광역시 사하구 낙동대로 553,부산광역시 사하구 하단동 477-7,35.1130471,128.9636387,2021,건축물,051-220-4671,부산광역시 사하구청,2026-02-27
하단동1148,1,부산광역시 사하구 낙동대로563번안길 27,부산광역시 사하구 하단동 489-19,35.1123194,128.9629413,2021,한전주,051-220-4671,부산광역시 사하구청,2026-02-27
하단동1149,1,부산광역시 사하구 낙동대로563번안길 31,부산광역시 사하구 하단동 489-21,35.1121465,128.9630469,2021,한전주,051-220-4671,부산광역시 사하구청,2026-02-27
하단동115,1,부산광역시 사하구 괴정로43번길 19,부산광역시 사하구 하단동 156-3,35.1037619,128.9693816,2021,한전주,051-220-4671,부산광역시 사하구청,2026-02-27
하단동1150,1,부산광역시 사하구 낙동대로563번안길 36,부산광역시 사하구 하단동 487-14,35.1118588,128.9629995933,2021,건축물,051-220-4671,부산광역시 사하구청,2026-02-27
하단동1151,1,부산광역시 사하구 낙동대로563번안길 36-7,부산광역시 사하구 하단동 487-23,35.1117949576,128.9625932619,2021,한전주,051-220-4671,부산광역시 사하구청,2026-02-27
하단동1152,1,부산광역시 사하구 낙동대로563번안길 40-5,부산광역시 사하구 하단동 487-13,35.1116401,128.962596,2021,한전주,051-220-4671,부산광역시 사하구청,2026-02-27
하단동1153,1,부산광역시 사하구 낙동대로563번안길 35-4,부산광역시 사하구 하단동 489-48,35.112050,128.9634394,2021,한전주,051-220-4671,부산광역시 사하구청,2026-02-27
하단동1154,1,부산광역시 사하구 낙동대로563번안길 36,부산광역시 사하구 하단동 487-14,35.1118588,128.9629995933,2021,건축물,051-220-4671,부산광역시 사하구청,2026-02-27
하단동1155,1,부산광역시 사하구 낙동남로1423번길 130,부산광역시 사하구 하단동 490-11,35.1118605,128.9640161,2021,한전주,051-220-4671,부산광역시 사하구청,2026-02-27
하단동1156,1,부산광역시 사하구 낙동남로1423번길 133-1,부산광역시 사하구 하단동 489-51,35.1117676,128.963630,2021,한전주,051-220-4671,부산광역시 사하구청,2026-02-27
하단동1157,1,부산광역시 사하구 낙동대로549번길 1-2,부산광역시 사하구 하단동 490-32,35.1124677,128.9637906783,2021,건축물,051-220-4671,부산광역시 사하구청,2026-02-27
하단동1158,1,부산광역시 사하구 낙동대로 537,부산광역시 사하구 하단동 490-8,35.1119629,128.9643695,2021,건축물,051-220-4671,부산광역시 사하구청,2026-02-27
하단동1159,1,부산광역시 사하구 낙동대로549번길 11,부산광역시 사하구 하단동 489-28,35.1123926842,128.9631959865,2021,건축물,051-220-4671,부산광역시 사하구청,2026-02-27
하단동116,1,부산광역시 사하구 괴정로15번길 54,부산광역시 사하구 하단동 113-15,35.1035677,128.9691357,2021,건축물,051-220-4671,부산광역시 사하구청,2026-02-27
하단동1160,1,부산광역시 사하구 낙동대로535번길 70,부산광역시 사하구 하단동 484-33,35.1114435,128.9608257,2021,한전주,051-220-4671,부산광역시 사하구청,2026-02-27
하단동1161,1,부산광역시 사하구 낙동대로535번길 60,부산광역시 사하구 하단동 485-4,35.1113986,128.9613729,2021,건축물,051-220-4671,부산광역시 사하구청,2026-02-27
하단동1162,1,부산광역시 사하구 낙동대로535번길 72-1,부산광역시 사하구 하단동 484-30,35.1115454,128.9606526,2021,건축물,051-220-4671,부산광역시 사하구청,2026-02-27
하단동1163,1,부산광역시 사하구 낙동대로535번길 78,부산광역시 사하구 하단동 484-37,35.1114696,128.9603218,2021,한전주,051-220-4671,부산광역시 사하구청,2026-02-27
하단동1164,1,부산광역시 사하구 낙동대로535번길 84,부산광역시 사하구 하단동 484-24,35.1114751,128.959982,2021,한전주,051-220-4671,부산광역시 사하구청,2026-02-27
하단동1165,1,부산광역시 사하구 낙동대로535번길 88,부산광역시 사하구 하단동 484-16,35.1114868,128.9598177,2021,한전주,051-220-4671,부산광역시 사하구청,2026-02-27
하단동1166,1,부산광역시 사하구 하신번영로380번길 70,부산광역시 사하구 하단동 484-34,35.1115426,128.960828,2021,한전주,051-220-4671,부산광역시 사하구청,2026-02-27
하단동1167,1,부산광역시 사하구 하신번영로350번길 16,부산광역시 사하구 하단동 484-10,35.1118934,128.9608693,2021,건축물,051-220-4671,부산광역시 사하구청,2026-02-27
하단동1168,1,부산광역시 사하구 하신번영로350번길 10,부산광역시 사하구 하단동 484-5,35.1118475,128.9603637,2021,한전주,051-220-4671,부산광역시 사하구청,2026-02-27
하단동1169,1,부산광역시 사하구 하신번영로350번길 7,부산광역시 사하구 하단동 870-55,35.1121827187,128.9603285,2021,건축물,051-220-4671,부산광역시 사하구청,2026-02-27
하단동117,1,부산광역시 사하구 괴정로 41,부산광역시 사하구 하단동 116-7,35.1034938,128.9692435,2021,건축물,051-220-4671,부산광역시 사하구청,2026-02-27
하단동1170,1,부산광역시 사하구 하신번영로350번길 4,부산광역시 사하구 하단동 484-19,35.1119672,128.9601873618,2021,한전주,051-220-4671,부산광역시 사하구청,2026-02-27
하단동1171,1,부산광역시 사하구 낙동대로549번길 57,부산광역시 사하구 하단동 870-49,35.1125653,128.9605564,2021,건축물,051-220-4671,부산광역시 사하구청,2026-02-27
하단동1172,1,부산광역시 사하구 하신번영로 356,부산광역시 사하구 하단동 870-207,35.1127525,128.9601222,2021,한전주,051-220-4671,부산광역시 사하구청,2026-02-27
하단동1173,1,부산광역시 사하구 낙동대로549번길 57,부산광역시 사하구 하단동 870-49,35.1125653,128.9605564,2021,건축물,051-220-4671,부산광역시 사하구청,2026-02-27
하단동1174,1,부산광역시 사하구 낙동대로549번길 60,부산광역시 사하구 하단동 870-146,35.1127273,128.9605713,2021,한전주,051-220-4671,부산광역시 사하구청,2026-02-27
하단동1175,1,부산광역시 사하구 낙동대로549번길 62-8,부산광역시 사하구 하단동 870-135,35.1130954,128.9606568,2021,건축물,051-220-4671,부산광역시 사하구청,2026-02-27
하단동1176,1,부산광역시 사하구 낙동대로549번길 56-7,부산광역시 사하구 하단동 870-136,35.1130929,128.9607993029,2021,한전주,051-220-4671,부산광역시 사하구청,2026-02-27
하단동1177,1,부산광역시 사하구 낙동대로549번길 54,부산광역시 사하구 하단동 870-154,35.1126971552,128.9609221,2021,한전주,051-220-4671,부산광역시 사하구청,2026-02-27
하단동1178,1,부산광역시 사하구 하신번영로380번길 36,부산광역시 사하구 하단동 870-137,35.1130547,128.960941,2021,한전주,051-220-4671,부산광역시 사하구청,2026-02-27
하단동1179,1,부산광역시 사하구 하신번영로380번길 30,부산광역시 사하구 하단동 480-3,35.1133513,128.960992,2021,한전주,051-220-4671,부산광역시 사하구청,2026-02-27
하단동118,1,부산광역시 사하구 괴정로 41,부산광역시 사하구 하단동 116-7,35.1034938,128.9692435,2021,건축물,051-220-4671,부산광역시 사하구청,2026-02-27
하단동1180,1,부산광역시 사하구 하신번영로 364,부산광역시 사하구 하단동 870-39,35.1133959032,128.9603793,2021,건축물,051-220-4671,부산광역시 사하구청,2026-02-27
하단동1181,1,부산광역시 사하구 하신번영로 381-5,부산광역시 사하구 하단동 1159-2,35.1153584,128.960031,2021,건축물,051-220-4671,부산광역시 사하구청,2026-02-27
하단동1182,1,부산광역시 사하구 하신번영로 381-5,부산광역시 사하구 하단동 1159-2,35.1153584,128.960031,2021,건축물,051-220-4671,부산광역시 사하구청,2026-02-27
하단동1183,1,부산광역시 사하구 하신번영로 389,부산광역시 사하구 하단동 1159-1,35.115693942,128.9601274,2021,건축물,051-220-4671,부산광역시 사하구청,2026-02-27
하단동1184,1,부산광역시 사하구 하신번영로 389,부산광역시 사하구 하단동 1159-1,35.115693942,128.9601274,2021,한전주,051-220-4671,부산광역시 사하구청,2026-02-27
하단동1185,1,부산광역시 사하구 하신번영로 397,부산광역시 사하구 하단동 1157-15,35.1163335,128.9599228,2021,건축물,051-220-4671,부산광역시 사하구청,2026-02-27
하단동1186,1,부산광역시 사하구 낙동대로 640,부산광역시 사하구 하단동 844-4,35.1211613,128.963976,2021,한전주,051-220-4671,부산광역시 사하구청,2026-02-27
하단동1187,1,부산광역시 사하구 하신번영로 397,부산광역시 사하구 하단동 1157-15,35.1163335,128.9599228,2021,한전주,051-220-4671,부산광역시 사하구청,2026-02-27
하단동1188,1,부산광역시 사하구 하신번영로 395,부산광역시 사하구 하단동 1158,35.1161969313,128.9603697,2021,한전주,051-220-4671,부산광역시 사하구청,2026-02-27
하단동1189,1,부산광역시 사하구 하신번영로 389-2,부산광역시 사하구 하단동 1159-4,35.1155471,128.9600685,2021,한전주,051-220-4671,부산광역시 사하구청,2026-02-27
하단동119,1,부산광역시 사하구 괴정로37번길 2-1,부산광역시 사하구 하단동 113-20,35.1032914,128.9689426,2021,건축물,051-220-4671,부산광역시 사하구청,2026-02-27
하단동1190,1,부산광역시 사하구 하신번영로 381-5,부산광역시 사하구 하단동 1159-2,35.1153584,128.960031,2021,한전주,051-220-4671,부산광역시 사하구청,2026-02-27
하단동1191,1,부산광역시 사하구 하신번영로 381-2,부산광역시 사하구 하단동 1159-6,35.1151512,128.9600261,2021,한전주,051-220-4671,부산광역시 사하구청,2026-02-27
하단동1192,1,부산광역시 사하구 낙동대로550번길 11,부산광역시 사하구 하단동 833,35.1133731,128.9646555,2021,건축물,051-220-4671,부산광역시 사하구청,2026-02-27
하단동1193,1,부산광역시 사하구 낙동대로550번길 16-3,부산광역시 사하구 하단동 492-42,35.1129638,128.9654463,2021,건축물,051-220-4671,부산광역시 사하구청,2026-02-27
하단동1194,1,부산광역시 사하구 낙동대로550번길 16-2,부산광역시 사하구 하단동 492-33,35.1129548886,128.965022467,2021,한전주,051-220-4671,부산광역시 사하구청,2026-02-27
하단동1195,1,부산광역시 사하구 낙동대로536번길 9-11,부산광역시 사하구 하단동 492-7,35.1126871866,128.9650673,2021,전용주,051-220-4671,부산광역시 사하구청,2026-02-27
하단동1196,1,부산광역시 사하구 낙동대로536번길 9-10,부산광역시 사하구 하단동 492-37,35.1126944,128.965385,2021,한전주,051-220-4671,부산광역시 사하구청,2026-02-27
하단동1197,1,부산광역시 사하구 낙동대로536번길 9-4,부산광역시 사하구 하단동 492-47,35.1124755,128.9655443,2021,한전주,051-220-4671,부산광역시 사하구청,2026-02-27
하단동1198,1,부산광역시 사하구 낙동대로536번길 9,부산광역시 사하구 하단동 492-31,35.1121900257,128.9655599,2021,한전주,051-220-4671,부산광역시 사하구청,2026-02-27
하단동1199,1,부산광역시 사하구 낙동대로536번길 6,부산광역시 사하구 하단동 497-10,35.1118734,128.9654421,2021,한전주,051-220-4671,부산광역시 사하구청,2026-02-27
하단동120,1,부산광역시 사하구 괴정로37번길 3-3,부산광역시 사하구 하단동 113-7,35.1033825128,128.9683202,2021,건축물,051-220-4671,부산광역시 사하구청,2026-02-27
하단동1200,1,부산광역시 사하구 낙동대로536번길 2,부산광역시 사하구 하단동 497-32,35.1118766285,128.9653222,2021,한전주,051-220-4671,부산광역시 사하구청,2026-02-27
하단동1201,1,부산광역시 사하구 낙동대로536번길 13,부산광역시 사하구 하단동 492-41,35.1123275,128.965782,2021,한전주,051-220-4671,부산광역시 사하구청,2026-02-27
하단동1202,1,부산광역시 사하구 낙동대로516번길 56,부산광역시 사하구 하단동 494-1,35.113483637,128.9661933113,2021,건축물,051-220-4671,부산광역시 사하구청,2026-02-27
하단동1203,1,부산광역시 사하구 낙동대로516번길 48,부산광역시 사하구 하단동 494-3,35.112925,128.9661692,2021,건축물,051-220-4671,부산광역시 사하구청,2026-02-27
하단동1204,1,부산광역시 사하구 낙동대로516번길 48,부산광역시 사하구 하단동 494-3,35.112925,128.9661692,2021,건축물,051-220-4671,부산광역시 사하구청,2026-02-27
하단동1205,1,부산광역시 사하구 낙동대로516번길 48,부산광역시 사하구 하단동 494-3,35.112925,128.9661692,2021,한전주,051-220-4671,부산광역시 사하구청,2026-02-27
하단동1206,1,부산광역시 사하구 낙동대로520번길 41,부산광역시 사하구 하단동 494-7,35.1125445,128.9662917,2021,한전주,051-220-4671,부산광역시 사하구청,2026-02-27
하단동1207,1,부산광역시 사하구 낙동대로520번길 31,부산광역시 사하구 하단동 496-19,35.1119994232,128.9663963985,2021,전용주,051-220-4671,부산광역시 사하구청,2026-02-27
하단동1208,1,부산광역시 사하구 낙동대로520번길 29,부산광역시 사하구 하단동 496-8,35.1118862,128.9663198,2021,한전주,051-220-4671,부산광역시 사하구청,2026-02-27
하단동1209,1,부산광역시 사하구 낙동대로520번길 13,부산광역시 사하구 하단동 496-29,35.1111223,128.9661917,2021,한전주,051-220-4671,부산광역시 사하구청,2026-02-27
하단동121,1,부산광역시 사하구 괴정로37번길 8,부산광역시 사하구 하단동 113-18,35.1034458,128.9688695,2021,한전주,051-220-4671,부산광역시 사하구청,2026-02-27
하단동1210,1,부산광역시 사하구 낙동대로516번길 15,부산광역시 사하구 하단동 497-8,35.1116607,128.965777,2021,건축물,051-220-4671,부산광역시 사하구청,2026-02-27
하단동1211,1,부산광역시 사하구 낙동대로516번길 15-1,부산광역시 사하구 하단동 497-17,35.1115431,128.9656410304,2021,건축물,051-220-4671,부산광역시 사하구청,2026-02-27
하단동1212,1,부산광역시 사하구 낙동대로516번길 15-4,부산광역시 사하구 하단동 497-9,35.1117443,128.9656254,2021,건축물,051-220-4671,부산광역시 사하구청,2026-02-27
하단동1213,1,부산광역시 사하구 낙동대로 516-1,부산광역시 사하구 하단동 506-29,35.1104971513,128.9662101,2021,건축물,051-220-4671,부산광역시 사하구청,2026-02-27
하단동1214,1,부산광역시 사하구 낙동대로 516-1,부산광역시 사하구 하단동 506-29,35.1104971513,128.9662101,2021,전용주,051-220-4671,부산광역시 사하구청,2026-02-27
하단동1215,1,부산광역시 사하구 낙동대로 516-6,부산광역시 사하구 하단동 506-9,35.1102902957,128.9664685,2021,한전주,051-220-4671,부산광역시 사하구청,2026-02-27
하단동1216,1,부산광역시 사하구 승학로3번길 96-2,부산광역시 사하구 하단동 507-13,35.1102719,128.966950,2021,건축물,051-220-4671,부산광역시 사하구청,2026-02-27
하단동1217,1,부산광역시 사하구 승학로3번길 96-3,부산광역시 사하구 하단동 507-7,35.1103932992,128.9670302,2021,한전주,051-220-4671,부산광역시 사하구청,2026-02-27
하단동1218,1,부산광역시 사하구 낙동대로504번길 16,부산광역시 사하구 하단동 509-26,35.1096888342,128.9675287,2021,한전주,051-220-4671,부산광역시 사하구청,2026-02-27
하단동1219,1,부산광역시 사하구 낙동대로504번길 18,부산광역시 사하구 하단동 509-2,35.1097649,128.9676506,2021,한전주,051-220-4671,부산광역시 사하구청,2026-02-27
하단동122,1,부산광역시 사하구 괴정로37번길 8,부산광역시 사하구 하단동 113-18,35.1034458,128.9688695,2021,건축물,051-220-4671,부산광역시 사하구청,2026-02-27
하단동1220,1,부산광역시 사하구 승학로17번길 82,부산광역시 사하구 하단동 717-2,35.109792828,128.9680575,2021,한전주,051-220-4671,부산광역시 사하구청,2026-02-27
하단동1221,1,부산광역시 사하구 승학로17번길 73,부산광역시 사하구 하단동 509-5,35.1094383,128.9677853,2021,한전주,051-220-4671,부산광역시 사하구청,2026-02-27
하단동1222,1,부산광역시 사하구 승학로17번길 76-1,부산광역시 사하구 하단동 717-19,35.1096309,128.9681299,2021,건축물,051-220-4671,부산광역시 사하구청,2026-02-27
하단동1223,1,부산광역시 사하구 승학로17번길 76-5,부산광역시 사하구 하단동 715-7,35.1097261,128.9683735,2021,한전주,051-220-4671,부산광역시 사하구청,2026-02-27
하단동1224,1,부산광역시 사하구 승학로17번길 76-7,부산광역시 사하구 하단동 715-6,35.1098681,128.9684939855,2021,한전주,051-220-4671,부산광역시 사하구청,2026-02-27
하단동1225,1,부산광역시 사하구 승학로17번길 72,부산광역시 사하구 하단동 508-2,35.1093926,128.9683764,2021,한전주,051-220-4671,부산광역시 사하구청,2026-02-27
하단동1226,1,부산광역시 사하구 승학로17번길 64,부산광역시 사하구 하단동 508-5,35.1090872,128.9683143,2021,건축물,051-220-4671,부산광역시 사하구청,2026-02-27
하단동1227,1,부산광역시 사하구 승학로17번길 64,부산광역시 사하구 하단동 508-5,35.1090872,128.9683143,2021,건축물,051-220-4671,부산광역시 사하구청,2026-02-27
하단동1228,1,부산광역시 사하구 승학로17번길 69,부산광역시 사하구 하단동 509-6,35.1091471,128.9679538,2021,한전주,051-220-4671,부산광역시 사하구청,2026-02-27
하단동1229,1,부산광역시 사하구 승학로17번길 59,부산광역시 사하구 하단동 509-34,35.108790,128.9682987052,2021,한전주,051-220-4671,부산광역시 사하구청,2026-02-27
하단동123,1,부산광역시 사하구 괴정로37번길 14,부산광역시 사하구 하단동 113-14,35.1036511,128.9689951,2021,한전주,051-220-4671,부산광역시 사하구청,2026-02-27
하단동1230,1,부산광역시 사하구 승학로17번길 61-3,부산광역시 사하구 하단동 509-36,35.1086944,128.9680855,2021,건축물,051-220-4671,부산광역시 사하구청,2026-02-27
하단동1231,1,부산광역시 사하구 승학로17번길 55,부산광역시 사하구 하단동 509-39,35.1086808,128.9683703,2021,한전주,051-220-4671,부산광역시 사하구청,2026-02-27
하단동1232,1,부산광역시 사하구 승학로17번길 55-4,부산광역시 사하구 하단동 509-37,35.1085941,128.9681599,2021,건축물,051-220-4671,부산광역시 사하구청,2026-02-27
하단동1233,1,부산광역시 사하구 승학로17번길 55,부산광역시 사하구 하단동 509-39,35.1086808,128.9683703,2021,건축물,051-220-4671,부산광역시 사하구청,2026-02-27
하단동1234,1,부산광역시 사하구 승학로17번길 53,부산광역시 사하구 하단동 509-41,35.1085713,128.9684554,2021,한전주,051-220-4671,부산광역시 사하구청,2026-02-27
하단동1235,1,부산광역시 사하구 낙동대로486번길 13,부산광역시 사하구 하단동 509-19,35.1083666,128.968297,2021,건축물,051-220-4671,부산광역시 사하구청,2026-02-27
하단동1237,1,부산광역시 사하구 낙동대로486번길 6,부산광역시 사하구 하단동 529-1,35.107984904,128.9680362,2021,한전주,051-220-4671,부산광역시 사하구청,2026-02-27
하단동1238,1,부산광역시 사하구 낙동대로474번길 13-10,부산광역시 사하구 하단동 530-9,35.1080269,128.9686836,2021,건축물,051-220-4671,부산광역시 사하구청,2026-02-27
하단동1239,1,부산광역시 사하구 낙동대로474번길 13-3,부산광역시 사하구 하단동 530-25,35.107639,128.9686979599,2021,한전주,051-220-4671,부산광역시 사하구청,2026-02-27
하단동124,1,부산광역시 사하구 낙동대로457번안길 36,부산광역시 사하구 하단동 155-12,35.1040594,128.9693778,2021,건축물,051-220-4671,부산광역시 사하구청,2026-02-27
하단동1240,1,부산광역시 사하구 승학로17번길 17,부산광역시 사하구 당리동 234-9,35.1072296241,128.9696372938,2021,한전주,051-220-4671,부산광역시 사하구청,2026-02-27
하단동1241,1,부산광역시 사하구 승학로17번길 30,부산광역시 사하구 하단동 701-8,35.1076928,128.9692787,2021,한전주,051-220-4671,부산광역시 사하구청,2026-02-27
하단동1242,1,부산광역시 사하구 승학로17번길 35,부산광역시 사하구 하단동 530-12,35.1078608,128.9689209,2021,건축물,051-220-4671,부산광역시 사하구청,2026-02-27
하단동1243,1,부산광역시 사하구 승학로17번길 42-2,부산광역시 사하구 하단동 531-20,35.1081462,128.9690901446,2021,한전주,051-220-4671,부산광역시 사하구청,2026-02-27
하단동1244,1,부산광역시 사하구 승학로17번길 42-11,부산광역시 사하구 하단동 531-23,35.1082384,128.9695331,2021,건축물,051-220-4671,부산광역시 사하구청,2026-02-27
하단동1245,1,부산광역시 사하구 승학로17번길 42-5,부산광역시 사하구 하단동 531-21,35.1083892637,128.9694385,2021,한전주,051-220-4671,부산광역시 사하구청,2026-02-27
하단동1246,1,부산광역시 사하구 낙동대로486번길 22,부산광역시 사하구 하단동 531-1,35.1083762,128.9688126,2021,한전주,051-220-4671,부산광역시 사하구청,2026-02-27
하단동1247,1,부산광역시 사하구 승학로17번길 56-1,부산광역시 사하구 하단동 508-22,35.1088662,128.9685904931,2021,한전주,051-220-4671,부산광역시 사하구청,2026-02-27
하단동1248,1,부산광역시 사하구 승학로17번길 56-16,부산광역시 사하구 하단동 508-33,35.1089519,128.9688813,2021,한전주,051-220-4671,부산광역시 사하구청,2026-02-27
하단동1249,1,부산광역시 사하구 낙동대로486번길 27-1,부산광역시 사하구 하단동 508-37,35.1087514,128.969019,2021,한전주,051-220-4671,부산광역시 사하구청,2026-02-27
하단동125,1,부산광역시 사하구 낙동대로457번안길 34,부산광역시 사하구 하단동 155-11,35.1040877,128.9692879829,2021,건축물,051-220-4671,부산광역시 사하구청,2026-02-27
하단동1250,1,부산광역시 사하구 낙동대로486번길 27-5,부산광역시 사하구 하단동 508-41,35.1086924851,128.9693141,2021,한전주,051-220-4671,부산광역시 사하구청,2026-02-27
하단동1251,1,부산광역시 사하구 낙동대로486번길 28,부산광역시 사하구 하단동 508-43,35.1085235,128.969178,2021,한전주,051-220-4671,부산광역시 사하구청,2026-02-27
하단동1252,1,부산광역시 사하구 승학로3번길 10-2,부산광역시 사하구 하단동 533-14,35.1070913179,128.9690563,2021,건축물,051-220-4671,부산광역시 사하구청,2026-02-27
하단동1253,1,부산광역시 사하구 낙동대로485번길 4,부산광역시 사하구 하단동 511-11,35.1077685,128.966835,2021,한전주,051-220-4671,부산광역시 사하구청,2026-02-27
하단동1254,1,부산광역시 사하구 낙동대로549번길 62-4,부산광역시 사하구 하단동 870-144,35.1129251,128.9605979,2022,건축물,051-220-4671,부산광역시 사하구청,2026-02-27
하단동1255,1,부산광역시 사하구 낙동대로519번길 73-2,부산광역시 사하구 하단동 503-37,35.1104732,128.9611972,2022,건축물,051-220-4671,부산광역시 사하구청,2026-02-27
하단동1256,1,부산광역시 사하구 낙동대로549번길 61,부산광역시 사하구 하단동 870-204,35.1124427,128.9603341,2021,건축물,051-220-4671,부산광역시 사하구청,2026-02-27
하단동1257,1,부산광역시 사하구 하신번영로 438-1,부산광역시 사하구 하단동 845-55,35.1197459,128.9620249116,2022,한전주,051-220-4671,부산광역시 사하구청,2026-02-27
하단동1258,1,부산광역시 사하구 하신번영로 438-1,부산광역시 사하구 하단동 845-55,35.1197416274,128.9620249116,2022,한전주,051-220-4671,부산광역시 사하구청,2026-02-27
하단동1259,1,부산광역시 사하구 하신번영로328번길 7-2,부산광역시 사하구 하단동 502-56,35.1102957063,128.9598774,2022,한전주,051-220-4671,부산광역시 사하구청,2026-02-27
하단동126,1,부산광역시 사하구 낙동대로457번안길 31-1,부산광역시 사하구 하단동 146-2,35.1043761,128.9692977,2021,건축물,051-220-4671,부산광역시 사하구청,2026-02-27
하단동1260,1,부산광역시 사하구 하신번영로 395,부산광역시 사하구 하단동 1158,35.1161969313,128.9603697,2022,,051-220-4671,부산광역시 사하구청,2026-02-27
하단동1261,1,부산광역시 사하구 하신번영로 389,부산광역시 사하구 하단동 1159-1,35.115693942,128.9601155487,2023,,051-220-4671,부산광역시 사하구청,2026-02-27
하단동1262,1,부산광역시 사하구 하신번영로 395,부산광역시 사하구 하단동 1158,35.1161969313,128.9603697,2023,,051-220-4671,부산광역시 사하구청,2026-02-27
하단동1263,1,부산광역시 사하구 승학로17번길 78,부산광역시 사하구 하단동 717-21,35.109570,128.9679969,2024,전용주,051-220-4671,부산광역시 사하구청,2026-02-27
하단동1264,1,부산광역시 사하구 하신번영로 322,부산광역시 사하구 하단동 502-25,35.1096648963,128.9591468569,2024,건축물,051-220-4671,부산광역시 사하구청,2026-02-27
하단동1265,1,부산광역시 사하구 낙동남로1423번길 41-4,부산광역시 사하구 하단동 512-24,35.1081823,128.9657702,2023,,051-220-4671,부산광역시 사하구청,2026-02-27
하단동1266,1,부산광역시 사하구 낙동대로 478,부산광역시 사하구 하단동 529-11,35.1073806,128.9679662,2023,,051-220-4671,부산광역시 사하구청,2026-02-27
하단동1267,1,부산광역시 사하구 낙동대로 581,부산광역시 사하구 하단동 1217-2,35.1155451475,128.961246689,2023,전용주,051-220-4671,부산광역시 사하구청,2026-02-27
하단동1268,1,부산광역시 사하구 하신번영로312번길 3-3,부산광역시 사하구 하단동 885-5,35.1090978,128.9593109,2024,건축물,051-220-4671,부산광역시 사하구청,2026-02-27
하단동1269,1,부산광역시 사하구 하신번영로320번길 3-2,부산광역시 사하구 하단동 502-42,35.1097346,128.9594930867,2024,건축물,051-220-4671,부산광역시 사하구청,2026-02-27
하단동127,1,부산광역시 사하구 낙동대로457번안길 30,부산광역시 사하구 하단동 159-2,35.1041824,128.9690188,2021,건축물,051-220-4671,부산광역시 사하구청,2026-02-27
하단동1270,1,,부산광역시 사하구 하단동 532,35.108066,128.968022028,2024,전용주,051-220-4671,부산광역시 사하구청,2026-02-27
하단동1271,1,부산광역시 사하구 하신번영로 302,부산광역시 사하구 하단동 887-7,35.1079777531,128.9589996,2025,한전주,051-220-4671,부산광역시 사하구청,2026-02-27
하단동1272,1,부산광역시 사하구 하신번영로 364-6,부산광역시 사하구 하단동 870-186,35.1132404,128.9606055,2025,건축물,051-220-4671,부산광역시 사하구청,2026-02-27
하단동1273,1,부산광역시 사하구 승학로17번길 56-5,부산광역시 사하구 하단동 508-16,35.1089837924,128.9684941268,2025,건축물,051-220-4671,부산광역시 사하구청,2026-02-27
하단동1274,1,부산광역시 사하구 낙동대로550번길 16-8,부산광역시 사하구 하단동 492-35,35.112826,128.9650482,2025,건축물,051-220-4671,부산광역시 사하구청,2026-02-27
하단동128,1,부산광역시 사하구 낙동대로457번안길 23,부산광역시 사하구 하단동 154-2,35.104376359,128.968851008,2021,한전주,051-220-4671,부산광역시 사하구청,2026-02-27
하단동129,1,부산광역시 사하구 낙동대로457번안길 13,부산광역시 사하구 하단동 660-2,35.1046782331,128.9684941,2021,한전주,051-220-4671,부산광역시 사하구청,2026-02-27
하단동130,1,부산광역시 사하구 괴정로15번길 39,부산광역시 사하구 하단동 198,35.1040759138,128.9684905,2021,한전주,051-220-4671,부산광역시 사하구청,2026-02-27
하단동131,1,부산광역시 사하구 괴정로33번길 8-2,부산광역시 사하구 하단동 113-1,35.1036735,128.9687215,2021,한전주,051-220-4671,부산광역시 사하구청,2026-02-27
하단동132,1,부산광역시 사하구 괴정로33번길 8,부산광역시 사하구 하단동 205,35.1035989,128.9683249,2021,한전주,051-220-4671,부산광역시 사하구청,2026-02-27
하단동133,1,부산광역시 사하구 괴정로33번길 5,부산광역시 사하구 하단동 206,35.103628,128.968194,2021,한전주,051-220-4671,부산광역시 사하구청,2026-02-27
하단동134,1,부산광역시 사하구 괴정로31번길 8-4,부산광역시 사하구 하단동 208-2,35.1036939,128.9680202,2021,한전주,051-220-4671,부산광역시 사하구청,2026-02-27
하단동135,1,부산광역시 사하구 괴정로31번길 6,부산광역시 사하구 하단동 225-2,35.1035979,128.9678314,2021,건축물,051-220-4671,부산광역시 사하구청,2026-02-27
하단동136,1,부산광역시 사하구 괴정로31번길 8-4,부산광역시 사하구 하단동 208-2,35.1036939,128.9680202,2021,건축물,051-220-4671,부산광역시 사하구청,2026-02-27
하단동137,1,부산광역시 사하구 괴정로31번길 9,부산광역시 사하구 하단동 434,35.1037445,128.9676814,2021,한전주,051-220-4671,부산광역시 사하구청,2026-02-27
하단동138,1,부산광역시 사하구 괴정로31번길 11,부산광역시 사하구 하단동 437,35.1038627,128.9676185,2021,한전주,051-220-4671,부산광역시 사하구청,2026-02-27
하단동139,1,부산광역시 사하구 괴정로15번길 29-1,부산광역시 사하구 하단동 174,35.1043863,128.9680990574,2021,건축물,051-220-4671,부산광역시 사하구청,2026-02-27
하단동140,1,부산광역시 사하구 괴정로15번길 38,부산광역시 사하구 하단동 199-1,35.104023,128.9682913,2021,한전주,051-220-4671,부산광역시 사하구청,2026-02-27
하단동141,1,부산광역시 사하구 괴정로15번길 27,부산광역시 사하구 하단동 183,35.1043917,128.9677847,2021,전용주,051-220-4671,부산광역시 사하구청,2026-02-27
하단동142,1,부산광역시 사하구 괴정로33번길 13,부산광역시 사하구 하단동 215,35.1038992146,128.9680914,2021,한전주,051-220-4671,부산광역시 사하구청,2026-02-27
하단동143,1,부산광역시 사하구 괴정로33번길 13,부산광역시 사하구 하단동 215,35.1038992146,128.9680914,2021,건축물,051-220-4671,부산광역시 사하구청,2026-02-27
하단동144,1,부산광역시 사하구 괴정로33번길 11,부산광역시 사하구 하단동 210,35.1038373,128.9680675,2021,전용주,051-220-4671,부산광역시 사하구청,2026-02-27
하단동145,1,부산광역시 사하구 괴정로 23-1,부산광역시 사하구 하단동 411-1,35.1036894,128.9671867,2021,한전주,051-220-4671,부산광역시 사하구청,2026-02-27
하단동146,1,부산광역시 사하구 괴정로 21,부산광역시 사하구 하단동 613-9,35.1037825,128.9669918189,2021,건축물,051-220-4671,부산광역시 사하구청,2026-02-27
하단동147,1,부산광역시 사하구 괴정로 21-5,부산광역시 사하구 하단동 613-6,35.1041215,128.967219,2021,전용주,051-220-4671,부산광역시 사하구청,2026-02-27
하단동148,1,부산광역시 사하구 괴정로25번길 12,부산광역시 사하구 하단동 439-3,35.1041605,128.9675927,2021,한전주,051-220-4671,부산광역시 사하구청,2026-02-27
하단동149,1,부산광역시 사하구 괴정로31번길 15,부산광역시 사하구 하단동 420,35.103972,128.9675444,2021,한전주,051-220-4671,부산광역시 사하구청,2026-02-27
하단동150,1,부산광역시 사하구 낙동대로451번안길 8,부산광역시 사하구 하단동 618-6,35.1049794,128.9687748,2021,한전주,051-220-4671,부산광역시 사하구청,2026-02-27
하단동151,1,부산광역시 사하구 낙동대로457번안길 9,부산광역시 사하구 하단동 618-38,35.104842,128.9683548,2021,한전주,051-220-4671,부산광역시 사하구청,2026-02-27
하단동152,1,부산광역시 사하구 낙동대로457번안길 8,부산광역시 사하구 하단동 618-17,35.1048895,128.9681183386,2021,전용주,051-220-4671,부산광역시 사하구청,2026-02-27
하단동153,1,부산광역시 사하구 낙동대로451번안길 24,부산광역시 사하구 하단동 618-15,35.1048753,128.9679718,2021,한전주,051-220-4671,부산광역시 사하구청,2026-02-27
하단동154,1,부산광역시 사하구 하신중앙로335번길 17,부산광역시 사하구 하단동 590-4,35.1054499,128.9658801,2021,한전주,051-220-4671,부산광역시 사하구청,2026-02-27
하단동155,1,부산광역시 사하구 하신중앙로335번길 61,부산광역시 사하구 하단동 595-7,35.1054448,128.96339684,2021,한전주,051-220-4671,부산광역시 사하구청,2026-02-27
하단동156,1,부산광역시 사하구 낙동남로 1372,부산광역시 사하구 하단동 597-2,35.1059247,128.9615895313,2021,한전주,051-220-4671,부산광역시 사하구청,2026-02-27
하단동157,1,부산광역시 사하구 낙동남로 1376,부산광역시 사하구 하단동 596-34,35.1058967153,128.9620907988,2021,건축물,051-220-4671,부산광역시 사하구청,2026-02-27
하단동158,1,부산광역시 사하구 하신중앙로313번길 34,부산광역시 사하구 하단동 595-35,35.1052816,128.9629152,2021,한전주,051-220-4671,부산광역시 사하구청,2026-02-27
하단동159,1,부산광역시 사하구 하신중앙로313번길 40,부산광역시 사하구 하단동 595-15,35.105332,128.9625874,2021,한전주,051-220-4671,부산광역시 사하구청,2026-02-27
하단동160,1,부산광역시 사하구 하신중앙로313번길 50,부산광역시 사하구 하단동 595-12,35.105340,128.9620942,2021,한전주,051-220-4671,부산광역시 사하구청,2026-02-27
하단동161,1,부산광역시 사하구 하신중앙로313번길 60,부산광역시 사하구 하단동 597-19,35.1053398,128.9615458,2021,한전주,051-220-4671,부산광역시 사하구청,2026-02-27
하단동162,1,부산광역시 사하구 하신중앙로313번길 66,부산광역시 사하구 하단동 597-13,35.1053612,128.961338,2021,한전주,051-220-4671,부산광역시 사하구청,2026-02-27
하단동163,1,부산광역시 사하구 하신중앙로313번길 68,부산광역시 사하구 하단동 870-94,35.1053772033,128.9609442,2021,전용주,051-220-4671,부산광역시 사하구청,2026-02-27
하단동164,1,부산광역시 사하구 낙동남로 1368,부산광역시 사하구 하단동 597-1,35.105948,128.9612753,2021,한전주,051-220-4671,부산광역시 사하구청,2026-02-27
하단동165,1,부산광역시 사하구 하신중앙로313번길 68,부산광역시 사하구 하단동 870-94,35.1053772033,128.9609442,2021,한전주,051-220-4671,부산광역시 사하구청,2026-02-27
하단동166,1,부산광역시 사하구 하신중앙로313번길 68,부산광역시 사하구 하단동 870-94,35.1053772033,128.9609442,2021,한전주,051-220-4671,부산광역시 사하구청,2026-02-27
하단동167,1,부산광역시 사하구 낙동남로 1362-1,부산광역시 사하구 하단동 870-92,35.1056875944,128.9607762,2021,건축물,051-220-4671,부산광역시 사하구청,2026-02-27
하단동168,1,부산광역시 사하구 낙동남로 1364,부산광역시 사하구 하단동 870-30,35.1058927,128.9607914,2021,한전주,051-220-4671,부산광역시 사하구청,2026-02-27
하단동169,1,부산광역시 사하구 낙동남로 1364,부산광역시 사하구 하단동 870-30,35.1058927,128.9607914,2021,한전주,051-220-4671,부산광역시 사하구청,2026-02-27
하단동170,1,부산광역시 사하구 낙동남로 1356-3,부산광역시 사하구 하단동 870-98,35.1056402,128.9602481,2021,한전주,051-220-4671,부산광역시 사하구청,2026-02-27
하단동171,1,부산광역시 사하구 하신중앙로313번길 88,부산광역시 사하구 하단동 892-8,35.1053385,128.9599557,2021,한전주,051-220-4671,부산광역시 사하구청,2026-02-27
하단동172,1,부산광역시 사하구 낙동남로 1356-4,부산광역시 사하구 하단동 892-16,35.1055817,128.9599615,2021,한전주,051-220-4671,부산광역시 사하구청,2026-02-27
하단동173,1,부산광역시 사하구 하신중앙로313번길 88,부산광역시 사하구 하단동 892-8,35.1053385,128.9599557,2021,한전주,051-220-4671,부산광역시 사하구청,2026-02-27
하단동174,1,부산광역시 사하구 낙동남로 1352-13,부산광역시 사하구 하단동 892-10,35.1053429,128.9596817,2021,한전주,051-220-4671,부산광역시 사하구청,2026-02-27
하단동175,1,부산광역시 사하구 낙동남로 1352,부산광역시 사하구 하단동 893-2,35.1058962,128.9594646,2021,한전주,051-220-4671,부산광역시 사하구청,2026-02-27
하단동176,1,부산광역시 사하구 낙동남로 1352-6,부산광역시 사하구 하단동 893-3,35.1056358,128.9593883429,2021,한전주,051-220-4671,부산광역시 사하구청,2026-02-27
하단동177,1,부산광역시 사하구 낙동남로 1352-6,부산광역시 사하구 하단동 893-3,35.1056358,128.9593883429,2021,한전주,051-220-4671,부산광역시 사하구청,2026-02-27
하단동178,1,부산광역시 사하구 하신중앙로313번길 100,부산광역시 사하구 하단동 893-7,35.1054392,128.9592895616,2021,한전주,051-220-4671,부산광역시 사하구청,2026-02-27
하단동179,1,부산광역시 사하구 낙동남로 1348-3,부산광역시 사하구 하단동 893-5,35.1056381,128.9592611,2021,한전주,051-220-4671,부산광역시 사하구청,2026-02-27
하단동180,1,부산광역시 사하구 하신번영로261번길 27,부산광역시 사하구 하단동 1165-28,35.1039365,128.9569285,2021,한전주,051-220-4671,부산광역시 사하구청,2026-02-27
하단동181,1,부산광역시 사하구 하신번영로261번길 13,부산광역시 사하구 하단동 1165-14,35.1043406,128.9575742,2021,한전주,051-220-4671,부산광역시 사하구청,2026-02-27
하단동182,1,부산광역시 사하구 하신중앙로239번길 47,부산광역시 사하구 하단동 1180-9,35.0997872163,128.9579998536,2021,전용주,051-220-4671,부산광역시 사하구청,2026-02-27
하단동183,1,부산광역시 사하구 하신중앙로239번길 49,부산광역시 사하구 하단동 1180-8,35.0997972255,128.9578609,2021,한전주,051-220-4671,부산광역시 사하구청,2026-02-27
하단동184,1,부산광역시 사하구 하신중앙로239번길 59,부산광역시 사하구 하단동 1180-5,35.0998739,128.9573797,2021,전용주,051-220-4671,부산광역시 사하구청,2026-02-27
하단동185,1,부산광역시 사하구 하신중앙로239번길 67,부산광역시 사하구 하단동 1180-2,35.0998842331,128.9568920289,2021,한전주,051-220-4671,부산광역시 사하구청,2026-02-27
하단동186,1,부산광역시 사하구 하신중앙로239번길 69,부산광역시 사하구 하단동 1180-1,35.0999198,128.9567667,2021,한전주,051-220-4671,부산광역시 사하구청,2026-02-27
하단동187,1,부산광역시 사하구 하신중앙로239번길 73,부산광역시 사하구 하단동 1179-1,35.0999514,128.9564824,2021,한전주,051-220-4671,부산광역시 사하구청,2026-02-27
하단동188,1,부산광역시 사하구 하신번영로207번길 28,부산광역시 사하구 하단동 1179-2,35.0998614,128.9564802,2021,건축물,051-220-4671,부산광역시 사하구청,2026-02-27
하단동189,1,부산광역시 사하구 하신번영로207번길 23,부산광역시 사하구 하단동 1187-1,35.0995325,128.9567575,2021,한전주,051-220-4671,부산광역시 사하구청,2026-02-27
하단동190,1,부산광역시 사하구 하신번영로201번길 34,부산광역시 사하구 하단동 1179-6,35.0993758,128.9563983336,2021,전용주,051-220-4671,부산광역시 사하구청,2026-02-27
하단동191,1,부산광역시 사하구 하신번영로201번길 24,부산광역시 사하구 하단동 1186-3,35.0992578,128.957025,2021,한전주,051-220-4671,부산광역시 사하구청,2026-02-27
하단동192,1,부산광역시 사하구 하신번영로207번길 20,부산광역시 사하구 하단동 1180-18,35.0997531,128.9570478,2021,한전주,051-220-4671,부산광역시 사하구청,2026-02-27
하단동193,1,부산광역시 사하구 하신번영로207번길 12,부산광역시 사하구 하단동 1180-16,35.0996968069,128.957376,2021,한전주,051-220-4671,부산광역시 사하구청,2026-02-27
하단동194,1,부산광역시 사하구 하신번영로207번길 17,부산광역시 사하구 하단동 1186-5,35.0993778149,128.9571271,2021,건축물,051-220-4671,부산광역시 사하구청,2026-02-27
하단동195,1,부산광역시 사하구 하신번영로207번길 8,부산광역시 사하구 하단동 1180-14,35.0996891,128.9576604,2021,한전주,051-220-4671,부산광역시 사하구청,2026-02-27
하단동196,1,부산광역시 사하구 하신번영로207번길 6,부산광역시 사하구 하단동 1180-13,35.0996593,128.9578351,2021,한전주,051-220-4671,부산광역시 사하구청,2026-02-27
하단동197,1,부산광역시 사하구 하신번영로207번길 9,부산광역시 사하구 하단동 1185-5,35.0993846,128.9575434,2021,건축물,051-220-4671,부산광역시 사하구청,2026-02-27
하단동198,1,부산광역시 사하구 동매로5번길 2,부산광역시 사하구 하단동 898-20,35.1039276,128.9591543,2021,한전주,051-220-4671,부산광역시 사하구청,2026-02-27
하단동199,1,부산광역시 사하구 동매로5번길 1,부산광역시 사하구 하단동 897-17,35.1039796719,128.958893,2021,건축물,051-220-4671,부산광역시 사하구청,2026-02-27
하단동200,1,부산광역시 사하구 동매로5번길 7,부산광역시 사하구 하단동 897-15,35.1041747,128.958919,2021,한전주,051-220-4671,부산광역시 사하구청,2026-02-27
하단동201,1,부산광역시 사하구 동매로5번길 13,부산광역시 사하구 하단동 897-10,35.1044278,128.9588702,2021,한전주,051-220-4671,부산광역시 사하구청,2026-02-27
하단동202,1,부산광역시 사하구 동매로5번길 17,부산광역시 사하구 하단동 897-3,35.1046532,128.9588646,2021,한전주,051-220-4671,부산광역시 사하구청,2026-02-27
하단동203,1,부산광역시 사하구 동매로5번길 20,부산광역시 사하구 하단동 898-1,35.1046847533,128.9591619,2021,한전주,051-220-4671,부산광역시 사하구청,2026-02-27
하단동204,1,부산광역시 사하구 동매로9번길 17,부산광역시 사하구 하단동 898-6,35.1045822,128.9593564,2021,한전주,051-220-4671,부산광역시 사하구청,2026-02-27
하단동205,1,부산광역시 사하구 동매로9번길 11,부산광역시 사하구 하단동 898-11,35.1042857434,128.959350,2021,한전주,051-220-4671,부산광역시 사하구청,2026-02-27
하단동206,1,부산광역시 사하구 동매로9번길 4,부산광역시 사하구 하단동 899-17,35.1039842195,128.9596388,2021,한전주,051-220-4671,부산광역시 사하구청,2026-02-27
하단동207,1,부산광역시 사하구 동매로 14-1,부산광역시 사하구 하단동 901-5,35.103564,128.9598876726,2021,건축물,051-220-4671,부산광역시 사하구청,2026-02-27
하단동208,1,부산광역시 사하구 동매로 16,부산광역시 사하구 하단동 870-35,35.1035329,128.9601538,2021,한전주,051-220-4671,부산광역시 사하구청,2026-02-27
하단동209,1,부산광역시 사하구 동매로 16,부산광역시 사하구 하단동 870-35,35.1035329,128.9601538,2021,한전주,051-220-4671,부산광역시 사하구청,2026-02-27
하단동210,1,부산광역시 사하구 동매로15번길 1,부산광역시 사하구 하단동 899-19,35.1038892678,128.9598557,2021,한전주,051-220-4671,부산광역시 사하구청,2026-02-27
하단동211,1,부산광역시 사하구 동매로15번길 5,부산광역시 사하구 하단동 899-15,35.1040962,128.9598712,2021,한전주,051-220-4671,부산광역시 사하구청,2026-02-27
하단동212,1,부산광역시 사하구 동매로15번길 13,부산광역시 사하구 하단동 899-7,35.1044742,128.9598883702,2021,한전주,051-220-4671,부산광역시 사하구청,2026-02-27
하단동213,1,부산광역시 사하구 동매로15번길 17,부산광역시 사하구 하단동 899-3,35.1046376,128.9598293,2021,전용주,051-220-4671,부산광역시 사하구청,2026-02-27
하단동214,1,부산광역시 사하구 동매로9번길 22,부산광역시 사하구 하단동 899-1,35.1047569,128.9596869712,2021,한전주,051-220-4671,부산광역시 사하구청,2026-02-27
하단동215,1,부산광역시 사하구 동매로15번길 22,부산광역시 사하구 하단동 900-1,35.1047666,128.9602162,2021,한전주,051-220-4671,부산광역시 사하구청,2026-02-27
하단동216,1,부산광역시 사하구 동매로19번길 15,부산광역시 사하구 하단동 870-104,35.1044936,128.9603741,2021,한전주,051-220-4671,부산광역시 사하구청,2026-02-27
하단동217,1,부산광역시 사하구 동매로19번길 10,부산광역시 사하구 하단동 870-128,35.1041983946,128.9606965,2021,한전주,051-220-4671,부산광역시 사하구청,2026-02-27
하단동218,1,부산광역시 사하구 동매로19번길 4,부산광역시 사하구 하단동 870-131,35.1039966727,128.9606918,2021,한전주,051-220-4671,부산광역시 사하구청,2026-02-27
하단동219,1,부산광역시 사하구 동매로 19,부산광역시 사하구 하단동 870-175,35.1038577,128.9606879,2021,한전주,051-220-4671,부산광역시 사하구청,2026-02-27
하단동220,1,부산광역시 사하구 동매로19번길 22,부산광역시 사하구 하단동 870-32,35.1047586,128.960699979,2021,한전주,051-220-4671,부산광역시 사하구청,2026-02-27
하단동221,1,부산광역시 사하구 동매로23번길 22,부산광역시 사하구 하단동 604-1,35.1046833804,128.9612784,2021,한전주,051-220-4671,부산광역시 사하구청,2026-02-27
하단동222,1,부산광역시 사하구 동매로29번길 21,부산광역시 사하구 하단동 604-4,35.1047894,128.9615875,2021,한전주,051-220-4671,부산광역시 사하구청,2026-02-27
하단동223,1,부산광역시 사하구 동매로29번길 21,부산광역시 사하구 하단동 604-4,35.1047894,128.9615875,2021,한전주,051-220-4671,부산광역시 사하구청,2026-02-27
하단동224,1,부산광역시 사하구 동매로 33-18,부산광역시 사하구 하단동 605-19,35.104587216,128.9619671,2021,한전주,051-220-4671,부산광역시 사하구청,2026-02-27
하단동225,1,부산광역시 사하구 동매로 33-15,부산광역시 사하구 하단동 605-18,35.1044609,128.9618428,2021,건축물,051-220-4671,부산광역시 사하구청,2026-02-27
하단동226,1,부산광역시 사하구 동매로 33-10,부산광역시 사하구 하단동 605-23,35.1041959,128.9620667,2021,한전주,051-220-4671,부산광역시 사하구청,2026-02-27
하단동227,1,부산광역시 사하구 동매로 33-3,부산광역시 사하구 하단동 605-10,35.1038894031,128.9618954,2021,한전주,051-220-4671,부산광역시 사하구청,2026-02-27
하단동228,1,부산광역시 사하구 동매로 33-3,부산광역시 사하구 하단동 605-10,35.1038894031,128.9618954,2021,건축물,051-220-4671,부산광역시 사하구청,2026-02-27
하단동229,1,부산광역시 사하구 동매로29번길 19,부산광역시 사하구 하단동 604-5,35.1046642,128.9615297,2021,한전주,051-220-4671,부산광역시 사하구청,2026-02-27
하단동230,1,부산광역시 사하구 동매로29번길 16,부산광역시 사하구 하단동 605-4,35.1043448,128.9617742,2021,전용주,051-220-4671,부산광역시 사하구청,2026-02-27
하단동231,1,부산광역시 사하구 동매로29번길 11,부산광역시 사하구 하단동 604-35,35.1042597,128.9614651,2021,한전주,051-220-4671,부산광역시 사하구청,2026-02-27
하단동232,1,부산광역시 사하구 동매로29번길 3,부산광역시 사하구 하단동 604-29,35.1039254,128.9615229,2021,한전주,051-220-4671,부산광역시 사하구청,2026-02-27
하단동233,1,부산광역시 사하구 동매로 25-2,부산광역시 사하구 하단동 604-24,35.1038913,128.9613894664,2021,한전주,051-220-4671,부산광역시 사하구청,2026-02-27
하단동234,1,부산광역시 사하구 낙동남로 1366-4,부산광역시 사하구 하단동 870-91,35.1056893698,128.9608981829,2021,건축물,051-220-4671,부산광역시 사하구청,2026-02-27
하단동235,1,부산광역시 사하구 동매로29번길 22,부산광역시 사하구 하단동 605-1,35.104767,128.9618611,2021,한전주,051-220-4671,부산광역시 사하구청,2026-02-27
하단동236,1,부산광역시 사하구 동매로29번길 22,부산광역시 사하구 하단동 605-1,35.104767,128.9618611,2021,한전주,051-220-4671,부산광역시 사하구청,2026-02-27
하단동237,1,부산광역시 사하구 하신중앙로 291,부산광역시 사하구 하단동 605-31,35.1037944188,128.9626718,2021,한전주,051-220-4671,부산광역시 사하구청,2026-02-27
하단동238,1,부산광역시 사하구 하신중앙로 291,부산광역시 사하구 하단동 605-31,35.1037944188,128.9626718,2021,한전주,051-220-4671,부산광역시 사하구청,2026-02-27
하단동239,1,부산광역시 사하구 하신중앙로307번길 7,부산광역시 사하구 하단동 605-37,35.1043258,128.9634950342,2021,한전주,051-220-4671,부산광역시 사하구청,2026-02-27
하단동240,1,부산광역시 사하구 제석로18번길 34,부산광역시 사하구 하단동 624-33,35.1029939682,128.972741,2021,건축물,051-220-4671,부산광역시 사하구청,2026-02-27
하단동241,1,부산광역시 사하구 괴정로15번길 29,부산광역시 사하구 하단동 175,35.1043885,128.967982,2021,전용주,051-220-4671,부산광역시 사하구청,2026-02-27
하단동242,1,,부산광역시 사하구 하단동 352-3,35.1015139966,128.9675688741,2022,한전주,051-220-4671,부산광역시 사하구청,2026-02-27
하단동243,1,부산광역시 사하구 하신중앙로 321,부산광역시 사하구 하단동 593-1,35.1054843,128.964872,2022,한전주,051-220-4671,부산광역시 사하구청,2026-02-27
하단동244,1,부산광역시 사하구 하신중앙로 321,부산광역시 사하구 하단동 593-1,35.1054843,128.964872,2022,,051-220-4671,부산광역시 사하구청,2026-02-27
하단동245,1,부산광역시 사하구 하신번영로261번길 23,부산광역시 사하구 하단동 1165-26,35.1042248,128.9569354,2022,전용주,051-220-4671,부산광역시 사하구청,2026-02-27
하단동246,1,부산광역시 사하구 낙동대로451번길 2,부산광역시 사하구 하단동 618-43,35.1048914,128.9691867156,2025,한전주,051-220-4671,부산광역시 사하구청,2026-02-27
하단동247,1,,부산광역시 사하구 하단동 514-7,35.1073834,128.9650163,2022,건축물,051-220-4671,부산광역시 사하구청,2026-02-27
하단동249,1,부산광역시 사하구 낙동대로451번안길 8,부산광역시 사하구 하단동 618-6,35.1049794,128.9687748,2025,한전주,051-220-4671,부산광역시 사하구청,2026-02-27
하단동250,1,부산광역시 사하구 낙동대로451번안길 12,부산광역시 사하구 하단동 618-39,35.1048757,128.9684982,2025,건축물,051-220-4671,부산광역시 사하구청,2026-02-27
하단동251,1,부산광역시 사하구 동매로66번길 36,부산광역시 사하구 하단동 381-19,35.1019616,128.964798925,2025,건축물,051-220-4671,부산광역시 사하구청,2026-02-27
하단동252,1,부산광역시 사하구 동매로 83-4,부산광역시 사하구 하단동 401-10,35.1026764367,128.967492353,2024,,051-220-4671,부산광역시 사하구청,2026-02-27
하단동253,1,부산광역시 사하구 동매로 83-3,부산광역시 사하구 하단동 401-6,35.1026936285,128.9673277,2024,,051-220-4671,부산광역시 사하구청,2026-02-27
하단동254,1,부산광역시 사하구 낙동남로1347번길 31,부산광역시 사하구 하단동 887-10,35.1079918794,128.9591862,2025,한전주,051-220-4671,부산광역시 사하구청,2026-02-27
하단동259,1,부산광역시 사하구 동매로 117,부산광역시 사하구 하단동 1218,35.1019504,128.9710596,2024,전용주,051-220-4671,부산광역시 사하구청,2026-02-27
