보안등위치명,설치개수,소재지도로명주소,소재지지번주소,위도,경도,설치연도,설치형태,관리기관전화번호,관리기관명,데이터기준일자
1002X921임시보안등,1,,부산광역시 기장군 장안읍 덕선리 258,35.33194183,129.2315868758,2025,한전주,051-709-4684,부산광역시 기장군청,2025-11-17
1097A656임시보안등,1,,부산광역시 기장군 기장읍 교리 366,35.2528954872,129.2130794581,,,051-709-4684,부산광역시 기장군청,2025-11-17
가장공영주차장앞임시보안등,1,,부산광역시 기장군 기장읍 대라리 427,35.244193356,129.2149349616,2025,,051-709-4684,부산광역시 기장군청,2025-11-17
구칠리663-7임시보안등,1,,부산광역시 기장군 철마면 구칠리 663-7,35.2615605966,129.1770084123,2025,,051-709-4684,부산광역시 기장군청,2025-11-17
기장대라리03-317임시보안등,1,,부산광역시 기장군 기장읍 동부리 151-5,35.2493631713,129.2152843459,2025,,051-709-4684,부산광역시 기장군청,2025-11-17
기장역입구임시보안등,1,,부산광역시 기장군 기장읍 대라리 4-13,35.243499923,129.2185453016,2025,,051-709-4684,부산광역시 기장군청,2025-11-17
기장읍1037,1,,부산광역시 기장군 기장읍 죽성리 543-5,35.2390587,129.2417134,2021,건축물,051-709-4684,부산광역시 기장군청,2025-11-17
기장읍1669,1,,부산광역시 기장군 기장읍 교리 332-1,35.253737488,129.2151636,2019,한전주,051-709-4684,부산광역시 기장군청,2025-11-17
기장읍1670,1,,부산광역시 기장군 기장읍 내리 449-1,35.216250499,129.200571912,2019,한전주,051-709-4684,부산광역시 기장군청,2025-11-17
기장읍1671,1,,부산광역시 기장군 기장읍 내리 797,35.2019569926,129.2069107591,2019,한전주,051-709-4684,부산광역시 기장군청,2025-11-17
기장읍1672,1,,부산광역시 기장군 기장읍 동부리 386-13,35.250872751,129.2134871834,2019,한전주,051-709-4684,부산광역시 기장군청,2025-11-17
기장읍1673,1,,부산광역시 기장군 기장읍 대변리 267-2,35.2231617133,129.2316072534,2019,한전주,051-709-4684,부산광역시 기장군청,2025-11-17
기장읍1674,1,,부산광역시 기장군 기장읍 교리 324-5,35.2539533343,129.2143421421,2019,한전주,051-709-4684,부산광역시 기장군청,2025-11-17
기장읍1675,1,,부산광역시 기장군 기장읍 대변리,,,2019,건축물,051-709-4684,부산광역시 기장군청,2025-11-17
기장읍1676,1,,부산광역시 기장군 기장읍 대라리,,,,한전주,051-709-4684,부산광역시 기장군청,2025-11-17
기장읍1677,1,,부산광역시 기장군 기장읍 동부리 309-4,,,2019,한전주,051-709-4684,부산광역시 기장군청,2025-11-17
기장읍1678,1,,부산광역시 기장군 기장읍 동부리 309-4,,,2019,한전주,051-709-4684,부산광역시 기장군청,2025-11-17
기장읍1679,1,,부산광역시 기장군 기장읍 죽성리 30-42,35.2389450119,129.2461696242,,한전주,051-709-4684,부산광역시 기장군청,2025-11-17
기장읍1680,1,,부산광역시 기장군 기장읍 죽성리 131-18,,,,한전주,051-709-4684,부산광역시 기장군청,2025-11-17
기장읍1681,1,,부산광역시 기장군 기장읍 청강리 268-1,35.23770512,129.2166843431,2019,한전주,051-709-4684,부산광역시 기장군청,2025-11-17
기장읍1684,1,,부산광역시 기장군 기장읍 내리 701-43,35.2085789482,129.2055416472,2019,한전주,051-709-4684,부산광역시 기장군청,2025-11-17
기장읍1685,1,,부산광역시 기장군 기장읍 대라리 171,35.2361743477,129.2153365798,2019,한전주,051-709-4684,부산광역시 기장군청,2025-11-17
기장읍1686,1,,부산광역시 기장군 기장읍 대라리 174-4,35.2358055021,129.2150812301,2019,한전주,051-709-4684,부산광역시 기장군청,2025-11-17
기장읍1687,1,,부산광역시 기장군 기장읍 청강리 775-3,35.2194110207,129.2119688674,2019,한전주,051-709-4684,부산광역시 기장군청,2025-11-17
기장읍1688,1,,부산광역시 기장군 기장읍 청강리 775-3,35.2194110207,129.2119688674,2019,한전주,051-709-4684,부산광역시 기장군청,2025-11-17
기장읍1689,1,,부산광역시 기장군 기장읍 청강리 432-6,35.2201263392,129.2117956394,2019,한전주,051-709-4684,부산광역시 기장군청,2025-11-17
기장읍1690,1,,부산광역시 기장군 기장읍 청강리 432-6,35.2201263392,129.2117956394,2019,한전주,051-709-4684,부산광역시 기장군청,2025-11-17
기장읍1691,1,,부산광역시 기장군 기장읍 대라리,,,2019,한전주,051-709-4684,부산광역시 기장군청,2025-11-17
기장읍1692,1,,부산광역시 기장군 기장읍 대라리,,,2019,한전주,051-709-4684,부산광역시 기장군청,2025-11-17
기장읍1693,1,,부산광역시 기장군 기장읍 대라리 176-14,35.236573541,129.2126515259,2019,한전주,051-709-4684,부산광역시 기장군청,2025-11-17
기장읍1694,1,,부산광역시 기장군 기장읍 만화리 43,35.2531360988,129.2082966907,2019,한전주,051-709-4684,부산광역시 기장군청,2025-11-17
기장읍1695,1,,부산광역시 기장군 기장읍 동부리 115-1,35.2477563637,129.2131440616,2019,한전주,051-709-4684,부산광역시 기장군청,2025-11-17
기장읍1696,1,,부산광역시 기장군 기장읍 대라리 142-6,35.2396634525,129.215681312,2019,한전주,051-709-4684,부산광역시 기장군청,2025-11-17
기장읍1697,1,,부산광역시 기장군 기장읍 청강리 427-3,35.22070444,129.2118031681,2019,한전주,051-709-4684,부산광역시 기장군청,2025-11-17
기장읍1698,1,,부산광역시 기장군 기장읍 동부리 155-8,35.2473438819,129.2166603,2019,한전주,051-709-4684,부산광역시 기장군청,2025-11-17
기장읍1699,1,,부산광역시 기장군 기장읍 동부리 155-10,35.2473131256,129.216106,2019,한전주,051-709-4684,부산광역시 기장군청,2025-11-17
기장읍1700,1,,부산광역시 기장군 기장읍 대라리 168-13,35.23720963,129.2151487,2019,한전주,051-709-4684,부산광역시 기장군청,2025-11-17
기장읍1701,1,,부산광역시 기장군 기장읍 대라리 168-8,35.2374994957,129.2151501461,2019,한전주,051-709-4684,부산광역시 기장군청,2025-11-17
기장읍1702,1,,부산광역시 기장군 기장읍 내리 333,35.2080060975,129.2065623881,2019,한전주,051-709-4684,부산광역시 기장군청,2025-11-17
기장읍1703,1,,부산광역시 기장군 기장읍 교리 343-1,35.25299833,129.2162903,2019,한전주,051-709-4684,부산광역시 기장군청,2025-11-17
기장읍1704,1,,부산광역시 기장군 기장읍 교리 343-1,35.25299833,129.2162903,2019,한전주,051-709-4684,부산광역시 기장군청,2025-11-17
기장읍1705,1,,부산광역시 기장군 기장읍 교리 192,35.2519051875,129.2128234268,,한전주,051-709-4684,부산광역시 기장군청,2025-11-17
기장읍1708,1,,부산광역시 기장군 기장읍 대라리 884,35.2416294419,129.2073896371,2019,한전주,051-709-4684,부산광역시 기장군청,2025-11-17
기장읍1709,1,,부산광역시 기장군 기장읍 대변리 370,35.2261122912,129.2303992195,2019,한전주,051-709-4684,부산광역시 기장군청,2025-11-17
기장읍1710,1,,부산광역시 기장군 기장읍 내리 345-8,35.208165735,129.2068744714,2019,전용주,051-709-4684,부산광역시 기장군청,2025-11-17
기장읍1711,1,,부산광역시 기장군 기장읍 만화리 산 120-23,35.2533194317,129.1949986627,2018,한전주,051-709-4684,부산광역시 기장군청,2025-11-17
기장읍1712,1,,부산광역시 기장군 기장읍 만화리 산 120-23,35.2533194317,129.1949986627,2019,한전주,051-709-4684,부산광역시 기장군청,2025-11-17
기장읍1713,1,,부산광역시 기장군 기장읍 교리 251-9,35.2552105248,129.2179760439,2019,한전주,051-709-4684,부산광역시 기장군청,2025-11-17
기장읍1714,1,,부산광역시 기장군 기장읍 교리 120-6,35.25712465,129.2127908002,2021,한전주,051-709-4684,부산광역시 기장군청,2025-11-17
기장읍1715,1,,부산광역시 기장군 기장읍 교리 94,35.25721587,129.2136085543,2021,한전주,051-709-4684,부산광역시 기장군청,2025-11-17
기장읍1716,1,,부산광역시 기장군 기장읍 대라리 363-1,35.2396402,129.2112354,2022,전용주,051-709-4684,부산광역시 기장군청,2025-11-17
기장읍1717,1,,부산광역시 기장군 기장읍 청강리 820,35.2253789774,129.2129192,2022,한전주,051-709-4684,부산광역시 기장군청,2025-11-17
기장읍1718,1,,부산광역시 기장군 기장읍 대라리 176-10,35.23618119,129.212642,2022,한전주,051-709-4684,부산광역시 기장군청,2025-11-17
기장읍1719,1,,부산광역시 기장군 기장읍 대라리 166-16,35.23710308,129.2134555039,2022,한전주,051-709-4684,부산광역시 기장군청,2025-11-17
기장읍1720,1,,부산광역시 기장군 기장읍 대변리 599,35.2229434393,129.2385789023,2022,한전주,051-709-4684,부산광역시 기장군청,2025-11-17
기장읍1721,1,,부산광역시 기장군 기장읍 동부리 181-1,35.24421537,129.2132056,2022,건축물,051-709-4684,부산광역시 기장군청,2025-11-17
기장읍1722,1,,부산광역시 기장군 기장읍 동부리 253-1,35.24454028,129.2129316,2022,한전주,051-709-4684,부산광역시 기장군청,2025-11-17
기장읍1723,1,,부산광역시 기장군 기장읍 동부리 235-1,35.24507243,129.212814,2022,한전주,051-709-4684,부산광역시 기장군청,2025-11-17
기장읍1724,1,,부산광역시 기장군 기장읍 청강리 809,35.2255191918,129.2137927093,2022,한전주,051-709-4684,부산광역시 기장군청,2025-11-17
기장읍1725,1,,부산광역시 기장군 기장읍 서부리 100-11,35.2450328366,129.2104501,2022,건축물,051-709-4684,부산광역시 기장군청,2025-11-17
기장읍1726,1,,부산광역시 기장군 기장읍 시랑리 417,35.1891439796,129.2210084061,2022,한전주,051-709-4684,부산광역시 기장군청,2025-11-17
기장읍1727,1,,부산광역시 기장군 기장읍 서부리 297,35.2511778689,129.1974259346,2022,한전주,051-709-4684,부산광역시 기장군청,2025-11-17
기장읍1728,1,,부산광역시 기장군 기장읍 내리 350-3,35.20922947,129.2061617,2022,한전주,051-709-4684,부산광역시 기장군청,2025-11-17
기장읍1729,1,,부산광역시 기장군 기장읍 내리 372-2,35.20955276,129.205852,2022,한전주,051-709-4684,부산광역시 기장군청,2025-11-17
기장읍1730,1,,부산광역시 기장군 기장읍 시랑리 630-8,35.1825873365,129.2106676958,2022,건축물,051-709-4684,부산광역시 기장군청,2025-11-17
기장읍1731,1,,부산광역시 기장군 기장읍 시랑리 617-1,35.1827125223,129.2102157,2022,건축물,051-709-4684,부산광역시 기장군청,2025-11-17
기장읍1732,1,,부산광역시 기장군 기장읍 시랑리 630-2,35.18268863,129.2105038,2022,건축물,051-709-4684,부산광역시 기장군청,2025-11-17
기장읍1733,1,,부산광역시 기장군 기장읍 대라리 136-5,35.2392608573,129.216880094,2022,한전주,051-709-4684,부산광역시 기장군청,2025-11-17
기장읍1734,1,,부산광역시 기장군 기장읍 서부리 104-7,35.2442366846,129.2104868,2022,한전주,051-709-4684,부산광역시 기장군청,2025-11-17
기장읍1735,1,,부산광역시 기장군 기장읍 서부리 104-8,35.2440906747,129.2104951035,2022,한전주,051-709-4684,부산광역시 기장군청,2025-11-17
기장읍1736,1,,부산광역시 기장군 기장읍 대라리 148-5,35.2385359159,129.2142963618,2022,한전주,051-709-4684,부산광역시 기장군청,2025-11-17
기장읍1737,1,,부산광역시 기장군 기장읍 내리 774,35.2049711969,129.2055785107,2022,한전주,051-709-4684,부산광역시 기장군청,2025-11-17
기장읍1738,1,,부산광역시 기장군 기장읍 대라리 268-6,35.2380559779,129.2142471756,2022,한전주,051-709-4684,부산광역시 기장군청,2025-11-17
기장읍1739,1,,부산광역시 기장군 기장읍 대라리 141-9,35.2396269661,129.2151543107,2022,한전주,051-709-4684,부산광역시 기장군청,2025-11-17
기장읍1740,1,,부산광역시 기장군 기장읍 대라리 144-8,35.2392893009,129.2164392165,2022,한전주,051-709-4684,부산광역시 기장군청,2025-11-17
기장읍1741,1,,부산광역시 기장군 기장읍 대라리 149-1,35.2387204154,129.2154246,2022,한전주,051-709-4684,부산광역시 기장군청,2025-11-17
기장읍1742,1,,부산광역시 기장군 기장읍 대라리 288,35.2383672909,129.2150171233,2022,한전주,051-709-4684,부산광역시 기장군청,2025-11-17
기장읍1743,1,,부산광역시 기장군 기장읍 청강리 177,35.2398867,129.2223555,2022,한전주,051-709-4684,부산광역시 기장군청,2025-11-17
기장읍1744,1,,부산광역시 기장군 기장읍 죽성리 154-22,35.23806331,129.2451036458,2022,한전주,051-709-4684,부산광역시 기장군청,2025-11-17
기장읍1745,1,,부산광역시 기장군 기장읍 죽성리 154-22,35.2380259218,129.2451512,2022,한전주,051-709-4684,부산광역시 기장군청,2025-11-17
기장읍1746,1,,부산광역시 기장군 기장읍 동부리 335-2,35.24599128,129.2108238459,2022,건축물,051-709-4684,부산광역시 기장군청,2025-11-17
기장읍1747,1,,부산광역시 기장군 기장읍 석산리 54-3,35.20711929,129.211949263,2022,전용주,051-709-4684,부산광역시 기장군청,2025-11-17
기장읍1748,1,,부산광역시 기장군 기장읍 교리 348-2,35.251398553,129.2160939,2022,한전주,051-709-4684,부산광역시 기장군청,2025-11-17
기장읍1749,1,,부산광역시 기장군 기장읍 교리 329-1,35.2511806905,129.2143809534,2022,한전주,051-709-4684,부산광역시 기장군청,2025-11-17
기장읍1750,1,,부산광역시 기장군 기장읍 교리 332-13,35.2527911839,129.2148033574,2022,한전주,051-709-4684,부산광역시 기장군청,2025-11-17
기장읍1751,1,,부산광역시 기장군 기장읍 교리 332-20,35.25345386,129.214845,2022,한전주,051-709-4684,부산광역시 기장군청,2025-11-17
기장읍1752,1,,부산광역시 기장군 기장읍 교리 331-6,35.25252365,129.2143357,2022,한전주,051-709-4684,부산광역시 기장군청,2025-11-17
기장읍1753,1,,부산광역시 기장군 기장읍 교리 333-8,35.25179943,129.2147656,2022,한전주,051-709-4684,부산광역시 기장군청,2025-11-17
기장읍1754,1,,부산광역시 기장군 기장읍 교리 334-11,35.2512089504,129.2148701263,2022,한전주,051-709-4684,부산광역시 기장군청,2025-11-17
기장읍1755,1,,부산광역시 기장군 기장읍 동부리 386-15,35.2512395394,129.2135583,2022,한전주,051-709-4684,부산광역시 기장군청,2025-11-17
기장읍1756,1,,부산광역시 기장군 기장읍 서부리 35-1,35.2490526989,129.2112725269,2022,한전주,051-709-4684,부산광역시 기장군청,2025-11-17
기장읍1757,1,,부산광역시 기장군 기장읍 서부리 411-1,35.24940196,129.2104037736,2022,한전주,051-709-4684,부산광역시 기장군청,2025-11-17
기장읍1758,1,,부산광역시 기장군 기장읍 서부리 416,35.24991927,129.209763624,2022,한전주,051-709-4684,부산광역시 기장군청,2025-11-17
기장읍1759,1,,부산광역시 기장군 기장읍 만화리 595,35.2585380629,129.2001042827,2023,한전주,051-709-4684,부산광역시 기장군청,2025-11-17
기장읍1760,1,,부산광역시 기장군 기장읍 만화리 252-9,35.2575235055,129.2008308288,2023,한전주,051-709-4684,부산광역시 기장군청,2025-11-17
기장읍1761,1,,부산광역시 기장군 기장읍 대라리 94-31,35.24200131,129.2179784,2019,건축물,051-709-4684,부산광역시 기장군청,2025-11-17
기장읍1762,1,,부산광역시 기장군 기장읍 신천리 372-4,35.2406402567,129.2249490989,2020,한전주,051-709-4684,부산광역시 기장군청,2025-11-17
기장읍1763,1,,부산광역시 기장군 기장읍 죽성리 47-5,35.2445903821,129.2424351782,2020,한전주,051-709-4684,부산광역시 기장군청,2025-11-17
기장읍1764,1,,부산광역시 기장군 기장읍 교리 75-4,35.2578565941,129.2148883169,,전용주,051-709-4684,부산광역시 기장군청,2025-11-17
기장읍1765,1,,부산광역시 기장군 기장읍 내리 669-3,35.2185396701,129.1800744,,한전주,051-709-4684,부산광역시 기장군청,2025-11-17
기장읍1766,1,,부산광역시 기장군 기장읍 석산리 82-3,35.2082595923,129.2116663,,한전주,051-709-4684,부산광역시 기장군청,2025-11-17
기장읍1767,1,,부산광역시 기장군 기장읍 교리 363,35.2522075752,129.2157721747,2020,한전주,051-709-4684,부산광역시 기장군청,2025-11-17
기장읍1768,1,,부산광역시 기장군 기장읍 내리 554-1,35.2169589313,129.2001488,2020,한전주,051-709-4684,부산광역시 기장군청,2025-11-17
기장읍1769,1,,부산광역시 기장군 기장읍 시랑리 674-9,35.1856043829,129.2126952537,2020,건축물,051-709-4684,부산광역시 기장군청,2025-11-17
기장읍1770,1,,부산광역시 기장군 기장읍 교리 363,35.2522075752,129.2157721747,2020,한전주,051-709-4684,부산광역시 기장군청,2025-11-17
기장읍1771,1,,부산광역시 기장군 기장읍 교리 364,35.2519859358,129.2151859939,2020,한전주,051-709-4684,부산광역시 기장군청,2025-11-17
기장읍1772,1,,부산광역시 기장군 기장읍 석산리 37-8,35.20612291,129.2126981,2021,한전주,051-709-4684,부산광역시 기장군청,2025-11-17
기장읍1773,1,,부산광역시 기장군 기장읍 내리 515,35.2169988557,129.2010105353,2021,한전주,051-709-4684,부산광역시 기장군청,2025-11-17
기장읍1774,1,,부산광역시 기장군 기장읍 내리 511-2,35.2171495326,129.2011356654,2021,한전주,051-709-4684,부산광역시 기장군청,2025-11-17
기장읍1775,1,,부산광역시 기장군 기장읍 내리 545,35.21761561,129.199663,2021,한전주,051-709-4684,부산광역시 기장군청,2025-11-17
기장읍1776,1,,부산광역시 기장군 기장읍 동부리 471-5,35.2512018526,129.2191978049,2021,한전주,051-709-4684,부산광역시 기장군청,2025-11-17
기장읍1777,1,,부산광역시 기장군 기장읍 청강리 671-1,35.2329195599,129.2143447,2021,한전주,051-709-4684,부산광역시 기장군청,2025-11-17
기장읍1778,1,,부산광역시 기장군 기장읍 청강리 669-10,35.23265307,129.2143846183,2021,한전주,051-709-4684,부산광역시 기장군청,2025-11-17
기장읍1779,1,,부산광역시 기장군 기장읍 청강리 670-1,35.23277839,129.2147784,2021,한전주,051-709-4684,부산광역시 기장군청,2025-11-17
기장읍1780,1,,부산광역시 기장군 기장읍 청강리 708-7,35.2330454315,129.2155356,2021,한전주,051-709-4684,부산광역시 기장군청,2025-11-17
기장읍1781,1,,부산광역시 기장군 기장읍 청강리 312-4,35.232925684,129.2151397438,2021,한전주,051-709-4684,부산광역시 기장군청,2025-11-17
기장읍1782,1,,부산광역시 기장군 기장읍 청강리 706-6,35.2332829389,129.2150188745,2021,한전주,051-709-4684,부산광역시 기장군청,2025-11-17
기장읍1783,1,,부산광역시 기장군 기장읍 청강리 706-6,35.2332829389,129.2150188745,2021,한전주,051-709-4684,부산광역시 기장군청,2025-11-17
기장읍1784,1,,부산광역시 기장군 기장읍 청강리 705-11,35.23518255,129.2152474,2021,한전주,051-709-4684,부산광역시 기장군청,2025-11-17
기장읍1785,1,,부산광역시 기장군 기장읍 청강리 278-6,35.23837441,129.2180088412,2021,한전주,051-709-4684,부산광역시 기장군청,2025-11-17
기장읍1786,1,,부산광역시 기장군 기장읍 내리 778,35.20337133,129.2060828,2021,전용주,051-709-4684,부산광역시 기장군청,2025-11-17
기장읍1787,1,,부산광역시 기장군 기장읍 내리 794,35.2034021613,129.2067092,2021,전용주,051-709-4684,부산광역시 기장군청,2025-11-17
기장읍1788,1,,부산광역시 기장군 기장읍 내리 794,35.20340547,129.2067144548,2021,전용주,051-709-4684,부산광역시 기장군청,2025-11-17
기장읍1789,1,,부산광역시 기장군 기장읍 교리 240-1,35.25580316,129.2166649318,2021,한전주,051-709-4684,부산광역시 기장군청,2025-11-17
기장읍1790,1,,부산광역시 기장군 기장읍 대변리 1-3,35.23009215,129.2423452,2021,한전주,051-709-4684,부산광역시 기장군청,2025-11-17
기장읍1791,1,,부산광역시 기장군 기장읍 대변리 1-3,35.23001113,129.2423813604,2021,한전주,051-709-4684,부산광역시 기장군청,2025-11-17
기장읍1792,1,,부산광역시 기장군 기장읍 만화리 441-1,35.25892258,129.198130451,,한전주,051-709-4684,부산광역시 기장군청,2025-11-17
기장읍1793,1,,부산광역시 기장군 기장읍 죽성리 479-5,35.23798693,129.2421699,2021,한전주,051-709-4684,부산광역시 기장군청,2025-11-17
기장읍1794,1,,부산광역시 기장군 기장읍 청강리 165-16,35.23787903,129.2211127426,2021,한전주,051-709-4684,부산광역시 기장군청,2025-11-17
기장읍1795,1,,부산광역시 기장군 기장읍 청강리 158-8,35.2359709788,129.2190759137,2021,한전주,051-709-4684,부산광역시 기장군청,2025-11-17
기장읍1796,1,,부산광역시 기장군 기장읍 대변리 440-1,35.22571794,129.2271825,2021,한전주,051-709-4684,부산광역시 기장군청,2025-11-17
기장읍1797,1,,부산광역시 기장군 기장읍 내리 449-1,35.216250499,129.2005887,2021,전용주,051-709-4684,부산광역시 기장군청,2025-11-17
기장읍1798,1,,부산광역시 기장군 기장읍 내리 555-2,35.2166424974,129.200157414,2021,전용주,051-709-4684,부산광역시 기장군청,2025-11-17
기장읍1799,1,,부산광역시 기장군 기장읍 내리 555-2,35.21662489,129.2001304,2021,전용주,051-709-4684,부산광역시 기장군청,2025-11-17
기장읍1800,1,,부산광역시 기장군 기장읍 내리 555-2,35.2166424974,129.200157414,2021,전용주,051-709-4684,부산광역시 기장군청,2025-11-17
기장읍1801,1,,부산광역시 기장군 기장읍 대라리 34-7,35.24249943,129.217473,2021,한전주,051-709-4684,부산광역시 기장군청,2025-11-17
기장읍1802,1,,부산광역시 기장군 기장읍 대변리 151,35.2248658977,129.2325324455,2021,전용주,051-709-4684,부산광역시 기장군청,2025-11-17
기장읍1803,1,,부산광역시 기장군 기장읍 대변리 608-3,35.2260355115,129.2323800777,2021,한전주,051-709-4684,부산광역시 기장군청,2025-11-17
기장읍1804,1,,부산광역시 기장군 기장읍 대변리 608-3,35.2260355115,129.2323800777,2021,건축물,051-709-4684,부산광역시 기장군청,2025-11-17
기장읍1805,1,,부산광역시 기장군 기장읍 죽성리 944,35.23222525,129.2437300289,2021,한전주,051-709-4684,부산광역시 기장군청,2025-11-17
기장읍1806,1,,부산광역시 기장군 기장읍 죽성리 산 65,35.2315744511,129.2426787481,2021,한전주,051-709-4684,부산광역시 기장군청,2025-11-17
기장읍1808,1,,부산광역시 기장군 기장읍 죽성리 235,35.24111642,129.2464418,2021,건축물,051-709-4684,부산광역시 기장군청,2025-11-17
기장읍1809,1,,부산광역시 기장군 기장읍 동부리 155-13,35.2473088,129.2155251,2022,한전주,051-709-4684,부산광역시 기장군청,2025-11-17
기장읍1810,1,,부산광역시 기장군 기장읍 대변리 87-4,35.2244556699,129.2321957729,2021,한전주,051-709-4684,부산광역시 기장군청,2025-11-17
기장읍1811,1,,부산광역시 기장군 기장읍 동부리 284-5,35.24588676,129.2177889,2021,건축물,051-709-4684,부산광역시 기장군청,2025-11-17
기장읍1812,1,,부산광역시 기장군 기장읍 죽성리 154-6,35.2383452,129.2441803062,2021,한전주,051-709-4684,부산광역시 기장군청,2025-11-17
기장읍1813,1,,부산광역시 기장군 기장읍 청강리 577-1,35.2277033,129.2119196,2021,한전주,051-709-4684,부산광역시 기장군청,2025-11-17
기장읍1814,1,,부산광역시 기장군 기장읍 교리 352-6,35.2525655872,129.2180811741,2021,한전주,051-709-4684,부산광역시 기장군청,2025-11-17
기장읍1815,1,,부산광역시 기장군 기장읍 내리 길 211,35.21676459,129.1939246,2021,한전주,051-709-4684,부산광역시 기장군청,2025-11-17
기장읍1816,1,,부산광역시 기장군 기장읍 석산리 37-29,35.20677473,129.2120029499,2021,한전주,051-709-4684,부산광역시 기장군청,2025-11-17
기장읍1817,1,,부산광역시 기장군 기장읍 교리 356-12,35.25400919,129.2177069,2021,한전주,051-709-4684,부산광역시 기장군청,2025-11-17
기장읍1818,1,,부산광역시 기장군 기장읍 교리 279-30,35.25164122,129.2192473,2021,건축물,051-709-4684,부산광역시 기장군청,2025-11-17
기장읍1819,1,,부산광역시 기장군 기장읍 동부리 359-1,35.2484181841,129.2120752,2021,한전주,051-709-4684,부산광역시 기장군청,2025-11-17
기장읍1820,1,,부산광역시 기장군 기장읍 대라리 1000,35.2416605886,129.2108012241,2021,건축물,051-709-4684,부산광역시 기장군청,2025-11-17
기장읍1821,1,,부산광역시 기장군 기장읍 대라리 146-6,35.23836547,129.2126230571,2021,한전주,051-709-4684,부산광역시 기장군청,2025-11-17
기장읍1822,1,,부산광역시 기장군 기장읍 대라리 310,35.23927592,129.2113499,2021,건축물,051-709-4684,부산광역시 기장군청,2025-11-17
기장읍1824,1,,부산광역시 기장군 기장읍 서부리 391-1,35.251077947,129.209114059,2022,한전주,051-709-4684,부산광역시 기장군청,2025-11-17
기장읍1825,1,,부산광역시 기장군 기장읍 서부리 401,35.251115075,129.2085462,2022,한전주,051-709-4684,부산광역시 기장군청,2025-11-17
기장읍1826,1,,부산광역시 기장군 기장읍 신천리 48,35.240751538,129.2268030385,2022,한전주,051-709-4684,부산광역시 기장군청,2025-11-17
기장읍1827,1,,부산광역시 기장군 기장읍 대라리 148-21,35.2387582804,129.2148642179,2022,한전주,051-709-4684,부산광역시 기장군청,2025-11-17
기장읍1828,1,,부산광역시 기장군 기장읍 청강리 703-6,35.23593757,129.2169511,2022,한전주,051-709-4684,부산광역시 기장군청,2025-11-17
기장읍1829,1,,부산광역시 기장군 기장읍 청강리 703-4,35.23551448,129.2170401,2022,한전주,051-709-4684,부산광역시 기장군청,2025-11-17
기장읍1830,1,,부산광역시 기장군 기장읍 만화리 252-1,35.2569595639,129.2011943383,2023,한전주,051-709-4684,부산광역시 기장군청,2025-11-17
기장읍1831,1,,부산광역시 기장군 기장읍 청강리 536-4,35.2264197952,129.2136362155,2023,건축물,051-709-4684,부산광역시 기장군청,2025-11-17
기장읍1832,1,,부산광역시 기장군 기장읍 교리 86-3,35.2573650135,129.2145371569,2023,한전주,051-709-4684,부산광역시 기장군청,2025-11-17
기장읍1833,1,,부산광역시 기장군 기장읍 내리 산 100-1,35.215343526,129.1821323662,2023,한전주,051-709-4684,부산광역시 기장군청,2025-11-17
기장읍1834,1,,부산광역시 기장군 기장읍 내리 산 100-1,35.215343526,129.1821323662,2023,한전주,051-709-4684,부산광역시 기장군청,2025-11-17
기장읍1835,1,,부산광역시 기장군 기장읍 내리 산 100-1,35.215343526,129.1821323662,2023,한전주,051-709-4684,부산광역시 기장군청,2025-11-17
기장읍1836,1,,부산광역시 기장군 기장읍 내리 산 100-1,35.215343526,129.1821323662,2023,한전주,051-709-4684,부산광역시 기장군청,2025-11-17
기장읍1837,1,,부산광역시 기장군 기장읍 내리 산 100-1,35.215343526,129.1821323662,2023,한전주,051-709-4684,부산광역시 기장군청,2025-11-17
기장읍1838,1,,부산광역시 기장군 기장읍 내리 701,35.2171026183,129.178569519,2023,한전주,051-709-4684,부산광역시 기장군청,2025-11-17
기장읍1839,1,,부산광역시 기장군 기장읍 내리 701,35.2171026183,129.178569519,2023,한전주,051-709-4684,부산광역시 기장군청,2025-11-17
기장읍1840,1,,부산광역시 기장군 기장읍 내리 701,35.2171026183,129.178569519,2023,한전주,051-709-4684,부산광역시 기장군청,2025-11-17
기장읍1841,1,,부산광역시 기장군 기장읍 내리 701,35.2171026183,129.178569519,2023,한전주,051-709-4684,부산광역시 기장군청,2025-11-17
기장읍1842,1,,부산광역시 기장군 기장읍 내리 701,35.2171026183,129.178569519,2023,한전주,051-709-4684,부산광역시 기장군청,2025-11-17
기장읍1843,1,,부산광역시 기장군 기장읍 내리 산 100-1,35.215343526,129.1821323662,2023,한전주,051-709-4684,부산광역시 기장군청,2025-11-17
기장읍1844,1,,부산광역시 기장군 기장읍 내리 산 100-1,35.215343526,129.1821323662,2023,한전주,051-709-4684,부산광역시 기장군청,2025-11-17
기장읍1845,1,,부산광역시 기장군 기장읍 내리 산 100-1,35.215343526,129.1821323662,2023,한전주,051-709-4684,부산광역시 기장군청,2025-11-17
기장읍1846,1,,부산광역시 기장군 기장읍 내리 684,35.21643549,129.1753887954,2023,한전주,051-709-4684,부산광역시 기장군청,2025-11-17
기장읍1847,1,,부산광역시 기장군 기장읍 내리 684,35.2164578623,129.1753887954,2023,한전주,051-709-4684,부산광역시 기장군청,2025-11-17
기장읍1848,1,,부산광역시 기장군 기장읍 내리 682,35.21608357,129.1748836005,2023,한전주,051-709-4684,부산광역시 기장군청,2025-11-17
기장읍1849,1,,부산광역시 기장군 기장읍 내리 산 100-1,35.215343526,129.1821323662,2023,한전주,051-709-4684,부산광역시 기장군청,2025-11-17
기장읍1850,1,,부산광역시 기장군 기장읍 시랑리,35.18605797,129.2115391,2023,한전주,051-709-4684,부산광역시 기장군청,2025-11-17
기장읍1851,1,,부산광역시 기장군 기장읍 시랑리 565-3,35.1857816709,129.2115398338,2023,한전주,051-709-4684,부산광역시 기장군청,2025-11-17
기장읍1852,1,,부산광역시 기장군 기장읍 시랑리,35.18526147,129.2114846,2023,한전주,051-709-4684,부산광역시 기장군청,2025-11-17
기장읍1853,1,,부산광역시 기장군 기장읍 연화리 225-4,35.21673863,129.2247135,2023,한전주,051-709-4684,부산광역시 기장군청,2025-11-17
기장읍1854,1,,부산광역시 기장군 기장읍 연화리 222-5,35.21698021,129.2253010377,2023,한전주,051-709-4684,부산광역시 기장군청,2025-11-17
기장읍1855,1,,부산광역시 기장군 기장읍 시랑리 62-15,35.1965036076,129.228291735,2023,한전주,051-709-4684,부산광역시 기장군청,2025-11-17
기장읍1856,1,,부산광역시 기장군 기장읍 대라리 66-4,35.2434396289,129.2155631645,2023,한전주,051-709-4684,부산광역시 기장군청,2025-11-17
기장읍1857,1,,부산광역시 기장군 기장읍 동부리 125-1,35.2459843156,129.2147537826,2023,한전주,051-709-4684,부산광역시 기장군청,2025-11-17
기장읍1858,1,,부산광역시 기장군 기장읍 동부리 366-9,35.2477919234,129.2170187028,2023,한전주,051-709-4684,부산광역시 기장군청,2025-11-17
기장읍1859,1,,부산광역시 기장군 기장읍 동부리 366-4,35.24763217,129.2178888291,2023,한전주,051-709-4684,부산광역시 기장군청,2025-11-17
기장읍1860,1,,부산광역시 기장군 기장읍 내리 656-1,35.22054023,129.1854637,2023,한전주,051-709-4684,부산광역시 기장군청,2025-11-17
기장읍1861,1,,부산광역시 기장군 기장읍 내리 649,35.2209672923,129.1858378504,2023,한전주,051-709-4684,부산광역시 기장군청,2025-11-17
기장읍1862,1,,부산광역시 기장군 기장읍 내리 652,35.2215961839,129.1861101134,2023,한전주,051-709-4684,부산광역시 기장군청,2025-11-17
기장읍1863,1,,부산광역시 기장군 기장읍 내리 739,35.223381385,129.1867650067,2023,한전주,051-709-4684,부산광역시 기장군청,2025-11-17
기장읍1864,1,,부산광역시 기장군 기장읍 내리 739,35.223381385,129.1867650067,2023,한전주,051-709-4684,부산광역시 기장군청,2025-11-17
기장읍1865,1,,부산광역시 기장군 기장읍 만화리 252-21,35.25783428,129.2004475,2023,한전주,051-709-4684,부산광역시 기장군청,2025-11-17
기장읍1866,1,,부산광역시 기장군 기장읍 내리 656-1,35.2205965688,129.1854627328,2023,한전주,051-709-4684,부산광역시 기장군청,2025-11-17
기장읍1867,1,,부산광역시 기장군 기장읍 내리 641,35.2251266077,129.187536684,2023,한전주,051-709-4684,부산광역시 기장군청,2025-11-17
기장읍1868,1,,부산광역시 기장군 기장읍 내리 739,35.223381385,129.1867650067,2023,한전주,051-709-4684,부산광역시 기장군청,2025-11-17
기장읍1869,1,,부산광역시 기장군 기장읍 내리 656-1,35.2205965688,129.1854627328,2023,한전주,051-709-4684,부산광역시 기장군청,2025-11-17
기장읍1870,1,,부산광역시 기장군 기장읍 내리 739,35.223381385,129.1867650067,2023,,051-709-4684,부산광역시 기장군청,2025-11-17
기장읍1871,1,,부산광역시 기장군 기장읍 내리 739,35.223381385,129.1867489,2023,,051-709-4684,부산광역시 기장군청,2025-11-17
기장읍1872,1,,부산광역시 기장군 기장읍 내리 산 100-1,35.215343526,129.1821323662,2023,,051-709-4684,부산광역시 기장군청,2025-11-17
기장읍1873,1,,부산광역시 기장군 기장읍 죽성리 217,35.24114422,129.2474355,2023,,051-709-4684,부산광역시 기장군청,2025-11-17
기장읍1874,1,,부산광역시 기장군 기장읍 청강리 183,35.2392409117,129.2210192017,2023,,051-709-4684,부산광역시 기장군청,2025-11-17
기장읍1875,1,,부산광역시 기장군 기장읍 대라리 1025,35.24190936,129.2117155076,2023,,051-709-4684,부산광역시 기장군청,2025-11-17
기장읍1876,1,,부산광역시 기장군 기장읍 만화리 426-2,35.25846518,129.1971381434,2023,,051-709-4684,부산광역시 기장군청,2025-11-17
기장읍1877,1,,부산광역시 기장군 기장읍 만화리 326-35,35.2544603291,129.192812213,2023,,051-709-4684,부산광역시 기장군청,2025-11-17
기장읍1878,1,,부산광역시 기장군 기장읍 만화리 326-32,35.2540599123,129.1926604566,2023,,051-709-4684,부산광역시 기장군청,2025-11-17
기장읍1879,1,,부산광역시 기장군 기장읍 내리 산 100-1,35.215343526,129.1821323662,2023,,051-709-4684,부산광역시 기장군청,2025-11-17
기장읍1880,1,,부산광역시 기장군 기장읍 만화리 240-3,35.2574331857,129.1989335557,2024,,051-709-4684,부산광역시 기장군청,2025-11-17
기장읍1881,1,,부산광역시 기장군 기장읍 서부리 456,35.250294683,129.2093509974,2024,,051-709-4684,부산광역시 기장군청,2025-11-17
기장읍1882,1,,부산광역시 기장군 기장읍 서부리 456,35.250294683,129.2093509974,2024,,051-709-4684,부산광역시 기장군청,2025-11-17
기장읍1883,1,,부산광역시 기장군 기장읍 서부리 456,35.250294683,129.2093509974,2024,,051-709-4684,부산광역시 기장군청,2025-11-17
기장읍1884,1,,부산광역시 기장군 기장읍 서부리 456,35.250294683,129.2093509974,2024,,051-709-4684,부산광역시 기장군청,2025-11-17
기장읍1885,1,,부산광역시 기장군 기장읍 서부리 456,35.250294683,129.2093509974,2024,,051-709-4684,부산광역시 기장군청,2025-11-17
기장읍1886,1,,부산광역시 기장군 기장읍 동부리 4-2,35.25309559,129.2219471,2024,,051-709-4684,부산광역시 기장군청,2025-11-17
기장읍1887,1,,부산광역시 기장군 기장읍 동부리 2-2,35.2534595866,129.2223142434,2024,,051-709-4684,부산광역시 기장군청,2025-11-17
기장읍1888,1,,부산광역시 기장군 기장읍 동부리 산 3-26,35.2536991924,129.2223769,2024,,051-709-4684,부산광역시 기장군청,2025-11-17
기장읍1889,1,,부산광역시 기장군 기장읍 교리 365,35.2524266203,129.2140445711,2024,,051-709-4684,부산광역시 기장군청,2025-11-17
기장읍1890,1,,부산광역시 기장군 기장읍 대라리 775,35.2386859134,129.2093886209,2024,,051-709-4684,부산광역시 기장군청,2025-11-17
기장읍1891,1,,부산광역시 기장군 기장읍 교리 363,35.2522075752,129.2157721747,2024,,051-709-4684,부산광역시 기장군청,2025-11-17
기장읍1892,1,,부산광역시 기장군 기장읍 대라리 406-14,35.24086713,129.2127831,2024,,051-709-4684,부산광역시 기장군청,2025-11-17
기장읍1893,1,,부산광역시 기장군 기장읍 석산리 56-15,35.20691485,129.2108437944,2024,,051-709-4684,부산광역시 기장군청,2025-11-17
기장읍1894,1,,부산광역시 기장군 기장읍 석산리 56-11,35.20697175,129.2112678474,2024,,051-709-4684,부산광역시 기장군청,2025-11-17
기장읍1895,1,,부산광역시 기장군 기장읍 서부리 80,35.2456432855,129.2109147,2024,,051-709-4684,부산광역시 기장군청,2025-11-17
기장읍1896,1,,부산광역시 기장군 기장읍 만화리 산 104-16,35.2552488834,129.1907636156,2024,,051-709-4684,부산광역시 기장군청,2025-11-17
기장읍1897,1,,부산광역시 기장군 기장읍 내리 656-1,35.2205965688,129.1854627328,2024,,051-709-4684,부산광역시 기장군청,2025-11-17
기장읍1898,1,,부산광역시 기장군 기장읍 내리 646,35.2216160154,129.1865761,2024,,051-709-4684,부산광역시 기장군청,2025-11-17
기장읍1899,1,,부산광역시 기장군 기장읍 대변리 304-24,35.22207982,129.2309649,2024,,051-709-4684,부산광역시 기장군청,2025-11-17
기장읍1900,1,,부산광역시 기장군 기장읍 대변리 304-19,35.22214975,129.2311101708,2024,,051-709-4684,부산광역시 기장군청,2025-11-17
기장읍1901,1,,부산광역시 기장군 기장읍 대변리 274-7,35.2219500514,129.2314531818,2024,,051-709-4684,부산광역시 기장군청,2025-11-17
기장읍1902,1,,부산광역시 기장군 기장읍 내리 651,35.2212618937,129.186226215,2024,,051-709-4684,부산광역시 기장군청,2025-11-17
기장읍1903,1,,부산광역시 기장군 기장읍 시랑리 664,35.1966907144,129.2239174964,2024,건축물,051-709-4684,부산광역시 기장군청,2025-11-17
기장읍1904,1,,부산광역시 기장군 기장읍 시랑리 205-4,35.1967031631,129.2231139,2024,전용주,051-709-4684,부산광역시 기장군청,2025-11-17
기장읍1905,1,,부산광역시 기장군 기장읍 대라리 501-12,35.24185531,129.2123183505,2024,건축물,051-709-4684,부산광역시 기장군청,2025-11-17
기장읍1906,1,,부산광역시 기장군 기장읍 내리 산 100-1,35.215343526,129.1821323662,2024,한전주,051-709-4684,부산광역시 기장군청,2025-11-17
기장읍1907,1,,부산광역시 기장군 기장읍 내리 산 100-1,35.215343526,129.1821323662,2024,한전주,051-709-4684,부산광역시 기장군청,2025-11-17
기장읍1908,1,,부산광역시 기장군 기장읍 내리 산 100-1,35.215343526,129.1821323662,2024,한전주,051-709-4684,부산광역시 기장군청,2025-11-17
기장읍1909,1,,부산광역시 기장군 기장읍 죽성리 541-4,35.2395862141,129.2417925,2024,건축물,051-709-4684,부산광역시 기장군청,2025-11-17
기장읍1910,1,,부산광역시 기장군 기장읍 내리 산 100-1,35.21539492,129.1821323662,2024,건축물,051-709-4684,부산광역시 기장군청,2025-11-17
기장읍1911,1,,부산광역시 기장군 기장읍 내리 산 100-1,35.215343526,129.1821323662,2024,한전주,051-709-4684,부산광역시 기장군청,2025-11-17
기장읍1915,1,,부산광역시 기장군 기장읍 대라리 422-8,35.2424549,129.2147100203,2024,한전주,051-709-4684,부산광역시 기장군청,2025-11-17
기장읍1916,1,,부산광역시 기장군 기장읍 청강리 818,35.2264357575,129.2135315,2024,전용주,051-709-4684,부산광역시 기장군청,2025-11-17
기장읍1917,1,,부산광역시 기장군 기장읍 교리 363,35.2522075752,129.2157721747,2024,한전주,051-709-4684,부산광역시 기장군청,2025-11-17
기장읍1918,1,,부산광역시 기장군 기장읍 서부리 158-1,35.2440618122,129.2114563,2024,전용주,051-709-4684,부산광역시 기장군청,2025-11-17
기장읍1920,1,,부산광역시 기장군 기장읍 교리 38-5,35.2569551453,129.217910207,2024,한전주,051-709-4684,부산광역시 기장군청,2025-11-17
기장읍1921,1,,부산광역시 기장군 기장읍 교리 36,35.25683531,129.2174193733,2024,전용주,051-709-4684,부산광역시 기장군청,2025-11-17
기장읍1930임시,1,,부산광역시 기장군 기장읍 죽성리 24,35.2456944944,129.2426478682,2025,,051-709-4684,부산광역시 기장군청,2025-11-17
기장읍 1716,1,,부산광역시 기장군 기장읍 청강리 537-7,35.2254967537,129.2138831306,2022,한전주,051-709-4684,부산광역시 기장군청,2025-11-17
기장읍 1761,1,,부산광역시 기장군 기장읍 동부리 375-9,35.2488431244,129.2187854773,2020,한전주,051-709-4684,부산광역시 기장군청,2025-11-17
기장읍교리-1,1,,부산광역시 기장군 기장읍 교리 344-12,35.25242876,129.2162641,,한전주,051-709-4684,부산광역시 기장군청,2025-11-17
기장읍교리-2,1,,부산광역시 기장군 기장읍 교리 344-12,35.25242876,129.2162641,,한전주,051-709-4684,부산광역시 기장군청,2025-11-17
기장읍교리-3,1,,부산광역시 기장군 기장읍 교리 347-2,35.2517799423,129.2166443,,한전주,051-709-4684,부산광역시 기장군청,2025-11-17
기장읍교리-4,1,,부산광역시 기장군 기장읍 교리 347-1,35.25183401,129.2164076,,한전주,051-709-4684,부산광역시 기장군청,2025-11-17
기장읍교리-5,1,,부산광역시 기장군 기장읍 교리 348-6,35.2514360731,129.2166901,,한전주,051-709-4684,부산광역시 기장군청,2025-11-17
기장읍교리-6,1,,부산광역시 기장군 기장읍 교리 343-3,35.25282196,129.2169898,,한전주,051-709-4684,부산광역시 기장군청,2025-11-17
기장읍교리-7,1,,부산광역시 기장군 기장읍 교리 339-11,35.2532511719,129.2161533352,,한전주,051-709-4684,부산광역시 기장군청,2025-11-17
기장읍교리-8,1,,부산광역시 기장군 기장읍 교리 342-6,35.25322544,129.216859,,한전주,051-709-4684,부산광역시 기장군청,2025-11-17
기장읍교리-9,1,,부산광역시 기장군 기장읍 교리 342-9,35.25363406,129.2168809,,한전주,051-709-4684,부산광역시 기장군청,2025-11-17
기장읍교리-10,1,,부산광역시 기장군 기장읍 교리 340-6,35.25411606,129.216666,,한전주,051-709-4684,부산광역시 기장군청,2025-11-17
기장읍교리-11,1,,부산광역시 기장군 기장읍 교리 340-5,35.25396347,129.2164488046,,한전주,051-709-4684,부산광역시 기장군청,2025-11-17
기장읍교리-12,1,,부산광역시 기장군 기장읍 교리 340-7,35.25373602,129.216441,,한전주,051-709-4684,부산광역시 기장군청,2025-11-17
기장읍교리-13,1,,부산광역시 기장군 기장읍 교리 356-14,35.25400543,129.2173318769,,건축물,051-709-4684,부산광역시 기장군청,2025-11-17
기장읍교리-14,1,,부산광역시 기장군 기장읍 교리 355-4,35.2538288719,129.2179579608,,한전주,051-709-4684,부산광역시 기장군청,2025-11-17
기장읍교리-15,1,,부산광역시 기장군 기장읍 교리 355-6,35.2538436809,129.2181774171,,한전주,051-709-4684,부산광역시 기장군청,2025-11-17
기장읍교리-16,1,,부산광역시 기장군 기장읍 교리 355-8,35.25389862,129.2186584,,한전주,051-709-4684,부산광역시 기장군청,2025-11-17
기장읍교리-17,1,,부산광역시 기장군 기장읍 교리 357-1,35.25424576,129.218937591,,한전주,051-709-4684,부산광역시 기장군청,2025-11-17
기장읍교리-18,1,,부산광역시 기장군 기장읍 교리 355-9,35.25365448,129.2185738112,,한전주,051-709-4684,부산광역시 기장군청,2025-11-17
기장읍교리-19,1,,부산광역시 기장군 기장읍 교리 354-6,35.2533941972,129.2186297444,,한전주,051-709-4684,부산광역시 기장군청,2025-11-17
기장읍교리-20,1,,부산광역시 기장군 기장읍 교리 354-6,35.2533941972,129.2186584,,한전주,051-709-4684,부산광역시 기장군청,2025-11-17
기장읍교리-21,1,,부산광역시 기장군 기장읍 교리 354-4,35.2533513459,129.2181066538,,한전주,051-709-4684,부산광역시 기장군청,2025-11-17
기장읍교리-22,1,,부산광역시 기장군 기장읍 교리 355-16,35.2536744002,129.2176819,,한전주,051-709-4684,부산광역시 기장군청,2025-11-17
기장읍교리-23,1,,부산광역시 기장군 기장읍 교리 354-7,35.25317001,129.2185025663,,한전주,051-709-4684,부산광역시 기장군청,2025-11-17
기장읍교리-24,1,,부산광역시 기장군 기장읍 교리 353-6,35.2529780841,129.2185695155,,한전주,051-709-4684,부산광역시 기장군청,2025-11-17
기장읍교리-25,1,,부산광역시 기장군 기장읍 교리 353-16,35.2529740865,129.2181854,,한전주,051-709-4684,부산광역시 기장군청,2025-11-17
기장읍교리-26,1,,부산광역시 기장군 기장읍 교리 353-13,35.2529978049,129.2177889854,,한전주,051-709-4684,부산광역시 기장군청,2025-11-17
기장읍교리-27,1,,부산광역시 기장군 기장읍 교리 352-1,35.2526044733,129.2173364332,,한전주,051-709-4684,부산광역시 기장군청,2025-11-17
기장읍교리-28,1,,부산광역시 기장군 기장읍 교리 352-3,35.2525716979,129.217804,,한전주,051-709-4684,부산광역시 기장군청,2025-11-17
기장읍교리-29,1,,부산광역시 기장군 기장읍 교리 352-6,35.2525655872,129.2180811741,,한전주,051-709-4684,부산광역시 기장군청,2025-11-17
기장읍교리-30,1,,부산광역시 기장군 기장읍 교리 352-5,35.2525703255,129.2185598282,,한전주,051-709-4684,부산광역시 기장군청,2025-11-17
기장읍교리-31,1,,부산광역시 기장군 기장읍 교리 352-5,35.25253296,129.2185598282,,한전주,051-709-4684,부산광역시 기장군청,2025-11-17
기장읍교리-32,1,,부산광역시 기장군 기장읍 교리 278-2,35.2522579597,129.2188416,,건축물,051-709-4684,부산광역시 기장군청,2025-11-17
기장읍교리-33,1,,부산광역시 기장군 기장읍 교리 279-19,35.25218582,129.2190857,,한전주,051-709-4684,부산광역시 기장군청,2025-11-17
기장읍교리-34,1,,부산광역시 기장군 기장읍 교리 361-13,35.2518166211,129.2191112796,,건축물,051-709-4684,부산광역시 기장군청,2025-11-17
기장읍교리-35,1,,부산광역시 기장군 기장읍 교리 361-12,35.252331865,129.2187195,,한전주,051-709-4684,부산광역시 기장군청,2025-11-17
기장읍교리-36,1,,부산광역시 기장군 기장읍 교리 351-5,35.25214299,129.2182159,,한전주,051-709-4684,부산광역시 기장군청,2025-11-17
기장읍교리-37,1,,부산광역시 기장군 기장읍 교리 351-2,35.252156123,129.2177566024,,한전주,051-709-4684,부산광역시 기장군청,2025-11-17
기장읍교리-38,1,,부산광역시 기장군 기장읍 교리 351-1,35.2521701153,129.2173571162,,한전주,051-709-4684,부산광역시 기장군청,2025-11-17
기장읍교리-39,1,,부산광역시 기장군 기장읍 교리 350-2,35.25178058,129.217523,,한전주,051-709-4684,부산광역시 기장군청,2025-11-17
기장읍교리-40,1,,부산광역시 기장군 기장읍 교리 350-12,35.2517766951,129.2179718,,한전주,051-709-4684,부산광역시 기장군청,2025-11-17
기장읍교리-41,1,,부산광역시 기장군 기장읍 교리 350-4,35.2517244505,129.2185841174,,한전주,051-709-4684,부산광역시 기장군청,2025-11-17
기장읍교리-42,1,,부산광역시 기장군 기장읍 교리 350-4,35.2517244505,129.2185822,,한전주,051-709-4684,부산광역시 기장군청,2025-11-17
기장읍교리-43,1,,부산광역시 기장군 기장읍 교리 361-10,35.2517385858,129.2189094645,,한전주,051-709-4684,부산광역시 기장군청,2025-11-17
기장읍교리-44,1,,부산광역시 기장군 기장읍 교리 349-8,35.25137746,129.2183859,,한전주,051-709-4684,부산광역시 기장군청,2025-11-17
기장읍교리-45,1,,부산광역시 기장군 기장읍 교리 349-5,35.2514801,129.2179413,,한전주,051-709-4684,부산광역시 기장군청,2025-11-17
기장읍교리-46,1,,부산광역시 기장군 기장읍 교리 349-3,35.25148773,129.2176056,,한전주,051-709-4684,부산광역시 기장군청,2025-11-17
기장읍교리-47,1,,부산광역시 기장군 기장읍 교리 349-8,35.25133896,129.2183859,,한전주,051-709-4684,부산광역시 기장군청,2025-11-17
기장읍교리-48,1,,부산광역시 기장군 기장읍 교리 360-1,35.253280825,129.2188023122,,한전주,051-709-4684,부산광역시 기장군청,2025-11-17
기장읍교리-49,1,,부산광역시 기장군 기장읍 교리 360-1,35.253280825,129.2188023122,,한전주,051-709-4684,부산광역시 기장군청,2025-11-17
기장읍교리-50,1,,부산광역시 기장군 기장읍 교리 360-3,35.25349045,129.219854203,,한전주,051-709-4684,부산광역시 기장군청,2025-11-17
기장읍교리-51,1,,부산광역시 기장군 기장읍 교리 360-3,35.2534066945,129.219854203,,한전주,051-709-4684,부산광역시 기장군청,2025-11-17
기장읍교리-52,1,,부산광역시 기장군 기장읍 교리 265-3,35.2544603796,129.2184906,,한전주,051-709-4684,부산광역시 기장군청,2025-11-17
기장읍교리-53,1,,부산광역시 기장군 기장읍 교리 357-2,35.25429535,129.219162,,한전주,051-709-4684,부산광역시 기장군청,2025-11-17
기장읍교리-55,1,,부산광역시 기장군 기장읍 교리 357-5,35.2540668008,129.2193146,,전용주,051-709-4684,부산광역시 기장군청,2025-11-17
기장읍교리-56,1,,부산광역시 기장군 기장읍 교리 356-3,35.25447083,129.217782079,,한전주,051-709-4684,부산광역시 기장군청,2025-11-17
기장읍교리-57,1,,부산광역시 기장군 기장읍 교리 337-19,35.25245667,129.2153767053,,한전주,051-709-4684,부산광역시 기장군청,2025-11-17
기장읍교리-58,1,,부산광역시 기장군 기장읍 교리 332-11,35.2525240472,129.2147064,,한전주,051-709-4684,부산광역시 기장군청,2025-11-17
기장읍교리-59,1,,부산광역시 기장군 기장읍 교리 333-1,35.2522721214,129.2150259399,,한전주,051-709-4684,부산광역시 기장군청,2025-11-17
기장읍교리-60,1,,부산광역시 기장군 기장읍 교리 336-1,35.25220176,129.2155811,,건축물,051-709-4684,부산광역시 기장군청,2025-11-17
기장읍교리-61,1,,부산광역시 기장군 기장읍 교리 333-3,35.25190367,129.2150298,,한전주,051-709-4684,부산광역시 기장군청,2025-11-17
기장읍교리-62,1,,부산광역시 기장군 기장읍 교리 333-4,35.2517128,129.2149564,,한전주,051-709-4684,부산광역시 기장군청,2025-11-17
기장읍교리-63,1,,부산광역시 기장군 기장읍 교리 336-11,35.2515215323,129.215569717,,한전주,051-709-4684,부산광역시 기장군청,2025-11-17
기장읍교리-64,1,,부산광역시 기장군 기장읍 교리 335-3,35.2509479472,129.2152619463,,한전주,051-709-4684,부산광역시 기장군청,2025-11-17
기장읍교리-65,1,,부산광역시 기장군 기장읍 교리 335-5,35.2509208575,129.2152739023,,한전주,051-709-4684,부산광역시 기장군청,2025-11-17
기장읍교리-66,1,,부산광역시 기장군 기장읍 교리 334-1,35.251185113,129.2150105282,,한전주,051-709-4684,부산광역시 기장군청,2025-11-17
기장읍교리-67,1,,부산광역시 기장군 기장읍 교리 333-13,35.25135803,129.2147484,,한전주,051-709-4684,부산광역시 기장군청,2025-11-17
기장읍교리-68,1,,부산광역시 기장군 기장읍 교리 329-12,35.25083923,129.2144073189,,한전주,051-709-4684,부산광역시 기장군청,2025-11-17
기장읍교리-70,1,,부산광역시 기장군 기장읍 교리 329-3,35.25047808,129.2143813,,한전주,051-709-4684,부산광역시 기장군청,2025-11-17
기장읍교리-71,1,,부산광역시 기장군 기장읍 교리 329-13,35.25033297,129.2143732,,한전주,051-709-4684,부산광역시 기장군청,2025-11-17
기장읍교리-72,1,,부산광역시 기장군 기장읍 교리 333-11,35.25198806,129.2148506,,한전주,051-709-4684,부산광역시 기장군청,2025-11-17
기장읍교리-73,1,,부산광역시 기장군 기장읍 교리 333-14,35.25160599,129.2147584963,,한전주,051-709-4684,부산광역시 기장군청,2025-11-17
기장읍교리-74,1,,부산광역시 기장군 기장읍 교리 331-5,35.25249719,129.2144813,,한전주,051-709-4684,부산광역시 기장군청,2025-11-17
기장읍교리-75,1,,부산광역시 기장군 기장읍 교리 332-9,35.25282369,129.2150411,,한전주,051-709-4684,부산광역시 기장군청,2025-11-17
기장읍교리-76,1,,부산광역시 기장군 기장읍 교리 332-7,35.2530059286,129.215009769,,한전주,051-709-4684,부산광역시 기장군청,2025-11-17
기장읍교리-77,1,,부산광역시 기장군 기장읍 교리 332-3,35.2534289,129.2150647,,한전주,051-709-4684,부산광역시 기장군청,2025-11-17
기장읍교리-78,1,,부산광역시 기장군 기장읍 교리 332-1,35.253737488,129.2151114123,,한전주,051-709-4684,부산광역시 기장군청,2025-11-17
기장읍교리-79,1,,부산광역시 기장군 기장읍 교리 332-17,35.2530584107,129.2148148095,,한전주,051-709-4684,부산광역시 기장군청,2025-11-17
기장읍교리-80,1,,부산광역시 기장군 기장읍 교리 14-6,35.2549096395,129.2180215874,,한전주,051-709-4684,부산광역시 기장군청,2025-11-17
기장읍교리-81,1,,부산광역시 기장군 기장읍 교리 50,35.25724411,129.2160034,,한전주,051-709-4684,부산광역시 기장군청,2025-11-17
기장읍교리-82,1,,부산광역시 기장군 기장읍 교리 37-1,35.25730896,129.2175522844,,한전주,051-709-4684,부산광역시 기장군청,2025-11-17
기장읍교리-83,1,,부산광역시 기장군 기장읍 교리 34-1,35.25685501,129.2166757327,,한전주,051-709-4684,부산광역시 기장군청,2025-11-17
기장읍교리-84,1,,부산광역시 기장군 기장읍 교리 113-7,35.257030467,129.213623,,건축물,051-709-4684,부산광역시 기장군청,2025-11-17
기장읍교리-85,1,,부산광역시 기장군 기장읍 교리 72-15,35.2573204,129.2154694,,전용주,051-709-4684,부산광역시 기장군청,2025-11-17
기장읍교리-86,1,,부산광역시 기장군 기장읍 교리 72-6,35.2575233198,129.2153004863,,전용주,051-709-4684,부산광역시 기장군청,2025-11-17
기장읍교리-87,1,,부산광역시 기장군 기장읍 교리 90-1,35.25706482,129.2143707,,한전주,051-709-4684,부산광역시 기장군청,2025-11-17
기장읍교리-88,1,,부산광역시 기장군 기장읍 교리 86-12,35.2577424,129.2143787063,,한전주,051-709-4684,부산광역시 기장군청,2025-11-17
기장읍교리-89,1,,부산광역시 기장군 기장읍 교리 311-6,35.2585097669,129.2143123505,,한전주,051-709-4684,부산광역시 기장군청,2025-11-17
기장읍교리-90,1,,부산광역시 기장군 기장읍 교리 86-9,35.25799942,129.2143955828,,한전주,051-709-4684,부산광역시 기장군청,2025-11-17
기장읍교리-91,1,,부산광역시 기장군 기장읍 교리 83-6,35.25838852,129.2141020923,,한전주,051-709-4684,부산광역시 기장군청,2025-11-17
기장읍교리-92,1,,부산광역시 기장군 기장읍 교리 산 10-3,35.2570692513,129.2129974,,한전주,051-709-4684,부산광역시 기장군청,2025-11-17
기장읍교리-93,1,,부산광역시 기장군 기장읍 교리 119,35.2570660924,129.2124127085,,한전주,051-709-4684,부산광역시 기장군청,2025-11-17
기장읍교리-94,1,,부산광역시 기장군 기장읍 교리 산 13,35.2574469668,129.2120543715,,한전주,051-709-4684,부산광역시 기장군청,2025-11-17
기장읍교리-95,1,,부산광역시 기장군 기장읍 교리 산 13-1,35.2575935367,129.2122498,,한전주,051-709-4684,부산광역시 기장군청,2025-11-17
기장읍교리-96,1,,부산광역시 기장군 기장읍 교리 산 15-1,35.25815582,129.2121320351,,한전주,051-709-4684,부산광역시 기장군청,2025-11-17
기장읍교리-97,1,,부산광역시 기장군 기장읍 교리 산 16-3,35.2583367107,129.2119623024,,한전주,051-709-4684,부산광역시 기장군청,2025-11-17
기장읍교리-98,1,,부산광역시 기장군 기장읍 교리 산 16-3,35.2583367107,129.2119623024,,한전주,051-709-4684,부산광역시 기장군청,2025-11-17
기장읍교리-99,1,,부산광역시 기장군 기장읍 교리 125-1,35.25918198,129.2119598,,한전주,051-709-4684,부산광역시 기장군청,2025-11-17
기장읍교리-100,1,,부산광역시 기장군 기장읍 교리 131-6,35.2597258423,129.2118742273,,한전주,051-709-4684,부산광역시 기장군청,2025-11-17
기장읍교리-101,1,,부산광역시 기장군 기장읍 교리 산 17,35.25933075,129.2113119528,,한전주,051-709-4684,부산광역시 기장군청,2025-11-17
기장읍교리-102,1,,부산광역시 기장군 기장읍 교리 150,35.2560702268,129.2137451,,한전주,051-709-4684,부산광역시 기장군청,2025-11-17
기장읍교리-103,1,,부산광역시 기장군 기장읍 교리 144,35.2564456237,129.2135755752,,건축물,051-709-4684,부산광역시 기장군청,2025-11-17
기장읍교리-104,1,,부산광역시 기장군 기장읍 교리 150,35.2560702268,129.2137720086,,한전주,051-709-4684,부산광역시 기장군청,2025-11-17
기장읍교리-105,1,,부산광역시 기장군 기장읍 교리 산 34-1,35.2557556099,129.213562,,한전주,051-709-4684,부산광역시 기장군청,2025-11-17
기장읍교리-106,1,,부산광역시 기장군 기장읍 교리 238-4,35.2557038929,129.2149991602,,전용주,051-709-4684,부산광역시 기장군청,2025-11-17
기장읍교리-107,1,,부산광역시 기장군 기장읍 교리 238-6,35.2557024891,129.2151939012,,전용주,051-709-4684,부산광역시 기장군청,2025-11-17
기장읍교리-108,1,,부산광역시 기장군 기장읍 교리 238-9,35.2557260505,129.2153785556,,전용주,051-709-4684,부산광역시 기장군청,2025-11-17
기장읍교리-109,1,,부산광역시 기장군 기장읍 교리 237-4,35.2555689489,129.2159936375,,전용주,051-709-4684,부산광역시 기장군청,2025-11-17
기장읍교리-110,1,,부산광역시 기장군 기장읍 교리 368,35.2546334025,129.215592364,,한전주,051-709-4684,부산광역시 기장군청,2025-11-17
기장읍교리-111,1,,부산광역시 기장군 기장읍 교리 228-1,35.2545132777,129.2152704416,,한전주,051-709-4684,부산광역시 기장군청,2025-11-17
기장읍교리-112,1,,부산광역시 기장군 기장읍 교리 산 35-4,35.2545800864,129.2150421,,한전주,051-709-4684,부산광역시 기장군청,2025-11-17
기장읍교리-113,1,,부산광역시 기장군 기장읍 교리 18-9,35.2561629546,129.217324859,,전용주,051-709-4684,부산광역시 기장군청,2025-11-17
기장읍교리-114,1,,부산광역시 기장군 기장읍 교리 25-2,35.25624847,129.2158504768,,한전주,051-709-4684,부산광역시 기장군청,2025-11-17
기장읍교리-115,1,,부산광역시 기장군 기장읍 교리 324-1,35.2535033193,129.2135956171,,한전주,051-709-4684,부산광역시 기장군청,2025-11-17
기장읍교리-116,1,,부산광역시 기장군 기장읍 교리 325,35.2532435066,129.2131696644,,한전주,051-709-4684,부산광역시 기장군청,2025-11-17
기장읍교리-117,1,,부산광역시 기장군 기장읍 교리 324-11,35.2533493414,129.2137105183,,한전주,051-709-4684,부산광역시 기장군청,2025-11-17
기장읍교리-118,1,,부산광역시 기장군 기장읍 교리 326-2,35.25295262,129.2137181,,한전주,051-709-4684,부산광역시 기장군청,2025-11-17
기장읍교리-119,1,,부산광역시 기장군 기장읍 교리 326-5,35.25253239,129.2137741,,한전주,051-709-4684,부산광역시 기장군청,2025-11-17
기장읍교리-120,1,,부산광역시 기장군 기장읍 교리 326-6,35.25265005,129.2134399,,한전주,051-709-4684,부산광역시 기장군청,2025-11-17
기장읍교리-121,1,,부산광역시 기장군 기장읍 교리 326-8,35.25295162,129.2132359,,한전주,051-709-4684,부산광역시 기장군청,2025-11-17
기장읍교리-122,1,,부산광역시 기장군 기장읍 교리 327-15,35.25231171,129.2133789,,한전주,051-709-4684,부산광역시 기장군청,2025-11-17
기장읍교리-123,1,,부산광역시 기장군 기장읍 교리 327-6,35.25222694,129.2130094,,한전주,051-709-4684,부산광역시 기장군청,2025-11-17
기장읍교리-124,1,,부산광역시 기장군 기장읍 교리 327-7,35.2520683201,129.2130005796,,한전주,051-709-4684,부산광역시 기장군청,2025-11-17
기장읍교리-126,1,,부산광역시 기장군 기장읍 교리 328-11,35.25179131,129.2135873,,전용주,051-709-4684,부산광역시 기장군청,2025-11-17
기장읍교리-127,1,,부산광역시 기장군 기장읍 교리 328-9,35.2514590344,129.2134498323,,한전주,051-709-4684,부산광역시 기장군청,2025-11-17
기장읍교리-128,1,,부산광역시 기장군 기장읍 교리 327-10,35.2524677864,129.2128235254,,한전주,051-709-4684,부산광역시 기장군청,2025-11-17
기장읍교리-129,1,,부산광역시 기장군 기장읍 교리 188-2,35.25268936,129.2123718,,한전주,051-709-4684,부산광역시 기장군청,2025-11-17
기장읍내리-1,1,,부산광역시 기장군 기장읍 내리 700-2,35.2080660211,129.2085209901,,전용주,051-709-4684,부산광역시 기장군청,2025-11-17
기장읍내리-2,1,,부산광역시 기장군 기장읍 내리 339-15,35.2080729682,129.207677772,,한전주,051-709-4684,부산광역시 기장군청,2025-11-17
기장읍내리-3,1,,부산광역시 기장군 기장읍 내리 700-9,35.2084184983,129.2083893,,전용주,051-709-4684,부산광역시 기장군청,2025-11-17
기장읍내리-4,1,,부산광역시 기장군 기장읍 내리 357-8,35.20888901,129.2082672,,전용주,051-709-4684,부산광역시 기장군청,2025-11-17
기장읍내리-5,1,,부산광역시 기장군 기장읍 내리 357-8,35.20915604,129.2081146,,전용주,051-709-4684,부산광역시 기장군청,2025-11-17
기장읍내리-6,1,,부산광역시 기장군 기장읍 내리 357-8,35.20930099,129.2078552,,전용주,051-709-4684,부산광역시 기장군청,2025-11-17
기장읍내리-7,1,,부산광역시 기장군 기장읍 내리 357-7,35.20937729,129.2074738,,한전주,051-709-4684,부산광역시 기장군청,2025-11-17
기장읍내리-8,1,,부산광역시 기장군 기장읍 내리 357-7,35.20950699,129.2072144,,한전주,051-709-4684,부산광역시 기장군청,2025-11-17
기장읍내리-9,1,,부산광역시 기장군 기장읍 내리 358-7,35.20948029,129.2069244,,한전주,051-709-4684,부산광역시 기장군청,2025-11-17
기장읍내리-10,1,,부산광역시 기장군 기장읍 내리 360-2,35.2089821173,129.2070325289,,한전주,051-709-4684,부산광역시 기장군청,2025-11-17
기장읍내리-11,1,,부산광역시 기장군 기장읍 내리 359-2,35.2092771187,129.2069688069,,한전주,051-709-4684,부산광역시 기장군청,2025-11-17
기장읍내리-12,1,,부산광역시 기장군 기장읍 내리 358-1,35.2092293291,129.207459373,,한전주,051-709-4684,부산광역시 기장군청,2025-11-17
기장읍내리-13,1,,부산광역시 기장군 기장읍 내리 346-9,35.2090238984,129.2062925655,,한전주,051-709-4684,부산광역시 기장군청,2025-11-17
기장읍내리-14,1,,부산광역시 기장군 기장읍 내리 371-1,35.2101140665,129.2056898766,,한전주,051-709-4684,부산광역시 기장군청,2025-11-17
기장읍내리-15,1,,부산광역시 기장군 기장읍 내리 371-1,35.2101140665,129.2056427,,한전주,051-709-4684,부산광역시 기장군청,2025-11-17
기장읍내리-16,1,,부산광역시 기장군 기장읍 내리 397-2,35.2110384178,129.2046049911,,한전주,051-709-4684,부산광역시 기장군청,2025-11-17
기장읍내리-17,1,,부산광역시 기장군 기장읍 내리 701-8,35.2118936486,129.2036556703,2019,한전주,051-709-4684,부산광역시 기장군청,2025-11-17
기장읍내리-18,1,,부산광역시 기장군 기장읍 내리 701-10,35.2113771093,129.2034302,,한전주,051-709-4684,부산광역시 기장군청,2025-11-17
기장읍내리-22,1,,부산광역시 기장군 기장읍 내리 432-1,35.2122503525,129.2032088422,,한전주,051-709-4684,부산광역시 기장군청,2025-11-17
기장읍내리-32,1,,부산광역시 기장군 기장읍 내리 450-2,35.2162288248,129.2005974014,,한전주,051-709-4684,부산광역시 기장군청,2025-11-17
기장읍내리-33,1,,부산광역시 기장군 기장읍 내리 449-1,35.216250499,129.200571912,,전용주,051-709-4684,부산광역시 기장군청,2025-11-17
기장읍내리-34,1,,부산광역시 기장군 기장읍 내리 555-3,35.21622086,129.1997833,,전용주,051-709-4684,부산광역시 기장군청,2025-11-17
기장읍내리-35,1,,부산광역시 기장군 기장읍 내리 557-2,35.2165774768,129.1996178184,,한전주,051-709-4684,부산광역시 기장군청,2025-11-17
기장읍내리-36,1,,부산광역시 기장군 기장읍 내리 521-1,35.2169075,129.2006869353,,한전주,051-709-4684,부산광역시 기장군청,2025-11-17
기장읍내리-37,1,,부산광역시 기장군 기장읍 내리 712-11,35.21702576,129.2004759234,,한전주,051-709-4684,부산광역시 기장군청,2025-11-17
기장읍내리-38,1,,부산광역시 기장군 기장읍 내리 567-1,35.2173168708,129.1999969,,한전주,051-709-4684,부산광역시 기장군청,2025-11-17
기장읍내리-39,1,,부산광역시 기장군 기장읍 내리 548,35.21750641,129.1998791247,,한전주,051-709-4684,부산광역시 기장군청,2025-11-17
기장읍내리-40,1,,부산광역시 기장군 기장읍 내리 562,35.21696854,129.1995184533,,한전주,051-709-4684,부산광역시 기장군청,2025-11-17
기장읍내리-41,1,,부산광역시 기장군 기장읍 내리 573,35.21705627,129.1990459326,,한전주,051-709-4684,부산광역시 기장군청,2025-11-17
기장읍내리-42,1,,부산광역시 기장군 기장읍 내리 712-5,35.2167700279,129.1987897724,,한전주,051-709-4684,부산광역시 기장군청,2025-11-17
기장읍내리-43,1,,부산광역시 기장군 기장읍 내리 산 55,35.2173549242,129.1985869332,,한전주,051-709-4684,부산광역시 기장군청,2025-11-17
기장읍내리-44,1,,부산광역시 기장군 기장읍 내리 579,35.21707153,129.1977760117,,한전주,051-709-4684,부산광역시 기장군청,2025-11-17
기장읍내리-45,1,,부산광역시 기장군 기장읍 내리 540-1,35.21776199,129.1990509,,한전주,051-709-4684,부산광역시 기장군청,2025-11-17
기장읍내리-48,1,,부산광역시 기장군 기장읍 내리 528-1,35.2178643184,129.2007446,,한전주,051-709-4684,부산광역시 기장군청,2025-11-17
기장읍내리-51,1,,부산광역시 기장군 기장읍 내리 산 13,35.2203640471,129.2001070593,,한전주,051-709-4684,부산광역시 기장군청,2025-11-17
기장읍내리-52,1,,부산광역시 기장군 기장읍 내리 701-114,35.2114474662,129.2036345909,,건축물,051-709-4684,부산광역시 기장군청,2025-11-17
기장읍내리-53,1,,부산광역시 기장군 기장읍 내리 601-1,35.2156402617,129.1973572,,건축물,051-709-4684,부산광역시 기장군청,2025-11-17
기장읍내리-54,1,,부산광역시 기장군 기장읍 내리 599-4,35.2162066641,129.1969942007,,한전주,051-709-4684,부산광역시 기장군청,2025-11-17
기장읍내리-55,1,,부산광역시 기장군 기장읍 내리 600,35.2162730633,129.1973928944,,한전주,051-709-4684,부산광역시 기장군청,2025-11-17
기장읍내리-56,1,,부산광역시 기장군 기장읍 내리 600,35.2162730633,129.1973928944,,한전주,051-709-4684,부산광역시 기장군청,2025-11-17
기장읍내리-57,1,,부산광역시 기장군 기장읍 내리 579-2,35.216728243,129.1977539,,전용주,051-709-4684,부산광역시 기장군청,2025-11-17
기장읍내리-58,1,,부산광역시 기장군 기장읍 내리 594,35.2170310234,129.1945275897,,한전주,051-709-4684,부산광역시 기장군청,2025-11-17
기장읍내리-59,1,,부산광역시 기장군 기장읍 내리 597-1,35.21693802,129.1948638229,,한전주,051-709-4684,부산광역시 기장군청,2025-11-17
기장읍내리-60,1,,부산광역시 기장군 기장읍 내리 618,35.2170208886,129.1925464017,,전용주,051-709-4684,부산광역시 기장군청,2025-11-17
기장읍내리-61,1,,부산광역시 기장군 기장읍 내리 618-1,35.2179147723,129.192086038,,한전주,051-709-4684,부산광역시 기장군청,2025-11-17
기장읍내리-62,1,,부산광역시 기장군 기장읍 내리 618-1,35.2179147723,129.192086038,,한전주,051-709-4684,부산광역시 기장군청,2025-11-17
기장읍내리-63,1,,부산광역시 기장군 기장읍 내리 618-1,35.2179147723,129.192086038,,한전주,051-709-4684,부산광역시 기장군청,2025-11-17
기장읍내리-64,1,,부산광역시 기장군 기장읍 내리 619-14,35.2165315435,129.1911431721,,한전주,051-709-4684,부산광역시 기장군청,2025-11-17
기장읍내리-65,1,,부산광역시 기장군 기장읍 내리 산 100-1,35.215343526,129.1821323662,,한전주,051-709-4684,부산광역시 기장군청,2025-11-17
기장읍내리-66,1,,부산광역시 기장군 기장읍 내리 625-4,35.21911621,129.1894194704,,한전주,051-709-4684,부산광역시 기장군청,2025-11-17
기장읍내리-67,1,,부산광역시 기장군 기장읍 내리 663,35.2186678958,129.1832886,,한전주,051-709-4684,부산광역시 기장군청,2025-11-17
기장읍내리-68,1,,부산광역시 기장군 기장읍 내리 371-2,35.2103947514,129.2053342888,,한전주,051-709-4684,부산광역시 기장군청,2025-11-17
기장읍내리-69,1,,부산광역시 기장군 기장읍 내리 700-17,35.208624316,129.2073347223,,한전주,051-709-4684,부산광역시 기장군청,2025-11-17
기장읍내리-70,1,,부산광역시 기장군 기장읍 내리 700-17,35.208624316,129.2073347223,,한전주,051-709-4684,부산광역시 기장군청,2025-11-17
기장읍내리-71,1,,부산광역시 기장군 기장읍 내리 346-13,35.20846176,129.2068481,,한전주,051-709-4684,부산광역시 기장군청,2025-11-17
기장읍내리-72,1,,부산광역시 기장군 기장읍 내리 696-9,35.2084845397,129.2068594183,,한전주,051-709-4684,부산광역시 기장군청,2025-11-17
기장읍내리-73,1,,부산광역시 기장군 기장읍 내리 산 135-1,35.2062381755,129.2022552,,한전주,051-709-4684,부산광역시 기장군청,2025-11-17
기장읍내리-74,1,,부산광역시 기장군 기장읍 내리 775-6,35.2047750963,129.2059479,,전용주,051-709-4684,부산광역시 기장군청,2025-11-17
기장읍내리-75,1,,부산광역시 기장군 기장읍 내리 775-3,35.2047801595,129.2053804725,,전용주,051-709-4684,부산광역시 기장군청,2025-11-17
기장읍내리-76,1,,부산광역시 기장군 기장읍 내리 775-3,35.2047801595,129.2053804725,,전용주,051-709-4684,부산광역시 기장군청,2025-11-17
기장읍내리-85,1,,부산광역시 기장군 기장읍 내리 786,35.20140076,129.2062057821,,한전주,051-709-4684,부산광역시 기장군청,2025-11-17
기장읍내리-86,1,,부산광역시 기장군 기장읍 내리 240-5,35.2011378177,129.2060394,,한전주,051-709-4684,부산광역시 기장군청,2025-11-17
기장읍내리-87,1,,부산광역시 기장군 기장읍 내리 204-5,35.200840,129.2059746377,,한전주,051-709-4684,부산광역시 기장군청,2025-11-17
기장읍내리-88,1,,부산광역시 기장군 기장읍 내리 206-8,35.2004552218,129.2063491642,,한전주,051-709-4684,부산광역시 기장군청,2025-11-17
기장읍내리-89,1,,부산광역시 기장군 기장읍 내리 215,35.2000111371,129.2060242,,건축물,051-709-4684,부산광역시 기장군청,2025-11-17
기장읍내리-90,1,,부산광역시 기장군 기장읍 내리 182,35.1980782957,129.2047323242,,한전주,051-709-4684,부산광역시 기장군청,2025-11-17
기장읍내리-91,1,,부산광역시 기장군 기장읍 내리 182,35.1980782957,129.2047323242,,건축물,051-709-4684,부산광역시 기장군청,2025-11-17
기장읍내리-92,1,,부산광역시 기장군 기장읍 내리 182,35.1980782957,129.2047323242,,전용주,051-709-4684,부산광역시 기장군청,2025-11-17
기장읍내리-93,1,,부산광역시 기장군 기장읍 내리 182,35.1980782957,129.2047323242,,건축물,051-709-4684,부산광역시 기장군청,2025-11-17
기장읍내리-94,1,,부산광역시 기장군 기장읍 내리 182,35.19802856,129.2047323242,,한전주,051-709-4684,부산광역시 기장군청,2025-11-17
기장읍내리-95,1,,부산광역시 기장군 기장읍 내리 182,35.1980782957,129.2047323242,,한전주,051-709-4684,부산광역시 기장군청,2025-11-17
기장읍내리-96,1,,부산광역시 기장군 기장읍 내리 790,35.2047773727,129.2076752513,,한전주,051-709-4684,부산광역시 기장군청,2025-11-17
기장읍내리-97,1,,부산광역시 기장군 기장읍 내리 182,35.1980782957,129.2047323242,,건축물,051-709-4684,부산광역시 기장군청,2025-11-17
기장읍내리-98,1,,부산광역시 기장군 기장읍 내리 137-1,35.1983988449,129.2027655719,,건축물,051-709-4684,부산광역시 기장군청,2025-11-17
기장읍내리-99,1,,부산광역시 기장군 기장읍 내리 137-1,35.1983988449,129.2027655719,,한전주,051-709-4684,부산광역시 기장군청,2025-11-17
기장읍내리-100,1,,부산광역시 기장군 기장읍 내리 137-1,35.1983988449,129.2027655719,,한전주,051-709-4684,부산광역시 기장군청,2025-11-17
기장읍내리-101,1,,부산광역시 기장군 기장읍 내리 137-1,35.1983988449,129.2027655719,,한전주,051-709-4684,부산광역시 기장군청,2025-11-17
기장읍내리-102,1,,부산광역시 기장군 기장읍 내리 132-1,35.1989175522,129.2015947153,,한전주,051-709-4684,부산광역시 기장군청,2025-11-17
기장읍내리-103,1,,부산광역시 기장군 기장읍 내리 130,35.19892883,129.2014097369,,한전주,051-709-4684,부산광역시 기장군청,2025-11-17
기장읍내리-104,1,,부산광역시 기장군 기장읍 내리 131-3,35.199206516,129.2008508655,,한전주,051-709-4684,부산광역시 기장군청,2025-11-17
기장읍내리-105,1,,부산광역시 기장군 기장읍 내리 129-3,35.1994496197,129.2005019031,,한전주,051-709-4684,부산광역시 기장군청,2025-11-17
기장읍내리-106,1,,부산광역시 기장군 기장읍 내리 129-3,35.1994496197,129.2005019031,,한전주,051-709-4684,부산광역시 기장군청,2025-11-17
기장읍내리-107,1,,부산광역시 기장군 기장읍 내리 128-1,35.19982147,129.200032883,,한전주,051-709-4684,부산광역시 기장군청,2025-11-17
기장읍내리-108,1,,부산광역시 기장군 기장읍 내리 123-12,35.2002301924,129.1995961844,,한전주,051-709-4684,부산광역시 기장군청,2025-11-17
기장읍내리-109,1,,부산광역시 기장군 기장읍 내리 123-13,35.2005169264,129.1997475571,,한전주,051-709-4684,부산광역시 기장군청,2025-11-17
기장읍내리-110,1,,부산광역시 기장군 기장읍 내리 123-1,35.2008820676,129.1999135906,,한전주,051-709-4684,부산광역시 기장군청,2025-11-17
기장읍내리-111,1,,부산광역시 기장군 기장읍 내리 124-10,35.20107651,129.2001343,,한전주,051-709-4684,부산광역시 기장군청,2025-11-17
기장읍내리-112,1,,부산광역시 기장군 기장읍 내리 산 128-23,35.2013433936,129.2004876048,,건축물,051-709-4684,부산광역시 기장군청,2025-11-17
기장읍내리-113,1,,부산광역시 기장군 기장읍 내리 산 128-22,35.2014315005,129.2006899492,,한전주,051-709-4684,부산광역시 기장군청,2025-11-17
기장읍내리-114,1,,부산광역시 기장군 기장읍 내리 산 128-21,35.2014361371,129.2004954716,,한전주,051-709-4684,부산광역시 기장군청,2025-11-17
기장읍내리-115,1,,부산광역시 기장군 기장읍 내리 산 129-2,35.2026085879,129.2000879055,,한전주,051-709-4684,부산광역시 기장군청,2025-11-17
기장읍내리-116,1,,부산광역시 기장군 기장읍 내리 산 128-2,35.2018456587,129.2001495,,한전주,051-709-4684,부산광역시 기장군청,2025-11-17
기장읍내리-117,1,,부산광역시 기장군 기장읍 내리 353,35.20881717,129.2073676192,2018,전용주,051-709-4684,부산광역시 기장군청,2025-11-17
기장읍내리-118,1,,부산광역시 기장군 기장읍 내리 355-5,35.20886415,129.207799248,2018,전용주,051-709-4684,부산광역시 기장군청,2025-11-17
기장읍내리-119,1,,부산광역시 기장군 기장읍 내리 354-6,35.2088059451,129.2081294,2018,전용주,051-709-4684,부산광역시 기장군청,2025-11-17
기장읍대라리-1,1,,부산광역시 기장군 기장읍 대라리 29-25,35.2434314175,129.2181633563,,한전주,051-709-4684,부산광역시 기장군청,2025-11-17
기장읍대라리-2,1,,부산광역시 기장군 기장읍 대라리 29-32,35.2430687,129.2181746517,,전용주,051-709-4684,부산광역시 기장군청,2025-11-17
기장읍대라리-3,1,,부산광역시 기장군 기장읍 대라리 35-3,35.24305725,129.217386361,,한전주,051-709-4684,부산광역시 기장군청,2025-11-17
기장읍대라리-4,1,,부산광역시 기장군 기장읍 대라리 30-3,35.24304199,129.2176819,,한전주,051-709-4684,부산광역시 기장군청,2025-11-17
기장읍대라리-5,1,,부산광역시 기장군 기장읍 대라리 39-3,35.24317372,129.2169136,,건축물,051-709-4684,부산광역시 기장군청,2025-11-17
기장읍대라리-6,1,,부산광역시 기장군 기장읍 대라리 425-6,35.2433539294,129.2148293888,,전용주,051-709-4684,부산광역시 기장군청,2025-11-17
기장읍대라리-7,1,,부산광역시 기장군 기장읍 대라리 425-1,35.24360657,129.2147573841,,한전주,051-709-4684,부산광역시 기장군청,2025-11-17
기장읍대라리-8,1,,부산광역시 기장군 기장읍 대라리 425-10,35.2435149166,129.2148556278,,건축물,051-709-4684,부산광역시 기장군청,2025-11-17
기장읍대라리-9,1,,부산광역시 기장군 기장읍 대라리 72-1,35.24369679,129.2148685,,건축물,051-709-4684,부산광역시 기장군청,2025-11-17
기장읍대라리-10,1,,부산광역시 기장군 기장읍 대라리 70-4,35.24383545,129.2147875841,,전용주,051-709-4684,부산광역시 기장군청,2025-11-17
기장읍대라리-11위치없음21년5월,1,,부산광역시 기장군 기장읍 대라리 72-4,35.2437903397,129.2150951703,,한전주,051-709-4684,부산광역시 기장군청,2025-11-17
기장읍대라리-12,1,,부산광역시 기장군 기장읍 대라리 72-1,35.24369679,129.2148685,,전용주,051-709-4684,부산광역시 기장군청,2025-11-17
기장읍대라리-13,1,,부산광역시 기장군 기장읍 대라리 70-4,35.2438228,129.2147875841,,전용주,051-709-4684,부산광역시 기장군청,2025-11-17
기장읍대라리-14,1,,부산광역시 기장군 기장읍 대라리 68-6,35.24396515,129.2152865,,전용주,051-709-4684,부산광역시 기장군청,2025-11-17
기장읍대라리-15,1,,부산광역시 기장군 기장읍 대라리 70-5,35.24428177,129.215332,,한전주,051-709-4684,부산광역시 기장군청,2025-11-17
기장읍대라리-16,1,,부산광역시 기장군 기장읍 대라리 775-10,35.2442330305,129.2140958596,,전용주,051-709-4684,부산광역시 기장군청,2025-11-17
기장읍대라리-17,1,,부산광역시 기장군 기장읍 대라리 780-15,35.2441143013,129.214035,,한전주,051-709-4684,부산광역시 기장군청,2025-11-17
기장읍대라리-18,1,,부산광역시 기장군 기장읍 대라리 436,35.24367905,129.2143744458,,한전주,051-709-4684,부산광역시 기장군청,2025-11-17
기장읍대라리-19,1,,부산광역시 기장군 기장읍 대라리 418-18,35.2433587667,129.2136993,,한전주,051-709-4684,부산광역시 기장군청,2025-11-17
기장읍대라리-20,1,,부산광역시 기장군 기장읍 대라리 419-1,35.2433486706,129.2141113,,전용주,051-709-4684,부산광역시 기장군청,2025-11-17
기장읍대라리-21,1,,부산광역시 기장군 기장읍 대라리 425-21,35.24346924,129.2143971367,,건축물,051-709-4684,부산광역시 기장군청,2025-11-17
기장읍대라리-22,1,,부산광역시 기장군 기장읍 대라리 419-30,35.2433025598,129.2143070364,,한전주,051-709-4684,부산광역시 기장군청,2025-11-17
기장읍대라리-23,1,,부산광역시 기장군 기장읍 대라리 419-34,35.2425092239,129.2144115985,,한전주,051-709-4684,부산광역시 기장군청,2025-11-17
기장읍대라리-24,1,,부산광역시 기장군 기장읍 대라리 419-34,35.2425092239,129.2144318,,전용주,051-709-4684,부산광역시 기장군청,2025-11-17
기장읍대라리-25,1,,부산광역시 기장군 기장읍 대라리 423-5,35.24262238,129.2147205098,,한전주,051-709-4684,부산광역시 기장군청,2025-11-17
기장읍대라리-26,1,,부산광역시 기장군 기장읍 대라리 423-1,35.24288559,129.2147217,,한전주,051-709-4684,부산광역시 기장군청,2025-11-17
기장읍대라리-27,1,,부산광역시 기장군 기장읍 대라리 425-18,35.24298859,129.2146454,,전용주,051-709-4684,부산광역시 기장군청,2025-11-17
기장읍대라리-28,1,,부산광역시 기장군 기장읍 대라리 423-8,35.2427367114,129.214920,,건축물,051-709-4684,부산광역시 기장군청,2025-11-17
기장읍대라리-29,1,,부산광역시 기장군 기장읍 대라리 76-2,35.24270248,129.2153369,,전용주,051-709-4684,부산광역시 기장군청,2025-11-17
기장읍대라리-30,1,,부산광역시 기장군 기장읍 대라리 422-9,35.2423022799,129.2146191289,,한전주,051-709-4684,부산광역시 기장군청,2025-11-17
기장읍대라리-31,1,,부산광역시 기장군 기장읍 대라리 775-4,35.2425449968,129.2156943716,,한전주,051-709-4684,부산광역시 기장군청,2025-11-17
기장읍대라리-32,1,,부산광역시 기장군 기장읍 대라리 88-45,35.2422153459,129.2166738816,,한전주,051-709-4684,부산광역시 기장군청,2025-11-17
기장읍대라리-33,1,,부산광역시 기장군 기장읍 대라리 91-14,35.2416026027,129.2170954181,,한전주,051-709-4684,부산광역시 기장군청,2025-11-17
기장읍대라리-34,1,,부산광역시 기장군 기장읍 대라리 91-14,35.2416026027,129.2170954181,,한전주,051-709-4684,부산광역시 기장군청,2025-11-17
기장읍대라리-35,1,,부산광역시 기장군 기장읍 대라리 94-8,35.2414976287,129.2181527408,,한전주,051-709-4684,부산광역시 기장군청,2025-11-17
기장읍대라리-36,1,,부산광역시 기장군 기장읍 대라리 96-14,35.2413251713,129.2178802,,전용주,051-709-4684,부산광역시 기장군청,2025-11-17
기장읍대라리-37,1,,부산광역시 기장군 기장읍 대라리 97-11,35.24121094,129.2178075,,건축물,051-709-4684,부산광역시 기장군청,2025-11-17
기장읍대라리-38,1,,부산광역시 기장군 기장읍 대라리 95-6,35.24185944,129.2178597,,전용주,051-709-4684,부산광역시 기장군청,2025-11-17
기장읍대라리-39,1,,부산광역시 기장군 기장읍 대라리 29-33,35.24224091,129.2181832536,,건축물,051-709-4684,부산광역시 기장군청,2025-11-17
기장읍대라리-40,1,,부산광역시 기장군 기장읍 대라리 29-13,35.2424733467,129.2181781148,,건축물,051-709-4684,부산광역시 기장군청,2025-11-17
기장읍대라리-41,1,,부산광역시 기장군 기장읍 청강리 25-13,35.24250412,129.2182159,,한전주,051-709-4684,부산광역시 기장군청,2025-11-17
기장읍대라리-42,1,,부산광역시 기장군 기장읍 대라리 29-11,35.2425901457,129.2179567906,,건축물,051-709-4684,부산광역시 기장군청,2025-11-17
기장읍대라리-43,1,,부산광역시 기장군 기장읍 대라리 29-11,35.24257278,129.2179413,,건축물,051-709-4684,부산광역시 기장군청,2025-11-17
기장읍대라리-44,1,,부산광역시 기장군 기장읍 대라리 29-19,35.2425576131,129.2180176,,건축물,051-709-4684,부산광역시 기장군청,2025-11-17
기장읍대라리-45,1,,부산광역시 기장군 기장읍 대라리 89-1,35.24227899,129.2171303,,건축물,051-709-4684,부산광역시 기장군청,2025-11-17
기장읍대라리-46,1,,부산광역시 기장군 기장읍 대라리 126-5,35.2416876872,129.2152161956,,전용주,051-709-4684,부산광역시 기장군청,2025-11-17
기장읍대라리-47,1,,부산광역시 기장군 기장읍 대라리 125-7,35.2419339741,129.214920,,전용주,051-709-4684,부산광역시 기장군청,2025-11-17
기장읍대라리-48,1,,부산광역시 기장군 기장읍 대라리 126-1,35.24177551,129.214589,,한전주,051-709-4684,부산광역시 기장군청,2025-11-17
기장읍대라리-49,1,,부산광역시 기장군 기장읍 대라리 278,35.2414022497,129.2154335853,,한전주,051-709-4684,부산광역시 기장군청,2025-11-17
기장읍대라리-50,1,,부산광역시 기장군 기장읍 대라리 775-2,35.2437390033,129.2170291751,,한전주,051-709-4684,부산광역시 기장군청,2025-11-17
기장읍대라리-51,1,,부산광역시 기장군 기장읍 대라리 91-10,35.2415550273,129.2169299016,,한전주,051-709-4684,부산광역시 기장군청,2025-11-17
기장읍대라리-52,1,,부산광역시 기장군 기장읍 대라리 124-3,35.2415261855,129.2142792,,한전주,051-709-4684,부산광역시 기장군청,2025-11-17
기장읍대라리-53,1,,부산광역시 기장군 기장읍 대라리 124-2,35.2416169489,129.2141686057,,한전주,051-709-4684,부산광역시 기장군청,2025-11-17
기장읍대라리-54,1,,부산광역시 기장군 기장읍 대라리 124-2,35.2416169489,129.2141686057,,전용주,051-709-4684,부산광역시 기장군청,2025-11-17
기장읍대라리-55,1,,부산광역시 기장군 기장읍 대라리 124-2,35.2416169489,129.2141686057,,한전주,051-709-4684,부산광역시 기장군청,2025-11-17
기장읍대라리-56,1,,부산광역시 기장군 기장읍 대라리 420-7,35.2418172864,129.2142275904,,한전주,051-709-4684,부산광역시 기장군청,2025-11-17
기장읍대라리-57,1,,부산광역시 기장군 기장읍 대라리 418-34,35.24212646,129.2140815825,,한전주,051-709-4684,부산광역시 기장군청,2025-11-17
기장읍대라리-58,1,,부산광역시 기장군 기장읍 대라리 408-2,35.24156418,129.2138519,,한전주,051-709-4684,부산광역시 기장군청,2025-11-17
기장읍대라리-59,1,,부산광역시 기장군 기장읍 대라리 408-2,35.24156418,129.2138705,,한전주,051-709-4684,부산광역시 기장군청,2025-11-17
기장읍대라리-60,1,,부산광역시 기장군 기장읍 대라리 413-18,35.2421917245,129.2137604,,한전주,051-709-4684,부산광역시 기장군청,2025-11-17
기장읍대라리-61,1,,부산광역시 기장군 기장읍 대라리 417-3,35.2424165959,129.2137421409,,전용주,051-709-4684,부산광역시 기장군청,2025-11-17
기장읍대라리-62,1,,부산광역시 기장군 기장읍 대라리 416-11,35.2429302409,129.2128973123,,전용주,051-709-4684,부산광역시 기장군청,2025-11-17
기장읍대라리-63,1,,부산광역시 기장군 기장읍 대라리 488,35.2433537514,129.2126469603,,한전주,051-709-4684,부산광역시 기장군청,2025-11-17
기장읍대라리-64,1,,부산광역시 기장군 기장읍 대라리 455-2,35.2437137212,129.2132494529,,전용주,051-709-4684,부산광역시 기장군청,2025-11-17
기장읍대라리-65,1,,부산광역시 기장군 기장읍 대라리 489,35.24322891,129.2127396869,,한전주,051-709-4684,부산광역시 기장군청,2025-11-17
기장읍대라리-66,1,,부산광역시 기장군 기장읍 대라리 494,35.24294281,129.212344809,,한전주,051-709-4684,부산광역시 기장군청,2025-11-17
기장읍대라리-67,1,,부산광역시 기장군 기장읍 대라리 481,35.2433096959,129.2119751502,,한전주,051-709-4684,부산광역시 기장군청,2025-11-17
기장읍대라리-68,1,,부산광역시 기장군 기장읍 대라리 983,35.2428566172,129.2106302747,,한전주,051-709-4684,부산광역시 기장군청,2025-11-17
기장읍대라리-69,1,,부산광역시 기장군 기장읍 대라리 984,35.2428428678,129.2107909286,,전용주,051-709-4684,부산광역시 기장군청,2025-11-17
기장읍대라리-70,1,,부산광역시 기장군 기장읍 대라리 993,35.2427579353,129.2111816,,한전주,051-709-4684,부산광역시 기장군청,2025-11-17
기장읍대라리-71,1,,부산광역시 기장군 기장읍 대라리 990-1,35.24253082,129.2111816,,한전주,051-709-4684,부산광역시 기장군청,2025-11-17
기장읍대라리-72,1,,부산광역시 기장군 기장읍 대라리 1063,35.241350569,129.2114001835,,한전주,051-709-4684,부산광역시 기장군청,2025-11-17
기장읍대라리-73,1,,부산광역시 기장군 기장읍 대라리 1062,35.2415882527,129.210419937,,전용주,051-709-4684,부산광역시 기장군청,2025-11-17
기장읍대라리-74,1,,부산광역시 기장군 기장읍 대라리 995,35.2421648944,129.210556,,한전주,051-709-4684,부산광역시 기장군청,2025-11-17
기장읍대라리-75,1,,부산광역시 기장군 기장읍 대라리 999-1,35.24195099,129.2110769158,,한전주,051-709-4684,부산광역시 기장군청,2025-11-17
기장읍대라리-76,1,,부산광역시 기장군 기장읍 대라리 998,35.2421574192,129.2109143447,,전용주,051-709-4684,부산광역시 기장군청,2025-11-17
기장읍대라리-77,1,,부산광역시 기장군 기장읍 대라리 1000,35.241642,129.2108012241,,한전주,051-709-4684,부산광역시 기장군청,2025-11-17
기장읍대라리-78,1,,부산광역시 기장군 기장읍 대라리 496-7,35.24259186,129.2120361,,한전주,051-709-4684,부산광역시 기장군청,2025-11-17
기장읍대라리-80,1,,부산광역시 기장군 기장읍 대라리 788,35.2425913478,129.2123108,,전용주,051-709-4684,부산광역시 기장군청,2025-11-17
기장읍대라리-81,1,,부산광역시 기장군 기장읍 대라리 788,35.2425913478,129.2123566,,전용주,051-709-4684,부산광역시 기장군청,2025-11-17
기장읍대라리-82,1,,부산광역시 기장군 기장읍 대라리 117-1,35.24218369,129.212393,,전용주,051-709-4684,부산광역시 기장군청,2025-11-17
기장읍대라리-83,1,,부산광역시 기장군 기장읍 대라리 272,35.2417075449,129.2126871612,,한전주,051-709-4684,부산광역시 기장군청,2025-11-17
기장읍대라리-84,1,,부산광역시 기장군 기장읍 대라리 118-6,35.24160911,129.2127228,,한전주,051-709-4684,부산광역시 기장군청,2025-11-17
기장읍대라리-85,1,,부산광역시 기장군 기장읍 대라리 117-9,35.2414807224,129.2125757385,,한전주,051-709-4684,부산광역시 기장군청,2025-11-17
기장읍대라리-86,1,,부산광역시 기장군 기장읍 대라리 117-7,35.241642,129.2123482938,,건축물,051-709-4684,부산광역시 기장군청,2025-11-17
기장읍대라리-87,1,,부산광역시 기장군 기장읍 대라리 272,35.2417075449,129.2126312,,한전주,051-709-4684,부산광역시 기장군청,2025-11-17
기장읍대라리-88,1,,부산광역시 기장군 기장읍 대라리 500-19,35.2422904671,129.2117352172,,한전주,051-709-4684,부산광역시 기장군청,2025-11-17
기장읍대라리-89,1,,부산광역시 기장군 기장읍 대라리 1041,35.24091349,129.2118683,,한전주,051-709-4684,부산광역시 기장군청,2025-11-17
기장읍대라리-90,1,,부산광역시 기장군 기장읍 대라리 1063,35.241350569,129.2114001835,,한전주,051-709-4684,부산광역시 기장군청,2025-11-17
기장읍대라리-91,1,,부산광역시 기장군 기장읍 대라리 1037,35.2402038127,129.2117490008,,한전주,051-709-4684,부산광역시 기장군청,2025-11-17
기장읍대라리-92,1,,부산광역시 기장군 기장읍 대라리 1034,35.2402520334,129.2112579,,한전주,051-709-4684,부산광역시 기장군청,2025-11-17
기장읍대라리-93,1,,부산광역시 기장군 기장읍 대라리 1062,35.2415882527,129.210419937,,한전주,051-709-4684,부산광역시 기장군청,2025-11-17
기장읍대라리-94,1,,부산광역시 기장군 기장읍 대라리 1006-2,35.24021149,129.2109007373,,한전주,051-709-4684,부산광역시 기장군청,2025-11-17
기장읍대라리-95,1,,부산광역시 기장군 기장읍 대라리 1063,35.241350569,129.2114001835,,한전주,051-709-4684,부산광역시 기장군청,2025-11-17
기장읍대라리-96,1,,부산광역시 기장군 기장읍 대라리 1003-2,35.2409750567,129.2109715329,,전용주,051-709-4684,부산광역시 기장군청,2025-11-17
기장읍대라리-97,1,,부산광역시 기장군 기장읍 대라리 1003-2,35.2409668,129.2109715329,,한전주,051-709-4684,부산광역시 기장군청,2025-11-17
기장읍대라리-98,1,,부산광역시 기장군 기장읍 대라리 345-3,35.24016571,129.2122803,,전용주,051-709-4684,부산광역시 기장군청,2025-11-17
기장읍대라리-99,1,,부산광역시 기장군 기장읍 대라리 139-2,35.2399559,129.2128601,,건축물,051-709-4684,부산광역시 기장군청,2025-11-17
기장읍대라리-100,1,,부산광역시 기장군 기장읍 대라리 139-5,35.24003983,129.2130419638,,한전주,051-709-4684,부산광역시 기장군청,2025-11-17
기장읍대라리-101,1,,부산광역시 기장군 기장읍 대라리 127-5,35.240345,129.2128906,,전용주,051-709-4684,부산광역시 기장군청,2025-11-17
기장읍대라리-102,1,,부산광역시 기장군 기장읍 대라리 127-5,35.2403431684,129.2128448,,한전주,051-709-4684,부산광역시 기장군청,2025-11-17
기장읍대라리-103,1,,부산광역시 기장군 기장읍 대라리 406-14,35.24081028,129.2127991,,한전주,051-709-4684,부산광역시 기장군청,2025-11-17
기장읍대라리-104,1,,부산광역시 기장군 기장읍 대라리 406-2,35.24095917,129.2129298,,한전주,051-709-4684,부산광역시 기장군청,2025-11-17
기장읍대라리-105,1,,부산광역시 기장군 기장읍 대라리 406-2,35.24094009,129.2129298,,건축물,051-709-4684,부산광역시 기장군청,2025-11-17
기장읍대라리-106,1,,부산광역시 기장군 기장읍 대라리 406-2,35.24098106,129.2129211,,한전주,051-709-4684,부산광역시 기장군청,2025-11-17
기장읍대라리-107,1,,부산광역시 기장군 기장읍 대라리 139-8,35.2395545934,129.2130329322,,전용주,051-709-4684,부산광역시 기장군청,2025-11-17
기장읍대라리-108,1,,부산광역시 기장군 기장읍 대라리 342,35.23993301,129.2125263688,,한전주,051-709-4684,부산광역시 기장군청,2025-11-17
기장읍대라리-109,1,,부산광역시 기장군 기장읍 대라리 348,35.2396510389,129.2122235292,,한전주,051-709-4684,부산광역시 기장군청,2025-11-17
기장읍대라리-110,1,,부산광역시 기장군 기장읍 대라리 775,35.2386859134,129.2093886209,,한전주,051-709-4684,부산광역시 기장군청,2025-11-17
기장읍대라리-111,1,,부산광역시 기장군 기장읍 대라리 794,35.2396087622,129.2116319773,,전용주,051-709-4684,부산광역시 기장군청,2025-11-17
기장읍대라리-112,1,,부산광역시 기장군 기장읍 대라리 775,35.2386859134,129.2093886209,,한전주,051-709-4684,부산광역시 기장군청,2025-11-17
기장읍대라리-113,1,,부산광역시 기장군 기장읍 대라리 361,35.2395993,129.2113037,,건축물,051-709-4684,부산광역시 기장군청,2025-11-17
기장읍대라리-114,1,,부산광역시 기장군 기장읍 대라리 370-1,35.2395647742,129.2107067555,,건축물,051-709-4684,부산광역시 기장군청,2025-11-17
기장읍대라리-115,1,,부산광역시 기장군 기장읍 대라리 1063,35.241350569,129.2114001835,,전용주,051-709-4684,부산광역시 기장군청,2025-11-17
기장읍대라리-116,1,,부산광역시 기장군 기장읍 대라리 309-1,35.2392855186,129.2111158933,,한전주,051-709-4684,부산광역시 기장군청,2025-11-17
기장읍대라리-117,1,,부산광역시 기장군 기장읍 대라리 370-1,35.2395647742,129.2107067555,,전용주,051-709-4684,부산광역시 기장군청,2025-11-17
기장읍대라리-118,1,,부산광역시 기장군 기장읍 대라리 312-6,35.23935318,129.2117767,,한전주,051-709-4684,부산광역시 기장군청,2025-11-17
기장읍대라리-119,1,,부산광역시 기장군 기장읍 대라리 146-2,35.2388542571,129.2129582118,,한전주,051-709-4684,부산광역시 기장군청,2025-11-17
기장읍대라리-120,1,,부산광역시 기장군 기장읍 대라리 287,35.2388025186,129.2125423275,,한전주,051-709-4684,부산광역시 기장군청,2025-11-17
기장읍대라리-121,1,,부산광역시 기장군 기장읍 대라리 138-6,35.2391722357,129.2124078968,,한전주,051-709-4684,부산광역시 기장군청,2025-11-17
기장읍대라리-122,1,,부산광역시 기장군 기장읍 대라리 287,35.2388025186,129.2125397,,한전주,051-709-4684,부산광역시 기장군청,2025-11-17
기장읍대라리-123,1,,부산광역시 기장군 기장읍 대라리 190,35.2372637101,129.2132599059,,한전주,051-709-4684,부산광역시 기장군청,2025-11-17
기장읍대라리-124,1,,부산광역시 기장군 기장읍 대라리 160-4,35.2375412,129.2105272374,,한전주,051-709-4684,부산광역시 기장군청,2025-11-17
기장읍대라리-125,1,,부산광역시 기장군 기장읍 대라리 160-21,35.23730087,129.2107587217,,한전주,051-709-4684,부산광역시 기장군청,2025-11-17
기장읍대라리-126,1,,부산광역시 기장군 기장읍 대라리 160-18,35.23695374,129.2108765,,한전주,051-709-4684,부산광역시 기장군청,2025-11-17
기장읍대라리-127,1,,부산광역시 기장군 기장읍 대라리 160-8,35.2369163287,129.2104924021,,한전주,051-709-4684,부산광역시 기장군청,2025-11-17
기장읍대라리-128,1,,부산광역시 기장군 기장읍 대라리 184-12,35.23644257,129.2107690863,,한전주,051-709-4684,부산광역시 기장군청,2025-11-17
기장읍대라리-129,1,,부산광역시 기장군 기장읍 대라리 184-4,35.2360909399,129.2107614925,,한전주,051-709-4684,부산광역시 기장군청,2025-11-17
기장읍대라리-130,1,,부산광역시 기장군 기장읍 대라리 185-1,35.23548637,129.2112054,,한전주,051-709-4684,부산광역시 기장군청,2025-11-17
기장읍대라리-131,1,,부산광역시 기장군 기장읍 대라리 185-6,35.2354706,129.2113981,,한전주,051-709-4684,부산광역시 기장군청,2025-11-17
기장읍대라리-132,1,,부산광역시 기장군 기장읍 대라리 183-21,35.23563766,129.2114282293,,한전주,051-709-4684,부산광역시 기장군청,2025-11-17
기장읍대라리-133,1,,부산광역시 기장군 기장읍 대라리 183-7,35.23592226,129.2115303,,한전주,051-709-4684,부산광역시 기장군청,2025-11-17
기장읍대라리-134,1,,부산광역시 기장군 기장읍 대라리 183-2,35.23641637,129.2114846,,한전주,051-709-4684,부산광역시 기장군청,2025-11-17
기장읍대라리-135,1,,부산광역시 기장군 기장읍 대라리 183-1,35.2365972,129.2115154,,한전주,051-709-4684,부산광역시 기장군청,2025-11-17
기장읍대라리-136,1,,부산광역시 기장군 기장읍 대라리 162-8,35.23677444,129.211319,,한전주,051-709-4684,부산광역시 기장군청,2025-11-17
기장읍대라리-137,1,,부산광역시 기장군 기장읍 대라리 162-8,35.23698807,129.2116547,,한전주,051-709-4684,부산광역시 기장군청,2025-11-17
기장읍대라리-138,1,,부산광역시 기장군 기장읍 대라리 162-5,35.23744202,129.2115769004,,한전주,051-709-4684,부산광역시 기장군청,2025-11-17
기장읍대라리-139,1,,부산광역시 기장군 기장읍 대라리 162-20,35.2377576319,129.2116852,,한전주,051-709-4684,부산광역시 기장군청,2025-11-17
기장읍대라리-140,1,,부산광역시 기장군 기장읍 대라리 799,35.2387333114,129.2119965142,,한전주,051-709-4684,부산광역시 기장군청,2025-11-17
기장읍대라리-141,1,,부산광역시 기장군 기장읍 대라리 255-6,35.23885345,129.2118996052,,한전주,051-709-4684,부산광역시 기장군청,2025-11-17
기장읍대라리-142,1,,부산광역시 기장군 기장읍 대라리 146-1,35.2388415388,129.2126682292,,한전주,051-709-4684,부산광역시 기장군청,2025-11-17
기장읍대라리-143,1,,부산광역시 기장군 기장읍 대라리 146-3,35.23860931,129.2127349979,,한전주,051-709-4684,부산광역시 기장군청,2025-11-17
기장읍대라리-144,1,,부산광역시 기장군 기장읍 대라리 146-8,35.2381909508,129.212706457,,한전주,051-709-4684,부산광역시 기장군청,2025-11-17
기장읍대라리-145,1,,부산광역시 기장군 기장읍 대라리 146-10,35.2380628435,129.2127317679,,한전주,051-709-4684,부산광역시 기장군청,2025-11-17
기장읍대라리-146,1,,부산광역시 기장군 기장읍 대라리 164-4,35.2376091993,129.2121933204,,전용주,051-709-4684,부산광역시 기장군청,2025-11-17
기장읍대라리-147,1,,부산광역시 기장군 기장읍 대라리 165-15,35.2375145182,129.2126254714,,한전주,051-709-4684,부산광역시 기장군청,2025-11-17
기장읍대라리-148,1,,부산광역시 기장군 기장읍 대라리 164-18,35.2371261726,129.2123474751,,한전주,051-709-4684,부산광역시 기장군청,2025-11-17
기장읍대라리-149,1,,부산광역시 기장군 기장읍 대라리 178-2,35.2364174,129.2122017,,한전주,051-709-4684,부산광역시 기장군청,2025-11-17
기장읍대라리-150,1,,부산광역시 기장군 기장읍 대라리 164-9,35.23673248,129.2121518853,,전용주,051-709-4684,부산광역시 기장군청,2025-11-17
기장읍대라리-151,1,,부산광역시 기장군 기장읍 대라리 164-10,35.2368100582,129.2119187757,,한전주,051-709-4684,부산광역시 기장군청,2025-11-17
기장읍대라리-152,1,,부산광역시 기장군 기장읍 대라리 178-2,35.2364174,129.2122017,,전용주,051-709-4684,부산광역시 기장군청,2025-11-17
기장읍대라리-153,1,,부산광역시 기장군 기장읍 대라리 176-9,35.23602676,129.2126449,,한전주,051-709-4684,부산광역시 기장군청,2025-11-17
기장읍대라리-154,1,,부산광역시 기장군 기장읍 대라리 176-17,35.23560333,129.2126028,,한전주,051-709-4684,부산광역시 기장군청,2025-11-17
기장읍대라리-155,1,,부산광역시 기장군 기장읍 대라리 185-3,35.23540417,129.2121926,,한전주,051-709-4684,부산광역시 기장군청,2025-11-17
기장읍대라리-156,1,,부산광역시 기장군 기장읍 대라리 185-3,35.23547363,129.2121926,,한전주,051-709-4684,부산광역시 기장군청,2025-11-17
기장읍대라리-157,1,,부산광역시 기장군 기장읍 대라리 186-9,35.2354023197,129.2125196567,,한전주,051-709-4684,부산광역시 기장군청,2025-11-17
기장읍대라리-158,1,,부산광역시 기장군 기장읍 대라리 186-8,35.23509591,129.2126008,,한전주,051-709-4684,부산광역시 기장군청,2025-11-17
기장읍대라리-159,1,,부산광역시 기장군 기장읍 대라리 186-1,35.23547745,129.2127686,,한전주,051-709-4684,부산광역시 기장군청,2025-11-17
기장읍대라리-160,1,,부산광역시 기장군 기장읍 대라리 186-2,35.2353905572,129.2130737,,한전주,051-709-4684,부산광역시 기장군청,2025-11-17
기장읍대라리-161,1,,부산광역시 기장군 기장읍 대라리 165-6,35.23670959,129.2128143,,한전주,051-709-4684,부산광역시 기장군청,2025-11-17
기장읍대라리-162,1,,부산광역시 기장군 기장읍 대라리 167-10,35.2367059901,129.2150786173,,한전주,051-709-4684,부산광역시 기장군청,2025-11-17
기장읍대라리-163,1,,부산광역시 기장군 기장읍 대라리 167-11,35.2367891517,129.214864149,,한전주,051-709-4684,부산광역시 기장군청,2025-11-17
기장읍대라리-164,1,,부산광역시 기장군 기장읍 대라리 166-7,35.237146244,129.2139348949,,한전주,051-709-4684,부산광역시 기장군청,2025-11-17
기장읍대라리-165,1,,부산광역시 기장군 기장읍 대라리 166-11,35.2367119895,129.2139498883,,한전주,051-709-4684,부산광역시 기장군청,2025-11-17
기장읍대라리-166,1,,부산광역시 기장군 기장읍 대라리 166-12,35.2367319399,129.2137805191,,한전주,051-709-4684,부산광역시 기장군청,2025-11-17
기장읍대라리-167,1,,부산광역시 기장군 기장읍 대라리 166-25,35.2367629361,129.2134900847,,한전주,051-709-4684,부산광역시 기장군청,2025-11-17
기장읍대라리-168,1,,부산광역시 기장군 기장읍 대라리 175-2,35.23632157,129.213761,,한전주,051-709-4684,부산광역시 기장군청,2025-11-17
기장읍대라리-169,1,,부산광역시 기장군 기장읍 대라리 174-1,35.23573136,129.2141631,,전용주,051-709-4684,부산광역시 기장군청,2025-11-17
기장읍대라리-170,1,,부산광역시 기장군 기장읍 대라리 187-1,35.23537012,129.2137831,,한전주,051-709-4684,부산광역시 기장군청,2025-11-17
기장읍대라리-171,1,,부산광역시 기장군 기장읍 대라리 187-7,35.2353838657,129.2134447192,,한전주,051-709-4684,부산광역시 기장군청,2025-11-17
기장읍대라리-172,1,,부산광역시 기장군 기장읍 대라리 188-10,35.2349907941,129.2141876249,,한전주,051-709-4684,부산광역시 기장군청,2025-11-17
기장읍대라리-173,1,,부산광역시 기장군 기장읍 대라리 188-9,35.23475647,129.2141547,,한전주,051-709-4684,부산광역시 기장군청,2025-11-17
기장읍대라리-174,1,,부산광역시 기장군 기장읍 대라리 189-11,35.23447426,129.2139877,,한전주,051-709-4684,부산광역시 기장군청,2025-11-17
기장읍대라리-175,1,,부산광역시 기장군 기장읍 대라리 189-3,35.23442729,129.2137909,,한전주,051-709-4684,부산광역시 기장군청,2025-11-17
기장읍대라리-176,1,,부산광역시 기장군 기장읍 대라리 189-2,35.23442948,129.2135162,,한전주,051-709-4684,부산광역시 기장군청,2025-11-17
기장읍대라리-177,1,,부산광역시 기장군 기장읍 대라리 189-5,35.23393995,129.2139797,,한전주,051-709-4684,부산광역시 기장군청,2025-11-17
기장읍대라리-178,1,,부산광역시 기장군 기장읍 대라리 189-13,35.23408366,129.2140595,,한전주,051-709-4684,부산광역시 기장군청,2025-11-17
기장읍대라리-179,1,,부산광역시 기장군 기장읍 대라리 188-3,35.2353092431,129.2147015484,,한전주,051-709-4684,부산광역시 기장군청,2025-11-17
기장읍대라리-180,1,,부산광역시 기장군 기장읍 대라리 188-1,35.23533194,129.2141113,,한전주,051-709-4684,부산광역시 기장군청,2025-11-17
기장읍대라리-181,1,,부산광역시 기장군 기장읍 대라리 174-4,35.2358055021,129.2150812301,,한전주,051-709-4684,부산광역시 기장군청,2025-11-17
기장읍대라리-182,1,,부산광역시 기장군 기장읍 대라리 174-3,35.23589497,129.2147558084,,한전주,051-709-4684,부산광역시 기장군청,2025-11-17
기장읍대라리-183,1,,부산광역시 기장군 기장읍 대라리 174-2,35.2358568783,129.2143500623,,한전주,051-709-4684,부산광역시 기장군청,2025-11-17
기장읍대라리-184,1,,부산광역시 기장군 기장읍 대라리 172-5,35.23618317,129.214921636,,한전주,051-709-4684,부산광역시 기장군청,2025-11-17
기장읍대라리-185,1,,부산광역시 기장군 기장읍 대라리 172-4,35.2364502,129.2149969667,,전용주,051-709-4684,부산광역시 기장군청,2025-11-17
기장읍대라리-186,1,,부산광역시 기장군 기장읍 대라리 167-10,35.2367059901,129.2150786173,,한전주,051-709-4684,부산광역시 기장군청,2025-11-17
기장읍대라리-187,1,,부산광역시 기장군 기장읍 대라리 172-12,35.2364281351,129.2147327457,,한전주,051-709-4684,부산광역시 기장군청,2025-11-17
기장읍대라리-188,1,,부산광역시 기장군 기장읍 대라리 167-16,35.2367059557,129.2142639,,한전주,051-709-4684,부산광역시 기장군청,2025-11-17
기장읍대라리-189,1,,부산광역시 기장군 기장읍 대라리 170-6,35.2368115053,129.2155429758,,한전주,051-709-4684,부산광역시 기장군청,2025-11-17
기장읍대라리-190,1,,부산광역시 기장군 기장읍 대라리 170-5,35.2367768903,129.2159421555,,한전주,051-709-4684,부산광역시 기장군청,2025-11-17
기장읍대라리-191,1,,부산광역시 기장군 기장읍 대라리 169-7,35.237297063,129.2161364373,,한전주,051-709-4684,부산광역시 기장군청,2025-11-17
기장읍대라리-192,1,,부산광역시 기장군 기장읍 대라리 169-12,35.2372115721,129.215697193,,한전주,051-709-4684,부산광역시 기장군청,2025-11-17
기장읍대라리-193,1,,부산광역시 기장군 기장읍 대라리 167-8,35.23706818,129.2151947,,한전주,051-709-4684,부산광역시 기장군청,2025-11-17
기장읍대라리-194,1,,부산광역시 기장군 기장읍 대라리 170-7,35.2367839758,129.2153289312,,전용주,051-709-4684,부산광역시 기장군청,2025-11-17
기장읍대라리-195,1,,부산광역시 기장군 기장읍 대라리 168-9,35.2373012969,129.2149752813,,한전주,051-709-4684,부산광역시 기장군청,2025-11-17
기장읍대라리-196,1,,부산광역시 기장군 기장읍 대라리 168-11,35.2373525414,129.2145191078,,한전주,051-709-4684,부산광역시 기장군청,2025-11-17
기장읍대라리-197,1,,부산광역시 기장군 기장읍 대라리 169-1,35.2375929097,129.2154520948,,전용주,051-709-4684,부산광역시 기장군청,2025-11-17
기장읍대라리-198,1,,부산광역시 기장군 기장읍 대라리 269-2,35.2382068582,129.2157288,,한전주,051-709-4684,부산광역시 기장군청,2025-11-17
기장읍대라리-199,1,,부산광역시 기장군 기장읍 대라리 149-2,35.238557915,129.2162001872,,전용주,051-709-4684,부산광역시 기장군청,2025-11-17
기장읍대라리-200,1,,부산광역시 기장군 기장읍 대라리 269-9,35.23816006,129.2159253,,전용주,051-709-4684,부산광역시 기장군청,2025-11-17
기장읍대라리-201,1,,부산광역시 기장군 기장읍 대라리 269-3,35.23817084,129.2161865,,전용주,051-709-4684,부산광역시 기장군청,2025-11-17
기장읍대라리-202,1,,부산광역시 기장군 기장읍 대라리 290,35.2384857863,129.2164623192,,건축물,051-709-4684,부산광역시 기장군청,2025-11-17
기장읍대라리-203,1,,부산광역시 기장군 기장읍 대라리 149-5,35.2387336376,129.2164360638,,전용주,051-709-4684,부산광역시 기장군청,2025-11-17
기장읍대라리-204,1,,부산광역시 기장군 기장읍 대라리 136-7,35.2391963029,129.2167737724,,한전주,051-709-4684,부산광역시 기장군청,2025-11-17
기장읍대라리-205,1,,부산광역시 기장군 기장읍 대라리 149-2,35.238557915,129.216217,,한전주,051-709-4684,부산광역시 기장군청,2025-11-17
기장읍대라리-206,1,,부산광역시 기장군 기장읍 대라리 143-19,35.2390754295,129.2146845854,,전용주,051-709-4684,부산광역시 기장군청,2025-11-17
기장읍대라리-207,1,,부산광역시 기장군 기장읍 대라리 143-24,35.2390325515,129.2152005271,,전용주,051-709-4684,부산광역시 기장군청,2025-11-17
기장읍대라리-208,1,,부산광역시 기장군 기장읍 대라리 143-19,35.2390754295,129.2146912,,한전주,051-709-4684,부산광역시 기장군청,2025-11-17
기장읍대라리-209,1,,부산광역시 기장군 기장읍 대라리 143-4,35.2390764663,129.2143867381,,한전주,051-709-4684,부산광역시 기장군청,2025-11-17
기장읍대라리-210,1,,부산광역시 기장군 기장읍 대라리 148-1,35.2387826245,129.2143269049,,한전주,051-709-4684,부산광역시 기장군청,2025-11-17
기장읍대라리-211,1,,부산광역시 기장군 기장읍 대라리 268-1,35.2382178932,129.2142480636,,한전주,051-709-4684,부산광역시 기장군청,2025-11-17
기장읍대라리-212,1,,부산광역시 기장군 기장읍 대라리 148-7,35.23841476,129.2148396178,,한전주,051-709-4684,부산광역시 기장군청,2025-11-17
기장읍대라리-213,1,,부산광역시 기장군 기장읍 대라리 268-4,35.2381937597,129.2149166313,,한전주,051-709-4684,부산광역시 기장군청,2025-11-17
기장읍대라리-214,1,,부산광역시 기장군 기장읍 대라리 268-5,35.23819854,129.2151794,,한전주,051-709-4684,부산광역시 기장군청,2025-11-17
기장읍대라리-215,1,,부산광역시 기장군 기장읍 대라리 147-19,35.23889923,129.2140220095,,전용주,051-709-4684,부산광역시 기장군청,2025-11-17
기장읍대라리-216,1,,부산광역시 기장군 기장읍 대라리 140-12,35.2391863739,129.2136993,,전용주,051-709-4684,부산광역시 기장군청,2025-11-17
기장읍대라리-217,1,,부산광역시 기장군 기장읍 대라리 140-8,35.2390914354,129.2135195497,,한전주,051-709-4684,부산광역시 기장군청,2025-11-17
기장읍대라리-218,1,,부산광역시 기장군 기장읍 대라리 128-11,35.2404887375,129.2141418,,한전주,051-709-4684,부산광역시 기장군청,2025-11-17
기장읍대라리-219,1,,부산광역시 기장군 기장읍 대라리 141-5,35.2396025361,129.2143097,,한전주,051-709-4684,부산광역시 기장군청,2025-11-17
기장읍대라리-220,1,,부산광역시 기장군 기장읍 대라리 141-10,35.2396110581,129.2147522,,한전주,051-709-4684,부산광역시 기장군청,2025-11-17
기장읍대라리-221,1,,부산광역시 기장군 기장읍 대라리 143-15,35.2393865413,129.2149353,,건축물,051-709-4684,부산광역시 기장군청,2025-11-17
기장읍대라리-222,1,,부산광역시 기장군 기장읍 대라리 142-7,35.2395490876,129.2159661556,,한전주,051-709-4684,부산광역시 기장군청,2025-11-17
기장읍대라리-223,1,,부산광역시 기장군 기장읍 대라리 102-1,35.23993301,129.2170438,,건축물,051-709-4684,부산광역시 기장군청,2025-11-17
기장읍대라리-224,1,,부산광역시 기장군 기장읍 대라리 131-12,35.24001694,129.2159825058,,한전주,051-709-4684,부산광역시 기장군청,2025-11-17
기장읍대라리-225,1,,부산광역시 기장군 기장읍 대라리 131-9,35.2402185358,129.2156525,,한전주,051-709-4684,부산광역시 기장군청,2025-11-17
기장읍대라리-226,1,,부산광역시 기장군 기장읍 대라리 141-15,35.2398485397,129.215210,,한전주,051-709-4684,부산광역시 기장군청,2025-11-17
기장읍대라리-227,1,,부산광역시 기장군 기장읍 대라리 141-14,35.239879898,129.2150713448,,한전주,051-709-4684,부산광역시 기장군청,2025-11-17
기장읍대라리-228,1,,부산광역시 기장군 기장읍 대라리 141-11,35.239824995,129.2146759,,건축물,051-709-4684,부산광역시 기장군청,2025-11-17
기장읍대라리-229,1,,부산광역시 기장군 기장읍 대라리 141-1,35.2399473778,129.2144223948,,한전주,051-709-4684,부산광역시 기장군청,2025-11-17
기장읍대라리-230,1,,부산광역시 기장군 기장읍 대라리 128-11,35.2404887375,129.2141724,,한전주,051-709-4684,부산광역시 기장군청,2025-11-17
기장읍대라리-231,1,,부산광역시 기장군 기장읍 대라리 141-13,35.2398341342,129.2144061346,,한전주,051-709-4684,부산광역시 기장군청,2025-11-17
기장읍대라리-232,1,,부산광역시 기장군 기장읍 대라리 130-7,35.2402148984,129.2145269864,,한전주,051-709-4684,부산광역시 기장군청,2025-11-17
기장읍대라리-233,1,,부산광역시 기장군 기장읍 대라리 128-19,35.2406044,129.2141715775,,한전주,051-709-4684,부산광역시 기장군청,2025-11-17
기장읍대라리-234,1,,부산광역시 기장군 기장읍 대라리 128-6,35.24084473,129.2141438457,,한전주,051-709-4684,부산광역시 기장군청,2025-11-17
기장읍대라리-235,1,,부산광역시 기장군 기장읍 대라리 128-4,35.2410879109,129.2141869443,,한전주,051-709-4684,부산광역시 기장군청,2025-11-17
기장읍대라리-236,1,,부산광역시 기장군 기장읍 대라리 130-25,35.2404831347,129.2150305297,,건축물,051-709-4684,부산광역시 기장군청,2025-11-17
기장읍대라리-237,1,,부산광역시 기장군 기장읍 대라리 129-9,35.24062347,129.2150094549,,한전주,051-709-4684,부산광역시 기장군청,2025-11-17
기장읍대라리-238,1,,부산광역시 기장군 기장읍 대라리 123-5,35.24060059,129.2155139889,,한전주,051-709-4684,부산광역시 기장군청,2025-11-17
기장읍대라리-239,1,,부산광역시 기장군 기장읍 대라리 120-6,35.2406062802,129.2158291617,,한전주,051-709-4684,부산광역시 기장군청,2025-11-17
기장읍대라리-240,1,,부산광역시 기장군 기장읍 대라리 120-6,35.2406062802,129.2158291617,,한전주,051-709-4684,부산광역시 기장군청,2025-11-17
기장읍대라리-241,1,,부산광역시 기장군 기장읍 대라리 977,35.2403193955,129.2101135,,한전주,051-709-4684,부산광역시 기장군청,2025-11-17
기장읍대라리-242,1,,부산광역시 기장군 기장읍 대라리 976,35.2403333472,129.2097199696,,한전주,051-709-4684,부산광역시 기장군청,2025-11-17
기장읍대라리-243,1,,부산광역시 기장군 기장읍 대라리 956,35.2403019911,129.2093103021,,한전주,051-709-4684,부산광역시 기장군청,2025-11-17
기장읍대라리-244,1,,부산광역시 기장군 기장읍 대라리 954-1,35.2403865765,129.2090504139,,한전주,051-709-4684,부산광역시 기장군청,2025-11-17
기장읍대라리-245,1,,부산광역시 기장군 기장읍 대라리 906-1,35.24015045,129.2081146,,한전주,051-709-4684,부산광역시 기장군청,2025-11-17
기장읍대라리-246,1,,부산광역시 기장군 기장읍 대라리 906-1,35.24024963,129.2078247,,한전주,051-709-4684,부산광역시 기장군청,2025-11-17
기장읍대라리-247,1,,부산광역시 기장군 기장읍 대라리 904-1,35.24053192,129.2077247559,,한전주,051-709-4684,부산광역시 기장군청,2025-11-17
기장읍대라리-248,1,,부산광역시 기장군 기장읍 대라리 904,35.2407341,129.2077200245,,한전주,051-709-4684,부산광역시 기장군청,2025-11-17
기장읍대라리-249,1,,부산광역시 기장군 기장읍 대라리 898,35.2412475276,129.2072906,,한전주,051-709-4684,부산광역시 기장군청,2025-11-17
기장읍대라리-250,1,,부산광역시 기장군 기장읍 대라리 895,35.2412119624,129.207480423,,한전주,051-709-4684,부산광역시 기장군청,2025-11-17
기장읍대라리-251,1,,부산광역시 기장군 기장읍 대라리 891,35.2412380302,129.2078123412,,한전주,051-709-4684,부산광역시 기장군청,2025-11-17
기장읍대라리-252,1,,부산광역시 기장군 기장읍 대라리 905,35.24071121,129.2079915271,,한전주,051-709-4684,부산광역시 기장군청,2025-11-17
기장읍대라리-253,1,,부산광역시 기장군 기장읍 대라리 891-2,35.24115372,129.2080454421,,한전주,051-709-4684,부산광역시 기장군청,2025-11-17
기장읍대라리-254,1,,부산광역시 기장군 기장읍 대라리 923-1,35.24145126,129.208313,,한전주,051-709-4684,부산광역시 기장군청,2025-11-17
기장읍대라리-255,1,,부산광역시 기장군 기장읍 대라리 924,35.2415792225,129.2087586348,,한전주,051-709-4684,부산광역시 기장군청,2025-11-17
기장읍대라리-256,1,,부산광역시 기장군 기장읍 대라리 952,35.2409984495,129.2090695406,,한전주,051-709-4684,부산광역시 기장군청,2025-11-17
기장읍대라리-257,1,,부산광역시 기장군 기장읍 대라리 954,35.2406218039,129.2090929325,,한전주,051-709-4684,부산광역시 기장군청,2025-11-17
기장읍대라리-258,1,,부산광역시 기장군 기장읍 대라리 977,35.24039459,129.2101384027,,전용주,051-709-4684,부산광역시 기장군청,2025-11-17
기장읍대라리-259,1,,부산광역시 기장군 기장읍 대라리 958,35.2405737792,129.2094380593,,한전주,051-709-4684,부산광역시 기장군청,2025-11-17
기장읍대라리-260,1,,부산광역시 기장군 기장읍 대라리 959-3,35.240810945,129.2095795,,한전주,051-709-4684,부산광역시 기장군청,2025-11-17
기장읍대라리-261,1,,부산광역시 기장군 기장읍 대라리 960,35.24111938,129.2093555875,,한전주,051-709-4684,부산광역시 기장군청,2025-11-17
기장읍대라리-262,1,,부산광역시 기장군 기장읍 대라리 972,35.2414487979,129.209796594,,전용주,051-709-4684,부산광역시 기장군청,2025-11-17
기장읍대라리-263,1,,부산광역시 기장군 기장읍 대라리 947,35.24142075,129.2093048,,전용주,051-709-4684,부산광역시 기장군청,2025-11-17
기장읍대라리-264,1,,부산광역시 기장군 기장읍 대라리 873-1,35.24176788,129.2081604,,한전주,051-709-4684,부산광역시 기장군청,2025-11-17
기장읍대라리-265,1,,부산광역시 기장군 기장읍 대라리 873-1,35.2417717,129.2081355074,,한전주,051-709-4684,부산광역시 기장군청,2025-11-17
기장읍대라리-266,1,,부산광역시 기장군 기장읍 대라리 878,35.2419877499,129.2072106458,,한전주,051-709-4684,부산광역시 기장군청,2025-11-17
기장읍대라리-267,1,,부산광역시 기장군 기장읍 대라리 882,35.241539,129.2072676,,한전주,051-709-4684,부산광역시 기장군청,2025-11-17
기장읍대라리-268,1,,부산광역시 기장군 기장읍 대라리 608,35.2412663063,129.2070465,,한전주,051-709-4684,부산광역시 기장군청,2025-11-17
기장읍대라리-269,1,,부산광역시 기장군 기장읍 대라리 575,35.24203491,129.2068787,,전용주,051-709-4684,부산광역시 기장군청,2025-11-17
기장읍대라리-270,1,,부산광역시 기장군 기장읍 대라리 867,35.2422841711,129.2070404103,,한전주,051-709-4684,부산광역시 기장군청,2025-11-17
기장읍대라리-271,1,,부산광역시 기장군 기장읍 대라리 867,35.2422841711,129.2070404103,,한전주,051-709-4684,부산광역시 기장군청,2025-11-17
기장읍대라리-272,1,,부산광역시 기장군 기장읍 대라리 868,35.2422069507,129.2074816945,,한전주,051-709-4684,부산광역시 기장군청,2025-11-17
기장읍대라리-273,1,,부산광역시 기장군 기장읍 대라리 871,35.2422376444,129.2081604,,한전주,051-709-4684,부산광역시 기장군청,2025-11-17
기장읍대라리-274,1,,부산광역시 기장군 기장읍 대라리 872,35.2421218355,129.2081390268,,한전주,051-709-4684,부산광역시 기장군청,2025-11-17
기장읍대라리-275,1,,부산광역시 기장군 기장읍 대라리 912,35.2425161654,129.2084846262,,한전주,051-709-4684,부산광역시 기장군청,2025-11-17
기장읍대라리-276,1,,부산광역시 기장군 기장읍 대라리 913,35.2424556121,129.2087708,,한전주,051-709-4684,부산광역시 기장군청,2025-11-17
기장읍대라리-277,1,,부산광역시 기장군 기장읍 대라리 942,35.24196243,129.2090932636,,전용주,051-709-4684,부산광역시 기장군청,2025-11-17
기장읍대라리-278,1,,부산광역시 기장군 기장읍 대라리 946,35.24142075,129.2090302,,한전주,051-709-4684,부산광역시 기장군청,2025-11-17
기장읍대라리-279,1,,부산광역시 기장군 기장읍 대라리 935,35.2424655373,129.2091944721,,한전주,051-709-4684,부산광역시 기장군청,2025-11-17
기장읍대라리-280,1,,부산광역시 기장군 기장읍 대라리 950,35.2421748877,129.2094235114,,한전주,051-709-4684,부산광역시 기장군청,2025-11-17
기장읍대라리-281,1,,부산광역시 기장군 기장읍 대라리 949,35.2419157891,129.2094890847,,한전주,051-709-4684,부산광역시 기장군청,2025-11-17
기장읍대라리-282,1,,부산광역시 기장군 기장읍 대라리 948,35.24171448,129.2094288919,,전용주,051-709-4684,부산광역시 기장군청,2025-11-17
기장읍대라리-283,1,,부산광역시 기장군 기장읍 대라리 973,35.24140549,129.2097015,,한전주,051-709-4684,부산광역시 기장군청,2025-11-17
기장읍대라리-284,1,,부산광역시 기장군 기장읍 대라리 965,35.2424198932,129.2101541202,,한전주,051-709-4684,부산광역시 기장군청,2025-11-17
기장읍대라리-285,1,,부산광역시 기장군 기장읍 대라리 964,35.2424584178,129.2098457446,,한전주,051-709-4684,부산광역시 기장군청,2025-11-17
기장읍대라리-286,1,,부산광역시 기장군 기장읍 대라리 938,35.2427415048,129.2096863,,전용주,051-709-4684,부산광역시 기장군청,2025-11-17
기장읍대라리-287,1,,부산광역시 기장군 기장읍 대라리 934,35.2426302887,129.2092028968,,한전주,051-709-4684,부산광역시 기장군청,2025-11-17
기장읍대라리-288,1,,부산광역시 기장군 기장읍 대라리 803-2,35.24333191,129.2084052098,,한전주,051-709-4684,부산광역시 기장군청,2025-11-17
기장읍대라리-289,1,,부산광역시 기장군 기장읍 대라리 841-1,35.2430540794,129.208156951,,한전주,051-709-4684,부산광역시 기장군청,2025-11-17
기장읍대라리-290,1,,부산광역시 기장군 기장읍 대라리 853,35.24277496,129.2081563722,,한전주,051-709-4684,부산광역시 기장군청,2025-11-17
기장읍대라리-291,1,,부산광역시 기장군 기장읍 대라리 851,35.2426865149,129.2079938636,,한전주,051-709-4684,부산광역시 기장군청,2025-11-17
기장읍대라리-292,1,,부산광역시 기장군 기장읍 대라리 850,35.242705752,129.207868068,,한전주,051-709-4684,부산광역시 기장군청,2025-11-17
기장읍대라리-293,1,,부산광역시 기장군 기장읍 대라리 849,35.2427382196,129.2073364,,한전주,051-709-4684,부산광역시 기장군청,2025-11-17
기장읍대라리-294,1,,부산광역시 기장군 기장읍 대라리 845,35.2429924,129.2074191296,,전용주,051-709-4684,부산광역시 기장군청,2025-11-17
기장읍대라리-295,1,,부산광역시 기장군 기장읍 대라리 847,35.2427545548,129.206882468,,한전주,051-709-4684,부산광역시 기장군청,2025-11-17
기장읍대라리-296,1,,부산광역시 기장군 기장읍 대라리 564,35.24281693,129.2066012513,,전용주,051-709-4684,부산광역시 기장군청,2025-11-17
기장읍대라리-297,1,,부산광역시 기장군 기장읍 대라리 866,35.24256897,129.2068913822,,한전주,051-709-4684,부산광역시 기장군청,2025-11-17
기장읍대라리-298,1,,부산광역시 기장군 기장읍 대라리 556,35.2429437913,129.2064872252,,한전주,051-709-4684,부산광역시 기장군청,2025-11-17
기장읍대라리-299,1,,부산광역시 기장군 기장읍 대라리 535,35.2434599423,129.2065350099,,한전주,051-709-4684,부산광역시 기장군청,2025-11-17
기장읍대라리-300,1,,부산광역시 기장군 기장읍 대라리 821,35.2434233543,129.206814041,,한전주,051-709-4684,부산광역시 기장군청,2025-11-17
기장읍대라리-301,1,,부산광역시 기장군 기장읍 대라리 821,35.2434233543,129.2068329,,한전주,051-709-4684,부산광역시 기장군청,2025-11-17
기장읍대라리-302,1,,부산광역시 기장군 기장읍 대라리 833,35.24355316,129.2071533,,한전주,051-709-4684,부산광역시 기장군청,2025-11-17
기장읍대라리-303,1,,부산광역시 기장군 기장읍 대라리 837,35.2432481773,129.2074560419,,한전주,051-709-4684,부산광역시 기장군청,2025-11-17
기장읍대라리-304,1,,부산광역시 기장군 기장읍 대라리 838,35.2432538183,129.2077394771,,한전주,051-709-4684,부산광역시 기장군청,2025-11-17
기장읍대라리-305,1,,부산광역시 기장군 기장읍 대라리 59-11,35.243411858,129.2162628,,한전주,051-709-4684,부산광역시 기장군청,2025-11-17
기장읍대라리-306,1,,부산광역시 기장군 기장읍 대라리 68-27,35.2437626937,129.2159115246,,전용주,051-709-4684,부산광역시 기장군청,2025-11-17
기장읍대라리-307,1,,부산광역시 기장군 기장읍 대라리 68-27,35.24376297,129.2159271,,전용주,051-709-4684,부산광역시 기장군청,2025-11-17
기장읍대라리-308,1,,부산광역시 기장군 기장읍 대라리 68-9,35.24382104,129.216006,,전용주,051-709-4684,부산광역시 기장군청,2025-11-17
기장읍대라리-309,1,,부산광역시 기장군 기장읍 대라리 68-9,35.24383926,129.2160034,,전용주,051-709-4684,부산광역시 기장군청,2025-11-17
기장읍대라리-310,1,,부산광역시 기장군 기장읍 대라리 839,35.2432096834,129.208014862,,한전주,051-709-4684,부산광역시 기장군청,2025-11-17
기장읍대라리-311,1,,부산광역시 기장군 기장읍 대라리 70-2,35.24442291,129.2150412375,,한전주,051-709-4684,부산광역시 기장군청,2025-11-17
기장읍대라리-312,1,,부산광역시 기장군 기장읍 대라리 70-2,35.24443054,129.2150412375,,한전주,051-709-4684,부산광역시 기장군청,2025-11-17
기장읍대라리-313,1,,부산광역시 기장군 기장읍 대라리 780-9,35.24442291,129.2152557,,한전주,051-709-4684,부산광역시 기장군청,2025-11-17
기장읍대라리-314,1,,부산광역시 기장군 기장읍 대라리 309,35.23921194,129.2109013,,한전주,051-709-4684,부산광역시 기장군청,2025-11-17
기장읍대라리-315,1,,부산광역시 기장군 기장읍 대라리 184-6,35.23580521,129.2107854,2018,한전주,051-709-4684,부산광역시 기장군청,2025-11-17
기장읍대라리-316,1,,부산광역시 기장군 기장읍 대라리 970,35.2421581431,129.2101971021,2018,한전주,051-709-4684,부산광역시 기장군청,2025-11-17
기장읍대라리-317,1,,부산광역시 기장군 기장읍 대라리 938,35.2427415048,129.2096065053,2018,한전주,051-709-4684,부산광역시 기장군청,2025-11-17
기장읍대라리-318,1,,부산광역시 기장군 기장읍 대라리 940,35.2422056464,129.209120857,2018,한전주,051-709-4684,부산광역시 기장군청,2025-11-17
기장읍대라리-319,1,,부산광역시 기장군 기장읍 대라리 943,35.2417956511,129.2091052294,2018,한전주,051-709-4684,부산광역시 기장군청,2025-11-17
기장읍대라리-320,1,,부산광역시 기장군 기장읍 대라리 415-10,35.24235661,129.2126053,2018,한전주,051-709-4684,부산광역시 기장군청,2025-11-17
기장읍대라리-321,1,,부산광역시 기장군 기장읍 대라리 973,35.2414487979,129.209796594,2018,한전주,051-709-4684,부산광역시 기장군청,2025-11-17
기장읍대라리-322,1,,부산광역시 기장군 기장읍 대라리 971,35.2417403285,129.2097462912,2018,한전주,051-709-4684,부산광역시 기장군청,2025-11-17
기장읍대라리-323,1,,부산광역시 기장군 기장읍 대라리 931,35.2429525667,129.2091367297,2018,한전주,051-709-4684,부산광역시 기장군청,2025-11-17
기장읍대라리-324,1,,부산광역시 기장군 기장읍 대라리 905,35.2407574355,129.2079915271,2018,한전주,051-709-4684,부산광역시 기장군청,2025-11-17
기장읍대라리-325,1,,부산광역시 기장군 기장읍 대라리 1035,35.24021922,129.2114187,2018,한전주,051-709-4684,부산광역시 기장군청,2025-11-17
기장읍대라리-326,1,,부산광역시 기장군 기장읍 대라리 345-6,35.23997303,129.2121287,2018,한전주,051-709-4684,부산광역시 기장군청,2025-11-17
기장읍대라리-327,1,,부산광역시 기장군 기장읍 대라리 390,35.2401514766,129.2090255829,,한전주,051-709-4684,부산광역시 기장군청,2025-11-17
기장읍대라리-328,1,,부산광역시 기장군 기장읍 대라리 124-3,35.2415261855,129.2142395051,,한전주,051-709-4684,부산광역시 기장군청,2025-11-17
기장읍대라리-329,1,,부산광역시 기장군 기장읍 대라리 169-13,35.2373571233,129.2154254706,,한전주,051-709-4684,부산광역시 기장군청,2025-11-17
기장읍대변리-1,1,,부산광역시 기장군 기장읍 대변리 636-5,35.2306568687,129.2216735904,,한전주,051-709-4684,부산광역시 기장군청,2025-11-17
기장읍대변리-2,1,,부산광역시 기장군 기장읍 대변리 산 52-7,35.2301412792,129.2222664921,,한전주,051-709-4684,부산광역시 기장군청,2025-11-17
기장읍대변리-3,1,,부산광역시 기장군 기장읍 대변리 532-2,35.22778702,129.2252226107,,한전주,051-709-4684,부산광역시 기장군청,2025-11-17
기장읍대변리-4,1,,부산광역시 기장군 기장읍 대변리 617-6,35.22783661,129.2257233,,한전주,051-709-4684,부산광역시 기장군청,2025-11-17
기장읍대변리-5,1,,부산광역시 기장군 기장읍 대변리 617-6,35.2278453799,129.225708176,,한전주,051-709-4684,부산광역시 기장군청,2025-11-17
기장읍대변리-6,1,,부산광역시 기장군 기장읍 대변리 529-1,35.2279728672,129.2259827,,전용주,051-709-4684,부산광역시 기장군청,2025-11-17
기장읍대변리-7,1,,부산광역시 기장군 기장읍 대변리 617-9,35.2278665684,129.2263424251,,한전주,051-709-4684,부산광역시 기장군청,2025-11-17
기장읍대변리-8,1,,부산광역시 기장군 기장읍 대변리 475-1,35.2273833308,129.2266083,,건축물,051-709-4684,부산광역시 기장군청,2025-11-17
기장읍대변리-9,1,,부산광역시 기장군 기장읍 대변리 630,35.2263428068,129.2274794766,,한전주,051-709-4684,부산광역시 기장군청,2025-11-17
기장읍대변리-10,1,,부산광역시 기장군 기장읍 대변리 429-1,35.226397641,129.2283137743,,건축물,051-709-4684,부산광역시 기장군청,2025-11-17
기장읍대변리-11,1,,부산광역시 기장군 기장읍 대변리 621-4,35.22525413,129.2295501862,,한전주,051-709-4684,부산광역시 기장군청,2025-11-17
기장읍대변리-12,1,,부산광역시 기장군 기장읍 대변리 402-1,35.2249262474,129.2296613915,,한전주,051-709-4684,부산광역시 기장군청,2025-11-17
기장읍대변리-13,1,,부산광역시 기장군 기장읍 대변리 406-14,35.22510147,129.2291843258,,건축물,051-709-4684,부산광역시 기장군청,2025-11-17
기장읍대변리-14,1,,부산광역시 기장군 기장읍 대변리 406-4,35.22514617,129.2291107,,한전주,051-709-4684,부산광역시 기장군청,2025-11-17
기장읍대변리-15,1,,부산광역시 기장군 기장읍 대변리 409,35.2253004255,129.2289357476,,한전주,051-709-4684,부산광역시 기장군청,2025-11-17
기장읍대변리-16,1,,부산광역시 기장군 기장읍 대변리 417-4,35.22558212,129.2289004688,,건축물,051-709-4684,부산광역시 기장군청,2025-11-17
기장읍대변리-17,1,,부산광역시 기장군 기장읍 대변리 439-5,35.22625351,129.227409077,,한전주,051-709-4684,부산광역시 기장군청,2025-11-17
기장읍대변리-18,1,,부산광역시 기장군 기장읍 대변리 439-14,35.2259685171,129.2272486124,,한전주,051-709-4684,부산광역시 기장군청,2025-11-17
기장읍대변리-19,1,,부산광역시 기장군 기장읍 대변리 439-14,35.2259685171,129.2272486124,,건축물,051-709-4684,부산광역시 기장군청,2025-11-17
기장읍대변리-20,1,,부산광역시 기장군 기장읍 대변리 443-1,35.2252691859,129.2280632747,,한전주,051-709-4684,부산광역시 기장군청,2025-11-17
기장읍대변리-21,1,,부산광역시 기장군 기장읍 대변리 420-8,35.22546387,129.2281342,,건축물,051-709-4684,부산광역시 기장군청,2025-11-17
기장읍대변리-22,1,,부산광역시 기장군 기장읍 대변리 617-12,35.2250792014,129.22618255,,건축물,051-709-4684,부산광역시 기장군청,2025-11-17
기장읍대변리-23,1,,부산광역시 기장군 기장읍 대변리 447-1,35.2244606,129.2268066,,건축물,051-709-4684,부산광역시 기장군청,2025-11-17
기장읍대변리-24,1,,부산광역시 기장군 기장읍 대변리 458,35.224831436,129.2264862,,한전주,051-709-4684,부산광역시 기장군청,2025-11-17
기장읍대변리-25,1,,부산광역시 기장군 기장읍 대변리 626-8,35.2253305682,129.226181,,한전주,051-709-4684,부산광역시 기장군청,2025-11-17
기장읍대변리-26,1,,부산광역시 기장군 기장읍 대변리 457-1,35.2249224687,129.2259709001,,한전주,051-709-4684,부산광역시 기장군청,2025-11-17
기장읍대변리-27,1,,부산광역시 기장군 기장읍 대변리 461-2,35.2254210433,129.2260892883,,전용주,051-709-4684,부산광역시 기장군청,2025-11-17
기장읍대변리-28,1,,부산광역시 기장군 기장읍 대변리 461-10,35.2254878619,129.2260209967,,전용주,051-709-4684,부산광역시 기장군청,2025-11-17
기장읍대변리-29,1,,부산광역시 기장군 기장읍 대변리 461-10,35.2254878619,129.2260209967,,전용주,051-709-4684,부산광역시 기장군청,2025-11-17
기장읍대변리-30,1,,부산광역시 기장군 기장읍 대변리 464,35.2260025414,129.2263534764,,전용주,051-709-4684,부산광역시 기장군청,2025-11-17
기장읍대변리-31,1,,부산광역시 기장군 기장읍 대변리 465,35.226288283,129.2264222345,,전용주,051-709-4684,부산광역시 기장군청,2025-11-17
기장읍대변리-32,1,,부산광역시 기장군 기장읍 대변리 472-8,35.22631454,129.2267508852,,전용주,051-709-4684,부산광역시 기장군청,2025-11-17
기장읍대변리-33,1,,부산광역시 기장군 기장읍 대변리 472-11,35.2266072631,129.227093929,,전용주,051-709-4684,부산광역시 기장군청,2025-11-17
기장읍대변리-34,1,,부산광역시 기장군 기장읍 대변리 472,35.2267991634,129.2266749436,,전용주,051-709-4684,부산광역시 기장군청,2025-11-17
기장읍대변리-35,1,,부산광역시 기장군 기장읍 대변리 470-4,35.22661209,129.2263847555,,전용주,051-709-4684,부산광역시 기장군청,2025-11-17
기장읍대변리-36,1,,부산광역시 기장군 기장읍 대변리 466-1,35.2265055834,129.226214356,,전용주,051-709-4684,부산광역시 기장군청,2025-11-17
기장읍대변리-37,1,,부산광역시 기장군 기장읍 대변리 467,35.22613907,129.2259827,,전용주,051-709-4684,부산광역시 기장군청,2025-11-17
기장읍대변리-38,1,,부산광역시 기장군 기장읍 대변리 462,35.22597122,129.2260782701,,한전주,051-709-4684,부산광역시 기장군청,2025-11-17
기장읍대변리-39,1,,부산광역시 기장군 기장읍 대변리 617-14,35.22597885,129.2262421,,한전주,051-709-4684,부산광역시 기장군청,2025-11-17
기장읍대변리-40,1,,부산광역시 기장군 기장읍 대변리 580-5,35.2260922957,129.2255941199,,한전주,051-709-4684,부산광역시 기장군청,2025-11-17
기장읍대변리-41,1,,부산광역시 기장군 기장읍 대변리 579-1,35.2263671251,129.2255773806,,전용주,051-709-4684,부산광역시 기장군청,2025-11-17
기장읍대변리-42,1,,부산광역시 기장군 기장읍 대변리 582-10,35.22579575,129.2253156916,,건축물,051-709-4684,부산광역시 기장군청,2025-11-17
기장읍대변리-43,1,,부산광역시 기장군 기장읍 대변리 583,35.2256931565,129.2254115877,,전용주,051-709-4684,부산광역시 기장군청,2025-11-17
기장읍대변리-44,1,,부산광역시 기장군 기장읍 대변리 580-6,35.2258780179,129.2249512981,,전용주,051-709-4684,부산광역시 기장군청,2025-11-17
기장읍대변리-45,1,,부산광역시 기장군 기장읍 대변리 626-13,35.22650528,129.2260895,,한전주,051-709-4684,부산광역시 기장군청,2025-11-17
기장읍대변리-46,1,,부산광역시 기장군 기장읍 대변리 468-3,35.2269126149,129.2262153706,,한전주,051-709-4684,부산광역시 기장군청,2025-11-17
기장읍대변리-47,1,,부산광역시 기장군 기장읍 대변리 617-9,35.2278665684,129.2263424251,,한전주,051-709-4684,부산광역시 기장군청,2025-11-17
기장읍대변리-48,1,,부산광역시 기장군 기장읍 대변리 470-4,35.2266989942,129.2263847555,,전용주,051-709-4684,부산광역시 기장군청,2025-11-17
기장읍대변리-49,1,,부산광역시 기장군 기장읍 대변리 617-6,35.2278453799,129.225708176,,한전주,051-709-4684,부산광역시 기장군청,2025-11-17
기장읍대변리-50,1,,부산광역시 기장군 기장읍 대변리 617-7,35.2275699899,129.2254549343,,한전주,051-709-4684,부산광역시 기장군청,2025-11-17
기장읍대변리-51,1,,부산광역시 기장군 기장읍 대변리 578-31,35.2267123536,129.2252288404,,전용주,051-709-4684,부산광역시 기장군청,2025-11-17
기장읍대변리-52,1,,부산광역시 기장군 기장읍 대변리 621-1,35.22515488,129.2299805,,한전주,051-709-4684,부산광역시 기장군청,2025-11-17
기장읍대변리-53,1,,부산광역시 기장군 기장읍 대변리 390-3,35.2252260649,129.2299955255,,건축물,051-709-4684,부산광역시 기장군청,2025-11-17
기장읍대변리-54,1,,부산광역시 기장군 기장읍 대변리 390-1,35.22533417,129.2301636,,건축물,051-709-4684,부산광역시 기장군청,2025-11-17
기장읍대변리-55,1,,부산광역시 기장군 기장읍 대변리 621,35.2254007335,129.2302199012,,한전주,051-709-4684,부산광역시 기장군청,2025-11-17
기장읍대변리-56,1,,부산광역시 기장군 기장읍 대변리 391,35.2257576,129.230097159,,한전주,051-709-4684,부산광역시 기장군청,2025-11-17
기장읍대변리-57,1,,부산광역시 기장군 기장읍 대변리 620,35.22584915,129.2306366,,전용주,051-709-4684,부산광역시 기장군청,2025-11-17
기장읍대변리-58,1,,부산광역시 기장군 기장읍 대변리 392,35.2254527006,129.2303925,,건축물,051-709-4684,부산광역시 기장군청,2025-11-17
기장읍대변리-59,1,,부산광역시 기장군 기장읍 대변리 339-6,35.22497559,129.230423,,한전주,051-709-4684,부산광역시 기장군청,2025-11-17
기장읍대변리-60,1,,부산광역시 기장군 기장읍 대변리 316-1,35.2248011208,129.2306957321,,전용주,051-709-4684,부산광역시 기장군청,2025-11-17
기장읍대변리-61,1,,부산광역시 기장군 기장읍 대변리 325-4,35.2247601433,129.2306519,,전용주,051-709-4684,부산광역시 기장군청,2025-11-17
기장읍대변리-62,1,,부산광역시 기장군 기장읍 대변리 356,35.2254131796,129.2308044,,한전주,051-709-4684,부산광역시 기장군청,2025-11-17
기장읍대변리-63,1,,부산광역시 기장군 기장읍 대변리 71-1,35.2257741483,129.2318440256,,전용주,051-709-4684,부산광역시 기장군청,2025-11-17
기장읍대변리-64,1,,부산광역시 기장군 기장읍 대변리 187,35.2261607134,129.2327522583,,한전주,051-709-4684,부산광역시 기장군청,2025-11-17
기장읍대변리-65,1,,부산광역시 기장군 기장읍 대변리 193,35.2267078113,129.2326207073,,한전주,051-709-4684,부산광역시 기장군청,2025-11-17
기장읍대변리-66,1,,부산광역시 기장군 기장읍 대변리 72,35.2258670765,129.2322041078,,전용주,051-709-4684,부산광역시 기장군청,2025-11-17
기장읍대변리-67,1,,부산광역시 기장군 기장읍 대변리 187-8,35.2256082492,129.2326572534,,전용주,051-709-4684,부산광역시 기장군청,2025-11-17
기장읍대변리-68,1,,부산광역시 기장군 기장읍 대변리 154,35.22509766,129.2323456,,전용주,051-709-4684,부산광역시 기장군청,2025-11-17
기장읍대변리-69,1,,부산광역시 기장군 기장읍 대변리 152-1,35.2249748953,129.2325439,,한전주,051-709-4684,부산광역시 기장군청,2025-11-17
기장읍대변리-70,1,,부산광역시 기장군 기장읍 대변리 74-10,35.2252708503,129.2321335792,,전용주,051-709-4684,부산광역시 기장군청,2025-11-17
기장읍대변리-71,1,,부산광역시 기장군 기장읍 대변리 70-3,35.2253895465,129.2317047,,전용주,051-709-4684,부산광역시 기장군청,2025-11-17
기장읍대변리-72,1,,부산광역시 기장군 기장읍 대변리 605-1,35.2252176387,129.2311658897,,한전주,051-709-4684,부산광역시 기장군청,2025-11-17
기장읍대변리-73,1,,부산광역시 기장군 기장읍 대변리 74-2,35.2250197365,129.2315674,,전용주,051-709-4684,부산광역시 기장군청,2025-11-17
기장읍대변리-74,1,,부산광역시 기장군 기장읍 대변리 75-6,35.22475433,129.2315216,,전용주,051-709-4684,부산광역시 기장군청,2025-11-17
기장읍대변리-75,1,,부산광역시 기장군 기장읍 대변리 78-2,35.2246335025,129.2314289519,,건축물,051-709-4684,부산광역시 기장군청,2025-11-17
기장읍대변리-76,1,,부산광역시 기장군 기장읍 대변리 81,35.2244667244,129.2315826,,한전주,051-709-4684,부산광역시 기장군청,2025-11-17
기장읍대변리-77,1,,부산광역시 기장군 기장읍 대변리 86-4,35.22479248,129.232081846,,한전주,051-709-4684,부산광역시 기장군청,2025-11-17
기장읍대변리-78,1,,부산광역시 기장군 기장읍 대변리 91-1,35.22431564,129.2314185988,,한전주,051-709-4684,부산광역시 기장군청,2025-11-17
기장읍대변리-79,1,,부산광역시 기장군 기장읍 대변리 316-53,35.22454834,129.2310638,,전용주,051-709-4684,부산광역시 기장군청,2025-11-17
기장읍대변리-80,1,,부산광역시 기장군 기장읍 대변리 610-2,35.224607326,129.2316039722,,한전주,051-709-4684,부산광역시 기장군청,2025-11-17
기장읍대변리-81,1,,부산광역시 기장군 기장읍 대변리 316-32,35.22431946,129.2310486,,건축물,051-709-4684,부산광역시 기장군청,2025-11-17
기장읍대변리-82,1,,부산광역시 기장군 기장읍 대변리 95-1,35.2242082563,129.2315216,,전용주,051-709-4684,부산광역시 기장군청,2025-11-17
기장읍대변리-83,1,,부산광역시 기장군 기장읍 대변리 98-1,35.22401428,129.2314301,,한전주,051-709-4684,부산광역시 기장군청,2025-11-17
기장읍대변리-84,1,,부산광역시 기장군 기장읍 대변리 316-27,35.2240448,129.230957,,한전주,051-709-4684,부산광역시 기장군청,2025-11-17
기장읍대변리-85,1,,부산광역시 기장군 기장읍 대변리 308,35.2237505589,129.2313183906,,한전주,051-709-4684,부산광역시 기장군청,2025-11-17
기장읍대변리-86,1,,부산광역시 기장군 기장읍 대변리 308-21,35.22349167,129.231094061,,한전주,051-709-4684,부산광역시 기장군청,2025-11-17
기장읍대변리-87,1,,부산광역시 기장군 기장읍 대변리 306-11,35.2232399,129.2308807,,전용주,051-709-4684,부산광역시 기장군청,2025-11-17
기장읍대변리-88,1,,부산광역시 기장군 기장읍 대변리 107-1,35.2235241524,129.2318251279,,전용주,051-709-4684,부산광역시 기장군청,2025-11-17
기장읍대변리-89,1,,부산광역시 기장군 기장읍 대변리 116,35.2234604506,129.2314148,,전용주,051-709-4684,부산광역시 기장군청,2025-11-17
기장읍대변리-90,1,,부산광역시 기장군 기장읍 대변리 308-1,35.22378159,129.2313843,,한전주,051-709-4684,부산광역시 기장군청,2025-11-17
기장읍대변리-91,1,,부산광역시 기장군 기장읍 대변리 111,35.22378922,129.2315239516,,한전주,051-709-4684,부산광역시 기장군청,2025-11-17
기장읍대변리-92,1,,부산광역시 기장군 기장읍 대변리 102,35.22397614,129.2316721132,,전용주,051-709-4684,부산광역시 기장군청,2025-11-17
기장읍대변리-93,1,,부산광역시 기장군 기장읍 대변리 88-2,35.22420502,129.231842,,전용주,051-709-4684,부산광역시 기장군청,2025-11-17
기장읍대변리-94,1,,부산광역시 기장군 기장읍 대변리 86-7,35.2247456783,129.232132,,전용주,051-709-4684,부산광역시 기장군청,2025-11-17
기장읍대변리-95,1,,부산광역시 기장군 기장읍 대변리 87-4,35.2244556699,129.2321957729,,한전주,051-709-4684,부산광역시 기장군청,2025-11-17
기장읍대변리-96,1,,부산광역시 기장군 기장읍 대변리 105-1,35.2240841958,129.2321014,,전용주,051-709-4684,부산광역시 기장군청,2025-11-17
기장읍대변리-97,1,,부산광역시 기장군 기장읍 대변리 87-7,35.2241715218,129.2318071212,,전용주,051-709-4684,부산광역시 기장군청,2025-11-17
기장읍대변리-98,1,,부산광역시 기장군 기장읍 대변리 611,35.2241578005,129.2312566839,,한전주,051-709-4684,부산광역시 기장군청,2025-11-17
기장읍대변리-99,1,,부산광역시 기장군 기장읍 대변리 614-1,35.22377014,129.2319336,,한전주,051-709-4684,부산광역시 기장군청,2025-11-17
기장읍대변리-100,1,,부산광역시 기장군 기장읍 대변리 127,35.22366333,129.2323761,,전용주,051-709-4684,부산광역시 기장군청,2025-11-17
기장읍대변리-101,1,,부산광역시 기장군 기장읍 대변리 107-1,35.22352982,129.2318573,,전용주,051-709-4684,부산광역시 기장군청,2025-11-17
기장읍대변리-102,1,,부산광역시 기장군 기장읍 대변리 267-2,35.2231617133,129.2316895,,한전주,051-709-4684,부산광역시 기장군청,2025-11-17
기장읍대변리-103,1,,부산광역시 기장군 기장읍 대변리 270-9,35.2228508,129.2313538,,한전주,051-709-4684,부산광역시 기장군청,2025-11-17
기장읍대변리-104,1,,부산광역시 기장군 기장읍 대변리 304-10,35.2224344013,129.2312469,,한전주,051-709-4684,부산광역시 기장군청,2025-11-17
기장읍대변리-105,1,,부산광역시 기장군 기장읍 대변리 304-19,35.22213371,129.2311101708,,한전주,051-709-4684,부산광역시 기장군청,2025-11-17
기장읍대변리-106,1,,부산광역시 기장군 기장읍 대변리 276-1,35.2197527561,129.2269999112,,한전주,051-709-4684,부산광역시 기장군청,2025-11-17
기장읍대변리-107,1,,부산광역시 기장군 기장읍 대변리 276,35.219841797,129.2272445648,,한전주,051-709-4684,부산광역시 기장군청,2025-11-17
기장읍대변리-108,1,,부산광역시 기장군 기장읍 대변리 634-2,35.22024918,129.2269745,,한전주,051-709-4684,부산광역시 기장군청,2025-11-17
기장읍대변리-109,1,,부산광역시 기장군 기장읍 대변리 274-17,35.2210574731,129.2306113,2024,한전주,051-709-4684,부산광역시 기장군청,2025-11-17
기장읍대변리-110,1,,부산광역시 기장군 기장읍 대변리 274-17,35.2210574731,129.2306189596,2024,한전주,051-709-4684,부산광역시 기장군청,2025-11-17
기장읍대변리-111,1,,부산광역시 기장군 기장읍 대변리 산 23-3,35.22109222,129.2320862,,한전주,051-709-4684,부산광역시 기장군청,2025-11-17
기장읍대변리-112,1,,부산광역시 기장군 기장읍 대변리 274-17,35.2210574731,129.2306189596,,한전주,051-709-4684,부산광역시 기장군청,2025-11-17
기장읍대변리-113,1,,부산광역시 기장군 기장읍 대변리 245-18,35.2207144935,129.2329979087,,한전주,051-709-4684,부산광역시 기장군청,2025-11-17
기장읍대변리-114,1,,부산광역시 기장군 기장읍 대변리 245-20,35.2208600107,129.2333040486,,한전주,051-709-4684,부산광역시 기장군청,2025-11-17
기장읍대변리-115,1,,부산광역시 기장군 기장읍 대변리 245-20,35.2208600107,129.2333040486,,한전주,051-709-4684,부산광역시 기장군청,2025-11-17
기장읍대변리-116,1,,부산광역시 기장군 기장읍 대변리 245-5,35.2209169195,129.2342800502,,한전주,051-709-4684,부산광역시 기장군청,2025-11-17
기장읍대변리-117,1,,부산광역시 기장군 기장읍 대변리 245-5,35.2209169195,129.2342800502,,한전주,051-709-4684,부산광역시 기장군청,2025-11-17
기장읍대변리-118,1,,부산광역시 기장군 기장읍 대변리 245-15,35.2212094807,129.2351227,,한전주,051-709-4684,부산광역시 기장군청,2025-11-17
기장읍대변리-119,1,,부산광역시 기장군 기장읍 대변리 245-21,35.2209998561,129.2358808604,,한전주,051-709-4684,부산광역시 기장군청,2025-11-17
기장읍대변리-120,1,,부산광역시 기장군 기장읍 대변리 245-10,35.2212029424,129.2359889392,,한전주,051-709-4684,부산광역시 기장군청,2025-11-17
기장읍대변리-121,1,,부산광역시 기장군 기장읍 대변리 245-11,35.221272661,129.2369004329,,한전주,051-709-4684,부산광역시 기장군청,2025-11-17
기장읍대변리-122,1,,부산광역시 기장군 기장읍 대변리 245-8,35.2200084389,129.2355386899,,한전주,051-709-4684,부산광역시 기장군청,2025-11-17
기장읍대변리-123,1,,부산광역시 기장군 기장읍 대변리 245-10,35.22120285,129.2359889392,,한전주,051-709-4684,부산광역시 기장군청,2025-11-17
기장읍대변리-124,1,,부산광역시 기장군 기장읍 대변리 산 19-9,35.2227619156,129.2386021887,,한전주,051-709-4684,부산광역시 기장군청,2025-11-17
기장읍대변리-125,1,,부산광역시 기장군 기장읍 대변리 산 19-9,35.2227619156,129.2386021887,,한전주,051-709-4684,부산광역시 기장군청,2025-11-17
기장읍대변리-126,1,,부산광역시 기장군 기장읍 대변리 242-1,35.22244644,129.2385034767,,한전주,051-709-4684,부산광역시 기장군청,2025-11-17
기장읍대변리-127,1,,부산광역시 기장군 기장읍 대변리 242-4,35.2230280054,129.2389449437,,한전주,051-709-4684,부산광역시 기장군청,2025-11-17
기장읍대변리-128,1,,부산광역시 기장군 기장읍 대변리 242-4,35.2230280054,129.2389832,,한전주,051-709-4684,부산광역시 기장군청,2025-11-17
기장읍대변리-129,1,,부산광역시 기장군 기장읍 대변리 239-2,35.22406006,129.2394416035,,한전주,051-709-4684,부산광역시 기장군청,2025-11-17
기장읍대변리-130,1,,부산광역시 기장군 기장읍 대변리 239-2,35.2240204967,129.2394416035,,한전주,051-709-4684,부산광역시 기장군청,2025-11-17
기장읍대변리-131,1,,부산광역시 기장군 기장읍 대변리 239-2,35.2240204967,129.2394416035,,한전주,051-709-4684,부산광역시 기장군청,2025-11-17
기장읍대변리-132,1,,부산광역시 기장군 기장읍 대변리 산 17-2,35.2248807619,129.2403011396,,한전주,051-709-4684,부산광역시 기장군청,2025-11-17
기장읍대변리-133,1,,부산광역시 기장군 기장읍 대변리 239-1,35.2245265518,129.2398009779,,한전주,051-709-4684,부산광역시 기장군청,2025-11-17
기장읍대변리-134,1,,부산광역시 기장군 기장읍 대변리 596,35.2250194201,129.2373745112,,한전주,051-709-4684,부산광역시 기장군청,2025-11-17
기장읍대변리-135,1,,부산광역시 기장군 기장읍 대변리 14-5,35.2261817246,129.2397308,,한전주,051-709-4684,부산광역시 기장군청,2025-11-17
기장읍대변리-136,1,,부산광역시 기장군 기장읍 대변리 14-1,35.2268144139,129.2395110286,,한전주,051-709-4684,부산광역시 기장군청,2025-11-17
기장읍대변리-137,1,,부산광역시 기장군 기장읍 대변리 14,35.2272717761,129.239563,,한전주,051-709-4684,부산광역시 기장군청,2025-11-17
기장읍대변리-138,1,,부산광역시 기장군 기장읍 대변리 13,35.2276848823,129.2399002945,,한전주,051-709-4684,부산광역시 기장군청,2025-11-17
기장읍대변리-139,1,,부산광역시 기장군 기장읍 대변리 13,35.22764587,129.2399139,,한전주,051-709-4684,부산광역시 기장군청,2025-11-17
기장읍대변리-140,1,,부산광역시 기장군 기장읍 대변리 13,35.2276848823,129.2399002945,,한전주,051-709-4684,부산광역시 기장군청,2025-11-17
기장읍대변리-141,1,,부산광역시 기장군 기장읍 대변리 5,35.228502605,129.2397221121,,한전주,051-709-4684,부산광역시 기장군청,2025-11-17
기장읍대변리-142,1,,부산광역시 기장군 기장읍 대변리 4,35.2285174229,129.2401847312,,한전주,051-709-4684,부산광역시 기장군청,2025-11-17
기장읍대변리-143,1,,부산광역시 기장군 기장읍 대변리 산 5-1,35.2292364773,129.2382740264,,한전주,051-709-4684,부산광역시 기장군청,2025-11-17
기장읍대변리-144,1,,부산광역시 기장군 기장읍 대변리 3,35.22971344,129.240041006,,한전주,051-709-4684,부산광역시 기장군청,2025-11-17
기장읍대변리-145,1,,부산광역시 기장군 기장읍 대변리 산 4-1,35.22964096,129.2417143695,,한전주,051-709-4684,부산광역시 기장군청,2025-11-17
기장읍대변리-146,1,,부산광역시 기장군 기장읍 대변리 1-5,35.2299112764,129.2421289008,,한전주,051-709-4684,부산광역시 기장군청,2025-11-17
기장읍대변리-147,1,,부산광역시 기장군 기장읍 대변리 1-1,35.2300538187,129.2429305713,,한전주,051-709-4684,부산광역시 기장군청,2025-11-17
기장읍대변리-148,1,,부산광역시 기장군 기장읍 대변리 1-1,35.2300538187,129.2429305713,,한전주,051-709-4684,부산광역시 기장군청,2025-11-17
기장읍대변리-149,1,,부산광역시 기장군 기장읍 대변리 1-1,35.2300538187,129.2429305713,,한전주,051-709-4684,부산광역시 기장군청,2025-11-17
기장읍대변리-150,1,,부산광역시 기장군 기장읍 대변리 639,35.2279191,129.2255817,,한전주,051-709-4684,부산광역시 기장군청,2025-11-17
기장읍대변리-151,1,,부산광역시 기장군 기장읍 대변리 529-4,35.22767202,129.2258376231,,한전주,051-709-4684,부산광역시 기장군청,2025-11-17
기장읍동부리-1,1,,부산광역시 기장군 기장읍 동부리 178-1,35.2440078347,129.2132874,,한전주,051-709-4684,부산광역시 기장군청,2025-11-17
기장읍동부리-2,1,,부산광역시 기장군 기장읍 동부리 194-2,35.2440353703,129.212803997,,건축물,051-709-4684,부산광역시 기장군청,2025-11-17
기장읍동부리-3,1,,부산광역시 기장군 기장읍 동부리 199-3,35.24372989,129.2126072,,한전주,051-709-4684,부산광역시 기장군청,2025-11-17
기장읍동부리-4,1,,부산광역시 기장군 기장읍 동부리 179-2,35.24398777,129.2131255,,전용주,051-709-4684,부산광역시 기장군청,2025-11-17
기장읍동부리-5,1,,부산광역시 기장군 기장읍 동부리 196-1,35.24407196,129.2125702,,한전주,051-709-4684,부산광역시 기장군청,2025-11-17
기장읍동부리-6,1,,부산광역시 기장군 기장읍 동부리 251-2,35.24450812,129.2127632,,건축물,051-709-4684,부산광역시 기장군청,2025-11-17
기장읍동부리-7,1,,부산광역시 기장군 기장읍 동부리 249,35.24452166,129.2125209,,한전주,051-709-4684,부산광역시 기장군청,2025-11-17
기장읍동부리-8,1,,부산광역시 기장군 기장읍 동부리 220,35.24456024,129.2123048739,,건축물,051-709-4684,부산광역시 기장군청,2025-11-17
기장읍동부리-9,1,,부산광역시 기장군 기장읍 동부리 222-3,35.24465431,129.2122592,,건축물,051-709-4684,부산광역시 기장군청,2025-11-17
기장읍동부리-10,1,,부산광역시 기장군 기장읍 동부리 244-1,35.24489942,129.2126089,,한전주,051-709-4684,부산광역시 기장군청,2025-11-17
기장읍동부리-11,1,,부산광역시 기장군 기장읍 동부리 229,35.24485016,129.2122635113,,전용주,051-709-4684,부산광역시 기장군청,2025-11-17
기장읍동부리-12,1,,부산광역시 기장군 기장읍 동부리 222,35.24478531,129.2122124649,,건축물,051-709-4684,부산광역시 기장군청,2025-11-17
기장읍동부리-13,1,,부산광역시 기장군 기장읍 동부리 223-1,35.24469097,129.212186,,한전주,051-709-4684,부산광역시 기장군청,2025-11-17
기장읍동부리-14,1,,부산광역시 기장군 기장읍 동부리 213,35.24456024,129.2120514,,한전주,051-709-4684,부산광역시 기장군청,2025-11-17
기장읍동부리-15,1,,부산광역시 기장군 기장읍 동부리 218,35.2444351616,129.2121277,,전용주,051-709-4684,부산광역시 기장군청,2025-11-17
기장읍동부리-16,1,,부산광역시 기장군 기장읍 동부리 215,35.24432755,129.2120056,,건축물,051-709-4684,부산광역시 기장군청,2025-11-17
기장읍동부리-17,1,,부산광역시 기장군 기장읍 동부리 200,35.2436845791,129.2121887,,한전주,051-709-4684,부산광역시 기장군청,2025-11-17
기장읍동부리-18,1,,부산광역시 기장군 기장읍 동부리 188-3,35.24435806,129.2131195,,한전주,051-709-4684,부산광역시 기장군청,2025-11-17
기장읍동부리-19,1,,부산광역시 기장군 기장읍 동부리 254-2,35.24460602,129.2129822,,한전주,051-709-4684,부산광역시 기장군청,2025-11-17
기장읍동부리-20,1,,부산광역시 기장군 기장읍 동부리 255-1,35.24480438,129.2129059,,한전주,051-709-4684,부산광역시 기장군청,2025-11-17
기장읍동부리-21,1,,부산광역시 기장군 기장읍 동부리 175,35.24406052,129.2134399,,전용주,051-709-4684,부산광역시 기장군청,2025-11-17
기장읍동부리-22,1,,부산광역시 기장군 기장읍 동부리 260-8,35.2449152785,129.2133789,,한전주,051-709-4684,부산광역시 기장군청,2025-11-17
기장읍동부리-23,1,,부산광역시 기장군 기장읍 동부리 496-9,35.2451980294,129.2126634407,,한전주,051-709-4684,부산광역시 기장군청,2025-11-17
기장읍동부리-24,1,,부산광역시 기장군 기장읍 동부리 320-5,35.24530792,129.2118378,,한전주,051-709-4684,부산광역시 기장군청,2025-11-17
기장읍동부리-25,1,,부산광역시 기장군 기장읍 서부리 91-1,35.2453778942,129.2117615,,한전주,051-709-4684,부산광역시 기장군청,2025-11-17
기장읍동부리-26,1,,부산광역시 기장군 기장읍 서부리 89,35.2453976293,129.2115173,,한전주,051-709-4684,부산광역시 기장군청,2025-11-17
기장읍동부리-27,1,,부산광역시 기장군 기장읍 동부리 325-4,35.24575043,129.211384658,,한전주,051-709-4684,부산광역시 기장군청,2025-11-17
기장읍동부리-28,1,,부산광역시 기장군 기장읍 동부리 325-1,35.2458906037,129.2112579,,한전주,051-709-4684,부산광역시 기장군청,2025-11-17
기장읍동부리-29,1,,부산광역시 기장군 기장읍 동부리 329,35.2461602491,129.2112427,,한전주,051-709-4684,부산광역시 기장군청,2025-11-17
기장읍동부리-30,1,,부산광역시 기장군 기장읍 동부리 289,35.24531555,129.2133331,,한전주,051-709-4684,부산광역시 기장군청,2025-11-17
기장읍동부리-31,1,,부산광역시 기장군 기장읍 동부리 301-2,35.24536514,129.2128754,,한전주,051-709-4684,부산광역시 기장군청,2025-11-17
기장읍동부리-32,1,,부산광역시 기장군 기장읍 동부리 320,35.2457721711,129.2127656357,,한전주,051-709-4684,부산광역시 기장군청,2025-11-17
기장읍동부리-33,1,,부산광역시 기장군 기장읍 동부리 285-2,35.2457814299,129.2135468,,전용주,051-709-4684,부산광역시 기장군청,2025-11-17
기장읍동부리-34,1,,부산광역시 기장군 기장읍 동부리 117-1,35.2473725611,129.2124481,,한전주,051-709-4684,부산광역시 기장군청,2025-11-17
기장읍동부리-35,1,,부산광역시 기장군 기장읍 동부리 117-4,35.2470976024,129.2129050297,,한전주,051-709-4684,부산광역시 기장군청,2025-11-17
기장읍동부리-36,1,,부산광역시 기장군 기장읍 동부리 117-7,35.2469656507,129.2134039917,,한전주,051-709-4684,부산광역시 기장군청,2025-11-17
기장읍동부리-37,1,,부산광역시 기장군 기장읍 동부리 115-7,35.2474904975,129.2132839191,,전용주,051-709-4684,부산광역시 기장군청,2025-11-17
기장읍동부리-38,1,,부산광역시 기장군 기장읍 동부리 112-10,35.2474917414,129.2128415971,,전용주,051-709-4684,부산광역시 기장군청,2025-11-17
기장읍동부리-39,1,,부산광역시 기장군 기장읍 동부리 112-11,35.2476304652,129.2125854,,건축물,051-709-4684,부산광역시 기장군청,2025-11-17
기장읍동부리-40,1,,부산광역시 기장군 기장읍 동부리 115-2,35.24760818,129.2131296941,,한전주,051-709-4684,부산광역시 기장군청,2025-11-17
기장읍동부리-41,1,,부산광역시 기장군 기장읍 동부리 113-9,35.24791336,129.2131174784,,한전주,051-709-4684,부산광역시 기장군청,2025-11-17
기장읍동부리-42,1,,부산광역시 기장군 기장읍 동부리 113-7,35.2480522959,129.2131930808,,전용주,051-709-4684,부산광역시 기장군청,2025-11-17
기장읍동부리-43,1,,부산광역시 기장군 기장읍 동부리 113-8,35.247933357,129.2132812407,,한전주,051-709-4684,부산광역시 기장군청,2025-11-17
기장읍동부리-44,1,,부산광역시 기장군 기장읍 동부리 332-1,35.2475290495,129.2114266712,,한전주,051-709-4684,부산광역시 기장군청,2025-11-17
기장읍동부리-45,1,,부산광역시 기장군 기장읍 동부리 150-1,35.24808502,129.2140503,,한전주,051-709-4684,부산광역시 기장군청,2025-11-17
기장읍동부리-46,1,,부산광역시 기장군 기장읍 동부리 150-2,35.2479657779,129.2143556678,,한전주,051-709-4684,부산광역시 기장군청,2025-11-17
기장읍동부리-47,1,,부산광역시 기장군 기장읍 동부리 151-5,35.2493631713,129.2152843459,,한전주,051-709-4684,부산광역시 기장군청,2025-11-17
기장읍동부리-48,1,,부산광역시 기장군 기장읍 동부리 134-2,35.2475456407,129.214318205,,한전주,051-709-4684,부산광역시 기장군청,2025-11-17
기장읍동부리-49,1,,부산광역시 기장군 기장읍 동부리 150-12,35.247801341,129.2145691,,한전주,051-709-4684,부산광역시 기장군청,2025-11-17
기장읍동부리-50,1,,부산광역시 기장군 기장읍 동부리 155-9,35.2473345462,129.2163544,,한전주,051-709-4684,부산광역시 기장군청,2025-11-17
기장읍동부리-51,1,,부산광역시 기장군 기장읍 동부리 155-12,35.247348062,129.2158170787,,건축물,051-709-4684,부산광역시 기장군청,2025-11-17
기장읍동부리-52,1,,부산광역시 기장군 기장읍 동부리 133-8,35.2467234709,129.2147703773,,한전주,051-709-4684,부산광역시 기장군청,2025-11-17
기장읍동부리-53,1,,부산광역시 기장군 기장읍 동부리 133-8,35.2467234709,129.2147703773,,한전주,051-709-4684,부산광역시 기장군청,2025-11-17
기장읍동부리-54,1,,부산광역시 기장군 기장읍 동부리 133-1,35.2470824294,129.213980458,,한전주,051-709-4684,부산광역시 기장군청,2025-11-17
기장읍동부리-55,1,,부산광역시 기장군 기장읍 동부리 133-10,35.2470832451,129.2143691186,,한전주,051-709-4684,부산광역시 기장군청,2025-11-17
기장읍동부리-56,1,,부산광역시 기장군 기장읍 동부리 133-8,35.2467234709,129.2147703773,,한전주,051-709-4684,부산광역시 기장군청,2025-11-17
기장읍동부리-57,1,,부산광역시 기장군 기장읍 동부리 158-4,35.24702016,129.2160079,,전용주,051-709-4684,부산광역시 기장군청,2025-11-17
기장읍동부리-58,1,,부산광역시 기장군 기장읍 동부리 158-4,35.24709702,129.2160079,,전용주,051-709-4684,부산광역시 기장군청,2025-11-17
기장읍동부리-59,1,,부산광역시 기장군 기장읍 동부리 159-4,35.2463849524,129.2163391,,한전주,051-709-4684,부산광역시 기장군청,2025-11-17
기장읍동부리-60,1,,부산광역시 기장군 기장읍 동부리 158-5,35.2468368182,129.2164340112,,한전주,051-709-4684,부산광역시 기장군청,2025-11-17
기장읍동부리-61,1,,부산광역시 기장군 기장읍 동부리 158-3,35.2467144,129.2159396,,한전주,051-709-4684,부산광역시 기장군청,2025-11-17
기장읍동부리-62,1,,부산광역시 기장군 기장읍 동부리 132-1,35.2464661324,129.2151337,,한전주,051-709-4684,부산광역시 기장군청,2025-11-17
기장읍동부리-63,1,,부산광역시 기장군 기장읍 동부리 126-6,35.24658585,129.2147228048,,한전주,051-709-4684,부산광역시 기장군청,2025-11-17
기장읍동부리-64,1,,부산광역시 기장군 기장읍 동부리 126-4,35.2465061871,129.2143483686,,한전주,051-709-4684,부산광역시 기장군청,2025-11-17
기장읍동부리-65,1,,부산광역시 기장군 기장읍 동부리 159-4,35.2463849524,129.216308567,,전용주,051-709-4684,부산광역시 기장군청,2025-11-17
기장읍동부리-66,1,,부산광역시 기장군 기장읍 동부리 124-2,35.2459167394,129.2142029,,전용주,051-709-4684,부산광역시 기장군청,2025-11-17
기장읍동부리-67,1,,부산광역시 기장군 기장읍 동부리 126-14,35.2462384129,129.2144928,,한전주,051-709-4684,부산광역시 기장군청,2025-11-17
기장읍동부리-68,1,,부산광역시 기장군 기장읍 동부리 126-9,35.24617386,129.2147217,,한전주,051-709-4684,부산광역시 기장군청,2025-11-17
기장읍동부리-69,1,,부산광역시 기장군 기장읍 동부리 126-8,35.24637985,129.2147522,,건축물,051-709-4684,부산광역시 기장군청,2025-11-17
기장읍동부리-70,1,,부산광역시 기장군 기장읍 동부리 159-12,35.24628146,129.2155975,,한전주,051-709-4684,부산광역시 기장군청,2025-11-17
기장읍동부리-71,1,,부산광역시 기장군 기장읍 동부리 159-17,35.24612808,129.2161164334,,한전주,051-709-4684,부산광역시 기장군청,2025-11-17
기장읍동부리-72,1,,부산광역시 기장군 기장읍 동부리 159-8,35.2462489639,129.2162303892,,한전주,051-709-4684,부산광역시 기장군청,2025-11-17
기장읍동부리-73,1,,부산광역시 기장군 기장읍 동부리 273-6,35.2457246085,129.2166382486,,한전주,051-709-4684,부산광역시 기장군청,2025-11-17
기장읍동부리-74,1,,부산광역시 기장군 기장읍 동부리 273-7,35.2457702467,129.2163359893,,한전주,051-709-4684,부산광역시 기장군청,2025-11-17
기장읍동부리-75,1,,부산광역시 기장군 기장읍 동부리 273-13,35.24574362,129.2159729,,한전주,051-709-4684,부산광역시 기장군청,2025-11-17
기장읍동부리-76,1,,부산광역시 기장군 기장읍 동부리 274-3,35.2454445401,129.2157499387,,한전주,051-709-4684,부산광역시 기장군청,2025-11-17
기장읍동부리-77,1,,부산광역시 기장군 기장읍 동부리 273-15,35.24585324,129.2158293,,한전주,051-709-4684,부산광역시 기장군청,2025-11-17
기장읍동부리-78,1,,부산광역시 기장군 기장읍 동부리 274-1,35.245495652,129.2153625,,한전주,051-709-4684,부산광역시 기장군청,2025-11-17
기장읍동부리-79,1,,부산광역시 기장군 기장읍 동부리 125-9,35.24567413,129.2149963,,건축물,051-709-4684,부산광역시 기장군청,2025-11-17
기장읍동부리-80,1,,부산광역시 기장군 기장읍 동부리 125-5,35.24573898,129.2147188399,,한전주,051-709-4684,부산광역시 기장군청,2025-11-17
기장읍동부리-81,1,,부산광역시 기장군 기장읍 동부리 125-14,35.24542236,129.2147636896,,한전주,051-709-4684,부산광역시 기장군청,2025-11-17
기장읍동부리-82,1,,부산광역시 기장군 기장읍 동부리 278-1,35.24495697,129.216347951,,한전주,051-709-4684,부산광역시 기장군청,2025-11-17
기장읍동부리-83,1,,부산광역시 기장군 기장읍 동부리 278-10,35.2447200369,129.2163086,,전용주,051-709-4684,부산광역시 기장군청,2025-11-17
기장읍동부리-84,1,,부산광역시 기장군 기장읍 동부리 275-9,35.24449192,129.2161787,,한전주,051-709-4684,부산광역시 기장군청,2025-11-17
기장읍동부리-85,1,,부산광역시 기장군 기장읍 동부리 162-6,35.2441782647,129.2163544,,한전주,051-709-4684,부산광역시 기장군청,2025-11-17
기장읍동부리-86,1,,부산광역시 기장군 기장읍 동부리 275-11,35.2445425867,129.2159119,,한전주,051-709-4684,부산광역시 기장군청,2025-11-17
기장읍동부리-87,1,,부산광역시 기장군 기장읍 대라리 775-18,35.2441981357,129.2156662224,,한전주,051-709-4684,부산광역시 기장군청,2025-11-17
기장읍동부리-88,1,,부산광역시 기장군 기장읍 차성동로73번길 5,35.24427414,129.2156982,,한전주,051-709-4684,부산광역시 기장군청,2025-11-17
기장읍동부리-89,1,,부산광역시 기장군 기장읍 동부리 162-13,35.2439716361,129.2161674055,,한전주,051-709-4684,부산광역시 기장군청,2025-11-17
기장읍동부리-90,1,,부산광역시 기장군 기장읍 동부리 161,35.24370956,129.2165040615,,전용주,051-709-4684,부산광역시 기장군청,2025-11-17
기장읍동부리-91,1,,부산광역시 기장군 기장읍 동부리 489-2,35.2439858265,129.215924759,,전용주,051-709-4684,부산광역시 기장군청,2025-11-17
기장읍동부리-93,1,,부산광역시 기장군 기장읍 동부리 283-3,35.2454169397,129.2173462,,한전주,051-709-4684,부산광역시 기장군청,2025-11-17
기장읍동부리-94,1,,부산광역시 기장군 기장읍 동부리 283-2,35.24541827,129.2171522,,한전주,051-709-4684,부산광역시 기장군청,2025-11-17
기장읍동부리-95,1,,부산광역시 기장군 기장읍 동부리 283-1,35.245404357,129.216893595,,한전주,051-709-4684,부산광역시 기장군청,2025-11-17
기장읍동부리-96,1,,부산광역시 기장군 기장읍 동부리 284-2,35.24588417,129.2172241,,한전주,051-709-4684,부산광역시 기장군청,2025-11-17
기장읍동부리-97,1,,부산광역시 기장군 기장읍 동부리 483,35.2468153577,129.2131961832,,한전주,051-709-4684,부산광역시 기장군청,2025-11-17
기장읍동부리-103,1,,부산광역시 기장군 기장읍 동부리 361-19,35.24651444,129.2180634,,건축물,051-709-4684,부산광역시 기장군청,2025-11-17
기장읍동부리-104,1,,부산광역시 기장군 기장읍 동부리 330-6,35.2463913,129.2178192,,한전주,051-709-4684,부산광역시 기장군청,2025-11-17
기장읍동부리-105,1,,부산광역시 기장군 기장읍 동부리 330-3,35.24639893,129.2173721568,,한전주,051-709-4684,부산광역시 기장군청,2025-11-17
기장읍동부리-106,1,,부산광역시 기장군 기장읍 동부리 361-18,35.2465939707,129.2170435264,,한전주,051-709-4684,부산광역시 기장군청,2025-11-17
기장읍동부리-107,1,,부산광역시 기장군 기장읍 동부리 361-1,35.2466949969,129.2169741088,,한전주,051-709-4684,부산광역시 기장군청,2025-11-17
기장읍동부리-108,1,,부산광역시 기장군 기장읍 동부리 362-2,35.2469665695,129.217392,,한전주,051-709-4684,부산광역시 기장군청,2025-11-17
기장읍동부리-109,1,,부산광역시 기장군 기장읍 동부리 362-3,35.2469527032,129.2175746286,,한전주,051-709-4684,부산광역시 기장군청,2025-11-17
기장읍동부리-110,1,,부산광역시 기장군 기장읍 동부리 362-4,35.2469294508,129.2178353203,,한전주,051-709-4684,부산광역시 기장군청,2025-11-17
기장읍동부리-111,1,,부산광역시 기장군 기장읍 동부리 362-8,35.2468369799,129.2180426078,,한전주,051-709-4684,부산광역시 기장군청,2025-11-17
기장읍동부리-112,1,,부산광역시 기장군 기장읍 동부리 362-8,35.24680328,129.2180426078,,한전주,051-709-4684,부산광역시 기장군청,2025-11-17
기장읍동부리-114,1,,부산광역시 기장군 기장읍 동부리 143-7,35.2464753391,129.2186374463,,전용주,051-709-4684,부산광역시 기장군청,2025-11-17
기장읍동부리-115,1,,부산광역시 기장군 기장읍 동부리 365-6,35.2472780852,129.2178898561,,한전주,051-709-4684,부산광역시 기장군청,2025-11-17
기장읍동부리-116,1,,부산광역시 기장군 기장읍 동부리 365-6,35.24720001,129.2178898561,,한전주,051-709-4684,부산광역시 기장군청,2025-11-17
기장읍동부리-117,1,,부산광역시 기장군 기장읍 동부리 362-2,35.2469665695,129.2173786005,,건축물,051-709-4684,부산광역시 기장군청,2025-11-17
기장읍동부리-118,1,,부산광역시 기장군 기장읍 동부리 362-4,35.2469294508,129.2178353203,,전용주,051-709-4684,부산광역시 기장군청,2025-11-17
기장읍동부리-119,1,,부산광역시 기장군 기장읍 동부리 365-6,35.2472780852,129.2178898561,,한전주,051-709-4684,부산광역시 기장군청,2025-11-17
기장읍동부리-120,1,,부산광역시 기장군 기장읍 동부리 366-5,35.2477251896,129.2177096947,,한전주,051-709-4684,부산광역시 기장군청,2025-11-17
기장읍동부리-121,1,,부산광역시 기장군 기장읍 동부리 364-2,35.2472657601,129.2183556014,,한전주,051-709-4684,부산광역시 기장군청,2025-11-17
기장읍동부리-122,1,,부산광역시 기장군 기장읍 동부리 364-2,35.2472657601,129.2183075,,한전주,051-709-4684,부산광역시 기장군청,2025-11-17
기장읍동부리-123,1,,부산광역시 기장군 기장읍 동부리 366-9,35.24779892,129.2170187028,,한전주,051-709-4684,부산광역시 기장군청,2025-11-17
기장읍동부리-124,1,,부산광역시 기장군 기장읍 동부리 375-19,35.2487305086,129.2171919034,,한전주,051-709-4684,부산광역시 기장군청,2025-11-17
기장읍동부리-125,1,,부산광역시 기장군 기장읍 동부리 375-22,35.24860764,129.2178215035,,한전주,051-709-4684,부산광역시 기장군청,2025-11-17
기장읍동부리-126,1,,부산광역시 기장군 기장읍 동부리 375-15,35.2486539661,129.2181278186,,한전주,051-709-4684,부산광역시 기장군청,2025-11-17
기장읍동부리-127,1,,부산광역시 기장군 기장읍 동부리 375-7,35.2488363104,129.2184296,,전용주,051-709-4684,부산광역시 기장군청,2025-11-17
기장읍동부리-128,1,,부산광역시 기장군 기장읍 동부리 364-1,35.2478985298,129.2181735814,,한전주,051-709-4684,부산광역시 기장군청,2025-11-17
기장읍동부리-129,1,,부산광역시 기장군 기장읍 동부리 375-8,35.24889755,129.2186005721,,한전주,051-709-4684,부산광역시 기장군청,2025-11-17
기장읍동부리-130,1,,부산광역시 기장군 기장읍 동부리 375-6,35.2488083505,129.2181244,,한전주,051-709-4684,부산광역시 기장군청,2025-11-17
기장읍동부리-131,1,,부산광역시 기장군 기장읍 동부리 427-17,35.2505464504,129.2172210468,,한전주,051-709-4684,부산광역시 기장군청,2025-11-17
기장읍동부리-132,1,,부산광역시 기장군 기장읍 동부리 427-13,35.2505188618,129.2176298215,,한전주,051-709-4684,부산광역시 기장군청,2025-11-17
기장읍동부리-133,1,,부산광역시 기장군 기장읍 동부리 427-12,35.2505187668,129.2178463362,,한전주,051-709-4684,부산광역시 기장군청,2025-11-17
기장읍동부리-134,1,,부산광역시 기장군 기장읍 동부리 427-10,35.2505103631,129.2180909172,,전용주,051-709-4684,부산광역시 기장군청,2025-11-17
기장읍동부리-135,1,,부산광역시 기장군 기장읍 동부리 376-1,35.25037384,129.2186432301,,한전주,051-709-4684,부산광역시 기장군청,2025-11-17
기장읍동부리-136,1,,부산광역시 기장군 기장읍 동부리 376-4,35.2500914797,129.2190399,,한전주,051-709-4684,부산광역시 기장군청,2025-11-17
기장읍동부리-137,1,,부산광역시 기장군 기장읍 동부리 377-4,35.2494263077,129.2180201212,,한전주,051-709-4684,부산광역시 기장군청,2025-11-17
기장읍동부리-138,1,,부산광역시 기장군 기장읍 동부리 377-2,35.2496993901,129.2180865522,,한전주,051-709-4684,부산광역시 기장군청,2025-11-17
기장읍동부리-139,1,,부산광역시 기장군 기장읍 동부리 434-9,35.2505302819,129.2185549722,,한전주,051-709-4684,부산광역시 기장군청,2025-11-17
기장읍동부리-140,1,,부산광역시 기장군 기장읍 동부리 427-1,35.2507171959,129.2168188072,,한전주,051-709-4684,부산광역시 기장군청,2025-11-17
기장읍동부리-141,1,,부산광역시 기장군 기장읍 동부리 379-9,35.2503891,129.216876107,,한전주,051-709-4684,부산광역시 기장군청,2025-11-17
기장읍동부리-142,1,,부산광역시 기장군 기장읍 동부리 379-4,35.2505867336,129.2165177758,,한전주,051-709-4684,부산광역시 기장군청,2025-11-17
기장읍동부리-143,1,,부산광역시 기장군 기장읍 동부리 151-6,35.2489439649,129.2166717589,,한전주,051-709-4684,부산광역시 기장군청,2025-11-17
기장읍동부리-144,1,,부산광역시 기장군 기장읍 동부리 396-7,35.2489485296,129.2129669,,한전주,051-709-4684,부산광역시 기장군청,2025-11-17
기장읍동부리-145,1,,부산광역시 기장군 기장읍 동부리 395-21,35.24893188,129.2125549,,한전주,051-709-4684,부산광역시 기장군청,2025-11-17
기장읍동부리-146,1,,부산광역시 기장군 기장읍 동부리 396-2,35.24878311,129.2123006466,,한전주,051-709-4684,부산광역시 기장군청,2025-11-17
기장읍동부리-147,1,,부산광역시 기장군 기장읍 동부리 359-7,35.248426703,129.2119904,,전용주,051-709-4684,부산광역시 기장군청,2025-11-17
기장읍동부리-148,1,,부산광역시 기장군 기장읍 동부리 404-3,35.2486842127,129.2118378,,전용주,051-709-4684,부산광역시 기장군청,2025-11-17
기장읍동부리-149,1,,부산광역시 기장군 기장읍 동부리 404,35.2491120134,129.2118835,,한전주,051-709-4684,부산광역시 기장군청,2025-11-17
기장읍동부리-150,1,,부산광역시 기장군 기장읍 동부리 395-4,35.2491516612,129.2124296372,,한전주,051-709-4684,부산광역시 기장군청,2025-11-17
기장읍동부리-151,1,,부산광역시 기장군 기장읍 동부리 395-6,35.2492426916,129.2128080177,,한전주,051-709-4684,부산광역시 기장군청,2025-11-17
기장읍동부리-152,1,,부산광역시 기장군 기장읍 동부리 395-9,35.249281364,129.2132997686,,한전주,051-709-4684,부산광역시 기장군청,2025-11-17
기장읍동부리-153,1,,부산광역시 기장군 기장읍 동부리 390-1,35.25019073,129.2132257476,,한전주,051-709-4684,부산광역시 기장군청,2025-11-17
기장읍동부리-154,1,,부산광역시 기장군 기장읍 동부리 420-3,35.2504902171,129.2131319694,,전용주,051-709-4684,부산광역시 기장군청,2025-11-17
기장읍동부리-155,1,,부산광역시 기장군 기장읍 동부리 386-15,35.251297,129.2135092268,,한전주,051-709-4684,부산광역시 기장군청,2025-11-17
기장읍동부리-156,1,,부산광역시 기장군 기장읍 동부리 395-11,35.2492791232,129.2136688,,한전주,051-709-4684,부산광역시 기장군청,2025-11-17
기장읍동부리-157,1,,부산광역시 기장군 기장읍 동부리 393-7,35.2495139766,129.2136623379,,전용주,051-709-4684,부산광역시 기장군청,2025-11-17
기장읍동부리-158,1,,부산광역시 기장군 기장읍 동부리 496-4,35.2449360718,129.2143431,,한전주,051-709-4684,부산광역시 기장군청,2025-11-17
기장읍동부리-159,1,,부산광역시 기장군 기장읍 동부리 498,35.2448859564,129.2141027981,,한전주,051-709-4684,부산광역시 기장군청,2025-11-17
기장읍동부리-160,1,,부산광역시 기장군 기장읍 동부리 168-1,35.2445754768,129.2138401708,,한전주,051-709-4684,부산광역시 기장군청,2025-11-17
기장읍만화리-1,1,,부산광역시 기장군 기장읍 만화리 40,35.25288773,129.2081020166,,한전주,051-709-4684,부산광역시 기장군청,2025-11-17
기장읍만화리-2,1,,부산광역시 기장군 기장읍 만화리 44,35.25336456,129.2085114,,전용주,051-709-4684,부산광역시 기장군청,2025-11-17
기장읍만화리-3,1,,부산광역시 기장군 기장읍 만화리 55,35.25366211,129.2086639,,한전주,051-709-4684,부산광역시 기장군청,2025-11-17
기장읍만화리-4,1,,부산광역시 기장군 기장읍 만화리 52,35.25393677,129.208786,,한전주,051-709-4684,부산광역시 기장군청,2025-11-17
기장읍만화리-5,1,,부산광역시 기장군 기장읍 만화리 57-6,35.254440076,129.2090120105,,한전주,051-709-4684,부산광역시 기장군청,2025-11-17
기장읍만화리-6,1,,부산광역시 기장군 기장읍 만화리 산 120-30,35.2525827011,129.2058762388,,전용주,051-709-4684,부산광역시 기장군청,2025-11-17
기장읍만화리-7,1,,부산광역시 기장군 기장읍 만화리 산 120-30,35.2525827011,129.2058762388,,전용주,051-709-4684,부산광역시 기장군청,2025-11-17
기장읍만화리-8,1,,부산광역시 기장군 기장읍 만화리 산 120-76,35.2529730538,129.2042802559,,전용주,051-709-4684,부산광역시 기장군청,2025-11-17
기장읍만화리-9,1,,부산광역시 기장군 기장읍 만화리 산 121-3,35.2537580357,129.2031914164,,한전주,051-709-4684,부산광역시 기장군청,2025-11-17
기장읍만화리-10,1,,부산광역시 기장군 기장읍 만화리 산 122-8,35.25393295,129.203116363,,한전주,051-709-4684,부산광역시 기장군청,2025-11-17
기장읍만화리-11,1,,부산광역시 기장군 기장읍 만화리 275-3,35.25430679,129.2029254186,,건축물,051-709-4684,부산광역시 기장군청,2025-11-17
기장읍만화리-12,1,,부산광역시 기장군 기장읍 만화리 산 117-3,35.2547026995,129.202263872,,전용주,051-709-4684,부산광역시 기장군청,2025-11-17
기장읍만화리-13,1,,부산광역시 기장군 기장읍 만화리 288-1,35.2547327394,129.2019198968,,한전주,051-709-4684,부산광역시 기장군청,2025-11-17
기장읍만화리-14,1,,부산광역시 기장군 기장읍 만화리 296-3,35.2548797593,129.2009190206,,한전주,051-709-4684,부산광역시 기장군청,2025-11-17
기장읍만화리-15,1,,부산광역시 기장군 기장읍 만화리 297-1,35.2552100931,129.2010345,,한전주,051-709-4684,부산광역시 기장군청,2025-11-17
기장읍만화리-16,1,,부산광역시 기장군 기장읍 만화리 298-1,35.25534058,129.2008678024,,한전주,051-709-4684,부산광역시 기장군청,2025-11-17
기장읍만화리-17,1,,부산광역시 기장군 기장읍 만화리 303-2,35.2555290471,129.2001250567,,한전주,051-709-4684,부산광역시 기장군청,2025-11-17
기장읍만화리-18,1,,부산광역시 기장군 기장읍 만화리 246-3,35.2559726896,129.1998445881,,한전주,051-709-4684,부산광역시 기장군청,2025-11-17
기장읍만화리-19,1,,부산광역시 기장군 기장읍 만화리 246-6,35.2563466643,129.199707,,한전주,051-709-4684,부산광역시 기장군청,2025-11-17
기장읍만화리-20,1,,부산광역시 기장군 기장읍 만화리 245-6,35.2564769845,129.1996052106,,한전주,051-709-4684,부산광역시 기장군청,2025-11-17
기장읍만화리-31,1,,부산광역시 기장군 기장읍 만화리 산 120-36,35.2544708237,129.1953834444,,건축물,051-709-4684,부산광역시 기장군청,2025-11-17
기장읍만화리-32,1,,부산광역시 기장군 기장읍 만화리 산 120-42,35.2540625965,129.1955339496,,전용주,051-709-4684,부산광역시 기장군청,2025-11-17
기장읍만화리-33,1,,부산광역시 기장군 기장읍 만화리 산 120-23,35.2533194317,129.1949986627,,전용주,051-709-4684,부산광역시 기장군청,2025-11-17
기장읍만화리-34,1,,부산광역시 기장군 기장읍 만화리 산 120-23,35.2533194317,129.1949986627,,전용주,051-709-4684,부산광역시 기장군청,2025-11-17
기장읍만화리-35,1,,부산광역시 기장군 기장읍 만화리 산 111-4,35.2569835087,129.1995697,,한전주,051-709-4684,부산광역시 기장군청,2025-11-17
기장읍만화리-36,1,,부산광역시 기장군 기장읍 만화리 산 111-4,35.2569835087,129.19950284,,한전주,051-709-4684,부산광역시 기장군청,2025-11-17
기장읍만화리-37,1,,부산광역시 기장군 기장읍 만화리 240-3,35.2574331857,129.1989335557,,한전주,051-709-4684,부산광역시 기장군청,2025-11-17
기장읍만화리-38,1,,부산광역시 기장군 기장읍 만화리 252-18,35.2577450168,129.1987184,,한전주,051-709-4684,부산광역시 기장군청,2025-11-17
기장읍만화리-39,1,,부산광역시 기장군 기장읍 만화리 252-29,35.2577968009,129.1995061042,,한전주,051-709-4684,부산광역시 기장군청,2025-11-17
기장읍만화리-40,1,,부산광역시 기장군 기장읍 만화리 233-6,35.2583606113,129.1990455376,,한전주,051-709-4684,부산광역시 기장군청,2025-11-17
기장읍만화리-41,1,,부산광역시 기장군 기장읍 만화리 252-36,35.2577891251,129.2002519515,,한전주,051-709-4684,부산광역시 기장군청,2025-11-17
기장읍만화리-42,1,,부산광역시 기장군 기장읍 만화리 204-1,35.2583718336,129.2000099866,,한전주,051-709-4684,부산광역시 기장군청,2025-11-17
기장읍만화리-43,1,,부산광역시 기장군 기장읍 만화리 200-3,35.2586895414,129.2002961867,,한전주,051-709-4684,부산광역시 기장군청,2025-11-17
기장읍만화리-44,1,,부산광역시 기장군 기장읍 만화리 199-2,35.25857162,129.2005768,,한전주,051-709-4684,부산광역시 기장군청,2025-11-17
기장읍만화리-45,1,,부산광역시 기장군 기장읍 만화리 193-1,35.25866644,129.2014185937,,한전주,051-709-4684,부산광역시 기장군청,2025-11-17
기장읍만화리-46,1,,부산광역시 기장군 기장읍 만화리 193-1,35.258690792,129.2014185937,,한전주,051-709-4684,부산광역시 기장군청,2025-11-17
기장읍만화리-47,1,,부산광역시 기장군 기장읍 만화리 215-1,35.25915527,129.1995742311,,한전주,051-709-4684,부산광역시 기장군청,2025-11-17
기장읍만화리-48,1,,부산광역시 기장군 기장읍 만화리 211-2,35.25931168,129.1997223,,한전주,051-709-4684,부산광역시 기장군청,2025-11-17
기장읍만화리-49,1,,부산광역시 기장군 기장읍 만화리 212-1,35.259531619,129.1998009997,,한전주,051-709-4684,부산광역시 기장군청,2025-11-17
기장읍만화리-50,1,,부산광역시 기장군 기장읍 만화리 157-1,35.2596766389,129.2001038,,한전주,051-709-4684,부산광역시 기장군청,2025-11-17
기장읍만화리-51,1,,부산광역시 기장군 기장읍 만화리 221,35.2592009057,129.1993636627,,전용주,051-709-4684,부산광역시 기장군청,2025-11-17
기장읍만화리-52,1,,부산광역시 기장군 기장읍 만화리 228-4,35.2588023754,129.1992003063,,한전주,051-709-4684,부산광역시 기장군청,2025-11-17
기장읍만화리-53,1,,부산광역시 기장군 기장읍 만화리 225-4,35.2588501,129.198474751,,전용주,051-709-4684,부산광역시 기장군청,2025-11-17
기장읍만화리-54,1,,부산광역시 기장군 기장읍 만화리 441-3,35.2589025125,129.1980897525,,한전주,051-709-4684,부산광역시 기장군청,2025-11-17
기장읍만화리-56,1,,부산광역시 기장군 기장읍 만화리 436,35.25905991,129.1977947148,,한전주,051-709-4684,부산광역시 기장군청,2025-11-17
기장읍만화리-57,1,,부산광역시 기장군 기장읍 만화리 429-2,35.25901031,129.1971436,,한전주,051-709-4684,부산광역시 기장군청,2025-11-17
기장읍만화리-58,1,,부산광역시 기장군 기장읍 만화리 429-3,35.2592080158,129.1971837075,,한전주,051-709-4684,부산광역시 기장군청,2025-11-17
기장읍만화리-59,1,,부산광역시 기장군 기장읍 만화리 426-2,35.2584274618,129.1971381434,,한전주,051-709-4684,부산광역시 기장군청,2025-11-17
기장읍만화리-60,1,,부산광역시 기장군 기장읍 만화리 417,35.258217392,129.197113,,한전주,051-709-4684,부산광역시 기장군청,2025-11-17
기장읍만화리-61,1,,부산광역시 기장군 기장읍 만화리 379,35.2580986,129.1966574462,,전용주,051-709-4684,부산광역시 기장군청,2025-11-17
기장읍만화리-64,1,,부산광역시 기장군 기장읍 만화리 404,35.2579906001,129.197921639,,건축물,051-709-4684,부산광역시 기장군청,2025-11-17
기장읍만화리-65,1,,부산광역시 기장군 기장읍 만화리 426-9,35.2584368433,129.1967336849,,한전주,051-709-4684,부산광역시 기장군청,2025-11-17
기장읍만화리-66,1,,부산광역시 기장군 기장읍 만화리 584-1,35.25033951,129.1894370555,,한전주,051-709-4684,부산광역시 기장군청,2025-11-17
기장읍만화리-67,1,,부산광역시 기장군 기장읍 만화리 567,35.2513371884,129.1916089823,,한전주,051-709-4684,부산광역시 기장군청,2025-11-17
기장읍만화리-68,1,,부산광역시 기장군 기장읍 만화리 313,35.2511929321,129.1928774855,,한전주,051-709-4684,부산광역시 기장군청,2025-11-17
기장읍만화리-69,1,,부산광역시 기장군 기장읍 만화리 556-2,35.2512361262,129.1920486428,,한전주,051-709-4684,부산광역시 기장군청,2025-11-17
기장읍만화리-70,1,,부산광역시 기장군 기장읍 만화리 314,35.2517286578,129.1930487008,,한전주,051-709-4684,부산광역시 기장군청,2025-11-17
기장읍만화리-71,1,,부산광역시 기장군 기장읍 만화리 313,35.2511929321,129.1928774855,,한전주,051-709-4684,부산광역시 기장군청,2025-11-17
기장읍만화리-72,1,,부산광역시 기장군 기장읍 만화리 313-1,35.2511841868,129.1939915952,,한전주,051-709-4684,부산광역시 기장군청,2025-11-17
기장읍만화리-73,1,,부산광역시 기장군 기장읍 만화리 312-1,35.2511860636,129.1944877226,,한전주,051-709-4684,부산광역시 기장군청,2025-11-17
기장읍만화리-74,1,,부산광역시 기장군 기장읍 만화리 산 120-62,35.25176239,129.1952515,,한전주,051-709-4684,부산광역시 기장군청,2025-11-17
기장읍만화리-75,1,,부산광역시 기장군 기장읍 만화리 산 120-62,35.251786991,129.1952915856,,한전주,051-709-4684,부산광역시 기장군청,2025-11-17
기장읍만화리-76,1,,부산광역시 기장군 기장읍 만화리 333-31,35.2521611951,129.1944366179,,한전주,051-709-4684,부산광역시 기장군청,2025-11-17
기장읍만화리-77,1,,부산광역시 기장군 기장읍 만화리 333-31,35.2521611951,129.1944366179,,한전주,051-709-4684,부산광역시 기장군청,2025-11-17
기장읍만화리-78,1,,부산광역시 기장군 기장읍 만화리 317-9,35.25248718,129.1937642332,,한전주,051-709-4684,부산광역시 기장군청,2025-11-17
기장읍만화리-79,1,,부산광역시 기장군 기장읍 만화리 317-4,35.2527265307,129.1937414187,,한전주,051-709-4684,부산광역시 기장군청,2025-11-17
기장읍만화리-80,1,,부산광역시 기장군 기장읍 만화리 320-3,35.25297165,129.1946259,,건축물,051-709-4684,부산광역시 기장군청,2025-11-17
기장읍만화리-81,1,,부산광역시 기장군 기장읍 만화리 320-7,35.2534059957,129.1946492387,,전용주,051-709-4684,부산광역시 기장군청,2025-11-17
기장읍만화리-82,1,,부산광역시 기장군 기장읍 만화리 산 120-44,35.2540880076,129.1960088462,,전용주,051-709-4684,부산광역시 기장군청,2025-11-17
기장읍만화리-83,1,,부산광역시 기장군 기장읍 만화리 320-7,35.2534059957,129.1946492387,,전용주,051-709-4684,부산광역시 기장군청,2025-11-17
기장읍만화리-84,1,,부산광역시 기장군 기장읍 만화리 산 120-56,35.2538671523,129.1949700306,,전용주,051-709-4684,부산광역시 기장군청,2025-11-17
기장읍만화리-85,1,,부산광역시 기장군 기장읍 만화리 산 121-4,35.25322723,129.202713,,전용주,051-709-4684,부산광역시 기장군청,2025-11-17
기장읍만화리-86,1,,부산광역시 기장군 기장읍 만화리 산 121-1,35.2533883138,129.2031147041,,전용주,051-709-4684,부산광역시 기장군청,2025-11-17
기장읍만화리-87,1,,부산광역시 기장군 기장읍 만화리 276,35.2531351943,129.2036593411,,전용주,051-709-4684,부산광역시 기장군청,2025-11-17
기장읍만화리-88,1,,부산광역시 기장군 기장읍 만화리 333-18,35.2538977045,129.1951963717,,전용주,051-709-4684,부산광역시 기장군청,2025-11-17
기장읍만화리-89,1,,부산광역시 기장군 기장읍 만화리 328-6,35.2537971072,129.1940745615,,전용주,051-709-4684,부산광역시 기장군청,2025-11-17
기장읍만화리-90,1,,부산광역시 기장군 기장읍 만화리 317-6,35.2533447477,129.1931885936,,한전주,051-709-4684,부산광역시 기장군청,2025-11-17
기장읍만화리-91,1,,부산광역시 기장군 기장읍 만화리 326-10,35.2535443492,129.1929094423,,한전주,051-709-4684,부산광역시 기장군청,2025-11-17
기장읍만화리-92,1,,부산광역시 기장군 기장읍 만화리 326-16,35.25408936,129.1921990869,,한전주,051-709-4684,부산광역시 기장군청,2025-11-17
기장읍만화리-93,1,,부산광역시 기장군 기장읍 만화리 산 104-16,35.2552488834,129.1907636156,,한전주,051-709-4684,부산광역시 기장군청,2025-11-17
기장읍만화리-94,1,,부산광역시 기장군 기장읍 만화리 산 103-2,35.256070232,129.1932964242,,한전주,051-709-4684,부산광역시 기장군청,2025-11-17
기장읍만화리-95,1,,부산광역시 기장군 기장읍 만화리 산 100,35.25687408,129.1922556065,,한전주,051-709-4684,부산광역시 기장군청,2025-11-17
기장읍만화리-96,1,,부산광역시 기장군 기장읍 만화리 326-20,35.2536408096,129.1918308907,,한전주,051-709-4684,부산광역시 기장군청,2025-11-17
기장읍만화리-97,1,,부산광역시 기장군 기장읍 만화리 326-21,35.2536727049,129.1914870861,,한전주,051-709-4684,부산광역시 기장군청,2025-11-17
기장읍만화리-98,1,,부산광역시 기장군 기장읍 만화리 산 104-3,35.25380325,129.1908417,,전용주,051-709-4684,부산광역시 기장군청,2025-11-17
기장읍만화리-99,1,,부산광역시 기장군 기장읍 만화리 550-2,35.25308609,129.1924662775,,한전주,051-709-4684,부산광역시 기장군청,2025-11-17
기장읍만화리-100,1,,부산광역시 기장군 기장읍 만화리 549-2,35.2530315324,129.1919027468,,한전주,051-709-4684,부산광역시 기장군청,2025-11-17
기장읍만화리-101,1,,부산광역시 기장군 기장읍 만화리 540-2,35.25285721,129.1915646331,,한전주,051-709-4684,부산광역시 기장군청,2025-11-17
기장읍만화리-102,1,,부산광역시 기장군 기장읍 만화리 540-4,35.2528356798,129.1914441524,,한전주,051-709-4684,부산광역시 기장군청,2025-11-17
기장읍만화리-103,1,,부산광역시 기장군 기장읍 만화리 533-15,35.2524549198,129.190979,,한전주,051-709-4684,부산광역시 기장군청,2025-11-17
기장읍만화리-104,1,,부산광역시 기장군 기장읍 만화리 535-8,35.25231934,129.1908370091,,한전주,051-709-4684,부산광역시 기장군청,2025-11-17
기장읍만화리-105,1,,부산광역시 기장군 기장읍 만화리 575-4,35.2515629408,129.1901306308,,한전주,051-709-4684,부산광역시 기장군청,2025-11-17
기장읍만화리-106,1,,부산광역시 기장군 기장읍 만화리 533-31,35.25182343,129.1903381,,한전주,051-709-4684,부산광역시 기장군청,2025-11-17
기장읍만화리-107,1,,부산광역시 기장군 기장읍 만화리 575-4,35.25153351,129.1901093,,한전주,051-709-4684,부산광역시 기장군청,2025-11-17
기장읍만화리-108,1,,부산광역시 기장군 기장읍 만화리 576-3,35.2511584855,129.1897981809,,한전주,051-709-4684,부산광역시 기장군청,2025-11-17
기장읍만화리-109,1,,부산광역시 기장군 기장읍 만화리 576-3,35.2511584855,129.1897125,,한전주,051-709-4684,부산광역시 기장군청,2025-11-17
기장읍만화리-110,1,,부산광역시 기장군 기장읍 만화리 581-1,35.25036621,129.1891479,,한전주,051-709-4684,부산광역시 기장군청,2025-11-17
기장읍만화리-111,1,,부산광역시 기장군 기장읍 만화리 572-5,35.2510377799,129.1900172597,,한전주,051-709-4684,부산광역시 기장군청,2025-11-17
기장읍만화리-112,1,,부산광역시 기장군 기장읍 만화리 산 104-8,35.2517045058,129.1903957857,,한전주,051-709-4684,부산광역시 기장군청,2025-11-17
기장읍만화리-113,1,,부산광역시 기장군 기장읍 만화리 536-3,35.2521109328,129.1908935214,,한전주,051-709-4684,부산광역시 기장군청,2025-11-17
기장읍만화리-114,1,,부산광역시 기장군 기장읍 만화리 535-7,35.25229263,129.1910706,,전용주,051-709-4684,부산광역시 기장군청,2025-11-17
기장읍만화리-115,1,,부산광역시 기장군 기장읍 만화리 536-4,35.2524688773,129.1913182519,,한전주,051-709-4684,부산광역시 기장군청,2025-11-17
기장읍만화리-116,1,,부산광역시 기장군 기장읍 만화리 551-7,35.2526785557,129.1917572,,전용주,051-709-4684,부산광역시 기장군청,2025-11-17
기장읍만화리-117,1,,부산광역시 기장군 기장읍 만화리 317-5,35.2527529326,129.1927684862,,한전주,051-709-4684,부산광역시 기장군청,2025-11-17
기장읍만화리-118,1,,부산광역시 기장군 기장읍 만화리 317-5,35.25275421,129.1927684862,,한전주,051-709-4684,부산광역시 기장군청,2025-11-17
기장읍만화리-119,1,,부산광역시 기장군 기장읍 만화리 317-5,35.2527529326,129.1927684862,,한전주,051-709-4684,부산광역시 기장군청,2025-11-17
기장읍만화리-120,1,,부산광역시 기장군 기장읍 만화리 산 51-2,35.2611149287,129.2009217767,,한전주,051-709-4684,부산광역시 기장군청,2025-11-17
기장읍만화리-121,1,,부산광역시 기장군 기장읍 만화리 317-9,35.252407863,129.1937642332,2018,한전주,051-709-4684,부산광역시 기장군청,2025-11-17
기장읍만화리-124,1,,부산광역시 기장군 기장읍 만화리 산 120-23,35.2533194317,129.1949986627,2018,한전주,051-709-4684,부산광역시 기장군청,2025-11-17
기장읍서부리-1,1,,부산광역시 기장군 기장읍 서부리 411-4,35.2493656345,129.2105713,,한전주,051-709-4684,부산광역시 기장군청,2025-11-17
기장읍서부리-2,1,,부산광역시 기장군 기장읍 서부리 413,35.24968338,129.2101117132,,한전주,051-709-4684,부산광역시 기장군청,2025-11-17
기장읍서부리-3,1,,부산광역시 기장군 기장읍 서부리 417,35.25009155,129.2096475262,,한전주,051-709-4684,부산광역시 기장군청,2025-11-17
기장읍서부리-4,1,,부산광역시 기장군 기장읍 서부리 419,35.2499586526,129.2092426083,,한전주,051-709-4684,부산광역시 기장군청,2025-11-17
기장읍서부리-5,1,,부산광역시 기장군 기장읍 서부리 405,35.2503318458,129.2098916334,,한전주,051-709-4684,부산광역시 기장군청,2025-11-17
기장읍서부리-6,1,,부산광역시 기장군 기장읍 서부리 403,35.2505981781,129.2102661,,한전주,051-709-4684,부산광역시 기장군청,2025-11-17
기장읍서부리-7,1,,부산광역시 기장군 기장읍 서부리 409,35.2498634802,129.2103334797,,한전주,051-709-4684,부산광역시 기장군청,2025-11-17
기장읍서부리-8,1,,부산광역시 기장군 기장읍 서부리 411-2,35.2495107769,129.2107697,,한전주,051-709-4684,부산광역시 기장군청,2025-11-17
기장읍서부리-9,1,,부산광역시 기장군 기장읍 서부리 454,35.2494919343,129.2113252246,,한전주,051-709-4684,부산광역시 기장군청,2025-11-17
기장읍서부리-10,1,,부산광역시 기장군 기장읍 서부리 451,35.2497058492,129.2112716069,,한전주,051-709-4684,부산광역시 기장군청,2025-11-17
기장읍서부리-11,1,,부산광역시 기장군 기장읍 서부리 448,35.2492672837,129.2119216483,,한전주,051-709-4684,부산광역시 기장군청,2025-11-17
기장읍서부리-12,1,,부산광역시 기장군 기장읍 서부리 274-2,35.252066982,129.2092488052,,한전주,051-709-4684,부산광역시 기장군청,2025-11-17
기장읍서부리-13,1,,부산광역시 기장군 기장읍 서부리 369,35.2522582899,129.2082420811,,한전주,051-709-4684,부산광역시 기장군청,2025-11-17
기장읍서부리-14,1,,부산광역시 기장군 기장읍 서부리 367,35.2522654263,129.2079005188,,한전주,051-709-4684,부산광역시 기장군청,2025-11-17
기장읍서부리-15,1,,부산광역시 기장군 기장읍 서부리 366,35.2522896786,129.2078159299,,전용주,051-709-4684,부산광역시 기장군청,2025-11-17
기장읍서부리-16,1,,부산광역시 기장군 기장읍 서부리 377,35.2521088682,129.2076801891,,한전주,051-709-4684,부산광역시 기장군청,2025-11-17
기장읍서부리-17,1,,부산광역시 기장군 기장읍 서부리 387,35.251903437,129.2075504823,,한전주,051-709-4684,부산광역시 기장군청,2025-11-17
기장읍서부리-18,1,,부산광역시 기장군 기장읍 서부리 368,35.2522654263,129.2079315,,한전주,051-709-4684,부산광역시 기장군청,2025-11-17
기장읍서부리-19,1,,부산광역시 기장군 기장읍 서부리 379,35.2517746096,129.2081451,,한전주,051-709-4684,부산광역시 기장군청,2025-11-17
기장읍서부리-20,1,,부산광역시 기장군 기장읍 서부리 374,35.2520247334,129.208374,,한전주,051-709-4684,부산광역시 기장군청,2025-11-17
기장읍서부리-21,1,,부산광역시 기장군 기장읍 서부리 374,35.2520247334,129.2083647126,,한전주,051-709-4684,부산광역시 기장군청,2025-11-17
기장읍서부리-22,1,,부산광역시 기장군 기장읍 서부리 389,35.2513085516,129.2088517017,,한전주,051-709-4684,부산광역시 기장군청,2025-11-17
기장읍서부리-23,1,,부산광역시 기장군 기장읍 서부리 389,35.2513085516,129.2088517017,,한전주,051-709-4684,부산광역시 기장군청,2025-11-17
기장읍서부리-24,1,,부산광역시 기장군 기장읍 서부리 389,35.2513085516,129.208847,,한전주,051-709-4684,부산광역시 기장군청,2025-11-17
기장읍서부리-25,1,,부산광역시 기장군 기장읍 서부리 402,35.2507607498,129.2097748615,,한전주,051-709-4684,부산광역시 기장군청,2025-11-17
기장읍서부리-26,1,,부산광역시 기장군 기장읍 서부리 402,35.2507607498,129.2097748615,,한전주,051-709-4684,부산광역시 기장군청,2025-11-17
기장읍서부리-27,1,,부산광역시 기장군 기장읍 서부리 35-3,35.2491163881,129.2112811056,,한전주,051-709-4684,부산광역시 기장군청,2025-11-17
기장읍서부리-28,1,,부산광역시 기장군 기장읍 서부리 35-1,35.2490526989,129.2112725269,,전용주,051-709-4684,부산광역시 기장군청,2025-11-17
기장읍서부리-29,1,,부산광역시 기장군 기장읍 서부리 445,35.248550708,129.2109528283,,한전주,051-709-4684,부산광역시 기장군청,2025-11-17
기장읍서부리-30,1,,부산광역시 기장군 기장읍 서부리 41-4,35.2482254598,129.2110901,,한전주,051-709-4684,부산광역시 기장군청,2025-11-17
기장읍서부리-31,1,,부산광역시 기장군 기장읍 서부리 65-1,35.2467836508,129.2104917887,,한전주,051-709-4684,부산광역시 기장군청,2025-11-17
기장읍서부리-32,1,,부산광역시 기장군 기장읍 서부리 347-16,35.2462250162,129.2045147733,,한전주,051-709-4684,부산광역시 기장군청,2025-11-17
기장읍서부리-33,1,,부산광역시 기장군 기장읍 서부리 219-10,35.24503708,129.2083993715,,한전주,051-709-4684,부산광역시 기장군청,2025-11-17
기장읍서부리-34,1,,부산광역시 기장군 기장읍 서부리 219-12,35.24492264,129.2082624797,,한전주,051-709-4684,부산광역시 기장군청,2025-11-17
기장읍서부리-35,1,,부산광역시 기장군 기장읍 서부리 287-2,35.2496986383,129.2015009306,,한전주,051-709-4684,부산광역시 기장군청,2025-11-17
기장읍서부리-36,1,,부산광역시 기장군 기장읍 서부리 221-13,35.24489212,129.2079174476,,한전주,051-709-4684,부산광역시 기장군청,2025-11-17
기장읍서부리-37,1,,부산광역시 기장군 기장읍 서부리 94,35.24508286,129.2116282064,,한전주,051-709-4684,부산광역시 기장군청,2025-11-17
기장읍서부리-38,1,,부산광역시 기장군 기장읍 서부리 144-1,35.2448956489,129.2116866499,,전용주,051-709-4684,부산광역시 기장군청,2025-11-17
기장읍서부리-39,1,,부산광역시 기장군 기장읍 서부리 143,35.24497986,129.2114105,,전용주,051-709-4684,부산광역시 기장군청,2025-11-17
기장읍서부리-40,1,,부산광역시 기장군 기장읍 서부리 139,35.24472427,129.2110291,,한전주,051-709-4684,부산광역시 기장군청,2025-11-17
기장읍서부리-41,1,,부산광역시 기장군 기장읍 서부리 139,35.24470901,129.2110443,,한전주,051-709-4684,부산광역시 기장군청,2025-11-17
기장읍서부리-42,1,,부산광역시 기장군 기장읍 서부리 131,35.2442153716,129.2112441747,,전용주,051-709-4684,부산광역시 기장군청,2025-11-17
기장읍서부리-43,1,,부산광역시 기장군 기장읍 서부리 136-1,35.2446523571,129.2115326,,건축물,051-709-4684,부산광역시 기장군청,2025-11-17
기장읍서부리-44,1,,부산광역시 기장군 기장읍 서부리 146,35.2446199866,129.2116526852,,전용주,051-709-4684,부산광역시 기장군청,2025-11-17
기장읍서부리-45,1,,부산광역시 기장군 기장읍 서부리 149-1,35.24437714,129.211731,,전용주,051-709-4684,부산광역시 기장군청,2025-11-17
기장읍서부리-46,1,,부산광역시 기장군 기장읍 서부리 154-1,35.24412918,129.2117462,,전용주,051-709-4684,부산광역시 기장군청,2025-11-17
기장읍서부리-47,1,,부산광역시 기장군 기장읍 서부리 169-1,35.24383163,129.2117767,,전용주,051-709-4684,부산광역시 기장군청,2025-11-17
기장읍서부리-48,1,,부산광역시 기장군 기장읍 서부리 171,35.2434885646,129.2116463379,,전용주,051-709-4684,부산광역시 기장군청,2025-11-17
기장읍서부리-49,1,,부산광역시 기장군 기장읍 서부리 171,35.2434845,129.2116463379,,한전주,051-709-4684,부산광역시 기장군청,2025-11-17
기장읍서부리-50,1,,부산광역시 기장군 기장읍 서부리 165,35.2434845,129.2113909273,,한전주,051-709-4684,부산광역시 기장군청,2025-11-17
기장읍서부리-51,1,,부산광역시 기장군 기장읍 서부리 164,35.24343491,129.2113039755,,한전주,051-709-4684,부산광역시 기장군청,2025-11-17
기장읍서부리-52,1,,부산광역시 기장군 기장읍 서부리 177-4,35.24332047,129.2110897905,,전용주,051-709-4684,부산광역시 기장군청,2025-11-17
기장읍서부리-53,1,,부산광역시 기장군 기장읍 서부리 193,35.2430295765,129.2105408,,전용주,051-709-4684,부산광역시 기장군청,2025-11-17
기장읍서부리-54,1,,부산광역시 기장군 기장읍 서부리 114,35.2435945975,129.2110901,,전용주,051-709-4684,부산광역시 기장군청,2025-11-17
기장읍서부리-55,1,,부산광역시 기장군 기장읍 서부리 119,35.24398804,129.2107739219,,전용주,051-709-4684,부산광역시 기장군청,2025-11-17
기장읍서부리-56,1,,부산광역시 기장군 기장읍 서부리 158-1,35.2440618122,129.2114122375,,한전주,051-709-4684,부산광역시 기장군청,2025-11-17
기장읍서부리-57,1,,부산광역시 기장군 기장읍 서부리 151,35.24435425,129.2115420304,,건축물,051-709-4684,부산광역시 기장군청,2025-11-17
기장읍서부리-59,1,,부산광역시 기장군 기장읍 서부리 301,35.2508981119,129.1955434862,,한전주,051-709-4684,부산광역시 기장군청,2025-11-17
기장읍서부리-60,1,,부산광역시 기장군 기장읍 서부리 산 120-63,35.25146484,129.1956024,,한전주,051-709-4684,부산광역시 기장군청,2025-11-17
기장읍서부리-61,1,,부산광역시 기장군 기장읍 서부리 298-8,35.2512446743,129.196251167,,한전주,051-709-4684,부산광역시 기장군청,2025-11-17
기장읍서부리-62,1,,부산광역시 기장군 기장읍 서부리 82,35.24552917,129.2110083202,,한전주,051-709-4684,부산광역시 기장군청,2025-11-17
기장읍서부리-63,1,,부산광역시 기장군 기장읍 서부리 82-1,35.2455817504,129.2109580006,,한전주,051-709-4684,부산광역시 기장군청,2025-11-17
기장읍서부리-64,1,,부산광역시 기장군 기장읍 서부리 102,35.2446815234,129.2094686894,,한전주,051-709-4684,부산광역시 기장군청,2025-11-17
기장읍석산리-5,1,,부산광역시 기장군 기장읍 석산리 255,35.2013735395,129.2103729,,한전주,051-709-4684,부산광역시 기장군청,2025-11-17
기장읍석산리-6,1,,부산광역시 기장군 기장읍 석산리 245,35.20129013,129.2107481712,,한전주,051-709-4684,부산광역시 기장군청,2025-11-17
기장읍석산리-7,1,,부산광역시 기장군 기장읍 석산리 250-8,35.2014308022,129.210968,,건축물,051-709-4684,부산광역시 기장군청,2025-11-17
기장읍석산리-8,1,,부산광역시 기장군 기장읍 석산리 129-7,35.2017167438,129.2099457,,한전주,051-709-4684,부산광역시 기장군청,2025-11-17
기장읍석산리-9,1,,부산광역시 기장군 기장읍 석산리 281-14,35.201674088,129.2103684563,,한전주,051-709-4684,부산광역시 기장군청,2025-11-17
기장읍석산리-10,1,,부산광역시 기장군 기장읍 석산리 138,35.202281267,129.2104645,,건축물,051-709-4684,부산광역시 기장군청,2025-11-17
기장읍석산리-11,1,,부산광역시 기장군 기장읍 석산리 122-2,35.2041215135,129.2094512231,,한전주,051-709-4684,부산광역시 기장군청,2025-11-17
기장읍석산리-12,1,,부산광역시 기장군 기장읍 석산리 72-3,35.2055438442,129.2099694,,한전주,051-709-4684,부산광역시 기장군청,2025-11-17
기장읍석산리-13,1,,부산광역시 기장군 기장읍 석산리 75-17,35.2062772246,129.2102051,,한전주,051-709-4684,부산광역시 기장군청,2025-11-17
기장읍석산리-14,1,,부산광역시 기장군 기장읍 석산리 67-9,35.206372458,129.2103849374,,한전주,051-709-4684,부산광역시 기장군청,2025-11-17
기장읍석산리-15,1,,부산광역시 기장군 기장읍 석산리 274-37,35.206732971,129.2106958867,,한전주,051-709-4684,부산광역시 기장군청,2025-11-17
기장읍석산리-16,1,,부산광역시 기장군 기장읍 석산리 56-15,35.2069424809,129.2108437944,,한전주,051-709-4684,부산광역시 기장군청,2025-11-17
기장읍석산리-17,1,,부산광역시 기장군 기장읍 석산리 56-15,35.2069424809,129.2108437944,,한전주,051-709-4684,부산광역시 기장군청,2025-11-17
기장읍석산리-18,1,,부산광역시 기장군 기장읍 석산리 56-2,35.2071458688,129.2113647,,한전주,051-709-4684,부산광역시 기장군청,2025-11-17
기장읍석산리-19,1,,부산광역시 기장군 기장읍 석산리 49-3,35.2072492488,129.211648689,,한전주,051-709-4684,부산광역시 기장군청,2025-11-17
기장읍석산리-20,1,,부산광역시 기장군 기장읍 석산리 274-9,35.2068343783,129.212095519,,한전주,051-709-4684,부산광역시 기장군청,2025-11-17
기장읍석산리-21,1,,부산광역시 기장군 기장읍 석산리 279,35.2073146222,129.2120379033,,한전주,051-709-4684,부산광역시 기장군청,2025-11-17
기장읍석산리-22,1,,부산광역시 기장군 기장읍 석산리 47-2,35.2071798832,129.2123753119,,한전주,051-709-4684,부산광역시 기장군청,2025-11-17
기장읍석산리-23,1,,부산광역시 기장군 기장읍 석산리 49-5,35.2075627535,129.2117041476,,한전주,051-709-4684,부산광역시 기장군청,2025-11-17
기장읍석산리-24,1,,부산광역시 기장군 기장읍 석산리 82-3,35.2082634,129.2116699,,한전주,051-709-4684,부산광역시 기장군청,2025-11-17
기장읍석산리-25,1,,부산광역시 기장군 기장읍 석산리 274-60,35.2075794826,129.21216598,,전용주,051-709-4684,부산광역시 기장군청,2025-11-17
기장읍석산리-26,1,,부산광역시 기장군 기장읍 석산리 37-25,35.20675659,129.2122728686,,한전주,051-709-4684,부산광역시 기장군청,2025-11-17
기장읍석산리-27,1,,부산광역시 기장군 기장읍 석산리 37-5,35.2065773,129.2122779318,,한전주,051-709-4684,부산광역시 기장군청,2025-11-17
기장읍석산리-28,1,,부산광역시 기장군 기장읍 석산리 37-11,35.20637131,129.2123813341,,한전주,051-709-4684,부산광역시 기장군청,2025-11-17
기장읍석산리-29,1,,부산광역시 기장군 기장읍 석산리 78-11,35.20701981,129.2103577,,한전주,051-709-4684,부산광역시 기장군청,2025-11-17
기장읍석산리-30,1,,부산광역시 기장군 기장읍 석산리 78-10,35.2071318929,129.2103453736,,한전주,051-709-4684,부산광역시 기장군청,2025-11-17
기장읍석산리-31,1,,부산광역시 기장군 기장읍 석산리 107-9,35.2079499782,129.2089320263,,한전주,051-709-4684,부산광역시 기장군청,2025-11-17
기장읍석산리-32,1,,부산광역시 기장군 기장읍 석산리 2-3,35.2163962099,129.2111820791,,한전주,051-709-4684,부산광역시 기장군청,2025-11-17
기장읍석산리-33,1,,부산광역시 기장군 기장읍 석산리 1-17,35.2171393107,129.2116995734,,한전주,051-709-4684,부산광역시 기장군청,2025-11-17
기장읍석산리-34,1,,부산광역시 기장군 기장읍 석산리 산 28-4,35.2092460396,129.2087708,,한전주,051-709-4684,부산광역시 기장군청,2025-11-17
기장읍석산리-35,1,,부산광역시 기장군 기장읍 석산리 274-18,35.2081936624,129.2095337,,건축물,051-709-4684,부산광역시 기장군청,2025-11-17
기장읍석산리-36,1,,부산광역시 기장군 기장읍 석산리 산 20-3,35.2029349843,129.2159483537,,한전주,051-709-4684,부산광역시 기장군청,2025-11-17
기장읍석산리-37,1,,부산광역시 기장군 기장읍 석산리 37-8,35.2061564773,129.2126715385,2018,한전주,051-709-4684,부산광역시 기장군청,2025-11-17
기장읍시랑리-1,1,,부산광역시 기장군 기장읍 시랑리 105-2,35.1976738,129.2231598,,한전주,051-709-4684,부산광역시 기장군청,2025-11-17
기장읍시랑리-2,1,,부산광역시 기장군 기장읍 시랑리 101-27,35.19784546,129.2237697894,,한전주,051-709-4684,부산광역시 기장군청,2025-11-17
기장읍시랑리-3,1,,부산광역시 기장군 기장읍 시랑리 108-2,35.1974411,129.2235879706,,한전주,051-709-4684,부산광역시 기장군청,2025-11-17
기장읍시랑리-4,1,,부산광역시 기장군 기장읍 시랑리 101-3,35.1974235619,129.2243661788,,전용주,051-709-4684,부산광역시 기장군청,2025-11-17
기장읍시랑리-5,1,,부산광역시 기장군 기장읍 시랑리 100-15,35.1975886427,129.2242126,,전용주,051-709-4684,부산광역시 기장군청,2025-11-17
기장읍시랑리-6,1,,부산광역시 기장군 기장읍 시랑리 100-1,35.1972084,129.2248099135,,한전주,051-709-4684,부산광역시 기장군청,2025-11-17
기장읍시랑리-7,1,,부산광역시 기장군 기장읍 시랑리 100-2,35.19701385,129.2250868269,,한전주,051-709-4684,부산광역시 기장군청,2025-11-17
기장읍시랑리-8,1,,부산광역시 기장군 기장읍 시랑리 96,35.19680984,129.2254734,2025,한전주,051-709-4684,부산광역시 기장군청,2025-11-17
기장읍시랑리-9,1,,부산광역시 기장군 기장읍 시랑리 659,35.1970000239,129.2256930452,,한전주,051-709-4684,부산광역시 기장군청,2025-11-17
기장읍시랑리-10,1,,부산광역시 기장군 기장읍 시랑리 84,35.1969154647,129.2262616845,,한전주,051-709-4684,부산광역시 기장군청,2025-11-17
기장읍시랑리-11,1,,부산광역시 기장군 기장읍 시랑리 83,35.19678879,129.226395414,,전용주,051-709-4684,부산광역시 기장군청,2025-11-17
기장읍시랑리-12,1,,부산광역시 기장군 기장읍 시랑리 82,35.1967909127,129.2264709,,한전주,051-709-4684,부산광역시 기장군청,2025-11-17
기장읍시랑리-13,1,,부산광역시 기장군 기장읍 시랑리 62-13,35.1963725709,129.2272641201,,한전주,051-709-4684,부산광역시 기장군청,2025-11-17
기장읍시랑리-14,1,,부산광역시 기장군 기장읍 시랑리 62-9,35.196360119,129.2273923302,,전용주,051-709-4684,부산광역시 기장군청,2025-11-17
기장읍시랑리-15,1,,부산광역시 기장군 기장읍 시랑리 62-15,35.1965036076,129.2282715,,한전주,051-709-4684,부산광역시 기장군청,2025-11-17
기장읍시랑리-16,1,,부산광역시 기장군 기장읍 시랑리 131,35.1966208593,129.2250366,,한전주,051-709-4684,부산광역시 기장군청,2025-11-17
기장읍시랑리-17,1,,부산광역시 기장군 기장읍 시랑리 122-2,35.19658279,129.2245026,,한전주,051-709-4684,부산광역시 기장군청,2025-11-17
기장읍시랑리-18,1,,부산광역시 기장군 기장읍 시랑리 141-1,35.1963432755,129.2245401638,,한전주,051-709-4684,부산광역시 기장군청,2025-11-17
기장읍시랑리-19,1,,부산광역시 기장군 기장읍 시랑리 201-2,35.1964099619,129.2234218053,,한전주,051-709-4684,부산광역시 기장군청,2025-11-17
기장읍시랑리-20,1,,부산광역시 기장군 기장읍 시랑리 117-5,35.1970943464,129.2243371368,,한전주,051-709-4684,부산광역시 기장군청,2025-11-17
기장읍시랑리-21,1,,부산광역시 기장군 기장읍 시랑리 111-2,35.1970279118,129.2236563066,,한전주,051-709-4684,부산광역시 기장군청,2025-11-17
기장읍시랑리-22,1,,부산광역시 기장군 기장읍 시랑리 147-5,35.19654083,129.2238312,,건축물,051-709-4684,부산광역시 기장군청,2025-11-17
기장읍시랑리-23,1,,부산광역시 기장군 기장읍 시랑리 200-3,35.19640732,129.2234344,,건축물,051-709-4684,부산광역시 기장군청,2025-11-17
기장읍시랑리-24,1,,부산광역시 기장군 기장읍 시랑리 660-9,35.1969639026,129.2232971,,한전주,051-709-4684,부산광역시 기장군청,2025-11-17
기장읍시랑리-25,1,,부산광역시 기장군 기장읍 시랑리 198-3,35.19622421,129.2226676515,,한전주,051-709-4684,부산광역시 기장군청,2025-11-17
기장읍시랑리-26,1,,부산광역시 기장군 기장읍 시랑리 189-1,35.1960043516,129.2232606814,,한전주,051-709-4684,부산광역시 기장군청,2025-11-17
기장읍시랑리-27,1,,부산광역시 기장군 기장읍 시랑리 188-1,35.1962194926,129.2234545959,,한전주,051-709-4684,부산광역시 기장군청,2025-11-17
기장읍시랑리-28,1,,부산광역시 기장군 기장읍 시랑리 146-3,35.19623566,129.2241181481,,한전주,051-709-4684,부산광역시 기장군청,2025-11-17
기장읍시랑리-29,1,,부산광역시 기장군 기장읍 시랑리 186-1,35.19591904,129.2233887,,한전주,051-709-4684,부산광역시 기장군청,2025-11-17
기장읍시랑리-31,1,,부산광역시 기장군 기장읍 시랑리 160-2,35.19521332,129.2245331,,한전주,051-709-4684,부산광역시 기장군청,2025-11-17
기장읍시랑리-32,1,,부산광역시 기장군 기장읍 시랑리 160-10,35.1950473771,129.2244318169,,전용주,051-709-4684,부산광역시 기장군청,2025-11-17
기장읍시랑리-33,1,,부산광역시 기장군 기장읍 시랑리 453-24,35.1904044139,129.2198004592,,한전주,051-709-4684,부산광역시 기장군청,2025-11-17
기장읍시랑리-34,1,,부산광역시 기장군 기장읍 시랑리 157-2,35.19587708,129.2242619164,,한전주,051-709-4684,부산광역시 기장군청,2025-11-17
기장읍시랑리-35,1,,부산광역시 기장군 기장읍 시랑리 419,35.1902314282,129.2185975518,,한전주,051-709-4684,부산광역시 기장군청,2025-11-17
기장읍시랑리-36,1,,부산광역시 기장군 기장읍 시랑리 718,35.1905334253,129.217184181,,한전주,051-709-4684,부산광역시 기장군청,2025-11-17
기장읍시랑리-37,1,,부산광역시 기장군 기장읍 시랑리 453,35.1889489415,129.2180176,,한전주,051-709-4684,부산광역시 기장군청,2025-11-17
기장읍시랑리-38,1,,부산광역시 기장군 기장읍 시랑리 453-12,35.18854523,129.2178281702,,한전주,051-709-4684,부산광역시 기장군청,2025-11-17
기장읍시랑리-39,1,,부산광역시 기장군 기장읍 시랑리 453-32,35.188159691,129.217453,,한전주,051-709-4684,부산광역시 기장군청,2025-11-17
기장읍시랑리-40,1,,부산광역시 기장군 기장읍 시랑리 553-27,35.18675995,129.2147611479,,한전주,051-709-4684,부산광역시 기장군청,2025-11-17
기장읍시랑리-41,1,,부산광역시 기장군 기장읍 시랑리 553-7,35.18653107,129.2141724,,한전주,051-709-4684,부산광역시 기장군청,2025-11-17
기장읍시랑리-42,1,,부산광역시 기장군 기장읍 시랑리 553-10,35.18615341,129.2137299,,한전주,051-709-4684,부산광역시 기장군청,2025-11-17
기장읍시랑리-43,1,,부산광역시 기장군 기장읍 시랑리 528-1,35.18608856,129.2128848286,,한전주,051-709-4684,부산광역시 기장군청,2025-11-17
기장읍시랑리-44,1,,부산광역시 기장군 기장읍 시랑리 674-9,35.18564606,129.2126952537,,한전주,051-709-4684,부산광역시 기장군청,2025-11-17
기장읍시랑리-45,1,,부산광역시 기장군 기장읍 시랑리 553-1,35.1859787819,129.2135665195,,한전주,051-709-4684,부산광역시 기장군청,2025-11-17
기장읍시랑리-46,1,,부산광역시 기장군 기장읍 시랑리 553-19,35.18490601,129.2130585,,한전주,051-709-4684,부산광역시 기장군청,2025-11-17
기장읍시랑리-47,1,,부산광역시 기장군 기장읍 시랑리 550,35.1847884926,129.2120819,,한전주,051-709-4684,부산광역시 기장군청,2025-11-17
기장읍시랑리-49,1,,부산광역시 기장군 기장읍 시랑리 572-7,35.1851446032,129.2114258,,한전주,051-709-4684,부산광역시 기장군청,2025-11-17
기장읍시랑리-50,1,,부산광역시 기장군 기장읍 시랑리 565-5,35.18555832,129.2115173,,한전주,051-709-4684,부산광역시 기장군청,2025-11-17
기장읍시랑리-51,1,,부산광역시 기장군 기장읍 시랑리 563-1,35.1853946758,129.2116017882,,한전주,051-709-4684,부산광역시 기장군청,2025-11-17
기장읍시랑리-52,1,,부산광역시 기장군 기장읍 시랑리 566-4,35.1854818216,129.212265,,한전주,051-709-4684,부산광역시 기장군청,2025-11-17
기장읍시랑리-53,1,,부산광역시 기장군 기장읍 시랑리 527-4,35.1860547706,129.2121099425,,한전주,051-709-4684,부산광역시 기장군청,2025-11-17
기장읍시랑리-54,1,,부산광역시 기장군 기장읍 시랑리 677-2,35.18441772,129.2110901,,한전주,051-709-4684,부산광역시 기장군청,2025-11-17
기장읍시랑리-55,1,,부산광역시 기장군 기장읍 시랑리 588-4,35.1841539757,129.2110901,,한전주,051-709-4684,부산광역시 기장군청,2025-11-17
기장읍시랑리-56,1,,부산광역시 기장군 기장읍 시랑리 638-2,35.18374252,129.2107239,,한전주,051-709-4684,부산광역시 기장군청,2025-11-17
기장읍시랑리-57,1,,부산광역시 기장군 기장읍 시랑리 645,35.1835535187,129.2113037,,건축물,051-709-4684,부산광역시 기장군청,2025-11-17
기장읍시랑리-58,1,,부산광역시 기장군 기장읍 시랑리 639-1,35.1837161287,129.2109662137,,한전주,051-709-4684,부산광역시 기장군청,2025-11-17
기장읍시랑리-59,1,,부산광역시 기장군 기장읍 시랑리 639-1,35.1837161287,129.2109662137,,한전주,051-709-4684,부산광역시 기장군청,2025-11-17
기장읍시랑리-60,1,,부산광역시 기장군 기장읍 시랑리 545-12,35.1837439467,129.2119493329,,한전주,051-709-4684,부산광역시 기장군청,2025-11-17
기장읍시랑리-61,1,,부산광역시 기장군 기장읍 시랑리 652,35.18342972,129.2120058644,,한전주,051-709-4684,부산광역시 기장군청,2025-11-17
기장읍시랑리-62,1,,부산광역시 기장군 기장읍 시랑리 692-6,35.1833992,129.2091907768,,전용주,051-709-4684,부산광역시 기장군청,2025-11-17
기장읍시랑리-63,1,,부산광역시 기장군 기장읍 시랑리 692-5,35.1833202,129.2093413843,,전용주,051-709-4684,부산광역시 기장군청,2025-11-17
기장읍시랑리-64,1,,부산광역시 기장군 기장읍 시랑리 539-2,35.1863774947,129.2133642533,,한전주,051-709-4684,부산광역시 기장군청,2025-11-17
기장읍시랑리-65,1,,부산광역시 기장군 기장읍 시랑리 117-4,35.1966423407,129.2239904,2019,한전주,051-709-4684,부산광역시 기장군청,2025-11-17
기장읍시랑리-66,1,,부산광역시 기장군 기장읍 시랑리 574-23,35.18493632,129.2113279262,,한전주,051-709-4684,부산광역시 기장군청,2025-11-17
기장읍신천리-1,1,,부산광역시 기장군 기장읍 청강리 177,35.239883041,129.2223477277,,한전주,051-709-4684,부산광역시 기장군청,2025-11-17
기장읍신천리-2,1,,부산광역시 기장군 기장읍 신천리 317-1,35.2408064307,129.2231254743,,한전주,051-709-4684,부산광역시 기장군청,2025-11-17
기장읍신천리-3,1,,부산광역시 기장군 기장읍 신천리 351,35.24074602,129.2237681838,,한전주,051-709-4684,부산광역시 기장군청,2025-11-17
기장읍신천리-4,1,,부산광역시 기장군 기장읍 신천리 282-2,35.2424493017,129.2245789,,한전주,051-709-4684,부산광역시 기장군청,2025-11-17
기장읍신천리-5,1,,부산광역시 기장군 기장읍 신천리 285-6,35.24224091,129.2249448673,,한전주,051-709-4684,부산광역시 기장군청,2025-11-17
기장읍신천리-6,1,,부산광역시 기장군 기장읍 신천리 285-9,35.2417701795,129.2249146,,한전주,051-709-4684,부산광역시 기장군청,2025-11-17
기장읍신천리-7,1,,부산광역시 기장군 기장읍 신천리 287,35.2416096114,129.2247889195,,한전주,051-709-4684,부산광역시 기장군청,2025-11-17
기장읍신천리-8,1,,부산광역시 기장군 기장읍 신천리 357-2,35.24072266,129.2246557656,,한전주,051-709-4684,부산광역시 기장군청,2025-11-17
기장읍신천리-9,1,,부산광역시 기장군 기장읍 신천리 372-4,35.24065018,129.2249756,,한전주,051-709-4684,부산광역시 기장군청,2025-11-17
기장읍신천리-10,1,,부산광역시 기장군 기장읍 신천리 346-1,35.2403091863,129.224762,,전용주,051-709-4684,부산광역시 기장군청,2025-11-17
기장읍신천리-11,1,,부산광역시 기장군 기장읍 신천리 381-2,35.2401251888,129.2252655,,전용주,051-709-4684,부산광역시 기장군청,2025-11-17
기장읍신천리-12,1,,부산광역시 기장군 기장읍 신천리 61-3,35.24038315,129.225647,,한전주,051-709-4684,부산광역시 기장군청,2025-11-17
기장읍신천리-13,1,,부산광역시 기장군 기장읍 신천리 373-4,35.24052429,129.2254486,,한전주,051-709-4684,부산광역시 기장군청,2025-11-17
기장읍신천리-14,1,,부산광역시 기장군 기장읍 신천리 372-1,35.2406875927,129.2251738832,,전용주,051-709-4684,부산광역시 기장군청,2025-11-17
기장읍신천리-15,1,,부산광역시 기장군 기장읍 신천리 371-1,35.2411714342,129.2254588029,,한전주,051-709-4684,부산광역시 기장군청,2025-11-17
기장읍신천리-16,1,,부산광역시 기장군 기장읍 신천리 371-1,35.2411714342,129.2254588029,,한전주,051-709-4684,부산광역시 기장군청,2025-11-17
기장읍신천리-17,1,,부산광역시 기장군 기장읍 신천리 69-3,35.24140549,129.2261367893,,한전주,051-709-4684,부산광역시 기장군청,2025-11-17
기장읍신천리-18,1,,부산광역시 기장군 기장읍 신천리 68,35.241436,129.2258453,,한전주,051-709-4684,부산광역시 기장군청,2025-11-17
기장읍신천리-19,1,,부산광역시 기장군 기장읍 신천리 267-1,35.24159241,129.2255280662,,한전주,051-709-4684,부산광역시 기장군청,2025-11-17
기장읍신천리-20,1,,부산광역시 기장군 기장읍 신천리 271,35.2417563034,129.2255249,,전용주,051-709-4684,부산광역시 기장군청,2025-11-17
기장읍신천리-21,1,,부산광역시 기장군 기장읍 신천리 276-2,35.2422095214,129.2253571,,한전주,051-709-4684,부산광역시 기장군청,2025-11-17
기장읍신천리-22,1,,부산광역시 기장군 기장읍 신천리 73-10,35.24201584,129.2257385,,한전주,051-709-4684,부산광역시 기장군청,2025-11-17
기장읍신천리-23,1,,부산광역시 기장군 기장읍 신천리 72-2,35.24184799,129.2265626171,,한전주,051-709-4684,부산광역시 기장군청,2025-11-17
기장읍신천리-24번호판없음펜,1,,부산광역시 기장군 기장읍 신천리 73-9,35.24194717,129.2263804076,,한전주,051-709-4684,부산광역시 기장군청,2025-11-17
기장읍신천리-25,1,,부산광역시 기장군 기장읍 신천리 73-7,35.24223709,129.2264252,,한전주,051-709-4684,부산광역시 기장군청,2025-11-17
기장읍신천리-26,1,,부산광역시 기장군 기장읍 신천리 75,35.2429014553,129.2262956932,,한전주,051-709-4684,부산광역시 기장군청,2025-11-17
기장읍신천리-27,1,,부산광역시 기장군 기장읍 신천리 77-1,35.24288177,129.2264252,,한전주,051-709-4684,부산광역시 기장군청,2025-11-17
기장읍신천리-28,1,,부산광역시 기장군 기장읍 신천리 96-2,35.2416820165,129.226965456,,전용주,051-709-4684,부산광역시 기장군청,2025-11-17
기장읍신천리-29,1,,부산광역시 기장군 기장읍 신천리 72-3,35.24169159,129.2264099,,전용주,051-709-4684,부산광역시 기장군청,2025-11-17
기장읍신천리-30,1,,부산광역시 기장군 기장읍 신천리 63-1,35.2411067387,129.2260941892,,한전주,051-709-4684,부산광역시 기장군청,2025-11-17
기장읍신천리-31,1,,부산광역시 기장군 기장읍 신천리 94-2,35.24181747,129.2268222212,,한전주,051-709-4684,부산광역시 기장군청,2025-11-17
기장읍신천리-32,1,,부산광역시 기장군 기장읍 신천리 45,35.2415930473,129.2272034,,한전주,051-709-4684,부산광역시 기장군청,2025-11-17
기장읍신천리-33,1,,부산광역시 기장군 기장읍 신천리 산 31-2,35.2412538985,129.2271622132,,한전주,051-709-4684,부산광역시 기장군청,2025-11-17
기장읍신천리-34,1,,부산광역시 기장군 기장읍 신천리 산 31,35.2410402257,129.2271091036,,한전주,051-709-4684,부산광역시 기장군청,2025-11-17
기장읍신천리-35,1,,부산광역시 기장군 기장읍 신천리 54-1,35.2408053464,129.2262115,,전용주,051-709-4684,부산광역시 기장군청,2025-11-17
기장읍신천리-36,1,,부산광역시 기장군 기장읍 신천리 101-1,35.24202347,129.2275873527,,한전주,051-709-4684,부산광역시 기장군청,2025-11-17
기장읍신천리-37,1,,부산광역시 기장군 기장읍 신천리 101-1,35.2420480751,129.2275873527,,한전주,051-709-4684,부산광역시 기장군청,2025-11-17
기장읍신천리-38,1,,부산광역시 기장군 기장읍 신천리 112-6,35.2421614656,129.2279332468,,한전주,051-709-4684,부산광역시 기장군청,2025-11-17
기장읍신천리-39,1,,부산광역시 기장군 기장읍 신천리 112-6,35.2421614656,129.2279332468,,한전주,051-709-4684,부산광역시 기장군청,2025-11-17
기장읍신천리-40,1,,부산광역시 기장군 기장읍 신천리 123-3,35.24268341,129.2297668,,한전주,051-709-4684,부산광역시 기장군청,2025-11-17
기장읍신천리-41,1,,부산광역시 기장군 기장읍 신천리 131-5,35.2427599715,129.2303467,,한전주,051-709-4684,부산광역시 기장군청,2025-11-17
기장읍신천리-42,1,,부산광역시 기장군 기장읍 신천리 131-3,35.243178985,129.2308482,,한전주,051-709-4684,부산광역시 기장군청,2025-11-17
기장읍신천리-43,1,,부산광역시 기장군 기장읍 신천리 산 6-3,35.2436288154,129.231728575,,한전주,051-709-4684,부산광역시 기장군청,2025-11-17
기장읍신천리-44,1,,부산광역시 기장군 기장읍 신천리 산 6-3,35.2436288154,129.231728575,,한전주,051-709-4684,부산광역시 기장군청,2025-11-17
기장읍신천리-45,1,,부산광역시 기장군 기장읍 신천리 산 6-3,35.2436288154,129.231728575,,한전주,051-709-4684,부산광역시 기장군청,2025-11-17
기장읍신천리-46,1,,부산광역시 기장군 기장읍 신천리 산 6-3,35.2436288154,129.2317987,,한전주,051-709-4684,부산광역시 기장군청,2025-11-17
기장읍신천리-47,1,,부산광역시 기장군 기장읍 신천리 산 5-3,35.2449213335,129.2320156,,한전주,051-709-4684,부산광역시 기장군청,2025-11-17
기장읍신천리-48,1,,부산광역시 기장군 기장읍 신천리 산 5-3,35.24498689,129.2320625456,,한전주,051-709-4684,부산광역시 기장군청,2025-11-17
기장읍신천리-49,1,,부산광역시 기장군 기장읍 신천리 산 5-3,35.2449213335,129.2320625456,,한전주,051-709-4684,부산광역시 기장군청,2025-11-17
기장읍신천리-50,1,,부산광역시 기장군 기장읍 신천리 산 5-3,35.2449213335,129.2320625456,,한전주,051-709-4684,부산광역시 기장군청,2025-11-17
기장읍연화리-1,1,,부산광역시 기장군 기장읍 연화리 106-1,35.2201124782,129.2268392411,,전용주,051-709-4684,부산광역시 기장군청,2025-11-17
기장읍연화리-2표찰없음이설추정,1,,부산광역시 기장군 기장읍 연화리 산 2-1,35.21966934,129.2263947,,한전주,051-709-4684,부산광역시 기장군청,2025-11-17
기장읍연화리-3,1,,부산광역시 기장군 기장읍 연화리 485-2,35.2191391,129.2268224488,,전용주,051-709-4684,부산광역시 기장군청,2025-11-17
기장읍연화리-4,1,,부산광역시 기장군 기장읍 연화리 187-2,35.21883774,129.2258606,,한전주,051-709-4684,부산광역시 기장군청,2025-11-17
기장읍연화리-5,1,,부산광역시 기장군 기장읍 연화리 188-5,35.21873474,129.2258402514,,한전주,051-709-4684,부산광역시 기장군청,2025-11-17
기장읍연화리-6,1,,부산광역시 기장군 기장읍 연화리 212-8,35.2186048967,129.2255389985,,한전주,051-709-4684,부산광역시 기장군청,2025-11-17
기장읍연화리-7,1,,부산광역시 기장군 기장읍 연화리 208-1,35.2186983418,129.2249419515,,전용주,051-709-4684,부산광역시 기장군청,2025-11-17
기장읍연화리-8,1,,부산광역시 기장군 기장읍 연화리 188-5,35.21870041,129.2258606,,한전주,051-709-4684,부산광역시 기장군청,2025-11-17
기장읍연화리-9,1,,부산광역시 기장군 기장읍 연화리 176-2,35.2181233165,129.2262013264,,한전주,051-709-4684,부산광역시 기장군청,2025-11-17
기장읍연화리-10,1,,부산광역시 기장군 기장읍 연화리 486-19,35.2185153974,129.2265472,,한전주,051-709-4684,부산광역시 기장군청,2025-11-17
기장읍연화리-11,1,,부산광역시 기장군 기장읍 연화리 126-4,35.2188105234,129.2266541,,전용주,051-709-4684,부산광역시 기장군청,2025-11-17
기장읍연화리-12,1,,부산광역시 기장군 기장읍 연화리 126-4,35.21889114,129.2266670459,,전용주,051-709-4684,부산광역시 기장군청,2025-11-17
기장읍연화리-13,1,,부산광역시 기장군 기장읍 연화리 114-4,35.21916199,129.2268871251,,전용주,051-709-4684,부산광역시 기장군청,2025-11-17
기장읍연화리-14,1,,부산광역시 기장군 기장읍 연화리 113-2,35.2192949752,129.2267443927,,한전주,051-709-4684,부산광역시 기장군청,2025-11-17
기장읍연화리-15,1,,부산광역시 기장군 기장읍 연화리 485-2,35.2191691455,129.2268224488,,한전주,051-709-4684,부산광역시 기장군청,2025-11-17
기장읍연화리-16,1,,부산광역시 기장군 기장읍 연화리 119-11,35.2191925,129.2275862519,,한전주,051-709-4684,부산광역시 기장군청,2025-11-17
기장읍연화리-17,1,,부산광역시 기장군 기장읍 연화리 119-11,35.2191406175,129.2275848,,한전주,051-709-4684,부산광역시 기장군청,2025-11-17
기장읍연화리-18,1,,부산광역시 기장군 기장읍 연화리 486-2,35.21878052,129.2272362265,,건축물,051-709-4684,부산광역시 기장군청,2025-11-17
기장읍연화리-19,1,,부산광역시 기장군 기장읍 연화리 137-1,35.2183496086,129.2272634263,,한전주,051-709-4684,부산광역시 기장군청,2025-11-17
기장읍연화리-20,1,,부산광역시 기장군 기장읍 연화리 486-14,35.2185278655,129.2272491,,전용주,051-709-4684,부산광역시 기장군청,2025-11-17
기장읍연화리-21,1,,부산광역시 기장군 기장읍 연화리 122-3,35.21866226,129.2271271,,전용주,051-709-4684,부산광역시 기장군청,2025-11-17
기장읍연화리-22,1,,부산광역시 기장군 기장읍 연화리 486-14,35.2185278655,129.2272336012,,한전주,051-709-4684,부산광역시 기장군청,2025-11-17
기장읍연화리-23,1,,부산광역시 기장군 기장읍 연화리 486-28,35.2184073591,129.22718513,,전용주,051-709-4684,부산광역시 기장군청,2025-11-17
기장읍연화리-24,1,,부산광역시 기장군 기장읍 연화리 136-1,35.2182407557,129.2269646294,,전용주,051-709-4684,부산광역시 기장군청,2025-11-17
기장읍연화리-25,1,,부산광역시 기장군 기장읍 연화리 136-5,35.21829605,129.2270508,,전용주,051-709-4684,부산광역시 기장군청,2025-11-17
기장읍연화리-26,1,,부산광역시 기장군 기장읍 연화리 136-1,35.21821976,129.2269592,,전용주,051-709-4684,부산광역시 기장군청,2025-11-17
기장읍연화리-27,1,,부산광역시 기장군 기장읍 연화리 159,35.2180364355,129.2267217521,,한전주,051-709-4684,부산광역시 기장군청,2025-11-17
기장읍연화리-28,1,,부산광역시 기장군 기장읍 연화리 128-2,35.21844864,129.2267456,,건축물,051-709-4684,부산광역시 기장군청,2025-11-17
기장읍연화리-29,1,,부산광역시 기장군 기장읍 연화리 119-5,35.2182623664,129.2279143832,,한전주,051-709-4684,부산광역시 기장군청,2025-11-17
기장읍연화리-30,1,,부산광역시 기장군 기장읍 연화리 119-10,35.2183833934,129.2280884,,한전주,051-709-4684,부산광역시 기장군청,2025-11-17
기장읍연화리-31,1,,부산광역시 기장군 기장읍 연화리 486-18,35.2178387204,129.2263252627,,한전주,051-709-4684,부산광역시 기장군청,2025-11-17
기장읍연화리-32,1,,부산광역시 기장군 기장읍 연화리 177-10,35.21780014,129.2262886902,,한전주,051-709-4684,부산광역시 기장군청,2025-11-17
기장읍연화리-33,1,,부산광역시 기장군 기장읍 연화리 168,35.21756744,129.226453525,,한전주,051-709-4684,부산광역시 기장군청,2025-11-17
기장읍연화리-34,1,,부산광역시 기장군 기장읍 연화리 160,35.217979474,129.2267761973,,한전주,051-709-4684,부산광역시 기장군청,2025-11-17
기장읍연화리-35,1,,부산광역시 기장군 기장읍 연화리 169-3,35.21753311,129.2261900163,,전용주,051-709-4684,부산광역시 기장군청,2025-11-17
기장읍연화리-36,1,,부산광역시 기장군 기장읍 연화리 169-3,35.2175391045,129.2261900163,,전용주,051-709-4684,부산광역시 기장군청,2025-11-17
기장읍연화리-37,1,,부산광역시 기장군 기장읍 연화리 176-1,35.2177516074,129.2260284,,전용주,051-709-4684,부산광역시 기장군청,2025-11-17
기장읍연화리-38,1,,부산광역시 기장군 기장읍 연화리 177-1,35.2180683627,129.2262656366,,전용주,051-709-4684,부산광역시 기장군청,2025-11-17
기장읍연화리-39,1,,부산광역시 기장군 기장읍 연화리 180-2,35.2180987134,129.2263832703,,전용주,051-709-4684,부산광역시 기장군청,2025-11-17
기장읍연화리-40,1,,부산광역시 기장군 기장읍 연화리 179-8,35.21831131,129.2264344545,,전용주,051-709-4684,부산광역시 기장군청,2025-11-17
기장읍연화리-41,1,,부산광역시 기장군 기장읍 연화리 212-4,35.21853256,129.2260742,,건축물,051-709-4684,부산광역시 기장군청,2025-11-17
기장읍연화리-42,1,,부산광역시 기장군 기장읍 연화리 178-1,35.21836472,129.2259395489,,건축물,051-709-4684,부산광역시 기장군청,2025-11-17
기장읍연화리-43,1,,부산광역시 기장군 기장읍 연화리 178-2,35.21824265,129.2257932179,,한전주,051-709-4684,부산광역시 기장군청,2025-11-17
기장읍연화리-44,1,,부산광역시 기장군 기장읍 연화리 213-3,35.21825027,129.2255271172,,한전주,051-709-4684,부산광역시 기장군청,2025-11-17
기장읍연화리-45,1,,부산광역시 기장군 기장읍 연화리 215-6,35.2180028037,129.2253842076,,한전주,051-709-4684,부산광역시 기장군청,2025-11-17
기장읍연화리-46,1,,부산광역시 기장군 기장읍 연화리 216-4,35.2177722203,129.2252655,,한전주,051-709-4684,부산광역시 기장군청,2025-11-17
기장읍연화리-47,1,,부산광역시 기장군 기장읍 연화리 223-4,35.2172198549,129.2249954835,,한전주,051-709-4684,부산광역시 기장군청,2025-11-17
기장읍연화리-48,1,,부산광역시 기장군 기장읍 연화리 227,35.21720505,129.2244174369,,한전주,051-709-4684,부산광역시 기장군청,2025-11-17
기장읍연화리-49,1,,부산광역시 기장군 기장읍 연화리 486-6,35.21681976,129.2253723,,한전주,051-709-4684,부산광역시 기장군청,2025-11-17
기장읍연화리-50,1,,부산광역시 기장군 기장읍 연화리 174-6,35.21733093,129.2257062255,,한전주,051-709-4684,부산광역시 기장군청,2025-11-17
기장읍연화리-51,1,,부산광역시 기장군 기장읍 연화리 486-16,35.217107163,129.2259216,,한전주,051-709-4684,부산광역시 기장군청,2025-11-17
기장읍연화리-52,1,,부산광역시 기장군 기장읍 연화리 119-5,35.2182623664,129.2279143832,,한전주,051-709-4684,부산광역시 기장군청,2025-11-17
기장읍연화리-53,1,,부산광역시 기장군 기장읍 연화리 289-4,35.2164226218,129.2246355996,,한전주,051-709-4684,부산광역시 기장군청,2025-11-17
기장읍연화리-54,1,,부산광역시 기장군 기장읍 연화리 312-3,35.2160966856,129.2243322465,,한전주,051-709-4684,부산광역시 기장군청,2025-11-17
기장읍연화리-55,1,,부산광역시 기장군 기장읍 연화리 315-5,35.2158042044,129.224015463,,한전주,051-709-4684,부산광역시 기장군청,2025-11-17
기장읍연화리-56,1,,부산광역시 기장군 기장읍 연화리 316-8,35.215696911,129.2236350341,,한전주,051-709-4684,부산광역시 기장군청,2025-11-17
기장읍연화리-57,1,,부산광역시 기장군 기장읍 연화리 327-2,35.21562958,129.2233276,,한전주,051-709-4684,부산광역시 기장군청,2025-11-17
기장읍연화리-58,1,,부산광역시 기장군 기장읍 연화리 492-1,35.21545029,129.2233887,,전용주,051-709-4684,부산광역시 기장군청,2025-11-17
기장읍연화리-59,1,,부산광역시 기장군 기장읍 연화리 319-1,35.21516418,129.223612135,,전용주,051-709-4684,부산광역시 기장군청,2025-11-17
기장읍연화리-60,1,,부산광역시 기장군 기장읍 연화리 320-1,35.21492767,129.2236328,,전용주,051-709-4684,부산광역시 기장군청,2025-11-17
기장읍연화리-61,1,,부산광역시 기장군 기장읍 연화리 486-7,35.2158526195,129.2245018554,,한전주,051-709-4684,부산광역시 기장군청,2025-11-17
기장읍연화리-62,1,,부산광역시 기장군 기장읍 연화리 317-2,35.21530914,129.2236736892,,한전주,051-709-4684,부산광역시 기장군청,2025-11-17
기장읍연화리-63,1,,부산광역시 기장군 기장읍 연화리 317-1,35.2154862606,129.2236148962,,한전주,051-709-4684,부산광역시 기장군청,2025-11-17
기장읍연화리-64,1,,부산광역시 기장군 기장읍 연화리 297-18,35.21509171,129.2243537738,,한전주,051-709-4684,부산광역시 기장군청,2025-11-17
기장읍연화리-65,1,,부산광역시 기장군 기장읍 연화리 297-17,35.21511078,129.2244415,,한전주,051-709-4684,부산광역시 기장군청,2025-11-17
기장읍연화리-66,1,,부산광역시 기장군 기장읍 연화리 297-22,35.2148860817,129.2246805218,,전용주,051-709-4684,부산광역시 기장군청,2025-11-17
기장읍연화리-67,1,,부산광역시 기장군 기장읍 연화리 349,35.21486664,129.2233913257,,한전주,051-709-4684,부산광역시 기장군청,2025-11-17
기장읍연화리-68,1,,부산광역시 기장군 기장읍 연화리 347,35.21505737,129.2232971,,한전주,051-709-4684,부산광역시 기장군청,2025-11-17
기장읍연화리-69,1,,부산광역시 기장군 기장읍 연화리 357-2,35.21469879,129.2230393363,,한전주,051-709-4684,부산광역시 기장군청,2025-11-17
기장읍연화리-70,1,,부산광역시 기장군 기장읍 연화리 371,35.21478653,129.2225494,,전용주,051-709-4684,부산광역시 기장군청,2025-11-17
기장읍연화리-71,1,,부산광역시 기장군 기장읍 연화리 372-5,35.2143410492,129.2224782675,,전용주,051-709-4684,부산광역시 기장군청,2025-11-17
기장읍연화리-72,1,,부산광역시 기장군 기장읍 연화리 372-5,35.21433258,129.2224884,,전용주,051-709-4684,부산광역시 기장군청,2025-11-17
기장읍연화리-73,1,,부산광역시 기장군 기장읍 연화리 396-3,35.21449661,129.2220306,,전용주,051-709-4684,부산광역시 기장군청,2025-11-17
기장읍연화리-74,1,,부산광역시 기장군 기장읍 연화리 산 64-17,35.2054050989,129.2244873,,전용주,051-709-4684,부산광역시 기장군청,2025-11-17
기장읍연화리-75,1,,부산광역시 기장군 기장읍 연화리 299-3,35.2052162096,129.2247162,,전용주,051-709-4684,부산광역시 기장군청,2025-11-17
기장읍연화리-76,1,,부산광역시 기장군 기장읍 연화리 산 64-6,35.2055544185,129.2251655283,,전용주,051-709-4684,부산광역시 기장군청,2025-11-17
기장읍연화리-77,1,,부산광역시 기장군 기장읍 연화리 473-5,35.2057942962,129.2250214,,전용주,051-709-4684,부산광역시 기장군청,2025-11-17
기장읍연화리-78,1,,부산광역시 기장군 기장읍 연화리 473-5,35.2057942962,129.2250977,,전용주,051-709-4684,부산광역시 기장군청,2025-11-17
기장읍연화리-79,1,,부산광역시 기장군 기장읍 연화리 119-1,35.21937641,129.2272265358,,한전주,051-709-4684,부산광역시 기장군청,2025-11-17
기장읍죽성리-1,1,,부산광역시 기장군 기장읍 죽성리 산 35-5,35.2456075228,129.233391108,,한전주,051-709-4684,부산광역시 기장군청,2025-11-17
기장읍죽성리-2,1,,부산광역시 기장군 기장읍 죽성리 산 35-5,35.2456075228,129.233391108,,한전주,051-709-4684,부산광역시 기장군청,2025-11-17
기장읍죽성리-3,1,,부산광역시 기장군 기장읍 죽성리 산 35-5,35.2456075228,129.233391108,,한전주,051-709-4684,부산광역시 기장군청,2025-11-17
기장읍죽성리-4,1,,부산광역시 기장군 기장읍 죽성리 산 35-2,35.2445881101,129.2354217303,,한전주,051-709-4684,부산광역시 기장군청,2025-11-17
기장읍죽성리-5,1,,부산광역시 기장군 기장읍 죽성리 산 35-2,35.2445881101,129.2354889,,한전주,051-709-4684,부산광역시 기장군청,2025-11-17
기장읍죽성리-6,1,,부산광역시 기장군 기장읍 죽성리 산 35-2,35.2445881101,129.2354217303,,한전주,051-709-4684,부산광역시 기장군청,2025-11-17
기장읍죽성리-7,1,,부산광역시 기장군 기장읍 죽성리 산 35-2,35.2445881101,129.2354217303,,한전주,051-709-4684,부산광역시 기장군청,2025-11-17
기장읍죽성리-8,1,,부산광역시 기장군 기장읍 죽성리 933-2,35.244952925,129.2368626199,,한전주,051-709-4684,부산광역시 기장군청,2025-11-17
기장읍죽성리-9,1,,부산광역시 기장군 기장읍 죽성리 산 29-3,35.2446394049,129.2374571759,,한전주,051-709-4684,부산광역시 기장군청,2025-11-17
기장읍죽성리-10,1,,부산광역시 기장군 기장읍 죽성리 954,35.2447667104,129.2375894964,,한전주,051-709-4684,부산광역시 기장군청,2025-11-17
기장읍죽성리-11,1,,부산광역시 기장군 기장읍 죽성리 산 35-41,35.2443649773,129.2382326278,,한전주,051-709-4684,부산광역시 기장군청,2025-11-17
기장읍죽성리-12,1,,부산광역시 기장군 기장읍 죽성리 산 39,35.240675932,129.2395768134,,한전주,051-709-4684,부산광역시 기장군청,2025-11-17
기장읍죽성리-13,1,,부산광역시 기장군 기장읍 죽성리 산 39,35.24061966,129.2395768134,,한전주,051-709-4684,부산광역시 기장군청,2025-11-17
기장읍죽성리-14,1,,부산광역시 기장군 기장읍 죽성리 513-9,35.2395376851,129.2409668,,전용주,051-709-4684,부산광역시 기장군청,2025-11-17
기장읍죽성리-14-114임시보안등,1,,부산광역시 기장군 기장읍 죽성리 762-1,35.2471622775,129.2388411595,2025,,051-709-4684,부산광역시 기장군청,2025-11-17
기장읍죽성리-15,1,,부산광역시 기장군 기장읍 죽성리 381,35.2382212547,129.242479331,,한전주,051-709-4684,부산광역시 기장군청,2025-11-17
기장읍죽성리-16,1,,부산광역시 기장군 기장읍 죽성리 481,35.2380504472,129.2418415025,,전용주,051-709-4684,부산광역시 기장군청,2025-11-17
기장읍죽성리-17,1,,부산광역시 기장군 기장읍 죽성리 481-1,35.23774432,129.2416998,,한전주,051-709-4684,부산광역시 기장군청,2025-11-17
기장읍죽성리-18,1,,부산광역시 기장군 기장읍 죽성리 428,35.237203302,129.2420674789,,전용주,051-709-4684,부산광역시 기장군청,2025-11-17
기장읍죽성리-19,1,,부산광역시 기장군 기장읍 죽성리 383,35.2375970406,129.2426252823,,전용주,051-709-4684,부산광역시 기장군청,2025-11-17
기장읍죽성리-20,1,,부산광역시 기장군 기장읍 죽성리 385-3,35.23746109,129.2423116,,한전주,051-709-4684,부산광역시 기장군청,2025-11-17
기장읍죽성리-21,1,,부산광역시 기장군 기장읍 죽성리 154-15,35.2378887229,129.2429962,,전용주,051-709-4684,부산광역시 기장군청,2025-11-17
기장읍죽성리-22,1,,부산광역시 기장군 기장읍 죽성리 385-4,35.23724217,129.2424011,,한전주,051-709-4684,부산광역시 기장군청,2025-11-17
기장읍죽성리-23,1,,부산광역시 기장군 기장읍 죽성리 425-2,35.2368037651,129.2420959,,한전주,051-709-4684,부산광역시 기장군청,2025-11-17
기장읍죽성리-24,1,,부산광역시 기장군 기장읍 죽성리 396,35.2358108111,129.2427526306,,한전주,051-709-4684,부산광역시 기장군청,2025-11-17
기장읍죽성리-25,1,,부산광역시 기장군 기장읍 죽성리 401,35.23549247,129.2429569,,한전주,051-709-4684,부산광역시 기장군청,2025-11-17
기장읍죽성리-26,1,,부산광역시 기장군 기장읍 죽성리 402-19,35.2352667143,129.2432861,,한전주,051-709-4684,부산광역시 기장군청,2025-11-17
기장읍죽성리-27,1,,부산광역시 기장군 기장읍 죽성리 402-19,35.2352667143,129.2432988506,,한전주,051-709-4684,부산광역시 기장군청,2025-11-17
기장읍죽성리-28,1,,부산광역시 기장군 기장읍 죽성리 402-5,35.2348535495,129.2433523003,,한전주,051-709-4684,부산광역시 기장군청,2025-11-17
기장읍죽성리-29,1,,부산광역시 기장군 기장읍 죽성리 402-18,35.2351113277,129.243434139,,전용주,051-709-4684,부산광역시 기장군청,2025-11-17
기장읍죽성리-30,1,,부산광역시 기장군 기장읍 죽성리 402-27,35.2338265426,129.2443320614,,한전주,051-709-4684,부산광역시 기장군청,2025-11-17
기장읍죽성리-31,1,,부산광역시 기장군 기장읍 죽성리 408-4,35.23384857,129.2443835632,,한전주,051-709-4684,부산광역시 기장군청,2025-11-17
기장읍죽성리-32,1,,부산광역시 기장군 기장읍 죽성리 402-27,35.2338265426,129.2443320614,,한전주,051-709-4684,부산광역시 기장군청,2025-11-17
기장읍죽성리-33,1,,부산광역시 기장군 기장읍 죽성리 409-2,35.23315811,129.2445758629,,한전주,051-709-4684,부산광역시 기장군청,2025-11-17
기장읍죽성리-34,1,,부산광역시 기장군 기장읍 죽성리 410-5,35.2329484237,129.2441795562,,한전주,051-709-4684,부산광역시 기장군청,2025-11-17
기장읍죽성리-35,1,,부산광역시 기장군 기장읍 죽성리 410-3,35.2325612148,129.2427573178,,한전주,051-709-4684,부산광역시 기장군청,2025-11-17
기장읍죽성리-36,1,,부산광역시 기장군 기장읍 죽성리 산 65,35.2315744511,129.2426787481,,한전주,051-709-4684,부산광역시 기장군청,2025-11-17
기장읍죽성리-37,1,,부산광역시 기장군 기장읍 죽성리 산 65,35.2315744511,129.2426787481,,한전주,051-709-4684,부산광역시 기장군청,2025-11-17
기장읍죽성리-38,1,,부산광역시 기장군 기장읍 죽성리 380-4,35.2385824051,129.2425537,,한전주,051-709-4684,부산광역시 기장군청,2025-11-17
기장읍죽성리-39,1,,부산광역시 기장군 기장읍 죽성리 513-2,35.2388710338,129.2423096,,한전주,051-709-4684,부산광역시 기장군청,2025-11-17
기장읍죽성리-40,1,,부산광역시 기장군 기장읍 죽성리 537-5,35.2401780621,129.2415211611,,한전주,051-709-4684,부산광역시 기장군청,2025-11-17
기장읍죽성리-46,1,,부산광역시 기장군 기장읍 죽성리 541-1,35.2395862142,129.2415161,,한전주,051-709-4684,부산광역시 기장군청,2025-11-17
기장읍죽성리-50,1,,부산광역시 기장군 기장읍 죽성리 370-2,35.2390417538,129.2433568204,,한전주,051-709-4684,부산광역시 기장군청,2025-11-17
기장읍죽성리-51,1,,부산광역시 기장군 기장읍 죽성리 942-16,35.2391033672,129.2430627445,,한전주,051-709-4684,부산광역시 기장군청,2025-11-17
기장읍죽성리-52,1,,부산광역시 기장군 기장읍 죽성리 379-8,35.23897171,129.2428408603,,건축물,051-709-4684,부산광역시 기장군청,2025-11-17
기장읍죽성리-53,1,,부산광역시 기장군 기장읍 죽성리 154-11,35.2378015341,129.2430769128,,한전주,051-709-4684,부산광역시 기장군청,2025-11-17
기장읍죽성리-54,1,,부산광역시 기장군 기장읍 죽성리 360-1,35.23872259,129.2438565,,한전주,051-709-4684,부산광역시 기장군청,2025-11-17
기장읍죽성리-55,1,,부산광역시 기장군 기장읍 죽성리 320-1,35.23902612,129.244278,,한전주,051-709-4684,부산광역시 기장군청,2025-11-17
기장읍죽성리-58,1,,부산광역시 기장군 기장읍 죽성리 297-2,35.23946762,129.2436523,,한전주,051-709-4684,부산광역시 기장군청,2025-11-17
기장읍죽성리-59,1,,부산광역시 기장군 기장읍 죽성리 357,35.23848343,129.2440773,,전용주,051-709-4684,부산광역시 기장군청,2025-11-17
기장읍죽성리-60,1,,부산광역시 기장군 기장읍 죽성리 154-17,35.238383103,129.2437388214,,전용주,051-709-4684,부산광역시 기장군청,2025-11-17
기장읍죽성리-61,1,,부산광역시 기장군 기장읍 죽성리 154-17,35.23830032,129.2437592,,한전주,051-709-4684,부산광역시 기장군청,2025-11-17
기장읍죽성리-62,1,,부산광역시 기장군 기장읍 죽성리 344,35.23859262,129.244781,,한전주,051-709-4684,부산광역시 기장군청,2025-11-17
기장읍죽성리-63,1,,부산광역시 기장군 기장읍 죽성리 352-1,35.23861694,129.2443542,,전용주,051-709-4684,부산광역시 기장군청,2025-11-17
기장읍죽성리-64,1,,부산광역시 기장군 기장읍 죽성리 361,35.23899078,129.2445831,,한전주,051-709-4684,부산광역시 기장군청,2025-11-17
기장읍죽성리-65,1,,부산광역시 기장군 기장읍 죽성리 346,35.23888812,129.2446681,,한전주,051-709-4684,부산광역시 기장군청,2025-11-17
기장읍죽성리-66,1,,부산광역시 기장군 기장읍 죽성리 327-1,35.23912048,129.2449887968,,한전주,051-709-4684,부산광역시 기장군청,2025-11-17
기장읍죽성리-67,1,,부산광역시 기장군 기장읍 죽성리 326-3,35.23922348,129.2453918,,한전주,051-709-4684,부산광역시 기장군청,2025-11-17
기장읍죽성리-68,1,,부산광역시 기장군 기장읍 죽성리 331-1,35.23926926,129.2455597,,전용주,051-709-4684,부산광역시 기장군청,2025-11-17
기장읍죽성리-69,1,,부산광역시 기장군 기장읍 죽성리 180-1,35.2394104,129.2457252,,한전주,051-709-4684,부산광역시 기장군청,2025-11-17
기장읍죽성리-70,1,,부산광역시 기장군 기장읍 죽성리 175,35.23919519,129.2466164,,한전주,051-709-4684,부산광역시 기장군청,2025-11-17
기장읍죽성리-71,1,,부산광역시 기장군 기장읍 죽성리 332-2,35.23910904,129.2459564,,전용주,051-709-4684,부산광역시 기장군청,2025-11-17
기장읍죽성리-72,1,,부산광역시 기장군 기장읍 죽성리 176,35.2394303541,129.2463379,,전용주,051-709-4684,부산광역시 기장군청,2025-11-17
기장읍죽성리-73,1,,부산광역시 기장군 기장읍 죽성리 176,35.23947906,129.2463926649,,전용주,051-709-4684,부산광역시 기장군청,2025-11-17
기장읍죽성리-74,1,,부산광역시 기장군 기장읍 죽성리 30-42,35.2389450119,129.2461696242,,한전주,051-709-4684,부산광역시 기장군청,2025-11-17
기장읍죽성리-76,1,,부산광역시 기장군 기장읍 죽성리 30-36,35.2408779536,129.248279738,,한전주,051-709-4684,부산광역시 기장군청,2025-11-17
기장읍죽성리-77,1,,부산광역시 기장군 기장읍 죽성리 134-6,35.2400322,129.2480130184,,한전주,051-709-4684,부산광역시 기장군청,2025-11-17
기장읍죽성리-80,1,,부산광역시 기장군 기장읍 죽성리 160-2,35.2401632019,129.2473683257,,전용주,051-709-4684,부산광역시 기장군청,2025-11-17
기장읍죽성리-81,1,,부산광역시 기장군 기장읍 죽성리 161,35.24024582,129.2473592061,,전용주,051-709-4684,부산광역시 기장군청,2025-11-17
기장읍죽성리-84,1,,부산광역시 기장군 기장읍 죽성리 163-6,35.240235229,129.2469040429,,한전주,051-709-4684,부산광역시 기장군청,2025-11-17
기장읍죽성리-85,1,,부산광역시 기장군 기장읍 죽성리 188-4,35.2398849612,129.2461650956,,한전주,051-709-4684,부산광역시 기장군청,2025-11-17
기장읍죽성리-86,1,,부산광역시 기장군 기장읍 죽성리 164-10,35.23997498,129.2466125,,건축물,051-709-4684,부산광역시 기장군청,2025-11-17
기장읍죽성리-87,1,,부산광역시 기장군 기장읍 죽성리 178-2,35.23953612,129.2462921,,한전주,051-709-4684,부산광역시 기장군청,2025-11-17
기장읍죽성리-88,1,,부산광역시 기장군 기장읍 죽성리 177-5,35.23935196,129.2462342,,전용주,051-709-4684,부산광역시 기장군청,2025-11-17
기장읍죽성리-90,1,,부산광역시 기장군 기장읍 죽성리 185-5,35.24022293,129.245835791,,한전주,051-709-4684,부산광역시 기장군청,2025-11-17
기장읍죽성리-91,1,,부산광역시 기장군 기장읍 죽성리 246,35.2405203778,129.2455932129,,한전주,051-709-4684,부산광역시 기장군청,2025-11-17
기장읍죽성리-92,1,,부산광역시 기장군 기장읍 죽성리 308-2,35.2404606772,129.2448883,,한전주,051-709-4684,부산광역시 기장군청,2025-11-17
기장읍죽성리-97,1,,부산광역시 기장군 기장읍 죽성리 134-10,35.2405469261,129.2481201919,,한전주,051-709-4684,부산광역시 기장군청,2025-11-17
기장읍죽성리-98,1,,부산광역시 기장군 기장읍 죽성리 212-1,35.2410062805,129.2478128107,,전용주,051-709-4684,부산광역시 기장군청,2025-11-17
기장읍죽성리-99,1,,부산광역시 기장군 기장읍 죽성리 210,35.24107295,129.2474063,,한전주,051-709-4684,부산광역시 기장군청,2025-11-17
기장읍죽성리-100,1,,부산광역시 기장군 기장읍 죽성리 194-1,35.24092102,129.2468632976,,건축물,051-709-4684,부산광역시 기장군청,2025-11-17
기장읍죽성리-101,1,,부산광역시 기장군 기장읍 죽성리 194-1,35.24097443,129.2468719,,건축물,051-709-4684,부산광역시 기장군청,2025-11-17
기장읍죽성리-102,1,,부산광역시 기장군 기장읍 죽성리 223-2,35.24103252,129.2468905,,한전주,051-709-4684,부산광역시 기장군청,2025-11-17
기장읍죽성리-103,1,,부산광역시 기장군 기장읍 죽성리 229,35.2414607958,129.246994,,전용주,051-709-4684,부산광역시 기장군청,2025-11-17
기장읍죽성리-104,1,,부산광역시 기장군 기장읍 죽성리 123,35.24153519,129.2467827833,,전용주,051-709-4684,부산광역시 기장군청,2025-11-17
기장읍죽성리-105,1,,부산광역시 기장군 기장읍 죽성리 120,35.2416153945,129.2465682394,,한전주,051-709-4684,부산광역시 기장군청,2025-11-17
기장읍죽성리-106,1,,부산광역시 기장군 기장읍 죽성리 30-37,35.24175644,129.2471166679,,전용주,051-709-4684,부산광역시 기장군청,2025-11-17
기장읍죽성리-107,1,,부산광역시 기장군 기장읍 죽성리 234-1,35.2413523768,129.2460050835,,한전주,051-709-4684,부산광역시 기장군청,2025-11-17
기장읍죽성리-108,1,,부산광역시 기장군 기장읍 죽성리 233-2,35.24131393,129.2462761734,,전용주,051-709-4684,부산광역시 기장군청,2025-11-17
기장읍죽성리-109,1,,부산광역시 기장군 기장읍 죽성리 241-5,35.24095917,129.2466445,,건축물,051-709-4684,부산광역시 기장군청,2025-11-17
기장읍죽성리-110,1,,부산광역시 기장군 기장읍 죽성리 241-7,35.2408254,129.2466498,,건축물,051-709-4684,부산광역시 기장군청,2025-11-17
기장읍죽성리-112,1,,부산광역시 기장군 기장읍 죽성리 113-2,35.24151993,129.245575,,한전주,051-709-4684,부산광역시 기장군청,2025-11-17
기장읍죽성리-113,1,,부산광역시 기장군 기장읍 죽성리 113-4,35.24161148,129.2451324,,한전주,051-709-4684,부산광역시 기장군청,2025-11-17
기장읍죽성리-114,1,,부산광역시 기장군 기장읍 죽성리 108,35.2414555133,129.2445854586,,한전주,051-709-4684,부산광역시 기장군청,2025-11-17
기장읍죽성리-115,1,,부산광역시 기장군 기장읍 죽성리 263,35.2412230726,129.2443095674,,한전주,051-709-4684,부산광역시 기장군청,2025-11-17
기장읍죽성리-116,1,,부산광역시 기장군 기장읍 죽성리 264,35.2414104069,129.2442305102,,한전주,051-709-4684,부산광역시 기장군청,2025-11-17
기장읍죽성리-117,1,,부산광역시 기장군 기장읍 죽성리 280,35.2406996036,129.2433543151,,한전주,051-709-4684,부산광역시 기장군청,2025-11-17
기장읍죽성리-118,1,,부산광역시 기장군 기장읍 죽성리 305,35.2406343497,129.2438200573,,한전주,051-709-4684,부산광역시 기장군청,2025-11-17
기장읍죽성리-119,1,,부산광역시 기장군 기장읍 죽성리 304-1,35.2403969675,129.2435946938,,한전주,051-709-4684,부산광역시 기장군청,2025-11-17
기장읍죽성리-120,1,,부산광역시 기장군 기장읍 죽성리 109-3,35.2418099643,129.2448425,,한전주,051-709-4684,부산광역시 기장군청,2025-11-17
기장읍죽성리-121,1,,부산광역시 기장군 기장읍 죽성리 102-1,35.2421436702,129.2446289,,한전주,051-709-4684,부산광역시 기장군청,2025-11-17
기장읍죽성리-122,1,,부산광역시 기장군 기장읍 죽성리 86-3,35.24222565,129.2443919405,,한전주,051-709-4684,부산광역시 기장군청,2025-11-17
기장읍죽성리-123,1,,부산광역시 기장군 기장읍 죽성리 84-19,35.2424642853,129.2447662,,한전주,051-709-4684,부산광역시 기장군청,2025-11-17
기장읍죽성리-124,1,,부산광역시 기장군 기장읍 죽성리 30-24,35.242843447,129.2447822959,,한전주,051-709-4684,부산광역시 기장군청,2025-11-17
기장읍죽성리-125,1,,부산광역시 기장군 기장읍 죽성리 286-6,35.24155807,129.2458954,,건축물,051-709-4684,부산광역시 기장군청,2025-11-17
기장읍죽성리-126,1,,부산광역시 기장군 기장읍 죽성리 120-7,35.24180222,129.2456648823,,전용주,051-709-4684,부산광역시 기장군청,2025-11-17
기장읍죽성리-127,1,,부산광역시 기장군 기장읍 죽성리 111-4,35.24174118,129.2453156,,전용주,051-709-4684,부산광역시 기장군청,2025-11-17
기장읍죽성리-128,1,,부산광역시 기장군 기장읍 죽성리 82-6,35.2429558126,129.2445676841,,전용주,051-709-4684,부산광역시 기장군청,2025-11-17
기장읍죽성리-129,1,,부산광역시 기장군 기장읍 죽성리 82-6,35.2429558126,129.2445676841,,건축물,051-709-4684,부산광역시 기장군청,2025-11-17
기장읍죽성리-130,1,,부산광역시 기장군 기장읍 죽성리 82-12,35.24282837,129.2442474,,건축물,051-709-4684,부산광역시 기장군청,2025-11-17
기장읍죽성리-131,1,,부산광역시 기장군 기장읍 죽성리 30-24,35.242843447,129.2447822959,,한전주,051-709-4684,부산광역시 기장군청,2025-11-17
기장읍죽성리-132,1,,부산광역시 기장군 기장읍 죽성리 30-16,35.2435666779,129.2442374268,,한전주,051-709-4684,부산광역시 기장군청,2025-11-17
기장읍죽성리-133,1,,부산광역시 기장군 기장읍 죽성리 30-1,35.24382401,129.2442322,,전용주,051-709-4684,부산광역시 기장군청,2025-11-17
기장읍죽성리-134,1,,부산광역시 기장군 기장읍 죽성리 31-1,35.2436557471,129.2439575,,한전주,051-709-4684,부산광역시 기장군청,2025-11-17
기장읍죽성리-135,1,,부산광역시 기장군 기장읍 죽성리 31-2,35.24348068,129.2439713666,,전용주,051-709-4684,부산광역시 기장군청,2025-11-17
기장읍죽성리-136,1,,부산광역시 기장군 기장읍 죽성리 30-10,35.24394226,129.2441412325,,전용주,051-709-4684,부산광역시 기장군청,2025-11-17
기장읍죽성리-137,1,,부산광역시 기장군 기장읍 죽성리 30-6,35.2437614889,129.2443496729,,전용주,051-709-4684,부산광역시 기장군청,2025-11-17
기장읍죽성리-138,1,,부산광역시 기장군 기장읍 죽성리 41-3,35.24425888,129.2439423,,전용주,051-709-4684,부산광역시 기장군청,2025-11-17
기장읍죽성리-139,1,,부산광역시 기장군 기장읍 죽성리 41-2,35.24443436,129.2436523,,한전주,051-709-4684,부산광역시 기장군청,2025-11-17
기장읍죽성리-140,1,,부산광역시 기장군 기장읍 죽성리 42-1,35.2444586983,129.2435569369,,한전주,051-709-4684,부산광역시 기장군청,2025-11-17
기장읍죽성리-141,1,,부산광역시 기장군 기장읍 죽성리 45-1,35.2447432687,129.2430518505,,한전주,051-709-4684,부산광역시 기장군청,2025-11-17
기장읍죽성리-142,1,,부산광역시 기장군 기장읍 죽성리 26,35.2451446101,129.2424797167,,전용주,051-709-4684,부산광역시 기장군청,2025-11-17
기장읍죽성리-143,1,,부산광역시 기장군 기장읍 죽성리 84,35.24250031,129.2442429873,,한전주,051-709-4684,부산광역시 기장군청,2025-11-17
기장읍죽성리-144,1,,부산광역시 기장군 기장읍 죽성리 84,35.2425845257,129.2442429873,,전용주,051-709-4684,부산광역시 기장군청,2025-11-17
기장읍죽성리-145,1,,부산광역시 기장군 기장읍 죽성리 82-1,35.2431090552,129.2440491,,한전주,051-709-4684,부산광역시 기장군청,2025-11-17
기장읍죽성리-146,1,,부산광역시 기장군 기장읍 죽성리 34-4,35.2434824842,129.2436536494,,한전주,051-709-4684,부산광역시 기장군청,2025-11-17
기장읍죽성리-147,1,,부산광역시 기장군 기장읍 죽성리 31-1,35.24362183,129.2439195841,,한전주,051-709-4684,부산광역시 기장군청,2025-11-17
기장읍죽성리-148,1,,부산광역시 기장군 기장읍 죽성리 34-4,35.2434824842,129.2436523,,한전주,051-709-4684,부산광역시 기장군청,2025-11-17
기장읍죽성리-149,1,,부산광역시 기장군 기장읍 죽성리 36-6,35.24379349,129.2434845,,한전주,051-709-4684,부산광역시 기장군청,2025-11-17
기장읍죽성리-150,1,,부산광역시 기장군 기장읍 죽성리 36-6,35.2437545966,129.2434692,,한전주,051-709-4684,부산광역시 기장군청,2025-11-17
기장읍죽성리-151,1,,부산광역시 기장군 기장읍 죽성리 43-5,35.24404907,129.2432251,,한전주,051-709-4684,부산광역시 기장군청,2025-11-17
기장읍죽성리-152,1,,부산광역시 기장군 기장읍 죽성리 47-2,35.24444962,129.2428894,,한전주,051-709-4684,부산광역시 기장군청,2025-11-17
기장읍죽성리-153,1,,부산광역시 기장군 기장읍 죽성리 49,35.2442370002,129.2428284,,한전주,051-709-4684,부산광역시 기장군청,2025-11-17
기장읍죽성리-154,1,,부산광역시 기장군 기장읍 죽성리 47-5,35.2445903821,129.2424164,,한전주,051-709-4684,부산광역시 기장군청,2025-11-17
기장읍죽성리-155,1,,부산광역시 기장군 기장읍 죽성리 46-2,35.244888172,129.2420197,,전용주,051-709-4684,부산광역시 기장군청,2025-11-17
기장읍죽성리-156,1,,부산광역시 기장군 기장읍 죽성리 735-1,35.2453599954,129.2422188644,,한전주,051-709-4684,부산광역시 기장군청,2025-11-17
기장읍죽성리-157,1,,부산광역시 기장군 기장읍 죽성리 732-1,35.2453482676,129.2418823,,한전주,051-709-4684,부산광역시 기장군청,2025-11-17
기장읍죽성리-158,1,,부산광역시 기장군 기장읍 죽성리 728,35.24591219,129.241684,,전용주,051-709-4684,부산광역시 기장군청,2025-11-17
기장읍죽성리-159,1,,부산광역시 기장군 기장읍 죽성리 741,35.2462459063,129.2419564289,,한전주,051-709-4684,부산광역시 기장군청,2025-11-17
기장읍죽성리-160,1,,부산광역시 기장군 기장읍 죽성리 742,35.24629974,129.2422136669,,한전주,051-709-4684,부산광역시 기장군청,2025-11-17
기장읍죽성리-161,1,,부산광역시 기장군 기장읍 죽성리 738-2,35.2459211897,129.242064908,,한전주,051-709-4684,부산광역시 기장군청,2025-11-17
기장읍죽성리-162,1,,부산광역시 기장군 기장읍 죽성리 738-2,35.2459211897,129.242064908,,한전주,051-709-4684,부산광역시 기장군청,2025-11-17
기장읍죽성리-163,1,,부산광역시 기장군 기장읍 죽성리 660-4,35.24486923,129.2418518,,한전주,051-709-4684,부산광역시 기장군청,2025-11-17
기장읍죽성리-164,1,,부산광역시 기장군 기장읍 죽성리 673-1,35.2447295094,129.2397476594,,한전주,051-709-4684,부산광역시 기장군청,2025-11-17
기장읍죽성리-165,1,,부산광역시 기장군 기장읍 죽성리 678-1,35.24456024,129.2387920067,,한전주,051-709-4684,부산광역시 기장군청,2025-11-17
기장읍죽성리-166,1,,부산광역시 기장군 기장읍 죽성리 58,35.2432169232,129.2430963665,,한전주,051-709-4684,부산광역시 기장군청,2025-11-17
기장읍죽성리-167,1,,부산광역시 기장군 기장읍 죽성리 154-20,35.23832703,129.2449874031,,한전주,051-709-4684,부산광역시 기장군청,2025-11-17
기장읍죽성리-168,1,,부산광역시 기장군 기장읍 죽성리 622,35.24323273,129.2392743735,,한전주,051-709-4684,부산광역시 기장군청,2025-11-17
기장읍청강리-1,1,,부산광역시 기장군 기장읍 청강리 24-1,35.24359286,129.2192907,,한전주,051-709-4684,부산광역시 기장군청,2025-11-17
기장읍청강리-2,1,,부산광역시 기장군 기장읍 청강리 16-18,35.24288559,129.2202826373,,한전주,051-709-4684,부산광역시 기장군청,2025-11-17
기장읍청강리-3,1,,부산광역시 기장군 기장읍 청강리 7,35.24337137,129.2215288,,전용주,051-709-4684,부산광역시 기장군청,2025-11-17
기장읍청강리-4,1,,부산광역시 기장군 기장읍 청강리 16-15,35.2428894,129.2201462,,한전주,051-709-4684,부산광역시 기장군청,2025-11-17
기장읍청강리-5,1,,부산광역시 기장군 기장읍 청강리 28-4,35.2430360112,129.2197113,,한전주,051-709-4684,부산광역시 기장군청,2025-11-17
기장읍청강리-6,1,,부산광역시 기장군 기장읍 청강리 26-3,35.24296951,129.2194366,,전용주,051-709-4684,부산광역시 기장군청,2025-11-17
기장읍청강리-7,1,,부산광역시 기장군 기장읍 청강리 55-3,35.24112701,129.2190247,,한전주,051-709-4684,부산광역시 기장군청,2025-11-17
기장읍청강리-8,1,,부산광역시 기장군 기장읍 청강리 55-1,35.24128726,129.2191331,,한전주,051-709-4684,부산광역시 기장군청,2025-11-17
기장읍청강리-9,1,,부산광역시 기장군 기장읍 청강리 90-67,35.24013901,129.2174377,,한전주,051-709-4684,부산광역시 기장군청,2025-11-17
기장읍청강리-10,1,,부산광역시 기장군 기장읍 청강리 90-8,35.24027445,129.2176216,,한전주,051-709-4684,부산광역시 기장군청,2025-11-17
기장읍청강리-11,1,,부산광역시 기장군 기장읍 청강리 54-27,35.24045563,129.2179871,,전용주,051-709-4684,부산광역시 기장군청,2025-11-17
기장읍청강리-12,1,,부산광역시 기장군 기장읍 청강리 54-7,35.24066925,129.2181549,,전용주,051-709-4684,부산광역시 기장군청,2025-11-17
기장읍청강리-13,1,,부산광역시 기장군 기장읍 청강리 54-10,35.24079776,129.2180969,,전용주,051-709-4684,부산광역시 기장군청,2025-11-17
기장읍청강리-14,1,,부산광역시 기장군 기장읍 청강리 54-7,35.240605408,129.2181231795,,전용주,051-709-4684,부산광역시 기장군청,2025-11-17
기장읍청강리-16,1,,부산광역시 기장군 기장읍 청강리 69-5,35.2392429344,129.2179530498,,한전주,051-709-4684,부산광역시 기장군청,2025-11-17
기장읍청강리-17,1,,부산광역시 기장군 기장읍 청강리 69-5,35.2392429344,129.2179718,,한전주,051-709-4684,부산광역시 기장군청,2025-11-17
기장읍청강리-19,1,,부산광역시 기장군 기장읍 청강리 84,35.23954172,129.2178153,,한전주,051-709-4684,부산광역시 기장군청,2025-11-17
기장읍청강리-21,1,,부산광역시 기장군 기장읍 청강리 87-1,35.23915863,129.217426058,,전용주,051-709-4684,부산광역시 기장군청,2025-11-17
기장읍청강리-22,1,,부산광역시 기장군 기장읍 청강리 100-2,35.23859222,129.2167358,,전용주,051-709-4684,부산광역시 기장군청,2025-11-17
기장읍청강리-23,1,,부산광역시 기장군 기장읍 청강리 98-2,35.2384043196,129.2169495,,한전주,051-709-4684,부산광역시 기장군청,2025-11-17
기장읍청강리-24,1,,부산광역시 기장군 기장읍 청강리 90-4,35.23879242,129.2168392791,,한전주,051-709-4684,부산광역시 기장군청,2025-11-17
기장읍청강리-25,1,,부산광역시 기장군 기장읍 청강리 100-2,35.23859222,129.2167233,,전용주,051-709-4684,부산광역시 기장군청,2025-11-17
기장읍청강리-26,1,,부산광역시 기장군 기장읍 청강리 101-2,35.23800659,129.2170105,,한전주,051-709-4684,부산광역시 기장군청,2025-11-17
기장읍청강리-31,1,,부산광역시 기장군 기장읍 청강리 268-1,35.2377873273,129.2166843431,,한전주,051-709-4684,부산광역시 기장군청,2025-11-17
기장읍청강리-32,1,,부산광역시 기장군 기장읍 청강리 268-9,35.2377873273,129.2166843431,,한전주,051-709-4684,부산광역시 기장군청,2025-11-17
기장읍청강리-33,1,,부산광역시 기장군 기장읍 청강리 268-7,35.23787308,129.2162781,,전용주,051-709-4684,부산광역시 기장군청,2025-11-17
기장읍청강리-34,1,,부산광역시 기장군 기장읍 청강리 99-4,35.23801041,129.216474,,건축물,051-709-4684,부산광역시 기장군청,2025-11-17
기장읍청강리-35,1,,부산광역시 기장군 기장읍 청강리 99-3,35.23824692,129.2165513,,한전주,051-709-4684,부산광역시 기장군청,2025-11-17
기장읍청강리-36,1,,부산광역시 기장군 기장읍 청강리 54-12,35.24100876,129.2180328,,한전주,051-709-4684,부산광역시 기장군청,2025-11-17
기장읍청강리-37,1,,부산광역시 기장군 기장읍 청강리 57-7,35.24095917,129.2190740372,,전용주,051-709-4684,부산광역시 기장군청,2025-11-17
기장읍청강리-38,1,,부산광역시 기장군 기장읍 청강리 165-24,35.2384678692,129.2218118502,,한전주,051-709-4684,부산광역시 기장군청,2025-11-17
기장읍청강리-39,1,,부산광역시 기장군 기장읍 청강리 60-19,35.2404350362,129.219696,,전용주,051-709-4684,부산광역시 기장군청,2025-11-17
기장읍청강리-40,1,,부산광역시 기장군 기장읍 청강리 64-1,35.23996383,129.2197266,,한전주,051-709-4684,부산광역시 기장군청,2025-11-17
기장읍청강리-41,1,,부산광역시 기장군 기장읍 청강리 64-13,35.23970795,129.2195129,,한전주,051-709-4684,부산광역시 기장군청,2025-11-17
기장읍청강리-42,1,,부산광역시 기장군 기장읍 청강리 65-1,35.2394989,129.2195652,,전용주,051-709-4684,부산광역시 기장군청,2025-11-17
기장읍청강리-43,1,,부산광역시 기장군 기장읍 청강리 111-8,35.2394525949,129.2197876,,전용주,051-709-4684,부산광역시 기장군청,2025-11-17
기장읍청강리-44,1,,부산광역시 기장군 기장읍 청강리 273-10,35.239893077,129.2188873,,건축물,051-709-4684,부산광역시 기장군청,2025-11-17
기장읍청강리-45,1,,부산광역시 기장군 기장읍 청강리 263,35.24005127,129.2189105949,,한전주,051-709-4684,부산광역시 기장군청,2025-11-17
기장읍청강리-46,1,,부산광역시 기장군 기장읍 청강리 795-6,35.24017282,129.2194194,,한전주,051-709-4684,부산광역시 기장군청,2025-11-17
기장읍청강리-47,1,,부산광역시 기장군 기장읍 청강리 273-8,35.239651026,129.2188569046,,한전주,051-709-4684,부산광역시 기장군청,2025-11-17
기장읍청강리-48,1,,부산광역시 기장군 기장읍 청강리 273-7,35.2393876512,129.21882128,,한전주,051-709-4684,부산광역시 기장군청,2025-11-17
기장읍청강리-49,1,,부산광역시 기장군 기장읍 청강리 29-10,35.23917389,129.2184296,,한전주,051-709-4684,부산광역시 기장군청,2025-11-17
기장읍청강리-50,1,,부산광역시 기장군 기장읍 청강리 795-31,35.2391414607,129.2193345414,,한전주,051-709-4684,부산광역시 기장군청,2025-11-17
기장읍청강리-51,1,,부산광역시 기장군 기장읍 청강리 795-31,35.2391414607,129.2193345414,,한전주,051-709-4684,부산광역시 기장군청,2025-11-17
기장읍청강리-52,1,,부산광역시 기장군 기장읍 청강리 109,35.23884741,129.2193909,,전용주,051-709-4684,부산광역시 기장군청,2025-11-17
기장읍청강리-53,1,,부산광역시 기장군 기장읍 청강리 111-9,35.23923031,129.2195282,,전용주,051-709-4684,부산광역시 기장군청,2025-11-17
기장읍청강리-54,1,,부산광역시 기장군 기장읍 청강리 65,35.2395193166,129.2194085813,,한전주,051-709-4684,부산광역시 기장군청,2025-11-17
기장읍청강리-55,1,,부산광역시 기장군 기장읍 청강리 264-1,35.2397348736,129.219223,,전용주,051-709-4684,부산광역시 기장군청,2025-11-17
기장읍청강리-56,1,,부산광역시 기장군 기장읍 청강리 290-11,35.2387633911,129.2190094,,한전주,051-709-4684,부산광역시 기장군청,2025-11-17
기장읍청강리-57,1,,부산광역시 기장군 기장읍 청강리 278-1,35.2388465167,129.2186401337,,한전주,051-709-4684,부산광역시 기장군청,2025-11-17
기장읍청강리-58,1,,부산광역시 기장군 기장읍 청강리 278-12,35.2389025094,129.2185007401,,한전주,051-709-4684,부산광역시 기장군청,2025-11-17
기장읍청강리-59,1,,부산광역시 기장군 기장읍 청강리 278-12,35.2389025094,129.2185007401,,한전주,051-709-4684,부산광역시 기장군청,2025-11-17
기장읍청강리-60,1,,부산광역시 기장군 기장읍 청강리 278-8,35.2387135907,129.2181702,,한전주,051-709-4684,부산광역시 기장군청,2025-11-17
기장읍청강리-61,1,,부산광역시 기장군 기장읍 청강리 278-8,35.2387135907,129.2181542243,,한전주,051-709-4684,부산광역시 기장군청,2025-11-17
기장읍청강리-62,1,,부산광역시 기장군 기장읍 청강리 294-1,35.2381448847,129.2177277,,한전주,051-709-4684,부산광역시 기장군청,2025-11-17
기장읍청강리-63,1,,부산광역시 기장군 기장읍 청강리 294-6,35.23796082,129.2175183817,,한전주,051-709-4684,부산광역시 기장군청,2025-11-17
기장읍청강리-64,1,,부산광역시 기장군 기장읍 청강리 295,35.2374638703,129.2175620071,,한전주,051-709-4684,부산광역시 기장군청,2025-11-17
기장읍청강리-65,1,,부산광역시 기장군 기장읍 청강리 297,35.2370018383,129.2174651833,,한전주,051-709-4684,부산광역시 기장군청,2025-11-17
기장읍청강리-66,1,,부산광역시 기장군 기장읍 청강리 298-8,35.2364360268,129.2175093056,,한전주,051-709-4684,부산광역시 기장군청,2025-11-17
기장읍청강리-67,1,,부산광역시 기장군 기장읍 청강리 298-11,35.23681641,129.2177214263,,한전주,051-709-4684,부산광역시 기장군청,2025-11-17
기장읍청강리-68,1,,부산광역시 기장군 기장읍 청강리 291-14,35.23723984,129.2179685667,,한전주,051-709-4684,부산광역시 기장군청,2025-11-17
기장읍청강리-69,1,,부산광역시 기장군 기장읍 청강리 291-13,35.2373959368,129.2180176,,한전주,051-709-4684,부산광역시 기장군청,2025-11-17
기장읍청강리-70,1,,부산광역시 기장군 기장읍 청강리 291-8,35.2376962431,129.2183400297,,한전주,051-709-4684,부산광역시 기장군청,2025-11-17
기장읍청강리-71,1,,부산광역시 기장군 기장읍 청강리 291-9,35.23799515,129.2183934649,,한전주,051-709-4684,부산광역시 기장군청,2025-11-17
기장읍청강리-72,1,,부산광역시 기장군 기장읍 청강리 278-5,35.23820496,129.2182007226,,한전주,051-709-4684,부산광역시 기장군청,2025-11-17
기장읍청강리-73,1,,부산광역시 기장군 기장읍 청강리 290-7,35.2380794429,129.2185211,,한전주,051-709-4684,부산광역시 기장군청,2025-11-17
기장읍청강리-74,1,,부산광역시 기장군 기장읍 청강리 290-9,35.23841476,129.2188007055,,한전주,051-709-4684,부산광역시 기장군청,2025-11-17
기장읍청강리-75,1,,부산광역시 기장군 기장읍 청강리 703-7,35.2360220057,129.217462666,,한전주,051-709-4684,부산광역시 기장군청,2025-11-17
기장읍청강리-76,1,,부산광역시 기장군 기장읍 청강리 703-6,35.2359175622,129.2169037,,한전주,051-709-4684,부산광역시 기장군청,2025-11-17
기장읍청강리-77,1,,부산광역시 기장군 기장읍 청강리 705-2,35.23518077,129.2163484,,한전주,051-709-4684,부산광역시 기장군청,2025-11-17
기장읍청강리-78,1,,부산광역시 기장군 기장읍 청강리 705-2,35.23511124,129.2163391,,한전주,051-709-4684,부산광역시 기장군청,2025-11-17
기장읍청강리-79,1,,부산광역시 기장군 기장읍 청강리 705-3,35.2350168838,129.2162338618,,한전주,051-709-4684,부산광역시 기장군청,2025-11-17
기장읍청강리-80,1,,부산광역시 기장군 기장읍 청강리 706-3,35.23434827,129.2157852,,한전주,051-709-4684,부산광역시 기장군청,2025-11-17
기장읍청강리-81,1,,부산광역시 기장군 기장읍 청강리 706-3,35.23436356,129.2157852,,한전주,051-709-4684,부산광역시 기장군청,2025-11-17
기장읍청강리-82,1,,부산광역시 기장군 기장읍 청강리 706-11,35.2344168205,129.2149155008,,한전주,051-709-4684,부산광역시 기장군청,2025-11-17
기장읍청강리-83,1,,부산광역시 기장군 기장읍 청강리 706-5,35.23382135,129.2152111,,한전주,051-709-4684,부산광역시 기장군청,2025-11-17
기장읍청강리-84,1,,부산광역시 기장군 기장읍 청강리 706-6,35.2332829389,129.2150188745,,한전주,051-709-4684,부산광역시 기장군청,2025-11-17
기장읍청강리-85,1,,부산광역시 기장군 기장읍 청강리 706-6,35.2332829389,129.2150188745,,한전주,051-709-4684,부산광역시 기장군청,2025-11-17
기장읍청강리-86,1,,부산광역시 기장군 기장읍 청강리 706-6,35.2332829389,129.2150188745,,한전주,051-709-4684,부산광역시 기장군청,2025-11-17
기장읍청강리-87,1,,부산광역시 기장군 기장읍 청강리 706-7,35.2341429532,129.2146454,,한전주,051-709-4684,부산광역시 기장군청,2025-11-17
기장읍청강리-88,1,,부산광역시 기장군 기장읍 청강리 706-8,35.2344168205,129.2149155008,,한전주,051-709-4684,부산광역시 기장군청,2025-11-17
기장읍청강리-89,1,,부산광역시 기장군 기장읍 청강리 706-12,35.2346643564,129.2149658,,한전주,051-709-4684,부산광역시 기장군청,2025-11-17
기장읍청강리-90,1,,부산광역시 기장군 기장읍 청강리 706-10,35.23467636,129.215399373,,한전주,051-709-4684,부산광역시 기장군청,2025-11-17
기장읍청강리-91,1,,부산광역시 기장군 기장읍 청강리 706-1,35.23448175,129.2154888,,한전주,051-709-4684,부산광역시 기장군청,2025-11-17
기장읍청강리-92,1,,부산광역시 기장군 기장읍 청강리 705-9,35.2349514052,129.2150820365,,한전주,051-709-4684,부산광역시 기장군청,2025-11-17
기장읍청강리-93,1,,부산광역시 기장군 기장읍 청강리 705-10,35.2355160673,129.2155010323,,한전주,051-709-4684,부산광역시 기장군청,2025-11-17
기장읍청강리-94,1,,부산광역시 기장군 기장읍 청강리 705-1,35.2356261268,129.2159818766,,한전주,051-709-4684,부산광역시 기장군청,2025-11-17
기장읍청강리-95,1,,부산광역시 기장군 기장읍 청강리 702-7,35.23588562,129.2160096031,,한전주,051-709-4684,부산광역시 기장군청,2025-11-17
기장읍청강리-96,1,,부산광역시 기장군 기장읍 청강리 705-1,35.23560715,129.2159818766,,한전주,051-709-4684,부산광역시 기장군청,2025-11-17
기장읍청강리-97,1,,부산광역시 기장군 기장읍 청강리 702-9,35.2361253255,129.2162353605,,한전주,051-709-4684,부산광역시 기장군청,2025-11-17
기장읍청강리-98,1,,부산광역시 기장군 기장읍 청강리 702-9,35.2361253255,129.2162353605,,한전주,051-709-4684,부산광역시 기장군청,2025-11-17
기장읍청강리-99,1,,부산광역시 기장군 기장읍 청강리 702-10,35.2365285854,129.2165742951,,한전주,051-709-4684,부산광역시 기장군청,2025-11-17
기장읍청강리-100,1,,부산광역시 기장군 기장읍 청강리 702-1,35.23654044,129.2168762,,한전주,051-709-4684,부산광역시 기장군청,2025-11-17
기장읍청강리-101,1,,부산광역시 기장군 기장읍 청강리 575-3,35.22851563,129.212204,,한전주,051-709-4684,부산광역시 기장군청,2025-11-17
기장읍청강리-102,1,,부산광역시 기장군 기장읍 청강리 576-3,35.22828293,129.2118683,,한전주,051-709-4684,부산광역시 기장군청,2025-11-17
기장읍청강리-103,1,,부산광역시 기장군 기장읍 청강리 585,35.2278537601,129.2116893983,,전용주,051-709-4684,부산광역시 기장군청,2025-11-17
기장읍청강리-104,1,,부산광역시 기장군 기장읍 청강리 577-12,35.2279858505,129.2118225,,한전주,051-709-4684,부산광역시 기장군청,2025-11-17
기장읍청강리-105,1,,부산광역시 기장군 기장읍 청강리 591-1,35.2270693017,129.2116565697,,한전주,051-709-4684,부산광역시 기장군청,2025-11-17
기장읍청강리-106,1,,부산광역시 기장군 기장읍 청강리 591-3,35.2272161592,129.2115853804,,한전주,051-709-4684,부산광역시 기장군청,2025-11-17
기장읍청강리-107,1,,부산광역시 기장군 기장읍 청강리 586,35.2275378524,129.2116041668,,한전주,051-709-4684,부산광역시 기장군청,2025-11-17
기장읍청강리-108,1,,부산광역시 기장군 기장읍 청강리 600-1,35.2274489079,129.2109230659,,한전주,051-709-4684,부산광역시 기장군청,2025-11-17
기장읍청강리-109,1,,부산광역시 기장군 기장읍 청강리 595-2,35.227213887,129.2107544,,한전주,051-709-4684,부산광역시 기장군청,2025-11-17
기장읍청강리-110,1,,부산광역시 기장군 기장읍 청강리 516,35.2268593546,129.2114105,,전용주,051-709-4684,부산광역시 기장군청,2025-11-17
기장읍청강리-111,1,,부산광역시 기장군 기장읍 청강리 542-2,35.22714233,129.2144165,,한전주,051-709-4684,부산광역시 기장군청,2025-11-17
기장읍청강리-112,1,,부산광역시 기장군 기장읍 청강리 816-9,35.227109581,129.2139406794,,한전주,051-709-4684,부산광역시 기장군청,2025-11-17
기장읍청강리-113,1,,부산광역시 기장군 기장읍 청강리 535-11,35.22701263,129.2134695832,,전용주,051-709-4684,부산광역시 기장군청,2025-11-17
기장읍청강리-114,1,,부산광역시 기장군 기장읍 청강리 530-2,35.2264438229,129.2129822,,한전주,051-709-4684,부산광역시 기장군청,2025-11-17
기장읍청강리-115,1,,부산광역시 기장군 기장읍 청강리 529-5,35.22602463,129.2126007,,전용주,051-709-4684,부산광역시 기장군청,2025-11-17
기장읍청강리-116,1,,부산광역시 기장군 기장읍 청강리 488-1,35.2257554756,129.2129974,,한전주,051-709-4684,부산광역시 기장군청,2025-11-17
기장읍청강리-117,1,,부산광역시 기장군 기장읍 청강리 529-3,35.22614288,129.2130432,,한전주,051-709-4684,부산광역시 기장군청,2025-11-17
기장읍청강리-118,1,,부산광역시 기장군 기장읍 청강리 472,35.2254119876,129.2133794578,,한전주,051-709-4684,부산광역시 기장군청,2025-11-17
기장읍청강리-119,1,,부산광역시 기장군 기장읍 청강리 536-5,35.2260744121,129.2136303449,,한전주,051-709-4684,부산광역시 기장군청,2025-11-17
기장읍청강리-120,1,,부산광역시 기장군 기장읍 청강리 327-7,35.2342086368,129.2170913394,,한전주,051-709-4684,부산광역시 기장군청,2025-11-17
기장읍청강리-121,1,,부산광역시 기장군 기장읍 청강리 286-10,35.2347412911,129.2176666,,한전주,051-709-4684,부산광역시 기장군청,2025-11-17
기장읍청강리-122,1,,부산광역시 기장군 기장읍 청강리 151-1,35.23525238,129.2216980241,,한전주,051-709-4684,부산광역시 기장군청,2025-11-17
기장읍청강리-123,1,,부산광역시 기장군 기장읍 청강리 150-1,35.23558426,129.2220313256,,한전주,051-709-4684,부산광역시 기장군청,2025-11-17
기장읍청강리-124,1,,부산광역시 기장군 기장읍 청강리 150-3,35.23583221,129.2218463587,,전용주,051-709-4684,부산광역시 기장군청,2025-11-17
기장읍청강리-125,1,,부산광역시 기장군 기장읍 청강리 150-3,35.2358157805,129.2218463587,,전용주,051-709-4684,부산광역시 기장군청,2025-11-17
기장읍청강리-126,1,,부산광역시 기장군 기장읍 청강리 147-1,35.2366109363,129.221630046,,한전주,051-709-4684,부산광역시 기장군청,2025-11-17
기장읍청강리-127,1,,부산광역시 기장군 기장읍 청강리 149,35.23600006,129.2213578714,,전용주,051-709-4684,부산광역시 기장군청,2025-11-17
기장읍청강리-128,1,,부산광역시 기장군 기장읍 청강리 149,35.2360653551,129.2213578714,,한전주,051-709-4684,부산광역시 기장군청,2025-11-17
기장읍청강리-129,1,,부산광역시 기장군 기장읍 청강리 150-6,35.2355423,129.2218428094,,한전주,051-709-4684,부산광역시 기장군청,2025-11-17
기장읍청강리-130,1,,부산광역시 기장군 기장읍 청강리 152-1,35.2357620192,129.2212261017,,한전주,051-709-4684,부산광역시 기장군청,2025-11-17
기장읍청강리-131,1,,부산광역시 기장군 기장읍 청강리 152-1,35.2357620192,129.2212067,,한전주,051-709-4684,부산광역시 기장군청,2025-11-17
기장읍청강리-132,1,,부산광역시 기장군 기장읍 청강리 152-4,35.2350053336,129.2207213309,,한전주,051-709-4684,부산광역시 기장군청,2025-11-17
기장읍청강리-133,1,,부산광역시 기장군 기장읍 청강리 154-1,35.234741083,129.2203701375,,한전주,051-709-4684,부산광역시 기장군청,2025-11-17
기장읍청강리-134,1,,부산광역시 기장군 기장읍 청강리 227,35.23487854,129.2191056478,,전용주,051-709-4684,부산광역시 기장군청,2025-11-17
기장읍청강리-135,1,,부산광역시 기장군 기장읍 청강리 226-19,35.2351532,129.2187832926,,한전주,051-709-4684,부산광역시 기장군청,2025-11-17
기장읍청강리-136,1,,부산광역시 기장군 기장읍 청강리 157-4,35.2351321833,129.2192447125,,한전주,051-709-4684,부산광역시 기장군청,2025-11-17
기장읍청강리-137,1,,부산광역시 기장군 기장읍 청강리 186,35.235357676,129.2188416,,건축물,051-709-4684,부산광역시 기장군청,2025-11-17
기장읍청강리-138,1,,부산광역시 기장군 기장읍 청강리 800-7,35.2357254,129.218689,,한전주,051-709-4684,부산광역시 기장군청,2025-11-17
기장읍청강리-139,1,,부산광역시 기장군 기장읍 청강리 800-7,35.2357566049,129.218648077,,전용주,051-709-4684,부산광역시 기장군청,2025-11-17
기장읍청강리-140,1,,부산광역시 기장군 기장읍 청강리 800-7,35.2357566049,129.218648077,,한전주,051-709-4684,부산광역시 기장군청,2025-11-17
기장읍청강리-141,1,,부산광역시 기장군 기장읍 청강리 279-14,35.2360939753,129.2181868807,,한전주,051-709-4684,부산광역시 기장군청,2025-11-17
기장읍청강리-142,1,,부산광역시 기장군 기장읍 청강리 254-7,35.2362313717,129.2187975555,,한전주,051-709-4684,부산광역시 기장군청,2025-11-17
기장읍청강리-143,1,,부산광역시 기장군 기장읍 청강리 158-8,35.2359709788,129.2190759137,,전용주,051-709-4684,부산광역시 기장군청,2025-11-17
기장읍청강리-144,1,,부산광역시 기장군 기장읍 청강리 158-10,35.2359709788,129.2190759137,,전용주,051-709-4684,부산광역시 기장군청,2025-11-17
기장읍청강리-145,1,,부산광역시 기장군 기장읍 청강리 158-1,35.23589451,129.219693,,전용주,051-709-4684,부산광역시 기장군청,2025-11-17
기장읍청강리-146,1,,부산광역시 기장군 기장읍 청강리 163-8,35.2358378049,129.2199593946,,한전주,051-709-4684,부산광역시 기장군청,2025-11-17
기장읍청강리-147,1,,부산광역시 기장군 기장읍 청강리 163-9,35.2356741449,129.2198719008,,한전주,051-709-4684,부산광역시 기장군청,2025-11-17
기장읍청강리-148,1,,부산광역시 기장군 기장읍 청강리 101-4,35.23531342,129.2195587,,한전주,051-709-4684,부산광역시 기장군청,2025-11-17
기장읍청강리-149,1,,부산광역시 기장군 기장읍 청강리 148,35.2362188828,129.2210846,,한전주,051-709-4684,부산광역시 기장군청,2025-11-17
기장읍청강리-150,1,,부산광역시 기장군 기장읍 청강리 164-9,35.23625946,129.2205014185,,한전주,051-709-4684,부산광역시 기장군청,2025-11-17
기장읍청강리-151,1,,부산광역시 기장군 기장읍 청강리 163-12,35.23614883,129.220105344,,한전주,051-709-4684,부산광역시 기장군청,2025-11-17
기장읍청강리-152,1,,부산광역시 기장군 기장읍 청강리 164-12,35.23650742,129.2202973959,,한전주,051-709-4684,부산광역시 기장군청,2025-11-17
기장읍청강리-153,1,,부산광역시 기장군 기장읍 청강리 164-13,35.2366442294,129.2203522,,한전주,051-709-4684,부산광역시 기장군청,2025-11-17
기장읍청강리-154,1,,부산광역시 기장군 기장읍 청강리 164-17,35.23700714,129.2206983395,,한전주,051-709-4684,부산광역시 기장군청,2025-11-17
기장읍청강리-155,1,,부산광역시 기장군 기장읍 청강리 164-11,35.2373457341,129.220838532,,한전주,051-709-4684,부산광역시 기장군청,2025-11-17
기장읍청강리-156,1,,부산광역시 기장군 기장읍 청강리 245-4,35.237009025,129.2198181,,한전주,051-709-4684,부산광역시 기장군청,2025-11-17
기장읍청강리-157,1,,부산광역시 기장군 기장읍 청강리 249-1,35.237506791,129.2203952417,,한전주,051-709-4684,부산광역시 기장군청,2025-11-17
기장읍청강리-158,1,,부산광역시 기장군 기장읍 청강리 259-1,35.23768295,129.2194923,,전용주,051-709-4684,부산광역시 기장군청,2025-11-17
기장읍청강리-159,1,,부산광역시 기장군 기장읍 청강리 259-1,35.23765945,129.2194923,,한전주,051-709-4684,부산광역시 기장군청,2025-11-17
기장읍청강리-160,1,,부산광역시 기장군 기장읍 청강리 146-3,35.2370704086,129.2219347372,,한전주,051-709-4684,부산광역시 기장군청,2025-11-17
기장읍청강리-160~002,1,,부산광역시 기장군 기장읍 청강리 178,35.2366473511,129.2220040198,2025,,051-709-4684,부산광역시 기장군청,2025-11-17
기장읍청강리-160~003,1,,부산광역시 기장군 기장읍 청강리 178,35.2366473511,129.2220040198,2025,,051-709-4684,부산광역시 기장군청,2025-11-17
기장읍청강리-160~004,1,,부산광역시 기장군 기장읍 청강리 178,35.2366473511,129.2220040198,2025,,051-709-4684,부산광역시 기장군청,2025-11-17
기장읍청강리-160~005,1,,부산광역시 기장군 기장읍 청강리 178,35.2366473511,129.2220040198,2025,,051-709-4684,부산광역시 기장군청,2025-11-17
기장읍청강리-160~006,1,,부산광역시 기장군 기장읍 청강리 178,35.2366473511,129.2220040198,2025,,051-709-4684,부산광역시 기장군청,2025-11-17
기장읍청강리-160~007,1,,부산광역시 기장군 기장읍 청강리 178,35.2366473511,129.2220040198,2025,,051-709-4684,부산광역시 기장군청,2025-11-17
기장읍청강리-161,1,,부산광역시 기장군 기장읍 청강리 146-1,35.23714828,129.2220113811,,건축물,051-709-4684,부산광역시 기장군청,2025-11-17
기장읍청강리-162,1,,부산광역시 기장군 기장읍 청강리 165-12,35.23754883,129.2208252,,한전주,051-709-4684,부산광역시 기장군청,2025-11-17
기장읍청강리-163,1,,부산광역시 기장군 기장읍 청강리 165-16,35.2378987828,129.2211127426,,한전주,051-709-4684,부산광역시 기장군청,2025-11-17
기장읍청강리-164,1,,부산광역시 기장군 기장읍 청강리 165-17,35.2379144449,129.2211801759,,한전주,051-709-4684,부산광역시 기장군청,2025-11-17
기장읍청강리-165,1,,부산광역시 기장군 기장읍 청강리 165-17,35.2379144449,129.2211801759,,한전주,051-709-4684,부산광역시 기장군청,2025-11-17
기장읍청강리-166,1,,부산광역시 기장군 기장읍 청강리 165-23,35.2384034291,129.2216014055,,한전주,051-709-4684,부산광역시 기장군청,2025-11-17
기장읍청강리-167,1,,부산광역시 기장군 기장읍 청강리 165-23,35.2384034291,129.2216014055,,한전주,051-709-4684,부산광역시 기장군청,2025-11-17
기장읍청강리-168,1,,부산광역시 기장군 기장읍 청강리 793-4,35.23868561,129.2209990989,,전용주,051-709-4684,부산광역시 기장군청,2025-11-17
기장읍청강리-169,1,,부산광역시 기장군 기장읍 청강리 117-1,35.2383273184,129.2202889985,,한전주,051-709-4684,부산광역시 기장군청,2025-11-17
기장읍청강리-170,1,,부산광역시 기장군 기장읍 청강리 114-1,35.2384554709,129.2197775858,,한전주,051-709-4684,부산광역시 기장군청,2025-11-17
기장읍청강리-171,1,,부산광역시 기장군 기장읍 청강리 122-12,35.23839254,129.2210388,,한전주,051-709-4684,부산광역시 기장군청,2025-11-17
기장읍청강리-172,1,,부산광역시 기장군 기장읍 청강리 132-10,35.23900223,129.2205879792,,한전주,051-709-4684,부산광역시 기장군청,2025-11-17
기장읍청강리-173,1,,부산광역시 기장군 기장읍 청강리 132-1,35.23968932,129.2207656363,,한전주,051-709-4684,부산광역시 기장군청,2025-11-17
기장읍청강리-174,1,,부산광역시 기장군 기장읍 청강리 132-1,35.23968932,129.2207656363,,한전주,051-709-4684,부산광역시 기장군청,2025-11-17
기장읍청강리-175,1,,부산광역시 기장군 기장읍 청강리 174-10,35.2391681683,129.2213042944,,한전주,051-709-4684,부산광역시 기장군청,2025-11-17
기장읍청강리-176,1,,부산광역시 기장군 기장읍 청강리 178-8,35.23952484,129.221283,,한전주,051-709-4684,부산광역시 기장군청,2025-11-17
기장읍청강리-177,1,,부산광역시 기장군 기장읍 청강리 171-9,35.2387619,129.2217119293,,한전주,051-709-4684,부산광역시 기장군청,2025-11-17
기장읍청강리-178,1,,부산광역시 기장군 기장읍 청강리 171-2,35.2389625856,129.2219638516,,한전주,051-709-4684,부산광역시 기장군청,2025-11-17
기장읍청강리-179,1,,부산광역시 기장군 기장읍 청강리 141-1,35.2400804531,129.2223969,,한전주,051-709-4684,부산광역시 기장군청,2025-11-17
기장읍청강리-180,1,,부산광역시 기장군 기장읍 청강리 90-37,35.23959732,129.2172852,,한전주,051-709-4684,부산광역시 기장군청,2025-11-17
기장읍청강리-181,1,,부산광역시 기장군 기장읍 청강리 90-13,35.23992157,129.2175293,,한전주,051-709-4684,부산광역시 기장군청,2025-11-17
기장읍청강리-182,1,,부산광역시 기장군 기장읍 청강리 419-2,35.2217922143,129.2123978779,,한전주,051-709-4684,부산광역시 기장군청,2025-11-17
기장읍청강리-183,1,,부산광역시 기장군 기장읍 청강리 427-2,35.2208798391,129.2119598,,전용주,051-709-4684,부산광역시 기장군청,2025-11-17
기장읍청강리-184,1,,부산광역시 기장군 기장읍 청강리 777-1,35.2177617625,129.2123108,,한전주,051-709-4684,부산광역시 기장군청,2025-11-17
기장읍청강리-185,1,,부산광역시 기장군 기장읍 청강리 119-3,35.237854,129.2206421,,한전주,051-709-4684,부산광역시 기장군청,2025-11-17
기장읍청강리-190,1,,부산광역시 기장군 기장읍 청강리 143,35.2398022245,129.222518152,,전용주,051-709-4684,부산광역시 기장군청,2025-11-17
대라리-93-308임시보안등,1,,부산광역시 기장군 기장읍 대라리 788-14,35.2434015873,129.2132000397,2025,,051-709-4684,부산광역시 기장군청,2025-11-17
대변리13-019임시,1,,부산광역시 기장군 기장읍 대변리 327-1,35.22483885,129.2308167,2025,,051-709-4684,부산광역시 기장군청,2025-11-17
덕선리163임시보안등,1,,부산광역시 기장군 장안읍 덕선리 163,35.3377434307,129.2263072,2025,한전주,051-709-4684,부산광역시 기장군청,2025-11-17
덕선리164-4임시보안등,1,,부산광역시 기장군 장안읍 덕선리 164-4,35.3378452084,129.2259728,2025,한전주,051-709-4684,부산광역시 기장군청,2025-11-17
동부리395-11임시보안등,1,,부산광역시 기장군 기장읍 동부리 425,35.2498164291,129.2138093,2025,,051-709-4684,부산광역시 기장군청,2025-11-17
두명1길45앞임시보안등,1,,부산광역시 기장군 정관읍 두명리 393-1,35.35449301,129.1456855216,2025,,051-709-4684,부산광역시 기장군청,2025-11-17
바로신고25016383,1,,부산광역시 기장군 기장읍 청강리 270-4,35.23663677,129.2161683,2025,,051-709-4684,부산광역시 기장군청,2025-11-17
백길리182-1터널임시보안등,1,,부산광역시 기장군 철마면 백길리 108,35.2820252355,129.1560262004,2025,건축물,051-709-4684,부산광역시 기장군청,2025-11-17
백길리182-2터널임시보안등,1,,부산광역시 기장군 철마면 백길리 108,35.28202956,129.1560262004,2025,건축물,051-709-4684,부산광역시 기장군청,2025-11-17
백길리182-3터널임시보안등,1,,부산광역시 기장군 철마면 백길리 108,35.2820252355,129.1560262004,2025,건축물,051-709-4684,부산광역시 기장군청,2025-11-17
백길리-14,1,,부산광역시 기장군 철마면 백길리 136-2,35.2841748,129.1556323,2024,,051-709-4684,부산광역시 기장군청,2025-11-17
서부리316-1임시보안등,1,,부산광역시 기장군 기장읍 서부리 316-1,35.24715921,129.2008894,2025,한전주,051-709-4684,부산광역시 기장군청,2025-11-17
선암길78-71임시보안등,1,,부산광역시 기장군 장안읍 덕선리 885,35.3328086249,129.2273976651,2025,,051-709-4684,부산광역시 기장군청,2025-11-17
송정리10-016임시보안등,1,,부산광역시 기장군 철마면 송정리 577-2,35.30478119,129.1116482977,2025,,051-709-4684,부산광역시 기장군청,2025-11-17
송정리10-036임시보안등표찰없음,1,,부산광역시 기장군 철마면 송정리 402-71,35.30734446,129.1116936,2025,,051-709-4684,부산광역시 기장군청,2025-11-17
예림리940-19임시보안등,1,,부산광역시 기장군 정관읍 예림리 940-19,35.32480975,129.1945491044,2025,,051-709-4684,부산광역시 기장군청,2025-11-17
온당길9앞임시보안등,1,,부산광역시 기장군 철마면 구칠리 663-7,35.2615605966,129.1770084123,2025,,051-709-4684,부산광역시 기장군청,2025-11-17
온정마을방파제입구임시보안등,1,,부산광역시 기장군 일광읍 동백리 285-32,35.2823902526,129.2586079042,2025,,051-709-4684,부산광역시 기장군청,2025-11-17
읍내로74번길임시보안등,1,,부산광역시 기장군 기장읍 동부리 228-9,35.24497876,129.2120209,2025,,051-709-4684,부산광역시 기장군청,2025-11-17
일광면910,1,,부산광역시 기장군 일광읍 화전리 35-2,35.2880065954,129.232642616,2019,한전주,051-709-4684,부산광역시 기장군청,2025-11-17
일광면911,1,,부산광역시 기장군 일광읍 동백리 38-1(경로당 앞),35.2897338118,129.2564485218,2019,한전주,051-709-4684,부산광역시 기장군청,2025-11-17
일광면912,1,,부산광역시 기장군 일광읍 원리 1-21,35.3062661368,129.2476046,2019,한전주,051-709-4684,부산광역시 기장군청,2025-11-17
일광면913,1,,부산광역시 기장군 일광읍 원리 1-40,35.30589298,129.2482035,2019,건축물,051-709-4684,부산광역시 기장군청,2025-11-17
일광면914,1,,부산광역시 기장군 일광읍 학리 282-1,35.2582416379,129.2428124762,2019,한전주,051-709-4684,부산광역시 기장군청,2025-11-17
일광면915,1,,부산광역시 기장군 일광읍 횡계리 65,35.2735869813,129.2270795569,2019,한전주,051-709-4684,부산광역시 기장군청,2025-11-17
일광면916,1,,부산광역시 기장군 일광읍 횡계리 55-2,35.2732960344,129.2270688,2019,건축물,051-709-4684,부산광역시 기장군청,2025-11-17
일광면917,1,,부산광역시 기장군 일광읍 횡계리 20,35.2738653075,129.227792729,2019,한전주,051-709-4684,부산광역시 기장군청,2025-11-17
일광면918,1,,부산광역시 기장군 일광읍 횡계리 280,35.2726336813,129.2256233207,2019,한전주,051-709-4684,부산광역시 기장군청,2025-11-17
일광면919,1,,부산광역시 기장군 일광읍 동백리 246-1,35.2864530012,129.2562604345,2019,한전주,051-709-4684,부산광역시 기장군청,2025-11-17
일광면920,1,,부산광역시 기장군 일광읍 동백리 246-1,35.2864530012,129.2562604345,2019,한전주,051-709-4684,부산광역시 기장군청,2025-11-17
일광면921,1,,부산광역시 기장군 일광읍 신평리 60,35.2961563777,129.2586722076,,한전주,051-709-4684,부산광역시 기장군청,2025-11-17
일광면922,1,,부산광역시 기장군 일광읍 용천리 416,35.2857586756,129.2041276649,,한전주,051-709-4684,부산광역시 기장군청,2025-11-17
일광면923,1,,부산광역시 기장군 일광읍 칠암리,,,2019,한전주,051-709-4684,부산광역시 기장군청,2025-11-17
일광면924,1,,부산광역시 기장군 일광읍 화전리 322-29,35.2835155213,129.2290951816,2019,한전주,051-709-4684,부산광역시 기장군청,2025-11-17
일광면925,1,,부산광역시 기장군 일광읍 화전리 119-2,35.2776856007,129.2333562,,한전주,051-709-4684,부산광역시 기장군청,2025-11-17
일광면926,1,,부산광역시 기장군 일광읍 화전리 142-2,35.27717484,129.2326321,,한전주,051-709-4684,부산광역시 기장군청,2025-11-17
일광면927,1,,부산광역시 기장군 일광읍 화전리 119-5,35.2780821812,129.2332196334,2019,한전주,051-709-4684,부산광역시 기장군청,2025-11-17
일광면929,1,,부산광역시 기장군 일광읍 용천리 778,35.2993970066,129.1981902376,2019,한전주,051-709-4684,부산광역시 기장군청,2025-11-17
일광면930,1,,부산광역시 기장군 일광읍 용천리 61-4,,,2019,한전주,051-709-4684,부산광역시 기장군청,2025-11-17
일광면931,1,,부산광역시 기장군 일광읍 용천리 61-4,,,2019,한전주,051-709-4684,부산광역시 기장군청,2025-11-17
일광면932,1,,부산광역시 기장군 일광읍 횡계리 산 28-8,35.2753611269,129.2218383866,2019,한전주,051-709-4684,부산광역시 기장군청,2025-11-17
일광면933,1,,부산광역시 기장군 일광읍 횡계리 산 28-8,35.2753611269,129.2218383866,,한전주,051-709-4684,부산광역시 기장군청,2025-11-17
일광면934,1,,부산광역시 기장군 일광읍 횡계리 산 31-2,35.2704111074,129.2205646236,2019,한전주,051-709-4684,부산광역시 기장군청,2025-11-17
일광면935,1,,부산광역시 기장군 일광읍 용천리 661-2,35.2964697667,129.2014038221,2019,한전주,051-709-4684,부산광역시 기장군청,2025-11-17
일광면936,1,,부산광역시 기장군 일광읍 원리 504-1,35.3044439057,129.2307912868,2019,한전주,051-709-4684,부산광역시 기장군청,2025-11-17
일광면937,1,,부산광역시 기장군 일광읍 원리 400,35.3034554616,129.2340383089,2019,한전주,051-709-4684,부산광역시 기장군청,2025-11-17
일광면938,1,,부산광역시 기장군 일광읍 용천리 산 83-2,35.29769586,129.203333512,2019,한전주,051-709-4684,부산광역시 기장군청,2025-11-17
일광면939,1,,부산광역시 기장군 일광읍 칠암리 171,35.300898551,129.2587593289,2019,한전주,051-709-4684,부산광역시 기장군청,2025-11-17
일광면940,1,,부산광역시 기장군 일광읍 삼성리 714-8,35.26071585,129.23318387,2019,한전주,051-709-4684,부산광역시 기장군청,2025-11-17
일광면941,1,,부산광역시 기장군 일광읍 청광리 134-10,35.29517154,129.2330386,2019,한전주,051-709-4684,부산광역시 기장군청,2025-11-17
일광면942,1,,부산광역시 기장군 일광읍 문동리 98-6,35.3063682437,129.2542314876,2019,한전주,051-709-4684,부산광역시 기장군청,2025-11-17
일광면943,1,,부산광역시 기장군 일광읍 이천리 359-7,,,2019,한전주,051-709-4684,부산광역시 기장군청,2025-11-17
일광면944,1,,부산광역시 기장군 일광읍 문중리 102,35.3035988037,129.2582946513,2020,전용주,051-709-4684,부산광역시 기장군청,2025-11-17
일광면945,1,,부산광역시 기장군 일광읍 용천리 145-1,35.2897538886,129.212361661,2019,한전주,051-709-4684,부산광역시 기장군청,2025-11-17
일광면946,1,,부산광역시 기장군 일광읍 문중리 154,35.3055587871,129.2522021005,2019,한전주,051-709-4684,부산광역시 기장군청,2025-11-17
일광면947,1,,부산광역시 기장군 일광읍 문중리 156-5,35.3057551643,129.2505358841,2019,한전주,051-709-4684,부산광역시 기장군청,2025-11-17
일광면948,1,,부산광역시 기장군 일광읍 원리 226,35.3147276793,129.234262,2019,한전주,051-709-4684,부산광역시 기장군청,2025-11-17
일광면949,1,,부산광역시 기장군 일광읍 용천리 643,35.295460951,129.2004701817,2022,한전주,051-709-4684,부산광역시 기장군청,2025-11-17
일광면949(원리),1,,부산광역시 기장군 일광읍 원리 313-2,35.3132927601,129.2353394805,2020,한전주,051-709-4684,부산광역시 기장군청,2025-11-17
일광면950,1,,부산광역시 기장군 일광읍 원리 산 69-10,35.3124130907,129.2354449359,2020,한전주,051-709-4684,부산광역시 기장군청,2025-11-17
일광면951,1,,부산광역시 기장군 일광읍 원리 748-3,35.31328579,129.2357353,2020,건축물,051-709-4684,부산광역시 기장군청,2025-11-17
일광면952,1,,부산광역시 기장군 일광읍 용천리 167초입,,,2019,한전주,051-709-4684,부산광역시 기장군청,2025-11-17
일광면953,1,,부산광역시 기장군 일광읍 칠암리 73-4,35.298234951,129.2580353,2022,건축물,051-709-4684,부산광역시 기장군청,2025-11-17
일광면954,1,,부산광역시 기장군 일광읍 화전리 541,35.2828056208,129.2212499263,2022,한전주,051-709-4684,부산광역시 기장군청,2025-11-17
일광면955,1,,부산광역시 기장군 일광읍 용천리 61-1,35.2805920268,129.2113321966,2022,한전주,051-709-4684,부산광역시 기장군청,2025-11-17
일광면956,1,,부산광역시 기장군 일광읍 삼성리 716-19,35.25918615,129.2327355146,2022,한전주,051-709-4684,부산광역시 기장군청,2025-11-17
일광면957,1,,부산광역시 기장군 일광읍 횡계리 18-5,35.2742438765,129.2262804794,2022,한전주,051-709-4684,부산광역시 기장군청,2025-11-17
일광면958,1,,부산광역시 기장군 일광읍 칠암리 202-4,35.30189479,129.256521,2022,한전주,051-709-4684,부산광역시 기장군청,2025-11-17
일광면959,1,,부산광역시 기장군 일광읍 용천리 116-4,35.2870572753,129.2124081144,2022,건축물,051-709-4684,부산광역시 기장군청,2025-11-17
일광면960,1,,부산광역시 기장군 일광읍 횡계리 18-1,35.2745663201,129.2260749386,2022,한전주,051-709-4684,부산광역시 기장군청,2025-11-17
일광면961,1,,부산광역시 기장군 일광읍 횡계리 256,35.2744468427,129.2258293819,2022,한전주,051-709-4684,부산광역시 기장군청,2025-11-17
일광면962,1,,부산광역시 기장군 일광읍 화전리 533-1,35.2849358,129.2211274,2022,한전주,051-709-4684,부산광역시 기장군청,2025-11-17
일광면963,1,,부산광역시 기장군 일광읍 용천리 40-1,35.2843094418,129.2168688587,2022,한전주,051-709-4684,부산광역시 기장군청,2025-11-17
일광면964,1,,부산광역시 기장군 일광읍 용천리 산 262-3,35.28194778,129.2146637,2022,한전주,051-709-4684,부산광역시 기장군청,2025-11-17
일광면965,1,,부산광역시 기장군 일광읍 용천리 산 262-3,35.2819565213,129.2146855067,2022,한전주,051-709-4684,부산광역시 기장군청,2025-11-17
일광면966,1,,부산광역시 기장군 일광읍 화전리 537-3,35.28465634,129.2206159227,2022,한전주,051-709-4684,부산광역시 기장군청,2025-11-17
일광면967,1,,부산광역시 기장군 일광읍 화전리 537-3,35.2846156896,129.2206159227,2022,한전주,051-709-4684,부산광역시 기장군청,2025-11-17
일광면968,1,,부산광역시 기장군 일광읍 화전리 102-1,35.28105104,129.2324336,2022,한전주,051-709-4684,부산광역시 기장군청,2025-11-17
일광면969,1,,부산광역시 기장군 일광읍 횡계리 191,35.2725096015,129.2231138,2022,한전주,051-709-4684,부산광역시 기장군청,2025-11-17
일광면970,1,,부산광역시 기장군 일광읍 용천리 산 262-3,35.28199067,129.2146855067,2023,한전주,051-709-4684,부산광역시 기장군청,2025-11-17
일광면971,1,,부산광역시 기장군 일광읍 용천리 산 262,35.28142561,129.2124499649,2023,한전주,051-709-4684,부산광역시 기장군청,2025-11-17
일광면972,1,,부산광역시 기장군 일광읍 용천리 산 262,35.28142561,129.2124499649,2023,한전주,051-709-4684,부산광역시 기장군청,2025-11-17
일광면973,1,,부산광역시 기장군 일광읍 용천리 산 262,35.28142561,129.2124499649,2023,한전주,051-709-4684,부산광역시 기장군청,2025-11-17
일광면974,1,,부산광역시 기장군 일광읍 용천리 산 262,35.28142561,129.2124499649,2023,한전주,051-709-4684,부산광역시 기장군청,2025-11-17
일광면975,1,,부산광역시 기장군 일광읍 용천리 458-1,35.2865662924,129.2063391,2023,한전주,051-709-4684,부산광역시 기장군청,2025-11-17
일광면976,1,,부산광역시 기장군 일광읍 화전리 576-14,35.282964349,129.2219687336,2023,한전주,051-709-4684,부산광역시 기장군청,2025-11-17
일광면977,1,,부산광역시 기장군 일광읍 화전리 541-10,35.2826656516,129.2217758014,2023,건축물,051-709-4684,부산광역시 기장군청,2025-11-17
일광면978,1,,부산광역시 기장군 일광읍 문중리 182-2,35.30348489,129.2503765,2023,한전주,051-709-4684,부산광역시 기장군청,2025-11-17
일광면980,1,,부산광역시 기장군 일광읍 화전리 150-2,35.27626605,129.2329259,2023,한전주,051-709-4684,부산광역시 기장군청,2025-11-17
일광면981,1,,부산광역시 기장군 일광읍 화전리 149-1,35.27663755,129.2328152,2023,한전주,051-709-4684,부산광역시 기장군청,2025-11-17
일광면982,1,,부산광역시 기장군 일광읍 청광리 226-1,35.298454164,129.2369350822,2020,한전주,051-709-4684,부산광역시 기장군청,2025-11-17
일광면983,1,,부산광역시 기장군 일광읍 청광리 50,35.2994254148,129.2361825141,2020,한전주,051-709-4684,부산광역시 기장군청,2025-11-17
일광면984,1,,부산광역시 기장군 일광읍 횡계리 90번지 옆,,,2020,한전주,051-709-4684,부산광역시 기장군청,2025-11-17
일광면985,1,,부산광역시 기장군 일광읍 문중리 187-9,35.3028724824,129.2529014559,2020,한전주,051-709-4684,부산광역시 기장군청,2025-11-17
일광면986,1,,부산광역시 기장군 일광읍 화전리 584,35.2841072641,129.2217596434,2020,한전주,051-709-4684,부산광역시 기장군청,2025-11-17
일광면987,1,,부산광역시 기장군 일광읍 용천리 산 35-1,35.3000771359,129.1988232235,2020,한전주,051-709-4684,부산광역시 기장군청,2025-11-17
일광면988,1,,부산광역시 기장군 일광읍 원리 산 6-5,35.3056270392,129.2481496431,2020,전용주,051-709-4684,부산광역시 기장군청,2025-11-17
일광면989,1,,부산광역시 기장군 일광읍 횡계리 산 28-1,35.2731492623,129.2147997523,2020,한전주,051-709-4684,부산광역시 기장군청,2025-11-17
일광면990,1,,부산광역시 기장군 일광읍 문동리 249-1,35.30588779,129.2546505,2020,한전주,051-709-4684,부산광역시 기장군청,2025-11-17
일광면991,1,,부산광역시 기장군 일광읍 횡계리 산 33,35.27023392,129.2208600836,2020,한전주,051-709-4684,부산광역시 기장군청,2025-11-17
일광면992,1,,부산광역시 기장군 일광읍 횡계리 산 31-7,35.2699390514,129.2191642591,2020,한전주,051-709-4684,부산광역시 기장군청,2025-11-17
일광면993,1,,부산광역시 기장군 일광읍 청광리 355,35.294858894,129.2334137,2020,한전주,051-709-4684,부산광역시 기장군청,2025-11-17
일광면994,1,,부산광역시 기장군 일광읍 칠암리 34-1,35.29781964,129.2589747027,2020,한전주,051-709-4684,부산광역시 기장군청,2025-11-17
일광면996,1,,부산광역시 기장군 일광읍 화전리 447-19,35.2825952362,129.220551563,2020,한전주,051-709-4684,부산광역시 기장군청,2025-11-17
일광면997,1,,부산광역시 기장군 일광읍 문동리 98-24,35.3068080475,129.2542080577,2020,한전주,051-709-4684,부산광역시 기장군청,2025-11-17
일광면998,1,,부산광역시 기장군 일광읍 문동리 98-24,35.30685747,129.254235,2020,한전주,051-709-4684,부산광역시 기장군청,2025-11-17
일광면999,1,,부산광역시 기장군 일광읍 문중리 86-3,35.303418486,129.2579255,2020,건축물,051-709-4684,부산광역시 기장군청,2025-11-17
일광면1001,1,,부산광역시 기장군 일광읍 횡계리 산 31-7,35.2699390514,129.2191642591,2020,한전주,051-709-4684,부산광역시 기장군청,2025-11-17
일광면1028,1,,부산광역시 기장군 일광읍 이천리 산 12,35.273553048,129.244519994,2021,한전주,051-709-4684,부산광역시 기장군청,2025-11-17
일광면1029,1,,부산광역시 기장군 일광읍 이천리 산 12,35.273553048,129.2445616,2021,한전주,051-709-4684,부산광역시 기장군청,2025-11-17
일광면1030,1,,부산광역시 기장군 일광읍 문중리 200-1,35.299323459,129.2519747,2021,한전주,051-709-4684,부산광역시 기장군청,2025-11-17
일광면1031,1,,부산광역시 기장군 일광읍 횡계리 89번지 앞,35.27233629,129.2253983,2021,한전주,051-709-4684,부산광역시 기장군청,2025-11-17
일광면1032,1,,부산광역시 기장군 일광읍 횡계리 52-3,35.27295899,129.2269301885,2021,한전주,051-709-4684,부산광역시 기장군청,2025-11-17
일광면1033,1,,부산광역시 기장군 일광읍 동백리 437-20,35.2911402088,129.2502365,2021,한전주,051-709-4684,부산광역시 기장군청,2025-11-17
일광면1034,1,,부산광역시 기장군 일광읍 동백리 365-11,35.2898638336,129.2507110695,2021,한전주,051-709-4684,부산광역시 기장군청,2025-11-17
일광면1035,1,,부산광역시 기장군 일광읍 동백리 365-28,35.29110305,129.24976078,2021,한전주,051-709-4684,부산광역시 기장군청,2025-11-17
일광면1036,1,,부산광역시 기장군 일광읍 동백리 365-2,35.2906525653,129.2510722024,2021,한전주,051-709-4684,부산광역시 기장군청,2025-11-17
일광면1038,1,,부산광역시 기장군 일광읍 삼성리 716-8,35.25948318,129.2330282,2021,한전주,051-709-4684,부산광역시 기장군청,2025-11-17
일광면1039,1,,부산광역시 기장군 일광읍 삼성리 산 15,35.26992116,129.2209948,2021,한전주,051-709-4684,부산광역시 기장군청,2025-11-17
일광면1040,1,,부산광역시 기장군 일광읍 횡계리 산 31-7,35.26999306,129.2191645,2021,한전주,051-709-4684,부산광역시 기장군청,2025-11-17
일광면1041,1,,부산광역시 기장군 일광읍 횡계리 산 31-7,35.2699390514,129.2191642591,2021,한전주,051-709-4684,부산광역시 기장군청,2025-11-17
일광면1042,1,,부산광역시 기장군 일광읍 횡계리 277-2,35.2700121886,129.2185882324,2021,한전주,051-709-4684,부산광역시 기장군청,2025-11-17
일광면1043,1,,부산광역시 기장군 일광읍 횡계리 산28-10,35.2689618375,129.2183331223,2021,한전주,051-709-4684,부산광역시 기장군청,2025-11-17
일광면1044,1,,부산광역시 기장군 일광읍 횡계리 산 28-10,35.2689618375,129.2183331223,2021,한전주,051-709-4684,부산광역시 기장군청,2025-11-17
일광면1045,1,,부산광역시 기장군 일광읍 횡계리 산 28-10,35.2689618375,129.2183331223,2021,한전주,051-709-4684,부산광역시 기장군청,2025-11-17
일광면1046,1,,부산광역시 기장군 일광읍 횡계리 산 28-10,35.26897944,129.2183331223,2021,한전주,051-709-4684,부산광역시 기장군청,2025-11-17
일광면1047,1,,부산광역시 기장군 일광읍 동백리 365-17,35.290686575,129.250421882,2021,한전주,051-709-4684,부산광역시 기장군청,2025-11-17
일광면1048,1,,부산광역시 기장군 일광읍 이천리 875,35.2653026292,129.2360077732,2021,한전주,051-709-4684,부산광역시 기장군청,2025-11-17
일광면1049,1,,부산광역시 기장군 일광읍 원리 601-1,35.30821998,129.2308222,2021,한전주,051-709-4684,부산광역시 기장군청,2025-11-17
일광면1050,1,,부산광역시 기장군 일광읍 화전리 134-4,35.2778373552,129.2337734445,2021,한전주,051-709-4684,부산광역시 기장군청,2025-11-17
일광면1051,1,,부산광역시 기장군 일광읍 학리 297,35.2577826369,129.240481213,2021,한전주,051-709-4684,부산광역시 기장군청,2025-11-17
일광면1052,1,,부산광역시 기장군 일광읍 이천리 815-3,35.2668998842,129.2364656603,2021,한전주,051-709-4684,부산광역시 기장군청,2025-11-17
일광면1053,1,,부산광역시 기장군 일광읍 문중리 27-4,35.3018716303,129.2584362,2021,한전주,051-709-4684,부산광역시 기장군청,2025-11-17
일광면1054,1,,부산광역시 기장군 일광읍 문중리 27-4,35.30188646,129.2584141,2021,한전주,051-709-4684,부산광역시 기장군청,2025-11-17
일광면1055,1,,부산광역시 기장군 일광읍 원리 125번지 앞,35.30636883,129.2418684,2021,한전주,051-709-4684,부산광역시 기장군청,2025-11-17
일광면1057,1,,부산광역시 기장군 일광읍 원리 45-3,35.3059406748,129.2466349733,2021,한전주,051-709-4684,부산광역시 기장군청,2025-11-17
일광면1058,1,,부산광역시 기장군 일광읍 용천리 1038-15,35.2964046,129.2010574,2021,한전주,051-709-4684,부산광역시 기장군청,2025-11-17
일광면1059,1,,부산광역시 기장군 일광읍 용천리 399-1,35.2877958,129.2056671235,2021,한전주,051-709-4684,부산광역시 기장군청,2025-11-17
일광면1060,1,,부산광역시 기장군 일광읍 화전리 35-4,35.28787907,129.2331734,2021,한전주,051-709-4684,부산광역시 기장군청,2025-11-17
일광면1061,1,,부산광역시 기장군 일광읍 화전리 35-4,35.2878691573,129.2331296846,2021,한전주,051-709-4684,부산광역시 기장군청,2025-11-17
일광면1062,1,,부산광역시 기장군 일광읍 화전리 35-7,35.28870751,129.2320512341,2021,한전주,051-709-4684,부산광역시 기장군청,2025-11-17
일광면1063,1,,부산광역시 기장군 일광읍 학리 224-1,35.2575509284,129.2449535,2023,한전주,051-709-4684,부산광역시 기장군청,2025-11-17
일광면1064,1,,부산광역시 기장군 일광읍 학리 233,35.25768821,129.244647228,2023,건축물,051-709-4684,부산광역시 기장군청,2025-11-17
일광면1065,1,,부산광역시 기장군 일광읍 횡계리 44-3,35.2720212539,129.2301139,2023,전용주,051-709-4684,부산광역시 기장군청,2025-11-17
일광면1066,1,,부산광역시 기장군 일광읍 용천리 61-1,35.2805920268,129.2113321966,2023,한전주,051-709-4684,부산광역시 기장군청,2025-11-17
일광면1067,1,,부산광역시 기장군 일광읍 용천리 61,35.2804127606,129.2111389,2023,한전주,051-709-4684,부산광역시 기장군청,2025-11-17
일광면1068,1,,부산광역시 기장군 일광읍 용천리 64,35.2799995157,129.2106044671,2023,한전주,051-709-4684,부산광역시 기장군청,2025-11-17
일광면1069,1,,부산광역시 기장군 일광읍 용천리 66,35.2795326069,129.2097817644,2023,한전주,051-709-4684,부산광역시 기장군청,2025-11-17
일광면1070,1,,부산광역시 기장군 일광읍 용천리 981-1,35.27922816,129.2091330129,2020,한전주,051-709-4684,부산광역시 기장군청,2025-11-17
일광면1071,1,,부산광역시 기장군 일광읍 이천리 864,35.26557077,129.2366293354,2023,한전주,051-709-4684,부산광역시 기장군청,2025-11-17
일광면1073,1,,부산광역시 기장군 일광읍 용천리 46,35.2833836565,129.2165654943,2023,한전주,051-709-4684,부산광역시 기장군청,2025-11-17
일광면1074,1,,부산광역시 기장군 일광읍 용천리 46,35.2833836565,129.2165654943,2023,한전주,051-709-4684,부산광역시 기장군청,2025-11-17
일광면1075,1,,부산광역시 기장군 일광읍 용천리 45-23,35.28402414,129.2164237,2023,한전주,051-709-4684,부산광역시 기장군청,2025-11-17
일광면1076,1,,부산광역시 기장군 일광읍 원리 산106-1,35.30916447,129.2285304998,2023,한전주,051-709-4684,부산광역시 기장군청,2025-11-17
일광면1077,1,,부산광역시 기장군 일광읍 용천리 산 252-40,35.2802054545,129.1997878351,2023,한전주,051-709-4684,부산광역시 기장군청,2025-11-17
일광면1078,1,,부산광역시 기장군 일광읍 용천리 947-43,35.2778734144,129.2016276438,2023,한전주,051-709-4684,부산광역시 기장군청,2025-11-17
일광면1079,1,,부산광역시 기장군 일광읍 용천리 947,35.2783346726,129.2017301752,2023,한전주,051-709-4684,부산광역시 기장군청,2025-11-17
일광면1080,1,,부산광역시 기장군 일광읍 용천리 947-42,35.2766029646,129.2014986756,2023,한전주,051-709-4684,부산광역시 기장군청,2025-11-17
일광면1081,1,,부산광역시 기장군 일광읍 화전리 447-44,35.28335369,129.2193231,2023,한전주,051-709-4684,부산광역시 기장군청,2025-11-17
일광면1082,1,,부산광역시 기장군 일광읍 횡계리 112,35.2720837032,129.2232314125,2023,한전주,051-709-4684,부산광역시 기장군청,2025-11-17
일광면1083,1,,부산광역시 기장군 일광읍 삼성리 산 60,35.2651909785,129.209595448,2023,,051-709-4684,부산광역시 기장군청,2025-11-17
일광면1084,1,,부산광역시 기장군 일광읍 삼성리 648-1,35.2638652684,129.2117796339,2023,한전주,051-709-4684,부산광역시 기장군청,2025-11-17
일광면1085,1,,부산광역시 기장군 일광읍 원리 664-1,35.3090983221,129.2279932157,2023,한전주,051-709-4684,부산광역시 기장군청,2025-11-17
일광면1086,1,,부산광역시 기장군 일광읍 삼성리 188-2,35.2606412808,129.2273747911,2023,,051-709-4684,부산광역시 기장군청,2025-11-17
일광면1087,1,,부산광역시 기장군 일광읍 이천리 717-4,35.2702758529,129.2291318,2022,한전주,051-709-4684,부산광역시 기장군청,2025-11-17
일광면1088,1,,부산광역시 기장군 일광읍 원리 150-1,35.3071537403,129.2403714705,2023,한전주,051-709-4684,부산광역시 기장군청,2025-11-17
일광면1089,1,,부산광역시 기장군 일광읍 원리 163-23,35.30788318,129.2405059,2023,한전주,051-709-4684,부산광역시 기장군청,2025-11-17
일광면1807,1,,부산광역시 기장군 일광읍 화전리 447-13,35.2833621486,129.2200581813,2021,한전주,051-709-4684,부산광역시 기장군청,2025-11-17
일광면-950,1,,부산광역시 기장군 일광읍 용천리 643,35.295460951,129.2004701817,2022,한전주,051-709-4684,부산광역시 기장군청,2025-11-17
일광면-951,1,,부산광역시 기장군 일광읍 용천리 829,35.29893763,129.1916894245,2022,한전주,051-709-4684,부산광역시 기장군청,2025-11-17
일광면동백리-1,1,,부산광역시 기장군 일광읍 동백리 11,35.2912357909,129.2583752348,,한전주,051-709-4684,부산광역시 기장군청,2025-11-17
일광면동백리-2,1,,부산광역시 기장군 일광읍 동백리 5-29,35.29088593,129.2586212,,한전주,051-709-4684,부산광역시 기장군청,2025-11-17
일광면동백리-3,1,,부산광역시 기장군 일광읍 동백리 5-3,35.2908655666,129.2589048828,,한전주,051-709-4684,부산광역시 기장군청,2025-11-17
일광면동백리-4,1,,부산광역시 기장군 일광읍 동백리 6-1,35.2910774482,129.2594141449,,한전주,051-709-4684,부산광역시 기장군청,2025-11-17
일광면동백리-5,1,,부산광역시 기장군 일광읍 동백리 7-16,35.2912283715,129.2600006261,,한전주,051-709-4684,부산광역시 기장군청,2025-11-17
일광면동백리-6,1,,부산광역시 기장군 일광읍 동백리 7-3,35.2915813629,129.2602085254,,한전주,051-709-4684,부산광역시 기장군청,2025-11-17
일광면동백리-7,1,,부산광역시 기장군 일광읍 동백리 1-1,35.2919223244,129.2601776,,한전주,051-709-4684,부산광역시 기장군청,2025-11-17
일광면동백리-8,1,,부산광역시 기장군 일광읍 동백리 7-7,35.2908129697,129.2595825,,한전주,051-709-4684,부산광역시 기장군청,2025-11-17
일광면동백리-9,1,,부산광역시 기장군 일광읍 동백리 7-10,35.29046249,129.2590083973,,한전주,051-709-4684,부산광역시 기장군청,2025-11-17
일광면동백리-10,1,,부산광역시 기장군 일광읍 동백리 20-1,35.2902418253,129.2582868901,,한전주,051-709-4684,부산광역시 기장군청,2025-11-17
일광면동백리-11,1,,부산광역시 기장군 일광읍 동백리 20-1,35.29027939,129.2582868901,,한전주,051-709-4684,부산광역시 기장군청,2025-11-17
일광면동백리-12,1,,부산광역시 기장군 일광읍 동백리 49-6,35.290330003,129.2566937833,,한전주,051-709-4684,부산광역시 기장군청,2025-11-17
일광면동백리-13,1,,부산광역시 기장군 일광읍 동백리 49-1,35.2904265944,129.2565918,,한전주,051-709-4684,부산광역시 기장군청,2025-11-17
일광면동백리-14,1,,부산광역시 기장군 일광읍 동백리 67-3,35.2911128768,129.2565582771,,한전주,051-709-4684,부산광역시 기장군청,2025-11-17
일광면동백리-15,1,,부산광역시 기장군 일광읍 동백리 66,35.2913915588,129.2567925976,,한전주,051-709-4684,부산광역시 기장군청,2025-11-17
일광면동백리-16,1,,부산광역시 기장군 일광읍 동백리 76-2,35.291702985,129.2548378403,,한전주,051-709-4684,부산광역시 기장군청,2025-11-17
일광면동백리-17,1,,부산광역시 기장군 일광읍 동백리 105-5,35.29043198,129.2548693851,,전용주,051-709-4684,부산광역시 기장군청,2025-11-17
일광면동백리-18,1,,부산광역시 기장군 일광읍 동백리 105-12,35.29030609,129.2549744,,한전주,051-709-4684,부산광역시 기장군청,2025-11-17
일광면동백리-19,1,,부산광역시 기장군 일광읍 동백리 105,35.2903775015,129.2542690268,,한전주,051-709-4684,부산광역시 기장군청,2025-11-17
일광면동백리-20,1,,부산광역시 기장군 일광읍 동백리 97,35.2906442762,129.2541229732,,한전주,051-709-4684,부산광역시 기장군청,2025-11-17
일광면동백리-21,1,,부산광역시 기장군 일광읍 동백리 377-3,35.29056549,129.2526093,,한전주,051-709-4684,부산광역시 기장군청,2025-11-17
일광면동백리-22,1,,부산광역시 기장군 일광읍 동백리 100-34,35.29000473,129.2548523,,한전주,051-709-4684,부산광역시 기장군청,2025-11-17
일광면동백리-23,1,,부산광역시 기장군 일광읍 동백리 123,35.29059982,129.255280091,,한전주,051-709-4684,부산광역시 기장군청,2025-11-17
일광면동백리-24,1,,부산광역시 기장군 일광읍 동백리 118,35.2905102056,129.2558271302,,한전주,051-709-4684,부산광역시 기장군청,2025-11-17
일광면동백리-25,1,,부산광역시 기장군 일광읍 동백리 125-1,35.2902774295,129.2554946965,,한전주,051-709-4684,부산광역시 기장군청,2025-11-17
일광면동백리-26,1,,부산광역시 기장군 일광읍 동백리 49-3,35.2903862,129.2562438597,,한전주,051-709-4684,부산광역시 기장군청,2025-11-17
일광면동백리-27,1,,부산광역시 기장군 일광읍 동백리 130-1,35.29000092,129.2559967,,전용주,051-709-4684,부산광역시 기장군청,2025-11-17
일광면동백리-28,1,,부산광역시 기장군 일광읍 동백리 436-21,35.28999329,129.2564697,,전용주,051-709-4684,부산광역시 기장군청,2025-11-17
일광면동백리-29,1,,부산광역시 기장군 일광읍 동백리 50-6,35.2898382755,129.2568207,,한전주,051-709-4684,부산광역시 기장군청,2025-11-17
일광면동백리-30,1,,부산광역시 기장군 일광읍 동백리 436-8,35.28956223,129.2564396369,,전용주,051-709-4684,부산광역시 기장군청,2025-11-17
일광면동백리-31,1,,부산광역시 기장군 일광읍 동백리 36,35.28966904,129.2565002,,한전주,051-709-4684,부산광역시 기장군청,2025-11-17
일광면동백리-32,1,,부산광역시 기장군 일광읍 동백리 133,35.2897682435,129.2557983,,한전주,051-709-4684,부산광역시 기장군청,2025-11-17
일광면동백리-33,1,,부산광역시 기장군 일광읍 동백리 17-7,35.28987503,129.2555847,,한전주,051-709-4684,부산광역시 기장군청,2025-11-17
일광면동백리-34,1,,부산광역시 기장군 일광읍 동백리 147-3,35.28942108,129.2556152,,한전주,051-709-4684,부산광역시 기장군청,2025-11-17
일광면동백리-35,1,,부산광역시 기장군 일광읍 동백리 365-2,35.2906525653,129.2510722024,,한전주,051-709-4684,부산광역시 기장군청,2025-11-17
일광면동백리-36,1,,부산광역시 기장군 일광읍 동백리 365-24,35.29013824,129.2507324,,한전주,051-709-4684,부산광역시 기장군청,2025-11-17
일광면동백리-37,1,,부산광역시 기장군 일광읍 동백리 365-19,35.2902889519,129.250428887,,한전주,051-709-4684,부산광역시 기장군청,2025-11-17
일광면동백리-38,1,,부산광역시 기장군 일광읍 동백리 366-3,35.2921391666,129.2492218,,한전주,051-709-4684,부산광역시 기장군청,2025-11-17
일광면동백리-39,1,,부산광역시 기장군 일광읍 동백리 381-1,35.2927332677,129.2488318813,,한전주,051-709-4684,부산광역시 기장군청,2025-11-17
일광면동백리-40,1,,부산광역시 기장군 일광읍 동백리 219-2,35.28830719,129.2568543053,,한전주,051-709-4684,부산광역시 기장군청,2025-11-17
일광면동백리-41,1,,부산광역시 기장군 일광읍 동백리 225-3,35.28784561,129.2569555459,,전용주,051-709-4684,부산광역시 기장군청,2025-11-17
일광면동백리-42,1,,부산광역시 기장군 일광읍 동백리 233-15,35.2869729238,129.258088462,,전용주,051-709-4684,부산광역시 기장군청,2025-11-17
일광면동백리-43,1,,부산광역시 기장군 일광읍 동백리 233-24,35.2865879962,129.2583978886,,전용주,051-709-4684,부산광역시 기장군청,2025-11-17
일광면동백리-44,1,,부산광역시 기장군 일광읍 동백리 234-3,35.2864727393,129.2582118557,,한전주,051-709-4684,부산광역시 기장군청,2025-11-17
일광면동백리-45,1,,부산광역시 기장군 일광읍 동백리 234-3,35.2864727393,129.2582118557,,한전주,051-709-4684,부산광역시 기장군청,2025-11-17
일광면동백리-46,1,,부산광역시 기장군 일광읍 동백리 233-48,35.2869028813,129.2583771,,전용주,051-709-4684,부산광역시 기장군청,2025-11-17
일광면동백리-47,1,,부산광역시 기장군 일광읍 동백리 235,35.28650665,129.2581482,,한전주,051-709-4684,부산광역시 기장군청,2025-11-17
일광면동백리-48,1,,부산광역시 기장군 일광읍 동백리 234-33,35.2864589847,129.2579193,,한전주,051-709-4684,부산광역시 기장군청,2025-11-17
일광면동백리-49,1,,부산광역시 기장군 일광읍 동백리 229-2,35.28744888,129.256858886,,전용주,051-709-4684,부산광역시 기장군청,2025-11-17
일광면동백리-50,1,,부산광역시 기장군 일광읍 동백리 230-5,35.28734207,129.2568906368,,한전주,051-709-4684,부산광역시 기장군청,2025-11-17
일광면동백리-51,1,,부산광역시 기장군 일광읍 동백리 232,35.2871472127,129.2571564,,한전주,051-709-4684,부산광역시 기장군청,2025-11-17
일광면동백리-52,1,,부산광역시 기장군 일광읍 동백리 444-1,35.28692245,129.2575073,,전용주,051-709-4684,부산광역시 기장군청,2025-11-17
일광면동백리-53,1,,부산광역시 기장군 일광읍 동백리 443-3,35.28632467,129.2575684,,한전주,051-709-4684,부산광역시 기장군청,2025-11-17
일광면동백리-54,1,,부산광역시 기장군 일광읍 동백리 252-10,35.286376639,129.2571042744,,한전주,051-709-4684,부산광역시 기장군청,2025-11-17
일광면동백리-55,1,,부산광역시 기장군 일광읍 동백리 252-10,35.28635406,129.2571042744,,한전주,051-709-4684,부산광역시 기장군청,2025-11-17
일광면동백리-56,1,,부산광역시 기장군 일광읍 동백리 234-17,35.2862043115,129.2580590223,,한전주,051-709-4684,부산광역시 기장군청,2025-11-17
일광면동백리-57,1,,부산광역시 기장군 일광읍 동백리 254,35.285893697,129.257918653,,전용주,051-709-4684,부산광역시 기장군청,2025-11-17
일광면동백리-58,1,,부산광역시 기장군 일광읍 동백리 254,35.285893697,129.2579803,,전용주,051-709-4684,부산광역시 기장군청,2025-11-17
일광면동백리-59,1,,부산광역시 기장군 일광읍 동백리 165,35.2883873,129.2558977194,,한전주,051-709-4684,부산광역시 기장군청,2025-11-17
일광면동백리-60,1,,부산광역시 기장군 일광읍 동백리 207-2,35.2881689921,129.2559662,,한전주,051-709-4684,부산광역시 기장군청,2025-11-17
일광면동백리-61,1,,부산광역시 기장군 일광읍 동백리 199-7,35.28713608,129.2561951,,한전주,051-709-4684,부산광역시 기장군청,2025-11-17
일광면동백리-62,1,,부산광역시 기장군 일광읍 동백리 201-1,35.2871708727,129.2556863595,,한전주,051-709-4684,부산광역시 기장군청,2025-11-17
일광면동백리-63,1,,부산광역시 기장군 일광읍 동백리 250-9,35.2856179544,129.2561218225,,한전주,051-709-4684,부산광역시 기장군청,2025-11-17
일광면동백리-65,1,,부산광역시 기장군 일광읍 동백리 287-7,35.2832222,129.256958,,한전주,051-709-4684,부산광역시 기장군청,2025-11-17
일광면동백리-66,1,,부산광역시 기장군 일광읍 동백리 286-4,35.2827880603,129.2572621021,,한전주,051-709-4684,부산광역시 기장군청,2025-11-17
일광면동백리-67,1,,부산광역시 기장군 일광읍 동백리 285-15,35.2830271894,129.2575226,,한전주,051-709-4684,부산광역시 기장군청,2025-11-17
일광면동백리-68,1,,부산광역시 기장군 일광읍 동백리 285-12,35.2828175252,129.2578118684,,한전주,051-709-4684,부산광역시 기장군청,2025-11-17
일광면동백리-69,1,,부산광역시 기장군 일광읍 동백리 285-7,35.2828315408,129.258194,,한전주,051-709-4684,부산광역시 기장군청,2025-11-17
일광면동백리-70,1,,부산광역시 기장군 일광읍 동백리 285-4,35.28293991,129.2583999384,,한전주,051-709-4684,부산광역시 기장군청,2025-11-17
일광면동백리-71,1,,부산광역시 기장군 일광읍 동백리 266-6,35.2827856526,129.2592158525,,한전주,051-709-4684,부산광역시 기장군청,2025-11-17
일광면동백리-72,1,,부산광역시 기장군 일광읍 동백리 266-26,35.28264618,129.2590214422,,전용주,051-709-4684,부산광역시 기장군청,2025-11-17
일광면동백리-73,1,,부산광역시 기장군 일광읍 동백리 266-26,35.28269958,129.2590214422,,한전주,051-709-4684,부산광역시 기장군청,2025-11-17
일광면동백리-74,1,,부산광역시 기장군 일광읍 동백리 산 55-5,35.2805664399,129.2550740272,,한전주,051-709-4684,부산광역시 기장군청,2025-11-17
일광면문동리-1,1,,부산광역시 기장군 일광읍 문동리 46,35.3094871914,129.2602552698,,건축물,051-709-4684,부산광역시 기장군청,2025-11-17
일광면문동리-2,1,,부산광역시 기장군 일광읍 문동리 50,35.30881119,129.2599487,,전용주,051-709-4684,부산광역시 기장군청,2025-11-17
일광면문동리-3,1,,부산광역시 기장군 일광읍 문동리 50,35.3088343241,129.2599251233,,한전주,051-709-4684,부산광역시 기장군청,2025-11-17
일광면문동리-4,1,,부산광역시 기장군 일광읍 문동리 58,35.3080368,129.2592712317,,전용주,051-709-4684,부산광역시 기장군청,2025-11-17
일광면문동리-5,1,,부산광역시 기장군 일광읍 문동리 201-7,35.30809784,129.2589554878,,한전주,051-709-4684,부산광역시 기장군청,2025-11-17
일광면문동리-6,1,,부산광역시 기장군 일광읍 문동리 201-7,35.3080634218,129.2589554878,,한전주,051-709-4684,부산광역시 기장군청,2025-11-17
일광면문동리-7,1,,부산광역시 기장군 일광읍 문동리 55,35.30761719,129.2592256237,,전용주,051-709-4684,부산광역시 기장군청,2025-11-17
일광면문동리-8,1,,부산광역시 기장군 일광읍 문동리 211,35.3070890481,129.2586772584,,한전주,051-709-4684,부산광역시 기장군청,2025-11-17
일광면문동리-9,1,,부산광역시 기장군 일광읍 문동리 214,35.30681992,129.2585879243,,한전주,051-709-4684,부산광역시 기장군청,2025-11-17
일광면문동리-10,1,,부산광역시 기장군 일광읍 문동리 173,35.3071126111,129.2581754961,,전용주,051-709-4684,부산광역시 기장군청,2025-11-17
일광면문동리-11,1,,부산광역시 기장군 일광읍 문동리 227-1,35.30706406,129.2576832871,,한전주,051-709-4684,부산광역시 기장군청,2025-11-17
일광면문동리-12,1,,부산광역시 기장군 일광읍 문동리 219,35.30667114,129.2584991,,한전주,051-709-4684,부산광역시 기장군청,2025-11-17
일광면문동리-13,1,,부산광역시 기장군 일광읍 문동리 223,35.30653381,129.2582703,,전용주,051-709-4684,부산광역시 기장군청,2025-11-17
일광면문동리-14,1,,부산광역시 기장군 일광읍 문동리 230,35.3063626438,129.2579391324,,건축물,051-709-4684,부산광역시 기장군청,2025-11-17
일광면문동리-15,1,,부산광역시 기장군 일광읍 문동리 275,35.30581284,129.2575989,,한전주,051-709-4684,부산광역시 기장군청,2025-11-17
일광면문동리-16,1,,부산광역시 기장군 일광읍 문동리 276,35.3058299588,129.2574250347,,한전주,051-709-4684,부산광역시 기장군청,2025-11-17
일광면문동리-17,1,,부산광역시 기장군 일광읍 문동리 264,35.3056849742,129.2572937,,건축물,051-709-4684,부산광역시 기장군청,2025-11-17
일광면문동리-18,1,,부산광역시 기장군 일광읍 문동리 262-3,35.30606842,129.2570343,,한전주,051-709-4684,부산광역시 기장군청,2025-11-17
일광면문동리-19,1,,부산광역시 기장군 일광읍 문동리 234-7,35.30641937,129.2569275,,한전주,051-709-4684,부산광역시 기장군청,2025-11-17
일광면문동리-20,1,,부산광역시 기장군 일광읍 문동리 280,35.3053522136,129.2575342097,,전용주,051-709-4684,부산광역시 기장군청,2025-11-17
일광면문동리-21,1,,부산광역시 기장군 일광읍 문동리 286-2,35.30496216,129.2576904,,전용주,051-709-4684,부산광역시 기장군청,2025-11-17
일광면문동리-22,1,,부산광역시 기장군 일광읍 문동리 300-3,35.30473709,129.257756207,,전용주,051-709-4684,부산광역시 기장군청,2025-11-17
일광면문동리-23,1,,부산광역시 기장군 일광읍 문동리 285,35.3048614479,129.2570960625,,한전주,051-709-4684,부산광역시 기장군청,2025-11-17
일광면문동리-24,1,,부산광역시 기장군 일광읍 문동리 254-3,35.305620942,129.2562930029,,한전주,051-709-4684,부산광역시 기장군청,2025-11-17
일광면문동리-25,1,,부산광역시 기장군 일광읍 문동리 251,35.3058025694,129.2552338,,한전주,051-709-4684,부산광역시 기장군청,2025-11-17
일광면문동리-26,1,,부산광역시 기장군 일광읍 문동리 248-6,35.3060405886,129.2526587742,,한전주,051-709-4684,부산광역시 기장군청,2025-11-17
일광면문동리-27,1,,부산광역시 기장군 일광읍 문동리 110,35.30653763,129.2566223,,건축물,051-709-4684,부산광역시 기장군청,2025-11-17
일광면문동리-28,1,,부산광역시 기장군 일광읍 문동리 108,35.3065756686,129.2563324,,한전주,051-709-4684,부산광역시 기장군청,2025-11-17
일광면문동리-29,1,,부산광역시 기장군 일광읍 문동리 118,35.3070322169,129.2563019,,전용주,051-709-4684,부산광역시 기장군청,2025-11-17
일광면문동리-30,1,,부산광역시 기장군 일광읍 문동리 116,35.3069237319,129.2561035,,한전주,051-709-4684,부산광역시 기장군청,2025-11-17
일광면문동리-31,1,,부산광역시 기장군 일광읍 문동리 123,35.3071860372,129.2563324,,한전주,051-709-4684,부산광역시 기장군청,2025-11-17
일광면문동리-32,1,,부산광역시 기장군 일광읍 문동리 124-1,35.30736923,129.2566986,,전용주,051-709-4684,부산광역시 기장군청,2025-11-17
일광면문동리-33,1,,부산광역시 기장군 일광읍 문동리 126-1,35.307629028,129.2569885,,한전주,051-709-4684,부산광역시 기장군청,2025-11-17
일광면문동리-34,1,,부산광역시 기장군 일광읍 문동리 127,35.30788442,129.2567373188,,한전주,051-709-4684,부산광역시 기장군청,2025-11-17
일광면문중리-1,1,,부산광역시 기장군 일광읍 문중리 114-1,35.3045071977,129.2578838882,,한전주,051-709-4684,부산광역시 기장군청,2025-11-17
일광면문중리-2,1,,부산광역시 기장군 일광읍 문중리 114-4,35.3044679834,129.2575688245,,한전주,051-709-4684,부산광역시 기장군청,2025-11-17
일광면문중리-3,1,,부산광역시 기장군 일광읍 문중리 113-1,35.30425262,129.2577925603,,건축물,051-709-4684,부산광역시 기장군청,2025-11-17
일광면문중리-4,1,,부산광역시 기장군 일광읍 문중리 119-1,35.304061728,129.2575917531,,한전주,051-709-4684,부산광역시 기장군청,2025-11-17
일광면문중리-5,1,,부산광역시 기장군 일광읍 문중리 119-2,35.3039295218,129.2571064317,,한전주,051-709-4684,부산광역시 기장군청,2025-11-17
일광면문중리-7,1,,부산광역시 기장군 일광읍 문중리 85-1,35.3038612034,129.2576537316,,한전주,051-709-4684,부산광역시 기장군청,2025-11-17
일광면문중리-8,1,,부산광역시 기장군 일광읍 문중리 79-1,35.3036715014,129.2571411,,한전주,051-709-4684,부산광역시 기장군청,2025-11-17
일광면문중리-9,1,,부산광역시 기장군 일광읍 문중리 101,35.30368042,129.2581246349,,한전주,051-709-4684,부산광역시 기장군청,2025-11-17
일광면문중리-12,1,,부산광역시 기장군 일광읍 문중리 89-4,35.3031311,129.2580327453,,전용주,051-709-4684,부산광역시 기장군청,2025-11-17
일광면문중리-15,1,,부산광역시 기장군 일광읍 문중리 29-2,35.30216599,129.2588348,,한전주,051-709-4684,부산광역시 기장군청,2025-11-17
일광면문중리-16,1,,부산광역시 기장군 일광읍 문중리 34,35.3025973617,129.2588103323,,한전주,051-709-4684,부산광역시 기장군청,2025-11-17
일광면문중리-17,1,,부산광역시 기장군 일광읍 문중리 22-13,35.30207825,129.2593079,,건축물,051-709-4684,부산광역시 기장군청,2025-11-17
일광면문중리-18,1,,부산광역시 기장군 일광읍 문중리 202-7,35.3021681597,129.2596283,,한전주,051-709-4684,부산광역시 기장군청,2025-11-17
일광면문중리-19,1,,부산광역시 기장군 일광읍 문중리 2,35.30276871,129.2592163,,한전주,051-709-4684,부산광역시 기장군청,2025-11-17
일광면문중리-20,1,,부산광역시 기장군 일광읍 문중리 95-1,35.30304718,129.2586807083,,한전주,051-709-4684,부산광역시 기장군청,2025-11-17
일광면문중리-21,1,,부산광역시 기장군 일광읍 문중리 24-2,35.30127716,129.2590371589,,한전주,051-709-4684,부산광역시 기장군청,2025-11-17
일광면문중리-22,1,,부산광역시 기장군 일광읍 문중리 26-2,35.3013649,129.2587363349,,한전주,051-709-4684,부산광역시 기장군청,2025-11-17
일광면문중리-23,1,,부산광역시 기장군 일광읍 문중리 27-4,35.3018716303,129.2584306301,,건축물,051-709-4684,부산광역시 기장군청,2025-11-17
일광면문중리-24,1,,부산광역시 기장군 일광읍 문중리 52-1,35.3024428286,129.2549771997,,한전주,051-709-4684,부산광역시 기장군청,2025-11-17
일광면문중리-25,1,,부산광역시 기장군 일광읍 문중리 188-3,35.30238724,129.2524109,,한전주,051-709-4684,부산광역시 기장군청,2025-11-17
일광면문중리-26,1,,부산광역시 기장군 일광읍 문중리 190-1,35.3026160029,129.2510071,,한전주,051-709-4684,부산광역시 기장군청,2025-11-17
일광면문중리-27,1,,부산광역시 기장군 일광읍 문중리 191-5,35.3024861166,129.2503662,,한전주,051-709-4684,부산광역시 기장군청,2025-11-17
일광면문중리-28,1,,부산광역시 기장군 일광읍 문중리 191-5,35.3024861166,129.2503930774,,한전주,051-709-4684,부산광역시 기장군청,2025-11-17
일광면문중리-29,1,,부산광역시 기장군 일광읍 문중리 182-15,35.302510192,129.2497406753,,한전주,051-709-4684,부산광역시 기장군청,2025-11-17
일광면문중리-30,1,,부산광역시 기장군 일광읍 문중리 182-11,35.3024617279,129.2490544488,,한전주,051-709-4684,부산광역시 기장군청,2025-11-17
일광면문중리-31,1,,부산광역시 기장군 일광읍 문중리 182-11,35.3024617279,129.2490544488,,한전주,051-709-4684,부산광역시 기장군청,2025-11-17
일광면문중리-32,1,,부산광역시 기장군 일광읍 문중리 산 8-3,35.3019833048,129.2507324,,한전주,051-709-4684,부산광역시 기장군청,2025-11-17
일광면문중리-33,1,,부산광역시 기장군 일광읍 문중리 산 8-3,35.3019833048,129.2507629,,한전주,051-709-4684,부산광역시 기장군청,2025-11-17
일광면문중리-34,1,,부산광역시 기장군 일광읍 문중리 산 8-3,35.3019833048,129.2507935,,한전주,051-709-4684,부산광역시 기장군청,2025-11-17
일광면문중리-35,1,,부산광역시 기장군 일광읍 문중리 산 8-22,35.3014612953,129.2505818387,,한전주,051-709-4684,부산광역시 기장군청,2025-11-17
일광면문중리-36,1,,부산광역시 기장군 일광읍 문중리 196-2,35.3006108655,129.2507043704,,한전주,051-709-4684,부산광역시 기장군청,2025-11-17
일광면문중리-37,1,,부산광역시 기장군 일광읍 문중리 196-2,35.3006897,129.2507043704,,한전주,051-709-4684,부산광역시 기장군청,2025-11-17
일광면문중리-38,1,,부산광역시 기장군 일광읍 문중리 193-4,35.3003389404,129.2503643854,,한전주,051-709-4684,부산광역시 기장군청,2025-11-17
일광면삼성리-1,1,,부산광역시 기장군 일광읍 삼성리 673-22,35.2663820531,129.2341003,,한전주,051-709-4684,부산광역시 기장군청,2025-11-17
일광면삼성리-9,1,,부산광역시 기장군 일광읍 삼성리 46-1,35.26477432,129.2349619534,,전용주,051-709-4684,부산광역시 기장군청,2025-11-17
일광면삼성리-10,1,,부산광역시 기장군 일광읍 삼성리 46-1,35.2647345934,129.2349619534,,한전주,051-709-4684,부산광역시 기장군청,2025-11-17
일광면삼성리-11,1,,부산광역시 기장군 일광읍 삼성리 38-3,35.2644440036,129.234375,,한전주,051-709-4684,부산광역시 기장군청,2025-11-17
일광면삼성리-12,1,,부산광역시 기장군 일광읍 삼성리 38-1,35.26449966,129.2339042856,,한전주,051-709-4684,부산광역시 기장군청,2025-11-17
일광면삼성리-13,1,,부산광역시 기장군 일광읍 삼성리 36-5,35.26481247,129.2337346897,,한전주,051-709-4684,부산광역시 기장군청,2025-11-17
일광면삼성리-14,1,,부산광역시 기장군 일광읍 삼성리 35-19,35.2650142523,129.2341811478,,한전주,051-709-4684,부산광역시 기장군청,2025-11-17
일광면삼성리-15,1,,부산광역시 기장군 일광읍 삼성리 35-11,35.2651378018,129.2341705179,,한전주,051-709-4684,부산광역시 기장군청,2025-11-17
일광면삼성리-16,1,,부산광역시 기장군 일광읍 삼성리 36-4,35.2651929648,129.2338283672,,한전주,051-709-4684,부산광역시 기장군청,2025-11-17
일광면삼성리-17,1,,부산광역시 기장군 일광읍 삼성리 36-3,35.26539993,129.2336985163,,한전주,051-709-4684,부산광역시 기장군청,2025-11-17
일광면삼성리-18,1,,부산광역시 기장군 일광읍 삼성리 38-14,35.26411438,129.2338280371,,한전주,051-709-4684,부산광역시 기장군청,2025-11-17
일광면삼성리-19,1,,부산광역시 기장군 일광읍 삼성리 44-1,35.263698152,129.233857178,,전용주,051-709-4684,부산광역시 기장군청,2025-11-17
일광면삼성리-20,1,,부산광역시 기장군 일광읍 삼성리 40-11,35.26358032,129.2338104,,한전주,051-709-4684,부산광역시 기장군청,2025-11-17
일광면삼성리-21,1,,부산광역시 기장군 일광읍 삼성리 38-17,35.26390457,129.2340698,,한전주,051-709-4684,부산광역시 기장군청,2025-11-17
일광면삼성리-22,1,,부산광역시 기장군 일광읍 삼성리 38-8,35.26408768,129.2341190368,,한전주,051-709-4684,부산광역시 기장군청,2025-11-17
일광면삼성리-23,1,,부산광역시 기장군 일광읍 삼성리 38-6,35.26433563,129.2344055,,한전주,051-709-4684,부산광역시 기장군청,2025-11-17
일광면삼성리-24,1,,부산광역시 기장군 일광읍 삼성리 40-5,35.2634302765,129.2340393,,한전주,051-709-4684,부산광역시 기장군청,2025-11-17
일광면삼성리-25,1,,부산광역시 기장군 일광읍 삼성리 85-2,35.2636864051,129.2331696,,한전주,051-709-4684,부산광역시 기장군청,2025-11-17
일광면삼성리-26,1,,부산광역시 기장군 일광읍 삼성리 87-1,35.26357269,129.2333984,,한전주,051-709-4684,부산광역시 기장군청,2025-11-17
일광면삼성리-27,1,,부산광역시 기장군 일광읍 삼성리 91,35.2632835987,129.2331323761,,한전주,051-709-4684,부산광역시 기장군청,2025-11-17
일광면삼성리-28,1,,부산광역시 기장군 일광읍 삼성리 88,35.26347351,129.233078,,한전주,051-709-4684,부산광역시 기장군청,2025-11-17
일광면삼성리-29,1,,부산광역시 기장군 일광읍 삼성리 93,35.2630864969,129.2329597327,,한전주,051-709-4684,부산광역시 기장군청,2025-11-17
일광면삼성리-30,1,,부산광역시 기장군 일광읍 삼성리 110,35.26299667,129.2329407,,건축물,051-709-4684,부산광역시 기장군청,2025-11-17
일광면삼성리-31,1,,부산광역시 기장군 일광읍 삼성리 109-43,35.2626152,129.2326965,,건축물,051-709-4684,부산광역시 기장군청,2025-11-17
일광면삼성리-32,1,,부산광역시 기장군 일광읍 삼성리 197,35.2615946455,129.230706609,,한전주,051-709-4684,부산광역시 기장군청,2025-11-17
일광면삼성리-33,1,,부산광역시 기장군 일광읍 삼성리 산 87-6,35.261521993,129.2314982121,,전용주,051-709-4684,부산광역시 기장군청,2025-11-17
일광면삼성리-34,1,,부산광역시 기장군 일광읍 삼성리 산 87-8,35.2611988596,129.2316296463,,전용주,051-709-4684,부산광역시 기장군청,2025-11-17
일광면삼성리-35,1,,부산광역시 기장군 일광읍 삼성리 118-21,35.2610611699,129.2319813444,,전용주,051-709-4684,부산광역시 기장군청,2025-11-17
일광면삼성리-36,1,,부산광역시 기장군 일광읍 삼성리 산 86-43,35.26088715,129.2327576,,한전주,051-709-4684,부산광역시 기장군청,2025-11-17
일광면삼성리-37,1,,부산광역시 기장군 일광읍 삼성리 714-4,35.2611258183,129.2330715223,,전용주,051-709-4684,부산광역시 기장군청,2025-11-17
일광면삼성리-38,1,,부산광역시 기장군 일광읍 삼성리 714-1,35.2614570341,129.2329254,,한전주,051-709-4684,부산광역시 기장군청,2025-11-17
일광면삼성리-39,1,,부산광역시 기장군 일광읍 삼성리 41,35.2632183386,129.233818505,,전용주,051-709-4684,부산광역시 기장군청,2025-11-17
일광면삼성리-40,1,,부산광역시 기장군 일광읍 삼성리 41,35.26327133,129.233818505,,한전주,051-709-4684,부산광역시 기장군청,2025-11-17
일광면삼성리-41,1,,부산광역시 기장군 일광읍 삼성리 43-5,35.2634376601,129.2336731,,한전주,051-709-4684,부산광역시 기장군청,2025-11-17
일광면삼성리-42,1,,부산광역시 기장군 일광읍 삼성리 115-2,35.2630227811,129.2335663,,한전주,051-709-4684,부산광역시 기장군청,2025-11-17
일광면삼성리-43,1,,부산광역시 기장군 일광읍 삼성리 115-2,35.26305389,129.2335358,,전용주,051-709-4684,부산광역시 기장군청,2025-11-17
일광면삼성리-44,1,,부산광역시 기장군 일광읍 삼성리 115-5,35.2625781952,129.2335141849,,전용주,051-709-4684,부산광역시 기장군청,2025-11-17
일광면삼성리-45,1,,부산광역시 기장군 일광읍 삼성리 115-33,35.2623523073,129.2333527,,전용주,051-709-4684,부산광역시 기장군청,2025-11-17
일광면삼성리-46,1,,부산광역시 기장군 일광읍 삼성리 115-26,35.2621723693,129.2334405239,,전용주,051-709-4684,부산광역시 기장군청,2025-11-17
일광면삼성리-47,1,,부산광역시 기장군 일광읍 삼성리 115-28,35.262038289,129.2335605368,,전용주,051-709-4684,부산광역시 기장군청,2025-11-17
일광면삼성리-48,1,,부산광역시 기장군 일광읍 삼성리 118-8,35.2606163,129.2325046109,,한전주,051-709-4684,부산광역시 기장군청,2025-11-17
일광면삼성리-49,1,,부산광역시 기장군 일광읍 삼성리 산 86-51,35.26043701,129.2326125524,,한전주,051-709-4684,부산광역시 기장군청,2025-11-17
일광면삼성리-50,1,,부산광역시 기장군 일광읍 삼성리 118-15,35.26018906,129.2326813,,한전주,051-709-4684,부산광역시 기장군청,2025-11-17
일광면삼성리-51,1,,부산광역시 기장군 일광읍 삼성리 715-9,35.2599678,129.2328163391,,한전주,051-709-4684,부산광역시 기장군청,2025-11-17
일광면삼성리-52,1,,부산광역시 기장군 일광읍 삼성리 716-6,35.25979614,129.2328158667,,한전주,051-709-4684,부산광역시 기장군청,2025-11-17
일광면삼성리-53,1,,부산광역시 기장군 일광읍 삼성리 716-9,35.2593656067,129.2327400794,,한전주,051-709-4684,부산광역시 기장군청,2025-11-17
일광면삼성리-54,1,,부산광역시 기장군 일광읍 삼성리 716-19,35.2591415233,129.2327355146,,한전주,051-709-4684,부산광역시 기장군청,2025-11-17
일광면삼성리-55,1,,부산광역시 기장군 일광읍 삼성리 716-14,35.25901794,129.2333527,,한전주,051-709-4684,부산광역시 기장군청,2025-11-17
일광면삼성리-56,1,,부산광역시 기장군 일광읍 삼성리 717-7,35.2585839588,129.2327140965,,한전주,051-709-4684,부산광역시 기장군청,2025-11-17
일광면삼성리-57,1,,부산광역시 기장군 일광읍 삼성리 125-1,35.258117806,129.2326202,,한전주,051-709-4684,부산광역시 기장군청,2025-11-17
일광면삼성리-58,1,,부산광역시 기장군 일광읍 삼성리 94,35.2630806,129.2328116405,,전용주,051-709-4684,부산광역시 기장군청,2025-11-17
일광면삼성리-59,1,,부산광역시 기장군 일광읍 삼성리 27-14,35.2658442372,129.2333489897,,전용주,051-709-4684,부산광역시 기장군청,2025-11-17
일광면삼성리-60,1,,부산광역시 기장군 일광읍 삼성리 27-9,35.2657618753,129.2332553959,,한전주,051-709-4684,부산광역시 기장군청,2025-11-17
일광면삼성리-61,1,,부산광역시 기장군 일광읍 삼성리 29-4,35.2651807562,129.2327981367,,한전주,051-709-4684,부산광역시 기장군청,2025-11-17
일광면삼성리-62,1,,부산광역시 기장군 일광읍 삼성리 56-1,35.2648201,129.2325592,,한전주,051-709-4684,부산광역시 기장군청,2025-11-17
일광면삼성리-63,1,,부산광역시 기장군 일광읍 삼성리 55-3,35.2641896043,129.2324121384,,전용주,051-709-4684,부산광역시 기장군청,2025-11-17
일광면삼성리-64,1,,부산광역시 기장군 일광읍 삼성리 57-1,35.26403809,129.2325897,,한전주,051-709-4684,부산광역시 기장군청,2025-11-17
일광면삼성리-65,1,,부산광역시 기장군 일광읍 삼성리 100-4,35.2632571103,129.2322845,,건축물,051-709-4684,부산광역시 기장군청,2025-11-17
일광면삼성리-66,1,,부산광역시 기장군 일광읍 삼성리 100-10,35.26308823,129.2320296365,,한전주,051-709-4684,부산광역시 기장군청,2025-11-17
일광면삼성리-67,1,,부산광역시 기장군 일광읍 삼성리 70-2,35.2633370187,129.2319031,,건축물,051-709-4684,부산광역시 기장군청,2025-11-17
일광면삼성리-68,1,,부산광역시 기장군 일광읍 삼성리 200-21,35.26258469,129.231308,,전용주,051-709-4684,부산광역시 기장군청,2025-11-17
일광면삼성리-69,1,,부산광역시 기장군 일광읍 삼성리 672-40,35.26280975,129.2311401,,한전주,051-709-4684,부산광역시 기장군청,2025-11-17
일광면삼성리-70,1,,부산광역시 기장군 일광읍 삼성리 708-4,35.26020813,129.2113089277,,한전주,051-709-4684,부산광역시 기장군청,2025-11-17
일광면삼성리-71,1,,부산광역시 기장군 일광읍 삼성리 664-1,35.2604509784,129.2115044552,,한전주,051-709-4684,부산광역시 기장군청,2025-11-17
일광면삼성리-72,1,,부산광역시 기장군 일광읍 삼성리 648-4,35.2634897443,129.2117331909,,전용주,051-709-4684,부산광역시 기장군청,2025-11-17
일광면삼성리-73,1,,부산광역시 기장군 일광읍 삼성리 648-1,35.26382828,129.2117796339,,한전주,051-709-4684,부산광역시 기장군청,2025-11-17
일광면삼성리-74,1,,부산광역시 기장군 일광읍 삼성리 산 60,35.2651909785,129.209595448,,한전주,051-709-4684,부산광역시 기장군청,2025-11-17
일광면삼성리-75,1,,부산광역시 기장군 일광읍 삼성리 676-11,35.25997925,129.2261353,,한전주,051-709-4684,부산광역시 기장군청,2025-11-17
일광면신평리-1,1,,부산광역시 기장군 일광읍 신평리 산 1-1,35.3026274555,129.2470929853,,한전주,051-709-4684,부산광역시 기장군청,2025-11-17
일광면신평리-2,1,,부산광역시 기장군 일광읍 신평리 산 1-1,35.3026274555,129.2470929853,,한전주,051-709-4684,부산광역시 기장군청,2025-11-17
일광면신평리-3,1,,부산광역시 기장군 일광읍 신평리 282-8,35.30029678,129.2501449953,,한전주,051-709-4684,부산광역시 기장군청,2025-11-17
일광면신평리-4,1,,부산광역시 기장군 일광읍 신평리 282-10,35.30003738,129.2498295191,,한전주,051-709-4684,부산광역시 기장군청,2025-11-17
일광면신평리-5,1,,부산광역시 기장군 일광읍 신평리 283-2,35.2997158691,129.2492828,,한전주,051-709-4684,부산광역시 기장군청,2025-11-17
일광면신평리-6,1,,부산광역시 기장군 일광읍 신평리 285,35.2999358001,129.2486572,,한전주,051-709-4684,부산광역시 기장군청,2025-11-17
일광면신평리-7,1,,부산광역시 기장군 일광읍 신평리 282-3,35.3003073713,129.2492371,,한전주,051-709-4684,부산광역시 기장군청,2025-11-17
일광면신평리-8,1,,부산광역시 기장군 일광읍 신평리 70-2,35.29704285,129.2574158,,한전주,051-709-4684,부산광역시 기장군청,2025-11-17
일광면신평리-9,1,,부산광역시 기장군 일광읍 신평리 100,35.296257641,129.2567973444,,한전주,051-709-4684,부산광역시 기장군청,2025-11-17
일광면신평리-10,1,,부산광역시 기장군 일광읍 신평리 97,35.29586029,129.2569885,,전용주,051-709-4684,부산광역시 기장군청,2025-11-17
일광면신평리-11,1,,부산광역시 기장군 일광읍 신평리 174,35.2953286755,129.2572174,,한전주,051-709-4684,부산광역시 기장군청,2025-11-17
일광면신평리-12,1,,부산광역시 기장군 일광읍 신평리 192-3,35.294853974,129.2576107804,,한전주,051-709-4684,부산광역시 기장군청,2025-11-17
일광면신평리-13,1,,부산광역시 기장군 일광읍 신평리 192-3,35.29481888,129.2576107804,,한전주,051-709-4684,부산광역시 기장군청,2025-11-17
일광면신평리-14,1,,부산광역시 기장군 일광읍 신평리 212,35.2942419902,129.2572249816,,한전주,051-709-4684,부산광역시 기장군청,2025-11-17
일광면신평리-15,1,,부산광역시 기장군 일광읍 신평리 153-4,35.29256821,129.2532998422,,한전주,051-709-4684,부산광역시 기장군청,2025-11-17
일광면신평리-16,1,,부산광역시 기장군 일광읍 신평리 143-5,35.29311371,129.253079307,,한전주,051-709-4684,부산광역시 기장군청,2025-11-17
일광면신평리-17,1,,부산광역시 기장군 일광읍 신평리 242-2,35.29281616,129.2580872,,한전주,051-709-4684,부산광역시 기장군청,2025-11-17
일광면신평리-18,1,,부산광역시 기장군 일광읍 신평리 189-1,35.29519653,129.2576590783,,한전주,051-709-4684,부산광역시 기장군청,2025-11-17
일광면신평리-19,1,,부산광역시 기장군 일광읍 신평리 186,35.29504013,129.2580719,,전용주,051-709-4684,부산광역시 기장군청,2025-11-17
일광면신평리-20,1,,부산광역시 기장군 일광읍 신평리 184-1,35.29496765,129.2588478763,,전용주,051-709-4684,부산광역시 기장군청,2025-11-17
일광면신평리-21,1,,부산광역시 기장군 일광읍 신평리 180,35.2952690349,129.2584437144,,한전주,051-709-4684,부산광역시 기장군청,2025-11-17
일광면신평리-22,1,,부산광역시 기장군 일광읍 신평리 77-1,35.2957170188,129.2579651,,한전주,051-709-4684,부산광역시 기장군청,2025-11-17
일광면신평리-23,1,,부산광역시 기장군 일광읍 신평리 92,35.29589081,129.2574586577,,한전주,051-709-4684,부산광역시 기장군청,2025-11-17
일광면신평리-24,1,,부산광역시 기장군 일광읍 신평리 75,35.29600143,129.2578854769,,한전주,051-709-4684,부산광역시 기장군청,2025-11-17
일광면신평리-25,1,,부산광역시 기장군 일광읍 신평리 65-1,35.29595947,129.2583923,,한전주,051-709-4684,부산광역시 기장군청,2025-11-17
일광면신평리-26,1,,부산광역시 기장군 일광읍 신평리 66-1,35.2961892653,129.258061579,,한전주,051-709-4684,부산광역시 기장군청,2025-11-17
일광면신평리-27,1,,부산광역시 기장군 일광읍 신평리 69,35.29644775,129.2577667,,한전주,051-709-4684,부산광역시 기장군청,2025-11-17
일광면신평리-28,1,,부산광역시 기장군 일광읍 신평리 53,35.2965660703,129.2596693222,,한전주,051-709-4684,부산광역시 기장군청,2025-11-17
일광면신평리-29,1,,부산광역시 기장군 일광읍 신평리 51,35.2967371001,129.2601025682,,전용주,051-709-4684,부산광역시 기장군청,2025-11-17
일광면신평리-30,1,,부산광역시 기장군 일광읍 신평리 50,35.2971517951,129.2601542787,,전용주,051-709-4684,부산광역시 기장군청,2025-11-17
일광면신평리-31,1,,부산광역시 기장군 일광읍 신평리 50,35.29717636,129.2601542787,,전용주,051-709-4684,부산광역시 기장군청,2025-11-17
일광면신평리-32,1,,부산광역시 기장군 일광읍 신평리 44-2,35.29572296,129.2603288477,,한전주,051-709-4684,부산광역시 기장군청,2025-11-17
일광면신평리-33,1,,부산광역시 기장군 일광읍 신평리 35-1,35.295652837,129.2601170882,,한전주,051-709-4684,부산광역시 기장군청,2025-11-17
일광면신평리-35,1,,부산광역시 기장군 일광읍 신평리 52,35.29648972,129.2601721848,,한전주,051-709-4684,부산광역시 기장군청,2025-11-17
일광면신평리-36,1,,부산광역시 기장군 일광읍 신평리 42-7,35.2959522198,129.2595825,,한전주,051-709-4684,부산광역시 기장군청,2025-11-17
일광면신평리-37,1,,부산광역시 기장군 일광읍 신평리 35-3,35.295341755,129.2601288956,,한전주,051-709-4684,부산광역시 기장군청,2025-11-17
일광면신평리-38,1,,부산광역시 기장군 일광읍 신평리 33-1,35.2950467815,129.2596953691,,한전주,051-709-4684,부산광역시 기장군청,2025-11-17
일광면신평리-39,1,,부산광역시 기장군 일광읍 신평리 31-5,35.29487991,129.2595731155,,전용주,051-709-4684,부산광역시 기장군청,2025-11-17
일광면신평리-40,1,,부산광역시 기장군 일광읍 신평리 32-7,35.2950079534,129.2602470167,,전용주,051-709-4684,부산광역시 기장군청,2025-11-17
일광면신평리-41,1,,부산광역시 기장군 일광읍 신평리 24-16,35.29487991,129.2605438,,한전주,051-709-4684,부산광역시 기장군청,2025-11-17
일광면신평리-42,1,,부산광역시 기장군 일광읍 신평리 24-6,35.2943617455,129.2606964,,한전주,051-709-4684,부산광역시 기장군청,2025-11-17
일광면신평리-43,1,,부산광역시 기장군 일광읍 신평리 12-1,35.2940374968,129.26057804,,전용주,051-709-4684,부산광역시 기장군청,2025-11-17
일광면신평리-44,1,,부산광역시 기장군 일광읍 신평리 153-7,35.2928194059,129.2536342753,,한전주,051-709-4684,부산광역시 기장군청,2025-11-17
일광면용천리-1,1,,부산광역시 기장군 일광읍 용천리 1035,35.2859200297,129.2178365995,,한전주,051-709-4684,부산광역시 기장군청,2025-11-17
일광면용천리-2,1,,부산광역시 기장군 일광읍 용천리 1036,35.2857326838,129.2173030671,,한전주,051-709-4684,부산광역시 기장군청,2025-11-17
일광면용천리-3,1,,부산광역시 기장군 일광읍 용천리 22,35.2862442623,129.2179718,,한전주,051-709-4684,부산광역시 기장군청,2025-11-17
일광면용천리-4,1,,부산광역시 기장군 일광읍 용천리 19,35.28679657,129.2178670952,,건축물,051-709-4684,부산광역시 기장군청,2025-11-17
일광면용천리-5,1,,부산광역시 기장군 일광읍 용천리 7-7,35.2854312609,129.2145821334,,한전주,051-709-4684,부산광역시 기장군청,2025-11-17
일광면용천리-6,1,,부산광역시 기장군 일광읍 용천리 1049,35.2861069973,129.2127500644,,전용주,051-709-4684,부산광역시 기장군청,2025-11-17
일광면용천리-8,1,,부산광역시 기장군 일광읍 용천리 116-3,35.287296814,129.2126881838,,전용주,051-709-4684,부산광역시 기장군청,2025-11-17
일광면용천리-9,1,,부산광역시 기장군 일광읍 용천리 114,35.2874630447,129.2133186536,,전용주,051-709-4684,부산광역시 기장군청,2025-11-17
일광면용천리-10,1,,부산광역시 기장군 일광읍 용천리 117-3,35.2871304528,129.2122711782,,한전주,051-709-4684,부산광역시 기장군청,2025-11-17
일광면용천리-11,1,,부산광역시 기장군 일광읍 용천리 120,35.28745651,129.2123049941,,한전주,051-709-4684,부산광역시 기장군청,2025-11-17
일광면용천리-12,1,,부산광역시 기장군 일광읍 용천리 152,35.2888298,129.2122955,,한전주,051-709-4684,부산광역시 기장군청,2025-11-17
일광면용천리-13,1,,부산광역시 기장군 일광읍 용천리 168,35.2909269501,129.2129992728,,한전주,051-709-4684,부산광역시 기장군청,2025-11-17
일광면용천리-14,1,,부산광역시 기장군 일광읍 용천리 170,35.2913821847,129.2128206853,,한전주,051-709-4684,부산광역시 기장군청,2025-11-17
일광면용천리-15,1,,부산광역시 기장군 일광읍 용천리 177,35.29171371,129.2126937139,,한전주,051-709-4684,부산광역시 기장군청,2025-11-17
일광면용천리-16,1,,부산광역시 기장군 일광읍 용천리 산 133,35.2933170481,129.2134038637,,한전주,051-709-4684,부산광역시 기장군청,2025-11-17
일광면용천리-17,1,,부산광역시 기장군 일광읍 용천리 194,35.2933438433,129.2127533,,한전주,051-709-4684,부산광역시 기장군청,2025-11-17
일광면용천리-18,1,,부산광역시 기장군 일광읍 용천리 194,35.2933438433,129.2127991,,한전주,051-709-4684,부산광역시 기장군청,2025-11-17
일광면용천리-19,1,,부산광역시 기장군 일광읍 용천리 195,35.2941532864,129.2125083259,,한전주,051-709-4684,부산광역시 기장군청,2025-11-17
일광면용천리-20,1,,부산광역시 기장군 일광읍 용천리 195,35.29410553,129.2125083259,,한전주,051-709-4684,부산광역시 기장군청,2025-11-17
일광면용천리-21,1,,부산광역시 기장군 일광읍 용천리 산 128,35.2950630956,129.2113627503,,한전주,051-709-4684,부산광역시 기장군청,2025-11-17
일광면용천리-22,1,,부산광역시 기장군 일광읍 용천리 1038-34,35.2919601525,129.2127038936,,한전주,051-709-4684,부산광역시 기장군청,2025-11-17
일광면용천리-23,1,,부산광역시 기장군 일광읍 용천리 199,35.296303054,129.2124935036,,한전주,051-709-4684,부산광역시 기장군청,2025-11-17
일광면용천리-24,1,,부산광역시 기장군 일광읍 용천리 370-1,35.2915987035,129.2058307119,,전용주,051-709-4684,부산광역시 기장군청,2025-11-17
일광면용천리-25,1,,부산광역시 기장군 일광읍 용천리 264,35.2922287,129.2064776058,,한전주,051-709-4684,부산광역시 기장군청,2025-11-17
일광면용천리-26,1,,부산광역시 기장군 일광읍 용천리 264-2,35.29254532,129.2065100253,,한전주,051-709-4684,부산광역시 기장군청,2025-11-17
일광면용천리-27,1,,부산광역시 기장군 일광읍 용천리 266,35.2927195634,129.206604,,한전주,051-709-4684,부산광역시 기장군청,2025-11-17
일광면용천리-28,1,,부산광역시 기장군 일광읍 용천리 284,35.29316722,129.2067222978,,한전주,051-709-4684,부산광역시 기장군청,2025-11-17
일광면용천리-29,1,,부산광역시 기장군 일광읍 용천리 262-2,35.29278183,129.2061464759,,한전주,051-709-4684,부산광역시 기장군청,2025-11-17
일광면용천리-30,1,,부산광역시 기장군 일광읍 용천리 248-3,35.2926364118,129.2054709757,,한전주,051-709-4684,부산광역시 기장군청,2025-11-17
일광면용천리-31,1,,부산광역시 기장군 일광읍 용천리 260,35.29244995,129.2058189136,,한전주,051-709-4684,부산광역시 기장군청,2025-11-17
일광면용천리-32,1,,부산광역시 기장군 일광읍 용천리 367-1,35.2918994657,129.205849467,,한전주,051-709-4684,부산광역시 기장군청,2025-11-17
일광면용천리-33,1,,부산광역시 기장군 일광읍 용천리 240-6,35.2920323136,129.2049476378,,한전주,051-709-4684,부산광역시 기장군청,2025-11-17
일광면용천리-34,1,,부산광역시 기장군 일광읍 용천리 376,35.2915819687,129.2046809974,,한전주,051-709-4684,부산광역시 기장군청,2025-11-17
일광면용천리-35,1,,부산광역시 기장군 일광읍 용천리 237-2,35.2918129,129.2041738542,,한전주,051-709-4684,부산광역시 기장군청,2025-11-17
일광면용천리-36,1,,부산광역시 기장군 일광읍 용천리 590,35.2913122276,129.2026861663,,한전주,051-709-4684,부산광역시 기장군청,2025-11-17
일광면용천리-37,1,,부산광역시 기장군 일광읍 용천리 산 200,35.2901184458,129.2033915508,,한전주,051-709-4684,부산광역시 기장군청,2025-11-17
일광면용천리-38,1,,부산광역시 기장군 일광읍 용천리 590-1,35.2908531561,129.2018277442,,한전주,051-709-4684,부산광역시 기장군청,2025-11-17
일광면용천리-39,1,,부산광역시 기장군 일광읍 용천리 590-3,35.2911575233,129.2023607841,,한전주,051-709-4684,부산광역시 기장군청,2025-11-17
일광면용천리-40,1,,부산광역시 기장군 일광읍 용천리 산 203,35.2900314665,129.2003383592,,한전주,051-709-4684,부산광역시 기장군청,2025-11-17
일광면용천리-41,1,,부산광역시 기장군 일광읍 용천리 산 201-2,35.290812096,129.2018658642,,한전주,051-709-4684,부산광역시 기장군청,2025-11-17
일광면용천리-42,1,,부산광역시 기장군 일광읍 용천리 1038-24,35.2910405206,129.2023586855,,한전주,051-709-4684,부산광역시 기장군청,2025-11-17
일광면용천리-43,1,,부산광역시 기장군 일광읍 용천리 1067-4,35.2934732889,129.2041109372,,한전주,051-709-4684,부산광역시 기장군청,2025-11-17
일광면용천리-44,1,,부산광역시 기장군 일광읍 용천리 640,35.294425798,129.2013330937,,한전주,051-709-4684,부산광역시 기장군청,2025-11-17
일광면용천리-45,1,,부산광역시 기장군 일광읍 용천리 674-14,35.2955481342,129.202472925,,한전주,051-709-4684,부산광역시 기장군청,2025-11-17
일광면용천리-46,1,,부산광역시 기장군 일광읍 용천리 674-4,35.2953058726,129.2022013281,,한전주,051-709-4684,부산광역시 기장군청,2025-11-17
일광면용천리-47,1,,부산광역시 기장군 일광읍 용천리 674-8,35.2963028,129.2022705,,한전주,051-709-4684,부산광역시 기장군청,2025-11-17
일광면용천리-48,1,,부산광역시 기장군 일광읍 용천리 675-2,35.2952872319,129.203152068,,한전주,051-709-4684,부산광역시 기장군청,2025-11-17
일광면용천리-49,1,,부산광역시 기장군 일광읍 용천리 674-2,35.29642868,129.2025541626,,건축물,051-709-4684,부산광역시 기장군청,2025-11-17
일광면용천리-50,1,,부산광역시 기장군 일광읍 용천리 674-2,35.29642868,129.2025146,,건축물,051-709-4684,부산광역시 기장군청,2025-11-17
일광면용천리-51,1,,부산광역시 기장군 일광읍 용천리 679,35.2969529141,129.2028961,,한전주,051-709-4684,부산광역시 기장군청,2025-11-17
일광면용천리-52,1,,부산광역시 기장군 일광읍 용천리 683-2,35.296772,129.2026978,,한전주,051-709-4684,부산광역시 기장군청,2025-11-17
일광면용천리-53,1,,부산광역시 기장군 일광읍 용천리 696,35.29727936,129.2030245138,,한전주,051-709-4684,부산광역시 기장군청,2025-11-17
일광면용천리-62,1,,부산광역시 기장군 일광읍 용천리 산 66,35.3006948187,129.2029267281,,한전주,051-709-4684,부산광역시 기장군청,2025-11-17
일광면용천리-63,1,,부산광역시 기장군 일광읍 용천리 743,35.3008465725,129.2037091615,,한전주,051-709-4684,부산광역시 기장군청,2025-11-17
일광면용천리-64,1,,부산광역시 기장군 일광읍 용천리 208,35.3007137074,129.2047508637,,한전주,051-709-4684,부산광역시 기장군청,2025-11-17
일광면용천리-65,1,,부산광역시 기장군 일광읍 용천리 200-4,35.3016807405,129.2058279105,,한전주,051-709-4684,부산광역시 기장군청,2025-11-17
일광면용천리-66,1,,부산광역시 기장군 일광읍 용천리 산 76-2,35.3011017751,129.204815074,,한전주,051-709-4684,부산광역시 기장군청,2025-11-17
일광면용천리-67,1,,부산광역시 기장군 일광읍 용천리 산 76-4,35.3021730046,129.2056841993,,한전주,051-709-4684,부산광역시 기장군청,2025-11-17
일광면용천리-68,1,,부산광역시 기장군 일광읍 용천리 203-3,35.30216947,129.2055744129,,한전주,051-709-4684,부산광역시 기장군청,2025-11-17
일광면용천리-69,1,,부산광역시 기장군 일광읍 용천리 산 78,35.3036585064,129.2074061712,,한전주,051-709-4684,부산광역시 기장군청,2025-11-17
일광면용천리-70,1,,부산광역시 기장군 일광읍 용천리 산 78,35.3036585064,129.2074061712,,전용주,051-709-4684,부산광역시 기장군청,2025-11-17
일광면용천리-71,1,,부산광역시 기장군 일광읍 용천리 산 78,35.3036585064,129.2074061712,,전용주,051-709-4684,부산광역시 기장군청,2025-11-17
일광면용천리-72,1,,부산광역시 기장군 일광읍 용천리 산 78,35.3036585064,129.2074061712,,전용주,051-709-4684,부산광역시 기장군청,2025-11-17
일광면용천리-73,1,,부산광역시 기장군 일광읍 용천리 1090,35.2970410784,129.2036023984,,건축물,051-709-4684,부산광역시 기장군청,2025-11-17
일광면용천리-74,1,,부산광역시 기장군 일광읍 용천리 687-4,35.29707718,129.2025406186,,한전주,051-709-4684,부산광역시 기장군청,2025-11-17
일광면용천리-75,1,,부산광역시 기장군 일광읍 용천리 694,35.2973684514,129.2026223138,,한전주,051-709-4684,부산광역시 기장군청,2025-11-17
일광면용천리-76,1,,부산광역시 기장군 일광읍 용천리 690-2,35.2971611,129.2020721,,한전주,051-709-4684,부산광역시 기장군청,2025-11-17
일광면용천리-77,1,,부산광역시 기장군 일광읍 용천리 663-2,35.296623059,129.2017517,,한전주,051-709-4684,부산광역시 기장군청,2025-11-17
일광면용천리-78,1,,부산광역시 기장군 일광읍 용천리 산 60-7,35.2979390287,129.1974236229,,한전주,051-709-4684,부산광역시 기장군청,2025-11-17
일광면용천리-79,1,,부산광역시 기장군 일광읍 용천리 787-14,35.2988458705,129.1966941718,,한전주,051-709-4684,부산광역시 기장군청,2025-11-17
일광면용천리-80,1,,부산광역시 기장군 일광읍 용천리 789-1,35.297399047,129.1984195949,,한전주,051-709-4684,부산광역시 기장군청,2025-11-17
일광면용천리-81,1,,부산광역시 기장군 일광읍 용천리 397-5,35.2869062944,129.2063293,,한전주,051-709-4684,부산광역시 기장군청,2025-11-17
일광면용천리-82,1,,부산광역시 기장군 일광읍 용천리 399-11,35.2876999104,129.2065867565,,전용주,051-709-4684,부산광역시 기장군청,2025-11-17
일광면용천리-83,1,,부산광역시 기장군 일광읍 용천리 1077,35.2880455345,129.2068176,,한전주,051-709-4684,부산광역시 기장군청,2025-11-17
일광면용천리-84,1,,부산광역시 기장군 일광읍 용천리 399-16,35.288115218,129.2062120089,,한전주,051-709-4684,부산광역시 기장군청,2025-11-17
일광면용천리-85,1,,부산광역시 기장군 일광읍 용천리 산 226-1,35.2861709132,129.2063328739,,한전주,051-709-4684,부산광역시 기장군청,2025-11-17
일광면용천리-86,1,,부산광역시 기장군 일광읍 용천리 1084,35.2856063752,129.2036826859,,한전주,051-709-4684,부산광역시 기장군청,2025-11-17
일광면용천리-87,1,,부산광역시 기장군 일광읍 용천리 410,35.2860902068,129.2050934,,한전주,051-709-4684,부산광역시 기장군청,2025-11-17
일광면용천리-88,1,,부산광역시 기장군 일광읍 용천리 439-3,35.28532028,129.2046814,,한전주,051-709-4684,부산광역시 기장군청,2025-11-17
일광면용천리-89,1,,부산광역시 기장군 일광읍 용천리 428,35.28550339,129.2041564623,,한전주,051-709-4684,부산광역시 기장군청,2025-11-17
일광면용천리-90,1,,부산광역시 기장군 일광읍 용천리 561,35.2855595367,129.2030719117,,한전주,051-709-4684,부산광역시 기장군청,2025-11-17
일광면용천리-91,1,,부산광역시 기장군 일광읍 용천리 581,35.2860683144,129.2022802207,,한전주,051-709-4684,부산광역시 기장군청,2025-11-17
일광면용천리-92,1,,부산광역시 기장군 일광읍 용천리 441-1,35.28499222,129.2047562656,,한전주,051-709-4684,부산광역시 기장군청,2025-11-17
일광면용천리-93,1,,부산광역시 기장군 일광읍 용천리 499-2,35.28399277,129.2042467692,,한전주,051-709-4684,부산광역시 기장군청,2025-11-17
일광면용천리-94,1,,부산광역시 기장군 일광읍 용천리 499-1,35.2839332342,129.2046559885,,건축물,051-709-4684,부산광역시 기장군청,2025-11-17
일광면용천리-95,1,,부산광역시 기장군 일광읍 용천리 507-3,35.2844469867,129.2050088842,,한전주,051-709-4684,부산광역시 기장군청,2025-11-17
일광면용천리-96,1,,부산광역시 기장군 일광읍 용천리 445-3,35.2849329455,129.2052365876,,한전주,051-709-4684,부산광역시 기장군청,2025-11-17
일광면용천리-97,1,,부산광역시 기장군 일광읍 용천리 454-3,35.28499222,129.20641689,,한전주,051-709-4684,부산광역시 기장군청,2025-11-17
일광면용천리-98,1,,부산광역시 기장군 일광읍 용천리 938,35.279554741,129.2003482472,,한전주,051-709-4684,부산광역시 기장군청,2025-11-17
일광면용천리-99,1,,부산광역시 기장군 일광읍 용천리 938,35.279554741,129.2003482472,,한전주,051-709-4684,부산광역시 기장군청,2025-11-17
일광면용천리-100,1,,부산광역시 기장군 일광읍 용천리 938,35.279554741,129.2003482472,,한전주,051-709-4684,부산광역시 기장군청,2025-11-17
일광면용천리-101,1,,부산광역시 기장군 일광읍 용천리 947-2,35.2789933722,129.201004,,한전주,051-709-4684,부산광역시 기장군청,2025-11-17
일광면용천리-102,1,,부산광역시 기장군 일광읍 용천리 947-14,35.2784763333,129.2013735246,,한전주,051-709-4684,부산광역시 기장군청,2025-11-17
일광면용천리-103,1,,부산광역시 기장군 일광읍 용천리 947-34,35.2780511587,129.2012535124,,한전주,051-709-4684,부산광역시 기장군청,2025-11-17
일광면용천리-104,1,,부산광역시 기장군 일광읍 용천리 947-12,35.277670186,129.2013161333,,한전주,051-709-4684,부산광역시 기장군청,2025-11-17
일광면용천리-105,1,,부산광역시 기장군 일광읍 용천리 947-5,35.2773861855,129.2009617206,,한전주,051-709-4684,부산광역시 기장군청,2025-11-17
일광면용천리-106,1,,부산광역시 기장군 일광읍 용천리 947-32,35.27709961,129.2013462483,,한전주,051-709-4684,부산광역시 기장군청,2025-11-17
일광면용천리-107,1,,부산광역시 기장군 일광읍 용천리 974-30,35.2768898,129.2007751,,한전주,051-709-4684,부산광역시 기장군청,2025-11-17
일광면용천리-108,1,,부산광역시 기장군 일광읍 용천리 947-29,35.2769641759,129.2003775225,,한전주,051-709-4684,부산광역시 기장군청,2025-11-17
일광면용천리-109,1,,부산광역시 기장군 일광읍 용천리 947-8,35.27740479,129.2000866426,,한전주,051-709-4684,부산광역시 기장군청,2025-11-17
일광면용천리-110,1,,부산광역시 기장군 일광읍 용천리 947-31,35.276779787,129.2013478414,,한전주,051-709-4684,부산광역시 기장군청,2025-11-17
일광면용천리-111,1,,부산광역시 기장군 일광읍 용천리 947-31,35.276779787,129.2013478414,,한전주,051-709-4684,부산광역시 기장군청,2025-11-17
일광면용천리-112,1,,부산광역시 기장군 일광읍 용천리 947-11,35.2772575006,129.2013249491,,한전주,051-709-4684,부산광역시 기장군청,2025-11-17
일광면용천리-113,1,,부산광역시 기장군 일광읍 용천리 947-12,35.27762222,129.2013161333,,한전주,051-709-4684,부산광역시 기장군청,2025-11-17
일광면용천리-114,1,,부산광역시 기장군 일광읍 용천리 947-13,35.2783110811,129.2012797795,,한전주,051-709-4684,부산광역시 기장군청,2025-11-17
일광면용천리-115,1,,부산광역시 기장군 일광읍 용천리 947-14,35.2784763333,129.2013735246,,한전주,051-709-4684,부산광역시 기장군청,2025-11-17
일광면용천리-116,1,,부산광역시 기장군 일광읍 용천리 947-36,35.27877045,129.201694591,,한전주,051-709-4684,부산광역시 기장군청,2025-11-17
일광면용천리-117,1,,부산광역시 기장군 일광읍 용천리 947-38,35.279102366,129.201744774,,한전주,051-709-4684,부산광역시 기장군청,2025-11-17
일광면용천리-118,1,,부산광역시 기장군 일광읍 용천리 947-37,35.279086291,129.2015159738,,한전주,051-709-4684,부산광역시 기장군청,2025-11-17
일광면용천리-119,1,,부산광역시 기장군 일광읍 용천리 947-16,35.2791565347,129.2013245,,한전주,051-709-4684,부산광역시 기장군청,2025-11-17
일광면용천리-120,1,,부산광역시 기장군 일광읍 용천리 산 252-20,35.278030651,129.1987353752,2018,한전주,051-709-4684,부산광역시 기장군청,2025-11-17
일광면용천리-121,1,,부산광역시 기장군 일광읍 용천리 산 252-40,35.28025092,129.1997878351,2018,한전주,051-709-4684,부산광역시 기장군청,2025-11-17
일광면원리-1,1,,부산광역시 기장군 일광읍 원리 18-9,35.30686188,129.2448425,,한전주,051-709-4684,부산광역시 기장군청,2025-11-17
일광면원리-2,1,,부산광역시 기장군 일광읍 원리 19,35.3065714734,129.2443154353,,한전주,051-709-4684,부산광역시 기장군청,2025-11-17
일광면원리-3,1,,부산광역시 기장군 일광읍 원리 43,35.3064385337,129.2444591994,,한전주,051-709-4684,부산광역시 기장군청,2025-11-17
일광면원리-4,1,,부산광역시 기장군 일광읍 원리 43-8,35.3063507137,129.2442938135,,한전주,051-709-4684,부산광역시 기장군청,2025-11-17
일광면원리-5,1,,부산광역시 기장군 일광읍 원리 43-17,35.3059851581,129.2442696043,,한전주,051-709-4684,부산광역시 기장군청,2025-11-17
일광면원리-6,1,,부산광역시 기장군 일광읍 원리 43-16,35.3057635799,129.2438893524,,한전주,051-709-4684,부산광역시 기장군청,2025-11-17
일광면원리-7,1,,부산광역시 기장군 일광읍 원리 43-14,35.3053517287,129.244218548,,한전주,051-709-4684,부산광역시 기장군청,2025-11-17
일광면원리-8,1,,부산광역시 기장군 일광읍 원리 736,35.3061409,129.242556119,,한전주,051-709-4684,부산광역시 기장군청,2025-11-17
일광면원리-9,1,,부산광역시 기장군 일광읍 원리 736,35.3061693336,129.242556119,,한전주,051-709-4684,부산광역시 기장군청,2025-11-17
일광면원리-10,1,,부산광역시 기장군 일광읍 원리 154-2,35.3067016658,129.2416061063,,한전주,051-709-4684,부산광역시 기장군청,2025-11-17
일광면원리-11,1,,부산광역시 기장군 일광읍 원리 154-2,35.3067016658,129.2416061063,,한전주,051-709-4684,부산광역시 기장군청,2025-11-17
일광면원리-12,1,,부산광역시 기장군 일광읍 원리 155-2,35.3069972994,129.2416220991,,한전주,051-709-4684,부산광역시 기장군청,2025-11-17
일광면원리-13,1,,부산광역시 기장군 일광읍 원리 120-1,35.30603409,129.2412872,,한전주,051-709-4684,부산광역시 기장군청,2025-11-17
일광면원리-14,1,,부산광역시 기장군 일광읍 원리 120-2,35.3060050782,129.2412109,,한전주,051-709-4684,부산광역시 기장군청,2025-11-17
일광면원리-15,1,,부산광역시 기장군 일광읍 원리 163-27,35.3077874054,129.240509,,한전주,051-709-4684,부산광역시 기장군청,2025-11-17
일광면원리-16,1,,부산광역시 기장군 일광읍 원리 148,35.3065141686,129.2403774844,,한전주,051-709-4684,부산광역시 기장군청,2025-11-17
일광면원리-17,1,,부산광역시 기장군 일광읍 원리 140,35.3057781125,129.237309721,,한전주,051-709-4684,부산광역시 기장군청,2025-11-17
일광면원리-18,1,,부산광역시 기장군 일광읍 원리 산 43,35.3055746671,129.2370056417,,한전주,051-709-4684,부산광역시 기장군청,2025-11-17
일광면원리-19,1,,부산광역시 기장군 일광읍 원리 365,35.3050408053,129.2362211778,,한전주,051-709-4684,부산광역시 기장군청,2025-11-17
일광면원리-20,1,,부산광역시 기장군 일광읍 원리 376-1,35.3047061878,129.2352139651,,한전주,051-709-4684,부산광역시 기장군청,2025-11-17
일광면원리-21,1,,부산광역시 기장군 일광읍 원리 399,35.3036811664,129.2338556974,,건축물,051-709-4684,부산광역시 기장군청,2025-11-17
일광면원리-22,1,,부산광역시 기장군 일광읍 원리 597-4,35.3036224275,129.2329015217,,한전주,051-709-4684,부산광역시 기장군청,2025-11-17
일광면원리-23,1,,부산광역시 기장군 일광읍 원리 597-4,35.30361938,129.2329865,,한전주,051-709-4684,부산광역시 기장군청,2025-11-17
일광면원리-24,1,,부산광역시 기장군 일광읍 원리 397-4,35.30342484,129.2322010496,,한전주,051-709-4684,부산광역시 기장군청,2025-11-17
일광면원리-25,1,,부산광역시 기장군 일광읍 원리 544-7,35.30413818,129.2308807,,한전주,051-709-4684,부산광역시 기장군청,2025-11-17
일광면원리-26,1,,부산광역시 기장군 일광읍 원리 547-3,35.30463791,129.2310028,,한전주,051-709-4684,부산광역시 기장군청,2025-11-17
일광면원리-27,1,,부산광역시 기장군 일광읍 원리 555-2,35.3049941991,129.2308009194,,한전주,051-709-4684,부산광역시 기장군청,2025-11-17
일광면원리-28,1,,부산광역시 기장군 일광읍 원리 551-3,35.3057532669,129.2314201256,,한전주,051-709-4684,부산광역시 기장군청,2025-11-17
일광면원리-29,1,,부산광역시 기장군 일광읍 원리 355-8,35.3068328273,129.2321895198,,한전주,051-709-4684,부산광역시 기장군청,2025-11-17
일광면원리-30,1,,부산광역시 기장군 일광읍 원리 356-3,35.30657196,129.2325073942,,한전주,051-709-4684,부산광역시 기장군청,2025-11-17
일광면원리-31,1,,부산광역시 기장군 일광읍 원리 316-5,35.3127739792,129.2364703354,,한전주,051-709-4684,부산광역시 기장군청,2025-11-17
일광면원리-32,1,,부산광역시 기장군 일광읍 원리 산 62-34,35.3122673052,129.2378903553,,건축물,051-709-4684,부산광역시 기장군청,2025-11-17
일광면원리-33,1,,부산광역시 기장군 일광읍 원리 195,35.31252289,129.2381744,,건축물,051-709-4684,부산광역시 기장군청,2025-11-17
일광면원리-34,1,,부산광역시 기장군 일광읍 원리 734-11,35.312414048,129.2382505004,,한전주,051-709-4684,부산광역시 기장군청,2025-11-17
일광면원리-35,1,,부산광역시 기장군 일광읍 원리 748-3,35.3132483291,129.2357954341,,한전주,051-709-4684,부산광역시 기장군청,2025-11-17
일광면원리-36,1,,부산광역시 기장군 일광읍 원리 748-29,35.3137655958,129.2362061,,한전주,051-709-4684,부산광역시 기장군청,2025-11-17
일광면원리-37,1,,부산광역시 기장군 일광읍 원리 748-29,35.3137655958,129.2362503542,,한전주,051-709-4684,부산광역시 기장군청,2025-11-17
일광면원리-38,1,,부산광역시 기장군 일광읍 원리 312-3,35.31335428,129.2350776,,한전주,051-709-4684,부산광역시 기장군청,2025-11-17
일광면원리-39,1,,부산광역시 기장군 일광읍 원리 231,35.3136040257,129.2346802,,한전주,051-709-4684,부산광역시 기장군청,2025-11-17
일광면원리-40,1,,부산광역시 기장군 일광읍 원리 229,35.31391907,129.2347609041,,전용주,051-709-4684,부산광역시 기장군청,2025-11-17
일광면원리-41,1,,부산광역시 기장군 일광읍 원리 225,35.3140959957,129.2343888021,,한전주,051-709-4684,부산광역시 기장군청,2025-11-17
일광면원리-42,1,,부산광역시 기장군 일광읍 원리 222,35.3142659372,129.2340561049,,한전주,051-709-4684,부산광역시 기장군청,2025-11-17
일광면원리-43,1,,부산광역시 기장군 일광읍 원리 226,35.3147066,129.2342841773,,한전주,051-709-4684,부산광역시 기장군청,2025-11-17
일광면원리-44,1,,부산광역시 기장군 일광읍 원리 236-2,35.31335831,129.2346191,,한전주,051-709-4684,부산광역시 기장군청,2025-11-17
일광면원리-45,1,,부산광역시 기장군 일광읍 원리 310-1,35.3128607404,129.2345232904,,전용주,051-709-4684,부산광역시 기장군청,2025-11-17
일광면원리-46,1,,부산광역시 기장군 일광읍 원리 252-4,35.3131663985,129.233730927,,한전주,051-709-4684,부산광역시 기장군청,2025-11-17
일광면원리-47,1,,부산광역시 기장군 일광읍 원리 256,35.31336594,129.2333714955,,전용주,051-709-4684,부산광역시 기장군청,2025-11-17
일광면원리-48,1,,부산광역시 기장군 일광읍 원리 218,35.3141494053,129.2333594999,,전용주,051-709-4684,부산광역시 기장군청,2025-11-17
일광면원리-49,1,,부산광역시 기장군 일광읍 원리 265,35.3127273861,129.2330585071,,한전주,051-709-4684,부산광역시 기장군청,2025-11-17
일광면원리-50,1,,부산광역시 기장군 일광읍 원리 269,35.3123919604,129.2326985795,,한전주,051-709-4684,부산광역시 기장군청,2025-11-17
일광면원리-51,1,,부산광역시 기장군 일광읍 원리 638-4,35.30941247,129.231206334,,한전주,051-709-4684,부산광역시 기장군청,2025-11-17
일광면원리-52,1,,부산광역시 기장군 일광읍 원리 637-6,35.3088868881,129.2312770919,,한전주,051-709-4684,부산광역시 기장군청,2025-11-17
일광면원리-53,1,,부산광역시 기장군 일광읍 원리 637-2,35.3084444056,129.231369,,한전주,051-709-4684,부산광역시 기장군청,2025-11-17
일광면원리-54,1,,부산광역시 기장군 일광읍 원리 598-2,35.3085445522,129.2308800326,,한전주,051-709-4684,부산광역시 기장군청,2025-11-17
일광면원리-55,1,,부산광역시 기장군 일광읍 원리 596-1,35.30810928,129.2312927,,한전주,051-709-4684,부산광역시 기장군청,2025-11-17
일광면원리-56,1,,부산광역시 기장군 일광읍 원리 335,35.3078342642,129.2316469866,,한전주,051-709-4684,부산광역시 기장군청,2025-11-17
일광면원리-57,1,,부산광역시 기장군 일광읍 원리 595,35.3080512292,129.2311870595,,전용주,051-709-4684,부산광역시 기장군청,2025-11-17
일광면원리-58,1,,부산광역시 기장군 일광읍 원리 586,35.3075988302,129.2311471462,,한전주,051-709-4684,부산광역시 기장군청,2025-11-17
일광면원리-59,1,,부산광역시 기장군 일광읍 원리 578,35.3070623986,129.2310913988,,전용주,051-709-4684,부산광역시 기장군청,2025-11-17
일광면원리-60,1,,부산광역시 기장군 일광읍 원리 575-1,35.3064497811,129.2310028,,한전주,051-709-4684,부산광역시 기장군청,2025-11-17
일광면원리-61,1,,부산광역시 기장군 일광읍 원리 607,35.3064248171,129.2303162813,,한전주,051-709-4684,부산광역시 기장군청,2025-11-17
일광면원리-62,1,,부산광역시 기장군 일광읍 원리 614,35.3066020196,129.2289850068,,한전주,051-709-4684,부산광역시 기장군청,2025-11-17
일광면원리-63,1,,부산광역시 기장군 일광읍 원리 387-7,35.3064373801,129.2316431221,,전용주,051-709-4684,부산광역시 기장군청,2025-11-17
일광면원리-64,1,,부산광역시 기장군 일광읍 원리 681-1,35.3101456965,129.2290047003,,전용주,051-709-4684,부산광역시 기장군청,2025-11-17
일광면원리-65,1,,부산광역시 기장군 일광읍 원리 676-6,35.3104296764,129.2288039663,,한전주,051-709-4684,부산광역시 기장군청,2025-11-17
일광면원리-66,1,,부산광역시 기장군 일광읍 원리 산 95-6,35.3106721721,129.2239142849,,한전주,051-709-4684,부산광역시 기장군청,2025-11-17
일광면원리-67,1,,부산광역시 기장군 일광읍 원리 산 95-9,35.3113619047,129.2227989622,,한전주,051-709-4684,부산광역시 기장군청,2025-11-17
일광면원리-68,1,,부산광역시 기장군 일광읍 원리 705-11,35.3114458435,129.2222920025,,한전주,051-709-4684,부산광역시 기장군청,2025-11-17
일광면원리-69,1,,부산광역시 기장군 일광읍 원리 705-11,35.3114458435,129.2222920025,,한전주,051-709-4684,부산광역시 기장군청,2025-11-17
일광면원리-70,1,,부산광역시 기장군 일광읍 원리 705-11,35.3114458435,129.222290,,한전주,051-709-4684,부산광역시 기장군청,2025-11-17
일광면원리-71,1,,부산광역시 기장군 일광읍 원리 705-11,35.3114458435,129.2222920025,,전용주,051-709-4684,부산광역시 기장군청,2025-11-17
일광면원리-72,1,,부산광역시 기장군 일광읍 원리 659-1,35.3094921777,129.227636069,,한전주,051-709-4684,부산광역시 기장군청,2025-11-17
일광면원리-73,1,,부산광역시 기장군 일광읍 원리 659-1,35.3094921777,129.227636069,,한전주,051-709-4684,부산광역시 기장군청,2025-11-17
일광면원리-74,1,,부산광역시 기장군 일광읍 원리 672,35.30990219,129.227312006,,전용주,051-709-4684,부산광역시 기장군청,2025-11-17
일광면원리-75,1,,부산광역시 기장군 일광읍 원리 658,35.30965805,129.2275543,,전용주,051-709-4684,부산광역시 기장군청,2025-11-17
일광면원리-76,1,,부산광역시 기장군 일광읍 원리 660-1,35.3096729529,129.2281236172,,건축물,051-709-4684,부산광역시 기장군청,2025-11-17
일광면원리-77,1,,부산광역시 기장군 일광읍 원리 661-1,35.3094531856,129.2280426,,건축물,051-709-4684,부산광역시 기장군청,2025-11-17
일광면원리-78,1,,부산광역시 기장군 일광읍 원리 665-1,35.30918121,129.227417,,한전주,051-709-4684,부산광역시 기장군청,2025-11-17
일광면원리-79,1,,부산광역시 기장군 일광읍 원리 663-7,35.3092746838,129.2279287367,,한전주,051-709-4684,부산광역시 기장군청,2025-11-17
일광면원리-80,1,,부산광역시 기장군 일광읍 원리 663-5,35.30916977,129.2280273,,한전주,051-709-4684,부산광역시 기장군청,2025-11-17
일광면원리-81,1,,부산광역시 기장군 일광읍 원리 산 106-1,35.30919266,129.2285304998,,전용주,051-709-4684,부산광역시 기장군청,2025-11-17
일광면원리-82,1,,부산광역시 기장군 일광읍 원리 650-3,35.3092308,129.2290211108,,전용주,051-709-4684,부산광역시 기장군청,2025-11-17
일광면원리-83,1,,부산광역시 기장군 일광읍 원리 283-1,35.3117573472,129.2327187884,,전용주,051-709-4684,부산광역시 기장군청,2025-11-17
일광면원리-84,1,,부산광역시 기장군 일광읍 원리 504-3,35.30430222,129.2305551337,,한전주,051-709-4684,부산광역시 기장군청,2025-11-17
일광면원리-85,1,,부산광역시 기장군 일광읍 원리 516-1,35.3041008342,129.2298520421,,한전주,051-709-4684,부산광역시 기장군청,2025-11-17
일광면원리-86,1,,부산광역시 기장군 일광읍 원리 518,35.3039392299,129.2295185927,,한전주,051-709-4684,부산광역시 기장군청,2025-11-17
일광면원리-87,1,,부산광역시 기장군 일광읍 원리 522,35.30371094,129.2294862918,,한전주,051-709-4684,부산광역시 기장군청,2025-11-17
일광면원리-88,1,,부산광역시 기장군 일광읍 원리 477,35.303695856,129.2280731,,한전주,051-709-4684,부산광역시 기장군청,2025-11-17
일광면원리-89,1,,부산광역시 기장군 일광읍 원리 528,35.3034410088,129.2299347,,한전주,051-709-4684,부산광역시 기장군청,2025-11-17
일광면원리-90,1,,부산광역시 기장군 일광읍 원리 532-1,35.3034341391,129.2306824,,한전주,051-709-4684,부산광역시 기장군청,2025-11-17
일광면원리-91,1,,부산광역시 기장군 일광읍 원리 539-5,35.30292892,129.2306671,,한전주,051-709-4684,부산광역시 기장군청,2025-11-17
일광면원리-92,1,,부산광역시 기장군 일광읍 원리 47,35.3059703656,129.2471762211,,한전주,051-709-4684,부산광역시 기장군청,2025-11-17
일광면원리-93,1,,부산광역시 기장군 일광읍 원리 1-1,35.3070589677,129.2476877375,,전용주,051-709-4684,부산광역시 기장군청,2025-11-17
일광면원리-94,1,,부산광역시 기장군 일광읍 원리 8-1,35.3071404265,129.2471732405,,한전주,051-709-4684,부산광역시 기장군청,2025-11-17
일광면원리-95,1,,부산광역시 기장군 일광읍 원리 9,35.3070484239,129.2466651812,,한전주,051-709-4684,부산광역시 기장군청,2025-11-17
일광면원리-96,1,,부산광역시 기장군 일광읍 원리 46-3,35.3058051934,129.2471706771,,한전주,051-709-4684,부산광역시 기장군청,2025-11-17
일광면원리-97,1,,부산광역시 기장군 일광읍 원리 산 6-7,35.3056156603,129.2479240297,,한전주,051-709-4684,부산광역시 기장군청,2025-11-17
일광면원리-98,1,,부산광역시 기장군 일광읍 원리 47-2,35.3057884937,129.2477648834,,전용주,051-709-4684,부산광역시 기장군청,2025-11-17
일광면원리-99,1,,부산광역시 기장군 일광읍 원리 1-43,35.30605316,129.2480011,,한전주,051-709-4684,부산광역시 기장군청,2025-11-17
일광면원리-100,1,,부산광역시 기장군 일광읍 원리 1-22,35.3063002573,129.2474780002,,한전주,051-709-4684,부산광역시 기장군청,2025-11-17
일광면원리-101,1,,부산광역시 기장군 일광읍 원리 1-22,35.30638504,129.2474780002,,한전주,051-709-4684,부산광역시 기장군청,2025-11-17
일광면원리-102,1,,부산광역시 기장군 일광읍 원리 1-17,35.3064676251,129.2475607403,,한전주,051-709-4684,부산광역시 기장군청,2025-11-17
일광면원리-103,1,,부산광역시 기장군 일광읍 원리 1-11,35.30679814,129.2477350168,,한전주,051-709-4684,부산광역시 기장군청,2025-11-17
일광면원리-104,1,,부산광역시 기장군 일광읍 원리 1-6,35.30675888,129.2484823184,,한전주,051-709-4684,부산광역시 기장군청,2025-11-17
일광면원리-105,1,,부산광역시 기장군 일광읍 원리 1-28,35.30641937,129.2483121678,,한전주,051-709-4684,부산광역시 기장군청,2025-11-17
일광면원리-106,1,,부산광역시 기장군 일광읍 원리 1-18,35.30646515,129.2477518528,,한전주,051-709-4684,부산광역시 기장군청,2025-11-17
일광면원리-107,1,,부산광역시 기장군 일광읍 원리 1-43,35.3060871356,129.248034677,,한전주,051-709-4684,부산광역시 기장군청,2025-11-17
일광면원리-108,1,,부산광역시 기장군 일광읍 원리 1-34,35.3063379182,129.24871549,,건축물,051-709-4684,부산광역시 기장군청,2025-11-17
일광면원리-109,1,,부산광역시 기장군 일광읍 원리 1-58,35.3066327799,129.2490007076,,한전주,051-709-4684,부산광역시 기장군청,2025-11-17
일광면원리-110,1,,부산광역시 기장군 일광읍 원리 1-57,35.3066231597,129.2490741553,,전용주,051-709-4684,부산광역시 기장군청,2025-11-17
일광면원리-111,1,,부산광역시 기장군 일광읍 원리 1-36,35.3060922079,129.2488091309,,전용주,051-709-4684,부산광역시 기장군청,2025-11-17
일광면원리-112,1,,부산광역시 기장군 일광읍 원리 1-37,35.305944262,129.248764,,한전주,051-709-4684,부산광역시 기장군청,2025-11-17
일광면원리-113,1,,부산광역시 기장군 일광읍 청광리 440,35.30223465,129.2300262,,한전주,051-709-4684,부산광역시 기장군청,2025-11-17
일광면원리-114,1,,부산광역시 기장군 일광읍 원리 47-2,35.30579108,129.2477472,2018,한전주,051-709-4684,부산광역시 기장군청,2025-11-17
일광면원리-115,1,,부산광역시 기장군 일광읍 원리 211-3,35.31493607,129.2345714,2018,한전주,051-709-4684,부산광역시 기장군청,2025-11-17
일광면원리-116,1,,부산광역시 기장군 일광읍 원리 516,35.3040767171,129.2296644627,2018,한전주,051-709-4684,부산광역시 기장군청,2025-11-17
일광면이천리-14,1,,부산광역시 기장군 일광읍 이천리 129,35.2718054702,129.2519475374,,한전주,051-709-4684,부산광역시 기장군청,2025-11-17
일광면이천리-15,1,,부산광역시 기장군 일광읍 이천리 136,35.2716663248,129.2523356522,,한전주,051-709-4684,부산광역시 기장군청,2025-11-17
일광면이천리-16,1,,부산광역시 기장군 일광읍 이천리 126-1,35.2722775882,129.2511127628,,한전주,051-709-4684,부산광역시 기장군청,2025-11-17
일광면이천리-21,1,,부산광역시 기장군 일광읍 이천리 164,35.27214432,129.2476501,,한전주,051-709-4684,부산광역시 기장군청,2025-11-17
일광면이천리-22,1,,부산광역시 기장군 일광읍 이천리 164,35.27219391,129.2476127618,,한전주,051-709-4684,부산광역시 기장군청,2025-11-17
일광면이천리-23,1,,부산광역시 기장군 일광읍 이천리 184-7,35.2727490752,129.2456634528,,한전주,051-709-4684,부산광역시 기장군청,2025-11-17
일광면이천리-24,1,,부산광역시 기장군 일광읍 이천리 184-6,35.27288055,129.2456874566,,한전주,051-709-4684,부산광역시 기장군청,2025-11-17
일광면이천리-25,1,,부산광역시 기장군 일광읍 이천리 184-2,35.27307129,129.2460990137,,한전주,051-709-4684,부산광역시 기장군청,2025-11-17
일광면이천리-26,1,,부산광역시 기장군 일광읍 이천리 185,35.2730046656,129.2456207,,한전주,051-709-4684,부산광역시 기장군청,2025-11-17
일광면이천리-27,1,,부산광역시 기장군 일광읍 이천리 208,35.2722581914,129.244751,,한전주,051-709-4684,부산광역시 기장군청,2025-11-17
일광면이천리-28,1,,부산광역시 기장군 일광읍 이천리 267-6,35.2711196343,129.2435382675,,한전주,051-709-4684,부산광역시 기장군청,2025-11-17
일광면이천리-29,1,,부산광역시 기장군 일광읍 이천리 179-1,35.2740753132,129.2461043346,,한전주,051-709-4684,부산광역시 기장군청,2025-11-17
일광면이천리-30,1,,부산광역시 기장군 일광읍 이천리 191,35.2738530298,129.2456818,,전용주,051-709-4684,부산광역시 기장군청,2025-11-17
일광면이천리-31,1,,부산광역시 기장군 일광읍 이천리 196-1,35.2731960825,129.2446164774,,건축물,051-709-4684,부산광역시 기장군청,2025-11-17
일광면이천리-32,1,,부산광역시 기장군 일광읍 이천리 196-1,35.2731960825,129.2446164774,,전용주,051-709-4684,부산광역시 기장군청,2025-11-17
일광면이천리-33,1,,부산광역시 기장군 일광읍 이천리 221-1,35.27312469,129.2439468874,,한전주,051-709-4684,부산광역시 기장군청,2025-11-17
일광면이천리-34,1,,부산광역시 기장군 일광읍 이천리 234,35.272781041,129.2426762677,,한전주,051-709-4684,부산광역시 기장군청,2025-11-17
일광면이천리-35,1,,부산광역시 기장군 일광읍 이천리 257-1,35.2726753166,129.2436070647,,한전주,051-709-4684,부산광역시 기장군청,2025-11-17
일광면이천리-36,1,,부산광역시 기장군 일광읍 이천리 257-2,35.27240372,129.2434739517,,건축물,051-709-4684,부산광역시 기장군청,2025-11-17
일광면이천리-37,1,,부산광역시 기장군 일광읍 이천리 238,35.2723634173,129.2431183,,한전주,051-709-4684,부산광역시 기장군청,2025-11-17
일광면이천리-38,1,,부산광역시 기장군 일광읍 이천리 241,35.2724645655,129.242981404,,한전주,051-709-4684,부산광역시 기장군청,2025-11-17
일광면이천리-39,1,,부산광역시 기장군 일광읍 이천리 271-1,35.2717980182,129.2426425379,,한전주,051-709-4684,부산광역시 기장군청,2025-11-17
일광면이천리-40,1,,부산광역시 기장군 일광읍 이천리 273-2,35.2713701019,129.2430809867,,한전주,051-709-4684,부산광역시 기장군청,2025-11-17
일광면이천리-41,1,,부산광역시 기장군 일광읍 이천리 839-1,35.2665662109,129.2355919591,,전용주,051-709-4684,부산광역시 기장군청,2025-11-17
일광면이천리-42,1,,부산광역시 기장군 일광읍 이천리 609-1,35.2714341574,129.2423117062,,한전주,051-709-4684,부산광역시 기장군청,2025-11-17
일광면이천리-43,1,,부산광역시 기장군 일광읍 이천리 287-2,35.2699992338,129.2425132543,,한전주,051-709-4684,부산광역시 기장군청,2025-11-17
일광면이천리-44,1,,부산광역시 기장군 일광읍 이천리 287-5,35.2698531285,129.2425822781,,한전주,051-709-4684,부산광역시 기장군청,2025-11-17
일광면이천리-45,1,,부산광역시 기장군 일광읍 이천리 283,35.2698541025,129.2430775682,,한전주,051-709-4684,부산광역시 기장군청,2025-11-17
일광면이천리-46,1,,부산광역시 기장군 일광읍 이천리 291-6,35.26919174,129.2433319,,한전주,051-709-4684,부산광역시 기장군청,2025-11-17
일광면이천리-47,1,,부산광역시 기장군 일광읍 이천리 518-1,35.26710892,129.2393253812,,한전주,051-709-4684,부산광역시 기장군청,2025-11-17
일광면이천리-48,1,,부산광역시 기장군 일광읍 이천리 519-5,35.2671561096,129.2391663,,한전주,051-709-4684,부산광역시 기장군청,2025-11-17
일광면이천리-49,1,,부산광역시 기장군 일광읍 이천리 929-9,35.26763153,129.2386475,,한전주,051-709-4684,부산광역시 기장군청,2025-11-17
일광면이천리-50,1,,부산광역시 기장군 일광읍 이천리 485,35.26856995,129.2380781788,,전용주,051-709-4684,부산광역시 기장군청,2025-11-17
일광면이천리-51,1,,부산광역시 기장군 일광읍 이천리 510-3,35.2667467136,129.2393951,,전용주,051-709-4684,부산광역시 기장군청,2025-11-17
일광면이천리-52,1,,부산광역시 기장군 일광읍 이천리 371-1,35.2662887058,129.23913927,,한전주,051-709-4684,부산광역시 기장군청,2025-11-17
일광면이천리-53,1,,부산광역시 기장군 일광읍 이천리 371-3,35.2661722372,129.2389221,,건축물,051-709-4684,부산광역시 기장군청,2025-11-17
일광면이천리-54,1,,부산광역시 기장군 일광읍 이천리 373-3,35.26638794,129.2388040714,,한전주,051-709-4684,부산광역시 기장군청,2025-11-17
일광면이천리-55,1,,부산광역시 기장군 일광읍 이천리 377-1,35.26616287,129.2383866135,,건축물,051-709-4684,부산광역시 기장군청,2025-11-17
일광면이천리-56,1,,부산광역시 기장군 일광읍 이천리 376-5,35.2663891105,129.238455272,,건축물,051-709-4684,부산광역시 기장군청,2025-11-17
일광면이천리-57,1,,부산광역시 기장군 일광읍 이천리 375,35.26643372,129.2383490502,,건축물,051-709-4684,부산광역시 기장군청,2025-11-17
일광면이천리-58,1,,부산광역시 기장군 일광읍 이천리 441-5,35.2663716293,129.2378227422,,한전주,051-709-4684,부산광역시 기장군청,2025-11-17
일광면이천리-59,1,,부산광역시 기장군 일광읍 이천리 440-2,35.2661763029,129.2378998,,건축물,051-709-4684,부산광역시 기장군청,2025-11-17
일광면이천리-60,1,,부산광역시 기장군 일광읍 이천리 436-1,35.2659903201,129.2378841934,,한전주,051-709-4684,부산광역시 기장군청,2025-11-17
일광면이천리-61,1,,부산광역시 기장군 일광읍 이천리 436-1,35.2659903201,129.2378841934,,한전주,051-709-4684,부산광역시 기장군청,2025-11-17
일광면이천리-62,1,,부산광역시 기장군 일광읍 이천리 378,35.265874271,129.2385309866,,한전주,051-709-4684,부산광역시 기장군청,2025-11-17
일광면이천리-63,1,,부산광역시 기장군 일광읍 이천리 373-2,35.2660832904,129.238689175,,전용주,051-709-4684,부산광역시 기장군청,2025-11-17
일광면이천리-64,1,,부산광역시 기장군 일광읍 이천리 371-5,35.2657961338,129.2389221,,건축물,051-709-4684,부산광역시 기장군청,2025-11-17
일광면이천리-65,1,,부산광역시 기장군 일광읍 이천리 371-1,35.2662468,129.23913927,,한전주,051-709-4684,부산광역시 기장군청,2025-11-17
일광면이천리-66,1,,부산광역시 기장군 일광읍 이천리 371-4,35.26602936,129.2391968,,전용주,051-709-4684,부산광역시 기장군청,2025-11-17
일광면이천리-67,1,,부산광역시 기장군 일광읍 이천리 368-4,35.26582336,129.239352266,,한전주,051-709-4684,부산광역시 기장군청,2025-11-17
일광면이천리-68,1,,부산광역시 기장군 일광읍 이천리 368-3,35.26551056,129.2393157986,,한전주,051-709-4684,부산광역시 기장군청,2025-11-17
일광면이천리-69,1,,부산광역시 기장군 일광읍 이천리 361-1,35.2654537349,129.2396481736,,전용주,051-709-4684,부산광역시 기장군청,2025-11-17
일광면이천리-70,1,,부산광역시 기장군 일광읍 이천리 382-8,35.2653389,129.2391205,,한전주,051-709-4684,부산광역시 기장군청,2025-11-17
일광면이천리-71,1,,부산광역시 기장군 일광읍 이천리 361-2,35.2651126761,129.2397096173,,한전주,051-709-4684,부산광역시 기장군청,2025-11-17
일광면이천리-72,1,,부산광역시 기장군 일광읍 이천리 359-5,35.2649463063,129.2404340109,,한전주,051-709-4684,부산광역시 기장군청,2025-11-17
일광면이천리-73,1,,부산광역시 기장군 일광읍 이천리 395-25,35.2652092,129.2413075887,,한전주,051-709-4684,부산광역시 기장군청,2025-11-17
일광면이천리-74,1,,부산광역시 기장군 일광읍 이천리 357-5,35.26533127,129.2398261985,,한전주,051-709-4684,부산광역시 기장군청,2025-11-17
일광면이천리-75,1,,부산광역시 기장군 일광읍 이천리 396-1,35.2646561634,129.2378998,,한전주,051-709-4684,부산광역시 기장군청,2025-11-17
일광면이천리-76,1,,부산광역시 기장군 일광읍 이천리 398,35.2648743132,129.237862354,,한전주,051-709-4684,부산광역시 기장군청,2025-11-17
일광면이천리-77,1,,부산광역시 기장군 일광읍 이천리 390-3,35.2651825,129.2378685514,,한전주,051-709-4684,부산광역시 기장군청,2025-11-17
일광면이천리-78,1,,부산광역시 기장군 일광읍 이천리 412-1,35.26536179,129.237915,,전용주,051-709-4684,부산광역시 기장군청,2025-11-17
일광면이천리-79,1,,부산광역시 기장군 일광읍 이천리 390-5,35.26527023,129.2381287,,전용주,051-709-4684,부산광역시 기장군청,2025-11-17
일광면이천리-80,1,,부산광역시 기장군 일광읍 이천리 382-6,35.26524734,129.2387622806,,전용주,051-709-4684,부산광역시 기장군청,2025-11-17
일광면이천리-81,1,,부산광역시 기장군 일광읍 이천리 382-1,35.2651777666,129.2388378759,,한전주,051-709-4684,부산광역시 기장군청,2025-11-17
일광면이천리-82,1,,부산광역시 기장군 일광읍 이천리 382-1,35.2651777666,129.2388378759,,한전주,051-709-4684,부산광역시 기장군청,2025-11-17
일광면이천리-83,1,,부산광역시 기장군 일광읍 이천리 414,35.26555252,129.2380829,,한전주,051-709-4684,부산광역시 기장군청,2025-11-17
일광면이천리-84,1,,부산광역시 기장군 일광읍 이천리 413,35.26558304,129.2378794071,,한전주,051-709-4684,부산광역시 기장군청,2025-11-17
일광면이천리-85,1,,부산광역시 기장군 일광읍 이천리 416,35.26580429,129.2378560165,,한전주,051-709-4684,부산광역시 기장군청,2025-11-17
일광면이천리-86,1,,부산광역시 기장군 일광읍 이천리 407-1,35.26556396,129.2374336244,,한전주,051-709-4684,부산광역시 기장군청,2025-11-17
일광면이천리-87,1,,부산광역시 기장군 일광읍 이천리 402-1,35.2651563291,129.237673892,,전용주,051-709-4684,부산광역시 기장군청,2025-11-17
일광면이천리-88,1,,부산광역시 기장군 일광읍 이천리 404,35.2652387048,129.2375402259,,전용주,051-709-4684,부산광역시 기장군청,2025-11-17
일광면이천리-89,1,,부산광역시 기장군 일광읍 이천리 395-2,35.265114128,129.237391461,,한전주,051-709-4684,부산광역시 기장군청,2025-11-17
일광면이천리-90,1,,부산광역시 기장군 일광읍 이천리 395-4,35.2649465612,129.2375183,,전용주,051-709-4684,부산광역시 기장군청,2025-11-17
일광면이천리-91,1,,부산광역시 기장군 일광읍 이천리 395-6,35.2647252503,129.2376161942,,한전주,051-709-4684,부산광역시 기장군청,2025-11-17
일광면이천리-95,1,,부산광역시 기장군 일광읍 이천리 854,35.2656190495,129.2363586,,한전주,051-709-4684,부산광역시 기장군청,2025-11-17
일광면이천리-96,1,,부산광역시 기장군 일광읍 이천리 867,35.26543808,129.2364677262,,전용주,051-709-4684,부산광역시 기장군청,2025-11-17
일광면이천리-97,1,,부산광역시 기장군 일광읍 이천리 872,35.26535416,129.2362823,,전용주,051-709-4684,부산광역시 기장군청,2025-11-17
일광면이천리-98,1,,부산광역시 기장군 일광읍 이천리 432,35.2659529425,129.237036906,,한전주,051-709-4684,부산광역시 기장군청,2025-11-17
일광면이천리-99,1,,부산광역시 기장군 일광읍 이천리 434,35.2658318204,129.2373300114,,한전주,051-709-4684,부산광역시 기장군청,2025-11-17
일광면이천리-100,1,,부산광역시 기장군 일광읍 이천리 829-1,35.266129488,129.2363527266,,한전주,051-709-4684,부산광역시 기장군청,2025-11-17
일광면이천리-101,1,,부산광역시 기장군 일광읍 이천리 777-7,35.26696777,129.2352588767,,전용주,051-709-4684,부산광역시 기장군청,2025-11-17
일광면이천리-102,1,,부산광역시 기장군 일광읍 이천리 835-6,35.2666840736,129.2356957826,,전용주,051-709-4684,부산광역시 기장군청,2025-11-17
일광면이천리-103,1,,부산광역시 기장군 일광읍 이천리 779-9,35.2675420886,129.2357404131,,한전주,051-709-4684,부산광역시 기장군청,2025-11-17
일광면이천리-104,1,,부산광역시 기장군 일광읍 이천리 779-33,35.26750183,129.2354584,,건축물,051-709-4684,부산광역시 기장군청,2025-11-17
일광면이천리-105,1,,부산광역시 기장군 일광읍 이천리 777-23,35.26775742,129.2353141598,,전용주,051-709-4684,부산광역시 기장군청,2025-11-17
일광면이천리-106,1,,부산광역시 기장군 일광읍 이천리 777-23,35.26774979,129.2353516,,전용주,051-709-4684,부산광역시 기장군청,2025-11-17
일광면이천리-107,1,,부산광역시 기장군 일광읍 이천리 777-23,35.26774979,129.2353141598,,전용주,051-709-4684,부산광역시 기장군청,2025-11-17
일광면이천리-108,1,,부산광역시 기장군 일광읍 이천리 908-11,35.26834869,129.2348938,,한전주,051-709-4684,부산광역시 기장군청,2025-11-17
일광면이천리-109,1,,부산광역시 기장군 일광읍 이천리 921-4,35.2690918641,129.2348938,,한전주,051-709-4684,부산광역시 기장군청,2025-11-17
일광면이천리-110,1,,부산광역시 기장군 일광읍 이천리 810-6,35.267439035,129.2364162442,,전용주,051-709-4684,부산광역시 기장군청,2025-11-17
일광면이천리-111,1,,부산광역시 기장군 일광읍 이천리 810-6,35.26741791,129.2364162442,,전용주,051-709-4684,부산광역시 기장군청,2025-11-17
일광면이천리-112,1,,부산광역시 기장군 일광읍 이천리 818-3,35.2667997229,129.2365663127,,한전주,051-709-4684,부산광역시 기장군청,2025-11-17
일광면이천리-113,1,,부산광역시 기장군 일광읍 이천리 449-13,35.2666970583,129.2370453,,건축물,051-709-4684,부산광역시 기장군청,2025-11-17
일광면이천리-114,1,,부산광역시 기장군 일광읍 이천리 447-1,35.2665932274,129.2373119526,,한전주,051-709-4684,부산광역시 기장군청,2025-11-17
일광면이천리-115,1,,부산광역시 기장군 일광읍 이천리 441-1,35.26657486,129.2376479533,,한전주,051-709-4684,부산광역시 기장군청,2025-11-17
일광면이천리-117,1,,부산광역시 기장군 일광읍 이천리 453-5,35.2670008466,129.2375253464,,건축물,051-709-4684,부산광역시 기장군청,2025-11-17
일광면이천리-118,1,,부산광역시 기장군 일광읍 이천리 374-5,35.2667348059,129.2384495288,,전용주,051-709-4684,부산광역시 기장군청,2025-11-17
일광면이천리-119,1,,부산광역시 기장군 일광읍 이천리 509-1,35.2668913154,129.2386475,,한전주,051-709-4684,부산광역시 기장군청,2025-11-17
일광면이천리-120,1,,부산광역시 기장군 일광읍 이천리 509-1,35.2668913154,129.2386850809,,한전주,051-709-4684,부산광역시 기장군청,2025-11-17
일광면이천리-121,1,,부산광역시 기장군 일광읍 이천리 928-18,35.2677079138,129.2381673918,,한전주,051-709-4684,부산광역시 기장군청,2025-11-17
일광면이천리-122,1,,부산광역시 기장군 일광읍 이천리 475-1,35.26903152,129.2370148,,한전주,051-709-4684,부산광역시 기장군청,2025-11-17
일광면이천리-123,1,,부산광역시 기장군 일광읍 이천리 475-1,35.2690845792,129.2370929276,,한전주,051-709-4684,부산광역시 기장군청,2025-11-17
일광면이천리-124,1,,부산광역시 기장군 일광읍 이천리 475-1,35.2690845792,129.2370929276,,한전주,051-709-4684,부산광역시 기장군청,2025-11-17
일광면이천리-125,1,,부산광역시 기장군 일광읍 이천리 798-1,35.2698971341,129.2369443,,한전주,051-709-4684,부산광역시 기장군청,2025-11-17
일광면이천리-126,1,,부산광역시 기장군 일광읍 이천리 797-1,35.2702309295,129.2370073528,,한전주,051-709-4684,부산광역시 기장군청,2025-11-17
일광면이천리-127,1,,부산광역시 기장군 일광읍 이천리 683-1,35.2707429303,129.2371001585,,한전주,051-709-4684,부산광역시 기장군청,2025-11-17
일광면이천리-128,1,,부산광역시 기장군 일광읍 이천리 602-1,35.2710069663,129.2371188184,,한전주,051-709-4684,부산광역시 기장군청,2025-11-17
일광면이천리-129,1,,부산광역시 기장군 일광읍 이천리 682-1,35.2714215868,129.2369767537,,한전주,051-709-4684,부산광역시 기장군청,2025-11-17
일광면이천리-130,1,,부산광역시 기장군 일광읍 이천리 681-3,35.2717016484,129.2368448481,,한전주,051-709-4684,부산광역시 기장군청,2025-11-17
일광면이천리-131,1,,부산광역시 기장군 일광읍 이천리 678-1,35.2722819637,129.2365736687,,한전주,051-709-4684,부산광역시 기장군청,2025-11-17
일광면이천리-132,1,,부산광역시 기장군 일광읍 이천리 613-37,35.2727097966,129.2362823,,한전주,051-709-4684,부산광역시 기장군청,2025-11-17
일광면이천리-133,1,,부산광역시 기장군 일광읍 이천리 671,35.272879357,129.2354584,,한전주,051-709-4684,부산광역시 기장군청,2025-11-17
일광면이천리-134,1,,부산광역시 기장군 일광읍 이천리 908-94,35.26782227,129.2342063248,,한전주,051-709-4684,부산광역시 기장군청,2025-11-17
일광면이천리-135,1,,부산광역시 기장군 일광읍 이천리 766-1,35.26847458,129.2342377,,한전주,051-709-4684,부산광역시 기장군청,2025-11-17
일광면이천리-136,1,,부산광역시 기장군 일광읍 이천리 766-8,35.2685338311,129.2342072,,한전주,051-709-4684,부산광역시 기장군청,2025-11-17
일광면이천리-137,1,,부산광역시 기장군 일광읍 이천리 766-5,35.26841736,129.2341461,,건축물,051-709-4684,부산광역시 기장군청,2025-11-17
일광면이천리-138,1,,부산광역시 기장군 일광읍 이천리 765-1,35.268765128,129.2340546,,건축물,051-709-4684,부산광역시 기장군청,2025-11-17
일광면이천리-139,1,,부산광역시 기장군 일광읍 이천리 765-1,35.26877975,129.2340546,,건축물,051-709-4684,부산광역시 기장군청,2025-11-17
일광면이천리-140,1,,부산광역시 기장군 일광읍 이천리 768-19,35.2675806074,129.2337341,,건축물,051-709-4684,부산광역시 기장군청,2025-11-17
일광면이천리-141,1,,부산광역시 기장군 일광읍 이천리 700-6,35.2699855079,129.2329449852,,한전주,051-709-4684,부산광역시 기장군청,2025-11-17
일광면이천리-142,1,,부산광역시 기장군 일광읍 이천리 700-6,35.2699855079,129.2329449852,,한전주,051-709-4684,부산광역시 기장군청,2025-11-17
일광면이천리-143,1,,부산광역시 기장군 일광읍 이천리 756-4,35.27016068,129.2325287,,한전주,051-709-4684,부산광역시 기장군청,2025-11-17
일광면이천리-144,1,,부산광역시 기장군 일광읍 이천리 702-17,35.27035141,129.2322952339,,한전주,051-709-4684,부산광역시 기장군청,2025-11-17
일광면이천리-145,1,,부산광역시 기장군 일광읍 이천리 702-16,35.2707998138,129.2322654187,,전용주,051-709-4684,부산광역시 기장군청,2025-11-17
일광면이천리-146,1,,부산광역시 기장군 일광읍 이천리 702-17,35.2703817791,129.2322952339,,한전주,051-709-4684,부산광역시 기장군청,2025-11-17
일광면이천리-147,1,,부산광역시 기장군 일광읍 이천리 702-13,35.2710528467,129.2316937807,,한전주,051-709-4684,부산광역시 기장군청,2025-11-17
일광면이천리-150,1,,부산광역시 기장군 일광읍 이천리 산 36-39,35.27099991,129.2298584,,한전주,051-709-4684,부산광역시 기장군청,2025-11-17
일광면이천리-151,1,,부산광역시 기장군 일광읍 이천리 산 36-39,35.2709406595,129.2298023181,,한전주,051-709-4684,부산광역시 기장군청,2025-11-17
일광면이천리-152,1,,부산광역시 기장군 일광읍 이천리 산 36-33,35.27056122,129.2296035852,,한전주,051-709-4684,부산광역시 기장군청,2025-11-17
일광면이천리-153,1,,부산광역시 기장군 일광읍 이천리 산 36-44,35.2705553487,129.2295315556,,한전주,051-709-4684,부산광역시 기장군청,2025-11-17
일광면이천리-154,1,,부산광역시 기장군 일광읍 이천리 산 36-1,35.2709320775,129.2295097247,,전용주,051-709-4684,부산광역시 기장군청,2025-11-17
일광면이천리-155,1,,부산광역시 기장군 일광읍 이천리 산 36-1,35.2709320775,129.2295097247,,전용주,051-709-4684,부산광역시 기장군청,2025-11-17
일광면이천리-156,1,,부산광역시 기장군 일광읍 이천리 719-2,35.270949739,129.2290011203,,전용주,051-709-4684,부산광역시 기장군청,2025-11-17
일광면이천리-157,1,,부산광역시 기장군 일광읍 이천리 719-2,35.270949739,129.2290011203,,전용주,051-709-4684,부산광역시 기장군청,2025-11-17
일광면이천리-158,1,,부산광역시 기장군 일광읍 이천리 719-2,35.270949739,129.2290011203,,전용주,051-709-4684,부산광역시 기장군청,2025-11-17
일광면이천리-159,1,,부산광역시 기장군 일광읍 이천리 717-21,35.27010727,129.2290660017,,전용주,051-709-4684,부산광역시 기장군청,2025-11-17
일광면이천리-160,1,,부산광역시 기장군 일광읍 이천리 717-21,35.27017975,129.2290660017,,한전주,051-709-4684,부산광역시 기장군청,2025-11-17
일광면이천리-161,1,,부산광역시 기장군 일광읍 이천리 717-23,35.2703834689,129.2284698,,전용주,051-709-4684,부산광역시 기장군청,2025-11-17
일광면이천리-162,1,,부산광역시 기장군 일광읍 이천리 720-5,35.27028656,129.2279358,,한전주,051-709-4684,부산광역시 기장군청,2025-11-17
일광면이천리-163,1,,부산광역시 기장군 일광읍 이천리 720-5,35.27026749,129.2279663647,,전용주,051-709-4684,부산광역시 기장군청,2025-11-17
일광면이천리-164,1,,부산광역시 기장군 일광읍 이천리 730-7,35.27027893,129.2271818746,,전용주,051-709-4684,부산광역시 기장군청,2025-11-17
일광면이천리-165,1,,부산광역시 기장군 일광읍 이천리 729-1,35.26977539,129.2269841632,,전용주,051-709-4684,부산광역시 기장군청,2025-11-17
일광면이천리-166,1,,부산광역시 기장군 일광읍 이천리 725,35.2704698782,129.2268798543,,한전주,051-709-4684,부산광역시 기장군청,2025-11-17
일광면이천리-167,1,,부산광역시 기장군 일광읍 이천리 634-1,35.2740402919,129.2318293625,,한전주,051-709-4684,부산광역시 기장군청,2025-11-17
일광면이천리-168,1,,부산광역시 기장군 일광읍 이천리 645-3,35.2740741395,129.2301025,,한전주,051-709-4684,부산광역시 기장군청,2025-11-17
일광면이천리-169,1,,부산광역시 기장군 일광읍 이천리 645-3,35.2740741395,129.2301717766,,전용주,051-709-4684,부산광역시 기장군청,2025-11-17
일광면이천리-170,1,,부산광역시 기장군 일광읍 이천리 644-5,35.2746965847,129.2303575059,,전용주,051-709-4684,부산광역시 기장군청,2025-11-17
일광면이천리-171,1,,부산광역시 기장군 일광읍 이천리 644-5,35.2746965847,129.2303467,,전용주,051-709-4684,부산광역시 기장군청,2025-11-17
일광면이천리-172,1,,부산광역시 기장군 일광읍 이천리 730-3,35.2701185898,129.2275393429,,전용주,051-709-4684,부산광역시 기장군청,2025-11-17
일광면이천리-173,1,,부산광역시 기장군 일광읍 이천리 701-2,35.2714607965,129.231572355,2018,한전주,051-709-4684,부산광역시 기장군청,2025-11-17
일광면청광리-1,1,,부산광역시 기장군 일광읍 청광리 253-2,35.2998775074,129.2309875,,한전주,051-709-4684,부산광역시 기장군청,2025-11-17
일광면청광리-2,1,,부산광역시 기장군 일광읍 청광리 291-1,35.29890442,129.2310333,,한전주,051-709-4684,부산광역시 기장군청,2025-11-17
일광면청광리-3,1,,부산광역시 기장군 일광읍 청광리 289-3,35.2979435909,129.2310054738,,한전주,051-709-4684,부산광역시 기장군청,2025-11-17
일광면청광리-4,1,,부산광역시 기장군 일광읍 청광리 45-2,35.299663753,129.2345647546,,한전주,051-709-4684,부산광역시 기장군청,2025-11-17
일광면청광리-5,1,,부산광역시 기장군 일광읍 청광리 48-3,35.2993539733,129.2354758094,,한전주,051-709-4684,부산광역시 기장군청,2025-11-17
일광면청광리-6,1,,부산광역시 기장군 일광읍 청광리 171-10,35.29528046,129.2366943,,한전주,051-709-4684,부산광역시 기장군청,2025-11-17
일광면청광리-7,1,,부산광역시 기장군 일광읍 청광리 170-7,35.29546738,129.2358856,,한전주,051-709-4684,부산광역시 기장군청,2025-11-17
일광면청광리-8,1,,부산광역시 기장군 일광읍 청광리 산 18-14,35.2951951036,129.2348614078,,한전주,051-709-4684,부산광역시 기장군청,2025-11-17
일광면청광리-9,1,,부산광역시 기장군 일광읍 청광리 산 18-19,35.295188001,129.2344513,,한전주,051-709-4684,부산광역시 기장군청,2025-11-17
일광면청광리-10,1,,부산광역시 기장군 일광읍 청광리 192-1,35.2954935746,129.2341485748,,한전주,051-709-4684,부산광역시 기장군청,2025-11-17
일광면청광리-11,1,,부산광역시 기장군 일광읍 청광리 192-6,35.2959035071,129.2335543226,,한전주,051-709-4684,부산광역시 기장군청,2025-11-17
일광면청광리-12,1,,부산광역시 기장군 일광읍 청광리 195,35.29595184,129.2331166936,,한전주,051-709-4684,부산광역시 기장군청,2025-11-17
일광면청광리-13,1,,부산광역시 기장군 일광읍 청광리 199-1,35.2958944903,129.2324829,,한전주,051-709-4684,부산광역시 기장군청,2025-11-17
일광면청광리-14,1,,부산광역시 기장군 일광읍 청광리 197-2,35.29601669,129.2321667737,,한전주,051-709-4684,부산광역시 기장군청,2025-11-17
일광면청광리-15,1,,부산광역시 기장군 일광읍 청광리 산 18-22,35.2964969243,129.2311986076,,한전주,051-709-4684,부산광역시 기장군청,2025-11-17
일광면청광리-16,1,,부산광역시 기장군 일광읍 청광리 210-1,35.2957976052,129.2317640898,,한전주,051-709-4684,부산광역시 기장군청,2025-11-17
일광면청광리-17,1,,부산광역시 기장군 일광읍 청광리 127,35.2954373471,129.2317047,,한전주,051-709-4684,부산광역시 기장군청,2025-11-17
일광면청광리-18,1,,부산광역시 기장군 일광읍 청광리 127,35.2954373471,129.2317577784,,한전주,051-709-4684,부산광역시 기장군청,2025-11-17
일광면청광리-19,1,,부산광역시 기장군 일광읍 청광리 126,35.29541016,129.2316130123,,한전주,051-709-4684,부산광역시 기장군청,2025-11-17
일광면청광리-20,1,,부산광역시 기장군 일광읍 청광리 323-1,35.2953241688,129.2313239129,,한전주,051-709-4684,부산광역시 기장군청,2025-11-17
일광면청광리-21,1,,부산광역시 기장군 일광읍 청광리 129-1,35.295271232,129.2324371,,한전주,051-709-4684,부산광역시 기장군청,2025-11-17
일광면청광리-22,1,,부산광역시 기장군 일광읍 청광리 132,35.2952958936,129.2327118,,한전주,051-709-4684,부산광역시 기장군청,2025-11-17
일광면청광리-23,1,,부산광역시 기장군 일광읍 청광리 134-9,35.2950272883,129.2329699431,,한전주,051-709-4684,부산광역시 기장군청,2025-11-17
일광면청광리-24,1,,부산광역시 기장군 일광읍 청광리 134-12,35.2947197,129.2332791796,,한전주,051-709-4684,부산광역시 기장군청,2025-11-17
일광면청광리-25,1,,부산광역시 기장군 일광읍 청광리 134-14,35.29449844,129.2331267642,,한전주,051-709-4684,부산광역시 기장군청,2025-11-17
일광면청광리-26,1,,부산광역시 기장군 일광읍 청광리 141-3,35.2942661939,129.2335968,,전용주,051-709-4684,부산광역시 기장군청,2025-11-17
일광면청광리-27,1,,부산광역시 기장군 일광읍 청광리 141-3,35.29429626,129.2335787449,,한전주,051-709-4684,부산광역시 기장군청,2025-11-17
일광면청광리-28,1,,부산광역시 기장군 일광읍 청광리 309,35.29790115,129.2307313277,,한전주,051-709-4684,부산광역시 기장군청,2025-11-17
일광면칠암리-1,1,,부산광역시 기장군 일광읍 칠암리 153-1,35.2990011353,129.2590786162,,한전주,051-709-4684,부산광역시 기장군청,2025-11-17
일광면칠암리-2,1,,부산광역시 기장군 일광읍 칠암리 12-8,35.29925919,129.2590332,,건축물,051-709-4684,부산광역시 기장군청,2025-11-17
일광면칠암리-4,1,,부산광역시 기장군 일광읍 칠암리 149-8,35.29908752,129.2584005395,,한전주,051-709-4684,부산광역시 기장군청,2025-11-17
일광면칠암리-5,1,,부산광역시 기장군 일광읍 칠암리 153-9,35.2989113094,129.2587891,,건축물,051-709-4684,부산광역시 기장군청,2025-11-17
일광면칠암리-6,1,,부산광역시 기장군 일광읍 칠암리 21,35.29870605,129.259279304,,한전주,051-709-4684,부산광역시 기장군청,2025-11-17
일광면칠암리-7,1,,부산광역시 기장군 일광읍 칠암리 24,35.29845428,129.2593017292,,한전주,051-709-4684,부산광역시 기장군청,2025-11-17
일광면칠암리-8,1,,부산광역시 기장군 일광읍 칠암리 26,35.29821396,129.2592770858,,건축물,051-709-4684,부산광역시 기장군청,2025-11-17
일광면칠암리-9,1,,부산광역시 기장군 일광읍 칠암리 152-7,35.2981068607,129.2589264,,전용주,051-709-4684,부산광역시 기장군청,2025-11-17
일광면칠암리-10,1,,부산광역시 기장군 일광읍 칠암리 66,35.29774857,129.2588959,,전용주,051-709-4684,부산광역시 기장군청,2025-11-17
일광면칠암리-11,1,,부산광역시 기장군 일광읍 칠암리 62-2,35.2972805031,129.2588154917,,한전주,051-709-4684,부산광역시 기장군청,2025-11-17
일광면칠암리-12,1,,부산광역시 기장군 일광읍 칠암리 50,35.297433124,129.2593420035,,건축물,051-709-4684,부산광역시 기장군청,2025-11-17
일광면칠암리-13,1,,부산광역시 기장군 일광읍 칠암리 40,35.2978881657,129.2592773,,한전주,051-709-4684,부산광역시 기장군청,2025-11-17
일광면칠암리-14,1,,부산광역시 기장군 일광읍 칠암리 54,35.2974925012,129.2595978,,건축물,051-709-4684,부산광역시 기장군청,2025-11-17
일광면칠암리-15,1,,부산광역시 기장군 일광읍 칠암리 53,35.2973723274,129.2596893,,건축물,051-709-4684,부산광역시 기장군청,2025-11-17
일광면칠암리-16,1,,부산광역시 기장군 일광읍 칠암리 52-2,35.2973179636,129.2595480526,,건축물,051-709-4684,부산광역시 기장군청,2025-11-17
일광면칠암리-17,1,,부산광역시 기장군 일광읍 칠암리 60-3,35.2970195448,129.2593384,,한전주,051-709-4684,부산광역시 기장군청,2025-11-17
일광면칠암리-18,1,,부산광역시 기장군 일광읍 칠암리 60-2,35.2972310504,129.2590105588,,한전주,051-709-4684,부산광역시 기장군청,2025-11-17
일광면칠암리-19,1,,부산광역시 기장군 일광읍 칠암리 71-2,35.2973571808,129.2579409923,,한전주,051-709-4684,부산광역시 기장군청,2025-11-17
일광면칠암리-20,1,,부산광역시 기장군 일광읍 칠암리 63,35.29728317,129.2582419608,,건축물,051-709-4684,부산광역시 기장군청,2025-11-17
일광면칠암리-21,1,,부산광역시 기장군 일광읍 칠암리 63-1,35.2972489014,129.2584839,,한전주,051-709-4684,부산광역시 기장군청,2025-11-17
일광면칠암리-22,1,,부산광역시 기장군 일광읍 칠암리 63-3,35.29740906,129.2586517,,한전주,051-709-4684,부산광역시 기장군청,2025-11-17
일광면칠암리-23,1,,부산광역시 기장군 일광읍 칠암리 71-1,35.2976827458,129.2579382896,,전용주,051-709-4684,부산광역시 기장군청,2025-11-17
일광면칠암리-24,1,,부산광역시 기장군 일광읍 칠암리 69-3,35.2978324235,129.2582167667,,건축물,051-709-4684,부산광역시 기장군청,2025-11-17
일광면칠암리-25,1,,부산광역시 기장군 일광읍 칠암리 69-2,35.2980385006,129.2582092,,건축물,051-709-4684,부산광역시 기장군청,2025-11-17
일광면칠암리-26,1,,부산광역시 기장군 일광읍 칠암리 69-1,35.29804611,129.2584229,,건축물,051-709-4684,부산광역시 기장군청,2025-11-17
일광면칠암리-27,1,,부산광역시 기장군 일광읍 칠암리 269-10,35.29720306,129.2575989,,한전주,051-709-4684,부산광역시 기장군청,2025-11-17
일광면칠암리-28,1,,부산광역시 기장군 일광읍 칠암리 151-7,35.2985611,129.2581482,,건축물,051-709-4684,부산광역시 기장군청,2025-11-17
일광면칠암리-29,1,,부산광역시 기장군 일광읍 칠암리 74-1,35.2984962748,129.2580040303,,건축물,051-709-4684,부산광역시 기장군청,2025-11-17
일광면칠암리-30,1,,부산광역시 기장군 일광읍 칠암리 78-2,35.2984143555,129.2576141,,한전주,051-709-4684,부산광역시 기장군청,2025-11-17
일광면칠암리-31,1,,부산광역시 기장군 일광읍 칠암리 79,35.29866298,129.2571346743,,한전주,051-709-4684,부산광역시 기장군청,2025-11-17
일광면칠암리-32,1,,부산광역시 기장군 일광읍 칠암리 220-4,35.2991035184,129.2553406,,한전주,051-709-4684,부산광역시 기장군청,2025-11-17
일광면칠암리-33,1,,부산광역시 기장군 일광읍 칠암리 133,35.2988690552,129.2547465677,,한전주,051-709-4684,부산광역시 기장군청,2025-11-17
일광면칠암리-34,1,,부산광역시 기장군 일광읍 칠암리 131-1,35.2989059512,129.2544098,,한전주,051-709-4684,부산광역시 기장군청,2025-11-17
일광면칠암리-35,1,,부산광역시 기장군 일광읍 칠암리 131-2,35.298633539,129.254303,,한전주,051-709-4684,부산광역시 기장군청,2025-11-17
일광면칠암리-36,1,,부산광역시 기장군 일광읍 칠암리 122-5,35.29819107,129.2539368672,,한전주,051-709-4684,부산광역시 기장군청,2025-11-17
일광면칠암리-37,1,,부산광역시 기장군 일광읍 칠암리 118-1,35.2977343297,129.2541216922,,한전주,051-709-4684,부산광역시 기장군청,2025-11-17
일광면칠암리-38,1,,부산광역시 기장군 일광읍 칠암리 267-6,35.299176406,129.2535778248,,한전주,051-709-4684,부산광역시 기장군청,2025-11-17
일광면학리-1,1,,부산광역시 기장군 일광읍 학리 257-7,35.25916672,129.2442695095,,한전주,051-709-4684,부산광역시 기장군청,2025-11-17
일광면학리-2,1,,부산광역시 기장군 일광읍 학리 255,35.2588115846,129.2444114009,,한전주,051-709-4684,부산광역시 기장군청,2025-11-17
일광면학리-3,1,,부산광역시 기장군 일광읍 학리 251-8,35.2587785348,129.2446721708,,건축물,051-709-4684,부산광역시 기장군청,2025-11-17
일광면학리-4,1,,부산광역시 기장군 일광읍 학리 213-1,35.2576471426,129.2454503796,,한전주,051-709-4684,부산광역시 기장군청,2025-11-17
일광면학리-5,1,,부산광역시 기장군 일광읍 학리 308-4,35.25776291,129.2458191,,한전주,051-709-4684,부산광역시 기장군청,2025-11-17
일광면학리-6,1,,부산광역시 기장군 일광읍 학리 125-2,35.25788879,129.2467957,,전용주,051-709-4684,부산광역시 기장군청,2025-11-17
일광면학리-7,1,,부산광역시 기장군 일광읍 학리 125-6,35.25783157,129.2469023081,,전용주,051-709-4684,부산광역시 기장군청,2025-11-17
일광면학리-8,1,,부산광역시 기장군 일광읍 학리 108-2,35.25767136,129.2467386846,,전용주,051-709-4684,부산광역시 기장군청,2025-11-17
일광면학리-9,1,,부산광역시 기장군 일광읍 학리 108-9,35.25727844,129.2469241518,,전용주,051-709-4684,부산광역시 기장군청,2025-11-17
일광면학리-10,1,,부산광역시 기장군 일광읍 학리 127-3,35.25747299,129.2465589122,,한전주,051-709-4684,부산광역시 기장군청,2025-11-17
일광면학리-11,1,,부산광역시 기장군 일광읍 학리 207,35.25744247,129.2455982749,,한전주,051-709-4684,부산광역시 기장군청,2025-11-17
일광면학리-12,1,,부산광역시 기장군 일광읍 학리 132,35.2574234,129.2460711477,,한전주,051-709-4684,부산광역시 기장군청,2025-11-17
일광면학리-13,1,,부산광역시 기장군 일광읍 학리 137,35.2571373,129.2455483611,,한전주,051-709-4684,부산광역시 기장군청,2025-11-17
일광면학리-14,1,,부산광역시 기장군 일광읍 학리 143,35.25674057,129.2454073438,,한전주,051-709-4684,부산광역시 기장군청,2025-11-17
일광면학리-15,1,,부산광역시 기장군 일광읍 학리 144-4,35.256334404,129.2450552452,,전용주,051-709-4684,부산광역시 기장군청,2025-11-17
일광면학리-16,1,,부산광역시 기장군 일광읍 학리 151-1,35.25687408,129.2448578,,전용주,051-709-4684,부산광역시 기장군청,2025-11-17
일광면학리-17,1,,부산광역시 기장군 일광읍 학리 155-2,35.25666809,129.2443311954,,한전주,051-709-4684,부산광역시 기장군청,2025-11-17
일광면학리-18,1,,부산광역시 기장군 일광읍 학리 152,35.2559704798,129.2447357,,한전주,051-709-4684,부산광역시 기장군청,2025-11-17
일광면학리-19,1,,부산광역시 기장군 일광읍 학리 155-4,35.2561924516,129.2437627633,,한전주,051-709-4684,부산광역시 기장군청,2025-11-17
일광면학리-20,1,,부산광역시 기장군 일광읍 학리 155-6,35.25667191,129.2437452125,,한전주,051-709-4684,부산광역시 기장군청,2025-11-17
일광면학리-21,1,,부산광역시 기장군 일광읍 학리 164-5,35.2564247503,129.2433742814,,한전주,051-709-4684,부산광역시 기장군청,2025-11-17
일광면학리-22,1,,부산광역시 기장군 일광읍 학리 173,35.25683594,129.2434132011,,한전주,051-709-4684,부산광역시 기장군청,2025-11-17
일광면학리-23,1,,부산광역시 기장군 일광읍 학리 174,35.2571230038,129.243536772,,전용주,051-709-4684,부산광역시 기장군청,2025-11-17
일광면학리-24,1,,부산광역시 기장군 일광읍 학리 309-25,35.25708771,129.2439301442,,전용주,051-709-4684,부산광역시 기장군청,2025-11-17
일광면학리-25,1,,부산광역시 기장군 일광읍 학리 197-2,35.256863741,129.2443996036,,한전주,051-709-4684,부산광역시 기장군청,2025-11-17
일광면학리-26,1,,부산광역시 기장군 일광읍 학리 198-2,35.2571506322,129.2448579789,,한전주,051-709-4684,부산광역시 기장군청,2025-11-17
일광면학리-27,1,,부산광역시 기장군 일광읍 학리 218,35.2573180451,129.2450244321,,건축물,051-709-4684,부산광역시 기장군청,2025-11-17
일광면학리-28,1,,부산광역시 기장군 일광읍 학리 204,35.2572376009,129.2454375044,,한전주,051-709-4684,부산광역시 기장군청,2025-11-17
일광면학리-29,1,,부산광역시 기장군 일광읍 학리 222-1,35.25751495,129.2447364346,,한전주,051-709-4684,부산광역시 기장군청,2025-11-17
일광면학리-30,1,,부산광역시 기장군 일광읍 학리 309-34,35.2574234,129.2442017808,,한전주,051-709-4684,부산광역시 기장군청,2025-11-17
일광면학리-31,1,,부산광역시 기장군 일광읍 학리 239-7,35.2577182036,129.2438202,,한전주,051-709-4684,부산광역시 기장군청,2025-11-17
일광면학리-33,1,,부산광역시 기장군 일광읍 학리 266-18,35.2578641527,129.2439708924,,전용주,051-709-4684,부산광역시 기장군청,2025-11-17
일광면학리-34,1,,부산광역시 기장군 일광읍 학리 239-3,35.25775146,129.2441881864,,한전주,051-709-4684,부산광역시 기장군청,2025-11-17
일광면학리-35,1,,부산광역시 기장군 일광읍 학리 233,35.2576690347,129.244647228,,한전주,051-709-4684,부산광역시 기장군청,2025-11-17
일광면학리-36,1,,부산광역시 기장군 일광읍 학리 175-1,35.2570756092,129.2432691733,,한전주,051-709-4684,부산광역시 기장군청,2025-11-17
일광면학리-37,1,,부산광역시 기장군 일광읍 학리 176,35.25727463,129.2428166845,,전용주,051-709-4684,부산광역시 기장군청,2025-11-17
일광면학리-38,1,,부산광역시 기장군 일광읍 학리 180-8,35.257745306,129.2421862035,,한전주,051-709-4684,부산광역시 기장군청,2025-11-17
일광면학리-39,1,,부산광역시 기장군 일광읍 학리 180-3,35.25777817,129.2421014277,,한전주,051-709-4684,부산광역시 기장군청,2025-11-17
일광면학리-40,1,,부산광역시 기장군 일광읍 학리 283-1,35.2579414395,129.2428131,,한전주,051-709-4684,부산광역시 기장군청,2025-11-17
일광면학리-41,1,,부산광역시 기장군 일광읍 학리 269-4,35.25888062,129.2435904565,,한전주,051-709-4684,부산광역시 기장군청,2025-11-17
일광면학리-42,1,,부산광역시 기장군 일광읍 학리 295-3,35.257923587,129.2417217057,,전용주,051-709-4684,부산광역시 기장군청,2025-11-17
일광면학리-43,1,,부산광역시 기장군 일광읍 학리 295-1,35.25798035,129.2414398,,한전주,051-709-4684,부산광역시 기장군청,2025-11-17
일광면학리-44,1,,부산광역시 기장군 일광읍 학리 276,35.2583281322,129.2430439852,,전용주,051-709-4684,부산광역시 기장군청,2025-11-17
일광면학리-45,1,,부산광역시 기장군 일광읍 학리 267-9,35.258358,129.2435075439,,한전주,051-709-4684,부산광역시 기장군청,2025-11-17
일광면학리-46,1,,부산광역시 기장군 일광읍 학리 266-1,35.258384709,129.2436829,,전용주,051-709-4684,부산광역시 기장군청,2025-11-17
일광면학리-47,1,,부산광역시 기장군 일광읍 학리 263-3,35.2587148096,129.2439433662,,전용주,051-709-4684,부산광역시 기장군청,2025-11-17
일광면화전리-1,1,,부산광역시 기장군 일광읍 화전리 167-7,35.2760470849,129.2305403295,,한전주,051-709-4684,부산광역시 기장군청,2025-11-17
일광면화전리-9,1,,부산광역시 기장군 일광읍 화전리 367-1,35.2828367914,129.2278295537,,한전주,051-709-4684,부산광역시 기장군청,2025-11-17
일광면화전리-10,1,,부산광역시 기장군 일광읍 화전리 322-17,35.28333664,129.2282059677,,한전주,051-709-4684,부산광역시 기장군청,2025-11-17
일광면화전리-11,1,,부산광역시 기장군 일광읍 화전리 322-18,35.2836231348,129.2283096754,,한전주,051-709-4684,부산광역시 기장군청,2025-11-17
일광면화전리-12,1,,부산광역시 기장군 일광읍 화전리 322-6,35.2844452214,129.2286267209,,한전주,051-709-4684,부산광역시 기장군청,2025-11-17
일광면화전리-13,1,,부산광역시 기장군 일광읍 화전리 322-21,35.28491592,129.2290559771,,한전주,051-709-4684,부산광역시 기장군청,2025-11-17
일광면화전리-14,1,,부산광역시 기장군 일광읍 화전리 322-45,35.2846509487,129.2290826541,,한전주,051-709-4684,부산광역시 기장군청,2025-11-17
일광면화전리-15,1,,부산광역시 기장군 일광읍 화전리 321-8,35.28295898,129.2300448094,,한전주,051-709-4684,부산광역시 기장군청,2025-11-17
일광면화전리-16,1,,부산광역시 기장군 일광읍 화전리 321-34,35.2827666215,129.2301410594,,한전주,051-709-4684,부산광역시 기장군청,2025-11-17
일광면화전리-17,1,,부산광역시 기장군 일광읍 화전리 321-32,35.282379303,129.2307707933,,한전주,051-709-4684,부산광역시 기장군청,2025-11-17
일광면화전리-19,1,,부산광역시 기장군 일광읍 화전리 321-32,35.28239822,129.2307707933,,한전주,051-709-4684,부산광역시 기장군청,2025-11-17
일광면화전리-20,1,,부산광역시 기장군 일광읍 화전리 304,35.28223038,129.2311512403,,한전주,051-709-4684,부산광역시 기장군청,2025-11-17
일광면화전리-21,1,,부산광역시 기장군 일광읍 화전리 303,35.2817896739,129.2312164,,한전주,051-709-4684,부산광역시 기장군청,2025-11-17
일광면화전리-22,1,,부산광역시 기장군 일광읍 화전리 309,35.28156662,129.2307221359,,한전주,051-709-4684,부산광역시 기장군청,2025-11-17
일광면화전리-23,1,,부산광역시 기장군 일광읍 화전리 295-13,35.2810365895,129.2305145,,한전주,051-709-4684,부산광역시 기장군청,2025-11-17
일광면화전리-24,1,,부산광역시 기장군 일광읍 화전리 295-12,35.2811007032,129.2311401,,전용주,051-709-4684,부산광역시 기장군청,2025-11-17
일광면화전리-25,1,,부산광역시 기장군 일광읍 화전리 105-3,35.2807057673,129.2313931736,,전용주,051-709-4684,부산광역시 기장군청,2025-11-17
일광면화전리-26,1,,부산광역시 기장군 일광읍 화전리 104-2,35.2807850765,129.2316284,,건축물,051-709-4684,부산광역시 기장군청,2025-11-17
일광면화전리-27,1,,부산광역시 기장군 일광읍 화전리 103-1,35.28074646,129.2318140987,,건축물,051-709-4684,부산광역시 기장군청,2025-11-17
일광면화전리-28,1,,부산광역시 기장군 일광읍 화전리 108-3,35.2797046819,129.2319741509,,한전주,051-709-4684,부산광역시 기장군청,2025-11-17
일광면화전리-29,1,,부산광역시 기장군 일광읍 화전리 108-2,35.279750114,129.2317891971,,한전주,051-709-4684,부산광역시 기장군청,2025-11-17
일광면화전리-30,1,,부산광역시 기장군 일광읍 화전리 273-1,35.2798543797,129.2308946142,,한전주,051-709-4684,부산광역시 기장군청,2025-11-17
일광면화전리-31,1,,부산광역시 기장군 일광읍 화전리 279,35.2801139716,129.2314786363,,한전주,051-709-4684,부산광역시 기장군청,2025-11-17
일광면화전리-32,1,,부산광역시 기장군 일광읍 화전리 274-1,35.28016663,129.2304831974,,전용주,051-709-4684,부산광역시 기장군청,2025-11-17
일광면화전리-35,1,,부산광역시 기장군 일광읍 화전리 294-8,35.2811390496,129.2300860591,,전용주,051-709-4684,부산광역시 기장군청,2025-11-17
일광면화전리-36,1,,부산광역시 기장군 일광읍 화전리 331,35.2813875902,129.22965233,,한전주,051-709-4684,부산광역시 기장군청,2025-11-17
일광면화전리-37,1,,부산광역시 기장군 일광읍 화전리 317,35.2816724184,129.2298762118,,한전주,051-709-4684,부산광역시 기장군청,2025-11-17
일광면화전리-38,1,,부산광역시 기장군 일광읍 화전리 322-15,35.2825608984,129.2296589027,,한전주,051-709-4684,부산광역시 기장군청,2025-11-17
일광면화전리-39,1,,부산광역시 기장군 일광읍 화전리 321-14,35.28535461,129.2295643365,,한전주,051-709-4684,부산광역시 기장군청,2025-11-17
일광면화전리-40,1,,부산광역시 기장군 일광읍 화전리 384,35.2857212831,129.2288208,,한전주,051-709-4684,부산광역시 기장군청,2025-11-17
일광면화전리-41,1,,부산광역시 기장군 일광읍 화전리 401-2,35.2868940667,129.2298009268,,한전주,051-709-4684,부산광역시 기장군청,2025-11-17
일광면화전리-42,1,,부산광역시 기장군 일광읍 화전리 401-1,35.2872042094,129.229868763,,한전주,051-709-4684,부산광역시 기장군청,2025-11-17
일광면화전리-43,1,,부산광역시 기장군 일광읍 화전리 397,35.285430438,129.2309844888,,한전주,051-709-4684,부산광역시 기장군청,2025-11-17
일광면화전리-44,1,,부산광역시 기장군 일광읍 화전리 399-1,35.2857805878,129.2312028981,,한전주,051-709-4684,부산광역시 기장군청,2025-11-17
일광면화전리-45,1,,부산광역시 기장군 일광읍 화전리 400-12,35.2861919351,129.2308352736,,한전주,051-709-4684,부산광역시 기장군청,2025-11-17
일광면화전리-46,1,,부산광역시 기장군 일광읍 화전리 400-8,35.2864196297,129.2305954169,,한전주,051-709-4684,부산광역시 기장군청,2025-11-17
일광면화전리-47,1,,부산광역시 기장군 일광읍 화전리 321-18,35.28667831,129.2299671658,,한전주,051-709-4684,부산광역시 기장군청,2025-11-17
일광면화전리-48,1,,부산광역시 기장군 일광읍 화전리 371-1,35.28422546,129.2283867556,,한전주,051-709-4684,부산광역시 기장군청,2025-11-17
일광면화전리-49,1,,부산광역시 기장군 일광읍 화전리 510-3,35.2829764494,129.22392046,,한전주,051-709-4684,부산광역시 기장군청,2025-11-17
일광면화전리-50,1,,부산광역시 기장군 일광읍 화전리 503-1,35.28313446,129.2254975395,,전용주,051-709-4684,부산광역시 기장군청,2025-11-17
일광면화전리-51,1,,부산광역시 기장군 일광읍 화전리 357-4,35.2831181549,129.2261090634,,한전주,051-709-4684,부산광역시 기장군청,2025-11-17
일광면화전리-52,1,,부산광역시 기장군 일광읍 화전리 493-1,35.2833523997,129.2243471989,,한전주,051-709-4684,부산광역시 기장군청,2025-11-17
일광면화전리-53,1,,부산광역시 기장군 일광읍 화전리 476-1,35.2837984806,129.2241364,,한전주,051-709-4684,부산광역시 기장군청,2025-11-17
일광면화전리-54,1,,부산광역시 기장군 일광읍 화전리 476-3,35.2839740152,129.2236479709,,한전주,051-709-4684,부산광역시 기장군청,2025-11-17
일광면화전리-55,1,,부산광역시 기장군 일광읍 화전리 471-4,35.28419113,129.2233577578,,건축물,051-709-4684,부산광역시 기장군청,2025-11-17
일광면화전리-56,1,,부산광역시 기장군 일광읍 화전리 473-2,35.2838625135,129.2223321039,,한전주,051-709-4684,부산광역시 기장군청,2025-11-17
일광면화전리-57,1,,부산광역시 기장군 일광읍 화전리 520-1,35.2841132864,129.2228201812,,한전주,051-709-4684,부산광역시 기장군청,2025-11-17
일광면화전리-58,1,,부산광역시 기장군 일광읍 화전리 522,35.28445053,129.2220804063,,한전주,051-709-4684,부산광역시 기장군청,2025-11-17
일광면화전리-59,1,,부산광역시 기장군 일광읍 화전리 524,35.28427505,129.221756,,건축물,051-709-4684,부산광역시 기장군청,2025-11-17
일광면화전리-60,1,,부산광역시 기장군 일광읍 화전리 532,35.284609795,129.2216641705,,한전주,051-709-4684,부산광역시 기장군청,2025-11-17
일광면화전리-61,1,,부산광역시 기장군 일광읍 화전리 543,35.2826313816,129.2222767274,,한전주,051-709-4684,부산광역시 기장군청,2025-11-17
일광면화전리-62,1,,부산광역시 기장군 일광읍 화전리 541-10,35.2826656516,129.2217758014,,한전주,051-709-4684,부산광역시 기장군청,2025-11-17
일광면화전리-63,1,,부산광역시 기장군 일광읍 화전리 447-10,35.2829564267,129.2211131071,,한전주,051-709-4684,부산광역시 기장군청,2025-11-17
일광면화전리-64,1,,부산광역시 기장군 일광읍 화전리 447-3,35.2827364074,129.2207747225,,한전주,051-709-4684,부산광역시 기장군청,2025-11-17
일광면화전리-65,1,,부산광역시 기장군 일광읍 화전리 447-5,35.28247833,129.2207233326,,한전주,051-709-4684,부산광역시 기장군청,2025-11-17
일광면화전리-66,1,,부산광역시 기장군 일광읍 화전리 447-25,35.2820071745,129.2207039655,,한전주,051-709-4684,부산광역시 기장군청,2025-11-17
일광면화전리-67,1,,부산광역시 기장군 일광읍 화전리 512-4,35.2832537135,129.2222327919,,한전주,051-709-4684,부산광역시 기장군청,2025-11-17
일광면화전리-68,1,,부산광역시 기장군 일광읍 화전리 168-12,35.27616501,129.2309265,,한전주,051-709-4684,부산광역시 기장군청,2025-11-17
일광면화전리-69,1,,부산광역시 기장군 일광읍 화전리 170-2,35.27648163,129.2310486,,한전주,051-709-4684,부산광역시 기장군청,2025-11-17
일광면화전리-70,1,,부산광역시 기장군 일광읍 화전리 171-6,35.27681732,129.2312113897,,한전주,051-709-4684,부산광역시 기장군청,2025-11-17
일광면화전리-71,1,,부산광역시 기장군 일광읍 화전리 145-1,35.2771225,129.2314618273,,한전주,051-709-4684,부산광역시 기장군청,2025-11-17
일광면화전리-72,1,,부산광역시 기장군 일광읍 화전리 179,35.2767239692,129.2305190223,,한전주,051-709-4684,부산광역시 기장군청,2025-11-17
일광면화전리-73,1,,부산광역시 기장군 일광읍 화전리 177,35.2770182148,129.2307786095,,한전주,051-709-4684,부산광역시 기장군청,2025-11-17
일광면화전리-74,1,,부산광역시 기장군 일광읍 화전리 173-1,35.2772804124,129.2310324661,,한전주,051-709-4684,부산광역시 기장군청,2025-11-17
일광면화전리-75,1,,부산광역시 기장군 일광읍 화전리 565-1,35.27728653,129.2323037185,,건축물,051-709-4684,부산광역시 기장군청,2025-11-17
일광면화전리-76,1,,부산광역시 기장군 일광읍 화전리 565-1,35.2772061132,129.2323608,,건축물,051-709-4684,부산광역시 기장군청,2025-11-17
일광면화전리-77,1,,부산광역시 기장군 일광읍 화전리 565-1,35.2772061132,129.2323037185,,건축물,051-709-4684,부산광역시 기장군청,2025-11-17
일광면화전리-82,1,,부산광역시 기장군 일광읍 화전리 39-6,35.2860778596,129.2336606097,,한전주,051-709-4684,부산광역시 기장군청,2025-11-17
일광면화전리-83,1,,부산광역시 기장군 일광읍 화전리 432-1,35.289181102,129.22401431,,한전주,051-709-4684,부산광역시 기장군청,2025-11-17
일광면화전리-84,1,,부산광역시 기장군 일광읍 화전리 산 57,35.2826136075,129.2191880614,,한전주,051-709-4684,부산광역시 기장군청,2025-11-17
일광면화전리-85,1,,부산광역시 기장군 일광읍 화전리 322-29,35.2835155213,129.2290951816,2018,한전주,051-709-4684,부산광역시 기장군청,2025-11-17
일광면화전리-86,1,,부산광역시 기장군 일광읍 화전리 322-50,35.2844402792,129.2293759977,2018,한전주,051-709-4684,부산광역시 기장군청,2025-11-17
일광면화전리-87,1,,부산광역시 기장군 일광읍 화전리 322-1,35.2840321705,129.228950481,2018,한전주,051-709-4684,부산광역시 기장군청,2025-11-17
일광면횡계리-1,1,,부산광역시 기장군 일광읍 횡계리 산 37-3,35.27134323,129.2313095453,,한전주,051-709-4684,부산광역시 기장군청,2025-11-17
일광면횡계리-2,1,,부산광역시 기장군 일광읍 횡계리 42-1,35.2718358219,129.2313572085,,한전주,051-709-4684,부산광역시 기장군청,2025-11-17
일광면횡계리-4,1,,부산광역시 기장군 일광읍 횡계리 45-10,35.2721852027,129.230309972,,전용주,051-709-4684,부산광역시 기장군청,2025-11-17
일광면횡계리-5,1,,부산광역시 기장군 일광읍 횡계리 37-4,35.2726673092,129.2301025,,한전주,051-709-4684,부산광역시 기장군청,2025-11-17
일광면횡계리-6,1,,부산광역시 기장군 일광읍 횡계리 35-6,35.2729884691,129.2300873,,한전주,051-709-4684,부산광역시 기장군청,2025-11-17
일광면횡계리-7,1,,부산광역시 기장군 일광읍 횡계리 33-5,35.27313232,129.2300740484,,한전주,051-709-4684,부산광역시 기장군청,2025-11-17
일광면횡계리-8,1,,부산광역시 기장군 일광읍 횡계리 26-4,35.2736667469,129.2301178,,한전주,051-709-4684,부산광역시 기장군청,2025-11-17
일광면횡계리-9,1,,부산광역시 기장군 일광읍 횡계리 산3,35.2743487436,129.2298241435,,한전주,051-709-4684,부산광역시 기장군청,2025-11-17
일광면횡계리-10,1,,부산광역시 기장군 일광읍 횡계리 4,35.2742156855,129.2288724098,,한전주,051-709-4684,부산광역시 기장군청,2025-11-17
일광면횡계리-11,1,,부산광역시 기장군 일광읍 횡계리 62,35.2734824296,129.2281854785,,한전주,051-709-4684,부산광역시 기장군청,2025-11-17
일광면횡계리-12,1,,부산광역시 기장군 일광읍 횡계리 15,35.2740660756,129.2273498438,,한전주,051-709-4684,부산광역시 기장군청,2025-11-17
일광면횡계리-13,1,,부산광역시 기장군 일광읍 횡계리 산 5-1,35.2742795201,129.2267914,,한전주,051-709-4684,부산광역시 기장군청,2025-11-17
일광면횡계리-14,1,,부산광역시 기장군 일광읍 횡계리 55-2,35.27327347,129.2270813,,건축물,051-709-4684,부산광역시 기장군청,2025-11-17
일광면횡계리-15,1,,부산광역시 기장군 일광읍 횡계리 67-3,35.2729734855,129.2263641,,한전주,051-709-4684,부산광역시 기장군청,2025-11-17
일광면횡계리-16,1,,부산광역시 기장군 일광읍 횡계리 91,35.2722558837,129.2253541315,,한전주,051-709-4684,부산광역시 기장군청,2025-11-17
일광면횡계리-17,1,,부산광역시 기장군 일광읍 횡계리 101,35.2716698602,129.2244303149,,한전주,051-709-4684,부산광역시 기장군청,2025-11-17
일광면횡계리-18,1,,부산광역시 기장군 일광읍 횡계리 101,35.27162933,129.2244303149,,한전주,051-709-4684,부산광역시 기장군청,2025-11-17
일광면횡계리-19,1,,부산광역시 기장군 일광읍 횡계리 107,35.27137375,129.2240736165,,한전주,051-709-4684,부산광역시 기장군청,2025-11-17
일광면횡계리-20,1,,부산광역시 기장군 일광읍 횡계리 90,35.2724415795,129.2247370882,,한전주,051-709-4684,부산광역시 기장군청,2025-11-17
일광면횡계리-21,1,,부산광역시 기장군 일광읍 횡계리 199-4,35.2722717865,129.2243704051,,한전주,051-709-4684,부산광역시 기장군청,2025-11-17
일광면횡계리-22,1,,부산광역시 기장군 일광읍 횡계리 97,35.2721432196,129.2237701,,한전주,051-709-4684,부산광역시 기장군청,2025-11-17
일광면횡계리-23,1,,부산광역시 기장군 일광읍 횡계리 112,35.2720837032,129.2232314125,,한전주,051-709-4684,부산광역시 기장군청,2025-11-17
일광면횡계리-24,1,,부산광역시 기장군 일광읍 횡계리 189,35.2722168,129.2227544548,,한전주,051-709-4684,부산광역시 기장군청,2025-11-17
일광면횡계리-25,1,,부산광역시 기장군 일광읍 횡계리 153,35.2719736681,129.2225494,,한전주,051-709-4684,부산광역시 기장군청,2025-11-17
일광면횡계리-27,1,,부산광역시 기장군 일광읍 횡계리 158-2,35.272636822,129.2224579,,한전주,051-709-4684,부산광역시 기장군청,2025-11-17
일광면횡계리-28,1,,부산광역시 기장군 일광읍 횡계리 85,35.2730933352,129.2258953749,,한전주,051-709-4684,부산광역시 기장군청,2025-11-17
일광면횡계리-29,1,,부산광역시 기장군 일광읍 횡계리 68,35.27337265,129.2266216301,,한전주,051-709-4684,부산광역시 기장군청,2025-11-17
일광면횡계리-30,1,,부산광역시 기장군 일광읍 횡계리 73,35.2735683419,129.2260895,,한전주,051-709-4684,부산광역시 기장군청,2025-11-17
일광면횡계리-31,1,,부산광역시 기장군 일광읍 횡계리 78-1,35.2737236,129.2246203773,,한전주,051-709-4684,부산광역시 기장군청,2025-11-17
일광면횡계리-32,1,,부산광역시 기장군 일광읍 횡계리 206,35.2737845816,129.2236334731,,한전주,051-709-4684,부산광역시 기장군청,2025-11-17
일광면횡계리-33,1,,부산광역시 기장군 일광읍 횡계리 245,35.27509308,129.2239342858,,한전주,051-709-4684,부산광역시 기장군청,2025-11-17
일광읍1072,1,,부산광역시 기장군 일광읍 용천리 산 268-2,35.28268178,129.2160381,2023,한전주,051-709-4684,부산광역시 기장군청,2025-11-17
일광읍1090,1,,부산광역시 기장군 일광읍 원리 산 104-5,35.30847181,129.2258383,2023,,051-709-4684,부산광역시 기장군청,2025-11-17
일광읍1091,1,,부산광역시 기장군 일광읍 원리 32-4,35.30631333,129.2432539573,2023,,051-709-4684,부산광역시 기장군청,2025-11-17
일광읍1092,1,,부산광역시 기장군 일광읍 원리 733,35.3066286364,129.2444449017,2023,,051-709-4684,부산광역시 기장군청,2025-11-17
일광읍1093,1,,부산광역시 기장군 일광읍 이천리 583-12,35.2704733724,129.2397253485,2023,,051-709-4684,부산광역시 기장군청,2025-11-17
일광읍1094,1,,부산광역시 기장군 일광읍 이천리 583-12,35.2704733724,129.2397253485,2023,,051-709-4684,부산광역시 기장군청,2025-11-17
일광읍1095,1,,부산광역시 기장군 일광읍 이천리 583-12,35.2704733724,129.2397253485,2023,,051-709-4684,부산광역시 기장군청,2025-11-17
일광읍1096,1,,부산광역시 기장군 일광읍 이천리 569-2,35.268994051,129.2417863562,2023,,051-709-4684,부산광역시 기장군청,2025-11-17
일광읍1097,1,,부산광역시 기장군 일광읍 용천리 947-18,35.2780706934,129.2013637792,2023,,051-709-4684,부산광역시 기장군청,2025-11-17
일광읍1098,1,,부산광역시 기장군 일광읍 문동리 98-35,35.3074871771,129.2543816482,2023,,051-709-4684,부산광역시 기장군청,2025-11-17
일광읍1099,1,,부산광역시 기장군 일광읍 원리 산 104-1,35.3095081992,129.2266925375,2023,,051-709-4684,부산광역시 기장군청,2025-11-17
일광읍1100,1,,부산광역시 기장군 일광읍 용천리 산 252-32,35.2809107311,129.2024959365,2024,,051-709-4684,부산광역시 기장군청,2025-11-17
일광읍1101,1,,부산광역시 기장군 일광읍 용천리 산 252-40,35.2802054545,129.1997878351,2024,,051-709-4684,부산광역시 기장군청,2025-11-17
일광읍1102,1,,부산광역시 기장군 일광읍 용천리 산 252-40,35.2802054545,129.1997878351,2024,,051-709-4684,부산광역시 기장군청,2025-11-17
일광읍1103,1,,부산광역시 기장군 일광읍 학리 251-5,35.258568875,129.2447188991,2024,,051-709-4684,부산광역시 기장군청,2025-11-17
일광읍1104,1,,부산광역시 기장군 일광읍 학리 251-6,35.25782955,129.2461937458,2024,,051-709-4684,부산광역시 기장군청,2025-11-17
일광읍1105,1,,부산광역시 기장군 일광읍 이천리 산 1-3,35.2767634858,129.2535104356,2024,,051-709-4684,부산광역시 기장군청,2025-11-17
일광읍1106,1,,부산광역시 기장군 일광읍 칠암리 218-3,35.2997170822,129.2554402695,2024,,051-709-4684,부산광역시 기장군청,2025-11-17
일광읍1107,1,,부산광역시 기장군 일광읍 칠암리 222,35.299505094,129.2548932522,2024,,051-709-4684,부산광역시 기장군청,2025-11-17
일광읍1108,1,,부산광역시 기장군 일광읍 칠암리 225,35.3001343729,129.254667342,2024,,051-709-4684,부산광역시 기장군청,2025-11-17
일광읍1109,1,,부산광역시 기장군 일광읍 화전리 450,35.2859565528,129.2208499174,2023,,051-709-4684,부산광역시 기장군청,2025-11-17
일광읍1110,1,,부산광역시 기장군 일광읍 문동리 98-16,35.30711891,129.2542221662,2023,,051-709-4684,부산광역시 기장군청,2025-11-17
일광읍1111,1,,부산광역시 기장군 일광읍 학리 197-1,35.2570989873,129.2444918146,2024,전용주,051-709-4684,부산광역시 기장군청,2025-11-17
일광읍1112,1,,부산광역시 기장군 일광읍 학리 197-1,35.25709979,129.2444652,2024,전용주,051-709-4684,부산광역시 기장군청,2025-11-17
일광읍1113,1,,부산광역시 기장군 일광읍 학리 237-12,35.25730237,129.2441662985,2024,전용주,051-709-4684,부산광역시 기장군청,2025-11-17
일광읍1114,1,,부산광역시 기장군 일광읍 학리 238,35.25742558,129.2440749115,2024,한전주,051-709-4684,부산광역시 기장군청,2025-11-17
일광읍1115,1,,부산광역시 기장군 일광읍 학리 239-15,35.2576077,129.2440452,2024,한전주,051-709-4684,부산광역시 기장군청,2025-11-17
일광읍1116,1,,부산광역시 기장군 일광읍 학리 266-4,35.2579447865,129.2437578512,2024,한전주,051-709-4684,부산광역시 기장군청,2025-11-17
일광읍1117,1,,부산광역시 기장군 일광읍 학리 266-17,35.25785864,129.2439049736,2024,한전주,051-709-4684,부산광역시 기장군청,2025-11-17
일광읍1118,1,,부산광역시 기장군 일광읍 학리 266-21,35.25808256,129.2437689183,2024,한전주,051-709-4684,부산광역시 기장군청,2025-11-17
일광읍1119,1,,부산광역시 기장군 일광읍 학리 266-21,35.25808256,129.2437217,2024,한전주,051-709-4684,부산광역시 기장군청,2025-11-17
일광읍1120,1,,부산광역시 기장군 일광읍 학리 252-2,35.2584462143,129.2436167316,2024,한전주,051-709-4684,부산광역시 기장군청,2025-11-17
일광읍1121,1,,부산광역시 기장군 일광읍 학리 267-1,35.25869952,129.2433585,2024,전용주,051-709-4684,부산광역시 기장군청,2025-11-17
일광읍1122,1,,부산광역시 기장군 일광읍 문중리 23-1,35.3015269471,129.2592239164,2024,,051-709-4684,부산광역시 기장군청,2025-11-17
일광읍1123,1,,부산광역시 기장군 일광읍 화전리 571,35.2861965237,129.2293147,2024,,051-709-4684,부산광역시 기장군청,2025-11-17
일광읍1124,1,,부산광역시 기장군 일광읍 화전리 572,35.2864064811,129.2295271264,2024,,051-709-4684,부산광역시 기장군청,2025-11-17
일광읍1125,1,,부산광역시 기장군 일광읍 화전리 572,35.2864064811,129.2295271264,2024,,051-709-4684,부산광역시 기장군청,2025-11-17
일광읍1126,1,,부산광역시 기장군 일광읍 화전리 400-3,35.2860842288,129.2311179243,2024,,051-709-4684,부산광역시 기장군청,2025-11-17
일광읍1127,1,,부산광역시 기장군 일광읍 칠암리 33-1,35.29804413,129.2591292256,2024,건축물,051-709-4684,부산광역시 기장군청,2025-11-17
일광읍1128,1,,부산광역시 기장군 일광읍 화전리 산 1,35.27497401,129.2300609,2024,한전주,051-709-4684,부산광역시 기장군청,2025-11-17
일광읍1129,1,,부산광역시 기장군 일광읍 화전리 190-25,35.2754799251,129.2293370955,2024,한전주,051-709-4684,부산광역시 기장군청,2025-11-17
일광읍1130,1,,부산광역시 기장군 일광읍 화전리 190-26,35.27562968,129.2291998,2024,한전주,051-709-4684,부산광역시 기장군청,2025-11-17
일광읍1131,1,,부산광역시 기장군 일광읍 화전리 187-8,35.27597249,129.2289344,2024,한전주,051-709-4684,부산광역시 기장군청,2025-11-17
일광읍1132,1,,부산광역시 기장군 일광읍 화전리 187-10,35.2762144667,129.2287524455,2024,한전주,051-709-4684,부산광역시 기장군청,2025-11-17
일광읍1133,1,,부산광역시 기장군 일광읍 화전리 504-2,35.283092013,129.2258067237,2024,건축물,051-709-4684,부산광역시 기장군청,2025-11-17
일광읍1136,1,,부산광역시 기장군 일광읍 횡계리 89,35.2724970159,129.225375026,2024,한전주,051-709-4684,부산광역시 기장군청,2025-11-17
일광읍1137,1,,부산광역시 기장군 일광읍 학리 283-8,35.2585188777,129.2430530229,2024,건축물,051-709-4684,부산광역시 기장군청,2025-11-17
일광읍1138,1,,부산광역시 기장군 일광읍 학리 283-8,35.2585188777,129.2430530229,2024,한전주,051-709-4684,부산광역시 기장군청,2025-11-17
일광읍1139,1,,부산광역시 기장군 일광읍 횡계리 148,35.2718480646,129.2219086,2024,한전주,051-709-4684,부산광역시 기장군청,2025-11-17
일광읍1929임시보안등(위치모름),1,,부산광역시 기장군 기장읍 교리 산 4,35.2584171783,129.2160995742,2025,,051-709-4684,부산광역시 기장군청,2025-11-17
장안07-081임시보안등,1,,부산광역시 기장군 장안읍 명례리 665-1,35.3847448267,129.2621822882,2025,한전주,051-709-4684,부산광역시 기장군청,2025-11-17
장안읍1243,1,,부산광역시 기장군 장안읍 오리 422,35.3622313394,129.2680377829,2019,한전주,051-709-4684,부산광역시 기장군청,2025-11-17
장안읍1244,1,,부산광역시 기장군 장안읍 오리 973,35.35277906,129.2793374204,2019,한전주,051-709-4684,부산광역시 기장군청,2025-11-17
장안읍1245,1,,부산광역시 기장군 장안읍 용소리 218-2,35.3390543967,129.247798,2019,한전주,051-709-4684,부산광역시 기장군청,2025-11-17
장안읍1246,1,,부산광역시 기장군 장안읍 용소리 218-7,35.3388203624,129.2477159859,2019,한전주,051-709-4684,부산광역시 기장군청,2025-11-17
장안읍1247,1,,부산광역시 기장군 장안읍 용소리 221-4,35.3398244431,129.2482360756,2019,한전주,051-709-4684,부산광역시 기장군청,2025-11-17
장안읍1248,1,,부산광역시 기장군 장안읍 좌동리 164,35.3271673549,129.2396974064,2019,한전주,051-709-4684,부산광역시 기장군청,2025-11-17
장안읍1249,1,,부산광역시 기장군 장안읍 좌동리 산 39,35.3267619,129.2398683,2019,한전주,051-709-4684,부산광역시 기장군청,2025-11-17
장안읍1250,1,,부산광역시 기장군 장안읍 길천리,35.33067917,129.2864326,2019,한전주,051-709-4684,부산광역시 기장군청,2025-11-17
장안읍1251,1,,부산광역시 기장군 장안읍 길천리 257-2,35.3280415069,129.2859938286,2019,한전주,051-709-4684,부산광역시 기장군청,2025-11-17
장안읍1252,1,,부산광역시 기장군 장안읍 덕선리 398-2,35.3321197085,129.2224393886,,한전주,051-709-4684,부산광역시 기장군청,2025-11-17
장안읍1253,1,,부산광역시 기장군 장안읍 반룡리 5,35.3477072145,129.2710053371,2019,한전주,051-709-4684,부산광역시 기장군청,2025-11-17
장안읍1254,1,,부산광역시 기장군 장안읍 명례리 650-1,35.3855001916,129.2633679287,2019,한전주,051-709-4684,부산광역시 기장군청,2025-11-17
장안읍1255,1,,부산광역시 기장군 장안읍 반룡리 250-28,35.3482994049,129.2663261659,2019,한전주,051-709-4684,부산광역시 기장군청,2025-11-17
장안읍1256,1,,부산광역시 기장군 장안읍 반룡리 255-5,35.3481058304,129.2668777085,2019,한전주,051-709-4684,부산광역시 기장군청,2025-11-17
장안읍1257,1,,부산광역시 기장군 장안읍 반룡리 255-9,35.3475751381,129.2670926693,2019,한전주,051-709-4684,부산광역시 기장군청,2025-11-17
장안읍1258,1,,부산광역시 기장군 장안읍 반룡리 314,35.347790894,129.2642684103,,한전주,051-709-4684,부산광역시 기장군청,2025-11-17
장안읍1259,1,,부산광역시 기장군 장안읍 반룡리 463-1,35.3399187871,129.2569570117,,한전주,051-709-4684,부산광역시 기장군청,2025-11-17
장안읍1260,1,,부산광역시 기장군 장안읍 오리 406,35.3605482583,129.2666446622,2019,한전주,051-709-4684,부산광역시 기장군청,2025-11-17
장안읍1262,1,,부산광역시 기장군 장안읍 오리 981-28,35.35283921,129.2815704504,,한전주,051-709-4684,부산광역시 기장군청,2025-11-17
장안읍1263,1,,부산광역시 기장군 장안읍 오리 산73-1,35.3530253477,129.2799365155,,한전주,051-709-4684,부산광역시 기장군청,2025-11-17
장안읍1264,1,,부산광역시 기장군 장안읍 임랑리,,,2019,한전주,051-709-4684,부산광역시 기장군청,2025-11-17
장안읍1265,1,,부산광역시 기장군 장안읍 임랑리 354-6,35.32112235,129.2667105371,2019,한전주,051-709-4684,부산광역시 기장군청,2025-11-17
장안읍1266,1,,부산광역시 기장군 장안읍 월내리 269-7,35.3296136043,129.2807402606,2019,한전주,051-709-4684,부산광역시 기장군청,2025-11-17
장안읍1267,1,,부산광역시 기장군 장안읍 월내리 618-48,35.3291140733,129.2808479899,2019,한전주,051-709-4684,부산광역시 기장군청,2025-11-17
장안읍1268,1,,부산광역시 기장군 장안읍 월내리 618-48,35.3291140733,129.2808479899,,한전주,051-709-4684,부산광역시 기장군청,2025-11-17
장안읍1269,1,,부산광역시 기장군 장안읍 명례리 635-1,35.3849679162,129.2629840092,,한전주,051-709-4684,부산광역시 기장군청,2025-11-17
장안읍1270,1,,부산광역시 기장군 장안읍 오리 557,35.3568209487,129.265124675,,한전주,051-709-4684,부산광역시 기장군청,2025-11-17
장안읍1271,1,,부산광역시 기장군 장안읍 좌천리,,,,한전주,051-709-4684,부산광역시 기장군청,2025-11-17
장안읍1272,1,,부산광역시 기장군 장안읍 길천리 245-48,35.327083574,129.286393273,2019,한전주,051-709-4684,부산광역시 기장군청,2025-11-17
장안읍1273,1,,부산광역시 기장군 장안읍 길천리 245-52,35.3271512861,129.2858804645,2019,한전주,051-709-4684,부산광역시 기장군청,2025-11-17
장안읍1274,1,,부산광역시 기장군 장안읍 반룡리 산 138-6,35.3344032482,129.2661805481,2019,건축물,051-709-4684,부산광역시 기장군청,2025-11-17
장안읍1275,1,,부산광역시 기장군 장안읍 반룡리 산138-5,35.3342639686,129.2661576563,2019,전용주,051-709-4684,부산광역시 기장군청,2025-11-17
장안읍1276,1,,부산광역시 기장군 장안읍 오리 999-12,35.3494739542,129.2814826114,2019,한전주,051-709-4684,부산광역시 기장군청,2025-11-17
장안읍1277,1,,부산광역시 기장군 장안읍 월내리 269-8,35.3296719526,129.2808255248,2019,건축물,051-709-4684,부산광역시 기장군청,2025-11-17
장안읍1278,1,,부산광역시 기장군 장안읍 좌천리 471-9,35.3185321937,129.2405522179,2019,건축물,051-709-4684,부산광역시 기장군청,2025-11-17
장안읍1279,1,,부산광역시 기장군 장안읍 좌천리 473-13,35.3184025002,129.2400667247,2019,건축물,051-709-4684,부산광역시 기장군청,2025-11-17
장안읍1280,1,,부산광역시 기장군 장안읍 기룡리 354 맞은 편,35.34862018,129.258395,2019,한전주,051-709-4684,부산광역시 기장군청,2025-11-17
장안읍1281,1,,부산광역시 기장군 장안읍 길천리,35.3361462,129.2853798,2019,한전주,051-709-4684,부산광역시 기장군청,2025-11-17
장안읍1282,1,,부산광역시 기장군 장안읍 길천리,35.33615806,129.2855863,2019,한전주,051-709-4684,부산광역시 기장군청,2025-11-17
장안읍1283,1,,부산광역시 기장군 장안읍 오리 1038-2,35.34924987,129.2798017,2020,한전주,051-709-4684,부산광역시 기장군청,2025-11-17
장안읍1284,1,,부산광역시 기장군 장안읍 오리 999-7,35.3492694259,129.2809358294,2020,한전주,051-709-4684,부산광역시 기장군청,2025-11-17
장안읍1285,1,,부산광역시 기장군 장안읍 월내리 299-1,35.33062693,129.2780302595,2020,한전주,051-709-4684,부산광역시 기장군청,2025-11-17
장안읍1286,1,,부산광역시 기장군 장안읍 명례리 20-4,35.3832413759,129.2659324976,2020,한전주,051-709-4684,부산광역시 기장군청,2025-11-17
장안읍1287,1,,부산광역시 기장군 장안읍 장안리 196-7,35.3622164493,129.2480635597,2020,한전주,051-709-4684,부산광역시 기장군청,2025-11-17
장안읍1288,1,,부산광역시 기장군 장안읍 명례리 815,35.38153043,129.2466315597,2020,한전주,051-709-4684,부산광역시 기장군청,2025-11-17
장안읍1289,1,,부산광역시 기장군 장안읍 덕선리 산220-1,35.3299431843,129.2292383928,2019,한전주,051-709-4684,부산광역시 기장군청,2025-11-17
장안읍1290,1,,부산광역시 기장군 장안읍 덕선리 산 219-1,35.33002369,129.2289143,2020,한전주,051-709-4684,부산광역시 기장군청,2025-11-17
장안읍1291,1,,부산광역시 기장군 장안읍 덕선리 산 211-9,35.32837927,129.2260982,2020,한전주,051-709-4684,부산광역시 기장군청,2025-11-17
장안읍1292,1,,부산광역시 기장군 장안읍 길천리 473-4,35.34295284,129.2781437592,2019,한전주,051-709-4684,부산광역시 기장군청,2025-11-17
장안읍1293,1,,부산광역시 기장군 장안읍 덕선리 644,35.3329138826,129.2199070949,2019,한전주,051-709-4684,부산광역시 기장군청,2025-11-17
장안읍1294,1,,부산광역시 기장군 장안읍 길천리 473-2,35.34313633,129.2781094,2020,한전주,051-709-4684,부산광역시 기장군청,2025-11-17
장안읍1296,1,,부산광역시 기장군 장안읍 길천리 473-4,35.342924654,129.2781437592,2019,한전주,051-709-4684,부산광역시 기장군청,2025-11-17
장안읍1297,1,,부산광역시 기장군 장안읍 월내리 514,35.3243130505,129.2744024723,2020,한전주,051-709-4684,부산광역시 기장군청,2025-11-17
장안읍1298,1,,부산광역시 기장군 장안읍 월내리 515,35.32429822,129.2741996,2020,건축물,051-709-4684,부산광역시 기장군청,2025-11-17
장안읍1299,1,,부산광역시 기장군 장안읍 오리 1069,35.3717820429,129.2728872338,2020,한전주,051-709-4684,부산광역시 기장군청,2025-11-17
장안읍1300,1,,부산광역시 기장군 장안읍 덕선리 산 86,35.34398493,129.2097356,2022,한전주,051-709-4684,부산광역시 기장군청,2025-11-17
장안읍1301,1,,부산광역시 기장군 장안읍 덕선리 산 87,35.3444352812,129.2087837,2022,한전주,051-709-4684,부산광역시 기장군청,2025-11-17
장안읍1302,1,,부산광역시 기장군 장안읍 좌동리 10-4,35.32704233,129.2446659,2022,한전주,051-709-4684,부산광역시 기장군청,2025-11-17
장안읍1303,1,,부산광역시 기장군 장안읍 좌동리 10-4,35.3270315136,129.2446244,2022,한전주,051-709-4684,부산광역시 기장군청,2025-11-17
장안읍1304,1,,부산광역시 기장군 장안읍 덕선리 85-2,35.3319153468,129.2324845994,2022,한전주,051-709-4684,부산광역시 기장군청,2025-11-17
장안읍1305,1,,부산광역시 기장군 장안읍 용소리 104,35.3450504203,129.2444714,2022,건축물,051-709-4684,부산광역시 기장군청,2025-11-17
장안읍1306,1,,부산광역시 기장군 장안읍 월내리 132-61,35.3262493218,129.2776613,2022,건축물,051-709-4684,부산광역시 기장군청,2025-11-17
장안읍1307,1,,부산광역시 기장군 장안읍 오리 553-17,35.3571768269,129.2649688591,2022,한전주,051-709-4684,부산광역시 기장군청,2025-11-17
장안읍1308,1,,부산광역시 기장군 장안읍 오리 553-9,35.357987313,129.2651638638,2022,한전주,051-709-4684,부산광역시 기장군청,2025-11-17
장안읍1309,1,,부산광역시 기장군 장안읍 월내리 349-5,35.3346938558,129.2755104,2022,한전주,051-709-4684,부산광역시 기장군청,2025-11-17
장안읍1310,1,,부산광역시 기장군 장안읍 월내리 329-2,35.33310261,129.276915,2022,한전주,051-709-4684,부산광역시 기장군청,2025-11-17
장안읍1311,1,,부산광역시 기장군 장안읍 월내리 328-1,35.3323763719,129.2771881316,2022,한전주,051-709-4684,부산광역시 기장군청,2025-11-17
장안읍1312,1,,부산광역시 기장군 장안읍 월내리 316-2,35.33126612,129.2774441134,2022,한전주,051-709-4684,부산광역시 기장군청,2025-11-17
장안읍1313,1,,부산광역시 기장군 장안읍 월내리 산 12-1,35.3310053505,129.2777736667,2022,건축물,051-709-4684,부산광역시 기장군청,2025-11-17
장안읍1314,1,,부산광역시 기장군 장안읍 덕선리 산 202-1,35.33089093,129.2205977,2022,한전주,051-709-4684,부산광역시 기장군청,2025-11-17
장안읍1315,1,,부산광역시 기장군 장안읍 좌천리 139-1,35.3129706646,129.2405403,2022,건축물,051-709-4684,부산광역시 기장군청,2025-11-17
장안읍1316,1,,부산광역시 기장군 장안읍 좌천리 97,35.3133436679,129.2400914,2022,한전주,051-709-4684,부산광역시 기장군청,2025-11-17
장안읍1317,1,,부산광역시 기장군 장안읍 오리 301-18,35.36828991,129.27066657,2022,한전주,051-709-4684,부산광역시 기장군청,2025-11-17
장안읍1318,1,,부산광역시 기장군 장안읍 덕선리 287-1,35.3314942304,129.2274522381,2022,한전주,051-709-4684,부산광역시 기장군청,2025-11-17
장안읍1319,1,,부산광역시 기장군 장안읍 덕선리 177,35.3322257965,129.2265608774,2022,한전주,051-709-4684,부산광역시 기장군청,2025-11-17
장안읍1320,1,,부산광역시 기장군 장안읍 덕선리 176-6,35.3328172776,129.226201867,2022,한전주,051-709-4684,부산광역시 기장군청,2025-11-17
장안읍1321,1,,부산광역시 기장군 장안읍 길천리 413-20,35.3360841165,129.2853273866,2022,한전주,051-709-4684,부산광역시 기장군청,2025-11-17
장안읍1322,1,,부산광역시 기장군 장안읍 길천리 413-20,35.3360841165,129.2853273866,2022,한전주,051-709-4684,부산광역시 기장군청,2025-11-17
장안읍1323,1,,부산광역시 기장군 장안읍 월내리 622,35.3326172706,129.2765295847,2022,한전주,051-709-4684,부산광역시 기장군청,2025-11-17
장안읍1324,1,,부산광역시 기장군 장안읍 월내리 622,35.3326172706,129.2765295847,2022,한전주,051-709-4684,부산광역시 기장군청,2025-11-17
장안읍1325,1,,부산광역시 기장군 장안읍 월내리 591-4,35.3278272728,129.2690541,2022,건축물,051-709-4684,부산광역시 기장군청,2025-11-17
장안읍1326,1,,부산광역시 기장군 장안읍 월내리 산 45-4,35.3287800549,129.2695066631,2022,한전주,051-709-4684,부산광역시 기장군청,2025-11-17
장안읍1327,1,,부산광역시 기장군 장안읍 월내리 산 35-1,35.32699414,129.269319,2022,한전주,051-709-4684,부산광역시 기장군청,2025-11-17
장안읍1328,1,,부산광역시 기장군 장안읍 월내리 586,35.3260142065,129.2696362248,2022,한전주,051-709-4684,부산광역시 기장군청,2025-11-17
장안읍1329,1,,부산광역시 기장군 장안읍 오리 19-1,35.37415652,129.2705636156,2022,한전주,051-709-4684,부산광역시 기장군청,2025-11-17
장안읍1330,1,,부산광역시 기장군 장안읍 반룡리 585,35.33508128,129.2643652815,2022,한전주,051-709-4684,부산광역시 기장군청,2025-11-17
장안읍1331,1,,부산광역시 기장군 장안읍 덕선리 229,35.33340568,129.2298594,2022,한전주,051-709-4684,부산광역시 기장군청,2025-11-17
장안읍1332,1,,부산광역시 기장군 장안읍 덕선리 산 249-1,35.3332075659,129.230005526,2022,한전주,051-709-4684,부산광역시 기장군청,2025-11-17
장안읍1333,1,,부산광역시 기장군 장안읍 기룡리 741-1,35.3550673721,129.2513069769,2023,한전주,051-709-4684,부산광역시 기장군청,2025-11-17
장안읍1334,1,,부산광역시 기장군 장안읍 오리 1027-8,35.3459468727,129.2787112936,2023,한전주,051-709-4684,부산광역시 기장군청,2025-11-17
장안읍1335,1,,부산광역시 기장군 장안읍 덕선리 790-1,35.3313051239,129.2192761,2019,한전주,051-709-4684,부산광역시 기장군청,2025-11-17
장안읍1335-1,1,,부산광역시 기장군 장안읍 기룡리 736-3,35.355032627,129.2518177,2020,한전주,051-709-4684,부산광역시 기장군청,2025-11-17
장안읍1336,1,,부산광역시 기장군 장안읍 덕선리 산 198-3,35.3304867601,129.2184740179,2019,한전주,051-709-4684,부산광역시 기장군청,2025-11-17
장안읍1336-1,1,,부산광역시 기장군 장안읍 용소리 산 65,35.34994264,129.2273970014,2020,한전주,051-709-4684,부산광역시 기장군청,2025-11-17
장안읍1337,1,,부산광역시 기장군 장안읍 덕선리 산 198,35.3308830608,129.2178962032,2019,한전주,051-709-4684,부산광역시 기장군청,2025-11-17
장안읍1337-1,1,,부산광역시 기장군 장안읍 좌동리 산 38-13,35.3259192612,129.2409901313,2020,한전주,051-709-4684,부산광역시 기장군청,2025-11-17
장안읍1338,1,,부산광역시 기장군 장안읍 오리 865,35.3541081423,129.275545,2020,한전주,051-709-4684,부산광역시 기장군청,2025-11-17
장안읍1339,1,,부산광역시 기장군 장안읍 좌동리 584,35.3262708272,129.2396483998,2020,전용주,051-709-4684,부산광역시 기장군청,2025-11-17
장안읍1340,1,,부산광역시 기장군 장안읍 용소리 산 67-18,35.3531332992,129.2224418346,2020,한전주,051-709-4684,부산광역시 기장군청,2025-11-17
장안읍1341,1,,부산광역시 기장군 장안읍 용소리 산 67-18,35.3531332992,129.2224418346,2020,한전주,051-709-4684,부산광역시 기장군청,2025-11-17
장안읍1342,1,,부산광역시 기장군 장안읍 용소리 산 67-18,35.3531332992,129.2224418346,2020,한전주,051-709-4684,부산광역시 기장군청,2025-11-17
장안읍1343,1,,부산광역시 기장군 장안읍 용소리 327-1,35.3383825986,129.2415926235,2020,한전주,051-709-4684,부산광역시 기장군청,2025-11-17
장안읍1344,1,,부산광역시 기장군 장안읍 용소리 산 173,35.3391212472,129.2415946309,2020,한전주,051-709-4684,부산광역시 기장군청,2025-11-17
장안읍1345,1,,부산광역시 기장군 장안읍 오리 981-16,35.3531925882,129.2827336,2020,한전주,051-709-4684,부산광역시 기장군청,2025-11-17
장안읍1347,1,,부산광역시 기장군 장안읍 길천리 277-4,35.3294406428,129.2848059,2020,한전주,051-709-4684,부산광역시 기장군청,2025-11-17
장안읍1348,1,,부산광역시 기장군 장안읍 길천리 351-3,35.33194834,129.2799478,2020,한전주,051-709-4684,부산광역시 기장군청,2025-11-17
장안읍1349,1,,부산광역시 기장군 장안읍 기룡리 755-1,35.35338627,129.2533665,2020,한전주,051-709-4684,부산광역시 기장군청,2025-11-17
장안읍1350,1,,부산광역시 기장군 장안읍 기룡리 669,35.3558958711,129.2501905,2020,한전주,051-709-4684,부산광역시 기장군청,2025-11-17
장안읍1351,1,,부산광역시 기장군 장안읍 용소리 71-1,35.3438601841,129.2456747548,2020,한전주,051-709-4684,부산광역시 기장군청,2025-11-17
장안읍1352,1,,부산광역시 기장군 장안읍 반룡리 483-2,35.33905513,129.2539251,2020,한전주,051-709-4684,부산광역시 기장군청,2025-11-17
장안읍1353,1,,부산광역시 기장군 장안읍 월내리 381-1,35.3313901339,129.2745649535,2020,한전주,051-709-4684,부산광역시 기장군청,2025-11-17
장안읍1354,1,,부산광역시 기장군 장안읍 월내리 382,35.331073709,129.2744483,2020,한전주,051-709-4684,부산광역시 기장군청,2025-11-17
장안읍1355,1,,부산광역시 기장군 장안읍 기룡리 549,35.352930433,129.2532528,2020,한전주,051-709-4684,부산광역시 기장군청,2025-11-17
장안읍1356,1,,부산광역시 기장군 장안읍 덕선리 738,35.3321591731,129.2171842284,2020,한전주,051-709-4684,부산광역시 기장군청,2025-11-17
장안읍1357,1,,부산광역시 기장군 장안읍 월내리 273-1,35.33013431,129.2792618,2020,한전주,051-709-4684,부산광역시 기장군청,2025-11-17
장안읍1358,1,,부산광역시 기장군 장안읍 월내리 274-7,35.33030053,129.2784333164,2020,한전주,051-709-4684,부산광역시 기장군청,2025-11-17
장안읍1359,1,,부산광역시 기장군 장안읍 월내리 298-5,35.3305234256,129.2781685,2020,한전주,051-709-4684,부산광역시 기장군청,2025-11-17
장안읍1360,1,,부산광역시 기장군 장안읍 월내리 622-2,35.3321795719,129.277201678,2020,한전주,051-709-4684,부산광역시 기장군청,2025-11-17
장안읍1361,1,,부산광역시 기장군 장안읍 월내리 328-1,35.33236773,129.2771803,2020,한전주,051-709-4684,부산광역시 기장군청,2025-11-17
장안읍1362,1,,부산광역시 기장군 장안읍 장안리 195,35.3617721,129.2479755162,2020,한전주,051-709-4684,부산광역시 기장군청,2025-11-17
장안읍1363,1,,부산광역시 기장군 장안읍 장안리 196-7,35.3622164493,129.2480635597,2020,한전주,051-709-4684,부산광역시 기장군청,2025-11-17
장안읍1364,1,,부산광역시 기장군 장안읍 명례리 877,35.3819111,129.2463730826,2020,한전주,051-709-4684,부산광역시 기장군청,2025-11-17
장안읍1365,1,,부산광역시 기장군 장안읍 오리 104-2 뒤,35.37153638,129.2642208,2020,한전주,051-709-4684,부산광역시 기장군청,2025-11-17
장안읍1366,1,,부산광역시 기장군 장안읍 오리 102-7,35.3714507,129.264674566,2020,한전주,051-709-4684,부산광역시 기장군청,2025-11-17
장안읍1367,1,,부산광역시 기장군 장안읍 좌천리 510-179,35.3081981193,129.2441735,2020,건축물,051-709-4684,부산광역시 기장군청,2025-11-17
장안읍1368,1,,부산광역시 기장군 장안읍 월내리 17-38,35.32680862,129.2802514,2020,한전주,051-709-4684,부산광역시 기장군청,2025-11-17
장안읍1369,1,,부산광역시 기장군 장안읍 덕선리 222,35.3324999512,129.2306674047,2020,한전주,051-709-4684,부산광역시 기장군청,2025-11-17
장안읍1370,1,,부산광역시 기장군 장안읍 덕선리 222,35.33247233,129.2306674047,2020,한전주,051-709-4684,부산광역시 기장군청,2025-11-17
장안읍1371,1,,부산광역시 기장군 장안읍 덕선리 산 255,35.3337773799,129.2319251,2020,한전주,051-709-4684,부산광역시 기장군청,2025-11-17
장안읍1373,1,,부산광역시 기장군 장안읍 월내리 618-5,35.33356395,129.2765816,2020,한전주,051-709-4684,부산광역시 기장군청,2025-11-17
장안읍1374,1,,부산광역시 기장군 장안읍 월내리 348-1,35.33530142,129.2749946,2020,한전주,051-709-4684,부산광역시 기장군청,2025-11-17
장안읍1375,1,,부산광역시 기장군 장안읍 월내리 338-1,35.336005631,129.2743519576,2020,한전주,051-709-4684,부산광역시 기장군청,2025-11-17
장안읍1376,1,,부산광역시 기장군 장안읍 덕선리 408,35.3326663,129.2217458879,2020,한전주,051-709-4684,부산광역시 기장군청,2025-11-17
장안읍1377,1,,부산광역시 기장군 장안읍 덕선리 408,35.3326437095,129.2217458879,2020,한전주,051-709-4684,부산광역시 기장군청,2025-11-17
장안읍1378,1,,부산광역시 기장군 장안읍 월내리 272-3,35.3300688931,129.2801781806,2020,한전주,051-709-4684,부산광역시 기장군청,2025-11-17
장안읍1386임시보안등,1,,부산광역시 기장군 장안읍 덕선리 638,35.3338148651,129.2200952648,2025,한전주,051-709-4684,부산광역시 기장군청,2025-11-17
장안읍1387임시보안등,1,,부산광역시 기장군 장안읍 덕선리 909,35.3357259552,129.2193355166,2025,한전주,051-709-4684,부산광역시 기장군청,2025-11-17
장안읍1388임시보안등,1,,부산광역시 기장군 장안읍 덕선리 909,35.3357259552,129.2193355166,2025,한전주,051-709-4684,부산광역시 기장군청,2025-11-17
장안읍1389임시보안등,1,,부산광역시 기장군 장안읍 덕선리 909,35.3357259552,129.2193355166,2025,한전주,051-709-4684,부산광역시 기장군청,2025-11-17
장안읍1390,1,,부산광역시 기장군 장안읍 덕선리 576,35.33559152,129.219614289,2025,한전주,051-709-4684,부산광역시 기장군청,2025-11-17
장안읍1391임시보안등,1,,부산광역시 기장군 장안읍 덕선리 569,35.3362176695,129.2190118959,2025,한전주,051-709-4684,부산광역시 기장군청,2025-11-17
장안읍1392임시보안등,1,,부산광역시 기장군 장안읍 덕선리 산 156-1,35.3370170126,129.2181454,2025,한전주,051-709-4684,부산광역시 기장군청,2025-11-17
장안읍1398,1,,부산광역시 기장군 장안읍 좌천리 51-2,35.3086082,129.2430763,2021,한전주,051-709-4684,부산광역시 기장군청,2025-11-17
장안읍1399,1,,부산광역시 기장군 장안읍 명례리 106번지,35.37552021,129.2603191,2021,한전주,051-709-4684,부산광역시 기장군청,2025-11-17
장안읍1400,1,,부산광역시 기장군 장안읍 기룡리 673,35.3554453554,129.2502871,2021,한전주,051-709-4684,부산광역시 기장군청,2025-11-17
장안읍1401,1,,부산광역시 기장군 장안읍 기룡리 550-1,35.35275353,129.2531097,2021,한전주,051-709-4684,부산광역시 기장군청,2025-11-17
장안읍1402,1,,부산광역시 기장군 장안읍 기룡리 511-2,35.3512341285,129.2522491873,2021,한전주,051-709-4684,부산광역시 기장군청,2025-11-17
장안읍1403,1,,부산광역시 기장군 장안읍 기룡리 511-2,35.3512341285,129.2522491873,2021,한전주,051-709-4684,부산광역시 기장군청,2025-11-17
장안읍1404,1,,부산광역시 기장군 장안읍 기룡리 511-2,35.3512341285,129.2522491873,2021,한전주,051-709-4684,부산광역시 기장군청,2025-11-17
장안읍1405,1,,부산광역시 기장군 장안읍 좌천리 329-7,35.3147208401,129.2425651,2021,한전주,051-709-4684,부산광역시 기장군청,2025-11-17
장안읍1406,1,,부산광역시 기장군 장안읍 좌천리 332-5,35.31524797,129.2421795,2021,건축물,051-709-4684,부산광역시 기장군청,2025-11-17
장안읍1407,1,,부산광역시 기장군 장안읍 길천리 산 30,35.3332877078,129.2870675405,2021,한전주,051-709-4684,부산광역시 기장군청,2025-11-17
장안읍1408,1,,부산광역시 기장군 장안읍 오리 301-20 앞,35.36786422,129.2702319,2021,한전주,051-709-4684,부산광역시 기장군청,2025-11-17
장안읍1409,1,,부산광역시 기장군 장안읍 오리 301-20,35.36794256,129.2704535545,2021,한전주,051-709-4684,부산광역시 기장군청,2025-11-17
장안읍1410,1,,부산광역시 기장군 장안읍 덕선리 491,35.3410538183,129.2154188224,2021,한전주,051-709-4684,부산광역시 기장군청,2025-11-17
장안읍1411,1,,부산광역시 기장군 장안읍 덕선리 산 77-2,35.3425504332,129.2130841162,2021,한전주,051-709-4684,부산광역시 기장군청,2025-11-17
장안읍1412,1,,부산광역시 기장군 장안읍 덕선리 491,35.3410538183,129.2154188224,2021,한전주,051-709-4684,부산광역시 기장군청,2025-11-17
장안읍1413,1,,부산광역시 기장군 장안읍 덕선리 721-1,35.33063931,129.2169456244,2021,한전주,051-709-4684,부산광역시 기장군청,2025-11-17
장안읍1414,1,,부산광역시 기장군 장안읍 기룡리 240-1,35.35221179,129.254134,2021,한전주,051-709-4684,부산광역시 기장군청,2025-11-17
장안읍1415,1,,부산광역시 기장군 장안읍 기룡리 697-1,35.3537631979,129.2505387772,2021,한전주,051-709-4684,부산광역시 기장군청,2025-11-17
장안읍1416,1,,부산광역시 기장군 장안읍 좌동리 416-1,35.3186384381,129.2443218583,2021,한전주,051-709-4684,부산광역시 기장군청,2025-11-17
장안읍1417,1,,부산광역시 기장군 장안읍 덕선리 541,35.3365444906,129.2185361833,2021,한전주,051-709-4684,부산광역시 기장군청,2025-11-17
장안읍1418,1,,부산광역시 기장군 장안읍 덕선리 산 252-1,35.3346637457,129.2290860674,2022,한전주,051-709-4684,부산광역시 기장군청,2025-11-17
장안읍1419,1,,부산광역시 기장군 장안읍 오리 산 31-2,35.3743026421,129.2730214776,2022,한전주,051-709-4684,부산광역시 기장군청,2025-11-17
장안읍1420,1,,부산광역시 기장군 장안읍 장안리 138-9,35.3629956234,129.2484482525,2022,한전주,051-709-4684,부산광역시 기장군청,2025-11-17
장안읍1421,1,,부산광역시 기장군 장안읍 덕선리 산 292-2,35.32530393,129.2314895,2022,한전주,051-709-4684,부산광역시 기장군청,2025-11-17
장안읍1422,1,,부산광역시 기장군 장안읍 덕선리 산 211-15,35.3285674,129.2277473,2022,한전주,051-709-4684,부산광역시 기장군청,2025-11-17
장안읍1423,1,,부산광역시 기장군 장안읍 덕선리 산 209-4,35.3291582245,129.2230726896,2022,한전주,051-709-4684,부산광역시 기장군청,2025-11-17
장안읍1424,1,,부산광역시 기장군 장안읍 월내리 272-3,35.3300688931,129.2801781806,2022,한전주,051-709-4684,부산광역시 기장군청,2025-11-17
장안읍1425,1,,부산광역시 기장군 장안읍 월내리 262-14,35.3300620875,129.2794926493,2022,한전주,051-709-4684,부산광역시 기장군청,2025-11-17
장안읍1426,1,,부산광역시 기장군 장안읍 반룡리 110-1,35.33394694,129.2653129,2022,한전주,051-709-4684,부산광역시 기장군청,2025-11-17
장안읍1427,1,,부산광역시 기장군 장안읍 오리 산 69-4,35.3523037345,129.2828310721,2022,한전주,051-709-4684,부산광역시 기장군청,2025-11-17
장안읍1428,1,,부산광역시 기장군 장안읍 월내리 177-6,35.326153,129.2771489,2022,건축물,051-709-4684,부산광역시 기장군청,2025-11-17
장안읍1429,1,,부산광역시 기장군 장안읍 좌천리 300-1,35.31364345,129.2404902985,2023,건축물,051-709-4684,부산광역시 기장군청,2025-11-17
장안읍1430,1,,부산광역시 기장군 장안읍 덕선리 산 211-9,35.32835207,129.2262294,2023,한전주,051-709-4684,부산광역시 기장군청,2025-11-17
장안읍1431,1,,부산광역시 기장군 장안읍 오리 866-1,35.35494902,129.2759713183,2023,한전주,051-709-4684,부산광역시 기장군청,2025-11-17
장안읍1432,1,,부산광역시 기장군 장안읍 용소리 395-2,35.3471842499,129.2415271947,2023,한전주,051-709-4684,부산광역시 기장군청,2025-11-17
장안읍1433,1,,부산광역시 기장군 장안읍 기룡리 322-16,35.34755367,129.2554316,2023,한전주,051-709-4684,부산광역시 기장군청,2025-11-17
장안읍1434,1,,부산광역시 기장군 장안읍 기룡리 322-4,35.3473108,129.2556503,2023,한전주,051-709-4684,부산광역시 기장군청,2025-11-17
장안읍1435,1,,부산광역시 기장군 장안읍 기룡리 1067-39,35.3468599893,129.256005013,2023,한전주,051-709-4684,부산광역시 기장군청,2025-11-17
장안읍1436,1,,부산광역시 기장군 장안읍 덕선리 221-2,35.33257374,129.2303836,2023,한전주,051-709-4684,부산광역시 기장군청,2025-11-17
장안읍1437,1,,부산광역시 기장군 장안읍 좌천리 300-1,35.3136976752,129.2404816,2023,한전주,051-709-4684,부산광역시 기장군청,2025-11-17
장안읍1438,1,,부산광역시 기장군 장안읍 길천리 190-62,35.3266495566,129.2851127479,2023,한전주,051-709-4684,부산광역시 기장군청,2025-11-17
장안읍1439,1,,부산광역시 기장군 장안읍 길천리 224-2,35.3294323964,129.283399395,2023,한전주,051-709-4684,부산광역시 기장군청,2025-11-17
장안읍1440,1,,부산광역시 기장군 장안읍 길천리 256-6,35.3281659322,129.2858746041,2023,한전주,051-709-4684,부산광역시 기장군청,2025-11-17
장안읍1441,1,,부산광역시 기장군 장안읍 용소리 385,35.3421661152,129.2389325,2023,한전주,051-709-4684,부산광역시 기장군청,2025-11-17
장안읍1442,1,,부산광역시 기장군 장안읍 용소리 388,35.3425973199,129.2377888303,2023,한전주,051-709-4684,부산광역시 기장군청,2025-11-17
장안읍1443,1,,부산광역시 기장군 장안읍 오리 산 36-6,35.3680178385,129.2730178694,2023,한전주,051-709-4684,부산광역시 기장군청,2025-11-17
장안읍1444,1,,부산광역시 기장군 장안읍 반룡리 388-1,35.33899395,129.263272169,2023,,051-709-4684,부산광역시 기장군청,2025-11-17
장안읍1445,1,,부산광역시 기장군 장안읍 길천리 188-52,35.3263761823,129.2858630963,2023,,051-709-4684,부산광역시 기장군청,2025-11-17
장안읍1446,1,,부산광역시 기장군 장안읍 길천리 190-94,35.3270069394,129.2815457749,2023,,051-709-4684,부산광역시 기장군청,2025-11-17
장안읍1447,1,,부산광역시 기장군 장안읍 장안리 564-5,35.3779276006,129.2475541304,2023,,051-709-4684,부산광역시 기장군청,2025-11-17
장안읍1448,1,,부산광역시 기장군 장안읍 장안리 562-3,35.3768321053,129.2477439166,2023,,051-709-4684,부산광역시 기장군청,2025-11-17
장안읍1449,1,,부산광역시 기장군 장안읍 장안리 562-4,35.3767804485,129.2478808,2023,,051-709-4684,부산광역시 기장군청,2025-11-17
장안읍1450,1,,부산광역시 기장군 장안읍 장안리 산 32-7,35.376111,129.2478030269,2023,,051-709-4684,부산광역시 기장군청,2025-11-17
장안읍1451,1,,부산광역시 기장군 장안읍 장안리 산 26-14,35.3752952744,129.2480075476,2023,,051-709-4684,부산광역시 기장군청,2025-11-17
장안읍1452,1,,부산광역시 기장군 장안읍 길천리 356-13,35.3315982745,129.2813882229,2023,,051-709-4684,부산광역시 기장군청,2025-11-17
장안읍1453,1,,부산광역시 기장군 장안읍 명례리 521-4,35.3796572579,129.2483446,2023,,051-709-4684,부산광역시 기장군청,2025-11-17
장안읍1454,1,,부산광역시 기장군 장안읍 명례리 521-4,35.3796572579,129.2483585058,2023,,051-709-4684,부산광역시 기장군청,2025-11-17
장안읍1455,1,,부산광역시 기장군 장안읍 명례리 산 92-1,35.3782732754,129.2479019705,2023,,051-709-4684,부산광역시 기장군청,2025-11-17
장안읍1456,1,,부산광역시 기장군 장안읍 명례리 839-1,35.37923755,129.2455694,2023,,051-709-4684,부산광역시 기장군청,2025-11-17
장안읍1457,1,,부산광역시 기장군 장안읍 장안리 산 41-9,35.3785269849,129.24573272,2023,,051-709-4684,부산광역시 기장군청,2025-11-17
장안읍1458,1,,부산광역시 기장군 장안읍 장안리 산 33-1,35.37772454,129.246107788,2023,,051-709-4684,부산광역시 기장군청,2025-11-17
장안읍1459,1,,부산광역시 기장군 장안읍 장안리 산 31-1,35.3775253098,129.2464397,2023,,051-709-4684,부산광역시 기장군청,2025-11-17
장안읍1460,1,,부산광역시 기장군 장안읍 장안리 산 31-1,35.3775253098,129.2464012842,2023,,051-709-4684,부산광역시 기장군청,2025-11-17
장안읍1461,1,,부산광역시 기장군 장안읍 장안리 산 28-9,35.37558586,129.2475664719,2023,,051-709-4684,부산광역시 기장군청,2025-11-17
장안읍1463,1,,부산광역시 기장군 장안읍 오리 산 73-2,35.35282254,129.2804018316,2024,,051-709-4684,부산광역시 기장군청,2025-11-17
장안읍1464,1,,부산광역시 기장군 장안읍 오리 278,35.3696184301,129.2671307744,2024,,051-709-4684,부산광역시 기장군청,2025-11-17
장안읍1465,1,,부산광역시 기장군 장안읍 오리 275-1,35.3695513727,129.2670426465,2024,,051-709-4684,부산광역시 기장군청,2025-11-17
장안읍1466,1,,부산광역시 기장군 장안읍 용소리 397-1,35.3475814251,129.2407921744,2024,,051-709-4684,부산광역시 기장군청,2025-11-17
장안읍1467,1,,부산광역시 기장군 장안읍 장안리 196-11,35.36279405,129.2480196,2024,,051-709-4684,부산광역시 기장군청,2025-11-17
장안읍1468,1,,부산광역시 기장군 장안읍 용소리 산 138-3,35.3452939396,129.2356995105,2024,,051-709-4684,부산광역시 기장군청,2025-11-17
장안읍1469,1,,부산광역시 기장군 장안읍 용소리 산 138-3,35.3452939396,129.2356995105,2024,,051-709-4684,부산광역시 기장군청,2025-11-17
장안읍1470,1,,부산광역시 기장군 장안읍 좌천리 516,35.3135622603,129.2416186003,2024,,051-709-4684,부산광역시 기장군청,2025-11-17
장안읍1471,1,,부산광역시 기장군 장안읍 월내리 산 6-8,35.3334847587,129.2749190436,2024,,051-709-4684,부산광역시 기장군청,2025-11-17
장안읍1472,1,,부산광역시 기장군 장안읍 월내리 산 6-8,35.3334847587,129.2749328,2024,,051-709-4684,부산광역시 기장군청,2025-11-17
장안읍1473,1,,부산광역시 기장군 장안읍 월내리 산 6-8,35.33344976,129.2749190436,2024,,051-709-4684,부산광역시 기장군청,2025-11-17
장안읍1474,1,,부산광역시 기장군 장안읍 월내리 352-1,35.33380816,129.2753967,2024,,051-709-4684,부산광역시 기장군청,2025-11-17
장안읍1475,1,,부산광역시 기장군 장안읍 월내리 352-1,35.33388084,129.2753562578,2024,,051-709-4684,부산광역시 기장군청,2025-11-17
장안읍1476,1,,부산광역시 기장군 장안읍 월내리 590-1,35.3276265227,129.2688958922,2024,,051-709-4684,부산광역시 기장군청,2025-11-17
장안읍1477,1,,부산광역시 기장군 장안읍 오리 981-22,35.3536028696,129.2829594,2024,,051-709-4684,부산광역시 기장군청,2025-11-17
장안읍1478,1,,부산광역시 기장군 장안읍 오리 981-11,35.3527110408,129.2820653,2024,,051-709-4684,부산광역시 기장군청,2025-11-17
장안읍1479,1,,부산광역시 기장군 장안읍 오리 산 65-6,35.3534366428,129.2815901915,2024,한전주,051-709-4684,부산광역시 기장군청,2025-11-17
장안읍1480,1,,부산광역시 기장군 장안읍 월내리 371-2,35.3286684235,129.2721096616,2024,건축물,051-709-4684,부산광역시 기장군청,2025-11-17
장안읍1481,1,,부산광역시 기장군 장안읍 오리 224-4,35.36946748,129.2656104456,2024,한전주,051-709-4684,부산광역시 기장군청,2025-11-17
장안읍1482,1,,부산광역시 기장군 장안읍 오리 224-4,35.3694252763,129.2656104456,2024,한전주,051-709-4684,부산광역시 기장군청,2025-11-17
장안읍1483,1,,부산광역시 기장군 장안읍 오리 227,35.36933476,129.2661618677,2024,한전주,051-709-4684,부산광역시 기장군청,2025-11-17
장안읍1484,1,,부산광역시 기장군 장안읍 오리 216,35.3691475745,129.2663735706,2024,한전주,051-709-4684,부산광역시 기장군청,2025-11-17
장안읍1485,1,,부산광역시 기장군 장안읍 오리 216,35.36916793,129.2663735706,2024,한전주,051-709-4684,부산광역시 기장군청,2025-11-17
장안읍1487,1,,부산광역시 기장군 장안읍 오리 112-4,35.37143939,129.2622965829,2024,,051-709-4684,부산광역시 기장군청,2025-11-17
장안읍1488,1,,부산광역시 기장군 장안읍 오리 113-5,35.3715072583,129.263333542,2024,건축물,051-709-4684,부산광역시 기장군청,2025-11-17
장안읍1489,1,,부산광역시 기장군 장안읍 용소리 158-1,35.3436721396,129.245187057,2024,건축물,051-709-4684,부산광역시 기장군청,2025-11-17
장안읍1490,1,,부산광역시 기장군 장안읍 용소리 191-2,35.3408541,129.2494167421,2024,건축물,051-709-4684,부산광역시 기장군청,2025-11-17
장안읍1491,1,,부산광역시 기장군 장안읍 기룡리 236-2,35.3511469588,129.255428,2024,한전주,051-709-4684,부산광역시 기장군청,2025-11-17
장안읍1492,1,,부산광역시 기장군 장안읍 기룡리 251-1,35.3504566611,129.2553809,2024,한전주,051-709-4684,부산광역시 기장군청,2025-11-17
장안읍1493,1,,부산광역시 기장군 장안읍 길천리 31-19,35.3336854792,129.2896422775,2024,한전주,051-709-4684,부산광역시 기장군청,2025-11-17
장안읍1494,1,,부산광역시 기장군 장안읍 기룡리 879-3,35.35683798,129.2459608,2024,건축물,051-709-4684,부산광역시 기장군청,2025-11-17
장안읍1495,1,,부산광역시 기장군 장안읍 용소리 191-7,35.34072474,129.2496771,2024,한전주,051-709-4684,부산광역시 기장군청,2025-11-17
장안읍1496,1,,부산광역시 기장군 장안읍 명례리 105-6,35.3750167913,129.2604812619,2024,한전주,051-709-4684,부산광역시 기장군청,2025-11-17
장안읍1498,1,,부산광역시 기장군 장안읍 장안리 667,35.3657002468,129.2504324,2024,전용주,051-709-4684,부산광역시 기장군청,2025-11-17
장안읍1499,1,,부산광역시 기장군 장안읍 월내리 124,35.32666001,129.2778585,2024,한전주,051-709-4684,부산광역시 기장군청,2025-11-17
장안읍1500,1,,부산광역시 기장군 장안읍 월내리 산 45-32,35.3271857651,129.2701030691,2024,한전주,051-709-4684,부산광역시 기장군청,2025-11-17
장안읍1502,1,,부산광역시 기장군 장안읍 장안리 326-1,35.3650926869,129.2503761706,2024,전용주,051-709-4684,부산광역시 기장군청,2025-11-17
장안읍1503,1,,부산광역시 기장군 장안읍 장안리 445,35.3694610767,129.246723721,2024,한전주,051-709-4684,부산광역시 기장군청,2025-11-17
장안읍1504,1,,부산광역시 기장군 장안읍 장안리 441-1,35.36917181,129.2464428,2024,한전주,051-709-4684,부산광역시 기장군청,2025-11-17
장안읍1505,1,,부산광역시 기장군 장안읍 명례리 148-2,35.3746056,129.2600559033,2024,전용주,051-709-4684,부산광역시 기장군청,2025-11-17
장안읍1506,1,,부산광역시 기장군 장안읍 월내리 산 36,35.32543736,129.2694459,2024,한전주,051-709-4684,부산광역시 기장군청,2025-11-17
장안읍1507,1,,부산광역시 기장군 장안읍 덕선리 658,35.3326722594,129.2187227,2024,건축물,051-709-4684,부산광역시 기장군청,2025-11-17
장안읍1508,1,,부산광역시 기장군 장안읍 월내리 132-9,35.3256737143,129.2764542939,2024,건축물,051-709-4684,부산광역시 기장군청,2025-11-17
장안읍1509,1,,부산광역시 기장군 장안읍 길천리 413-20,35.3360841165,129.2853273866,2024,한전주,051-709-4684,부산광역시 기장군청,2025-11-17
장안읍1510,1,,부산광역시 기장군 장안읍 월내리 618-22,35.3343197816,129.2759258401,2024,전용주,051-709-4684,부산광역시 기장군청,2025-11-17
장안읍1511,1,,부산광역시 기장군 장안읍 용소리 산 173,35.3391596,129.2415946309,2024,한전주,051-709-4684,부산광역시 기장군청,2025-11-17
장안읍1512,1,,부산광역시 기장군 장안읍 용소리 산 173,35.3391212472,129.2415946309,2024,한전주,051-709-4684,부산광역시 기장군청,2025-11-17
장안읍1513,1,,부산광역시 기장군 장안읍 좌천리 516,35.3135622603,129.2416186003,2024,한전주,051-709-4684,부산광역시 기장군청,2025-11-17
장안읍1514,1,,부산광역시 기장군 장안읍 좌천리 90,35.3129472934,129.2395741771,2024,건축물,051-709-4684,부산광역시 기장군청,2025-11-17
장안읍1515,1,,부산광역시 기장군 장안읍 오리 1062,35.35433723,129.2773765,2024,건축물,051-709-4684,부산광역시 기장군청,2025-11-17
장안읍1516,1,,부산광역시 기장군 장안읍 오리 806-3,35.3545791571,129.2777754,2024,건축물,051-709-4684,부산광역시 기장군청,2025-11-17
장안읍1517,1,,부산광역시 기장군 장안읍 오리 807-7,35.3546664369,129.2781598723,2024,한전주,051-709-4684,부산광역시 기장군청,2025-11-17
장안읍1518,1,,부산광역시 기장군 장안읍 명례리 874,35.3773550557,129.2519399629,2024,한전주,051-709-4684,부산광역시 기장군청,2025-11-17
장안읍1521임시보안등,1,,부산광역시 기장군 장안읍 오리 산 11-2,35.3710079899,129.267718671,2025,,051-709-4684,부산광역시 기장군청,2025-11-17
장안읍1530임시보안등,1,,부산광역시 기장군 장안읍 월내리 425-30,35.325085774,129.2717991889,2025,,051-709-4684,부산광역시 기장군청,2025-11-17
장안읍 1281,1,,부산광역시 기장군 장안읍 길천리 413-20,35.3360841165,129.2853273866,2019,한전주,051-709-4684,부산광역시 기장군청,2025-11-17
장안읍 1282,1,,부산광역시 기장군 장안읍 길천리 413-20,35.3360841165,129.2853273866,2019,한전주,051-709-4684,부산광역시 기장군청,2025-11-17
장안읍-1486,1,,부산광역시 기장군 장안읍 오리 112-4,35.3714563335,129.2622965829,2024,,051-709-4684,부산광역시 기장군청,2025-11-17
장안읍기룡리-1,1,,부산광역시 기장군 장안읍 기룡리 787-2,35.35650635,129.250824397,,한전주,051-709-4684,부산광역시 기장군청,2025-11-17
장안읍기룡리-2,1,,부산광역시 기장군 장안읍 기룡리 795-1,35.35611725,129.250475266,,한전주,051-709-4684,부산광역시 기장군청,2025-11-17
장안읍기룡리-3,1,,부산광역시 기장군 장안읍 기룡리 805-1,35.35620117,129.2499542,,한전주,051-709-4684,부산광역시 기장군청,2025-11-17
장안읍기룡리-4,1,,부산광역시 기장군 장안읍 기룡리 1084-14,35.3564039287,129.2495142254,,한전주,051-709-4684,부산광역시 기장군청,2025-11-17
장안읍기룡리-5,1,,부산광역시 기장군 장안읍 기룡리 651-1,35.35646439,129.249115,,한전주,051-709-4684,부산광역시 기장군청,2025-11-17
장안읍기룡리-6,1,,부산광역시 기장군 장안읍 기룡리 645-1,35.3565131859,129.247734826,,한전주,051-709-4684,부산광역시 기장군청,2025-11-17
장안읍기룡리-7,1,,부산광역시 기장군 장안읍 기룡리 645,35.3563496348,129.2479182904,,한전주,051-709-4684,부산광역시 기장군청,2025-11-17
장안읍기룡리-8,1,,부산광역시 기장군 장안읍 기룡리 637,35.3564396047,129.2465202401,,한전주,051-709-4684,부산광역시 기장군청,2025-11-17
장안읍기룡리-9,1,,부산광역시 기장군 장안읍 기룡리 629,35.3566229144,129.2460175,,한전주,051-709-4684,부산광역시 기장군청,2025-11-17
장안읍기룡리-10,1,,부산광역시 기장군 장안읍 기룡리 882,35.35690689,129.2456207,,한전주,051-709-4684,부산광역시 기장군청,2025-11-17
장안읍기룡리-11,1,,부산광역시 기장군 장안읍 기룡리 623-1,35.3566601301,129.2457052964,,한전주,051-709-4684,부산광역시 기장군청,2025-11-17
장안읍기룡리-12,1,,부산광역시 기장군 장안읍 기룡리 894,35.3572388075,129.2455902,,한전주,051-709-4684,부산광역시 기장군청,2025-11-17
장안읍기룡리-13,1,,부산광역시 기장군 장안읍 기룡리 634,35.3562548963,129.2458723713,,한전주,051-709-4684,부산광역시 기장군청,2025-11-17
장안읍기룡리-14,1,,부산광역시 기장군 장안읍 기룡리 664,35.3561554,129.2494638814,,건축물,051-709-4684,부산광역시 기장군청,2025-11-17
장안읍기룡리-15,1,,부산광역시 기장군 장안읍 기룡리 724,35.3555933366,129.2503207552,,한전주,051-709-4684,부산광역시 기장군청,2025-11-17
장안읍기룡리-16,1,,부산광역시 기장군 장안읍 기룡리 722,35.35539627,129.2504795819,,전용주,051-709-4684,부산광역시 기장군청,2025-11-17
장안읍기룡리-17,1,,부산광역시 기장군 장안읍 기룡리 732-1,35.3553419691,129.2509087288,,한전주,051-709-4684,부산광역시 기장군청,2025-11-17
장안읍기룡리-18,1,,부산광역시 기장군 장안읍 기룡리 741-1,35.3550673721,129.2513069769,,한전주,051-709-4684,부산광역시 기장군청,2025-11-17
장안읍기룡리-19,1,,부산광역시 기장군 장안읍 기룡리 715-1,35.3546306762,129.2506989159,,한전주,051-709-4684,부산광역시 기장군청,2025-11-17
장안읍기룡리-20,1,,부산광역시 기장군 장안읍 기룡리 709-2,35.35439301,129.2509920844,,한전주,051-709-4684,부산광역시 기장군청,2025-11-17
장안읍기룡리-21,1,,부산광역시 기장군 장안읍 기룡리 746,35.35438919,129.2516023525,,한전주,051-709-4684,부산광역시 기장군청,2025-11-17
장안읍기룡리-22,1,,부산광역시 기장군 장안읍 기룡리 706-1,35.35419464,129.2509102891,,한전주,051-709-4684,부산광역시 기장군청,2025-11-17
장안읍기룡리-23,1,,부산광역시 기장군 장안읍 기룡리 712,35.35442352,129.2509540285,,한전주,051-709-4684,부산광역시 기장군청,2025-11-17
장안읍기룡리-24,1,,부산광역시 기장군 장안읍 기룡리 696-1,35.3538402066,129.2502649482,,전용주,051-709-4684,부산광역시 기장군청,2025-11-17
장안읍기룡리-26,1,,부산광역시 기장군 장안읍 기룡리 768-3,35.3554736261,129.2524414,,한전주,051-709-4684,부산광역시 기장군청,2025-11-17
장안읍기룡리-27,1,,부산광역시 기장군 장안읍 기룡리 770-1,35.3551896052,129.2530594361,,한전주,051-709-4684,부산광역시 기장군청,2025-11-17
장안읍기룡리-28,1,,부산광역시 기장군 장안읍 기룡리 771-3,35.3548339611,129.2532504701,,한전주,051-709-4684,부산광역시 기장군청,2025-11-17
장안읍기룡리-29,1,,부산광역시 기장군 장안읍 기룡리 773,35.355277864,129.2534203103,,한전주,051-709-4684,부산광역시 기장군청,2025-11-17
장안읍기룡리-30,1,,부산광역시 기장군 장안읍 기룡리 774,35.3556637724,129.2534382437,,한전주,051-709-4684,부산광역시 기장군청,2025-11-17
장안읍기룡리-31,1,,부산광역시 기장군 장안읍 기룡리 778,35.3564837721,129.2527741125,,한전주,051-709-4684,부산광역시 기장군청,2025-11-17
장안읍기룡리-32,1,,부산광역시 기장군 장안읍 기룡리 778,35.3564837721,129.2527771,,한전주,051-709-4684,부산광역시 기장군청,2025-11-17
장안읍기룡리-33,1,,부산광역시 기장군 장안읍 기룡리 826-4,35.35696793,129.2526093,,한전주,051-709-4684,부산광역시 기장군청,2025-11-17
장안읍기룡리-34,1,,부산광역시 기장군 장안읍 기룡리 827-3,35.35740662,129.2523924679,,한전주,051-709-4684,부산광역시 기장군청,2025-11-17
장안읍기룡리-35,1,,부산광역시 기장군 장안읍 기룡리 757-3,35.3539066684,129.2537125434,,한전주,051-709-4684,부산광역시 기장군청,2025-11-17
장안읍기룡리-36,1,,부산광역시 기장군 장안읍 기룡리 757-3,35.3539066684,129.2537125434,,한전주,051-709-4684,부산광역시 기장군청,2025-11-17
장안읍기룡리-37,1,,부산광역시 기장군 장안읍 기룡리 139,35.353676206,129.2542572,,한전주,051-709-4684,부산광역시 기장군청,2025-11-17
장안읍기룡리-38,1,,부산광역시 기장군 장안읍 기룡리 135-1,35.3538109753,129.2544247436,,한전주,051-709-4684,부산광역시 기장군청,2025-11-17
장안읍기룡리-39,1,,부산광역시 기장군 장안읍 기룡리 137-7,35.3536217526,129.2550044988,,한전주,051-709-4684,부산광역시 기장군청,2025-11-17
장안읍기룡리-41,1,,부산광역시 기장군 장안읍 기룡리 299,35.34682465,129.2539811292,,한전주,051-709-4684,부산광역시 기장군청,2025-11-17
장안읍기룡리-42,1,,부산광역시 기장군 장안읍 기룡리 314-9,35.34651566,129.2547913,,한전주,051-709-4684,부산광역시 기장군청,2025-11-17
장안읍기룡리-43,1,,부산광역시 기장군 장안읍 기룡리 311-8,35.3462733825,129.2547607,,한전주,051-709-4684,부산광역시 기장군청,2025-11-17
장안읍기룡리-44,1,,부산광역시 기장군 장안읍 기룡리 382-2,35.3460469212,129.2548919999,,한전주,051-709-4684,부산광역시 기장군청,2025-11-17
장안읍기룡리-45,1,,부산광역시 기장군 장안읍 기룡리 382-4,35.3459899764,129.2551765844,,한전주,051-709-4684,부산광역시 기장군청,2025-11-17
장안읍기룡리-46,1,,부산광역시 기장군 장안읍 기룡리 384-1,35.3456081185,129.2552185367,,건축물,051-709-4684,부산광역시 기장군청,2025-11-17
장안읍기룡리-48,1,,부산광역시 기장군 장안읍 기룡리 398-1,35.3450687215,129.2544365636,,한전주,051-709-4684,부산광역시 기장군청,2025-11-17
장안읍기룡리-49,1,,부산광역시 기장군 장안읍 기룡리 389-3,35.3454428426,129.2546234,,한전주,051-709-4684,부산광역시 기장군청,2025-11-17
장안읍기룡리-50,1,,부산광역시 기장군 장안읍 기룡리 392-4,35.34571457,129.2537842,,한전주,051-709-4684,부산광역시 기장군청,2025-11-17
장안읍기룡리-51,1,,부산광역시 기장군 장안읍 기룡리 392-11,35.3454136906,129.2535750901,,한전주,051-709-4684,부산광역시 기장군청,2025-11-17
장안읍기룡리-52,1,,부산광역시 기장군 장안읍 기룡리 479-8,35.3456308173,129.2533355504,,한전주,051-709-4684,부산광역시 기장군청,2025-11-17
장안읍기룡리-53,1,,부산광역시 기장군 장안읍 기룡리 479-7,35.3457501788,129.2531634492,,한전주,051-709-4684,부산광역시 기장군청,2025-11-17
장안읍기룡리-54,1,,부산광역시 기장군 장안읍 기룡리 322-24,35.3475915354,129.255116746,,한전주,051-709-4684,부산광역시 기장군청,2025-11-17
장안읍기룡리-56,1,,부산광역시 기장군 장안읍 기룡리 1067-31,35.3484795512,129.2546325777,,한전주,051-709-4684,부산광역시 기장군청,2025-11-17
장안읍기룡리-57,1,,부산광역시 기장군 장안읍 기룡리 236-2,35.3511469588,129.2554388815,,한전주,051-709-4684,부산광역시 기장군청,2025-11-17
장안읍기룡리-58,1,,부산광역시 기장군 장안읍 기룡리 326-17,35.3481944461,129.2558179651,,한전주,051-709-4684,부산광역시 기장군청,2025-11-17
장안읍기룡리-59,1,,부산광역시 기장군 장안읍 기룡리 322-13,35.3476356778,129.2555542,,한전주,051-709-4684,부산광역시 기장군청,2025-11-17
장안읍기룡리-60,1,,부산광역시 기장군 장안읍 기룡리 318-5,35.3465788727,129.2561646,,한전주,051-709-4684,부산광역시 기장군청,2025-11-17
장안읍기룡리-61,1,,부산광역시 기장군 장안읍 기룡리 357,35.3477475044,129.2591446725,,한전주,051-709-4684,부산광역시 기장군청,2025-11-17
장안읍기룡리-62,1,,부산광역시 기장군 장안읍 기룡리 352-2,35.34791946,129.2624054,,한전주,051-709-4684,부산광역시 기장군청,2025-11-17
장안읍기룡리-63,1,,부산광역시 기장군 장안읍 반룡리 324-4,35.34814453,129.2629930147,,한전주,051-709-4684,부산광역시 기장군청,2025-11-17
장안읍기룡리-64,1,,부산광역시 기장군 장안읍 기룡리 324-5,35.3479596188,129.2556393834,,한전주,051-709-4684,부산광역시 기장군청,2025-11-17
장안읍기룡리-65,1,,부산광역시 기장군 장안읍 기룡리 303,35.34879303,129.2634888,,한전주,051-709-4684,부산광역시 기장군청,2025-11-17
장안읍기룡리-67,1,,부산광역시 기장군 장안읍 기룡리 산 40-2,35.3545904613,129.2641140689,,전용주,051-709-4684,부산광역시 기장군청,2025-11-17
장안읍기룡리-68,1,,부산광역시 기장군 장안읍 기룡리 428-2,35.3407432106,129.2582765769,,한전주,051-709-4684,부산광역시 기장군청,2025-11-17
장안읍기룡리-69,1,,부산광역시 기장군 장안읍 기룡리 1076,35.3402295738,129.2571983135,,한전주,051-709-4684,부산광역시 기장군청,2025-11-17
장안읍기룡리-70,1,,부산광역시 기장군 장안읍 기룡리 1133,35.361101671,129.2571754172,,한전주,051-709-4684,부산광역시 기장군청,2025-11-17
장안읍기룡리-71,1,,부산광역시 기장군 장안읍 기룡리 1133,35.361101671,129.2571754172,,전용주,051-709-4684,부산광역시 기장군청,2025-11-17
장안읍기룡리-72,1,,부산광역시 기장군 장안읍 기룡리 1133,35.361101671,129.2571754172,,전용주,051-709-4684,부산광역시 기장군청,2025-11-17
장안읍기룡리-73,1,,부산광역시 기장군 장안읍 기룡리 1133,35.361101671,129.2571754172,,전용주,051-709-4684,부산광역시 기장군청,2025-11-17
장안읍기룡리-74,1,,부산광역시 기장군 장안읍 기룡리 1133,35.361101671,129.2571754172,,전용주,051-709-4684,부산광역시 기장군청,2025-11-17
장안읍기룡리-75,1,,부산광역시 기장군 장안읍 기룡리 1133,35.361101671,129.2571754172,,전용주,051-709-4684,부산광역시 기장군청,2025-11-17
장안읍기룡리-76,1,,부산광역시 기장군 장안읍 기룡리 236-1,35.35098267,129.2554016,,한전주,051-709-4684,부산광역시 기장군청,2025-11-17
장안읍기룡리-77,1,,부산광역시 기장군 장안읍 기룡리 261-4,35.3496933,129.2553253,,한전주,051-709-4684,부산광역시 기장군청,2025-11-17
장안읍기룡리-78,1,,부산광역시 기장군 장안읍 기룡리 280-5,35.3490848668,129.2554064276,,한전주,051-709-4684,부산광역시 기장군청,2025-11-17
장안읍기룡리-79,1,,부산광역시 기장군 장안읍 기룡리 279-2,35.3487970707,129.2552795,,한전주,051-709-4684,부산광역시 기장군청,2025-11-17
장안읍기룡리-80,1,,부산광역시 기장군 장안읍 기룡리 1067-34,35.3483045524,129.2550986977,,전용주,051-709-4684,부산광역시 기장군청,2025-11-17
장안읍기룡리-81,1,,부산광역시 기장군 장안읍 기룡리 486-1,35.347184713,129.2536011,,전용주,051-709-4684,부산광역시 기장군청,2025-11-17
장안읍기룡리-83,1,,부산광역시 기장군 장안읍 기룡리 산 62-3,35.36024857,129.2646433668,,한전주,051-709-4684,부산광역시 기장군청,2025-11-17
장안읍길천리-1,1,,부산광역시 기장군 장안읍 길천리 476-1,35.3441416132,129.2762299,,한전주,051-709-4684,부산광역시 기장군청,2025-11-17
장안읍길천리-2,1,,부산광역시 기장군 장안읍 길천리 476-7,35.3438168094,129.2772430478,,전용주,051-709-4684,부산광역시 기장군청,2025-11-17
장안읍길천리-3,1,,부산광역시 기장군 장안읍 길천리 476-7,35.34381866,129.2772430478,,한전주,051-709-4684,부산광역시 기장군청,2025-11-17
장안읍길천리-4,1,,부산광역시 기장군 장안읍 길천리 476-7,35.3438168094,129.2772430478,,한전주,051-709-4684,부산광역시 기장군청,2025-11-17
장안읍길천리-5,1,,부산광역시 기장군 장안읍 오리 1018-13,35.34404755,129.2782117438,,한전주,051-709-4684,부산광역시 기장군청,2025-11-17
장안읍길천리-6,1,,부산광역시 기장군 장안읍 오리 산 88-65,35.34462904,129.2784925424,,한전주,051-709-4684,부산광역시 기장군청,2025-11-17
장안읍길천리-7,1,,부산광역시 기장군 장안읍 오리 산 88-70,35.34333017,129.2781039,,한전주,051-709-4684,부산광역시 기장군청,2025-11-17
장안읍길천리-8,1,,부산광역시 기장군 장안읍 길천리 452-2,35.3368515134,129.274794692,,한전주,051-709-4684,부산광역시 기장군청,2025-11-17
장안읍길천리-9,1,,부산광역시 기장군 장안읍 길천리 산 72-11,35.3374208007,129.2745078308,,한전주,051-709-4684,부산광역시 기장군청,2025-11-17
장안읍길천리-10,1,,부산광역시 기장군 장안읍 길천리 산 72-46,35.3378951163,129.2747498,,한전주,051-709-4684,부산광역시 기장군청,2025-11-17
장안읍길천리-11,1,,부산광역시 기장군 장안읍 길천리 산 72-46,35.3378951163,129.2747198517,,한전주,051-709-4684,부산광역시 기장군청,2025-11-17
장안읍길천리-12,1,,부산광역시 기장군 장안읍 길천리 산 71-2,35.3384270719,129.2748189625,,한전주,051-709-4684,부산광역시 기장군청,2025-11-17
장안읍길천리-13,1,,부산광역시 기장군 장안읍 길천리 454-7,35.33869934,129.2745464848,,한전주,051-709-4684,부산광역시 기장군청,2025-11-17
장안읍길천리-14,1,,부산광역시 기장군 장안읍 길천리 산 71-18,35.3387345963,129.2742422999,,한전주,051-709-4684,부산광역시 기장군청,2025-11-17
장안읍길천리-15,1,,부산광역시 기장군 장안읍 길천리 454-3,35.33886719,129.2736359,,한전주,051-709-4684,부산광역시 기장군청,2025-11-17
장안읍길천리-16,1,,부산광역시 기장군 장안읍 길천리 458-4,35.33886719,129.2730075268,,한전주,051-709-4684,부산광역시 기장군청,2025-11-17
장안읍길천리-17,1,,부산광역시 기장군 장안읍 길천리 산 71-17,35.3388443,129.2728240528,,한전주,051-709-4684,부산광역시 기장군청,2025-11-17
장안읍길천리-18,1,,부산광역시 기장군 장안읍 길천리 373,35.3346899589,129.2786456179,,한전주,051-709-4684,부산광역시 기장군청,2025-11-17
장안읍길천리-19,1,,부산광역시 기장군 장안읍 길천리 376-6,35.3348505214,129.279129,,한전주,051-709-4684,부산광역시 기장군청,2025-11-17
장안읍길천리-20,1,,부산광역시 기장군 장안읍 길천리 360-7,35.3332126513,129.2785797,,한전주,051-709-4684,부산광역시 기장군청,2025-11-17
장안읍길천리-21,1,,부산광역시 기장군 장안읍 길천리 360-1,35.33277893,129.2787323,,한전주,051-709-4684,부산광역시 기장군청,2025-11-17
장안읍길천리-22,1,,부산광역시 기장군 장안읍 길천리 358-2,35.33216476,129.2793628981,,한전주,051-709-4684,부산광역시 기장군청,2025-11-17
장안읍길천리-23,1,,부산광역시 기장군 장안읍 길천리 358-14,35.3327156241,129.2799377,,한전주,051-709-4684,부산광역시 기장군청,2025-11-17
장안읍길천리-24,1,,부산광역시 기장군 장안읍 길천리 383-4,35.3336305102,129.2815494603,,한전주,051-709-4684,부산광역시 기장군청,2025-11-17
장안읍길천리-25,1,,부산광역시 기장군 장안읍 길천리 383-7,35.3335041953,129.2816319057,,한전주,051-709-4684,부산광역시 기장군청,2025-11-17
장안읍길천리-26,1,,부산광역시 기장군 장안읍 길천리 383-3,35.33341217,129.281384576,,한전주,051-709-4684,부산광역시 기장군청,2025-11-17
장안읍길천리-27,1,,부산광역시 기장군 장안읍 길천리 194-6,35.3273399782,129.282074,,한전주,051-709-4684,부산광역시 기장군청,2025-11-17
장안읍길천리-28,1,,부산광역시 기장군 장안읍 길천리 192-21,35.32707214,129.2823792,,한전주,051-709-4684,부산광역시 기장군청,2025-11-17
장안읍길천리-29,1,,부산광역시 기장군 장안읍 길천리 192-24,35.3268971762,129.2825721818,,한전주,051-709-4684,부산광역시 기장군청,2025-11-17
장안읍길천리-30,1,,부산광역시 기장군 장안읍 길천리 190-73,35.32686996,129.2836151,,한전주,051-709-4684,부산광역시 기장군청,2025-11-17
장안읍길천리-31,1,,부산광역시 기장군 장안읍 길천리 190-16,35.3270986656,129.2833732524,,한전주,051-709-4684,부산광역시 기장군청,2025-11-17
장안읍길천리-32,1,,부산광역시 기장군 장안읍 길천리 192-45,35.3270888614,129.2832269832,,한전주,051-709-4684,부산광역시 기장군청,2025-11-17
장안읍길천리-33,1,,부산광역시 기장군 장안읍 길천리 190-133,35.32712555,129.2837605711,,한전주,051-709-4684,부산광역시 기장군청,2025-11-17
장안읍길천리-34,1,,부산광역시 기장군 장안읍 길천리 188-95,35.32708359,129.2841310785,,한전주,051-709-4684,부산광역시 기장군청,2025-11-17
장안읍길천리-35,1,,부산광역시 기장군 장안읍 길천리 190-11,35.32693863,129.2838405059,,한전주,051-709-4684,부산광역시 기장군청,2025-11-17
장안읍길천리-36,1,,부산광역시 기장군 장안읍 길천리 188-87,35.326883458,129.2851627289,,한전주,051-709-4684,부산광역시 기장군청,2025-11-17
장안읍길천리-37,1,,부산광역시 기장군 장안읍 길천리 187-48,35.3272528825,129.2846985,,한전주,051-709-4684,부산광역시 기장군청,2025-11-17
장안읍길천리-38,1,,부산광역시 기장군 장안읍 길천리 187-49,35.3272169645,129.2846809074,,한전주,051-709-4684,부산광역시 기장군청,2025-11-17
장안읍길천리-39,1,,부산광역시 기장군 장안읍 길천리 187-35,35.3276145275,129.2853402464,,한전주,051-709-4684,부산광역시 기장군청,2025-11-17
장안읍길천리-40,1,,부산광역시 기장군 장안읍 길천리 187-8,35.3273735,129.2852783,,한전주,051-709-4684,부산광역시 기장군청,2025-11-17
장안읍길천리-41,1,,부산광역시 기장군 장안읍 길천리 187-33,35.32711792,129.2852568433,,한전주,051-709-4684,부산광역시 기장군청,2025-11-17
장안읍길천리-42,1,,부산광역시 기장군 장안읍 길천리 188-22,35.32689285,129.2850009415,,한전주,051-709-4684,부산광역시 기장군청,2025-11-17
장안읍길천리-43,1,,부산광역시 기장군 장안읍 길천리 173-46,35.3268956183,129.2857056,,한전주,051-709-4684,부산광역시 기장군청,2025-11-17
장안읍길천리-44,1,,부산광역시 기장군 장안읍 길천리 173-38,35.32676315,129.2864685,,한전주,051-709-4684,부산광역시 기장군청,2025-11-17
장안읍길천리-45,1,,부산광역시 기장군 장안읍 길천리 188-72,35.32648087,129.2864989489,,한전주,051-709-4684,부산광역시 기장군청,2025-11-17
장안읍길천리-46,1,,부산광역시 기장군 장안읍 길천리 173-5,35.3268247244,129.2869557623,,한전주,051-709-4684,부산광역시 기장군청,2025-11-17
장안읍길천리-47,1,,부산광역시 기장군 장안읍 길천리 188-2,35.3264852644,129.2868805,,전용주,051-709-4684,부산광역시 기장군청,2025-11-17
장안읍길천리-48,1,,부산광역시 기장군 장안읍 길천리 166-2,35.326967233,129.2873612985,,한전주,051-709-4684,부산광역시 기장군청,2025-11-17
장안읍길천리-49,1,,부산광역시 기장군 장안읍 길천리 188-54,35.32659531,129.28570374,,건축물,051-709-4684,부산광역시 기장군청,2025-11-17
장안읍길천리-50,1,,부산광역시 기장군 장안읍 길천리 188-62,35.3262123666,129.2851455978,,전용주,051-709-4684,부산광역시 기장군청,2025-11-17
장안읍길천리-51,1,,부산광역시 기장군 장안읍 길천리 193-6,35.3274089145,129.2820435,,전용주,051-709-4684,부산광역시 기장군청,2025-11-17
장안읍길천리-52,1,,부산광역시 기장군 장안읍 길천리 194-1,35.32777023,129.2821178164,,한전주,051-709-4684,부산광역시 기장군청,2025-11-17
장안읍길천리-53,1,,부산광역시 기장군 장안읍 길천리 200-5,35.32820129,129.2822682142,,한전주,051-709-4684,부산광역시 기장군청,2025-11-17
장안읍길천리-54,1,,부산광역시 기장군 장안읍 길천리 208-5,35.3285031559,129.2821689521,,한전주,051-709-4684,부산광역시 기장군청,2025-11-17
장안읍길천리-55,1,,부산광역시 기장군 장안읍 길천리 209-5,35.3286511512,129.2824930597,,한전주,051-709-4684,부산광역시 기장군청,2025-11-17
장안읍길천리-56,1,,부산광역시 기장군 장안읍 길천리 209-7,35.3289244071,129.2823486,,한전주,051-709-4684,부산광역시 기장군청,2025-11-17
장안읍길천리-57,1,,부산광역시 기장군 장안읍 길천리 191-1,35.3280631361,129.2824798458,,한전주,051-709-4684,부산광역시 기장군청,2025-11-17
장안읍길천리-58,1,,부산광역시 기장군 장안읍 길천리 191-1,35.3280631361,129.2824798458,,한전주,051-709-4684,부산광역시 기장군청,2025-11-17
장안읍길천리-59,1,,부산광역시 기장군 장안읍 길천리 191-1,35.3280631361,129.2824798458,,한전주,051-709-4684,부산광역시 기장군청,2025-11-17
장안읍길천리-60,1,,부산광역시 기장군 장안읍 길천리 243-8,35.32823563,129.2838278778,,한전주,051-709-4684,부산광역시 기장군청,2025-11-17
장안읍길천리-61,1,,부산광역시 기장군 장안읍 길천리 243-3,35.3281988019,129.2840556882,,한전주,051-709-4684,부산광역시 기장군청,2025-11-17
장안읍길천리-62,1,,부산광역시 기장군 장안읍 길천리 243-1,35.3281224607,129.2845451311,,한전주,051-709-4684,부산광역시 기장군청,2025-11-17
장안읍길천리-63,1,,부산광역시 기장군 장안읍 길천리 249-2,35.3284396795,129.2846222,,전용주,051-709-4684,부산광역시 기장군청,2025-11-17
장안읍길천리-64,1,,부산광역시 기장군 장안읍 길천리 247,35.3281588747,129.2850237072,,전용주,051-709-4684,부산광역시 기장군청,2025-11-17
장안읍길천리-65,1,,부산광역시 기장군 장안읍 길천리 246,35.3282814,129.2853570129,,한전주,051-709-4684,부산광역시 기장군청,2025-11-17
장안읍길천리-66,1,,부산광역시 기장군 장안읍 길천리 245-20,35.32801819,129.2855377,,한전주,051-709-4684,부산광역시 기장군청,2025-11-17
장안읍길천리-67,1,,부산광역시 기장군 장안읍 길천리 187-38,35.3276186774,129.2853183036,,한전주,051-709-4684,부산광역시 기장군청,2025-11-17
장안읍길천리-68,1,,부산광역시 기장군 장안읍 길천리 245-42,35.32728195,129.2858182692,,한전주,051-709-4684,부산광역시 기장군청,2025-11-17
장안읍길천리-69,1,,부산광역시 기장군 장안읍 길천리 245-35,35.32701111,129.2863750391,,한전주,051-709-4684,부산광역시 기장군청,2025-11-17
장안읍길천리-70,1,,부산광역시 기장군 장안읍 길천리 245-17,35.32746124,129.2861481,,한전주,051-709-4684,부산광역시 기장군청,2025-11-17
장안읍길천리-71,1,,부산광역시 기장군 장안읍 길천리 245-12,35.3277359,129.2857959256,,한전주,051-709-4684,부산광역시 기장군청,2025-11-17
장안읍길천리-72,1,,부산광역시 기장군 장안읍 길천리 257-2,35.32806015,129.2859192,,한전주,051-709-4684,부산광역시 기장군청,2025-11-17
장안읍길천리-73,1,,부산광역시 기장군 장안읍 길천리 173-5,35.3268247244,129.2869557623,,건축물,051-709-4684,부산광역시 기장군청,2025-11-17
장안읍길천리-74,1,,부산광역시 기장군 장안읍 길천리 166-7,35.32690048,129.2872772,,한전주,051-709-4684,부산광역시 기장군청,2025-11-17
장안읍길천리-75,1,,부산광역시 기장군 장안읍 길천리 157,35.32696152,129.2877583796,,한전주,051-709-4684,부산광역시 기장군청,2025-11-17
장안읍길천리-76,1,,부산광역시 기장군 장안읍 길천리 157,35.3269863706,129.2877583796,,한전주,051-709-4684,부산광역시 기장군청,2025-11-17
장안읍길천리-77,1,,부산광역시 기장군 장안읍 길천리 483-1,35.3272967527,129.2873699703,,한전주,051-709-4684,부산광역시 기장군청,2025-11-17
장안읍길천리-78,1,,부산광역시 기장군 장안읍 길천리 483-1,35.3272967527,129.2873699703,,한전주,051-709-4684,부산광역시 기장군청,2025-11-17
장안읍길천리-79,1,,부산광역시 기장군 장안읍 길천리 166-1,35.3271194989,129.2873216977,,전용주,051-709-4684,부산광역시 기장군청,2025-11-17
장안읍길천리-80,1,,부산광역시 기장군 장안읍 길천리 181-2,35.3276618731,129.2871552,,한전주,051-709-4684,부산광역시 기장군청,2025-11-17
장안읍길천리-81,1,,부산광역시 기장군 장안읍 길천리 483-1,35.3272967527,129.2873699703,,한전주,051-709-4684,부산광역시 기장군청,2025-11-17
장안읍길천리-82,1,,부산광역시 기장군 장안읍 길천리 260-5,35.32826233,129.2866558203,,전용주,051-709-4684,부산광역시 기장군청,2025-11-17
장안읍길천리-83,1,,부산광역시 기장군 장안읍 길천리 173-3,35.3271840664,129.2870829561,,건축물,051-709-4684,부산광역시 기장군청,2025-11-17
장안읍길천리-84,1,,부산광역시 기장군 장안읍 길천리 173,35.3273097303,129.2870026,,한전주,051-709-4684,부산광역시 기장군청,2025-11-17
장안읍길천리-85,1,,부산광역시 기장군 장안읍 길천리 183-1,35.32772064,129.2866516,,한전주,051-709-4684,부산광역시 기장군청,2025-11-17
장안읍길천리-86,1,,부산광역시 기장군 장안읍 길천리 477-15,35.3277127881,129.2863159,,한전주,051-709-4684,부산광역시 기장군청,2025-11-17
장안읍길천리-87,1,,부산광역시 기장군 장안읍 길천리 477-15,35.3277127881,129.2863657899,,전용주,051-709-4684,부산광역시 기장군청,2025-11-17
장안읍길천리-88,1,,부산광역시 기장군 장안읍 길천리 259-1,35.327797798,129.2869342244,,한전주,051-709-4684,부산광역시 기장군청,2025-11-17
장안읍길천리-89,1,,부산광역시 기장군 장안읍 길천리 477-15,35.3277127881,129.2863657899,,전용주,051-709-4684,부산광역시 기장군청,2025-11-17
장안읍길천리-90,1,,부산광역시 기장군 장안읍 길천리 262-3,35.3285141,129.2862713733,,전용주,051-709-4684,부산광역시 기장군청,2025-11-17
장안읍길천리-91,1,,부산광역시 기장군 장안읍 길천리 255-8,35.3286705,129.2858741386,,한전주,051-709-4684,부산광역시 기장군청,2025-11-17
장안읍길천리-92,1,,부산광역시 기장군 장안읍 길천리 256-1,35.32834244,129.2857666924,,한전주,051-709-4684,부산광역시 기장군청,2025-11-17
장안읍길천리-93,1,,부산광역시 기장군 장안읍 길천리 248-2,35.3284142321,129.2851530573,,한전주,051-709-4684,부산광역시 기장군청,2025-11-17
장안읍길천리-94,1,,부산광역시 기장군 장안읍 길천리 250-3,35.32865906,129.2847595,,한전주,051-709-4684,부산광역시 기장군청,2025-11-17
장안읍길천리-95,1,,부산광역시 기장군 장안읍 길천리 253,35.32884598,129.2848942983,,건축물,051-709-4684,부산광역시 기장군청,2025-11-17
장안읍길천리-96,1,,부산광역시 기장군 장안읍 길천리 252,35.3289299,129.2849196857,,한전주,051-709-4684,부산광역시 기장군청,2025-11-17
장안읍길천리-97,1,,부산광역시 기장군 장안읍 길천리 278-3,35.3292141086,129.2846159025,,한전주,051-709-4684,부산광역시 기장군청,2025-11-17
장안읍길천리-98,1,,부산광역시 기장군 장안읍 길천리 267-3,35.3290222132,129.2847950067,,건축물,051-709-4684,부산광역시 기장군청,2025-11-17
장안읍길천리-99,1,,부산광역시 기장군 장안읍 길천리 489-2,35.3286928413,129.2847955706,,전용주,051-709-4684,부산광역시 기장군청,2025-11-17
장안읍길천리-100,1,,부산광역시 기장군 장안읍 길천리 279-5,35.3292932341,129.2844086,,전용주,051-709-4684,부산광역시 기장군청,2025-11-17
장안읍길천리-101,1,,부산광역시 기장군 장안읍 길천리 279-6,35.3294422154,129.2843325883,,전용주,051-709-4684,부산광역시 기장군청,2025-11-17
장안읍길천리-102,1,,부산광역시 기장군 장안읍 길천리 251-6,35.3287628967,129.2844031907,,한전주,051-709-4684,부산광역시 기장군청,2025-11-17
장안읍길천리-103,1,,부산광역시 기장군 장안읍 길천리 236-4,35.32904816,129.2839464711,,한전주,051-709-4684,부산광역시 기장군청,2025-11-17
장안읍길천리-104,1,,부산광역시 기장군 장안읍 길천리 236-2,35.3291320783,129.2839603034,,한전주,051-709-4684,부산광역시 기장군청,2025-11-17
장안읍길천리-105,1,,부산광역시 기장군 장안읍 길천리 224-4,35.32939187,129.2832681,,한전주,051-709-4684,부산광역시 기장군청,2025-11-17
장안읍길천리-106,1,,부산광역시 기장군 장안읍 길천리 226-3,35.32936859,129.2830658,,한전주,051-709-4684,부산광역시 기장군청,2025-11-17
장안읍길천리-107,1,,부산광역시 기장군 장안읍 길천리 230,35.3290418173,129.2827148,,한전주,051-709-4684,부산광역시 기장군청,2025-11-17
장안읍길천리-108,1,,부산광역시 기장군 장안읍 길천리 208-2,35.32907867,129.2819905908,,한전주,051-709-4684,부산광역시 기장군청,2025-11-17
장안읍길천리-109,1,,부산광역시 기장군 장안읍 길천리 202-1,35.32896805,129.2817288181,,한전주,051-709-4684,부산광역시 기장군청,2025-11-17
장안읍길천리-110,1,,부산광역시 기장군 장안읍 길천리 213-1,35.3301722803,129.2820691709,,한전주,051-709-4684,부산광역시 기장군청,2025-11-17
장안읍길천리-111,1,,부산광역시 기장군 장안읍 길천리 산 44-3,35.33628464,129.285070432,,한전주,051-709-4684,부산광역시 기장군청,2025-11-17
장안읍길천리-112,1,,부산광역시 기장군 장안읍 길천리 411-6,35.3367269933,129.2850642237,,한전주,051-709-4684,부산광역시 기장군청,2025-11-17
장안읍길천리-113,1,,부산광역시 기장군 장안읍 길천리 산 36-17,35.33506775,129.2910599249,,한전주,051-709-4684,부산광역시 기장군청,2025-11-17
장안읍길천리-114,1,,부산광역시 기장군 장안읍 길천리 산 29-3,35.3335742924,129.2902832,,한전주,051-709-4684,부산광역시 기장군청,2025-11-17
장안읍길천리-115,1,,부산광역시 기장군 장안읍 길천리 31-18,35.3343117627,129.2904841991,,한전주,051-709-4684,부산광역시 기장군청,2025-11-17
장안읍길천리-116,1,,부산광역시 기장군 장안읍 길천리 31-4,35.33470154,129.2895504836,,한전주,051-709-4684,부산광역시 기장군청,2025-11-17
장안읍길천리-117,1,,부산광역시 기장군 장안읍 길천리 31-10,35.33389282,129.2889453362,,한전주,051-709-4684,부산광역시 기장군청,2025-11-17
장안읍길천리-118,1,,부산광역시 기장군 장안읍 길천리 31-10,35.33385468,129.2889453362,,한전주,051-709-4684,부산광역시 기장군청,2025-11-17
장안읍길천리-119,1,,부산광역시 기장군 장안읍 길천리 480,35.3334052043,129.2868805,,한전주,051-709-4684,부산광역시 기장군청,2025-11-17
장안읍길천리-120,1,,부산광역시 기장군 장안읍 길천리 산 31-1,35.33398819,129.2874864392,,한전주,051-709-4684,부산광역시 기장군청,2025-11-17
장안읍길천리-121,1,,부산광역시 기장군 장안읍 길천리 478,35.3349704199,129.2869514885,,한전주,051-709-4684,부산광역시 기장군청,2025-11-17
장안읍길천리-122,1,,부산광역시 기장군 장안읍 길천리 산 35,35.3350370041,129.2876167681,,한전주,051-709-4684,부산광역시 기장군청,2025-11-17
장안읍길천리-123,1,,부산광역시 기장군 장안읍 길천리 산 35,35.3350370041,129.2876167681,,한전주,051-709-4684,부산광역시 기장군청,2025-11-17
장안읍길천리-124,1,,부산광역시 기장군 장안읍 길천리 12-3,35.335752935,129.2891998,,한전주,051-709-4684,부산광역시 기장군청,2025-11-17
장안읍길천리-125,1,,부산광역시 기장군 장안읍 길천리 403,35.3327931297,129.2862883785,,한전주,051-709-4684,부산광역시 기장군청,2025-11-17
장안읍길천리-126,1,,부산광역시 기장군 장안읍 길천리 45,35.3318432111,129.2865786775,,한전주,051-709-4684,부산광역시 기장군청,2025-11-17
장안읍길천리-127,1,,부산광역시 기장군 장안읍 길천리 482,35.3318790108,129.286850,,한전주,051-709-4684,부산광역시 기장군청,2025-11-17
장안읍길천리-128,1,,부산광역시 기장군 장안읍 길천리 59,35.3313543773,129.2868867866,,한전주,051-709-4684,부산광역시 기장군청,2025-11-17
장안읍길천리-129,1,,부산광역시 기장군 장안읍 길천리 482,35.3318790108,129.286823239,,한전주,051-709-4684,부산광역시 기장군청,2025-11-17
장안읍길천리-130,1,,부산광역시 기장군 장안읍 길천리 482,35.3318790108,129.286823239,,한전주,051-709-4684,부산광역시 기장군청,2025-11-17
장안읍길천리-131,1,,부산광역시 기장군 장안읍 길천리 산 29-13,35.3335203834,129.2908166098,,한전주,051-709-4684,부산광역시 기장군청,2025-11-17
장안읍길천리-132,1,,부산광역시 기장군 장안읍 길천리 61-3,35.33057785,129.2866957429,,한전주,051-709-4684,부산광역시 기장군청,2025-11-17
장안읍길천리-133,1,,부산광역시 기장군 장안읍 길천리 산 64-6,35.3424139888,129.2781549,2018,한전주,051-709-4684,부산광역시 기장군청,2025-11-17
장안읍길천리-134,1,,부산광역시 기장군 장안읍 길천리 산 64-5,35.3426108306,129.2778523,2018,한전주,051-709-4684,부산광역시 기장군청,2025-11-17
장안읍길천리-135,1,,부산광역시 기장군 장안읍 길천리 473-2,35.3431694637,129.2781082408,2018,한전주,051-709-4684,부산광역시 기장군청,2025-11-17
장안읍길천리-136,1,,부산광역시 기장군 장안읍 길천리 85-20,,,2018,한전주,051-709-4684,부산광역시 기장군청,2025-11-17
장안읍길천리-137,1,,부산광역시 기장군 장안읍 길천리 산 85-20,35.3320969198,129.2803545238,2018,한전주,051-709-4684,부산광역시 기장군청,2025-11-17
장안읍덕선리-1,1,,부산광역시 기장군 장안읍 덕선리 산 292-2,35.32507706,129.2316437,,한전주,051-709-4684,부산광역시 기장군청,2025-11-17
장안읍덕선리-2,1,,부산광역시 기장군 장안읍 덕선리 산 214-3,35.3265334906,129.2305603837,,한전주,051-709-4684,부산광역시 기장군청,2025-11-17
장안읍덕선리-3,1,,부산광역시 기장군 장안읍 덕선리 산 290-3,35.32707214,129.2304535,,한전주,051-709-4684,부산광역시 기장군청,2025-11-17
장안읍덕선리-4,1,,부산광역시 기장군 장안읍 덕선리 산 218-1,35.3287639586,129.2299279134,,전용주,051-709-4684,부산광역시 기장군청,2025-11-17
장안읍덕선리-5,1,,부산광역시 기장군 장안읍 덕선리 322-3,35.32926941,129.2304382,,전용주,051-709-4684,부산광역시 기장군청,2025-11-17
장안읍덕선리-6,1,,부산광역시 기장군 장안읍 덕선리 산 218,35.3288583358,129.2294847878,,한전주,051-709-4684,부산광역시 기장군청,2025-11-17
장안읍덕선리-7,1,,부산광역시 기장군 장안읍 덕선리 891-1,35.3294225485,129.2264985102,,한전주,051-709-4684,부산광역시 기장군청,2025-11-17
장안읍덕선리-8,1,,부산광역시 기장군 장안읍 덕선리 330-1,35.3292445241,129.2260045448,,한전주,051-709-4684,부산광역시 기장군청,2025-11-17
장안읍덕선리-9,1,,부산광역시 기장군 장안읍 덕선리 산 219-2,35.3296210026,129.2299665708,,한전주,051-709-4684,부산광역시 기장군청,2025-11-17
장안읍덕선리-10,1,,부산광역시 기장군 장안읍 덕선리 산 219-1,35.3300483641,129.2289534615,,한전주,051-709-4684,부산광역시 기장군청,2025-11-17
장안읍덕선리-13,1,,부산광역시 기장군 장안읍 덕선리 263-1,35.33157349,129.2298279,,한전주,051-709-4684,부산광역시 기장군청,2025-11-17
장안읍덕선리-14,1,,부산광역시 기장군 장안읍 덕선리 206,35.33181381,129.2297970437,,한전주,051-709-4684,부산광역시 기장군청,2025-11-17
장안읍덕선리-15,1,,부산광역시 기장군 장안읍 덕선리 211,35.33231354,129.2298280675,,전용주,051-709-4684,부산광역시 기장군청,2025-11-17
장안읍덕선리-16,1,,부산광역시 기장군 장안읍 덕선리 888,35.3319804509,129.2296586063,,한전주,051-709-4684,부산광역시 기장군청,2025-11-17
장안읍덕선리-17,1,,부산광역시 기장군 장안읍 덕선리 196,35.3316130617,129.2286937519,,한전주,051-709-4684,부산광역시 기장군청,2025-11-17
장안읍덕선리-18,1,,부산광역시 기장군 장안읍 덕선리 168,35.3341139824,129.2277679,,한전주,051-709-4684,부산광역시 기장군청,2025-11-17
장안읍덕선리-19,1,,부산광역시 기장군 장안읍 덕선리 284-1,35.3312161828,129.2285809681,,한전주,051-709-4684,부산광역시 기장군청,2025-11-17
장안읍덕선리-20,1,,부산광역시 기장군 장안읍 덕선리 286-1,35.3309405222,129.2277382961,,한전주,051-709-4684,부산광역시 기장군청,2025-11-17
장안읍덕선리-21,1,,부산광역시 기장군 장안읍 덕선리 180-4,35.3319821242,129.2273633542,,한전주,051-709-4684,부산광역시 기장군청,2025-11-17
장안읍덕선리-23,1,,부산광역시 기장군 장안읍 덕선리 210-2,35.33226776,129.2303162,,한전주,051-709-4684,부산광역시 기장군청,2025-11-17
장안읍덕선리-24,1,,부산광역시 기장군 장안읍 덕선리 85-2,35.3319153468,129.2324845994,,한전주,051-709-4684,부산광역시 기장군청,2025-11-17
장안읍덕선리-25,1,,부산광역시 기장군 장안읍 덕선리 산 269-2,35.3323137036,129.2328462973,,한전주,051-709-4684,부산광역시 기장군청,2025-11-17
장안읍덕선리-26,1,,부산광역시 기장군 장안읍 덕선리 산 269-2,35.3323137036,129.2328462973,,한전주,051-709-4684,부산광역시 기장군청,2025-11-17
장안읍덕선리-27,1,,부산광역시 기장군 장안읍 덕선리 248,35.3327713,129.2313010191,,한전주,051-709-4684,부산광역시 기장군청,2025-11-17
장안읍덕선리-28,1,,부산광역시 기장군 장안읍 덕선리 산 252-5,35.3339591782,129.2310982291,,한전주,051-709-4684,부산광역시 기장군청,2025-11-17
장안읍덕선리-29,1,,부산광역시 기장군 장안읍 덕선리 246-2,35.33358765,129.2301025,,한전주,051-709-4684,부산광역시 기장군청,2025-11-17
장안읍덕선리-30,1,,부산광역시 기장군 장안읍 덕선리 산 13-1,35.3377036623,129.2297224769,,한전주,051-709-4684,부산광역시 기장군청,2025-11-17
장안읍덕선리-31,1,,부산광역시 기장군 장안읍 덕선리 130-1,35.3405418123,129.2282088754,,한전주,051-709-4684,부산광역시 기장군청,2025-11-17
장안읍덕선리-32,1,,부산광역시 기장군 장안읍 덕선리 산 1,35.3416297547,129.2281025183,,한전주,051-709-4684,부산광역시 기장군청,2025-11-17
장안읍덕선리-33,1,,부산광역시 기장군 장안읍 덕선리 산 214-1,35.32795715,129.2294617,,한전주,051-709-4684,부산광역시 기장군청,2025-11-17
장안읍덕선리-34,1,,부산광역시 기장군 장안읍 덕선리 산 213-1,35.32814026,129.2290497,,한전주,051-709-4684,부산광역시 기장군청,2025-11-17
장안읍덕선리-35,1,,부산광역시 기장군 장안읍 덕선리 307-2,35.32857132,129.228192127,,한전주,051-709-4684,부산광역시 기장군청,2025-11-17
장안읍덕선리-36,1,,부산광역시 기장군 장안읍 덕선리 산 211-15,35.32856369,129.2274475,,한전주,051-709-4684,부산광역시 기장군청,2025-11-17
장안읍덕선리-37,1,,부산광역시 기장군 장안읍 덕선리 산 211-9,35.32839968,129.2263352,,한전주,051-709-4684,부산광역시 기장군청,2025-11-17
장안읍덕선리-38,1,,부산광역시 기장군 장안읍 덕선리 산 211-9,35.3283577,129.2258606,,한전주,051-709-4684,부산광역시 기장군청,2025-11-17
장안읍덕선리-39,1,,부산광역시 기장군 장안읍 덕선리 산 211-17,35.3282814,129.2253113,,한전주,051-709-4684,부산광역시 기장군청,2025-11-17
장안읍덕선리-40,1,,부산광역시 기장군 장안읍 덕선리 산 211-17,35.32830811,129.2247925,,한전주,051-709-4684,부산광역시 기장군청,2025-11-17
장안읍덕선리-41,1,,부산광역시 기장군 장안읍 덕선리 산 210-3,35.3282755192,129.2247402911,,한전주,051-709-4684,부산광역시 기장군청,2025-11-17
장안읍덕선리-41중복임시보안등,1,,부산광역시 기장군 장안읍 덕선리 334-2,35.32820086,129.224170786,2025,한전주,051-709-4684,부산광역시 기장군청,2025-11-17
장안읍덕선리-42,1,,부산광역시 기장군 장안읍 덕선리 335-5,35.32846069,129.2234802,,한전주,051-709-4684,부산광역시 기장군청,2025-11-17
장안읍덕선리-43,1,,부산광역시 기장군 장안읍 덕선리 산 209-9,35.32974625,129.2234802,,한전주,051-709-4684,부산광역시 기장군청,2025-11-17
장안읍덕선리-44,1,,부산광역시 기장군 장안읍 덕선리 산 209-9,35.32954788,129.2228851,,한전주,051-709-4684,부산광역시 기장군청,2025-11-17
장안읍덕선리-45,1,,부산광역시 기장군 장안읍 덕선리 산 205-11,35.33008194,129.222290,,한전주,051-709-4684,부산광역시 기장군청,2025-11-17
장안읍덕선리-46,1,,부산광역시 기장군 장안읍 덕선리 343-1,35.33004761,129.221523118,,한전주,051-709-4684,부산광역시 기장군청,2025-11-17
장안읍덕선리-47,1,,부산광역시 기장군 장안읍 덕선리 산 204-1,35.33065033,129.2215271,,한전주,051-709-4684,부산광역시 기장군청,2025-11-17
장안읍덕선리-48,1,,부산광역시 기장군 장안읍 덕선리 787-1,35.3312732715,129.2200165,2018,한전주,051-709-4684,부산광역시 기장군청,2025-11-17
장안읍덕선리-49,1,,부산광역시 기장군 장안읍 덕선리 788,35.3308690259,129.2196222634,,한전주,051-709-4684,부산광역시 기장군청,2025-11-17
장안읍덕선리-50,1,,부산광역시 기장군 장안읍 덕선리 787-8,35.3311849943,129.2197047,,한전주,051-709-4684,부산광역시 기장군청,2025-11-17
장안읍덕선리-51,1,,부산광역시 기장군 장안읍 덕선리 산 198-2,35.3308863996,129.2185888153,,한전주,051-709-4684,부산광역시 기장군청,2025-11-17
장안읍덕선리-52,1,,부산광역시 기장군 장안읍 덕선리 793-3,35.331690101,129.2188580491,,한전주,051-709-4684,부산광역시 기장군청,2025-11-17
장안읍덕선리-53,1,,부산광역시 기장군 장안읍 덕선리 902,35.3332415322,129.2151045831,,한전주,051-709-4684,부산광역시 기장군청,2025-11-17
장안읍덕선리-54,1,,부산광역시 기장군 장안읍 덕선리 902,35.3332415322,129.2151045831,,한전주,051-709-4684,부산광역시 기장군청,2025-11-17
장안읍덕선리-55,1,,부산광역시 기장군 장안읍 덕선리 758,35.3322258,129.2189178,,한전주,051-709-4684,부산광역시 기장군청,2025-11-17
장안읍덕선리-57,1,,부산광역시 기장군 장안읍 덕선리 899,35.3326434706,129.2189359411,,한전주,051-709-4684,부산광역시 기장군청,2025-11-17
장안읍덕선리-58,1,,부산광역시 기장군 장안읍 덕선리 658,35.3326722594,129.2187229391,,한전주,051-709-4684,부산광역시 기장군청,2025-11-17
장안읍덕선리-59,1,,부산광역시 기장군 장안읍 덕선리 793-3,35.331690101,129.2188580491,,한전주,051-709-4684,부산광역시 기장군청,2025-11-17
장안읍덕선리-60,1,,부산광역시 기장군 장안읍 덕선리 729,35.33224487,129.2183838,,건축물,051-709-4684,부산광역시 기장군청,2025-11-17
장안읍덕선리-61,1,,부산광역시 기장군 장안읍 덕선리 748-2,35.33226013,129.2181854,,전용주,051-709-4684,부산광역시 기장군청,2025-11-17
장안읍덕선리-62,1,,부산광역시 기장군 장안읍 덕선리 899,35.3326434706,129.2189359411,,한전주,051-709-4684,부산광역시 기장군청,2025-11-17
장안읍덕선리-63,1,,부산광역시 기장군 장안읍 덕선리 899,35.3326434706,129.2189359411,,한전주,051-709-4684,부산광역시 기장군청,2025-11-17
장안읍덕선리-64,1,,부산광역시 기장군 장안읍 덕선리 734,35.3322258,129.2176195081,,전용주,051-709-4684,부산광역시 기장군청,2025-11-17
장안읍덕선리-65,1,,부산광역시 기장군 장안읍 덕선리 673,35.33280563,129.2176514,,한전주,051-709-4684,부산광역시 기장군청,2025-11-17
장안읍덕선리-66,1,,부산광역시 기장군 장안읍 덕선리 777-5,35.3321353948,129.21983738,,한전주,051-709-4684,부산광역시 기장군청,2025-11-17
장안읍덕선리-67,1,,부산광역시 기장군 장안읍 덕선리 403-3,35.3326169409,129.2202596001,,한전주,051-709-4684,부산광역시 기장군청,2025-11-17
장안읍덕선리-68,1,,부산광역시 기장군 장안읍 덕선리 403-3,35.3326169409,129.2202454,,한전주,051-709-4684,부산광역시 기장군청,2025-11-17
장안읍덕선리-69,1,,부산광역시 기장군 장안읍 덕선리 403-3,35.3326169409,129.2202596001,,전용주,051-709-4684,부산광역시 기장군청,2025-11-17
장안읍덕선리-70,1,,부산광역시 기장군 장안읍 덕선리 403-2,35.3323900879,129.2210586984,,한전주,051-709-4684,부산광역시 기장군청,2025-11-17
장안읍덕선리-71,1,,부산광역시 기장군 장안읍 덕선리 415-1,35.3333808209,129.2211787142,,한전주,051-709-4684,부산광역시 기장군청,2025-11-17
장안읍덕선리-72,1,,부산광역시 기장군 장안읍 덕선리 403-1,35.3315382506,129.2225092121,,한전주,051-709-4684,부산광역시 기장군청,2025-11-17
장안읍덕선리-73,1,,부산광역시 기장군 장안읍 덕선리 872,35.3380096423,129.2183367108,,한전주,051-709-4684,부산광역시 기장군청,2025-11-17
장안읍덕선리-74,1,,부산광역시 기장군 장안읍 덕선리 905,35.339533041,129.2173908648,,한전주,051-709-4684,부산광역시 기장군청,2025-11-17
장안읍덕선리-75,1,,부산광역시 기장군 장안읍 덕선리 505-7,35.339439004,129.2170999416,,한전주,051-709-4684,부산광역시 기장군청,2025-11-17
장안읍덕선리-76,1,,부산광역시 기장군 장안읍 덕선리 505-7,35.339439004,129.2170999416,,한전주,051-709-4684,부산광역시 기장군청,2025-11-17
장안읍덕선리-77,1,,부산광역시 기장군 장안읍 덕선리 503,35.33988571,129.2163849,,한전주,051-709-4684,부산광역시 기장군청,2025-11-17
장안읍덕선리-78,1,,부산광역시 기장군 장안읍 덕선리 905,35.33957291,129.2173908648,,한전주,051-709-4684,부산광역시 기장군청,2025-11-17
장안읍덕선리-79,1,,부산광역시 기장군 장안읍 덕선리 851,35.3420372,129.2142056734,,한전주,051-709-4684,부산광역시 기장군청,2025-11-17
장안읍덕선리-80,1,,부산광역시 기장군 장안읍 덕선리 산 77,35.3431706424,129.2135083836,,한전주,051-709-4684,부산광역시 기장군청,2025-11-17
장안읍덕선리-81,1,,부산광역시 기장군 장안읍 덕선리 산 83,35.3428141587,129.2121668712,,한전주,051-709-4684,부산광역시 기장군청,2025-11-17
장안읍덕선리-82,1,,부산광역시 기장군 장안읍 덕선리 869,35.34308243,129.2108017222,,한전주,051-709-4684,부산광역시 기장군청,2025-11-17
장안읍덕선리-84,1,,부산광역시 기장군 장안읍 덕선리 산 292-2,35.32549286,129.231308,,한전주,051-709-4684,부산광역시 기장군청,2025-11-17
장안읍덕선리-85,1,,부산광역시 기장군 장안읍 덕선리 507,35.3400364646,129.2168843379,2018,한전주,051-709-4684,부산광역시 기장군청,2025-11-17
장안읍덕선리-87,1,,부산광역시 기장군 장안읍 덕선리 404,35.3325804325,129.2215287196,2018,한전주,051-709-4684,부산광역시 기장군청,2025-11-17
장안읍덕선리-88,1,,부산광역시 기장군 장안읍 덕선리 산214-4,35.326233949,129.2311176694,2018,한전주,051-709-4684,부산광역시 기장군청,2025-11-17
장안읍덕선리-89,1,,부산광역시 기장군 장안읍 덕선리 산290,35.3278666236,129.2310980194,2018,한전주,051-709-4684,부산광역시 기장군청,2025-11-17
장안읍덕선리-90,1,,부산광역시 기장군 장안읍 덕선리 산290,35.3278666236,129.2310980194,2018,한전주,051-709-4684,부산광역시 기장군청,2025-11-17
장안읍덕선리-91,1,,부산광역시 기장군 장안읍 덕선리 산290,35.3278666236,129.2310980194,2018,한전주,051-709-4684,부산광역시 기장군청,2025-11-17
장안읍덕선리-92,1,,부산광역시 기장군 장안읍 덕선리 산213-3,35.3285072764,129.2289399949,2018,한전주,051-709-4684,부산광역시 기장군청,2025-11-17
장안읍덕선리-93,1,,부산광역시 기장군 장안읍 덕선리 산212-2,35.3285902452,129.2285740766,2018,한전주,051-709-4684,부산광역시 기장군청,2025-11-17
장안읍덕선리-94,1,,부산광역시 기장군 장안읍 덕선리 산 211-13,35.32847014,129.2267907,2018,한전주,051-709-4684,부산광역시 기장군청,2025-11-17
장안읍덕선리-95,1,,부산광역시 기장군 장안읍 덕선리 산211-8,35.3286464458,129.2256432743,2018,한전주,051-709-4684,부산광역시 기장군청,2025-11-17
장안읍덕선리-96,1,,부산광역시 기장군 장안읍 덕선리 334,35.3285504603,129.2238584135,2018,한전주,051-709-4684,부산광역시 기장군청,2025-11-17
장안읍덕선리-97,1,,부산광역시 기장군 장안읍 덕선리 산 209-9,35.32925096,129.2235354,2018,한전주,051-709-4684,부산광역시 기장군청,2025-11-17
장안읍덕선리-98,1,,부산광역시 기장군 장안읍 덕선리 산 209-9,35.32971727,129.2231688,2018,한전주,051-709-4684,부산광역시 기장군청,2025-11-17
장안읍덕선리-99,1,,부산광역시 기장군 장안읍 덕선리 산 209-9,35.32874445,129.223516,2018,한전주,051-709-4684,부산광역시 기장군청,2025-11-17
장안읍덕선리-100,1,,부산광역시 기장군 장안읍 덕선리 산 205-9,,,2018,한전주,051-709-4684,부산광역시 기장군청,2025-11-17
장안읍덕선리-101,1,,부산광역시 기장군 장안읍 덕선리 산 205-9,35.32975582,129.2225431,2018,한전주,051-709-4684,부산광역시 기장군청,2025-11-17
장안읍덕선리-102,1,,부산광역시 기장군 장안읍 덕선리 산 202-1,35.3308983808,129.2205882653,2018,한전주,051-709-4684,부산광역시 기장군청,2025-11-17
장안읍덕선리-103,1,,부산광역시 기장군 장안읍 덕선리 323,35.3288338682,129.230363465,2018,한전주,051-709-4684,부산광역시 기장군청,2025-11-17
장안읍덕선리-104,1,,부산광역시 기장군 장안읍 덕선리 323,35.3288338682,129.230363465,2018,한전주,051-709-4684,부산광역시 기장군청,2025-11-17
장안읍덕선리-105,1,,부산광역시 기장군 장안읍 덕선리 323,35.3288338682,129.230363465,2018,한전주,051-709-4684,부산광역시 기장군청,2025-11-17
장안읍덕선리-106,1,,부산광역시 기장군 장안읍 덕선리 산219-2,35.3296210026,129.2299665708,2018,한전주,051-709-4684,부산광역시 기장군청,2025-11-17
장안읍명례리-1,1,,부산광역시 기장군 장안읍 명례리 산 128-7,35.38487625,129.2562256,,한전주,051-709-4684,부산광역시 기장군청,2025-11-17
장안읍명례리-2,1,,부산광역시 기장군 장안읍 명례리 산 128-7,35.38476181,129.256546,,한전주,051-709-4684,부산광역시 기장군청,2025-11-17
장안읍명례리-3,1,,부산광역시 기장군 장안읍 명례리 776-16,35.3842723045,129.2565689227,,한전주,051-709-4684,부산광역시 기장군청,2025-11-17
장안읍명례리-4,1,,부산광역시 기장군 장안읍 명례리 산 128-7,35.38503647,129.2572327,,한전주,051-709-4684,부산광역시 기장군청,2025-11-17
장안읍명례리-5,1,,부산광역시 기장군 장안읍 명례리 산 128-7,35.3852272,129.2576752,,한전주,051-709-4684,부산광역시 기장군청,2025-11-17
장안읍명례리-6,1,,부산광역시 기장군 장안읍 명례리 산 128-7,35.38519669,129.2587128,,한전주,051-709-4684,부산광역시 기장군청,2025-11-17
장안읍명례리-7,1,,부산광역시 기장군 장안읍 명례리 산 128-7,35.38508224,129.2593994,,한전주,051-709-4684,부산광역시 기장군청,2025-11-17
장안읍명례리-8,1,,부산광역시 기장군 장안읍 명례리 산 128-7,35.3854599,129.2602234,,한전주,051-709-4684,부산광역시 기장군청,2025-11-17
장안읍명례리-9,1,,부산광역시 기장군 장안읍 명례리 산 31,35.3844893452,129.2616372686,,한전주,051-709-4684,부산광역시 기장군청,2025-11-17
장안읍명례리-10,1,,부산광역시 기장군 장안읍 명례리 656-1,35.3851258876,129.2623979197,,한전주,051-709-4684,부산광역시 기장군청,2025-11-17
장안읍명례리-11,1,,부산광역시 기장군 장안읍 명례리 656-1,35.3851258876,129.2623979197,,한전주,051-709-4684,부산광역시 기장군청,2025-11-17
장안읍명례리-12,1,,부산광역시 기장군 장안읍 명례리 656-1,35.3851258876,129.2623979197,,한전주,051-709-4684,부산광역시 기장군청,2025-11-17
장안읍명례리-13,1,,부산광역시 기장군 장안읍 명례리 633-11,35.3848454127,129.2631256594,,한전주,051-709-4684,부산광역시 기장군청,2025-11-17
장안읍명례리-14,1,,부산광역시 기장군 장안읍 명례리 633-11,35.3848454127,129.2631256594,,한전주,051-709-4684,부산광역시 기장군청,2025-11-17
장안읍명례리-15,1,,부산광역시 기장군 장안읍 명례리 633-4,35.3845803349,129.2629408265,,한전주,051-709-4684,부산광역시 기장군청,2025-11-17
장안읍명례리-16,1,,부산광역시 기장군 장안읍 명례리 631,35.38445663,129.2638053255,,한전주,051-709-4684,부산광역시 기장군청,2025-11-17
장안읍명례리-17,1,,부산광역시 기장군 장안읍 명례리 844-47,35.3814237585,129.2615553764,,한전주,051-709-4684,부산광역시 기장군청,2025-11-17
장안읍명례리-18,1,,부산광역시 기장군 장안읍 명례리 633-6,35.38458768,129.2625570692,,전용주,051-709-4684,부산광역시 기장군청,2025-11-17
장안읍명례리-19,1,,부산광역시 기장군 장안읍 명례리 672-1,35.3839050582,129.262619,,한전주,051-709-4684,부산광역시 기장군청,2025-11-17
장안읍명례리-20,1,,부산광역시 기장군 장안읍 명례리 633-8,35.38362885,129.2625732,,한전주,051-709-4684,부산광역시 기장군청,2025-11-17
장안읍명례리-21,1,,부산광역시 기장군 장안읍 명례리 673-1,35.383504994,129.2626222221,,한전주,051-709-4684,부산광역시 기장군청,2025-11-17
장안읍명례리-22,1,,부산광역시 기장군 장안읍 명례리 678-4,35.3833608392,129.2624063426,,한전주,051-709-4684,부산광역시 기장군청,2025-11-17
장안읍명례리-23,1,,부산광역시 기장군 장안읍 명례리 676-3,35.3829022296,129.2618256,,한전주,051-709-4684,부산광역시 기장군청,2025-11-17
장안읍명례리-24,1,,부산광역시 기장군 장안읍 명례리 844-40,35.3824365048,129.2614049352,,한전주,051-709-4684,부산광역시 기장군청,2025-11-17
장안읍명례리-25,1,,부산광역시 기장군 장안읍 명례리 844-43,35.3819248973,129.2610440204,,한전주,051-709-4684,부산광역시 기장군청,2025-11-17
장안읍명례리-26,1,,부산광역시 기장군 장안읍 명례리 568-20,35.3811240272,129.2606013886,,전용주,051-709-4684,부산광역시 기장군청,2025-11-17
장안읍명례리-27,1,,부산광역시 기장군 장안읍 명례리 568-20,35.3811240272,129.2606013886,,한전주,051-709-4684,부산광역시 기장군청,2025-11-17
장안읍명례리-28,1,,부산광역시 기장군 장안읍 명례리 844-45,35.38149261,129.2609863,,한전주,051-709-4684,부산광역시 기장군청,2025-11-17
장안읍명례리-29,1,,부산광역시 기장군 장안읍 명례리 844-46,35.3813475935,129.2610690513,,한전주,051-709-4684,부산광역시 기장군청,2025-11-17
장안읍명례리-30,1,,부산광역시 기장군 장안읍 명례리 571-2,35.3804228345,129.261126651,,한전주,051-709-4684,부산광역시 기장군청,2025-11-17
장안읍명례리-31,1,,부산광역시 기장군 장안읍 명례리 569-6,35.3805397055,129.2610321982,,한전주,051-709-4684,부산광역시 기장군청,2025-11-17
장안읍명례리-32,1,,부산광역시 기장군 장안읍 명례리 569-6,35.3805397055,129.2610016,,한전주,051-709-4684,부산광역시 기장군청,2025-11-17
장안읍명례리-33,1,,부산광역시 기장군 장안읍 명례리 571-3,35.3801179388,129.2610922255,,한전주,051-709-4684,부산광역시 기장군청,2025-11-17
장안읍명례리-34,1,,부산광역시 기장군 장안읍 명례리 571-6,35.3799652835,129.2607574,,한전주,051-709-4684,부산광역시 기장군청,2025-11-17
장안읍명례리-35,1,,부산광역시 기장군 장안읍 명례리 567-4,35.3797908546,129.2606659,,한전주,051-709-4684,부산광역시 기장군청,2025-11-17
장안읍명례리-36,1,,부산광역시 기장군 장안읍 명례리 574-16,35.3792684174,129.2605896,,한전주,051-709-4684,부산광역시 기장군청,2025-11-17
장안읍명례리-37,1,,부산광역시 기장군 장안읍 명례리 574-16,35.3792684174,129.2605896,,한전주,051-709-4684,부산광역시 기장군청,2025-11-17
장안읍명례리-38,1,,부산광역시 기장군 장안읍 명례리 574-17,35.3786085088,129.2606354,,한전주,051-709-4684,부산광역시 기장군청,2025-11-17
장안읍명례리-39,1,,부산광역시 기장군 장안읍 명례리 574-17,35.37860489,129.2606733323,,한전주,051-709-4684,부산광역시 기장군청,2025-11-17
장안읍명례리-40,1,,부산광역시 기장군 장안읍 명례리 79-2,35.37829971,129.2608948,,한전주,051-709-4684,부산광역시 기장군청,2025-11-17
장안읍명례리-41,1,,부산광역시 기장군 장안읍 명례리 844-48,35.3780910413,129.2610931,,한전주,051-709-4684,부산광역시 기장군청,2025-11-17
장안읍명례리-42,1,,부산광역시 기장군 장안읍 명례리 844-48,35.3780910413,129.2610098257,,한전주,051-709-4684,부산광역시 기장군청,2025-11-17
장안읍명례리-43,1,,부산광역시 기장군 장안읍 명례리 69-2,35.37717819,129.2608948,,한전주,051-709-4684,부산광역시 기장군청,2025-11-17
장안읍명례리-44,1,,부산광역시 기장군 장안읍 명례리 84-5,35.3771843728,129.2600295268,,한전주,051-709-4684,부산광역시 기장군청,2025-11-17
장안읍명례리-45,1,,부산광역시 기장군 장안읍 명례리 66-9,35.3769521695,129.2614899,,한전주,051-709-4684,부산광역시 기장군청,2025-11-17
장안읍명례리-49,1,,부산광역시 기장군 장안읍 명례리 산 6-5,35.3767760281,129.262544045,,한전주,051-709-4684,부산광역시 기장군청,2025-11-17
장안읍명례리-50,1,,부산광역시 기장군 장안읍 명례리 843,35.3801044074,129.2646066032,,한전주,051-709-4684,부산광역시 기장군청,2025-11-17
장안읍명례리-51,1,,부산광역시 기장군 장안읍 명례리 41-6,35.3776713138,129.2634247316,,한전주,051-709-4684,부산광역시 기장군청,2025-11-17
장안읍명례리-52,1,,부산광역시 기장군 장안읍 명례리 843,35.3801044074,129.2646066032,,한전주,051-709-4684,부산광역시 기장군청,2025-11-17
장안읍명례리-53,1,,부산광역시 기장군 장안읍 명례리 843,35.3801044074,129.2646179,,한전주,051-709-4684,부산광역시 기장군청,2025-11-17
장안읍명례리-54,1,,부산광역시 기장군 장안읍 명례리 산 9-13,35.3797033863,129.264864015,,한전주,051-709-4684,부산광역시 기장군청,2025-11-17
장안읍명례리-55,1,,부산광역시 기장군 장안읍 명례리 산 9-12,35.3788787129,129.2650101469,,한전주,051-709-4684,부산광역시 기장군청,2025-11-17
장안읍명례리-56,1,,부산광역시 기장군 장안읍 명례리 산 26,35.38463974,129.265976,,한전주,051-709-4684,부산광역시 기장군청,2025-11-17
장안읍명례리-57,1,,부산광역시 기장군 장안읍 명례리 62-2,35.37610245,129.2617493,,한전주,051-709-4684,부산광역시 기장군청,2025-11-17
장안읍명례리-58,1,,부산광역시 기장군 장안읍 명례리 776-13,35.3843946287,129.2562103,,한전주,051-709-4684,부산광역시 기장군청,2025-11-17
장안읍명례리-59,1,,부산광역시 기장군 장안읍 명례리 776-13,35.3843946287,129.256216,,한전주,051-709-4684,부산광역시 기장군청,2025-11-17
장안읍명례리-60,1,,부산광역시 기장군 장안읍 명례리 산 43-14,35.3831699369,129.2562175043,,한전주,051-709-4684,부산광역시 기장군청,2025-11-17
장안읍명례리-61,1,,부산광역시 기장군 장안읍 명례리 847,35.3829677326,129.2587738,,한전주,051-709-4684,부산광역시 기장군청,2025-11-17
장안읍명례리-62,1,,부산광역시 기장군 장안읍 명례리 747-1,35.3830070094,129.258986622,,한전주,051-709-4684,부산광역시 기장군청,2025-11-17
장안읍명례리-63,1,,부산광역시 기장군 장안읍 명례리 847,35.3829677326,129.258773543,,한전주,051-709-4684,부산광역시 기장군청,2025-11-17
장안읍명례리-64,1,,부산광역시 기장군 장안읍 명례리 767,35.38352203,129.2588348,,전용주,051-709-4684,부산광역시 기장군청,2025-11-17
장안읍명례리-65,1,,부산광역시 기장군 장안읍 명례리 770-1,35.38356018,129.2581706839,,한전주,051-709-4684,부산광역시 기장군청,2025-11-17
장안읍명례리-66,1,,부산광역시 기장군 장안읍 명례리 770-1,35.3835201709,129.2581706839,,한전주,051-709-4684,부산광역시 기장군청,2025-11-17
장안읍명례리-67,1,,부산광역시 기장군 장안읍 명례리 산 43-1,35.3834485697,129.2576698767,,한전주,051-709-4684,부산광역시 기장군청,2025-11-17
장안읍명례리-68,1,,부산광역시 기장군 장안읍 명례리 847,35.3829677326,129.258773543,,한전주,051-709-4684,부산광역시 기장군청,2025-11-17
장안읍명례리-69,1,,부산광역시 기장군 장안읍 명례리 847,35.3829677326,129.258773543,,한전주,051-709-4684,부산광역시 기장군청,2025-11-17
장안읍명례리-70,1,,부산광역시 기장군 장안읍 명례리 717-1,35.383433021,129.2598572,,한전주,051-709-4684,부산광역시 기장군청,2025-11-17
장안읍명례리-71표찰없음,1,,부산광역시 기장군 장안읍 명례리 703-2,35.38398361,129.2602844,,한전주,051-709-4684,부산광역시 기장군청,2025-11-17
장안읍명례리-72,1,,부산광역시 기장군 장안읍 명례리 산 34-5,35.3842985021,129.2611033511,,한전주,051-709-4684,부산광역시 기장군청,2025-11-17
장안읍명례리-73,1,,부산광역시 기장군 장안읍 명례리 산 31-4,35.38469315,129.2619019,,전용주,051-709-4684,부산광역시 기장군청,2025-11-17
장안읍명례리-74,1,,부산광역시 기장군 장안읍 명례리 산 33,35.3836054564,129.2617852475,,전용주,051-709-4684,부산광역시 기장군청,2025-11-17
장안읍명례리-75,1,,부산광역시 기장군 장안읍 명례리 산 33,35.3836054564,129.2617852475,,한전주,051-709-4684,부산광역시 기장군청,2025-11-17
장안읍명례리-76,1,,부산광역시 기장군 장안읍 명례리 693-2,35.3835002729,129.2602234,,전용주,051-709-4684,부산광역시 기장군청,2025-11-17
장안읍명례리-77,1,,부산광역시 기장군 장안읍 명례리 728,35.3827535797,129.2598267,,한전주,051-709-4684,부산광역시 기장군청,2025-11-17
장안읍명례리-78,1,,부산광역시 기장군 장안읍 명례리 844-9,35.3752521313,129.2607354911,,한전주,051-709-4684,부산광역시 기장군청,2025-11-17
장안읍명례리-79,1,,부산광역시 기장군 장안읍 명례리 120-1,35.3750680283,129.2607286111,,한전주,051-709-4684,부산광역시 기장군청,2025-11-17
장안읍명례리-80,1,,부산광역시 기장군 장안읍 명례리 143-1,35.374836592,129.2609323697,,한전주,051-709-4684,부산광역시 기장군청,2025-11-17
장안읍명례리-81,1,,부산광역시 기장군 장안읍 명례리 108-1,35.37549591,129.2604542328,,한전주,051-709-4684,부산광역시 기장군청,2025-11-17
장안읍명례리-82,1,,부산광역시 기장군 장안읍 명례리 855,35.3755749327,129.2601931797,,전용주,051-709-4684,부산광역시 기장군청,2025-11-17
장안읍명례리-83,1,,부산광역시 기장군 장안읍 명례리 341-1,35.3756614019,129.2592450698,,한전주,051-709-4684,부산광역시 기장군청,2025-11-17
장안읍명례리-84,1,,부산광역시 기장군 장안읍 명례리 404-3,35.37718201,129.2524514835,,한전주,051-709-4684,부산광역시 기장군청,2025-11-17
장안읍명례리-85,1,,부산광역시 기장군 장안읍 명례리 874,35.3773550557,129.2519399629,,한전주,051-709-4684,부산광역시 기장군청,2025-11-17
장안읍명례리-87,1,,부산광역시 기장군 장안읍 명례리 844-10,35.3779054394,129.2500687961,,한전주,051-709-4684,부산광역시 기장군청,2025-11-17
장안읍명례리-88,1,,부산광역시 기장군 장안읍 명례리 871,35.3777704405,129.2503660439,,한전주,051-709-4684,부산광역시 기장군청,2025-11-17
장안읍명례리-89,1,,부산광역시 기장군 장안읍 명례리 871,35.37774658,129.2503660439,,한전주,051-709-4684,부산광역시 기장군청,2025-11-17
장안읍명례리-90,1,,부산광역시 기장군 장안읍 명례리 476-1,35.3782362473,129.250361583,,전용주,051-709-4684,부산광역시 기장군청,2025-11-17
장안읍명례리-91,1,,부산광역시 기장군 장안읍 명례리 472-1,35.37823486,129.2499231881,,한전주,051-709-4684,부산광역시 기장군청,2025-11-17
장안읍명례리-92,1,,부산광역시 기장군 장안읍 명례리 517,35.37853622,129.2500153,,한전주,051-709-4684,부산광역시 기장군청,2025-11-17
장안읍명례리-93,1,,부산광역시 기장군 장안읍 명례리 518-1,35.3790131884,129.2495665726,,한전주,051-709-4684,부산광역시 기장군청,2025-11-17
장안읍명례리-94,1,,부산광역시 기장군 장안읍 명례리 844-10,35.3779054394,129.2500687961,,한전주,051-709-4684,부산광역시 기장군청,2025-11-17
장안읍명례리-95,1,,부산광역시 기장군 장안읍 명례리 872,35.3766666712,129.2505493,,한전주,051-709-4684,부산광역시 기장군청,2025-11-17
장안읍명례리-96,1,,부산광역시 기장군 장안읍 명례리 816-1,35.3809518026,129.2464918554,,한전주,051-709-4684,부산광역시 기장군청,2025-11-17
장안읍명례리-97,1,,부산광역시 기장군 장안읍 명례리 851-2,35.3734688847,129.2618713,,한전주,051-709-4684,부산광역시 기장군청,2025-11-17
장안읍명례리-98,1,,부산광역시 기장군 장안읍 명례리 175-2,35.3719101,129.2615915331,,한전주,051-709-4684,부산광역시 기장군청,2025-11-17
장안읍명례리-99,1,,부산광역시 기장군 장안읍 명례리 116-1,35.37583542,129.2612762,,한전주,051-709-4684,부산광역시 기장군청,2025-11-17
장안읍명례리-100,1,,부산광역시 기장군 장안읍 명례리 68-4,35.3762891299,129.260849,,한전주,051-709-4684,부산광역시 기장군청,2025-11-17
장안읍명례리-101,1,,부산광역시 기장군 장안읍 명례리 85-5,35.3766708197,129.2603950123,,전용주,051-709-4684,부산광역시 기장군청,2025-11-17
장안읍명례리-102,1,,부산광역시 기장군 장안읍 명례리 478,35.3778709841,129.2503523936,,건축물,051-709-4684,부산광역시 기장군청,2025-11-17
장안읍명례리-103,1,,부산광역시 기장군 장안읍 명례리 815-3,35.381434352,129.2467357402,,한전주,051-709-4684,부산광역시 기장군청,2025-11-17
장안읍명례리-104,1,,부산광역시 기장군 장안읍 명례리 815-8,35.3813418057,129.2469788,,한전주,051-709-4684,부산광역시 기장군청,2025-11-17
장안읍명례리-105,1,,부산광역시 기장군 장안읍 명례리 816-1,35.3809518026,129.2464918554,,한전주,051-709-4684,부산광역시 기장군청,2025-11-17
장안읍명례리-106,1,,부산광역시 기장군 장안읍 명례리 산 89,35.3803022629,129.2456014526,,한전주,051-709-4684,부산광역시 기장군청,2025-11-17
장안읍명례리-107,1,,부산광역시 기장군 장안읍 명례리 산 89,35.3803022629,129.245636,,한전주,051-709-4684,부산광역시 기장군청,2025-11-17
장안읍명례리-108,1,,부산광역시 기장군 장안읍 명례리 산 89,35.3803022629,129.2456014526,,한전주,051-709-4684,부산광역시 기장군청,2025-11-17
장안읍명례리-109,1,,부산광역시 기장군 장안읍 명례리 산 89,35.3803022629,129.2456014526,,한전주,051-709-4684,부산광역시 기장군청,2025-11-17
장안읍명례리-110,1,,부산광역시 기장군 장안읍 장안리 산 41-9,35.3785269849,129.24573272,,한전주,051-709-4684,부산광역시 기장군청,2025-11-17
장안읍명례리-111,1,,부산광역시 기장군 장안읍 장안리 산 41-9,35.3785269849,129.2457428,,한전주,051-709-4684,부산광역시 기장군청,2025-11-17
장안읍명례리-112,1,,부산광역시 기장군 장안읍 장안리 산 31-2,35.376727487,129.2475306117,,한전주,051-709-4684,부산광역시 기장군청,2025-11-17
장안읍명례리-113,1,,부산광역시 기장군 장안읍 장안리 556-2,35.3752372729,129.2474850532,,한전주,051-709-4684,부산광역시 기장군청,2025-11-17
장안읍명례리-114,1,,부산광역시 기장군 장안읍 명례리 117,35.3756672899,129.2610600918,2018,한전주,051-709-4684,부산광역시 기장군청,2025-11-17
장안읍반룡리-1,1,,부산광역시 기장군 장안읍 반룡리 470,35.3391944959,129.2566681,,전용주,051-709-4684,부산광역시 기장군청,2025-11-17
장안읍반룡리-2,1,,부산광역시 기장군 장안읍 반룡리 817-3,35.3393931427,129.2567521038,,한전주,051-709-4684,부산광역시 기장군청,2025-11-17
장안읍반룡리-3,1,,부산광역시 기장군 장안읍 반룡리 817-3,35.3393931427,129.2567444,,한전주,051-709-4684,부산광역시 기장군청,2025-11-17
장안읍반룡리-4,1,,부산광역시 기장군 장안읍 반룡리 495,35.3388152788,129.2561493,,한전주,051-709-4684,부산광역시 기장군청,2025-11-17
장안읍반룡리-6,1,,부산광역시 기장군 장안읍 반룡리 500-11,35.33835602,129.2559967,,한전주,051-709-4684,부산광역시 기장군청,2025-11-17
장안읍반룡리-7,1,,부산광역시 기장군 장안읍 반룡리 500-3,35.33841705,129.2555702412,,한전주,051-709-4684,부산광역시 기장군청,2025-11-17
장안읍반룡리-8,1,,부산광역시 기장군 장안읍 반룡리 501-6,35.3386224469,129.2544861,,한전주,051-709-4684,부산광역시 기장군청,2025-11-17
장안읍반룡리-9,1,,부산광역시 기장군 장안읍 반룡리 산 93-9,35.33875656,129.2539673,,한전주,051-709-4684,부산광역시 기장군청,2025-11-17
장안읍반룡리-10,1,,부산광역시 기장군 장안읍 반룡리 510,35.3377140762,129.255817439,,한전주,051-709-4684,부산광역시 기장군청,2025-11-17
장안읍반룡리-11,1,,부산광역시 기장군 장안읍 반룡리 820-2,35.3370210523,129.2555084,,한전주,051-709-4684,부산광역시 기장군청,2025-11-17
장안읍반룡리-12,1,,부산광역시 기장군 장안읍 반룡리 893,35.3393554727,129.2639093264,,한전주,051-709-4684,부산광역시 기장군청,2025-11-17
장안읍반룡리-13,1,,부산광역시 기장군 장안읍 반룡리 390,35.33914185,129.26348245,,한전주,051-709-4684,부산광역시 기장군청,2025-11-17
장안읍반룡리-14,1,,부산광역시 기장군 장안읍 반룡리 385,35.33889771,129.2631814081,,전용주,051-709-4684,부산광역시 기장군청,2025-11-17
장안읍반룡리-15,1,,부산광역시 기장군 장안읍 반룡리 893,35.3393554727,129.2639093264,,한전주,051-709-4684,부산광역시 기장군청,2025-11-17
장안읍반룡리-16,1,,부산광역시 기장군 장안읍 반룡리 893,35.3393554727,129.2639093264,,한전주,051-709-4684,부산광역시 기장군청,2025-11-17
장안읍반룡리-17,1,,부산광역시 기장군 장안읍 반룡리 893,35.3393554727,129.2639093264,,한전주,051-709-4684,부산광역시 기장군청,2025-11-17
장안읍반룡리-18,1,,부산광역시 기장군 장안읍 반룡리 170-2,35.3387413,129.2660019039,,한전주,051-709-4684,부산광역시 기장군청,2025-11-17
장안읍반룡리-19,1,,부산광역시 기장군 장안읍 반룡리 산 51-4,35.3384093991,129.266824003,,한전주,051-709-4684,부산광역시 기장군청,2025-11-17
장안읍반룡리-20,1,,부산광역시 기장군 장안읍 반룡리 산 51-4,35.33843231,129.266824003,,한전주,051-709-4684,부산광역시 기장군청,2025-11-17
장안읍반룡리-21,1,,부산광역시 기장군 장안읍 반룡리 산 51-4,35.3384093991,129.266824003,,한전주,051-709-4684,부산광역시 기장군청,2025-11-17
장안읍반룡리-22,1,,부산광역시 기장군 장안읍 반룡리 산 51-4,35.3384093991,129.266824003,,한전주,051-709-4684,부산광역시 기장군청,2025-11-17
장안읍반룡리-23,1,,부산광역시 기장군 장안읍 반룡리 산 143-4,35.3376382319,129.2677973577,,한전주,051-709-4684,부산광역시 기장군청,2025-11-17
장안읍반룡리-24,1,,부산광역시 기장군 장안읍 반룡리 산 143-4,35.3376382319,129.2677973577,,한전주,051-709-4684,부산광역시 기장군청,2025-11-17
장안읍반룡리-25,1,,부산광역시 기장군 장안읍 반룡리 산 143-4,35.3376382319,129.2677973577,,한전주,051-709-4684,부산광역시 기장군청,2025-11-17
장안읍반룡리-26,1,,부산광역시 기장군 장안읍 반룡리 산 145-4,35.33686066,129.2683716,,한전주,051-709-4684,부산광역시 기장군청,2025-11-17
장안읍반룡리-27,1,,부산광역시 기장군 장안읍 반룡리 산 145-4,35.3368861255,129.2683389862,,한전주,051-709-4684,부산광역시 기장군청,2025-11-17
장안읍반룡리-28,1,,부산광역시 기장군 장안읍 반룡리 산 145-1,35.3364346969,129.2685295072,,한전주,051-709-4684,부산광역시 기장군청,2025-11-17
장안읍반룡리-29,1,,부산광역시 기장군 장안읍 반룡리 198-19,35.3359513257,129.269038369,,한전주,051-709-4684,부산광역시 기장군청,2025-11-17
장안읍반룡리-30,1,,부산광역시 기장군 장안읍 반룡리 96-4,35.3338175797,129.2661743,,한전주,051-709-4684,부산광역시 기장군청,2025-11-17
장안읍반룡리-31,1,,부산광역시 기장군 장안읍 반룡리 산 141,35.3340349524,129.2665477627,,한전주,051-709-4684,부산광역시 기장군청,2025-11-17
장안읍반룡리-32,1,,부산광역시 기장군 장안읍 반룡리 96-2,35.333943213,129.2662659,,한전주,051-709-4684,부산광역시 기장군청,2025-11-17
장안읍반룡리-33,1,,부산광역시 기장군 장안읍 반룡리 산 138-1,35.3348333337,129.2667896416,,한전주,051-709-4684,부산광역시 기장군청,2025-11-17
장안읍반룡리-34,1,,부산광역시 기장군 장안읍 반룡리 산 138-1,35.3348333337,129.2667896416,,한전주,051-709-4684,부산광역시 기장군청,2025-11-17
장안읍반룡리-35,1,,부산광역시 기장군 장안읍 반룡리 산 138-11,35.3348988338,129.2650981751,,한전주,051-709-4684,부산광역시 기장군청,2025-11-17
장안읍반룡리-36,1,,부산광역시 기장군 장안읍 반룡리 123-6,35.3346874782,129.2653372232,,한전주,051-709-4684,부산광역시 기장군청,2025-11-17
장안읍반룡리-37,1,,부산광역시 기장군 장안읍 반룡리 118,35.33443069,129.265564,,한전주,051-709-4684,부산광역시 기장군청,2025-11-17
장안읍반룡리-38,1,,부산광역시 기장군 장안읍 반룡리 800-8,35.33415985,129.2656097,,한전주,051-709-4684,부산광역시 기장군청,2025-11-17
장안읍반룡리-41,1,,부산광역시 기장군 장안읍 반룡리 산 140,35.3334558684,129.2664354737,,한전주,051-709-4684,부산광역시 기장군청,2025-11-17
장안읍반룡리-42,1,,부산광역시 기장군 장안읍 반룡리 109-1,35.3340416,129.2650757,,한전주,051-709-4684,부산광역시 기장군청,2025-11-17
장안읍반룡리-44,1,,부산광역시 기장군 장안읍 반룡리 200-12,35.3358807206,129.2692871,,한전주,051-709-4684,부산광역시 기장군청,2025-11-17
장안읍반룡리-45,1,,부산광역시 기장군 장안읍 반룡리 200-12,35.3358807206,129.2692091527,,한전주,051-709-4684,부산광역시 기장군청,2025-11-17
장안읍반룡리-46,1,,부산광역시 기장군 장안읍 반룡리 200-12,35.3358807206,129.2692091527,,한전주,051-709-4684,부산광역시 기장군청,2025-11-17
장안읍반룡리-47,1,,부산광역시 기장군 장안읍 반룡리 200-12,35.3358807206,129.2692091527,,한전주,051-709-4684,부산광역시 기장군청,2025-11-17
장안읍반룡리-48,1,,부산광역시 기장군 장안읍 반룡리 40-4,35.33592224,129.2703094,,한전주,051-709-4684,부산광역시 기장군청,2025-11-17
장안읍반룡리-49,1,,부산광역시 기장군 장안읍 반룡리 40-2,35.33613586,129.2705841,,한전주,051-709-4684,부산광역시 기장군청,2025-11-17
장안읍반룡리-50,1,,부산광역시 기장군 장안읍 반룡리 39-2,35.3365692446,129.2710963829,,한전주,051-709-4684,부산광역시 기장군청,2025-11-17
장안읍반룡리-51,1,,부산광역시 기장군 장안읍 반룡리 39-2,35.33653259,129.2710724,,한전주,051-709-4684,부산광역시 기장군청,2025-11-17
장안읍반룡리-52,1,,부산광역시 기장군 장안읍 반룡리 39-2,35.3365692446,129.2710963829,,한전주,051-709-4684,부산광역시 기장군청,2025-11-17
장안읍반룡리-53,1,,부산광역시 기장군 장안읍 반룡리 787,35.3372398444,129.2713501806,,한전주,051-709-4684,부산광역시 기장군청,2025-11-17
장안읍반룡리-54,1,,부산광역시 기장군 장안읍 반룡리 786-17,35.3378538668,129.2715149,,한전주,051-709-4684,부산광역시 기장군청,2025-11-17
장안읍반룡리-55,1,,부산광역시 기장군 장안읍 반룡리 786-17,35.3378538668,129.2715302,,한전주,051-709-4684,부산광역시 기장군청,2025-11-17
장안읍반룡리-56,1,,부산광역시 기장군 장안읍 반룡리 786-17,35.3378538668,129.2715454,,한전주,051-709-4684,부산광역시 기장군청,2025-11-17
장안읍반룡리-57,1,,부산광역시 기장군 장안읍 반룡리 786-17,35.3378538668,129.2715414897,,한전주,051-709-4684,부산광역시 기장군청,2025-11-17
장안읍반룡리-58,1,,부산광역시 기장군 장안읍 반룡리 29-6,35.3386056819,129.2719855594,,한전주,051-709-4684,부산광역시 기장군청,2025-11-17
장안읍반룡리-59,1,,부산광역시 기장군 장안읍 반룡리 29-3,35.33863068,129.2719574,,한전주,051-709-4684,부산광역시 기장군청,2025-11-17
장안읍반룡리-60,1,,부산광역시 기장군 장안읍 반룡리 23-3,35.33876419,129.2723030409,,한전주,051-709-4684,부산광역시 기장군청,2025-11-17
장안읍반룡리-61,1,,부산광역시 기장군 장안읍 반룡리 22-6,35.3388176,129.2724514792,,한전주,051-709-4684,부산광역시 기장군청,2025-11-17
장안읍반룡리-62,1,,부산광역시 기장군 장안읍 반룡리 226-1,35.3426108431,129.269273161,,한전주,051-709-4684,부산광역시 기장군청,2025-11-17
장안읍반룡리-63,1,,부산광역시 기장군 장안읍 반룡리 226,35.3426108431,129.269273161,,한전주,051-709-4684,부산광역시 기장군청,2025-11-17
장안읍반룡리-64,1,,부산광역시 기장군 장안읍 반룡리 226,35.34263992,129.269273161,,한전주,051-709-4684,부산광역시 기장군청,2025-11-17
장안읍반룡리-65,1,,부산광역시 기장군 장안읍 반룡리 223-2,35.3439884584,129.2678960495,,한전주,051-709-4684,부산광역시 기장군청,2025-11-17
장안읍반룡리-66,1,,부산광역시 기장군 장안읍 반룡리 223-2,35.3439884584,129.2678960495,,한전주,051-709-4684,부산광역시 기장군청,2025-11-17
장안읍반룡리-67,1,,부산광역시 기장군 장안읍 반룡리 223-2,35.3439884584,129.2678960495,,한전주,051-709-4684,부산광역시 기장군청,2025-11-17
장안읍반룡리-68,1,,부산광역시 기장군 장안읍 반룡리 250-15,35.34720612,129.2646704618,,한전주,051-709-4684,부산광역시 기장군청,2025-11-17
장안읍반룡리-69,1,,부산광역시 기장군 장안읍 반룡리 327,35.3467153411,129.2638383508,,한전주,051-709-4684,부산광역시 기장군청,2025-11-17
장안읍반룡리-70,1,,부산광역시 기장군 장안읍 반룡리 327,35.3467153411,129.2638383508,,한전주,051-709-4684,부산광역시 기장군청,2025-11-17
장안읍반룡리-71,1,,부산광역시 기장군 장안읍 반룡리 324-19,35.34793472,129.2630227578,,한전주,051-709-4684,부산광역시 기장군청,2025-11-17
장안읍반룡리-72,1,,부산광역시 기장군 장안읍 반룡리 324-11,35.3478063616,129.2636882465,,한전주,051-709-4684,부산광역시 기장군청,2025-11-17
장안읍반룡리-73,1,,부산광역시 기장군 장안읍 반룡리 324-10,35.34798813,129.2638018207,,한전주,051-709-4684,부산광역시 기장군청,2025-11-17
장안읍반룡리-74,1,,부산광역시 기장군 장안읍 반룡리 324-22,35.348087443,129.2635712622,,한전주,051-709-4684,부산광역시 기장군청,2025-11-17
장안읍반룡리-75,1,,부산광역시 기장군 장안읍 반룡리 324-1,35.3479240236,129.2628279818,,한전주,051-709-4684,부산광역시 기장군청,2025-11-17
장안읍반룡리-76,1,,부산광역시 기장군 장안읍 반룡리 310,35.3485347758,129.2642237399,,한전주,051-709-4684,부산광역시 기장군청,2025-11-17
장안읍반룡리-77,1,,부산광역시 기장군 장안읍 반룡리 801,35.3489664015,129.264069534,,한전주,051-709-4684,부산광역시 기장군청,2025-11-17
장안읍반룡리-78,1,,부산광역시 기장군 장안읍 반룡리 312,35.34806824,129.2646013701,,한전주,051-709-4684,부산광역시 기장군청,2025-11-17
장안읍반룡리-79,1,,부산광역시 기장군 장안읍 반룡리 311,35.3483351544,129.2642156369,,한전주,051-709-4684,부산광역시 기장군청,2025-11-17
장안읍반룡리-80,1,,부산광역시 기장군 장안읍 반룡리 250-7,35.3483801267,129.2647767613,,한전주,051-709-4684,부산광역시 기장군청,2025-11-17
장안읍반룡리-81,1,,부산광역시 기장군 장안읍 반룡리 산 38,35.3488963317,129.2658124577,,한전주,051-709-4684,부산광역시 기장군청,2025-11-17
장안읍반룡리-82,1,,부산광역시 기장군 장안읍 반룡리 산 38,35.3488963317,129.2658124577,,한전주,051-709-4684,부산광역시 기장군청,2025-11-17
장안읍반룡리-83,1,,부산광역시 기장군 장안읍 반룡리 산 38,35.3488963317,129.2658124577,,한전주,051-709-4684,부산광역시 기장군청,2025-11-17
장안읍반룡리-84,1,,부산광역시 기장군 장안읍 반룡리 250-19,35.3484617069,129.2652897319,,한전주,051-709-4684,부산광역시 기장군청,2025-11-17
장안읍반룡리-85,1,,부산광역시 기장군 장안읍 반룡리 250-38,35.34768295,129.2648624931,,한전주,051-709-4684,부산광역시 기장군청,2025-11-17
장안읍반룡리-86,1,,부산광역시 기장군 장안읍 반룡리 250-1,35.34832001,129.2651130458,,한전주,051-709-4684,부산광역시 기장군청,2025-11-17
장안읍반룡리-87,1,,부산광역시 기장군 장안읍 반룡리 산 38,35.3488963317,129.2658124577,,한전주,051-709-4684,부산광역시 기장군청,2025-11-17
장안읍반룡리-88,1,,부산광역시 기장군 장안읍 반룡리 산 38,35.34887314,129.2658124577,,한전주,051-709-4684,부산광역시 기장군청,2025-11-17
장안읍반룡리-89,1,,부산광역시 기장군 장안읍 반룡리 250-24,35.34805298,129.2654462887,,한전주,051-709-4684,부산광역시 기장군청,2025-11-17
장안읍반룡리-90,1,,부산광역시 기장군 장안읍 반룡리 250-37,35.3478978696,129.2651701254,,한전주,051-709-4684,부산광역시 기장군청,2025-11-17
장안읍반룡리-91,1,,부산광역시 기장군 장안읍 반룡리 250-33,35.3482666,129.265529334,,한전주,051-709-4684,부산광역시 기장군청,2025-11-17
장안읍반룡리-92,1,,부산광역시 기장군 장안읍 반룡리 250-20,35.3485171367,129.2655801763,,한전주,051-709-4684,부산광역시 기장군청,2025-11-17
장안읍반룡리-93,1,,부산광역시 기장군 장안읍 반룡리 322-1,35.34775543,129.2640805778,,한전주,051-709-4684,부산광역시 기장군청,2025-11-17
장안읍반룡리-94,1,,부산광역시 기장군 장안읍 반룡리 401-4,35.3397339459,129.2627674793,,한전주,051-709-4684,부산광역시 기장군청,2025-11-17
장안읍반룡리-95,1,,부산광역시 기장군 장안읍 반룡리 377,35.34008789,129.2636719,,건축물,051-709-4684,부산광역시 기장군청,2025-11-17
장안읍반룡리-96,1,,부산광역시 기장군 장안읍 반룡리 산 59-3,35.3406098235,129.2640303396,,한전주,051-709-4684,부산광역시 기장군청,2025-11-17
장안읍반룡리-97,1,,부산광역시 기장군 장안읍 반룡리 369-2,35.340583251,129.2631159479,,전용주,051-709-4684,부산광역시 기장군청,2025-11-17
장안읍반룡리-98,1,,부산광역시 기장군 장안읍 반룡리 810,35.34041977,129.2619558188,,전용주,051-709-4684,부산광역시 기장군청,2025-11-17
장안읍반룡리-99,1,,부산광역시 기장군 장안읍 반룡리 산 85-6,35.34106064,129.2597961,,한전주,051-709-4684,부산광역시 기장군청,2025-11-17
장안읍반룡리-100,1,,부산광역시 기장군 장안읍 반룡리 806,35.3428614332,129.2607182031,,전용주,051-709-4684,부산광역시 기장군청,2025-11-17
장안읍반룡리-101,1,,부산광역시 기장군 장안읍 반룡리 산 74-1,35.3484764236,129.2636132783,,한전주,051-709-4684,부산광역시 기장군청,2025-11-17
장안읍반룡리-102,1,,부산광역시 기장군 장안읍 반룡리 842,35.3291875208,129.2671300904,,한전주,051-709-4684,부산광역시 기장군청,2025-11-17
장안읍오리-1,1,,부산광역시 기장군 장안읍 오리 산 110-4,35.3533594506,129.2653970464,,건축물,051-709-4684,부산광역시 기장군청,2025-11-17
장안읍오리-2,1,,부산광역시 기장군 장안읍 오리 561-2,35.35589981,129.2639797246,,한전주,051-709-4684,부산광역시 기장군청,2025-11-17
장안읍오리-3,1,,부산광역시 기장군 장안읍 오리 666-1,35.35638809,129.2653198,,한전주,051-709-4684,부산광역시 기장군청,2025-11-17
장안읍오리-4,1,,부산광역시 기장군 장안읍 오리 1079,35.3552411032,129.2684075989,,한전주,051-709-4684,부산광역시 기장군청,2025-11-17
장안읍오리-5,1,,부산광역시 기장군 장안읍 오리 554,35.35704041,129.2655356599,,전용주,051-709-4684,부산광역시 기장군청,2025-11-17
장안읍오리-6,1,,부산광역시 기장군 장안읍 오리 1079,35.3552411032,129.2684075989,,한전주,051-709-4684,부산광역시 기장군청,2025-11-17
장안읍오리-7,1,,부산광역시 기장군 장안읍 오리 551,35.3569595955,129.2658486298,,한전주,051-709-4684,부산광역시 기장군청,2025-11-17
장안읍오리-8,1,,부산광역시 기장군 장안읍 오리 1079,35.3552411032,129.2684075989,,한전주,051-709-4684,부산광역시 기장군청,2025-11-17
장안읍오리-9,1,,부산광역시 기장군 장안읍 오리 690,35.356605297,129.2674781147,,한전주,051-709-4684,부산광역시 기장군청,2025-11-17
장안읍오리-10,1,,부산광역시 기장군 장안읍 오리 676-1,35.3564751657,129.2658235064,,한전주,051-709-4684,부산광역시 기장군청,2025-11-17
장안읍오리-11,1,,부산광역시 기장군 장안읍 오리 659-1,35.3557176862,129.2667078854,,한전주,051-709-4684,부산광역시 기장군청,2025-11-17
장안읍오리-12,1,,부산광역시 기장군 장안읍 오리 659-1,35.3557176862,129.2667078854,,한전주,051-709-4684,부산광역시 기장군청,2025-11-17
장안읍오리-13,1,,부산광역시 기장군 장안읍 오리 637-2,35.35592651,129.2678304339,,한전주,051-709-4684,부산광역시 기장군청,2025-11-17
장안읍오리-14,1,,부산광역시 기장군 장안읍 오리 1079,35.3552411032,129.2684075989,,한전주,051-709-4684,부산광역시 기장군청,2025-11-17
장안읍오리-15,1,,부산광역시 기장군 장안읍 오리 1079,35.3552411032,129.2684075989,,한전주,051-709-4684,부산광역시 기장군청,2025-11-17
장안읍오리-16,1,,부산광역시 기장군 장안읍 오리 630-1,35.3558391262,129.2686678351,,한전주,051-709-4684,부산광역시 기장군청,2025-11-17
장안읍오리-17,1,,부산광역시 기장군 장안읍 오리 622,35.355690,129.2691450295,,한전주,051-709-4684,부산광역시 기장군청,2025-11-17
장안읍오리-18,1,,부산광역시 기장군 장안읍 오리 620-2,35.3553648531,129.2695805183,,한전주,051-709-4684,부산광역시 기장군청,2025-11-17
장안읍오리-19,1,,부산광역시 기장군 장안읍 오리 607,35.35506821,129.2694702,,한전주,051-709-4684,부산광역시 기장군청,2025-11-17
장안읍오리-20,1,,부산광역시 기장군 장안읍 오리 623-2,35.3552306737,129.2702179,,한전주,051-709-4684,부산광역시 기장군청,2025-11-17
장안읍오리-21,1,,부산광역시 기장군 장안읍 오리 607-2,35.35488892,129.269165,,한전주,051-709-4684,부산광역시 기장군청,2025-11-17
장안읍오리-22,1,,부산광역시 기장군 장안읍 오리 638-2,35.35533905,129.267404358,,한전주,051-709-4684,부산광역시 기장군청,2025-11-17
장안읍오리-23,1,,부산광역시 기장군 장안읍 오리 640-6,35.35507955,129.268334,,한전주,051-709-4684,부산광역시 기장군청,2025-11-17
장안읍오리-26,1,,부산광역시 기장군 장안읍 오리 594,35.3534496463,129.2673537586,,한전주,051-709-4684,부산광역시 기장군청,2025-11-17
장안읍오리-28,1,,부산광역시 기장군 장안읍 오리 601-11,35.35348511,129.2693939,,한전주,051-709-4684,부산광역시 기장군청,2025-11-17
장안읍오리-29,1,,부산광역시 기장군 장안읍 오리 601-8,35.35400009,129.2695043955,,한전주,051-709-4684,부산광역시 기장군청,2025-11-17
장안읍오리-33,1,,부산광역시 기장군 장안읍 오리 1063-1,35.3530817314,129.275766704,,한전주,051-709-4684,부산광역시 기장군청,2025-11-17
장안읍오리-34,1,,부산광역시 기장군 장안읍 오리 857,35.35321045,129.2758911315,,한전주,051-709-4684,부산광역시 기장군청,2025-11-17
장안읍오리-35,1,,부산광역시 기장군 장안읍 오리 856,35.3538608097,129.276128846,,한전주,051-709-4684,부산광역시 기장군청,2025-11-17
장안읍오리-36,1,,부산광역시 기장군 장안읍 오리 1053-13,35.3575073389,129.2761436096,,한전주,051-709-4684,부산광역시 기장군청,2025-11-17
장안읍오리-37,1,,부산광역시 기장군 장안읍 오리 847-2,35.3539657995,129.2779075105,,한전주,051-709-4684,부산광역시 기장군청,2025-11-17
장안읍오리-38,1,,부산광역시 기장군 장안읍 오리 952-1,35.3528260565,129.2766571,,한전주,051-709-4684,부산광역시 기장군청,2025-11-17
장안읍오리-39,1,,부산광역시 기장군 장안읍 오리 57-1,35.35692215,129.2639465,,한전주,051-709-4684,부산광역시 기장군청,2025-11-17
장안읍오리-40,1,,부산광역시 기장군 장안읍 오리 57-1,35.35708237,129.2642822,,한전주,051-709-4684,부산광역시 기장군청,2025-11-17
장안읍오리-44,1,,부산광역시 기장군 장안읍 오리 476-1,35.35969925,129.2649841,,한전주,051-709-4684,부산광역시 기장군청,2025-11-17
장안읍오리-47,1,,부산광역시 기장군 장안읍 오리 1076,35.3618763794,129.2677327631,,한전주,051-709-4684,부산광역시 기장군청,2025-11-17
장안읍오리-48,1,,부산광역시 기장군 장안읍 오리 461-1,35.3608458003,129.2658234,,건축물,051-709-4684,부산광역시 기장군청,2025-11-17
장안읍오리-49,1,,부산광역시 기장군 장안읍 오리 465,35.36070633,129.2655792,,한전주,051-709-4684,부산광역시 기장군청,2025-11-17
장안읍오리-51,1,,부산광역시 기장군 장안읍 오리 409-2,35.3611305187,129.2666500786,,한전주,051-709-4684,부산광역시 기장군청,2025-11-17
장안읍오리-52,1,,부산광역시 기장군 장안읍 오리 1076,35.3618763794,129.2677327631,,한전주,051-709-4684,부산광역시 기장군청,2025-11-17
장안읍오리-53,1,,부산광역시 기장군 장안읍 오리 산 174-4,35.36212921,129.2662811,,한전주,051-709-4684,부산광역시 기장군청,2025-11-17
장안읍오리-54,1,,부산광역시 기장군 장안읍 오리 430-1,35.3615194703,129.2674990969,,한전주,051-709-4684,부산광역시 기장군청,2025-11-17
장안읍오리-55,1,,부산광역시 기장군 장안읍 오리 411-1,35.36124802,129.267461176,,건축물,051-709-4684,부산광역시 기장군청,2025-11-17
장안읍오리-56,1,,부산광역시 기장군 장안읍 오리 411,35.3611927957,129.2679723135,,전용주,051-709-4684,부산광역시 기장군청,2025-11-17
장안읍오리-57,1,,부산광역시 기장군 장안읍 오리 430-1,35.3615194703,129.2674990969,,한전주,051-709-4684,부산광역시 기장군청,2025-11-17
장안읍오리-58,1,,부산광역시 기장군 장안읍 오리 1076,35.36186981,129.267746,,한전주,051-709-4684,부산광역시 기장군청,2025-11-17
장안읍오리-59,1,,부산광역시 기장군 장안읍 오리 422,35.3622313394,129.2680377829,,한전주,051-709-4684,부산광역시 기장군청,2025-11-17
장안읍오리-60,1,,부산광역시 기장군 장안읍 오리 419,35.36201859,129.2683040382,,전용주,051-709-4684,부산광역시 기장군청,2025-11-17
장안읍오리-61,1,,부산광역시 기장군 장안읍 오리 산 174-13,35.36262894,129.2681427,,한전주,051-709-4684,부산광역시 기장군청,2025-11-17
장안읍오리-62,1,,부산광역시 기장군 장안읍 오리 1079,35.3552411032,129.2684075989,,한전주,051-709-4684,부산광역시 기장군청,2025-11-17
장안읍오리-63,1,,부산광역시 기장군 장안읍 오리 844,35.35363007,129.278310676,,한전주,051-709-4684,부산광역시 기장군청,2025-11-17
장안읍오리-64,1,,부산광역시 기장군 장안읍 오리 847-2,35.3539657995,129.2779075105,,전용주,051-709-4684,부산광역시 기장군청,2025-11-17
장안읍오리-65,1,,부산광역시 기장군 장안읍 오리 847-2,35.3539657995,129.2779388,,전용주,051-709-4684,부산광역시 기장군청,2025-11-17
장안읍오리-66,1,,부산광역시 기장군 장안읍 오리 807-2,35.3543322668,129.2787016273,,한전주,051-709-4684,부산광역시 기장군청,2025-11-17
장안읍오리-67,1,,부산광역시 기장군 장안읍 오리 1064-2,35.3531398575,129.2779511445,,한전주,051-709-4684,부산광역시 기장군청,2025-11-17
장안읍오리-68,1,,부산광역시 기장군 장안읍 오리 815-3,35.35334396,129.27931445,,한전주,051-709-4684,부산광역시 기장군청,2025-11-17
장안읍오리-69,1,,부산광역시 기장군 장안읍 오리 산 73-1,35.3530253477,129.2799365155,,한전주,051-709-4684,부산광역시 기장군청,2025-11-17
장안읍오리-70,1,,부산광역시 기장군 장안읍 오리 981-2,35.3520585011,129.281723,,한전주,051-709-4684,부산광역시 기장군청,2025-11-17
장안읍오리-71,1,,부산광역시 기장군 장안읍 오리 산 69-2,35.35249864,129.2817964862,,한전주,051-709-4684,부산광역시 기장군청,2025-11-17
장안읍오리-72,1,,부산광역시 기장군 장안읍 오리 833-1,35.3531153417,129.2789869101,,한전주,051-709-4684,부산광역시 기장군청,2025-11-17
장안읍오리-73,1,,부산광역시 기장군 장안읍 오리 969-2,35.35300446,129.2780579873,,한전주,051-709-4684,부산광역시 기장군청,2025-11-17
장안읍오리-74,1,,부산광역시 기장군 장안읍 오리 산 58-14,35.358970402,129.2801550605,,한전주,051-709-4684,부산광역시 기장군청,2025-11-17
장안읍오리-75,1,,부산광역시 기장군 장안읍 오리 산 58-14,35.358970402,129.2801550605,,한전주,051-709-4684,부산광역시 기장군청,2025-11-17
장안읍오리-76,1,,부산광역시 기장군 장안읍 오리 331-7,35.3667184747,129.2717261612,,한전주,051-709-4684,부산광역시 기장군청,2025-11-17
장안읍오리-77,1,,부산광역시 기장군 장안읍 오리 301-1,35.3680299897,129.269619466,,한전주,051-709-4684,부산광역시 기장군청,2025-11-17
장안읍오리-78,1,,부산광역시 기장군 장안읍 오리 301-25,35.36800003,129.270050,,한전주,051-709-4684,부산광역시 기장군청,2025-11-17
장안읍오리-79,1,,부산광역시 기장군 장안읍 오리 301-5,35.3683186587,129.2701263,,한전주,051-709-4684,부산광역시 기장군청,2025-11-17
장안읍오리-80,1,,부산광역시 기장군 장안읍 오리 301-15,35.36834335,129.270561306,,한전주,051-709-4684,부산광역시 기장군청,2025-11-17
장안읍오리-81,1,,부산광역시 기장군 장안읍 오리 301-22,35.3681782502,129.2707887292,,한전주,051-709-4684,부산광역시 기장군청,2025-11-17
장안읍오리-82,1,,부산광역시 기장군 장안읍 오리 301-16,35.3685236038,129.270657794,,한전주,051-709-4684,부산광역시 기장군청,2025-11-17
장안읍오리-83,1,,부산광역시 기장군 장안읍 오리 301-17,35.36840057,129.270813,,한전주,051-709-4684,부산광역시 기장군청,2025-11-17
장안읍오리-84,1,,부산광역시 기장군 장안읍 오리 산 186-2,35.36827087,129.267334,,한전주,051-709-4684,부산광역시 기장군청,2025-11-17
장안읍오리-85,1,,부산광역시 기장군 장안읍 오리 208-8,35.367778609,129.2674985506,,한전주,051-709-4684,부산광역시 기장군청,2025-11-17
장안읍오리-86,1,,부산광역시 기장군 장안읍 오리 238-1,35.3703700644,129.2672206743,,한전주,051-709-4684,부산광역시 기장군청,2025-11-17
장안읍오리-87,1,,부산광역시 기장군 장안읍 오리 산 11-2,35.37100983,129.2677155,,한전주,051-709-4684,부산광역시 기장군청,2025-11-17
장안읍오리-88,1,,부산광역시 기장군 장안읍 오리 산 12-3,35.3717260544,129.2685014652,,한전주,051-709-4684,부산광역시 기장군청,2025-11-17
장안읍오리-89,1,,부산광역시 기장군 장안읍 오리 산 19-11,35.37190628,129.2687378,,한전주,051-709-4684,부산광역시 기장군청,2025-11-17
장안읍오리-90,1,,부산광역시 기장군 장안읍 오리 산 19-9,35.3726063221,129.2692813979,,한전주,051-709-4684,부산광역시 기장군청,2025-11-17
장안읍오리-91,1,,부산광역시 기장군 장안읍 오리 산 22-5,35.3750425246,129.2685037571,,한전주,051-709-4684,부산광역시 기장군청,2025-11-17
장안읍오리-92,1,,부산광역시 기장군 장안읍 오리 산 22-5,35.3750425246,129.2685037571,,한전주,051-709-4684,부산광역시 기장군청,2025-11-17
장안읍오리-93,1,,부산광역시 기장군 장안읍 오리 66-3,35.3716190542,129.2673451616,,한전주,051-709-4684,부산광역시 기장군청,2025-11-17
장안읍오리-94,1,,부산광역시 기장군 장안읍 오리 238-1,35.3703700644,129.2672206743,,한전주,051-709-4684,부산광역시 기장군청,2025-11-17
장안읍오리-95,1,,부산광역시 기장군 장안읍 오리 238-1,35.3703700644,129.2672206743,,한전주,051-709-4684,부산광역시 기장군청,2025-11-17
장안읍오리-96,1,,부산광역시 기장군 장안읍 오리 1085,35.37071991,129.2677924695,,한전주,051-709-4684,부산광역시 기장군청,2025-11-17
장안읍오리-97,1,,부산광역시 기장군 장안읍 오리 259,35.3710083638,129.2660217367,,한전주,051-709-4684,부산광역시 기장군청,2025-11-17
장안읍오리-98,1,,부산광역시 기장군 장안읍 오리 1085,35.3707305937,129.2677924695,,한전주,051-709-4684,부산광역시 기장군청,2025-11-17
장안읍오리-99,1,,부산광역시 기장군 장안읍 오리 103-2,35.3710502643,129.2651112064,,한전주,051-709-4684,부산광역시 기장군청,2025-11-17
장안읍오리-100,1,,부산광역시 기장군 장안읍 오리 103-2,35.3710556,129.2651112064,,한전주,051-709-4684,부산광역시 기장군청,2025-11-17
장안읍오리-101,1,,부산광역시 기장군 장안읍 오리 102-4,35.37155151,129.2647705,,한전주,051-709-4684,부산광역시 기장군청,2025-11-17
장안읍오리-102,1,,부산광역시 기장군 장안읍 오리 81-3,35.3724476643,129.2644348,,한전주,051-709-4684,부산광역시 기장군청,2025-11-17
장안읍오리-103,1,,부산광역시 기장군 장안읍 오리 82,35.372926367,129.2651797858,,한전주,051-709-4684,부산광역시 기장군청,2025-11-17
장안읍오리-104,1,,부산광역시 기장군 장안읍 오리 96-1,35.3721929301,129.2638929904,,전용주,051-709-4684,부산광역시 기장군청,2025-11-17
장안읍오리-105,1,,부산광역시 기장군 장안읍 오리 98-6,35.3724027133,129.264328,,전용주,051-709-4684,부산광역시 기장군청,2025-11-17
장안읍오리-106,1,,부산광역시 기장군 장안읍 오리 106-5,35.37213516,129.2636826875,,한전주,051-709-4684,부산광역시 기장군청,2025-11-17
장안읍오리-107,1,,부산광역시 기장군 장안읍 오리 102,35.3717007289,129.2641991979,,한전주,051-709-4684,부산광역시 기장군청,2025-11-17
장안읍오리-108,1,,부산광역시 기장군 장안읍 오리 129-2,35.37101746,129.2642334116,,한전주,051-709-4684,부산광역시 기장군청,2025-11-17
장안읍오리-109,1,,부산광역시 기장군 장안읍 오리 136,35.3703591581,129.2639426399,,한전주,051-709-4684,부산광역시 기장군청,2025-11-17
장안읍오리-110,1,,부산광역시 기장군 장안읍 오리 141-12,35.37023926,129.2646711317,,한전주,051-709-4684,부산광역시 기장군청,2025-11-17
장안읍오리-111,1,,부산광역시 기장군 장안읍 오리 221-2,35.3696895559,129.2647701409,,한전주,051-709-4684,부산광역시 기장군청,2025-11-17
장안읍오리-112,1,,부산광역시 기장군 장안읍 오리 224-2,35.36936951,129.2655202548,,한전주,051-709-4684,부산광역시 기장군청,2025-11-17
장안읍오리-113,1,,부산광역시 기장군 장안읍 오리 223-5,35.3696319125,129.2655792,,한전주,051-709-4684,부산광역시 기장군청,2025-11-17
장안읍오리-114,1,,부산광역시 기장군 장안읍 오리 223-16,35.37005234,129.2654724,,한전주,051-709-4684,부산광역시 기장군청,2025-11-17
장안읍오리-115,1,,부산광역시 기장군 장안읍 오리 1085,35.3707305937,129.2677924695,,한전주,051-709-4684,부산광역시 기장군청,2025-11-17
장안읍오리-116,1,,부산광역시 기장군 장안읍 오리 220-2,35.36953963,129.2647562519,,한전주,051-709-4684,부산광역시 기장군청,2025-11-17
장안읍오리-117,1,,부산광역시 기장군 장안읍 오리 231-1,35.369266847,129.2667153259,,한전주,051-709-4684,부산광역시 기장군청,2025-11-17
장안읍오리-118,1,,부산광역시 기장군 장안읍 오리 126-16,35.3710115237,129.2634583,,한전주,051-709-4684,부산광역시 기장군청,2025-11-17
장안읍오리-119,1,,부산광역시 기장군 장안읍 오리 113-7,35.3713450411,129.2636937178,,한전주,051-709-4684,부산광역시 기장군청,2025-11-17
장안읍오리-120,1,,부산광역시 기장군 장안읍 오리 113-2,35.3717563937,129.2633858374,,건축물,051-709-4684,부산광역시 기장군청,2025-11-17
장안읍오리-121,1,,부산광역시 기장군 장안읍 오리 106-4,35.3717759318,129.2637242452,,한전주,051-709-4684,부산광역시 기장군청,2025-11-17
장안읍오리-122,1,,부산광역시 기장군 장안읍 오리 126-2,35.370995487,129.2630615,,한전주,051-709-4684,부산광역시 기장군청,2025-11-17
장안읍오리-123,1,,부산광역시 기장군 장안읍 오리 115,35.3713927608,129.2627992771,,한전주,051-709-4684,부산광역시 기장군청,2025-11-17
장안읍오리-124,1,,부산광역시 기장군 장안읍 오리 120,35.3704886105,129.2620787,,한전주,051-709-4684,부산광역시 기장군청,2025-11-17
장안읍오리-125,1,,부산광역시 기장군 장안읍 오리 1037-4,35.3497390702,129.2801819,,한전주,051-709-4684,부산광역시 기장군청,2025-11-17
장안읍오리-126,1,,부산광역시 기장군 장안읍 오리 999-5,35.3495936108,129.2807672317,,한전주,051-709-4684,부산광역시 기장군청,2025-11-17
장안읍오리-127,1,,부산광역시 기장군 장안읍 오리 1087-3,35.36862946,129.2670135,,한전주,051-709-4684,부산광역시 기장군청,2025-11-17
장안읍오리-128,1,,부산광역시 기장군 장안읍 오리 215-4,35.3689003,129.2667389,,한전주,051-709-4684,부산광역시 기장군청,2025-11-17
장안읍오리-129,1,,부산광역시 기장군 장안읍 오리 290-1,35.3687834251,129.2673775915,,한전주,051-709-4684,부산광역시 기장군청,2025-11-17
장안읍오리-130,1,,부산광역시 기장군 장안읍 오리 290-1,35.36875534,129.2673775915,,한전주,051-709-4684,부산광역시 기장군청,2025-11-17
장안읍오리-131,1,,부산광역시 기장군 장안읍 오리 293-1,35.3686676,129.2678618783,,한전주,051-709-4684,부산광역시 기장군청,2025-11-17
장안읍오리-132,1,,부산광역시 기장군 장안읍 오리 294-1,35.36860657,129.2681803957,,한전주,051-709-4684,부산광역시 기장군청,2025-11-17
장안읍오리-133,1,,부산광역시 기장군 장안읍 오리 297-1,35.3685739741,129.2684630785,,한전주,051-709-4684,부산광역시 기장군청,2025-11-17
장안읍오리-134,1,,부산광역시 기장군 장안읍 오리 298-1,35.3685284692,129.2687124669,,한전주,051-709-4684,부산광역시 기장군청,2025-11-17
장안읍오리-135,1,,부산광역시 기장군 장안읍 오리 301-3,35.3683157554,129.2698646749,,한전주,051-709-4684,부산광역시 기장군청,2025-11-17
장안읍오리-136,1,,부산광역시 기장군 장안읍 오리 301-1,35.36800385,129.2696228,,한전주,051-709-4684,부산광역시 기장군청,2025-11-17
장안읍오리-137,1,,부산광역시 기장군 장안읍 오리 301-1,35.3680299897,129.269619466,,한전주,051-709-4684,부산광역시 기장군청,2025-11-17
장안읍오리-138,1,,부산광역시 기장군 장안읍 오리 산 16-1,35.367523245,129.2702864668,,한전주,051-709-4684,부산광역시 기장군청,2025-11-17
장안읍오리-139,1,,부산광역시 기장군 장안읍 오리 323-7,35.3669640202,129.2708746182,,한전주,051-709-4684,부산광역시 기장군청,2025-11-17
장안읍오리-140,1,,부산광역시 기장군 장안읍 오리 323-7,35.3669640202,129.2708746182,,한전주,051-709-4684,부산광역시 기장군청,2025-11-17
장안읍오리-141,1,,부산광역시 기장군 장안읍 오리 1053-13,35.3575073389,129.2761436096,,한전주,051-709-4684,부산광역시 기장군청,2025-11-17
장안읍오리-142,1,,부산광역시 기장군 장안읍 오리 산 39-1,35.3651245638,129.2722364256,,한전주,051-709-4684,부산광역시 기장군청,2025-11-17
장안읍오리-143,1,,부산광역시 기장군 장안읍 오리 산 39-1,35.3651245638,129.2722364256,,한전주,051-709-4684,부산광역시 기장군청,2025-11-17
장안읍오리-144,1,,부산광역시 기장군 장안읍 오리 산 39-1,35.3651245638,129.2722015,,한전주,051-709-4684,부산광역시 기장군청,2025-11-17
장안읍오리-145,1,,부산광역시 기장군 장안읍 오리 산 39-5,35.3641817748,129.2725454856,,한전주,051-709-4684,부산광역시 기장군청,2025-11-17
장안읍오리-146,1,,부산광역시 기장군 장안읍 오리 산 39-1,35.3651245638,129.2722364256,,한전주,051-709-4684,부산광역시 기장군청,2025-11-17
장안읍오리-147,1,,부산광역시 기장군 장안읍 오리 382-1,35.3635523898,129.2734292052,,한전주,051-709-4684,부산광역시 기장군청,2025-11-17
장안읍오리-148,1,,부산광역시 기장군 장안읍 오리 380-1,35.3630225053,129.2741708655,,한전주,051-709-4684,부산광역시 기장군청,2025-11-17
장안읍오리-149,1,,부산광역시 기장군 장안읍 오리 산 40-2,35.36334991,129.2736359,,한전주,051-709-4684,부산광역시 기장군청,2025-11-17
장안읍오리-150,1,,부산광역시 기장군 장안읍 오리 380-1,35.363060,129.2741708655,,한전주,051-709-4684,부산광역시 기장군청,2025-11-17
장안읍오리-151,1,,부산광역시 기장군 장안읍 오리 379-5,35.36274719,129.2745056,,한전주,051-709-4684,부산광역시 기장군청,2025-11-17
장안읍오리-152,1,,부산광역시 기장군 장안읍 오리 378-1,35.3625465177,129.2748086013,,한전주,051-709-4684,부산광역시 기장군청,2025-11-17
장안읍오리-153,1,,부산광역시 기장군 장안읍 오리 377-2,35.3621185434,129.2747498,,한전주,051-709-4684,부산광역시 기장군청,2025-11-17
장안읍오리-154,1,,부산광역시 기장군 장안읍 오리 377-3,35.36207581,129.2757085472,,한전주,051-709-4684,부산광역시 기장군청,2025-11-17
장안읍오리-155,1,,부산광역시 기장군 장안읍 오리 377-3,35.3620059609,129.2757085472,,한전주,051-709-4684,부산광역시 기장군청,2025-11-17
장안읍오리-156,1,,부산광역시 기장군 장안읍 오리 1053-13,35.3575073389,129.2761436096,,한전주,051-709-4684,부산광역시 기장군청,2025-11-17
장안읍오리-157,1,,부산광역시 기장군 장안읍 오리 1053-13,35.3575073389,129.2761436096,,한전주,051-709-4684,부산광역시 기장군청,2025-11-17
장안읍오리-158,1,,부산광역시 기장군 장안읍 오리 1054,35.3618638259,129.2784190209,,한전주,051-709-4684,부산광역시 기장군청,2025-11-17
장안읍오리-159,1,,부산광역시 기장군 장안읍 오리 772-4,35.36040115,129.2763977,,한전주,051-709-4684,부산광역시 기장군청,2025-11-17
장안읍오리-160,1,,부산광역시 기장군 장안읍 오리 758-13,35.3599269709,129.2772010238,,한전주,051-709-4684,부산광역시 기장군청,2025-11-17
장안읍오리-161,1,,부산광역시 기장군 장안읍 오리 1056,35.360001771,129.2772786,,한전주,051-709-4684,부산광역시 기장군청,2025-11-17
장안읍오리-162,1,,부산광역시 기장군 장안읍 오리 746,35.3580129113,129.2770558047,,한전주,051-709-4684,부산광역시 기장군청,2025-11-17
장안읍오리-163,1,,부산광역시 기장군 장안읍 오리 746,35.3580129113,129.2770558047,,한전주,051-709-4684,부산광역시 기장군청,2025-11-17
장안읍오리-164,1,,부산광역시 기장군 장안읍 오리 764-1,35.3581845642,129.2773165635,,한전주,051-709-4684,부산광역시 기장군청,2025-11-17
장안읍오리-165,1,,부산광역시 기장군 장안읍 오리 762-5,35.3576933004,129.2770386,,한전주,051-709-4684,부산광역시 기장군청,2025-11-17
장안읍오리-166,1,,부산광역시 기장군 장안읍 오리 763-4,35.3572298601,129.2767875939,,한전주,051-709-4684,부산광역시 기장군청,2025-11-17
장안읍오리-167,1,,부산광역시 기장군 장안읍 오리 763-4,35.3572298601,129.2767875939,,한전주,051-709-4684,부산광역시 기장군청,2025-11-17
장안읍오리-168,1,,부산광역시 기장군 장안읍 오리 1059-1,35.3553133413,129.2763417018,,한전주,051-709-4684,부산광역시 기장군청,2025-11-17
장안읍오리-169,1,,부산광역시 기장군 장안읍 오리 1059-1,35.3553133413,129.2763417018,,한전주,051-709-4684,부산광역시 기장군청,2025-11-17
장안읍오리-170,1,,부산광역시 기장군 장안읍 오리 1059-2,35.354739267,129.276477079,,한전주,051-709-4684,부산광역시 기장군청,2025-11-17
장안읍오리-171,1,,부산광역시 기장군 장안읍 오리 1059-2,35.354739267,129.2764435,,한전주,051-709-4684,부산광역시 기장군청,2025-11-17
장안읍오리-172,1,,부산광역시 기장군 장안읍 오리 1059-2,35.354739267,129.276477079,,한전주,051-709-4684,부산광역시 기장군청,2025-11-17
장안읍오리-173,1,,부산광역시 기장군 장안읍 오리 781-3,35.3546913858,129.2764640763,,한전주,051-709-4684,부산광역시 기장군청,2025-11-17
장안읍오리-174,1,,부산광역시 기장군 장안읍 오리 782-4,35.3543585582,129.2766113,,한전주,051-709-4684,부산광역시 기장군청,2025-11-17
장안읍오리-175,1,,부산광역시 기장군 장안읍 오리 782-3,35.3544411169,129.2765093031,,한전주,051-709-4684,부산광역시 기장군청,2025-11-17
장안읍오리-176,1,,부산광역시 기장군 장안읍 오리 783-10,35.35374832,129.2771862578,,한전주,051-709-4684,부산광역시 기장군청,2025-11-17
장안읍오리-177,1,,부산광역시 기장군 장안읍 오리 783-11,35.3532704581,129.2775664839,,한전주,051-709-4684,부산광역시 기장군청,2025-11-17
장안읍오리-178,1,,부산광역시 기장군 장안읍 오리 967-2,35.35304642,129.2776794,,한전주,051-709-4684,부산광역시 기장군청,2025-11-17
장안읍오리-179,1,,부산광역시 기장군 장안읍 오리 867-2,35.3525090356,129.2781749704,,한전주,051-709-4684,부산광역시 기장군청,2025-11-17
장안읍오리-180,1,,부산광역시 기장군 장안읍 오리 785-9,35.35230637,129.2781982,,한전주,051-709-4684,부산광역시 기장군청,2025-11-17
장안읍오리-181,1,,부산광역시 기장군 장안읍 오리 1053-13,35.3575073389,129.2761436096,,한전주,051-709-4684,부산광역시 기장군청,2025-11-17
장안읍오리-182,1,,부산광역시 기장군 장안읍 오리 산 59-1,35.3566660834,129.2798138893,,한전주,051-709-4684,부산광역시 기장군청,2025-11-17
장안읍오리-183,1,,부산광역시 기장군 장안읍 오리 산 194-23,35.3671171625,129.26278198,,한전주,051-709-4684,부산광역시 기장군청,2025-11-17
장안읍오리-184,1,,부산광역시 기장군 장안읍 오리 산 65-6,35.3534366428,129.2815901915,,한전주,051-709-4684,부산광역시 기장군청,2025-11-17
장안읍오리-185,1,,부산광역시 기장군 장안읍 오리 981-18,35.35322571,129.2829742,,한전주,051-709-4684,부산광역시 기장군청,2025-11-17
장안읍오리-186,1,,부산광역시 기장군 장안읍 길천리 476-9,35.3435479907,129.2777225164,2018,한전주,051-709-4684,부산광역시 기장군청,2025-11-17
장안읍오리-187,1,,부산광역시 기장군 장안읍 오리 산88-67,35.3438285105,129.2787883786,2018,한전주,051-709-4684,부산광역시 기장군청,2025-11-17
장안읍용소리-1,1,,부산광역시 기장군 장안읍 용소리 191-4,35.34083939,129.2492676,,한전주,051-709-4684,부산광역시 기장군청,2025-11-17
장안읍용소리-2,1,,부산광역시 기장군 장안읍 용소리 191-1,35.3412568445,129.2489342548,,한전주,051-709-4684,부산광역시 기장군청,2025-11-17
장안읍용소리-3,1,,부산광역시 기장군 장안읍 용소리 188-1,35.34135818,129.2489050462,,한전주,051-709-4684,부산광역시 기장군청,2025-11-17
장안읍용소리-4,1,,부산광역시 기장군 장안읍 용소리 187-2,35.34167862,129.248703,,한전주,051-709-4684,부산광역시 기장군청,2025-11-17
장안읍용소리-5,1,,부산광역시 기장군 장안읍 용소리 580,35.341832896,129.2485199,,전용주,051-709-4684,부산광역시 기장군청,2025-11-17
장안읍용소리-6,1,,부산광역시 기장군 장안읍 용소리 186-16,35.34223557,129.2482452,,한전주,051-709-4684,부산광역시 기장군청,2025-11-17
장안읍용소리-7,1,,부산광역시 기장군 장안읍 용소리 186-19,35.3423198623,129.2481496334,,한전주,051-709-4684,부산광역시 기장군청,2025-11-17
장안읍용소리-8,1,,부산광역시 기장군 장안읍 용소리 59-6,35.3430639956,129.2475976834,,한전주,051-709-4684,부산광역시 기장군청,2025-11-17
장안읍용소리-9,1,,부산광역시 기장군 장안읍 용소리 597,35.3437011573,129.2459103076,,한전주,051-709-4684,부산광역시 기장군청,2025-11-17
장안읍용소리-10,1,,부산광역시 기장군 장안읍 용소리 581,35.3511776316,129.2246195438,,한전주,051-709-4684,부산광역시 기장군청,2025-11-17
장안읍용소리-11,1,,부산광역시 기장군 장안읍 용소리 65-2,35.34345627,129.2461243,,한전주,051-709-4684,부산광역시 기장군청,2025-11-17
장안읍용소리-12,1,,부산광역시 기장군 장안읍 용소리 581,35.3511776316,129.2246195438,,한전주,051-709-4684,부산광역시 기장군청,2025-11-17
장안읍용소리-13,1,,부산광역시 기장군 장안읍 용소리 158-1,35.3436721396,129.245187057,,한전주,051-709-4684,부산광역시 기장군청,2025-11-17
장안읍용소리-14,1,,부산광역시 기장군 장안읍 용소리 176,35.3434737532,129.2452675463,,한전주,051-709-4684,부산광역시 기장군청,2025-11-17
장안읍용소리-15,1,,부산광역시 기장군 장안읍 용소리 157-1,35.3440596362,129.2449311594,,한전주,051-709-4684,부산광역시 기장군청,2025-11-17
장안읍용소리-16,1,,부산광역시 기장군 장안읍 용소리 588,35.3442343914,129.24539268,,한전주,051-709-4684,부산광역시 기장군청,2025-11-17
장안읍용소리-17,1,,부산광역시 기장군 장안읍 용소리 69,35.34385681,129.2461110533,,한전주,051-709-4684,부산광역시 기장군청,2025-11-17
장안읍용소리-18,1,,부산광역시 기장군 장안읍 용소리 594,35.3436155622,129.2477003532,,한전주,051-709-4684,부산광역시 기장군청,2025-11-17
장안읍용소리-19,1,,부산광역시 기장군 장안읍 용소리 68,35.34376907,129.2469002817,,한전주,051-709-4684,부산광역시 기장군청,2025-11-17
장안읍용소리-20,1,,부산광역시 기장군 장안읍 용소리 49,35.3443366329,129.2467613075,,전용주,051-709-4684,부산광역시 기장군청,2025-11-17
장안읍용소리-21,1,,부산광역시 기장군 장안읍 용소리 590,35.3452640299,129.2464911989,,한전주,051-709-4684,부산광역시 기장군청,2025-11-17
장안읍용소리-22,1,,부산광역시 기장군 장안읍 용소리 581,35.3511776316,129.2246195438,,한전주,051-709-4684,부산광역시 기장군청,2025-11-17
장안읍용소리-23,1,,부산광역시 기장군 장안읍 용소리 76,35.34432602,129.2456717992,,건축물,051-709-4684,부산광역시 기장군청,2025-11-17
장안읍용소리-24,1,,부산광역시 기장군 장안읍 용소리 581,35.3511776316,129.2246195438,,한전주,051-709-4684,부산광역시 기장군청,2025-11-17
장안읍용소리-25,1,,부산광역시 기장군 장안읍 용소리 581,35.3511776316,129.2246195438,,전용주,051-709-4684,부산광역시 기장군청,2025-11-17
장안읍용소리-26,1,,부산광역시 기장군 장안읍 용소리 99,35.3446637236,129.2446529556,,한전주,051-709-4684,부산광역시 기장군청,2025-11-17
장안읍용소리-27,1,,부산광역시 기장군 장안읍 용소리 153,35.34449768,129.2443893521,,한전주,051-709-4684,부산광역시 기장군청,2025-11-17
장안읍용소리-28,1,,부산광역시 기장군 장안읍 용소리 584,35.3450055797,129.24404666,,한전주,051-709-4684,부산광역시 기장군청,2025-11-17
장안읍용소리-29,1,,부산광역시 기장군 장안읍 용소리 584,35.3450055797,129.24404666,,전용주,051-709-4684,부산광역시 기장군청,2025-11-17
장안읍용소리-30,1,,부산광역시 기장군 장안읍 용소리 110,35.34527206,129.2441796675,,건축물,051-709-4684,부산광역시 기장군청,2025-11-17
장안읍용소리-31,1,,부산광역시 기장군 장안읍 용소리 581,35.3511776316,129.2246195438,,한전주,051-709-4684,부산광역시 기장군청,2025-11-17
장안읍용소리-32,1,,부산광역시 기장군 장안읍 용소리 581,35.3511776316,129.2246195438,,한전주,051-709-4684,부산광역시 기장군청,2025-11-17
장안읍용소리-33,1,,부산광역시 기장군 장안읍 용소리 607,35.3465004,129.2422791,,한전주,051-709-4684,부산광역시 기장군청,2025-11-17
장안읍용소리-34,1,,부산광역시 기장군 장안읍 용소리 397-2,35.347538557,129.2406810702,,한전주,051-709-4684,부산광역시 기장군청,2025-11-17
장안읍용소리-35,1,,부산광역시 기장군 장안읍 용소리 산 36,35.3491866288,129.2378970593,,한전주,051-709-4684,부산광역시 기장군청,2025-11-17
장안읍용소리-36,1,,부산광역시 기장군 장안읍 용소리 581,35.3511776316,129.2246195438,,한전주,051-709-4684,부산광역시 기장군청,2025-11-17
장안읍용소리-37,1,,부산광역시 기장군 장안읍 용소리 산 40,35.3484406925,129.2363611911,,한전주,051-709-4684,부산광역시 기장군청,2025-11-17
장안읍용소리-38,1,,부산광역시 기장군 장안읍 용소리 438,35.34706116,129.2354833086,,한전주,051-709-4684,부산광역시 기장군청,2025-11-17
장안읍용소리-39,1,,부산광역시 기장군 장안읍 용소리 산 137,35.3461534939,129.23387446,,한전주,051-709-4684,부산광역시 기장군청,2025-11-17
장안읍용소리-40,1,,부산광역시 기장군 장안읍 용소리 산 137,35.3461534939,129.23387446,,한전주,051-709-4684,부산광역시 기장군청,2025-11-17
장안읍용소리-41,1,,부산광역시 기장군 장안읍 용소리 산 133-3,35.3449169046,129.2330625516,,한전주,051-709-4684,부산광역시 기장군청,2025-11-17
장안읍용소리-42,1,,부산광역시 기장군 장안읍 용소리 616,35.34769058,129.2342394737,,한전주,051-709-4684,부산광역시 기장군청,2025-11-17
장안읍용소리-43,1,,부산광역시 기장군 장안읍 용소리 산 44-1,35.3488740414,129.2327118,,한전주,051-709-4684,부산광역시 기장군청,2025-11-17
장안읍용소리-44,1,,부산광역시 기장군 장안읍 용소리 산 124,35.347764635,129.2308619499,,한전주,051-709-4684,부산광역시 기장군청,2025-11-17
장안읍용소리-45,1,,부산광역시 기장군 장안읍 용소리 산 123,35.3478143589,129.2298480473,,한전주,051-709-4684,부산광역시 기장군청,2025-11-17
장안읍용소리-46,1,,부산광역시 기장군 장안읍 용소리 산 123,35.3478143589,129.2298480473,,한전주,051-709-4684,부산광역시 기장군청,2025-11-17
장안읍용소리-47,1,,부산광역시 기장군 장안읍 용소리 581,35.3511776316,129.2246195438,,한전주,051-709-4684,부산광역시 기장군청,2025-11-17
장안읍용소리-48,1,,부산광역시 기장군 장안읍 용소리 산 65,35.3499799121,129.2273970014,,한전주,051-709-4684,부산광역시 기장군청,2025-11-17
장안읍용소리-49,1,,부산광역시 기장군 장안읍 용소리 산 65,35.3499799121,129.2273970014,,한전주,051-709-4684,부산광역시 기장군청,2025-11-17
장안읍용소리-50,1,,부산광역시 기장군 장안읍 용소리 581,35.3511776316,129.2246195438,,한전주,051-709-4684,부산광역시 기장군청,2025-11-17
장안읍용소리-51,1,,부산광역시 기장군 장안읍 용소리 산 65,35.3499799121,129.2273970014,,한전주,051-709-4684,부산광역시 기장군청,2025-11-17
장안읍용소리-52,1,,부산광역시 기장군 장안읍 용소리 514-5,35.35038376,129.2262037806,,한전주,051-709-4684,부산광역시 기장군청,2025-11-17
장안읍용소리-53,1,,부산광역시 기장군 장안읍 용소리 560,35.3505639787,129.2260893195,,한전주,051-709-4684,부산광역시 기장군청,2025-11-17
장안읍용소리-54,1,,부산광역시 기장군 장안읍 용소리 산 67-11,35.3526199316,129.2253495765,,한전주,051-709-4684,부산광역시 기장군청,2025-11-17
장안읍용소리-55,1,,부산광역시 기장군 장안읍 용소리 289-2,35.3382002781,129.2472367264,,한전주,051-709-4684,부산광역시 기장군청,2025-11-17
장안읍용소리-56,1,,부산광역시 기장군 장안읍 용소리 산 162-2,35.3378359838,129.2461799311,,한전주,051-709-4684,부산광역시 기장군청,2025-11-17
장안읍용소리-57,1,,부산광역시 기장군 장안읍 용소리 산 162-3,35.3374167111,129.2459420639,,한전주,051-709-4684,부산광역시 기장군청,2025-11-17
장안읍용소리-58,1,,부산광역시 기장군 장안읍 용소리 295-3,35.3369303598,129.2454100037,,한전주,051-709-4684,부산광역시 기장군청,2025-11-17
장안읍용소리-59,1,,부산광역시 기장군 장안읍 용소리 산 191-1,35.3346313161,129.2426336443,,한전주,051-709-4684,부산광역시 기장군청,2025-11-17
장안읍용소리-60,1,,부산광역시 기장군 장안읍 용소리 313-1,35.3366567791,129.2434845,,한전주,051-709-4684,부산광역시 기장군청,2025-11-17
장안읍용소리-61,1,,부산광역시 기장군 장안읍 용소리 산 164-1,35.3369130101,129.2441833703,,한전주,051-709-4684,부산광역시 기장군청,2025-11-17
장안읍용소리-62,1,,부산광역시 기장군 장안읍 용소리 산 173,35.3391212472,129.2415946309,,한전주,051-709-4684,부산광역시 기장군청,2025-11-17
장안읍용소리-63,1,,부산광역시 기장군 장안읍 용소리 산 173,35.3391212472,129.2415946309,,한전주,051-709-4684,부산광역시 기장군청,2025-11-17
장안읍용소리-64,1,,부산광역시 기장군 장안읍 용소리 산 173,35.3391212472,129.2415946309,,한전주,051-709-4684,부산광역시 기장군청,2025-11-17
장안읍용소리-65,1,,부산광역시 기장군 장안읍 용소리 산 173,35.3391212472,129.2415946309,,한전주,051-709-4684,부산광역시 기장군청,2025-11-17
장안읍용소리-66,1,,부산광역시 기장군 장안읍 용소리 288-2,35.33730698,129.2467499,,한전주,051-709-4684,부산광역시 기장군청,2025-11-17
장안읍용소리-67,1,,부산광역시 기장군 장안읍 용소리 215-1,35.33892059,129.2533171921,,한전주,051-709-4684,부산광역시 기장군청,2025-11-17
장안읍용소리-68,1,,부산광역시 기장군 장안읍 용소리 200-2,35.3396959985,129.2526740408,,전용주,051-709-4684,부산광역시 기장군청,2025-11-17
장안읍용소리-69,1,,부산광역시 기장군 장안읍 용소리 244-2,35.3405026268,129.2477922483,,한전주,051-709-4684,부산광역시 기장군청,2025-11-17
장안읍월내리-1,1,,부산광역시 기장군 장안읍 월내리 16-20,35.32715988,129.2804565,,한전주,051-709-4684,부산광역시 기장군청,2025-11-17
장안읍월내리-2,1,,부산광역시 기장군 장안읍 월내리 15,35.327451329,129.2801819,,한전주,051-709-4684,부산광역시 기장군청,2025-11-17
장안읍월내리-3,1,,부산광역시 기장군 장안읍 월내리 11-6,35.327632182,129.2798462,,전용주,051-709-4684,부산광역시 기장군청,2025-11-17
장안읍월내리-4,1,,부산광역시 기장군 장안읍 월내리 16-30,35.32713699,129.2802429,,한전주,051-709-4684,부산광역시 기장군청,2025-11-17
장안읍월내리-5,1,,부산광역시 기장군 장안읍 월내리 17-86,35.32715607,129.2796631,,한전주,051-709-4684,부산광역시 기장군청,2025-11-17
장안읍월내리-6,1,,부산광역시 기장군 장안읍 월내리 17-81,35.326923948,129.2801471722,,한전주,051-709-4684,부산광역시 기장군청,2025-11-17
장안읍월내리-7,1,,부산광역시 기장군 장안읍 월내리 17-47,35.32672501,129.2796021,,한전주,051-709-4684,부산광역시 기장군청,2025-11-17
장안읍월내리-8,1,,부산광역시 기장군 장안읍 월내리 627-3,35.3270971556,129.2794189,,한전주,051-709-4684,부산광역시 기장군청,2025-11-17
장안읍월내리-9,1,,부산광역시 기장군 장안읍 월내리 627-3,35.3270971556,129.2794466432,,한전주,051-709-4684,부산광역시 기장군청,2025-11-17
장안읍월내리-10,1,,부산광역시 기장군 장안읍 월내리 627-3,35.3270971556,129.2794466432,,건축물,051-709-4684,부산광역시 기장군청,2025-11-17
장안읍월내리-11,1,,부산광역시 기장군 장안읍 월내리 132-180,35.32688904,129.2790222,,건축물,051-709-4684,부산광역시 기장군청,2025-11-17
장안읍월내리-12,1,,부산광역시 기장군 장안읍 월내리 132-99,35.3267695414,129.2791946715,,건축물,051-709-4684,부산광역시 기장군청,2025-11-17
장안읍월내리-13,1,,부산광역시 기장군 장안읍 월내리 17-18,35.32658386,129.2790705338,,한전주,051-709-4684,부산광역시 기장군청,2025-11-17
장안읍월내리-14,1,,부산광역시 기장군 장안읍 월내리 132-69,35.3264889774,129.2788678545,,한전주,051-709-4684,부산광역시 기장군청,2025-11-17
장안읍월내리-15,1,,부산광역시 기장군 장안읍 월내리 132-91,35.3267746,129.2787476,,건축물,051-709-4684,부산광역시 기장군청,2025-11-17
장안읍월내리-16,1,,부산광역시 기장군 장안읍 월내리 29-2,35.3271671071,129.278716331,,한전주,051-709-4684,부산광역시 기장군청,2025-11-17
장안읍월내리-17,1,,부산광역시 기장군 장안읍 월내리 627-21,35.3267599782,129.2784424,,전용주,051-709-4684,부산광역시 기장군청,2025-11-17
장안읍월내리-18,1,,부산광역시 기장군 장안읍 월내리 627-21,35.3267599782,129.2784950738,,전용주,051-709-4684,부산광역시 기장군청,2025-11-17
장안읍월내리-19,1,,부산광역시 기장군 장안읍 월내리 128,35.3265694099,129.278157152,,한전주,051-709-4684,부산광역시 기장군청,2025-11-17
장안읍월내리-20,1,,부산광역시 기장군 장안읍 월내리 132-175,35.3262086223,129.2770053804,,건축물,051-709-4684,부산광역시 기장군청,2025-11-17
장안읍월내리-21,1,,부산광역시 기장군 장안읍 월내리 132-84,35.32658386,129.2784205942,,전용주,051-709-4684,부산광역시 기장군청,2025-11-17
장안읍월내리-22,1,,부산광역시 기장군 장안읍 월내리 132-84,35.3265261465,129.2784205942,,건축물,051-709-4684,부산광역시 기장군청,2025-11-17
장안읍월내리-23,1,,부산광역시 기장군 장안읍 월내리 132-69,35.3264889774,129.2788678545,,전용주,051-709-4684,부산광역시 기장군청,2025-11-17
장안읍월내리-24,1,,부산광역시 기장군 장안읍 월내리 132-70,35.3263249457,129.2782135,,한전주,051-709-4684,부산광역시 기장군청,2025-11-17
장안읍월내리-25,1,,부산광역시 기장군 장안읍 월내리 132-91,35.32673264,129.2787209355,,건축물,051-709-4684,부산광역시 기장군청,2025-11-17
장안읍월내리-26,1,,부산광역시 기장군 장안읍 월내리 132-62,35.3261194886,129.2776337,,건축물,051-709-4684,부산광역시 기장군청,2025-11-17
장안읍월내리-27,1,,부산광역시 기장군 장안읍 월내리 132-57,35.3264821645,129.2776184,,한전주,051-709-4684,부산광역시 기장군청,2025-11-17
장안읍월내리-28,1,,부산광역시 기장군 장안읍 월내리 132-175,35.3262086223,129.2770053804,,전용주,051-709-4684,부산광역시 기장군청,2025-11-17
장안읍월내리-29,1,,부산광역시 기장군 장안읍 월내리 132-47,35.32632828,129.2774048,,건축물,051-709-4684,부산광역시 기장군청,2025-11-17
장안읍월내리-30,1,,부산광역시 기장군 장안읍 월내리 132-175,35.3262086223,129.2770053804,,건축물,051-709-4684,부산광역시 기장군청,2025-11-17
장안읍월내리-31,1,,부산광역시 기장군 장안읍 월내리 132-175,35.32622528,129.2770996,,한전주,051-709-4684,부산광역시 기장군청,2025-11-17
장안읍월내리-32,1,,부산광역시 기장군 장안읍 월내리 177-4,35.326138174,129.2773572389,,건축물,051-709-4684,부산광역시 기장군청,2025-11-17
장안읍월내리-33,1,,부산광역시 기장군 장안읍 월내리 132-175,35.3262086223,129.2770053804,,건축물,051-709-4684,부산광역시 기장군청,2025-11-17
장안읍월내리-34,1,,부산광역시 기장군 장안읍 월내리 177-7,35.3260922615,129.276947,,건축물,051-709-4684,부산광역시 기장군청,2025-11-17
장안읍월내리-35,1,,부산광역시 기장군 장안읍 월내리 132-159,35.3260314644,129.2780625417,,한전주,051-709-4684,부산광역시 기장군청,2025-11-17
장안읍월내리-36,1,,부산광역시 기장군 장안읍 월내리 132-175,35.3262086223,129.2770053804,,건축물,051-709-4684,부산광역시 기장군청,2025-11-17
장안읍월내리-37,1,,부산광역시 기장군 장안읍 월내리 132-159,35.3260314644,129.2780625417,,한전주,051-709-4684,부산광역시 기장군청,2025-11-17
장안읍월내리-38,1,,부산광역시 기장군 장안읍 월내리 132-149,35.3260242397,129.2767404263,,한전주,051-709-4684,부산광역시 기장군청,2025-11-17
장안읍월내리-39,1,,부산광역시 기장군 장안읍 월내리 132-140,35.3249439137,129.2767757356,,한전주,051-709-4684,부산광역시 기장군청,2025-11-17
장안읍월내리-40,1,,부산광역시 기장군 장안읍 월내리 132-163,35.3249439137,129.2767757356,,한전주,051-709-4684,부산광역시 기장군청,2025-11-17
장안읍월내리-41,1,,부산광역시 기장군 장안읍 월내리 132-140,35.3249439137,129.2767757356,,한전주,051-709-4684,부산광역시 기장군청,2025-11-17
장안읍월내리-42,1,,부산광역시 기장군 장안읍 월내리 494-36,35.32528305,129.2758823706,,전용주,051-709-4684,부산광역시 기장군청,2025-11-17
장안읍월내리-43,1,,부산광역시 기장군 장안읍 월내리 494-36,35.3252217897,129.2758823706,,전용주,051-709-4684,부산광역시 기장군청,2025-11-17
장안읍월내리-44,1,,부산광역시 기장군 장안읍 월내리 494-8,35.3242670621,129.2748482549,,한전주,051-709-4684,부산광역시 기장군청,2025-11-17
장안읍월내리-45,1,,부산광역시 기장군 장안읍 월내리 494-36,35.3252217897,129.2758823706,,한전주,051-709-4684,부산광역시 기장군청,2025-11-17
장안읍월내리-46,1,,부산광역시 기장군 장안읍 월내리 494-36,35.32529068,129.2758823706,,건축물,051-709-4684,부산광역시 기장군청,2025-11-17
장안읍월내리-47,1,,부산광역시 기장군 장안읍 월내리 494-36,35.32522202,129.2758823706,,건축물,051-709-4684,부산광역시 기장군청,2025-11-17
장안읍월내리-48,1,,부산광역시 기장군 장안읍 월내리 494-36,35.3252217897,129.2758823706,,건축물,051-709-4684,부산광역시 기장군청,2025-11-17
장안읍월내리-49,1,,부산광역시 기장군 장안읍 월내리 494-36,35.3252217897,129.2758823706,,건축물,051-709-4684,부산광역시 기장군청,2025-11-17
장안읍월내리-50,1,,부산광역시 기장군 장안읍 월내리 494-36,35.3252217897,129.2758636,,건축물,051-709-4684,부산광역시 기장군청,2025-11-17
장안읍월내리-51,1,,부산광역시 기장군 장안읍 월내리 494-36,35.3252217897,129.2758823706,,건축물,051-709-4684,부산광역시 기장군청,2025-11-17
장안읍월내리-52,1,,부산광역시 기장군 장안읍 월내리 494-36,35.32520676,129.2758823706,,건축물,051-709-4684,부산광역시 기장군청,2025-11-17
장안읍월내리-53,1,,부산광역시 기장군 장안읍 월내리 494-36,35.32524109,129.2758823706,,건축물,051-709-4684,부산광역시 기장군청,2025-11-17
장안읍월내리-54,1,,부산광역시 기장군 장안읍 월내리 132-197,35.32571411,129.2758637414,,건축물,051-709-4684,부산광역시 기장군청,2025-11-17
장안읍월내리-55,1,,부산광역시 기장군 장안읍 월내리 494-8,35.3242670621,129.2748482549,,전용주,051-709-4684,부산광역시 기장군청,2025-11-17
장안읍월내리-56,1,,부산광역시 기장군 장안읍 월내리 494-8,35.3242670621,129.2748482549,,전용주,051-709-4684,부산광역시 기장군청,2025-11-17
장안읍월내리-57,1,,부산광역시 기장군 장안읍 월내리 494-15,35.3246141408,129.2748602763,,전용주,051-709-4684,부산광역시 기장군청,2025-11-17
장안읍월내리-58,1,,부산광역시 기장군 장안읍 월내리 494-8,35.3242670621,129.2748482549,,전용주,051-709-4684,부산광역시 기장군청,2025-11-17
장안읍월내리-59,1,,부산광역시 기장군 장안읍 월내리 632,35.3245767054,129.2745176315,,전용주,051-709-4684,부산광역시 기장군청,2025-11-17
장안읍월내리-60,1,,부산광역시 기장군 장안읍 월내리 515-1,35.3241334868,129.2740037108,,전용주,051-709-4684,부산광역시 기장군청,2025-11-17
장안읍월내리-61,1,,부산광역시 기장군 장안읍 월내리 513-1,35.32479095,129.2748564655,,전용주,051-709-4684,부산광역시 기장군청,2025-11-17
장안읍월내리-62,1,,부산광역시 기장군 장안읍 월내리 257-6,35.3289732586,129.2798393369,,한전주,051-709-4684,부산광역시 기장군청,2025-11-17
장안읍월내리-63,1,,부산광역시 기장군 장안읍 월내리 259-7,35.32855225,129.279350005,,한전주,051-709-4684,부산광역시 기장군청,2025-11-17
장안읍월내리-64,1,,부산광역시 기장군 장안읍 월내리 249-3,35.3282044936,129.2794020004,,건축물,051-709-4684,부산광역시 기장군청,2025-11-17
장안읍월내리-66,1,,부산광역시 기장군 장안읍 월내리 282-1,35.32987595,129.2780766521,,한전주,051-709-4684,부산광역시 기장군청,2025-11-17
장안읍월내리-67,1,,부산광역시 기장군 장안읍 월내리 618-49,35.3318988773,129.2775853832,,한전주,051-709-4684,부산광역시 기장군청,2025-11-17
장안읍월내리-68,1,,부산광역시 기장군 장안읍 월내리 633,35.3365704548,129.2736359,,한전주,051-709-4684,부산광역시 기장군청,2025-11-17
장안읍월내리-69,1,,부산광역시 기장군 장안읍 월내리 618-46,35.3341939955,129.276001,,한전주,051-709-4684,부산광역시 기장군청,2025-11-17
장안읍월내리-70,1,,부산광역시 기장군 장안읍 월내리 622,35.3326172706,129.2765295847,,한전주,051-709-4684,부산광역시 기장군청,2025-11-17
장안읍월내리-71,1,,부산광역시 기장군 장안읍 월내리 283-1,35.329516987,129.2775762583,,전용주,051-709-4684,부산광역시 기장군청,2025-11-17
장안읍월내리-72,1,,부산광역시 기장군 장안읍 월내리 283,35.3296341253,129.2775920944,,한전주,051-709-4684,부산광역시 기장군청,2025-11-17
장안읍월내리-73,1,,부산광역시 기장군 장안읍 월내리 288-1,35.32937241,129.2773276636,,한전주,051-709-4684,부산광역시 기장군청,2025-11-17
장안읍월내리-74,1,,부산광역시 기장군 장안읍 월내리 289,35.3295502646,129.2772974523,,한전주,051-709-4684,부산광역시 기장군청,2025-11-17
장안읍월내리-75,1,,부산광역시 기장군 장안읍 월내리 229,35.3290945436,129.2764889927,,한전주,051-709-4684,부산광역시 기장군청,2025-11-17
장안읍월내리-76,1,,부산광역시 기장군 장안읍 월내리 627-29,35.3292799967,129.2767114285,,전용주,051-709-4684,부산광역시 기장군청,2025-11-17
장안읍월내리-77,1,,부산광역시 기장군 장안읍 월내리 229,35.3290945436,129.2764889927,,한전주,051-709-4684,부산광역시 기장군청,2025-11-17
장안읍월내리-78,1,,부산광역시 기장군 장안읍 월내리 203-2,35.32823181,129.2763121231,,한전주,051-709-4684,부산광역시 기장군청,2025-11-17
장안읍월내리-79,1,,부산광역시 기장군 장안읍 월내리 628,35.32859802,129.2759057397,,건축물,051-709-4684,부산광역시 기장군청,2025-11-17
장안읍월내리-80,1,,부산광역시 기장군 장안읍 월내리 209-3,35.328526822,129.27626749,,한전주,051-709-4684,부산광역시 기장군청,2025-11-17
장안읍월내리-81,1,,부산광역시 기장군 장안읍 월내리 198,35.32791901,129.2759399,,한전주,051-709-4684,부산광역시 기장군청,2025-11-17
장안읍월내리-82,1,,부산광역시 기장군 장안읍 월내리 630,35.3275700896,129.2756314907,,한전주,051-709-4684,부산광역시 기장군청,2025-11-17
장안읍월내리-83,1,,부산광역시 기장군 장안읍 월내리 453-1,35.3277562269,129.2750664421,,한전주,051-709-4684,부산광역시 기장군청,2025-11-17
장안읍월내리-84,1,,부산광역시 기장군 장안읍 월내리 402-2,35.32816315,129.2746735,,한전주,051-709-4684,부산광역시 기장군청,2025-11-17
장안읍월내리-85,1,,부산광역시 기장군 장안읍 월내리 638,35.3281134978,129.274117755,,한전주,051-709-4684,부산광역시 기장군청,2025-11-17
장안읍월내리-86,1,,부산광역시 기장군 장안읍 월내리 638,35.32817668,129.274117755,,한전주,051-709-4684,부산광역시 기장군청,2025-11-17
장안읍월내리-87,1,,부산광역시 기장군 장안읍 월내리 산 19,35.3302945446,129.2714366262,,한전주,051-709-4684,부산광역시 기장군청,2025-11-17
장안읍월내리-88,1,,부산광역시 기장군 장안읍 월내리 산 19-1,35.3302246905,129.2707616176,,한전주,051-709-4684,부산광역시 기장군청,2025-11-17
장안읍월내리-89,1,,부산광역시 기장군 장안읍 월내리 산 45-32,35.3271857651,129.2701030691,,한전주,051-709-4684,부산광역시 기장군청,2025-11-17
장안읍월내리-90,1,,부산광역시 기장군 장안읍 월내리 247-1,35.32816696,129.2787356773,,전용주,051-709-4684,부산광역시 기장군청,2025-11-17
장안읍월내리-91,1,,부산광역시 기장군 장안읍 월내리 239-4,35.3280079039,129.2781714175,,전용주,051-709-4684,부산광역시 기장군청,2025-11-17
장안읍월내리-92,1,,부산광역시 기장군 장안읍 월내리 239-5,35.32791519,129.2781362755,,한전주,051-709-4684,부산광역시 기장군청,2025-11-17
장안읍월내리-93,1,,부산광역시 기장군 장안읍 월내리 75,35.3276630829,129.2779127456,,건축물,051-709-4684,부산광역시 기장군청,2025-11-17
장안읍월내리-94,1,,부산광역시 기장군 장안읍 월내리 76,35.32757568,129.2780241485,,한전주,051-709-4684,부산광역시 기장군청,2025-11-17
장안읍월내리-95,1,,부산광역시 기장군 장안읍 월내리 38-2,35.32724762,129.2783813,,한전주,051-709-4684,부산광역시 기장군청,2025-11-17
장안읍월내리-96,1,,부산광역시 기장군 장안읍 월내리 627-10,35.3273468,129.2785797,,한전주,051-709-4684,부산광역시 기장군청,2025-11-17
장안읍월내리-97,1,,부산광역시 기장군 장안읍 월내리 66-2,35.3276344937,129.2787217571,,건축물,051-709-4684,부산광역시 기장군청,2025-11-17
장안읍월내리-98,1,,부산광역시 기장군 장안읍 월내리 627-5,35.3276877952,129.2780090443,,건축물,051-709-4684,부산광역시 기장군청,2025-11-17
장안읍월내리-99,1,,부산광역시 기장군 장안읍 월내리 627-5,35.3276877952,129.2780090443,,건축물,051-709-4684,부산광역시 기장군청,2025-11-17
장안읍월내리-100,1,,부산광역시 기장군 장안읍 월내리 84,35.32731247,129.2776184,,한전주,051-709-4684,부산광역시 기장군청,2025-11-17
장안읍월내리-101,1,,부산광역시 기장군 장안읍 월내리 80,35.32765579,129.2773285,,전용주,051-709-4684,부산광역시 기장군청,2025-11-17
장안읍월내리-102,1,,부산광역시 기장군 장안읍 월내리 235-6,35.327940435,129.277352019,,한전주,051-709-4684,부산광역시 기장군청,2025-11-17
장안읍월내리-103,1,,부산광역시 기장군 장안읍 월내리 627-26,35.32836914,129.2774353,,한전주,051-709-4684,부산광역시 기장군청,2025-11-17
장안읍월내리-105,1,,부산광역시 기장군 장안읍 월내리 237-2,35.3282902299,129.2778753706,,한전주,051-709-4684,부산광역시 기장군청,2025-11-17
장안읍월내리-106,1,,부산광역시 기장군 장안읍 월내리 237-2,35.3282902299,129.2778753706,,한전주,051-709-4684,부산광역시 기장군청,2025-11-17
장안읍월내리-108,1,,부산광역시 기장군 장안읍 월내리 101-4,35.32757568,129.2768707,,한전주,051-709-4684,부산광역시 기장군청,2025-11-17
장안읍월내리-109,1,,부산광역시 기장군 장안읍 월내리 109,35.3272725491,129.276947,,한전주,051-709-4684,부산광역시 기장군청,2025-11-17
장안읍월내리-110,1,,부산광역시 기장군 장안읍 월내리 92,35.3270607,129.2773699745,,한전주,051-709-4684,부산광역시 기장군청,2025-11-17
장안읍월내리-111,1,,부산광역시 기장군 장안읍 월내리 114,35.3269835911,129.2771272983,,한전주,051-709-4684,부산광역시 기장군청,2025-11-17
장안읍월내리-112,1,,부산광역시 기장군 장안읍 월내리 629,35.3271572249,129.2767948452,,한전주,051-709-4684,부산광역시 기장군청,2025-11-17
장안읍월내리-113,1,,부산광역시 기장군 장안읍 월내리 168,35.326653532,129.2765656,,한전주,051-709-4684,부산광역시 기장군청,2025-11-17
장안읍월내리-114,1,,부산광역시 기장군 장안읍 월내리 630-9,35.32637024,129.276493041,,한전주,051-709-4684,부산광역시 기장군청,2025-11-17
장안읍월내리-115,1,,부산광역시 기장군 장안읍 월내리 162,35.32672882,129.2763896581,,한전주,051-709-4684,부산광역시 기장군청,2025-11-17
장안읍월내리-116,1,,부산광역시 기장군 장안읍 월내리 630-3,35.3269472856,129.2757447919,,전용주,051-709-4684,부산광역시 기장군청,2025-11-17
장안읍월내리-117,1,,부산광역시 기장군 장안읍 월내리 482-4,35.3261698516,129.2754406925,,건축물,051-709-4684,부산광역시 기장군청,2025-11-17
장안읍월내리-118,1,,부산광역시 기장군 장안읍 월내리 482-4,35.32619476,129.2754406925,,한전주,051-709-4684,부산광역시 기장군청,2025-11-17
장안읍월내리-119,1,,부산광역시 기장군 장안읍 월내리 155-1,35.3265012763,129.2761349655,,한전주,051-709-4684,부산광역시 기장군청,2025-11-17
장안읍월내리-120,1,,부산광역시 기장군 장안읍 월내리 482-4,35.32613754,129.2754406925,,한전주,051-709-4684,부산광역시 기장군청,2025-11-17
장안읍월내리-121,1,,부산광역시 기장군 장안읍 월내리 631-2,35.32624817,129.2759581055,,한전주,051-709-4684,부산광역시 기장군청,2025-11-17
장안읍월내리-122,1,,부산광역시 기장군 장안읍 월내리 155-1,35.3265012763,129.2761349655,,한전주,051-709-4684,부산광역시 기장군청,2025-11-17
장안읍월내리-123,1,,부산광역시 기장군 장안읍 월내리 535-3,35.32380295,129.2722015,,한전주,051-709-4684,부산광역시 기장군청,2025-11-17
장안읍월내리-124,1,,부산광역시 기장군 장안읍 월내리 534-9,35.32381821,129.271759,,한전주,051-709-4684,부산광역시 기장군청,2025-11-17
장안읍월내리-125,1,,부산광역시 기장군 장안읍 월내리 584-6,35.3258531354,129.2697478141,,한전주,051-709-4684,부산광역시 기장군청,2025-11-17
장안읍월내리-126,1,,부산광역시 기장군 장안읍 월내리 646-2,35.3271703555,129.2691193,,전용주,051-709-4684,부산광역시 기장군청,2025-11-17
장안읍월내리-127,1,,부산광역시 기장군 장안읍 월내리 646-9,35.3275395116,129.2690887,,건축물,051-709-4684,부산광역시 기장군청,2025-11-17
장안읍월내리-128,1,,부산광역시 기장군 장안읍 월내리 591-2,35.3280528434,129.2688389777,,건축물,051-709-4684,부산광역시 기장군청,2025-11-17
장안읍월내리-129,1,,부산광역시 기장군 장안읍 월내리 산 45-4,35.3287800549,129.2695066631,,한전주,051-709-4684,부산광역시 기장군청,2025-11-17
장안읍월내리-130,1,,부산광역시 기장군 장안읍 월내리 554-1,35.3218286192,129.2673187,,한전주,051-709-4684,부산광역시 기장군청,2025-11-17
장안읍월내리-131,1,,부산광역시 기장군 장안읍 월내리 649,35.32168708,129.2672724522,,한전주,051-709-4684,부산광역시 기장군청,2025-11-17
장안읍월내리-132,1,,부산광역시 기장군 장안읍 월내리 554-10,35.3211968097,129.2670895899,,전용주,051-709-4684,부산광역시 기장군청,2025-11-17
장안읍임랑리-1,1,,부산광역시 기장군 장안읍 임랑리 산 2-9,35.32156754,129.2665253,,한전주,051-709-4684,부산광역시 기장군청,2025-11-17
장안읍임랑리-2,1,,부산광역시 기장군 장안읍 임랑리 354-5,35.3210447492,129.2660379351,,한전주,051-709-4684,부산광역시 기장군청,2025-11-17
장안읍임랑리-4,1,,부산광역시 기장군 장안읍 임랑리 14-6,35.3210419257,129.2669682559,,한전주,051-709-4684,부산광역시 기장군청,2025-11-17
장안읍임랑리-5,1,,부산광역시 기장군 장안읍 임랑리 354-6,35.32112235,129.2667105371,,한전주,051-709-4684,부산광역시 기장군청,2025-11-17
장안읍임랑리-6,1,,부산광역시 기장군 장안읍 임랑리 1-2,35.320977023,129.2664874762,,한전주,051-709-4684,부산광역시 기장군청,2025-11-17
장안읍임랑리-7,1,,부산광역시 기장군 장안읍 임랑리 14-4,35.32092285,129.2668819489,,한전주,051-709-4684,부산광역시 기장군청,2025-11-17
장안읍임랑리-8,1,,부산광역시 기장군 장안읍 임랑리 14-5,35.3210811705,129.2669041958,,전용주,051-709-4684,부산광역시 기장군청,2025-11-17
장안읍임랑리-9,1,,부산광역시 기장군 장안읍 임랑리 1-5,35.3190816972,129.2641143524,,건축물,051-709-4684,부산광역시 기장군청,2025-11-17
장안읍임랑리-10,1,,부산광역시 기장군 장안읍 임랑리 357-3,35.3187832737,129.2627498345,,한전주,051-709-4684,부산광역시 기장군청,2025-11-17
장안읍임랑리-11,1,,부산광역시 기장군 장안읍 임랑리 53-6,35.3186399537,129.2633362,,한전주,051-709-4684,부산광역시 기장군청,2025-11-17
장안읍임랑리-12,1,,부산광역시 기장군 장안읍 임랑리 1-21,35.3174129093,129.2632446,,한전주,051-709-4684,부산광역시 기장군청,2025-11-17
장안읍임랑리-13,1,,부산광역시 기장군 장안읍 임랑리 1-21,35.3174129093,129.2632446,,한전주,051-709-4684,부산광역시 기장군청,2025-11-17
장안읍임랑리-14,1,,부산광역시 기장군 장안읍 임랑리 360,35.3182869882,129.2613344825,,건축물,051-709-4684,부산광역시 기장군청,2025-11-17
장안읍임랑리-15,1,,부산광역시 기장군 장안읍 임랑리 56-10,35.31796646,129.2627258,,한전주,051-709-4684,부산광역시 기장군청,2025-11-17
장안읍임랑리-16,1,,부산광역시 기장군 장안읍 임랑리 65-12,35.31812286,129.2625122,,건축물,051-709-4684,부산광역시 기장군청,2025-11-17
장안읍임랑리-17,1,,부산광역시 기장군 장안읍 임랑리 140,35.31768799,129.263031,,한전주,051-709-4684,부산광역시 기장군청,2025-11-17
장안읍임랑리-18,1,,부산광역시 기장군 장안읍 임랑리 140-1,35.31750488,129.2632712188,,한전주,051-709-4684,부산광역시 기장군청,2025-11-17
장안읍임랑리-19,1,,부산광역시 기장군 장안읍 임랑리 1-21,35.3174129093,129.2632686478,,한전주,051-709-4684,부산광역시 기장군청,2025-11-17
장안읍임랑리-20,1,,부산광역시 기장군 장안읍 임랑리 138-1,35.3175373737,129.2626642663,,한전주,051-709-4684,부산광역시 기장군청,2025-11-17
장안읍임랑리-21,1,,부산광역시 기장군 장안읍 임랑리 133-1,35.31737137,129.2619120119,,전용주,051-709-4684,부산광역시 기장군청,2025-11-17
장안읍임랑리-22,1,,부산광역시 기장군 장안읍 임랑리 90-1,35.3178492493,129.2620703322,,한전주,051-709-4684,부산광역시 기장군청,2025-11-17
장안읍임랑리-23,1,,부산광역시 기장군 장안읍 임랑리 360,35.3182869882,129.2613344825,,전용주,051-709-4684,부산광역시 기장군청,2025-11-17
장안읍임랑리-24,1,,부산광역시 기장군 장안읍 임랑리 360,35.3182869882,129.2613344825,,한전주,051-709-4684,부산광역시 기장군청,2025-11-17
장안읍임랑리-25,1,,부산광역시 기장군 장안읍 임랑리 133-1,35.31737518,129.2619120119,,전용주,051-709-4684,부산광역시 기장군청,2025-11-17
장안읍임랑리-26,1,,부산광역시 기장군 장안읍 임랑리 360,35.3182869882,129.2613344825,,한전주,051-709-4684,부산광역시 기장군청,2025-11-17
장안읍임랑리-27,1,,부산광역시 기장군 장안읍 임랑리 155-3,35.3168886243,129.2617745443,,한전주,051-709-4684,부산광역시 기장군청,2025-11-17
장안읍임랑리-28,1,,부산광역시 기장군 장안읍 임랑리 159-2,35.3169920649,129.2613410445,,전용주,051-709-4684,부산광역시 기장군청,2025-11-17
장안읍임랑리-29,1,,부산광역시 기장군 장안읍 임랑리 120-4,35.3172660557,129.2611848257,,전용주,051-709-4684,부산광역시 기장군청,2025-11-17
장안읍임랑리-30,1,,부산광역시 기장군 장안읍 임랑리 152,35.3164261777,129.2618408,,한전주,051-709-4684,부산광역시 기장군청,2025-11-17
장안읍임랑리-31,1,,부산광역시 기장군 장안읍 임랑리 147-1,35.31698227,129.2623138,,전용주,051-709-4684,부산광역시 기장군청,2025-11-17
장안읍임랑리-32,1,,부산광역시 기장군 장안읍 임랑리 143,35.31679916,129.2625275,,한전주,051-709-4684,부산광역시 기장군청,2025-11-17
장안읍임랑리-33,1,,부산광역시 기장군 장안읍 임랑리 360-21,35.31626511,129.2618773954,,한전주,051-709-4684,부산광역시 기장군청,2025-11-17
장안읍임랑리-34,1,,부산광역시 기장군 장안읍 임랑리 151-4,35.3165832441,129.2612562099,,한전주,051-709-4684,부산광역시 기장군청,2025-11-17
장안읍임랑리-35,1,,부산광역시 기장군 장안읍 임랑리 170-1,35.31658173,129.2610474,,한전주,051-709-4684,부산광역시 기장군청,2025-11-17
장안읍임랑리-36,1,,부산광역시 기장군 장안읍 임랑리 151-1,35.31621552,129.2616115537,,한전주,051-709-4684,부산광역시 기장군청,2025-11-17
장안읍임랑리-37,1,,부산광역시 기장군 장안읍 임랑리 145,35.31610107,129.2621932502,,한전주,051-709-4684,부산광역시 기장군청,2025-11-17
장안읍임랑리-39,1,,부산광역시 기장군 장안읍 임랑리 97-12,35.3189313503,129.2610474,,한전주,051-709-4684,부산광역시 기장군청,2025-11-17
장안읍임랑리-40,1,,부산광역시 기장군 장안읍 임랑리 97-10,35.3185654512,129.2608194707,,한전주,051-709-4684,부산광역시 기장군청,2025-11-17
장안읍임랑리-41,1,,부산광역시 기장군 장안읍 임랑리 97-10,35.3185654512,129.2608194707,,한전주,051-709-4684,부산광역시 기장군청,2025-11-17
장안읍임랑리-42,1,,부산광역시 기장군 장안읍 임랑리 산 39-8,35.3185519283,129.2597805274,,한전주,051-709-4684,부산광역시 기장군청,2025-11-17
장안읍임랑리-43,1,,부산광역시 기장군 장안읍 임랑리 124-6,35.3175980487,129.2612064269,,전용주,051-709-4684,부산광역시 기장군청,2025-11-17
장안읍임랑리-44,1,,부산광역시 기장군 장안읍 임랑리 95-1,35.3179647304,129.2611431133,,전용주,051-709-4684,부산광역시 기장군청,2025-11-17
장안읍임랑리-45,1,,부산광역시 기장군 장안읍 임랑리 96,35.318022407,129.2610271919,,한전주,051-709-4684,부산광역시 기장군청,2025-11-17
장안읍임랑리-46,1,,부산광역시 기장군 장안읍 임랑리 123-1,35.3175686174,129.2609558,,한전주,051-709-4684,부산광역시 기장군청,2025-11-17
장안읍임랑리-47,1,,부산광역시 기장군 장안읍 임랑리 360,35.3182869882,129.2613344825,,전용주,051-709-4684,부산광역시 기장군청,2025-11-17
장안읍임랑리-48,1,,부산광역시 기장군 장안읍 임랑리 117-2,35.3175076014,129.2605169109,,한전주,051-709-4684,부산광역시 기장군청,2025-11-17
장안읍임랑리-49,1,,부산광역시 기장군 장안읍 임랑리 102-2,35.31752777,129.2607574,,한전주,051-709-4684,부산광역시 기장군청,2025-11-17
장안읍임랑리-50,1,,부산광역시 기장군 장안읍 임랑리 115,35.3174838164,129.2602179786,,건축물,051-709-4684,부산광역시 기장군청,2025-11-17
장안읍임랑리-51,1,,부산광역시 기장군 장안읍 임랑리 114,35.3173908064,129.2602043952,,전용주,051-709-4684,부산광역시 기장군청,2025-11-17
장안읍임랑리-52,1,,부산광역시 기장군 장안읍 임랑리 117-4,35.3173087213,129.2605591,,한전주,051-709-4684,부산광역시 기장군청,2025-11-17
장안읍장안리-1,1,,부산광역시 기장군 장안읍 장안리 680,35.3701682625,129.2457770464,,한전주,051-709-4684,부산광역시 기장군청,2025-11-17
장안읍장안리-2,1,,부산광역시 기장군 장안읍 장안리 482-2,35.3705632615,129.2452028051,,한전주,051-709-4684,부산광역시 기장군청,2025-11-17
장안읍장안리-3,1,,부산광역시 기장군 장안읍 장안리 475-1,35.37024689,129.2454685597,,한전주,051-709-4684,부산광역시 기장군청,2025-11-17
장안읍장안리-4,1,,부산광역시 기장군 장안읍 장안리 415-1,35.37026215,129.2449036,,한전주,051-709-4684,부산광역시 기장군청,2025-11-17
장안읍장안리-5,1,,부산광역시 기장군 장안읍 장안리 489-1,35.3704245214,129.2443515459,,한전주,051-709-4684,부산광역시 기장군청,2025-11-17
장안읍장안리-6,1,,부산광역시 기장군 장안읍 장안리 산 53-3,35.3731234864,129.2346723255,,한전주,051-709-4684,부산광역시 기장군청,2025-11-17
장안읍장안리-7,1,,부산광역시 기장군 장안읍 장안리 680-9,35.3696670183,129.2447822503,,한전주,051-709-4684,부산광역시 기장군청,2025-11-17
장안읍장안리-8,1,,부산광역시 기장군 장안읍 장안리 419,35.3696932485,129.2446289,,한전주,051-709-4684,부산광역시 기장군청,2025-11-17
장안읍장안리-11,1,,부산광역시 기장군 장안읍 장안리 453,35.3694973314,129.2453613,,한전주,051-709-4684,부산광역시 기장군청,2025-11-17
장안읍장안리-12,1,,부산광역시 기장군 장안읍 장안리 450,35.3695177963,129.2458344,,전용주,051-709-4684,부산광역시 기장군청,2025-11-17
장안읍장안리-13,1,,부산광역시 기장군 장안읍 장안리 439,35.36898422,129.2451614812,,전용주,051-709-4684,부산광역시 기장군청,2025-11-17
장안읍장안리-14,1,,부산광역시 기장군 장안읍 장안리 680-9,35.3696670183,129.2447822503,,전용주,051-709-4684,부산광역시 기장군청,2025-11-17
장안읍장안리-15,1,,부산광역시 기장군 장안읍 장안리 292,35.3654454194,129.2483699446,,한전주,051-709-4684,부산광역시 기장군청,2025-11-17
장안읍장안리-16,1,,부산광역시 기장군 장안읍 장안리 664,35.3661444734,129.2487130709,,한전주,051-709-4684,부산광역시 기장군청,2025-11-17
장안읍장안리-17,1,,부산광역시 기장군 장안읍 장안리 664,35.3661444734,129.2487130709,,한전주,051-709-4684,부산광역시 기장군청,2025-11-17
장안읍장안리-18,1,,부산광역시 기장군 장안읍 장안리 664,35.3661444734,129.2487130709,,한전주,051-709-4684,부산광역시 기장군청,2025-11-17
장안읍장안리-19,1,,부산광역시 기장군 장안읍 장안리 343-8,35.3656543882,129.2490677438,,건축물,051-709-4684,부산광역시 기장군청,2025-11-17
장안읍장안리-20,1,,부산광역시 기장군 장안읍 장안리 667,35.3657002468,129.2504833699,,한전주,051-709-4684,부산광역시 기장군청,2025-11-17
장안읍장안리-21,1,,부산광역시 기장군 장안읍 장안리 667,35.3657002468,129.2504833699,,한전주,051-709-4684,부산광역시 기장군청,2025-11-17
장안읍장안리-22,1,,부산광역시 기장군 장안읍 장안리 310,35.3644392083,129.2509071175,,전용주,051-709-4684,부산광역시 기장군청,2025-11-17
장안읍장안리-23,1,,부산광역시 기장군 장안읍 장안리 669,35.3622061188,129.2501841921,,한전주,051-709-4684,부산광역시 기장군청,2025-11-17
장안읍장안리-24,1,,부산광역시 기장군 장안읍 장안리 669,35.3622061188,129.2501841921,,한전주,051-709-4684,부산광역시 기장군청,2025-11-17
장안읍장안리-25,1,,부산광역시 기장군 장안읍 장안리 669,35.3622061188,129.2501841921,,한전주,051-709-4684,부산광역시 기장군청,2025-11-17
장안읍장안리-26,1,,부산광역시 기장군 장안읍 장안리 105-3,35.3636356659,129.2505188,,한전주,051-709-4684,부산광역시 기장군청,2025-11-17
장안읍장안리-27,1,,부산광역시 기장군 장안읍 장안리 49-2,35.36333466,129.2498842039,,전용주,051-709-4684,부산광역시 기장군청,2025-11-17
장안읍장안리-28,1,,부산광역시 기장군 장안읍 장안리 51-1,35.3631120285,129.2500635082,,한전주,051-709-4684,부산광역시 기장군청,2025-11-17
장안읍장안리-29,1,,부산광역시 기장군 장안읍 장안리 669,35.3622061188,129.2501841921,,한전주,051-709-4684,부산광역시 기장군청,2025-11-17
장안읍장안리-30,1,,부산광역시 기장군 장안읍 장안리 124,35.363915647,129.2495575,,전용주,051-709-4684,부산광역시 기장군청,2025-11-17
장안읍장안리-31,1,,부산광역시 기장군 장안읍 장안리 303,35.36406326,129.249588,,한전주,051-709-4684,부산광역시 기장군청,2025-11-17
장안읍장안리-32,1,,부산광역시 기장군 장안읍 장안리 117-1,35.3631444143,129.249571315,,한전주,051-709-4684,부산광역시 기장군청,2025-11-17
장안읍장안리-33,1,,부산광역시 기장군 장안읍 장안리 669,35.3622061188,129.2501841921,,전용주,051-709-4684,부산광역시 기장군청,2025-11-17
장안읍장안리-34,1,,부산광역시 기장군 장안읍 장안리 47-1,35.36271286,129.2497559,,한전주,051-709-4684,부산광역시 기장군청,2025-11-17
장안읍장안리-35,1,,부산광역시 기장군 장안읍 장안리 669,35.3622061188,129.2501841921,,한전주,051-709-4684,부산광역시 기장군청,2025-11-17
장안읍장안리-36,1,,부산광역시 기장군 장안읍 장안리 91,35.3630130477,129.2511151404,,한전주,051-709-4684,부산광역시 기장군청,2025-11-17
장안읍장안리-37,1,,부산광역시 기장군 장안읍 장안리 78-2,35.3624137745,129.2508545,,한전주,051-709-4684,부산광역시 기장군청,2025-11-17
장안읍장안리-38,1,,부산광역시 기장군 장안읍 장안리 58-2,35.36247253,129.2503445173,,한전주,051-709-4684,부산광역시 기장군청,2025-11-17
장안읍장안리-39,1,,부산광역시 기장군 장안읍 장안리 669,35.3622061188,129.2501841921,,한전주,051-709-4684,부산광역시 기장군청,2025-11-17
장안읍장안리-40,1,,부산광역시 기장군 장안읍 장안리 46-10,35.3621982687,129.2496257447,,한전주,051-709-4684,부산광역시 기장군청,2025-11-17
장안읍장안리-41,1,,부산광역시 기장군 장안읍 장안리 46-8,35.3624240811,129.2497101,,한전주,051-709-4684,부산광역시 기장군청,2025-11-17
장안읍장안리-42,1,,부산광역시 기장군 장안읍 장안리 46-4,35.36238861,129.2495422,,전용주,051-709-4684,부산광역시 기장군청,2025-11-17
장안읍장안리-43,1,,부산광역시 기장군 장안읍 장안리 46-1,35.3627707753,129.2495575,,전용주,051-709-4684,부산광역시 기장군청,2025-11-17
장안읍장안리-44,1,,부산광역시 기장군 장안읍 장안리 118-1,35.363016783,129.2495117,,전용주,051-709-4684,부산광역시 기장군청,2025-11-17
장안읍장안리-45,1,,부산광역시 기장군 장안읍 장안리 664,35.3661444734,129.2487130709,,한전주,051-709-4684,부산광역시 기장군청,2025-11-17
장안읍장안리-46,1,,부산광역시 기장군 장안읍 장안리 664,35.3661444734,129.2487130709,,한전주,051-709-4684,부산광역시 기장군청,2025-11-17
장안읍장안리-47,1,,부산광역시 기장군 장안읍 장안리 248-3,35.3644211744,129.2479120057,,한전주,051-709-4684,부산광역시 기장군청,2025-11-17
장안읍장안리-48,1,,부산광역시 기장군 장안읍 장안리 666-3,35.3644503155,129.246642849,,한전주,051-709-4684,부산광역시 기장군청,2025-11-17
장안읍장안리-49,1,,부산광역시 기장군 장안읍 장안리 258,35.3655926264,129.244812,,한전주,051-709-4684,부산광역시 기장군청,2025-11-17
장안읍장안리-50,1,,부산광역시 기장군 장안읍 장안리 139-11,35.36310577,129.248230,,한전주,051-709-4684,부산광역시 기장군청,2025-11-17
장안읍장안리-51,1,,부산광역시 기장군 장안읍 장안리 198-7,35.3632005941,129.2473778131,,한전주,051-709-4684,부산광역시 기장군청,2025-11-17
장안읍장안리-52,1,,부산광역시 기장군 장안읍 장안리 198-12,35.3627567122,129.2475231397,,한전주,051-709-4684,부산광역시 기장군청,2025-11-17
장안읍좌동리-1,1,,부산광역시 기장군 장안읍 좌동리 439-9,35.3187777014,129.24250053,,한전주,051-709-4684,부산광역시 기장군청,2025-11-17
장안읍좌동리-2,1,,부산광역시 기장군 장안읍 좌동리 440-5,35.3189500852,129.2423459226,,한전주,051-709-4684,부산광역시 기장군청,2025-11-17
장안읍좌동리-3,1,,부산광역시 기장군 장안읍 좌동리 573-35,35.3215888406,129.2408482461,,한전주,051-709-4684,부산광역시 기장군청,2025-11-17
장안읍좌동리-4,1,,부산광역시 기장군 장안읍 좌동리 573-35,35.3215888406,129.2408482461,,한전주,051-709-4684,부산광역시 기장군청,2025-11-17
장안읍좌동리-5,1,,부산광역시 기장군 장안읍 좌동리 573-35,35.3215888406,129.2408482461,,한전주,051-709-4684,부산광역시 기장군청,2025-11-17
장안읍좌동리-6,1,,부산광역시 기장군 장안읍 좌동리 573-9,35.3189888,129.2439575,,한전주,051-709-4684,부산광역시 기장군청,2025-11-17
장안읍좌동리-7,1,,부산광역시 기장군 장안읍 좌동리 573-35,35.3215888406,129.2408482461,,전용주,051-709-4684,부산광역시 기장군청,2025-11-17
장안읍좌동리-8,1,,부산광역시 기장군 장안읍 좌동리 573-35,35.3215888406,129.2408482461,,전용주,051-709-4684,부산광역시 기장군청,2025-11-17
장안읍좌동리-9,1,,부산광역시 기장군 장안읍 좌동리 575-2,35.31897354,129.2442322,,한전주,051-709-4684,부산광역시 기장군청,2025-11-17
장안읍좌동리-10,1,,부산광역시 기장군 장안읍 좌동리 420-1,35.31809616,129.2442169,,전용주,051-709-4684,부산광역시 기장군청,2025-11-17
장안읍좌동리-11,1,,부산광역시 기장군 장안읍 좌동리 420-1,35.3180194181,129.2442219015,,한전주,051-709-4684,부산광역시 기장군청,2025-11-17
장안읍좌동리-12,1,,부산광역시 기장군 장안읍 좌동리 423,35.31753922,129.2447482125,,한전주,051-709-4684,부산광역시 기장군청,2025-11-17
장안읍좌동리-13,1,,부산광역시 기장군 장안읍 좌동리 413,35.3182979335,129.2449036,,한전주,051-709-4684,부산광역시 기장군청,2025-11-17
장안읍좌동리-14,1,,부산광역시 기장군 장안읍 좌동리 413,35.31829071,129.244992471,,한전주,051-709-4684,부산광역시 기장군청,2025-11-17
장안읍좌동리-15,1,,부산광역시 기장군 장안읍 좌동리 576,35.3184130056,129.2456470946,,한전주,051-709-4684,부산광역시 기장군청,2025-11-17
장안읍좌동리-16,1,,부산광역시 기장군 장안읍 좌동리 576,35.3184130056,129.2456470946,,한전주,051-709-4684,부산광역시 기장군청,2025-11-17
장안읍좌동리-17,1,,부산광역시 기장군 장안읍 좌동리 577,35.3185196844,129.2459779152,,한전주,051-709-4684,부산광역시 기장군청,2025-11-17
장안읍좌동리-18,1,,부산광역시 기장군 장안읍 좌동리 87-2,35.3365593,129.2467911158,,한전주,051-709-4684,부산광역시 기장군청,2025-11-17
장안읍좌동리-19,1,,부산광역시 기장군 장안읍 좌동리 561-4,35.3359727103,129.2469177,,한전주,051-709-4684,부산광역시 기장군청,2025-11-17
장안읍좌동리-20,1,,부산광역시 기장군 장안읍 좌동리 201,35.32673645,129.2428146709,,한전주,051-709-4684,부산광역시 기장군청,2025-11-17
장안읍좌동리-21,1,,부산광역시 기장군 장안읍 좌동리 194-5,35.32669067,129.2405477622,,한전주,051-709-4684,부산광역시 기장군청,2025-11-17
장안읍좌동리-24,1,,부산광역시 기장군 장안읍 좌동리 178,35.3265021064,129.2394357466,,한전주,051-709-4684,부산광역시 기장군청,2025-11-17
장안읍좌동리-26,1,,부산광역시 기장군 장안읍 좌동리 203-8,35.32612228,129.2401746775,,한전주,051-709-4684,부산광역시 기장군청,2025-11-17
장안읍좌동리-27,1,,부산광역시 기장군 장안읍 좌동리 187-21,35.3259629759,129.2407532,,한전주,051-709-4684,부산광역시 기장군청,2025-11-17
장안읍좌동리-28,1,,부산광역시 기장군 장안읍 좌동리 산 38-13,35.3259192612,129.2409901313,,한전주,051-709-4684,부산광역시 기장군청,2025-11-17
장안읍좌동리-29,1,,부산광역시 기장군 장안읍 좌동리 산 38-9,35.32627487,129.2411346,,한전주,051-709-4684,부산광역시 기장군청,2025-11-17
장안읍좌동리-30,1,,부산광역시 기장군 장안읍 좌동리 산 38-1,35.3262267718,129.2412262,,전용주,051-709-4684,부산광역시 기장군청,2025-11-17
장안읍좌동리-31,1,,부산광역시 기장군 장안읍 좌동리 204-1,35.325336835,129.240448,,한전주,051-709-4684,부산광역시 기장군청,2025-11-17
장안읍좌동리-32,1,,부산광역시 기장군 장안읍 좌동리 205-1,35.3249321,129.2402191,,한전주,051-709-4684,부산광역시 기장군청,2025-11-17
장안읍좌동리-33,1,,부산광역시 기장군 장안읍 좌동리 281-13,35.32244492,129.2421417,,건축물,051-709-4684,부산광역시 기장군청,2025-11-17
장안읍좌동리-34,1,,부산광역시 기장군 장안읍 좌동리 266,35.32078934,129.2420654,,한전주,051-709-4684,부산광역시 기장군청,2025-11-17
장안읍좌동리-35,1,,부산광역시 기장군 장안읍 좌동리 446,35.3205620954,129.2420502,,한전주,051-709-4684,부산광역시 기장군청,2025-11-17
장안읍좌동리-36,1,,부산광역시 기장군 장안읍 좌동리 573-35,35.3215888406,129.2408482461,,한전주,051-709-4684,부산광역시 기장군청,2025-11-17
장안읍좌동리-37,1,,부산광역시 기장군 장안읍 좌동리 450-3,35.31913376,129.2420233592,,전용주,051-709-4684,부산광역시 기장군청,2025-11-17
장안읍좌동리-38,1,,부산광역시 기장군 장안읍 좌동리 455,35.31880188,129.2418671,,건축물,051-709-4684,부산광역시 기장군청,2025-11-17
장안읍좌동리-39,1,,부산광역시 기장군 장안읍 좌동리 484,35.3188603865,129.240994607,,한전주,051-709-4684,부산광역시 기장군청,2025-11-17
장안읍좌동리-40,1,,부산광역시 기장군 장안읍 좌동리 489-3,35.3183285717,129.2410825221,,한전주,051-709-4684,부산광역시 기장군청,2025-11-17
장안읍좌동리-41,1,,부산광역시 기장군 장안읍 좌동리 487,35.31843185,129.2414411077,,건축물,051-709-4684,부산광역시 기장군청,2025-11-17
장안읍좌동리-42,1,,부산광역시 기장군 장안읍 좌동리 500,35.3187113571,129.2417721704,,한전주,051-709-4684,부산광역시 기장군청,2025-11-17
장안읍좌동리-43,1,,부산광역시 기장군 장안읍 좌동리 588,35.3189724202,129.2422309957,,전용주,051-709-4684,부산광역시 기장군청,2025-11-17
장안읍좌천리-1,1,,부산광역시 기장군 장안읍 좌천리 250-9,35.31367111,129.2447443788,,한전주,051-709-4684,부산광역시 기장군청,2025-11-17
장안읍좌천리-2,1,,부산광역시 기장군 장안읍 좌천리 554-6,35.31386948,129.2452698,,한전주,051-709-4684,부산광역시 기장군청,2025-11-17
장안읍좌천리-3,1,,부산광역시 기장군 장안읍 좌천리 250-19,35.31366305,129.2445497264,2025,한전주,051-709-4684,부산광역시 기장군청,2025-11-17
장안읍좌천리-4,1,,부산광역시 기장군 장안읍 좌천리 249-3,35.3133965517,129.2439850871,2025,한전주,051-709-4684,부산광역시 기장군청,2025-11-17
장안읍좌천리-5,1,,부산광역시 기장군 장안읍 좌천리 261,35.3150565225,129.2432798763,,한전주,051-709-4684,부산광역시 기장군청,2025-11-17
장안읍좌천리-6,1,,부산광역시 기장군 장안읍 좌천리 470-2,35.3178688515,129.2414917137,,한전주,051-709-4684,부산광역시 기장군청,2025-11-17
장안읍좌천리-7,1,,부산광역시 기장군 장안읍 좌천리 330-2,35.3149750244,129.242431666,,한전주,051-709-4684,부산광역시 기장군청,2025-11-17
장안읍좌천리-8,1,,부산광역시 기장군 장안읍 좌천리 516-17,35.3157018149,129.2407805202,,한전주,051-709-4684,부산광역시 기장군청,2025-11-17
장안읍좌천리-9,1,,부산광역시 기장군 장안읍 좌천리 52-12,35.30882645,129.2425079,,한전주,051-709-4684,부산광역시 기장군청,2025-11-17
장안읍좌천리-10,1,,부산광역시 기장군 장안읍 좌천리 351-3,35.3162486075,129.240622655,,한전주,051-709-4684,부산광역시 기장군청,2025-11-17
장안읍좌천리-11,1,,부산광역시 기장군 장안읍 좌천리 362-1,35.3163654538,129.23999932,,한전주,051-709-4684,부산광역시 기장군청,2025-11-17
장안읍좌천리-26,1,,부산광역시 기장군 장안읍 좌천리 425,35.3187590097,129.2361258074,,전용주,051-709-4684,부산광역시 기장군청,2025-11-17
장안읍좌천리-29,1,,부산광역시 기장군 장안읍 좌천리 341-1,35.31592941,129.2412984663,,한전주,051-709-4684,부산광역시 기장군청,2025-11-17
장안읍좌천리-30,1,,부산광역시 기장군 장안읍 좌천리 516-17,35.3157018149,129.2407805202,,한전주,051-709-4684,부산광역시 기장군청,2025-11-17
장안읍좌천리-31,1,,부산광역시 기장군 장안읍 좌천리 370-3,35.3155916773,129.2405458,,전용주,051-709-4684,부산광역시 기장군청,2025-11-17
장안읍좌천리-32,1,,부산광역시 기장군 장안읍 좌천리 329-5,35.3145446918,129.2423859,,한전주,051-709-4684,부산광역시 기장군청,2025-11-17
장안읍좌천리-33,1,,부산광역시 기장군 장안읍 좌천리 531,35.3141897932,129.2422435188,,건축물,051-709-4684,부산광역시 기장군청,2025-11-17
장안읍좌천리-34,1,,부산광역시 기장군 장안읍 좌천리 269-2,35.31446838,129.2424469,,한전주,051-709-4684,부산광역시 기장군청,2025-11-17
장안읍좌천리-35,1,,부산광역시 기장군 장안읍 좌천리 516-42,35.3144162671,129.2429352,,한전주,051-709-4684,부산광역시 기장군청,2025-11-17
장안읍좌천리-36,1,,부산광역시 기장군 장안읍 좌천리 285-6,35.3139658377,129.2422333,,한전주,051-709-4684,부산광역시 기장군청,2025-11-17
장안읍좌천리-37,1,,부산광역시 기장군 장안읍 좌천리 271-2,35.31394196,129.2425802968,,한전주,051-709-4684,부산광역시 기장군청,2025-11-17
장안읍좌천리-38,1,,부산광역시 기장군 장안읍 좌천리 271-1,35.31389618,129.2431441837,,전용주,051-709-4684,부산광역시 기장군청,2025-11-17
장안읍좌천리-39,1,,부산광역시 기장군 장안읍 좌천리 271-1,35.31389236,129.2431441837,,전용주,051-709-4684,부산광역시 기장군청,2025-11-17
장안읍좌천리-40,1,,부산광역시 기장군 장안읍 좌천리 193-5,35.313593768,129.2433167,,한전주,051-709-4684,부산광역시 기장군청,2025-11-17
장안읍좌천리-41,1,,부산광역시 기장군 장안읍 좌천리 273-3,35.3142380971,129.2433452154,,전용주,051-709-4684,부산광역시 기장군청,2025-11-17
장안읍좌천리-42,1,,부산광역시 기장군 장안읍 좌천리 193-6,35.3132245661,129.2431895549,,한전주,051-709-4684,부산광역시 기장군청,2025-11-17
장안읍좌천리-43,1,,부산광역시 기장군 장안읍 좌천리 193-2,35.31309891,129.2431946,,한전주,051-709-4684,부산광역시 기장군청,2025-11-17
장안읍좌천리-44,1,,부산광역시 기장군 장안읍 좌천리 175-1,35.31312943,129.2427368,,한전주,051-709-4684,부산광역시 기장군청,2025-11-17
장안읍좌천리-45,1,,부산광역시 기장군 장안읍 좌천리 175-10,35.3131391566,129.2425414808,,한전주,051-709-4684,부산광역시 기장군청,2025-11-17
장안읍좌천리-48,1,,부산광역시 기장군 장안읍 좌천리 516,35.31355667,129.2416186003,,전용주,051-709-4684,부산광역시 기장군청,2025-11-17
장안읍좌천리-49,1,,부산광역시 기장군 장안읍 좌천리 516,35.3135622603,129.2416186003,,한전주,051-709-4684,부산광역시 기장군청,2025-11-17
장안읍좌천리-50,1,,부산광역시 기장군 장안읍 좌천리 166-1,35.31342316,129.2424567988,,한전주,051-709-4684,부산광역시 기장군청,2025-11-17
장안읍좌천리-51,1,,부산광역시 기장군 장안읍 좌천리 294,35.31369781,129.2417533168,,한전주,051-709-4684,부산광역시 기장군청,2025-11-17
장안읍좌천리-52,1,,부산광역시 기장군 장안읍 좌천리 516,35.3135622603,129.2416687,,한전주,051-709-4684,부산광역시 기장군청,2025-11-17
장안읍좌천리-53,1,,부산광역시 기장군 장안읍 좌천리 295,35.31362915,129.2415829009,,한전주,051-709-4684,부산광역시 기장군청,2025-11-17
장안읍좌천리-54,1,,부산광역시 기장군 장안읍 좌천리 296-1,35.3137585043,129.2414551,,한전주,051-709-4684,부산광역시 기장군청,2025-11-17
장안읍좌천리-55,1,,부산광역시 기장군 장안읍 좌천리 297,35.31394196,129.2409070785,,건축물,051-709-4684,부산광역시 기장군청,2025-11-17
장안읍좌천리-56,1,,부산광역시 기장군 장안읍 좌천리 304-1,35.3140766286,129.2409208235,,한전주,051-709-4684,부산광역시 기장군청,2025-11-17
장안읍좌천리-57,1,,부산광역시 기장군 장안읍 좌천리 516,35.3135622603,129.2416186003,,전용주,051-709-4684,부산광역시 기장군청,2025-11-17
장안읍좌천리-58,1,,부산광역시 기장군 장안읍 좌천리 301-3,35.3136978089,129.2403421078,,한전주,051-709-4684,부산광역시 기장군청,2025-11-17
장안읍좌천리-59,1,,부산광역시 기장군 장안읍 좌천리 394-1,35.31361389,129.2399985113,,한전주,051-709-4684,부산광역시 기장군청,2025-11-17
장안읍좌천리-60,1,,부산광역시 기장군 장안읍 좌천리 516,35.3135622603,129.2416186003,,한전주,051-709-4684,부산광역시 기장군청,2025-11-17
장안읍좌천리-61,1,,부산광역시 기장군 장안읍 좌천리 302-1,35.3139977227,129.2405837784,,전용주,051-709-4684,부산광역시 기장군청,2025-11-17
장안읍좌천리-62,1,,부산광역시 기장군 장안읍 좌천리 516,35.3135622603,129.2416186003,,한전주,051-709-4684,부산광역시 기장군청,2025-11-17
장안읍좌천리-63,1,,부산광역시 기장군 장안읍 좌천리 381,35.3148891366,129.2403642642,,한전주,051-709-4684,부산광역시 기장군청,2025-11-17
장안읍좌천리-64,1,,부산광역시 기장군 장안읍 좌천리 145-3,35.31348419,129.2415314,,한전주,051-709-4684,부산광역시 기장군청,2025-11-17
장안읍좌천리-65,1,,부산광역시 기장군 장안읍 좌천리 144,35.31327438,129.2411804,,한전주,051-709-4684,부산광역시 기장군청,2025-11-17
장안읍좌천리-66,1,,부산광역시 기장군 장안읍 좌천리 142-2,35.31312943,129.2411652,,한전주,051-709-4684,부산광역시 기장군청,2025-11-17
장안읍좌천리-67,1,,부산광역시 기장군 장안읍 좌천리 516,35.3135622603,129.2416186003,,한전주,051-709-4684,부산광역시 기장군청,2025-11-17
장안읍좌천리-68,1,,부산광역시 기장군 장안읍 좌천리 516,35.3135622603,129.2416186003,,한전주,051-709-4684,부산광역시 기장군청,2025-11-17
장안읍좌천리-69,1,,부산광역시 기장군 장안읍 좌천리 516,35.3135622603,129.2416186003,,전용주,051-709-4684,부산광역시 기장군청,2025-11-17
장안읍좌천리-70,1,,부산광역시 기장군 장안읍 좌천리 151-4,35.3134462985,129.241684,,전용주,051-709-4684,부산광역시 기장군청,2025-11-17
장안읍좌천리-71,1,,부산광역시 기장군 장안읍 좌천리 151-6,35.3133310034,129.2416934098,,전용주,051-709-4684,부산광역시 기장군청,2025-11-17
장안읍좌천리-72,1,,부산광역시 기장군 장안읍 좌천리 516-54,35.31266022,129.2409363,,한전주,051-709-4684,부산광역시 기장군청,2025-11-17
장안읍좌천리-73,1,,부산광역시 기장군 장안읍 좌천리 516-52,35.31264496,129.2406660803,,전용주,051-709-4684,부산광역시 기장군청,2025-11-17
장안읍좌천리-74,1,,부산광역시 기장군 장안읍 좌천리 109-2,35.31275162,129.2401181989,,전용주,051-709-4684,부산광역시 기장군청,2025-11-17
장안읍좌천리-75,1,,부산광역시 기장군 장안읍 좌천리 109,35.31296539,129.2398834,,한전주,051-709-4684,부산광역시 기장군청,2025-11-17
장안읍좌천리-76,1,,부산광역시 기장군 장안읍 좌천리 516-50,35.31315613,129.2392735729,,한전주,051-709-4684,부산광역시 기장군청,2025-11-17
장안읍좌천리-77,1,,부산광역시 기장군 장안읍 좌천리 89-1,35.31254083,129.2401892161,,전용주,051-709-4684,부산광역시 기장군청,2025-11-17
장안읍좌천리-78,1,,부산광역시 기장군 장안읍 좌천리 88-1,35.3124583174,129.2400513,,한전주,051-709-4684,부산광역시 기장군청,2025-11-17
장안읍좌천리-79,1,,부산광역시 기장군 장안읍 좌천리 80-2,35.31214905,129.2397156,,한전주,051-709-4684,부산광역시 기장군청,2025-11-17
장안읍좌천리-80,1,,부산광역시 기장군 장안읍 좌천리 75-8,35.3125388228,129.2426392708,,한전주,051-709-4684,부산광역시 기장군청,2025-11-17
장안읍좌천리-81,1,,부산광역시 기장군 장안읍 좌천리 75-8,35.3125388228,129.2426453,,한전주,051-709-4684,부산광역시 기장군청,2025-11-17
장안읍좌천리-82,1,,부산광역시 기장군 장안읍 좌천리 75-8,35.3125388228,129.242630,,한전주,051-709-4684,부산광역시 기장군청,2025-11-17
장안읍좌천리-83,1,,부산광역시 기장군 장안읍 좌천리 75-8,35.3125388228,129.2426453,,한전주,051-709-4684,부산광역시 기장군청,2025-11-17
장안읍좌천리-84,1,,부산광역시 기장군 장안읍 좌천리 189-1,35.3128891,129.243103,,건축물,051-709-4684,부산광역시 기장군청,2025-11-17
장안읍좌천리-85,1,,부산광역시 기장군 장안읍 좌천리 180-3,35.3123125215,129.2430573,,건축물,051-709-4684,부산광역시 기장군청,2025-11-17
장안읍좌천리-86,1,,부산광역시 기장군 장안읍 좌천리 188,35.31225586,129.2432544524,,한전주,051-709-4684,부산광역시 기장군청,2025-11-17
장안읍좌천리-87,1,,부산광역시 기장군 장안읍 좌천리 201,35.3123918831,129.2434681283,,전용주,051-709-4684,부산광역시 기장군청,2025-11-17
장안읍좌천리-88,1,,부산광역시 기장군 장안읍 좌천리 198-1,35.3124585743,129.2436066,,건축물,051-709-4684,부산광역시 기장군청,2025-11-17
장안읍좌천리-89,1,,부산광역시 기장군 장안읍 좌천리 203-4,35.31192017,129.2434444531,,건축물,051-709-4684,부산광역시 기장군청,2025-11-17
장안읍좌천리-90,1,,부산광역시 기장군 장안읍 좌천리 187,35.31203461,129.2430725,,전용주,051-709-4684,부산광역시 기장군청,2025-11-17
장안읍좌천리-91,1,,부산광역시 기장군 장안읍 좌천리 204-3,35.31188965,129.2428284,,건축물,051-709-4684,부산광역시 기장군청,2025-11-17
장안읍좌천리-92,1,,부산광역시 기장군 장안읍 좌천리 123-2,35.3111767857,129.2423189341,,한전주,051-709-4684,부산광역시 기장군청,2025-11-17
장안읍좌천리-93,1,,부산광역시 기장군 장안읍 좌천리 70-6,35.3105861564,129.2410342012,,한전주,051-709-4684,부산광역시 기장군청,2025-11-17
장안읍좌천리-94,1,,부산광역시 기장군 장안읍 좌천리 121-1,35.311067478,129.2409208978,,한전주,051-709-4684,부산광역시 기장군청,2025-11-17
장안읍좌천리-95,1,,부산광역시 기장군 장안읍 좌천리 116-5,35.3111402522,129.2408752,,전용주,051-709-4684,부산광역시 기장군청,2025-11-17
장안읍좌천리-96,1,,부산광역시 기장군 장안읍 좌천리 534-7,35.3113122965,129.2404196099,,한전주,051-709-4684,부산광역시 기장군청,2025-11-17
장안읍좌천리-97,1,,부산광역시 기장군 장안읍 좌천리 116-11,35.31141663,129.2406158,,한전주,051-709-4684,부산광역시 기장군청,2025-11-17
장안읍좌천리-98,1,,부산광역시 기장군 장안읍 좌천리 71-19,35.3100775451,129.2409058,,한전주,051-709-4684,부산광역시 기장군청,2025-11-17
장안읍좌천리-99,1,,부산광역시 기장군 장안읍 좌천리 516-47,35.3104702871,129.2405878871,,한전주,051-709-4684,부산광역시 기장군청,2025-11-17
장안읍좌천리-100,1,,부산광역시 기장군 장안읍 좌천리 516-48,35.3107912889,129.2402854604,,한전주,051-709-4684,부산광역시 기장군청,2025-11-17
장안읍좌천리-101,1,,부산광역시 기장군 장안읍 좌천리 72-17,35.3109483088,129.2403412,,건축물,051-709-4684,부산광역시 기장군청,2025-11-17
장안읍좌천리-102,1,,부산광역시 기장군 장안읍 좌천리 72-7,35.3113063881,129.2402366592,,한전주,051-709-4684,부산광역시 기장군청,2025-11-17
장안읍좌천리-103,1,,부산광역시 기장군 장안읍 좌천리 72-7,35.3113063881,129.2402366592,,한전주,051-709-4684,부산광역시 기장군청,2025-11-17
장안읍좌천리-104,1,,부산광역시 기장군 장안읍 좌천리 534-15,35.3113939503,129.239773809,,한전주,051-709-4684,부산광역시 기장군청,2025-11-17
장안읍좌천리-105,1,,부산광역시 기장군 장안읍 좌천리 77-1,35.3121928416,129.239062474,,한전주,051-709-4684,부산광역시 기장군청,2025-11-17
장안읍좌천리-106,1,,부산광역시 기장군 장안읍 좌천리 77-1,35.3121928416,129.239062474,,한전주,051-709-4684,부산광역시 기장군청,2025-11-17
장안읍좌천리-107,1,,부산광역시 기장군 장안읍 좌천리 84-4,35.3125514162,129.2390289,,한전주,051-709-4684,부산광역시 기장군청,2025-11-17
장안읍좌천리-108,1,,부산광역시 기장군 장안읍 좌천리 85-3,35.3127859099,129.2388995337,,한전주,051-709-4684,부산광역시 기장군청,2025-11-17
장안읍좌천리-109,1,,부산광역시 기장군 장안읍 좌천리 91-4,35.3132817742,129.2386627013,,한전주,051-709-4684,부산광역시 기장군청,2025-11-17
장안읍좌천리-110,1,,부산광역시 기장군 장안읍 좌천리 510-1,35.3120992991,129.2389127634,,한전주,051-709-4684,부산광역시 기장군청,2025-11-17
장안읍좌천리-113,1,,부산광역시 기장군 장안읍 좌천리 510-1,35.3120992991,129.2389127634,,한전주,051-709-4684,부산광역시 기장군청,2025-11-17
장안읍좌천리-114,1,,부산광역시 기장군 장안읍 좌천리 52-12,35.3088423923,129.2425764176,,한전주,051-709-4684,부산광역시 기장군청,2025-11-17
장안읍좌천리-115,1,,부산광역시 기장군 장안읍 좌천리 52-3,35.3086682093,129.2427852756,,한전주,051-709-4684,부산광역시 기장군청,2025-11-17
장안읍좌천리-116,1,,부산광역시 기장군 장안읍 좌천리 58,35.30865479,129.2422943,,한전주,051-709-4684,부산광역시 기장군청,2025-11-17
장안읍좌천리-117,1,,부산광역시 기장군 장안읍 좌천리 525-4,35.3085655145,129.2423595354,,한전주,051-709-4684,부산광역시 기장군청,2025-11-17
장안읍좌천리-118,1,,부산광역시 기장군 장안읍 좌천리 510-169,35.30832672,129.2429095002,,한전주,051-709-4684,부산광역시 기장군청,2025-11-17
장안읍좌천리-119,1,,부산광역시 기장군 장안읍 좌천리 525-7,35.3082530534,129.2429747528,,한전주,051-709-4684,부산광역시 기장군청,2025-11-17
장안읍좌천리-121,1,,부산광역시 기장군 장안읍 좌천리 510-183,35.3083305232,129.2443509382,,한전주,051-709-4684,부산광역시 기장군청,2025-11-17
장안읍좌천리-122,1,,부산광역시 기장군 장안읍 좌천리 510-84,35.30818176,129.2438965,,한전주,051-709-4684,부산광역시 기장군청,2025-11-17
장안읍좌천리-123,1,,부산광역시 기장군 장안읍 좌천리 510-80,35.3084289427,129.2442041204,,한전주,051-709-4684,부산광역시 기장군청,2025-11-17
장안읍좌천리-124,1,,부산광역시 기장군 장안읍 좌천리 510-99,35.3085629981,129.2447895429,,한전주,051-709-4684,부산광역시 기장군청,2025-11-17
장안읍좌천리-125,1,,부산광역시 기장군 장안읍 좌천리 510-34,35.3095844334,129.2453082492,,한전주,051-709-4684,부산광역시 기장군청,2025-11-17
장안읍좌천리-126,1,,부산광역시 기장군 장안읍 좌천리 48-19,35.3088356533,129.2445786601,,한전주,051-709-4684,부산광역시 기장군청,2025-11-17
장안읍좌천리-127,1,,부산광역시 기장군 장안읍 좌천리 40-14,35.3091755768,129.244812,,한전주,051-709-4684,부산광역시 기장군청,2025-11-17
장안읍좌천리-128,1,,부산광역시 기장군 장안읍 좌천리 510-279,35.3094010495,129.2449493,,한전주,051-709-4684,부산광역시 기장군청,2025-11-17
장안읍좌천리-129,1,,부산광역시 기장군 장안읍 좌천리 510-279,35.3094010495,129.2449799,,한전주,051-709-4684,부산광역시 기장군청,2025-11-17
장안읍좌천리-130,1,,부산광역시 기장군 장안읍 좌천리 40-13,35.3098956922,129.2449799,,한전주,051-709-4684,부산광역시 기장군청,2025-11-17
장안읍좌천리-131,1,,부산광역시 기장군 장안읍 좌천리 510-98,35.30979538,129.2450867,,전용주,051-709-4684,부산광역시 기장군청,2025-11-17
장안읍좌천리-132,1,,부산광역시 기장군 장안읍 좌천리 224-4,35.3103028441,129.2448978841,,한전주,051-709-4684,부산광역시 기장군청,2025-11-17
장안읍좌천리-133,1,,부산광역시 기장군 장안읍 좌천리 40-7,35.3089273412,129.2443327159,,한전주,051-709-4684,부산광역시 기장군청,2025-11-17
장안읍좌천리-134,1,,부산광역시 기장군 장안읍 좌천리 510-156,35.3083866406,129.2444916,,한전주,051-709-4684,부산광역시 기장군청,2025-11-17
장안읍좌천리-135,1,,부산광역시 기장군 장안읍 좌천리 51-1,35.30861664,129.2434415294,,한전주,051-709-4684,부산광역시 기장군청,2025-11-17
장안읍좌천리-136,1,,부산광역시 기장군 장안읍 좌천리 47-6,35.3088235111,129.2437152827,,건축물,051-709-4684,부산광역시 기장군청,2025-11-17
장안읍좌천리-137,1,,부산광역시 기장군 장안읍 좌천리 51-1,35.30861282,129.2434415294,,한전주,051-709-4684,부산광역시 기장군청,2025-11-17
장안읍좌천리-138,1,,부산광역시 기장군 장안읍 좌천리 47-7,35.308941305,129.2436851182,,건축물,051-709-4684,부산광역시 기장군청,2025-11-17
장안읍좌천리-139,1,,부산광역시 기장군 장안읍 좌천리 47-5,35.3087790182,129.2433985553,,건축물,051-709-4684,부산광역시 기장군청,2025-11-17
장안읍좌천리-141,1,,부산광역시 기장군 장안읍 좌천리 45-8,35.30928065,129.2432829092,,한전주,051-709-4684,부산광역시 기장군청,2025-11-17
장안읍좌천리-142,1,,부산광역시 기장군 장안읍 좌천리 123-2,35.3111767857,129.2423189341,,전용주,051-709-4684,부산광역시 기장군청,2025-11-17
장안읍좌천리-143,1,,부산광역시 기장군 장안읍 좌천리 126-6,35.3110337141,129.242687572,,한전주,051-709-4684,부산광역시 기장군청,2025-11-17
장안읍좌천리-144,1,,부산광역시 기장군 장안읍 좌천리 210-5,35.311011139,129.2430009164,,건축물,051-709-4684,부산광역시 기장군청,2025-11-17
장안읍좌천리-145,1,,부산광역시 기장군 장안읍 좌천리 210-12,35.3107571104,129.2427521,,한전주,051-709-4684,부산광역시 기장군청,2025-11-17
장안읍좌천리-146,1,,부산광역시 기장군 장안읍 좌천리 126-30,35.3104986397,129.2424927,,한전주,051-709-4684,부산광역시 기장군청,2025-11-17
장안읍좌천리-148,1,,부산광역시 기장군 장안읍 좌천리 439-1,35.32041168,129.2378082889,,한전주,051-709-4684,부산광역시 기장군청,2025-11-17
장안읍좌천리-149,1,,부산광역시 기장군 장안읍 좌천리 506-1,35.32263565,129.2318573,,건축물,051-709-4684,부산광역시 기장군청,2025-11-17
장안읍좌천리-150,1,,부산광역시 기장군 장안읍 좌천리 509-6,35.3232941182,129.2316895,,한전주,051-709-4684,부산광역시 기장군청,2025-11-17
장안읍좌천리-151,1,,부산광역시 기장군 장안읍 좌천리 508-6,35.32345581,129.2318726,,한전주,051-709-4684,부산광역시 기장군청,2025-11-17
장안읍좌천리-152,1,,부산광역시 기장군 장안읍 좌천리 508-6,35.32352066,129.232254,,한전주,051-709-4684,부산광역시 기장군청,2025-11-17
장안읍좌천리-153,1,,부산광역시 기장군 장안읍 좌천리 508-6,35.32385254,129.2325592,,한전주,051-709-4684,부산광역시 기장군청,2025-11-17
장안읍좌천리-154,1,,부산광역시 기장군 장안읍 좌천리 산 6-4,35.32418442,129.2324066,,한전주,051-709-4684,부산광역시 기장군청,2025-11-17
장안읍좌천리-155,1,,부산광역시 기장군 장안읍 좌천리 산 1-1,35.3241718113,129.2323338324,,한전주,051-709-4684,부산광역시 기장군청,2025-11-17
장안읍좌천리-156,1,,부산광역시 기장군 장안읍 좌천리 439-1,35.3204023518,129.2378845,,건축물,051-709-4684,부산광역시 기장군청,2025-11-17
장안읍좌천리-157,1,,부산광역시 기장군 장안읍 좌천리 506-1,,,2018,한전주,051-709-4684,부산광역시 기장군청,2025-11-17
장안읍좌천리-158,1,,부산광역시 기장군 장안읍 좌천리 508-6,,,2018,한전주,051-709-4684,부산광역시 기장군청,2025-11-17
장안읍좌천리-159,1,,부산광역시 기장군 장안읍 좌천리 510-114,35.3101721624,129.2450285377,2018,한전주,051-709-4684,부산광역시 기장군청,2025-11-17
장안읍좌천리-160,1,,부산광역시 기장군 장안읍 좌천리 510-281,35.3108046042,129.2449088542,2018,한전주,051-709-4684,부산광역시 기장군청,2025-11-17
장안읍좌천리-161,1,,부산광역시 기장군 장안읍 좌천리 242-11,35.3115827495,129.245852152,2018,한전주,051-709-4684,부산광역시 기장군청,2025-11-17
장안읍좌천리-162,1,,부산광역시 기장군 장안읍 좌천리 242-11,35.3115827495,129.245852152,2018,한전주,051-709-4684,부산광역시 기장군청,2025-11-17
장안읍좌천리-163,1,,부산광역시 기장군 장안읍 좌천리 242-11,35.3115827495,129.245852152,2018,한전주,051-709-4684,부산광역시 기장군청,2025-11-17
장안읍좌천리-164,1,,부산광역시 기장군 장안읍 좌천리 242-11,35.3115827495,129.245852152,2018,한전주,051-709-4684,부산광역시 기장군청,2025-11-17
장전리09-031임시보안등위치확인필요/표찰없음,1,,부산광역시 기장군 철마면 장전리 179,35.2668387373,129.1485684,2025,,051-709-4684,부산광역시 기장군청,2025-11-17
정관읍672,1,,부산광역시 기장군 정관읍 매학리 442-1,35.3198091188,129.1706725599,2019,한전주,051-709-4684,부산광역시 기장군청,2025-11-17
정관읍673,1,,부산광역시 기장군 정관읍 매학리 568,35.31953253,129.1700461106,2019,한전주,051-709-4684,부산광역시 기장군청,2025-11-17
정관읍674,1,,부산광역시 기장군 정관읍 용수리 525-2,35.3329360964,129.1726522017,2019,한전주,051-709-4684,부산광역시 기장군청,2025-11-17
정관읍675,1,,부산광역시 기장군 정관읍 매학리 475-38,35.31794248,129.1665897549,2019,한전주,051-709-4684,부산광역시 기장군청,2025-11-17
정관읍676,1,,부산광역시 기장군 정관읍 매학리 산 31-4,35.3179154,129.1672088,2019,한전주,051-709-4684,부산광역시 기장군청,2025-11-17
정관읍677,1,,부산광역시 기장군 정관읍 예림리 403-3,35.3295189894,129.2061989769,2019,한전주,051-709-4684,부산광역시 기장군청,2025-11-17
정관읍678,1,,부산광역시 기장군 정관읍 예림리 403-3,35.3295189894,129.2061989769,2019,한전주,051-709-4684,부산광역시 기장군청,2025-11-17
정관읍679,1,,부산광역시 기장군 정관읍 용수리 용수1길 16-26,,,2019,한전주,051-709-4684,부산광역시 기장군청,2025-11-17
정관읍680,1,,부산광역시 기장군 정관읍 월평리 197-4,35.3620311117,129.1376005628,,한전주,051-709-4684,부산광역시 기장군청,2025-11-17
정관읍681,1,,부산광역시 기장군 정관읍 용수리 335,35.3323794725,129.1785334245,,한전주,051-709-4684,부산광역시 기장군청,2025-11-17
정관읍682,1,,부산광역시 기장군 정관읍 용수리 336-1,35.3321543547,129.1787442694,2019,한전주,051-709-4684,부산광역시 기장군청,2025-11-17
정관읍683,1,,부산광역시 기장군 정관읍 병산리 254,35.3446909418,129.1890697096,2019,한전주,051-709-4684,부산광역시 기장군청,2025-11-17
정관읍684,1,,부산광역시 기장군 정관읍 병산리 227,35.3441833591,129.1923828,2019,한전주,051-709-4684,부산광역시 기장군청,2025-11-17
정관읍685,1,,부산광역시 기장군 정관읍 병산리 197,35.3431687866,129.1933656763,2019,한전주,051-709-4684,부산광역시 기장군청,2025-11-17
정관읍686,1,,부산광역시 기장군 정관읍 병산리 196,35.3434135208,129.1942833159,2019,한전주,051-709-4684,부산광역시 기장군청,2025-11-17
정관읍687,1,,부산광역시 기장군 정관읍 병산리 387번지 도로옆,35.34971603,129.1876992,2019,한전주,051-709-4684,부산광역시 기장군청,2025-11-17
정관읍688,1,,부산광역시 기장군 정관읍 병산리 산 37-2,35.35154917,129.1880702111,2019,한전주,051-709-4684,부산광역시 기장군청,2025-11-17
정관읍689,1,,부산광역시 기장군 정관읍 용수리 1021-16,35.32948155,129.1625936809,2019,한전주,051-709-4684,부산광역시 기장군청,2025-11-17
정관읍690,1,,부산광역시 기장군 정관읍 용수리 15,35.3318095425,129.182890696,2020,한전주,051-709-4684,부산광역시 기장군청,2025-11-17
정관읍691,1,,부산광역시 기장군 정관읍 두명리 359-1,35.3560020772,129.1490159,2020,한전주,051-709-4684,부산광역시 기장군청,2025-11-17
정관읍692,1,,부산광역시 기장군 정관읍 두명리 132-1,35.3551727706,129.1496035037,2020,한전주,051-709-4684,부산광역시 기장군청,2025-11-17
정관읍693,1,,부산광역시 기장군 정관읍 용수리 537-3,35.332693781,129.1714067,2020,건축물,051-709-4684,부산광역시 기장군청,2025-11-17
정관읍694,1,,부산광역시 기장군 정관읍 매학리 산 18-13,35.3152054981,129.1676566018,2020,한전주,051-709-4684,부산광역시 기장군청,2025-11-17
정관읍695,1,,부산광역시 기장군 정관읍 매학리 525-8,35.3153072094,129.1659211682,2020,한전주,051-709-4684,부산광역시 기장군청,2025-11-17
정관읍696,1,,부산광역시 기장군 정관읍 모전리 563-2,35.3305544654,129.1578601328,2019,한전주,051-709-4684,부산광역시 기장군청,2025-11-17
정관읍697,1,,부산광역시 기장군 정관읍 달산리 1108,35.3165063084,129.1962984782,2019,한전주,051-709-4684,부산광역시 기장군청,2025-11-17
정관읍698,1,,부산광역시 기장군 정관읍 모전리 563-1,35.3304519187,129.1588993982,2019,한전주,051-709-4684,부산광역시 기장군청,2025-11-17
정관읍699,1,,부산광역시 기장군 정관읍 용수리 1391,35.3229686731,129.170624734,2020,전용주,051-709-4684,부산광역시 기장군청,2025-11-17
정관읍700,1,,부산광역시 기장군 정관읍 용수리 1391,35.3229686731,129.170624734,2020,전용주,051-709-4684,부산광역시 기장군청,2025-11-17
정관읍701,1,,부산광역시 기장군 정관읍 용수리 445-3,35.3366124827,129.1723016035,2022,한전주,051-709-4684,부산광역시 기장군청,2025-11-17
정관읍702,1,,부산광역시 기장군 정관읍 달산리 44-61,35.3156839109,129.201792,2022,한전주,051-709-4684,부산광역시 기장군청,2025-11-17
정관읍703,1,,부산광역시 기장군 정관읍 달산리 246-7,35.3157714217,129.2002584,2022,한전주,051-709-4684,부산광역시 기장군청,2025-11-17
정관읍704,1,,부산광역시 기장군 정관읍 모전리 547,35.3304079373,129.1620096864,2022,한전주,051-709-4684,부산광역시 기장군청,2025-11-17
정관읍705,1,,부산광역시 기장군 정관읍 임곡리 128-1,35.35465468,129.1403811,2022,한전주,051-709-4684,부산광역시 기장군청,2025-11-17
정관읍706,1,,부산광역시 기장군 정관읍 두명리 317-1,35.35627953,129.1425107065,2022,한전주,051-709-4684,부산광역시 기장군청,2025-11-17
정관읍707,1,,부산광역시 기장군 정관읍 월평리 152,35.3567581207,129.1405695935,2022,한전주,051-709-4684,부산광역시 기장군청,2025-11-17
정관읍708,1,,부산광역시 기장군 정관읍 임곡리 129,35.3549842621,129.1406064513,2022,한전주,051-709-4684,부산광역시 기장군청,2025-11-17
정관읍709,1,,부산광역시 기장군 정관읍 매학리 575,35.3194963527,129.1688177467,2022,한전주,051-709-4684,부산광역시 기장군청,2025-11-17
정관읍710,1,,부산광역시 기장군 정관읍 매학리 426-10,35.3200895047,129.1689089,2022,한전주,051-709-4684,부산광역시 기장군청,2025-11-17
정관읍711,1,,부산광역시 기장군 정관읍 매학리 413,35.31960634,129.168139,2022,한전주,051-709-4684,부산광역시 기장군청,2025-11-17
정관읍712,1,,부산광역시 기장군 정관읍 임곡리 93,35.3539883462,129.1366849357,2022,한전주,051-709-4684,부산광역시 기장군청,2025-11-17
정관읍713,1,,부산광역시 기장군 정관읍 매학리 531-1,35.3188475645,129.1643852335,2022,한전주,051-709-4684,부산광역시 기장군청,2025-11-17
정관읍714,1,,부산광역시 기장군 정관읍 매학리 531-1,35.3188173,129.1643852335,2022,한전주,051-709-4684,부산광역시 기장군청,2025-11-17
정관읍715,1,,부산광역시 기장군 정관읍 병산리 산 101-1,35.35138438,129.1974342,2022,한전주,051-709-4684,부산광역시 기장군청,2025-11-17
정관읍716,1,,부산광역시 기장군 정관읍 예림리 836-14,35.324214754,129.201470484,2023,한전주,051-709-4684,부산광역시 기장군청,2025-11-17
정관읍717,1,,부산광역시 기장군 정관읍 예림리 609-1,35.3264448899,129.2082058,2023,한전주,051-709-4684,부산광역시 기장군청,2025-11-17
정관읍718,1,,부산광역시 기장군 정관읍 예림리 621,35.3252683108,129.2066068,2023,한전주,051-709-4684,부산광역시 기장군청,2025-11-17
정관읍719,1,,부산광역시 기장군 정관읍 예림리 1096,35.3200019104,129.2131212697,2023,한전주,051-709-4684,부산광역시 기장군청,2025-11-17
정관읍720,1,,부산광역시 기장군 정관읍 예림리 1096,35.3200019104,129.2131212697,2023,한전주,051-709-4684,부산광역시 기장군청,2025-11-17
정관읍722,1,,부산광역시 기장군 정관읍 예림리 203-6,35.3193384925,129.2133587,2023,한전주,051-709-4684,부산광역시 기장군청,2025-11-17
정관읍723,1,,부산광역시 기장군 정관읍 예림리 203-6,35.3193384925,129.2133517,2023,한전주,051-709-4684,부산광역시 기장군청,2025-11-17
정관읍724,1,,부산광역시 기장군 정관읍 임곡리 66-4,35.3536101247,129.1344010687,2020,한전주,051-709-4684,부산광역시 기장군청,2025-11-17
정관읍725,1,,부산광역시 기장군 정관읍 용수리 299,35.3310438173,129.1814516825,2020,한전주,051-709-4684,부산광역시 기장군청,2025-11-17
정관읍726,1,,부산광역시 기장군 정관읍 병산리 554-4,35.3463696644,129.1856504,2020,한전주,051-709-4684,부산광역시 기장군청,2025-11-17
정관읍727,1,,부산광역시 기장군 정관읍 병산리 555-2,35.3463672982,129.1865143572,2020,한전주,051-709-4684,부산광역시 기장군청,2025-11-17
정관읍728,1,,부산광역시 기장군 정관읍 용수리 610-2,35.331685417,129.1712873,2020,한전주,051-709-4684,부산광역시 기장군청,2025-11-17
정관읍729,1,,부산광역시 기장군 정관읍 용수리 383-5,35.34182511,129.1780867287,2020,건축물,051-709-4684,부산광역시 기장군청,2025-11-17
정관읍730,1,,부산광역시 기장군 정관읍 용수리 378-5,35.3417506457,129.1785285908,2020,한전주,051-709-4684,부산광역시 기장군청,2025-11-17
정관읍731,1,,부산광역시 기장군 정관읍 달산리 205-1,35.3201585677,129.1979796788,2020,한전주,051-709-4684,부산광역시 기장군청,2025-11-17
정관읍738,1,,부산광역시 기장군 정관읍 모전리 741-4,35.33440482,129.1669695921,2021,전용주,051-709-4684,부산광역시 기장군청,2025-11-17
정관읍739,1,,부산광역시 기장군 정관읍 모전리 741-4,35.3344562806,129.1669463,2021,전용주,051-709-4684,부산광역시 기장군청,2025-11-17
정관읍740,1,,부산광역시 기장군 정관읍 용수리 1367-1,35.3268113403,129.1705431193,2021,전용주,051-709-4684,부산광역시 기장군청,2025-11-17
정관읍741,1,,부산광역시 기장군 정관읍 용수리 203-2,35.32693645,129.1769389,2021,한전주,051-709-4684,부산광역시 기장군청,2025-11-17
정관읍742,1,,부산광역시 기장군 정관읍 용수리 200,35.32711437,129.1779415,2021,한전주,051-709-4684,부산광역시 기장군청,2025-11-17
정관읍743,1,,부산광역시 기장군 정관읍 병산리 206-11,35.3425872171,129.1943362896,2021,한전주,051-709-4684,부산광역시 기장군청,2025-11-17
정관읍744,1,,부산광역시 기장군 정관읍 병산리 206-11,35.3425872171,129.1943362896,2021,한전주,051-709-4684,부산광역시 기장군청,2025-11-17
정관읍745,1,,부산광역시 기장군 정관읍 병산리 206-11,35.3425872171,129.1943362896,2021,한전주,051-709-4684,부산광역시 기장군청,2025-11-17
정관읍746,1,,부산광역시 기장군 정관읍 병산리 206-13,35.34258287,129.1949403188,2021,한전주,051-709-4684,부산광역시 기장군청,2025-11-17
정관읍747,1,,부산광역시 기장군 정관읍 병산리 산 106-2,35.3423232617,129.1952568875,2021,한전주,051-709-4684,부산광역시 기장군청,2025-11-17
정관읍748,1,,부산광역시 기장군 정관읍 병산리 196,35.3434135208,129.1942833159,2021,한전주,051-709-4684,부산광역시 기장군청,2025-11-17
정관읍749,1,,부산광역시 기장군 정관읍 병산리 247,35.3439893668,129.1896392995,2021,한전주,051-709-4684,부산광역시 기장군청,2025-11-17
정관읍750,1,,부산광역시 기장군 정관읍 예림리 339-5,35.32713283,129.2095625,2021,한전주,051-709-4684,부산광역시 기장군청,2025-11-17
정관읍751,1,,부산광역시 기장군 정관읍 예림리 567-1,35.32751555,129.2065976531,2022,건축물,051-709-4684,부산광역시 기장군청,2025-11-17
정관읍752,1,,부산광역시 기장군 정관읍 매학리 166-3,35.3181459277,129.1706623771,2021,한전주,051-709-4684,부산광역시 기장군청,2025-11-17
정관읍753,1,,부산광역시 기장군 정관읍 임곡리 산 20-5,35.3486071241,129.1424510295,2021,건축물,051-709-4684,부산광역시 기장군청,2025-11-17
정관읍754,1,,부산광역시 기장군 정관읍 임곡리 산 20-5,35.3486071241,129.1424510295,2021,건축물,051-709-4684,부산광역시 기장군청,2025-11-17
정관읍755,1,,부산광역시 기장군 정관읍 임곡리 산 20-5,35.3486071241,129.1424510295,2021,건축물,051-709-4684,부산광역시 기장군청,2025-11-17
정관읍756,1,,부산광역시 기장군 정관읍 매학리 492,35.3195364272,129.1709394644,2021,한전주,051-709-4684,부산광역시 기장군청,2025-11-17
정관읍757,1,,부산광역시 기장군 정관읍 두명리 335,35.35562136,129.1441795,2021,한전주,051-709-4684,부산광역시 기장군청,2025-11-17
정관읍758,1,,부산광역시 기장군 정관읍 예림리 627-11,35.32515682,129.2072382,2021,한전주,051-709-4684,부산광역시 기장군청,2025-11-17
정관읍759,1,,부산광역시 기장군 정관읍 예림리 592-5,35.32783051,129.2091758083,2021,한전주,051-709-4684,부산광역시 기장군청,2025-11-17
정관읍760,1,,부산광역시 기장군 정관읍 예림리 592-5,35.3278860335,129.2091033,2021,한전주,051-709-4684,부산광역시 기장군청,2025-11-17
정관읍761,1,,부산광역시 기장군 정관읍 용수리 1047-30,35.3224162179,129.1619292,2021,한전주,051-709-4684,부산광역시 기장군청,2025-11-17
정관읍762,1,,부산광역시 기장군 정관읍 용수리 508-4,35.33372329,129.1716007,2021,한전주,051-709-4684,부산광역시 기장군청,2025-11-17
정관읍763,1,,부산광역시 기장군 정관읍 용수리 493-3,35.33457469,129.1718599,2021,한전주,051-709-4684,부산광역시 기장군청,2025-11-17
정관읍764,1,,부산광역시 기장군 정관읍 용수리 492-5,35.3350610499,129.1720068,2021,한전주,051-709-4684,부산광역시 기장군청,2025-11-17
정관읍765,1,,부산광역시 기장군 정관읍 예림리 203-6,35.3193384925,129.2133229537,2023,한전주,051-709-4684,부산광역시 기장군청,2025-11-17
정관읍766,1,,부산광역시 기장군 정관읍 예림리 12-7,35.3196867466,129.2270681373,2023,한전주,051-709-4684,부산광역시 기장군청,2025-11-17
정관읍767,1,,부산광역시 기장군 정관읍 예림리 산 204,35.3198644205,129.2276542,2023,한전주,051-709-4684,부산광역시 기장군청,2025-11-17
정관읍768,1,,부산광역시 기장군 정관읍 매학리 800-9,35.3180028655,129.18379629,2023,한전주,051-709-4684,부산광역시 기장군청,2025-11-17
정관읍769,1,,부산광역시 기장군 정관읍 예림리 산 204,35.31980767,129.2276542,2023,한전주,051-709-4684,부산광역시 기장군청,2025-11-17
정관읍770,1,,부산광역시 기장군 정관읍 달산리 1020-4,35.31799923,129.1827652787,2023,한전주,051-709-4684,부산광역시 기장군청,2025-11-17
정관읍771,1,,부산광역시 기장군 정관읍 매학리 136-5,35.31522469,129.1733121447,2023,한전주,051-709-4684,부산광역시 기장군청,2025-11-17
정관읍772,1,,부산광역시 기장군 정관읍 달산리 1268,35.3173031225,129.2071510918,2023,한전주,051-709-4684,부산광역시 기장군청,2025-11-17
정관읍773,1,,부산광역시 기장군 정관읍 달산리 1268,35.31731723,129.2071103,2023,한전주,051-709-4684,부산광역시 기장군청,2025-11-17
정관읍775,1,,부산광역시 기장군 정관읍 월평리 192-58,35.3612209991,129.1373052,2023,한전주,051-709-4684,부산광역시 기장군청,2025-11-17
정관읍776,1,,부산광역시 기장군 정관읍 월평리 208-5,35.36152088,129.136583,2023,한전주,051-709-4684,부산광역시 기장군청,2025-11-17
정관읍778,1,,부산광역시 기장군 정관읍 예림리 1033-3,35.321234673,129.2282402445,2023,한전주,051-709-4684,부산광역시 기장군청,2025-11-17
정관읍779,1,,부산광역시 기장군 정관읍 예림리 30-6,35.3213535,129.2278984,2023,한전주,051-709-4684,부산광역시 기장군청,2025-11-17
정관읍780,1,,부산광역시 기장군 정관읍 예림리 30,35.3215618648,129.2268354579,2023,한전주,051-709-4684,부산광역시 기장군청,2025-11-17
정관읍781,1,,부산광역시 기장군 정관읍 예림리 30,35.32150257,129.2268354579,2023,한전주,051-709-4684,부산광역시 기장군청,2025-11-17
정관읍782,1,,부산광역시 기장군 정관읍 예림리 34,35.3220834688,129.2257866172,2023,한전주,051-709-4684,부산광역시 기장군청,2025-11-17
정관읍783,1,,부산광역시 기장군 정관읍 예림리 34,35.3220834688,129.2257866172,2023,한전주,051-709-4684,부산광역시 기장군청,2025-11-17
정관읍784,1,,부산광역시 기장군 정관읍 예림리 507-4,35.3251503914,129.2053643324,2023,한전주,051-709-4684,부산광역시 기장군청,2025-11-17
정관읍785,1,,부산광역시 기장군 정관읍 용수리 산 48-9,35.34204653,129.1799624444,2023,,051-709-4684,부산광역시 기장군청,2025-11-17
정관읍786,1,,부산광역시 기장군 정관읍 용수리 1052-132,35.3407970995,129.1773044357,2023,,051-709-4684,부산광역시 기장군청,2025-11-17
정관읍787,1,,부산광역시 기장군 정관읍 용수리 1052-132,35.3407970995,129.1773044357,2023,,051-709-4684,부산광역시 기장군청,2025-11-17
정관읍788,1,,부산광역시 기장군 정관읍 용수리 1052-132,35.3407970995,129.1773044357,2023,,051-709-4684,부산광역시 기장군청,2025-11-17
정관읍789,1,,부산광역시 기장군 정관읍 달산리 산 40-3,35.3145485669,129.1947193101,2023,,051-709-4684,부산광역시 기장군청,2025-11-17
정관읍790,1,,부산광역시 기장군 정관읍 예림리 203-37,35.3180029026,129.2100919088,2023,,051-709-4684,부산광역시 기장군청,2025-11-17
정관읍791,1,,부산광역시 기장군 정관읍 예림리 203-24,35.31865612,129.2096589,2023,,051-709-4684,부산광역시 기장군청,2025-11-17
정관읍792,1,,부산광역시 기장군 정관읍 예림리 1093,35.3193073495,129.2098328523,2023,,051-709-4684,부산광역시 기장군청,2025-11-17
정관읍793,1,,부산광역시 기장군 정관읍 예림리 1093,35.3193073495,129.2098328523,2023,,051-709-4684,부산광역시 기장군청,2025-11-17
정관읍794,1,,부산광역시 기장군 정관읍 예림리 1093,35.3193073495,129.2098328523,2023,,051-709-4684,부산광역시 기장군청,2025-11-17
정관읍795,1,,부산광역시 기장군 정관읍 예림리 1093,35.3193073495,129.2098328523,2023,,051-709-4684,부산광역시 기장군청,2025-11-17
정관읍796,1,,부산광역시 기장군 정관읍 용수리 417,35.3404883225,129.1738167,2023,,051-709-4684,부산광역시 기장군청,2025-11-17
정관읍797,1,,부산광역시 기장군 정관읍 용수리 산 72,35.3390283915,129.1731172544,2023,,051-709-4684,부산광역시 기장군청,2025-11-17
정관읍798,1,,부산광역시 기장군 정관읍 매학리 143-16,35.3166500668,129.172640709,2023,,051-709-4684,부산광역시 기장군청,2025-11-17
정관읍799,1,,부산광역시 기장군 정관읍 매학리 143-16,35.3166500668,129.172640709,2023,,051-709-4684,부산광역시 기장군청,2025-11-17
정관읍800,1,,부산광역시 기장군 정관읍 용수리 산 69,35.3441590137,129.1692556355,2024,,051-709-4684,부산광역시 기장군청,2025-11-17
정관읍801,1,,부산광역시 기장군 정관읍 용수리 산 69-1,35.3418318237,129.1719105346,2024,,051-709-4684,부산광역시 기장군청,2025-11-17
정관읍802,1,,부산광역시 기장군 정관읍 용수리 산 69-1,35.3418318237,129.1719105346,2024,,051-709-4684,부산광역시 기장군청,2025-11-17
정관읍803,1,,부산광역시 기장군 정관읍 용수리 산 69-1,35.3418318237,129.1719105346,2024,,051-709-4684,부산광역시 기장군청,2025-11-17
정관읍804,1,,부산광역시 기장군 정관읍 용수리 산 69-1,35.3418318237,129.1719105346,2024,,051-709-4684,부산광역시 기장군청,2025-11-17
정관읍805,1,,부산광역시 기장군 정관읍 용수리 산 69-1,35.3418318237,129.1719105346,2024,,051-709-4684,부산광역시 기장군청,2025-11-17
정관읍806,1,,부산광역시 기장군 정관읍 용수리 산 72,35.3390283915,129.1731172544,2024,,051-709-4684,부산광역시 기장군청,2025-11-17
정관읍807,1,,부산광역시 기장군 정관읍 모전리 산 1,35.3388183943,129.1724820684,2024,,051-709-4684,부산광역시 기장군청,2025-11-17
정관읍808,1,,부산광역시 기장군 정관읍 임곡리 산 13-5,35.3474685706,129.1436374573,2024,,051-709-4684,부산광역시 기장군청,2025-11-17
정관읍809,1,,부산광역시 기장군 정관읍 달산리 938-25,35.3123732755,129.1799419,2024,한전주,051-709-4684,부산광역시 기장군청,2025-11-17
정관읍810,1,,부산광역시 기장군 정관읍 달산리 938-25,35.3123732755,129.1799529,2024,한전주,051-709-4684,부산광역시 기장군청,2025-11-17
정관읍811,1,,부산광역시 기장군 정관읍 병산리 233,35.34458461,129.1927711,2024,한전주,051-709-4684,부산광역시 기장군청,2025-11-17
정관읍812,1,,부산광역시 기장군 정관읍 용수리 594,35.3307471652,129.1739558102,2024,한전주,051-709-4684,부산광역시 기장군청,2025-11-17
정관읍814,1,,부산광역시 기장군 정관읍 병산리 184-10,35.35096069,129.1950714542,2024,한전주,051-709-4684,부산광역시 기장군청,2025-11-17
정관읍815,1,,부산광역시 기장군 정관읍 매학리 산 76,35.3202270483,129.1652071967,2024,한전주,051-709-4684,부산광역시 기장군청,2025-11-17
정관읍816,1,,부산광역시 기장군 정관읍 임곡리 104,35.35477655,129.1367464573,2024,한전주,051-709-4684,부산광역시 기장군청,2025-11-17
정관읍달산리-1,1,,부산광역시 기장군 정관읍 달산리 산 113-10,35.3135216863,129.1734009,,한전주,051-709-4684,부산광역시 기장군청,2025-11-17
정관읍달산리-2,1,,부산광역시 기장군 정관읍 달산리 934-9,35.3130447692,129.173262714,,한전주,051-709-4684,부산광역시 기장군청,2025-11-17
정관읍달산리-3,1,,부산광역시 기장군 정관읍 달산리 934-7,35.312848221,129.1731659536,,한전주,051-709-4684,부산광역시 기장군청,2025-11-17
정관읍달산리-4,1,,부산광역시 기장군 정관읍 달산리 산 109-2,35.31277847,129.1738129,,한전주,051-709-4684,부산광역시 기장군청,2025-11-17
정관읍달산리-5,1,,부산광역시 기장군 정관읍 달산리 산 113-6,35.3123255919,129.1734921174,,한전주,051-709-4684,부산광역시 기장군청,2025-11-17
정관읍달산리-6,1,,부산광역시 기장군 정관읍 달산리 산 113-8,35.3112340553,129.1737940263,,한전주,051-709-4684,부산광역시 기장군청,2025-11-17
정관읍달산리-7,1,,부산광역시 기장군 정관읍 달산리 산 115-5,35.3108139,129.1740588245,,한전주,051-709-4684,부산광역시 기장군청,2025-11-17
정관읍달산리-8,1,,부산광역시 기장군 정관읍 달산리 991-2,35.3179371335,129.1772824934,,한전주,051-709-4684,부산광역시 기장군청,2025-11-17
정관읍달산리-9,1,,부산광역시 기장군 정관읍 달산리 992,35.3181775116,129.1777495199,,한전주,051-709-4684,부산광역시 기장군청,2025-11-17
정관읍달산리-10,1,,부산광역시 기장군 정관읍 달산리 992,35.3181775116,129.1777344,,한전주,051-709-4684,부산광역시 기장군청,2025-11-17
정관읍달산리-11,1,,부산광역시 기장군 정관읍 달산리 989-1,35.31872177,129.1777977407,,한전주,051-709-4684,부산광역시 기장군청,2025-11-17
정관읍달산리-12,1,,부산광역시 기장군 정관읍 달산리 993,35.3184482738,129.1790410682,,한전주,051-709-4684,부산광역시 기장군청,2025-11-17
정관읍달산리-13,1,,부산광역시 기장군 정관읍 달산리 993,35.3184482738,129.1790410682,,한전주,051-709-4684,부산광역시 기장군청,2025-11-17
정관읍달산리-14,1,,부산광역시 기장군 정관읍 달산리 986-6,35.3186417118,129.1788635,,한전주,051-709-4684,부산광역시 기장군청,2025-11-17
정관읍달산리-15,1,,부산광역시 기장군 정관읍 달산리 987,35.3186964589,129.1790692413,,한전주,051-709-4684,부산광역시 기장군청,2025-11-17
정관읍달산리-16,1,,부산광역시 기장군 정관읍 달산리 988-6,35.3185122318,129.1794281,,한전주,051-709-4684,부산광역시 기장군청,2025-11-17
정관읍달산리-17,1,,부산광역시 기장군 정관읍 달산리 993,35.3184482738,129.1790410682,,한전주,051-709-4684,부산광역시 기장군청,2025-11-17
정관읍달산리-18,1,,부산광역시 기장군 정관읍 달산리 1005,35.3177639838,129.1798401,,한전주,051-709-4684,부산광역시 기장군청,2025-11-17
정관읍달산리-19,1,,부산광역시 기장군 정관읍 달산리 1005,35.3177639838,129.1798096,,한전주,051-709-4684,부산광역시 기장군청,2025-11-17
정관읍달산리-20,1,,부산광역시 기장군 정관읍 달산리 997,35.3180708547,129.1788481896,,한전주,051-709-4684,부산광역시 기장군청,2025-11-17
정관읍달산리-21,1,,부산광역시 기장군 정관읍 달산리 1000-7,35.3177332641,129.1797096477,,한전주,051-709-4684,부산광역시 기장군청,2025-11-17
정관읍달산리-22,1,,부산광역시 기장군 정관읍 달산리 997,35.3180708547,129.1788481896,,한전주,051-709-4684,부산광역시 기장군청,2025-11-17
정관읍달산리-23,1,,부산광역시 기장군 정관읍 달산리 997,35.31800461,129.178894,,한전주,051-709-4684,부산광역시 기장군청,2025-11-17
정관읍달산리-24,1,,부산광역시 기장군 정관읍 달산리 997,35.3180708547,129.1788481896,,한전주,051-709-4684,부산광역시 기장군청,2025-11-17
정관읍달산리-25,1,,부산광역시 기장군 정관읍 달산리 997,35.3180708547,129.1788481896,,한전주,051-709-4684,부산광역시 기장군청,2025-11-17
정관읍달산리-26,1,,부산광역시 기장군 정관읍 달산리 997,35.3180708547,129.1788481896,,한전주,051-709-4684,부산광역시 기장군청,2025-11-17
정관읍달산리-27,1,,부산광역시 기장군 정관읍 달산리 997,35.3180708547,129.1788481896,,한전주,051-709-4684,부산광역시 기장군청,2025-11-17
정관읍달산리-28,1,,부산광역시 기장군 정관읍 달산리 1001,35.317682319,129.1787063526,,한전주,051-709-4684,부산광역시 기장군청,2025-11-17
정관읍달산리-29,1,,부산광역시 기장군 정관읍 달산리 1001,35.317682319,129.1787063526,,한전주,051-709-4684,부산광역시 기장군청,2025-11-17
정관읍달산리-30,1,,부산광역시 기장군 정관읍 달산리 1001,35.317682319,129.1787063526,,한전주,051-709-4684,부산광역시 기장군청,2025-11-17
정관읍달산리-31,1,,부산광역시 기장군 정관읍 달산리 998-8,35.3178236429,129.1786481217,,한전주,051-709-4684,부산광역시 기장군청,2025-11-17
정관읍달산리-32,1,,부산광역시 기장군 정관읍 달산리 999,35.31784821,129.178772,,전용주,051-709-4684,부산광역시 기장군청,2025-11-17
정관읍달산리-33,1,,부산광역시 기장군 정관읍 달산리 1001,35.3176384,129.178772,,한전주,051-709-4684,부산광역시 기장군청,2025-11-17
정관읍달산리-34,1,,부산광역시 기장군 정관읍 달산리 1003,35.3172276034,129.178548998,,전용주,051-709-4684,부산광역시 기장군청,2025-11-17
정관읍달산리-35,1,,부산광역시 기장군 정관읍 달산리 1001,35.317682319,129.1787063526,,한전주,051-709-4684,부산광역시 기장군청,2025-11-17
정관읍달산리-36,1,,부산광역시 기장군 정관읍 달산리 1001,35.317682319,129.1787063526,,한전주,051-709-4684,부산광역시 기장군청,2025-11-17
정관읍달산리-37,1,,부산광역시 기장군 정관읍 달산리 1001,35.317682319,129.1787063526,,한전주,051-709-4684,부산광역시 기장군청,2025-11-17
정관읍달산리-38,1,,부산광역시 기장군 정관읍 달산리 1005,35.3177639838,129.1798248,,한전주,051-709-4684,부산광역시 기장군청,2025-11-17
정관읍달산리-39,1,,부산광역시 기장군 정관읍 달산리 991-2,35.3179371335,129.1772308,,전용주,051-709-4684,부산광역시 기장군청,2025-11-17
정관읍달산리-40,1,,부산광역시 기장군 정관읍 달산리 991-2,35.3179371335,129.1772824934,,전용주,051-709-4684,부산광역시 기장군청,2025-11-17
정관읍달산리-41,1,,부산광역시 기장군 정관읍 달산리 991-2,35.3179371335,129.1772824934,,전용주,051-709-4684,부산광역시 기장군청,2025-11-17
정관읍달산리-42,1,,부산광역시 기장군 정관읍 달산리 1022-1,35.3176688,129.180348473,,한전주,051-709-4684,부산광역시 기장군청,2025-11-17
정관읍달산리-43,1,,부산광역시 기장군 정관읍 달산리 1022-4,35.3172161312,129.1803256791,,한전주,051-709-4684,부산광역시 기장군청,2025-11-17
정관읍달산리-44,1,,부산광역시 기장군 정관읍 달산리 1029,35.3169414819,129.1811956862,,전용주,051-709-4684,부산광역시 기장군청,2025-11-17
정관읍달산리-45,1,,부산광역시 기장군 정관읍 달산리 1028-1,35.31726074,129.1806335,,한전주,051-709-4684,부산광역시 기장군청,2025-11-17
정관읍달산리-46,1,,부산광역시 기장군 정관읍 달산리 1028-3,35.3171962878,129.1809998,,한전주,051-709-4684,부산광역시 기장군청,2025-11-17
정관읍달산리-47,1,,부산광역시 기장군 정관읍 달산리 1028-6,35.3171514022,129.1813812,,한전주,051-709-4684,부산광역시 기장군청,2025-11-17
정관읍달산리-48,1,,부산광역시 기장군 정관읍 달산리 1028-9,35.3171475061,129.1818065219,,한전주,051-709-4684,부산광역시 기장군청,2025-11-17
정관읍달산리-49,1,,부산광역시 기장군 정관읍 달산리 1031-2,35.3171829388,129.1824036,,한전주,051-709-4684,부산광역시 기장군청,2025-11-17
정관읍달산리-50,1,,부산광역시 기장군 정관읍 달산리 1031-4,35.31729507,129.1827658113,,한전주,051-709-4684,부산광역시 기장군청,2025-11-17
정관읍달산리-51,1,,부산광역시 기장군 정관읍 달산리 1027,35.3174191068,129.1833435377,,한전주,051-709-4684,부산광역시 기장군청,2025-11-17
정관읍달산리-52,1,,부산광역시 기장군 정관읍 달산리 1031-9,35.31738663,129.1834869,,한전주,051-709-4684,부산광역시 기장군청,2025-11-17
정관읍달산리-53,1,,부산광역시 기장군 정관읍 달산리 1031-12,35.3173696078,129.1839183351,,한전주,051-709-4684,부산광역시 기장군청,2025-11-17
정관읍달산리-54,1,,부산광역시 기장군 정관읍 달산리 1012,35.3181369785,129.1825196851,,한전주,051-709-4684,부산광역시 기장군청,2025-11-17
정관읍달산리-55,1,,부산광역시 기장군 정관읍 달산리 1021,35.3178171723,129.1832156,,한전주,051-709-4684,부산광역시 기장군청,2025-11-17
정관읍달산리-56,1,,부산광역시 기장군 정관읍 달산리 1021,35.3178171723,129.1832476045,,한전주,051-709-4684,부산광역시 기장군청,2025-11-17
정관읍달산리-57,1,,부산광역시 기장군 정관읍 달산리 1021,35.3178171723,129.1832476045,,한전주,051-709-4684,부산광역시 기장군청,2025-11-17
정관읍달산리-58,1,,부산광역시 기장군 정관읍 달산리 1018-5,35.317822041,129.1820831,,한전주,051-709-4684,부산광역시 기장군청,2025-11-17
정관읍달산리-59,1,,부산광역시 기장군 정관읍 달산리 1024-10,35.3175887266,129.1820492589,,한전주,051-709-4684,부산광역시 기장군청,2025-11-17
정관읍달산리-60,1,,부산광역시 기장군 정관읍 달산리 1024-7,35.3175924768,129.1815869388,,한전주,051-709-4684,부산광역시 기장군청,2025-11-17
정관읍달산리-61,1,,부산광역시 기장군 정관읍 달산리 1016-6,35.31782913,129.1814723709,,한전주,051-709-4684,부산광역시 기장군청,2025-11-17
정관읍달산리-62,1,,부산광역시 기장군 정관읍 달산리 1024-5,35.3175939654,129.1812797976,,한전주,051-709-4684,부산광역시 기장군청,2025-11-17
정관읍달산리-63,1,,부산광역시 기장군 정관읍 달산리 1021,35.3178171723,129.1832476045,,한전주,051-709-4684,부산광역시 기장군청,2025-11-17
정관읍달산리-64,1,,부산광역시 기장군 정관읍 달산리 1023,35.3174768667,129.1805559,,한전주,051-709-4684,부산광역시 기장군청,2025-11-17
정관읍달산리-65,1,,부산광역시 기장군 정관읍 달산리 1023,35.3174768667,129.1805725,,한전주,051-709-4684,부산광역시 기장군청,2025-11-17
정관읍달산리-66,1,,부산광역시 기장군 정관읍 달산리 1011-7,35.31785965,129.1803875982,,한전주,051-709-4684,부산광역시 기장군청,2025-11-17
정관읍달산리-67,1,,부산광역시 기장군 정관읍 달산리 1011-4,35.31824106,129.1804407182,,한전주,051-709-4684,부산광역시 기장군청,2025-11-17
정관읍달산리-68,1,,부산광역시 기장군 정관읍 달산리 1011-2,35.31846237,129.1805267969,,한전주,051-709-4684,부산광역시 기장군청,2025-11-17
정관읍달산리-69,1,,부산광역시 기장군 정관읍 달산리 1015,35.3180629974,129.1811066,,한전주,051-709-4684,부산광역시 기장군청,2025-11-17
정관읍달산리-70,1,,부산광역시 기장군 정관읍 달산리 1014-5,35.31804657,129.1809356689,,한전주,051-709-4684,부산광역시 기장군청,2025-11-17
정관읍달산리-71,1,,부산광역시 기장군 정관읍 달산리 1012,35.3181369785,129.1825196851,,한전주,051-709-4684,부산광역시 기장군청,2025-11-17
정관읍달산리-72,1,,부산광역시 기장군 정관읍 달산리 1018-2,35.3181371618,129.1819153,,한전주,051-709-4684,부산광역시 기장군청,2025-11-17
정관읍달산리-73,1,,부산광역시 기장군 정관읍 달산리 1020-1,35.3180346404,129.1822815703,,한전주,051-709-4684,부산광역시 기장군청,2025-11-17
정관읍달산리-74,1,,부산광역시 기장군 정관읍 달산리 1041-3,35.3141213873,129.1767228988,,한전주,051-709-4684,부산광역시 기장군청,2025-11-17
정관읍달산리-75,1,,부산광역시 기장군 정관읍 달산리 938-17,35.3137059238,129.178396122,,한전주,051-709-4684,부산광역시 기장군청,2025-11-17
정관읍달산리-76,1,,부산광역시 기장군 정관읍 달산리 938-56,35.31300735,129.1781006,,한전주,051-709-4684,부산광역시 기장군청,2025-11-17
정관읍달산리-77,1,,부산광역시 기장군 정관읍 달산리 938-4,35.3122793911,129.1784195291,,한전주,051-709-4684,부산광역시 기장군청,2025-11-17
정관읍달산리-78,1,,부산광역시 기장군 정관읍 달산리 938-19,35.3124584429,129.1781464,,한전주,051-709-4684,부산광역시 기장군청,2025-11-17
정관읍달산리-79,1,,부산광역시 기장군 정관읍 달산리 938-4,35.31227112,129.1784195291,,한전주,051-709-4684,부산광역시 기장군청,2025-11-17
정관읍달산리-80,1,,부산광역시 기장군 정관읍 달산리 938-34,35.31193542,129.1783519316,,한전주,051-709-4684,부산광역시 기장군청,2025-11-17
정관읍달산리-81,1,,부산광역시 기장군 정관읍 달산리 938-3,35.3125140095,129.1786109972,,한전주,051-709-4684,부산광역시 기장군청,2025-11-17
정관읍달산리-82,1,,부산광역시 기장군 정관읍 달산리 938-8,35.3130173617,129.1796216982,,한전주,051-709-4684,부산광역시 기장군청,2025-11-17
정관읍달산리-83,1,,부산광역시 기장군 정관읍 달산리 1091,35.3142190959,129.1903082858,,한전주,051-709-4684,부산광역시 기장군청,2025-11-17
정관읍달산리-84,1,,부산광역시 기장군 정관읍 달산리 1092,35.3141933045,129.1904651586,,한전주,051-709-4684,부산광역시 기장군청,2025-11-17
정관읍달산리-85,1,,부산광역시 기장군 정관읍 달산리 399-8,35.3138411378,129.1903850811,,한전주,051-709-4684,부산광역시 기장군청,2025-11-17
정관읍달산리-86,1,,부산광역시 기장군 정관읍 달산리 산 31-12,35.3159794182,129.1953796841,,한전주,051-709-4684,부산광역시 기장군청,2025-11-17
정관읍달산리-87,1,,부산광역시 기장군 정관읍 달산리 1104,35.3159811941,129.1948163589,,전용주,051-709-4684,부산광역시 기장군청,2025-11-17
정관읍달산리-88,1,,부산광역시 기장군 정관읍 달산리 1104,35.3159811941,129.1948163589,,한전주,051-709-4684,부산광역시 기장군청,2025-11-17
정관읍달산리-89,1,,부산광역시 기장군 정관읍 달산리 1102,35.3160553,129.1941855929,,한전주,051-709-4684,부산광역시 기장군청,2025-11-17
정관읍달산리-90,1,,부산광역시 기장군 정관읍 달산리 1108,35.3165063084,129.1962891,,한전주,051-709-4684,부산광역시 기장군청,2025-11-17
정관읍달산리-91,1,,부산광역시 기장군 정관읍 달산리 248-8,35.31599426,129.1967621,,한전주,051-709-4684,부산광역시 기장군청,2025-11-17
정관읍달산리-92,1,,부산광역시 기장군 정관읍 달산리 248-14,35.3154821178,129.1967923447,,한전주,051-709-4684,부산광역시 기장군청,2025-11-17
정관읍달산리-93,1,,부산광역시 기장군 정관읍 달산리 1116,35.3165689897,129.2005751075,,한전주,051-709-4684,부산광역시 기장군청,2025-11-17
정관읍달산리-94,1,,부산광역시 기장군 정관읍 달산리 246-7,35.3157959,129.2002258,,한전주,051-709-4684,부산광역시 기장군청,2025-11-17
정관읍달산리-95,1,,부산광역시 기장군 정관읍 달산리 44-65,35.3165149073,129.2013397,,한전주,051-709-4684,부산광역시 기장군청,2025-11-17
정관읍달산리-96,1,,부산광역시 기장군 정관읍 달산리 44-72,35.3154799626,129.2013823098,,한전주,051-709-4684,부산광역시 기장군청,2025-11-17
정관읍달산리-97,1,,부산광역시 기장군 정관읍 달산리 44-72,35.31546783,129.2013823098,,한전주,051-709-4684,부산광역시 기장군청,2025-11-17
정관읍달산리-98,1,,부산광역시 기장군 정관읍 달산리 44-70,35.315341437,129.2021213824,,한전주,051-709-4684,부산광역시 기장군청,2025-11-17
정관읍달산리-99,1,,부산광역시 기장군 정관읍 달산리 44-71,35.3149690023,129.2024282364,,한전주,051-709-4684,부산광역시 기장군청,2025-11-17
정관읍달산리-100,1,,부산광역시 기장군 정관읍 달산리 40-2,35.3184537477,129.2016717323,,한전주,051-709-4684,부산광역시 기장군청,2025-11-17
정관읍달산리-101,1,,부산광역시 기장군 정관읍 달산리 38-19,35.31826019,129.2023163,,한전주,051-709-4684,부산광역시 기장군청,2025-11-17
정관읍달산리-102,1,,부산광역시 기장군 정관읍 달산리 산 9-17,35.317956326,129.2035796324,,한전주,051-709-4684,부산광역시 기장군청,2025-11-17
정관읍달산리-103,1,,부산광역시 기장군 정관읍 달산리 43-3,35.317839988,129.2027362134,,한전주,051-709-4684,부산광역시 기장군청,2025-11-17
정관읍달산리-104,1,,부산광역시 기장군 정관읍 달산리 44-5,35.3171752687,129.2037888063,,한전주,051-709-4684,부산광역시 기장군청,2025-11-17
정관읍달산리-105,1,,부산광역시 기장군 정관읍 달산리 44-60,35.3171480798,129.202832973,,한전주,051-709-4684,부산광역시 기장군청,2025-11-17
정관읍달산리-106,1,,부산광역시 기장군 정관읍 달산리 44-46,35.3162636998,129.2026322236,,한전주,051-709-4684,부산광역시 기장군청,2025-11-17
정관읍달산리-107,1,,부산광역시 기장군 정관읍 달산리 44-14,35.3159903468,129.2045326049,,한전주,051-709-4684,부산광역시 기장군청,2025-11-17
정관읍달산리-108,1,,부산광역시 기장군 정관읍 달산리 44-10,35.3166538028,129.203635137,,한전주,051-709-4684,부산광역시 기장군청,2025-11-17
정관읍달산리-109,1,,부산광역시 기장군 정관읍 달산리 44-34,35.3166653269,129.2043917363,,한전주,051-709-4684,부산광역시 기장군청,2025-11-17
정관읍달산리-110,1,,부산광역시 기장군 정관읍 달산리 44-36,35.3167099591,129.2055065445,,한전주,051-709-4684,부산광역시 기장군청,2025-11-17
정관읍달산리-111,1,,부산광역시 기장군 정관읍 달산리 1240,35.32223129,129.1951626993,,한전주,051-709-4684,부산광역시 기장군청,2025-11-17
정관읍달산리-112,1,,부산광역시 기장군 정관읍 달산리 1231,35.3213577048,129.1916178645,,한전주,051-709-4684,부산광역시 기장군청,2025-11-17
정관읍달산리-113,1,,부산광역시 기장군 정관읍 달산리 1231,35.3213577048,129.1916178645,,한전주,051-709-4684,부산광역시 기장군청,2025-11-17
정관읍달산리-114,1,,부산광역시 기장군 정관읍 달산리 1231,35.3213577048,129.1916178645,,한전주,051-709-4684,부산광역시 기장군청,2025-11-17
정관읍달산리-115,1,,부산광역시 기장군 정관읍 달산리 1083,35.31306593,129.1844110735,,한전주,051-709-4684,부산광역시 기장군청,2025-11-17
정관읍달산리-116,1,,부산광역시 기장군 정관읍 달산리 938-15,35.311797701,129.1777860311,2018,한전주,051-709-4684,부산광역시 기장군청,2025-11-17
정관읍달산리-117,1,,부산광역시 기장군 정관읍 달산리 1088,35.3135014455,129.1873374871,2018,한전주,051-709-4684,부산광역시 기장군청,2025-11-17
정관읍달산리-118,1,,부산광역시 기장군 정관읍 달산리 1088,35.3135014455,129.1873259,2018,한전주,051-709-4684,부산광역시 기장군청,2025-11-17
정관읍두명리-1,1,,부산광역시 기장군 정관읍 두명리 산 102,35.3532037182,129.1477763678,,한전주,051-709-4684,부산광역시 기장군청,2025-11-17
정관읍두명리-2,1,,부산광역시 기장군 정관읍 두명리 산 102,35.3532037182,129.1477763678,,한전주,051-709-4684,부산광역시 기장군청,2025-11-17
정관읍두명리-3,1,,부산광역시 기장군 정관읍 두명리 산 102,35.3532037182,129.1477661,,한전주,051-709-4684,부산광역시 기장군청,2025-11-17
정관읍두명리-4,1,,부산광역시 기장군 정관읍 두명리 산 98-1,35.3511303282,129.1472407346,,한전주,051-709-4684,부산광역시 기장군청,2025-11-17
정관읍두명리-5,1,,부산광역시 기장군 정관읍 두명리 산 97-1,35.3501406159,129.1478246358,,한전주,051-709-4684,부산광역시 기장군청,2025-11-17
정관읍두명리-6,1,,부산광역시 기장군 정관읍 두명리 산 97-1,35.3501406159,129.1478246358,,한전주,051-709-4684,부산광역시 기장군청,2025-11-17
정관읍두명리-7,1,,부산광역시 기장군 정관읍 두명리 산 98-2,35.3514144501,129.1467286656,,한전주,051-709-4684,부산광역시 기장군청,2025-11-17
정관읍두명리-8,1,,부산광역시 기장군 정관읍 두명리 334-2,35.3553497704,129.1442301069,,한전주,051-709-4684,부산광역시 기장군청,2025-11-17
정관읍두명리-08-049임시,1,,부산광역시 기장군 정관읍 두명리 산 104,35.3552381528,129.1450850881,2025,,051-709-4684,부산광역시 기장군청,2025-11-17
정관읍두명리-9,1,,부산광역시 기장군 정관읍 두명리 334-2,35.3553497704,129.1442301069,,한전주,051-709-4684,부산광역시 기장군청,2025-11-17
정관읍두명리-10,1,,부산광역시 기장군 정관읍 두명리 342,35.3557343495,129.1449644347,,한전주,051-709-4684,부산광역시 기장군청,2025-11-17
정관읍두명리-11,1,,부산광역시 기장군 정관읍 두명리 산 104,35.3552381528,129.1450850881,,한전주,051-709-4684,부산광역시 기장군청,2025-11-17
정관읍두명리-12,1,,부산광역시 기장군 정관읍 두명리 343-1,35.3554932628,129.1454307539,,한전주,051-709-4684,부산광역시 기장군청,2025-11-17
정관읍두명리-13,1,,부산광역시 기장군 정관읍 두명리 343-5,35.3553489417,129.1459187874,,한전주,051-709-4684,부산광역시 기장군청,2025-11-17
정관읍두명리-14,1,,부산광역시 기장군 정관읍 두명리 400,35.35487601,129.1465714,,한전주,051-709-4684,부산광역시 기장군청,2025-11-17
정관읍두명리-15,1,,부산광역시 기장군 정관읍 두명리 455-3,35.3530574485,129.1501396803,,한전주,051-709-4684,부산광역시 기장군청,2025-11-17
정관읍두명리-16,1,,부산광역시 기장군 정관읍 두명리 358,35.3560681205,129.1490322866,,한전주,051-709-4684,부산광역시 기장군청,2025-11-17
정관읍두명리-17,1,,부산광역시 기장군 정관읍 두명리 산 27,35.3570225428,129.1486969,,한전주,051-709-4684,부산광역시 기장군청,2025-11-17
정관읍두명리-18,1,,부산광역시 기장군 정관읍 두명리 산 27,35.35705566,129.1486482676,,한전주,051-709-4684,부산광역시 기장군청,2025-11-17
정관읍두명리-19,1,,부산광역시 기장군 정관읍 두명리 산 27,35.3570225428,129.1486482676,,한전주,051-709-4684,부산광역시 기장군청,2025-11-17
정관읍두명리-20,1,,부산광역시 기장군 정관읍 두명리 146,35.3574492454,129.1508428723,,전용주,051-709-4684,부산광역시 기장군청,2025-11-17
정관읍두명리-21,1,,부산광역시 기장군 정관읍 두명리 146,35.3574492454,129.1508428723,,한전주,051-709-4684,부산광역시 기장군청,2025-11-17
정관읍두명리-22,1,,부산광역시 기장군 정관읍 두명리 150-1,35.3580011955,129.1493887072,,한전주,051-709-4684,부산광역시 기장군청,2025-11-17
정관읍두명리-23,1,,부산광역시 기장군 정관읍 두명리 산 13-1,35.3591295849,129.1507754779,,한전주,051-709-4684,부산광역시 기장군청,2025-11-17
정관읍두명리-24,1,,부산광역시 기장군 정관읍 두명리 150,35.3585713458,129.1496816434,,한전주,051-709-4684,부산광역시 기장군청,2025-11-17
정관읍두명리-25,1,,부산광역시 기장군 정관읍 두명리 151-2,35.3591726736,129.1493378455,,한전주,051-709-4684,부산광역시 기장군청,2025-11-17
정관읍두명리-26,1,,부산광역시 기장군 정관읍 두명리 449,35.3595239675,129.1494813838,,한전주,051-709-4684,부산광역시 기장군청,2025-11-17
정관읍두명리-27,1,,부산광역시 기장군 정관읍 두명리 산 13-1,35.3591295849,129.1507754779,,한전주,051-709-4684,부산광역시 기장군청,2025-11-17
정관읍두명리-28,1,,부산광역시 기장군 정관읍 두명리 288-1,35.360059964,129.1486085473,,한전주,051-709-4684,부산광역시 기장군청,2025-11-17
정관읍두명리-29,1,,부산광역시 기장군 정관읍 두명리 244-1,35.36073303,129.1486789428,,한전주,051-709-4684,부산광역시 기장군청,2025-11-17
정관읍두명리-30,1,,부산광역시 기장군 정관읍 두명리 240,35.36138153,129.1488953,,한전주,051-709-4684,부산광역시 기장군청,2025-11-17
정관읍두명리-31,1,,부산광역시 기장군 정관읍 두명리 235,35.36169052,129.1486634286,,한전주,051-709-4684,부산광역시 기장군청,2025-11-17
정관읍두명리-32,1,,부산광역시 기장군 정관읍 두명리 459,35.3625776917,129.1487091523,,한전주,051-709-4684,부산광역시 기장군청,2025-11-17
정관읍두명리-33,1,,부산광역시 기장군 정관읍 두명리 249,35.361518557,129.1479670287,,한전주,051-709-4684,부산광역시 기장군청,2025-11-17
정관읍두명리-34,1,,부산광역시 기장군 정관읍 두명리 459,35.3625776917,129.1487091523,,한전주,051-709-4684,부산광역시 기장군청,2025-11-17
정관읍두명리-35,1,,부산광역시 기장군 정관읍 두명리 212,35.3636233015,129.1485108719,,한전주,051-709-4684,부산광역시 기장군청,2025-11-17
정관읍두명리-36,1,,부산광역시 기장군 정관읍 두명리 260-2,35.3636933969,129.1478246785,,한전주,051-709-4684,부산광역시 기장군청,2025-11-17
정관읍두명리-37,1,,부산광역시 기장군 정관읍 두명리 260-2,35.3636933969,129.1478246785,,한전주,051-709-4684,부산광역시 기장군청,2025-11-17
정관읍두명리-38,1,,부산광역시 기장군 정관읍 두명리 260-2,35.3636933969,129.1478246785,,한전주,051-709-4684,부산광역시 기장군청,2025-11-17
정관읍두명리-39,1,,부산광역시 기장군 정관읍 두명리 261,35.3632371021,129.1466591731,,한전주,051-709-4684,부산광역시 기장군청,2025-11-17
정관읍두명리-40,1,,부산광역시 기장군 정관읍 두명리 260-5,35.36362839,129.1465607,,한전주,051-709-4684,부산광역시 기장군청,2025-11-17
정관읍두명리-41,1,,부산광역시 기장군 정관읍 두명리 260-7,35.3637556139,129.1466721858,,한전주,051-709-4684,부산광역시 기장군청,2025-11-17
정관읍두명리-42,1,,부산광역시 기장군 정관읍 두명리 260-7,35.3637556139,129.1466721858,,건축물,051-709-4684,부산광역시 기장군청,2025-11-17
정관읍두명리-43,1,,부산광역시 기장군 정관읍 두명리 855,35.3642807,129.1459351,,한전주,051-709-4684,부산광역시 기장군청,2025-11-17
정관읍두명리-44,1,,부산광역시 기장군 정관읍 두명리 260-7,35.3637556139,129.1466721858,,건축물,051-709-4684,부산광역시 기장군청,2025-11-17
정관읍두명리-45,1,,부산광역시 기장군 정관읍 두명리 351-31,35.35667419,129.1468572981,,한전주,051-709-4684,부산광역시 기장군청,2025-11-17
정관읍두명리-46,1,,부산광역시 기장군 정관읍 두명리 351-34,35.35643768,129.1469837099,,한전주,051-709-4684,부산광역시 기장군청,2025-11-17
정관읍두명리-47,1,,부산광역시 기장군 정관읍 두명리 130-1,35.35486221,129.1495324911,,한전주,051-709-4684,부산광역시 기장군청,2025-11-17
정관읍매학리-1,1,,부산광역시 기장군 정관읍 매학리 440-1,35.319870,129.1710496339,,한전주,051-709-4684,부산광역시 기장군청,2025-11-17
정관읍매학리-2,1,,부산광역시 기장군 정관읍 매학리 441,35.31972122,129.1708884584,,한전주,051-709-4684,부산광역시 기장군청,2025-11-17
정관읍매학리-3,1,,부산광역시 기장군 정관읍 매학리 542-1,35.3197117966,129.1710994475,,한전주,051-709-4684,부산광역시 기장군청,2025-11-17
정관읍매학리-4,1,,부산광역시 기장군 정관읍 매학리 444-6,35.31988907,129.1701965,,전용주,051-709-4684,부산광역시 기장군청,2025-11-17
정관읍매학리-5,1,,부산광역시 기장군 정관읍 매학리 445-1,35.3198261771,129.1701697709,,전용주,051-709-4684,부산광역시 기장군청,2025-11-17
정관읍매학리-6,1,,부산광역시 기장군 정관읍 매학리 542-78,35.3193085926,129.1695357595,,한전주,051-709-4684,부산광역시 기장군청,2025-11-17
정관읍매학리-7,1,,부산광역시 기장군 정관읍 매학리 542-78,35.3193085926,129.1695357595,,한전주,051-709-4684,부산광역시 기장군청,2025-11-17
정관읍매학리-8,1,,부산광역시 기장군 정관읍 매학리 458-5,35.31908798,129.1687317,,전용주,051-709-4684,부산광역시 기장군청,2025-11-17
정관읍매학리-9,1,,부산광역시 기장군 정관읍 매학리 464-1,35.31922913,129.1684748516,,전용주,051-709-4684,부산광역시 기장군청,2025-11-17
정관읍매학리-10,1,,부산광역시 기장군 정관읍 매학리 464-1,35.3192365089,129.1684748516,,전용주,051-709-4684,부산광역시 기장군청,2025-11-17
정관읍매학리-11,1,,부산광역시 기장군 정관읍 매학리 410-14,35.31944656,129.1679688,,한전주,051-709-4684,부산광역시 기장군청,2025-11-17
정관읍매학리-12,1,,부산광역시 기장군 정관읍 매학리 469-1,35.3191496428,129.1669131858,,한전주,051-709-4684,부산광역시 기장군청,2025-11-17
정관읍매학리-13,1,,부산광역시 기장군 정관읍 매학리 469-1,35.31913376,129.1669131858,,한전주,051-709-4684,부산광역시 기장군청,2025-11-17
정관읍매학리-14,1,,부산광역시 기장군 정관읍 매학리 474-11,35.31917191,129.1664325924,,한전주,051-709-4684,부산광역시 기장군청,2025-11-17
정관읍매학리-15,1,,부산광역시 기장군 정관읍 매학리 산 60,35.317461893,129.1611445138,,한전주,051-709-4684,부산광역시 기장군청,2025-11-17
정관읍매학리-16,1,,부산광역시 기장군 정관읍 매학리 산 63-29,35.3192013213,129.1649050349,,한전주,051-709-4684,부산광역시 기장군청,2025-11-17
정관읍매학리-17,1,,부산광역시 기장군 정관읍 매학리 474-1,35.3189481885,129.1654082094,,전용주,051-709-4684,부산광역시 기장군청,2025-11-17
정관읍매학리-18,1,,부산광역시 기장군 정관읍 매학리 531-49,35.3190825552,129.1646430536,,한전주,051-709-4684,부산광역시 기장군청,2025-11-17
정관읍매학리-19,1,,부산광역시 기장군 정관읍 매학리 산 63-28,35.31961441,129.1640015,,한전주,051-709-4684,부산광역시 기장군청,2025-11-17
정관읍매학리-20,1,,부산광역시 기장군 정관읍 매학리 531-3,35.3203717611,129.1639602408,,한전주,051-709-4684,부산광역시 기장군청,2025-11-17
정관읍매학리-21,1,,부산광역시 기장군 정관읍 매학리 531-4,35.32041283,129.163681,,한전주,051-709-4684,부산광역시 기장군청,2025-11-17
정관읍매학리-22,1,,부산광역시 기장군 정관읍 매학리 531-23,35.3195934819,129.1634558425,,전용주,051-709-4684,부산광역시 기장군청,2025-11-17
정관읍매학리-23,1,,부산광역시 기장군 정관읍 매학리 531-21,35.3192856837,129.1633839817,,전용주,051-709-4684,부산광역시 기장군청,2025-11-17
정관읍매학리-24,1,,부산광역시 기장군 정관읍 매학리 531-27,35.3193175727,129.1629366026,,한전주,051-709-4684,부산광역시 기장군청,2025-11-17
정관읍매학리-25,1,,부산광역시 기장군 정관읍 매학리 531-18,35.31931305,129.1630367443,,한전주,051-709-4684,부산광역시 기장군청,2025-11-17
정관읍매학리-26,1,,부산광역시 기장군 정관읍 매학리 531-27,35.3193175727,129.1629366026,,한전주,051-709-4684,부산광역시 기장군청,2025-11-17
정관읍매학리-27,1,,부산광역시 기장군 정관읍 매학리 산 63-22,35.3188200216,129.1628571,,전용주,051-709-4684,부산광역시 기장군청,2025-11-17
정관읍매학리-28,1,,부산광역시 기장군 정관읍 매학리 531-47,35.3194926004,129.1629409249,,건축물,051-709-4684,부산광역시 기장군청,2025-11-17
정관읍매학리-29,1,,부산광역시 기장군 정관읍 매학리 531-5,35.3202926629,129.1632385,,한전주,051-709-4684,부산광역시 기장군청,2025-11-17
정관읍매학리-30,1,,부산광역시 기장군 정관읍 매학리 531-1,35.31881332,129.1643852335,,한전주,051-709-4684,부산광역시 기장군청,2025-11-17
정관읍매학리-31,1,,부산광역시 기장군 정관읍 매학리 542-77,35.3186642271,129.1681650405,,한전주,051-709-4684,부산광역시 기장군청,2025-11-17
정관읍매학리-32,1,,부산광역시 기장군 정관읍 매학리 477-1,35.3180891881,129.1677537414,,한전주,051-709-4684,부산광역시 기장군청,2025-11-17
정관읍매학리-33,1,,부산광역시 기장군 정관읍 매학리 475-15,35.31778704,129.1657466765,,한전주,051-709-4684,부산광역시 기장군청,2025-11-17
정관읍매학리-34,1,,부산광역시 기장군 정관읍 매학리 475-15,35.3177034606,129.1657466765,,한전주,051-709-4684,부산광역시 기장군청,2025-11-17
정관읍매학리-35,1,,부산광역시 기장군 정관읍 매학리 511-4,35.3173721494,129.1671594667,,전용주,051-709-4684,부산광역시 기장군청,2025-11-17
정관읍매학리-36,1,,부산광역시 기장군 정관읍 매학리 570,35.3188384326,129.1708723492,,한전주,051-709-4684,부산광역시 기장군청,2025-11-17
정관읍매학리-37,1,,부산광역시 기장군 정관읍 매학리 570,35.31882095,129.1708527,,한전주,051-709-4684,부산광역시 기장군청,2025-11-17
정관읍매학리-38,1,,부산광역시 기장군 정관읍 매학리 570,35.3188384326,129.1708723492,,한전주,051-709-4684,부산광역시 기장군청,2025-11-17
정관읍매학리-39,1,,부산광역시 기장군 정관읍 매학리 397-18,35.32143784,129.1683999177,,한전주,051-709-4684,부산광역시 기장군청,2025-11-17
정관읍매학리-40,1,,부산광역시 기장군 정관읍 매학리 산 85-18,35.32138062,129.1676148804,,한전주,051-709-4684,부산광역시 기장군청,2025-11-17
정관읍매학리-41,1,,부산광역시 기장군 정관읍 매학리 산 85-18,35.32139587,129.1676788,,한전주,051-709-4684,부산광역시 기장군청,2025-11-17
정관읍매학리-42,1,,부산광역시 기장군 정관읍 매학리 산 85-18,35.32137299,129.1676148804,,한전주,051-709-4684,부산광역시 기장군청,2025-11-17
정관읍매학리-43,1,,부산광역시 기장군 정관읍 매학리 397-24,35.3216352186,129.1671143,,한전주,051-709-4684,부산광역시 기장군청,2025-11-17
정관읍매학리-44,1,,부산광역시 기장군 정관읍 매학리 204-7,35.31814194,129.1734679455,,한전주,051-709-4684,부산광역시 기장군청,2025-11-17
정관읍매학리-45,1,,부산광역시 기장군 정관읍 매학리 544,35.3182180343,129.1733365265,,한전주,051-709-4684,부산광역시 기장군청,2025-11-17
정관읍매학리-46,1,,부산광역시 기장군 정관읍 매학리 168-2,35.31809235,129.1727225545,,한전주,051-709-4684,부산광역시 기장군청,2025-11-17
정관읍매학리-47,1,,부산광역시 기장군 정관읍 매학리 168,35.3177640459,129.1723619011,,한전주,051-709-4684,부산광역시 기장군청,2025-11-17
정관읍매학리-48,1,,부산광역시 기장군 정관읍 매학리 168-8,35.31773758,129.1725311,,전용주,051-709-4684,부산광역시 기장군청,2025-11-17
정관읍매학리-49,1,,부산광역시 기장군 정관읍 매학리 168-15,35.3174062053,129.1719666,,한전주,051-709-4684,부산광역시 기장군청,2025-11-17
정관읍매학리-50,1,,부산광역시 기장군 정관읍 매학리 166-18,35.31715393,129.1714747085,,한전주,051-709-4684,부산광역시 기장군청,2025-11-17
정관읍매학리-51,1,,부산광역시 기장군 정관읍 매학리 525-63,35.3160462454,129.1702752291,,한전주,051-709-4684,부산광역시 기장군청,2025-11-17
정관읍매학리-52,1,,부산광역시 기장군 정관읍 매학리 525-45,35.3149907511,129.1711096625,,한전주,051-709-4684,부산광역시 기장군청,2025-11-17
정관읍매학리-53,1,,부산광역시 기장군 정관읍 매학리 525-48,35.3151907387,129.1710768966,,한전주,051-709-4684,부산광역시 기장군청,2025-11-17
정관읍매학리-54,1,,부산광역시 기장군 정관읍 매학리 525-38,35.3150223858,129.1708173347,,한전주,051-709-4684,부산광역시 기장군청,2025-11-17
정관읍매학리-55,1,,부산광역시 기장군 정관읍 매학리 525-32,35.31459427,129.1704156363,,한전주,051-709-4684,부산광역시 기장군청,2025-11-17
정관읍매학리-56,1,,부산광역시 기장군 정관읍 매학리 520-1,35.316206496,129.1690886073,,한전주,051-709-4684,부산광역시 기장군청,2025-11-17
정관읍매학리-57,1,,부산광역시 기장군 정관읍 매학리 산 18-4,35.31519318,129.1681824,,한전주,051-709-4684,부산광역시 기장군청,2025-11-17
정관읍매학리-58,1,,부산광역시 기장군 정관읍 매학리 산 18-1,35.31475449,129.1680145,,한전주,051-709-4684,부산광역시 기장군청,2025-11-17
정관읍매학리-59,1,,부산광역시 기장군 정관읍 매학리 525-57,35.31489182,129.1675334775,,한전주,051-709-4684,부산광역시 기장군청,2025-11-17
정관읍매학리-61,1,,부산광역시 기장군 정관읍 매학리 525-17,35.3145566297,129.1661414058,,한전주,051-709-4684,부산광역시 기장군청,2025-11-17
정관읍매학리-62,1,,부산광역시 기장군 정관읍 매학리 525-16,35.3145620662,129.1656650328,,한전주,051-709-4684,부산광역시 기장군청,2025-11-17
정관읍매학리-63,1,,부산광역시 기장군 정관읍 매학리 산 11-38,35.31538391,129.1724396,,한전주,051-709-4684,부산광역시 기장군청,2025-11-17
정관읍매학리-64,1,,부산광역시 기장군 정관읍 매학리 136-13,35.3151938069,129.1725861271,,한전주,051-709-4684,부산광역시 기장군청,2025-11-17
정관읍매학리-65,1,,부산광역시 기장군 정관읍 매학리 산 11-2,35.31489563,129.1736938303,,전용주,051-709-4684,부산광역시 기장군청,2025-11-17
정관읍매학리-66,1,,부산광역시 기장군 정관읍 매학리 산 8-5,35.31438446,129.1735613746,,전용주,051-709-4684,부산광역시 기장군청,2025-11-17
정관읍매학리-67,1,,부산광역시 기장군 정관읍 매학리 산 113-4,35.31378937,129.1730804,,한전주,051-709-4684,부산광역시 기장군청,2025-11-17
정관읍매학리-68,1,,부산광역시 기장군 정관읍 매학리 137-3,35.31426239,129.1733856,,한전주,051-709-4684,부산광역시 기장군청,2025-11-17
정관읍매학리-69,1,,부산광역시 기장군 정관읍 매학리 135-4,35.31628799,129.1755829,,한전주,051-709-4684,부산광역시 기장군청,2025-11-17
정관읍매학리-70,1,,부산광역시 기장군 정관읍 매학리 132,35.31629562,129.1752877074,,한전주,051-709-4684,부산광역시 기장군청,2025-11-17
정관읍매학리-71,1,,부산광역시 기장군 정관읍 매학리 152-2,35.31628036,129.1748657,,한전주,051-709-4684,부산광역시 기장군청,2025-11-17
정관읍매학리-72,1,,부산광역시 기장군 정관읍 매학리 122-19,35.3167032047,129.1755655973,,한전주,051-709-4684,부산광역시 기장군청,2025-11-17
정관읍매학리-73,1,,부산광역시 기장군 정관읍 매학리 173,35.31772232,129.1741242704,,한전주,051-709-4684,부산광역시 기장군청,2025-11-17
정관읍매학리-74,1,,부산광역시 기장군 정관읍 매학리 739,35.3182436384,129.1735579008,,한전주,051-709-4684,부산광역시 기장군청,2025-11-17
정관읍매학리-75,1,,부산광역시 기장군 정관읍 매학리 산 62-6,35.3187761214,129.1677514976,,전용주,051-709-4684,부산광역시 기장군청,2025-11-17
정관읍매학리-76,1,,부산광역시 기장군 정관읍 매학리 397-3,35.3216009578,129.1687317,,한전주,051-709-4684,부산광역시 기장군청,2025-11-17
정관읍매학리-77,1,,부산광역시 기장군 정관읍 매학리 474-6,35.31906509,129.1672516,,한전주,051-709-4684,부산광역시 기장군청,2025-11-17
정관읍매학리-78,1,,부산광역시 기장군 정관읍 매학리 531-9,35.319748344,129.1623181406,,한전주,051-709-4684,부산광역시 기장군청,2025-11-17
정관읍매학리-79,1,,부산광역시 기장군 정관읍 매학리 산 63-29,35.3192013213,129.1649050349,,한전주,051-709-4684,부산광역시 기장군청,2025-11-17
정관읍매학리-80,1,,부산광역시 기장군 정관읍 매학리 542-80,35.3190630091,129.1690209676,,한전주,051-709-4684,부산광역시 기장군청,2025-11-17
정관읍매학리-81,1,,부산광역시 기장군 정관읍 매학리 481-1,35.3186386,129.1686791157,2020,한전주,051-709-4684,부산광역시 기장군청,2025-11-17
정관읍매학리-82,1,,부산광역시 기장군 정관읍 매학리 542-81,35.31840325,129.1683955,2020,한전주,051-709-4684,부산광역시 기장군청,2025-11-17
정관읍매학리-83,1,,부산광역시 기장군 정관읍 매학리 475-6,35.3171121671,129.1641899996,2018,한전주,051-709-4684,부산광역시 기장군청,2025-11-17
정관읍매학리-84,1,,부산광역시 기장군 정관읍 매학리 475-9,35.317528,129.1645112546,2018,한전주,051-709-4684,부산광역시 기장군청,2025-11-17
정관읍매학리-85,1,,부산광역시 기장군 정관읍 매학리 475-19,35.3168509908,129.1653117105,2018,한전주,051-709-4684,부산광역시 기장군청,2025-11-17
정관읍매학리-86,1,,부산광역시 기장군 정관읍 매학리 475-40,35.3180880817,129.1661424233,2018,한전주,051-709-4684,부산광역시 기장군청,2025-11-17
정관읍모전리-1,1,,부산광역시 기장군 정관읍 모전리 113,35.337292733,129.1719802651,,한전주,051-709-4684,부산광역시 기장군청,2025-11-17
정관읍모전리-2,1,,부산광역시 기장군 정관읍 모전리 538-2,35.33002472,129.1630667813,,전용주,051-709-4684,부산광역시 기장군청,2025-11-17
정관읍모전리-3,1,,부산광역시 기장군 정관읍 모전리 592,35.3304239114,129.1623556668,,전용주,051-709-4684,부산광역시 기장군청,2025-11-17
정관읍모전리-4,1,,부산광역시 기장군 정관읍 모전리 542,35.3301515516,129.1625824,,한전주,051-709-4684,부산광역시 기장군청,2025-11-17
정관읍모전리-5,1,,부산광역시 기장군 정관읍 모전리 592,35.33044052,129.1623688,,한전주,051-709-4684,부산광역시 기장군청,2025-11-17
정관읍모전리-6,1,,부산광역시 기장군 정관읍 모전리 592,35.3304239114,129.1623556668,,한전주,051-709-4684,부산광역시 기장군청,2025-11-17
정관읍모전리-7,1,,부산광역시 기장군 정관읍 모전리 산 102-7,35.33091736,129.1621246,,한전주,051-709-4684,부산광역시 기장군청,2025-11-17
정관읍모전리-8,1,,부산광역시 기장군 정관읍 모전리 산 102-7,35.33088684,129.1616821,,한전주,051-709-4684,부산광역시 기장군청,2025-11-17
정관읍모전리-9,1,,부산광역시 기장군 정관읍 모전리 558-2,35.3305350091,129.1611328,,한전주,051-709-4684,부산광역시 기장군청,2025-11-17
정관읍모전리-10,1,,부산광역시 기장군 정관읍 모전리 산 107-5,35.33097458,129.1592581601,,한전주,051-709-4684,부산광역시 기장군청,2025-11-17
정관읍모전리-11,1,,부산광역시 기장군 정관읍 모전리 산 107-4,35.33086777,129.1589966,,한전주,051-709-4684,부산광역시 기장군청,2025-11-17
정관읍모전리-12,1,,부산광역시 기장군 정관읍 모전리 산 107-4,35.33068085,129.158783,,한전주,051-709-4684,부산광역시 기장군청,2025-11-17
정관읍모전리-13,1,,부산광역시 기장군 정관읍 모전리 산 111-6,35.33023453,129.1589180752,,한전주,051-709-4684,부산광역시 기장군청,2025-11-17
정관읍모전리-14,1,,부산광역시 기장군 정관읍 모전리 산 110,35.3298645,129.1591195439,,한전주,051-709-4684,부산광역시 기장군청,2025-11-17
정관읍모전리-15,1,,부산광역시 기장군 정관읍 모전리 산 111-1,35.3299216767,129.1593797894,,한전주,051-709-4684,부산광역시 기장군청,2025-11-17
정관읍모전리-16,1,,부산광역시 기장군 정관읍 모전리 557,35.3298882483,129.1607545202,,한전주,051-709-4684,부산광역시 기장군청,2025-11-17
정관읍모전리-17,1,,부산광역시 기장군 정관읍 용수리 1030-3,35.3288848501,129.1602569406,,한전주,051-709-4684,부산광역시 기장군청,2025-11-17
정관읍모전리-18,1,,부산광역시 기장군 정관읍 모전리 519,35.3305515528,129.1626892,,한전주,051-709-4684,부산광역시 기장군청,2025-11-17
정관읍모전리-19,1,,부산광역시 기장군 정관읍 모전리 586,35.3302362988,129.1609968566,,한전주,051-709-4684,부산광역시 기장군청,2025-11-17
정관읍모전리-20,1,,부산광역시 기장군 정관읍 모전리 592,35.3304239114,129.1623556668,,한전주,051-709-4684,부산광역시 기장군청,2025-11-17
정관읍모전리-21,1,,부산광역시 기장군 정관읍 모전리 557-2,35.33001709,129.1611199266,,한전주,051-709-4684,부산광역시 기장군청,2025-11-17
정관읍모전리-22,1,,부산광역시 기장군 정관읍 용수리 1030-7,35.3294903112,129.1610583897,,전용주,051-709-4684,부산광역시 기장군청,2025-11-17
정관읍모전리-23,1,,부산광역시 기장군 정관읍 모전리 509-7,35.3313592372,129.1623713152,,한전주,051-709-4684,부산광역시 기장군청,2025-11-17
정관읍모전리-24,1,,부산광역시 기장군 정관읍 모전리 310-10,35.3352354875,129.1595909104,,한전주,051-709-4684,부산광역시 기장군청,2025-11-17
정관읍모전리-25,1,,부산광역시 기장군 정관읍 모전리 310-13,35.3353256999,129.1593341185,,한전주,051-709-4684,부산광역시 기장군청,2025-11-17
정관읍모전리-26,1,,부산광역시 기장군 정관읍 모전리 310-7,35.33498383,129.1595459,,한전주,051-709-4684,부산광역시 기장군청,2025-11-17
정관읍모전리-27,1,,부산광역시 기장군 정관읍 모전리 310-9,35.3347487829,129.1598697001,,한전주,051-709-4684,부산광역시 기장군청,2025-11-17
정관읍모전리-28,1,,부산광역시 기장군 정관읍 모전리 25-2,35.3441137775,129.1587677,,한전주,051-709-4684,부산광역시 기장군청,2025-11-17
정관읍모전리-29,1,,부산광역시 기장군 정관읍 모전리 24-2,35.34430313,129.1585846,,한전주,051-709-4684,부산광역시 기장군청,2025-11-17
정관읍모전리-30,1,,부산광역시 기장군 정관읍 모전리 22,35.3450906593,129.1577009481,,한전주,051-709-4684,부산광역시 기장군청,2025-11-17
정관읍모전리-31,1,,부산광역시 기장군 정관읍 모전리 310-2,35.3352719289,129.1602303677,2018,한전주,051-709-4684,부산광역시 기장군청,2025-11-17
정관읍모전리-32,1,,부산광역시 기장군 정관읍 모전리 산 108-3,35.3303607798,129.1586289987,2018,한전주,051-709-4684,부산광역시 기장군청,2025-11-17
정관읍모전리-33,1,,부산광역시 기장군 정관읍 모전리 산 108-3,35.3303607798,129.1586289987,2018,한전주,051-709-4684,부산광역시 기장군청,2025-11-17
정관읍방곡리-1,1,,부산광역시 기장군 정관읍 방곡리 275-2,35.32300186,129.182373,,한전주,051-709-4684,부산광역시 기장군청,2025-11-17
정관읍방곡리-2,1,,부산광역시 기장군 정관읍 방곡리 273-1,35.32318878,129.1828740901,,한전주,051-709-4684,부산광역시 기장군청,2025-11-17
정관읍방곡리-3,1,,부산광역시 기장군 정관읍 방곡리 269-7,35.3231297734,129.1834717,,한전주,051-709-4684,부산광역시 기장군청,2025-11-17
정관읍방곡리-4,1,,부산광역시 기장군 정관읍 방곡리 257-2,35.3231774326,129.1837006,,한전주,051-709-4684,부산광역시 기장군청,2025-11-17
정관읍방곡리-5,1,,부산광역시 기장군 정관읍 방곡리 246-1,35.32341003,129.1842813287,,한전주,051-709-4684,부산광역시 기장군청,2025-11-17
정관읍방곡리-6,1,,부산광역시 기장군 정관읍 방곡리 245,35.3235591747,129.1845828159,,한전주,051-709-4684,부산광역시 기장군청,2025-11-17
정관읍방곡리-7,1,,부산광역시 기장군 정관읍 방곡리 440,35.3234440736,129.1847389273,,한전주,051-709-4684,부산광역시 기장군청,2025-11-17
정관읍방곡리-8,1,,부산광역시 기장군 정관읍 방곡리 263-9,35.3226174827,129.1829185598,,한전주,051-709-4684,부산광역시 기장군청,2025-11-17
정관읍방곡리-9,1,,부산광역시 기장군 정관읍 방곡리 288-2,35.3226588302,129.1825423911,,한전주,051-709-4684,부산광역시 기장군청,2025-11-17
정관읍방곡리-10,1,,부산광역시 기장군 정관읍 방곡리 288-13,35.3228135863,129.1825476369,,한전주,051-709-4684,부산광역시 기장군청,2025-11-17
정관읍방곡리-11,1,,부산광역시 기장군 정관읍 방곡리 288-28,35.3222884878,129.1830569166,,한전주,051-709-4684,부산광역시 기장군청,2025-11-17
정관읍방곡리-12,1,,부산광역시 기장군 정관읍 방곡리 259-5,35.3225314565,129.1834755612,,한전주,051-709-4684,부산광역시 기장군청,2025-11-17
정관읍방곡리-13,1,,부산광역시 기장군 정관읍 방곡리 288-45,35.3220026113,129.1833896499,,한전주,051-709-4684,부산광역시 기장군청,2025-11-17
정관읍방곡리-14,1,,부산광역시 기장군 정관읍 방곡리 288-36,35.3218598109,129.1837672219,,한전주,051-709-4684,부산광역시 기장군청,2025-11-17
정관읍방곡리-15,1,,부산광역시 기장군 정관읍 방곡리 288-37,35.3217578565,129.1842480339,,한전주,051-709-4684,부산광역시 기장군청,2025-11-17
정관읍방곡리-16,1,,부산광역시 기장군 정관읍 방곡리 274-1,35.3230580611,129.1828374992,,한전주,051-709-4684,부산광역시 기장군청,2025-11-17
정관읍방곡리-17,1,,부산광역시 기장군 정관읍 방곡리 산 25-2,35.3268463411,129.1913139121,,한전주,051-709-4684,부산광역시 기장군청,2025-11-17
정관읍방곡리-18,1,,부산광역시 기장군 정관읍 방곡리 산 25-2,35.3268463411,129.1913139121,,한전주,051-709-4684,부산광역시 기장군청,2025-11-17
정관읍방곡리-19,1,,부산광역시 기장군 정관읍 방곡리 산 25-2,35.3268463411,129.1913139121,,한전주,051-709-4684,부산광역시 기장군청,2025-11-17
정관읍방곡리-20,1,,부산광역시 기장군 정관읍 방곡리 381,35.3276658177,129.1906438169,,한전주,051-709-4684,부산광역시 기장군청,2025-11-17
정관읍병산리-1,1,,부산광역시 기장군 정관읍 병산리 575-2,35.34508896,129.1848436736,,한전주,051-709-4684,부산광역시 기장군청,2025-11-17
정관읍병산리-2,1,,부산광역시 기장군 정관읍 병산리 563-1,35.34583282,129.1865038571,,한전주,051-709-4684,부산광역시 기장군청,2025-11-17
정관읍병산리-3,1,,부산광역시 기장군 정관읍 병산리 563-1,35.34588242,129.1865038571,,한전주,051-709-4684,부산광역시 기장군청,2025-11-17
정관읍병산리-4,1,,부산광역시 기장군 정관읍 병산리 563-11,35.3458519,129.1866705157,,한전주,051-709-4684,부산광역시 기장군청,2025-11-17
정관읍병산리-5,1,,부산광역시 기장군 정관읍 병산리 565-5,35.3458550886,129.1875177513,,한전주,051-709-4684,부산광역시 기장군청,2025-11-17
정관읍병산리-6,1,,부산광역시 기장군 정관읍 병산리 565-1,35.345559488,129.1871288739,,한전주,051-709-4684,부산광역시 기장군청,2025-11-17
정관읍병산리-7,1,,부산광역시 기장군 정관읍 병산리 567-1,35.3449382605,129.1880364403,,한전주,051-709-4684,부산광역시 기장군청,2025-11-17
정관읍병산리-8,1,,부산광역시 기장군 정관읍 병산리 234-2,35.3450340188,129.1901866072,,한전주,051-709-4684,부산광역시 기장군청,2025-11-17
정관읍병산리-9,1,,부산광역시 기장군 정관읍 병산리 234-2,35.3450340188,129.1901866072,,한전주,051-709-4684,부산광역시 기장군청,2025-11-17
정관읍병산리-10,1,,부산광역시 기장군 정관읍 병산리 산 106-10,35.3445808939,129.1924121343,,한전주,051-709-4684,부산광역시 기장군청,2025-11-17
정관읍병산리-11,1,,부산광역시 기장군 정관읍 병산리 산 106-10,35.3445808939,129.1924121343,,한전주,051-709-4684,부산광역시 기장군청,2025-11-17
정관읍병산리-12,1,,부산광역시 기장군 정관읍 병산리 227,35.34415436,129.1923761967,,한전주,051-709-4684,부산광역시 기장군청,2025-11-17
정관읍병산리-13,1,,부산광역시 기장군 정관읍 병산리 산 106-11,35.34369659,129.1922744832,,한전주,051-709-4684,부산광역시 기장군청,2025-11-17
정관읍병산리-14,1,,부산광역시 기장군 정관읍 병산리 산 106-9,35.3447111575,129.1942469134,,한전주,051-709-4684,부산광역시 기장군청,2025-11-17
정관읍병산리-15,1,,부산광역시 기장군 정관읍 병산리 196,35.3434135208,129.1942749,,한전주,051-709-4684,부산광역시 기장군청,2025-11-17
정관읍병산리-16,1,,부산광역시 기장군 정관읍 병산리 264,35.34693146,129.1877594,,건축물,051-709-4684,부산광역시 기장군청,2025-11-17
정관읍병산리-17,1,,부산광역시 기장군 정관읍 병산리 266-3,35.3475074522,129.1879578,,한전주,051-709-4684,부산광역시 기장군청,2025-11-17
정관읍병산리-18,1,,부산광역시 기장군 정관읍 병산리 산 40-1,35.3484620963,129.1871210446,,한전주,051-709-4684,부산광역시 기장군청,2025-11-17
정관읍병산리-19,1,,부산광역시 기장군 정관읍 병산리 266-4,35.3476197457,129.1881335278,,한전주,051-709-4684,부산광역시 기장군청,2025-11-17
정관읍병산리-20,1,,부산광역시 기장군 정관읍 병산리 269-2,35.3480846831,129.1878967,,한전주,051-709-4684,부산광역시 기장군청,2025-11-17
정관읍병산리-21,1,,부산광역시 기장군 정관읍 병산리 274-3,35.3492723677,129.1881301475,,한전주,051-709-4684,부산광역시 기장군청,2025-11-17
정관읍병산리-22,1,,부산광역시 기장군 정관읍 병산리 산 37-4,35.3505964089,129.1878967,,한전주,051-709-4684,부산광역시 기장군청,2025-11-17
정관읍병산리-23,1,,부산광역시 기장군 정관읍 병산리 389-2,35.350004158,129.1877206602,,건축물,051-709-4684,부산광역시 기장군청,2025-11-17
정관읍병산리-24,1,,부산광역시 기장군 정관읍 병산리 산 37-3,35.3504850608,129.1879883,,한전주,051-709-4684,부산광역시 기장군청,2025-11-17
정관읍병산리-25,1,,부산광역시 기장군 정관읍 병산리 산 37-4,35.3505964089,129.1878875089,,한전주,051-709-4684,부산광역시 기장군청,2025-11-17
정관읍병산리-26,1,,부산광역시 기장군 정관읍 병산리 산 37-2,35.3515506771,129.1880035,,한전주,051-709-4684,부산광역시 기장군청,2025-11-17
정관읍병산리-27,1,,부산광역시 기장군 정관읍 병산리 산 37-4,35.3505964089,129.1878875089,,한전주,051-709-4684,부산광역시 기장군청,2025-11-17
정관읍병산리-28,1,,부산광역시 기장군 정관읍 병산리 530-4,35.35272598,129.1869703887,,한전주,051-709-4684,부산광역시 기장군청,2025-11-17
정관읍병산리-29,1,,부산광역시 기장군 정관읍 병산리 산 35-2,35.3536488055,129.1874658161,,한전주,051-709-4684,부산광역시 기장군청,2025-11-17
정관읍병산리-30,1,,부산광역시 기장군 정관읍 병산리 435-2,35.35342407,129.187439,,한전주,051-709-4684,부산광역시 기장군청,2025-11-17
정관읍병산리-31,1,,부산광역시 기장군 정관읍 병산리 산 35-2,35.3536488055,129.1874542,,한전주,051-709-4684,부산광역시 기장군청,2025-11-17
정관읍병산리-32,1,,부산광역시 기장군 정관읍 병산리 산 33-2,35.3551863299,129.187912,,한전주,051-709-4684,부산광역시 기장군청,2025-11-17
정관읍병산리-33,1,,부산광역시 기장군 정관읍 병산리 325,35.347420947,129.1900044888,,한전주,051-709-4684,부산광역시 기장군청,2025-11-17
정관읍병산리-34,1,,부산광역시 기장군 정관읍 병산리 614-2,35.3471325919,129.1898999905,,전용주,051-709-4684,부산광역시 기장군청,2025-11-17
정관읍병산리-35,1,,부산광역시 기장군 정관읍 병산리 331-1,35.3472395638,129.1904361075,,건축물,051-709-4684,부산광역시 기장군청,2025-11-17
정관읍병산리-36,1,,부산광역시 기장군 정관읍 병산리 614,35.34741211,129.1902998272,,한전주,051-709-4684,부산광역시 기장군청,2025-11-17
정관읍병산리-37,1,,부산광역시 기장군 정관읍 병산리 306-1,35.34686757,129.1896284332,,한전주,051-709-4684,부산광역시 기장군청,2025-11-17
정관읍병산리-38,1,,부산광역시 기장군 정관읍 병산리 360,35.348741929,129.1919994302,,한전주,051-709-4684,부산광역시 기장군청,2025-11-17
정관읍병산리-39,1,,부산광역시 기장군 정관읍 병산리 597-18,35.3476615918,129.1901579972,,한전주,051-709-4684,부산광역시 기장군청,2025-11-17
정관읍병산리-40,1,,부산광역시 기장군 정관읍 병산리 611-3,35.3493924631,129.1918618646,,한전주,051-709-4684,부산광역시 기장군청,2025-11-17
정관읍병산리-41,1,,부산광역시 기장군 정관읍 병산리 193-2,35.349658084,129.1930084,,한전주,051-709-4684,부산광역시 기장군청,2025-11-17
정관읍병산리-42,1,,부산광역시 기장군 정관읍 병산리 산 101-25,35.3511792331,129.1938510783,,한전주,051-709-4684,부산광역시 기장군청,2025-11-17
정관읍병산리-43,1,,부산광역시 기장군 정관읍 병산리 182-4,35.3517974852,129.1943187675,,건축물,051-709-4684,부산광역시 기장군청,2025-11-17
정관읍병산리-44,1,,부산광역시 기장군 정관읍 병산리 598-6,35.35198975,129.1942712931,,한전주,051-709-4684,부산광역시 기장군청,2025-11-17
정관읍병산리-45,1,,부산광역시 기장군 정관읍 병산리 597-11,35.35217285,129.1950340576,,한전주,051-709-4684,부산광역시 기장군청,2025-11-17
정관읍병산리-46,1,,부산광역시 기장군 정관읍 병산리 183-1,35.3521275039,129.1958098094,,한전주,051-709-4684,부산광역시 기장군청,2025-11-17
정관읍병산리-47,1,,부산광역시 기장군 정관읍 병산리 산 90-7,35.3521365117,129.1929665578,,한전주,051-709-4684,부산광역시 기장군청,2025-11-17
정관읍병산리-48,1,,부산광역시 기장군 정관읍 병산리 174,35.3524437,129.1947137446,,한전주,051-709-4684,부산광역시 기장군청,2025-11-17
정관읍병산리-49,1,,부산광역시 기장군 정관읍 병산리 산 106-10,35.3445808939,129.1924121343,,한전주,051-709-4684,부산광역시 기장군청,2025-11-17
정관읍병산리-50,1,,부산광역시 기장군 정관읍 병산리 산 106-10,35.3445808939,129.1924121343,,한전주,051-709-4684,부산광역시 기장군청,2025-11-17
정관읍병산리-51,1,,부산광역시 기장군 정관읍 병산리 254,35.3446846,129.1890869,,한전주,051-709-4684,부산광역시 기장군청,2025-11-17
정관읍병산리-52,1,,부산광역시 기장군 정관읍 병산리 산 40-1,35.3484620963,129.1871210446,,한전주,051-709-4684,부산광역시 기장군청,2025-11-17
정관읍병산리-53,1,,부산광역시 기장군 정관읍 병산리 451-2,35.3562899605,129.1890181,,건축물,051-709-4684,부산광역시 기장군청,2025-11-17
정관읍예림리-1,1,,부산광역시 기장군 정관읍 예림리 203-6,35.3193384925,129.2133636,,한전주,051-709-4684,부산광역시 기장군청,2025-11-17
정관읍예림리-2,1,,부산광역시 기장군 정관읍 예림리 339-5,35.3271367641,129.2095184,,한전주,051-709-4684,부산광역시 기장군청,2025-11-17
정관읍예림리-3,1,,부산광역시 기장군 정관읍 예림리 339-5,35.3271904,129.2095784172,,한전주,051-709-4684,부산광역시 기장군청,2025-11-17
정관읍예림리-4,1,,부산광역시 기장군 정관읍 예림리 634-1,35.3251322698,129.2082083207,,한전주,051-709-4684,부산광역시 기장군청,2025-11-17
정관읍예림리-5,1,,부산광역시 기장군 정관읍 예림리 638-1,35.324909964,129.2083059555,,한전주,051-709-4684,부산광역시 기장군청,2025-11-17
정관읍예림리-6,1,,부산광역시 기장군 정관읍 예림리 636-2,35.325418599,129.2084118245,,한전주,051-709-4684,부산광역시 기장군청,2025-11-17
정관읍예림리-7,1,,부산광역시 기장군 정관읍 예림리 636-5,35.32570648,129.2082137586,,한전주,051-709-4684,부산광역시 기장군청,2025-11-17
정관읍예림리-8,1,,부산광역시 기장군 정관읍 예림리 1052-2,35.3266526665,129.2062248936,,한전주,051-709-4684,부산광역시 기장군청,2025-11-17
정관읍예림리-9,1,,부산광역시 기장군 정관읍 예림리 573-1,35.32789993,129.2069280537,,한전주,051-709-4684,부산광역시 기장군청,2025-11-17
정관읍예림리-10,1,,부산광역시 기장군 정관읍 예림리 458-1,35.3280936572,129.2065130469,,한전주,051-709-4684,부산광역시 기장군청,2025-11-17
정관읍예림리-13,1,,부산광역시 기장군 정관읍 예림리 463,35.32885361,129.2060639582,,건축물,051-709-4684,부산광역시 기장군청,2025-11-17
정관읍예림리-14,1,,부산광역시 기장군 정관읍 예림리 463,35.3288193838,129.2060699,,한전주,051-709-4684,부산광역시 기장군청,2025-11-17
정관읍예림리-15,1,,부산광역시 기장군 정관읍 예림리 1052-1,35.3294883033,129.2059316532,,한전주,051-709-4684,부산광역시 기장군청,2025-11-17
정관읍예림리-16,1,,부산광역시 기장군 정관읍 예림리 415,35.32910919,129.2064362,,한전주,051-709-4684,부산광역시 기장군청,2025-11-17
정관읍예림리-17,1,,부산광역시 기장군 정관읍 예림리 402,35.32989502,129.2058812565,,한전주,051-709-4684,부산광역시 기장군청,2025-11-17
정관읍예림리-18,1,,부산광역시 기장군 정관읍 예림리 1060,35.3302777348,129.2054145955,,한전주,051-709-4684,부산광역시 기장군청,2025-11-17
정관읍예림리-19,1,,부산광역시 기장군 정관읍 예림리 1060,35.3302777348,129.2054145955,,한전주,051-709-4684,부산광역시 기장군청,2025-11-17
정관읍예림리-20,1,,부산광역시 기장군 정관읍 예림리 397,35.3304562274,129.2047577,,한전주,051-709-4684,부산광역시 기장군청,2025-11-17
정관읍예림리-21,1,,부산광역시 기장군 정관읍 예림리 378,35.3309759303,129.2038610189,,한전주,051-709-4684,부산광역시 기장군청,2025-11-17
정관읍예림리-22,1,,부산광역시 기장군 정관읍 예림리 465-1,35.3285203678,129.2059025497,,한전주,051-709-4684,부산광역시 기장군청,2025-11-17
정관읍예림리-24,1,,부산광역시 기장군 정관읍 예림리 566-3,35.327350162,129.2065712755,,한전주,051-709-4684,부산광역시 기장군청,2025-11-17
정관읍예림리-25,1,,부산광역시 기장군 정관읍 예림리 579-4,35.3271145381,129.206909687,,한전주,051-709-4684,부산광역시 기장군청,2025-11-17
정관읍예림리-26,1,,부산광역시 기장군 정관읍 예림리 1052-2,35.3266526665,129.2062248936,,한전주,051-709-4684,부산광역시 기장군청,2025-11-17
정관읍예림리-27,1,,부산광역시 기장군 정관읍 예림리 556,35.32684708,129.2059309032,,한전주,051-709-4684,부산광역시 기장군청,2025-11-17
정관읍예림리-28,1,,부산광역시 기장군 정관읍 예림리 551,35.3269432274,129.2057750188,,건축물,051-709-4684,부산광역시 기장군청,2025-11-17
정관읍예림리-29,1,,부산광역시 기장군 정관읍 예림리 558,35.3267103209,129.2060201561,,한전주,051-709-4684,부산광역시 기장군청,2025-11-17
정관읍예림리-30,1,,부산광역시 기장군 정관읍 예림리 1064,35.32660294,129.2059028265,,건축물,051-709-4684,부산광역시 기장군청,2025-11-17
정관읍예림리-31,1,,부산광역시 기장군 정관읍 예림리 531,35.32622147,129.2061485973,,한전주,051-709-4684,부산광역시 기장군청,2025-11-17
정관읍예림리-32,1,,부산광역시 기장군 정관읍 예림리 1066,35.3251173371,129.2065566423,,한전주,051-709-4684,부산광역시 기장군청,2025-11-17
정관읍예림리-33,1,,부산광역시 기장군 정관읍 예림리 513-5,35.32514191,129.2064819,,한전주,051-709-4684,부산광역시 기장군청,2025-11-17
정관읍예림리-34,1,,부산광역시 기장군 정관읍 예림리 627-4,35.3248778057,129.2072963334,,한전주,051-709-4684,부산광역시 기장군청,2025-11-17
정관읍예림리-35,1,,부산광역시 기장군 정관읍 예림리 736-2,35.3242876161,129.2038896016,,한전주,051-709-4684,부산광역시 기장군청,2025-11-17
정관읍예림리-36,1,,부산광역시 기장군 정관읍 예림리 1052-2,35.3266526665,129.2062248936,,한전주,051-709-4684,부산광역시 기장군청,2025-11-17
정관읍예림리-37,1,,부산광역시 기장군 정관읍 예림리 1052-2,35.3266526665,129.2062248936,,건축물,051-709-4684,부산광역시 기장군청,2025-11-17
정관읍예림리-38,1,,부산광역시 기장군 정관읍 예림리 1052-7,35.3239597017,129.2058556452,,한전주,051-709-4684,부산광역시 기장군청,2025-11-17
정관읍예림리-39,1,,부산광역시 기장군 정관읍 예림리 711,35.3228332432,129.2061262212,,한전주,051-709-4684,부산광역시 기장군청,2025-11-17
정관읍예림리-40,1,,부산광역시 기장군 정관읍 예림리 706-1,35.3226573516,129.2062269553,,건축물,051-709-4684,부산광역시 기장군청,2025-11-17
정관읍예림리-41,1,,부산광역시 기장군 정관읍 예림리 706-1,35.3226573516,129.2062225,,한전주,051-709-4684,부산광역시 기장군청,2025-11-17
정관읍예림리-42,1,,부산광역시 기장군 정관읍 예림리 712-1,35.3228332432,129.2061262212,,한전주,051-709-4684,부산광역시 기장군청,2025-11-17
정관읍예림리-43,1,,부산광역시 기장군 정관읍 예림리 713,35.3228332432,129.2061262212,,한전주,051-709-4684,부산광역시 기장군청,2025-11-17
정관읍예림리-44,1,,부산광역시 기장군 정관읍 예림리 1035-26,35.3218319966,129.2061763005,,한전주,051-709-4684,부산광역시 기장군청,2025-11-17
정관읍예림리-45,1,,부산광역시 기장군 정관읍 예림리 847-2,35.32466507,129.2030041839,,한전주,051-709-4684,부산광역시 기장군청,2025-11-17
정관읍예림리-46,1,,부산광역시 기장군 정관읍 예림리 847-1,35.32490921,129.203036338,,한전주,051-709-4684,부산광역시 기장군청,2025-11-17
정관읍예림리-47,1,,부산광역시 기장군 정관읍 예림리 1072-1,35.3253012521,129.2025936341,,한전주,051-709-4684,부산광역시 기장군청,2025-11-17
정관읍예림리-48,1,,부산광역시 기장군 정관읍 예림리 854-1,35.32572937,129.2027414189,,한전주,051-709-4684,부산광역시 기장군청,2025-11-17
정관읍예림리-49,1,,부산광역시 기장군 정관읍 예림리 887-1,35.3262150556,129.2026081518,,한전주,051-709-4684,부산광역시 기장군청,2025-11-17
정관읍예림리-50,1,,부산광역시 기장군 정관읍 예림리 1072-1,35.3253012521,129.2025936341,,한전주,051-709-4684,부산광역시 기장군청,2025-11-17
정관읍예림리-51,1,,부산광역시 기장군 정관읍 예림리 880,35.32657242,129.203020665,,한전주,051-709-4684,부산광역시 기장군청,2025-11-17
정관읍예림리-52,1,,부산광역시 기장군 정관읍 예림리 878,35.326931,129.2029724,,한전주,051-709-4684,부산광역시 기장군청,2025-11-17
정관읍예림리-53,1,,부산광역시 기장군 정관읍 예림리 1072-1,35.3253012521,129.2025936341,,한전주,051-709-4684,부산광역시 기장군청,2025-11-17
정관읍예림리-54,1,,부산광역시 기장군 정관읍 예림리 산 75-1,35.32688522,129.202622134,,한전주,051-709-4684,부산광역시 기장군청,2025-11-17
정관읍예림리-55,1,,부산광역시 기장군 정관읍 예림리 885,35.3264487513,129.2024667903,,한전주,051-709-4684,부산광역시 기장군청,2025-11-17
정관읍예림리-56,1,,부산광역시 기장군 정관읍 예림리 893-3,35.3261795,129.2022858,,한전주,051-709-4684,부산광역시 기장군청,2025-11-17
정관읍예림리-57,1,,부산광역시 기장군 정관읍 예림리 902-1,35.32618713,129.201828,,한전주,051-709-4684,부산광역시 기장군청,2025-11-17
정관읍예림리-58,1,,부산광역시 기장군 정관읍 예림리 911-2,35.32614517,129.2013019151,,한전주,051-709-4684,부산광역시 기장군청,2025-11-17
정관읍예림리-59,1,,부산광역시 기장군 정관읍 예림리 910-2,35.3260498,129.2012916931,,한전주,051-709-4684,부산광역시 기장군청,2025-11-17
정관읍예림리-60,1,,부산광역시 기장군 정관읍 예림리 1072-1,35.3253012521,129.2025936341,,한전주,051-709-4684,부산광역시 기장군청,2025-11-17
정관읍예림리-61,1,,부산광역시 기장군 정관읍 예림리 315-1,35.3247214681,129.2129046408,,한전주,051-709-4684,부산광역시 기장군청,2025-11-17
정관읍예림리-62,1,,부산광역시 기장군 정관읍 예림리 323-4,35.3253921132,129.2126679832,,한전주,051-709-4684,부산광역시 기장군청,2025-11-17
정관읍예림리-63,1,,부산광역시 기장군 정관읍 예림리 323-4,35.3253921132,129.2126679832,,한전주,051-709-4684,부산광역시 기장군청,2025-11-17
정관읍예림리-64,1,,부산광역시 기장군 정관읍 예림리 323-3,35.3259001974,129.2127838,,한전주,051-709-4684,부산광역시 기장군청,2025-11-17
정관읍예림리-65,1,,부산광역시 기장군 정관읍 예림리 348-15,35.3264926105,129.2126622956,,한전주,051-709-4684,부산광역시 기장군청,2025-11-17
정관읍예림리-66,1,,부산광역시 기장군 정관읍 예림리 323-10,35.3267589131,129.212599066,,한전주,051-709-4684,부산광역시 기장군청,2025-11-17
정관읍예림리-67,1,,부산광역시 기장군 정관읍 예림리 326-2,35.324754728,129.2121722686,,한전주,051-709-4684,부산광역시 기장군청,2025-11-17
정관읍예림리-68,1,,부산광역시 기장군 정관읍 예림리 1042-3,35.3264263196,129.2096773457,,한전주,051-709-4684,부산광역시 기장군청,2025-11-17
정관읍예림리-69,1,,부산광역시 기장군 정관읍 예림리 332,35.3251867604,129.2111114544,,한전주,051-709-4684,부산광역시 기장군청,2025-11-17
정관읍예림리-70,1,,부산광역시 기장군 정관읍 예림리 1042-3,35.3264263196,129.2096773457,,한전주,051-709-4684,부산광역시 기장군청,2025-11-17
정관읍예림리-71,1,,부산광역시 기장군 정관읍 예림리 1042-3,35.3264263196,129.2096773457,,한전주,051-709-4684,부산광역시 기장군청,2025-11-17
정관읍예림리-72,1,,부산광역시 기장군 정관읍 예림리 1042-3,35.3264263196,129.2096773457,,한전주,051-709-4684,부산광역시 기장군청,2025-11-17
정관읍예림리-73,1,,부산광역시 기장군 정관읍 예림리 27-5,35.3209942039,129.2283956904,,한전주,051-709-4684,부산광역시 기장군청,2025-11-17
정관읍예림리-74,1,,부산광역시 기장군 정관읍 예림리 산 203,35.32069778,129.2276117324,,한전주,051-709-4684,부산광역시 기장군청,2025-11-17
정관읍예림리-75,1,,부산광역시 기장군 정관읍 예림리 1033,35.3204711631,129.2286964477,,한전주,051-709-4684,부산광역시 기장군청,2025-11-17
정관읍예림리-76,1,,부산광역시 기장군 정관읍 예림리 산 204,35.3198644205,129.2276542,,한전주,051-709-4684,부산광역시 기장군청,2025-11-17
정관읍예림리-77,1,,부산광역시 기장군 정관읍 예림리 산 204,35.3198644205,129.2276542,,한전주,051-709-4684,부산광역시 기장군청,2025-11-17
정관읍예림리-78,1,,부산광역시 기장군 정관읍 예림리 1035-118,35.3208699649,129.2262558812,,한전주,051-709-4684,부산광역시 기장군청,2025-11-17
정관읍예림리-79,1,,부산광역시 기장군 정관읍 예림리 22,35.3198387752,129.2255560983,,한전주,051-709-4684,부산광역시 기장군청,2025-11-17
정관읍예림리-80,1,,부산광역시 기장군 정관읍 예림리 산 214,35.31992144,129.2240633304,,한전주,051-709-4684,부산광역시 기장군청,2025-11-17
정관읍예림리-81,1,,부산광역시 기장군 정관읍 예림리 산 213-9,35.3187441123,129.224076368,,한전주,051-709-4684,부산광역시 기장군청,2025-11-17
정관읍예림리-82,1,,부산광역시 기장군 정관읍 예림리 산 213,35.3101140375,129.2100130541,,한전주,051-709-4684,부산광역시 기장군청,2025-11-17
정관읍예림리-83,1,,부산광역시 기장군 정관읍 예림리 산 213-9,35.3187441123,129.224076368,,한전주,051-709-4684,부산광역시 기장군청,2025-11-17
정관읍예림리-84,1,,부산광역시 기장군 정관읍 예림리 783-2,35.3225126043,129.200021824,,한전주,051-709-4684,부산광역시 기장군청,2025-11-17
정관읍예림리-85,1,,부산광역시 기장군 정관읍 예림리 산 213-10,35.3184554165,129.2237291299,,한전주,051-709-4684,부산광역시 기장군청,2025-11-17
정관읍예림리-86,1,,부산광역시 기장군 정관읍 예림리 1029-3,35.320730021,129.200536397,,한전주,051-709-4684,부산광역시 기장군청,2025-11-17
정관읍예림리-87,1,,부산광역시 기장군 정관읍 예림리 산 213-4,35.31802569,129.2238513467,,한전주,051-709-4684,부산광역시 기장군청,2025-11-17
정관읍예림리-88,1,,부산광역시 기장군 정관읍 달산리 118-8,35.3207705199,129.2002896554,,한전주,051-709-4684,부산광역시 기장군청,2025-11-17
정관읍예림리-89,1,,부산광역시 기장군 정관읍 예림리 1029-3,35.320730021,129.200536397,,한전주,051-709-4684,부산광역시 기장군청,2025-11-17
정관읍예림리-90,1,,부산광역시 기장군 정관읍 예림리 940-22,35.3248908922,129.1977648962,,전용주,051-709-4684,부산광역시 기장군청,2025-11-17
정관읍예림리-91,1,,부산광역시 기장군 정관읍 예림리 940-22,35.3248908922,129.1977648962,,전용주,051-709-4684,부산광역시 기장군청,2025-11-17
정관읍예림리-92,1,,부산광역시 기장군 정관읍 예림리 940-22,35.32480621,129.1977648962,,전용주,051-709-4684,부산광역시 기장군청,2025-11-17
정관읍예림리-93,1,,부산광역시 기장군 정관읍 예림리 103,35.3255062392,129.2168409395,,한전주,051-709-4684,부산광역시 기장군청,2025-11-17
정관읍예림리-94,1,,부산광역시 기장군 정관읍 예림리 27-5,35.3209942039,129.2283956904,2018,한전주,051-709-4684,부산광역시 기장군청,2025-11-17
정관읍용수리05-006,1,,부산광역시 기장군 정관읍 용수리 산 29-4,35.33421138,129.1840179,2022,한전주,051-709-4684,부산광역시 기장군청,2025-11-17
정관읍용수리-1,1,,부산광역시 기장군 정관읍 용수리 1273,35.3313272098,129.1795336586,,한전주,051-709-4684,부산광역시 기장군청,2025-11-17
정관읍용수리-2,1,,부산광역시 기장군 정관읍 용수리 1048-6,35.331083181,129.1816037021,,한전주,051-709-4684,부산광역시 기장군청,2025-11-17
정관읍용수리-3,1,,부산광역시 기장군 정관읍 용수리 305-2,35.33142853,129.1813507,,한전주,051-709-4684,부산광역시 기장군청,2025-11-17
정관읍용수리-4,1,,부산광역시 기장군 정관읍 용수리 1058,35.3314394466,129.1810229353,,한전주,051-709-4684,부산광역시 기장군청,2025-11-17
정관읍용수리-5,1,,부산광역시 기장군 정관읍 용수리 309,35.3314764224,129.1805651718,,한전주,051-709-4684,부산광역시 기장군청,2025-11-17
정관읍용수리-6,1,,부산광역시 기장군 정관읍 용수리 329-2,35.33195114,129.1806793,,한전주,051-709-4684,부산광역시 기장군청,2025-11-17
정관읍용수리-7,1,,부산광역시 기장군 정관읍 용수리 1061,35.3320151808,129.1735868662,,한전주,051-709-4684,부산광역시 기장군청,2025-11-17
정관읍용수리-8,1,,부산광역시 기장군 정관읍 용수리 357,35.33290863,129.1781244048,,한전주,051-709-4684,부산광역시 기장군청,2025-11-17
정관읍용수리-9,1,,부산광역시 기장군 정관읍 용수리 357,35.3329409793,129.1781244048,,한전주,051-709-4684,부산광역시 기장군청,2025-11-17
정관읍용수리-10,1,,부산광역시 기장군 정관읍 용수리 산 97-5,35.3334264293,129.1784033235,,한전주,051-709-4684,부산광역시 기장군청,2025-11-17
정관읍용수리-11,1,,부산광역시 기장군 정관읍 용수리 341,35.3327386775,129.177762435,,한전주,051-709-4684,부산광역시 기장군청,2025-11-17
정관읍용수리-12,1,,부산광역시 기장군 정관읍 용수리 336,35.33219528,129.1781203063,,한전주,051-709-4684,부산광역시 기장군청,2025-11-17
정관읍용수리-13,1,,부산광역시 기장군 정관읍 용수리 338-2,35.3322390447,129.1777754175,,한전주,051-709-4684,부산광역시 기장군청,2025-11-17
정관읍용수리-14,1,,부산광역시 기장군 정관읍 용수리 718-2,35.32803345,129.1743469,,한전주,051-709-4684,부산광역시 기장군청,2025-11-17
정관읍용수리-15,1,,부산광역시 기장군 정관읍 용수리 672,35.3284856239,129.1746378744,,한전주,051-709-4684,부산광역시 기장군청,2025-11-17
정관읍용수리-16,1,,부산광역시 기장군 정관읍 용수리 698-3,35.32881546,129.1755284925,,건축물,051-709-4684,부산광역시 기장군청,2025-11-17
정관읍용수리-17,1,,부산광역시 기장군 정관읍 용수리 1076,35.3295176734,129.1744385,,한전주,051-709-4684,부산광역시 기장군청,2025-11-17
정관읍용수리-18,1,,부산광역시 기장군 정관읍 용수리 1076,35.3295176734,129.174469,,한전주,051-709-4684,부산광역시 기장군청,2025-11-17
정관읍용수리-19,1,,부산광역시 기장군 정관읍 용수리 664,35.3289787584,129.1742706,,한전주,051-709-4684,부산광역시 기장군청,2025-11-17
정관읍용수리-20,1,,부산광역시 기장군 정관읍 용수리 680-1,35.32959747,129.1746779621,,한전주,051-709-4684,부산광역시 기장군청,2025-11-17
정관읍용수리-21,1,,부산광역시 기장군 정관읍 용수리 648,35.3298952504,129.1745340624,,한전주,051-709-4684,부산광역시 기장군청,2025-11-17
정관읍용수리-22,1,,부산광역시 기장군 정관읍 용수리 651,35.3296829218,129.1741791,,한전주,051-709-4684,부산광역시 기장군청,2025-11-17
정관읍용수리-23,1,,부산광역시 기장군 정관읍 용수리 1076,35.3295176734,129.1744396238,,한전주,051-709-4684,부산광역시 기장군청,2025-11-17
정관읍용수리-24,1,,부산광역시 기장군 정관읍 용수리 636-6,35.32917786,129.1736298,,한전주,051-709-4684,부산광역시 기장군청,2025-11-17
정관읍용수리-25,1,,부산광역시 기장군 정관읍 용수리 645,35.3299916264,129.1736145,,전용주,051-709-4684,부산광역시 기장군청,2025-11-17
정관읍용수리-26,1,,부산광역시 기장군 정관읍 용수리 644-2,35.32968521,129.1733093,,한전주,051-709-4684,부산광역시 기장군청,2025-11-17
정관읍용수리-27,1,,부산광역시 기장군 정관읍 용수리 641-4,35.3297352583,129.1730042,,한전주,051-709-4684,부산광역시 기장군청,2025-11-17
정관읍용수리-28,1,,부산광역시 기장군 정관읍 용수리 651,35.32966614,129.1741981191,,한전주,051-709-4684,부산광역시 기장군청,2025-11-17
정관읍용수리-29,1,,부산광역시 기장군 정관읍 용수리 635-9,35.3283643337,129.1740569054,,한전주,051-709-4684,부산광역시 기장군청,2025-11-17
정관읍용수리-30,1,,부산광역시 기장군 정관읍 용수리 635-5,35.32845688,129.1739197,,한전주,051-709-4684,부산광역시 기장군청,2025-11-17
정관읍용수리-31,1,,부산광역시 기장군 정관읍 용수리 635-3,35.3286685658,129.1736908,,한전주,051-709-4684,부산광역시 기장군청,2025-11-17
정관읍용수리-32,1,,부산광역시 기장군 정관읍 용수리 636-2,35.32904816,129.1733093,,한전주,051-709-4684,부산광역시 기장군청,2025-11-17
정관읍용수리-33,1,,부산광역시 기장군 정관읍 용수리 637-2,35.3293792683,129.1729826751,,한전주,051-709-4684,부산광역시 기장군청,2025-11-17
정관읍용수리-34,1,,부산광역시 기장군 정관읍 용수리 621-2,35.3296814,129.1727295,,한전주,051-709-4684,부산광역시 기장군청,2025-11-17
정관읍용수리-35,1,,부산광역시 기장군 정관읍 용수리 604-4,35.3300829275,129.172300272,,한전주,051-709-4684,부산광역시 기장군청,2025-11-17
정관읍용수리-36,1,,부산광역시 기장군 정관읍 용수리 604-4,35.3300829275,129.172300272,,한전주,051-709-4684,부산광역시 기장군청,2025-11-17
정관읍용수리-37,1,,부산광역시 기장군 정관읍 용수리 1070-15,35.33080292,129.1714893529,,한전주,051-709-4684,부산광역시 기장군청,2025-11-17
정관읍용수리-38,1,,부산광역시 기장군 정관읍 용수리 610-5,35.33119583,129.1713257,,한전주,051-709-4684,부산광역시 기장군청,2025-11-17
정관읍용수리-39,1,,부산광역시 기장군 정관읍 용수리 1070-14,35.3314700929,129.1714172,,한전주,051-709-4684,부산광역시 기장군청,2025-11-17
정관읍용수리-40,1,,부산광역시 기장군 정관읍 용수리 538-5,35.3322174943,129.171286352,,건축물,051-709-4684,부산광역시 기장군청,2025-11-17
정관읍용수리-41,1,,부산광역시 기장군 정관읍 용수리 538-1,35.3324585,129.1713257,,건축물,051-709-4684,부산광역시 기장군청,2025-11-17
정관읍용수리-42,1,,부산광역시 기장군 정관읍 용수리 521-4,35.3328204985,129.1717948089,,한전주,051-709-4684,부산광역시 기장군청,2025-11-17
정관읍용수리-43,1,,부산광역시 기장군 정관읍 용수리 520-8,35.3330142744,129.1719876912,,한전주,051-709-4684,부산광역시 기장군청,2025-11-17
정관읍용수리-44,1,,부산광역시 기장군 정관읍 용수리 1070-2,35.3332753772,129.1723325678,,한전주,051-709-4684,부산광역시 기장군청,2025-11-17
정관읍용수리-45,1,,부산광역시 기장군 정관읍 용수리 503,35.3335258203,129.1726155497,,한전주,051-709-4684,부산광역시 기장군청,2025-11-17
정관읍용수리-46,1,,부산광역시 기장군 정관읍 용수리 520-1,35.3332279861,129.1717288366,,한전주,051-709-4684,부산광역시 기장군청,2025-11-17
정관읍용수리-47,1,,부산광역시 기장군 정관읍 용수리 520-1,35.33325958,129.1717288366,,한전주,051-709-4684,부산광역시 기장군청,2025-11-17
정관읍용수리-48,1,,부산광역시 기장군 정관읍 용수리 508-2,35.3342744932,129.1714709337,,한전주,051-709-4684,부산광역시 기장군청,2025-11-17
정관읍용수리-49,1,,부산광역시 기장군 정관읍 용수리 491-2,35.334838352,129.1719818,,한전주,051-709-4684,부산광역시 기장군청,2025-11-17
정관읍용수리-50,1,,부산광역시 기장군 정관읍 용수리 485,35.3347800188,129.1728668,,전용주,051-709-4684,부산광역시 기장군청,2025-11-17
정관읍용수리-51,1,,부산광역시 기장군 정관읍 용수리 1070-12,35.3352499079,129.172821,,한전주,051-709-4684,부산광역시 기장군청,2025-11-17
정관읍용수리-52,1,,부산광역시 기장군 정관읍 용수리 476,35.33546448,129.1726710973,,한전주,051-709-4684,부산광역시 기장군청,2025-11-17
정관읍용수리-53,1,,부산광역시 기장군 정관읍 용수리 492-2,35.3351127314,129.171936,,한전주,051-709-4684,부산광역시 기장군청,2025-11-17
정관읍용수리-54,1,,부산광역시 기장군 정관읍 용수리 450-1,35.3359963953,129.1715585839,,한전주,051-709-4684,부산광역시 기장군청,2025-11-17
정관읍용수리-55,1,,부산광역시 기장군 정관읍 용수리 1052-108,35.3369693328,129.1724334285,,한전주,051-709-4684,부산광역시 기장군청,2025-11-17
정관읍용수리-56,1,,부산광역시 기장군 정관읍 용수리 423-1,35.3377920848,129.1736857219,,한전주,051-709-4684,부산광역시 기장군청,2025-11-17
정관읍용수리-57,1,,부산광역시 기장군 정관읍 용수리 425-1,35.33885574,129.1738953293,,한전주,051-709-4684,부산광역시 기장군청,2025-11-17
정관읍용수리-58,1,,부산광역시 기장군 정관읍 용수리 371-8,35.3386439605,129.1776003765,,한전주,051-709-4684,부산광역시 기장군청,2025-11-17
정관읍용수리-59,1,,부산광역시 기장군 정관읍 용수리 378-25,35.34028244,129.1781921,,한전주,051-709-4684,부산광역시 기장군청,2025-11-17
정관읍용수리-60,1,,부산광역시 기장군 정관읍 용수리 1055,35.3421669648,129.1779687311,,한전주,051-709-4684,부산광역시 기장군청,2025-11-17
정관읍용수리-61,1,,부산광역시 기장군 정관읍 용수리 386-3,35.3420097708,129.177175513,,한전주,051-709-4684,부산광역시 기장군청,2025-11-17
정관읍용수리-62,1,,부산광역시 기장군 정관읍 용수리 405-5,35.34247208,129.1776601292,,한전주,051-709-4684,부산광역시 기장군청,2025-11-17
정관읍용수리-63,1,,부산광역시 기장군 정관읍 용수리 515-2,35.3330044319,129.1710911979,,한전주,051-709-4684,부산광역시 기장군청,2025-11-17
정관읍용수리-64,1,,부산광역시 기장군 정관읍 용수리 1013-1,35.3323995429,129.1710694267,,한전주,051-709-4684,부산광역시 기장군청,2025-11-17
정관읍용수리-65,1,,부산광역시 기장군 정관읍 용수리 540,35.3319777258,129.1712050518,,한전주,051-709-4684,부산광역시 기장군청,2025-11-17
정관읍용수리-66,1,,부산광역시 기장군 정관읍 용수리 614-8,35.33055115,129.1717377,,한전주,051-709-4684,부산광역시 기장군청,2025-11-17
정관읍용수리-67,1,,부산광역시 기장군 정관읍 용수리 604-15,35.3301960042,129.1719790077,,한전주,051-709-4684,부산광역시 기장군청,2025-11-17
정관읍용수리-68,1,,부산광역시 기장군 정관읍 용수리 604-6,35.33001328,129.1721313765,,한전주,051-709-4684,부산광역시 기장군청,2025-11-17
정관읍용수리-69,1,,부산광역시 기장군 정관읍 용수리 620,35.3299025846,129.172045048,,한전주,051-709-4684,부산광역시 기장군청,2025-11-17
정관읍용수리-70,1,,부산광역시 기장군 정관읍 용수리 1052-69,35.3289442081,129.1724908176,,한전주,051-709-4684,부산광역시 기장군청,2025-11-17
정관읍용수리-71,1,,부산광역시 기장군 정관읍 용수리 636-9,35.328932894,129.1731125258,,한전주,051-709-4684,부산광역시 기장군청,2025-11-17
정관읍용수리-72,1,,부산광역시 기장군 정관읍 용수리 635-7,35.328429584,129.1738125301,,한전주,051-709-4684,부산광역시 기장군청,2025-11-17
정관읍용수리-73,1,,부산광역시 기장군 정관읍 용수리 1368,35.3289397481,129.171558401,,한전주,051-709-4684,부산광역시 기장군청,2025-11-17
정관읍용수리-74,1,,부산광역시 기장군 정관읍 용수리 627,35.3287323275,129.1718825274,,한전주,051-709-4684,부산광역시 기장군청,2025-11-17
정관읍용수리-75,1,,부산광역시 기장군 정관읍 용수리 1368,35.3289397481,129.171558401,,한전주,051-709-4684,부산광역시 기장군청,2025-11-17
정관읍용수리-76,1,,부산광역시 기장군 정관읍 용수리 1021-16,35.32946396,129.1625936809,,한전주,051-709-4684,부산광역시 기장군청,2025-11-17
정관읍용수리-77,1,,부산광역시 기장군 정관읍 용수리 1021-1,35.3296388725,129.1625210748,,한전주,051-709-4684,부산광역시 기장군청,2025-11-17
정관읍용수리-78,1,,부산광역시 기장군 정관읍 용수리 1030-15,35.3292462234,129.1617737,,전용주,051-709-4684,부산광역시 기장군청,2025-11-17
정관읍용수리-79,1,,부산광역시 기장군 정관읍 용수리 1031-2,35.3278234164,129.1617286194,,한전주,051-709-4684,부산광역시 기장군청,2025-11-17
정관읍용수리-80,1,,부산광역시 기장군 정관읍 용수리 산 128-3,35.32466888,129.1664124,,한전주,051-709-4684,부산광역시 기장군청,2025-11-17
정관읍용수리-81,1,,부산광역시 기장군 정관읍 용수리 883,35.3244871753,129.1660580063,,한전주,051-709-4684,부산광역시 기장군청,2025-11-17
정관읍용수리-82,1,,부산광역시 기장군 정관읍 용수리 산 128-17,35.32403564,129.1657429815,,한전주,051-709-4684,부산광역시 기장군청,2025-11-17
정관읍용수리-83,1,,부산광역시 기장군 정관읍 용수리 1038-19,35.32377625,129.1654722955,,한전주,051-709-4684,부산광역시 기장군청,2025-11-17
정관읍용수리-84,1,,부산광역시 기장군 정관읍 용수리 883,35.3244871753,129.1660580063,,한전주,051-709-4684,부산광역시 기장군청,2025-11-17
정관읍용수리-85,1,,부산광역시 기장군 정관읍 용수리 1036-4,35.324555747,129.1652083601,,한전주,051-709-4684,부산광역시 기장군청,2025-11-17
정관읍용수리-86,1,,부산광역시 기장군 정관읍 용수리 산 128-26,35.3247429888,129.1661157398,,한전주,051-709-4684,부산광역시 기장군청,2025-11-17
정관읍용수리-87,1,,부산광역시 기장군 정관읍 용수리 산 127-15,35.3248936475,129.1651222039,,한전주,051-709-4684,부산광역시 기장군청,2025-11-17
정관읍용수리-88,1,,부산광역시 기장군 정관읍 용수리 1036-5,35.324300213,129.1643829,,한전주,051-709-4684,부산광역시 기장군청,2025-11-17
정관읍용수리-89,1,,부산광역시 기장군 정관읍 용수리 1047-13,35.3243838144,129.1636586073,,한전주,051-709-4684,부산광역시 기장군청,2025-11-17
정관읍용수리-90,1,,부산광역시 기장군 정관읍 용수리 1047-6,35.3244502391,129.162735,,한전주,051-709-4684,부산광역시 기장군청,2025-11-17
정관읍용수리-91,1,,부산광역시 기장군 정관읍 용수리 1047-15,35.3241641385,129.1629931467,,한전주,051-709-4684,부산광역시 기장군청,2025-11-17
정관읍용수리-92,1,,부산광역시 기장군 정관읍 용수리 1047-6,35.3244502391,129.1627434581,,한전주,051-709-4684,부산광역시 기장군청,2025-11-17
정관읍용수리-93,1,,부산광역시 기장군 정관읍 용수리 1047-18,35.3237345417,129.1619564823,,한전주,051-709-4684,부산광역시 기장군청,2025-11-17
정관읍용수리-94,1,,부산광역시 기장군 정관읍 용수리 1047-19,35.32347107,129.161645302,,한전주,051-709-4684,부산광역시 기장군청,2025-11-17
정관읍용수리-95,1,,부산광역시 기장군 정관읍 용수리 1047-18,35.3237345417,129.1619564823,,한전주,051-709-4684,부산광역시 기장군청,2025-11-17
정관읍용수리-96,1,,부산광역시 기장군 정관읍 용수리 1047-24,35.32403946,129.1616830239,,한전주,051-709-4684,부산광역시 기장군청,2025-11-17
정관읍용수리-97,1,,부산광역시 기장군 정관읍 용수리 1047-2,35.3245958235,129.1613333622,,한전주,051-709-4684,부산광역시 기장군청,2025-11-17
정관읍용수리-98,1,,부산광역시 기장군 정관읍 용수리 1047-23,35.3237615798,129.1597563915,,한전주,051-709-4684,부산광역시 기장군청,2025-11-17
정관읍용수리-99,1,,부산광역시 기장군 정관읍 용수리 산 128-9,35.3249854674,129.1604156,,한전주,051-709-4684,부산광역시 기장군청,2025-11-17
정관읍용수리-100,1,,부산광역시 기장군 정관읍 용수리 1047,35.3231258798,129.1618852159,,한전주,051-709-4684,부산광역시 기장군청,2025-11-17
정관읍용수리-101,1,,부산광역시 기장군 정관읍 용수리 산 128-6,35.323228877,129.1623740502,,한전주,051-709-4684,부산광역시 기장군청,2025-11-17
정관읍용수리-102,1,,부산광역시 기장군 정관읍 용수리 1047-12,35.3226584615,129.161995688,,한전주,051-709-4684,부산광역시 기장군청,2025-11-17
정관읍용수리-103,1,,부산광역시 기장군 정관읍 용수리 1041,35.322671008,129.1627463659,,한전주,051-709-4684,부산광역시 기장군청,2025-11-17
정관읍용수리-104,1,,부산광역시 기장군 정관읍 용수리 1041,35.322671008,129.1627463659,,한전주,051-709-4684,부산광역시 기장군청,2025-11-17
정관읍용수리-105,1,,부산광역시 기장군 정관읍 용수리 산 145-4,35.32217789,129.1627375176,,한전주,051-709-4684,부산광역시 기장군청,2025-11-17
정관읍용수리-106,1,,부산광역시 기장군 정관읍 용수리 1040-7,35.32183838,129.1628418,,한전주,051-709-4684,부산광역시 기장군청,2025-11-17
정관읍용수리-107,1,,부산광역시 기장군 정관읍 용수리 1036-22,35.32486725,129.1645307839,,한전주,051-709-4684,부산광역시 기장군청,2025-11-17
정관읍용수리-108,1,,부산광역시 기장군 정관읍 용수리 1038-19,35.3237076815,129.1654722955,,한전주,051-709-4684,부산광역시 기장군청,2025-11-17
정관읍용수리-109,1,,부산광역시 기장군 정관읍 용수리 884,35.3251500371,129.165670955,,한전주,051-709-4684,부산광역시 기장군청,2025-11-17
정관읍용수리-110,1,,부산광역시 기장군 정관읍 용수리 31-5,35.33075714,129.1844092104,,한전주,051-709-4684,부산광역시 기장군청,2025-11-17
정관읍용수리-111,1,,부산광역시 기장군 정관읍 용수리 1031-5,35.3277570212,129.1619744751,2018,한전주,051-709-4684,부산광역시 기장군청,2025-11-17
정관읍용수리-112,1,,부산광역시 기장군 정관읍 용수리 1047-15,35.3241641385,129.1629931467,2018,한전주,051-709-4684,부산광역시 기장군청,2025-11-17
정관읍용수리-113,1,,부산광역시 기장군 정관읍 용수리 1041,35.32263506,129.1627463659,2018,한전주,051-709-4684,부산광역시 기장군청,2025-11-17
정관읍용수리-114,1,,부산광역시 기장군 정관읍 용수리 1021-11,35.3296869136,129.1627772422,2018,한전주,051-709-4684,부산광역시 기장군청,2025-11-17
정관읍용수리-115,1,,부산광역시 기장군 정관읍 용수리 1030-12,35.3292105982,129.1590925638,2018,한전주,051-709-4684,부산광역시 기장군청,2025-11-17
정관읍월평리-1,1,,부산광역시 기장군 정관읍 월평리 138-16,35.35795593,129.1400270577,,한전주,051-709-4684,부산광역시 기장군청,2025-11-17
정관읍월평리-2,1,,부산광역시 기장군 정관읍 월평리 138-16,35.3579248564,129.1400270577,,한전주,051-709-4684,부산광역시 기장군청,2025-11-17
정관읍월평리-3,1,,부산광역시 기장군 정관읍 월평리 192-69,35.3605806293,129.1384443833,,한전주,051-709-4684,부산광역시 기장군청,2025-11-17
정관읍월평리-4,1,,부산광역시 기장군 정관읍 월평리 191-1,35.3610330125,129.138382,,한전주,051-709-4684,부산광역시 기장군청,2025-11-17
정관읍월평리-5,1,,부산광역시 기장군 정관읍 월평리 52-16,35.36281204,129.1383113799,,한전주,051-709-4684,부산광역시 기장군청,2025-11-17
정관읍월평리-6,1,,부산광역시 기장군 정관읍 월평리 52-15,35.3631056152,129.1388384238,,한전주,051-709-4684,부산광역시 기장군청,2025-11-17
정관읍월평리-7,1,,부산광역시 기장군 정관읍 월평리 326,35.3609479119,129.1403070028,,한전주,051-709-4684,부산광역시 기장군청,2025-11-17
정관읍월평리-8,1,,부산광역시 기장군 정관읍 월평리 51-2,35.3632140592,129.1387586616,,한전주,051-709-4684,부산광역시 기장군청,2025-11-17
정관읍월평리-9,1,,부산광역시 기장군 정관읍 월평리 51-3,35.3635651214,129.1390533,,한전주,051-709-4684,부산광역시 기장군청,2025-11-17
정관읍월평리-10,1,,부산광역시 기장군 정관읍 월평리 51-1,35.3634460217,129.1386665853,,한전주,051-709-4684,부산광역시 기장군청,2025-11-17
정관읍월평리-11,1,,부산광역시 기장군 정관읍 월평리 55-2,35.3638551931,129.1393293541,,한전주,051-709-4684,부산광역시 기장군청,2025-11-17
정관읍월평리-12,1,,부산광역시 기장군 정관읍 월평리 335,35.363473432,129.1378499281,,한전주,051-709-4684,부산광역시 기장군청,2025-11-17
정관읍월평리-13,1,,부산광역시 기장군 정관읍 월평리 335,35.363473432,129.1378499281,,한전주,051-709-4684,부산광역시 기장군청,2025-11-17
정관읍월평리-14,1,,부산광역시 기장군 정관읍 월평리 234-30,35.3637676418,129.1373895671,,한전주,051-709-4684,부산광역시 기장군청,2025-11-17
정관읍월평리-15,1,,부산광역시 기장군 정관읍 월평리 252-2,35.3637855908,129.1362508431,,한전주,051-709-4684,부산광역시 기장군청,2025-11-17
정관읍월평리-16,1,,부산광역시 기장군 정관읍 월평리 234-10,35.36379623,129.136200,,한전주,051-709-4684,부산광역시 기장군청,2025-11-17
정관읍월평리-17,1,,부산광역시 기장군 정관읍 월평리 321,35.3608701409,129.141346066,,한전주,051-709-4684,부산광역시 기장군청,2025-11-17
정관읍월평리-18,1,,부산광역시 기장군 정관읍 월평리 245-2,35.36405563,129.1377512884,,한전주,051-709-4684,부산광역시 기장군청,2025-11-17
정관읍월평리-19,1,,부산광역시 기장군 정관읍 월평리 282-9,35.36437607,129.1377196575,,한전주,051-709-4684,부산광역시 기장군청,2025-11-17
정관읍월평리-20,1,,부산광역시 기장군 정관읍 월평리 282-10,35.36445618,129.138031,,한전주,051-709-4684,부산광역시 기장군청,2025-11-17
정관읍월평리-21,1,,부산광역시 기장군 정관읍 월평리 335-1,35.3644941529,129.1379159334,,전용주,051-709-4684,부산광역시 기장군청,2025-11-17
정관읍월평리-22,1,,부산광역시 기장군 정관읍 월평리 45-2,35.36495972,129.1384910218,,전용주,051-709-4684,부산광역시 기장군청,2025-11-17
정관읍월평리-23,1,,부산광역시 기장군 정관읍 월평리 산 15-9,35.3655492534,129.138443,,전용주,051-709-4684,부산광역시 기장군청,2025-11-17
정관읍월평리-24,1,,부산광역시 기장군 정관읍 월평리 산 15-9,35.3655492534,129.1384187959,,전용주,051-709-4684,부산광역시 기장군청,2025-11-17
정관읍월평리-25,1,,부산광역시 기장군 정관읍 월평리 234-21,35.36355591,129.1361542,,한전주,051-709-4684,부산광역시 기장군청,2025-11-17
정관읍월평리-26,1,,부산광역시 기장군 정관읍 월평리 224,35.362904122,129.136342128,,한전주,051-709-4684,부산광역시 기장군청,2025-11-17
정관읍월평리-27,1,,부산광역시 기장군 정관읍 월평리 224,35.362904122,129.136342128,,한전주,051-709-4684,부산광역시 기장군청,2025-11-17
정관읍월평리-28,1,,부산광역시 기장군 정관읍 월평리 221,35.3624401295,129.1353995857,,한전주,051-709-4684,부산광역시 기장군청,2025-11-17
정관읍월평리-29,1,,부산광역시 기장군 정관읍 월평리 327-13,35.3626078332,129.1354737715,,전용주,051-709-4684,부산광역시 기장군청,2025-11-17
정관읍월평리-30,1,,부산광역시 기장군 정관읍 월평리 208-14,35.36210632,129.1359558,,한전주,051-709-4684,부산광역시 기장군청,2025-11-17
정관읍월평리-31,1,,부산광역시 기장군 정관읍 월평리 321,35.3608701409,129.141346066,,한전주,051-709-4684,부산광역시 기장군청,2025-11-17
정관읍월평리-32,1,,부산광역시 기장군 정관읍 월평리 226-2,35.3630827453,129.1366577,,한전주,051-709-4684,부산광역시 기장군청,2025-11-17
정관읍월평리-33,1,,부산광역시 기장군 정관읍 월평리 234-7,35.3634092278,129.1368653206,,전용주,051-709-4684,부산광역시 기장군청,2025-11-17
정관읍월평리-34,1,,부산광역시 기장군 정관읍 월평리 249-2,35.3635386882,129.1371064578,,전용주,051-709-4684,부산광역시 기장군청,2025-11-17
정관읍월평리-35,1,,부산광역시 기장군 정관읍 월평리 227-11,35.362957,129.1373444,,한전주,051-709-4684,부산광역시 기장군청,2025-11-17
정관읍월평리-36,1,,부산광역시 기장군 정관읍 월평리 200-1,35.36288071,129.1376666581,,한전주,051-709-4684,부산광역시 기장군청,2025-11-17
정관읍월평리-37,1,,부산광역시 기장군 정관읍 월평리 238,35.3631622086,129.137625441,,한전주,051-709-4684,부산광역시 기장군청,2025-11-17
정관읍월평리-38,1,,부산광역시 기장군 정관읍 월평리 240,35.36332321,129.1379470829,,건축물,051-709-4684,부산광역시 기장군청,2025-11-17
정관읍월평리-40,1,,부산광역시 기장군 정관읍 월평리 121-53,35.35761642,129.1405029,,전용주,051-709-4684,부산광역시 기장군청,2025-11-17
정관읍월평리-42,1,,부산광역시 기장군 정관읍 월평리 23,35.3642257252,129.1455486744,,한전주,051-709-4684,부산광역시 기장군청,2025-11-17
정관읍임곡리-1,1,,부산광역시 기장군 정관읍 임곡리 542,35.3546503915,129.1347437518,,한전주,051-709-4684,부산광역시 기장군청,2025-11-17
정관읍임곡리-2,1,,부산광역시 기장군 정관읍 임곡리 104,35.3547780271,129.1367798,,한전주,051-709-4684,부산광역시 기장군청,2025-11-17
정관읍임곡리-3,1,,부산광역시 기장군 정관읍 임곡리 510,35.3560230768,129.1378223055,,한전주,051-709-4684,부산광역시 기장군청,2025-11-17
정관읍임곡리-4,1,,부산광역시 기장군 정관읍 임곡리 81,35.35445404,129.1357269,,전용주,051-709-4684,부산광역시 기장군청,2025-11-17
정관읍임곡리-5,1,,부산광역시 기장군 정관읍 임곡리 78-1,35.3534923134,129.1353428711,,한전주,051-709-4684,부산광역시 기장군청,2025-11-17
정관읍임곡리-6,1,,부산광역시 기장군 정관읍 임곡리 436-1,35.3532103459,129.1359154507,,한전주,051-709-4684,부산광역시 기장군청,2025-11-17
정관읍임곡리-7,1,,부산광역시 기장군 정관읍 임곡리 542,35.3546503915,129.1347437518,,한전주,051-709-4684,부산광역시 기장군청,2025-11-17
정관읍임곡리-8,1,,부산광역시 기장군 정관읍 임곡리 452-1,35.35239792,129.1353302,,전용주,051-709-4684,부산광역시 기장군청,2025-11-17
정관읍임곡리-9,1,,부산광역시 기장군 정관읍 임곡리 452-5,35.35224152,129.1352081,,한전주,051-709-4684,부산광역시 기장군청,2025-11-17
정관읍임곡리-10,1,,부산광역시 기장군 정관읍 임곡리 451,35.3519709848,129.1350098,,한전주,051-709-4684,부산광역시 기장군청,2025-11-17
정관읍임곡리-11,1,,부산광역시 기장군 정관읍 임곡리 451-3,35.3518536337,129.1349007748,,한전주,051-709-4684,부산광역시 기장군청,2025-11-17
정관읍임곡리-12,1,,부산광역시 기장군 정관읍 임곡리 66,35.3534981164,129.134333954,,한전주,051-709-4684,부산광역시 기장군청,2025-11-17
정관읍임곡리-13,1,,부산광역시 기장군 정관읍 임곡리 542,35.3546503915,129.1347437518,,한전주,051-709-4684,부산광역시 기장군청,2025-11-17
정관읍임곡리-14,1,,부산광역시 기장군 정관읍 임곡리 542,35.3546503915,129.1347809,,전용주,051-709-4684,부산광역시 기장군청,2025-11-17
정관읍임곡리-15,1,,부산광역시 기장군 정관읍 임곡리 542,35.35464096,129.1347198,,건축물,051-709-4684,부산광역시 기장군청,2025-11-17
정관읍임곡리-16,1,,부산광역시 기장군 정관읍 임곡리 66-2,35.35356522,129.1345372041,,한전주,051-709-4684,부산광역시 기장군청,2025-11-17
정관읍임곡리-17,1,,부산광역시 기장군 정관읍 임곡리 499,35.3521313491,129.137268455,,한전주,051-709-4684,부산광역시 기장군청,2025-11-17
정관읍임곡리-18,1,,부산광역시 기장군 정관읍 임곡리 65-1,35.3534981164,129.134333954,,한전주,051-709-4684,부산광역시 기장군청,2025-11-17
정관읍임곡리-19,1,,부산광역시 기장군 정관읍 임곡리 434-7,35.35305609,129.1362766571,,전용주,051-709-4684,부산광역시 기장군청,2025-11-17
정관읍임곡리-20,1,,부산광역시 기장군 정관읍 임곡리 436-7,35.353198664,129.1360833139,,한전주,051-709-4684,부산광역시 기장군청,2025-11-17
정관읍임곡리-21,1,,부산광역시 기장군 정관읍 임곡리 436-6,35.3533959806,129.1359983177,,한전주,051-709-4684,부산광역시 기장군청,2025-11-17
정관읍임곡리-22,1,,부산광역시 기장군 정관읍 임곡리 434-2,35.3528497754,129.1363879451,,전용주,051-709-4684,부산광역시 기장군청,2025-11-17
정관읍임곡리-23,1,,부산광역시 기장군 정관읍 임곡리 542-8,35.3518545742,129.1353707211,,전용주,051-709-4684,부산광역시 기장군청,2025-11-17
정관읍임곡리-24,1,,부산광역시 기장군 정관읍 임곡리 454-1,35.35189819,129.135395171,,전용주,051-709-4684,부산광역시 기장군청,2025-11-17
정관읍임곡리-25,1,,부산광역시 기장군 정관읍 임곡리 454-1,35.3518219585,129.135395171,,한전주,051-709-4684,부산광역시 기장군청,2025-11-17
정관읍임곡리-27,1,,부산광역시 기장군 정관읍 임곡리 440-8,35.35198975,129.1358643,,한전주,051-709-4684,부산광역시 기장군청,2025-11-17
정관읍임곡리-28,1,,부산광역시 기장군 정관읍 임곡리 440-8,35.3519890676,129.1358283981,,건축물,051-709-4684,부산광역시 기장군청,2025-11-17
정관읍임곡리-29,1,,부산광역시 기장군 정관읍 임곡리 542-8,35.3518545742,129.1353707211,,건축물,051-709-4684,부산광역시 기장군청,2025-11-17
정관읍임곡리-30,1,,부산광역시 기장군 정관읍 임곡리 441-2,35.3522999671,129.135819576,,건축물,051-709-4684,부산광역시 기장군청,2025-11-17
정관읍임곡리-32,1,,부산광역시 기장군 정관읍 임곡리 440-2,35.351823125,129.1360055025,,전용주,051-709-4684,부산광역시 기장군청,2025-11-17
정관읍임곡리-35,1,,부산광역시 기장군 정관읍 임곡리 499,35.3521313491,129.137268455,,한전주,051-709-4684,부산광역시 기장군청,2025-11-17
정관읍임곡리-36,1,,부산광역시 기장군 정관읍 임곡리 417-6,35.35293579,129.1373755764,,전용주,051-709-4684,부산광역시 기장군청,2025-11-17
정관읍임곡리-37,1,,부산광역시 기장군 정관읍 임곡리 417-6,35.3529430778,129.1373755764,,전용주,051-709-4684,부산광역시 기장군청,2025-11-17
정관읍임곡리-38,1,,부산광역시 기장군 정관읍 임곡리 420-1,35.3527973175,129.136759469,,한전주,051-709-4684,부산광역시 기장군청,2025-11-17
정관읍임곡리-39,1,,부산광역시 기장군 정관읍 임곡리 432-4,35.35282135,129.1365614559,,한전주,051-709-4684,부산광역시 기장군청,2025-11-17
정관읍임곡리-40,1,,부산광역시 기장군 정관읍 임곡리 499-8,35.35190201,129.1375595385,,한전주,051-709-4684,부산광역시 기장군청,2025-11-17
정관읍임곡리-41,1,,부산광역시 기장군 정관읍 임곡리 산 49-3,35.3513538435,129.1378296511,,한전주,051-709-4684,부산광역시 기장군청,2025-11-17
정관읍임곡리-42,1,,부산광역시 기장군 정관읍 임곡리 산 47-2,35.35188293,129.1383573189,,한전주,051-709-4684,부산광역시 기장군청,2025-11-17
정관읍임곡리-43,1,,부산광역시 기장군 정관읍 임곡리 166-1,35.3519846317,129.1382100458,,한전주,051-709-4684,부산광역시 기장군청,2025-11-17
정관읍임곡리-44,1,,부산광역시 기장군 정관읍 임곡리 165-2,35.3519249,129.138916,,한전주,051-709-4684,부산광역시 기장군청,2025-11-17
정관읍임곡리-45,1,,부산광역시 기장군 정관읍 임곡리 217-1,35.35164261,129.1393988664,,한전주,051-709-4684,부산광역시 기장군청,2025-11-17
정관읍임곡리-46,1,,부산광역시 기장군 정관읍 임곡리 210,35.3508362542,129.1394663902,,한전주,051-709-4684,부산광역시 기장군청,2025-11-17
정관읍임곡리-47,1,,부산광역시 기장군 정관읍 임곡리 210,35.3508362542,129.1394663902,,한전주,051-709-4684,부산광역시 기장군청,2025-11-17
정관읍임곡리-48,1,,부산광역시 기장군 정관읍 임곡리 178,35.35085678,129.1391092582,,한전주,051-709-4684,부산광역시 기장군청,2025-11-17
정관읍임곡리-49,1,,부산광역시 기장군 정관읍 임곡리 209,35.3507225061,129.1397223036,,한전주,051-709-4684,부산광역시 기장군청,2025-11-17
정관읍임곡리-50,1,,부산광역시 기장군 정관읍 임곡리 198,35.3501225879,129.13993833,,한전주,051-709-4684,부산광역시 기장군청,2025-11-17
정관읍임곡리-51,1,,부산광역시 기장군 정관읍 임곡리 338-2,35.34927368,129.1396332,,한전주,051-709-4684,부산광역시 기장군청,2025-11-17
정관읍임곡리-52,1,,부산광역시 기장군 정관읍 임곡리 산 35,35.3460512195,129.1399588274,,한전주,051-709-4684,부산광역시 기장군청,2025-11-17
정관읍임곡리-53,1,,부산광역시 기장군 정관읍 임곡리 499-4,35.3500893989,129.1399536,,한전주,051-709-4684,부산광역시 기장군청,2025-11-17
정관읍임곡리-54,1,,부산광역시 기장군 정관읍 임곡리 513-1,35.3515678843,129.1406637136,,한전주,051-709-4684,부산광역시 기장군청,2025-11-17
정관읍임곡리-55,1,,부산광역시 기장군 정관읍 임곡리 244,35.3518171605,129.1409090588,,한전주,051-709-4684,부산광역시 기장군청,2025-11-17
정관읍임곡리-56,1,,부산광역시 기장군 정관읍 임곡리 239,35.3502512809,129.1419055701,,한전주,051-709-4684,부산광역시 기장군청,2025-11-17
정관읍임곡리-57,1,,부산광역시 기장군 정관읍 임곡리 238,35.3499727472,129.1417573418,,한전주,051-709-4684,부산광역시 기장군청,2025-11-17
정관읍임곡리-58,1,,부산광역시 기장군 정관읍 임곡리 산 20-1,35.3488723794,129.142390724,,한전주,051-709-4684,부산광역시 기장군청,2025-11-17
정관읍임곡리-60,1,,부산광역시 기장군 정관읍 임곡리 415,35.3530957946,129.1378305777,,한전주,051-709-4684,부산광역시 기장군청,2025-11-17
정관읍임곡리-61,1,,부산광역시 기장군 정관읍 임곡리 512-1,35.3532305342,129.1391677732,,한전주,051-709-4684,부산광역시 기장군청,2025-11-17
정관읍임곡리-62,1,,부산광역시 기장군 정관읍 임곡리 89-1,35.3537682503,129.1363359949,,한전주,051-709-4684,부산광역시 기장군청,2025-11-17
철마면708,1,,부산광역시 기장군 철마면 고촌리 538,35.2435473633,129.1702251959,2019,전용주,051-709-4684,부산광역시 기장군청,2025-11-17
철마면709,1,,부산광역시 기장군 철마면 고촌리 296(28번길64),35.2441201342,129.1703261,2019,전용주,051-709-4684,부산광역시 기장군청,2025-11-17
철마면710,1,,부산광역시 기장군 철마면 구칠리 189-12(189-1),35.2510606349,129.1802831096,2019,한전주,051-709-4684,부산광역시 기장군청,2025-11-17
철마면711,1,,부산광역시 기장군 철마면 송정리 345-3,35.31064889,129.1147492,2019,한전주,051-709-4684,부산광역시 기장군청,2025-11-17
철마면712,1,,부산광역시 기장군 철마면 와여리 236,35.2804114369,129.1485448,2019,한전주,051-709-4684,부산광역시 기장군청,2025-11-17
철마면713,1,,부산광역시 기장군 철마면 장전리 179-1,35.266837095,129.1485416901,2019,한전주,051-709-4684,부산광역시 기장군청,2025-11-17
철마면714,1,,부산광역시 기장군 철마면 고촌리 산 27,35.2425799743,129.1698726326,2019,한전주,051-709-4684,부산광역시 기장군청,2025-11-17
철마면715,1,,부산광역시 기장군 철마면 임기리,,,,한전주,051-709-4684,부산광역시 기장군청,2025-11-17
철마면716,1,,부산광역시 기장군 철마면 임기리 198-1,35.3404005212,129.1270079677,2019,한전주,051-709-4684,부산광역시 기장군청,2025-11-17
철마면717,1,,부산광역시 기장군 철마면 이곡리 200-9,,,2019,한전주,051-709-4684,부산광역시 기장군청,2025-11-17
철마면718,1,,부산광역시 기장군 철마면 임기리 1008-22,35.3364690955,129.1248696411,2019,한전주,051-709-4684,부산광역시 기장군청,2025-11-17
철마면719,1,,부산광역시 기장군 철마면 연구리 292-2,35.2751912823,129.1632660527,2019,한전주,051-709-4684,부산광역시 기장군청,2025-11-17
철마면720,1,,부산광역시 기장군 철마면 연구리 322,35.2774427201,129.1646831176,2019,한전주,051-709-4684,부산광역시 기장군청,2025-11-17
철마면721,1,,부산광역시 기장군 철마면 연구리 325-2,35.2765769729,129.1638493066,2019,한전주,051-709-4684,부산광역시 기장군청,2025-11-17
철마면722,1,,부산광역시 기장군 철마면 연구리 677-2,35.2766471271,129.1646573127,2019,한전주,051-709-4684,부산광역시 기장군청,2025-11-17
철마면723,1,,부산광역시 기장군 철마면 연구리 677-6,35.275940616,129.1642216168,2019,한전주,051-709-4684,부산광역시 기장군청,2025-11-17
철마면724,1,,부산광역시 기장군 철마면 웅천리 442,35.2902374,129.1656455463,2019,한전주,051-709-4684,부산광역시 기장군청,2025-11-17
철마면724옆임시보안등,1,,부산광역시 기장군 철마면 웅천리 902-8,35.2902016482,129.165836872,2025,,051-709-4684,부산광역시 기장군청,2025-11-17
철마면725,1,,부산광역시 기장군 철마면 안평리 136,35.23355197,129.1778242859,2020,한전주,051-709-4684,부산광역시 기장군청,2025-11-17
철마면726,1,,부산광역시 기장군 철마면 안평리 131,35.2327856422,129.1781645262,2020,한전주,051-709-4684,부산광역시 기장군청,2025-11-17
철마면727,1,,부산광역시 기장군 철마면 송정리 594-2,35.3063675609,129.1127196893,2020,한전주,051-709-4684,부산광역시 기장군청,2025-11-17
철마면728,1,,부산광역시 기장군 철마면 구칠리 98-4,35.25649512,129.1764728,2020,한전주,051-709-4684,부산광역시 기장군청,2025-11-17
철마면730,1,,부산광역시 기장군 철마면 구칠리 산 89-2,35.2567452743,129.1775583611,2018,한전주,051-709-4684,부산광역시 기장군청,2025-11-17
철마면739,1,,부산광역시 기장군 철마면 연구리 199-51,35.27436759,129.1652537,2021,한전주,051-709-4684,부산광역시 기장군청,2025-11-17
철마면740,1,,부산광역시 기장군 철마면 연구리 199-3,35.27459527,129.1655835017,2021,한전주,051-709-4684,부산광역시 기장군청,2025-11-17
철마면741,1,,부산광역시 기장군 철마면 연구리 167-3,35.2748053,129.1659714,2021,한전주,051-709-4684,부산광역시 기장군청,2025-11-17
철마면742,1,,부산광역시 기장군 철마면 구칠리 187-12,35.25170907,129.1794097,2022,한전주,051-709-4684,부산광역시 기장군청,2025-11-17
철마면743,1,,부산광역시 기장군 철마면 안평리 산 6-1,35.24893892,129.1874728107,2022,한전주,051-709-4684,부산광역시 기장군청,2025-11-17
철마면744,1,,부산광역시 기장군 철마면 안평리 산 6-1,35.2489499143,129.1874728107,2022,한전주,051-709-4684,부산광역시 기장군청,2025-11-17
철마면745,1,,부산광역시 기장군 철마면 안평리 산 13-37,35.2514067377,129.1845837402,2022,한전주,051-709-4684,부산광역시 기장군청,2025-11-17
철마면746,1,,부산광역시 기장군 철마면 구칠리 53,35.2606641634,129.1726733797,2022,한전주,051-709-4684,부산광역시 기장군청,2025-11-17
철마면747,1,,부산광역시 기장군 철마면 안평리 431-7,35.24641515,129.1795234,2022,한전주,051-709-4684,부산광역시 기장군청,2025-11-17
철마면748,1,,부산광역시 기장군 철마면 안평리 산 13-37,35.2514067377,129.1845837402,2022,한전주,051-709-4684,부산광역시 기장군청,2025-11-17
철마면749,1,,부산광역시 기장군 철마면 송정리 599-3,35.30600954,129.1107973,2022,한전주,051-709-4684,부산광역시 기장군청,2025-11-17
철마면750,1,,부산광역시 기장군 철마면 임기리 1008-36,35.3186448,129.1276782,2022,한전주,051-709-4684,부산광역시 기장군청,2025-11-17
철마면755,1,,부산광역시 기장군 철마면 와여리 521-2,35.2770712805,129.1499205619,2022,건축물,051-709-4684,부산광역시 기장군청,2025-11-17
철마면756,1,,부산광역시 기장군 철마면 웅천리 407-1,35.2914157859,129.1681466605,2022,한전주,051-709-4684,부산광역시 기장군청,2025-11-17
철마면757,1,,부산광역시 기장군 철마면 구칠리 189-1,35.250850762,129.1798512,2022,한전주,051-709-4684,부산광역시 기장군청,2025-11-17
철마면758,1,,부산광역시 기장군 철마면 구칠리 189-1,35.250850762,129.179883919,2022,한전주,051-709-4684,부산광역시 기장군청,2025-11-17
철마면759,1,,부산광역시 기장군 철마면 송정리 531-7,35.3036648672,129.1145447546,2023,,051-709-4684,부산광역시 기장군청,2025-11-17
철마면760,1,,부산광역시 기장군 철마면 장전리 234-4,35.272799688,129.1445602,2023,한전주,051-709-4684,부산광역시 기장군청,2025-11-17
철마면761,1,,부산광역시 기장군 철마면 구칠리 210,35.2541537363,129.1694595787,2023,한전주,051-709-4684,부산광역시 기장군청,2025-11-17
철마면762,1,,부산광역시 기장군 철마면 웅천리 133-1,35.2939505332,129.1766375019,2023,한전주,051-709-4684,부산광역시 기장군청,2025-11-17
철마면763,1,,부산광역시 기장군 철마면 구칠리 104-1,35.2573151563,129.1774454233,2023,한전주,051-709-4684,부산광역시 기장군청,2025-11-17
철마면764,1,,부산광역시 기장군 철마면 고촌리 29-3,35.2424261511,129.1731073841,2023,한전주,051-709-4684,부산광역시 기장군청,2025-11-17
철마면765,1,,부산광역시 기장군 철마면 안평리 33-1,35.2494856667,129.1884527,2023,한전주,051-709-4684,부산광역시 기장군청,2025-11-17
철마면766,1,,부산광역시 기장군 철마면 송정리 165,35.3102182255,129.1178638365,2023,한전주,051-709-4684,부산광역시 기장군청,2025-11-17
철마면767,1,,부산광역시 기장군 철마면 장전리 362-1,35.2741425096,129.1456471374,2023,전용주,051-709-4684,부산광역시 기장군청,2025-11-17
철마면768,1,,부산광역시 기장군 철마면 장전리 360-1,35.27420313,129.1459178,2023,,051-709-4684,부산광역시 기장군청,2025-11-17
철마면769,1,,부산광역시 기장군 철마면 장전리 355-1,35.2745212972,129.1460505,2023,,051-709-4684,부산광역시 기장군청,2025-11-17
철마면770,1,,부산광역시 기장군 철마면 안평리 291,35.2392130611,129.1780228559,2020,한전주,051-709-4684,부산광역시 기장군청,2025-11-17
철마면771,1,,부산광역시 기장군 철마면 안평리 291,35.23926429,129.1780228559,2020,한전주,051-709-4684,부산광역시 기장군청,2025-11-17
철마면772,1,,부산광역시 기장군 철마면 안평리 314-4,35.2395463527,129.1778337022,2020,한전주,051-709-4684,부산광역시 기장군청,2025-11-17
철마면773,1,,부산광역시 기장군 철마면 안평리 715-6,35.2394841722,129.176740091,2020,한전주,051-709-4684,부산광역시 기장군청,2025-11-17
철마면774,1,,부산광역시 기장군 철마면 안평리 302-1,35.23941543,129.1765324,2020,한전주,051-709-4684,부산광역시 기장군청,2025-11-17
철마면775,1,,부산광역시 기장군 철마면 안평리 335-1,35.2423663789,129.1797639437,2020,한전주,051-709-4684,부산광역시 기장군청,2025-11-17
철마면776,1,,부산광역시 기장군 철마면 안평리 341-1,35.24237212,129.1787026542,2020,한전주,051-709-4684,부산광역시 기장군청,2025-11-17
철마면777,1,,부산광역시 기장군 철마면 안평리 402,35.24414324,129.180193028,2020,한전주,051-709-4684,부산광역시 기장군청,2025-11-17
철마면778,1,,부산광역시 기장군 철마면 웅천리 472-4,35.2892923454,129.1702873977,2020,한전주,051-709-4684,부산광역시 기장군청,2025-11-17
철마면779,1,,부산광역시 기장군 철마면 임기리 582-3,35.3216792935,129.1206839294,2020,한전주,051-709-4684,부산광역시 기장군청,2025-11-17
철마면780,1,,부산광역시 기장군 철마면 임기리 251,35.3362458396,129.128371957,2020,한전주,051-709-4684,부산광역시 기장군청,2025-11-17
철마면781,1,,부산광역시 기장군 철마면 장전리 481-2,35.28262644,129.13332034,2020,한전주,051-709-4684,부산광역시 기장군청,2025-11-17
철마면782,1,,부산광역시 기장군 철마면 연구리 255-1,35.2736656588,129.1648336,2020,한전주,051-709-4684,부산광역시 기장군청,2025-11-17
철마면783,1,,부산광역시 기장군 철마면 안평리 360-1,35.2426585,129.1767125,2020,전용주,051-709-4684,부산광역시 기장군청,2025-11-17
철마면784,1,,부산광역시 기장군 철마면 웅천리 56,35.2891150661,129.1756387638,2020,한전주,051-709-4684,부산광역시 기장군청,2025-11-17
철마면785,1,,부산광역시 기장군 철마면 장전리 66-3,35.2657478784,129.1505461489,2020,건축물,051-709-4684,부산광역시 기장군청,2025-11-17
철마면786,1,,부산광역시 기장군 철마면 장전리 520-1,35.2822124926,129.1321825082,2020,한전주,051-709-4684,부산광역시 기장군청,2025-11-17
철마면787,1,,부산광역시 기장군 철마면 장전리 521-3,35.2823571051,129.1315996699,2020,한전주,051-709-4684,부산광역시 기장군청,2025-11-17
철마면788,1,,부산광역시 기장군 철마면 웅천리 산 288-3,35.30775249,129.1587129733,2020,한전주,051-709-4684,부산광역시 기장군청,2025-11-17
철마면798,1,,부산광역시 기장군 철마면 연구리 428,35.2798176799,129.1645272,2021,건축물,051-709-4684,부산광역시 기장군청,2025-11-17
철마면799,1,,부산광역시 기장군 철마면 연구리 432-12,35.2806797017,129.1644072,2021,한전주,051-709-4684,부산광역시 기장군청,2025-11-17
철마면800,1,,부산광역시 기장군 철마면 연구리 680-6,35.2812811,129.1645202,2021,한전주,051-709-4684,부산광역시 기장군청,2025-11-17
철마면801,1,,부산광역시 기장군 철마면 구칠리 산 99-5,35.2538999319,129.1814211722,2021,한전주,051-709-4684,부산광역시 기장군청,2025-11-17
철마면802,1,,부산광역시 기장군 철마면 구칠리 산 99-5,35.2538999319,129.1814211722,2021,한전주,051-709-4684,부산광역시 기장군청,2025-11-17
철마면803,1,,부산광역시 기장군 철마면 구칠리 산 99-14,35.254933525,129.1825806,2021,한전주,051-709-4684,부산광역시 기장군청,2025-11-17
철마면804,1,,부산광역시 기장군 철마면 구칠리 산 99-14,35.25491406,129.1825206752,2021,한전주,051-709-4684,부산광역시 기장군청,2025-11-17
철마면806,1,,부산광역시 기장군 철마면 임기리 1008-58,35.313301205,129.1123708007,2021,한전주,051-709-4684,부산광역시 기장군청,2025-11-17
철마면807,1,,부산광역시 기장군 철마면 임기리 1008-58,35.313301205,129.1123708007,2021,한전주,051-709-4684,부산광역시 기장군청,2025-11-17
철마면808,1,,부산광역시 기장군 철마면 임기리 1008-58,35.313301205,129.1123708007,2021,한전주,051-709-4684,부산광역시 기장군청,2025-11-17
철마면809,1,,부산광역시 기장군 철마면 임기리 1008-58,35.313301205,129.1123708007,2021,한전주,051-709-4684,부산광역시 기장군청,2025-11-17
철마면810,1,,부산광역시 기장군 철마면 임기리 1008-58,35.31336453,129.1123737,2021,한전주,051-709-4684,부산광역시 기장군청,2025-11-17
철마면811,1,,부산광역시 기장군 철마면 임기리 1008-58,35.313301205,129.112349,2021,한전주,051-709-4684,부산광역시 기장군청,2025-11-17
철마면812,1,,부산광역시 기장군 철마면 임기리 914,35.31496763,129.1122973,2021,한전주,051-709-4684,부산광역시 기장군청,2025-11-17
철마면813,1,,부산광역시 기장군 철마면 구칠리 32-1,35.26166601,129.1764353,2021,한전주,051-709-4684,부산광역시 기장군청,2025-11-17
철마면817,1,,부산광역시 기장군 철마면 안평리 223-12,35.23636175,129.1758550702,2021,한전주,051-709-4684,부산광역시 기장군청,2025-11-17
철마면818,1,,부산광역시 기장군 철마면 임기리 495-2,35.31972043,129.1235201,2021,한전주,051-709-4684,부산광역시 기장군청,2025-11-17
철마면819,1,,부산광역시 기장군 철마면 구칠리 202-3,35.2542552524,129.1667872424,2021,한전주,051-709-4684,부산광역시 기장군청,2025-11-17
철마면820,1,,부산광역시 기장군 철마면 구칠리 202-4,35.2538996008,129.1666559841,2021,한전주,051-709-4684,부산광역시 기장군청,2025-11-17
철마면821,1,,부산광역시 기장군 철마면 안평리 288-3,35.23866792,129.1787613,2021,한전주,051-709-4684,부산광역시 기장군청,2025-11-17
철마면822,1,,부산광역시 기장군 철마면 안평리 225-1,35.2388295954,129.1768282305,2021,한전주,051-709-4684,부산광역시 기장군청,2025-11-17
철마면823,1,,부산광역시 기장군 철마면 고촌리 131-3,35.241705315,129.1711845404,2021,건축물,051-709-4684,부산광역시 기장군청,2025-11-17
철마면824,1,,부산광역시 기장군 철마면 안평리 산 14-2,35.2513181961,129.1814625042,2021,한전주,051-709-4684,부산광역시 기장군청,2025-11-17
철마면825,1,,부산광역시 기장군 철마면 연구리 146-1,35.276026822,129.1664446509,2021,한전주,051-709-4684,부산광역시 기장군청,2025-11-17
철마면826,1,,부산광역시 기장군 철마면 송정리 371,35.3085195815,129.1160696736,2021,한전주,051-709-4684,부산광역시 기장군청,2025-11-17
철마면827,1,,부산광역시 기장군 철마면 송정리 371,35.3085195815,129.1160696736,2021,한전주,051-709-4684,부산광역시 기장군청,2025-11-17
철마면828,1,,부산광역시 기장군 철마면 웅천리 598,35.28376039,129.165749797,2021,한전주,051-709-4684,부산광역시 기장군청,2025-11-17
철마면829,1,,부산광역시 기장군 철마면 송정리 586-1,35.3056263492,129.1118141333,2023,한전주,051-709-4684,부산광역시 기장군청,2025-11-17
철마면830,1,,부산광역시 기장군 철마면 웅천리 67,35.289715982,129.174884851,2023,한전주,051-709-4684,부산광역시 기장군청,2025-11-17
철마면831,1,,부산광역시 기장군 철마면 웅천리 53,35.2891273868,129.174943,2023,한전주,051-709-4684,부산광역시 기장군청,2025-11-17
철마면832,1,,부산광역시 기장군 철마면 안평리 247,35.2373559237,129.1809812,2023,한전주,051-709-4684,부산광역시 기장군청,2025-11-17
철마면833,1,,부산광역시 기장군 철마면 고촌리 102-6,35.2393749885,129.175163923,2023,한전주,051-709-4684,부산광역시 기장군청,2025-11-17
철마면834,1,,부산광역시 기장군 철마면 연구리 186,35.2751623644,129.1676122,2023,한전주,051-709-4684,부산광역시 기장군청,2025-11-17
철마면837,1,,부산광역시 기장군 철마면 웅천리 377-5,35.290403775,129.1659374681,2023,한전주,051-709-4684,부산광역시 기장군청,2025-11-17
철마면838,1,,부산광역시 기장군 철마면 고촌리 20,35.2438833971,129.1732816636,2023,,051-709-4684,부산광역시 기장군청,2025-11-17
철마면839,1,,부산광역시 기장군 철마면 이곡리 747,35.2699081123,129.1813780718,2023,,051-709-4684,부산광역시 기장군청,2025-11-17
철마면840,1,,부산광역시 기장군 철마면 연구리 579,35.2733543063,129.1550164912,2024,,051-709-4684,부산광역시 기장군청,2025-11-17
철마면841,1,,부산광역시 기장군 철마면 임기리 993-2,35.3152611137,129.1214983305,2024,,051-709-4684,부산광역시 기장군청,2025-11-17
철마면842,1,,부산광역시 기장군 철마면 안평리 295-4,35.2380247149,129.1782746669,2024,,051-709-4684,부산광역시 기장군청,2025-11-17
철마면843,1,,부산광역시 기장군 철마면 장전리 486,35.2830176038,129.132784506,2024,,051-709-4684,부산광역시 기장군청,2025-11-17
철마면844,1,,부산광역시 기장군 철마면 임기리 669-3,35.32032574,129.1181819931,2024,,051-709-4684,부산광역시 기장군청,2025-11-17
철마면845,1,,부산광역시 기장군 철마면 구칠리 505-4,35.26612094,129.1647623,2024,,051-709-4684,부산광역시 기장군청,2025-11-17
철마면846,1,,부산광역시 기장군 철마면 구칠리 695,35.2604511435,129.1590738342,2024,,051-709-4684,부산광역시 기장군청,2025-11-17
철마면847,1,,부산광역시 기장군 철마면 구칠리 461-1,35.2693451168,129.164271297,2024,한전주,051-709-4684,부산광역시 기장군청,2025-11-17
철마면848,1,,부산광역시 기장군 철마면 구칠리 441,35.2692810969,129.1645573505,2024,한전주,051-709-4684,부산광역시 기장군청,2025-11-17
철마면849,1,,부산광역시 기장군 철마면 안평리 295-15,35.23795086,129.1779239792,2024,,051-709-4684,부산광역시 기장군청,2025-11-17
철마면850,1,,부산광역시 기장군 철마면 구칠리 산 79-1,35.2554829566,129.177248922,2024,한전주,051-709-4684,부산광역시 기장군청,2025-11-17
철마면851,1,,부산광역시 기장군 철마면 구칠리 산 75-10,35.259725191,129.1698722948,2024,건축물,051-709-4684,부산광역시 기장군청,2025-11-17
철마면852,1,,부산광역시 기장군 철마면 연구리 474-3,35.2748402448,129.156034,2024,한전주,051-709-4684,부산광역시 기장군청,2025-11-17
철마면853,1,,부산광역시 기장군 철마면 웅천리 476-3,35.2884117078,129.1704021586,2024,한전주,051-709-4684,부산광역시 기장군청,2025-11-17
철마면854,1,,부산광역시 기장군 철마면 웅천리 887,35.2881688779,129.1711663152,2024,한전주,051-709-4684,부산광역시 기장군청,2025-11-17
철마면855,1,,부산광역시 기장군 철마면 백길리 139-4,35.2845862533,129.1559059,2024,건축물,051-709-4684,부산광역시 기장군청,2025-11-17
철마면856,1,,부산광역시 기장군 철마면 웅천리 67,35.289715982,129.174884851,2024,한전주,051-709-4684,부산광역시 기장군청,2025-11-17
철마면857,1,,부산광역시 기장군 철마면 웅천리 66,35.28942925,129.1746507428,2024,한전주,051-709-4684,부산광역시 기장군청,2025-11-17
철마면858,1,,부산광역시 기장군 철마면 구칠리 131,35.259297358,129.1791198659,2024,전용주,051-709-4684,부산광역시 기장군청,2025-11-17
철마면859,1,,부산광역시 기장군 철마면 구칠리 131,35.259297358,129.1791198659,2024,전용주,051-709-4684,부산광역시 기장군청,2025-11-17
철마면860,1,,부산광역시 기장군 철마면 구칠리 130,35.25942964,129.1786497,2024,,051-709-4684,부산광역시 기장군청,2025-11-17
철마면861,1,,부산광역시 기장군 철마면 구칠리 132,35.2595538962,129.1790534236,2024,전용주,051-709-4684,부산광역시 기장군청,2025-11-17
철마면862,1,,부산광역시 기장군 철마면 구칠리 664-1,35.2586511032,129.1781241399,2024,전용주,051-709-4684,부산광역시 기장군청,2025-11-17
철마면863,1,,부산광역시 기장군 철마면 연구리 171,35.27483628,129.1664560556,2024,,051-709-4684,부산광역시 기장군청,2025-11-17
철마면864,1,,부산광역시 기장군 철마면 연구리,35.27493024,129.1674225,2024,,051-709-4684,부산광역시 기장군청,2025-11-17
철마면871,1,,부산광역시 기장군 철마면 안평리 720-19,35.23835404,129.1770505,2024,전용주,051-709-4684,부산광역시 기장군청,2025-11-17
철마면872,1,,부산광역시 기장군 철마면 안평리 295-2,35.23832008,129.1776477156,2024,전용주,051-709-4684,부산광역시 기장군청,2025-11-17
철마면873,1,,부산광역시 기장군 철마면 안평리 312-5,35.2397210919,129.177454317,2024,전용주,051-709-4684,부산광역시 기장군청,2025-11-17
철마면874,1,,부산광역시 기장군 철마면 백길리 156,35.28429218,129.1550431585,2024,한전주,051-709-4684,부산광역시 기장군청,2025-11-17
철마면878,1,,부산광역시 기장군 철마면 안평리 222-7,35.2358880046,129.1763315895,2024,한전주,051-709-4684,부산광역시 기장군청,2025-11-17
철마면879,1,,부산광역시 기장군 철마면 웅천리 90-11,35.29080668,129.1719351014,2024,한전주,051-709-4684,부산광역시 기장군청,2025-11-17
철마면880,1,,부산광역시 기장군 철마면 장전리 602,35.2754180636,129.1454288625,2024,한전주,051-709-4684,부산광역시 기장군청,2025-11-17
철마면881,1,,부산광역시 기장군 철마면 연구리 307-1,35.2753807116,129.1653833286,2024,한전주,051-709-4684,부산광역시 기장군청,2025-11-17
철마면882,1,,부산광역시 기장군 철마면 임기리 972-4,35.317305448,129.1181094,2024,한전주,051-709-4684,부산광역시 기장군청,2025-11-17
철마면883,1,,부산광역시 기장군 철마면 임기리 780,35.3179584972,129.1176474386,2024,한전주,051-709-4684,부산광역시 기장군청,2025-11-17
철마면884,1,,부산광역시 기장군 철마면 임기리 210-1,35.3378723124,129.1261483474,2024,한전주,051-709-4684,부산광역시 기장군청,2025-11-17
철마면885,1,,부산광역시 기장군 철마면 임기리 1017,35.3396716338,129.1270531111,2024,한전주,051-709-4684,부산광역시 기장군청,2025-11-17
철마면886,1,,부산광역시 기장군 철마면 임기리 1017,35.3396716338,129.1270531111,2024,한전주,051-709-4684,부산광역시 기장군청,2025-11-17
철마면887,1,,부산광역시 기장군 철마면 구칠리 236-4,35.25775528,129.1663165477,2024,한전주,051-709-4684,부산광역시 기장군청,2025-11-17
철마면888,1,,부산광역시 기장군 철마면 구칠리 260,35.25807562,129.1654821,2024,한전주,051-709-4684,부산광역시 기장군청,2025-11-17
철마면889,1,,부산광역시 기장군 철마면 웅천리 산 152-11,35.30695134,129.1554726,2024,,051-709-4684,부산광역시 기장군청,2025-11-17
철마면890,1,,부산광역시 기장군 철마면 웅천리 876-17,35.3075858993,129.1557647,2024,,051-709-4684,부산광역시 기장군청,2025-11-17
철마면891,1,,부산광역시 기장군 철마면 웅천리 876-1,35.3080048662,129.1560526318,2024,,051-709-4684,부산광역시 기장군청,2025-11-17
철마면892,1,,부산광역시 기장군 철마면 웅천리 876-43,35.3075648528,129.1582892434,2024,,051-709-4684,부산광역시 기장군청,2025-11-17
철마면898임시보안등(위치모름),1,,부산광역시 기장군 철마면 송정리 산 20-5,35.3131394544,129.1253459271,2025,,051-709-4684,부산광역시 기장군청,2025-11-17
철마면901임시보안등,1,,부산광역시 기장군 철마면 연구리 674-8,35.2728553532,129.1648647749,2025,,051-709-4684,부산광역시 기장군청,2025-11-17
철마면고촌리-1,1,,부산광역시 기장군 철마면 고촌리 127-11,35.241642,129.172226,,한전주,051-709-4684,부산광역시 기장군청,2025-11-17
철마면고촌리-2,1,,부산광역시 기장군 철마면 고촌리 85,35.2419658504,129.1718766368,,한전주,051-709-4684,부산광역시 기장군청,2025-11-17
철마면고촌리-3,1,,부산광역시 기장군 철마면 고촌리 32,35.2422905,129.1726074,,한전주,051-709-4684,부산광역시 기장군청,2025-11-17
철마면고촌리-4,1,,부산광역시 기장군 철마면 고촌리 31,35.2423944057,129.1727818225,,한전주,051-709-4684,부산광역시 기장군청,2025-11-17
철마면고촌리-5,1,,부산광역시 기장군 철마면 고촌리 533,35.2435885599,129.1732200401,,한전주,051-709-4684,부산광역시 기장군청,2025-11-17
철마면고촌리-8,1,,부산광역시 기장군 철마면 고촌리 24-2,35.24313736,129.1724819047,,한전주,051-709-4684,부산광역시 기장군청,2025-11-17
철마면고촌리-11표찰없음이설추정23년9월,1,,부산광역시 기장군 철마면 고촌리 538,35.2435473633,129.1702251959,,한전주,051-709-4684,부산광역시 기장군청,2025-11-17
철마면고촌리-12,1,,부산광역시 기장군 철마면 고촌리 산 26,35.2431986358,129.1697778668,,한전주,051-709-4684,부산광역시 기장군청,2025-11-17
철마면고촌리-13,1,,부산광역시 기장군 철마면 고촌리 산 26,35.2431986358,129.1697693,,한전주,051-709-4684,부산광역시 기장군청,2025-11-17
철마면고촌리-14,1,,부산광역시 기장군 철마면 고촌리 299,35.2437409461,129.1694166318,,전용주,051-709-4684,부산광역시 기장군청,2025-11-17
철마면고촌리-15,1,,부산광역시 기장군 철마면 고촌리 299,35.2437409461,129.1694183,,전용주,051-709-4684,부산광역시 기장군청,2025-11-17
철마면고촌리-16,1,,부산광역시 기장군 철마면 고촌리 301,35.2443956023,129.1695207956,,한전주,051-709-4684,부산광역시 기장군청,2025-11-17
철마면고촌리-17,1,,부산광역시 기장군 철마면 고촌리 산 23-3,35.2443597854,129.1693110164,,한전주,051-709-4684,부산광역시 기장군청,2025-11-17
철마면고촌리-18,1,,부산광역시 기장군 철마면 고촌리 304-1,35.2452247586,129.1698740528,,한전주,051-709-4684,부산광역시 기장군청,2025-11-17
철마면고촌리-19,1,,부산광역시 기장군 철마면 고촌리 307,35.24479675,129.1701508,,한전주,051-709-4684,부산광역시 기장군청,2025-11-17
철마면고촌리-20,1,,부산광역시 기장군 철마면 고촌리 77,35.24209976,129.1716831825,,한전주,051-709-4684,부산광역시 기장군청,2025-11-17
철마면고촌리-21,1,,부산광역시 기장군 철마면 고촌리 276-1,35.24183273,129.1707966807,,한전주,051-709-4684,부산광역시 기장군청,2025-11-17
철마면고촌리-22,1,,부산광역시 기장군 철마면 고촌리 220-1,35.24157333,129.170746953,,건축물,051-709-4684,부산광역시 기장군청,2025-11-17
철마면고촌리-23,1,,부산광역시 기장군 철마면 고촌리 276-1,35.2418082358,129.1707306,,건축물,051-709-4684,부산광역시 기장군청,2025-11-17
철마면고촌리-24,1,,부산광역시 기장군 철마면 고촌리 278,35.2421507302,129.1708040253,,한전주,051-709-4684,부산광역시 기장군청,2025-11-17
철마면고촌리-25,1,,부산광역시 기장군 철마면 고촌리 692,35.2389621197,129.1686274461,,한전주,051-709-4684,부산광역시 기장군청,2025-11-17
철마면고촌리-26,1,,부산광역시 기장군 철마면 고촌리 285-2,35.2424754741,129.1707001,,건축물,051-709-4684,부산광역시 기장군청,2025-11-17
철마면고촌리-27,1,,부산광역시 기장군 철마면 고촌리 292-2,35.2428536511,129.1703339,,한전주,051-709-4684,부산광역시 기장군청,2025-11-17
철마면고촌리-28,1,,부산광역시 기장군 철마면 고촌리 292-1,35.24304199,129.1702169685,,한전주,051-709-4684,부산광역시 기장군청,2025-11-17
철마면고촌리-29,1,,부산광역시 기장군 철마면 고촌리 63,35.2425407053,129.1716003,,한전주,051-709-4684,부산광역시 기장군청,2025-11-17
철마면고촌리-30,1,,부산광역시 기장군 철마면 고촌리 131-5,35.24166489,129.1709420529,,건축물,051-709-4684,부산광역시 기장군청,2025-11-17
철마면고촌리-31,1,,부산광역시 기장군 철마면 고촌리 542-17,35.2425075067,129.161934287,,건축물,051-709-4684,부산광역시 기장군청,2025-11-17
철마면고촌리-32,1,,부산광역시 기장군 철마면 고촌리 561,35.2366134512,129.1613420249,,한전주,051-709-4684,부산광역시 기장군청,2025-11-17
철마면고촌리-33,1,,부산광역시 기장군 철마면 고촌리 484,35.237922532,129.1622963038,,한전주,051-709-4684,부산광역시 기장군청,2025-11-17
철마면고촌리-34,1,,부산광역시 기장군 철마면 고촌리 산 95-74,35.238406613,129.1586752503,,한전주,051-709-4684,부산광역시 기장군청,2025-11-17
철마면고촌리-35,1,,부산광역시 기장군 철마면 고촌리 560,35.2388153084,129.1626156905,,한전주,051-709-4684,부산광역시 기장군청,2025-11-17
철마면고촌리-36,1,,부산광역시 기장군 철마면 고촌리 480,35.23918533,129.1624177179,,한전주,051-709-4684,부산광역시 기장군청,2025-11-17
철마면고촌리-37,1,,부산광역시 기장군 철마면 고촌리 542-24,35.2395233246,129.1627045,,한전주,051-709-4684,부산광역시 기장군청,2025-11-17
철마면고촌리-38,1,,부산광역시 기장군 철마면 고촌리 산 95-51,35.2404612658,129.162569048,,한전주,051-709-4684,부산광역시 기장군청,2025-11-17
철마면고촌리-39,1,,부산광역시 기장군 철마면 고촌리 542-17,35.2425075067,129.161934287,,한전주,051-709-4684,부산광역시 기장군청,2025-11-17
철마면고촌리-40,1,,부산광역시 기장군 철마면 고촌리 470-7,35.2410965,129.1633951341,,한전주,051-709-4684,부산광역시 기장군청,2025-11-17
철마면고촌리-41,1,,부산광역시 기장군 철마면 고촌리 산 73-2,35.2432397426,129.1631232791,,한전주,051-709-4684,부산광역시 기장군청,2025-11-17
철마면고촌리-42,1,,부산광역시 기장군 철마면 고촌리 산 73-2,35.2432397426,129.1631232791,,한전주,051-709-4684,부산광역시 기장군청,2025-11-17
철마면고촌리-43,1,,부산광역시 기장군 철마면 고촌리 산 73-2,35.2432397426,129.1631232791,,한전주,051-709-4684,부산광역시 기장군청,2025-11-17
철마면고촌리-44,1,,부산광역시 기장군 철마면 고촌리 400-7,35.2452326719,129.1625519,,한전주,051-709-4684,부산광역시 기장군청,2025-11-17
철마면고촌리-45,1,,부산광역시 기장군 철마면 고촌리 400-7,35.2452326719,129.1625477453,,한전주,051-709-4684,부산광역시 기장군청,2025-11-17
철마면고촌리-46,1,,부산광역시 기장군 철마면 고촌리 400-1,35.2477536854,129.1633763067,,한전주,051-709-4684,부산광역시 기장군청,2025-11-17
철마면고촌리-47,1,,부산광역시 기장군 철마면 고촌리 400-1,35.2477536854,129.1633763067,,한전주,051-709-4684,부산광역시 기장군청,2025-11-17
철마면고촌리-48,1,,부산광역시 기장군 철마면 고촌리 400-2,35.2474617105,129.163863631,,한전주,051-709-4684,부산광역시 기장군청,2025-11-17
철마면고촌리-49,1,,부산광역시 기장군 철마면 고촌리 542-17,35.2425075067,129.161934287,,한전주,051-709-4684,부산광역시 기장군청,2025-11-17
철마면고촌리-50,1,,부산광역시 기장군 철마면 고촌리 467,35.2414005959,129.1624032031,,한전주,051-709-4684,부산광역시 기장군청,2025-11-17
철마면고촌리-51,1,,부산광역시 기장군 철마면 고촌리 462-2,35.24161148,129.1618809676,,한전주,051-709-4684,부산광역시 기장군청,2025-11-17
철마면고촌리-52,1,,부산광역시 기장군 철마면 고촌리 462-1,35.2420871091,129.1617605567,,한전주,051-709-4684,부산광역시 기장군청,2025-11-17
철마면고촌리-53,1,,부산광역시 기장군 철마면 고촌리 461-3,35.242672635,129.1613655142,,한전주,051-709-4684,부산광역시 기장군청,2025-11-17
철마면고촌리-54,1,,부산광역시 기장군 철마면 고촌리 460-1,35.24293518,129.1612138493,,한전주,051-709-4684,부산광역시 기장군청,2025-11-17
철마면고촌리-55,1,,부산광역시 기장군 철마면 고촌리 460-1,35.2429719924,129.1612138493,,한전주,051-709-4684,부산광역시 기장군청,2025-11-17
철마면고촌리-56,1,,부산광역시 기장군 철마면 고촌리 455-1,35.2435313243,129.1605772969,,한전주,051-709-4684,부산광역시 기장군청,2025-11-17
철마면고촌리-57,1,,부산광역시 기장군 철마면 고촌리 453,35.2443231849,129.1606598,,한전주,051-709-4684,부산광역시 기장군청,2025-11-17
철마면고촌리-58,1,,부산광역시 기장군 철마면 고촌리 453,35.24438477,129.160675,,한전주,051-709-4684,부산광역시 기장군청,2025-11-17
철마면고촌리-59,1,,부산광역시 기장군 철마면 고촌리 542-18,35.24472046,129.1603394,,한전주,051-709-4684,부산광역시 기장군청,2025-11-17
철마면고촌리-60,1,,부산광역시 기장군 철마면 고촌리 451,35.24504089,129.1600200499,,한전주,051-709-4684,부산광역시 기장군청,2025-11-17
철마면고촌리-61,1,,부산광역시 기장군 철마면 고촌리 451,35.2450130934,129.1600200499,,건축물,051-709-4684,부산광역시 기장군청,2025-11-17
철마면고촌리-62,1,,부산광역시 기장군 철마면 고촌리 451,35.2450130934,129.1600200499,,한전주,051-709-4684,부산광역시 기장군청,2025-11-17
철마면고촌리-63,1,,부산광역시 기장군 철마면 고촌리 산 95-3,35.2483818936,129.1585958147,,한전주,051-709-4684,부산광역시 기장군청,2025-11-17
철마면고촌리-64,1,,부산광역시 기장군 철마면 고촌리 산 95-3,35.2483818936,129.1585958147,,한전주,051-709-4684,부산광역시 기장군청,2025-11-17
철마면고촌리-65,1,,부산광역시 기장군 철마면 고촌리 542-2,35.24733353,129.1587982,,한전주,051-709-4684,부산광역시 기장군청,2025-11-17
철마면고촌리-66,1,,부산광역시 기장군 철마면 고촌리 369-1,35.2479466658,129.1587982,,한전주,051-709-4684,부산광역시 기장군청,2025-11-17
철마면고촌리-67,1,,부산광역시 기장군 철마면 고촌리 568,35.2482979237,129.1590729,,한전주,051-709-4684,부산광역시 기장군청,2025-11-17
철마면고촌리-68,1,,부산광역시 기장군 철마면 고촌리 산 95-3,35.2483818936,129.1585958147,,한전주,051-709-4684,부산광역시 기장군청,2025-11-17
철마면고촌리-69,1,,부산광역시 기장군 철마면 고촌리 554,35.2513060095,129.1574103769,,한전주,051-709-4684,부산광역시 기장군청,2025-11-17
철마면고촌리-70,1,,부산광역시 기장군 철마면 고촌리 539,35.2385988522,129.1741203691,,한전주,051-709-4684,부산광역시 기장군청,2025-11-17
철마면고촌리-71,1,,부산광역시 기장군 철마면 고촌리 539,35.2385988522,129.1741203691,,한전주,051-709-4684,부산광역시 기장군청,2025-11-17
철마면구칠리-1,1,,부산광역시 기장군 철마면 구칠리 189-12,35.2510606349,129.1802216,,한전주,051-709-4684,부산광역시 기장군청,2025-11-17
철마면구칠리-2,1,,부산광역시 기장군 철마면 구칠리 189-5,35.2510909075,129.1798971066,,한전주,051-709-4684,부산광역시 기장군청,2025-11-17
철마면구칠리-3,1,,부산광역시 기장군 철마면 구칠리 산 14-7,35.2640615652,129.1682964915,,한전주,051-709-4684,부산광역시 기장군청,2025-11-17
철마면구칠리-4,1,,부산광역시 기장군 철마면 구칠리 산 99-22,35.25204849,129.1807300064,,한전주,051-709-4684,부산광역시 기장군청,2025-11-17
철마면구칠리-5,1,,부산광역시 기장군 철마면 구칠리 산 13-8,35.25239944,129.1811981,,한전주,051-709-4684,부산광역시 기장군청,2025-11-17
철마면구칠리-6,1,,부산광역시 기장군 철마면 구칠리 산 99-17,35.2519097733,129.1810912626,,한전주,051-709-4684,부산광역시 기장군청,2025-11-17
철마면구칠리-7,1,,부산광역시 기장군 철마면 구칠리 산 99-5,35.25381416,129.1814211722,,한전주,051-709-4684,부산광역시 기장군청,2025-11-17
철마면구칠리-8,1,,부산광역시 기장군 철마면 구칠리 산 99-5,35.2538999319,129.1814211722,,한전주,051-709-4684,부산광역시 기장군청,2025-11-17
철마면구칠리-9,1,,부산광역시 기장군 철마면 구칠리 189-2,35.2515639641,129.1800111165,,한전주,051-709-4684,부산광역시 기장군청,2025-11-17
철마면구칠리-10,1,,부산광역시 기장군 철마면 구칠리 104-1,35.2573151563,129.1774454233,,한전주,051-709-4684,부산광역시 기장군청,2025-11-17
철마면구칠리-11,1,,부산광역시 기장군 철마면 구칠리 104-1,35.2573151563,129.1774454233,,한전주,051-709-4684,부산광역시 기장군청,2025-11-17
철마면구칠리-12,1,,부산광역시 기장군 철마면 구칠리 산 89-2,35.2567452743,129.1775583611,,한전주,051-709-4684,부산광역시 기장군청,2025-11-17
철마면구칠리-13,1,,부산광역시 기장군 철마면 구칠리 663,35.2563418686,129.1767953358,,한전주,051-709-4684,부산광역시 기장군청,2025-11-17
철마면구칠리-14,1,,부산광역시 기장군 철마면 구칠리 664-1,35.2586511032,129.1781241399,,한전주,051-709-4684,부산광역시 기장군청,2025-11-17
철마면구칠리-15,1,,부산광역시 기장군 철마면 구칠리 152-1,35.2584289157,129.1787808711,,한전주,051-709-4684,부산광역시 기장군청,2025-11-17
철마면구칠리-16,1,,부산광역시 기장군 철마면 구칠리 664-1,35.25862885,129.1781241399,,전용주,051-709-4684,부산광역시 기장군청,2025-11-17
철마면구칠리-17,1,,부산광역시 기장군 철마면 구칠리 119-1,35.2586781601,129.1784514636,,건축물,051-709-4684,부산광역시 기장군청,2025-11-17
철마면구칠리-18,1,,부산광역시 기장군 철마면 구칠리 664-1,35.2586511032,129.1781241399,,건축물,051-709-4684,부산광역시 기장군청,2025-11-17
철마면구칠리-19,1,,부산광역시 기장군 철마면 구칠리 115,35.2582702307,129.1777496,,한전주,051-709-4684,부산광역시 기장군청,2025-11-17
철마면구칠리-20,1,,부산광역시 기장군 철마면 구칠리 산 86,35.2585559697,129.1772713964,,한전주,051-709-4684,부산광역시 기장군청,2025-11-17
철마면구칠리-21,1,,부산광역시 기장군 철마면 구칠리 113-1,35.2583499732,129.176577372,,한전주,051-709-4684,부산광역시 기장군청,2025-11-17
철마면구칠리-22,1,,부산광역시 기장군 철마면 구칠리 86-1,35.2582103105,129.1761355787,,한전주,051-709-4684,부산광역시 기장군청,2025-11-17
철마면구칠리-23,1,,부산광역시 기장군 철마면 구칠리 산 82-1,35.2582060582,129.1750219074,,한전주,051-709-4684,부산광역시 기장군청,2025-11-17
철마면구칠리-24,1,,부산광역시 기장군 철마면 구칠리 151-1,35.25879669,129.1788392947,,한전주,051-709-4684,부산광역시 기장군청,2025-11-17
철마면구칠리-25,1,,부산광역시 기장군 철마면 구칠리 150-1,35.25904465,129.1792608735,,한전주,051-709-4684,부산광역시 기장군청,2025-11-17
철마면구칠리-26,1,,부산광역시 기장군 철마면 구칠리 69-2,35.2600441,129.1716614,,한전주,051-709-4684,부산광역시 기장군청,2025-11-17
철마면구칠리-27,1,,부산광역시 기장군 철마면 구칠리 산 7-5,35.2607055668,129.1716589103,,한전주,051-709-4684,부산광역시 기장군청,2025-11-17
철마면구칠리-28,1,,부산광역시 기장군 철마면 구칠리 55-4,35.2606236713,129.1736736483,,한전주,051-709-4684,부산광역시 기장군청,2025-11-17
철마면구칠리-29,1,,부산광역시 기장군 철마면 구칠리 55-1,35.2609704362,129.1739801298,,한전주,051-709-4684,부산광역시 기장군청,2025-11-17
철마면구칠리-30,1,,부산광역시 기장군 철마면 구칠리 산 3-1,35.2626606605,129.1806019452,,한전주,051-709-4684,부산광역시 기장군청,2025-11-17
철마면구칠리-31,1,,부산광역시 기장군 철마면 구칠리 산 3-30,35.26151276,129.1759458602,,한전주,051-709-4684,부산광역시 기장군청,2025-11-17
철마면구칠리-32,1,,부산광역시 기장군 철마면 구칠리 산 3-1,35.2626606605,129.1806019452,,한전주,051-709-4684,부산광역시 기장군청,2025-11-17
철마면구칠리-33,1,,부산광역시 기장군 철마면 구칠리 670,35.2617596156,129.1693725337,,한전주,051-709-4684,부산광역시 기장군청,2025-11-17
철마면구칠리-34,1,,부산광역시 기장군 철마면 구칠리 330-3,35.2614342801,129.1707611,,전용주,051-709-4684,부산광역시 기장군청,2025-11-17
철마면구칠리-35,1,,부산광역시 기장군 철마면 구칠리 65-1,35.2614212311,129.1709918574,,한전주,051-709-4684,부산광역시 기장군청,2025-11-17
철마면구칠리-36,1,,부산광역시 기장군 철마면 구칠리 산 8,35.2620929457,129.1698933074,,한전주,051-709-4684,부산광역시 기장군청,2025-11-17
철마면구칠리-37,1,,부산광역시 기장군 철마면 구칠리 332-2,35.2620119972,129.170811836,,한전주,051-709-4684,부산광역시 기장군청,2025-11-17
철마면구칠리-38,1,,부산광역시 기장군 철마면 구칠리 62-1,35.2618122327,129.1715755457,,한전주,051-709-4684,부산광역시 기장군청,2025-11-17
철마면구칠리-40,1,,부산광역시 기장군 철마면 구칠리 325-6,35.2606696159,129.1707687251,,한전주,051-709-4684,부산광역시 기장군청,2025-11-17
철마면구칠리-41,1,,부산광역시 기장군 철마면 구칠리 296-22,35.2607670184,129.1698497018,,한전주,051-709-4684,부산광역시 기장군청,2025-11-17
철마면구칠리-42,1,,부산광역시 기장군 철마면 구칠리 296-10,35.2603200819,129.1703310183,,한전주,051-709-4684,부산광역시 기장군청,2025-11-17
철마면구칠리-43,1,,부산광역시 기장군 철마면 구칠리 692,35.2600846059,129.1685357538,,한전주,051-709-4684,부산광역시 기장군청,2025-11-17
철마면구칠리-44,1,,부산광역시 기장군 철마면 구칠리 295,35.2603851607,129.1688850714,,한전주,051-709-4684,부산광역시 기장군청,2025-11-17
철마면구칠리-45,1,,부산광역시 기장군 철마면 구칠리 296-15,35.26010513,129.1685486,,한전주,051-709-4684,부산광역시 기장군청,2025-11-17
철마면구칠리-46,1,,부산광역시 기장군 철마면 구칠리 293-2,35.2599399308,129.1683520325,,한전주,051-709-4684,부산광역시 기장군청,2025-11-17
철마면구칠리-47,1,,부산광역시 기장군 철마면 구칠리 234-1,35.2595779629,129.1676323212,,한전주,051-709-4684,부산광역시 기장군청,2025-11-17
철마면구칠리-48,1,,부산광역시 기장군 철마면 구칠리 234-1,35.2595779629,129.1676323212,,한전주,051-709-4684,부산광역시 기장군청,2025-11-17
철마면구칠리-49,1,,부산광역시 기장군 철마면 구칠리 235,35.2588500553,129.1668654766,,한전주,051-709-4684,부산광역시 기장군청,2025-11-17
철마면구칠리-50,1,,부산광역시 기장군 철마면 구칠리 272-1,35.2585063679,129.1664124,,한전주,051-709-4684,부산광역시 기장군청,2025-11-17
철마면구칠리-51,1,,부산광역시 기장군 철마면 구칠리 258,35.2579835726,129.1658936,,한전주,051-709-4684,부산광역시 기장군청,2025-11-17
철마면구칠리-52,1,,부산광역시 기장군 철마면 구칠리 259,35.2579430924,129.1656166387,,한전주,051-709-4684,부산광역시 기장군청,2025-11-17
철마면구칠리-53,1,,부산광역시 기장군 철마면 구칠리 267,35.2583647331,129.1658895783,,전용주,051-709-4684,부산광역시 기장군청,2025-11-17
철마면구칠리-54,1,,부산광역시 기장군 철마면 구칠리 690,35.2591201674,129.1670922129,,한전주,051-709-4684,부산광역시 기장군청,2025-11-17
철마면구칠리-55,1,,부산광역시 기장군 철마면 구칠리 690,35.2591201674,129.1670922129,,한전주,051-709-4684,부산광역시 기장군청,2025-11-17
철마면구칠리-56,1,,부산광역시 기장군 철마면 구칠리 573,35.2580833099,129.1653497779,,한전주,051-709-4684,부산광역시 기장군청,2025-11-17
철마면구칠리-57,1,,부산광역시 기장군 철마면 구칠리 577-2,35.2575676665,129.1653748,,한전주,051-709-4684,부산광역시 기장군청,2025-11-17
철마면구칠리-58,1,,부산광역시 기장군 철마면 구칠리 579,35.2575955063,129.1649785364,,한전주,051-709-4684,부산광역시 기장군청,2025-11-17
철마면구칠리-59,1,,부산광역시 기장군 철마면 구칠리 366,35.2663274338,129.1651596579,,한전주,051-709-4684,부산광역시 기장군청,2025-11-17
철마면구칠리-60,1,,부산광역시 기장군 철마면 구칠리 424-4,35.2668262524,129.1655257555,,한전주,051-709-4684,부산광역시 기장군청,2025-11-17
철마면구칠리-61,1,,부산광역시 기장군 철마면 구칠리 424-2,35.2668927693,129.165848818,,한전주,051-709-4684,부산광역시 기장군청,2025-11-17
철마면구칠리-62,1,,부산광역시 기장군 철마면 구칠리 674,35.267055996,129.1661072,,한전주,051-709-4684,부산광역시 기장군청,2025-11-17
철마면구칠리-63,1,,부산광역시 기장군 철마면 구칠리 421-10,35.2671814,129.1665802,,한전주,051-709-4684,부산광역시 기장군청,2025-11-17
철마면구칠리-64,1,,부산광역시 기장군 철마면 구칠리 421-5,35.267291547,129.166760289,,한전주,051-709-4684,부산광역시 기장군청,2025-11-17
철마면구칠리-65,1,,부산광역시 기장군 철마면 구칠리 421-7,35.267186855,129.1674009922,,한전주,051-709-4684,부산광역시 기장군청,2025-11-17
철마면구칠리-66,1,,부산광역시 기장군 철마면 구칠리 383-1,35.26690292,129.1678467,,전용주,051-709-4684,부산광역시 기장군청,2025-11-17
철마면구칠리-67,1,,부산광역시 기장군 철마면 구칠리 412-1,35.2669781916,129.1688402202,,한전주,051-709-4684,부산광역시 기장군청,2025-11-17
철마면구칠리-68,1,,부산광역시 기장군 철마면 구칠리 411,35.26716995,129.1688063046,,한전주,051-709-4684,부산광역시 기장군청,2025-11-17
철마면구칠리-69,1,,부산광역시 기장군 철마면 구칠리 400,35.26696396,129.1695161273,,한전주,051-709-4684,부산광역시 기장군청,2025-11-17
철마면구칠리-70,1,,부산광역시 기장군 철마면 구칠리 412-1,35.26691437,129.1688402202,,전용주,051-709-4684,부산광역시 기장군청,2025-11-17
철마면구칠리-71,1,,부산광역시 기장군 철마면 구칠리 384,35.266716,129.1691895,,한전주,051-709-4684,부산광역시 기장군청,2025-11-17
철마면구칠리-72,1,,부산광역시 기장군 철마면 구칠리 412-1,35.2669781916,129.1688402202,,한전주,051-709-4684,부산광역시 기장군청,2025-11-17
철마면구칠리-73,1,,부산광역시 기장군 철마면 구칠리 391,35.2669580391,129.1699769084,,한전주,051-709-4684,부산광역시 기장군청,2025-11-17
철마면구칠리-74,1,,부산광역시 기장군 철마면 구칠리 산 42,35.2676875977,129.1613967211,,한전주,051-709-4684,부산광역시 기장군청,2025-11-17
철마면구칠리-75,1,,부산광역시 기장군 철마면 구칠리 491,35.2682146878,129.1625643493,,한전주,051-709-4684,부산광역시 기장군청,2025-11-17
철마면구칠리-76,1,,부산광역시 기장군 철마면 구칠리 산 42,35.2676506,129.1613967211,,한전주,051-709-4684,부산광역시 기장군청,2025-11-17
철마면구칠리-77,1,,부산광역시 기장군 철마면 구칠리 산 42,35.2676875977,129.1613967211,,한전주,051-709-4684,부산광역시 기장군청,2025-11-17
철마면구칠리-78,1,,부산광역시 기장군 철마면 구칠리 산 42,35.2676875977,129.1613967211,,한전주,051-709-4684,부산광역시 기장군청,2025-11-17
철마면구칠리-79,1,,부산광역시 기장군 철마면 구칠리 694,35.2681623866,129.1631983104,,한전주,051-709-4684,부산광역시 기장군청,2025-11-17
철마면구칠리-80,1,,부산광역시 기장군 철마면 구칠리 485-2,35.2683692605,129.1631240758,,한전주,051-709-4684,부산광역시 기장군청,2025-11-17
철마면구칠리-81,1,,부산광역시 기장군 철마면 구칠리 473,35.2691641745,129.1628651684,,한전주,051-709-4684,부산광역시 기장군청,2025-11-17
철마면구칠리-82,1,,부산광역시 기장군 철마면 구칠리 산 75-118,35.2559679672,129.1703446731,,한전주,051-709-4684,부산광역시 기장군청,2025-11-17
철마면구칠리-83,1,,부산광역시 기장군 철마면 구칠리 산 75-118,35.2559679672,129.1703446731,,한전주,051-709-4684,부산광역시 기장군청,2025-11-17
철마면구칠리-84,1,,부산광역시 기장군 철마면 구칠리 산 75-118,35.2559679672,129.1703446731,,한전주,051-709-4684,부산광역시 기장군청,2025-11-17
철마면구칠리-85,1,,부산광역시 기장군 철마면 구칠리 산 75-117,35.25675876,129.1702695056,,한전주,051-709-4684,부산광역시 기장군청,2025-11-17
철마면구칠리-86,1,,부산광역시 기장군 철마면 구칠리 224-3,35.2571306761,129.1701313911,,한전주,051-709-4684,부산광역시 기장군청,2025-11-17
철마면구칠리-87,1,,부산광역시 기장군 철마면 구칠리 산 75-44,35.2566310774,129.1686696132,,한전주,051-709-4684,부산광역시 기장군청,2025-11-17
철마면구칠리-88,1,,부산광역시 기장군 철마면 구칠리 산 75-11,35.2584659041,129.1699279648,,한전주,051-709-4684,부산광역시 기장군청,2025-11-17
철마면구칠리-89,1,,부산광역시 기장군 철마면 구칠리 산 75-11,35.2584659041,129.1699279648,,한전주,051-709-4684,부산광역시 기장군청,2025-11-17
철마면구칠리-90,1,,부산광역시 기장군 철마면 구칠리 산 75-11,35.2584659041,129.1699279648,,한전주,051-709-4684,부산광역시 기장군청,2025-11-17
철마면구칠리-91,1,,부산광역시 기장군 철마면 구칠리 산 75-10,35.259725191,129.1698722948,,한전주,051-709-4684,부산광역시 기장군청,2025-11-17
철마면구칠리-92,1,,부산광역시 기장군 철마면 구칠리 산 75-10,35.259725191,129.1698722948,,한전주,051-709-4684,부산광역시 기장군청,2025-11-17
철마면구칠리-93,1,,부산광역시 기장군 철마면 구칠리 산 75-10,35.259725191,129.1698722948,,한전주,051-709-4684,부산광역시 기장군청,2025-11-17
철마면구칠리-94,1,,부산광역시 기장군 철마면 구칠리 695,35.2604511435,129.1590738342,,한전주,051-709-4684,부산광역시 기장군청,2025-11-17
철마면구칠리-95,1,,부산광역시 기장군 철마면 구칠리 산 46-6,35.2626246851,129.1588359239,,한전주,051-709-4684,부산광역시 기장군청,2025-11-17
철마면구칠리-96,1,,부산광역시 기장군 철마면 구칠리 6,35.2597392597,129.1805551826,2018,한전주,051-709-4684,부산광역시 기장군청,2025-11-17
철마면백길리-1,1,,부산광역시 기장군 철마면 백길리 165-4,35.2831084128,129.1559601,,한전주,051-709-4684,부산광역시 기장군청,2025-11-17
철마면백길리-2,1,,부산광역시 기장군 철마면 백길리 164-2,35.2836758368,129.155612382,,한전주,051-709-4684,부산광역시 기장군청,2025-11-17
철마면백길리-3,1,,부산광역시 기장군 철마면 백길리 154,35.2838062311,129.1550865706,,한전주,051-709-4684,부산광역시 기장군청,2025-11-17
철마면백길리-4,1,,부산광역시 기장군 철마면 백길리 161-1,35.2838885886,129.155511532,,한전주,051-709-4684,부산광역시 기장군청,2025-11-17
철마면백길리-5,1,,부산광역시 기장군 철마면 백길리 163,35.28377533,129.1557465,,건축물,051-709-4684,부산광역시 기장군청,2025-11-17
철마면백길리-6,1,,부산광역시 기장군 철마면 백길리 137-1,35.28429413,129.1556166286,,한전주,051-709-4684,부산광역시 기장군청,2025-11-17
철마면백길리-7,1,,부산광역시 기장군 철마면 백길리 259-4,35.2843447099,129.1557279061,,한전주,051-709-4684,부산광역시 기장군청,2025-11-17
철마면백길리-8,1,,부산광역시 기장군 철마면 백길리 139-1,35.2848820279,129.1558430643,,건축물,051-709-4684,부산광역시 기장군청,2025-11-17
철마면백길리-9,1,,부산광역시 기장군 철마면 백길리 259,35.2853431064,129.1556249173,,한전주,051-709-4684,부산광역시 기장군청,2025-11-17
철마면백길리-10,1,,부산광역시 기장군 철마면 백길리 158,35.28454208,129.1551263669,,한전주,051-709-4684,부산광역시 기장군청,2025-11-17
철마면백길리-11,1,,부산광역시 기장군 철마면 백길리 261,35.28470612,129.1550664333,,한전주,051-709-4684,부산광역시 기장군청,2025-11-17
철마면백길리-12,1,,부산광역시 기장군 철마면 백길리 258-13,35.2846415055,129.1553169644,,전용주,051-709-4684,부산광역시 기장군청,2025-11-17
철마면백길리-13,1,,부산광역시 기장군 철마면 백길리 175-1,35.2827461969,129.1559804492,,한전주,051-709-4684,부산광역시 기장군청,2025-11-17
철마면백길리-14,1,,부산광역시 기장군 철마면 백길리 258-17,35.2835736853,129.1554642538,2018,한전주,051-709-4684,부산광역시 기장군청,2025-11-17
철마면송정리-1,1,,부산광역시 기장군 철마면 송정리 320,35.3133661751,129.1160271623,,한전주,051-709-4684,부산광역시 기장군청,2025-11-17
철마면송정리-6,1,,부산광역시 기장군 철마면 송정리 626,35.3112436362,129.1183205479,,한전주,051-709-4684,부산광역시 기장군청,2025-11-17
철마면송정리-7,1,,부산광역시 기장군 철마면 송정리 626,35.3112436362,129.1183205479,,한전주,051-709-4684,부산광역시 기장군청,2025-11-17
철마면송정리-8,1,,부산광역시 기장군 철마면 송정리 189-1,35.3116053566,129.117297802,,한전주,051-709-4684,부산광역시 기장군청,2025-11-17
철마면송정리-9,1,,부산광역시 기장군 철마면 송정리 208,35.31147003,129.1179615181,,한전주,051-709-4684,부산광역시 기장군청,2025-11-17
철마면송정리-10,1,,부산광역시 기장군 철마면 송정리 205-3,35.311800046,129.1177521,,한전주,051-709-4684,부산광역시 기장군청,2025-11-17
철마면송정리-11,1,,부산광역시 기장군 철마면 송정리 626,35.3112436362,129.1183205479,,한전주,051-709-4684,부산광역시 기장군청,2025-11-17
철마면송정리-12,1,,부산광역시 기장군 철마면 송정리 220,35.3126601179,129.1179450858,,한전주,051-709-4684,부산광역시 기장군청,2025-11-17
철마면송정리-13,1,,부산광역시 기장군 철마면 송정리 253,35.3129625691,129.1192545323,,한전주,051-709-4684,부산광역시 기장군청,2025-11-17
철마면송정리-14,1,,부산광역시 기장군 철마면 송정리 산 24-9,35.3131911482,129.1205408959,,한전주,051-709-4684,부산광역시 기장군청,2025-11-17
철마면송정리-15,1,,부산광역시 기장군 철마면 송정리 254,35.31338501,129.1190729767,,한전주,051-709-4684,부산광역시 기장군청,2025-11-17
철마면송정리-16,1,,부산광역시 기장군 철마면 송정리 267,35.3137514184,129.119398824,,한전주,051-709-4684,부산광역시 기장군청,2025-11-17
철마면송정리-17,1,,부산광역시 기장군 철마면 송정리 283,35.31428146,129.1182015519,,한전주,051-709-4684,부산광역시 기장군청,2025-11-17
철마면송정리-18,1,,부산광역시 기장군 철마면 송정리 283-1,35.3138214364,129.118249637,,한전주,051-709-4684,부산광역시 기장군청,2025-11-17
철마면송정리-19,1,,부산광역시 기장군 철마면 송정리 624,35.3146924158,129.1201824264,,한전주,051-709-4684,부산광역시 기장군청,2025-11-17
철마면송정리-20,1,,부산광역시 기장군 철마면 송정리 624,35.3146924158,129.1201824264,,한전주,051-709-4684,부산광역시 기장군청,2025-11-17
철마면송정리-21,1,,부산광역시 기장군 철마면 송정리 172-1,35.3106308,129.1176095037,,한전주,051-709-4684,부산광역시 기장군청,2025-11-17
철마면송정리-22,1,,부산광역시 기장군 철마면 송정리 631,35.3089671103,129.1164385342,,한전주,051-709-4684,부산광역시 기장군청,2025-11-17
철마면송정리-23,1,,부산광역시 기장군 철마면 송정리 96,35.3098786935,129.1170971957,,한전주,051-709-4684,부산광역시 기장군청,2025-11-17
철마면송정리-24,1,,부산광역시 기장군 철마면 송정리 102,35.3099285564,129.1179059549,,한전주,051-709-4684,부산광역시 기장군청,2025-11-17
철마면송정리-25,1,,부산광역시 기장군 철마면 송정리 163,35.31032944,129.1180973219,,한전주,051-709-4684,부산광역시 기장군청,2025-11-17
철마면송정리-26,1,,부산광역시 기장군 철마면 송정리 118,35.3105744519,129.1188505594,,전용주,051-709-4684,부산광역시 기장군청,2025-11-17
철마면송정리-27,1,,부산광역시 기장군 철마면 송정리 631,35.3089671103,129.1164385342,,한전주,051-709-4684,부산광역시 기장군청,2025-11-17
철마면송정리-28,1,,부산광역시 기장군 철마면 송정리 110,35.31007004,129.1185608,,한전주,051-709-4684,부산광역시 기장군청,2025-11-17
철마면송정리-29,1,,부산광역시 기장군 철마면 송정리 626,35.3112436362,129.1183205479,,한전주,051-709-4684,부산광역시 기장군청,2025-11-17
철마면송정리-30,1,,부산광역시 기장군 철마면 송정리 154,35.3109436,129.1180852133,,한전주,051-709-4684,부산광역시 기장군청,2025-11-17
철마면송정리-31,1,,부산광역시 기장군 철마면 송정리 616-41,35.3123613492,129.1196122477,,한전주,051-709-4684,부산광역시 기장군청,2025-11-17
철마면송정리-32,1,,부산광역시 기장군 철마면 송정리 154,35.310912543,129.1180852133,,한전주,051-709-4684,부산광역시 기장군청,2025-11-17
철마면송정리-33,1,,부산광역시 기장군 철마면 송정리 209,35.3112277791,129.1180510416,,전용주,051-709-4684,부산광역시 기장군청,2025-11-17
철마면송정리-34,1,,부산광역시 기장군 철마면 송정리 143,35.3112184581,129.1189346421,,한전주,051-709-4684,부산광역시 기장군청,2025-11-17
철마면송정리-35,1,,부산광역시 기장군 철마면 송정리 135,35.3113979171,129.1190092438,,한전주,051-709-4684,부산광역시 기장군청,2025-11-17
철마면송정리-36,1,,부산광역시 기장군 철마면 송정리 215,35.3119470212,129.1185485395,,건축물,051-709-4684,부산광역시 기장군청,2025-11-17
철마면송정리-37표찰없음,1,,부산광역시 기장군 철마면 송정리 215,35.3119470212,129.1185485395,,건축물,051-709-4684,부산광역시 기장군청,2025-11-17
철마면송정리-38,1,,부산광역시 기장군 철마면 송정리 산 31,35.3111351434,129.1226683199,,한전주,051-709-4684,부산광역시 기장군청,2025-11-17
철마면송정리-39,1,,부산광역시 기장군 철마면 송정리 산 31,35.3111351434,129.1226683199,,한전주,051-709-4684,부산광역시 기장군청,2025-11-17
철마면송정리-40,1,,부산광역시 기장군 철마면 송정리 616-41,35.3123613492,129.1196122477,,한전주,051-709-4684,부산광역시 기장군청,2025-11-17
철마면송정리-41,1,,부산광역시 기장군 철마면 송정리 산 32,35.3111922641,129.1212677383,,한전주,051-709-4684,부산광역시 기장군청,2025-11-17
철마면송정리-42,1,,부산광역시 기장군 철마면 송정리 산 25-1,35.313143074,129.121170,,한전주,051-709-4684,부산광역시 기장군청,2025-11-17
철마면송정리-43,1,,부산광역시 기장군 철마면 송정리 산 20-5,35.3131394544,129.1253459271,,한전주,051-709-4684,부산광역시 기장군청,2025-11-17
철마면송정리-44,1,,부산광역시 기장군 철마면 송정리 639-2,35.308325868,129.1155745825,,한전주,051-709-4684,부산광역시 기장군청,2025-11-17
철마면송정리-45,1,,부산광역시 기장군 철마면 송정리 374,35.3083603318,129.1153490619,,한전주,051-709-4684,부산광역시 기장군청,2025-11-17
철마면송정리-46,1,,부산광역시 기장군 철마면 송정리 375-1,35.3086066369,129.1156311355,,한전주,051-709-4684,부산광역시 기장군청,2025-11-17
철마면송정리-47,1,,부산광역시 기장군 철마면 송정리 631,35.3089671103,129.1164385342,,한전주,051-709-4684,부산광역시 기장군청,2025-11-17
철마면송정리-48,1,,부산광역시 기장군 철마면 송정리 91-2,35.30903244,129.1163625868,,한전주,051-709-4684,부산광역시 기장군청,2025-11-17
철마면송정리-49,1,,부산광역시 기장군 철마면 송정리 631,35.3089671103,129.1164385342,,한전주,051-709-4684,부산광역시 기장군청,2025-11-17
철마면송정리-50,1,,부산광역시 기장군 철마면 송정리 168,35.31030655,129.1175133217,,한전주,051-709-4684,부산광역시 기장군청,2025-11-17
철마면송정리-51,1,,부산광역시 기장군 철마면 송정리 351-8,35.311976995,129.1141789031,,한전주,051-709-4684,부산광역시 기장군청,2025-11-17
철마면송정리-52,1,,부산광역시 기장군 철마면 송정리 351-8,35.311976995,129.1141789031,,한전주,051-709-4684,부산광역시 기장군청,2025-11-17
철마면송정리-53,1,,부산광역시 기장군 철마면 송정리 949-6,35.31222153,129.1134338,,한전주,051-709-4684,부산광역시 기장군청,2025-11-17
철마면송정리-54,1,,부산광역시 기장군 철마면 송정리 610,35.3067724742,129.1108622053,,전용주,051-709-4684,부산광역시 기장군청,2025-11-17
철마면송정리-55,1,,부산광역시 기장군 철마면 송정리 616-31,35.3062317255,129.1176541468,,한전주,051-709-4684,부산광역시 기장군청,2025-11-17
철마면송정리-56,1,,부산광역시 기장군 철마면 송정리 413-5,35.3068498161,129.1145695185,,한전주,051-709-4684,부산광역시 기장군청,2025-11-17
철마면송정리-57,1,,부산광역시 기장군 철마면 송정리 418-8,35.3067683248,129.1150208,,한전주,051-709-4684,부산광역시 기장군청,2025-11-17
철마면송정리-58,1,,부산광역시 기장군 철마면 송정리 616-31,35.3062317255,129.1176541468,,한전주,051-709-4684,부산광역시 기장군청,2025-11-17
철마면송정리-59,1,,부산광역시 기장군 철마면 송정리 418-7,35.3068338455,129.1154854381,,한전주,051-709-4684,부산광역시 기장군청,2025-11-17
철마면송정리-60,1,,부산광역시 기장군 철마면 송정리 595-2,35.3063581199,129.1123169884,,한전주,051-709-4684,부산광역시 기장군청,2025-11-17
철마면송정리-61,1,,부산광역시 기장군 철마면 송정리 595-2,35.3063581199,129.1123169884,,한전주,051-709-4684,부산광역시 기장군청,2025-11-17
철마면송정리-62,1,,부산광역시 기장군 철마면 송정리 597-2,35.3060490832,129.1117300677,,한전주,051-709-4684,부산광역시 기장군청,2025-11-17
철마면송정리-63,1,,부산광역시 기장군 철마면 송정리 402-46,35.3070201999,129.1119762895,,한전주,051-709-4684,부산광역시 기장군청,2025-11-17
철마면송정리-64,1,,부산광역시 기장군 철마면 송정리 402-46,35.3070201999,129.1119762895,,한전주,051-709-4684,부산광역시 기장군청,2025-11-17
철마면송정리-65,1,,부산광역시 기장군 철마면 송정리 402-46,35.3070201999,129.1119762895,,한전주,051-709-4684,부산광역시 기장군청,2025-11-17
철마면송정리-66,1,,부산광역시 기장군 철마면 송정리 402-74,35.307120972,129.1115128691,,전용주,051-709-4684,부산광역시 기장군청,2025-11-17
철마면송정리-67,1,,부산광역시 기장군 철마면 송정리 402-24,35.3066488251,129.1113364444,,전용주,051-709-4684,부산광역시 기장군청,2025-11-17
철마면송정리-68,1,,부산광역시 기장군 철마면 송정리 598-3,35.3063250073,129.1111216843,,전용주,051-709-4684,부산광역시 기장군청,2025-11-17
철마면송정리-69,1,,부산광역시 기장군 철마면 송정리 402-73,35.3076983538,129.1118644505,,전용주,051-709-4684,부산광역시 기장군청,2025-11-17
철마면송정리-70,1,,부산광역시 기장군 철마면 송정리 616-1,35.30802155,129.1120911,,전용주,051-709-4684,부산광역시 기장군청,2025-11-17
철마면송정리-71,1,,부산광역시 기장군 철마면 송정리 644-7,35.3046101307,129.114915816,,전용주,051-709-4684,부산광역시 기장군청,2025-11-17
철마면송정리-72,1,,부산광역시 기장군 철마면 송정리 556-17,35.30517578,129.1118687024,,건축물,051-709-4684,부산광역시 기장군청,2025-11-17
철마면송정리-73,1,,부산광역시 기장군 철마면 송정리 556-15,35.30500031,129.1117404244,,전용주,051-709-4684,부산광역시 기장군청,2025-11-17
철마면송정리-74,1,,부산광역시 기장군 철마면 송정리 585-10,35.305427257,129.1112366,,한전주,051-709-4684,부산광역시 기장군청,2025-11-17
철마면송정리-75,1,,부산광역시 기장군 철마면 송정리 610,35.3067724742,129.1108622053,,한전주,051-709-4684,부산광역시 기장군청,2025-11-17
철마면송정리-76,1,,부산광역시 기장군 철마면 송정리 600-7,35.30573273,129.1105178525,,한전주,051-709-4684,부산광역시 기장군청,2025-11-17
철마면송정리-77,1,,부산광역시 기장군 철마면 송정리 602-2,35.3056597557,129.1101380082,,한전주,051-709-4684,부산광역시 기장군청,2025-11-17
철마면송정리-81,1,,부산광역시 기장군 철마면 송정리 610,35.3067724742,129.1108856,,한전주,051-709-4684,부산광역시 기장군청,2025-11-17
철마면송정리-82,1,,부산광역시 기장군 철마면 송정리 580-12,35.3046240478,129.1110077,,한전주,051-709-4684,부산광역시 기장군청,2025-11-17
철마면송정리-83,1,,부산광역시 기장군 철마면 송정리 580-14,35.30493927,129.1108856,,한전주,051-709-4684,부산광역시 기장군청,2025-11-17
철마면송정리-84,1,,부산광역시 기장군 철마면 송정리 606-1,35.3051753713,129.1106873,,한전주,051-709-4684,부산광역시 기장군청,2025-11-17
철마면송정리-85,1,,부산광역시 기장군 철마면 송정리 644,35.3047633022,129.1123074664,,한전주,051-709-4684,부산광역시 기장군청,2025-11-17
철마면송정리-86,1,,부산광역시 기장군 철마면 송정리 577-2,35.3047320148,129.1116482977,,한전주,051-709-4684,부산광역시 기장군청,2025-11-17
철마면송정리-87,1,,부산광역시 기장군 철마면 송정리 576,35.3045898505,129.1117096,,건축물,051-709-4684,부산광역시 기장군청,2025-11-17
철마면송정리-88,1,,부산광역시 기장군 철마면 송정리 644-17,35.3045249262,129.1119379338,,한전주,051-709-4684,부산광역시 기장군청,2025-11-17
철마면송정리-89,1,,부산광역시 기장군 철마면 송정리 644-18,35.30465317,129.112030,,건축물,051-709-4684,부산광역시 기장군청,2025-11-17
철마면송정리-90,1,,부산광역시 기장군 철마면 송정리 644-17,35.3045249262,129.1119379338,,건축물,051-709-4684,부산광역시 기장군청,2025-11-17
철마면송정리-91,1,,부산광역시 기장군 철마면 송정리 610,35.3067724742,129.1108622053,,한전주,051-709-4684,부산광역시 기장군청,2025-11-17
철마면송정리-92,1,,부산광역시 기장군 철마면 송정리 644-11,35.30400848,129.1115508435,,한전주,051-709-4684,부산광역시 기장군청,2025-11-17
철마면송정리-93,1,,부산광역시 기장군 철마면 송정리 561,35.303936,129.1117692071,,한전주,051-709-4684,부산광역시 기장군청,2025-11-17
철마면송정리-94,1,,부산광역시 기장군 철마면 송정리 610-7,35.30388641,129.1127153318,,한전주,051-709-4684,부산광역시 기장군청,2025-11-17
철마면송정리-95,1,,부산광역시 기장군 철마면 송정리 610-7,35.3038205452,129.1127153318,,한전주,051-709-4684,부산광역시 기장군청,2025-11-17
철마면송정리-96,1,,부산광역시 기장군 철마면 송정리 536-4,35.30372238,129.1134238966,,한전주,051-709-4684,부산광역시 기장군청,2025-11-17
철마면송정리-97,1,,부산광역시 기장군 철마면 송정리 610-12,35.3035754636,129.1141026721,,한전주,051-709-4684,부산광역시 기장군청,2025-11-17
철마면송정리-98,1,,부산광역시 기장군 철마면 송정리 610-11,35.3036540787,129.1142415712,,건축물,051-709-4684,부산광역시 기장군청,2025-11-17
철마면송정리-99,1,,부산광역시 기장군 철마면 송정리 610-12,35.3035202,129.1141026721,,한전주,051-709-4684,부산광역시 기장군청,2025-11-17
철마면안평리-1,1,,부산광역시 기장군 철마면 안평리 361,35.2436196881,129.1764389792,,한전주,051-709-4684,부산광역시 기장군청,2025-11-17
철마면안평리-2,1,,부산광역시 기장군 철마면 안평리 473-1,35.24381638,129.1761017,,한전주,051-709-4684,부산광역시 기장군청,2025-11-17
철마면안평리-3,1,,부산광역시 기장군 철마면 안평리 469,35.24422073,129.1752457156,,한전주,051-709-4684,부산광역시 기장군청,2025-11-17
철마면안평리-4,1,,부산광역시 기장군 철마면 안평리 458-1,35.24450684,129.1756653458,,한전주,051-709-4684,부산광역시 기장군청,2025-11-17
철마면안평리-5,1,,부산광역시 기장군 철마면 안평리 461,35.2449923137,129.1756326066,,한전주,051-709-4684,부산광역시 기장군청,2025-11-17
철마면안평리-6,1,,부산광역시 기장군 철마면 안평리 584-142,35.23538208,129.1688720236,,한전주,051-709-4684,부산광역시 기장군청,2025-11-17
철마면안평리-7,1,,부산광역시 기장군 철마면 안평리 706,35.2305777918,129.1747789057,,전용주,051-709-4684,부산광역시 기장군청,2025-11-17
철마면안평리-8,1,,부산광역시 기장군 철마면 안평리 산 105,35.2348101939,129.1692400934,,한전주,051-709-4684,부산광역시 기장군청,2025-11-17
철마면안평리-9,1,,부산광역시 기장군 철마면 안평리 산 107-2,35.2343068374,129.1688757018,,한전주,051-709-4684,부산광역시 기장군청,2025-11-17
철마면안평리-11,1,,부산광역시 기장군 철마면 안평리 543-35,35.23807907,129.1737518,,한전주,051-709-4684,부산광역시 기장군청,2025-11-17
철마면안평리-12,1,,부산광역시 기장군 철마면 안평리 543-99,35.2375628231,129.1738038181,,한전주,051-709-4684,부산광역시 기장군청,2025-11-17
철마면안평리-13,1,,부산광역시 기장군 철마면 안평리 512-1,35.2373268551,129.1746646263,,한전주,051-709-4684,부산광역시 기장군청,2025-11-17
철마면안평리-14,1,,부산광역시 기장군 철마면 안평리 534-3,35.235316746,129.1753998,,한전주,051-709-4684,부산광역시 기장군청,2025-11-17
철마면안평리-15,1,,부산광역시 기장군 철마면 안평리 159,35.23424149,129.1775208,,한전주,051-709-4684,부산광역시 기장군청,2025-11-17
철마면안평리-16,1,,부산광역시 기장군 철마면 안평리 산 112-29,35.2265429052,129.1716246821,,한전주,051-709-4684,부산광역시 기장군청,2025-11-17
철마면안평리-17,1,,부산광역시 기장군 철마면 안평리 720-22,35.2365795064,129.1756151749,,한전주,051-709-4684,부산광역시 기장군청,2025-11-17
철마면안평리-18,1,,부산광역시 기장군 철마면 안평리 230-9,35.2357621382,129.1772346614,,한전주,051-709-4684,부산광역시 기장군청,2025-11-17
철마면안평리-19,1,,부산광역시 기장군 철마면 안평리 228-5,35.23600769,129.1771543315,,한전주,051-709-4684,부산광역시 기장군청,2025-11-17
철마면안평리-20,1,,부산광역시 기장군 철마면 안평리 230-7,35.2359660055,129.1775983863,,한전주,051-709-4684,부산광역시 기장군청,2025-11-17
철마면안평리-21,1,,부산광역시 기장군 철마면 안평리 230-16,35.2357625328,129.1778185416,,한전주,051-709-4684,부산광역시 기장군청,2025-11-17
철마면안평리-22,1,,부산광역시 기장군 철마면 안평리 720-22,35.2365795064,129.1756151749,,한전주,051-709-4684,부산광역시 기장군청,2025-11-17
철마면안평리-23,1,,부산광역시 기장군 철마면 안평리 222-4,35.23596191,129.1761834046,,한전주,051-709-4684,부산광역시 기장군청,2025-11-17
철마면안평리-24,1,,부산광역시 기장군 철마면 안평리 518-2,35.23632813,129.1757017154,,한전주,051-709-4684,부산광역시 기장군청,2025-11-17
철마면안평리-25,1,,부산광역시 기장군 철마면 안평리 537-8,35.23635101,129.1755371,,한전주,051-709-4684,부산광역시 기장군청,2025-11-17
철마면안평리-26,1,,부산광역시 기장군 철마면 안평리 720-22,35.2365795064,129.1756151749,,한전주,051-709-4684,부산광역시 기장군청,2025-11-17
철마면안평리-27,1,,부산광역시 기장군 철마면 안평리 516-1,35.23679733,129.1755524,,한전주,051-709-4684,부산광역시 기장군청,2025-11-17
철마면안평리-28,1,,부산광역시 기장군 철마면 안평리 507-2,35.2372616458,129.1758606312,,건축물,051-709-4684,부산광역시 기장군청,2025-11-17
철마면안평리-29,1,,부산광역시 기장군 철마면 안평리 505-3,35.2375919819,129.175345725,,한전주,051-709-4684,부산광역시 기장군청,2025-11-17
철마면안평리-30,1,,부산광역시 기장군 철마면 안평리 512-3,35.23767471,129.1749182423,,한전주,051-709-4684,부산광역시 기장군청,2025-11-17
철마면안평리-31,1,,부산광역시 기장군 철마면 안평리 504-10,35.2380230887,129.1756744,,한전주,051-709-4684,부산광역시 기장군청,2025-11-17
철마면안평리-32,1,,부산광역시 기장군 철마면 안평리 296-18,35.2383728,129.175766,,한전주,051-709-4684,부산광역시 기장군청,2025-11-17
철마면안평리-33,1,,부산광역시 기장군 철마면 안평리 225-86,35.23847985,129.1765183397,,한전주,051-709-4684,부산광역시 기장군청,2025-11-17
철마면안평리-34,1,,부산광역시 기장군 철마면 안평리 225-4,35.2381268594,129.1767701238,,한전주,051-709-4684,부산광역시 기장군청,2025-11-17
철마면안평리-35,1,,부산광역시 기장군 철마면 안평리 295-5,35.23832703,129.1773868586,,한전주,051-709-4684,부산광역시 기장군청,2025-11-17
철마면안평리-37,1,,부산광역시 기장군 철마면 안평리 295-13,35.2381457313,129.1778717,,한전주,051-709-4684,부산광역시 기장군청,2025-11-17
철마면안평리-38,1,,부산광역시 기장군 철마면 안평리 295-4,35.2380247149,129.1782746669,,한전주,051-709-4684,부산광역시 기장군청,2025-11-17
철마면안평리-39,1,,부산광역시 기장군 철마면 안평리 259-2,35.2375880242,129.1785889,,한전주,051-709-4684,부산광역시 기장군청,2025-11-17
철마면안평리-40,1,,부산광역시 기장군 철마면 안평리 226-4,35.2376099472,129.178360,,한전주,051-709-4684,부산광역시 기장군청,2025-11-17
철마면안평리-41,1,,부산광역시 기장군 철마면 안평리 253-2,35.2373848,129.1788788,,한전주,051-709-4684,부산광역시 기장군청,2025-11-17
철마면안평리-42,1,,부산광역시 기장군 철마면 안평리 255,35.23707962,129.179431663,,한전주,051-709-4684,부산광역시 기장군청,2025-11-17
철마면안평리-43,1,,부산광역시 기장군 철마면 안평리 248,35.2374498197,129.1804500351,,한전주,051-709-4684,부산광역시 기장군청,2025-11-17
철마면안평리-44,1,,부산광역시 기장군 철마면 안평리 248,35.23748016,129.1804500351,,한전주,051-709-4684,부산광역시 기장군청,2025-11-17
철마면안평리-45,1,,부산광역시 기장군 철마면 안평리 226-4,35.2376099472,129.1783885645,,전용주,051-709-4684,부산광역시 기장군청,2025-11-17
철마면안평리-46,1,,부산광역시 기장군 철마면 안평리 226-7,35.2374797871,129.1779551892,,건축물,051-709-4684,부산광역시 기장군청,2025-11-17
철마면안평리-47,1,,부산광역시 기장군 철마면 안평리 720-22,35.2365795064,129.1756151749,,한전주,051-709-4684,부산광역시 기장군청,2025-11-17
철마면안평리-48,1,,부산광역시 기장군 철마면 안평리 225-7,35.2378109866,129.1775566042,,한전주,051-709-4684,부산광역시 기장군청,2025-11-17
철마면안평리-49,1,,부산광역시 기장군 철마면 안평리 720-22,35.2365795064,129.1756151749,,한전주,051-709-4684,부산광역시 기장군청,2025-11-17
철마면안평리-50,1,,부산광역시 기장군 철마면 안평리 223-19,35.23634338,129.1769867,,한전주,051-709-4684,부산광역시 기장군청,2025-11-17
철마면안평리-51,1,,부산광역시 기장군 철마면 안평리 720-22,35.2365795064,129.1756151749,,한전주,051-709-4684,부산광역시 기장군청,2025-11-17
철마면안평리-52,1,,부산광역시 기장군 철마면 안평리 226-17,35.2377006459,129.1776733,,한전주,051-709-4684,부산광역시 기장군청,2025-11-17
철마면안평리-53,1,,부산광역시 기장군 철마면 안평리 226-6,35.2375647987,129.1778259,,한전주,051-709-4684,부산광역시 기장군청,2025-11-17
철마면안평리-54,1,,부산광역시 기장군 철마면 안평리 225-43,35.23732758,129.1770935,,한전주,051-709-4684,부산광역시 기장군청,2025-11-17
철마면안평리-55,1,,부산광역시 기장군 철마면 안평리 225-68,35.23722458,129.1764750765,,한전주,051-709-4684,부산광역시 기장군청,2025-11-17
철마면안평리-56,1,,부산광역시 기장군 철마면 안평리 225-63,35.2373691383,129.175922984,,한전주,051-709-4684,부산광역시 기장군청,2025-11-17
철마면안평리-57,1,,부산광역시 기장군 철마면 안평리 34-2,35.2488624845,129.1884046884,,한전주,051-709-4684,부산광역시 기장군청,2025-11-17
철마면안평리-58,1,,부산광역시 기장군 철마면 안평리 산 2-1,35.2496431464,129.1881397345,,한전주,051-709-4684,부산광역시 기장군청,2025-11-17
철마면안평리-59,1,,부산광역시 기장군 철마면 안평리 산 2-8,35.2497593465,129.1886757414,,한전주,051-709-4684,부산광역시 기장군청,2025-11-17
철마면안평리-60,1,,부산광역시 기장군 철마면 안평리 산 2-1,35.2496431464,129.1881397345,,한전주,051-709-4684,부산광역시 기장군청,2025-11-17
철마면안평리-61,1,,부산광역시 기장군 철마면 안평리 산 9-1,35.2494891381,129.1882477,,한전주,051-709-4684,부산광역시 기장군청,2025-11-17
철마면안평리-62,1,,부산광역시 기장군 철마면 안평리 27-3,35.2488668478,129.1869044328,,한전주,051-709-4684,부산광역시 기장군청,2025-11-17
철마면안평리-63,1,,부산광역시 기장군 철마면 안평리 697,35.2493128673,129.1863853652,,한전주,051-709-4684,부산광역시 기장군청,2025-11-17
철마면안평리-64,1,,부산광역시 기장군 철마면 안평리 697,35.2493128673,129.1863853652,,한전주,051-709-4684,부산광역시 기장군청,2025-11-17
철마면안평리-65,1,,부산광역시 기장군 철마면 안평리 497-2,35.23929251,129.1761978135,,한전주,051-709-4684,부산광역시 기장군청,2025-11-17
철마면안평리-66,1,,부산광역시 기장군 철마면 안평리 503-4,35.2379116719,129.1752777,,한전주,051-709-4684,부산광역시 기장군청,2025-11-17
철마면안평리-67,1,,부산광역시 기장군 철마면 안평리 227-2,35.2369973483,129.178459276,2018,한전주,051-709-4684,부산광역시 기장군청,2025-11-17
철마면연구리-1,1,,부산광역시 기장군 철마면 연구리 231-1,35.27067947,129.1618805,,한전주,051-709-4684,부산광역시 기장군청,2025-11-17
철마면연구리-2,1,,부산광역시 기장군 철마면 연구리 671,35.27084732,129.1621246,,한전주,051-709-4684,부산광역시 기장군청,2025-11-17
철마면연구리-3,1,,부산광역시 기장군 철마면 연구리 232-2,35.2709506652,129.1604333749,,한전주,051-709-4684,부산광역시 기장군청,2025-11-17
철마면연구리-4,1,,부산광역시 기장군 철마면 연구리 544-1,35.2707145303,129.1601889212,,한전주,051-709-4684,부산광역시 기장군청,2025-11-17
철마면연구리-5,1,,부산광역시 기장군 철마면 연구리 604-3,35.2722648786,129.1599455014,,한전주,051-709-4684,부산광역시 기장군청,2025-11-17
철마면연구리-6,1,,부산광역시 기장군 철마면 연구리 693,35.2743707778,129.1620867383,,한전주,051-709-4684,부산광역시 기장군청,2025-11-17
철마면연구리-7,1,,부산광역시 기장군 철마면 연구리 677-1,35.2790320025,129.1650725644,,한전주,051-709-4684,부산광역시 기장군청,2025-11-17
철마면연구리-8,1,,부산광역시 기장군 철마면 연구리 677-18,35.2742912728,129.1629639,,한전주,051-709-4684,부산광역시 기장군청,2025-11-17
철마면연구리-9,1,,부산광역시 기장군 철마면 연구리 290,35.27486038,129.1630509565,,한전주,051-709-4684,부산광역시 기장군청,2025-11-17
철마면연구리-10,1,,부산광역시 기장군 철마면 연구리 688,35.2785081118,129.1606528084,,한전주,051-709-4684,부산광역시 기장군청,2025-11-17
철마면연구리-11,1,,부산광역시 기장군 철마면 연구리 688,35.2785081118,129.1606528084,,한전주,051-709-4684,부산광역시 기장군청,2025-11-17
철마면연구리-12,1,,부산광역시 기장군 철마면 연구리 329-8,35.2772072051,129.1629181,,한전주,051-709-4684,부산광역시 기장군청,2025-11-17
철마면연구리-13,1,,부산광역시 기장군 철마면 연구리 690,35.2777424374,129.1617739675,,한전주,051-709-4684,부산광역시 기장군청,2025-11-17
철마면연구리-14,1,,부산광역시 기장군 철마면 연구리 359-1,35.27786636,129.1616569053,,한전주,051-709-4684,부산광역시 기장군청,2025-11-17
철마면연구리-15,1,,부산광역시 기장군 철마면 연구리 362-1,35.2781808768,129.1613700959,,한전주,051-709-4684,부산광역시 기장군청,2025-11-17
철마면연구리-16,1,,부산광역시 기장군 철마면 연구리 689,35.2783977813,129.1609514272,,한전주,051-709-4684,부산광역시 기장군청,2025-11-17
철마면연구리-17,1,,부산광역시 기장군 철마면 연구리 365-1,35.27902985,129.1609154722,,한전주,051-709-4684,부산광역시 기장군청,2025-11-17
철마면연구리-18,1,,부산광역시 기장군 철마면 연구리 381-1,35.2795663725,129.1602823185,,한전주,051-709-4684,부산광역시 기장군청,2025-11-17
철마면연구리-19,1,,부산광역시 기장군 철마면 연구리 374-1,35.2788671829,129.160189984,,한전주,051-709-4684,부산광역시 기장군청,2025-11-17
철마면연구리-20,1,,부산광역시 기장군 철마면 연구리 산 67,35.27844238,129.1593602733,,한전주,051-709-4684,부산광역시 기장군청,2025-11-17
철마면연구리-21,1,,부산광역시 기장군 철마면 연구리 383-1,35.2793193526,129.160561447,,한전주,051-709-4684,부산광역시 기장군청,2025-11-17
철마면연구리-22,1,,부산광역시 기장군 철마면 연구리 365-1,35.279052492,129.1609154722,,한전주,051-709-4684,부산광역시 기장군청,2025-11-17
철마면연구리-23,1,,부산광역시 기장군 철마면 연구리 440,35.2798233,129.1591296737,,한전주,051-709-4684,부산광역시 기장군청,2025-11-17
철마면연구리-24,1,,부산광역시 기장군 철마면 연구리 677-1,35.2790320025,129.1650725644,,한전주,051-709-4684,부산광역시 기장군청,2025-11-17
철마면연구리-25,1,,부산광역시 기장군 철마면 연구리 674,35.2774298743,129.1686909285,,한전주,051-709-4684,부산광역시 기장군청,2025-11-17
철마면연구리-26,1,,부산광역시 기장군 철마면 연구리 150-1,35.2761881936,129.1658478,,한전주,051-709-4684,부산광역시 기장군청,2025-11-17
철마면연구리-27,1,,부산광역시 기장군 철마면 연구리 155,35.27560425,129.1661542883,,한전주,051-709-4684,부산광역시 기장군청,2025-11-17
철마면연구리-28,1,,부산광역시 기장군 철마면 연구리 177-10,35.2756817973,129.1666170504,,한전주,051-709-4684,부산광역시 기장군청,2025-11-17
철마면연구리-29,1,,부산광역시 기장군 철마면 연구리 175-1,35.2752344026,129.1668576488,,한전주,051-709-4684,부산광역시 기장군청,2025-11-17
철마면연구리-30,1,,부산광역시 기장군 철마면 연구리 180-2,35.2754079798,129.1674042,,한전주,051-709-4684,부산광역시 기장군청,2025-11-17
철마면연구리-31,1,,부산광역시 기장군 철마면 연구리 674,35.2774298743,129.1686909285,,한전주,051-709-4684,부산광역시 기장군청,2025-11-17
철마면연구리-32,1,,부산광역시 기장군 철마면 연구리 194-2,35.27490234,129.1679735973,,한전주,051-709-4684,부산광역시 기장군청,2025-11-17
철마면연구리-33,1,,부산광역시 기장군 철마면 연구리 194-3,35.27461624,129.167995963,,한전주,051-709-4684,부산광역시 기장군청,2025-11-17
철마면연구리-34,1,,부산광역시 기장군 철마면 연구리 183-4,35.2751471382,129.1672730983,,한전주,051-709-4684,부산광역시 기장군청,2025-11-17
철마면연구리-35,1,,부산광역시 기장군 철마면 연구리 170,35.2748220247,129.1663517421,,한전주,051-709-4684,부산광역시 기장군청,2025-11-17
철마면연구리-36,1,,부산광역시 기장군 철마면 연구리 199-53,35.27453995,129.1655343303,,한전주,051-709-4684,부산광역시 기장군청,2025-11-17
철마면연구리-37,1,,부산광역시 기장군 철마면 연구리 305-12,35.2751504747,129.165741,,한전주,051-709-4684,부산광역시 기장군청,2025-11-17
철마면연구리-38,1,,부산광역시 기장군 철마면 연구리 159-3,35.27538681,129.1659791826,,한전주,051-709-4684,부산광역시 기장군청,2025-11-17
철마면연구리-39,1,,부산광역시 기장군 철마면 연구리 591-1,35.27218628,129.1576929504,,한전주,051-709-4684,부산광역시 기장군청,2025-11-17
철마면연구리-40,1,,부산광역시 기장군 철마면 연구리 591-4,35.27229309,129.1574045701,,한전주,051-709-4684,부산광역시 기장군청,2025-11-17
철마면연구리-41,1,,부산광역시 기장군 철마면 연구리 701,35.2736126566,129.1578119638,,한전주,051-709-4684,부산광역시 기장군청,2025-11-17
철마면연구리-42,1,,부산광역시 기장군 철마면 연구리 산 53-1,35.273523472,129.1584812605,,한전주,051-709-4684,부산광역시 기장군청,2025-11-17
철마면연구리-43,1,,부산광역시 기장군 철마면 연구리 587-6,35.2730974896,129.1571045,,한전주,051-709-4684,부산광역시 기장군청,2025-11-17
철마면연구리-44,1,,부산광역시 기장군 철마면 연구리 705,35.2734567423,129.1567102421,,한전주,051-709-4684,부산광역시 기장군청,2025-11-17
철마면연구리-45,1,,부산광역시 기장군 철마면 연구리 566,35.2726152894,129.1556788301,,한전주,051-709-4684,부산광역시 기장군청,2025-11-17
철마면연구리-46,1,,부산광역시 기장군 철마면 연구리 584,35.2737610803,129.1567195881,,한전주,051-709-4684,부산광역시 기장군청,2025-11-17
철마면연구리-47,1,,부산광역시 기장군 철마면 연구리 703-1,35.2750034663,129.156192958,,한전주,051-709-4684,부산광역시 기장군청,2025-11-17
철마면연구리-48,1,,부산광역시 기장군 철마면 연구리 471,35.2740678295,129.1557237054,,한전주,051-709-4684,부산광역시 기장군청,2025-11-17
철마면연구리-49,1,,부산광역시 기장군 철마면 연구리 472,35.2741061256,129.1551098537,,한전주,051-709-4684,부산광역시 기장군청,2025-11-17
철마면연구리-50,1,,부산광역시 기장군 철마면 연구리 501,35.2751363944,129.1558684413,,한전주,051-709-4684,부산광역시 기장군청,2025-11-17
철마면와여리-1,1,,부산광역시 기장군 철마면 와여리 539-1,35.27590179,129.1498718,,한전주,051-709-4684,부산광역시 기장군청,2025-11-17
철마면와여리-2,1,,부산광역시 기장군 철마면 와여리 317-5,35.2758759683,129.1478745737,,한전주,051-709-4684,부산광역시 기장군청,2025-11-17
철마면와여리-3,1,,부산광역시 기장군 철마면 와여리 569-3,35.277327512,129.1469228846,,한전주,051-709-4684,부산광역시 기장군청,2025-11-17
철마면와여리-4,1,,부산광역시 기장군 철마면 와여리 569,35.2793235702,129.1484922476,,한전주,051-709-4684,부산광역시 기장군청,2025-11-17
철마면와여리-5,1,,부산광역시 기장군 철마면 와여리 569,35.2793235702,129.1484922476,,한전주,051-709-4684,부산광역시 기장군청,2025-11-17
철마면와여리-6,1,,부산광역시 기장군 철마면 와여리 569,35.2793235702,129.1484922476,,한전주,051-709-4684,부산광역시 기장군청,2025-11-17
철마면와여리-7,1,,부산광역시 기장군 철마면 와여리 569,35.2793235702,129.1484922476,,한전주,051-709-4684,부산광역시 기장군청,2025-11-17
철마면와여리-8,1,,부산광역시 기장군 철마면 와여리 225,35.2788353,129.1486511,,전용주,051-709-4684,부산광역시 기장군청,2025-11-17
철마면와여리-9,1,,부산광역시 기장군 철마면 와여리 321-11,35.2782679243,129.149157249,,한전주,051-709-4684,부산광역시 기장군청,2025-11-17
철마면와여리-10,1,,부산광역시 기장군 철마면 와여리 567-3,35.2784944778,129.1497340619,,전용주,051-709-4684,부산광역시 기장군청,2025-11-17
철마면와여리-11,1,,부산광역시 기장군 철마면 와여리 534,35.276743352,129.1499139475,,한전주,051-709-4684,부산광역시 기장군청,2025-11-17
철마면와여리-12,1,,부산광역시 기장군 철마면 와여리 522-2,35.27734756,129.1498731649,,전용주,051-709-4684,부산광역시 기장군청,2025-11-17
철마면와여리-13표찰없음25.10.23,1,,부산광역시 기장군 철마면 와여리 516,35.2774506175,129.15040726,,한전주,051-709-4684,부산광역시 기장군청,2025-11-17
철마면와여리-14,1,,부산광역시 기장군 철마면 와여리 507,35.2771176226,129.1505319356,,한전주,051-709-4684,부산광역시 기장군청,2025-11-17
철마면와여리-15,1,,부산광역시 기장군 철마면 와여리 513,35.2775339154,129.150694187,,한전주,051-709-4684,부산광역시 기장군청,2025-11-17
철마면와여리-16,1,,부산광역시 기장군 철마면 와여리 511,35.2776038095,129.1510047188,,한전주,051-709-4684,부산광역시 기장군청,2025-11-17
철마면와여리-17,1,,부산광역시 기장군 철마면 와여리 400,35.2778953379,129.1507501769,,한전주,051-709-4684,부산광역시 기장군청,2025-11-17
철마면와여리-18,1,,부산광역시 기장군 철마면 와여리 567-3,35.2784944778,129.1497340619,,한전주,051-709-4684,부산광역시 기장군청,2025-11-17
철마면와여리-19,1,,부산광역시 기장군 철마면 와여리 392,35.2781848295,129.1501617271,,건축물,051-709-4684,부산광역시 기장군청,2025-11-17
철마면와여리-20,1,,부산광역시 기장군 철마면 와여리 387-1,35.2786062038,129.1499321021,,건축물,051-709-4684,부산광역시 기장군청,2025-11-17
철마면와여리-21,1,,부산광역시 기장군 철마면 와여리 387-1,35.2786062038,129.1499321021,,한전주,051-709-4684,부산광역시 기장군청,2025-11-17
철마면와여리-22,1,,부산광역시 기장군 철마면 와여리 335,35.2790035566,129.1493567761,,한전주,051-709-4684,부산광역시 기장군청,2025-11-17
철마면와여리-23,1,,부산광역시 기장군 철마면 와여리 386,35.2788572175,129.1499141235,,전용주,051-709-4684,부산광역시 기장군청,2025-11-17
철마면와여리-24,1,,부산광역시 기장군 철마면 와여리 567-3,35.2784944778,129.1497340619,,전용주,051-709-4684,부산광역시 기장군청,2025-11-17
철마면와여리-25,1,,부산광역시 기장군 철마면 와여리 567-3,35.2784944778,129.1497340619,,전용주,051-709-4684,부산광역시 기장군청,2025-11-17
철마면와여리-26,1,,부산광역시 기장군 철마면 와여리 378,35.27931595,129.149704,,건축물,051-709-4684,부산광역시 기장군청,2025-11-17
철마면와여리-27,1,,부산광역시 기장군 철마면 와여리 569,35.2793235702,129.1484922476,,전용주,051-709-4684,부산광역시 기장군청,2025-11-17
철마면와여리-28,1,,부산광역시 기장군 철마면 와여리 361,35.2805824013,129.1503345168,,전용주,051-709-4684,부산광역시 기장군청,2025-11-17
철마면와여리-29,1,,부산광역시 기장군 철마면 와여리 361,35.2805824013,129.1503345168,,건축물,051-709-4684,부산광역시 기장군청,2025-11-17
철마면와여리-30,1,,부산광역시 기장군 철마면 와여리 359,35.2808742518,129.1502991,,전용주,051-709-4684,부산광역시 기장군청,2025-11-17
철마면와여리-31,1,,부산광역시 기장군 철마면 와여리 569,35.2793235702,129.1484922476,,전용주,051-709-4684,부산광역시 기장군청,2025-11-17
철마면와여리-32,1,,부산광역시 기장군 철마면 와여리 338,35.2793589652,129.149292,,한전주,051-709-4684,부산광역시 기장군청,2025-11-17
철마면와여리-33,1,,부산광역시 기장군 철마면 와여리 568,35.278825942,129.1491625335,,전용주,051-709-4684,부산광역시 기장군청,2025-11-17
철마면와여리-34,1,,부산광역시 기장군 철마면 와여리 219-1,35.27999878,129.1489563,,건축물,051-709-4684,부산광역시 기장군청,2025-11-17
철마면와여리-35,1,,부산광역시 기장군 철마면 와여리 215,35.2805415683,129.1488784807,,전용주,051-709-4684,부산광역시 기장군청,2025-11-17
철마면와여리-36,1,,부산광역시 기장군 철마면 와여리 224,35.2791051656,129.1490936,,한전주,051-709-4684,부산광역시 기장군청,2025-11-17
철마면와여리-37,1,,부산광역시 기장군 철마면 와여리 321-14,35.27769859,129.1495211,,한전주,051-709-4684,부산광역시 기장군청,2025-11-17
철마면와여리-38,1,,부산광역시 기장군 철마면 와여리 317-11,35.27757276,129.1489958,,전용주,051-709-4684,부산광역시 기장군청,2025-11-17
철마면와여리-39,1,,부산광역시 기장군 철마면 와여리 481-2,35.2752173779,129.1512365266,,한전주,051-709-4684,부산광역시 기장군청,2025-11-17
철마면웅천리-1,1,,부산광역시 기장군 철마면 웅천리 산 78,35.2957844334,129.1703306085,,건축물,051-709-4684,부산광역시 기장군청,2025-11-17
철마면웅천리-2,1,,부산광역시 기장군 철마면 웅천리 산 105-6,35.2991452826,129.1678474438,,한전주,051-709-4684,부산광역시 기장군청,2025-11-17
철마면웅천리-3,1,,부산광역시 기장군 철마면 웅천리 산 109-2,35.2978234205,129.1667025625,,한전주,051-709-4684,부산광역시 기장군청,2025-11-17
철마면웅천리-4,1,,부산광역시 기장군 철마면 웅천리 산 109,35.2992156745,129.1672827329,,한전주,051-709-4684,부산광역시 기장군청,2025-11-17
철마면웅천리-5,1,,부산광역시 기장군 철마면 웅천리 산 122,35.3000460605,129.1662395015,,전용주,051-709-4684,부산광역시 기장군청,2025-11-17
철마면웅천리-6,1,,부산광역시 기장군 철마면 웅천리 산 286-4,35.30815506,129.1520844,,한전주,051-709-4684,부산광역시 기장군청,2025-11-17
철마면웅천리-7,1,,부산광역시 기장군 철마면 웅천리 산 286-15,35.3072239468,129.1518353333,,한전주,051-709-4684,부산광역시 기장군청,2025-11-17
철마면웅천리-8,1,,부산광역시 기장군 철마면 웅천리 산 286-12,35.3065470525,129.1529757971,,한전주,051-709-4684,부산광역시 기장군청,2025-11-17
철마면웅천리-9,1,,부산광역시 기장군 철마면 웅천리 산 286-3,35.30585861,129.1532288,,한전주,051-709-4684,부산광역시 기장군청,2025-11-17
철마면웅천리-10,1,,부산광역시 기장군 철마면 웅천리 산 286-3,35.30566198,129.1542512,,한전주,051-709-4684,부산광역시 기장군청,2025-11-17
철마면웅천리-11,1,,부산광역시 기장군 철마면 웅천리 산 152,35.3061321958,129.1562046027,,한전주,051-709-4684,부산광역시 기장군청,2025-11-17
철마면웅천리-12,1,,부산광역시 기장군 철마면 웅천리 876-19,35.307249431,129.1554929101,,한전주,051-709-4684,부산광역시 기장군청,2025-11-17
철마면웅천리-13,1,,부산광역시 기장군 철마면 웅천리 876-1,35.3080048662,129.1560526318,,한전주,051-709-4684,부산광역시 기장군청,2025-11-17
철마면웅천리-14,1,,부산광역시 기장군 철마면 웅천리 876-15,35.3078895417,129.156230862,,한전주,051-709-4684,부산광역시 기장군청,2025-11-17
철마면웅천리-15,1,,부산광역시 기장군 철마면 웅천리 산 152-9,35.30789948,129.157608,,한전주,051-709-4684,부산광역시 기장군청,2025-11-17
철마면웅천리-16,1,,부산광역시 기장군 철마면 웅천리 산 152-12,35.30786133,129.1580802715,,한전주,051-709-4684,부산광역시 기장군청,2025-11-17
철마면웅천리-17,1,,부산광역시 기장군 철마면 웅천리 872-2,35.30784988,129.1589344172,,한전주,051-709-4684,부산광역시 기장군청,2025-11-17
철마면웅천리-18,1,,부산광역시 기장군 철마면 웅천리 산 152-17,35.3077170983,129.1594268638,,한전주,051-709-4684,부산광역시 기장군청,2025-11-17
철마면웅천리-19,1,,부산광역시 기장군 철마면 웅천리 산 289-1,35.3073409,129.1599527094,,전용주,051-709-4684,부산광역시 기장군청,2025-11-17
철마면웅천리-20,1,,부산광역시 기장군 철마면 웅천리 924,35.3088309436,129.1599579,,한전주,051-709-4684,부산광역시 기장군청,2025-11-17
철마면웅천리-21,1,,부산광역시 기장군 철마면 웅천리 924,35.3088309436,129.1599394217,,한전주,051-709-4684,부산광역시 기장군청,2025-11-17
철마면웅천리-22,1,,부산광역시 기장군 철마면 웅천리 924,35.30884492,129.1599476,,한전주,051-709-4684,부산광역시 기장군청,2025-11-17
철마면웅천리-23,1,,부산광역시 기장군 철마면 웅천리 산 141-1,35.3070892066,129.1604280115,,한전주,051-709-4684,부산광역시 기장군청,2025-11-17
철마면웅천리-24,1,,부산광역시 기장군 철마면 웅천리 산 139-1,35.3054077212,129.1606451961,,한전주,051-709-4684,부산광역시 기장군청,2025-11-17
철마면웅천리-25,1,,부산광역시 기장군 철마면 웅천리 산 139-1,35.3054077212,129.1606451961,,한전주,051-709-4684,부산광역시 기장군청,2025-11-17
철마면웅천리-26,1,,부산광역시 기장군 철마면 웅천리 산 139-1,35.3054077212,129.1606451961,,한전주,051-709-4684,부산광역시 기장군청,2025-11-17
철마면웅천리-27,1,,부산광역시 기장군 철마면 웅천리 산 139-1,35.3054077212,129.1606445,,한전주,051-709-4684,부산광역시 기장군청,2025-11-17
철마면웅천리-28,1,,부산광역시 기장군 철마면 웅천리 산 139-1,35.3054077212,129.1606451961,,한전주,051-709-4684,부산광역시 기장군청,2025-11-17
철마면웅천리-29,1,,부산광역시 기장군 철마면 웅천리 산 139-2,35.3053943231,129.1605667199,,한전주,051-709-4684,부산광역시 기장군청,2025-11-17
철마면웅천리-30,1,,부산광역시 기장군 철마면 웅천리 산 137-2,35.3036658507,129.1607971,,한전주,051-709-4684,부산광역시 기장군청,2025-11-17
철마면웅천리-31,1,,부산광역시 기장군 철마면 웅천리 산 137-1,35.3036378602,129.1608887,,한전주,051-709-4684,부산광역시 기장군청,2025-11-17
철마면웅천리-32,1,,부산광역시 기장군 철마면 웅천리 산 135-1,35.3027796758,129.1612465321,,한전주,051-709-4684,부산광역시 기장군청,2025-11-17
철마면웅천리-33,1,,부산광역시 기장군 철마면 웅천리 산 131-1,35.3018730436,129.1613693479,,한전주,051-709-4684,부산광역시 기장군청,2025-11-17
철마면웅천리-34,1,,부산광역시 기장군 철마면 웅천리 산 131,35.3016448859,129.1612244,,한전주,051-709-4684,부산광역시 기장군청,2025-11-17
철마면웅천리-35,1,,부산광역시 기장군 철마면 웅천리 산 131-1,35.3018730436,129.1613312,,한전주,051-709-4684,부산광역시 기장군청,2025-11-17
철마면웅천리-36,1,,부산광역시 기장군 철마면 웅천리 산 131-1,35.3018730436,129.1613693479,,한전주,051-709-4684,부산광역시 기장군청,2025-11-17
철마면웅천리-37,1,,부산광역시 기장군 철마면 웅천리 산 131-1,35.3018730436,129.1613693479,,한전주,051-709-4684,부산광역시 기장군청,2025-11-17
철마면웅천리-38,1,,부산광역시 기장군 철마면 웅천리 산 131-1,35.3018730436,129.1613693479,,한전주,051-709-4684,부산광역시 기장군청,2025-11-17
철마면웅천리-39,1,,부산광역시 기장군 철마면 웅천리 산 131,35.3016448859,129.161256003,,한전주,051-709-4684,부산광역시 기장군청,2025-11-17
철마면웅천리-40,1,,부산광역시 기장군 철마면 웅천리 산 116,35.3000909273,129.1629170695,,한전주,051-709-4684,부산광역시 기장군청,2025-11-17
철마면웅천리-41,1,,부산광역시 기장군 철마면 웅천리 산 116-2,35.3006041384,129.1635071265,,한전주,051-709-4684,부산광역시 기장군청,2025-11-17
철마면웅천리-42,1,,부산광역시 기장군 철마면 웅천리 산 116,35.3000909273,129.1629170695,,한전주,051-709-4684,부산광역시 기장군청,2025-11-17
철마면웅천리-43,1,,부산광역시 기장군 철마면 웅천리 산 114,35.2988245606,129.1640009394,,한전주,051-709-4684,부산광역시 기장군청,2025-11-17
철마면웅천리-44,1,,부산광역시 기장군 철마면 웅천리 산 114-1,35.2994299617,129.1642791262,,한전주,051-709-4684,부산광역시 기장군청,2025-11-17
철마면웅천리-45,1,,부산광역시 기장군 철마면 웅천리 산 113-1,35.2990078478,129.1653926,,한전주,051-709-4684,부산광역시 기장군청,2025-11-17
철마면웅천리-46,1,,부산광역시 기장군 철마면 웅천리 산 121-2,35.2992883795,129.1662124947,,한전주,051-709-4684,부산광역시 기장군청,2025-11-17
철마면웅천리-47,1,,부산광역시 기장군 철마면 웅천리 242-2,35.2962987718,129.1679020192,,건축물,051-709-4684,부산광역시 기장군청,2025-11-17
철마면웅천리-48,1,,부산광역시 기장군 철마면 웅천리 242-2,35.2962987718,129.167923,,건축물,051-709-4684,부산광역시 기장군청,2025-11-17
철마면웅천리-49,1,,부산광역시 기장군 철마면 웅천리 산 109-2,35.2978234205,129.1667025625,,건축물,051-709-4684,부산광역시 기장군청,2025-11-17
철마면웅천리-50,1,,부산광역시 기장군 철마면 웅천리 산 109-2,35.2978234205,129.1667025625,,한전주,051-709-4684,부산광역시 기장군청,2025-11-17
철마면웅천리-51,1,,부산광역시 기장군 철마면 웅천리 900-3,35.2915840054,129.1676192981,,한전주,051-709-4684,부산광역시 기장군청,2025-11-17
철마면웅천리-52,1,,부산광역시 기장군 철마면 웅천리 355-7,35.29148865,129.1676827095,,건축물,051-709-4684,부산광역시 기장군청,2025-11-17
철마면웅천리-53,1,,부산광역시 기장군 철마면 웅천리 368,35.291929541,129.1671753,,한전주,051-709-4684,부산광역시 기장군청,2025-11-17
철마면웅천리-54,1,,부산광역시 기장군 철마면 웅천리 902-11,35.2916630381,129.1666817691,,한전주,051-709-4684,부산광역시 기장군청,2025-11-17
철마면웅천리-55,1,,부산광역시 기장군 철마면 웅천리 371,35.2920244101,129.1665572888,,한전주,051-709-4684,부산광역시 기장군청,2025-11-17
철마면웅천리-56,1,,부산광역시 기장군 철마면 웅천리 297,35.29227829,129.1669788731,,한전주,051-709-4684,부산광역시 기장군청,2025-11-17
철마면웅천리-57,1,,부산광역시 기장군 철마면 웅천리 363-2,35.29146194,129.16726876,,한전주,051-709-4684,부산광역시 기장군청,2025-11-17
철마면웅천리-58,1,,부산광역시 기장군 철마면 웅천리 362-2,35.29145813,129.167073921,,한전주,051-709-4684,부산광역시 기장군청,2025-11-17
철마면웅천리-59,1,,부산광역시 기장군 철마면 웅천리 360-1,35.291735102,129.166748,,한전주,051-709-4684,부산광역시 기장군청,2025-11-17
철마면웅천리-60,1,,부산광역시 기장군 철마면 웅천리 902,35.2903723102,129.1677275896,,한전주,051-709-4684,부산광역시 기장군청,2025-11-17
철마면웅천리-61,1,,부산광역시 기장군 철마면 웅천리 396-1,35.2910054365,129.1679437549,,한전주,051-709-4684,부산광역시 기장군청,2025-11-17
철마면웅천리-62,1,,부산광역시 기장군 철마면 웅천리 390-1,35.2906141666,129.1677551,,한전주,051-709-4684,부산광역시 기장군청,2025-11-17
철마면웅천리-63,1,,부산광역시 기장군 철마면 웅천리 902,35.2903723102,129.1677275896,,한전주,051-709-4684,부산광역시 기장군청,2025-11-17
철마면웅천리-64,1,,부산광역시 기장군 철마면 웅천리 902,35.2903723102,129.1677275896,,한전주,051-709-4684,부산광역시 기장군청,2025-11-17
철마면웅천리-65,1,,부산광역시 기장군 철마면 웅천리 431-1,35.2898138514,129.1670154684,,한전주,051-709-4684,부산광역시 기장군청,2025-11-17
철마면웅천리-66,1,,부산광역시 기장군 철마면 웅천리 425-1,35.2896925941,129.1673654724,,한전주,051-709-4684,부산광역시 기장군청,2025-11-17
철마면웅천리-67,1,,부산광역시 기장군 철마면 웅천리 455-4,35.2894457709,129.1669312,,한전주,051-709-4684,부산광역시 기장군청,2025-11-17
철마면웅천리-68,1,,부산광역시 기장군 철마면 웅천리 445-1,35.2894883233,129.1662082162,,한전주,051-709-4684,부산광역시 기장군청,2025-11-17
철마면웅천리-69,1,,부산광역시 기장군 철마면 웅천리 444-3,35.2897512115,129.165591674,,한전주,051-709-4684,부산광역시 기장군청,2025-11-17
철마면웅천리-70,1,,부산광역시 기장군 철마면 웅천리 902-8,35.2902016482,129.165836872,,한전주,051-709-4684,부산광역시 기장군청,2025-11-17
철마면웅천리-71,1,,부산광역시 기장군 철마면 웅천리 449-2,35.28905869,129.1659546,,건축물,051-709-4684,부산광역시 기장군청,2025-11-17
철마면웅천리-72,1,,부산광역시 기장군 철마면 웅천리 424-1,35.2895896474,129.1674329568,,한전주,051-709-4684,부산광역시 기장군청,2025-11-17
철마면웅천리-73,1,,부산광역시 기장군 철마면 웅천리 422,35.2897013616,129.1677660927,,한전주,051-709-4684,부산광역시 기장군청,2025-11-17
철마면웅천리-74,1,,부산광역시 기장군 철마면 웅천리 467-2,35.28892136,129.1691895,,한전주,051-709-4684,부산광역시 기장군청,2025-11-17
철마면웅천리-75,1,,부산광역시 기장군 철마면 웅천리 470-5,35.2890344,129.1700730285,,한전주,051-709-4684,부산광역시 기장군청,2025-11-17
철마면웅천리-76,1,,부산광역시 기장군 철마면 웅천리 470-2,35.2888371585,129.1698456,,한전주,051-709-4684,부산광역시 기장군청,2025-11-17
철마면웅천리-77,1,,부산광역시 기장군 철마면 웅천리 520-10,35.2876358673,129.1695419713,,한전주,051-709-4684,부산광역시 기장군청,2025-11-17
철마면웅천리-78,1,,부산광역시 기장군 철마면 웅천리 476-3,35.2884117078,129.1704021586,,한전주,051-709-4684,부산광역시 기장군청,2025-11-17
철마면웅천리-79,1,,부산광역시 기장군 철마면 웅천리 480,35.28743362,129.1709305035,,한전주,051-709-4684,부산광역시 기장군청,2025-11-17
철마면웅천리-80,1,,부산광역시 기장군 철마면 웅천리 520-11,35.2878221108,129.1705713659,,건축물,051-709-4684,부산광역시 기장군청,2025-11-17
철마면웅천리-81,1,,부산광역시 기장군 철마면 웅천리 487-1,35.2872794723,129.1703644,,건축물,051-709-4684,부산광역시 기장군청,2025-11-17
철마면웅천리-82,1,,부산광역시 기장군 철마면 웅천리 491-2,35.28695297,129.1702182427,,건축물,051-709-4684,부산광역시 기장군청,2025-11-17
철마면웅천리-84,1,,부산광역시 기장군 철마면 웅천리 502,35.28679657,129.1703491,,한전주,051-709-4684,부산광역시 기장군청,2025-11-17
철마면웅천리-85,1,,부산광역시 기장군 철마면 웅천리 507-6,35.28649139,129.1698740233,,전용주,051-709-4684,부산광역시 기장군청,2025-11-17
철마면웅천리-86,1,,부산광역시 기장군 철마면 웅천리 497,35.28682327,129.1706696,,한전주,051-709-4684,부산광역시 기장군청,2025-11-17
철마면웅천리-87,1,,부산광역시 기장군 철마면 웅천리 499-1,35.28668594,129.1709137,,한전주,051-709-4684,부산광역시 기장군청,2025-11-17
철마면웅천리-88,1,,부산광역시 기장군 철마면 웅천리 890-9,35.2864234894,129.1717408959,,한전주,051-709-4684,부산광역시 기장군청,2025-11-17
철마면웅천리-89,1,,부산광역시 기장군 철마면 웅천리 879-1,35.2868436079,129.1679802885,,한전주,051-709-4684,부산광역시 기장군청,2025-11-17
철마면웅천리-90,1,,부산광역시 기장군 철마면 웅천리 577,35.2862995624,129.1678314,,한전주,051-709-4684,부산광역시 기장군청,2025-11-17
철마면웅천리-91,1,,부산광역시 기장군 철마면 웅천리 705-1,35.2850853463,129.1651511358,,한전주,051-709-4684,부산광역시 기장군청,2025-11-17
철마면웅천리-92,1,,부산광역시 기장군 철마면 웅천리 904,35.2865358832,129.1653892126,,한전주,051-709-4684,부산광역시 기장군청,2025-11-17
철마면웅천리-93,1,,부산광역시 기장군 철마면 웅천리 719-2,35.2856310169,129.1650374042,,한전주,051-709-4684,부산광역시 기장군청,2025-11-17
철마면웅천리-94,1,,부산광역시 기장군 철마면 웅천리 719-4,35.28583527,129.1650696,,한전주,051-709-4684,부산광역시 기장군청,2025-11-17
철마면웅천리-95,1,,부산광역시 기장군 철마면 웅천리 719-3,35.2858911748,129.1649375162,,전용주,051-709-4684,부산광역시 기장군청,2025-11-17
철마면웅천리-96,1,,부산광역시 기장군 철마면 웅천리 720-6,35.2858665114,129.1650868433,,한전주,051-709-4684,부산광역시 기장군청,2025-11-17
철마면웅천리-97,1,,부산광역시 기장군 철마면 웅천리 721-2,35.28611755,129.1655472699,,건축물,051-709-4684,부산광역시 기장군청,2025-11-17
철마면웅천리-98,1,,부산광역시 기장군 철마면 웅천리 561-1,35.2865343839,129.1657080038,,한전주,051-709-4684,부산광역시 기장군청,2025-11-17
철마면웅천리-99,1,,부산광역시 기장군 철마면 웅천리 560-1,35.28725979,129.1654817168,,한전주,051-709-4684,부산광역시 기장군청,2025-11-17
철마면웅천리-100,1,,부산광역시 기장군 철마면 웅천리 716-3,35.28610611,129.1643737607,,한전주,051-709-4684,부산광역시 기장군청,2025-11-17
철마면웅천리-101,1,,부산광역시 기장군 철마면 웅천리 710-1,35.2858543288,129.1642524039,,한전주,051-709-4684,부산광역시 기장군청,2025-11-17
철마면웅천리-102,1,,부산광역시 기장군 철마면 웅천리 711-1,35.2858199523,129.1641541,,한전주,051-709-4684,부산광역시 기장군청,2025-11-17
철마면웅천리-103,1,,부산광역시 기장군 철마면 웅천리 920,35.28590775,129.1638184,,한전주,051-709-4684,부산광역시 기장군청,2025-11-17
철마면웅천리-104,1,,부산광역시 기장군 철마면 웅천리 737,35.2863433947,129.1640148264,,한전주,051-709-4684,부산광역시 기장군청,2025-11-17
철마면웅천리-105,1,,부산광역시 기장군 철마면 웅천리 913,35.2842145517,129.1677610895,,한전주,051-709-4684,부산광역시 기장군청,2025-11-17
철마면웅천리-106,1,,부산광역시 기장군 철마면 웅천리 44-1,35.2892472925,129.1725899505,,한전주,051-709-4684,부산광역시 기장군청,2025-11-17
철마면웅천리-107,1,,부산광역시 기장군 철마면 웅천리 885,35.2901969328,129.1726161326,,한전주,051-709-4684,부산광역시 기장군청,2025-11-17
철마면웅천리-108,1,,부산광역시 기장군 철마면 웅천리 342-1,35.2913933038,129.1706694874,,한전주,051-709-4684,부산광역시 기장군청,2025-11-17
철마면웅천리-109,1,,부산광역시 기장군 철마면 웅천리 821,35.28993449,129.1652562,,건축물,051-709-4684,부산광역시 기장군청,2025-11-17
철마면웅천리-110,1,,부산광역시 기장군 철마면 웅천리 872-1,35.3085003178,129.1588308365,,전용주,051-709-4684,부산광역시 기장군청,2025-11-17
철마면웅천리-111,1,,부산광역시 기장군 철마면 웅천리 872-8,35.309002773,129.1583852779,,한전주,051-709-4684,부산광역시 기장군청,2025-11-17
철마면웅천리-112,1,,부산광역시 기장군 철마면 웅천리 872-9,35.3090890302,129.1581028455,,한전주,051-709-4684,부산광역시 기장군청,2025-11-17
철마면웅천리-113,1,,부산광역시 기장군 철마면 웅천리 436-1,35.2897006097,129.1666216244,,한전주,051-709-4684,부산광역시 기장군청,2025-11-17
철마면웅천리-114,1,,부산광역시 기장군 철마면 웅천리 92-6,35.2911996681,129.1712181705,,한전주,051-709-4684,부산광역시 기장군청,2025-11-17
철마면이곡리-1,1,,부산광역시 기장군 철마면 이곡리 526,35.2755052676,129.1788433362,,한전주,051-709-4684,부산광역시 기장군청,2025-11-17
철마면이곡리-2,1,,부산광역시 기장군 철마면 이곡리 546-1,35.27523041,129.178825904,,한전주,051-709-4684,부산광역시 기장군청,2025-11-17
철마면이곡리-3,1,,부산광역시 기장군 철마면 이곡리 526,35.2755127,129.1788635,,한전주,051-709-4684,부산광역시 기장군청,2025-11-17
철마면이곡리-4,1,,부산광역시 기장군 철마면 이곡리 526,35.2755052676,129.1788433362,,한전주,051-709-4684,부산광역시 기장군청,2025-11-17
철마면이곡리-5,1,,부산광역시 기장군 철마면 이곡리 734-4,35.2756334072,129.1779013697,,한전주,051-709-4684,부산광역시 기장군청,2025-11-17
철마면이곡리-6,1,,부산광역시 기장군 철마면 이곡리 420,35.2758058171,129.1776171651,,한전주,051-709-4684,부산광역시 기장군청,2025-11-17
철마면이곡리-7,1,,부산광역시 기장군 철마면 이곡리 산 34-2,35.276288673,129.1776886,,한전주,051-709-4684,부산광역시 기장군청,2025-11-17
철마면이곡리-8,1,,부산광역시 기장군 철마면 이곡리 548-6,35.2750088815,129.1795530366,,한전주,051-709-4684,부산광역시 기장군청,2025-11-17
철마면이곡리-9,1,,부산광역시 기장군 철마면 이곡리 549-4,35.27535629,129.1793976,,한전주,051-709-4684,부산광역시 기장군청,2025-11-17
철마면이곡리-10,1,,부산광역시 기장군 철마면 이곡리 550-2,35.2752963132,129.1797280516,,한전주,051-709-4684,부산광역시 기장군청,2025-11-17
철마면이곡리-11,1,,부산광역시 기장군 철마면 이곡리 552-3,35.2754707704,129.180746786,,한전주,051-709-4684,부산광역시 기장군청,2025-11-17
철마면이곡리-12,1,,부산광역시 기장군 철마면 이곡리 553-3,35.2756210033,129.1810228026,,한전주,051-709-4684,부산광역시 기장군청,2025-11-17
철마면이곡리-13,1,,부산광역시 기장군 철마면 이곡리 496-3,35.2757645541,129.1811666046,,한전주,051-709-4684,부산광역시 기장군청,2025-11-17
철마면이곡리-14,1,,부산광역시 기장군 철마면 이곡리 475-3,35.27627182,129.1807134256,,건축물,051-709-4684,부산광역시 기장군청,2025-11-17
철마면이곡리-15,1,,부산광역시 기장군 철마면 이곡리 489,35.2761386315,129.1813602596,,한전주,051-709-4684,부산광역시 기장군청,2025-11-17
철마면이곡리-16,1,,부산광역시 기장군 철마면 이곡리 738-3,35.27578354,129.1814782386,,한전주,051-709-4684,부산광역시 기장군청,2025-11-17
철마면이곡리-17,1,,부산광역시 기장군 철마면 이곡리 557,35.2754364,129.1819047526,,한전주,051-709-4684,부산광역시 기장군청,2025-11-17
철마면이곡리-18,1,,부산광역시 기장군 철마면 이곡리 561,35.27516937,129.1818822847,,한전주,051-709-4684,부산광역시 기장군청,2025-11-17
철마면이곡리-19,1,,부산광역시 기장군 철마면 이곡리 235-1,35.27614212,129.1824984361,,한전주,051-709-4684,부산광역시 기장군청,2025-11-17
철마면이곡리-20,1,,부산광역시 기장군 철마면 이곡리 742-2,35.2737062979,129.1807773033,,한전주,051-709-4684,부산광역시 기장군청,2025-11-17
철마면이곡리-21,1,,부산광역시 기장군 철마면 이곡리 604-1,35.2737163877,129.1808590863,,한전주,051-709-4684,부산광역시 기장군청,2025-11-17
철마면이곡리-22,1,,부산광역시 기장군 철마면 이곡리 181,35.2725018879,129.1823716477,,한전주,051-709-4684,부산광역시 기장군청,2025-11-17
철마면이곡리-23,1,,부산광역시 기장군 철마면 이곡리 180-6,35.2727685523,129.1791534,,전용주,051-709-4684,부산광역시 기장군청,2025-11-17
철마면이곡리-24,1,,부산광역시 기장군 철마면 이곡리 180-5,35.2729991652,129.1789840198,,전용주,051-709-4684,부산광역시 기장군청,2025-11-17
철마면이곡리-25,1,,부산광역시 기장군 철마면 이곡리 180-5,35.2729991652,129.1789840198,,한전주,051-709-4684,부산광역시 기장군청,2025-11-17
철마면이곡리-26,1,,부산광역시 기장군 철마면 이곡리 745,35.2717245495,129.1795959,,한전주,051-709-4684,부산광역시 기장군청,2025-11-17
철마면이곡리-27,1,,부산광역시 기장군 철마면 이곡리 666-1,35.2706443413,129.1798757878,,전용주,051-709-4684,부산광역시 기장군청,2025-11-17
철마면이곡리-28,1,,부산광역시 기장군 철마면 이곡리 645,35.2712232604,129.1799471591,,전용주,051-709-4684,부산광역시 기장군청,2025-11-17
철마면이곡리-29,1,,부산광역시 기장군 철마면 이곡리 666-1,35.27069855,129.1798757878,,전용주,051-709-4684,부산광역시 기장군청,2025-11-17
철마면이곡리-30,1,,부산광역시 기장군 철마면 이곡리 126-1,35.2704305745,129.1801617012,,한전주,051-709-4684,부산광역시 기장군청,2025-11-17
철마면이곡리-31,1,,부산광역시 기장군 철마면 이곡리 747,35.2699081123,129.1813780718,,건축물,051-709-4684,부산광역시 기장군청,2025-11-17
철마면이곡리-32,1,,부산광역시 기장군 철마면 이곡리 746,35.2709864586,129.1809082,,한전주,051-709-4684,부산광역시 기장군청,2025-11-17
철마면이곡리-33,1,,부산광역시 기장군 철마면 이곡리 596-13,35.2743936475,129.1797238603,,전용주,051-709-4684,부산광역시 기장군청,2025-11-17
철마면이곡리-34,1,,부산광역시 기장군 철마면 이곡리 547-9,35.2748007746,129.1791525065,2018,한전주,051-709-4684,부산광역시 기장군청,2025-11-17
철마면이곡리-35,1,,부산광역시 기장군 철마면 이곡리 547-3,35.2749243024,129.1789718455,2018,한전주,051-709-4684,부산광역시 기장군청,2025-11-17
철마면임기리-1,1,,부산광역시 기장군 철마면 임기리 687-6,35.32047272,129.1164224082,,한전주,051-709-4684,부산광역시 기장군청,2025-11-17
철마면임기리-2,1,,부산광역시 기장군 철마면 임기리 676-4,35.32012558,129.1171875,,한전주,051-709-4684,부산광역시 기장군청,2025-11-17
철마면임기리-3,1,,부산광역시 기장군 철마면 임기리 1039-13,35.31993103,129.1177368,,한전주,051-709-4684,부산광역시 기장군청,2025-11-17
철마면임기리-4,1,,부산광역시 기장군 철마면 임기리 669-4,35.3201674306,129.1178705612,,한전주,051-709-4684,부산광역시 기장군청,2025-11-17
철마면임기리-5,1,,부산광역시 기장군 철마면 임기리 669-3,35.3203049811,129.1181793,,한전주,051-709-4684,부산광역시 기장군청,2025-11-17
철마면임기리-6,1,,부산광역시 기장군 철마면 임기리 571-2,35.3208473082,129.1184836612,,한전주,051-709-4684,부산광역시 기장군청,2025-11-17
철마면임기리-7,1,,부산광역시 기장군 철마면 임기리 587,35.3209242626,129.1200867,,한전주,051-709-4684,부산광역시 기장군청,2025-11-17
철마면임기리-8,1,,부산광역시 기장군 철마면 임기리 588-13,35.321087955,129.1202393,,한전주,051-709-4684,부산광역시 기장군청,2025-11-17
철마면임기리-9,1,,부산광역시 기장군 철마면 임기리 1039,35.3217345098,129.1204529,,한전주,051-709-4684,부산광역시 기장군청,2025-11-17
철마면임기리-10,1,,부산광역시 기장군 철마면 임기리 577,35.3221412007,129.1202918275,,한전주,051-709-4684,부산광역시 기장군청,2025-11-17
철마면임기리-11,1,,부산광역시 기장군 철마면 임기리 225-2,35.3366073321,129.1253052,,한전주,051-709-4684,부산광역시 기장군청,2025-11-17
철마면임기리-12,1,,부산광역시 기장군 철마면 임기리 산 31-2,35.3372974939,129.1293894864,,한전주,051-709-4684,부산광역시 기장군청,2025-11-17
철마면임기리-13,1,,부산광역시 기장군 철마면 임기리 산 41,35.3366881942,129.1278089444,,한전주,051-709-4684,부산광역시 기장군청,2025-11-17
철마면임기리-14,1,,부산광역시 기장군 철마면 임기리 1017,35.3396716338,129.1270531111,,한전주,051-709-4684,부산광역시 기장군청,2025-11-17
철마면임기리-15,1,,부산광역시 기장군 철마면 임기리 1017,35.3396716338,129.1270531111,,한전주,051-709-4684,부산광역시 기장군청,2025-11-17
철마면임기리-16,1,,부산광역시 기장군 철마면 임기리 1017,35.3396716338,129.1270531111,,한전주,051-709-4684,부산광역시 기장군청,2025-11-17
철마면임기리-17,1,,부산광역시 기장군 철마면 임기리 198-2,35.3408756866,129.1272336177,,한전주,051-709-4684,부산광역시 기장군청,2025-11-17
철마면임기리-18,1,,부산광역시 기장군 철마면 임기리 산 28,35.3417788474,129.1276497518,,한전주,051-709-4684,부산광역시 기장군청,2025-11-17
철마면임기리-19,1,,부산광역시 기장군 철마면 임기리 1017,35.3396716338,129.1270531111,,한전주,051-709-4684,부산광역시 기장군청,2025-11-17
철마면임기리-20,1,,부산광역시 기장군 철마면 임기리 산 41,35.3366881942,129.1278089444,,한전주,051-709-4684,부산광역시 기장군청,2025-11-17
철마면임기리-21,1,,부산광역시 기장군 철마면 임기리 산 41,35.3366881942,129.1278089444,,한전주,051-709-4684,부산광역시 기장군청,2025-11-17
철마면임기리-22,1,,부산광역시 기장군 철마면 임기리 산 41,35.3366881942,129.1278089444,,한전주,051-709-4684,부산광역시 기장군청,2025-11-17
철마면임기리-23,1,,부산광역시 기장군 철마면 임기리 산 41,35.3366881942,129.1278089444,,한전주,051-709-4684,부산광역시 기장군청,2025-11-17
철마면임기리-24,1,,부산광역시 기장군 철마면 임기리 259,35.3355862694,129.1291623242,,한전주,051-709-4684,부산광역시 기장군청,2025-11-17
철마면임기리-25,1,,부산광역시 기장군 철마면 임기리 산 42-3,35.3354385319,129.1283808897,,한전주,051-709-4684,부산광역시 기장군청,2025-11-17
철마면임기리-26,1,,부산광역시 기장군 철마면 임기리 산 42-7,35.33540726,129.1289673,,한전주,051-709-4684,부산광역시 기장군청,2025-11-17
철마면임기리-27,1,,부산광역시 기장군 철마면 임기리 산 42-7,35.3354714784,129.1289234515,,한전주,051-709-4684,부산광역시 기장군청,2025-11-17
철마면임기리-28,1,,부산광역시 기장군 철마면 임기리 산 42-9,35.3350048599,129.1294194364,,한전주,051-709-4684,부산광역시 기장군청,2025-11-17
철마면임기리-29,1,,부산광역시 기장군 철마면 임기리 산 42-9,35.3350048599,129.1294194364,,한전주,051-709-4684,부산광역시 기장군청,2025-11-17
철마면임기리-30,1,,부산광역시 기장군 철마면 임기리 588-2,35.3206783942,129.120387128,,한전주,051-709-4684,부산광역시 기장군청,2025-11-17
철마면임기리-31,1,,부산광역시 기장군 철마면 임기리 620-6,35.320216203,129.1201264393,,전용주,051-709-4684,부산광역시 기장군청,2025-11-17
철마면임기리-32,1,,부산광역시 기장군 철마면 임기리 588-16,35.3206565591,129.1212921,,한전주,051-709-4684,부산광역시 기장군청,2025-11-17
철마면임기리-33,1,,부산광역시 기장군 철마면 임기리 462-2,35.3199757606,129.1215943436,,한전주,051-709-4684,부산광역시 기장군청,2025-11-17
철마면임기리-34,1,,부산광역시 기장군 철마면 임기리 596-2,35.3199551122,129.1212463,,한전주,051-709-4684,부산광역시 기장군청,2025-11-17
철마면임기리-35,1,,부산광역시 기장군 철마면 임기리 1030,35.319795064,129.1214483485,,한전주,051-709-4684,부산광역시 기장군청,2025-11-17
철마면임기리-36,1,,부산광역시 기장군 철마면 임기리 458-1,35.31933594,129.121521,,한전주,051-709-4684,부산광역시 기장군청,2025-11-17
철마면임기리-37,1,,부산광역시 기장군 철마면 임기리 1008-39,35.3192034192,129.121141627,,전용주,051-709-4684,부산광역시 기장군청,2025-11-17
철마면임기리-38,1,,부산광역시 기장군 철마면 임기리 638-1,35.31959152,129.1203403506,,한전주,051-709-4684,부산광역시 기장군청,2025-11-17
철마면임기리-39,1,,부산광역시 기장군 철마면 임기리 1030,35.319795064,129.1214483485,,한전주,051-709-4684,부산광역시 기장군청,2025-11-17
철마면임기리-40,1,,부산광역시 기장군 철마면 임기리 463-1,35.3197781999,129.1219246127,,전용주,051-709-4684,부산광역시 기장군청,2025-11-17
철마면임기리-41,1,,부산광역시 기장군 철마면 임기리 1028,35.3200886241,129.1244239688,,한전주,051-709-4684,부산광역시 기장군청,2025-11-17
철마면임기리-42,1,,부산광역시 기장군 철마면 임기리 1008-39,35.3192034192,129.121141627,,한전주,051-709-4684,부산광역시 기장군청,2025-11-17
철마면임기리-43,1,,부산광역시 기장군 철마면 임기리 1008-39,35.3192034192,129.121141627,,한전주,051-709-4684,부산광역시 기장군청,2025-11-17
철마면임기리-44,1,,부산광역시 기장군 철마면 임기리 산 155,35.31934738,129.1266260724,,한전주,051-709-4684,부산광역시 기장군청,2025-11-17
철마면임기리-45,1,,부산광역시 기장군 철마면 임기리 산 156,35.3196951855,129.1276084115,,한전주,051-709-4684,부산광역시 기장군청,2025-11-17
철마면임기리-46,1,,부산광역시 기장군 철마면 임기리 산 167,35.3184538935,129.1278293972,,전용주,051-709-4684,부산광역시 기장군청,2025-11-17
철마면임기리-47,1,,부산광역시 기장군 철마면 임기리 산 167,35.31840897,129.1278293972,,한전주,051-709-4684,부산광역시 기장군청,2025-11-17
철마면임기리-48,1,,부산광역시 기장군 철마면 임기리 426,35.3194396958,129.1292514327,,한전주,051-709-4684,부산광역시 기장군청,2025-11-17
철마면임기리-49,1,,부산광역시 기장군 철마면 임기리 산 166-1,35.317517998,129.1293890583,,한전주,051-709-4684,부산광역시 기장군청,2025-11-17
철마면임기리-50,1,,부산광역시 기장군 철마면 임기리 산 118-1,35.323291633,129.1352892355,,한전주,051-709-4684,부산광역시 기장군청,2025-11-17
철마면임기리-51,1,,부산광역시 기장군 철마면 임기리 산 116-2,35.32210159,129.1362004883,,한전주,051-709-4684,부산광역시 기장군청,2025-11-17
철마면임기리-52,1,,부산광역시 기장군 철마면 임기리 산 116-1,35.3228582683,129.1370087,,한전주,051-709-4684,부산광역시 기장군청,2025-11-17
철마면임기리-53,1,,부산광역시 기장군 철마면 임기리 산 80,35.3268668573,129.1377943077,,한전주,051-709-4684,부산광역시 기장군청,2025-11-17
철마면임기리-54,1,,부산광역시 기장군 철마면 임기리 81,35.3264738569,129.1424103,,한전주,051-709-4684,부산광역시 기장군청,2025-11-17
철마면임기리-55,1,,부산광역시 기장군 철마면 임기리 81,35.3264738569,129.1424959824,,한전주,051-709-4684,부산광역시 기장군청,2025-11-17
철마면임기리-56,1,,부산광역시 기장군 철마면 임기리 108,35.32648468,129.1443521464,,한전주,051-709-4684,부산광역시 기장군청,2025-11-17
철마면임기리-57,1,,부산광역시 기장군 철마면 임기리 108,35.3264459109,129.1443521464,,한전주,051-709-4684,부산광역시 기장군청,2025-11-17
철마면임기리-58,1,,부산광역시 기장군 철마면 임기리 산 205,35.326279726,129.1461222889,,한전주,051-709-4684,부산광역시 기장군청,2025-11-17
철마면임기리-59,1,,부산광역시 기장군 철마면 임기리 74,35.32687759,129.1420762693,,한전주,051-709-4684,부산광역시 기장군청,2025-11-17
철마면임기리-60,1,,부산광역시 기장군 철마면 임기리 699-6,35.31973267,129.1178925511,,한전주,051-709-4684,부산광역시 기장군청,2025-11-17
철마면임기리-61,1,,부산광역시 기장군 철마면 임기리 699-1,35.31968689,129.118474376,,한전주,051-709-4684,부산광역시 기장군청,2025-11-17
철마면임기리-62,1,,부산광역시 기장군 철마면 임기리 1008-39,35.3192034192,129.121141627,,한전주,051-709-4684,부산광역시 기장군청,2025-11-17
철마면임기리-63,1,,부산광역시 기장군 철마면 임기리 699-1,35.31967163,129.118474376,,한전주,051-709-4684,부산광역시 기장군청,2025-11-17
철마면임기리-64,1,,부산광역시 기장군 철마면 임기리 704-3,35.31955719,129.1192386548,,한전주,051-709-4684,부산광역시 기장군청,2025-11-17
철마면임기리-65,1,,부산광역시 기장군 철마면 임기리 647,35.3200248409,129.1193871026,,한전주,051-709-4684,부산광역시 기장군청,2025-11-17
철마면임기리-66,1,,부산광역시 기장군 철마면 임기리 756-1,35.3188653834,129.1189746881,,한전주,051-709-4684,부산광역시 기장군청,2025-11-17
철마면임기리-67,1,,부산광역시 기장군 철마면 임기리 768,35.3187428829,129.1192169,,한전주,051-709-4684,부산광역시 기장군청,2025-11-17
철마면임기리-68,1,,부산광역시 기장군 철마면 임기리 742-1,35.31862259,129.1195160134,,한전주,051-709-4684,부산광역시 기장군청,2025-11-17
철마면임기리-69,1,,부산광역시 기장군 철마면 임기리 1047,35.31829834,129.1181568928,,한전주,051-709-4684,부산광역시 기장군청,2025-11-17
철마면임기리-70,1,,부산광역시 기장군 철마면 임기리 777,35.3178249545,129.118311337,,한전주,051-709-4684,부산광역시 기장군청,2025-11-17
철마면임기리-71,1,,부산광역시 기장군 철마면 임기리 1046,35.31905746,129.1195106905,,전용주,051-709-4684,부산광역시 기장군청,2025-11-17
철마면임기리-72,1,,부산광역시 기장군 철마면 임기리 720,35.31897354,129.1201869178,,한전주,051-709-4684,부산광역시 기장군청,2025-11-17
철마면임기리-73,1,,부산광역시 기장군 철마면 임기리 1043-5,35.31938171,129.1185934096,,한전주,051-709-4684,부산광역시 기장군청,2025-11-17
철마면임기리-74,1,,부산광역시 기장군 철마면 임기리 942-11,35.3123161036,129.1130690059,,한전주,051-709-4684,부산광역시 기장군청,2025-11-17
철마면임기리-75,1,,부산광역시 기장군 철마면 임기리 945-13,35.31190109,129.1127006426,,한전주,051-709-4684,부산광역시 기장군청,2025-11-17
철마면임기리-76,1,,부산광역시 기장군 철마면 임기리 945-14,35.3115829375,129.1126601397,,한전주,051-709-4684,부산광역시 기장군청,2025-11-17
철마면임기리-77,1,,부산광역시 기장군 철마면 임기리 945-3,35.3108269838,129.1127340457,,한전주,051-709-4684,부산광역시 기장군청,2025-11-17
철마면임기리-78,1,,부산광역시 기장군 철마면 임기리 610,35.31020355,129.1122437,,한전주,051-709-4684,부산광역시 기장군청,2025-11-17
철마면장전리-3,1,,부산광역시 기장군 철마면 장전리 602,35.2754180636,129.1454288625,,전용주,051-709-4684,부산광역시 기장군청,2025-11-17
철마면장전리-4,1,,부산광역시 기장군 철마면 장전리 364,35.27436829,129.1458229627,,건축물,051-709-4684,부산광역시 기장군청,2025-11-17
철마면장전리-5,1,,부산광역시 기장군 철마면 장전리 602,35.2754180636,129.1454163,,전용주,051-709-4684,부산광역시 기장군청,2025-11-17
철마면장전리-6,1,,부산광역시 기장군 철마면 장전리 368-2,35.2743799705,129.1449860678,,한전주,051-709-4684,부산광역시 기장군청,2025-11-17
철마면장전리-7,1,,부산광역시 기장군 철마면 장전리 379-2,35.27466583,129.1451569,,한전주,051-709-4684,부산광역시 기장군청,2025-11-17
철마면장전리-8,1,,부산광역시 기장군 철마면 장전리 385-1,35.27489853,129.1446829493,,한전주,051-709-4684,부산광역시 기장군청,2025-11-17
철마면장전리-9,1,,부산광역시 기장군 철마면 장전리 602,35.2754180636,129.1454288625,,전용주,051-709-4684,부산광역시 기장군청,2025-11-17
철마면장전리-10,1,,부산광역시 기장군 철마면 장전리 583-12,35.2741410183,129.1451115177,,한전주,051-709-4684,부산광역시 기장군청,2025-11-17
철마면장전리-11,1,,부산광역시 기장군 철마면 장전리 583-12,35.27413177,129.1451115177,,건축물,051-709-4684,부산광역시 기장군청,2025-11-17
철마면장전리-12,1,,부산광역시 기장군 철마면 장전리 583-48,35.27426917,129.144566363,,전용주,051-709-4684,부산광역시 기장군청,2025-11-17
철마면장전리-17,1,,부산광역시 기장군 철마면 장전리 583-122,35.2739663164,129.1449761036,,한전주,051-709-4684,부산광역시 기장군청,2025-11-17
철마면장전리-23,1,,부산광역시 기장군 철마면 장전리 81-10,35.2666626,129.1501587439,,한전주,051-709-4684,부산광역시 기장군청,2025-11-17
철마면장전리-24,1,,부산광역시 기장군 철마면 장전리 81-7,35.26659393,129.1497980799,,한전주,051-709-4684,부산광역시 기장군청,2025-11-17
철마면장전리-25,1,,부산광역시 기장군 철마면 장전리 81-7,35.2665996738,129.1497980799,,한전주,051-709-4684,부산광역시 기장군청,2025-11-17
철마면장전리-26,1,,부산광역시 기장군 철마면 장전리 589,35.26660919,129.1498736929,,한전주,051-709-4684,부산광역시 기장군청,2025-11-17
철마면장전리-28,1,,부산광역시 기장군 철마면 장전리 590,35.26636887,129.1503906,,전용주,051-709-4684,부산광역시 기장군청,2025-11-17
철마면장전리-29,1,,부산광역시 기장군 철마면 장전리 68-1,35.26561737,129.1503175742,,한전주,051-709-4684,부산광역시 기장군청,2025-11-17
철마면장전리-30,1,,부산광역시 기장군 철마면 장전리 592,35.2655576375,129.1503360642,,한전주,051-709-4684,부산광역시 기장군청,2025-11-17
철마면장전리-31,1,,부산광역시 기장군 철마면 장전리 73-1,35.2659809225,129.14959256,,한전주,051-709-4684,부산광역시 기장군청,2025-11-17
철마면장전리-32,1,,부산광역시 기장군 철마면 장전리 73-6,35.26556015,129.1497345,,한전주,051-709-4684,부산광역시 기장군청,2025-11-17
철마면장전리-33,1,,부산광역시 기장군 철마면 장전리 59,35.2654849499,129.1491052409,,한전주,051-709-4684,부산광역시 기장군청,2025-11-17
철마면장전리-34,1,,부산광역시 기장군 철마면 장전리 54-1,35.26505661,129.150050842,,한전주,051-709-4684,부산광역시 기장군청,2025-11-17
철마면장전리-35,1,,부산광역시 기장군 철마면 장전리 91-1,35.26605606,129.1508331,,건축물,051-709-4684,부산광역시 기장군청,2025-11-17
철마면장전리-36,1,,부산광역시 기장군 철마면 장전리 산 153-12,35.2597084,129.1505503296,,한전주,051-709-4684,부산광역시 기장군청,2025-11-17
철마면장전리-37,1,,부산광역시 기장군 철마면 장전리 406,35.27583202,129.1455998552,,한전주,051-709-4684,부산광역시 기장군청,2025-11-17
철마면장전리-38,1,,부산광역시 기장군 철마면 장전리 605,35.2720416205,129.1436241881,,한전주,051-709-4684,부산광역시 기장군청,2025-11-17
철마면장전리-39,1,,부산광역시 기장군 철마면 장전리 605,35.2720416205,129.1436241881,,한전주,051-709-4684,부산광역시 기장군청,2025-11-17
철마면장전리-40,1,,부산광역시 기장군 철마면 장전리 436,35.2725044657,129.1434432821,,한전주,051-709-4684,부산광역시 기장군청,2025-11-17
철마면장전리-41,1,,부산광역시 기장군 철마면 장전리 산 4,35.2726490313,129.1422539708,,한전주,051-709-4684,부산광역시 기장군청,2025-11-17
철마면장전리-42,1,,부산광역시 기장군 철마면 장전리 산 4-4,35.2720672527,129.1423661297,,한전주,051-709-4684,부산광역시 기장군청,2025-11-17
클린카센터임시보안등표찰없음,1,,부산광역시 기장군 장안읍 월내리 132-9,35.3256737143,129.2764542939,2025,,051-709-4684,부산광역시 기장군청,2025-11-17
