보안등위치명,설치개수,소재지도로명주소,소재지지번주소,위도,경도,설치연도,설치형태,관리기관전화번호,관리기관명,데이터기준일자
연산2동-542,1,부산광역시 연제구 중앙천로25번길 100,부산광역시 연제구 연산동 1587-11,35.17839388,129.0784307,2013,건축물,051-665-4671,부산광역시 연제구청,2026-04-17
연산2동-543,1,부산광역시 연제구 중앙천로25번길 108,부산광역시 연제구 연산동 1587-9,35.17859648,129.0780935,2013,건축물,051-665-4671,부산광역시 연제구청,2026-04-17
연산6동-512,1,부산광역시 연제구 월드컵대로10번길 35,부산광역시 연제구 연산동 669-3,35.17626018,129.0882061,2014,건축물,051-665-4671,부산광역시 연제구청,2026-04-17
거제4동-206,1,부산광역시 연제구 화지로76번가길 14,부산광역시 연제구 거제동 676-274,35.180945,129.065622,2014,건축물,051-665-4671,부산광역시 연제구청,2026-04-17
거제4동-205,1,부산광역시 연제구 해맞이로67번길 11,부산광역시 연제구 거제동 676-70,35.18021038,129.0677394,2014,건축물,051-665-4671,부산광역시 연제구청,2026-04-17
거제3동-188,1,부산광역시 연제구 거제시장로14번길 55,부산광역시 연제구 거제동 453-3,35.18344394,129.0731067,2014,건축물,051-665-4671,부산광역시 연제구청,2026-04-17
연산2동-533,1,부산광역시 연제구 황령산로524번길 41,부산광역시 연제구 연산동 181-1,35.16505496,129.0832927,2012,전용주,051-665-4671,부산광역시 연제구청,2026-04-17
거제1동-275,1,부산광역시 연제구 미남로18번길 17,부산광역시 연제구 거제동 207-36,35.19607606,129.072691,2013,한전주,051-665-4671,부산광역시 연제구청,2026-04-17
거제1동-274,1,부산광역시 연제구 미남로18번길 11,부산광역시 연제구 거제동 207-21,35.19599767,129.0723825,2013,한전주,051-665-4671,부산광역시 연제구청,2026-04-17
연산9동-317,1,부산광역시 연제구 연안로13번길 87,부산광역시 연제구 연산동 398-9,35.18878886,129.1022081,2013,한전주,051-665-4671,부산광역시 연제구청,2026-04-17
연산4동-349,1,부산광역시 연제구 쌍미천로119번길 42,부산광역시 연제구 연산동 644-36,35.18343036,129.0847335,2013,건축물,051-665-4671,부산광역시 연제구청,2026-04-17
연산2동-546,1,부산광역시 연제구 황령산로503번길 7,부산광역시 연제구 연산동 산 182,35.16483857,129.0822909,2013,한전주,051-665-4671,부산광역시 연제구청,2026-04-17
거제1동-273,1,부산광역시 연제구 거제대로281번길 7,부산광역시 연제구 거제동 312-80,35.19148445,129.0772775,2013,건축물,051-665-4671,부산광역시 연제구청,2026-04-17
연산6동-511,1,부산광역시 연제구 쌍미천로7번길 19,부산광역시 연제구 연산동 2134-21,35.17453938,129.0911143,2013,한전주,051-665-4671,부산광역시 연제구청,2026-04-17
연산5동-296,1,부산광역시 연제구 중앙대로1133번길 8,부산광역시 연제구 연산동 1123-16,35.18867064,129.0803454,2013,건축물,051-665-4671,부산광역시 연제구청,2026-04-17
거제2동-216,1,부산광역시 연제구 아시아드대로22번길 9,부산광역시 연제구 거제동 1180-16,35.18738371,129.0699744,,한전주,051-665-4671,부산광역시 연제구청,2026-04-17
거제3동-186,1,부산광역시 연제구 거제시장로 18-30,부산광역시 연제구 거제동 599-8,35.18165611,129.0718544,2013,건축물,051-665-4671,부산광역시 연제구청,2026-04-17
거제3동-185,1,부산광역시 연제구 월드컵대로 193,부산광역시 연제구 거제동 37-40,35.18780457,129.075371,2013,건축물,051-665-4671,부산광역시 연제구청,2026-04-17
연산6동-510,1,부산광역시 연제구 배산북로 46,부산광역시 연제구 연산동 1849-20,35.17799291,129.0949652,2013,한전주,051-665-4671,부산광역시 연제구청,2026-04-17
연산2동-544,1,부산광역시 연제구 황령산로524번가길 23,부산광역시 연제구 연산동 산 181-1,35.16454201,129.0831981,2013,건축물,051-665-4671,부산광역시 연제구청,2026-04-17
연산2동-545,1,부산광역시 연제구 황령산로521번가길 18-1,부산광역시 연제구 연산동 산 183-2,35.16621912,129.0811237,2013,전용주,051-665-4671,부산광역시 연제구청,2026-04-17
거제2동-314,1,부산광역시 연제구 월드컵대로 236-5,부산광역시 연제구 거제동 1040-2,35.19032611,129.0715722,2013,건축물,051-665-4671,부산광역시 연제구청,2026-04-17
연산6동-509,1,부산광역시 연제구 쌍미천로47번길 45,부산광역시 연제구 연산동 671-10,35.17702127,129.0867671,2013,건축물,051-665-4671,부산광역시 연제구청,2026-04-17
연산9동-316,1,부산광역시 연제구 과정로191번나길 36-1,부산광역시 연제구 연산동 414-14,35.1868393,129.1044655,2013,건축물,051-665-4671,부산광역시 연제구청,2026-04-17
연산9동-315,1,부산광역시 연제구 고분로253번길 19-1,부산광역시 연제구 연산동 475-35,35.18541283,129.1096395,2013,건축물,051-665-4671,부산광역시 연제구청,2026-04-17
연산5동-295,1,부산광역시 연제구 중앙대로1065번길 68-1,부산광역시 연제구 연산동 1292-32,35.18511966,129.0762469,2013,건축물,051-665-4671,부산광역시 연제구청,2026-04-17
연산4동-348,1,부산광역시 연제구 쌍미천로141번길 9-1,부산광역시 연제구 연산동 638-36,35.18500085,129.0866648,2013,건축물,051-665-4671,부산광역시 연제구청,2026-04-17
연산4동-347,1,부산광역시 연제구 월드컵대로92번길 51-1,부산광역시 연제구 연산동 647-20,35.18304773,129.0861887,2013,건축물,051-665-4671,부산광역시 연제구청,2026-04-17
연산4동-346,1,부산광역시 연제구 쌍미천로109번길 18-1,부산광역시 연제구 연산동 649-22,35.18256045,129.0862481,2013,건축물,051-665-4671,부산광역시 연제구청,2026-04-17
연산3동-347,1,부산광역시 연제구 금련로 54-11,부산광역시 연제구 연산동 1816-66,35.16955456,129.0951202,2013,건축물,051-665-4671,부산광역시 연제구청,2026-04-17
연산2동-541,1,부산광역시 연제구 중앙천로25번길 50-3,부산광역시 연제구 연산동 806-4,35.17760977,129.0804404,2013,건축물,051-665-4671,부산광역시 연제구청,2026-04-17
연산1동-230,1,부산광역시 연제구 연동로14번길 22-1,부산광역시 연제구 연산동 317-28,35.18835616,129.0922764,2013,건축물,051-665-4671,부산광역시 연제구청,2026-04-17
거제1동-271,1,부산광역시 연제구 여고로52번길 25,부산광역시 연제구 거제동 199-17,35.19479196,129.0701046,2013,한전주,051-665-4671,부산광역시 연제구청,2026-04-17
연산4동-345,1,부산광역시 연제구 대리로5번길 54,부산광역시 연제구 연산동 1232-2,35.18342863,129.083921,2013,건축물,051-665-4671,부산광역시 연제구청,2026-04-17
연산4동-344,1,부산광역시 연제구 빈송로 18,부산광역시 연제구 연산동 603-41,35.18681616,129.0830959,2013,건축물,051-665-4671,부산광역시 연제구청,2026-04-17
거제1동-270,1,부산광역시 연제구 중앙대로1249번길 20,부산광역시 연제구 거제동 106-2,35.19799594,129.0777676,2013,한전주,051-665-4671,부산광역시 연제구청,2026-04-17
연산4동-343,1,부산광역시 연제구 대리로12번길 21,부산광역시 연제구 연산동 1706-11,35.18032445,129.085307,2013,한전주,051-665-4671,부산광역시 연제구청,2026-04-17
거제3동-184,1,부산광역시 연제구 거제시장로11번길 42,부산광역시 연제구 거제동 496-11,35.17913597,129.070997,2013,건축물,051-665-4671,부산광역시 연제구청,2026-04-17
연산2동-540,1,부산광역시 연제구 중앙천로 77-5,부산광역시 연제구 연산동 1320-72,35.18076249,129.0796697,2013,건축물,051-665-4671,부산광역시 연제구청,2026-04-17
연산4동-342,1,부산광역시 연제구 쌍미천로84번길 63,부산광역시 연제구 연산동 1315-140,35.18088594,129.0890254,2013,건축물,051-665-4671,부산광역시 연제구청,2026-04-17
연산5동-294,1,부산광역시 연제구 거제천로124번길 66,부산광역시 연제구 연산동 1481-23,35.18311914,129.0782077,2013,한전주,051-665-4671,부산광역시 연제구청,2026-04-17
거제1동-269,1,부산광역시 연제구 거제대로281번길 11,부산광역시 연제구 거제동 312-79,35.19156865,129.077118,2013,건축물,051-665-4671,부산광역시 연제구청,2026-04-17
거제3동-183,1,부산광역시 연제구 거제대로 128-11,부산광역시 연제구 거제동 740-159,35.17995665,129.0699318,2013,건축물,051-665-4671,부산광역시 연제구청,2026-04-17
거제3동-179,1,부산광역시 연제구 거제시장로 11,부산광역시 연제구 거제동 488-1,35.18058701,129.0720371,2012,한전주,051-665-4671,부산광역시 연제구청,2026-04-17
거제1동-272,1,부산광역시 연제구 거제대로267번길 22,부산광역시 연제구 거제동 312-111,35.19128874,129.0768554,2013,건축물,051-665-4671,부산광역시 연제구청,2026-04-17
연산4동-218,1,부산광역시 연제구 묘봉산로 4,부산광역시 연제구 연산동 1136-5,35.18253158,129.0874554,2011,한전주,051-665-4671,부산광역시 연제구청,2026-04-17
연산9동-312,1,부산광역시 연제구 고분로254번길 14,부산광역시 연제구 연산동 484-12,35.18385252,129.109739,2012,한전주,051-665-4671,부산광역시 연제구청,2026-04-17
연산9동-314,1,부산광역시 연제구 연안로13번길 97,부산광역시 연제구 연산동 398-7,35.18879386,129.1016591,2012,건축물,051-665-4671,부산광역시 연제구청,2026-04-17
연산9동-313,1,부산광역시 연제구 토곡로 50-1,부산광역시 연제구 연산동 11-1,35.18229148,129.1020324,2012,한전주,051-665-4671,부산광역시 연제구청,2026-04-17
연산8동-258,1,부산광역시 연제구 안연로7번길 39,부산광역시 연제구 연산동 382-23,35.18840165,129.0991943,2012,한전주,051-665-4671,부산광역시 연제구청,2026-04-17
연산8동-259,1,부산광역시 연제구 과정로 279-3,부산광역시 연제구 연산동 370-7,35.18774842,129.0966821,2012,건축물,051-665-4671,부산광역시 연제구청,2026-04-17
연산8동-254,1,부산광역시 연제구 과정로 275,부산광역시 연제구 연산동 370-18,35.1877891,129.0971658,2012,건축물,051-665-4671,부산광역시 연제구청,2026-04-17
연산8동-257,1,부산광역시 연제구 과정로276번길 9,부산광역시 연제구 연산동 366-47,35.18856449,129.0971433,2012,한전주,051-665-4671,부산광역시 연제구청,2026-04-17
연산8동-256,1,부산광역시 연제구 안연로7번길 28,부산광역시 연제구 연산동 360-30,35.18842809,129.0992606,2012,한전주,051-665-4671,부산광역시 연제구청,2026-04-17
연산8동-255,1,부산광역시 연제구 과정로294번길 15,부산광역시 연제구 연산동 344-26,35.18911376,129.0952182,2012,한전주,051-665-4671,부산광역시 연제구청,2026-04-17
연산6동-508,1,부산광역시 연제구 월드컵대로46번길 7,부산광역시 연제구 연산동 686-7,35.17878277,129.0853414,2012,한전주,051-665-4671,부산광역시 연제구청,2026-04-17
연산4동-351,1,부산광역시 연제구 쌍미천로141번길 17-1,부산광역시 연제구 연산동 638-15,35.18501321,129.086138,2012,건축물,051-665-4671,부산광역시 연제구청,2026-04-17
연산5동-293,1,부산광역시 연제구 신촌로23번길 40-7,부산광역시 연제구 연산동 1503-19,35.18221259,129.0747373,2012,한전주,051-665-4671,부산광역시 연제구청,2026-04-17
연산4동-341,1,부산광역시 연제구 대리로 29-4,부산광역시 연제구 연산동 652-31,35.18157898,129.0870989,2012,건축물,051-665-4671,부산광역시 연제구청,2026-04-17
연산4동-340,1,부산광역시 연제구 쌍미천로135번길 5-1,부산광역시 연제구 연산동 639-19,35.18454735,129.0868235,2012,건축물,051-665-4671,부산광역시 연제구청,2026-04-17
연산6동-527,1,부산광역시 연제구 대리로6번길 78,부산광역시 연제구 연산동 685-16,35.17774176,129.0858326,2016,전용주,051-665-4671,부산광역시 연제구청,2026-04-17
연산6동-528,1,부산광역시 연제구 대리로6번길 94,부산광역시 연제구 연산동 684-6,35.17711742,129.0860987,2016,건축물,051-665-4671,부산광역시 연제구청,2026-04-17
연산2동-538,1,부산광역시 연제구 중앙대로1040번길 3,부산광역시 연제구 연산동 1325-11,35.18096913,129.0781077,2016,건축물,051-665-4671,부산광역시 연제구청,2026-04-17
연산2동-56,1,부산광역시 연제구 중앙대로1040번길 3,부산광역시 연제구 연산동 1325-11,35.18096913,129.0781077,2016,건축물,051-665-4671,부산광역시 연제구청,2026-04-17
연산2동-54,1,부산광역시 연제구 중앙대로 1044-12,부산광역시 연제구 연산동 1311-19,35.18129438,129.0783744,2016,건축물,051-665-4671,부산광역시 연제구청,2026-04-17
연산2동-557,1,부산광역시 연제구 연수로82번길 9,부산광역시 연제구 연산동 844-23,35.17500134,129.079813,2016,건축물,051-665-4671,부산광역시 연제구청,2026-04-17
연산6동-525,1,부산광역시 연제구 쌍미천로7번길 73,부산광역시 연제구 연산동 1876-208,35.17607272,129.089005,2016,한전주,051-665-4671,부산광역시 연제구청,2026-04-17
연산8동-267,1,부산광역시 연제구 과정로260번길 9,부산광역시 연제구 연산동 363-43,35.18843168,129.0988654,2016,한전주,051-665-4671,부산광역시 연제구청,2026-04-17
연산9동-324,1,부산광역시 연제구 과정로132번길 67-1,부산광역시 연제구 연산동 131-3,35.18335626,129.1107753,2016,건축물,051-665-4671,부산광역시 연제구청,2026-04-17
연산6동-524,1,부산광역시 연제구 쌍미천로7번길 65-9,부산광역시 연제구 연산동 1876-179,35.17561911,129.0893283,2016,건축물,051-665-4671,부산광역시 연제구청,2026-04-17
연산9동-323,1,부산광역시 연제구 토곡로 21-1,부산광역시 연제구 연산동 40-11,35.18206345,129.1052901,2016,한전주,051-665-4671,부산광역시 연제구청,2026-04-17
연산4동-366,1,부산광역시 연제구 고분로20번길 38,부산광역시 연제구 연산동 1233-5,35.1839828,129.0844444,2016,전용주,051-665-4671,부산광역시 연제구청,2026-04-17
연산1동-237,1,부산광역시 연제구 고분로67번길 60,부산광역시 연제구 연산동 914,35.18772824,129.0909394,2016,한전주,051-665-4671,부산광역시 연제구청,2026-04-17
연산1동-236,1,부산광역시 연제구 고분로67번길 60,부산광역시 연제구 연산동 914,35.18772824,129.0909394,2016,한전주,051-665-4671,부산광역시 연제구청,2026-04-17
연산5동-187,1,부산광역시 연제구 시청로 34,부산광역시 연제구 연산동 1505-38,35.18197743,129.073812,,한전주,051-665-4671,부산광역시 연제구청,2026-04-17
연산8동-277,1,부산광역시 연제구 과정로251번길 30,부산광역시 연제구 연산동 409-46,35.18687233,129.1008426,2020,한전주,051-665-4671,부산광역시 연제구청,2026-04-17
연산9동-344,1,부산광역시 연제구 고분로248번길 58-1,부산광역시 연제구 연산동 487-47,35.18190371,129.1089549,2020,건축물,051-665-4671,부산광역시 연제구청,2026-04-17
연산6동-552,1,부산광역시 연제구 황령산로578번길82,부산광역시 연제구 연산동 2022-591,35.16915305,129.0856633,2020,한전주,051-665-4671,부산광역시 연제구청,2026-04-17
거제1동-296,1,부산광역시 연제구 중앙대로1225,부산광역시 연제구 거제동 121-23,35.19669291,129.0793427,2020,한전주,051-665-4671,부산광역시 연제구청,2026-04-17
연산4동-379,1,부산광역시 연제구 쌍미천로84번길18,부산광역시 연제구 연산동 1135-53,35.18108301,129.0881607,2020,한전주,051-665-4671,부산광역시 연제구청,2026-04-17
연산4동-378,1,부산광역시 연제구 쌍미천로84번길12,부산광역시 연제구 연산동 1135-54,35.1807999,129.0882338,2020,전용주,051-665-4671,부산광역시 연제구청,2026-04-17
거제2동-254,1,부산광역시 연제구 종합운동장로28번길 16,부산광역시 연제구 거제동 897-5,35.19325582,129.0654287,2019,한전주,051-665-4671,부산광역시 연제구청,2026-04-17
거제2동-212,1,부산광역시 연제구 여고로14번길 27,부산광역시 연제구 거제동 891-1,35.19375647,129.0659011,2019,한전주,051-665-4671,부산광역시 연제구청,2026-04-17
거제2동-252,1,부산광역시 연제구 여고로14번길 37,부산광역시 연제구 거제동 891-12,35.19331281,129.0661212,2019,전용주,051-665-4671,부산광역시 연제구청,2026-04-17
연산6동-556,1,부산광역시 연제구 월드컵대로 2-12,부산광역시 연제구 연산동 1918-16,35.17550137,129.0868566,2020,건축물,051-665-4671,부산광역시 연제구청,2026-04-17
연산6동-555,1,부산광역시 연제구 월드컵대로2-10,부산광역시 연제구 연산동 1918-9,35.17540182,129.0869027,2020,건축물,051-665-4671,부산광역시 연제구청,2026-04-17
연산6동-554,1,부산광역시 연제구 쌍미천로45번길45-7,부산광역시 연제구 연산동 1934-20,35.17573636,129.0883199,2020,건축물,051-665-4671,부산광역시 연제구청,2026-04-17
연산6동-551,1,부산광역시 연제구 쌍미천로30번길5-14,부산광역시 연제구 연산동 2145-32,35.17665451,129.0904619,2019,전용주,051-665-4671,부산광역시 연제구청,2026-04-17
거제4동-208,1,부산광역시 연제구 화지로52번가길 35,부산광역시 연제구 거제동 766-57,35.18041107,129.0659303,2016,한전주,051-665-4671,부산광역시 연제구청,2026-04-17
연산8동-268,1,부산광역시 연제구 고분로123번길 6,부산광역시 연제구 연산동 374-42,35.18598749,129.0960436,2016,전용주,051-665-4671,부산광역시 연제구청,2026-04-17
연산6동-549,1,부산광역시 연제구 연수로159번길 23,부산광역시 연제구 연산동 1876-220,35.17550094,129.0884375,2019,건축물,051-665-4671,부산광역시 연제구청,2026-04-17
연산3동-369,1,부산광역시 연제구 금련로62번길 19,부산광역시 연제구 연산동 1816-71,35.16944068,129.0947564,2019,건축물,051-665-4671,부산광역시 연제구청,2026-04-17
연산6동-548,1,부산광역시 연제구 쌍미천로7번길 21,부산광역시 연제구 연산동 2134-22,35.17454948,129.0909936,2019,한전주,051-665-4671,부산광역시 연제구청,2026-04-17
연산3동-368,1,부산광역시 연제구 금련로26번길 36,부산광역시 연제구 연산동 1811-640,35.17182174,129.0945978,2019,전용주,051-665-4671,부산광역시 연제구청,2026-04-17
연산1동-240,1,부산광역시 연제구 과정로348번길 8,부산광역시 연제구 연산동 306-20,35.19117419,129.0906452,2019,한전주,051-665-4671,부산광역시 연제구청,2026-04-17
연산9동-343,1,부산광역시 연제구 톳고개로 59,부산광역시 연제구 연산동 산 30-7,35.18055293,129.1028982,2019,건축물,051-665-4671,부산광역시 연제구청,2026-04-17
연산6동-547,1,부산광역시 연제구 연수로148번길 101-1,부산광역시 연제구 연산동 1941-28,35.17414467,129.0858944,2019,건축물,051-665-4671,부산광역시 연제구청,2026-04-17
거제4동-213,1,부산광역시 연제구 해맞이로81번길 28-1,부산광역시 연제구 거제동 649-77,35.18150377,129.0672403,2019,건축물,051-665-4671,부산광역시 연제구청,2026-04-17
거제4동-212,1,부산광역시 연제구 해맞이로81번길 13,부산광역시 연제구 거제동 676-10,35.18143313,129.0680957,2019,건축물,051-665-4671,부산광역시 연제구청,2026-04-17
거제3동-203,1,부산광역시 연제구 거제대로114번길 8,부산광역시 연제구 거제동 572-20,35.17836885,129.0690656,2019,전용주,051-665-4671,부산광역시 연제구청,2026-04-17
연산8동-275,1,부산광역시 연제구 과정로283번길 30,부산광역시 연제구 연산동 1032-5,35.18684141,129.0963076,2019,전용주,051-665-4671,부산광역시 연제구청,2026-04-17
연산6동-546,1,부산광역시 연제구 연수로148번길92-9,부산광역시 연제구 연산동 1941-109,35.17377943,129.0864165,2019,전용주,051-665-4671,부산광역시 연제구청,2026-04-17
연산9동-346,1,부산광역시 연제구 과정로191번가길 39,부산광역시 연제구 연산동 414-70,35.1870492,129.1041829,2020,건축물,051-665-4671,부산광역시 연제구청,2026-04-17
연산9동-345,1,부산광역시 연제구 과정로114번길 30-5,부산광역시 연제구 연산동 117-20,35.18135383,129.1089584,2020,전용주,051-665-4671,부산광역시 연제구청,2026-04-17
연산4동-376,1,부산광역시 연제구 묘봉산로11번길11,부산광역시 연제구 연산동 1115-3,35.18366771,129.0883789,2020,전용주,051-665-4671,부산광역시 연제구청,2026-04-17
연산6동-544,1,부산광역시 연제구 쌍미천로73번길47-8,부산광역시 연제구 연산동 660-43,35.17912052,129.0858729,2019,건축물,051-665-4671,부산광역시 연제구청,2026-04-17
연산8동-274,1,부산광역시 연제구 고분로116,부산광역시 연제구 연산동 1014-1,35.18565544,129.0948863,2019,건축물,051-665-4671,부산광역시 연제구청,2026-04-17
연산5동-314,1,부산광역시 연제구 거제천로66-1,부산광역시 연제구 연산동 1514-35,35.18010505,129.0725138,2019,건축물,051-665-4671,부산광역시 연제구청,2026-04-17
연산2동-568,1,부산광역시 연제구 중앙천로4번길14-3,부산광역시 연제구 연산동 788-30,35.17530193,129.0849657,2019,전용주,051-665-4671,부산광역시 연제구청,2026-04-17
연산3동-367,1,부산광역시 연제구 봉수로77번가길12,부산광역시 연제구 연산동 2022-404,35.16834339,129.0884956,2019,전용주,051-665-4671,부산광역시 연제구청,2026-04-17
연산3동-365,1,부산광역시 연제구 금련로30,부산광역시 연제구 연산동 1811-450,35.17139927,129.0964623,2019,전용주,051-665-4671,부산광역시 연제구청,2026-04-17
연산3동-364,1,부산광역시 연제구 봉수로77번길34-8,부산광역시 연제구 연산동 2022-371,35.16936819,129.0888057,2019,한전주,051-665-4671,부산광역시 연제구청,2026-04-17
연산3동-363,1,부산광역시 연제구 봉수로77번길34-8,부산광역시 연제구 연산동 2022-371,35.16936819,129.0888057,2019,한전주,051-665-4671,부산광역시 연제구청,2026-04-17
연산3동-366,1,부산광역시 연제구 봉수로77번길34-8,부산광역시 연제구 연산동 2022-371,35.16936819,129.0888057,2019,한전주,051-665-4671,부산광역시 연제구청,2026-04-17
연산6동-543,1,부산광역시 연제구 쌍미천로42-4,부산광역시 연제구 연산동 2145-3,35.17684754,129.0900473,2019,건축물,051-665-4671,부산광역시 연제구청,2026-04-17
연산9동-341,1,부산광역시 연제구 과정로192번길21,부산광역시 연제구 연산동 396-44,35.18892291,129.1062835,2019,한전주,051-665-4671,부산광역시 연제구청,2026-04-17
연산6동-550,1,부산광역시 연제구 대리로22번길54,부산광역시 연제구 연산동 660-37,35.17911313,129.0866962,2019,전용주,051-665-4671,부산광역시 연제구청,2026-04-17
연산3동-371,1,부산광역시 연제구 연수로226번길18,부산광역시 연제구 연산동 1811-299,35.17260068,129.095183,2019,건축물,051-665-4671,부산광역시 연제구청,2026-04-17
연산3동-370,1,부산광역시 연제구 금련로21번길 10,부산광역시 연제구 연산동 1811-115,35.17214653,129.0965601,2019,건축물,051-665-4671,부산광역시 연제구청,2026-04-17
연산8동-276,1,부산광역시 연제구 과정로265번가길 6,부산광역시 연제구 연산동 381-7,35.18754989,129.0976998,2019,전용주,051-665-4671,부산광역시 연제구청,2026-04-17
연산2동-6,1,부산광역시 연제구 중앙천로2번길 7,부산광역시 연제구 연산동 788-21,35.17518306,129.0846897,2010,건축물,051-665-4671,부산광역시 연제구청,2026-04-17
연산6동-542,1,부산광역시 연제구 쌍미천로7번가길 22,부산광역시 연제구 연산동 2138-9,35.17553702,129.090436,2018,전용주,051-665-4671,부산광역시 연제구청,2026-04-17
연산9동-339,1,부산광역시 연제구 고분로254번길 67-2,부산광역시 연제구 연산동 118-11,35.18162114,129.1102795,2018,전용주,051-665-4671,부산광역시 연제구청,2026-04-17
연산6동-541,1,부산광역시 연제구 쌍미천로45번길 78,부산광역시 연제구 연산동 1927-14,35.17475413,129.0872858,2018,건축물,051-665-4671,부산광역시 연제구청,2026-04-17
연산9동-338,1,부산광역시 연제구 과정로237번길 91,부산광역시 연제구 연산동 416-33,35.18534107,129.1056639,2018,한전주,051-665-4671,부산광역시 연제구청,2026-04-17
연산8동-273,1,부산광역시 연제구 고분로112번가길 23,부산광역시 연제구 연산동 1014-17,35.18554699,129.0949178,2018,한전주,051-665-4671,부산광역시 연제구청,2026-04-17
연산2동-567,1,부산광역시 연제구 중앙천로25번길 92-2,부산광역시 연제구 연산동 1604-30,35.17801251,129.078744,2018,건축물,051-665-4671,부산광역시 연제구청,2026-04-17
연산9동-337,1,부산광역시 연제구 고분로241번길 14-2,부산광역시 연제구 연산동 476-49,35.18520377,129.1088461,2018,건축물,051-665-4671,부산광역시 연제구청,2026-04-17
연산9동-336,1,부산광역시 연제구 연안로13번길 61-2,부산광역시 연제구 연산동 397-31,35.18870364,129.1036453,2018,건축물,051-665-4671,부산광역시 연제구청,2026-04-17
연산6동-540,1,부산광역시 연제구 쌍미천로7번가길 16,부산광역시 연제구 연산동 2138-24,35.17528179,129.0907509,2018,전용주,051-665-4671,부산광역시 연제구청,2026-04-17
연산3동-89,1,부산광역시 연제구 봉수로77번길 1,부산광역시 연제구 연산동 2022-207,35.16814169,129.0880202,2010,한전주,051-665-4671,부산광역시 연제구청,2026-04-17
연산4동-375,1,부산광역시 연제구 거제천로230번길100,부산광역시 연제구 연산동 723-3,35.18742173,129.0829201,2019,건축물,051-665-4671,부산광역시 연제구청,2026-04-17
연산6동-545,1,부산광역시 연제구 배산북로23번길38-2,부산광역시 연제구 연산동 2142-12,35.17695114,129.0925518,2019,건축물,051-665-4671,부산광역시 연제구청,2026-04-17
연산9동-342,1,부산광역시 연제구 과정로132번길54-1,부산광역시 연제구 연산동 485-4,35.18309062,129.1102556,2019,전용주,051-665-4671,부산광역시 연제구청,2026-04-17
거제1동-295,1,부산광역시 연제구 중앙대로1175번길31,부산광역시 연제구 거제동 1-71,35.19158991,129.0794727,2019,전용주,051-665-4671,부산광역시 연제구청,2026-04-17
연산4동-374,1,부산광역시 연제구 쌍미천로119번길33-1,부산광역시 연제구 연산동 646-24,35.18318239,129.0852463,2019,건축물,051-665-4671,부산광역시 연제구청,2026-04-17
연산2동-8,1,부산광역시 연제구 중앙천로4번길 9,부산광역시 연제구 연산동 784-4,35.17565153,129.0847179,2010,한전주,051-665-4671,부산광역시 연제구청,2026-04-17
연산6동-539,1,부산광역시 연제구 배산로29,부산광역시 연제구 연산동 2120-33,35.17419306,129.0955228,2018,한전주,051-665-4671,부산광역시 연제구청,2026-04-17
연산9동-332,1,부산광역시 연제구 고분로 178,부산광역시 연제구 연산동 410-21,35.18544923,129.1017128,2018,건축물,051-665-4671,부산광역시 연제구청,2026-04-17
연산8동-137,1,부산광역시 연제구 과정로294번가길 26,부산광역시 연제구 연산동 346-1,35.19027625,129.095162,,한전주,051-665-4671,부산광역시 연제구청,2026-04-17
거제3동-201,1,부산광역시 연제구 월드컵대로187번길 59-1,부산광역시 연제구 거제동 40-37,35.18537735,129.0746363,,건축물,051-665-4671,부산광역시 연제구청,2026-04-17
거제3동-200,1,부산광역시 연제구 거제대로118번길 43-2,부산광역시 연제구 거제동 500-40,35.17847551,129.0712737,,건축물,051-665-4671,부산광역시 연제구청,2026-04-17
거제4동-214,1,부산광역시 연제구 해맞이로77번길 26-1,부산광역시 연제구 거제동 681-38,35.18133176,129.0673259,,건축물,051-665-4671,부산광역시 연제구청,2026-04-17
연산2동-566,1,부산광역시 연제구 황령산로493번길 18,부산광역시 연제구 연산동 산 182,35.16429596,129.0814824,,한전주,051-665-4671,부산광역시 연제구청,2026-04-17
연산6동-538,1,부산광역시 연제구 대리로6번길 42,부산광역시 연제구 연산동 686-12,35.17931659,129.0851179,2018,한전주,051-665-4671,부산광역시 연제구청,2026-04-17
연산3동-24,1,부산광역시 연제구 봉수로15번길 14,부산광역시 연제구 연산동 2022-422,35.17242928,129.0892088,2010,건축물,051-665-4671,부산광역시 연제구청,2026-04-17
연산9동-340,1,부산광역시 연제구 고분로254번길72-2,부산광역시 연제구 연산동 118-83,35.18112877,129.1099105,2019,건축물,051-665-4671,부산광역시 연제구청,2026-04-17
연산4동-373,1,부산광역시 연제구 대리로5번길26-6,부산광역시 연제구 연산동 1215-1,35.18251352,129.0843939,2019,전용주,051-665-4671,부산광역시 연제구청,2026-04-17
연산4동-372,1,부산광역시 연제구 쌍미천로82,부산광역시 연제구 연산동 1135-111,35.18007003,129.0885424,2019,한전주,051-665-4671,부산광역시 연제구청,2026-04-17
연산2동-569,1,부산광역시 연제구 진남로611-5,부산광역시 연제구 연산동 844-43,35.17462888,129.0801374,2019,전용주,051-665-4671,부산광역시 연제구청,2026-04-17
거제1동-298,1,부산광역시 연제구 법원북로83번길5,부산광역시 연제구 거제동 393-9,35.19270842,129.0753369,2018,한전주,051-665-4671,부산광역시 연제구청,2026-04-17
거제1동-299,1,부산광역시 연제구 법원북로83번길5,부산광역시 연제구 거제동 393-9,35.19270842,129.0753369,2018,한전주,051-665-4671,부산광역시 연제구청,2026-04-17
거제1동-300,1,부산광역시 연제구 법원북로83번길21,부산광역시 연제구 거제동 393-1,35.19312466,129.0751557,2018,한전주,051-665-4671,부산광역시 연제구청,2026-04-17
연산2동-565,1,부산광역시 연제구 월드컵대로3번길 58,부산광역시 연제구 연산동 775-57,35.17721867,129.0848595,2018,한전주,051-665-4671,부산광역시 연제구청,2026-04-17
연산2동-564,1,부산광역시 연제구 중앙천로25번길 70,부산광역시 연제구 연산동 1607-2,35.17744509,129.0796812,2018,한전주,051-665-4671,부산광역시 연제구청,2026-04-17
거제3동-199,1,부산광역시 연제구 거제대로96번길 38,부산광역시 연제구 거제동 751-34,35.17641334,129.070028,2018,한전주,051-665-4671,부산광역시 연제구청,2026-04-17
거제2동-324,1,부산광역시 연제구 여고로14번길 81,부산광역시 연제구 거제동 900-20,35.19142458,129.0666126,2018,한전주,051-665-4671,부산광역시 연제구청,2026-04-17
거제2동-323,1,부산광역시 연제구 아시아드대로 50-1,부산광역시 연제구 거제동 1007,35.18909268,129.0683498,2018,건축물,051-665-4671,부산광역시 연제구청,2026-04-17
거제1동-294,1,부산광역시 연제구 중앙대로1171-10,부산광역시 연제구 거제동 1-65,35.19194131,129.0794884,2018,건축물,051-665-4671,부산광역시 연제구청,2026-04-17
거제1동-293,1,부산광역시 연제구 거제대로289번길 11,부산광역시 연제구 거제동 47-63,35.19233702,129.0775275,2018,건축물,051-665-4671,부산광역시 연제구청,2026-04-17
연산3동-20,1,부산광역시 연제구 봉수로 16-1,부산광역시 연제구 연산동 2022-423,35.1730358,129.0889205,2010,한전주,051-665-4671,부산광역시 연제구청,2026-04-17
거제3동-202,1,부산광역시 연제구 거제대로188번길18,부산광역시 연제구 거제동 832,35.18460122,129.0716946,2018,전용주,051-665-4671,부산광역시 연제구청,2026-04-17
연산3동-362,1,부산광역시 연제구 마곡천로54,부산광역시 연제구 연산동 2022-587,35.16898471,129.0863417,2018,한전주,051-665-4671,부산광역시 연제구청,2026-04-17
거제4동-211,1,부산광역시 연제구 해맞이로89번길 19,부산광역시 연제구 거제동 649-121,35.18181683,129.0683089,2018,한전주,051-665-4671,부산광역시 연제구청,2026-04-17
연산9동-335,1,부산광역시 연제구 망미번영로 109,부산광역시 연제구 연산동 2239-3,35.17696467,129.1118409,,건축물,051-665-4671,부산광역시 연제구청,2026-04-17
연산9동-287,1,부산광역시 연제구 온천천남로 158,부산광역시 연제구 연산동 458-9,35.18984747,129.1076905,,건축물,051-665-4671,부산광역시 연제구청,2026-04-17
연산9동-333,1,부산광역시 연제구 과정로164번길 16,부산광역시 연제구 연산동 477-1,35.18596788,129.1080879,2018,한전주,051-665-4671,부산광역시 연제구청,2026-04-17
거제2동-325,1,부산광역시 연제구 아시아드대로19번길10,부산광역시 연제구 거제동 867-35,35.18685972,129.0690891,2018,한전주,051-665-4671,부산광역시 연제구청,2026-04-17
연산4동-371,1,부산광역시 연제구 쌍미천로84번길2,부산광역시 연제구 연산동 1135-48,35.18036755,129.0885354,2018,한전주,051-665-4671,부산광역시 연제구청,2026-04-17
연산8동-270,1,부산광역시 연제구 연동로7번길 28,부산광역시 연제구 연산동 341-45,35.18788229,129.0948393,2017,한전주,051-665-4671,부산광역시 연제구청,2026-04-17
연산1동-239,1,부산광역시 연제구 쌍미천로152번길 29,부산광역시 연제구 연산동 328-5,35.18625886,129.0889316,2017,전용주,051-665-4671,부산광역시 연제구청,2026-04-17
거제3동-197,1,부산광역시 연제구 신촌로 41-1,부산광역시 연제구 거제동 41-18,35.18380469,129.0740996,2017,건축물,051-665-4671,부산광역시 연제구청,2026-04-17
연산5동-308,1,부산광역시 연제구 거제천로136번길 17,부산광역시 연제구 연산동 1291-14,35.18530443,129.0767544,2017,전용주,051-665-4671,부산광역시 연제구청,2026-04-17
연산2동-561,1,부산광역시 연제구 중앙천로25번길 6,부산광역시 연제구 연산동 798-25,35.1773174,129.0828957,2017,전용주,051-665-4671,부산광역시 연제구청,2026-04-17
연산4동-368,1,부산광역시 연제구 대리로5번길 49-5,부산광역시 연제구 연산동 1230-17,35.18296843,129.0836183,2017,건축물,051-665-4671,부산광역시 연제구청,2026-04-17
연산5동-307,1,부산광역시 연제구 월드컵대로153번길 67,부산광역시 연제구 연산동 1386-30,35.18400072,129.0776704,2017,전용주,051-665-4671,부산광역시 연제구청,2026-04-17
연산6동-537,1,부산광역시 연제구 배산북로 50,부산광역시 연제구 연산동 1849-8,35.17832965,129.0945432,2018,한전주,051-665-4671,부산광역시 연제구청,2026-04-17
연산6동-536,1,부산광역시 연제구 연수로171번길 24-20,부산광역시 연제구 연산동 1876-277,35.17485719,129.089856,2018,건축물,051-665-4671,부산광역시 연제구청,2026-04-17
연산6동-535,1,부산광역시 연제구 연수로171번길 22-25,부산광역시 연제구 연산동 1876-17,35.1747941,129.0898552,2018,한전주,051-665-4671,부산광역시 연제구청,2026-04-17
연산6동-534,1,부산광역시 연제구 쌍미천로7번길 46,부산광역시 연제구 연산동 2137-26,35.17518027,129.090014,2018,한전주,051-665-4671,부산광역시 연제구청,2026-04-17
연산6동-533,1,부산광역시 연제구 월드컵대로46번길 58-1,부산광역시 연제구 연산동 663-64,35.17855845,129.0882368,2018,건축물,051-665-4671,부산광역시 연제구청,2026-04-17
연산9동-331,1,부산광역시 연제구 톳고개로 30,부산광역시 연제구 연산동 1,35.18329557,129.1017939,2018,한전주,051-665-4671,부산광역시 연제구청,2026-04-17
연산9동-330,1,부산광역시 연제구 토곡남로20번가길 1-3,부산광역시 연제구 연산동 53-10,35.18184033,129.1050455,2018,건축물,051-665-4671,부산광역시 연제구청,2026-04-17
연산5동-309,1,부산광역시 연제구 월드컵대로145번길 67,부산광역시 연제구 연산동 1384-17,35.18361691,129.0789938,2018,한전주,051-665-4671,부산광역시 연제구청,2026-04-17
연산3동-360,1,부산광역시 연제구 금련로 22-1,부산광역시 연제구 연산동 1811-348,35.17196064,129.0961844,2018,건축물,051-665-4671,부산광역시 연제구청,2026-04-17
연산6동-531,1,부산광역시 연제구 연수로148번길 58-9,부산광역시 연제구 연산동 2003-56,35.17293759,129.0868115,2017,건축물,051-665-4671,부산광역시 연제구청,2026-04-17
연산3동-359,1,부산광역시 연제구 금련로62번길 50,부산광역시 연제구 연산동 산161-1,35.1702156,129.0937898,2017,전용주,051-665-4671,부산광역시 연제구청,2026-04-17
연산3동-358,1,부산광역시 연제구 금련로62번길 25,부산광역시 연제구 연산동 1816-103,35.16980267,129.0945306,2017,전용주,051-665-4671,부산광역시 연제구청,2026-04-17
거제1동-288,1,부산광역시 연제구 거제대로286번길 16,부산광역시 연제구 거제동 2-1,35.19085507,129.0789908,2017,한전주,051-665-4671,부산광역시 연제구청,2026-04-17
거제4동-209,1,부산광역시 연제구 해맞이로 91,부산광역시 연제구 거제동 649-12,35.18248801,129.0690867,2017,건축물,051-665-4671,부산광역시 연제구청,2026-04-17
연산2동-559,1,부산광역시 연제구 월드컵대로3번길 32,부산광역시 연제구 연산동 787-1,35.17606001,129.085404,2017,건축물,051-665-4671,부산광역시 연제구청,2026-04-17
연산5동-305,1,부산광역시 연제구 거제천로152번길 10,부산광역시 연제구 연산동 1258-25,35.1865632,129.0771114,2017,전용주,051-665-4671,부산광역시 연제구청,2026-04-17
연산4동-370,1,부산광역시 연제구 월드컵대로58번길 7,부산광역시 연제구 연산동 699-10,35.17989488,129.084961,,건축물,051-665-4671,부산광역시 연제구청,2026-04-17
연산6동-38,1,부산광역시 연제구 연수로235번길 15,부산광역시 연제구 연산동 2119-8,35.17409568,129.0964767,,한전주,051-665-4671,부산광역시 연제구청,2026-04-17
연산5동-310,1,부산광역시 연제구 중앙대로1075번길 63-1,부산광역시 연제구 연산동 1291-6,35.18558442,129.0766922,,건축물,051-665-4671,부산광역시 연제구청,2026-04-17
연산2동-563,1,부산광역시 연제구 황령산로524번길 37,부산광역시 연제구 연산동 산 181-1,35.16515311,129.0834038,2017,전용주,051-665-4671,부산광역시 연제구청,2026-04-17
연산2동-562,1,부산광역시 연제구 황령산로521번길 37,부산광역시 연제구 연산동 산 183-2,35.16574516,129.0817102,2017,건축물,051-665-4671,부산광역시 연제구청,2026-04-17
연산9동-329,1,부산광역시 연제구 연안로13번길 5,부산광역시 연제구 연산동 419-2,35.18893682,129.1067338,2017,한전주,051-665-4671,부산광역시 연제구청,2026-04-17
연산8동-271,1,부산광역시 연제구 과정로260번길 33,부산광역시 연제구 연산동 363-45,35.18946745,129.0989562,2017,한전주,051-665-4671,부산광역시 연제구청,2026-04-17
거제1동-292,1,부산광역시 연제구 월드컵대로248번길 11-6,부산광역시 연제구 거제동 1096-3,35.19114573,129.0706277,2017,한전주,051-665-4671,부산광역시 연제구청,2026-04-17
거제1동-291,1,부산광역시 연제구 월드컵대로 258-18,부산광역시 연제구 거제동 1088-1,35.19154841,129.0699412,2017,전용주,051-665-4671,부산광역시 연제구청,2026-04-17
연산4동-367,1,부산광역시 연제구 월드컵대로58번길 29-2,부산광역시 연제구 연산동 656-11,35.18006391,129.0862148,2016,건축물,051-665-4671,부산광역시 연제구청,2026-04-17
연산9동-325,1,부산광역시 연제구 토곡로41번길 32,부산광역시 연제구 연산동 22-26,35.18089491,129.1039458,2016,전용주,051-665-4671,부산광역시 연제구청,2026-04-17
연산6동-526,1,부산광역시 연제구 배산로 14-1,부산광역시 연제구 연산동 2133-41,35.17422688,129.0937777,2016,한전주,051-665-4671,부산광역시 연제구청,2026-04-17
거제3동-195,1,부산광역시 연제구 거제대로74번길 37,부산광역시 연제구 거제동 750-3,35.17656589,129.0690859,2016,한전주,051-665-4671,부산광역시 연제구청,2026-04-17
거제1동-286,1,부산광역시 연제구거제대로267번길 27-1,부산광역시 연제구 거제동 312-93,35.1916445,129.0768201,2016,건축물,051-665-4671,부산광역시 연제구청,2026-04-17
거제1동-285,1,부산광역시 연제구 거제대로277번길 17,부산광역시 연제구 거제동 312-61,35.19151621,129.0766169,2016,건축물,051-665-4671,부산광역시 연제구청,2026-04-17
거제4동-207,1,부산광역시 연제구 화지로52번가길 31,부산광역시 연제구 거제동 766-25,35.18050643,129.0658549,2016,전용주,051-665-4671,부산광역시 연제구청,2026-04-17
연산5동-306,1,부산광역시 연제구 중앙대로1065번길 17,부산광역시 연제구 연산동 1386-5,35.18357889,129.0781974,2017,전용주,051-665-4671,부산광역시 연제구청,2026-04-17
연산9동-328,1,부산광역시 연제구 연안로13번길 39,부산광역시 연제구 연산동 396-7,35.18888218,129.1048226,2017,전용주,051-665-4671,부산광역시 연제구청,2026-04-17
연산2동-560,1,부산광역시 연제구 황령산로516번길 5,부산광역시 연제구 연산동 산 181-1,35.16574973,129.0832141,2017,전용주,051-665-4671,부산광역시 연제구청,2026-04-17
연산6동-532,1,부산광역시 연제구 연수로213번길 52,부산광역시 연제구 연산동 산 46-1,35.17611073,129.0947801,2017,전용주,051-665-4671,부산광역시 연제구청,2026-04-17
연산9동-327,1,부산광역시 연제구 토곡남로7번길 4-1,부산광역시 연제구 연산동 57-37,35.18103547,129.1063192,2017,전용주,051-665-4671,부산광역시 연제구청,2026-04-17
거제1동-289,1,부산광역시 연제구 명륜로2번길 9,부산광역시 연제구 거제동 1426-10,35.19481442,129.0807563,2017,한전주,051-665-4671,부산광역시 연제구청,2026-04-17
거제1동-290,1,부산광역시 연제구 월드컵대로188번길 16-1,부산광역시 연제구 거제동 23-13,35.18862889,129.0769411,2017,건축물,051-665-4671,부산광역시 연제구청,2026-04-17
연산8동-272,1,부산광역시 연제구 과정로251번길 40,부산광역시 연제구 연산동 409-15,35.18670988,129.1013123,2017,한전주,051-665-4671,부산광역시 연제구청,2026-04-17
거제3동-198,1,부산광역시 연제구 월드컵대로187번길 65,부산광역시 연제구 거제동 40-49,35.18513713,129.0742818,2017,한전주,051-665-4671,부산광역시 연제구청,2026-04-17
연산1동-241,1,부산광역시 연제구 연동로8번길 52,부산광역시 연제구 연산동 313-71,35.18954743,129.0911175,2020,전용주,051-665-4671,부산광역시 연제구청,2026-04-17
거제4동-215,1,부산광역시 연제구 해맞이로81번길 5,부산광역시 연제구 거제동 1446-4,35.18150145,129.0685248,2020,한전주,051-665-4671,부산광역시 연제구청,2026-04-17
거제3동-204,1,부산광역시 연제구 거제천로 95-2,부산광역시 연제구 거제동 457-3,35.18277299,129.073548,2020,건축물,051-665-4671,부산광역시 연제구청,2026-04-17
연산4동-377,1,부산광역시 연제구 대리로19번길4,부산광역시 연제구 연산동 651-14,35.18159072,129.0858289,2020,한전주,051-665-4671,부산광역시 연제구청,2026-04-17
연산2동-570,1,부산광역시 연제구 황령산로 521번길 17,부산광역시 연제구 연산동 산 183-2,35.1664891,129.0821811,2020,전용주,051-665-4671,부산광역시 연제구청,2026-04-17
연산5동-316,1,부산광역시 연제구 중앙대로1133번길12-2,부산광역시 연제구 연산동 1123-13,35.18884374,129.0801391,2020,한전주,051-665-4671,부산광역시 연제구청,2026-04-17
연산5동-315,1,부산광역시 연제구 월드컵대로111번길6-17,부산광역시 연제구 연산동 708-21,35.18431577,129.0814844,2020,건축물,051-665-4671,부산광역시 연제구청,2026-04-17
거제4동-210,1,부산광역시 연제구 해맞이로 87,부산광역시 연제구 거제동 649-40,35.18209329,129.0688729,,한전주,051-665-4671,부산광역시 연제구청,2026-04-17
거제2동-322,1,부산광역시 연제구 월드컵대로235번길 18,부산광역시 연제구 거제동 1179-1,35.18885926,129.0713004,2016,건축물,051-665-4671,부산광역시 연제구청,2026-04-17
연산3동-357,1,부산광역시 연제구 금련로 36-1,부산광역시 연제구 연산동 1811-502,35.17082285,129.0964106,2016,한전주,051-665-4671,부산광역시 연제구청,2026-04-17
거제3동-196,1,부산광역시 연제구 거제시장로 29,부산광역시 연제구 거제동 593-4,35.18191397,129.0708029,2016,한전주,051-665-4671,부산광역시 연제구청,2026-04-17
연산5동-303,1,부산광역시 연제구 거제천로118번길 63-1,부산광역시 연제구 연산동 1481-41,35.18288686,129.0779741,2016,건축물,051-665-4671,부산광역시 연제구청,2026-04-17
연산6동-529,1,부산광역시 연제구 월드컵대로46번길 34,부산광역시 연제구 연산동 662-10,35.17866022,129.0869426,2016,건축물,051-665-4671,부산광역시 연제구청,2026-04-17
연산3동-356,1,부산광역시 연제구 금련로38번길 10-1,부산광역시 연제구 연산동 1811-483,35.17079087,129.0959601,2016,전용주,051-665-4671,부산광역시 연제구청,2026-04-17
연산2동-558,1,부산광역시 연제구 황령산로529번길 18,부산광역시 연제구 연산동 산 183-2,35.16688331,129.0824498,2016,전용주,051-665-4671,부산광역시 연제구청,2026-04-17
연산8동-269,1,부산광역시 연제구 연동로 31-5,부산광역시 연제구 연산동 339-29,35.18635144,129.0936769,2016,건축물,051-665-4671,부산광역시 연제구청,2026-04-17
연산5동-319,1,부산광역시 연제구 월드컵대로153번길 9,부산광역시 연제구 연산동 1244-7,35.1860922,129.0793889,2022,한전주,051-665-4671,부산광역시 연제구청,2026-04-17
연산8동-288,1,부산광역시 연제구 과정로294번길 20,부산광역시 연제구 연산동 346-40,35.18934948,129.0950677,2022,한전주,051-665-4671,부산광역시 연제구청,2026-04-17
연산3동-375,1,부산광역시 연제구 연수로208번길 25-6,부산광역시 연제구 연산동 1799-18,35.172417,129.0935668,2022,건축물,051-665-4671,부산광역시 연제구청,2026-04-17
연산9동-359,1,부산광역시 연제구 토곡로53번길 16,부산광역시 연제구 연산동 10-33,35.18154822,129.1014954,2022,한전주,051-665-4671,부산광역시 연제구청,2026-04-17
연산1동-288,1,부산광역시 연제구 반송로 50-22,부산광역시 연제구 연산동 590-78,35.18836528,129.0862595,2022,전용주,051-665-4671,부산광역시 연제구청,2026-04-17
연산1동-287,1,부산광역시 연제구 반송로 50-12,부산광역시 연제구 연산동 590-3,35.18857494,129.0860008,2022,전용주,051-665-4671,부산광역시 연제구청,2026-04-17
연산1동-286,1,부산광역시 연제구 반송로 50-8,부산광역시 연제구 연산동 590-42,35.18872973,129.0858252,2022,한전주,051-665-4671,부산광역시 연제구청,2026-04-17
연산1동-285,1,부산광역시 연제구 반송로 50,부산광역시 연제구 연산동 590-1,35.18892087,129.0856191,2022,전용주,051-665-4671,부산광역시 연제구청,2026-04-17
연산2동-94,1,부산광역시 연제구 연수로87번길43,부산광역시 연제구 연산동 806-20,35.17748094,129.0807351,,한전주,051-665-4671,부산광역시 연제구청,2026-04-17
연산1동-243,1,부산광역시 연제구 쌍미천로142번길7-1,부산광역시 연제구 연산동 333-7,35.18533258,129.0877123,2020,한전주,051-665-4671,부산광역시 연제구청,2026-04-17
거제3동-205,1,부산광역시 연제구 거제천로147,부산광역시 연제구 거제동 34-19,35.18684885,129.0764125,2020,한전주,051-665-4671,부산광역시 연제구청,2026-04-17
연산8동-156,1,부산광역시 연제구 과정로278번길19,부산광역시 연제구 연산동 366-2,35.18894228,129.096237,,한전주,051-665-4671,부산광역시 연제구청,2026-04-17
연산5동-317,1,부산광역시 연제구 중앙대로1054번길23,부산광역시 연제구 연산동 1310-11,35.18220934,129.080161,2020,한전주,051-665-4671,부산광역시 연제구청,2026-04-17
연산1동-242,1,부산광역시 연제구 신금로23번길9,부산광역시 연제구 연산동 303-21,35.19127874,129.0940395,2020,건축물,051-665-4671,부산광역시 연제구청,2026-04-17
거제1동-297,1,부산광역시 연제구 법원북로 55-3,부산광역시 연제구 거제동 366-14,35.19416861,129.0733138,2020,전용주,051-665-4671,부산광역시 연제구청,2026-04-17
연산6동-553,1,부산광역시 연제구 쌍미천로 45번길 17,부산광역시 연제구 연산동 1887-1,35.17632389,129.0891401,2020,한전주,051-665-4671,부산광역시 연제구청,2026-04-17
연산4동-389,1,부산광역시 연제구 고분로13번길 8,부산광역시 연제구 연산동 631-6,35.18607288,129.0845711,2022,전용주,051-665-4671,부산광역시 연제구청,2026-04-17
연산4동-388,1,부산광역시 연제구 쌍미천로151번길 50,부산광역시 연제구 연산동 630-39,35.18626343,129.0844309,2022,전용주,051-665-4671,부산광역시 연제구청,2026-04-17
거제4동-216,1,부산광역시 연제구 해맞이로89번길 14-2,부산광역시 연제구 거제동 649-112,35.18234972,129.0684152,,건축물,051-665-4671,부산광역시 연제구청,2026-04-17
거제3동-37,1,부산광역시 연제구 거제대로118번길42-1,부산광역시 연제구 거제동 566-30,35.17816375,129.0708524,,한전주,051-665-4671,부산광역시 연제구청,2026-04-17
연산2동-161,1,부산광역시 연제구 중앙천로25번길18-1,부산광역시 연제구 연산동 804-58,35.17744016,129.0822715,2022,건축물,051-665-4671,부산광역시 연제구청,2026-04-17
연산6동-191,1,부산광역시 연제구 쌍미천로7번가길10-1,부산광역시 연제구 연산동 2138-3,35.1751982,129.0910243,2022,건축물,051-665-4671,부산광역시 연제구청,2026-04-17
연산4동-387,1,부산광역시 연제구 고분로20번길73,부산광역시 연제구 연산동 1215-6,35.18238448,129.0847635,2022,건축물,051-665-4671,부산광역시 연제구청,2026-04-17
연산9동-358,1,부산광역시 연제구 과정로191번다길22-1,부산광역시 연제구 연산동 415-64,35.18623514,129.1054784,2022,건축물,051-665-4671,부산광역시 연제구청,2026-04-17
연산9동-357,1,부산광역시 연제구 과정로191번가길70-1,부산광역시 연제구 연산동 406-3,35.18727202,129.102484,2022,건축물,051-665-4671,부산광역시 연제구청,2026-04-17
거제4동-217,1,부산광역시 연제구 해맞이로127번길 7,부산광역시 연제구 거제동 817-4,35.18539701,129.0700034,2022,한전주,051-665-4671,부산광역시 연제구청,2026-04-17
연산2동-576,1,부산광역시 연제구 황령산로 482,부산광역시 연제구 연산동 산 181-1,35.16228863,129.0821803,2022,한전주,051-665-4671,부산광역시 연제구청,2026-04-17
연산5동-321,1,부산광역시 연제구 거제천로182번길 46-3,부산광역시 연제구 연산동 1127-36,35.18740581,129.0796589,2022,전용주,051-665-4671,부산광역시 연제구청,2026-04-17
연산2동-575,1,부산광역시 연제구 연수로 89,부산광역시 연제구 연산동 822-7,35.17615076,129.0813103,2022,한전주,051-665-4671,부산광역시 연제구청,2026-04-17
거제1동-307,1,부산광역시 연제구 온천천공원길 12,부산광역시 연제구 거제동 1466-4,35.19584095,129.0828892,2022,전용주,051-665-4671,부산광역시 연제구청,2026-04-17
연산5동-319,1,부산광역시 연제구 월드컵대로145번길 5,부산광역시 연제구 연산동 1242-5,35.18602999,129.0802994,2022,한전주,051-665-4671,부산광역시 연제구청,2026-04-17
연산9동-360,1,부산광역시 연제구 고분로253번길 37-14,부산광역시 연제구 연산동 196-39,35.18608822,129.1106917,2022,한전주,051-665-4671,부산광역시 연제구청,2026-04-17
연산4동-385,1,부산광역시 연제구 쌍미천로141번길22,부산광역시 연제구 연산동 635-13,35.18528498,129.0859879,2021,한전주,051-665-4671,부산광역시 연제구청,2026-04-17
연산3동-373,1,부산광역시 연제구 금련로26번나길3,부산광역시 연제구 연산동 1811-518,35.17150389,129.0954427,2021,전용주,051-665-4671,부산광역시 연제구청,2026-04-17
연산9동-356,1,부산광역시 연제구 고분로235번길60-13,부산광역시 연제구 연산동 470-10,35.18737085,129.1084364,2021,한전주,051-665-4671,부산광역시 연제구청,2026-04-17
연산1동-284,1,부산광역시 연제구 고분로93번길11,부산광역시 연제구 연산동 965-21,35.18649735,129.092493,2021,한전주,051-665-4671,부산광역시 연제구청,2026-04-17
연산1동-283,1,부산광역시 연제구 고분로93번길1,부산광역시 연제구 연산동 965-26,35.18606454,129.0925092,2021,한전주,051-665-4671,부산광역시 연제구청,2026-04-17
연산6동-561,1,부산광역시 연제구 쌍미천로59번길12,부산광역시 연제구 연산동 663-24,35.17822171,129.0885946,2021,한전주,051-665-4671,부산광역시 연제구청,2026-04-17
연산1동-125,1,부산광역시 연제구 과정로322번길26,부산광역시 연제구 연산동 308-11,35.19055466,129.0933709,,한전주,051-665-4671,부산광역시 연제구청,2026-04-17
연산6동-391,1,부산광역시 연제구 쌍미천로47번길49,부산광역시 연제구 연산동 671-12,35.1769868,129.086591,,한전주,051-665-4671,부산광역시 연제구청,2026-04-17
연산9동-355,1,부산광역시 연제구 토곡남로3,부산광역시 연제구 연산동 490-12,35.18119268,129.1068702,,한전주,051-665-4671,부산광역시 연제구청,2026-04-17
연산8동-285,1,부산광역시 연제구 과정로265번길30,부산광역시 연제구 연산동 1057-1,35.18692306,129.0992293,2021,한전주,051-665-4671,부산광역시 연제구청,2026-04-17
연산4동-395,1,부산광역시 연제구 쌍미천로161번길 27,부산광역시 연제구 연산동 620-17,35.18700046,129.0856704,2022,전용주,051-665-4671,부산광역시 연제구청,2026-04-17
연산4동-394,1,부산광역시 연제구 쌍미천로161번길 35,부산광역시 연제구 연산동 620-3,35.18699549,129.0852202,2022,전용주,051-665-4671,부산광역시 연제구청,2026-04-17
연산4동-393,1,부산광역시 연제구 쌍미천로155번길 29,부산광역시 연제구 연산동 630-9,35.18655893,129.0856535,2022,전용주,051-665-4671,부산광역시 연제구청,2026-04-17
연산4동-392,1,부산광역시 연제구 쌍미천로155번길 43,부산광역시 연제구 연산동 630-15,35.1865575,129.0848081,2022,전용주,051-665-4671,부산광역시 연제구청,2026-04-17
연산4동-391,1,부산광역시 연제구 고분로31번길 7,부산광역시 연제구 연산동 631-1,35.18608027,129.085757,2022,전용주,051-665-4671,부산광역시 연제구청,2026-04-17
연산4동-390,1,부산광역시 연제구 쌍미천로151번길 50,부산광역시 연제구 연산동 630-39,35.18626343,129.0844309,2022,전용주,051-665-4671,부산광역시 연제구청,2026-04-17
거제1동-151,1,부산광역시 연제구 거제대로 289,부산광역시 연제구 거제동 44-14,35.19204603,129.0778537,,한전주,051-665-4671,부산광역시 연제구청,2026-04-17
연산2동-43,1,부산광역시 연제구 중앙천로19번길44-2,부산광역시 연제구 연산동 808-21,35.17701648,129.0812669,2021,한전주,051-665-4671,부산광역시 연제구청,2026-04-17
거제1동-306,1,부산광역시 연제구 거제대로286번길10-2,부산광역시 연제구 거제동 2-25,35.19089504,129.0785522,2021,전용주,051-665-4671,부산광역시 연제구청,2026-04-17
연산5동-318,1,부산광역시 연제구 월드컵대로164번길17,부산광역시 연제구 연산동 1141-4,35.18808941,129.0788115,2021,한전주,051-665-4671,부산광역시 연제구청,2026-04-17
거제3동-206,1,부산광역시 연제구 거제대로138번길15,부산광역시 연제구 거제동 605-20,35.18091114,129.0700432,2021,한전주,051-665-4671,부산광역시 연제구청,2026-04-17
연산4동-384,1,부산광역시 연제구 대리로24,부산광역시 연제구 연산동 653-4,35.18135958,129.0864736,2021,건축물,051-665-4671,부산광역시 연제구청,2026-04-17
연산8동-284,1,부산광역시 연제구 과정로294번가길26,부산광역시 연제구 연산동 346-1,35.19027625,129.095162,2021,한전주,051-665-4671,부산광역시 연제구청,2026-04-17
연산9동-352,1,부산광역시 연제구 안연로8번길69-1,부산광역시 연제구 연산동 396-6,35.18864856,129.1047425,2021,한전주,051-665-4671,부산광역시 연제구청,2026-04-17
연산8동-283,1,부산광역시 연제구 과정로294번가길10,부산광역시 연제구 연산동 346-58,35.18970426,129.0947101,2021,한전주,051-665-4671,부산광역시 연제구청,2026-04-17
연산8동-282,1,부산광역시 연제구 안연로7번가길22,부산광역시 연제구 연산동 384-28,35.18921492,129.0999629,2021,한전주,051-665-4671,부산광역시 연제구청,2026-04-17
연산5동-137,1,부산광역시 연제구 중앙대로1043번길4,부산광역시 연제구 연산동 1341-10,35.18167229,129.0777165,2021,한전주,051-665-4671,부산광역시 연제구청,2026-04-17
연산2동-574,1,부산광역시 연제구 중앙천로37번가길20-1,부산광역시 연제구 연산동 794-46,35.17804159,129.0815439,2021,건축물,051-665-4671,부산광역시 연제구청,2026-04-17
연산4동-386,1,부산광역시 연제구 반송로14-1,부산광역시 연제구 연산동 728-3,35.18668238,129.0829432,2021,한전주,051-665-4671,부산광역시 연제구청,2026-04-17
연산6동-9,1,부산광역시 연제구 대리로6번길103,부산광역시 연제구 연산동 671-35,35.17670878,129.0864336,,한전주,051-665-4671,부산광역시 연제구청,2026-04-17
연산3동-219,1,부산광역시 연제구 금련로38번길81-6,부산광역시 연제구 연산동 1824-82,35.17134567,129.0934207,,한전주,051-665-4671,부산광역시 연제구청,2026-04-17
연산3동-374,1,부산광역시 연제구 마곡천로54,부산광역시 연제구 연산동 2022-587,35.16898471,129.0863417,2021,한전주,051-665-4671,부산광역시 연제구청,2026-04-17
거제4동-64,1,부산광역시 연제구 해맞이로109번길58,부산광역시 연제구 거제동 643-224,35.18386911,129.0668211,,건축물,051-665-4671,부산광역시 연제구청,2026-04-17
거제3동-93,1,부산광역시 연제구 거제대로 160,부산광역시 연제구 거제동 585-35,35.18245717,129.0704417,,한전주,051-665-4671,부산광역시 연제구청,2026-04-17
연산2동-160,1,부산광역시 연제구 월드컵대로47번길33,부산광역시 연제구 연산동 774-35,35.17826335,129.0829521,,건축물,051-665-4671,부산광역시 연제구청,2026-04-17
연산2동-261,1,부산광역시 연제구 연제로8번길70,부산광역시 연제구 연산동 793-3,35.17859863,129.0807389,,한전주,051-665-4671,부산광역시 연제구청,2026-04-17
연산1동-152,1,부산광역시 연제구 연동로8번길33,부산광역시 연제구 연산동 317-5,35.18895546,129.0917903,,건축물,051-665-4671,부산광역시 연제구청,2026-04-17
연산6동-560,1,부산광역시 연제구 연수로148번길109,부산광역시 연제구 연산동 1941-17,35.17429454,129.0862697,2021,전용주,051-665-4671,부산광역시 연제구청,2026-04-17
연산1동-280,1,부산광역시 연제구 신금로5번길8,부산광역시 연제구 연산동 308-38,35.18970458,129.093678,,한전주,051-665-4671,부산광역시 연제구청,2026-04-17
연산1동-279,1,부산광역시 연제구 신금로17번길30-18,부산광역시 연제구 연산동 303-1,35.19158711,129.0934924,,한전주,051-665-4671,부산광역시 연제구청,2026-04-17
연산1동-278,1,부산광역시 연제구 신금로17번길30-5,부산광역시 연제구 연산동 304-8,35.19119032,129.0928524,,건축물,051-665-4671,부산광역시 연제구청,2026-04-17
연산6동-559,1,부산광역시 연제구 쌍미천로47번길9,부산광역시 연제구 연산동 668-25,35.17696755,129.0887315,2021,건축물,051-665-4671,부산광역시 연제구청,2026-04-17
연산1동-277,1,부산광역시 연제구 세병로24번길26,부산광역시 연제구 연산동 583-16,35.19075185,129.0854898,,건축물,051-665-4671,부산광역시 연제구청,2026-04-17
연산8동-286,1,부산광역시 연제구 고분로143번길33,부산광역시 연제구 연산동 379-7,35.18660482,129.0995324,2021,전용주,051-665-4671,부산광역시 연제구청,2026-04-17
연산3동-328,1,부산광역시 연제구 금련로62번길20,부산광역시 연제구 연산동 1816-49,35.16976245,129.0950571,2021,전용주,051-665-4671,부산광역시 연제구청,2026-04-17
연산9동-354,1,부산광역시 연제구 안연로26,부산광역시 연제구 연산동 392-1,35.18982399,129.1003884,,전용주,051-665-4671,부산광역시 연제구청,2026-04-17
연산9동-353,1,부산광역시 연제구 연안로13번길37-1,부산광역시 연제구 연산동 396-54,35.1887543,129.1050075,2021,건축물,051-665-4671,부산광역시 연제구청,2026-04-17
연산3동-325,1,부산광역시 연제구 연수로208번길15-1,부산광역시 연제구 연산동 1827-35,35.17296688,129.0935632,,건축물,051-665-4671,부산광역시 연제구청,2026-04-17
연산2동-573,1,부산광역시 연제구 해맞이로123번길18-1,부산광역시 연제구 거제동 817-8,35.18521735,129.0692982,,한전주,051-665-4671,부산광역시 연제구청,2026-04-17
거제4동-124,1,부산광역시 연제구 고분로105번길10,부산광역시 연제구 연산동 340-24,35.18641947,129.0941281,2021,한전주,051-665-4671,부산광역시 연제구청,2026-04-17
연산8동-280,1,부산광역시 연제구 배산북로40,부산광역시 연제구 연산동 1849-12,35.17746559,129.0954679,2021,한전주,051-665-4671,부산광역시 연제구청,2026-04-17
거제1동-305,1,부산광역시 연제구 여고로78-10,부산광역시 연제구 거제동 207-24,35.19610631,129.0723291,2021,한전주,051-665-4671,부산광역시 연제구청,2026-04-17
연산1동-247,1,부산광역시 연제구 연동로8번길 37,부산광역시 연제구 연산동 317-3,35.18895744,129.0915708,2020,건축물,051-665-4671,부산광역시 연제구청,2026-04-17
연산1동-276,1,부산광역시 연제구 연동로8번길 9,부산광역시 연제구 연산동 317-48,35.18838606,129.0929576,2020,건축물,051-665-4671,부산광역시 연제구청,2026-04-17
연산1동-248,1,부산광역시 연제구 연동로8번길 33,부산광역시 연제구 연산동 317-5,35.18895546,129.0917903,2020,건축물,051-665-4671,부산광역시 연제구청,2026-04-17
연산1동-274,1,부산광역시 연제구 연동로8번길 32,부산광역시 연제구 연산동 312-44,35.18905272,129.091995,2020,건축물,051-665-4671,부산광역시 연제구청,2026-04-17
연산1동-249,1,부산광역시 연제구 연동로8번길 31,부산광역시 연제구 연산동 317-7,35.18889118,129.0919212,2020,건축물,051-665-4671,부산광역시 연제구청,2026-04-17
연산1동-250,1,부산광역시 연제구 연동로8번길 27,부산광역시 연제구 연산동 317-13,35.18883621,129.0920193,2020,건축물,051-665-4671,부산광역시 연제구청,2026-04-17
연산1동-272,1,부산광역시 연제구 연동로8번길 28,부산광역시 연제구 연산동 312-48,35.18897933,129.092142,2020,건축물,051-665-4671,부산광역시 연제구청,2026-04-17
연산1동-251,1,부산광역시 연제구 연동로8번길 25,부산광역시 연제구 연산동 317-14,35.18877203,129.0921392,2020,건축물,051-665-4671,부산광역시 연제구청,2026-04-17
연산1동-281,1,부산광역시 연제구 쌍미천로161번길8-3,부산광역시 연제구 연산동 615-51,35.18744976,129.0868293,,건축물,051-665-4671,부산광역시 연제구청,2026-04-17
거제4동-61,1,부산광역시 연제구 해맞이로109번길47,부산광역시 연제구 거제동 643-162,35.18297655,129.0678634,,한전주,051-665-4671,부산광역시 연제구청,2026-04-17
거제4동-63,1,부산광역시 연제구 해맞이로109번길58,부산광역시 연제구 거제동 643-224,35.18386911,129.0668211,,전용주,051-665-4671,부산광역시 연제구청,2026-04-17
거제4동-57,1,부산광역시 연제구 해맞이로109번길30,부산광역시 연제구 거제동 815-30,35.18389266,129.0682378,,한전주,051-665-4671,부산광역시 연제구청,2026-04-17
연산1동-268,1,부산광역시 연제구 연동로8번길 22,부산광역시 연제구 연산동 312-18,35.18884338,129.0925364,2020,건축물,051-665-4671,부산광역시 연제구청,2026-04-17
연산1동-266,1,부산광역시 연제구 연동로8번길 22,부산광역시 연제구 연산동 312-18,35.18884338,129.0925364,2020,건축물,051-665-4671,부산광역시 연제구청,2026-04-17
연산1동-253,1,부산광역시 연제구 연동로8번길 17,부산광역시 연제구 연산동 317-30,35.18857999,129.0924441,2020,건축물,051-665-4671,부산광역시 연제구청,2026-04-17
연산1동-265,1,부산광역시 연제구 연동로8번길 16,부산광역시 연제구 연산동 312-22,35.18867705,129.0926761,2020,건축물,051-665-4671,부산광역시 연제구청,2026-04-17
연산1동-254,1,부산광역시 연제구 연동로8번길 15,부산광역시 연제구 연산동 317-32,35.18852462,129.0925861,2020,건축물,051-665-4671,부산광역시 연제구청,2026-04-17
연산1동-255,1,부산광역시 연제구 연동로8번길 13,부산광역시 연제구 연산동 317-40,35.18846955,129.0926952,2020,건축물,051-665-4671,부산광역시 연제구청,2026-04-17
연산1동-263,1,부산광역시 연제구 연동로8번길 14,부산광역시 연제구 연산동 317-25,35.18860365,129.0928177,2020,건축물,051-665-4671,부산광역시 연제구청,2026-04-17
연산1동-256,1,부산광역시 연제구 연동로8번길 9,부산광역시 연제구 연산동 317-48,35.18838606,129.0929576,2020,건축물,051-665-4671,부산광역시 연제구청,2026-04-17
연산1동-260,1,부산광역시 연제구 연동로8번길 8,부산광역시 연제구 연산동 312-33,35.18851956,129.0931461,2020,건축물,051-665-4671,부산광역시 연제구청,2026-04-17
연산1동-257,1,부산광역시 연제구 연동로8번길 5,부산광역시 연제구 연산동 317-59,35.18834842,129.0931327,2020,건축물,051-665-4671,부산광역시 연제구청,2026-04-17
연산1동-258,1,부산광역시 연제구 연동로8번길 8,부산광역시 연제구 연산동 317-33,35.18851956,129.0931461,2020,건축물,051-665-4671,부산광역시 연제구청,2026-04-17
연산1동-275,1,부산광역시 연제구 연동로8번길 37,부산광역시 연제구 연산동 317-3,35.18895744,129.0915708,2020,건축물,051-665-4671,부산광역시 연제구청,2026-04-17
연산1동-273,1,부산광역시 연제구 연동로8번길 32,부산광역시 연제구 연산동 312-44,35.18905272,129.0919951,2020,건축물,051-665-4671,부산광역시 연제구청,2026-04-17
연산4동-383,1,부산광역시 연제구 거제천로230번길9-5,부산광역시 연제구 연산동 579-43,35.19169067,129.0823181,2021,한전주,051-665-4671,부산광역시 연제구청,2026-04-17
연산8동-281,1,부산광역시 연제구 과정로294번가길10-13,부산광역시 연제구 연산동 346-62,35.18984488,129.0951073,2021,건축물,051-665-4671,부산광역시 연제구청,2026-04-17
연산6동-558,1,부산광역시 연제구 연제로8번길34,부산광역시 연제구 연산동 1607-19,35.17740209,129.0794715,2021,한전주,051-665-4671,부산광역시 연제구청,2026-04-17
연산1동-269,1,부산광역시 연제구 연동로8번길 22,부산광역시 연제구 연산동 312-18,35.18884338,129.0925364,2020,건축물,051-665-4671,부산광역시 연제구청,2026-04-17
연산1동-259,1,부산광역시 연제구 연동로8번길 8,부산광역시 연제구 연산동 312-33,35.18851956,129.0931461,2020,한전주,051-665-4671,부산광역시 연제구청,2026-04-17
연산1동-261,1,부산광역시 연제구 연동로8번길 10,부산광역시 연제구 연산동 312-30,35.18856631,129.0929642,2020,건축물,051-665-4671,부산광역시 연제구청,2026-04-17
연산1동-262,1,부산광역시 연제구 연동로8번길 14,부산광역시 연제구 연산동 312-25,35.18860365,129.0928177,2020,한전주,051-665-4671,부산광역시 연제구청,2026-04-17
연산1동-264,1,부산광역시 연제구 연동로8번길 16,부산광역시 연제구 연산동 312-22,35.18867705,129.0926707,2020,건축물,051-665-4671,부산광역시 연제구청,2026-04-17
연산1동-267,1,부산광역시 연제구 연동로8번길 22,부산광역시 연제구 연산동 317-18,35.18884338,129.0925364,2020,건축물,051-665-4671,부산광역시 연제구청,2026-04-17
연산6동-196,1,부산광역시 연제구 물만로23번길 46,부산광역시 연제구 연산동 2006-26,35.17300054,129.0858243,,한전주,051-665-4671,부산광역시 연제구청,2026-04-17
연산4동-382,1,부산광역시 연제구 쌍미천로119번길 37,부산광역시 연제구 연산동 646-6,35.18323021,129.0849395,2020,한전주,051-665-4671,부산광역시 연제구청,2026-04-17
연산1동-282,1,부산광역시 연제구 거제천로266,부산광역시 연제구 연산동 581-1,35.19168543,129.0859195,,한전주,051-665-4671,부산광역시 연제구청,2026-04-17
연산1동-246,1,부산광역시 연제구 세병로8-8,부산광역시 연제구 연산동 584-19,35.18926966,129.0849211,2020,건축물,051-665-4671,부산광역시 연제구청,2026-04-17
연산3동-372,1,부산광역시 연제구 금련로9번길6,부산광역시 연제구 연산동 1811-20,35.17294777,129.0967139,2020,한전주,051-665-4671,부산광역시 연제구청,2026-04-17
연산1동-245,1,부산광역시 연제구 세병로10-4,부산광역시 연제구 연산동 584-7,35.18928114,129.0846467,,한전주,051-665-4671,부산광역시 연제구청,2026-04-17
거제2동-326,1,부산광역시 연제구 여고로14번길45,부산광역시 연제구 거제동 894-1,35.19292381,129.0662808,2020,건축물,051-665-4671,부산광역시 연제구청,2026-04-17
거제3동-77,1,부산광역시 연제구 거제시장로14,부산광역시 연제구 거제동 486-10,35.18103668,129.0721528,,한전주,051-665-4671,부산광역시 연제구청,2026-04-17
연산1동-270,1,부산광역시 연제구 연동로8번길 26,부산광역시 연제구 연산동 312-17,35.18896873,129.0923175,2020,건축물,051-665-4671,부산광역시 연제구청,2026-04-17
연산1동-252,1,부산광역시 연제구 연동로8번길 21,부산광역시 연제구 연산동 317-22,35.18865288,129.0923572,2020,한전주,051-665-4671,부산광역시 연제구청,2026-04-17
거제3동-89,1,부산광역시 연제구 거제천로47,부산광역시 연제구 거제동 500-14,35.17867175,129.0715069,,건축물,051-665-4671,부산광역시 연제구청,2026-04-17
연산9동-350,1,부산광역시 연제구 고분로241번길51-1,부산광역시 연제구 연산동 471-30,35.18686714,129.1083197,2020,건축물,051-665-4671,부산광역시 연제구청,2026-04-17
연산9동-349,1,부산광역시 연제구 과정로237번길47-1,부산광역시 연제구 연산동 413-42,35.18654871,129.1037149,2020,건축물,051-665-4671,부산광역시 연제구청,2026-04-17
연산9동-348,1,부산광역시 연제구 과정로191번가길62-1,부산광역시 연제구 연산동 406-30,35.18729365,129.1030772,2020,건축물,051-665-4671,부산광역시 연제구청,2026-04-17
거제1동-303,1,부산광역시 연제구 법원북로69-3,부산광역시 연제구 거제동 382-2,35.19341971,129.0744129,2020,한전주,051-665-4671,부산광역시 연제구청,2026-04-17
연산4동-381,1,부산광역시 연제구 월드컵대로90-12,부산광역시 연제구 연산동 700-38,35.18211247,129.0839365,2020,한전주,051-665-4671,부산광역시 연제구청,2026-04-17
거제4동-125,1,부산광역시 연제구 해맞이로61번길 29,부산광역시 연제구 거제동 760-19,35.17956203,129.0666441,,한전주,051-665-4671,부산광역시 연제구청,2026-04-17
연산9동-289,1,부산광역시 연제구 고분로254번길57-7,부산광역시 연제구 연산동 111-1,35.18188111,129.1104368,,건축물,051-665-4671,부산광역시 연제구청,2026-04-17
연산9동-288,1,부산광역시 연제구 고분로254번길69-2,부산광역시 연제구 연산동 118-12,35.18158378,129.1104218,,한전주,051-665-4671,부산광역시 연제구청,2026-04-17
연산9동-347,1,부산광역시 연제구 과정로132번길56,부산광역시 연제구 연산동 101-1,35.18271027,129.1104481,2020,한전주,051-665-4671,부산광역시 연제구청,2026-04-17
연산4동-380,1,부산광역시 연제구 거제천로238-12,부산광역시 연제구 연산동 579-64,35.19139587,129.0830278,2020,건축물,051-665-4671,부산광역시 연제구청,2026-04-17
연산8동-279,1,부산광역시 연제구 고분로113번길20-4,부산광역시 연제구 연산동 1005-16,35.18684423,129.0949977,2020,건축물,051-665-4671,부산광역시 연제구청,2026-04-17
연산8동-278,1,부산광역시 연제구 고분로123번길32-1,부산광역시 연제구 연산동 374-21,35.18602311,129.0970871,2020,건축물,051-665-4671,부산광역시 연제구청,2026-04-17
연산4동-359,1,부산광역시 연제구 월드컵대로58번길60-1,부산광역시 연제구 연산동 658-21,35.17964344,129.0878671,2015,한전주,051-665-4671,부산광역시 연제구청,2026-04-17
연산2동-255,1,부산광역시 연제구 중앙천로25번길 112,부산광역시 연제구 연산동 1587-4,35.17862391,129.0779068,,한전주,051-665-4671,부산광역시 연제구청,2026-04-17
연산1동-271,1,부산광역시 연제구 연동로8번길 26,부산광역시 연제구 연산동 312-17,35.18896873,129.0923175,2020,건축물,051-665-4671,부산광역시 연제구청,2026-04-17
연산9동-150,1,부산광역시 연제구 고분로236번길 5,부산광역시 연제구 연산동 481-5,35.18418357,129.1080417,2011,한전주,051-665-4671,부산광역시 연제구청,2026-04-17
연산9동-146,1,부산광역시 연제구 고분로242번길 23,부산광역시 연제구 연산동 482-20,35.18337551,129.1086785,2011,건축물,051-665-4671,부산광역시 연제구청,2026-04-17
연산9동-143,1,부산광역시 연제구 고분로242번길 5,부산광역시 연제구 연산동 482-9,35.18416872,129.1086783,2011,한전주,051-665-4671,부산광역시 연제구청,2026-04-17
연산9동-295,1,부산광역시 연제구 토곡남로20번길 41-1,부산광역시 연제구 연산동 22-118,35.18111582,129.1034438,2011,한전주,051-665-4671,부산광역시 연제구청,2026-04-17
연산9동-294,1,부산광역시 연제구 토곡남로20번길 50-3,부산광역시 연제구 연산동 22-18,35.18133924,129.1026673,2011,한전주,051-665-4671,부산광역시 연제구청,2026-04-17
연산9동-293,1,부산광역시 연제구 토곡로9번가길 12-1,부산광역시 연제구 연산동 43-1,35.18192535,129.1055961,2011,한전주,051-665-4671,부산광역시 연제구청,2026-04-17
연산9동-284,1,부산광역시 연제구 과정로237번길 91,부산광역시 연제구 연산동 416-33,35.18534107,129.1056639,2011,한전주,051-665-4671,부산광역시 연제구청,2026-04-17
연산9동-279,1,부산광역시 연제구 과정로191번나길 25,부산광역시 연제구 연산동 415-41,35.18653717,129.1049774,2011,한전주,051-665-4671,부산광역시 연제구청,2026-04-17
연산9동-275,1,부산광역시 연제구 과정로191번나길 13-3,부산광역시 연제구 연산동 415-61,35.18634068,129.1057653,2011,건축물,051-665-4671,부산광역시 연제구청,2026-04-17
연산9동-273,1,부산광역시 연제구 과정로191번나길 9-2,부산광역시 연제구 연산동 415-25,35.18634839,129.1059081,2011,건축물,051-665-4671,부산광역시 연제구청,2026-04-17
연산9동-272,1,부산광역시 연제구 과정로 173,부산광역시 연제구 연산동 418-8,35.18693499,129.1067671,2011,한전주,051-665-4671,부산광역시 연제구청,2026-04-17
연산9동-270,1,부산광역시 연제구 과정로191번가길 31-1,부산광역시 연제구 연산동 414-50,35.18693714,129.1046096,2011,건축물,051-665-4671,부산광역시 연제구청,2026-04-17
연산9동-255,1,부산광역시 연제구 구락로153번길 37-22,부산광역시 연제구 연산동 2227-3,35.17954832,129.1131826,2011,한전주,051-665-4671,부산광역시 연제구청,2026-04-17
연산9동-250,1,부산광역시 연제구 고분로254번길 57-8,부산광역시 연제구 연산동 130-8,35.18172869,129.1103469,2011,한전주,051-665-4671,부산광역시 연제구청,2026-04-17
연산9동-251,1,부산광역시 연제구 고분로254번길 57-8,부산광역시 연제구 연산동 130-8,35.18172869,129.1103469,2011,한전주,051-665-4671,부산광역시 연제구청,2026-04-17
연산9동-246,1,부산광역시 연제구 고분로254번길 89,부산광역시 연제구 연산동 118-60,35.18060432,129.1100834,2011,한전주,051-665-4671,부산광역시 연제구청,2026-04-17
연산2동-152,1,부산광역시 연제구 월드컵대로35번길 25,부산광역시 연제구 연산동 776-5,35.17732716,129.083818,2010,건축물,051-665-4671,부산광역시 연제구청,2026-04-17
연산9동-95,1,부산광역시 연제구 고분로247번길 48,부산광역시 연제구 연산동 189-16,35.18675074,129.1092185,2011,한전주,051-665-4671,부산광역시 연제구청,2026-04-17
연산9동-94,1,부산광역시 연제구 고분로247번길 52,부산광역시 연제구 연산동 189-17,35.18685879,129.1092309,2011,한전주,051-665-4671,부산광역시 연제구청,2026-04-17
연산9동-92,1,부산광역시 연제구 고분로247번길 60,부산광역시 연제구 연산동 189-20,35.18719226,129.1092355,2011,한전주,051-665-4671,부산광역시 연제구청,2026-04-17
연산9동-213,1,부산광역시 연제구 토곡남로 30,부산광역시 연제구 연산동 22-58,35.18092004,129.1041547,2011,한전주,051-665-4671,부산광역시 연제구청,2026-04-17
연산9동-205,1,부산광역시 연제구 토곡로9번가길 22,부산광역시 연제구 연산동 49,35.18167299,129.1056032,2011,건축물,051-665-4671,부산광역시 연제구청,2026-04-17
연산9동-199,1,부산광역시 연제구 토곡로9번길 28,부산광역시 연제구 연산동 68-3,35.18161959,129.1065137,2011,한전주,051-665-4671,부산광역시 연제구청,2026-04-17
연산9동-190,1,부산광역시 연제구 과정로93번길 18-2,부산광역시 연제구 연산동 57-62,35.18036662,129.1065187,2011,한전주,051-665-4671,부산광역시 연제구청,2026-04-17
연산9동-187,1,부산광역시 연제구 고분로254번길 39-2,부산광역시 연제구 연산동 485-27,35.18268464,129.1102941,2011,건축물,051-665-4671,부산광역시 연제구청,2026-04-17
연산9동-185,1,부산광역시 연제구 고분로254번길 34-1,부산광역시 연제구 연산동 486-7,35.18290719,129.1096163,2011,건축물,051-665-4671,부산광역시 연제구청,2026-04-17
연산9동-184,1,부산광역시 연제구 고분로254번길 32,부산광역시 연제구 연산동 486-5,35.18300492,129.1097714,2011,한전주,051-665-4671,부산광역시 연제구청,2026-04-17
연산9동-182,1,부산광역시 연제구 고분로248번길 51-1,부산광역시 연제구 연산동 486-67,35.18213311,129.1094961,2011,건축물,051-665-4671,부산광역시 연제구청,2026-04-17
연산9동-168,1,부산광역시 연제구 과정로114번길 30-20,부산광역시 연제구 연산동 117-16,35.18073366,129.1087633,2011,건축물,051-665-4671,부산광역시 연제구청,2026-04-17
연산9동-165,1,부산광역시 연제구 과정로114번길 30,부산광역시 연제구 연산동 492-7,35.18150006,129.1087846,2011,한전주,051-665-4671,부산광역시 연제구청,2026-04-17
연산9동-163,1,부산광역시 연제구 과정로114번길 26,부산광역시 연제구 연산동 492-11,35.18151888,129.1086533,2011,한전주,051-665-4671,부산광역시 연제구청,2026-04-17
연산9동-160,1,부산광역시 연제구 고분로242번길 82,부산광역시 연제구 연산동 117-22,35.18072757,129.1084449,2011,건축물,051-665-4671,부산광역시 연제구청,2026-04-17
연산9동-155,1,부산광역시 연제구 과정로114번길 15,부산광역시 연제구 연산동 488-53,35.18168584,129.1081395,2011,건축물,051-665-4671,부산광역시 연제구청,2026-04-17
연산2동-156,1,부산광역시 연제구 중앙천로 28-6,부산광역시 연제구 연산동 774-30,35.17755514,129.0835246,2010,건축물,051-665-4671,부산광역시 연제구청,2026-04-17
연산9동-51,1,부산광역시 연제구 온천천남로160번길 32-1,부산광역시 연제구 연산동 463-29,35.18857688,129.1076513,2011,건축물,051-665-4671,부산광역시 연제구청,2026-04-17
연산9동-49,1,부산광역시 연제구 온천천남로160번길 36,부산광역시 연제구 연산동 463-33,35.18846722,129.1078145,2011,전용주,051-665-4671,부산광역시 연제구청,2026-04-17
연산9동-27,1,부산광역시 연제구 온천천남로160번길 16,부산광역시 연제구 연산동 459-15,35.18931462,129.107804,2011,한전주,051-665-4671,부산광역시 연제구청,2026-04-17
연산9동-139,1,부산광역시 연제구 과정로132번길 26,부산광역시 연제구 연산동 487-3,35.1830961,129.1086747,2011,한전주,051-665-4671,부산광역시 연제구청,2026-04-17
연산9동-137,1,부산광역시 연제구 과정로132번길 44,부산광역시 연제구 연산동 486-2,35.18309646,129.1096189,2011,한전주,051-665-4671,부산광역시 연제구청,2026-04-17
연산9동-135,1,부산광역시 연제구 과정로132번길 66-1,부산광역시 연제구 연산동 132,35.18279536,129.1110002,2011,한전주,051-665-4671,부산광역시 연제구청,2026-04-17
연산9동-133,1,부산광역시 연제구 과정로132번길 67-2,부산광역시 연제구 연산동 131-2,35.1834472,129.1106887,2011,건축물,051-665-4671,부산광역시 연제구청,2026-04-17
연산8동-16,1,부산광역시 연제구 고분로 258,부산광역시 연제구 연산동 1088,35.18434318,129.1103152,2011,한전주,051-665-4671,부산광역시 연제구청,2026-04-17
연산9동-124,1,부산광역시 연제구 고분로259번길 20,부산광역시 연제구 연산동 201-21,35.18482503,129.1108282,2011,한전주,051-665-4671,부산광역시 연제구청,2026-04-17
연산9동-122,1,부산광역시 연제구 고분로259번길 13,부산광역시 연제구 연산동 201-9,35.18506047,129.1107107,2011,건축물,051-665-4671,부산광역시 연제구청,2026-04-17
연산9동-120,1,부산광역시 연제구 고분로259번길 6,부산광역시 연제구 연산동 201-20,35.18482634,129.1106855,2011,한전주,051-665-4671,부산광역시 연제구청,2026-04-17
연산9동-117,1,부산광역시 연제구 고분로253번길 37-13,부산광역시 연제구 연산동 196-37,35.18622331,129.1107045,2011,건축물,051-665-4671,부산광역시 연제구청,2026-04-17
연산9동-106,1,부산광역시 연제구 고분로247번길 26,부산광역시 연제구 연산동 475-42,35.1856678,129.1093575,2011,한전주,051-665-4671,부산광역시 연제구청,2026-04-17
연산9동-96,1,부산광역시 연제구 고분로247번길 32,부산광역시 연제구 연산동 475-1,35.1859033,129.1093819,2011,한전주,051-665-4671,부산광역시 연제구청,2026-04-17
연산9동-101,1,부산광역시 연제구 고분로241번길 7,부산광역시 연제구 연산동 477-43,35.18487392,129.1084464,2011,건축물,051-665-4671,부산광역시 연제구청,2026-04-17
연산9동-99,1,부산광역시 연제구 과정로164번길 29,부산광역시 연제구 연산동 472-23,35.18617725,129.1088484,2011,한전주,051-665-4671,부산광역시 연제구청,2026-04-17
연산2동-157,1,부산광역시 연제구 중앙천로 30-5,부산광역시 연제구 연산동 774-5,35.17779055,129.083407,2010,건축물,051-665-4671,부산광역시 연제구청,2026-04-17
연산1동-229,1,부산광역시 연제구 쌍미천로 171-1,부산광역시 연제구 연산동 615-68,35.18804273,129.0870458,2012,건축물,051-665-4671,부산광역시 연제구청,2026-04-17
연산6동-505,1,부산광역시 연제구 월드컵대로32번길 8,부산광역시 연제구 연산동 666-11,35.17753181,129.0861262,2012,건축물,051-665-4671,부산광역시 연제구청,2026-04-17
연산2동-537,1,부산광역시 연제구 황령산로498번길 7,부산광역시 연제구 연산동 산 181-1,35.16421198,129.0828095,2012,한전주,051-665-4671,부산광역시 연제구청,2026-04-17
연산9동-90,1,부산광역시 연제구 고분로241번길 44,부산광역시 연제구 연산동 472-5,35.18650269,129.1086768,2011,한전주,051-665-4671,부산광역시 연제구청,2026-04-17
연산9동-89,1,부산광역시 연제구 고분로241번길 38,부산광역시 연제구 연산동 472-14,35.18630483,129.1086964,2011,한전주,051-665-4671,부산광역시 연제구청,2026-04-17
연산9동-86,1,부산광역시 연제구 과정로164번길 6,부산광역시 연제구 연산동 478-30,35.18598202,129.1075282,2011,전용주,051-665-4671,부산광역시 연제구청,2026-04-17
연산9동-85,1,부산광역시 연제구 고분로235번길 31,부산광역시 연제구 연산동 478-19,35.18594841,129.1077903,2011,한전주,051-665-4671,부산광역시 연제구청,2026-04-17
연산9동-83,1,부산광역시 연제구 고분로235번길 60-7,부산광역시 연제구 연산동 470-3,35.18746339,129.1081741,2011,건축물,051-665-4671,부산광역시 연제구청,2026-04-17
연산9동-80,1,부산광역시 연제구 좌수영로 299-1,부산광역시 연제구 연산동 189-2,35.18751833,129.1090642,2011,한전주,051-665-4671,부산광역시 연제구청,2026-04-17
연산9동-79,1,부산광역시 연제구 좌수영로 299,부산광역시 연제구 연산동 149-4,35.18766253,129.1090662,2011,한전주,051-665-4671,부산광역시 연제구청,2026-04-17
연산9동-75,1,부산광역시 연제구 안연로8번길 22,부산광역시 연제구 연산동 399-9,35.18820423,129.1020684,2011,한전주,051-665-4671,부산광역시 연제구청,2026-04-17
연산9동-73,1,부산광역시 연제구 과정로226번길 8,부산광역시 연제구 연산동 400-40,35.1881798,129.1027708,2011,한전주,051-665-4671,부산광역시 연제구청,2026-04-17
연산9동-67,1,부산광역시 연제구 과정로 210,부산광역시 연제구 연산동 400-28,35.18797591,129.1043711,2011,한전주,051-665-4671,부산광역시 연제구청,2026-04-17
연산9동-61,1,부산광역시 연제구 안연로8번길 78,부산광역시 연제구 연산동 401-5,35.18822956,129.1052167,2011,건축물,051-665-4671,부산광역시 연제구청,2026-04-17
연산9동-58,1,부산광역시 연제구 안연로8번길 93,부산광역시 연제구 연산동 396-45,35.18856371,129.1061358,2011,건축물,051-665-4671,부산광역시 연제구청,2026-04-17
연산9동-53,1,부산광역시 연제구 과정로192번길 40,부산광역시 연제구 연산동 420-7,35.18975038,129.1064814,2011,한전주,051-665-4671,부산광역시 연제구청,2026-04-17
연산2동-158,1,부산광역시 연제구 중앙천로 32-5,부산광역시 연제구 연산동 774-4,35.17793554,129.0833211,2010,건축물,051-665-4671,부산광역시 연제구청,2026-04-17
연산4동-363,1,부산광역시 연제구 고분로20번길 46,부산광역시 연제구 연산동 1230-1,35.18354107,129.0844495,2015,한전주,051-665-4671,부산광역시 연제구청,2026-04-17
연산6동-483,1,부산광역시 연제구 마곡천로30번길 30-1,부산광역시 연제구 연산동 2018-120,35.17087204,129.0859606,2015,전용주,051-665-4671,부산광역시 연제구청,2026-04-17
연산6동-483,1,부산광역시 연제구 마곡천로30번길 30-1,부산광역시 연제구 연산동 2018-120,35.17087204,129.0859606,,전용주,051-665-4671,부산광역시 연제구청,2026-04-17
연산4동-339,1,부산광역시 연제구 고분로20번길 42-1,부산광역시 연제구 연산동 1233-10,35.18376787,129.0842879,2012,건축물,051-665-4671,부산광역시 연제구청,2026-04-17
연산3동-343,1,부산광역시 연제구 마곡천로 23-2,부산광역시 연제구 연산동 2014-22,35.17234455,129.087605,2012,건축물,051-665-4671,부산광역시 연제구청,2026-04-17
연산3동-342,1,부산광역시 연제구 연수로 160-7,부산광역시 연제구 연산동 1938-67,35.1739364,129.0882166,2012,건축물,051-665-4671,부산광역시 연제구청,2026-04-17
연산2동-538,1,부산광역시 연제구 중앙대로1040번길 3,부산광역시 연제구 연산동 1325-11,35.18096567,129.0781134,2012,건축물,051-665-4671,부산광역시 연제구청,2026-04-17
거제3동-182,1,부산광역시 연제구 거제대로118번길 11,부산광역시 연제구 거제동 737-12,35.17889682,129.0695007,2012,건축물,051-665-4671,부산광역시 연제구청,2026-04-17
거제3동-181,1,부산광역시 연제구 거제대로118번길 35-1,부산광역시 연제구 거제동 500-16,35.17865985,129.070815,2012,건축물,051-665-4671,부산광역시 연제구청,2026-04-17
거제1동-268,1,부산광역시 연제구 거제천로 279-7,부산광역시 연제구 거제동 1463-23,35.1926346,129.0876231,2012,한전주,051-665-4671,부산광역시 연제구청,2026-04-17
연산9동-311,1,부산광역시 연제구 고분로254번길 23,부산광역시 연제구 연산동 484-15,35.18341348,129.1101384,2012,한전주,051-665-4671,부산광역시 연제구청,2026-04-17
연산5동-290,1,부산광역시 연제구 거제천로182번길 46,부산광역시 연제구 연산동 1127-28,35.18761036,129.079969,2012,한전주,051-665-4671,부산광역시 연제구청,2026-04-17
연산5동-289,1,부산광역시 연제구 거제천로182번길 50-1,부산광역시 연제구 연산동 1127-19,35.18737603,129.0799659,2012,건축물,051-665-4671,부산광역시 연제구청,2026-04-17
연산4동-338,1,부산광역시 연제구 거제천로230번길 9,부산광역시 연제구 연산동 579-40,35.19144811,129.0822269,2012,건축물,051-665-4671,부산광역시 연제구청,2026-04-17
연산9동-310,1,부산광역시 연제구 과정로 198,부산광역시 연제구 연산동 401-9,35.18820702,129.1057138,2012,건축물,051-665-4671,부산광역시 연제구청,2026-04-17
연산6동-506,1,부산광역시 연제구 배산로33번길 9,부산광역시 연제구 연산동 2120-17,35.17456371,129.0959718,2012,한전주,051-665-4671,부산광역시 연제구청,2026-04-17
연산2동-159,1,부산광역시 연제구 중앙천로 34-5,부산광역시 연제구 연산동 774-3,35.17809866,129.0832244,2010,건축물,051-665-4671,부산광역시 연제구청,2026-04-17
연산4동-361,1,부산광역시 연제구 쌍미천로125번길 39,부산광역시 연제구 연산동 644-9,35.18368965,129.0849794,2015,한전주,051-665-4671,부산광역시 연제구청,2026-04-17
연산8동-264,1,부산광역시 연제구 과정로 267,부산광역시 연제구 연산동 381-5,35.18768368,129.0978561,,건축물,051-665-4671,부산광역시 연제구청,2026-04-17
연산6동-522,1,부산광역시 연제구 월드컵대로46번길 4,부산광역시 연제구 연산동 685-38,35.1785934,129.0853499,2015,한전주,051-665-4671,부산광역시 연제구청,2026-04-17
연산9동-322,1,부산광역시 연제구 고분로236번길 6,부산광역시 연제구 연산동 480-32,35.18415043,129.1077229,2016,한전주,051-665-4671,부산광역시 연제구청,2026-04-17
연산1동-235,1,부산광역시 연제구 고분로67번길 4,부산광역시 연제구 연산동-327-9,35.18587081,129.0900033,2016,건축물,051-665-4671,부산광역시 연제구청,2026-04-17
연산2동-572,1,부산광역시 연제구 월드컵대로35번길 7,부산광역시 연제구 연산동 775-40,35.17760682,129.0848031,2020,전용주,051-665-4671,부산광역시 연제구청,2026-04-17
연산2동-555,1,부산광역시 연제구 중앙천로39번길 21,부산광역시 연제구 연산동 794-7,35.17828483,129.0813246,2015,한전주,051-665-4671,부산광역시 연제구청,2026-04-17
연산1동-234,1,부산광역시 연제구 연동로8번길 66,부산광역시 연제구 연산동 313-10,35.18998638,129.0904206,2015,건축물,051-665-4671,부산광역시 연제구청,2026-04-17
연산4동-364,1,부산광역시 연제구 반송로 13-7,부산광역시 연제구 연산동 726-11,35.18708543,129.0822239,2015,한전주,051-665-4671,부산광역시 연제구청,2026-04-17
연산1동-233,1,부산광역시 연제구 온천천남로4번길 34,부산광역시 연제구 연산동 104-88,35.19165117,129.0907284,2015,건축물,051-665-4671,부산광역시 연제구청,2026-04-17
연산8동-266,1,부산광역시 연제구 고분로112번길 15,부산광역시 연제구 연산동 1014-33,35.18501103,129.0947896,2015,한전주,051-665-4671,부산광역시 연제구청,2026-04-17
연산5동-302,1,부산광역시 연제구 월드컵대로79번길 15,부산광역시 연제구 연산동 719-10,35.18113991,129.0828257,2015,한전주,051-665-4671,부산광역시 연제구청,2026-04-17
거제3동-193,1,부산광역시 연제구 거제시장로22번길 59,부산광역시 연제구 거제동 560-2,35.18375553,129.0725289,2015,한전주,051-665-4671,부산광역시 연제구청,2026-04-17
연산8동-265,1,부산광역시 연제구 과정로251번길 4,부산광역시 연제구 연산동 380-28,35.18760803,129.0996862,2015,건축물,051-665-4671,부산광역시 연제구청,2026-04-17
연산2동-554,1,부산광역시 연제구 중앙천로25번길 3,부산광역시 연제구 연산동 811-41,35.17714566,129.0829483,2015,건축물,051-665-4671,부산광역시 연제구청,2026-04-17
거제2동-321,1,부산광역시 연제구 여고로14번길 73,부산광역시 연제구 거제동 900-4,35.19175902,129.0665071,2015,한전주,051-665-4671,부산광역시 연제구청,2026-04-17
연산2동-205,1,부산광역시 연제구 중앙천로76번길 27,부산광역시 연제구 연산동 1261-15,35.18076237,129.0816993,2010,한전주,051-665-4671,부산광역시 연제구청,2026-04-17
연산9동-319,1,부산광역시 연제구 토곡남로 30,부산광역시 연제구 연산동 22-58,35.18092004,129.1041547,2014,건축물,051-665-4671,부산광역시 연제구청,2026-04-17
연산9동-318,1,부산광역시 연제구 좌수영로 299-1,부산광역시 연제구 연산동 189-2,35.18751833,129.1090642,2014,건축물,051-665-4671,부산광역시 연제구청,2026-04-17
연산8동-262,1,부산광역시 연제구 과정로291번길 13,부산광역시 연제구 연산동 449-21,35.18785028,129.0953879,2014,한전주,051-665-4671,부산광역시 연제구청,2026-04-17
연산6동-276,1,부산광역시 연제구 마곡천로 48,부산광역시 연제구 연산동 2018-72,35.17027901,129.0867541,,전용주,051-665-4671,부산광역시 연제구청,2026-04-17
연산6동-185,1,부산광역시 연제구 마곡천로32,부산광역시 연제구 연산동 2018-28,35.17173701,129.0870041,,한전주,051-665-4671,부산광역시 연제구청,2026-04-17
연산9동-321,1,부산광역시 연제구 고분로254번길 39,부산광역시 연제구 연산동 485-29,35.18268736,129.1099976,2015,한전주,051-665-4671,부산광역시 연제구청,2026-04-17
연산8동-264,1,부산광역시 연제구 과정로283번가길 18,부산광역시 연제구 연산동 371-13,35.18722159,129.0971252,2015,건축물,051-665-4671,부산광역시 연제구청,2026-04-17
연산6동-523,1,부산광역시 연제구 쌍미천로47번길 24-2,부산광역시 연제구 연산동 667-65,35.17726297,129.087956,2015,건축물,051-665-4671,부산광역시 연제구청,2026-04-17
연산4동-362,1,부산광역시 연제구 고분로20번길 95,부산광역시 연제구 연산동 1176,35.18161839,129.0851951,,건축물,051-665-4671,부산광역시 연제구청,2026-04-17
연산4동-365,1,부산광역시 연제구 쌍미천로129번길 30,부산광역시 연제구 연산동 640-31,35.18437011,129.0854817,2015,건축물,051-665-4671,부산광역시 연제구청,2026-04-17
연산5동-301,1,부산광역시 연제구 월드컵대로164번길 17,부산광역시 연제구 연산동 1141-4,35.18808941,129.0788115,,건축물,051-665-4671,부산광역시 연제구청,2026-04-17
연산2동-553,1,부산광역시 연제구 황령산로543번길 14-4,부산광역시 연제구 연산동 산 183-2,35.16786855,129.0821445,2015,건축물,051-665-4671,부산광역시 연제구청,2026-04-17
거제3동-192,1,부산광역시 연제구 거제대로74번길 35,부산광역시 연제구 거제동 750-5,35.1765124,129.0690193,2015,건축물,051-665-4671,부산광역시 연제구청,2026-04-17
연산2동-552,1,부산광역시 연제구 황령산로 615,부산광역시 연제구 연산동 2367,35.17330876,129.0814935,2015,한전주,051-665-4671,부산광역시 연제구청,2026-04-17
연산2동-551,1,부산광역시 연제구 연수로82번길 14-3,부산광역시 연제구 연산동 856-10,35.17460821,129.0794235,2015,한전주,051-665-4671,부산광역시 연제구청,2026-04-17
연산5동-300,1,부산광역시 연제구 거제천로154번길 13,부산광역시 연제구 연산동 1142-14,35.18702629,129.0777434,2015,한전주,051-665-4671,부산광역시 연제구청,2026-04-17
연산2동-207,1,부산광역시 연제구 중앙천로70번길 14,부산광역시 연제구 연산동 1262-43,35.18039672,129.0814282,2010,한전주,051-665-4671,부산광역시 연제구청,2026-04-17
연산4동-356,1,부산광역시 연제구 거제천로 238-6,부산광역시 연제구 연산동 579-61,35.19171221,129.0829332,2014,한전주,051-665-4671,부산광역시 연제구청,2026-04-17
연산4동-355,1,부산광역시 연제구 세병로 35,부산광역시 연제구 연산동 579-69,35.19150724,129.0836771,2014,건축물,051-665-4671,부산광역시 연제구청,2026-04-17
연산4동-354,1,부산광역시 연제구 고분로32번길 20,부산광역시 연제구 연산동 640-1,35.18467477,129.0856833,2014,한전주,051-665-4671,부산광역시 연제구청,2026-04-17
연산6동-520,1,부산광역시 연제구 마곡천로30번길 43,부산광역시 연제구 연산동 2018-52,35.17020838,129.0865885,,한전주,051-665-4671,부산광역시 연제구청,2026-04-17
연산6동-521,1,부산광역시 연제구 쌍미천로7번길 11,부산광역시 연제구 연산동 2134-8,35.17443667,129.0915081,2015,건축물,051-665-4671,부산광역시 연제구청,2026-04-17
연산3동-354,1,부산광역시 연제구 금련로38번길 65-4,부산광역시 연제구 연산동 1811-688,35.17174797,129.0937884,2015,건축물,051-665-4671,부산광역시 연제구청,2026-04-17
연산2동-550,1,부산광역시 연제구 진남로 609,부산광역시 연제구 연산동 844-54,35.17441247,129.0801455,2015,한전주,051-665-4671,부산광역시 연제구청,2026-04-17
연산4동-360,1,부산광역시 연제구 쌍미천로87번길 16-1,부산광역시 연제구 연산동 654-4,35.18064215,129.0870679,2015,건축물,051-665-4671,부산광역시 연제구청,2026-04-17
거제1동-282,1,부산광역시 연제구 교대로 11,부산광역시 연제구 거제동 79-31,35.19529358,129.0785774,,건축물,051-665-4671,부산광역시 연제구청,2026-04-17
연산1동-232,1,부산광역시 연제구 신금로 9-8,부산광역시 연제구 연산동 308-29,35.19007587,129.0936235,,건축물,051-665-4671,부산광역시 연제구청,2026-04-17
연산2동-549,1,부산광역시 연제구 중앙천로73번길 10-1,부산광역시 연제구 연산동 1645-4,35.18030299,129.0798529,2015,전용주,051-665-4671,부산광역시 연제구청,2026-04-17
연산8동-263,1,부산광역시 연제구 연동로13번길 15-1,부산광역시 연제구 연산동 341-25,35.18778931,129.0941573,,건축물,051-665-4671,부산광역시 연제구청,2026-04-17
거제3동-191,1,부산광역시 연제구 거제천로 35,부산광역시 연제구 거제동 566-54,35.17776891,129.0716706,2015,건축물,051-665-4671,부산광역시 연제구청,2026-04-17
연산4동-358,1,부산광역시 연제구 월드컵대로58번길 16-1,부산광역시 연제구 연산동 657-9,35.17965622,129.0854409,,한전주,051-665-4671,부산광역시 연제구청,2026-04-17
거제2동-320,1,부산광역시 연제구 종합운동장로28번길 12,부산광역시 연제구 거제동897-1,35.19319389,129.0653009,2015,건축물,051-665-4671,부산광역시 연제구청,2026-04-17
연산9동-320,1,부산광역시 연제구 토곡로9번가길 22,부산광역시 연제구 연산동 49,35.18167299,129.1056032,2014,한전주,051-665-4671,부산광역시 연제구청,2026-04-17
연산2동-208,1,부산광역시 연제구 중앙천로70번길 8,부산광역시 연제구 연산동 1262-20,35.18047946,129.0810822,2010,건축물,051-665-4671,부산광역시 연제구청,2026-04-17
거제3동-189,1,부산광역시 연제구 거제대로230번길 43,부산광역시 연제구 거제동 34-25,35.18700695,129.0758656,2014,건축물,051-665-4671,부산광역시 연제구청,2026-04-17
연산8동-260,1,부산광역시 연제구 안연로7번가길 11,부산광역시 연제구 연산동 360-41,35.18874616,129.0999676,2014,건축물,051-665-4671,부산광역시 연제구청,2026-04-17
연산6동-513,1,부산광역시 연제구 연수로149번길 7,부산광역시 연제구 연산동 1919-7,35.17510146,129.0871364,2014,한전주,051-665-4671,부산광역시 연제구청,2026-04-17
연산8동-261,1,부산광역시 연제구 과정로283번나길 6,부산광역시 연제구 연산동 372-36,35.18681129,129.0966476,2014,건축물,051-665-4671,부산광역시 연제구청,2026-04-17
연산6동-519,1,부산광역시 연제구 연수로148번길 15,부산광역시 연제구 연산동 1940-21,35.17407718,129.0873865,2014,건축물,051-665-4671,부산광역시 연제구청,2026-04-17
연산6동-518,1,부산광역시 연제구 쌍미천로67,부산광역시 연제구 연산동 659-64,35.17885965,129.0888226,2014,한전주,051-665-4671,부산광역시 연제구청,2026-04-17
연산6동-517,1,부산광역시 연제구 배산북로 9,부산광역시 연제구 연산동 2132-9,35.17530774,129.0930006,2014,건축물,051-665-4671,부산광역시 연제구청,2026-04-17
연산6동-516,1,부산광역시 연제구 대리로22번길 108-6,부산광역시 연제구 연산동 671-30,35.17680122,129.0871813,2014,건축물,051-665-4671,부산광역시 연제구청,2026-04-17
연산6동-515,1,부산광역시 연제구 연수로148번길 1,부산광역시 연제구 연산동 1947-6,35.17436835,129.087083,2014,한전주,051-665-4671,부산광역시 연제구청,2026-04-17
연산6동-514,1,부산광역시 연제구 연수로148번길 8-18,부산광역시 연제구 연산동 1941-92,35.17370993,129.0871292,2014,건축물,051-665-4671,부산광역시 연제구청,2026-04-17
연산6동-507,1,부산광역시 연제구 쌍미천로7번길 58-1,부산광역시 연제구 연산동 1881-3,35.17568805,129.0896805,2014,한전주,051-665-4671,부산광역시 연제구청,2026-04-17
연산5동-311,1,부산광역시 연제구 거제천로152번길 17,부산광역시 연제구 연산동 1256-9,35.18663962,129.0776394,2014,건축물,051-665-4671,부산광역시 연제구청,2026-04-17
연산5동-299,1,부산광역시 연제구 월드컵대로153번길 34,부산광역시 연제구 연산동 1289-1,35.18537019,129.0783517,2014,건축물,051-665-4671,부산광역시 연제구청,2026-04-17
연산5동-298,1,부산광역시 연제구 거제천로 64,부산광역시 연제구 연산동 1514-11,35.17995377,129.0722922,2014,건축물,051-665-4671,부산광역시 연제구청,2026-04-17
연산5동-297,1,부산광역시 연제구 월드컵대로165번길 47,부산광역시 연제구 연산동 1293-7,35.18523831,129.0770939,2014,건축물,051-665-4671,부산광역시 연제구청,2026-04-17
연산4동-357,1,부산광역시 연제구 월드컵대로92번길 63-1,부산광역시 연제구 연산동 647-3,35.18303221,129.0869131,2014,건축물,051-665-4671,부산광역시 연제구청,2026-04-17
연산2동-210,1,부산광역시 연제구 중앙천로80번길 30,부산광역시 연제구 연산동 1262-8,35.18078374,129.0813278,2010,전용주,051-665-4671,부산광역시 연제구청,2026-04-17
연산3동-349,1,부산광역시 연제구 금련로62번길 56-10,부산광역시 연제구 연산동 산161-1,35.17020749,129.092692,2013,한전주,051-665-4671,부산광역시 연제구청,2026-04-17
연산1동-231,1,부산광역시 연제구 온천천남로4번길 9,부산광역시 연제구 연산동 300-67,35.19273171,129.0908527,2013,건축물,051-665-4671,부산광역시 연제구청,2026-04-17
거제3동-187,1,부산광역시 연제구 거제대로 128-15,부산광역시 연제구 거제동 740-56,35.17985654,129.0700403,2013,한전주,051-665-4671,부산광역시 연제구청,2026-04-17
연산4동-353,1,부산광역시 연제구 쌍미천로 111-6,부산광역시 연제구 연산동 649-9,35.18266279,129.0868972,2014,건축물,051-665-4671,부산광역시 연제구청,2026-04-17
연산3동-353,1,부산광역시 연제구 마곡천로 25,부산광역시 연제구 연산동 2014-12,35.17227492,129.0873296,2014,건축물,051-665-4671,부산광역시 연제구청,2026-04-17
연산2동-548,1,부산광역시 연제구 중앙천로25번길 104,부산광역시 연제구 연산동 1587-10,35.17847617,129.0782825,2014,건축물,051-665-4671,부산광역시 연제구청,2026-04-17
연산2동-547,1,부산광역시 연제구 중앙천로39번길 5,부산광역시 연제구 연산동 794-66,35.17819734,129.0822706,2014,건축물,051-665-4671,부산광역시 연제구청,2026-04-17
거제3동-190,1,부산광역시 연제구 거제대로 94,부산광역시 연제구 거제동 721-3,35.17691575,129.0682561,2014,한전주,051-665-4671,부산광역시 연제구청,2026-04-17
거제2동-316,1,부산광역시 연제구 아시아드대로54번길 38,부산광역시 연제구 거제동 1091-1,35.18999026,129.069798,2014,건축물,051-665-4671,부산광역시 연제구청,2026-04-17
거제2동-315,1,부산광역시 연제구 월드컵대로243번길 6-10,부산광역시 연제구 거제동 1028-4,35.18951995,129.0699805,2014,한전주,051-665-4671,부산광역시 연제구청,2026-04-17
거제1동-281,1,부산광역시 연제구 중앙대로 1171-14,부산광역시 연제구 거제동 1-63,35.19174411,129.079365,2014,건축물,051-665-4671,부산광역시 연제구청,2026-04-17
연산4동-352,1,부산광역시 연제구 대리로5번길 64,부산광역시 연제구 연산동 1234-2,35.18386292,129.0837402,2014,건축물,051-665-4671,부산광역시 연제구청,2026-04-17
연산3동-346,1,부산광역시 연제구 금련로38번길 81-8,부산광역시 연제구 연산동 1824-82,35.17140846,129.0934545,,건축물,051-665-4671,부산광역시 연제구청,2026-04-17
거제2동-228,1,부산광역시 연제구 월드컵대로235번길 13,부산광역시 연제구 거제동 1177-29,35.18908507,129.0712485,,한전주,051-665-4671,부산광역시 연제구청,2026-04-17
연산5동-129,1,부산광역시 연제구 신촌로 11,부산광역시 연제구 연산동 1355-6,35.18242111,129.0766285,,한전주,051-665-4671,부산광역시 연제구청,2026-04-17
연산4동-350,1,부산광역시 연제구 묘봉산로11번길 4,부산광역시 연제구 연산동 1115-15,35.18333354,129.0884871,2014,건축물,051-665-4671,부산광역시 연제구청,2026-04-17
연산2동-212,1,부산광역시 연제구 중앙천로 72-2,부산광역시 연제구 연산동 1320-38,35.18073682,129.0805257,2010,한전주,051-665-4671,부산광역시 연제구청,2026-04-17
거제4동-198,1,부산광역시 연제구 해맞이로57번길 60,부산광역시 연제구 거제동 676-298,35.17930004,129.0646644,2010,한전주,051-665-4671,부산광역시 연제구청,2026-04-17
연산2동-513,1,부산광역시 연제구 중앙천로20번길 14,부산광역시 연제구 연산동 777-44,35.17679218,129.084294,2010,건축물,051-665-4671,부산광역시 연제구청,2026-04-17
연산2동-516,1,부산광역시 연제구 황령산로498번길 20,부산광역시 연제구 연산동 산181-1,35.16363476,129.0828457,2010,전용주,051-665-4671,부산광역시 연제구청,2026-04-17
연산6동-334,1,부산광역시 연제구 대리로22번길 106,부산광역시 연제구 연산동 671-2,35.17689927,129.0873034,2011,건축물,051-665-4671,부산광역시 연제구청,2026-04-17
연산6동-326,1,부산광역시 연제구 월드컵대로10번길 21,부산광역시 연제구 연산동 670-27,35.17601513,129.0873904,2011,한전주,051-665-4671,부산광역시 연제구청,2026-04-17
연산6동-303,1,부산광역시 연제구 연수로149번길 15-2,부산광역시 연제구 연산동 1920-6,35.17539681,129.0869871,2011,한전주,051-665-4671,부산광역시 연제구청,2026-04-17
연산6동-301,1,부산광역시 연제구 연수로149번길 11,부산광역시 연제구 연산동 1919-2,35.17528717,129.0871502,2011,건축물,051-665-4671,부산광역시 연제구청,2026-04-17
연산6동-296,1,부산광역시 연제구 쌍미천로45번길 48-7,부산광역시 연제구 연산동 1929-16,35.17544515,129.0876243,2011,건축물,051-665-4671,부산광역시 연제구청,2026-04-17
연산6동-291,1,부산광역시 연제구 쌍미천로45번길 42,부산광역시 연제구 연산동 1931-4,35.17579419,129.0879035,2011,건축물,051-665-4671,부산광역시 연제구청,2026-04-17
연산6동-481,1,부산광역시 연제구 쌍미천로59번길 49-4,부산광역시 연제구 연산동 665-7,35.17776299,129.0864806,2010,건축물,051-665-4671,부산광역시 연제구청,2026-04-17
연산2동-522,1,부산광역시 연제구 황령산로524번길 31,부산광역시 연제구 연산동 산181-1,35.16541164,129.0837255,2010,건축물,051-665-4671,부산광역시 연제구청,2026-04-17
연산6동-480,1,부산광역시 연제구 연수로213번길 15-1,부산광역시 연제구 연산동 2130-32,35.17459263,129.0940276,2010,건축물,051-665-4671,부산광역시 연제구청,2026-04-17
연산2동-521,1,부산광역시 연제구 황령산로521번길 3,부산광역시 연제구 연산동 산183-2,35.16622699,129.0827514,2010,한전주,051-665-4671,부산광역시 연제구청,2026-04-17
연산2동-520,1,부산광역시 연제구 황령산로25번길 17-1,부산광역시 연제구 연산동 808-34,35.17700814,129.0821999,2010,건축물,051-665-4671,부산광역시 연제구청,2026-04-17
연산9동-305,1,부산광역시 연제구 고분로254번길 49-1,부산광역시 연제구 연산동 485-14,35.18224393,129.1101892,2010,건축물,051-665-4671,부산광역시 연제구청,2026-04-17
연산4동-325,1,부산광역시 연제구 쌍미천로119번길 42-1,부산광역시 연제구 연산동 644-47,35.18354733,129.0847571,2010,건축물,051-665-4671,부산광역시 연제구청,2026-04-17
연산6동-216,1,부산광역시 연제구 물만로23번길 59,부산광역시 연제구 연산동 산176-36,35.17245385,129.0864757,2010,건축물,051-665-4671,부산광역시 연제구청,2026-04-17
연산6동-208,1,부산광역시 연제구 물만로23번길 49,부산광역시 연제구 연산동 2005-73,35.17292508,129.0862161,2010,건축물,051-665-4671,부산광역시 연제구청,2026-04-17
연산6동-202,1,부산광역시 연제구 마곡천로 26-6,부산광역시 연제구 연산동 2006-27,35.17235294,129.0866721,2010,건축물,051-665-4671,부산광역시 연제구청,2026-04-17
연산1동-219,1,부산광역시 연제구 온천천남로4번길 25,부산광역시 연제구 연산동 300-51,35.19215544,129.0907986,2010,건축물,051-665-4671,부산광역시 연제구청,2026-04-17
연산9동-302,1,부산광역시 연제구 과정로164번길 16,부산광역시 연제구 연산동 477-1,35.18596788,129.1080879,2010,한전주,051-665-4671,부산광역시 연제구청,2026-04-17
연산2동-518,1,부산광역시 연제구 중앙천로19번길 28-1,부산광역시 연제구 연산동 808-6,35.17680173,129.0820984,2010,건축물,051-665-4671,부산광역시 연제구청,2026-04-17
거제3동-176,1,부산광역시 연제구 거제대로138번길 14-2,부산광역시 연제구 거제동 605-26,35.18062902,129.0703469,2010,건축물,051-665-4671,부산광역시 연제구청,2026-04-17
거제2동-296,1,부산광역시 연제구 아시아드대로54번길 5-3,부산광역시 연제구 거제동 987-11,35.18958054,129.0682245,2010,건축물,051-665-4671,부산광역시 연제구청,2026-04-17
연산6동-478,1,부산광역시 연제구 배산북로12번길 19,부산광역시 연제구 연산동 2129-11,35.17540408,129.0941778,2010,건축물,051-665-4671,부산광역시 연제구청,2026-04-17
거제3동-175,1,부산광역시 연제구 거제대로118번길 31-2,부산광역시 연제구 거제동 500-46,35.17871499,129.0706951,2010,건축물,051-665-4671,부산광역시 연제구청,2026-04-17
연산3동-326,1,부산광역시 연제구 금련로38번길 63-5,부산광역시 연제구 연산동 1827-8,35.17157671,129.0938492,2010,건축물,051-665-4671,부산광역시 연제구청,2026-04-17
연산2동-512,1,부산광역시 연제구 연수로115번길 5,부산광역시 연제구 연산동 1971-22,35.17541783,129.0836389,2010,건축물,051-665-4671,부산광역시 연제구청,2026-04-17
연산6동-479,1,부산광역시 연제구 배산북로23번길 25-1,부산광역시 연제구 연산동 2141-12,35.17630237,129.0925973,2010,건축물,051-665-4671,부산광역시 연제구청,2026-04-17
연산5동-283,1,부산광역시 연제구 월드컵대로111번길 6-6,부산광역시 연제구 연산동 708-9,35.18423209,129.0821385,2010,한전주,051-665-4671,부산광역시 연제구청,2026-04-17
연산4동-323,1,부산광역시 연제구 쌍미천로141번길 36-1,부산광역시 연제구 연산동 636-9,35.18542774,129.0852635,2010,건축물,051-665-4671,부산광역시 연제구청,2026-04-17
연산4동-322,1,부산광역시 연제구 고분로20번길 5,부산광역시 연제구 연산동 636-5,35.18544131,129.0846395,2010,건축물,051-665-4671,부산광역시 연제구청,2026-04-17
연산6동-137,1,부산광역시 연제구 연수로159번길 15,부산광역시 연제구 연산동 1876-267,35.17520083,129.0882011,2010,한전주,051-665-4671,부산광역시 연제구청,2026-04-17
연산6동-135,1,부산광역시 연제구 연수로 155-2,부산광역시 연제구 연산동 1936-19,35.17468383,129.0880863,2010,건축물,051-665-4671,부산광역시 연제구청,2026-04-17
연산6동-133,1,부산광역시 연제구 연수로 155-10,부산광역시 연제구 연산동 1936-17,35.17498136,129.0880792,2010,건축물,051-665-4671,부산광역시 연제구청,2026-04-17
연산2동-515,1,부산광역시 연제구 황령산로509번길 13,부산광역시 연제구 연산동 산182,35.16555943,129.0823367,2010,한전주,051-665-4671,부산광역시 연제구청,2026-04-17
연산2동-517,1,부산광역시 연제구 황령산로509번길 3-1,부산광역시 연제구 연산동 산182,35.16520604,129.0825263,2010,한전주,051-665-4671,부산광역시 연제구청,2026-04-17
연산4동-321,1,부산광역시 연제구 대리로22번길 8-1,부산광역시 연제구 연산동 656-43,35.18109334,129.0860089,2010,건축물,051-665-4671,부산광역시 연제구청,2026-04-17
거제1동-254,1,부산광역시 연제구 교대로16번길 78,부산광역시 연제구 거제동 212-2,35.19877124,129.0768698,2010,건축물,051-665-4671,부산광역시 연제구청,2026-04-17
거제3동-174,1,부산광역시 연제구 거제대로118번길 34-1,부산광역시 연제구 거제동 566-27,35.17832273,129.0704533,2010,건축물,051-665-4671,부산광역시 연제구청,2026-04-17
연산8동-251,1,부산광역시 연제구 고분로123번길 23-1,부산광역시 연제구 연산동 372-40,35.18646911,129.0966086,2010,건축물,051-665-4671,부산광역시 연제구청,2026-04-17
연산9동-301,1,부산광역시 연제구 고분로236번길 56-4,부산광역시 연제구 연산동 489-17,35.18204186,129.1076503,2010,건축물,051-665-4671,부산광역시 연제구청,2026-04-17
연산6동-253,1,부산광역시 연제구 연수로148번길 106,부산광역시 연제구 연산동 1941-32,35.17416141,129.0860374,2010,건축물,051-665-4671,부산광역시 연제구청,2026-04-17
연산6동-249,1,부산광역시 연제구 연수로 154,부산광역시 연제구 연산동 1927-13,35.17433737,129.0875217,2010,한전주,051-665-4671,부산광역시 연제구청,2026-04-17
연산6동-233,1,부산광역시 연제구 연수로148번길 71-10,부산광역시 연제구 연산동 2005-38,35.17334076,129.0860813,2010,건축물,051-665-4671,부산광역시 연제구청,2026-04-17
연산6동-232,1,부산광역시 연제구 물만로23번길 48,부산광역시 연제구 연산동 2006-40,35.17290972,129.0858999,2010,건축물,051-665-4671,부산광역시 연제구청,2026-04-17
연산6동-231,1,부산광역시 연제구 연수로148번길 71-3,부산광역시 연제구 연산동 2005-19,35.17302284,129.0863515,2010,한전주,051-665-4671,부산광역시 연제구청,2026-04-17
연산6동-220,1,부산광역시 연제구 마곡천로30번길 14,부산광역시 연제구 연산동 2018-111,35.17158695,129.0866508,2010,건축물,051-665-4671,부산광역시 연제구청,2026-04-17
연산4동-12,1,부산광역시 연제구 쌍미천로93번길 13,부산광역시 연제구 연산동 654-5,35.18085112,129.086884,,한전주,051-665-4671,부산광역시 연제구청,2026-04-17
연산8동-174,1,부산광역시 연제구 과정로276번길 14,부산광역시 연제구 연산동 382-1,35.18865183,129.0974519,2011,한전주,051-665-4671,부산광역시 연제구청,2026-04-17
연산8동-167,1,부산광역시 연제구 과정로276번가길 22-1,부산광역시 연제구 연산동 365-6,35.18995714,129.0966461,2011,건축물,051-665-4671,부산광역시 연제구청,2026-04-17
연산8동-165,1,부산광역시 연제구 과정로276번가길 8,부산광역시 연제구 연산동 365-13,35.18973982,129.0974087,2011,한전주,051-665-4671,부산광역시 연제구청,2026-04-17
연산6동-199,1,부산광역시 연제구 물만로23번길 66,부산광역시 연제구 연산동 2005-64,35.17215008,129.0861753,2010,건축물,051-665-4671,부산광역시 연제구청,2026-04-17
연산6동-190,1,부산광역시 연제구 쌍미천로30번길 53,부산광역시 연제구 연산동 산143-7,35.17780666,129.0926401,2010,건축물,051-665-4671,부산광역시 연제구청,2026-04-17
연산6동-189,1,부산광역시 연제구 배산북로12번길 51-1,부산광역시 연제구 연산동 2118-6,35.17536174,129.0959692,2010,건축물,051-665-4671,부산광역시 연제구청,2026-04-17
연산6동-188,1,부산광역시 연제구 배산로11번길 8-1,부산광역시 연제구 연산동 2130-15,35.17466722,129.0939264,2010,건축물,051-665-4671,부산광역시 연제구청,2026-04-17
연산6동-187,1,부산광역시 연제구 연수로159번길 7,부산광역시 연제구 연산동 1876-200,35.17485409,129.0881983,2010,건축물,051-665-4671,부산광역시 연제구청,2026-04-17
연산6동-186,1,부산광역시 연제구 연수로171번길 25-5,부산광역시 연제구 연산동 1876-130,35.17504961,129.0885083,2010,건축물,051-665-4671,부산광역시 연제구청,2026-04-17
연산6동-184,1,부산광역시 연제구 연수로 173,부산광역시 연제구 연산동 1869-1,35.17438863,129.0898388,2010,건축물,051-665-4671,부산광역시 연제구청,2026-04-17
연산6동-164,1,부산광역시 연제구 쌍미천로7번길 65-16,부산광역시 연제구 연산동 1876-183,35.17551195,129.0892171,2010,건축물,051-665-4671,부산광역시 연제구청,2026-04-17
연산6동-163,1,부산광역시 연제구 쌍미천로16번길 37,부산광역시 연제구 연산동 2142-4,35.17640472,129.0931702,2010,한전주,051-665-4671,부산광역시 연제구청,2026-04-17
연산6동-153,1,부산광역시 연제구 연수로171번길 26-5,부산광역시 연제구 연산동 1876-56,35.17510746,129.0890909,2010,건축물,051-665-4671,부산광역시 연제구청,2026-04-17
연산6동-150,1,부산광역시 연제구 연수로171번길 22,부산광역시 연제구 연산동 1876-81,35.17492037,129.0888469,2010,건축물,051-665-4671,부산광역시 연제구청,2026-04-17
연산6동-149,1,부산광역시 연제구 연수로171번길 23,부산광역시 연제구 연산동 1876-127,35.17501188,129.0887153,2010,건축물,051-665-4671,부산광역시 연제구청,2026-04-17
연산6동-140,1,부산광역시 연제구 연수로171번길16,부산광역시 연제구 연산동 1876-15,35.17478311,129.0888197,2010,한전주,051-665-4671,부산광역시 연제구청,2026-04-17
거제1동-266,1,부산광역시 연제구 명륜로2번길 17,부산광역시 연제구 거제동 42-1,35.19501517,129.0806027,2012,한전주,051-665-4671,부산광역시 연제구청,2026-04-17
거제1동-265,1,부산광역시 연제구 중앙대로 1242,부산광역시 연제구 거제동 119-3,35.19858775,129.0791262,2012,한전주,051-665-4671,부산광역시 연제구청,2026-04-17
거제1동-264,1,부산광역시 연제구 중앙대로 1236,부산광역시 연제구 거제동 122-4,35.19773839,129.0793565,2012,한전주,051-665-4671,부산광역시 연제구청,2026-04-17
연산9동-2,1,부산광역시 연제구 온천천남로92번길 4,부산광역시 연제구 연산동 386-4,35.19083442,129.1002922,2011,한전주,051-665-4671,부산광역시 연제구청,2026-04-17
연산8동-248,1,부산광역시 연제구 고분로112번길 32,부산광역시 연제구 연산동 969-20,35.18461702,129.0941143,2011,한전주,051-665-4671,부산광역시 연제구청,2026-04-17
연산8동-247,1,부산광역시 연제구 과정로251번길 22,부산광역시 연제구 연산동 409-55,35.18690456,129.1002721,2011,건축물,051-665-4671,부산광역시 연제구청,2026-04-17
연산8동-245,1,부산광역시 연제구 고분로123번길 13-7,부산광역시 연제구 연산동 1030-1,35.18680321,129.0959557,2011,한전주,051-665-4671,부산광역시 연제구청,2026-04-17
연산8동-218,1,부산광역시 연제구 안연로23번길 61,부산광역시 연제구 연산동 358-13,35.19007953,129.0970649,2011,건축물,051-665-4671,부산광역시 연제구청,2026-04-17
연산8동-205,1,부산광역시 연제구 안연로23번길 11-12,부산광역시 연제구 연산동 360-17,35.18898378,129.0996085,2011,한전주,051-665-4671,부산광역시 연제구청,2026-04-17
연산8동-196,1,부산광역시 연제구 안연로7번길 14,부산광역시 연제구 연산동 360-55,35.18839336,129.1001056,2011,건축물,051-665-4671,부산광역시 연제구청,2026-04-17
연산8동-195,1,부산광역시 연제구 안연로7번길 17-1,부산광역시 연제구 연산동 383-42,35.18814221,129.0999704,2011,건축물,051-665-4671,부산광역시 연제구청,2026-04-17
연산8동-194,1,부산광역시 연제구 안연로7번길 21,부산광역시 연제구 연산동 383-7,35.18821671,129.0996611,2011,건축물,051-665-4671,부산광역시 연제구청,2026-04-17
연산8동-191,1,부산광역시 연제구 과정로260번길 10,부산광역시 연제구 연산동 360-29,35.18841166,129.0990847,2011,한전주,051-665-4671,부산광역시 연제구청,2026-04-17
연산8동-189,1,부산광역시 연제구 과정로260번길 5,부산광역시 연제구 연산동 382-24,35.18896203,129.0990262,2011,한전주,051-665-4671,부산광역시 연제구청,2026-04-17
연산8동-184,1,부산광역시 연제구 안연로23번길 27,부산광역시 연제구 연산동 363-2,35.18958561,129.0988481,2011,건축물,051-665-4671,부산광역시 연제구청,2026-04-17
연산8동-178,1,부산광역시 연제구 안연로7번길 54,부산광역시 연제구 연산동 364-6,35.18872856,129.0979361,2011,한전주,051-665-4671,부산광역시 연제구청,2026-04-17
연산4동-176,1,부산광역시 연제구 대리로 14,부산광역시 연제구 연산동 1147-10,35.18121592,129.0854067,,한전주,051-665-4671,부산광역시 연제구청,2026-04-17
연산6동-498,1,부산광역시 연제구 쌍미천로29번길 15,부산광역시 연제구 연산동 2137-17,35.17540461,129.0901268,2011,건축물,051-665-4671,부산광역시 연제구청,2026-04-17
연산4동-335,1,부산광역시 연제구 쌍미천로87번길 7-1,부산광역시 연제구 연산동 655-63,35.18020628,129.0874244,2011,건축물,051-665-4671,부산광역시 연제구청,2026-04-17
연산4동-334,1,부산광역시 연제구 쌍미천로93번길 15,부산광역시 연제구 연산동 654-23,35.18086122,129.0867634,2011,건축물,051-665-4671,부산광역시 연제구청,2026-04-17
연산2동-536,1,부산광역시 연제구 황령산로517번길 13,부산광역시 연제구 연산동 산 183-2,35.16615356,129.0824072,2012,건축물,051-665-4671,부산광역시 연제구청,2026-04-17
연산6동-504,1,부산광역시 연제구 배산로37번길 3,부산광역시 연제구 연산동 2119-18,35.17421314,129.0962915,2012,건축물,051-665-4671,부산광역시 연제구청,2026-04-17
연산5동-288,1,부산광역시 연제구 월드컵대로165번길 23,부산광역시 연제구 연산동 1259-7,35.18610398,129.0777861,2012,건축물,051-665-4671,부산광역시 연제구청,2026-04-17
연산4동-337,1,부산광역시 연제구 쌍미천로 93,부산광역시 연제구 연산동 654-1,35.18085421,129.0875428,2012,건축물,051-665-4671,부산광역시 연제구청,2026-04-17
거제1동-267,1,부산광역시 연제구 중앙대로 1173,부산광역시 연제구 거제동 1-80,35.19227292,129.0797014,2012,건축물,051-665-4671,부산광역시 연제구청,2026-04-17
연산6동-503,1,부산광역시 연제구 배산로37번길 17,부산광역시 연제구 연산동 2119-14,35.17484304,129.0964098,2012,건축물,051-665-4671,부산광역시 연제구청,2026-04-17
연산4동-336,1,부산광역시 연제구 쌍미천로125번길 17-1,부산광역시 연제구 연산동 643-16,35.18360732,129.0861083,2012,한전주,051-665-4671,부산광역시 연제구청,2026-04-17
연산6동-502,1,부산광역시 연제구 연수로171번길 22-24,부산광역시 연제구 연산동 1876-100,35.17469635,129.0897002,2012,건축물,051-665-4671,부산광역시 연제구청,2026-04-17
연산2동-535,1,부산광역시 연제구 월드컵대로73번길 35,부산광역시 연제구 연산동 1261-13,35.18089611,129.0818782,2012,한전주,051-665-4671,부산광역시 연제구청,2026-04-17
연산9동-309,1,부산광역시 연제구 과정로114번길 9,부산광역시 연제구 연산동 489-22,35.18169807,129.1077884,,한전주,051-665-4671,부산광역시 연제구청,2026-04-17
거제2동-311,1,부산광역시 연제구 법원로 3-14,부산광역시 연제구 거제동 1166-4,35.19013802,129.0718883,2012,건축물,051-665-4671,부산광역시 연제구청,2026-04-17
연산6동-501,1,부산광역시 연제구 배산북로 31,부산광역시 연제구 연산동 1849-6,35.17653939,129.0942259,2012,건축물,051-665-4671,부산광역시 연제구청,2026-04-17
연산2동-534,1,부산광역시 연제구 연제로 25,부산광역시 연제구 연산동 806-30,35.17721896,129.0767574,2012,한전주,051-665-4671,부산광역시 연제구청,2026-04-17
연산4동-189,1,부산광역시 연제구 대리로12번가길 17,부산광역시 연제구 연산동 1152-6,35.18065644,129.0854761,,건축물,051-665-4671,부산광역시 연제구청,2026-04-17
연산4동-332,1,부산광역시 연제구 쌍미천로84번길 57-15,부산광역시 연제구 연산동 1135-24,35.18169203,129.0885971,2011,한전주,051-665-4671,부산광역시 연제구청,2026-04-17
연산2동-530,1,부산광역시 연제구 황령산로498번길3,부산광역시 연제구 연산동 산 181-1,35.16455495,129.0827592,2011,한전주,051-665-4671,부산광역시 연제구청,2026-04-17
연산2동-529,1,부산광역시 연제구 진남로 611-4,부산광역시 연제구 연산동 844-51,35.17463613,129.0803351,2011,건축물,051-665-4671,부산광역시 연제구청,2026-04-17
거제1동-263,1,부산광역시 연제구 중앙대로 1236,부산광역시 연제구 거제동 122-4,35.19773839,129.0793565,2012,전용주,051-665-4671,부산광역시 연제구청,2026-04-17
거제1동-262,1,부산광역시 연제구 중앙대로 1236,부산광역시 연제구 거제동 122-4,35.19773839,129.0793565,2012,한전주,051-665-4671,부산광역시 연제구청,2026-04-17
연산6동-500,1,부산광역시 연제구 배산북로 35,부산광역시 연제구 연산동 1849-13,35.17694768,129.0941976,2012,한전주,051-665-4671,부산광역시 연제구청,2026-04-17
거제1동-261,1,부산광역시 연제구 법원북로65번길 8-5,부산광역시 연제구 거제동 348,35.19357381,129.0743161,2012,한전주,051-665-4671,부산광역시 연제구청,2026-04-17
거제2동-310,1,부산광역시 연제구 여고로14번길 43,부산광역시 연제구 거제동 891-10,35.19308701,129.0661731,2012,건축물,051-665-4671,부산광역시 연제구청,2026-04-17
거제4동-204,1,부산광역시 연제구 해맞이로93번길 7,부산광역시 연제구 거제동 649-14,35.18242773,129.0687675,2012,한전주,051-665-4671,부산광역시 연제구청,2026-04-17
거제4동-203,1,부산광역시 연제구 해맞이로43번길 26,부산광역시 연제구 거제동 676-348,35.17902126,129.0666369,2012,건축물,051-665-4671,부산광역시 연제구청,2026-04-17
거제4동-202,1,부산광역시 연제구 화지로 93-33,부산광역시 연제구 거제동 769-40,35.18258925,129.0648255,2012,한전주,051-665-4671,부산광역시 연제구청,2026-04-17
연산5동-287,1,부산광역시 연제구 거제천로104번길 4,부산광역시 연제구 연산동 1505-82,35.18311845,129.0742333,2012,한전주,051-665-4671,부산광역시 연제구청,2026-04-17
거제3동-178,1,부산광역시 연제구 거제대로96번길 39-3,부산광역시 연제구 거제동 747-21,35.17677937,129.0704281,2011,한전주,051-665-4671,부산광역시 연제구청,2026-04-17
거제2동-308,1,부산광역시 연제구 아시아드대로64번길 3-1,부산광역시 연제구 거제동 1065-3,35.19053716,129.0680943,2011,한전주,051-665-4671,부산광역시 연제구청,2026-04-17
연산3동-340,1,부산광역시 연제구 금련로24번길 9,부산광역시 연제구 연산동 1811-389,35.17182873,129.0958204,2011,전용주,051-665-4671,부산광역시 연제구청,2026-04-17
연산6동-499,1,부산광역시 연제구 쌍미천로 24-4,부산광역시 연제구 연산동 2139-16,35.17570896,129.0913605,2011,건축물,051-665-4671,부산광역시 연제구청,2026-04-17
연산4동-184,1,부산광역시 연제구 월드컵대로58번길 27,부산광역시 연제구 연산동 656-26,35.17992099,129.0860702,,한전주,051-665-4671,부산광역시 연제구청,2026-04-17
연산8동-252,1,부산광역시 연제구 과정로 288,부산광역시 연제구 연산동 367-32,35.18851146,129.0960336,2011,건축물,051-665-4671,부산광역시 연제구청,2026-04-17
연산4동-331,1,부산광역시 연제구 묘봉산로 55-13,부산광역시 연제구 연산동 산 38-1,35.18260352,129.0929458,2011,전용주,051-665-4671,부산광역시 연제구청,2026-04-17
연산4동-330,1,부산광역시 연제구 묘봉산로 58-5,부산광역시 연제구 연산동 1111-1,35.18209149,129.0922803,2011,전용주,051-665-4671,부산광역시 연제구청,2026-04-17
거제2동-307,1,부산광역시 연제구 종합운동장로 24-4,부산광역시 연제구 거제동 897-20,35.19276388,129.0649941,2011,한전주,051-665-4671,부산광역시 연제구청,2026-04-17
연산4동-333,1,부산광역시 연제구 쌍미천로87번길 15-1,부산광역시 연제구 연산동 655-48,35.18029966,129.0870633,2011,건축물,051-665-4671,부산광역시 연제구청,2026-04-17
연산9동-308,1,부산광역시 연제구 온천천남로 110,부산광역시 연제구 연산동 388-1,35.19075922,129.1006316,2011,한전주,051-665-4671,부산광역시 연제구청,2026-04-17
연산9동-306,1,부산광역시 연제구 고분로254번길 69-2,부산광역시 연제구 연산동 118-12,35.18158378,129.1104218,2011,전용주,051-665-4671,부산광역시 연제구청,2026-04-17
연산9동-307,1,부산광역시 연제구 고분로254번길 77-3,부산광역시 연제구 연산동 118-36,35.18124799,129.1106697,2011,건축물,051-665-4671,부산광역시 연제구청,2026-04-17
연산8동-253,1,부산광역시 연제구 과정로278번길 15-1,부산광역시 연제구 연산동 367-8,35.18879688,129.0963668,2011,건축물,051-665-4671,부산광역시 연제구청,2026-04-17
연산6동-495,1,부산광역시 연제구 월드컵대로10번길 4,부산광역시 연제구 연산동 1918-2,35.17564331,129.0866391,2011,한전주,051-665-4671,부산광역시 연제구청,2026-04-17
연산2동-532,1,부산광역시 연제구 연수로87번길 48,부산광역시 연제구 연산동 804-53,35.17764983,129.0810008,2011,건축물,051-665-4671,부산광역시 연제구청,2026-04-17
연산1동-221,1,부산광역시 연제구 과정로344번길 28,부산광역시 연제구 연산동 307-1,35.19120756,129.0919413,2011,한전주,051-665-4671,부산광역시 연제구청,2026-04-17
거제3동-177,1,부산광역시 연제구 거제대로188번길 12,부산광역시 연제구 거제동 837-1,35.18488091,129.0716653,2011,한전주,051-665-4671,부산광역시 연제구청,2026-04-17
거제2동-306,1,부산광역시 연제구 월드컵대로329번길 25,부산광역시 연제구 거제동 1287-2,35.18801666,129.0625932,2011,전용주,051-665-4671,부산광역시 연제구청,2026-04-17
연산6동-174,1,부산광역시 연제구 마곡천로 30,부산광역시 연제구 연산동 2018-27,35.17184497,129.0870275,2011,한전주,051-665-4671,부산광역시 연제구청,2026-04-17
연산3동-333,1,부산광역시 연제구 금련로62번길 61-6,부산광역시 연제구 연산동 산 161-1,35.16966463,129.0939142,2011,한전주,051-665-4671,부산광역시 연제구청,2026-04-17
연산5동-257,1,부산광역시 연제구 중앙대로1076번길 59,부산광역시 연제구 연산동 711-20,35.18259813,129.082922,,한전주,051-665-4671,부산광역시 연제구청,2026-04-17
연산9동-298,1,부산광역시 연제구 토곡남로20번길 7,부산광역시 연제구 연산동 22-37,35.18163575,129.1047463,2011,건축물,051-665-4671,부산광역시 연제구청,2026-04-17
연산9동-297,1,부산광역시 연제구 토곡로37번길 25,부산광역시 연제구 연산동 22-50,35.18141314,129.1044469,2011,한전주,051-665-4671,부산광역시 연제구청,2026-04-17
연산9동-296,1,부산광역시 연제구 토곡남로41번길 14,부산광역시 연제구 연산동 22-9,35.18143064,129.1033626,2011,건축물,051-665-4671,부산광역시 연제구청,2026-04-17
연산6동-494,1,부산광역시 연제구 쌍미천로47번길 19-1,부산광역시 연제구 연산동 668-20,35.17681888,129.0882245,2011,건축물,051-665-4671,부산광역시 연제구청,2026-04-17
연산1동-220,1,부산광역시 연제구 과정로344번길 22-6,부산광역시 연제구 연산동 307-14,35.19089766,129.0913222,2011,한전주,051-665-4671,부산광역시 연제구청,2026-04-17
연산6동-493,1,부산광역시 연제구 배산로 36,부산광역시 연제구 연산동 2121-22,35.17386628,129.0961611,2011,건축물,051-665-4671,부산광역시 연제구청,2026-04-17
연산6동-486,1,부산광역시 연제구 연수로 229-5,부산광역시 연제구 연산동 2121-9,35.17378561,129.0957259,2011,건축물,051-665-4671,부산광역시 연제구청,2026-04-17
연산3동-335,1,부산광역시 연제구 금련로62번길 61-5,부산광역시 연제구 연산동 산 161-1,35.16980873,129.0939271,2011,전용주,051-665-4671,부산광역시 연제구청,2026-04-17
연산6동-492,1,부산광역시 연제구 금련로 58-7,부산광역시 연제구 연산동 1816-78,35.16933885,129.0950514,2011,한전주,051-665-4671,부산광역시 연제구청,2026-04-17
연산6동-491,1,부산광역시 연제구 대리로6번길 46-2,부산광역시 연제구 연산동 686-14,35.17907305,129.0851367,2011,건축물,051-665-4671,부산광역시 연제구청,2026-04-17
연산3동-332,1,부산광역시 연제구 금련로38번길 59-1,부산광역시 연제구 연산동 1811-682,35.17160138,129.0940499,2011,건축물,051-665-4671,부산광역시 연제구청,2026-04-17
연산2동-527,1,부산광역시 연제구 중앙천로14번길 10-1,부산광역시 연제구 연산동 778-34,35.17627646,129.0843859,2011,건축물,051-665-4671,부산광역시 연제구청,2026-04-17
연산6동-490,1,부산광역시 연제구 월드컵대로58번길 24-1,부산광역시 연제구 연산동 657-12,35.17961652,129.0858465,2011,건축물,051-665-4671,부산광역시 연제구청,2026-04-17
연산9동-304,1,부산광역시 연제구 고분로253번길 25-1,부산광역시 연제구 연산동 475-30,35.18568331,129.1096322,2011,건축물,051-665-4671,부산광역시 연제구청,2026-04-17
연산5동-286,1,부산광역시 연제구 신촌로 34-1,부산광역시 연제구 연산동 1499-16,35.18383952,129.0752528,2011,건축물,051-665-4671,부산광역시 연제구청,2026-04-17
연산2동-525,1,부산광역시 연제구 황령산로524번가길7,부산광역시 연제구 연산동 산 181-1,35.16499606,129.0838298,2011,건축물,051-665-4671,부산광역시 연제구청,2026-04-17
연산2동-213,1,부산광역시 연제구 중앙천로 74,부산광역시 연제구 연산동 1320-41,35.18078326,129.0803726,2010,한전주,051-665-4671,부산광역시 연제구청,2026-04-17
연산9동-240,1,부산광역시 연제구 고분로254번길 70-1,부산광역시 연제구 연산동 118-27,35.18126456,129.1098465,2011,건축물,051-665-4671,부산광역시 연제구청,2026-04-17
연산9동-231,1,부산광역시 연제구 토곡로37번길 7,부산광역시 연제구 연산동 15-13,35.18187069,129.1036955,2011,건축물,051-665-4671,부산광역시 연제구청,2026-04-17
연산9동-222,1,부산광역시 연제구 토곡남로34번길 24-1,부산광역시 연제구 연산동 22-33,35.18074329,129.1027849,2011,건축물,051-665-4671,부산광역시 연제구청,2026-04-17
연산3동-330,1,부산광역시 연제구 금련로62번길 11,부산광역시 연제구 연산동 1816-90,35.16925081,129.0948197,2011,전용주,051-665-4671,부산광역시 연제구청,2026-04-17
연산3동-331,1,부산광역시 연제구 금련로62번길 13,부산광역시 연제구 연산동 1816-89,35.16933262,129.0947441,2011,전용주,051-665-4671,부산광역시 연제구청,2026-04-17
연산6동-485,1,부산광역시 연제구 연수로148번길 8-35,부산광역시 연제구 연산동 1941-181,35.17317669,129.0872867,2011,건축물,051-665-4671,부산광역시 연제구청,2026-04-17
연산6동-489,1,부산광역시 연제구 연수로213번길 52,부산광역시 연제구 연산동 2126-2,35.17611073,129.0947801,2011,건축물,051-665-4671,부산광역시 연제구청,2026-04-17
연산6동-488,1,부산광역시 연제구 연수로213번길 52,부산광역시 연제구 연산동 2126-2,35.17611073,129.0947801,2011,건축물,051-665-4671,부산광역시 연제구청,2026-04-17
연산6동-487,1,부산광역시 연제구 연수로213번길 52,부산광역시 연제구 연산동 2126-2,35.17611073,129.0947801,2011,한전주,051-665-4671,부산광역시 연제구청,2026-04-17
연산5동-285,1,부산광역시 연제구 월드컵대로91번가길 29,부산광역시 연제구 연산동 705-3,35.18290616,129.0808619,2011,건축물,051-665-4671,부산광역시 연제구청,2026-04-17
연산5동-284,1,부산광역시 연제구 신촌로 31-6,부산광역시 연제구 연산동 1500-15,35.18325671,129.0748997,2011,건축물,051-665-4671,부산광역시 연제구청,2026-04-17
거제1동-259,1,부산광역시 연제구 거제대로267번길 3-16,부산광역시 연제구 거제동 482-91,35.19103323,129.0761932,2011,건축물,051-665-4671,부산광역시 연제구청,2026-04-17
거제1동-258,1,부산광역시 연제구 교대로11번길 12-11,부산광역시 연제구 거제동 86-3,35.19505713,129.0780405,2011,건축물,051-665-4671,부산광역시 연제구청,2026-04-17
연산9동-303,1,부산광역시 연제구 고분로254번길 64,부산광역시 연제구 연산동 118-22,35.18150062,129.1098168,2011,한전주,051-665-4671,부산광역시 연제구청,2026-04-17
연산9동-300,1,부산광역시 연제구 과정로93번길 24,부산광역시 연제구 연산동 57-65,35.18012479,129.1063507,2011,건축물,051-665-4671,부산광역시 연제구청,2026-04-17
연산9동-299,1,부산광역시 연제구 토곡로 50,부산광역시 연제구 연산동 10-41,35.18212945,129.1020083,2011,건축물,051-665-4671,부산광역시 연제구청,2026-04-17
연산2동-4,1,부산광역시 연제구 월드컵대로2번길 17,부산광역시 연제구 연산동 788-19,35.17517794,129.0852605,2010,건축물,051-665-4671,부산광역시 연제구청,2026-04-17
연산4동-222,1,부산광역시 연제구 묘봉산로14번길 6,부산광역시 연제구 연산동 1135-101,35.18308714,129.0888242,2010,건축물,051-665-4671,부산광역시 연제구청,2026-04-17
연산4동-210,1,부산광역시 연제구 쌍미천로84번길 53,부산광역시 연제구 연산동 1135-64,35.18127675,129.0886683,2010,한전주,051-665-4671,부산광역시 연제구청,2026-04-17
연산4동-197,1,부산광역시 연제구 쌍미천로84번길 35,부산광역시 연제구 연산동 1135-36,35.18201519,129.0878969,2010,건축물,051-665-4671,부산광역시 연제구청,2026-04-17
연산4동-196,1,부산광역시 연제구 쌍미천로84번길 33,부산광역시 연제구 연산동 1135-32,35.18178131,129.0877836,2010,한전주,051-665-4671,부산광역시 연제구청,2026-04-17
연산4동-312,1,부산광역시 연제구 월드컵대로92번길 44,부산광역시 연제구 연산동 651-3,35.18280087,129.0857572,2010,건축물,051-665-4671,부산광역시 연제구청,2026-04-17
연산4동-311,1,부산광역시 연제구 고분로32번길 10,부산광역시 연제구 연산동 637-1,35.18514324,129.0857115,2010,한전주,051-665-4671,부산광역시 연제구청,2026-04-17
연산4동-309,1,부산광역시 연제구 대리로5번길 20,부산광역시 연제구 연산동 1191-1,35.18199999,129.0844181,2010,전용주,051-665-4671,부산광역시 연제구청,2026-04-17
연산4동-308,1,부산광역시 연제구 쌍미천로87번길 17-1,부산광역시 연제구 연산동 655-51,35.18027361,129.0869532,2010,건축물,051-665-4671,부산광역시 연제구청,2026-04-17
연산4동-307,1,부산광역시 연제구 쌍미천로119번길 15,부산광역시 연제구 연산동 647-9,35.18325473,129.0862244,2010,건축물,051-665-4671,부산광역시 연제구청,2026-04-17
연산4동-306,1,부산광역시 연제구 쌍미천로15번길 30,부산광역시 연제구 연산동 630-24,35.18620773,129.0856159,2010,건축물,051-665-4671,부산광역시 연제구청,2026-04-17
연산4동-305,1,부산광역시 연제구 쌍미천로151번길 37-1,부산광역시 연제구 연산동 631-18,35.18598635,129.0851738,2010,건축물,051-665-4671,부산광역시 연제구청,2026-04-17
연산4동-304,1,부산광역시 연제구 고분로20번길 43-2,부산광역시 연제구 연산동 644-21,35.1836544,129.0848792,2010,건축물,051-665-4671,부산광역시 연제구청,2026-04-17
연산4동-303,1,부산광역시 연제구 쌍미천로84번길 73,부산광역시 연제구 연산동 1135-82,35.1805397,129.0894379,2010,건축물,051-665-4671,부산광역시 연제구청,2026-04-17
연산4동-302,1,부산광역시 연제구 고분로32번길 86-1,부산광역시 연제구 연산동 651-12,35.18174334,129.0858968,2010,건축물,051-665-4671,부산광역시 연제구청,2026-04-17
연산4동-301,1,부산광역시 연제구 월드컵대로92번길 57,부산광역시 연제구 연산동 647-23,35.18292909,129.086635,2010,건축물,051-665-4671,부산광역시 연제구청,2026-04-17
연산4동-298,1,부산광역시 연제구 쌍미천로84번길 59-9,부산광역시 연제구 연산동 1135-12,35.18146147,129.0891758,2010,건축물,051-665-4671,부산광역시 연제구청,2026-04-17
연산4동-136,1,부산광역시 연제구 월드컵대로92번길 10,부산광역시 연제구 연산동 1230-23,35.18267959,129.0840209,2010,한전주,051-665-4671,부산광역시 연제구청,2026-04-17
연산4동-135,1,부산광역시 연제구 월드컵대로92번길 10,부산광역시 연제구 연산동 1230-23,35.18267959,129.0840209,2010,한전주,051-665-4671,부산광역시 연제구청,2026-04-17
연산4동-134,1,부산광역시 연제구 월드컵대로92번길 5,부산광역시 연제구 연산동 1230-22,35.18277306,129.0836488,2010,한전주,051-665-4671,부산광역시 연제구청,2026-04-17
연산4동-133,1,부산광역시 연제구 대리로5번길 43,부산광역시 연제구 연산동 1230-39,35.18290727,129.0837604,2010,전용주,051-665-4671,부산광역시 연제구청,2026-04-17
연산4동-293,1,부산광역시 연제구 고분로20번길 20-6,부산광역시 연제구 연산동 768-8,35.18456952,129.0843534,2010,건축물,051-665-4671,부산광역시 연제구청,2026-04-17
연산4동-292,1,부산광역시 연제구 고분로20번가길 35-2,부산광역시 연제구 연산동 1232-12,35.18353452,129.084175,2010,건축물,051-665-4671,부산광역시 연제구청,2026-04-17
연산4동-291,1,부산광역시 연제구 대리로5번길 32,부산광역시 연제구 연산동 1222,35.18242624,129.0841273,2010,한전주,051-665-4671,부산광역시 연제구청,2026-04-17
연산4동-278,1,부산광역시 연제구 중앙대로1134번길 15-4,부산광역시 연제구 연산동 586-10,35.18951577,129.0817459,2010,전용주,051-665-4671,부산광역시 연제구청,2026-04-17
연산4동-277,1,부산광역시 연제구 중앙대로1134번길 15-4,부산광역시 연제구 연산동 586-9,35.18955044,129.0817515,2010,건축물,051-665-4671,부산광역시 연제구청,2026-04-17
연산4동-273,1,부산광역시 연제구 쌍미천로161번길 15,부산광역시 연제구 연산동 621-2,35.18694869,129.0864163,2010,한전주,051-665-4671,부산광역시 연제구청,2026-04-17
연산4동-246,1,부산광역시 연제구 묘봉산로 19-3,부산광역시 연제구 연산동 1115-24,35.18342748,129.0888079,2010,건축물,051-665-4671,부산광역시 연제구청,2026-04-17
연산4동-234,1,부산광역시 연제구 묘봉산로 74,부산광역시 연제구 연산동 1112,35.18341974,129.0909257,2010,한전주,051-665-4671,부산광역시 연제구청,2026-04-17
연산4동-232,1,부산광역시 연제구 묘봉산로 65,부산광역시 연제구 연산동 산123-3,35.18275741,129.0928067,2010,한전주,051-665-4671,부산광역시 연제구청,2026-04-17
연산4동-231,1,부산광역시 연제구 묘봉산로 49,부산광역시 연제구 연산동 산123-3,35.18293647,129.0923113,2010,한전주,051-665-4671,부산광역시 연제구청,2026-04-17
연산4동-227,1,부산광역시 연제구 묘봉산로 21,부산광역시 연제구 연산동 1115-25,35.18346271,129.0891586,2010,한전주,051-665-4671,부산광역시 연제구청,2026-04-17
연산4동-225,1,부산광역시 연제구 묘봉산로14번길 29,부산광역시 연제구 연산동 산134-19,35.18262511,129.0890815,2010,한전주,051-665-4671,부산광역시 연제구청,2026-04-17
연산4동-42,1,부산광역시 연제구 쌍미천로135번길 12,부산광역시 연제구 연산동 638-21,35.18479375,129.0864864,2010,건축물,051-665-4671,부산광역시 연제구청,2026-04-17
연산4동-39,1,부산광역시 연제구 쌍미천로129번길 7,부산광역시 연제구 연산동 642-3,35.18418703,129.0867967,2010,건축물,051-665-4671,부산광역시 연제구청,2026-04-17
연산4동-34,1,부산광역시 연제구 쌍미천로125번길 11-1,부산광역시 연제구 연산동 643-19,35.18361288,129.0864926,2010,건축물,051-665-4671,부산광역시 연제구청,2026-04-17
연산5동-136,1,부산광역시 연제구 중앙대로1043번길 12,부산광역시 연제구 연산동 1360-17,35.1816133,129.0772546,1996,한전주,051-665-4671,부산광역시 연제구청,2026-04-17
연산4동-188,1,부산광역시 연제구 대리로12번가길 6,부산광역시 연제구 연산동 1760-6,35.18015044,129.0856121,2010,한전주,051-665-4671,부산광역시 연제구청,2026-04-17
연산4동-185,1,부산광역시 연제구 월드컵대로58번길 21-1,부산광역시 연제구 연산동 656-12,35.17998644,129.0858075,2010,건축물,051-665-4671,부산광역시 연제구청,2026-04-17
연산4동-173,1,부산광역시 연제구 대리로12번길 26,부산광역시 연제구 연산동 1706-7,35.18005769,129.0851998,2010,한전주,051-665-4671,부산광역시 연제구청,2026-04-17
연산4동-171,1,부산광역시 연제구 대리로12번길 24,부산광역시 연제구 연산동 1703-3,35.18018172,129.0851404,2010,한전주,051-665-4671,부산광역시 연제구청,2026-04-17
연산4동-169,1,부산광역시 연제구 월드컵대로58번길 9,부산광역시 연제구 연산동 1705-3,35.17992907,129.0851679,2010,건축물,051-665-4671,부산광역시 연제구청,2026-04-17
연산4동-155,1,부산광역시 연제구 대리로5번길 8-8,부산광역시 연제구 연산동 1171-1,35.18142883,129.0847838,2010,건축물,051-665-4671,부산광역시 연제구청,2026-04-17
연산4동-152,1,부산광역시 연제구 대리로5번가길 4,부산광역시 연제구 연산동 1187,35.1816906,129.0847433,2010,건축물,051-665-4671,부산광역시 연제구청,2026-04-17
연산4동-149,1,부산광역시 연제구 대리로5번길 22-1,부산광역시 연제구 연산동 1193-1,35.18209139,129.0842766,2010,한전주,051-665-4671,부산광역시 연제구청,2026-04-17
연산4동-145,1,부산광역시 연제구 고분로20번길 81,부산광역시 연제구 연산동 1200,35.18206785,129.0848911,2010,한전주,051-665-4671,부산광역시 연제구청,2026-04-17
연산4동-144,1,부산광역시 연제구 고분로20번길 73,부산광역시 연제구 연산동 1215-6,35.18238448,129.0847635,2010,건축물,051-665-4671,부산광역시 연제구청,2026-04-17
연산4동-140,1,부산광역시 연제구 대리로5번길 26-3,부산광역시 연제구 연산동 1222-1,35.18234483,129.0841592,2010,한전주,051-665-4671,부산광역시 연제구청,2026-04-17
연산4동-138,1,부산광역시 연제구 월드컵대로92번길 20,부산광역시 연제구 연산동 1230-62,35.18273835,129.0845047,2010,한전주,051-665-4671,부산광역시 연제구청,2026-04-17
연산5동-255,1,부산광역시 연제구 월드컵대로91번길 5,부산광역시 연제구 연산동 717-25,35.18234713,129.082901,,한전주,051-665-4671,부산광역시 연제구청,2026-04-17
연산6동-61,1,부산광역시 연제구 연수로213번길 25-2,부산광역시 연제구 연산동 2130-18,35.17500941,129.0939639,2010,건축물,051-665-4671,부산광역시 연제구청,2026-04-17
연산6동-60,1,부산광역시 연제구 연수로213번길 29-2,부산광역시 연제구 연산동 2130-2,35.17515935,129.0941325,2010,건축물,051-665-4671,부산광역시 연제구청,2026-04-17
연산6동-59,1,부산광역시 연제구 연수로213번길 30-6,부산광역시 연제구 연산동 2124-25,35.17511031,129.0947666,2010,건축물,051-665-4671,부산광역시 연제구청,2026-04-17
연산4동-132,1,부산광역시 연제구 대리로5번길 49-5,부산광역시 연제구 연산동 1230-17,35.18296843,129.0836183,2010,전용주,051-665-4671,부산광역시 연제구청,2026-04-17
연산4동-130,1,부산광역시 연제구 대리로5번길 50,부산광역시 연제구 연산동 1232-3,35.18330373,129.0837767,2010,한전주,051-665-4671,부산광역시 연제구청,2026-04-17
연산4동-116,1,부산광역시 연제구 대리로5번길 70,부산광역시 연제구 연산동 767-16,35.18410597,129.0837763,2010,건축물,051-665-4671,부산광역시 연제구청,2026-04-17
연산4동-114,1,부산광역시 연제구 고분로20번가길 2-2,부산광역시 연제구 연산동 767-47,35.18513018,129.0841523,2010,건축물,051-665-4671,부산광역시 연제구청,2026-04-17
연산4동-110,1,부산광역시 연제구 고분로20번가길 14,부산광역시 연제구 연산동 767-55,35.18463359,129.0842445,2010,한전주,051-665-4671,부산광역시 연제구청,2026-04-17
연산4동-103,1,부산광역시 연제구 월드컵대로92번길 19-17,부산광역시 연제구 연산동 1231-2,35.18333693,129.0840955,2010,전용주,051-665-4671,부산광역시 연제구청,2026-04-17
연산4동-95,1,부산광역시 연제구 대리로5번가길 11,부산광역시 연제구 연산동 1201-1,35.18195842,129.0850323,2010,한전주,051-665-4671,부산광역시 연제구청,2026-04-17
연산4동-57,1,부산광역시 연제구 고분로20번길 6-1,부산광역시 연제구 연산동 767-43,35.18539027,129.0842985,2010,건축물,051-665-4671,부산광역시 연제구청,2026-04-17
연산4동-56,1,부산광역시 연제구 고분로20번길 8-2,부산광역시 연제구 연산동 767-46,35.18525636,129.084154,2010,건축물,051-665-4671,부산광역시 연제구청,2026-04-17
연산4동-54,1,부산광역시 연제구 쌍미천로141번길 41,부산광역시 연제구 연산동 637-35,35.18516885,129.0848665,2010,한전주,051-665-4671,부산광역시 연제구청,2026-04-17
연산4동-50,1,부산광역시 연제구 쌍미천로 137-1,부산광역시 연제구 연산동 638-37,35.18488023,129.0868938,2010,건축물,051-665-4671,부산광역시 연제구청,2026-04-17
연산4동-48,1,부산광역시 연제구 쌍미천로141번길 9,부산광역시 연제구 연산동 638-35,35.18510811,129.0866114,2010,한전주,051-665-4671,부산광역시 연제구청,2026-04-17
연산4동-45,1,부산광역시 연제구 고분로32번길 15-1,부산광역시 연제구 연산동 638-12,35.1849321,129.0861369,2010,건축물,051-665-4671,부산광역시 연제구청,2026-04-17
연산5동-254,1,부산광역시 연제구 월드컵대로91번길 7-2,부산광역시 연제구 연산동 717-67,35.1821129,129.0828825,,건축물,051-665-4671,부산광역시 연제구청,2026-04-17
연산8동-124,1,부산광역시 연제구 과정로 227,부산광역시 연제구 연산동 407,35.18752618,129.1022898,2011,전용주,051-665-4671,부산광역시 연제구청,2026-04-17
연산8동-122,1,부산광역시 연제구 과정로225번길 26,부산광역시 연제구 연산동 409-18,35.18669449,129.1015649,2011,한전주,051-665-4671,부산광역시 연제구청,2026-04-17
연산8동-109,1,부산광역시 연제구 과정로 257-2,부산광역시 연제구 연산동 380-13,35.18764757,129.0988548,2011,건축물,051-665-4671,부산광역시 연제구청,2026-04-17
연산6동-129,1,부산광역시 연제구 쌍미천로45번길 29-11,부산광역시 연제구 연산동 1933-8,35.1757731,129.0882435,2010,건축물,051-665-4671,부산광역시 연제구청,2026-04-17
연산6동-127,1,부산광역시 연제구 쌍미천로45번길 23,부산광역시 연제구 연산동 1876-11,35.17617363,129.0888225,2010,건축물,051-665-4671,부산광역시 연제구청,2026-04-17
연산6동-126,1,부산광역시 연제구 쌍미천로45번길 45-14,부산광역시 연제구 연산동 1876-219,35.17572637,129.088604,2010,건축물,051-665-4671,부산광역시 연제구청,2026-04-17
연산6동-120,1,부산광역시 연제구 쌍미천로 33-4,부산광역시 연제구 연산동 2146-26,35.17614454,129.0900379,2010,건축물,051-665-4671,부산광역시 연제구청,2026-04-17
연산6동-114,1,부산광역시 연제구 쌍미천로7번길 43,부산광역시 연제구 연산동 2147-2,35.17503133,129.0899186,2010,건축물,051-665-4671,부산광역시 연제구청,2026-04-17
연산6동-111,1,부산광역시 연제구 쌍미천로7번가길 36-1,부산광역시 연제구 연산동 2146-19,35.17600925,129.0900471,2010,건축물,051-665-4671,부산광역시 연제구청,2026-04-17
연산6동-108,1,부산광역시 연제구 쌍미천로29번길 10,부산광역시 연제구 연산동 2146-42,35.17571044,129.0901968,2010,건축물,051-665-4671,부산광역시 연제구청,2026-04-17
연산6동-97,1,부산광역시 연제구 쌍미천로 42,부산광역시 연제구 연산동 2145-23,35.17673166,129.089903,2010,한전주,051-665-4671,부산광역시 연제구청,2026-04-17
연산6동-88,1,부산광역시 연제구 쌍미천로52번길 53-2,부산광역시 연제구 연산동 2140-7,35.176201,129.0917732,2010,건축물,051-665-4671,부산광역시 연제구청,2026-04-17
연산6동-75,1,부산광역시 연제구 배산로 3,부산광역시 연제구 연산동 2132-32,35.17456057,129.0926062,2010,건축물,051-665-4671,부산광역시 연제구청,2026-04-17
연산6동-71,1,부산광역시 연제구 배산로 4-6,부산광역시 연제구 연산동 2133-52,35.17415668,129.0925692,2010,건축물,051-665-4671,부산광역시 연제구청,2026-04-17
연산6동-70,1,부산광역시 연제구 연수로 203-1,부산광역시 연제구 연산동 2133-30,35.17408091,129.0929744,2010,건축물,051-665-4671,부산광역시 연제구청,2026-04-17
연산6동-68,1,부산광역시 연제구 배산로 10,부산광역시 연제구 연산동 2133-10,35.17420413,129.0931709,2010,한전주,051-665-4671,부산광역시 연제구청,2026-04-17
연산5동-194,1,부산광역시 연제구 월드컵대로79번길 11,부산광역시 연제구 연산동 719-6,35.18120005,129.0831558,,한전주,051-665-4671,부산광역시 연제구청,2026-04-17
연산8동-7,1,부산광역시 연제구 고분로112번가길 9,부산광역시 연제구 연산동 985,35.18508675,129.0949775,2011,건축물,051-665-4671,부산광역시 연제구청,2026-04-17
연산8동-6,1,부산광역시 연제구 고분로112번길 15,부산광역시 연제구 연산동 1014-33,35.18501103,129.0947896,2011,건축물,051-665-4671,부산광역시 연제구청,2026-04-17
연산6동-468,1,부산광역시 연제구 월드컵대로10번길 85,부산광역시 연제구 연산동 664-68,35.17796481,129.0891006,2011,건축물,051-665-4671,부산광역시 연제구청,2026-04-17
연산8동-161,1,부산광역시 연제구 안연로23번길 49,부산광역시 연제구 연산동 365-20,35.18989964,129.0977103,2011,한전주,051-665-4671,부산광역시 연제구청,2026-04-17
연산8동-158,1,부산광역시 연제구 안연로23번길 63,부산광역시 연제구 연산동 365-45,35.19010737,129.0969774,2011,건축물,051-665-4671,부산광역시 연제구청,2026-04-17
연산8동-155,1,부산광역시 연제구 과정로278번길 24-8,부산광역시 연제구 연산동 367-2,35.18910735,129.0969228,2011,한전주,051-665-4671,부산광역시 연제구청,2026-04-17
연산8동-151,1,부산광역시 연제구 과정로 280,부산광역시 연제구 연산동 367-199,35.18826075,129.0968428,2011,한전주,051-665-4671,부산광역시 연제구청,2026-04-17
연산8동-148,1,부산광역시 연제구 과정로290번길 12,부산광역시 연제구 연산동 367-3,35.18891614,129.0961379,2011,한전주,051-665-4671,부산광역시 연제구청,2026-04-17
연산8동-143,1,부산광역시 연제구 과정로278번길 45,부산광역시 연제구 연산동 346-49,35.18979455,129.0956885,2011,한전주,051-665-4671,부산광역시 연제구청,2026-04-17
연산8동-141,1,부산광역시 연제구 과정로278번길 47-3,부산광역시 연제구 연산동 346-50,35.18981466,129.0954582,2011,한전주,051-665-4671,부산광역시 연제구청,2026-04-17
연산8동-135,1,부산광역시 연제구 과정로278번길 69,부산광역시 연제구 연산동 345-28,35.19072111,129.0949045,2011,건축물,051-665-4671,부산광역시 연제구청,2026-04-17
연산8동-131,1,부산광역시 연제구 과정로294번길 5,부산광역시 연제구 연산동 344-20,35.18883406,129.0951709,2011,한전주,051-665-4671,부산광역시 연제구청,2026-04-17
연산8동-130,1,부산광역시 연제구 과정로294번길 7,부산광역시 연제구 연산동 344-19,35.18901432,129.0953229,2011,한전주,051-665-4671,부산광역시 연제구청,2026-04-17
연산8동-129,1,부산광역시 연제구 과정로294번길 15,부산광역시 연제구 연산동 344-25,35.18911376,129.0952182,2011,건축물,051-665-4671,부산광역시 연제구청,2026-04-17
연산8동-126,1,부산광역시 연제구 과정로294번길 31,부산광역시 연제구 연산동 344-7,35.18934673,129.0943759,2011,한전주,051-665-4671,부산광역시 연제구청,2026-04-17
연산8동-125,1,부산광역시 연제구 과정로 227,부산광역시 연제구 연산동 407,35.18752618,129.1022898,2011,전용주,051-665-4671,부산광역시 연제구청,2026-04-17
연산4동-81,1,부산광역시 연제구 월드컵대로92번길 33,부산광역시 연제구 연산동 646-4,35.18302026,129.0852331,,한전주,051-665-4671,부산광역시 연제구청,2026-04-17
연산6동-453,1,부산광역시 연제구 쌍미천로47번길 18-3,부산광역시 연제구 연산동 667-40,35.17728685,129.0883076,2011,한전주,051-665-4671,부산광역시 연제구청,2026-04-17
연산6동-448,1,부산광역시 연제구 쌍미천로47번길 42-1,부산광역시 연제구 연산동 666-40,35.17718189,129.0870166,2011,건축물,051-665-4671,부산광역시 연제구청,2026-04-17
연산6동-446,1,부산광역시 연제구 쌍미천로47번길 46,부산광역시 연제구 연산동 666-28,35.17714706,129.0868127,2011,건축물,051-665-4671,부산광역시 연제구청,2026-04-17
연산8동-89,1,부산광역시 연제구 과정로283번가길 8,부산광역시 연제구 연산동 371-28,35.18735858,129.0965551,2011,한전주,051-665-4671,부산광역시 연제구청,2026-04-17
연산8동-84,1,부산광역시 연제구 고분로143번길 6-17,부산광역시 연제구 연산동 378-40,35.18599495,129.0991948,2011,한전주,051-665-4671,부산광역시 연제구청,2026-04-17
연산8동-80,1,부산광역시 연제구 고분로123번길 53,부산광역시 연제구 연산동 372-35,35.18624826,129.0981003,2011,한전주,051-665-4671,부산광역시 연제구청,2026-04-17
연산8동-75,1,부산광역시 연제구 고분로113번길 10,부산광역시 연제구 연산동 1003-12,35.18629644,129.0947741,2011,한전주,051-665-4671,부산광역시 연제구청,2026-04-17
연산8동-48,1,부산광역시 연제구 고분로113번길 12-4,부산광역시 연제구 연산동 1003-1,35.18636785,129.0948519,2011,한전주,051-665-4671,부산광역시 연제구청,2026-04-17
연산8동-47,1,부산광역시 연제구 고분로113번길 16-6,부산광역시 연제구 연산동 1003-6,35.18652017,129.0949528,2011,한전주,051-665-4671,부산광역시 연제구청,2026-04-17
연산8동-38,1,부산광역시 연제구 고분로105번길 20,부산광역시 연제구 연산동 339-78,35.18685278,129.0940569,2011,건축물,051-665-4671,부산광역시 연제구청,2026-04-17
연산8동-28,1,부산광역시 연제구 연동로13번길 40-2,부산광역시 연제구 연산동 1005-38,35.18689632,129.0952214,2011,건축물,051-665-4671,부산광역시 연제구청,2026-04-17
연산8동-26,1,부산광역시 연제구 연동로13번길 41,부산광역시 연제구 연산동 341-74,35.18725594,129.0953251,2011,한전주,051-665-4671,부산광역시 연제구청,2026-04-17
연산8동-23,1,부산광역시 연제구 연동로13번길 29-1,부산광역시 연제구 연산동 341-59,35.18754091,129.0947141,2011,건축물,051-665-4671,부산광역시 연제구청,2026-04-17
연산8동-14,1,부산광역시 연제구 고분로 226,부산광역시 연제구 연산동 479-2,35.18432923,129.1068688,2011,한전주,051-665-4671,부산광역시 연제구청,2026-04-17
연산8동-11,1,부산광역시 연제구 고분로112번가길 19-6,부산광역시 연제구 연산동 1014-24,35.18526829,129.0948372,2011,한전주,051-665-4671,부산광역시 연제구청,2026-04-17
연산8동-8,1,부산광역시 연제구 고분로112번길 14,부산광역시 연제구 연산동 985-3,35.18505497,129.0945049,2011,전용주,051-665-4671,부산광역시 연제구청,2026-04-17
연산6동-411,1,부산광역시 연제구 월드컵대로32번길 55-1,부산광역시 연제구 연산동 664-11,35.17773473,129.0886211,2011,건축물,051-665-4671,부산광역시 연제구청,2026-04-17
연산6동-398,1,부산광역시 연제구 쌍미천로59번길 58-2,부산광역시 연제구 연산동 662-3,35.17840634,129.0861049,2011,건축물,051-665-4671,부산광역시 연제구청,2026-04-17
연산6동-389,1,부산광역시 연제구 월드컵대로46번길 20,부산광역시 연제구 연산동 662-4,35.17857729,129.0861401,2011,건축물,051-665-4671,부산광역시 연제구청,2026-04-17
연산6동-250,1,부산광역시 연제구 연수로 142-2,부산광역시 연제구 연산동 1948-5,35.17440466,129.0860516,2011,건축물,051-665-4671,부산광역시 연제구청,2026-04-17
연산6동-471,1,부산광역시 연제구 연수로225번길 9,부산광역시 연제구 연산동 2122-12,35.17406927,129.0952577,2011,건축물,051-665-4671,부산광역시 연제구청,2026-04-17
연산6동-470,1,부산광역시 연제구 연수로225번길 9,부산광역시 연제구 연산동 2122-12,35.17406927,129.0952577,2011,건축물,051-665-4671,부산광역시 연제구청,2026-04-17
연산6동-465,1,부산광역시 연제구 월드컵대로10번길 41,부산광역시 연제구 연산동 669-10,35.17631179,129.0884812,2011,건축물,051-665-4671,부산광역시 연제구청,2026-04-17
연산6동-464,1,부산광역시 연제구 쌍미천로47번길 32,부산광역시 연제구 연산동 667-50,35.17714025,129.0875701,2011,한전주,051-665-4671,부산광역시 연제구청,2026-04-17
연산6동-463,1,부산광역시 연제구 월드컵대로46번길 61-1,부산광역시 연제구 연산동 659-56,35.17900009,129.0884402,2011,건축물,051-665-4671,부산광역시 연제구청,2026-04-17
연산6동-462,1,부산광역시 연제구 월드컵대로46번길 47-1,부산광역시 연제구 연산동 659-37,35.17891429,129.0877584,2011,건축물,051-665-4671,부산광역시 연제구청,2026-04-17
연산6동-461,1,부산광역시 연제구 쌍미천로73번길 20-1,부산광역시 연제구 연산동 658-4,35.17952884,129.0875847,2011,건축물,051-665-4671,부산광역시 연제구청,2026-04-17
연산6동-460,1,부산광역시 연제구 월드컵대로46번길 48,부산광역시 연제구 연산동 663-6,35.17867164,129.0876784,2011,건축물,051-665-4671,부산광역시 연제구청,2026-04-17
연산6동-459,1,부산광역시 연제구 대리로22번길 54-1,부산광역시 연제구 연산동 660-36,35.17913244,129.0865537,2011,건축물,051-665-4671,부산광역시 연제구청,2026-04-17
연산6동-458,1,부산광역시 연제구 월드컵대로46번길 43,부산광역시 연제구 연산동 659-33,35.17885406,129.0874393,2011,건축물,051-665-4671,부산광역시 연제구청,2026-04-17
연산6동-457,1,부산광역시 연제구 월드컵대로46번길 51,부산광역시 연제구 연산동 659-19,35.17887646,129.0879556,2011,건축물,051-665-4671,부산광역시 연제구청,2026-04-17
연산6동-456,1,부산광역시 연제구 월드컵대로58번길 56-1,부산광역시 연제구 연산동 658-26,35.17961877,129.0876032,2011,건축물,051-665-4671,부산광역시 연제구청,2026-04-17
연산6동-354,1,부산광역시 연제구 월드컵대로10번길 83,부산광역시 연제구 연산동 664-69,35.17787468,129.0890949,2011,건축물,051-665-4671,부산광역시 연제구청,2026-04-17
연산6동-340,1,부산광역시 연제구 월드컵대로20번길 47,부산광역시 연제구 연산동 668-5,35.1766531,129.0886569,2011,전용주,051-665-4671,부산광역시 연제구청,2026-04-17
연산6동-335,1,부산광역시 연제구 쌍미천로47번길 45-1,부산광역시 연제구 연산동 671-22,35.17697631,129.0867555,2011,건축물,051-665-4671,부산광역시 연제구청,2026-04-17
연산6동-445,1,부산광역시 연제구 쌍미천로47번길 48-2,부산광역시 연제구 연산동 666-8,35.17729957,129.0867051,2011,건축물,051-665-4671,부산광역시 연제구청,2026-04-17
연산6동-443,1,부산광역시 연제구 대리로6번길 100-1,부산광역시 연제구 연산동 684-39,35.1768291,129.0860839,2011,건축물,051-665-4671,부산광역시 연제구청,2026-04-17
연산6동-438,1,부산광역시 연제구 대리로6번길 76-1,부산광역시 연제구 연산동 685-14,35.17783327,129.0856801,2011,건축물,051-665-4671,부산광역시 연제구청,2026-04-17
연산6동-434,1,부산광역시 연제구 월드컵대로32번길 18-1,부산광역시 연제구 연산동 666-37,35.17741951,129.0865858,2011,건축물,051-665-4671,부산광역시 연제구청,2026-04-17
연산6동-431,1,부산광역시 연제구 월드컵대로32번길 25-1,부산광역시 연제구 연산동 665-37,35.1777222,129.0870071,2011,건축물,051-665-4671,부산광역시 연제구청,2026-04-17
연산6동-425,1,부산광역시 연제구 월드컵대로32번길 45-2,부산광역시 연제구 연산동 664-23,35.1778292,129.0881392,2011,건축물,051-665-4671,부산광역시 연제구청,2026-04-17
연산6동-424,1,부산광역시 연제구 월드컵대로32번길 50,부산광역시 연제구 연산동 667-54,35.17740619,129.0880677,2011,건축물,051-665-4671,부산광역시 연제구청,2026-04-17
연산6동-422,1,부산광역시 연제구 월드컵대로32번길 49-2,부산광역시 연제구 연산동 664-16,35.17781792,129.0883916,2011,건축물,051-665-4671,부산광역시 연제구청,2026-04-17
연산6동-421,1,부산광역시 연제구 월드컵대로32번길 54-1,부산광역시 연제구 연산동 667-30,35.17738422,129.0885065,2011,건축물,051-665-4671,부산광역시 연제구청,2026-04-17
연산6동-419,1,부산광역시 연제구 월드컵대로32번길 59-2,부산광역시 연제구 연산동 664-3,35.17781367,129.0888636,2011,건축물,051-665-4671,부산광역시 연제구청,2026-04-17
연산6동-418,1,부산광역시 연제구 월드컵대로32번길 60-1,부산광역시 연제구 연산동 667-13,35.17742582,129.0888913,2011,건축물,051-665-4671,부산광역시 연제구청,2026-04-17
연산6동-416,1,부산광역시 연제구 쌍미천로59번길 5-1,부산광역시 연제구 연산동 664-56,35.17793113,129.0888322,2011,건축물,051-665-4671,부산광역시 연제구청,2026-04-17
연산6동-414,1,부산광역시 연제구 쌍미천로59번길 10-1,부산광역시 연제구 연산동 663-21,35.17831977,129.0887166,2011,건축물,051-665-4671,부산광역시 연제구청,2026-04-17
거제1동-256,1,부산광역시 연제구 중앙대로1249번길 28-6,부산광역시 연제구 거제동 105,35.19774329,129.0775339,2010,건축물,051-665-4671,부산광역시 연제구청,2026-04-17
연산4동-324,1,부산광역시 연제구 월드컵대로92번길 52-1,부산광역시 연제구 연산동 649-25,35.18265989,129.0862164,2010,건축물,051-665-4671,부산광역시 연제구청,2026-04-17
연산2동-519,1,부산광역시 연제구 황령산로498번길 20,부산광역시 연제구 연산동 1457-1,35.16363334,129.0828422,2010,한전주,051-665-4671,부산광역시 연제구청,2026-04-17
연산6동-387,1,부산광역시 연제구 월드컵대로46번길 23-2,부산광역시 연제구 연산동 660-4,35.17901665,129.0864009,2011,건축물,051-665-4671,부산광역시 연제구청,2026-04-17
연산6동-386,1,부산광역시 연제구 월드컵대로46번길 28-1,부산광역시 연제구 연산동 662-24,35.17850223,129.0864685,2011,건축물,051-665-4671,부산광역시 연제구청,2026-04-17
연산6동-385,1,부산광역시 연제구 월드컵대로46번길 29-1,부산광역시 연제구 연산동 660-13,35.17899646,129.0866397,2011,건축물,051-665-4671,부산광역시 연제구청,2026-04-17
연산6동-376,1,부산광역시 연제구 쌍미천로73번길 17-1,부산광역시 연제구 연산동 659-47,35.17909034,129.0876921,2011,건축물,051-665-4671,부산광역시 연제구청,2026-04-17
연산6동-374,1,부산광역시 연제구 쌍미천로73번길 19-2,부산광역시 연제구 연산동 659-68,35.17905921,129.0875741,2011,건축물,051-665-4671,부산광역시 연제구청,2026-04-17
연산6동-372,1,부산광역시 연제구 쌍미천로73번길 24,부산광역시 연제구 연산동 658-67,35.17939582,129.0873367,2011,건축물,051-665-4671,부산광역시 연제구청,2026-04-17
연산6동-370,1,부산광역시 연제구 쌍미천로73번길 43,부산광역시 연제구 연산동 660-38,35.17922542,129.0862366,2011,건축물,051-665-4671,부산광역시 연제구청,2026-04-17
연산6동-364,1,부산광역시 연제구 월드컵대로 54,부산광역시 연제구 연산동 686-17,35.17939105,129.0848555,2011,건축물,051-665-4671,부산광역시 연제구청,2026-04-17
연산6동-362,1,부산광역시 연제구 월드컵대로58번길 26,부산광역시 연제구 연산동 657-5,35.17975053,129.0859801,2011,건축물,051-665-4671,부산광역시 연제구청,2026-04-17
연산6동-361,1,부산광역시 연제구 월드컵대로48번길 30-2,부산광역시 연제구 연산동 657-25,35.17961004,129.0861545,2011,건축물,051-665-4671,부산광역시 연제구청,2026-04-17
연산6동-360,1,부산광역시 연제구 대리로22번길 41,부산광역시 연제구 연산동 658-10,35.17974661,129.0867321,2011,한전주,051-665-4671,부산광역시 연제구청,2026-04-17
연산6동-357,1,부산광역시 연제구 쌍미천로 71-1,부산광역시 연제구 연산동 659-28,35.17909665,129.0885294,2011,건축물,051-665-4671,부산광역시 연제구청,2026-04-17
연산6동-356,1,부산광역시 연제구 쌍미천로 69-2,부산광역시 연제구 연산동 659-56,35.17897928,129.0885498,2011,건축물,051-665-4671,부산광역시 연제구청,2026-04-17
연산2동-13,1,부산광역시 연제구 월드컵대로3번길 29,부산광역시 연제구 연산동 784-2,35.17589893,129.0851493,2010,한전주,051-665-4671,부산광역시 연제구청,2026-04-17
연산2동-147,1,부산광역시 연제구 중앙천로39번길 1,부산광역시 연제구 연산동 794-1,35.17818597,129.0825339,2010,한전주,051-665-4671,부산광역시 연제구청,2026-04-17
연산2동-146,1,부산광역시 연제구 중앙천로37번가길 4-13,부산광역시 연제구 연산동 794-58,35.17797545,129.0818834,2010,전용주,051-665-4671,부산광역시 연제구청,2026-04-17
연산2동-134,1,부산광역시 연제구 중앙천로25번길 25-1,부산광역시 연제구 연산동 808-62,35.17707574,129.0816958,2010,건축물,051-665-4671,부산광역시 연제구청,2026-04-17
연산2동-130,1,부산광역시 연제구 중앙천로37번길 15,부산광역시 연제구 연산동 798-19,35.17749139,129.0825906,2010,건축물,051-665-4671,부산광역시 연제구청,2026-04-17
연산2동-124,1,부산광역시 연제구 연수로 121-2,부산광역시 연제구 연산동 1972-4,35.17532367,129.0840878,2010,건축물,051-665-4671,부산광역시 연제구청,2026-04-17
연산2동-296,1,부산광역시 연제구 중앙천로25번길 58-11,부산광역시 연제구 연산동 1607-8,35.17784606,129.0802239,2010,한전주,051-665-4671,부산광역시 연제구청,2026-04-17
연산2동-294,1,부산광역시 연제구 중앙천로25번길 52-3,부산광역시 연제구 연산동 806-26,35.17760183,129.0803195,2010,건축물,051-665-4671,부산광역시 연제구청,2026-04-17
연산2동-293,1,부산광역시 연제구 중앙대로25번길 54,부산광역시 연제구 연산동 806-27,35.17750299,129.0802852,2010,한전주,051-665-4671,부산광역시 연제구청,2026-04-17
연산2동-289,1,부산광역시 연제구 연제로8번길 36,부산광역시 연제구 연산동 1604-6,35.17782202,129.0795039,2010,한전주,051-665-4671,부산광역시 연제구청,2026-04-17
연산2동-256,1,부산광역시 연제구 연제로42번길 28-22,부산광역시 연제구 연산동 1589-8,35.17872245,129.0779739,2010,건축물,051-665-4671,부산광역시 연제구청,2026-04-17
연산2동-238,1,부산광역시 연제구 중앙천로39번길 24-1,부산광역시 연제구 연산동 791-20,35.17858393,129.0813755,2010,건축물,051-665-4671,부산광역시 연제구청,2026-04-17
연산2동-237,1,부산광역시 연제구 진남로 611-10,부산광역시 연제구 연산동 844-17,35.17490217,129.0800971,2010,건축물,051-665-4671,부산광역시 연제구청,2026-04-17
연산2동-235,1,부산광역시 연제구 연수로 82번길17,부산광역시 연제구 연산동 86-1,35.17468867,129.0799568,2010,건축물,051-665-4671,부산광역시 연제구청,2026-04-17
연산2동-233,1,부산광역시 연제구 연수로82번길 12-1,부산광역시 연제구 연산동 856-13,35.17482324,129.0795691,2010,한전주,051-665-4671,부산광역시 연제구청,2026-04-17
연산2동-231,1,부산광역시 연제구 연수로 67-4,부산광역시 연제구 연산동 859-33,35.17583551,129.0782541,2010,건축물,051-665-4671,부산광역시 연제구청,2026-04-17
연산1동-164,1,부산광역시 연제구 과정로327번길 13,부산광역시 연제구 연산동 317-1,35.18908392,129.0915395,2010,건축물,051-665-4671,부산광역시 연제구청,2026-04-17
연산1동-161,1,부산광역시 연제구 연동로14번길 34-1,부산광역시 연제구 연산동 317-72,35.18861377,129.0916979,2010,건축물,051-665-4671,부산광역시 연제구청,2026-04-17
연산1동-147,1,부산광역시 연제구 연동로8번길 22,부산광역시 연제구 연산동 312-18,35.18884338,129.0925364,2010,건축물,051-665-4671,부산광역시 연제구청,2026-04-17
연산1동-142,1,부산광역시 연제구 쌍미천로 175-10,부산광역시 연제구 연산동 615-5,35.18835845,129.0868492,2010,한전주,051-665-4671,부산광역시 연제구청,2026-04-17
연산2동-122,1,부산광역시 연제구 연수로 117,부산광역시 연제구 연산동 1973-8,35.17530137,129.0837142,2010,한전주,051-665-4671,부산광역시 연제구청,2026-04-17
연산2동-114,1,부산광역시 연제구 연수로 109-4,부산광역시 연제구 연산동 822-36,35.17542461,129.0828815,2010,건축물,051-665-4671,부산광역시 연제구청,2026-04-17
연산2동-93,1,부산광역시 연제구 연수로87번길 46-4,부산광역시 연제구 연산동 804-13,35.17753844,129.0813616,2010,건축물,051-665-4671,부산광역시 연제구청,2026-04-17
연산2동-78,1,부산광역시 연제구 중앙천로73번길 13-5,부산광역시 연제구 연산동 1645-35,35.18007183,129.0802973,2010,한전주,051-665-4671,부산광역시 연제구청,2026-04-17
연산2동-75,1,부산광역시 연제구 중앙대로1038번길 59-12,부산광역시 연제구 연산동 1642-1,35.17970527,129.0808353,2010,건축물,051-665-4671,부산광역시 연제구청,2026-04-17
연산2동-37,1,부산광역시 연제구 중앙대로1038번길 16-3,부산광역시 연제구 연산동 1595-11,35.18043127,129.0784027,2010,건축물,051-665-4671,부산광역시 연제구청,2026-04-17
연산2동-33,1,부산광역시 연제구 중앙천로20번길 11-1,부산광역시 연제구 연산동 776-40,35.17716218,129.0841232,2010,건축물,051-665-4671,부산광역시 연제구청,2026-04-17
연산2동-32,1,부산광역시 연제구 중앙천로20번길 10-1,부산광역시 연제구 연산동 777-11,35.17672114,129.0840514,2010,건축물,051-665-4671,부산광역시 연제구청,2026-04-17
연산2동-28,1,부산광역시 연제구 월드컵대로3번길 20,부산광역시 연제구 연산동 787-14,35.1755775,129.085577,2010,건축물,051-665-4671,부산광역시 연제구청,2026-04-17
연산2동-27,1,부산광역시 연제구 월드컵대로 9-1,부산광역시 연제구 연산동 787-4,35.17559553,129.0859357,2010,건축물,051-665-4671,부산광역시 연제구청,2026-04-17
연산2동-24,1,부산광역시 연제구 월드컵대로3번길 63,부산광역시 연제구 연산동 776-3,35.17730215,129.0845971,2010,한전주,051-665-4671,부산광역시 연제구청,2026-04-17
연산2동-15,1,부산광역시 연제구 월드컵대로19번길 16,부산광역시 연제구 연산동 778-32,35.17619053,129.0849227,2010,건축물,051-665-4671,부산광역시 연제구청,2026-04-17
연산1동-88,1,부산광역시 연제구 고분로 64,부산광역시 연제구 연산동 332-13,35.18538956,129.089393,2010,건축물,051-665-4671,부산광역시 연제구청,2026-04-17
연산1동-86,1,부산광역시 연제구 고분로56번길 39,부산광역시 연제구 연산동 955,35.18486107,129.0890236,2010,건축물,051-665-4671,부산광역시 연제구청,2026-04-17
연산1동-85,1,부산광역시 연제구 고분로56번길 39,부산광역시 연제구 연산동 955,35.18486107,129.0890236,2010,한전주,051-665-4671,부산광역시 연제구청,2026-04-17
연산1동-84,1,부산광역시 연제구 고분로56번길 39,부산광역시 연제구 연산동 955,35.18486107,129.0890236,2010,건축물,051-665-4671,부산광역시 연제구청,2026-04-17
연산2동-1,1,부산광역시 연제구 월드컵대로3번길 7,부산광역시 연제구 연산동 1954-3,35.17498444,129.085728,2010,한전주,051-665-4671,부산광역시 연제구청,2026-04-17
연산1동-121,1,부산광역시 연제구 고분로67번길 25,부산광역시 연제구 연산동 326-13,35.18684676,129.0897308,2010,한전주,051-665-4671,부산광역시 연제구청,2026-04-17
연산1동-176,1,부산광역시 연제구 과정로343번길 42,부산광역시 연제구 연산동 105-22,35.18974518,129.0881775,2010,한전주,051-665-4671,부산광역시 연제구청,2026-04-17
연산1동-213,1,부산광역시 연제구 온천천남로4번길 3,부산광역시 연제구 연산동 300-19,35.1928565,129.0910081,2010,건축물,051-665-4671,부산광역시 연제구청,2026-04-17
연산1동-200,1,부산광역시 연제구 연동로 16-1,부산광역시 연제구 연산동 337-2,35.18769168,129.0929922,2010,건축물,051-665-4671,부산광역시 연제구청,2026-04-17
연산1동-194,1,부산광역시 연제구 쌍미천로161번길 20-1,부산광역시 연제구 연산동 615-29,35.18720174,129.0861836,2010,건축물,051-665-4671,부산광역시 연제구청,2026-04-17
연산1동-192,1,부산광역시 연제구 고분로31번길 36-12,부산광역시 연제구 연산동 615-78,35.18753102,129.0865142,2010,건축물,051-665-4671,부산광역시 연제구청,2026-04-17
연산1동-190,1,부산광역시 연제구 고분로13번길 64,부산광역시 연제구 연산동 615-99,35.1880323,129.0862002,2010,건축물,051-665-4671,부산광역시 연제구청,2026-04-17
연산1동-186,1,부산광역시 연제구 고분로13번길 61-2,부산광역시 연제구 연산동 590-4,35.18826781,129.0857972,2010,한전주,051-665-4671,부산광역시 연제구청,2026-04-17
연산1동-181,1,부산광역시 연제구 반송로 50-16,부산광역시 연제구 연산동 590-63,35.18845846,129.0858023,2010,건축물,051-665-4671,부산광역시 연제구청,2026-04-17
연산1동-173,1,부산광역시 연제구 과정로 337-13,부산광역시 연제구 연산동 313-24,35.18985684,129.0907922,2010,건축물,051-665-4671,부산광역시 연제구청,2026-04-17
연산1동-170,1,부산광역시 연제구 연동로8번길 72,부산광역시 연제구 연산동 313-6,35.19010543,129.0902136,2010,건축물,051-665-4671,부산광역시 연제구청,2026-04-17
연산3동-308,1,부산광역시 연제구 금련로26번길 22,부산광역시 연제구 연산동 1811-377,35.17175219,129.0953144,2010,건축물,051-665-4671,부산광역시 연제구청,2026-04-17
연산3동-299,1,부산광역시 연제구 금련로23번길 4,부산광역시 연제구 연산동 1811-134,35.17194003,129.0964695,2010,건축물,051-665-4671,부산광역시 연제구청,2026-04-17
연산3동-291,1,부산광역시 연제구 금련로24번길 31-1,부산광역시 연제구 연산동 1811-869,35.1719392,129.0945704,2010,한전주,051-665-4671,부산광역시 연제구청,2026-04-17
연산3동-289,1,부산광역시 연제구 금련로38번길 60,부산광역시 연제구 연산동 1811-659,35.171744,129.0942275,2010,건축물,051-665-4671,부산광역시 연제구청,2026-04-17
연산1동-140,1,부산광역시 연제구 반송로 62-17,부산광역시 연제구 연산동 589-23,35.18923084,129.0872373,2010,건축물,051-665-4671,부산광역시 연제구청,2026-04-17
연산1동-139,1,부산광역시 연제구 쌍미천로 171-3,부산광역시 연제구 연산동 615-69,35.18804391,129.0867873,2010,건축물,051-665-4671,부산광역시 연제구청,2026-04-17
연산1동-132,1,부산광역시 연제구 쌍미천로162번길 6,부산광역시 연제구 연산동 325-5,35.18696429,129.0876902,2010,건축물,051-665-4671,부산광역시 연제구청,2026-04-17
연산1동-127,1,부산광역시 연제구 쌍미천로162번길 28,부산광역시 연제구 연산동 326-33,35.1868729,129.0888309,2010,한전주,051-665-4671,부산광역시 연제구청,2026-04-17
연산1동-115,1,부산광역시 연제구 쌍미천로156번길 42,부산광역시 연제구 연산동 328-14,35.18645149,129.0895828,2010,건축물,051-665-4671,부산광역시 연제구청,2026-04-17
연산1동-112,1,부산광역시 연제구 쌍미천로156번길 27,부산광역시 연제구 연산동 326-38,35.18663866,129.0888167,2010,건축물,051-665-4671,부산광역시 연제구청,2026-04-17
연산1동-109,1,부산광역시 연제구 고분로55번길 19,부산광역시 연제구 연산동 325-9,35.18665301,129.088224,2010,한전주,051-665-4671,부산광역시 연제구청,2026-04-17
연산1동-106,1,부산광역시 연제구 쌍미천로156번길 5-2,부산광역시 연제구 연산동 325-19,35.18685613,129.0876887,2010,건축물,051-665-4671,부산광역시 연제구청,2026-04-17
연산1동-105,1,부산광역시 연제구 쌍미천로156번길 1,부산광역시 연제구 연산동 325-4,35.18668716,129.087434,2010,한전주,051-665-4671,부산광역시 연제구청,2026-04-17
연산1동-103,1,부산광역시 연제구 쌍미천로152번길 27,부산광역시 연제구 연산동 328-4,35.18621906,129.0888108,2010,건축물,051-665-4671,부산광역시 연제구청,2026-04-17
연산1동-101,1,부산광역시 연제구 쌍미천로152번길 35,부산광역시 연제구 연산동 328-39,35.18614792,129.0892604,2010,한전주,051-665-4671,부산광역시 연제구청,2026-04-17
연산1동-92,1,부산광역시 연제구 쌍미천로142번길 8,부산광역시 연제구 연산동 334-4,35.18508022,129.087709,2010,건축물,051-665-4671,부산광역시 연제구청,2026-04-17
연산6동-8,1,부산광역시 연제구 쌍미천로52번길 25,부산광역시 연제구 연산동 2144-8,35.17702294,129.0905876,2010,건축물,051-665-4671,부산광역시 연제구청,2026-04-17
연산6동-4,1,부산광역시 연제구 쌍미천로44번길 17,부산광역시 연제구 연산동 1784-19,35.17817027,129.090835,2010,전용주,051-665-4671,부산광역시 연제구청,2026-04-17
연산6동-1,1,부산광역시 연제구 쌍미천로52번길 1,부산광역시 연제구 연산동 2149-2,35.17764059,129.0894926,2010,건축물,051-665-4671,부산광역시 연제구청,2026-04-17
연산5동-281,1,부산광역시 연제구 신촌로23번길 40-16,부산광역시 연제구 연산동 1502-8,35.18240755,129.0751132,2010,건축물,051-665-4671,부산광역시 연제구청,2026-04-17
연산4동-32,1,부산광역시 연제구 쌍미천로 125,부산광역시 연제구 연산동 643-1,35.18370748,129.087003,2010,건축물,051-665-4671,부산광역시 연제구청,2026-04-17
연산4동-30,1,부산광역시 연제구 쌍미천로119번길 6-1,부산광역시 연제구 연산동 643-22,35.18349923,129.0867876,2010,건축물,051-665-4671,부산광역시 연제구청,2026-04-17
연산4동-25,1,부산광역시 연제구 쌍미천로109번길 5,부산광역시 연제구 연산동 650-30,35.18227386,129.0870457,2010,한전주,051-665-4671,부산광역시 연제구청,2026-04-17
연산4동-24,1,부산광역시 연제구 쌍미천로109번길 13,부산광역시 연제구 연산동 650-4,35.18228711,129.0865738,2010,건축물,051-665-4671,부산광역시 연제구청,2026-04-17
연산4동-11,1,부산광역시 연제구 쌍미천로93번길 9-1,부산광역시 연제구 연산동 654-10,35.18074178,129.0870143,2010,건축물,051-665-4671,부산광역시 연제구청,2026-04-17
연산4동-9,1,부산광역시 연제구 쌍미천로87번길 1-4,부산광역시 연제구 연산동 655-21,35.18032068,129.0877333,2010,건축물,051-665-4671,부산광역시 연제구청,2026-04-17
연산4동-2,1,부산광역시 연제구 대리로22번길 31-26,부산광역시 연제구 연산동 655-27,35.1800303,129.087949,2010,건축물,051-665-4671,부산광역시 연제구청,2026-04-17
연산3동-321,1,부산광역시 연제구 금련로34번길 16,부산광역시 연제구 연산동 1811-475,35.17102759,129.0956998,2010,한전주,051-665-4671,부산광역시 연제구청,2026-04-17
연산3동-316,1,부산광역시 연제구 금련로30번길 9,부산광역시 연제구 연산동 1811-439,35.17135848,129.0959897,2010,한전주,051-665-4671,부산광역시 연제구청,2026-04-17
연산3동-314,1,부산광역시 연제구 금련로26번나길 9,부산광역시 연제구 연산동 1811-423,35.17130425,129.0954712,2010,한전주,051-665-4671,부산광역시 연제구청,2026-04-17
연산3동-312,1,부산광역시 연제구 금련로38번길 43,부산광역시 연제구 연산동 1811-672,35.17140397,129.0949474,2010,건축물,051-665-4671,부산광역시 연제구청,2026-04-17
연산3동-309,1,부산광역시 연제구 연수로226번길 39,부산광역시 연제구 연산동 1811-521,35.17161819,129.0951808,2010,한전주,051-665-4671,부산광역시 연제구청,2026-04-17
연산5동-219,1,부산광역시 연제구 월드컵대로91번길 23,부산광역시 연제구 연산동 717-51,35.18181999,129.0821447,2010,건축물,051-665-4671,부산광역시 연제구청,2026-04-17
연산5동-198,1,부산광역시 연제구 중앙대로1048번길 55,부산광역시 연제구 연산동 1261-7,35.18136323,129.0818305,2010,한전주,051-665-4671,부산광역시 연제구청,2026-04-17
연산5동-193,1,부산광역시 연제구 진연로 31,부산광역시 연제구 연산동 1514-6,35.17950294,129.0721791,2010,건축물,051-665-4671,부산광역시 연제구청,2026-04-17
연산5동-192,1,부산광역시 연제구 시청로31번길 26,부산광역시 연제구 연산동 1507-13,35.18081365,129.0729074,2010,건축물,051-665-4671,부산광역시 연제구청,2026-04-17
연산6동-54,1,부산광역시 연제구 배산로 20,부산광역시 연제구 연산동 2122-1,35.1741309,129.0944242,2010,건축물,051-665-4671,부산광역시 연제구청,2026-04-17
연산6동-50,1,부산광역시 연제구 배산로23번길 12-3,부산광역시 연제구 연산동 2123-20,35.17448445,129.0951974,2010,건축물,051-665-4671,부산광역시 연제구청,2026-04-17
연산6동-46,1,부산광역시 연제구 배산로23번길 16,부산광역시 연제구 연산동 2124-11,35.17486627,129.0951084,2010,한전주,051-665-4671,부산광역시 연제구청,2026-04-17
연산6동-36,1,부산광역시 연제구 배산북로12번길 37,부산광역시 연제구 연산동 2125-9,35.17532214,129.095122,2010,건축물,051-665-4671,부산광역시 연제구청,2026-04-17
연산6동-31,1,부산광역시 연제구 배산북로 46,부산광역시 연제구 연산동 1849-12,35.17799713,129.0949652,2010,전용주,051-665-4671,부산광역시 연제구청,2026-04-17
연산6동-24,1,부산광역시 연제구 배산북로23번길 12,부산광역시 연제구 연산동 1849-1,35.17629913,129.093499,2010,전용주,051-665-4671,부산광역시 연제구청,2026-04-17
연산6동-22,1,부산광역시 연제구 배산북로23번길 26,부산광역시 연제구 연산동 2141-15,35.17651085,129.092861,2010,한전주,051-665-4671,부산광역시 연제구청,2026-04-17
연산6동-20,1,부산광역시 연제구 배산북로23번길 41,부산광역시 연제구 연산동 2142-15,35.17679705,129.0921627,2010,한전주,051-665-4671,부산광역시 연제구청,2026-04-17
연산6동-18,1,부산광역시 연제구 쌍미천로30번길 38,부산광역시 연제구 연산동 2142-1,35.17716081,129.0922911,2010,한전주,051-665-4671,부산광역시 연제구청,2026-04-17
연산6동-16,1,부산광역시 연제구 쌍미천로30번길 32,부산광역시 연제구 연산동 2141-29,35.1769717,129.0920372,2010,한전주,051-665-4671,부산광역시 연제구청,2026-04-17
연산6동-13,1,부산광역시 연제구 쌍미천로30번길 17-14,부산광역시 연제구 연산동 2144-21,35.17708346,129.0908738,2010,한전주,051-665-4671,부산광역시 연제구청,2026-04-17
연산6동-11,1,부산광역시 연제구 쌍미천로30번길 19,부산광역시 연제구 연산동 2144-34,35.17669395,129.0913913,2010,한전주,051-665-4671,부산광역시 연제구청,2026-04-17
연산5동-118,1,부산광역시 연제구 거제천로 120-2,부산광역시 연제구 연산동 1479-27,35.18436138,129.0753585,2010,건축물,051-665-4671,부산광역시 연제구청,2026-04-17
연산5동-116,1,부산광역시 연제구 거제천로118번길 13-5,부산광역시 연제구 연산동 1479-12,35.18428684,129.075632,2010,건축물,051-665-4671,부산광역시 연제구청,2026-04-17
연산5동-115,1,부산광역시 연제구 거제천로118번길 9,부산광역시 연제구 연산동 1479-20,35.18419004,129.0753673,2010,한전주,051-665-4671,부산광역시 연제구청,2026-04-17
연산5동-112,1,부산광역시 연제구 거제천로124번길 9,부산광역시 연제구 연산동 1478-16,35.18459943,129.0757899,2010,건축물,051-665-4671,부산광역시 연제구청,2026-04-17
연산5동-277,1,부산광역시 연제구 월드컵대로99번길 32,부산광역시 연제구 연산동 708-20,35.18398268,129.0814701,2010,한전주,051-665-4671,부산광역시 연제구청,2026-04-17
연산5동-256,1,부산광역시 연제구 월드컵대로91번길 3-2,부산광역시 연제구 연산동 717-66,35.18214816,129.0830977,2010,한전주,051-665-4671,부산광역시 연제구청,2026-04-17
연산5동-249,1,부산광역시 연제구 월드컵대로91번가길 5-2,부산광역시 연제구 연산동 715-36,35.18210784,129.0818314,2010,건축물,051-665-4671,부산광역시 연제구청,2026-04-17
연산5동-241,1,부산광역시 연제구 중앙대로1066번길 14,부산광역시 연제구 연산동 704-4,35.18267046,129.0799983,2010,건축물,051-665-4671,부산광역시 연제구청,2026-04-17
연산5동-239,1,부산광역시 연제구 중앙대로1066번길 24,부산광역시 연제구 연산동 704-16,35.18246973,129.0804657,2010,한전주,051-665-4671,부산광역시 연제구청,2026-04-17
연산5동-238,1,부산광역시 연제구 중앙대로1056번길 17,부산광역시 연제구 연산동 1310-11,35.18241724,129.0800362,2010,한전주,051-665-4671,부산광역시 연제구청,2026-04-17
연산5동-232,1,부산광역시 연제구 중앙대로1054번길 12,부산광역시 연제구 연산동 1310-16,35.18207131,129.0793967,2010,건축물,051-665-4671,부산광역시 연제구청,2026-04-17
연산5동-231,1,부산광역시 연제구 중앙대로1052번길 16,부산광역시 연제구 연산동 1310-16,35.18183735,129.0797216,2010,건축물,051-665-4671,부산광역시 연제구청,2026-04-17
연산5동-230,1,부산광역시 연제구 중앙대로1054번길 24,부산광역시 연제구 연산동 1310-13,35.1819755,129.080103,2010,건축물,051-665-4671,부산광역시 연제구청,2026-04-17
연산5동-225,1,부산광역시 연제구 중앙대로1054번길 35,부산광역시 연제구 연산동 1297-35,35.18198421,129.0808977,2010,한전주,051-665-4671,부산광역시 연제구청,2026-04-17
연산5동-224,1,부산광역시 연제구 중앙대로1066번길 38-1,부산광역시 연제구 연산동 716-9,35.18202966,129.0811028,2010,건축물,051-665-4671,부산광역시 연제구청,2026-04-17
연산5동-223,1,부산광역시 연제구 중앙대로1066번길 38,부산광역시 연제구 연산동 716-3,35.18212367,129.0811517,2010,건축물,051-665-4671,부산광역시 연제구청,2026-04-17
연산5동-71,1,부산광역시 연제구 거제천로136번길 39,부산광역시 연제구 연산동 1299-20,35.18478325,129.0776886,2010,한전주,051-665-4671,부산광역시 연제구청,2026-04-17
연산5동-69,1,부산광역시 연제구 월드컵대로153번길 56,부산광역시 연제구 연산동 1293-25,35.18447218,129.0777301,2010,한전주,051-665-4671,부산광역시 연제구청,2026-04-17
연산5동-64,1,부산광역시 연제구 중앙대로1075번길 47-1,부산광역시 연제구 연산동 1293-21,35.18511655,129.0776083,2010,건축물,051-665-4671,부산광역시 연제구청,2026-04-17
연산5동-62,1,부산광역시 연제구 월드컵대로145번길 48,부산광역시 연제구 연산동 1288-31,35.18450594,129.0793679,2010,한전주,051-665-4671,부산광역시 연제구청,2026-04-17
연산5동-191,1,부산광역시 연제구 시청로31번길 22,부산광역시 연제구 연산동 1507-8,35.1809658,129.0730301,2010,건축물,051-665-4671,부산광역시 연제구청,2026-04-17
연산5동-190,1,부산광역시 연제구 시청로31번길 4,부산광역시 연제구 연산동 1507-1,35.1814771,129.0734365,2010,한전주,051-665-4671,부산광역시 연제구청,2026-04-17
연산5동-186,1,부산광역시 연제구 거제천로 94,부산광역시 연제구 연산동 1505-28,35.18243806,129.0737083,2010,건축물,051-665-4671,부산광역시 연제구청,2026-04-17
연산5동-184,1,부산광역시 연제구 거제천로 102-11,부산광역시 연제구 연산동 1505-58,35.18273904,129.0743271,2010,건축물,051-665-4671,부산광역시 연제구청,2026-04-17
연산5동-182,1,부산광역시 연제구 거제천로 102-5,부산광역시 연제구 연산동 1505-6,35.18299159,129.0743084,2010,건축물,051-665-4671,부산광역시 연제구청,2026-04-17
연산5동-171,1,부산광역시 연제구 시청로32번길 16,부산광역시 연제구 연산동 1503-27,35.18224462,129.0743191,2010,건축물,051-665-4671,부산광역시 연제구청,2026-04-17
연산5동-166,1,부산광역시 연제구 거제천로104번길 12,부산광역시 연제구 연산동 1505-1,35.18297093,129.0746046,2010,건축물,051-665-4671,부산광역시 연제구청,2026-04-17
연산5동-157,1,부산광역시 연제구 신촌로 29-3,부산광역시 연제구 연산동 1498-20,35.18314406,129.0754084,2010,건축물,051-665-4671,부산광역시 연제구청,2026-04-17
연산5동-156,1,부산광역시 연제구 신촌로 29-7,부산광역시 연제구 연산동 1498-11,35.18297399,129.0752744,2010,한전주,051-665-4671,부산광역시 연제구청,2026-04-17
연산5동-138,1,부산광역시 연제구 중앙대로1043번길 16,부산광역시 연제구 연산동 1360-4,35.18163166,129.077063,2010,건축물,051-665-4671,부산광역시 연제구청,2026-04-17
연산5동-132,1,부산광역시 연제구 중앙대로1043번길 20,부산광역시 연제구 연산동 1362-8,35.18163465,129.0768816,2010,건축물,051-665-4671,부산광역시 연제구청,2026-04-17
연산5동-125,1,부산광역시 연제구 거제천로118번길 51,부산광역시 연제구 연산동 1481-58,35.18318551,129.077463,2010,건축물,051-665-4671,부산광역시 연제구청,2026-04-17
연산5동-10,1,부산광역시 연제구 월드컵대로145번길 13,부산광역시 연제구 연산동 1242-8,35.18577622,129.0803604,2010,한전주,051-665-4671,부산광역시 연제구청,2026-04-17
연산5동-8,1,부산광역시 연제구 월드컵대로164번길 9,부산광역시 연제구 연산동 1141-10,35.18782526,129.0785971,2010,한전주,051-665-4671,부산광역시 연제구청,2026-04-17
연산5동-6,1,부산광역시 연제구 중앙대로 1113,부산광역시 연제구 연산동 1126-13,35.18698906,129.0810884,2010,한전주,051-665-4671,부산광역시 연제구청,2026-04-17
연산4동-313,1,부산광역시 연제구 고분로20번길 33,부산광역시 연제구 연산동 641-26,35.18413454,129.0846111,2010,전용주,051-665-4671,부산광역시 연제구청,2026-04-17
연산5동-313,1,부산광역시 연제구 거제천로124번길 15,부산광역시 연제구 연산동 1478-1,35.18448121,129.0760738,2018,한전주,051-665-4671,부산광역시 연제구청,2026-04-17
연산5동-106,1,부산광역시 연제구 거제천로124번길 35,부산광역시 연제구 연산동 1405-15,35.18410179,129.0770222,2010,한전주,051-665-4671,부산광역시 연제구청,2026-04-17
연산5동-100,1,부산광역시 연제구 월드컵대로145번길 99-1,부산광역시 연제구 연산동 1343-25,35.18239919,129.0780774,2010,건축물,051-665-4671,부산광역시 연제구청,2026-04-17
연산5동-92,1,부산광역시 연제구 중앙대로1065번길 27,부산광역시 연제구 연산동 1386-7,35.18390629,129.0778778,2010,건축물,051-665-4671,부산광역시 연제구청,2026-04-17
연산5동-88,1,부산광역시 연제구 중앙대로1065번길 53-1,부산광역시 연제구 연산동 1405-37,35.18443429,129.0766088,2010,건축물,051-665-4671,부산광역시 연제구청,2026-04-17
연산5동-84,1,부산광역시 연제구 새싹2로 30,부산광역시 연제구 연산동 1478-1,35.18448121,129.0762522,2010,건축물,051-665-4671,부산광역시 연제구청,2026-04-17
연산5동-83,1,부산광역시 연제구 중앙대로1065번길 67-1,부산광역시 연제구 연산동 1478-2,35.18481459,129.0759578,2010,건축물,051-665-4671,부산광역시 연제구청,2026-04-17
연산5동-81,1,부산광역시 연제구 중앙대로1065번길 73-1,부산광역시 연제구 연산동 1478-23,35.18490794,129.0757281,2010,건축물,051-665-4671,부산광역시 연제구청,2026-04-17
연산5동-79,1,부산광역시 연제구 거제천로124번길 3-2,부산광역시 연제구 연산동 1478-28,35.18492724,129.0755856,2010,건축물,051-665-4671,부산광역시 연제구청,2026-04-17
연산5동-78,1,부산광역시 연제구 중앙대로1065번길 75,부산광역시 연제구 연산동 1292-19,35.18507723,129.075691,2010,한전주,051-665-4671,부산광역시 연제구청,2026-04-17
연산5동-75,1,부산광역시 연제구 월드컵대로165번길 58,부산광역시 연제구 연산동 1299-11,35.18493674,129.0765687,2010,한전주,051-665-4671,부산광역시 연제구청,2026-04-17
연산5동-73,1,부산광역시 연제구 거제천로136번길 28,부산광역시 연제구 연산동 1299-8,35.18494118,129.077057,2010,한전주,051-665-4671,부산광역시 연제구청,2026-04-17
연산4동-297,1,부산광역시 연제구 쌍미천로125번길 30-1,부산광역시 연제구 연산동 641-29,35.18400019,129.0855206,2010,건축물,051-665-4671,부산광역시 연제구청,2026-04-17
연산4동-296,1,부산광역시 연제구 쌍미천로119번길 4,부산광역시 연제구 연산동 643-33,35.18339292,129.0868959,2010,한전주,051-665-4671,부산광역시 연제구청,2026-04-17
연산4동-295,1,부산광역시 연제구 쌍미천로103번길 18-2,부산광역시 연제구 연산동 650-15,35.18209021,129.0864175,2010,건축물,051-665-4671,부산광역시 연제구청,2026-04-17
연산4동-294,1,부산광역시 연제구 쌍미천로84번길 82-4,부산광역시 연제구 연산동 1135-122,35.18014719,129.0889826,2010,한전주,051-665-4671,부산광역시 연제구청,2026-04-17
연산5동-59,1,부산광역시 연제구 중앙대로1075번길 28,부산광역시 연제구 연산동 1288-3,35.18494424,129.0787369,2010,건축물,051-665-4671,부산광역시 연제구청,2026-04-17
연산5동-54,1,부산광역시 연제구 중앙대로1075번길 48,부산광역시 연제구 연산동 1293-20,35.18538429,129.0777382,2010,한전주,051-665-4671,부산광역시 연제구청,2026-04-17
연산5동-50,1,부산광역시 연제구 중앙대로1075번길 64,부산광역시 연제구 연산동 1290-21,35.18575214,129.0770897,2010,건축물,051-665-4671,부산광역시 연제구청,2026-04-17
연산5동-45,1,부산광역시 연제구 거제천로146번길 18,부산광역시 연제구 연산동 1290-26,35.18607592,129.0771708,2010,한전주,051-665-4671,부산광역시 연제구청,2026-04-17
연산5동-41,1,부산광역시 연제구 거제천로146번길 31,부산광역시 연제구 연산동 1289-4,35.18589909,129.0780233,2010,한전주,051-665-4671,부산광역시 연제구청,2026-04-17
연산5동-38,1,부산광역시 연제구 월드컵대로153번길 36,부산광역시 연제구 연산동 1288-28,35.18527172,129.0784633,2010,한전주,051-665-4671,부산광역시 연제구청,2026-04-17
연산5동-35,1,부산광역시 연제구 월드컵대로145번길 38,부산광역시 연제구 연산동 1288-22,35.18479319,129.079561,2010,한전주,051-665-4671,부산광역시 연제구청,2026-04-17
연산5동-28,1,부산광역시 연제구 월드컵대로153번길 25,부산광역시 연제구 연산동 1279-23,35.18560952,129.0789324,2010,한전주,051-665-4671,부산광역시 연제구청,2026-04-17
연산5동-20,1,부산광역시 연제구 거제천로 154,부산광역시 연제구 연산동 1142-11,35.18705241,129.0769611,2010,건축물,051-665-4671,부산광역시 연제구청,2026-04-17
연산5동-19,1,부산광역시 연제구 거제천로154번길 10,부산광역시 연제구 연산동 1256-26,35.18692117,129.0774016,2010,전용주,051-665-4671,부산광역시 연제구청,2026-04-17
연산5동-18,1,부산광역시 연제구 거제천로154번길 20,부산광역시 연제구 연산동 1256-4,35.18675463,129.0778825,2010,건축물,051-665-4671,부산광역시 연제구청,2026-04-17
연산5동-15,1,부산광역시 연제구 월드컵대로165번길 5,부산광역시 연제구 연산동 1255-9,35.18676614,129.0783955,2010,한전주,051-665-4671,부산광역시 연제구청,2026-04-17
거제3동-131,1,부산광역시 연제구 거제대로114번길 40-1,부산광역시 연제구 거제동 730-50,35.17775072,129.0706714,2010,건축물,051-665-4671,부산광역시 연제구청,2026-04-17
거제3동-130,1,부산광역시 연제구 거제대로114번길 44-1,부산광역시 연제구 거제동 730-47,35.17764072,129.0708785,2010,건축물,051-665-4671,부산광역시 연제구청,2026-04-17
거제3동-128,1,부산광역시 연제구 거제대로114번길 53,부산광역시 연제구 거제동 730-2,35.1777541,129.0714066,2010,한전주,051-665-4671,부산광역시 연제구청,2026-04-17
거제3동-121,1,부산광역시 연제구 거제대로124번길 38,부산광역시 연제구 거제동 500-51,35.17879107,129.0708896,2010,건축물,051-665-4671,부산광역시 연제구청,2026-04-17
거제3동-104,1,부산광역시 연제구 거제대로138번길 21,부산광역시 연제구 거제동 604-8,35.18114362,129.070344,2010,전용주,051-665-4671,부산광역시 연제구청,2026-04-17
거제3동-83,1,부산광역시 연제구 거제시장로14번길 27,부산광역시 연제구 거제동 485-1,35.18219491,129.0724548,2010,건축물,051-665-4671,부산광역시 연제구청,2026-04-17
거제4동-130,1,부산광역시 연제구 해맞이로43번길 5,부산광역시 연제구 거제동 676-151,35.17833988,129.0672428,2010,한전주,051-665-4671,부산광역시 연제구청,2026-04-17
거제4동-127,1,부산광역시 연제구 해맞이로31번길 50,부산광역시 연제구 거제동 714-16,35.17881637,129.0653388,2010,한전주,051-665-4671,부산광역시 연제구청,2026-04-17
거제4동-102,1,부산광역시 연제구 해맞이로77번길 60-8,부산광역시 연제구 거제동 766-15,35.18107065,129.0652474,2010,건축물,051-665-4671,부산광역시 연제구청,2026-04-17
거제4동-99,1,부산광역시 연제구 화지로43번길 76,부산광역시 연제구 거제동 681-41,35.1812422,129.0662378,2010,한전주,051-665-4671,부산광역시 연제구청,2026-04-17
거제4동-83,1,부산광역시 연제구 해맞이로93번길 28-2,부산광역시 연제구 거제동 643-37,35.18240913,129.0677308,2010,건축물,051-665-4671,부산광역시 연제구청,2026-04-17
거제4동-69,1,부산광역시 연제구 화지로 83-1,부산광역시 연제구 거제동 1446-5,35.18227139,129.0650326,2010,건축물,051-665-4671,부산광역시 연제구청,2026-04-17
거제4동-66,1,부산광역시 연제구 화지로 93-29,부산광역시 연제구 거제동 769-51,35.18274305,129.0651349,2010,한전주,051-665-4671,부산광역시 연제구청,2026-04-17
거제4동-21,1,부산광역시 연제구 해맞이로117번길 6,부산광역시 연제구 거제동 817-23,35.18486089,129.0698534,2010,건축물,051-665-4671,부산광역시 연제구청,2026-04-17
거제4동-20,1,부산광역시 연제구 해맞이로 119,부산광역시 연제구 거제동 817-43,35.18482271,129.0700945,2010,한전주,051-665-4671,부산광역시 연제구청,2026-04-17
거제4동-16,1,부산광역시 연제구 해맞이로117번길 24,부산광역시 연제구 거제동 815-131,35.18488542,129.0691181,2010,건축물,051-665-4671,부산광역시 연제구청,2026-04-17
거제3동-23,1,부산광역시 연제구 월드컵대로187번길 30-1,부산광역시 연제구 거제동 38-9,35.18669941,129.0749722,2010,건축물,051-665-4671,부산광역시 연제구청,2026-04-17
거제3동-22,1,부산광역시 연제구 월드컵대로187번길 25-1,부산광역시 연제구 거제동 39-29,35.1867142,129.0755269,2010,건축물,051-665-4671,부산광역시 연제구청,2026-04-17
거제3동-20,1,부산광역시 연제구 거제천로230번길 150-1,부산광역시 연제구 거제동 39-38,35.18657267,129.0760465,2010,건축물,051-665-4671,부산광역시 연제구청,2026-04-17
거제3동-17,1,부산광역시 연제구 거제대로230번길 45-1,부산광역시 연제구 거제동 34-23,35.18707729,129.0760641,2010,건축물,051-665-4671,부산광역시 연제구청,2026-04-17
거제3동-15,1,부산광역시 연제구 거제천로230번길 53,부산광역시 연제구 거제동 34-29,35.1894302,129.0832228,2010,한전주,051-665-4671,부산광역시 연제구청,2026-04-17
거제3동-14,1,부산광역시 연제구 거제천로 149-1,부산광역시 연제구 거제동 34-17,35.18702038,129.0763818,2010,건축물,051-665-4671,부산광역시 연제구청,2026-04-17
거제3동-143,1,부산광역시 연제구 거제대로96번길 31,부산광역시 연제구 거제동 747-16,35.17669458,129.0698231,2010,한전주,051-665-4671,부산광역시 연제구청,2026-04-17
거제3동-142,1,부산광역시 연제구 거제대로96번길 39-1,부산광역시 연제구 거제동 747-23,35.17659999,129.0703269,2010,한전주,051-665-4671,부산광역시 연제구청,2026-04-17
거제3동-170,1,부산광역시 연제구 거제천로117번길 11,부산광역시 연제구 거제동 41-46,35.18464259,129.0740936,2010,건축물,051-665-4671,부산광역시 연제구청,2026-04-17
거제3동-164,1,부산광역시 연제구 거제대로74번길 79,부산광역시 연제구 거제동 568-30,35.17847388,129.0699139,2010,건축물,051-665-4671,부산광역시 연제구청,2026-04-17
거제3동-163,1,부산광역시 연제구 거제대로114번길 19-2,부산광역시 연제구 거제동 568-25,35.17854338,129.0697157,2010,건축물,051-665-4671,부산광역시 연제구청,2026-04-17
거제3동-159,1,부산광역시 연제구 거제대로114번길 22-1,부산광역시 연제구 거제동 572-18,35.1780656,129.0697204,2010,한전주,051-665-4671,부산광역시 연제구청,2026-04-17
거제3동-153,1,부산광역시 연제구 거제대로96번길 17,부산광역시 연제구 거제동 748-16,35.17694385,129.0691567,2010,건축물,051-665-4671,부산광역시 연제구청,2026-04-17
거제3동-140,1,부산광역시 연제구 거제대로96번길 43,부산광역시 연제구 거제동 747-34,35.17644473,129.0704113,2010,한전주,051-665-4671,부산광역시 연제구청,2026-04-17
거제3동-139,1,부산광역시 연제구 거제천로23번길 3,부산광역시 연제구 거제동 747-38,35.17674942,129.070757,2010,건축물,051-665-4671,부산광역시 연제구청,2026-04-17
거제3동-135,1,부산광역시 연제구 거제대로108번길 39-1,부산광역시 연제구 거제동 730-52,35.17765206,129.0706152,2010,건축물,051-665-4671,부산광역시 연제구청,2026-04-17
거제1동-242,1,부산광역시 연제구 거제대로283번길 13-1,부산광역시 연제구 거제동 311-17,35.19186233,129.0772254,2010,건축물,051-665-4671,부산광역시 연제구청,2026-04-17
거제1동-241,1,부산광역시 연제구 거제대로285번길 17,부산광역시 연제구 거제동 311-12,35.19214212,129.0771851,2010,건축물,051-665-4671,부산광역시 연제구청,2026-04-17
거제1동-180,1,부산광역시 연제구 아시아드대로108번길 49-2,부산광역시 연제구 거제동 1474,35.19423483,129.0695559,2010,한전주,051-665-4671,부산광역시 연제구청,2026-04-17
거제3동-134,1,부산광역시 연제구 거제대로74번길 76,부산광역시 연제구 거제동 730-9,35.17804398,129.0701263,2010,한전주,051-665-4671,부산광역시 연제구청,2026-04-17
연산6동-476,1,부산광역시 연제구 연수로213번길 20,부산광역시 연제구 연산동 2124-20,35.17464472,129.0944201,2010,한전주,051-665-4671,부산광역시 연제구청,2026-04-17
거제4동-193,1,부산광역시 연제구 화지로52번길 27,부산광역시 연제구 거제동 676-366,35.17993116,129.0656717,2010,한전주,051-665-4671,부산광역시 연제구청,2026-04-17
거제3동-80,1,부산광역시 연제구 거제시장로14번길 23,부산광역시 연제구 거제동 485-2,35.18192651,129.0724389,2010,건축물,051-665-4671,부산광역시 연제구청,2026-04-17
거제3동-71,1,부산광역시 연제구 거제시장로14번길 56,부산광역시 연제구 거제동 453-3,35.18317002,129.0734197,2010,한전주,051-665-4671,부산광역시 연제구청,2026-04-17
거제3동-70,1,부산광역시 연제구 거제시장로14번길 51,부산광역시 연제구 거제동 453-3,35.18344394,129.0731067,2010,한전주,051-665-4671,부산광역시 연제구청,2026-04-17
거제3동-67,1,부산광역시 연제구 거제대로178번길 40-2,부산광역시 연제구 거제동 552-3,35.18382988,129.0722773,2010,건축물,051-665-4671,부산광역시 연제구청,2026-04-17
거제3동-59,1,부산광역시 연제구 거제대로188번길 26,부산광역시 연제구 거제동 823,35.18431369,129.071592,2010,건축물,051-665-4671,부산광역시 연제구청,2026-04-17
거제3동-51,1,부산광역시 연제구 신촌로 49-6,부산광역시 연제구 거제동 41-59,35.18397925,129.0737286,2010,건축물,051-665-4671,부산광역시 연제구청,2026-04-17
거제3동-50,1,부산광역시 연제구 거제천로178번길 59-1,부산광역시 연제구 거제동 41-63,35.18385395,129.0736281,2010,건축물,051-665-4671,부산광역시 연제구청,2026-04-17
거제3동-30,1,부산광역시 연제구 거제대로214번길 58-1,부산광역시 연제구 거제동 40-31,35.1856945,129.075464,2010,건축물,051-665-4671,부산광역시 연제구청,2026-04-17
거제3동-29,1,부산광역시 연제구 월드컵대로187번길 52-1,부산광역시 연제구 거제동 40-26,35.18587797,129.0751041,2010,건축물,051-665-4671,부산광역시 연제구청,2026-04-17
거제3동-28,1,부산광역시 연제구 월드컵대로187번길 36-2,부산광역시 연제구 거제동 38-16,35.18653398,129.0747118,2010,건축물,051-665-4671,부산광역시 연제구청,2026-04-17
연산6동-467,1,부산광역시 연제구 쌍미천로73번길 53,부산광역시 연제구 연산동 660-7,35.17921164,129.0857643,2010,건축물,051-665-4671,부산광역시 연제구청,2026-04-17
연산4동-314,1,부산광역시 연제구 대리로 23-1,부산광역시 연제구 연산동 652-8,35.18160263,129.0865098,2010,건축물,051-665-4671,부산광역시 연제구청,2026-04-17
연산6동-472,1,부산광역시 연제구 월드컵대로46번길 55-4,부산광역시 연제구 연산동 659-71,35.17891064,129.0881646,2010,건축물,051-665-4671,부산광역시 연제구청,2026-04-17
연산8동-244,1,부산광역시 연제구 연동로7번길 19-1,부산광역시 연제구 연산동 342-23번,35.18824578,129.0945148,2010,건축물,051-665-4671,부산광역시 연제구청,2026-04-17
거제1동-240,1,부산광역시 연제구 여고로52번길 27,부산광역시 연제구 거제동 199-17,35.1945309,129.0700811,2010,한전주,051-665-4671,부산광역시 연제구청,2026-04-17
연산3동-192,1,부산광역시 연제구 금련로 56-12,부산광역시 연제구 연산동 1816-70,35.16946652,129.0948885,2010,건축물,051-665-4671,부산광역시 연제구청,2026-04-17
거제3동-12,1,부산광역시 연제구 거제대로230번길 29-1,부산광역시 연제구 거제동 37-13,35.18742642,129.0753221,2010,건축물,051-665-4671,부산광역시 연제구청,2026-04-17
거제3동-10,1,부산광역시 연제구 거제대로230번길 22-2,부산광역시 연제구 거제동 38-30,35.18717129,129.0746161,2010,건축물,051-665-4671,부산광역시 연제구청,2026-04-17
거제3동-7,1,부산광역시 연제구 거제대로230번길 10-1,부산광역시 연제구 거제동 38-53,35.1875266,129.0741925,2010,건축물,051-665-4671,부산광역시 연제구청,2026-04-17
거제2동-293,1,부산광역시 연제구 월드컵대로252번길 12,부산광역시 연제구 거제동 1094-5,35.19113944,129.0703202,2010,한전주,051-665-4671,부산광역시 연제구청,2026-04-17
거제2동-292,1,부산광역시 연제구 월드컵대로248번길 24,부산광역시 연제구 거제동 1045-1,35.19052809,129.0711576,2010,건축물,051-665-4671,부산광역시 연제구청,2026-04-17
거제2동-291,1,부산광역시 연제구 월드컵대로248번길 5,부산광역시 연제구 거제동 1095-9,35.19069577,129.0705449,2010,건축물,051-665-4671,부산광역시 연제구청,2026-04-17
거제1동-249,1,부산광역시 연제구 거제대로277번길 8,부산광역시 연제구 거제동 312-95,35.19138843,129.0770335,2010,건축물,051-665-4671,부산광역시 연제구청,2026-04-17
거제1동-247,1,부산광역시 연제구 중앙대로1235번길 23-7,부산광역시 연제구 거제동 242-23,35.19685915,129.0780715,2010,건축물,051-665-4671,부산광역시 연제구청,2026-04-17
거제1동-246,1,부산광역시 연제구 거제천로255번가길 33-8,부산광역시 연제구 거제동 1462-7,35.19374117,129.0868583,2010,한전주,051-665-4671,부산광역시 연제구청,2026-04-17
거제1동-243,1,부산광역시 연제구 거제대로277번길 6,부산광역시 연제구 거제동 312-29,35.19115887,129.0770986,2010,건축물,051-665-4671,부산광역시 연제구청,2026-04-17
연산1동-16,1,부산광역시 연제구 온천천남로 8-3,부산광역시 연제구 연산동 300-64,35.19278747,129.091666,2010,건축물,051-665-4671,부산광역시 연제구청,2026-04-17
연산1동-14,1,부산광역시 연제구 온천천남로 4,부산광역시 연제구 연산동 300-3,35.19296228,129.091273,2010,건축물,051-665-4671,부산광역시 연제구청,2026-04-17
연산1동-12,1,부산광역시 연제구 반송로 106,부산광역시 연제구 연산동 104-4,35.19244875,129.090245,2010,한전주,051-665-4671,부산광역시 연제구청,2026-04-17
연산1동-10,1,부산광역시 연제구 반송로77번길 14,부산광역시 연제구 연산동 582-46,35.19131854,129.0876275,2010,건축물,051-665-4671,부산광역시 연제구청,2026-04-17
연산1동-8,1,부산광역시 연제구 거제천로270번길 5,부산광역시 연제구 연산동 582-5,35.19164873,129.0869951,2010,건축물,051-665-4671,부산광역시 연제구청,2026-04-17
연산1동-7,1,부산광역시 연제구 거제천로270번길 5,부산광역시 연제구 연산동 582-5,35.19164873,129.0869951,2010,한전주,051-665-4671,부산광역시 연제구청,2026-04-17
연산4동-315,1,부산광역시 연제구 쌍미천로129번길 32,부산광역시 연제구 연산동 768-6,35.18436247,129.0853278,2010,건축물,051-665-4671,부산광역시 연제구청,2026-04-17
연산6동-477,1,부산광역시 연제구 쌍미천로73번길 54,부산광역시 연제구 연산동 657-39,35.17938921,129.085608,2010,건축물,051-665-4671,부산광역시 연제구청,2026-04-17
연산3동-324,1,부산광역시 연제구 연수로 160-4,부산광역시 연제구 연산동 1938-62,35.17417882,129.0881124,2010,건축물,051-665-4671,부산광역시 연제구청,2026-04-17
연산6동-475,1,부산광역시 연제구 배산북로 24,부산광역시 연제구 연산동 2129-1,35.17586443,129.0941071,2010,건축물,051-665-4671,부산광역시 연제구청,2026-04-17
연산6동-473,1,부산광역시 연제구 쌍미천로16번길 5-3,부산광역시 연제구 연산동 2139-50,35.17565158,129.0916624,2010,건축물,051-665-4671,부산광역시 연제구청,2026-04-17
연산9동-249,1,부산광역시 연제구 고분로254번길 57-7,부산광역시 연제구 연산동 485-21,35.1818811,129.1104368,2010,건축물,051-665-4671,부산광역시 연제구청,2026-04-17
거제3동-171,1,부산광역시 연제구 거제천로 155-1,부산광역시 연제구 거제동 34-38,35.18735363,129.0767744,2010,건축물,051-665-4671,부산광역시 연제구청,2026-04-17
연산8동-249,1,부산광역시 연제구 과정로283번나길 10-1,부산광역시 연제구 연산동 372-42,35.18664757,129.0968101,2010,건축물,051-665-4671,부산광역시 연제구청,2026-04-17
연산6동-182,1,부산광역시 연제구 쌍미천로16번길 23,부산광역시 연제구 연산동 2141-26,35.17595884,129.0926373,2010,한전주,051-665-4671,부산광역시 연제구청,2026-04-17
연산1동-218,1,부산광역시 연제구 쌍미천로152번길 11,부산광역시 연제구 연산동 330-19,35.18619785,129.0880667,2010,건축물,051-665-4671,부산광역시 연제구청,2026-04-17
연산3동-258,1,부산광역시 연제구 금련로12번길 6,부산광역시 연제구 연산동 1811-213,35.17288164,129.0960102,2010,한전주,051-665-4671,부산광역시 연제구청,2026-04-17
연산3동-252,1,부산광역시 연제구 금련로11번길 10,부산광역시 연제구 연산동 1811-31,35.17276662,129.0967661,2010,전용주,051-665-4671,부산광역시 연제구청,2026-04-17
연산3동-250,1,부산광역시 연제구 금련로 11,부산광역시 연제구 연산동 1811-43,35.17277951,129.0963381,2010,한전주,051-665-4671,부산광역시 연제구청,2026-04-17
연산3동-246,1,부산광역시 연제구 금련로7번길 12,부산광역시 연제구 연산동 1811-2,35.17315307,129.096892,2010,한전주,051-665-4671,부산광역시 연제구청,2026-04-17
연산3동-245,1,부산광역시 연제구 금련로7번길 8,부산광역시 연제구 연산동 1807-4,35.17313634,129.0967491,2010,건축물,051-665-4671,부산광역시 연제구청,2026-04-17
연산3동-243,1,부산광역시 연제구 연수로 234,부산광역시 연제구 연산동 1805-13,35.17322253,129.0961904,2010,한전주,051-665-4671,부산광역시 연제구청,2026-04-17
연산1동-82,1,부산광역시 연제구 고분로56번길 39,부산광역시 연제구 연산동 955,35.18486107,129.0890236,2010,전용주,051-665-4671,부산광역시 연제구청,2026-04-17
연산1동-74,1,부산광역시 연제구 고분로68번길 13,부산광역시 연제구 연산동 336-3,35.18492467,129.0899687,2010,건축물,051-665-4671,부산광역시 연제구청,2026-04-17
연산1동-62,1,부산광역시 연제구 신금로 17,부산광역시 연제구 연산동 308-51,35.19045709,129.0941931,2010,건축물,051-665-4671,부산광역시 연제구청,2026-04-17
연산1동-54,1,부산광역시 연제구 신금로17번길 27-3,부산광역시 연제구 연산동 307-61,35.19072225,129.0927803,2010,건축물,051-665-4671,부산광역시 연제구청,2026-04-17
연산1동-52,1,부산광역시 연제구 신금로17번길 20,부산광역시 연제구 연산동 303-15,35.19096004,129.0934008,2010,한전주,051-665-4671,부산광역시 연제구청,2026-04-17
연산1동-49,1,부산광역시 연제구 고분로100번길 22,부산광역시 연제구 연산동 958-3,35.18484819,129.0934481,2010,한전주,051-665-4671,부산광역시 연제구청,2026-04-17
연산1동-46,1,부산광역시 연제구 고분로13번길 47-1,부산광역시 연제구 연산동 590-20,35.1876347,129.0853055,2010,건축물,051-665-4671,부산광역시 연제구청,2026-04-17
연산1동-43,1,부산광역시 연제구 과정로344번길 22-6,부산광역시 연제구 연산동 307-14,35.19089766,129.0913222,2010,한전주,051-665-4671,부산광역시 연제구청,2026-04-17
연산1동-40,1,부산광역시 연제구 과정로344번길 35,부산광역시 연제구 연산동 305-51,35.19173159,129.0918056,2010,건축물,051-665-4671,부산광역시 연제구청,2026-04-17
연산1동-28,1,부산광역시 연제구 과정로348번길 21,부산광역시 연제구 연산동 300-53,35.19176616,129.0909715,2010,한전주,051-665-4671,부산광역시 연제구청,2026-04-17
연산3동-195,1,부산광역시 연제구 연미로13번길 5,부산광역시 연제구 연산동 1836-19,35.17308594,129.0923573,2010,한전주,051-665-4671,부산광역시 연제구청,2026-04-17
연산3동-191,1,부산광역시 연제구 금련로 56-10,부산광역시 연제구 연산동 1816-69,35.16952912,129.0949442,2010,건축물,051-665-4671,부산광역시 연제구청,2026-04-17
연산3동-184,1,부산광역시 연제구 금련로 48,부산광역시 연제구 연산동 1816-11,35.16996219,129.0958941,2010,한전주,051-665-4671,부산광역시 연제구청,2026-04-17
연산3동-180,1,부산광역시 연제구 금련로 40-14,부산광역시 연제구 연산동 1811-590,35.17057307,129.0961218,2010,건축물,051-665-4671,부산광역시 연제구청,2026-04-17
연산3동-177,1,부산광역시 연제구 금련로38번길 9,부산광역시 연제구 연산동 1811-588,35.17064617,129.096013,2010,건축물,051-665-4671,부산광역시 연제구청,2026-04-17
연산3동-164,1,부산광역시 연제구 금련로38번나길 7-10,부산광역시 연제구 연산동 1824-49,35.17092185,129.094436,2010,건축물,051-665-4671,부산광역시 연제구청,2026-04-17
연산3동-286,1,부산광역시 연제구 금련로38번길 63,부산광역시 연제구 연산동 1811-685,35.17175569,129.0939312,2010,건축물,051-665-4671,부산광역시 연제구청,2026-04-17
연산3동-282,1,부산광역시 연제구 연수로218번길 27,부산광역시 연제구 연산동 1811-726,35.17229378,129.0942348,2010,건축물,051-665-4671,부산광역시 연제구청,2026-04-17
연산3동-281,1,부산광역시 연제구 금련로18번길 10-1,부산광역시 연제구 연산동 1811-305,35.17248133,129.0954229,2010,건축물,051-665-4671,부산광역시 연제구청,2026-04-17
연산3동-280,1,부산광역시 연제구 금련로22번길 29,부산광역시 연제구 연산동 1811-617,35.17221028,129.0944972,2010,건축물,051-665-4671,부산광역시 연제구청,2026-04-17
연산3동-274,1,부산광역시 연제구 금련로 19,부산광역시 연제구 연산동 1811-107,35.17229571,129.0960133,2010,건축물,051-665-4671,부산광역시 연제구청,2026-04-17
연산3동-273,1,부산광역시 연제구 금련로17번길 3,부산광역시 연제구 연산동 1811-53,35.17248398,129.0961256,2010,건축물,051-665-4671,부산광역시 연제구청,2026-04-17
연산3동-272,1,부산광역시 연제구 금련로17번길 14-1,부산광역시 연제구 연산동 1811-88,35.17237085,129.0966729,2010,건축물,051-665-4671,부산광역시 연제구청,2026-04-17
연산3동-269,1,부산광역시 연제구 금련로16번길 17,부산광역시 연제구 연산동 1811-297,35.1726199,129.0950516,2010,건축물,051-665-4671,부산광역시 연제구청,2026-04-17
연산3동-268,1,부산광역시 연제구 금련로16번길 25,부산광역시 연제구 연산동 1811-283,35.17266914,129.0945912,2010,건축물,051-665-4671,부산광역시 연제구청,2026-04-17
연산3동-263,1,부산광역시 연제구 금련로12번길 22,부산광역시 연제구 연산동 1811-189,35.17298903,129.0951004,2010,한전주,051-665-4671,부산광역시 연제구청,2026-04-17
연산3동-118,1,부산광역시 연제구 봉수로 138,부산광역시 연제구 연산동 2039,35.16382666,129.0875792,2010,전용주,051-665-4671,부산광역시 연제구청,2026-04-17
연산3동-117,1,부산광역시 연제구 봉수로138,부산광역시 연제구 연산동 2039,35.16382666,129.0875792,2010,건축물,051-665-4671,부산광역시 연제구청,2026-04-17
연산3동-104,1,부산광역시 연제구 봉수로 82-5,부산광역시 연제구 연산동 2022-457,35.16755744,129.0875878,2010,건축물,051-665-4671,부산광역시 연제구청,2026-04-17
연산3동-103,1,부산광역시 연제구 봉수로 76,부산광역시 연제구 연산동 2022-457,35.16796374,129.0876124,2010,건축물,051-665-4671,부산광역시 연제구청,2026-04-17
연산3동-102,1,부산광역시 연제구 봉수로 76,부산광역시 연제구 연산동 2022-457,35.16796374,129.0876124,2010,건축물,051-665-4671,부산광역시 연제구청,2026-04-17
연산3동-97,1,부산광역시 연제구 봉수로77번길 34,부산광역시 연제구 연산동 2022-151,35.16931717,129.0884647,2010,한전주,051-665-4671,부산광역시 연제구청,2026-04-17
연산3동-239,1,부산광역시 연제구 금련로6번길 1-1,부산광역시 연제구 연산동 1811-207,35.17299985,129.0958141,2010,건축물,051-665-4671,부산광역시 연제구청,2026-04-17
연산3동-235,1,부산광역시 연제구 연수로226번길 4,부산광역시 연제구 연산동 1811-158,35.17321266,129.0952901,2010,건축물,051-665-4671,부산광역시 연제구청,2026-04-17
연산3동-234,1,부산광역시 연제구 연수로226번길 4,부산광역시 연제구 연산동 1811-158,35.17321266,129.0952901,2010,건축물,051-665-4671,부산광역시 연제구청,2026-04-17
연산3동-232,1,부산광역시 연제구 금련로6번길 17,부산광역시 연제구 연산동 1811-183,35.17310092,129.0949592,2010,건축물,051-665-4671,부산광역시 연제구청,2026-04-17
연산3동-229,1,부산광역시 연제구 연수로218번길 7,부산광역시 연제구 연산동 1811-171,35.17314761,129.0945098,2010,한전주,051-665-4671,부산광역시 연제구청,2026-04-17
연산3동-221,1,부산광역시 연제구 금련로38번길 80,부산광역시 연제구 연산동 1825-10,35.17182493,129.0932515,2010,건축물,051-665-4671,부산광역시 연제구청,2026-04-17
연산3동-211,1,부산광역시 연제구 연미로13번길 32,부산광역시 연제구 연산동 1799-57,35.17253129,129.0938867,2010,한전주,051-665-4671,부산광역시 연제구청,2026-04-17
연산3동-203,1,부산광역시 연제구 연수로 200-2,부산광역시 연제구 연산동 2063-107,35.17363476,129.0925523,2010,건축물,051-665-4671,부산광역시 연제구청,2026-04-17
연산3동-202,1,부산광역시 연제구 연수로 200-2,부산광역시 연제구 연산동 2063-107,35.17363476,129.0925523,2010,건축물,051-665-4671,부산광역시 연제구청,2026-04-17
연산3동-201,1,부산광역시 연제구 연수로 204-12,부산광역시 연제구 연산동 1831-5,35.17330061,129.0928102,2010,건축물,051-665-4671,부산광역시 연제구청,2026-04-17
연산2동-473,1,부산광역시 연제구 중앙천로43번길 14-1,부산광역시 연제구 연산동 790-7,35.17904054,129.0817219,2010,건축물,051-665-4671,부산광역시 연제구청,2026-04-17
연산2동-472,1,부산광역시 연제구 중앙대로1038번길 69,부산광역시 연제구 연산동 1638-5,35.17912088,129.0808007,2010,건축물,051-665-4671,부산광역시 연제구청,2026-04-17
연산2동-466,1,부산광역시 연제구 중앙대로1038번길 34,부산광역시 연제구 연산동 1596-4,35.17987649,129.0789553,2010,건축물,051-665-4671,부산광역시 연제구청,2026-04-17
연산2동-464,1,부산광역시 연제구 월드컵대로19번길 23-2,부산광역시 연제구 연산동 784-5,35.17579192,129.0845752,2010,건축물,051-665-4671,부산광역시 연제구청,2026-04-17
연산2동-397,1,부산광역시 연제구 황령산로 585,부산광역시 연제구 연산동 산 183,35.17193908,129.0835707,2010,한전주,051-665-4671,부산광역시 연제구청,2026-04-17
연산2동-351,1,부산광역시 연제구 중앙대로1040번길 31-4,부산광역시 연제구 연산동 1320-76,35.18052953,129.0795129,2010,건축물,051-665-4671,부산광역시 연제구청,2026-04-17
연산3동-163,1,부산광역시 연제구 금련로38번나길 7-8,부산광역시 연제구 연산동 1824-54,35.17102941,129.0945033,2010,건축물,051-665-4671,부산광역시 연제구청,2026-04-17
연산3동-156,1,부산광역시 연제구 금련로38번나길 26,부산광역시 연제구 연산동 1824-10,35.17115342,129.0937475,2010,한전주,051-665-4671,부산광역시 연제구청,2026-04-17
연산3동-148,1,부산광역시 연제구 금련로38번가길 36,부산광역시 연제구 연산동 1824-21,35.17090535,129.094245,2010,건축물,051-665-4671,부산광역시 연제구청,2026-04-17
연산3동-144,1,부산광역시 연제구 금련로38번가길 26,부산광역시 연제구 연산동 1824-62,35.17065365,129.0941909,2010,건축물,051-665-4671,부산광역시 연제구청,2026-04-17
연산3동-141,1,부산광역시 연제구 금련로70번길 2,부산광역시 연제구 연산동 산156-20,35.16831289,129.0948295,2010,전용주,051-665-4671,부산광역시 연제구청,2026-04-17
연산3동-139,1,부산광역시 연제구 금련로62번길 35-1,부산광역시 연제구 연산동 1816-138,35.17022005,129.0942948,2010,건축물,051-665-4671,부산광역시 연제구청,2026-04-17
연산3동-136,1,부산광역시 연제구 금련로70번길,부산광역시 연제구 연산동 산161-1,35.16839217,129.0949459,2010,건축물,051-665-4671,부산광역시 연제구청,2026-04-17
연산3동-121,1,부산광역시 연제구 금련로70번길 18,부산광역시 연제구 연산동 산161-1,35.16777579,129.0940696,2010,한전주,051-665-4671,부산광역시 연제구청,2026-04-17
연산3동-120,1,부산광역시 연제구 금련로70번길 18,부산광역시 연제구 연산동 산161-1,35.16777579,129.0940696,2010,한전주,051-665-4671,부산광역시 연제구청,2026-04-17
연산3동-119,1,부산광역시 연제구 금련로70번길 18,부산광역시 연제구 연산동 산161-1,35.16777579,129.0940696,2010,한전주,051-665-4671,부산광역시 연제구청,2026-04-17
연산2동-230,1,부산광역시 연제구 연제로9번길 3,부산광역시 연제구 연산동 859-3,35.17601919,129.0778723,2010,건축물,051-665-4671,부산광역시 연제구청,2026-04-17
연산2동-227,1,부산광역시 연제구 연제로27번길 20,부산광역시 연제구 연산동 866-3,35.17665789,129.0759925,2010,한전주,051-665-4671,부산광역시 연제구청,2026-04-17
연산2동-225,1,부산광역시 연제구 연제로27번길 8,부산광역시 연제구 연산동 867-20,35.17713205,129.076394,2010,한전주,051-665-4671,부산광역시 연제구청,2026-04-17
연산2동-223,1,부산광역시 연제구 연수로11번길 114-2,부산광역시 연제구 연산동 867-14,35.17766488,129.0762802,2010,건축물,051-665-4671,부산광역시 연제구청,2026-04-17
연산2동-221,1,부산광역시 연제구 연수로11번길 110-10,부산광역시 연제구 연산동 867-35,35.17723364,129.0761209,2010,건축물,051-665-4671,부산광역시 연제구청,2026-04-17
연산2동-214,1,부산광역시 연제구 중앙대로1040번길 31-10,부산광역시 연제구 연산동 1320-27,35.18050102,129.0796772,2010,한전주,051-665-4671,부산광역시 연제구청,2026-04-17
연산3동-91,1,부산광역시 연제구 봉수로77번가길 16,부산광역시 연제구 연산동 2022-404,35.16828148,129.0886246,2010,한전주,051-665-4671,부산광역시 연제구청,2026-04-17
연산3동-16,1,부산광역시 연제구 봉수로 15,부산광역시 연제구 연산동 1873-28,35.17288357,129.0895504,2010,건축물,051-665-4671,부산광역시 연제구청,2026-04-17
연산3동-15,1,부산광역시 연제구 봉수로 10,부산광역시 연제구 연산동 1873-25,35.17344446,129.0896074,2010,한전주,051-665-4671,부산광역시 연제구청,2026-04-17
연산3동-14,1,부산광역시 연제구 봉수로 8,부산광역시 연제구 연산동 1873-12,35.17360051,129.0896855,2010,한전주,051-665-4671,부산광역시 연제구청,2026-04-17
연산3동-12,1,부산광역시 연제구 봉수로 2,부산광역시 연제구 연산동 1873-61,35.17363382,129.0889334,2010,한전주,051-665-4671,부산광역시 연제구청,2026-04-17
연산2동-511,1,부산광역시 연제구 황령산로529번길 15,부산광역시 연제구 연산동 산 183-2,35.16674743,129.0825248,2010,건축물,051-665-4671,부산광역시 연제구청,2026-04-17
연산2동-494,1,부산광역시 연제구 중앙천로39번길 25,부산광역시 연제구 연산동 794-33,35.17834062,129.0811883,2010,건축물,051-665-4671,부산광역시 연제구청,2026-04-17
연산2동-486,1,부산광역시 연제구 중앙천로19번길 12-1,부산광역시 연제구 연산동 811-19,35.17676752,129.0828993,2010,건축물,051-665-4671,부산광역시 연제구청,2026-04-17
연산2동-485,1,부산광역시 연제구 월드컵대로19번길 26-2,부산광역시 연제구 연산동 778-25,35.17615078,129.0843293,2010,건축물,051-665-4671,부산광역시 연제구청,2026-04-17
연산2동-476,1,부산광역시 연제구 중앙천로 49-9,부산광역시 연제구 연산동 790-40,35.17915016,129.0815586,2010,건축물,051-665-4671,부산광역시 연제구청,2026-04-17
연산4동-263,1,부산광역시 연제구 고분로13번길 8,부산광역시 연제구 연산동 631-6,35.18607288,129.0845711,2008,건축물,051-665-4671,부산광역시 연제구청,2026-04-17
연산4동-310,1,부산광역시 연제구 대리로22번가길 5,부산광역시 연제구 연산동 656-53,35.18063221,129.0861675,2008,건축물,051-665-4671,부산광역시 연제구청,2026-04-17
연산3동-172,1,부산광역시 연제구 금련로38번길 17-6,부산광역시 연제구 연산동 1811-564,35.1704078,129.095461,2008,건축물,051-665-4671,부산광역시 연제구청,2026-04-17
거제1동-228,1,부산광역시 연제구 교대로54번길 9-3,부산광역시 연제구 거제동 384-9,35.19346302,129.0746112,2009,건축물,051-665-4671,부산광역시 연제구청,2026-04-17
연산4동-326,1,부산광역시 연제구 묘봉산로5번길 13-2,부산광역시 연제구 연산동 1118-2,35.18376406,129.0877243,2009,전용주,051-665-4671,부산광역시 연제구청,2026-04-17
연산4동-328,1,부산광역시 연제구 묘봉산로5번길 13-2,부산광역시 연제구 연산동 1118-2,35.18376406,129.0877243,2009,전용주,051-665-4671,부산광역시 연제구청,2026-04-17
연산4동-320,1,부산광역시 연제구 쌍미천로135번길 5-1,부산광역시 연제구 연산동 639-19,35.18454735,129.0868235,2009,건축물,051-665-4671,부산광역시 연제구청,2026-04-17
연산2동-493,1,부산광역시 연제구 중앙천로25번길 108,부산광역시 연제구 연산동 1587-9,35.17859648,129.0780935,2009,건축물,051-665-4671,부산광역시 연제구청,2026-04-17
연산9동-52,1,부산광역시 연제구 과정로192번길 42,부산광역시 연제구 연산동 420-1,35.18999005,129.1064199,2008,한전주,051-665-4671,부산광역시 연제구청,2026-04-17
거제3동-90,1,부산광역시 연제구 거제시장로22번길 23,부산광역시 연제구 거제동 576-12,35.18237326,129.0715998,2007,건축물,051-665-4671,부산광역시 연제구청,2026-04-17
연산9동-286,1,부산광역시 연제구 과정로237번길 36-1,부산광역시 연제구 연산동 412-14,35.18649332,129.1028688,2008,건축물,051-665-4671,부산광역시 연제구청,2026-04-17
연산9동-291,1,부산광역시 연제구 고분로 182-8,부산광역시 연제구 연산동 410-33,35.18522953,129.1020831,2008,건축물,051-665-4671,부산광역시 연제구청,2026-04-17
연산8동-243,1,부산광역시 연제구 고분로105번길 25-1,부산광역시 연제구 연산동 339-73,35.18708157,129.0936757,2008,건축물,051-665-4671,부산광역시 연제구청,2026-04-17
거제1동-238,1,부산광역시 연제구 거제대로289번길 15,부산광역시 연제구 거제동 306-3,35.19239233,129.0774296,2008,건축물,051-665-4671,부산광역시 연제구청,2026-04-17
연산1동-48,1,부산광역시 연제구 연동로 26-10,부산광역시 연제구 연산동 337-25,35.1867393,129.0926503,2008,한전주,051-665-4671,부산광역시 연제구청,2026-04-17
연산1동-50,1,부산광역시 연제구 연동로14번길 18,부산광역시 연제구 연산동 317-60,35.18815649,129.0924274,2008,한전주,051-665-4671,부산광역시 연제구청,2026-04-17
연산2동-72,1,부산광역시 연제구 연제로8번길 91,부산광역시 연제구 연산동 1651-9,35.17946934,129.0811457,2010,한전주,051-665-4671,부산광역시 연제구청,2026-04-17
연산2동-71,1,부산광역시 연제구 연제로8번길 87,부산광역시 연제구 연산동 1640-3,35.17938345,129.0810567,2010,한전주,051-665-4671,부산광역시 연제구청,2026-04-17
연산2동-470,1,부산광역시 연제구 연제로8번길 83,부산광역시 연제구 연산동 1638-4,35.17920092,129.0809226,2010,한전주,051-665-4671,부산광역시 연제구청,2026-04-17
거제4동-75,1,부산광역시 연제구 화지로76번길 14,부산광역시 연제구 거제동 681-16,35.18141857,129.0656582,2010,한전주,051-665-4671,부산광역시 연제구청,2026-04-17
거제4동-76,1,부산광역시 연제구 화지로76번길 14,부산광역시 연제구 거제동 681-16,35.18141857,129.0656582,2010,한전주,051-665-4671,부산광역시 연제구청,2026-04-17
연산2동-539,1,부산광역시 연제구 황령산로 599,부산광역시 연제구 연산동 1985-12,35.17313427,129.0829718,2020,한전주,051-665-4671,부산광역시 연제구청,2026-04-17
연산8동-246,1,부산광역시 연제구 과정로251번길 22,부산광역시 연제구 연산동 409-55,35.18690456,129.1002721,2008,건축물,051-665-4671,부산광역시 연제구청,2026-04-17
연산2동-492,1,부산광역시 연제구 중앙천로37번길 4-1,부산광역시 연제구 연산동 794-21,35.17792509,129.0824756,2008,한전주,051-665-4671,부산광역시 연제구청,2026-04-17
연산1동-217,1,부산광역시 연제구 연동로14번길 42-1,부산광역시 연제구 연산동 317-62,35.18880158,129.0913271,2008,건축물,051-665-4671,부산광역시 연제구청,2026-04-17
거제4동-100,1,부산광역시 연제구 화지로52번가길 9,부산광역시 연제구 거제동 766-70,35.18023497,129.0649511,2008,건축물,051-665-4671,부산광역시 연제구청,2026-04-17
거제4동-189,1,부산광역시 연제구 해맞이로117번길 5,부산광역시 연제구 거제동 817-26,35.18459991,129.0698061,2008,건축물,051-665-4671,부산광역시 연제구청,2026-04-17
거제4동-188,1,부산광역시 연제구 화지로52번가길 7-1,부산광역시 연제구 거제동 676-103,35.18010093,129.0648176,2008,건축물,051-665-4671,부산광역시 연제구청,2026-04-17
거제3동-111,1,부산광역시 연제구 거제대로136번길 13,부산광역시 연제구 거제동 740-101,35.18048617,129.0701913,2008,건축물,051-665-4671,부산광역시 연제구청,2026-04-17
연산8동-31,1,부산광역시 연제구 과정로265번나길 11-13,부산광역시 연제구 연산동 1065-15,35.18695668,129.0985051,2008,건축물,051-665-4671,부산광역시 연제구청,2026-04-17
연산6동-469,1,부산광역시 연제구 월드컵대로32번길 24-1,부산광역시 연제구 연산동 666-31,35.17738109,129.0868487,2008,건축물,051-665-4671,부산광역시 연제구청,2026-04-17
연산5동-55,1,부산광역시 연제구 중앙대로1075번길 43,부산광역시 연제구 연산동 1293-18,35.18508814,129.0777617,2008,한전주,051-665-4671,부산광역시 연제구청,2026-04-17
연산2동-34,1,부산광역시 연제구 월드컵대로 35,부산광역시 연제구 연산동 775-1,35.17765843,129.0850739,2006,한전주,051-665-4671,부산광역시 연제구청,2026-04-17
연산4동-153,1,부산광역시 연제구 대리로5번길 10-3,부산광역시 연제구 연산동 1246-1,35.18163017,129.0844461,2003,한전주,051-665-4671,부산광역시 연제구청,2026-04-17
연산4동-150,1,부산광역시 연제구 대리로5번길 15,부산광역시 연제구 연산동 700-18,35.18177673,129.0841845,2003,한전주,051-665-4671,부산광역시 연제구청,2026-04-17
연산6동-172,1,부산광역시 연제구 쌍미천로7번길 67,부산광역시 연제구 연산동 1876-152,35.17586384,129.0891779,2003,한전주,051-665-4671,부산광역시 연제구청,2026-04-17
연산6동-175,1,부산광역시 연제구 쌍미천로7번길 55-2,부산광역시 연제구 연산동 1876-31,35.17546412,129.0895238,2003,한전주,051-665-4671,부산광역시 연제구청,2026-04-17
연산2동-267,1,부산광역시 연제구 중앙대로1038번길 54,부산광역시 연제구 연산동 1643-2,35.17860062,129.0793729,1996,건축물,051-665-4671,부산광역시 연제구청,2026-04-17
연산4동-327,1,부산광역시 연제구 묘봉산로5번길 13-2,부산광역시 연제구 연산동 1118-2,35.18376406,129.0877243,2009,전용주,051-665-4671,부산광역시 연제구청,2026-04-17
거제4동-190,1,부산광역시 연제구 해맞이로105번길 8,부산광역시 연제구 거제동 815-60,35.18369487,129.0693881,2009,건축물,051-665-4671,부산광역시 연제구청,2026-04-17
연산2동-491,1,부산광역시 연제구 중앙천로2번길 16,부산광역시 연제구 연산동 2001-5,35.17506176,129.0851492,2008,건축물,051-665-4671,부산광역시 연제구청,2026-04-17
거제1동-196,1,부산광역시 연제구 온천천공원길 74,부산광역시 연제구 거제동 1461-2,35.19287769,129.0896577,2010,건축물,051-665-4671,부산광역시 연제구청,2026-04-17
연산2동-66,1,부산광역시 연제구 중앙천로73번길 14,부산광역시 연제구 연산동 2063-38,35.18021056,129.0799039,2010,한전주,051-665-4671,부산광역시 연제구청,2026-04-17
연산2동-68,1,부산광역시 연제구 중앙대로1038번길 47,부산광역시 연제구 연산동 1598-4,35.17965323,129.0797319,2010,한전주,051-665-4671,부산광역시 연제구청,2026-04-17
연산2동-63,1,부산광역시 연제구 중앙천로73번길 4,부산광역시 연제구 연산동 1320-30,35.18053286,129.0801497,2010,한전주,051-665-4671,부산광역시 연제구청,2026-04-17
연산2동-64,1,부산광역시 연제구 중앙천로73번길 8,부산광역시 연제구 연산동 1320-19,35.1804445,129.0799509,2010,한전주,051-665-4671,부산광역시 연제구청,2026-04-17
연산2동-67,1,부산광역시 연제구 중앙천로73번길 15,부산광역시 연제구 연산동 1643-1,35.17976756,129.0800518,2010,한전주,051-665-4671,부산광역시 연제구청,2026-04-17
연산2동-73,1,부산광역시 연제구 연제로8번길 97,부산광역시 연제구 연산동 1649-2,35.1796396,129.0812577,2010,한전주,051-665-4671,부산광역시 연제구청,2026-04-17
거제4동-120,1,부산광역시 연제구 해맞이로57번길 34,부산광역시 연제구 거제동 676-120,35.17928718,129.0661244,1996,한전주,051-665-4671,부산광역시 연제구청,2026-04-17
거제4동-118,1,부산광역시 연제구 해맞이로57번길 52,부산광역시 연제구 거제동 714-58,35.17911505,129.0652047,1996,한전주,051-665-4671,부산광역시 연제구청,2026-04-17
연산2동-228,1,부산광역시 연제구 연제로9번길 17,부산광역시 연제구 연산동 859-5,35.17571902,129.0771658,1996,한전주,051-665-4671,부산광역시 연제구청,2026-04-17
연산2동-229,1,부산광역시 연제구 연제로9번길 5,부산광역시 연제구 연산동 859-22,35.17596639,129.0777289,1996,한전주,051-665-4671,부산광역시 연제구청,2026-04-17
연산2동-226,1,부산광역시 연제구 연제로27번길 12,부산광역시 연제구 연산동 867-22,35.17696208,129.076249,1996,한전주,051-665-4671,부산광역시 연제구청,2026-04-17
연산2동-224,1,부산광역시 연제구 중앙대로990번길 23,부산광역시 연제구 연산동 867-27,35.17723256,129.0762416,1996,건축물,051-665-4671,부산광역시 연제구청,2026-04-17
거제1동-302,1,부산광역시 연제구 교대로 53,부산광역시 연제구 거제동 385-2,35.19325123,129.0751135,2005,한전주,051-665-4671,부산광역시 연제구청,2026-04-17
거제1동-301,1,부산광역시 연제구 법원북로83번길21,부산광역시 연제구 거제동 393-1,35.19312466,129.0751557,2005,한전주,051-665-4671,부산광역시 연제구청,2026-04-17
연산5동-140,1,부산광역시 연제구 중앙대로1043번길 34,부산광역시 연제구 연산동 1361-2,35.18223338,129.076347,2005,한전주,051-665-4671,부산광역시 연제구청,2026-04-17
연산5동-141,1,부산광역시 연제구 중앙대로1043번길 35,부산광역시 연제구 연산동 1361-2,35.18223338,129.076347,2005,한전주,051-665-4671,부산광역시 연제구청,2026-04-17
연산2동-95,1,부산광역시 연제구 중앙천로19번길 38-1,부산광역시 연제구 연산동 808-15,35.17695074,129.0815624,2005,한전주,051-665-4671,부산광역시 연제구청,2026-04-17
연산2동-571,1,부산광역시 연제구 중앙천로25번길70,부산광역시 연제구 연산동 1607-2,35.17744509,129.0796812,2005,한전주,051-665-4671,부산광역시 연제구청,2026-04-17
연산2동-262,1,부산광역시 연제구 중앙천로25번길84,부산광역시 연제구 연산동 1604-59,35.17767717,129.0789482,2005,한전주,051-665-4671,부산광역시 연제구청,2026-04-17
연산2동-260,1,부산광역시 연제구 중앙천로25번길86,부산광역시 연제구 연산동 1604-49,35.17773272,129.0787842,2005,한전주,051-665-4671,부산광역시 연제구청,2026-04-17
연산2동-259,1,부산광역시 연제구 중앙천로25번길84,부산광역시 연제구 연산동 1604-59,35.17767717,129.0789482,2005,한전주,051-665-4671,부산광역시 연제구청,2026-04-17
거제1동-177,1,부산광역시 연제구 법원북로65번길 3,부산광역시 연제구 거제동 381-3,35.19373867,129.0740218,2005,전용주,051-665-4671,부산광역시 연제구청,2026-04-17
거제2동-230,1,부산광역시 연제구 아시아드대로64번길 28,부산광역시 연제구 거제동 1056-16,35.18996198,129.0689212,2010,한전주,051-665-4671,부산광역시 연제구청,2026-04-17
거제2동-229,1,부산광역시 연제구 월드컵대로235번길 5,부산광역시 연제구 거제동 1177-25,35.1892912,129.0713829,2010,한전주,051-665-4671,부산광역시 연제구청,2026-04-17
거제2동-212,1,부산광역시 연제구 월드컵대로235번길 43,부산광역시 연제구 거제동 1188-3,35.18849414,129.0728328,2010,한전주,051-665-4671,부산광역시 연제구청,2026-04-17
거제2동-163,1,부산광역시 연제구 아시아드대로19번길 14-3,부산광역시 연제구 거제동 791-69,35.18717569,129.0689561,2010,건축물,051-665-4671,부산광역시 연제구청,2026-04-17
거제1동-237,1,부산광역시 연제구 온천천공원길 20,부산광역시 연제구 거제동1466-6,35.19567685,129.0830957,2010,한전주,051-665-4671,부산광역시 연제구청,2026-04-17
거제1동-236,1,부산광역시 연제구 온천천공원길 18,부산광역시 연제구 거제동1466-10,35.1954865,129.0832139,2010,한전주,051-665-4671,부산광역시 연제구청,2026-04-17
거제4동-129,1,부산광역시 연제구 해맞이로 39,부산광역시 연제구 거제동 676-152,35.1780756,129.0675687,1996,한전주,051-665-4671,부산광역시 연제구청,2026-04-17
거제4동-128,1,부산광역시 연제구 해맞이로 39,부산광역시 연제구 거제동 676-152,35.1780756,129.0675687,1996,한전주,051-665-4671,부산광역시 연제구청,2026-04-17
거제4동-134,1,부산광역시 연제구 해맞이로43번길 22-1,부산광역시 연제구 거제동 676-183,35.17894829,129.0667348,1997,한전주,051-665-4671,부산광역시 연제구청,2026-04-17
거제4동-136,1,부산광역시 연제구 해맞이로43번길 16-11,부산광역시 연제구 거제동 676-173,35.17910665,129.067176,1996,건축물,051-665-4671,부산광역시 연제구청,2026-04-17
거제4동-139,1,부산광역시 연제구 해맞이로57번길 11,부산광역시 연제구 거제동 676-160,35.17924843,129.0675017,1996,한전주,051-665-4671,부산광역시 연제구청,2026-04-17
거제4동-132,1,부산광역시 연제구 해맞이로43번길 8,부산광역시 연제구 거제동 676-201,35.17849897,129.0673437,1996,한전주,051-665-4671,부산광역시 연제구청,2026-04-17
거제4동-131,1,부산광역시 연제구 해맞이로43번길 9,부산광역시 연제구 거제동 676-150,35.17842186,129.0671451,1999,한전주,051-665-4671,부산광역시 연제구청,2026-04-17
거제4동-122,1,부산광역시 연제구 해맞이로43번길 21,부산광역시 연제구 거제동 676-218,35.17864359,129.0665332,1996,한전주,051-665-4671,부산광역시 연제구청,2026-04-17
거제4동-126,1,부산광역시 연제구 해맞이로31번길 50,부산광역시 연제구 거제동 714-16,35.17881637,129.0653388,1996,한전주,051-665-4671,부산광역시 연제구청,2026-04-17
거제4동-123,1,부산광역시 연제구 해맞이로31번가길 9-12,부산광역시 연제구 거제동 714-103,35.178599,129.0661264,1996,한전주,051-665-4671,부산광역시 연제구청,2026-04-17
연산2동-488,1,부산광역시 연제구 황령산로524번가길 9,부산광역시 연제구 연산동 산181-1,35.16485353,129.0836413,2010,건축물,051-665-4671,부산광역시 연제구청,2026-04-17
연산2동-424,1,부산광역시 연제구 황령산로524번가길 20-1,부산광역시 연제구 연산동 산181-1,35.16466104,129.0829911,2010,한전주,051-665-4671,부산광역시 연제구청,2026-04-17
연산2동-487,1,부산광역시 연제구 황령산로524번가길 20,부산광역시 연제구 연산동 산181-1,35.1646869,129.0831231,2010,건축물,051-665-4671,부산광역시 연제구청,2026-04-17
연산2동-423,1,부산광역시 연제구 황령산로524번가길 19,부산광역시 연제구 연산동 산181-1,35.16465869,129.0832545,2010,건축물,051-665-4671,부산광역시 연제구청,2026-04-17
연산2동-422,1,부산광역시 연제구 황령산로524번가길 23,부산광역시 연제구 연산동 산181-1,35.16454201,129.0831981,2010,전용주,051-665-4671,부산광역시 연제구청,2026-04-17
연산2동-420,1,부산광역시 연제구 황령산로498번길 8,부산광역시 연제구 연산동 산181-1,35.1641145,129.0826216,2010,전용주,051-665-4671,부산광역시 연제구청,2026-04-17
거제1동-248,1,부산광역시 연제구 교대로11번길 19-1,부산광역시 연제구 거제동 84-19,35.19472322,129.0778452,2010,건축물,051-665-4671,부산광역시 연제구청,2026-04-17
연산1동-214,1,부산광역시 연제구 신금로17번길 18-7,부산광역시 연제구 연산동 303-32,35.1910772,129.0933999,2010,건축물,051-665-4671,부산광역시 연제구청,2026-04-17
거제1동-239,1,부산광역시 연제구 황새알로 49,부산광역시 연제구 거제동 51-4,35.19306097,129.0780544,2010,건축물,051-665-4671,부산광역시 연제구청,2026-04-17
거제2동-271,1,부산광역시 연제구 월드컵대로 236-9,부산광역시 연제구 거제동 1037-1,35.19046964,129.071651,2010,한전주,051-665-4671,부산광역시 연제구청,2026-04-17
거제2동-270,1,부산광역시 연제구 월드컵대로 236-5,부산광역시 연제구 거제동 1037-3,35.19032611,129.0715722,2010,한전주,051-665-4671,부산광역시 연제구청,2026-04-17
거제2동-263,1,부산광역시 연제구 월드컵대로252번길 2,부산광역시 연제구 거제동 1088-7,35.19071757,129.0700384,2010,한전주,051-665-4671,부산광역시 연제구청,2026-04-17
거제2동-249,1,부산광역시 연제구 종합운동장12번길 53,부산광역시 연제구 거제동 897-3,35.19281042,129.0658511,2010,한전주,051-665-4671,부산광역시 연제구청,2026-04-17
거제2동-244,1,부산광역시 연제구 종합운동장12번길 28,부산광역시 연제구 거제동 900-14,35.19186737,129.0664866,2010,한전주,051-665-4671,부산광역시 연제구청,2026-04-17
거제2동-238,1,부산광역시 연제구 아시아드대로54번길 16,부산광역시 연제구 거제동 1061-2,35.19045158,129.0686197,2010,한전주,051-665-4671,부산광역시 연제구청,2026-04-17
거제2동-232,1,부산광역시 연제구 아시아드대로46번길 12-2,부산광역시 연제구 거제동 918-8,35.18853863,129.0688257,2010,건축물,051-665-4671,부산광역시 연제구청,2026-04-17
연산2동-454,1,부산광역시 연제구 황령산로529번길 19,부산광역시 연제구 연산동 산183-2,35.16678525,129.0823277,2010,건축물,051-665-4671,부산광역시 연제구청,2026-04-17
연산2동-409,1,부산광역시 연제구 황령산로493번길 7,부산광역시 연제구 연산동 산182,35.16408425,129.0819736,2010,한전주,051-665-4671,부산광역시 연제구청,2026-04-17
연산2동-461,1,부산광역시 연제구 황령산로529번길 3,부산광역시 연제구 연산동 산176-55,35.16688898,129.0828231,2012,전용주,051-665-4671,부산광역시 연제구청,2026-04-17
연산2동-452,1,부산광역시 연제구 황령산로543번길 30,부산광역시 연제구 연산동 산183-2,35.16707817,129.0818267,2010,건축물,051-665-4671,부산광역시 연제구청,2026-04-17
연산2동-453,1,부산광역시 연제구 황령산로543번길 28,부산광역시 연제구 연산동 산183-2,35.16838181,129.082758,2010,전용주,051-665-4671,부산광역시 연제구청,2026-04-17
연산2동-469,1,부산광역시 연제구 황령산로 500,부산광역시 연제구 연산동 산182,35.16656444,129.082937,2010,전용주,051-665-4671,부산광역시 연제구청,2026-04-17
연산1동-6,1,부산광역시 연제구 반송로 69,부산광역시 연제구 연산동 582-6,35.19136963,129.0869584,2010,한전주,051-665-4671,부산광역시 연제구청,2026-04-17
연산1동-5,1,부산광역시 연제구 거제천로270번길 30,부산광역시 연제구 연산동 583-3,35.19094918,129.0866014,2010,한전주,051-665-4671,부산광역시 연제구청,2026-04-17
연산1동-4,1,부산광역시 연제구 거제천로270번길 30,부산광역시 연제구 연산동 583-3,35.19094918,129.0866014,2010,한전주,051-665-4671,부산광역시 연제구청,2026-04-17
연산1동-3,1,부산광역시 연제구 거제천로270번길 30,부산광역시 연제구 연산동 583-3,35.19094918,129.0866014,2010,한전주,051-665-4671,부산광역시 연제구청,2026-04-17
연산2동-499,1,부산광역시 연제구 황령산로524번길 26,부산광역시 연제구 연산동 산181-1,35.16573737,129.0835871,2010,전용주,051-665-4671,부산광역시 연제구청,2026-04-17
연산2동-428,1,부산광역시 연제구 황령산로524번길 27,부산광역시 연제구 연산동 산181-1,35.16551949,129.0837599,2010,전용주,051-665-4671,부산광역시 연제구청,2026-04-17
연산2동-497,1,부산광역시 연제구 황령산로516번길 17,부산광역시 연제구 연산동 산181-1,35.1654761,129.0835727,2010,한전주,051-665-4671,부산광역시 연제구청,2026-04-17
연산2동-427,1,부산광역시 연제구 황령산로524번길 31-2,부산광역시 연제구 연산동 산181-1,35.16525734,129.0838442,2010,건축물,051-665-4671,부산광역시 연제구청,2026-04-17
연산2동-426,1,부산광역시 연제구 황령산로524번길 35,부산광역시 연제구 연산동 산181-1,35.16524216,129.0835257,2010,전용주,051-665-4671,부산광역시 연제구청,2026-04-17
연산2동-496,1,부산광역시 연제구 황령산로524번길 37,부산광역시 연제구 연산동 산181-1,35.16515311,129.0834038,2010,건축물,051-665-4671,부산광역시 연제구청,2026-04-17
연산2동-474,1,부산광역시 연제구 연제로8번길 75,부산광역시 연제구 연산동 1637-1,35.17865439,129.0801248,2010,한전주,051-665-4671,부산광역시 연제구청,2026-04-17
연산2동-284,1,부산광역시 연제구 연제로8번길 69,부산광역시 연제구 연산동 793-3,35.17859863,129.0807389,2010,한전주,051-665-4671,부산광역시 연제구청,2026-04-17
연산2동-285,1,부산광역시 연제구 연제로8번길 61,부산광역시 연제구 연산동 793-6,35.17819241,129.0804593,2010,한전주,051-665-4671,부산광역시 연제구청,2026-04-17
연산2동-286,1,부산광역시 연제구 연제로8번길 59,부산광역시 연제구 연산동 1635-3,35.17810665,129.0803152,2010,한전주,051-665-4671,부산광역시 연제구청,2026-04-17
연산2동-288,1,부산광역시 연제구 연제로8번길 41,부산광역시 연제구 연산동 1607-15,35.17761575,129.0797708,2010,한전주,051-665-4671,부산광역시 연제구청,2026-04-17
연산2동-287,1,부산광역시 연제구 연제로8번길 41,부산광역시 연제구 연산동 1607-15,35.17761575,129.0797708,2010,한전주,051-665-4671,부산광역시 연제구청,2026-04-17
연산2동-419,1,부산광역시 연제구 황령산로 487,부산광역시 연제구 연산동 산181-1,35.16353466,129.0819443,2010,전용주,051-665-4671,부산광역시 연제구청,2026-04-17
연산2동-489,1,부산광역시 연제구 황령산로 487,부산광역시 연제구 연산동 산181-1,35.16353466,129.0819443,2010,전용주,051-665-4671,부산광역시 연제구청,2026-04-17
연산2동-413,1,부산광역시 연제구 황령산로524번길 34,부산광역시 연제구 연산동 산181-1,35.16532406,129.083439,2010,전용주,051-665-4671,부산광역시 연제구청,2026-04-17
연산2동-437,1,부산광역시 연제구 황령산로503번길 29,부산광역시 연제구 연산동 산183-2,35.16566257,129.0818738,2010,한전주,051-665-4671,부산광역시 연제구청,2026-04-17
연산2동-440,1,부산광역시 연제구 황령산로509번길 17,부산광역시 연제구 연산동 산183-2,35.16560525,129.0822352,2010,한전주,051-665-4671,부산광역시 연제구청,2026-04-17
연산2동-439,1,부산광역시 연제구 황령산로 513-5,부산광역시 연제구 연산동 산182,35.16572878,129.0825332,2010,전용주,051-665-4671,부산광역시 연제구청,2026-04-17
연산2동-463,1,부산광역시 연제구 황령산로 518-1,부산광역시 연제구 연산동 산181-1,35.16611935,129.083208,2010,한전주,051-665-4671,부산광역시 연제구청,2026-04-17
연산2동-448,1,부산광역시 연제구 황령산로521번가길 22,부산광역시 연제구 연산동 산183-2,35.16600144,129.0812745,2010,건축물,051-665-4671,부산광역시 연제구청,2026-04-17
연산2동-495,1,부산광역시 연제구 황령산로521번가길 16-1,부산광역시 연제구 연산동 산183-2,35.16632679,129.0811802,2010,전용주,051-665-4671,부산광역시 연제구청,2026-04-17
연산2동-451,1,부산광역시 연제구 황령산로543번길 46,부산광역시 연제구 연산동 2063-224,35.16657257,129.0819188,2010,건축물,051-665-4671,부산광역시 연제구청,2026-04-17
거제4동-155,1,부산광역시 연제구 해맞이로77번길 7-1,부산광역시 연제구 거제동 676-373,35.18108821,129.0683657,2010,건축물,051-665-4671,부산광역시 연제구청,2026-04-17
거제4동-150,1,부산광역시 연제구 해맞이로61번길 9,부산광역시 연제구 거제동 676-86,35.17975945,129.0677664,2010,한전주,051-665-4671,부산광역시 연제구청,2026-04-17
거제4동-149,1,부산광역시 연제구 해맞이로61번길 8,부산광역시 연제구 거제동 676-78,35.17999388,129.0677585,2010,건축물,051-665-4671,부산광역시 연제구청,2026-04-17
거제4동-142,1,부산광역시 연제구 해맞이로57번길 16,부산광역시 연제구 거제동 676-126,35.17947106,129.0670889,2010,전용주,051-665-4671,부산광역시 연제구청,2026-04-17
거제4동-137,1,부산광역시 연제구 해맞이로 49-2,부산광역시 연제구 거제동 676-172,35.1788948,129.0676892,2010,건축물,051-665-4671,부산광역시 연제구청,2026-04-17
거제4동-135,1,부산광역시 연제구 해맞이로57번길 21,부산광역시 연제구 거제동 676-136,35.17912855,129.0669822,2010,건축물,051-665-4671,부산광역시 연제구청,2026-04-17
연산2동-407,1,부산광역시 연제구 황령산로 533-7,부산광역시 연제구 연산동 2063-224,35.16726968,129.0825866,2010,한전주,051-665-4671,부산광역시 연제구청,2026-04-17
연산2동-459,1,부산광역시 연제구 황령산로 545-4,부산광역시 연제구 연산동 산183-2,35.16846976,129.0824489,2010,건축물,051-665-4671,부산광역시 연제구청,2026-04-17
연산6동-177,1,부산광역시 연제구 쌍미천로7번길 44,부산광역시 연제구 연산동 1876-17,35.17509706,129.0901255,2010,한전주,051-665-4671,부산광역시 연제구청,2026-04-17
연산6동-179,1,부산광역시 연제구 쌍미천로7번길 41,부산광역시 연제구 연산동 2137-37,35.17494939,129.0899828,2010,한전주,051-665-4671,부산광역시 연제구청,2026-04-17
연산9동-47,1,부산광역시 연제구 좌수영로 306,부산광역시 연제구 연산동 462-12,35.18810249,129.1082707,2010,한전주,051-665-4671,부산광역시 연제구청,2026-04-17
연산3동-240,1,부산광역시 연제구 금련로 2,부산광역시 연제구 연산동 1811-151,35.17316422,129.0956627,2010,전용주,051-665-4671,부산광역시 연제구청,2026-04-17
연산3동-241,1,부산광역시 연제구 금련로 6,부산광역시 연제구 연산동 1811-214,35.17296216,129.0960771,2010,한전주,051-665-4671,부산광역시 연제구청,2026-04-17
거제4동-12,1,부산광역시 연제구 해맞이로113번길 9,부산광역시 연제구 거제동 815-20,35.18419424,129.0694716,2010,한전주,051-665-4671,부산광역시 연제구청,2026-04-17
거제4동-11,1,부산광역시 연제구 해맞이로113번길 13,부산광역시 연제구 거제동 815-22,35.18417166,129.0693064,2010,한전주,051-665-4671,부산광역시 연제구청,2026-04-17
거제4동-53,1,부산광역시 연제구 해맞이로113번길 23,부산광역시 연제구 거제동 815-24,35.18410407,129.0687418,2010,한전주,051-665-4671,부산광역시 연제구청,2026-04-17
거제4동-14,1,부산광역시 연제구 해맞이로117번길 9,부산광역시 연제구 거제동 815-9,35.18462421,129.0696858,2010,한전주,051-665-4671,부산광역시 연제구청,2026-04-17
거제4동-7,1,부산광역시 연제구 해맞이로99번길 4,부산광역시 연제구 거제동 815-91,35.18320166,129.0694034,2010,한전주,051-665-4671,부산광역시 연제구청,2026-04-17
거제4동-2,1,부산광역시 연제구 해맞이로 105-1,부산광역시 연제구 거제동 815-62,35.18366364,129.069673,2010,건축물,051-665-4671,부산광역시 연제구청,2026-04-17
거제3동-147,1,부산광역시 연제구 거제대로96번길 45,부산광역시 연제구 거제동 751-28,35.17644259,129.0705514,2010,한전주,051-665-4671,부산광역시 연제구청,2026-04-17
거제3동-146,1,부산광역시 연제구 거제대로96번길 28,부산광역시 연제구 거제동 751-10,35.17660678,129.0695585,2010,건축물,051-665-4671,부산광역시 연제구청,2026-04-17
거제3동-145,1,부산광역시 연제구 거제대로96번길 23,부산광역시 연제구 거제동 747-52,35.17681486,129.0694734,2010,한전주,051-665-4671,부산광역시 연제구청,2026-04-17
연산5동-282,1,부산광역시 연제구 거제천로136번길 35,부산광역시 연제구 연산동 1293-16,35.18486351,129.0776818,2010,건축물,051-665-4671,부산광역시 연제구청,2026-04-17
연산2동-510,1,부산광역시 연제구 중앙천로 9-10,부산광역시 연제구 연산동 813-20,35.17609565,129.0834393,2010,건축물,051-665-4671,부산광역시 연제구청,2026-04-17
연산4동-319,1,부산광역시 연제구 대리로12번가길 20,부산광역시 연제구 연산동 1150-11,35.18081719,129.0856429,2010,건축물,051-665-4671,부산광역시 연제구청,2026-04-17
연산4동-317,1,부산광역시 연제구 대리로22번가길 9-1,부산광역시 연제구 연산동 1150-14,35.18056277,129.0858701,2010,건축물,051-665-4671,부산광역시 연제구청,2026-04-17
연산6동-474,1,부산광역시 연제구 연수로213번길 7,부산광역시 연제구 연산동 2122-21,35.1741409,129.0941136,2010,한전주,051-665-4671,부산광역시 연제구청,2026-04-17
연산3동-325,1,부산광역시 연제구 봉수로65번길 7-2,부산광역시 연제구 연산동 2022-98,35.17016089,129.0878612,2010,한전주,051-665-4671,부산광역시 연제구청,2026-04-17
연산4동-318,1,부산광역시 연제구 대리로12번가길 22,부산광역시 연제구 연산동 1150-10,35.18091624,129.0856552,2010,건축물,051-665-4671,부산광역시 연제구청,2026-04-17
연산4동-316,1,부산광역시 연제구 대리로12번가길 9,부산광역시 연제구 연산동 1706-12,35.1804128,129.0855058,2010,한전주,051-665-4671,부산광역시 연제구청,2026-04-17
거제4동-168,1,부산광역시 연제구 해맞이로77번길 34-8,부산광역시 연제구 거제동 681-24,35.18145376,129.0667785,2010,전용주,051-665-4671,부산광역시 연제구청,2026-04-17
거제4동-160,1,부산광역시 연제구 해맞이로73번길 24,부산광역시 연제구 거제동 676-39,35.18077306,129.067287,2010,건축물,051-665-4671,부산광역시 연제구청,2026-04-17
연산6동-436,1,부산광역시 연제구 월드컵대로32번길 7,부산광역시 연제구 연산동 665-39,35.17771285,129.0860408,1996,한전주,051-665-4671,부산광역시 연제구청,2026-04-17
연산6동-435,1,부산광역시 연제구 월드컵대로32번길 17,부산광역시 연제구 연산동 665-21,35.17767236,129.0865342,,한전주,051-665-4671,부산광역시 연제구청,2026-04-17
연산6동-433,1,부산광역시 연제구 월드컵대로32번길 25,부산광역시 연제구 연산동 665-38,35.17764099,129.0870169,,한전주,051-665-4671,부산광역시 연제구청,2026-04-17
연산6동-432,1,부산광역시 연제구 월드컵대로32번길 28,부산광역시 연제구 연산동 666-5,35.17748698,129.0870999,,건축물,051-665-4671,부산광역시 연제구청,2026-04-17
연산6동-310,1,부산광역시 연제구 대리로6번길 123,부산광역시 연제구 연산동 670-47,35.1759124,129.0867853,1996,건축물,051-665-4671,부산광역시 연제구청,2026-04-17
연산6동-311,1,부산광역시 연제구 대리로6번길 117,부산광역시 연제구 연산동 670-52,35.17609345,129.0866998,1996,건축물,051-665-4671,부산광역시 연제구청,2026-04-17
연산6동-328,1,부산광역시 연제구 대리로22번길 120-1,부산광역시 연제구 연산동 670-37,35.17622381,129.0872395,,건축물,051-665-4671,부산광역시 연제구청,2026-04-17
연산6동-329,1,부산광역시 연제구 월드컵대로20번길 28,부산광역시 연제구 연산동 669-6,35.17641903,129.0875824,1997,한전주,051-665-4671,부산광역시 연제구청,2026-04-17
연산6동-330,1,부산광역시 연제구 월드컵대로20번길 28,부산광역시 연제구 연산동 669-6,35.17641903,129.0875824,,건축물,051-665-4671,부산광역시 연제구청,2026-04-17
연산6동-331,1,부산광역시 연제구 월드컵대로20번길 23,부산광역시 연제구 연산동 671-55,35.17659215,129.0873762,,한전주,051-665-4671,부산광역시 연제구청,2026-04-17
연산6동-332,1,부산광역시 연제구 월드컵대로20번길 19,부산광역시 연제구 연산동 671-6,35.17657629,129.0871344,,건축물,051-665-4671,부산광역시 연제구청,2026-04-17
연산6동-320,1,부산광역시 연제구 월드컵대로20번길 15-2,부산광역시 연제구 연산동 671-46,35.17679516,129.0868519,2000,건축물,051-665-4671,부산광역시 연제구청,2026-04-17
연산6동-322,1,부산광역시 연제구 월드컵대로20번길 16-6,부산광역시 연제구 연산동 670-18,35.17625361,129.0869325,,건축물,051-665-4671,부산광역시 연제구청,2026-04-17
연산6동-317,1,부산광역시 연제구 월드컵대로20번길 7,부산광역시 연제구 연산동 671-16,35.17660885,129.0865201,1997,건축물,051-665-4671,부산광역시 연제구청,2026-04-17
연산6동-319,1,부산광역시 연제구 월드컵대로20번길 13,부산광역시 연제구 연산동 671-38,35.17659757,129.0867724,,건축물,051-665-4671,부산광역시 연제구청,2026-04-17
연산6동-318,1,부산광역시 연제구 월드컵대로20번길 11-4,부산광역시 연제구 연산동 671-18,35.17670691,129.0866421,1997,건축물,051-665-4671,부산광역시 연제구청,2026-04-17
연산6동-298,1,부산광역시 연제구 연수로149번길 10-9,부산광역시 연제구 연산동 1926-30,35.17532986,129.0874142,,건축물,051-665-4671,부산광역시 연제구청,2026-04-17
연산6동-288,1,부산광역시 연제구 쌍미천로45번길 70-11,부산광역시 연제구 연산동 1926-20,35.1749332,129.0874199,1997,건축물,051-665-4671,부산광역시 연제구청,2026-04-17
연산6동-287,1,부산광역시 연제구 쌍미천로45번길 70-3,부산광역시 연제구 연산동 1926-23,35.17484209,129.0875285,,건축물,051-665-4671,부산광역시 연제구청,2026-04-17
연산6동-245,1,부산광역시 연제구 연수로 152-6,부산광역시 연제구 연산동 1940-5,35.17420326,129.0874037,,건축물,051-665-4671,부산광역시 연제구청,2026-04-17
연산6동-244,1,부산광역시 연제구 마곡천로 4,부산광역시 연제구 연산동 1939-5,35.17398567,129.087539,,건축물,051-665-4671,부산광역시 연제구청,2026-04-17
연산6동-246,1,부산광역시 연제구 연수로148번길 19,부산광역시 연제구 연산동 1940-28,35.1738689,129.0874935,1997,건축물,051-665-4671,부산광역시 연제구청,2026-04-17
연산6동-444,1,부산광역시 연제구 쌍미천로47번길 52,부산광역시 연제구 연산동 666-43,35.17717686,129.0865057,1996,한전주,051-665-4671,부산광역시 연제구청,2026-04-17
연산6동-447,1,부산광역시 연제구 쌍미천로47번길 44,부산광역시 연제구 연산동 666-23,35.17715528,129.0869006,,한전주,051-665-4671,부산광역시 연제구청,2026-04-17
연산6동-450,1,부산광역시 연제구 쌍미천로47번길 32,부산광역시 연제구 연산동 667-50,35.17714025,129.0875701,,한전주,051-665-4671,부산광역시 연제구청,2026-04-17
연산6동-449,1,부산광역시 연제구 대리로22번길 96,부산광역시 연제구 연산동 666-2,35.17726821,129.0873742,1996,건축물,051-665-4671,부산광역시 연제구청,2026-04-17
연산6동-451,1,부산광역시 연제구 쌍미천로47번길 30-2,부산광역시 연제구 연산동 667-10,35.17729209,129.0877258,,건축물,051-665-4671,부산광역시 연제구청,2026-04-17
연산6동-428,1,부산광역시 연제구 월드컵대로32번길 35,부산광역시 연제구 연산동 664-43,35.17765398,129.087577,,한전주,051-665-4671,부산광역시 연제구청,2026-04-17
연산6동-430,1,부산광역시 연제구 월드컵대로32번길 29,부산광역시 연제구 연산동 665-59,35.17766605,129.0872368,1997,한전주,051-665-4671,부산광역시 연제구청,2026-04-17
연산6동-442,1,부산광역시 연제구 대리로6번길 91-8,부산광역시 연제구 연산동 666-42,35.17729957,129.0864964,1997,건축물,051-665-4671,부산광역시 연제구청,2026-04-17
연산6동-440,1,부산광역시 연제구 대리로6번길 87,부산광역시 연제구 연산동 666-17,35.17739573,129.0862232,1996,한전주,051-665-4671,부산광역시 연제구청,2026-04-17
연산6동-439,1,부산광역시 연제구 월드컵대로32번길 3,부산광역시 연제구 연산동 685-17,35.17763371,129.0858201,,한전주,051-665-4671,부산광역시 연제구청,2026-04-17
연산6동-247,1,부산광역시 연제구 연수로148번길 14,부산광역시 연제구 연산동 1941-58,35.17402429,129.0872541,,한전주,051-665-4671,부산광역시 연제구청,2026-04-17
연산6동-263,1,부산광역시 연제구 연수로148번길 58-28,부산광역시 연제구 연산동 1941-222,35.17345826,129.087049,1996,한전주,051-665-4671,부산광역시 연제구청,2026-04-17
연산6동-266,1,부산광역시 연제구 연수로148번길 68-14,부산광역시 연제구 연산동 1941-135,35.17343349,129.0867961,,건축물,051-665-4671,부산광역시 연제구청,2026-04-17
연산6동-302,1,부산광역시 연제구 연수로149번길 16,부산광역시 연제구 연산동 1922-2,35.17544792,129.087317,,건축물,051-665-4671,부산광역시 연제구청,2026-04-17
연산6동-300,1,부산광역시 연제구 연수로149번길 9-5,부산광역시 연제구 연산동 1919-14,35.17512651,129.0869724,,한전주,051-665-4671,부산광역시 연제구청,2026-04-17
연산6동-299,1,부산광역시 연제구 연수로149번길 2,부산광역시 연제구 연산동 1918-12,35.17483524,129.0872869,2006,한전주,051-665-4671,부산광역시 연제구청,2026-04-17
연산6동-312,1,부산광역시 연제구 대리로6번길 115,부산광역시 연제구 연산동 670-40,35.17622923,129.0866358,1998,건축물,051-665-4671,부산광역시 연제구청,2026-04-17
연산6동-333,1,부산광역시 연제구 대리로22번길 109-1,부산광역시 연제구 연산동 668-67,35.17672369,129.0877841,,한전주,051-665-4671,부산광역시 연제구청,2026-04-17
연산6동-429,1,부산광역시 연제구 대리로22번길 77,부산광역시 연제구 연산동 664-7,35.17807728,129.0876155,,한전주,051-665-4671,부산광역시 연제구청,2026-04-17
연산6동-403,1,부산광역시 연제구 쌍미천로59번길 45-1,부산광역시 연제구 연산동 665-49,35.17796008,129.0866149,,건축물,051-665-4671,부산광역시 연제구청,2026-04-17
연산6동-305,1,부산광역시 연제구 연수로149번길 18,부산광역시 연제구 연산동 1922-1,35.17556528,129.0872966,,건축물,051-665-4671,부산광역시 연제구청,2026-04-17
연산6동-297,1,부산광역시 연제구 쌍미천로45번길 48-13,부산광역시 연제구 연산동 1926-2,35.17554538,129.0875049,,한전주,051-665-4671,부산광역시 연제구청,2026-04-17
연산6동-466,1,부산광역시 연제구 월드컵대로10번길 18,부산광역시 연제구 연산동 1925-7,35.17588014,129.0873667,,건축물,051-665-4671,부산광역시 연제구청,2026-04-17
연산2동-7,1,부산광역시 연제구 중앙천로4번길 4,부산광역시 연제구 연산동 788-7,35.17539987,129.084484,,한전주,051-665-4671,부산광역시 연제구청,2026-04-17
연산2동-5,1,부산광역시 연제구 중앙천로2번길 13,부산광역시 연제구 연산동 788-31,35.17518823,129.0851179,,한전주,051-665-4671,부산광역시 연제구청,2026-04-17
연산2동-123,1,부산광역시 연제구 연수로117번길 7,부산광역시 연제구 연산동 1971-16,35.17550131,129.0838156,,한전주,051-665-4671,부산광역시 연제구청,2026-04-17
연산6동-251,1,부산광역시 연제구 연수로148번길 116,부산광역시 연제구 연산동 1941-44,35.1741028,129.0865416,,한전주,051-665-4671,부산광역시 연제구청,2026-04-17
연산6동-258,1,부산광역시 연제구 연수로148번길 100-14,부산광역시 연제구 연산동 1941-107,35.17385936,129.0865493,,한전주,051-665-4671,부산광역시 연제구청,2026-04-17
연산6동-257,1,부산광역시 연제구 연수로148번길 100-12,부산광역시 연제구 연산동 1941-108,35.17387847,129.0864288,,건축물,051-665-4671,부산광역시 연제구청,2026-04-17
연산6동-267,1,부산광역시 연제구 연수로148번길 68-9,부산광역시 연제구 연산동 2003-64,35.17333593,129.0866192,,건축물,051-665-4671,부산광역시 연제구청,2026-04-17
연산6동-286,1,부산광역시 연제구 쌍미천로45번길 74,부산광역시 연제구 연산동 1926-26,35.17474334,129.0874833,2006,건축물,051-665-4671,부산광역시 연제구청,2026-04-17
연산6동-437,1,부산광역시 연제구 대리로6번길 77,부산광역시 연제구 연산동 665-19,35.17783992,129.0859436,,건축물,051-665-4671,부산광역시 연제구청,2026-04-17
연산6동-243,1,부산광역시 연제구 연수로148번길 21,부산광역시 연제구 연산동 1940-29,35.17381453,129.0875258,1996,건축물,051-665-4671,부산광역시 연제구청,2026-04-17
연산6동-242,1,부산광역시 연제구 연수로148번길 24,부산광역시 연제구 연산동 1941-68,35.17368013,129.0874361,,한전주,051-665-4671,부산광역시 연제구청,2026-04-17
연산6동-262,1,부산광역시 연제구 연수로148번길 8-35,부산광역시 연제구 연산동 1941-181,35.17317669,129.0872867,1996,한전주,051-665-4671,부산광역시 연제구청,2026-04-17
연산6동-241,1,부산광역시 연제구 연수로148번길 30,부산광역시 연제구 연산동 1941-74,35.17341876,129.0874327,,한전주,051-665-4671,부산광역시 연제구청,2026-04-17
연산6동-261,1,부산광역시 연제구 연수로148번길 8-23,부산광역시 연제구 연산동 1941-71,35.17351869,129.0873462,,건축물,051-665-4671,부산광역시 연제구청,2026-04-17
연산6동-260,1,부산광역시 연제구 연수로148번길 8-11,부산광역시 연제구 연산동 1941-60,35.17391693,129.0871648,,한전주,051-665-4671,부산광역시 연제구청,2026-04-17
연산6동-264,1,부산광역시 연제구 연수로148번길 92-23,부산광역시 연제구 연산동 1941-96,35.17372091,129.0869097,,건축물,051-665-4671,부산광역시 연제구청,2026-04-17
연산6동-265,1,부산광역시 연제구 연수로148번길 92-19,부산광역시 연제구 연산동 1941-101,35.17374923,129.0867674,,건축물,051-665-4671,부산광역시 연제구청,2026-04-17
연산6동-259,1,부산광역시 연제구 연수로148번길 8-8,부산광역시 연제구 연산동 1941-98,35.17382065,129.0868452,,한전주,051-665-4671,부산광역시 연제구청,2026-04-17
연산6동-248,1,부산광역시 연제구 연수로148번길 8-1,부산광역시 연제구 연산동 1941-55,35.17404419,129.0870458,1996,한전주,051-665-4671,부산광역시 연제구청,2026-04-17
연산2동-92,1,부산광역시 연제구 연수로87번길 52,부산광역시 연제구 연산동 804-12,35.17781216,129.080992,1996,한전주,051-665-4671,부산광역시 연제구청,2026-04-17
연산2동-144,1,부산광역시 연제구 중앙천로37번가길 21,부산광역시 연제구 연산동 804-23,35.17774554,129.0813863,1996,한전주,051-665-4671,부산광역시 연제구청,2026-04-17
연산2동-143,1,부산광역시 연제구 중앙천로37번가길 13,부산광역시 연제구 연산동 804-63,35.17770546,129.0818359,1996,한전주,051-665-4671,부산광역시 연제구청,2026-04-17
연산2동-142,1,부산광역시 연제구 중앙천로37번가길 7,부산광역시 연제구 연산동 804-4,35.17762228,129.0820653,1996,한전주,051-665-4671,부산광역시 연제구청,2026-04-17
연산2동-145,1,부산광역시 연제구 중앙천로37번길 4-8,부산광역시 연제구 연산동 794-12,35.17808997,129.0821813,1996,건축물,051-665-4671,부산광역시 연제구청,2026-04-17
연산2동-131,1,부산광역시 연제구 중앙천로37번길 4,부산광역시 연제구 연산동 794-20,35.17802393,129.0825098,1997,건축물,051-665-4671,부산광역시 연제구청,2026-04-17
연산6동-306,1,부산광역시 연제구 월드컵대로 2-2,부산광역시 연제구 연산동 1916-9,35.17502806,129.0868942,,건축물,051-665-4671,부산광역시 연제구청,2026-04-17
연산6동-307,1,부산광역시 연제구 월드컵대로 2-7,부산광역시 연제구 연산동 1919-27,35.17529032,129.0867989,,건축물,051-665-4671,부산광역시 연제구청,2026-04-17
연산2동-2,1,부산광역시 연제구 월드컵대로3번길 11,부산광역시 연제구 연산동 788-3,35.17521183,129.0854975,,한전주,051-665-4671,부산광역시 연제구청,2026-04-17
연산2동-3,1,부산광역시 연제구 월드컵대로3번길 11,부산광역시 연제구 연산동 788-3,35.17521183,129.0854975,,한전주,051-665-4671,부산광역시 연제구청,2026-04-17
연산6동-268,1,부산광역시 연제구 연수로148번길 69,부산광역시 연제구 연산동 2005-57,35.17305791,129.0864618,,건축물,051-665-4671,부산광역시 연제구청,2026-04-17
연산6동-269,1,부산광역시 연제구 연수로148번길 80-1,부산광역시 연제구 연산동 2003-37,35.17354411,129.0865232,,한전주,051-665-4671,부산광역시 연제구청,2026-04-17
연산6동-270,1,부산광역시 연제구 연수로148번길 87,부산광역시 연제구 연산동 2005-37,35.17346792,129.0859732,,건축물,051-665-4671,부산광역시 연제구청,2026-04-17
연산6동-255,1,부산광역시 연제구 연수로148번길 93-1,부산광역시 연제구 연산동 2005-21,35.17367689,129.0857894,,한전주,051-665-4671,부산광역시 연제구청,2026-04-17
연산6동-254,1,부산광역시 연제구 연수로148번길 98,부산광역시 연제구 연산동 2003-11,35.17393649,129.0859905,,건축물,051-665-4671,부산광역시 연제구청,2026-04-17
연산6동-252,1,부산광역시 연제구 연수로148번길 108,부산광역시 연제구 연산동 1941-33,35.17415171,129.0861141,,한전주,051-665-4671,부산광역시 연제구청,2026-04-17
거제1동-166,1,부산광역시 연제구 교대로 24,부산광역시 연제구 거제동335-4,35.19569321,129.0770825,2010,전용주,051-665-4671,부산광역시 연제구청,2026-04-17
거제1동-165,1,부산광역시 연제구 교대로 24,부산광역시 연제구 거제동334-6,35.19569321,129.0770825,2010,전용주,051-665-4671,부산광역시 연제구청,2026-04-17
거제1동-153,1,부산광역시 연제구 거제대로277번길 12,부산광역시 연제구 거제동312-39,35.19141394,129.0769669,2010,건축물,051-665-4671,부산광역시 연제구청,2026-04-17
거제1동-152,1,부산광역시 연제구 거제대로277번길 27,부산광역시 연제구 거제동312-84,35.19161183,129.0770134,2010,건축물,051-665-4671,부산광역시 연제구청,2026-04-17
거제1동-106,1,부산광역시 연제구 교대로22번길 11,부산광역시 연제구 거제동249-7,35.19620768,129.077151,2010,건축물,051-665-4671,부산광역시 연제구청,2026-04-17
거제1동-99,1,부산광역시 연제구 중앙대로1249번길 5,부산광역시 연제구 거제동226-8,35.19855954,129.0782473,2010,건축물,051-665-4671,부산광역시 연제구청,2026-04-17
연산2동-219,1,부산광역시 연제구 연수로11번길 104,부산광역시 연제구 연산동 867-41,35.17743475,129.0758051,1996,한전주,051-665-4671,부산광역시 연제구청,2026-04-17
연산2동-220,1,부산광역시 연제구 연수로11번길 100-10,부산광역시 연제구 연산동 867-36,35.17714429,129.0760319,1996,전용주,051-665-4671,부산광역시 연제구청,2026-04-17
연산2동-222,1,부산광역시 연제구 연수로11번길 100-16,부산광역시 연제구 연산동 867-33,35.17743065,129.0762662,1996,한전주,051-665-4671,부산광역시 연제구청,2026-04-17
연산2동-218,1,부산광역시 연제구 연수로11번길 110,부산광역시 연제구 연산동 867-4,35.17761325,129.0760051,1996,한전주,051-665-4671,부산광역시 연제구청,2026-04-17
연산2동-217,1,부산광역시 연제구 연수로11번길 114,부산광역시 연제구 연산동 867-10,35.17787316,129.0761732,1996,한전주,051-665-4671,부산광역시 연제구청,2026-04-17
연산2동-263,1,부산광역시 연제구 중앙천로25번길 94,부산광역시 연제구 연산동 1604-21,35.1784682,129.0790287,1997,한전주,051-665-4671,부산광역시 연제구청,2026-04-17
연산2동-292,1,부산광역시 연제구 중앙천로25번길 58,부산광역시 연제구 연산동 1607-17,35.17752474,129.0799078,1996,한전주,051-665-4671,부산광역시 연제구청,2026-04-17
연산2동-295,1,부산광역시 연제구 중앙천로25번길 58-11,부산광역시 연제구 연산동 1607-8,35.17784606,129.0802239,1996,한전주,051-665-4671,부산광역시 연제구청,2026-04-17
연산2동-297,1,부산광역시 연제구 연제로8번길 58,부산광역시 연제구 연산동 1635-3,35.17810665,129.0803152,1996,전용주,051-665-4671,부산광역시 연제구청,2026-04-17
연산2동-90,1,부산광역시 연제구 연수로87번길 51,부산광역시 연제구 연산동 806-1,35.1777959,129.0807941,1996,건축물,051-665-4671,부산광역시 연제구청,2026-04-17
거제1동-19,1,부산광역시 연제구 거제대로272번길 22-2,부산광역시 연제구 거제동 15-57,35.18950412,129.077853,2010,건축물,051-665-4671,부산광역시 연제구청,2026-04-17
거제1동-6,1,부산광역시 연제구 중앙대로 1171-8,부산광역시 연제구 거제동 1-66,35.19201302,129.0795332,2010,건축물,051-665-4671,부산광역시 연제구청,2026-04-17
연산9동-158,1,부산광역시 연제구 과정로114번길 18-9,부산광역시 연제구 연산동 117-51,35.18118833,129.1083304,2009,한전주,051-665-4671,부산광역시 연제구청,2026-04-17
연산6동-482,1,부산광역시 연제구 월드컵대로10번길 53,부산광역시 연제구 연산동 668-44,35.17656941,129.0889018,2009,한전주,051-665-4671,부산광역시 연제구청,2026-04-17
연산4동-241,1,부산광역시 연제구 묘봉산로 53-2,부산광역시 연제구 연산동 산38-1,35.18254936,129.0924841,2009,건축물,051-665-4671,부산광역시 연제구청,2026-04-17
연산2동-498,1,부산광역시 연제구 황령산로 548-7,부산광역시 연제구 연산동 산 176-12,35.16861072,129.082813,2009,건축물,051-665-4671,부산광역시 연제구청,2026-04-17
거제1동-222,1,부산광역시 연제구 중앙대로 1180-1,부산광역시 연제구 거제동1470-11,35.1929809,129.0804679,2010,한전주,051-665-4671,부산광역시 연제구청,2026-04-17
거제1동-221,1,부산광역시 연제구 중앙대로 1180-1,부산광역시 연제구 거제동1469-6,35.19296896,129.0804902,2010,한전주,051-665-4671,부산광역시 연제구청,2026-04-17
거제1동-218,1,부산광역시 연제구 거제천로255번길 38-3,부산광역시 연제구 거제동1465-25,35.19410746,129.085216,2010,건축물,051-665-4671,부산광역시 연제구청,2026-04-17
거제1동-214,1,부산광역시 연제구 온천천공원길 38,부산광역시 연제구 거제동1465-8,35.19439596,129.0852089,2010,건축물,051-665-4671,부산광역시 연제구청,2026-04-17
거제1동-202,1,부산광역시 연제구 거제천로255번가길 33-5,부산광역시 연제구 거제동1462-18,35.19343483,129.0868432,2010,건축물,051-665-4671,부산광역시 연제구청,2026-04-17
거제1동-199,1,부산광역시 연제구 온천천공원길 56,부산광역시 연제구 거제동1462-4,35.19370315,129.0869886,2010,건축물,051-665-4671,부산광역시 연제구청,2026-04-17
거제1동-198,1,부산광역시 연제구 온천천공원길 64-1,부산광역시 연제구 거제동 1462-46,35.1934423,129.0880182,2010,건축물,051-665-4671,부산광역시 연제구청,2026-04-17
거제1동-191,1,부산광역시 연제구 거제대로277번길 1-5,부산광역시 연제구 거제동482-35,35.19106882,129.0772834,2010,한전주,051-665-4671,부산광역시 연제구청,2026-04-17
거제1동-176,1,부산광역시 연제구 교대로54번길 25,부산광역시 연제구 거제동381-2,35.19410907,129.0739279,2010,한전주,051-665-4671,부산광역시 연제구청,2026-04-17
거제1동-170,1,부산광역시 연제구 교대로54번길 19,부산광역시 연제구 거제동352-2,35.19391688,129.0740931,2010,건축물,051-665-4671,부산광역시 연제구청,2026-04-17
연산6동-484,1,부산광역시 연제구 연수로171번길 22-14,부산광역시 연제구 연산동 1876-105,35.17472655,129.0893493,2009,건축물,051-665-4671,부산광역시 연제구청,2026-04-17
연산6동-74,1,부산광역시 연제구 배산로23번길 12,부산광역시 연제구 연산동 2123-19,35.17456666,129.0950777,2009,건축물,051-665-4671,부산광역시 연제구청,2026-04-17
연산6동-483,1,부산광역시 연제구 마곡천로30번길 30-1,부산광역시 연제구 연산동 2018-120,35.17087204,129.0859606,2009,한전주,051-665-4671,부산광역시 연제구청,2026-04-17
연산3동-145,1,부산광역시 연제구 금련로38번가길 26-1,부산광역시 연제구 연산동 1824-72,35.17075269,129.0942032,2009,건축물,051-665-4671,부산광역시 연제구청,2026-04-17
연산2동-503,1,부산광역시 연제구 중앙천로 20,부산광역시 연제구 연산동 777-13,35.1767333,129.0836997,2009,한전주,051-665-4671,부산광역시 연제구청,2026-04-17
거제4동-187,1,부산광역시 연제구 해맞이로81번길 18,부산광역시 연제구 거제동 649-70,35.18157985,129.0678122,2009,한전주,051-665-4671,부산광역시 연제구청,2026-04-17
거제1동-85,1,부산광역시 연제구 교대로24번길 55-3,부산광역시 연제구 거제동210-13,35.19754888,129.0753349,2010,건축물,051-665-4671,부산광역시 연제구청,2026-04-17
거제1동-73,1,부산광역시 연제구 미남로 11,부산광역시 연제구 거제동203-15,35.19509282,129.0717557,2010,한전주,051-665-4671,부산광역시 연제구청,2026-04-17
거제1동-65,1,부산광역시 연제구 법원북로41번길 15,부산광역시 연제구 거제동199-6,35.19473669,129.0712569,2010,한전주,051-665-4671,부산광역시 연제구청,2026-04-17
거제1동-64,1,부산광역시 연제구 아시아드대로108번길 82,부산광역시 연제구 거제동199-4,35.19495582,129.0709413,2010,한전주,051-665-4671,부산광역시 연제구청,2026-04-17
거제1동-63,1,부산광역시 연제구 아시아드대로108번길 82,부산광역시 연제구 거제동199-4,35.19495582,129.0709413,2010,한전주,051-665-4671,부산광역시 연제구청,2026-04-17
거제1동-54,1,부산광역시 연제구 교대로22번길 37-1,부산광역시 연제구 거제동 114-19,35.1970063,129.0786093,2010,전용주,051-665-4671,부산광역시 연제구청,2026-04-17
거제1동-53,1,부산광역시 연제구 중앙대로1249번길 19-1,부산광역시 연제구 거제동 111-3,35.19798458,129.078031,2010,건축물,051-665-4671,부산광역시 연제구청,2026-04-17
거제1동-36,1,부산광역시 연제구 교대로 8,부산광역시 연제구 거제동 78-24,35.1956699,129.0791862,2010,건축물,051-665-4671,부산광역시 연제구청,2026-04-17
거제1동-34,1,부산광역시 연제구 중앙대로 1191,부산광역시 연제구 거제동 60-18,35.19358144,129.0785218,2010,건축물,051-665-4671,부산광역시 연제구청,2026-04-17
거제1동-22,1,부산광역시 연제구 거제대로252번길 12-2,부산광역시 연제구 거제동 18-34,35.18889024,129.0759344,2010,건축물,051-665-4671,부산광역시 연제구청,2026-04-17
연산6동-214,1,부산광역시 연제구 마곡천로30번길 22,부산광역시 연제구 연산동 2018-114,35.17122703,129.0865801,2009,건축물,051-665-4671,부산광역시 연제구청,2026-04-17
연산5동-5,1,부산광역시 연제구 월드컵대로91번가길 15-3,부산광역시 연제구 연산동 715-27,35.18238792,129.0813601,2009,건축물,051-665-4671,부산광역시 연제구청,2026-04-17
연산5동-228,1,부산광역시 연제구 중앙대로 1054,부산광역시 연제구 연산동 1332-15,35.18212206,129.0788313,2009,건축물,051-665-4671,부산광역시 연제구청,2026-04-17
연산5동-146,1,부산광역시 연제구 월드컵대로111번길 6-11,부산광역시 연제구 연산동 708-11,35.18425053,129.0817251,2009,건축물,051-665-4671,부산광역시 연제구청,2026-04-17
연산4동-216,1,부산광역시 연제구 쌍미천로 100,부산광역시 연제구 연산동 1135-38,35.18149802,129.0877558,2009,건축물,051-665-4671,부산광역시 연제구청,2026-04-17
연산4동-242,1,부산광역시 연제구 묘봉산로 53-2,부산광역시 연제구 연산동 산38-1,35.18254936,129.0924841,2009,한전주,051-665-4671,부산광역시 연제구청,2026-04-17
연산2동-462,1,부산광역시 연제구 황령산로521번길 3,부산광역시 연제구 연산동 산 182,35.16622262,129.0827484,2010,한전주,051-665-4671,부산광역시 연제구청,2026-04-17
연산2동-442,1,부산광역시 연제구 황령산로521번길 12,부산광역시 연제구 연산동 산 183-2,35.16660401,129.0824351,2010,건축물,051-665-4671,부산광역시 연제구청,2026-04-17
연산2동-450,1,부산광역시 연제구 황령산로543번길 58,부산광역시 연제구 연산동 산 183-2,35.16669484,129.0813496,2009,건축물,051-665-4671,부산광역시 연제구청,2026-04-17
연산2동-500,1,부산광역시 연제구 연산동 황령산로498번길 8,부산광역시 연제구 연산동 산 181-1,35.16525742,129.0838417,2009,한전주,051-665-4671,부산광역시 연제구청,2026-04-17
연산2동-249,1,부산광역시 연제구 중앙천로 83-3,부산광역시 연제구 연산동 1310-73,35.18094657,129.079244,2009,한전주,051-665-4671,부산광역시 연제구청,2026-04-17
거제3동-172,1,부산광역시 연제구 거제천로 151-5,부산광역시 연제구 거제동 34-31,35.18715587,129.0763507,2009,건축물,051-665-4671,부산광역시 연제구청,2026-04-17
거제2동-284,1,부산광역시 연제구 아시아드대로54번길 34,부산광역시 연제구 거제동 1017-5,35.1897819,129.069918,2009,건축물,051-665-4671,부산광역시 연제구청,2026-04-17
거제1동-235,1,부산광역시 연제구 교대로 19-1,부산광역시 연제구 거제동 84-2,35.19517366,129.0778731,2009,한전주,051-665-4671,부산광역시 연제구청,2026-04-17
연산9동-152,1,부산광역시 연제구 고분로236번길 55-1,부산광역시 연제구 연산동 488-48,35.18188391,129.1081642,2009,건축물,051-665-4671,부산광역시 연제구청,2026-04-17
연산6동-79,1,부산광역시 연제구 쌍미천로52번길 40,부산광역시 연제구 연산동 2145-37,35.17647059,129.0908656,2009,건축물,051-665-4671,부산광역시 연제구청,2026-04-17
거제2동-24,1,부산광역시 연제구 월드컵대로 325,부산광역시 연제구 거제동 1272,35.18892786,129.0635274,2008,전용주,051-665-4671,부산광역시 연제구청,2026-04-17
거제2동-23,1,부산광역시 연제구 월드컵대로 325,부산광역시 연제구 거제동 1272,35.18892786,129.0635274,2008,전용주,051-665-4671,부산광역시 연제구청,2026-04-17
거제2동-22,1,부산광역시 연제구 월드컵대로 325,부산광역시 연제구 거제동 1272,35.18892786,129.0635274,2008,전용주,051-665-4671,부산광역시 연제구청,2026-04-17
거제1동-224,1,부산광역시 연제구 온천천공원길 18,부산광역시 연제구 거제동 1466-17,35.1954865,129.0832139,2008,한전주,051-665-4671,부산광역시 연제구청,2026-04-17
거제1동-223,1,부산광역시 연제구 온천천공원길 18,부산광역시 연제구 거제동 1466-14,35.1954865,129.0832139,2009,한전주,051-665-4671,부산광역시 연제구청,2026-04-17
연산9동-118,1,부산광역시 연제구 고분로253번길 47,부산광역시 연제구 연산동 196-41,35.18598777,129.1108331,2008,건축물,051-665-4671,부산광역시 연제구청,2026-04-17
거제2동-283,1,부산광역시 연제구 월드컵대로248번길 15,부산광역시 연제구 거제동 1040-2,35.19099725,129.0711089,2009,건축물,051-665-4671,부산광역시 연제구청,2026-04-17
거제1동-234,1,부산광역시 연제구 아시아드대로108번길 6,부산광역시 연제구 거제동 1476-6,35.19410055,129.0672075,2009,한전주,051-665-4671,부산광역시 연제구청,2026-04-17
거제1동-232,1,부산광역시 연제구 교대로 10-3,부산광역시 연제구 거제동 78-8,35.19585041,129.0788044,2009,건축물,051-665-4671,부산광역시 연제구청,2026-04-17
연산8동-242,1,부산광역시 연제구 과정로 276,부산광역시 연제구 연산동 382-7,35.18819378,129.0972701,2009,한전주,051-665-4671,부산광역시 연제구청,2026-04-17
연산2동-51,1,부산광역시 연제구 중앙대로1038번길 46-24,부산광역시 연제구 연산동 1587-2,35.17866172,129.0787197,2009,건축물,051-665-4671,부산광역시 연제구청,2026-04-17
거제3동-173,1,부산광역시 연제구 거제대로188번길 27,부산광역시 연제구 거제동 840-14,35.18419632,129.0716124,2009,건축물,051-665-4671,부산광역시 연제구청,2026-04-17
거제1동-230,1,부산광역시 연제구 중앙대로1235번길 10-9,부산광역시 연제구 거제동 116-16,35.19770332,129.078236,2009,건축물,051-665-4671,부산광역시 연제구청,2026-04-17
거제1동-229,1,부산광역시 연제구 중앙대로 1191,부산광역시 연제구 거제동 60-18,35.19358144,129.0785218,2009,건축물,051-665-4671,부산광역시 연제구청,2026-04-17
연산9동-227,1,부산광역시 연제구 토곡로53번길 8,부산광역시 연제구 연산동 10-40,35.18164646,129.1015955,2009,건축물,051-665-4671,부산광역시 연제구청,2026-04-17
연산9동-128,1,부산광역시 연제구 고분로254번길 17-3,부산광역시 연제구 연산동 484-27,35.18365781,129.1103292,2009,건축물,051-665-4671,부산광역시 연제구청,2026-04-17
연산2동-258,1,부산광역시 연제구 중앙천로25번길 100,부산광역시 연제구 연산동 1587-11,35.17839388,129.0784307,,한전주,051-665-4671,부산광역시 연제구청,2026-04-17
연산2동-257,1,부산광역시 연제구 중앙천로25번길 104,부산광역시 연제구 연산동 1587-10,35.17847617,129.0782825,,한전주,051-665-4671,부산광역시 연제구청,2026-04-17
연산6동-405,1,부산광역시 연제구 쌍미천로59번길 40-1,부산광역시 연제구 연산동 662-54,35.17830774,129.0870477,,건축물,051-665-4671,부산광역시 연제구청,2026-04-17
연산6동-402,1,부산광역시 연제구 쌍미천로59번길 48-1,부산광역시 연제구 연산동 662-47,35.17832119,129.0865539,,건축물,051-665-4671,부산광역시 연제구청,2026-04-17
연산6동-401,1,부산광역시 연제구 쌍미천로59번길 48,부산광역시 연제구 연산동 662-48,35.17823096,129.0865636,,한전주,051-665-4671,부산광역시 연제구청,2026-04-17
연산6동-400,1,부산광역시 연제구 쌍미천로59번길 49,부산광역시 연제구 연산동 665-11,35.17807843,129.0864848,,한전주,051-665-4671,부산광역시 연제구청,2026-04-17
거제3동-137,1,부산광역시 연제구 거제천로23번길 15,부산광역시 연제구 거제동 747-2,35.17691709,129.0701444,,한전주,051-665-4671,부산광역시 연제구청,2026-04-17
거제3동-136,1,부산광역시 연제구 거제천로23번길 23,부산광역시 연제구 거제동 747-3,35.17709183,129.0697515,,한전주,051-665-4671,부산광역시 연제구청,2026-04-17
거제3동-162,1,부산광역시 연제구 거제대로118번길 8,부산광역시 연제구 거제동 739-13,35.17879119,129.0692139,,한전주,051-665-4671,부산광역시 연제구청,2026-04-17
거제3동-125,1,부산광역시 연제구 거제대로74번길 93,부산광역시 연제구 거제동 499-4,35.17888053,129.0703239,,한전주,051-665-4671,부산광역시 연제구청,2026-04-17
거제3동-122,1,부산광역시 연제구 거제대로124번길 42,부산광역시 연제구 거제동 500-55,35.1787696,129.0711558,,한전주,051-665-4671,부산광역시 연제구청,2026-04-17
거제3동-123,1,부산광역시 연제구 거제대로124번길 36,부산광역시 연제구 거제동 500-15,35.17891221,129.0708184,,한전주,051-665-4671,부산광역시 연제구청,2026-04-17
거제3동-157,1,부산광역시 연제구 거제대로114번길 6,부산광역시 연제구 거제동 572-7,35.17851451,129.0688854,2001,한전주,051-665-4671,부산광역시 연제구청,2026-04-17
거제3동-158,1,부산광역시 연제구 거제대로114번길 16,부산광역시 연제구 거제동 572-13,35.17826592,129.0694924,1996,한전주,051-665-4671,부산광역시 연제구청,2026-04-17
거제3동-133,1,부산광역시 연제구 거제대로74번길 76,부산광역시 연제구 거제동 730-9,35.17804398,129.0701263,,한전주,051-665-4671,부산광역시 연제구청,2026-04-17
거제3동-160,1,부산광역시 연제구 거제대로118번길 26,부산광역시 연제구 거제동 568-1,35.1785487,129.0701329,,한전주,051-665-4671,부산광역시 연제구청,2026-04-17
연산6동-406,1,부산광역시 연제구 대리로22번길 65,부산광역시 연제구 연산동 663-14,35.17859951,129.087345,,한전주,051-665-4671,부산광역시 연제구청,2026-04-17
연산6동-404,1,부산광역시 연제구 쌍미천로59번길 40,부산광역시 연제구 연산동 662-57,35.17823553,129.0870577,1996,한전주,051-665-4671,부산광역시 연제구청,2026-04-17
연산6동-383,1,부산광역시 연제구 대리로22번길 55-8,부산광역시 연제구 연산동 659-16,35.17895488,129.087254,1999,건축물,051-665-4671,부산광역시 연제구청,2026-04-17
연산6동-390,1,부산광역시 연제구 월드컵대로46번길 19-1,부산광역시 연제구 연산동 660-9,35.17891978,129.0861447,,건축물,051-665-4671,부산광역시 연제구청,2026-04-17
연산6동-369,1,부산광역시 연제구 쌍미천로73번길 47-7,부산광역시 연제구 연산동 660-47,35.17900237,129.0859811,,건축물,051-665-4671,부산광역시 연제구청,2026-04-17
거제4동-117,1,부산광역시 연제구 해맞이로61번길 64,부산광역시 연제구 거제동 676-105,35.17952459,129.0647552,,한전주,051-665-4671,부산광역시 연제구청,2026-04-17
연산2동-86,1,부산광역시 연제구 중앙천로43번길 23,부산광역시 연제구 연산동 793-1,35.17886695,129.080973,1996,한전주,051-665-4671,부산광역시 연제구청,2026-04-17
연산2동-87,1,부산광역시 연제구 연수로87번길 65,부산광역시 연제구 연산동 793-24,35.17847049,129.0809568,1997,한전주,051-665-4671,부산광역시 연제구청,2026-04-17
연산2동-88,1,부산광역시 연제구 연수로87번길 63,부산광역시 연제구 연산동 793-4,35.17841759,129.0808243,,한전주,051-665-4671,부산광역시 연제구청,2026-04-17
연산2동-89,1,부산광역시 연제구 연수로87번길 59,부산광역시 연제구 연산동 793-9,35.17819187,129.0808653,,한전주,051-665-4671,부산광역시 연제구청,2026-04-17
연산2동-84,1,부산광역시 연제구 중앙천로43번길 13,부산광역시 연제구 연산동 791-10,35.17870873,129.0815308,,한전주,051-665-4671,부산광역시 연제구청,2026-04-17
연산2동-80,1,부산광역시 연제구 연제로8번길 84-2,부산광역시 연제구 연산동 790-26,35.17910005,129.0812835,,건축물,051-665-4671,부산광역시 연제구청,2026-04-17
연산2동-85,1,부산광역시 연제구 중앙천로43번길 8-1,부산광역시 연제구 연산동 790-4,35.17899331,129.0819628,,건축물,051-665-4671,부산광역시 연제구청,2026-04-17
연산2동-83,1,부산광역시 연제구 중앙천로43번길 3,부산광역시 연제구 연산동 791-43,35.17868599,129.0820575,1996,한전주,051-665-4671,부산광역시 연제구청,2026-04-17
연산2동-150,1,부산광역시 연제구 중앙천로39번길 14,부산광역시 연제구 연산동 791-4,35.17845264,129.0819446,,한전주,051-665-4671,부산광역시 연제구청,2026-04-17
연산2동-148,1,부산광역시 연제구 중앙천로39번길 9,부산광역시 연제구 연산동 794-51,35.17823516,129.0820735,,한전주,051-665-4671,부산광역시 연제구청,2026-04-17
거제4동-141,1,부산광역시 연제구 해맞이로57번길 4,부산광역시 연제구 거제동 676-128,35.17957881,129.067808,,한전주,051-665-4671,부산광역시 연제구청,2026-04-17
거제4동-133,1,부산광역시 연제구 해맞이로57번길 12,부산광역시 연제구 거제동 676-126,35.17951106,129.067313,,한전주,051-665-4671,부산광역시 연제구청,2026-04-17
거제4동-143,1,부산광역시 연제구 해맞이로57번길 20,부산광역시 연제구 거제동 676-124,35.17941531,129.0669275,,한전주,051-665-4671,부산광역시 연제구청,2026-04-17
거제4동-119,1,부산광역시 연제구 해맞이로57번길 46,부산광역시 연제구 거제동 676-117,35.17917553,129.0654972,,건축물,051-665-4671,부산광역시 연제구청,2026-04-17
거제4동-144,1,부산광역시 연제구 해맞이로67번길 31,부산광역시 연제구 거제동 676-243,35.18005881,129.0665297,1997,건축물,051-665-4671,부산광역시 연제구청,2026-04-17
거제4동-115,1,부산광역시 연제구 해맞이로61번길 44,부산광역시 연제구 거제동 676-99,35.17976738,129.0658452,,한전주,051-665-4671,부산광역시 연제구청,2026-04-17
연산6동-397,1,부산광역시 연제구 쌍미천로59번길 57,부산광역시 연제구 연산동 665-57,35.17808228,129.0860567,1997,한전주,051-665-4671,부산광역시 연제구청,2026-04-17
연산6동-399,1,부산광역시 연제구 쌍미천로59번길 54-1,부산광역시 연제구 연산동 662-44,35.17838714,129.0862364,,건축물,051-665-4671,부산광역시 연제구청,2026-04-17
연산6동-388,1,부산광역시 연제구 월드컵대로46번길 22-1,부산광역시 연제구 연산동 662-52,35.17857631,129.0862499,,건축물,051-665-4671,부산광역시 연제구청,2026-04-17
연산6동-394,1,부산광역시 연제구 대리로6번길 61,부산광역시 연제구 연산동 662-22,35.17848199,129.0857107,1999,건축물,051-665-4671,부산광역시 연제구청,2026-04-17
연산6동-396,1,부산광역시 연제구 대리로6번길 70,부산광역시 연제구 연산동 685-12,35.17830331,129.0855326,,한전주,051-665-4671,부산광역시 연제구청,2026-04-17
연산6동-395,1,부산광역시 연제구 대리로6번길 70,부산광역시 연제구 연산동 685-12,35.17830331,129.0855326,,한전주,051-665-4671,부산광역시 연제구청,2026-04-17
연산6동-393,1,부산광역시 연제구 대리로6번길 58,부산광역시 연제구 연산동 685-1,35.17861034,129.0854708,,한전주,051-665-4671,부산광역시 연제구청,2026-04-17
연산6동-392,1,부산광역시 연제구 대리로6번길 50,부산광역시 연제구 연산동 686-28,35.17893588,129.0853544,,건축물,051-665-4671,부산광역시 연제구청,2026-04-17
연산6동-408,1,부산광역시 연제구 쌍미천로59번길 30,부산광역시 연제구 연산동 663-52,35.17821159,129.0877161,,한전주,051-665-4671,부산광역시 연제구청,2026-04-17
연산6동-407,1,부산광역시 연제구 대리로22번길 75,부산광역시 연제구 연산동 663-54,35.17823129,129.0875298,,한전주,051-665-4671,부산광역시 연제구청,2026-04-17
거제4동-166,1,부산광역시 연제구 해맞이로77번길 34-11,부산광역시 연제구 거제동 676-14,35.18119999,129.0665667,,한전주,051-665-4671,부산광역시 연제구청,2026-04-17
거제4동-173,1,부산광역시 연제구 해맞이로81번길 28,부산광역시 연제구 거제동 649-119,35.18142227,129.0672832,2001,건축물,051-665-4671,부산광역시 연제구청,2026-04-17
거제4동-174,1,부산광역시 연제구 해맞이로81번길 21,부산광역시 연제구 거제동 681-41,35.18127409,129.0677314,1996,한전주,051-665-4671,부산광역시 연제구청,2026-04-17
거제4동-158,1,부산광역시 연제구 해맞이로77번길 17,부산광역시 연제구 거제동 676-29,35.18103007,129.067805,,한전주,051-665-4671,부산광역시 연제구청,2026-04-17
거제4동-159,1,부산광역시 연제구 해맞이로77번길 19,부산광역시 연제구 거제동 676-28,35.18100536,129.0675412,,한전주,051-665-4671,부산광역시 연제구청,2026-04-17
거제4동-161,1,부산광역시 연제구 해맞이로77번길 27,부산광역시 연제구 거제동 676-27,35.18096291,129.0672442,,한전주,051-665-4671,부산광역시 연제구청,2026-04-17
거제4동-108,1,부산광역시 연제구 화지로52번길 10,부산광역시 연제구 거제동 676-288,35.17958817,129.0647011,1997,한전주,051-665-4671,부산광역시 연제구청,2026-04-17
거제4동-107,1,부산광역시 연제구 화지로52번길 19,부산광역시 연제구 거제동 676-234,35.17993751,129.0651553,,한전주,051-665-4671,부산광역시 연제구청,2026-04-17
거제4동-105,1,부산광역시 연제구 화지로52번가길 19-1,부산광역시 연제구 거제동 766-36,35.18060304,129.0651206,,한전주,051-665-4671,부산광역시 연제구청,2026-04-17
거제4동-74,1,부산광역시 연제구 화지로 78,부산광역시 연제구 거제동 766-123,35.18182918,129.0650927,,한전주,051-665-4671,부산광역시 연제구청,2026-04-17
거제4동-71,1,부산광역시 연제구 화지로 77-4,부산광역시 연제구 거제동 산64-2,35.18194953,129.0647319,,건축물,051-665-4671,부산광역시 연제구청,2026-04-17
거제4동-70,1,부산광역시 연제구 화지로 81-3,부산광역시 연제구 거제동 766-101,35.18216517,129.0648116,,건축물,051-665-4671,부산광역시 연제구청,2026-04-17
거제4동-67,1,부산광역시 연제구 화지로 83-10,부산광역시 연제구 거제동 766,35.18241122,129.0645074,,건축물,051-665-4671,부산광역시 연제구청,2026-04-17
연산4동-251,1,부산광역시 연제구 묘봉산로5번길 3,부산광역시 연제구 연산동 1118-15,35.18328756,129.0875862,,한전주,051-665-4671,부산광역시 연제구청,2026-04-17
거제4동-176,1,부산광역시 연제구 해맞이로81번길 8,부산광역시 연제구 거제동 649-67,35.1816472,129.0683511,,한전주,051-665-4671,부산광역시 연제구청,2026-04-17
거제4동-146,1,부산광역시 연제구 해맞이로67번길 29,부산광역시 연제구 거제동 676-65,35.18010145,129.0668048,,한전주,051-665-4671,부산광역시 연제구청,2026-04-17
연산6동-198,1,부산광역시 연제구 물만로23번길 59,부산광역시 연제구 연산동 산176-36,35.17245385,129.0864757,1996,건축물,051-665-4671,부산광역시 연제구청,2026-04-17
연산6동-200,1,부산광역시 연제구 마곡천로 26-10,부산광역시 연제구 연산동 2006-29,35.17227419,129.0864074,,건축물,051-665-4671,부산광역시 연제구청,2026-04-17
연산6동-203,1,부산광역시 연제구 물만로23번길 59,부산광역시 연제구 연산동 산176-36,35.17245385,129.0864757,,건축물,051-665-4671,부산광역시 연제구청,2026-04-17
연산6동-204,1,부산광역시 연제구 물만로23번길 59,부산광역시 연제구 연산동 산176-36,35.17245385,129.0864757,,건축물,051-665-4671,부산광역시 연제구청,2026-04-17
연산6동-205,1,부산광역시 연제구 물만로23번길 55,부산광역시 연제구 연산동 산176-35,35.17268917,129.0863691,1997,건축물,051-665-4671,부산광역시 연제구청,2026-04-17
연산6동-206,1,부산광역시 연제구 물만로23번길 54,부산광역시 연제구 연산동 산176-28,35.17275532,129.0860296,,건축물,051-665-4671,부산광역시 연제구청,2026-04-17
거제4동-110,1,부산광역시 연제구 화지로52번길 25,부산광역시 연제구 거제동 676-365,35.17990538,129.0655286,,한전주,051-665-4671,부산광역시 연제구청,2026-04-17
거제4동-111,1,부산광역시 연제구 화지로52번길 33,부산광역시 연제구 거제동 760-6,35.18000113,129.0658872,,한전주,051-665-4671,부산광역시 연제구청,2026-04-17
거제4동-145,1,부산광역시 연제구 해맞이로73번길 35,부산광역시 연제구 거제동 676-47,35.18046284,129.0667107,,한전주,051-665-4671,부산광역시 연제구청,2026-04-17
거제4동-113,1,부산광역시 연제구 화지로52번가길 31,부산광역시 연제구 거제동 766-25,35.18050643,129.0658549,,한전주,051-665-4671,부산광역시 연제구청,2026-04-17
거제4동-114,1,부산광역시 연제구 화지로52번가길 10-16,부산광역시 연제구 거제동 760-33,35.18021744,129.065917,1998,건축물,051-665-4671,부산광역시 연제구청,2026-04-17
거제4동-112,1,부산광역시 연제구 화지로52번가길 10-11,부산광역시 연제구 거제동 766-55,35.18037269,129.0656885,,한전주,051-665-4671,부산광역시 연제구청,2026-04-17
거제4동-116,1,부산광역시 연제구 해맞이로61번길 57,부산광역시 연제구 거제동 676-111,35.17940462,129.0651028,,한전주,051-665-4671,부산광역시 연제구청,2026-04-17
거제4동-109,1,부산광역시 연제구 해맞이로61번길 52,부산광역시 연제구 거제동 676-108,35.17964652,129.0653257,,한전주,051-665-4671,부산광역시 연제구청,2026-04-17
거제4동-106,1,부산광역시 연제구 화지로52번가길 16,부산광역시 연제구 거제동 766-139,35.18044876,129.0652393,,한전주,051-665-4671,부산광역시 연제구청,2026-04-17
거제4동-167,1,부산광역시 연제구 해맞이로77번길 32,부산광역시 연제구 거제동 681-11,35.1812174,129.0669377,,한전주,051-665-4671,부산광역시 연제구청,2026-04-17
연산2동-101,1,부산광역시 연제구 중앙천로19번길 40,부산광역시 연제구 연산동 808-18,35.1768712,129.0813857,,한전주,051-665-4671,부산광역시 연제구청,2026-04-17
연산2동-102,1,부산광역시 연제구 중앙천로19번길 32,부산광역시 연제구 연산동 808-48,35.17678596,129.0818457,,한전주,051-665-4671,부산광역시 연제구청,2026-04-17
연산2동-105,1,부산광역시 연제구 중앙천로19번길 17,부산광역시 연제구 연산동 822-84,35.1765807,129.0826224,1997,한전주,051-665-4671,부산광역시 연제구청,2026-04-17
연산2동-106,1,부산광역시 연제구 중앙천로19번길 17-3,부산광역시 연제구 연산동 822-81,35.17631061,129.0825859,,한전주,051-665-4671,부산광역시 연제구청,2026-04-17
연산2동-128,1,부산광역시 연제구 중앙천로37번길 30,부산광역시 연제구 연산동 808-4,35.17690841,129.0822645,,한전주,051-665-4671,부산광역시 연제구청,2026-04-17
연산2동-97,1,부산광역시 연제구 연수로87번길 17,부산광역시 연제구 연산동 824-10,35.17630203,129.0805218,1996,한전주,051-665-4671,부산광역시 연제구청,2026-04-17
연산6동-308,1,부산광역시 연제구 월드컵대로 2-13,부산광역시 연제구 연산동 1918-2,35.17555288,129.0866707,,건축물,051-665-4671,부산광역시 연제구청,2026-04-17
연산2동-108,1,부산광역시 연제구 중앙천로19번길 13-2,부산광역시 연제구 연산동 822-75,35.17637243,129.0827294,1997,한전주,051-665-4671,부산광역시 연제구청,2026-04-17
연산2동-405,1,부산광역시 연제구 황령산로 543번길 14,부산광역시 연제구 연산동 산 183-2,35.16792076,129.0823538,,한전주,051-665-4671,부산광역시 연제구청,2026-04-17
연산2동-460,1,부산광역시 연제구 황령산로 545-9,부산광역시 연제구 연산동 산 183-2,35.1684535,129.0822511,2000,전용주,051-665-4671,부산광역시 연제구청,2026-04-17
연산2동-458,1,부산광역시 연제구 황령산로543번길 4,부산광역시 연제구 연산동 산 183-2,35.1681983,129.082566,1996,한전주,051-665-4671,부산광역시 연제구청,2026-04-17
연산2동-457,1,부산광역시 연제구 황령산로543번길 6-10,부산광역시 연제구 연산동 산 183-2,35.16815618,129.0822361,,건축물,051-665-4671,부산광역시 연제구청,2026-04-17
연산2동-349,1,부산광역시 연제구 양연로39번길 2,부산광역시 연제구 연산동 2030-9,35.18406598,129.0801856,,건축물,051-665-4671,부산광역시 연제구청,2026-04-17
연산2동-348,1,부산광역시 연제구 양연로 37-2,부산광역시 연제구 연산동 2029-20,35.17495412,129.0790439,1998,한전주,051-665-4671,부산광역시 연제구청,2026-04-17
연산6동-197,1,부산광역시 연제구 물만로23번길 54,부산광역시 연제구 연산동 산176-28,35.17275532,129.0860296,1997,한전주,051-665-4671,부산광역시 연제구청,2026-04-17
연산6동-207,1,부산광역시 연제구 물만로23번길 54,부산광역시 연제구 연산동 산176-28,35.17275532,129.0860296,,한전주,051-665-4671,부산광역시 연제구청,2026-04-17
연산2동-9,1,부산광역시 연제구 중앙천로4번길 13-1,부산광역시 연제구 연산동 784-3,35.17576771,129.0848292,,한전주,051-665-4671,부산광역시 연제구청,2026-04-17
연산6동-304,1,부산광역시 연제구 연수로149번길 17,부산광역시 연제구 연산동 1920-3,35.17553061,129.0871424,1996,한전주,051-665-4671,부산광역시 연제구청,2026-04-17
연산6동-321,1,부산광역시 연제구 월드컵대로20번길 18,부산광역시 연제구 연산동 670-29,35.17646001,129.0870341,,건축물,051-665-4671,부산광역시 연제구청,2026-04-17
연산2동-155,1,부산광역시 연제구 월드컵대로3번길 67,부산광역시 연제구 연산동 776-1,35.17748261,129.0845776,,한전주,051-665-4671,부산광역시 연제구청,2026-04-17
연산2동-154,1,부산광역시 연제구 월드컵대로35번길 15,부산광역시 연제구 연산동 776-2,35.17747527,129.0843908,,건축물,051-665-4671,부산광역시 연제구청,2026-04-17
연산2동-153,1,부산광역시 연제구 월드컵대로35번길 21,부산광역시 연제구 연산동 776-43,35.1773974,129.0840275,,한전주,051-665-4671,부산광역시 연제구청,2026-04-17
연산2동-141,1,부산광역시 연제구 중앙천로37번가길 3,부산광역시 연제구 연산동 804-17,35.17765618,129.0823073,1996,한전주,051-665-4671,부산광역시 연제구청,2026-04-17
연산2동-129,1,부산광역시 연제구 중앙천로37번길 19,부산광역시 연제구 연산동 798-18,35.17727528,129.0825657,1996,한전주,051-665-4671,부산광역시 연제구청,2026-04-17
연산2동-133,1,부산광역시 연제구 중앙천로25번길 20,부산광역시 연제구 연산동 804-60,35.17731555,129.0820942,1996,한전주,051-665-4671,부산광역시 연제구청,2026-04-17
연산2동-135,1,부산광역시 연제구 중앙천로25번길 26-1,부산광역시 연제구 연산동 804-49,35.17740735,129.0819088,1996,건축물,051-665-4671,부산광역시 연제구청,2026-04-17
연산2동-136,1,부산광역시 연제구 중앙천로25번길 25,부산광역시 연제구 연산동 808-59,35.17719271,129.0817193,1996,건축물,051-665-4671,부산광역시 연제구청,2026-04-17
연산2동-138,1,부산광역시 연제구 중앙천로25번길 31,부산광역시 연제구 연산동 808-54,35.17723161,129.0814015,1996,건축물,051-665-4671,부산광역시 연제구청,2026-04-17
연산2동-137,1,부산광역시 연제구 중앙천로25번길 30,부산광역시 연제구 연산동 804-43,35.17737425,129.081579,1999,건축물,051-665-4671,부산광역시 연제구청,2026-04-17
연산2동-139,1,부산광역시 연제구 중앙천로25번길 34,부산광역시 연제구 연산동 804-32,35.17741236,129.081349,,한전주,051-665-4671,부산광역시 연제구청,2026-04-17
연산2동-140,1,부산광역시 연제구 중앙천로25번길 37-1,부산광역시 연제구 연산동 808-28,35.1771889,129.0811374,2000,건축물,051-665-4671,부산광역시 연제구청,2026-04-17
연산2동-91,1,부산광역시 연제구 중앙천로25번길 50-1,부산광역시 연제구 연산동 806-11,35.17748379,129.0804167,,한전주,051-665-4671,부산광역시 연제구청,2026-04-17
연산2동-477,1,부산광역시 연제구 연수로115번길 16,부산광역시 연제구 연산동 1970-13,35.17577168,129.0833801,,건축물,051-665-4671,부산광역시 연제구청,2026-04-17
연산2동-126,1,부산광역시 연제구 중앙천로 9-5,부산광역시 연제구 연산동 1970-8,35.17588738,129.0835463,,건축물,051-665-4671,부산광역시 연제구청,2026-04-17
연산2동-125,1,부산광역시 연제구 연수로117번길 14,부산광역시 연제구 연산동 1971-4,35.17573141,129.0838517,,한전주,051-665-4671,부산광역시 연제구청,2026-04-17
연산2동-504,1,부산광역시 연제구 중앙천로 21,부산광역시 연제구 연산동 811-26,35.17688085,129.083329,,전용주,051-665-4671,부산광역시 연제구청,2026-04-17
연산2동-31,1,부산광역시 연제구 중앙천로20번길 8,부산광역시 연제구 연산동 777-3,35.17678587,129.0840584,,한전주,051-665-4671,부산광역시 연제구청,2026-04-17
연산2동-29,1,부산광역시 연제구 중앙천로20번길 18,부산광역시 연제구 연산동 777-37,35.17700473,129.0845932,,한전주,051-665-4671,부산광역시 연제구청,2026-04-17
연산2동-98,1,부산광역시 연제구 연수로111번길 17,부산광역시 연제구 연산동 822-17,35.17607157,129.0831097,1996,한전주,051-665-4671,부산광역시 연제구청,2026-04-17
연산2동-118,1,부산광역시 연제구 연수로 105-6,부산광역시 연제구 연산동 822-50,35.17592228,129.0826685,,한전주,051-665-4671,부산광역시 연제구청,2026-04-17
연산2동-119,1,부산광역시 연제구 연수로 105-4,부산광역시 연제구 연산동 822-56,35.17575133,129.0826333,,한전주,051-665-4671,부산광역시 연제구청,2026-04-17
연산2동-234,1,부산광역시 연제구 연수로82번길 12,부산광역시 연제구 연산동 856-1,35.1748494,129.0796683,,건축물,051-665-4671,부산광역시 연제구청,2026-04-17
연산2동-232,1,부산광역시 연제구 연수로82번길 12-3,부산광역시 연제구 연산동 856-11,35.1747529,129.0793706,,한전주,051-665-4671,부산광역시 연제구청,2026-04-17
연산2동-236,1,부산광역시 연제구 연수로82번길 17,부산광역시 연제구 연산동 844-44,35.17468452,129.0799625,,한전주,051-665-4671,부산광역시 연제구청,2026-04-17
연산2동-99,1,부산광역시 연제구 연수로87번길 3,부산광역시 연제구 연산동 824-20,35.17568994,129.0804259,1997,한전주,051-665-4671,부산광역시 연제구청,2026-04-17
연산2동-26,1,부산광역시 연제구 월드컵대로3번길 24,부산광역시 연제구 연산동 787-3,35.17579687,129.0856026,1997,한전주,051-665-4671,부산광역시 연제구청,2026-04-17
연산6동-256,1,부산광역시 연제구 연수로148번길 92-4,부산광역시 연제구 연산동 2003-19,35.17369147,129.0861738,,건축물,051-665-4671,부산광역시 연제구청,2026-04-17
연산2동-113,1,부산광역시 연제구 연수로111번길 3,부산광역시 연제구 연산동 822-37,35.17544136,129.0830244,1997,건축물,051-665-4671,부산광역시 연제구청,2026-04-17
연산6동-324,1,부산광역시 연제구 월드컵대로10번길 13,부산광역시 연제구 연산동 670-33,35.17593727,129.0870271,1997,한전주,051-665-4671,부산광역시 연제구청,2026-04-17
연산6동-325,1,부산광역시 연제구 월드컵대로10번길 15,부산광역시 연제구 연산동 670-9,35.17593589,129.0871808,,건축물,051-665-4671,부산광역시 연제구청,2026-04-17
연산6동-323,1,부산광역시 연제구 월드컵대로10번길 13,부산광역시 연제구 연산동 670-31,35.17593727,129.0870271,,건축물,051-665-4671,부산광역시 연제구청,2026-04-17
연산6동-294,1,부산광역시 연제구 월드컵대로10번길 22,부산광역시 연제구 연산동 1925-1,35.17594155,129.0875541,,건축물,051-665-4671,부산광역시 연제구청,2026-04-17
연산6동-327,1,부산광역시 연제구 대리로22번길 121,부산광역시 연제구 연산동 669-8,35.17610388,129.0875453,,한전주,051-665-4671,부산광역시 연제구청,2026-04-17
연산6동-341,1,부산광역시 연제구 월드컵대로10번길 25,부산광역시 연제구 연산동 669-26,35.17619292,129.0876673,,한전주,051-665-4671,부산광역시 연제구청,2026-04-17
연산2동-151,1,부산광역시 연제구 월드컵대로35번길 32,부산광역시 연제구 연산동 774-37,35.17743856,129.0834572,,한전주,051-665-4671,부산광역시 연제구청,2026-04-17
연산2동-132,1,부산광역시 연제구 중앙천로25번길 5,부산광역시 연제구 연산동 811-7,35.17715115,129.0828374,1997,전용주,051-665-4671,부산광역시 연제구청,2026-04-17
연산2동-109,1,부산광역시 연제구 연수로111번길 28,부산광역시 연제구 연산동 813-2,35.1764836,129.0834006,,한전주,051-665-4671,부산광역시 연제구청,2026-04-17
연산2동-107,1,부산광역시 연제구 중앙천로19번길 13,부산광역시 연제구 연산동 822-73,35.1764895,129.0827419,1997,한전주,051-665-4671,부산광역시 연제구청,2026-04-17
연산2동-239,1,부산광역시 연제구 중앙천로 21-3,부산광역시 연제구 연산동 811-29,35.17692955,129.0829234,,전용주,051-665-4671,부산광역시 연제구청,2026-04-17
연산2동-110,1,부산광역시 연제구 연수로111번길 23,부산광역시 연제구 연산동 822-65,35.17635047,129.0831683,,한전주,051-665-4671,부산광역시 연제구청,2026-04-17
연산2동-111,1,부산광역시 연제구 연수로111번길 15,부산광역시 연제구 연산동 822-18,35.17598154,129.0830975,,한전주,051-665-4671,부산광역시 연제구청,2026-04-17
연산2동-116,1,부산광역시 연제구 연수로 109-14,부산광역시 연제구 연산동 822-27,35.17588357,129.0829644,,건축물,051-665-4671,부산광역시 연제구청,2026-04-17
연산2동-115,1,부산광역시 연제구 연수로 109-10,부산광역시 연제구 연산동 822-31,35.17571263,129.0829292,,건축물,051-665-4671,부산광역시 연제구청,2026-04-17
연산2동-112,1,부산광역시 연제구 연수로111번길 9,부산광역시 연제구 연산동 822-32,35.17563053,129.0830379,,한전주,051-665-4671,부산광역시 연제구청,2026-04-17
연산6동-314,1,부산광역시 연제구 월드컵대로20번길 5,부산광역시 연제구 연산동 684-15,35.17657477,129.0863001,,한전주,051-665-4671,부산광역시 연제구청,2026-04-17
연산6동-316,1,부산광역시 연제구 월드컵대로20번길 3,부산광역시 연제구 연산동 684-29,35.17654872,129.0861899,1996,한전주,051-665-4671,부산광역시 연제구청,2026-04-17
연산6동-315,1,부산광역시 연제구 월드컵대로20번길 5,부산광역시 연제구 연산동 684-15,35.17657477,129.0863001,,한전주,051-665-4671,부산광역시 연제구청,2026-04-17
연산6동-313,1,부산광역시 연제구 월드컵대로20번길 10,부산광역시 연제구 연산동 670-4,35.17645524,129.0865619,,건축물,051-665-4671,부산광역시 연제구청,2026-04-17
연산6동-336,1,부산광역시 연제구 쌍미천로47번길 55,부산광역시 연제구 연산동 671-26,35.17700709,129.0863388,,건축물,051-665-4671,부산광역시 연제구청,2026-04-17
연산6동-441,1,부산광역시 연제구 대리로6번길 94,부산광역시 연제구 연산동 684-6,35.17711742,129.0860987,,건축물,051-665-4671,부산광역시 연제구청,2026-04-17
연산2동-23,1,부산광역시 연제구 월드컵대로3번길 53,부산광역시 연제구 연산동 777-40,35.17693115,129.0847569,,한전주,051-665-4671,부산광역시 연제구청,2026-04-17
연산2동-16,1,부산광역시 연제구 월드컵대로19번길 25,부산광역시 연제구 연산동 784-6,35.17588832,129.0844466,,건축물,051-665-4671,부산광역시 연제구청,2026-04-17
연산2동-10,1,부산광역시 연제구 중앙천로4번길 17,부산광역시 연제구 연산동 784-25,35.17574683,129.0851473,,건축물,051-665-4671,부산광역시 연제구청,2026-04-17
연산2동-22,1,부산광역시 연제구 월드컵대로3번길 39,부산광역시 연제구 연산동 778-46,35.17634305,129.0850015,,건축물,051-665-4671,부산광역시 연제구청,2026-04-17
연산2동-21,1,부산광역시 연제구 월드컵대로3번길 41,부산광역시 연제구 연산동 778-17,35.17647002,129.0849154,1998,건축물,051-665-4671,부산광역시 연제구청,2026-04-17
연산2동-30,1,부산광역시 연제구 중앙천로14번길 17-1,부산광역시 연제구 연산동 777-48,35.17679665,129.0846782,,건축물,051-665-4671,부산광역시 연제구청,2026-04-17
연산2동-18,1,부산광역시 연제구 중앙천로14번길 11,부산광역시 연제구 연산동 777-7,35.17660063,129.0844231,,한전주,051-665-4671,부산광역시 연제구청,2026-04-17
연산2동-17,1,부산광역시 연제구 중앙천로14번길 5,부산광역시 연제구 연산동 777-62,35.17652217,129.0841256,1996,한전주,051-665-4671,부산광역시 연제구청,2026-04-17
연산2동-25,1,부산광역시 연제구 월드컵대로19번길 6,부산광역시 연제구 연산동 775-18,35.17632178,129.0853635,1997,한전주,051-665-4671,부산광역시 연제구청,2026-04-17
연산6동-309,1,부산광역시 연제구 월드컵대로10번길 5,부산광역시 연제구 연산동 683-18,35.17584178,129.0866196,,한전주,051-665-4671,부산광역시 연제구청,2026-04-17
연산5동-237,1,부산광역시 연제구 중앙대로1056번길 19-5,부산광역시 연제구 연산동 704-13,35.1825436,129.0801174,,건축물,051-665-4671,부산광역시 연제구청,2026-04-17
연산5동-207,1,부산광역시 연제구 중앙대로1050번길 2,부산광역시 연제구 연산동 1332-10,35.18176037,129.0789583,,한전주,051-665-4671,부산광역시 연제구청,2026-04-17
연산5동-208,1,부산광역시 연제구 중앙대로1050번길 10,부산광역시 연제구 연산동 1310-32,35.18170306,129.0793198,,한전주,051-665-4671,부산광역시 연제구청,2026-04-17
연산5동-209,1,부산광역시 연제구 중앙대로1048번길 17,부산광역시 연제구 연산동 1310-30,35.18164516,129.0797473,,한전주,051-665-4671,부산광역시 연제구청,2026-04-17
연산5동-210,1,부산광역시 연제구 중앙대로1048번길 23,부산광역시 연제구 연산동 1310-28,35.18160341,129.0800321,,한전주,051-665-4671,부산광역시 연제구청,2026-04-17
연산5동-206,1,부산광역시 연제구 중앙천로 92,부산광역시 연제구 연산동 1327-12,35.18162625,129.0788358,,건축물,051-665-4671,부산광역시 연제구청,2026-04-17
거제4동-156,1,부산광역시 연제구 해맞이로77번길 7,부산광역시 연제구 거제동 676-32,35.18118765,129.0683341,,한전주,051-665-4671,부산광역시 연제구청,2026-04-17
거제4동-96,1,부산광역시 연제구 해맞이로 83,부산광역시 연제구 거제동 649-65,35.18168887,129.0687359,,한전주,051-665-4671,부산광역시 연제구청,2026-04-17
거제4동-95,1,부산광역시 연제구 해맞이로 85,부산광역시 연제구 거제동 649-85,35.18194017,129.0688599,,한전주,051-665-4671,부산광역시 연제구청,2026-04-17
거제4동-94,1,부산광역시 연제구 해맞이로89번길 6,부산광역시 연제구 거제동 649-38,35.18226511,129.0688093,1997,한전주,051-665-4671,부산광역시 연제구청,2026-04-17
거제4동-178,1,부산광역시 연제구 해맞이로89번길 15,부산광역시 연제구 거제동 649-63,35.18186206,129.0685186,,한전주,051-665-4671,부산광역시 연제구청,2026-04-17
거제4동-186,1,부산광역시 연제구 해맞이로89번길 14-1,부산광역시 연제구 거제동 649-36,35.18224128,129.0684467,1996,한전주,051-665-4671,부산광역시 연제구청,2026-04-17
연산2동-283,1,부산광역시 연제구 중앙대로 1030-1,부산광역시 연제구 연산동 1328-15,35.18045026,129.0777603,1997,건축물,051-665-4671,부산광역시 연제구청,2026-04-17
연산5동-202,1,부산광역시 연제구 중앙대로1048번길 31,부산광역시 연제구 연산동 1320-92,35.18148518,129.0804971,,건축물,051-665-4671,부산광역시 연제구청,2026-04-17
연산2동-39,1,부산광역시 연제구 중앙대로1038번길 31,부산광역시 연제구 연산동 1597-11,35.18007438,129.0789967,1996,한전주,051-665-4671,부산광역시 연제구청,2026-04-17
연산2동-40,1,부산광역시 연제구 중앙대로1038번길 39,부산광역시 연제구 연산동 1598-7,35.1799726,129.0792969,,한전주,051-665-4671,부산광역시 연제구청,2026-04-17
연산9동-191,1,부산광역시 연제구 과정로93번길 28,부산광역시 연제구 연산동 57-67,35.18037714,129.1063541,,건축물,051-665-4671,부산광역시 연제구청,2026-04-17
연산5동-246,1,부산광역시 연제구 월드컵대로91번가길 20,부산광역시 연제구 연산동 712-5,35.182793,129.0814203,1997,한전주,051-665-4671,부산광역시 연제구청,2026-04-17
연산5동-245,1,부산광역시 연제구 월드컵대로111번길 38,부산광역시 연제구 연산동 706-7,35.18293016,129.0812026,,한전주,051-665-4671,부산광역시 연제구청,2026-04-17
연산5동-244,1,부산광역시 연제구 월드컵대로91번가길 35,부산광역시 연제구 연산동 705-20,35.18301628,129.0806438,,한전주,051-665-4671,부산광역시 연제구청,2026-04-17
연산5동-240,1,부산광역시 연제구 중앙대로1066번길 19,부산광역시 연제구 연산동 705-25,35.18275706,129.0804003,,한전주,051-665-4671,부산광역시 연제구청,2026-04-17
연산5동-248,1,부산광역시 연제구 월드컵대로91번가길 13,부산광역시 연제구 연산동 715-2,35.18244895,129.0815914,,건축물,051-665-4671,부산광역시 연제구청,2026-04-17
연산5동-247,1,부산광역시 연제구 월드컵대로91번가길 12,부산광역시 연제구 연산동 712-26,35.18256385,129.0818455,,한전주,051-665-4671,부산광역시 연제구청,2026-04-17
연산2동-74,1,부산광역시 연제구 중앙천로 65-3,부산광역시 연제구 연산동 1646-1,35.1800301,129.0809335,1997,건축물,051-665-4671,부산광역시 연제구청,2026-04-17
연산2동-77,1,부산광역시 연제구 중앙대로1038번길 61,부산광역시 연제구 연산동 1642-8,35.17933161,129.0804193,,한전주,051-665-4671,부산광역시 연제구청,2026-04-17
연산2동-70,1,부산광역시 연제구 중앙대로1038번길 62,부산광역시 연제구 연산동 1642-11,35.17918838,129.0803076,,한전주,051-665-4671,부산광역시 연제구청,2026-04-17
연산2동-206,1,부산광역시 연제구 중앙천로 64,부산광역시 연제구 연산동 1262-19,35.18032834,129.0812017,,한전주,051-665-4671,부산광역시 연제구청,2026-04-17
연산2동-81,1,부산광역시 연제구 중앙천로 49-5,부산광역시 연제구 연산동 790-6,35.1792301,129.0816914,,한전주,051-665-4671,부산광역시 연제구청,2026-04-17
연산2동-82,1,부산광역시 연제구 중앙천로 49,부산광역시 연제구 연산동 790-1,35.17917367,129.0819542,,한전주,051-665-4671,부산광역시 연제구청,2026-04-17
연산5동-242,1,부산광역시 연제구 중앙대로1066번길 8,부산광역시 연제구 연산동 704-3,35.18281692,129.0797518,,한전주,051-665-4671,부산광역시 연제구청,2026-04-17
연산5동-233,1,부산광역시 연제구 중앙대로 1058,부산광역시 연제구 연산동 1332-3,35.1825246,129.079177,,건축물,051-665-4671,부산광역시 연제구청,2026-04-17
연산5동-234,1,부산광역시 연제구 중앙대로1056번길 5,부산광역시 연제구 연산동 1332-2,35.18252322,129.0793307,,한전주,051-665-4671,부산광역시 연제구청,2026-04-17
연산5동-236,1,부산광역시 연제구 중앙대로1056번길 13,부산광역시 연제구 연산동 1310-4,35.182457,129.0796812,,전용주,051-665-4671,부산광역시 연제구청,2026-04-17
연산9동-189,1,부산광역시 연제구 과정로93번길 18,부산광역시 연제구 연산동 57-64,35.18011437,129.1065043,,한전주,051-665-4671,부산광역시 연제구청,2026-04-17
연산5동-227,1,부산광역시 연제구 월드컵대로91번길 34-4,부산광역시 연제구 연산동 716-19,35.18192895,129.0812771,,건축물,051-665-4671,부산광역시 연제구청,2026-04-17
연산2동-211,1,부산광역시 연제구 중앙천로80번길 20,부산광역시 연제구 연산동 1320-14,35.18086995,129.080758,,한전주,051-665-4671,부산광역시 연제구청,2026-04-17
연산2동-209,1,부산광역시 연제구 중앙천로70번길 3,부산광역시 연제구 연산동 1262-13,35.18063337,129.0810074,1996,한전주,051-665-4671,부산광역시 연제구청,2026-04-17
연산2동-203,1,부산광역시 연제구 중앙천로76번길 25,부산광역시 연제구 연산동 1261-16,35.18076434,129.0814812,,한전주,051-665-4671,부산광역시 연제구청,2026-04-17
연산2동-204,1,부산광역시 연제구 중앙천로80번길 40,부산광역시 연제구 연산동 1261-14,35.18070702,129.0818428,,한전주,051-665-4671,부산광역시 연제구청,2026-04-17
연산2동-215,1,부산광역시 연제구 중앙천로80번길 18,부산광역시 연제구 연산동 1320-15,35.18088935,129.0806046,,건축물,051-665-4671,부산광역시 연제구청,2026-04-17
연산5동-204,1,부산광역시 연제구 중앙대로1048번길 17,부산광역시 연제구 연산동 1310-30,35.18164516,129.0797473,,건축물,051-665-4671,부산광역시 연제구청,2026-04-17
연산5동-205,1,부산광역시 연제구 월드컵대로73번길 84,부산광역시 연제구 연산동 1310-35,35.18151418,129.0792734,,한전주,051-665-4671,부산광역시 연제구청,2026-04-17
연산2동-216,1,부산광역시 연제구 중앙천로76번길 1,부산광역시 연제구 연산동 1320-17,35.18091953,129.0802537,1997,한전주,051-665-4671,부산광역시 연제구청,2026-04-17
연산2동-60,1,부산광역시 연제구 중앙천로 81-4,부산광역시 연제구 연산동 1310-74,35.18087319,129.0793857,,건축물,051-665-4671,부산광역시 연제구청,2026-04-17
연산2동-50,1,부산광역시 연제구 중앙천로 83-9,부산광역시 연제구 연산동 1306-23,35.18082117,129.0791545,,건축물,051-665-4671,부산광역시 연제구청,2026-04-17
연산5동-262,1,부산광역시 연제구 중앙대로1076번길 36,부산광역시 연제구 연산동 712-6,35.18299706,129.0817853,1996,한전주,051-665-4671,부산광역시 연제구청,2026-04-17
연산5동-261,1,부산광역시 연제구 중앙대로1076번길 46,부산광역시 연제구 연산동 712-18,35.18278613,129.0821888,,한전주,051-665-4671,부산광역시 연제구청,2026-04-17
연산5동-260,1,부산광역시 연제구 중앙대로1076번길 46-1,부산광역시 연제구 연산동 712-19,35.18271472,129.082111,,건축물,051-665-4671,부산광역시 연제구청,2026-04-17
연산5동-258,1,부산광역시 연제구 중앙대로1076번길 51,부산광역시 연제구 연산동 711-26,35.18274595,129.0826494,,건축물,051-665-4671,부산광역시 연제구청,2026-04-17
연산5동-259,1,부산광역시 연제구 중앙대로1076번길 50-2,부산광역시 연제구 연산동 712-47,35.18246069,129.0822942,,건축물,051-665-4671,부산광역시 연제구청,2026-04-17
연산9동-236,1,부산광역시 연제구 토곡남로20번길 14,부산광역시 연제구 연산동 39,35.18188811,129.1047497,1996,한전주,051-665-4671,부산광역시 연제구청,2026-04-17
연산2동-36,1,부산광역시 연제구 중앙대로1038번길 13,부산광역시 연제구 연산동 1594-38,35.18054951,129.0782835,,한전주,051-665-4671,부산광역시 연제구청,2026-04-17
연산2동-280,1,부산광역시 연제구 연제로42번길 49,부산광역시 연제구 연산동 1594-39,35.18026365,129.0779943,,한전주,051-665-4671,부산광역시 연제구청,2026-04-17
연산2동-281,1,부산광역시 연제구 연제로42번길 45,부산광역시 연제구 연산동 1594-8,35.18008447,129.0778712,,한전주,051-665-4671,부산광역시 연제구청,2026-04-17
연산2동-282,1,부산광역시 연제구 연제로42번길 41,부산광역시 연제구 연산동 1445-6,35.17991459,129.0777152,1997,한전주,051-665-4671,부산광역시 연제구청,2026-04-17
연산5동-304,1,부산광역시 연제구 거제천로118번길 61-2,부산광역시 연제구 연산동 1481-42,35.18301363,129.0779099,,건축물,051-665-4671,부산광역시 연제구청,2026-04-17
연산5동-128,1,부산광역시 연제구 거제천로118번길 64,부산광역시 연제구 연산동 1492-10,35.18270243,129.0778068,,건축물,051-665-4671,부산광역시 연제구청,2026-04-17
연산5동-250,1,부산광역시 연제구 월드컵대로91번가길 6,부산광역시 연제구 연산동 712-15,35.18244472,129.0820635,1997,한전주,051-665-4671,부산광역시 연제구청,2026-04-17
연산5동-253,1,부산광역시 연제구 월드컵대로91번길 7,부산광역시 연제구 연산동 717-26,35.1822667,129.0828187,,건축물,051-665-4671,부산광역시 연제구청,2026-04-17
연산5동-252,1,부산광역시 연제구 월드컵대로91번길 15-1,부산광역시 연제구 연산동 717-58,35.18210771,129.0824542,,건축물,051-665-4671,부산광역시 연제구청,2026-04-17
연산5동-251,1,부산광역시 연제구 월드컵대로91번길 16,부산광역시 연제구 연산동 712-17,35.18233431,129.0823145,1999,건축물,051-665-4671,부산광역시 연제구청,2026-04-17
연산5동-218,1,부산광역시 연제구 월드컵대로91번길 20,부산광역시 연제구 연산동 715-7,35.18218306,129.0820929,,한전주,051-665-4671,부산광역시 연제구청,2026-04-17
연산5동-216,1,부산광역시 연제구 월드컵대로91번길 26,부산광역시 연제구 연산동 715-10,35.1820223,129.0819261,,한전주,051-665-4671,부산광역시 연제구청,2026-04-17
연산5동-217,1,부산광역시 연제구 월드컵대로91번길 27,부산광역시 연제구 연산동 717-71,35.18183215,129.0820224,,건축물,051-665-4671,부산광역시 연제구청,2026-04-17
연산5동-220,1,부산광역시 연제구 중앙대로1066번길 50,부산광역시 연제구 연산동 716-4,35.18182589,129.0817149,,한전주,051-665-4671,부산광역시 연제구청,2026-04-17
연산5동-221,1,부산광역시 연제구 중앙대로1066번길 42,부산광역시 연제구 연산동 716-18,35.18201839,129.0813552,,한전주,051-665-4671,부산광역시 연제구청,2026-04-17
연산5동-215,1,부산광역시 연제구 월드컵대로91번길 37,부산광역시 연제구 연산동 1268-16,35.18151955,129.0816999,1996,한전주,051-665-4671,부산광역시 연제구청,2026-04-17
연산9동-208,1,부산광역시 연제구 토곡남로20번가길 1,부산광역시 연제구 연산동 55-5,35.18163304,129.1050427,,한전주,051-665-4671,부산광역시 연제구청,2026-04-17
거제4동-180,1,부산광역시 연제구 해맞이로89번길 29,부산광역시 연제구 거제동 649-59,35.18179645,129.0677821,,한전주,051-665-4671,부산광역시 연제구청,2026-04-17
거제4동-172,1,부산광역시 연제구 해맞이로89번길 35,부산광역시 연제구 거제동 649-57,35.18174557,129.0674191,,한전주,051-665-4671,부산광역시 연제구청,2026-04-17
거제4동-171,1,부산광역시 연제구 해맞이로89번길 45,부산광역시 연제구 거제동 649-117,35.18163383,129.0668028,,한전주,051-665-4671,부산광역시 연제구청,2026-04-17
거제4동-170,1,부산광역시 연제구 해맞이로89번길 50-8,부산광역시 연제구 거제동 649-106,35.18195253,129.0663162,,한전주,051-665-4671,부산광역시 연제구청,2026-04-17
거제4동-169,1,부산광역시 연제구 해맞이로89번길 48,부산광역시 연제구 거제동 649-52,35.18179761,129.0666293,,한전주,051-665-4671,부산광역시 연제구청,2026-04-17
거제4동-165,1,부산광역시 연제구 해맞이로89번길 58,부산광역시 연제구 거제동 681-14,35.18173916,129.0661016,,한전주,051-665-4671,부산광역시 연제구청,2026-04-17
연산5동-195,1,부산광역시 연제구 월드컵대로79번길 20,부산광역시 연제구 연산동 717-23,35.1812416,129.0825416,,한전주,051-665-4671,부산광역시 연제구청,2026-04-17
연산5동-196,1,부산광역시 연제구 중앙대로1048번길 63,부산광역시 연제구 연산동 1268-11,35.18123485,129.0822889,,건축물,051-665-4671,부산광역시 연제구청,2026-04-17
연산5동-197,1,부산광역시 연제구 중앙대로1048번길 57,부산광역시 연제구 연산동 1268-4,35.18133694,129.0819609,,한전주,051-665-4671,부산광역시 연제구청,2026-04-17
연산5동-201,1,부산광역시 연제구 중앙대로1048번길 42,부산광역시 연제구 연산동 1297-22,35.18125486,129.0810596,,한전주,051-665-4671,부산광역시 연제구청,2026-04-17
연산5동-212,1,부산광역시 연제구 중앙대로1048번길 35,부산광역시 연제구 연산동 1297-18,35.18149213,129.0807333,,한전주,051-665-4671,부산광역시 연제구청,2026-04-17
연산5동-213,1,부산광역시 연제구 중앙대로1048번길 37,부산광역시 연제구 연산동 1297-17,35.18147273,129.0808868,,한전주,051-665-4671,부산광역시 연제구청,2026-04-17
연산5동-199,1,부산광역시 연제구 중앙대로1048번길 55,부산광역시 연제구 연산동 1268-5,35.18136515,129.0818296,,한전주,051-665-4671,부산광역시 연제구청,2026-04-17
연산5동-214,1,부산광역시 연제구 중앙대로1048번길 45,부산광역시 연제구 연산동 1297-15,35.18142443,129.0812485,,한전주,051-665-4671,부산광역시 연제구청,2026-04-17
연산5동-226,1,부산광역시 연제구 중앙대로1054번길 45,부산광역시 연제구 연산동 1297-32,35.18185842,129.0811005,,한전주,051-665-4671,부산광역시 연제구청,2026-04-17
연산5동-229,1,부산광역시 연제구 중앙대로1054번길 30,부산광역시 연제구 연산동 1305-8,35.18190386,129.0804765,,한전주,051-665-4671,부산광역시 연제구청,2026-04-17
연산9동-210,1,부산광역시 연제구 토곡남로 20,부산광역시 연제구 연산동 30-1,35.18147459,129.1049095,,한전주,051-665-4671,부산광역시 연제구청,2026-04-17
연산6동-218,1,부산광역시 연제구 마곡천로30번길 5,부산광역시 연제구 연산동 2018-4,35.17185526,129.0868849,,한전주,051-665-4671,부산광역시 연제구청,2026-04-17
연산6동-219,1,부산광역시 연제구 마곡천로30번길 14,부산광역시 연제구 연산동 2018-111,35.17158695,129.0866508,1997,한전주,051-665-4671,부산광역시 연제구청,2026-04-17
연산6동-221,1,부산광역시 연제구 마곡천로30번길 18,부산광역시 연제구 연산동 2018-112,35.17147087,129.0865285,,한전주,051-665-4671,부산광역시 연제구청,2026-04-17
연산6동-222,1,부산광역시 연제구 마곡천로30번길 30,부산광역시 연제구 연산동 2018-117,35.1708581,129.0865093,,한전주,051-665-4671,부산광역시 연제구청,2026-04-17
연산6동-230,1,부산광역시 연제구 마곡천로 34-1,부산광역시 연제구 연산동 2018-32,35.17154804,129.0869686,1997,한전주,051-665-4671,부산광역시 연제구청,2026-04-17
연산6동-229,1,부산광역시 연제구 마곡천로 38,부산광역시 연제구 연산동 2018-10,35.17116999,129.0869087,1997,한전주,051-665-4671,부산광역시 연제구청,2026-04-17
거제4동-148,1,부산광역시 연제구 해맞이로73번길 21,부산광역시 연제구 거제동 676-51,35.1806273,129.0674813,,한전주,051-665-4671,부산광역시 연제구청,2026-04-17
거제4동-147,1,부산광역시 연제구 해맞이로73번길 27,부산광역시 연제구 거제동 676-49,35.18051343,129.0671066,,한전주,051-665-4671,부산광역시 연제구청,2026-04-17
거제4동-162,1,부산광역시 연제구 해맞이로77번길 33,부산광역시 연제구 거제동 676-26,35.18098287,129.0670249,,한전주,051-665-4671,부산광역시 연제구청,2026-04-17
거제4동-163,1,부산광역시 연제구 해맞이로77번길 43,부산광역시 연제구 거제동 676-24,35.18088876,129.0664527,,한전주,051-665-4671,부산광역시 연제구청,2026-04-17
거제4동-164,1,부산광역시 연제구 해맞이로77번길 43-1,부산광역시 연제구 거제동 676-374,35.18079834,129.0664845,,건축물,051-665-4671,부산광역시 연제구청,2026-04-17
거제4동-101,1,부산광역시 연제구 해맞이로77번길 62,부산광역시 연제구 거제동 766-18,35.18087111,129.0653876,,건축물,051-665-4671,부산광역시 연제구청,2026-04-17
거제4동-97,1,부산광역시 연제구 화지로76번가길 9,부산광역시 연제구 거제동 765-11,35.18129162,129.0657444,,한전주,051-665-4671,부산광역시 연제구청,2026-04-17
거제4동-183,1,부산광역시 연제구 해맞이로89번길 28-1,부산광역시 연제구 거제동 649-32,35.18213971,129.0677059,,한전주,051-665-4671,부산광역시 연제구청,2026-04-17
거제4동-182,1,부산광역시 연제구 해맞이로89번길 36-2,부산광역시 연제구 거제동 649-30,35.18211587,129.0673361,1996,한전주,051-665-4671,부산광역시 연제구청,2026-04-17
거제4동-181,1,부산광역시 연제구 해맞이로89번길 42-1,부산광역시 연제구 거제동 649-28,35.18202002,129.0669616,,한전주,051-665-4671,부산광역시 연제구청,2026-04-17
연산9동-211,1,부산광역시 연제구 토곡남로 20,부산광역시 연제구 연산동 22-42,35.18147459,129.1049095,,건축물,051-665-4671,부산광역시 연제구청,2026-04-17
연산2동-438,1,부산광역시 연제구 황령산로521번길 41,부산광역시 연제구 연산동 산 183-2,35.16564749,129.0815442,1997,건축물,051-665-4671,부산광역시 연제구청,2026-04-17
연산2동-434,1,부산광역시 연제구 황령산로503번길 19,부산광역시 연제구 연산동 산 183-2,35.1653096,129.0820337,1997,전용주,051-665-4671,부산광역시 연제구청,2026-04-17
연산2동-433,1,부산광역시 연제구 황령산로503번길 9-7,부산광역시 연제구 연산동 산 183-2,35.16472632,129.0817406,,전용주,051-665-4671,부산광역시 연제구청,2026-04-17
연산2동-418,1,부산광역시 연제구 황령산로543번길 55,부산광역시 연제구 연산동 산 183-2,35.16653995,129.0815341,,한전주,051-665-4671,부산광역시 연제구청,2026-04-17
연산2동-417,1,부산광역시 연제구 황령산로503번길 25-7,부산광역시 연제구 연산동 산 183-2,35.1653145,129.081485,1997,한전주,051-665-4671,부산광역시 연제구청,2026-04-17
연산2동-416,1,부산광역시 연제구 황령산로524번길 43,부산광역시 연제구 연산동 산 183-2,35.16500157,129.0832151,,한전주,051-665-4671,부산광역시 연제구청,2026-04-17
연산6동-209,1,부산광역시 연제구 물만로23번길 47,부산광역시 연제구 연산동 2005-72,35.17301659,129.0860441,,건축물,051-665-4671,부산광역시 연제구청,2026-04-17
연산6동-240,1,부산광역시 연제구 연수로148번길 64,부산광역시 연제구 연산동 2005-7,35.17287519,129.0867338,,한전주,051-665-4671,부산광역시 연제구청,2026-04-17
연산6동-238,1,부산광역시 연제구 연수로148번길 59,부산광역시 연제구 연산동 2005-16,35.17263184,129.0867306,,한전주,051-665-4671,부산광역시 연제구청,2026-04-17
연산6동-201,1,부산광역시 연제구 마곡천로 26-8,부산광역시 연제구 연산동 2006-28,35.17230014,129.0865285,1997,건축물,051-665-4671,부산광역시 연제구청,2026-04-17
연산6동-217,1,부산광역시 연제구 마곡천로 28,부산광역시 연제구 연산동 2006-36,35.17210851,129.0867895,,한전주,051-665-4671,부산광역시 연제구청,2026-04-17
연산6동-239,1,부산광역시 연제구 연수로148번길 58-14,부산광역시 연제구 연산동 1941-153,35.17303515,129.0869884,,한전주,051-665-4671,부산광역시 연제구청,2026-04-17
연산6동-237,1,부산광역시 연제구 연수로148번길 8-45,부산광역시 연제구 연산동 1941-173,35.17288858,129.0872499,,한전주,051-665-4671,부산광역시 연제구청,2026-04-17
연산6동-234,1,부산광역시 연제구 연수로148번길 51,부산광역시 연제구 연산동 2006-12,35.17247537,129.0870907,,한전주,051-665-4671,부산광역시 연제구청,2026-04-17
연산6동-235,1,부산광역시 연제구 연수로148번길 48,부산광역시 연제구 연산동 1941-167,35.17268971,129.0873132,,한전주,051-665-4671,부산광역시 연제구청,2026-04-17
연산6동-236,1,부산광역시 연제구 연수로148번길 40,부산광역시 연제구 연산동 1941-179,35.17304061,129.0873837,,한전주,051-665-4671,부산광역시 연제구청,2026-04-17
연산9동-234,1,부산광역시 연제구 토곡남로 22-10,부산광역시 연제구 연산동 22-123,35.18167411,129.1044943,,한전주,051-665-4671,부산광역시 연제구청,2026-04-17
연산2동-421,1,부산광역시 연제구 황령산로498번길 18,부산광역시 연제구 연산동 산 181-1,35.16378054,129.082672,,건축물,051-665-4671,부산광역시 연제구청,2026-04-17
연산2동-482,1,부산광역시 연제구 황령산로524번가길 11,부산광역시 연제구 연산동 산 183-2,35.16470972,129.0835954,,한전주,051-665-4671,부산광역시 연제구청,2026-04-17
연산2동-425,1,부산광역시 연제구 황령산로524번길 43,부산광역시 연제구 연산동 산 183-2,35.16500157,129.0832151,,한전주,051-665-4671,부산광역시 연제구청,2026-04-17
연산2동-429,1,부산광역시 연제구 황령산로524번길 33,부산광역시 연제구 연산동 산 183-2,35.1653222,129.0836475,,한전주,051-665-4671,부산광역시 연제구청,2026-04-17
연산2동-430,1,부산광역시 연제구 황령산로516번길 9,부산광역시 연제구 연산동 산 181-1,35.16568644,129.0832352,,한전주,051-665-4671,부산광역시 연제구청,2026-04-17
연산2동-432,1,부산광역시 연제구 황령산로524번길 13-7,부산광역시 연제구 연산동 산 176-12,35.16622279,129.0837363,,한전주,051-665-4671,부산광역시 연제구청,2026-04-17
연산6동-228,1,부산광역시 연제구 마곡천로 44,부산광역시 연제구 연산동 2018-63,35.17075639,129.0867934,,한전주,051-665-4671,부산광역시 연제구청,2026-04-17
연산6동-223,1,부산광역시 연제구 마곡천로30번길 26,부산광역시 연제구 연산동 2018-115,35.17105608,129.0865449,,한전주,051-665-4671,부산광역시 연제구청,2026-04-17
연산2동-481,1,부산광역시 연제구 황령산로 542-10,부산광역시 연제구 연산동 산 176-12,35.16851942,129.0829435,,한전주,051-665-4671,부산광역시 연제구청,2026-04-17
연산6동-225,1,부산광역시 연제구 마곡천로30번길 45,부산광역시 연제구 연산동 2018-55,35.17010944,129.0865652,,한전주,051-665-4671,부산광역시 연제구청,2026-04-17
연산6동-224,1,부산광역시 연제구 마곡천로30번길 34,부산광역시 연제구 연산동 2018-118,35.17071488,129.0863976,,한전주,051-665-4671,부산광역시 연제구청,2026-04-17
연산6동-226,1,부산광역시 연제구 마곡천로 52,부산광역시 연제구 연산동 2018-54,35.17009004,129.0867186,,한전주,051-665-4671,부산광역시 연제구청,2026-04-17
연산6동-227,1,부산광역시 연제구 마곡천로 48,부산광역시 연제구 연산동 2018-72,35.17027901,129.0867541,1997,한전주,051-665-4671,부산광역시 연제구청,2026-04-17
연산2동-445,1,부산광역시 연제구 황령산로521번길 29,부산광역시 연제구 연산동 산 183-2,35.16601358,129.0819333,1996,한전주,051-665-4671,부산광역시 연제구청,2026-04-17
연산2동-415,1,부산광역시 연제구 황령산로498번길 1,부산광역시 연제구 연산동 산 181-1,35.16444827,129.0825931,,한전주,051-665-4671,부산광역시 연제구청,2026-04-17
연산2동-435,1,부산광역시 연제구 황령산로503번길 25-3,부산광역시 연제구 연산동 산 183-2,35.16537553,129.0817163,1996,한전주,051-665-4671,부산광역시 연제구청,2026-04-17
연산9동-233,1,부산광역시 연제구 토곡남로37번길 22,부산광역시 연제구 연산동 22-48,35.18150607,129.1041407,1997,한전주,051-665-4671,부산광역시 연제구청,2026-04-17
거제3동-132,1,부산광역시 연제구 거제대로114번길 38,부산광역시 연제구 거제동 730-4,35.17787767,129.0705852,,한전주,051-665-4671,부산광역시 연제구청,2026-04-17
거제3동-151,1,부산광역시 연제구 거제대로 100,부산광역시 연제구 거제동 718-23,35.17757194,129.0684623,,한전주,051-665-4671,부산광역시 연제구청,2026-04-17
거제3동-152,1,부산광역시 연제구 거제대로96번길 13,부산광역시 연제구 거제동 727-2,35.17696382,129.0689374,,한전주,051-665-4671,부산광역시 연제구청,2026-04-17
거제3동-154,1,부산광역시 연제구 거제대로96번길 19,부산광역시 연제구 거제동 748-15,35.1768888,129.0692658,,한전주,051-665-4671,부산광역시 연제구청,2026-04-17
거제3동-155,1,부산광역시 연제구 거제대로74번길 47-1,부산광역시 연제구 거제동 748-8,35.17704251,129.0692129,2000,건축물,051-665-4671,부산광역시 연제구청,2026-04-17
거제3동-144,1,부산광역시 연제구 거제대로96번길 31-2,부산광역시 연제구 거제동 747-14,35.17687416,129.0699023,1997,건축물,051-665-4671,부산광역시 연제구청,2026-04-17
연산2동-414,1,부산광역시 연제구 황령산로 505,부산광역시 연제구 연산동 산 182,35.16505184,129.082634,,한전주,051-665-4671,부산광역시 연제구청,2026-04-17
연산2동-449,1,부산광역시 연제구 황령산로543번길 60,부산광역시 연제구 연산동 산 183-2,35.16660942,129.0808215,,한전주,051-665-4671,부산광역시 연제구청,2026-04-17
연산2동-447,1,부산광역시 연제구 황령산로521번가길 14,부산광역시 연제구 연산동 산 183-2,35.16643357,129.0813351,1998,전용주,051-665-4671,부산광역시 연제구청,2026-04-17
연산2동-446,1,부산광역시 연제구 황령산로521번길 26,부산광역시 연제구 연산동 산 183-2,35.16631992,129.0819483,1996,한전주,051-665-4671,부산광역시 연제구청,2026-04-17
연산2동-444,1,부산광역시 연제구 황령산로521번길 33,부산광역시 연제구 연산동 산 183-2,35.16595177,129.0817898,,건축물,051-665-4671,부산광역시 연제구청,2026-04-17
연산2동-436,1,부산광역시 연제구 황령산로503번길 27,부산광역시 연제구 연산동 산 183-2,35.16560348,129.0818949,,한전주,051-665-4671,부산광역시 연제구청,2026-04-17
연산2동-443,1,부산광역시 연제구 황령산로509번길 21,부산광역시 연제구 연산동 산 183-2,35.16589327,129.082283,,한전주,051-665-4671,부산광역시 연제구청,2026-04-17
연산2동-441,1,부산광역시 연제구 황령산로521번길 12,부산광역시 연제구 연산동 산 183-2,35.16660401,129.0824351,1997,한전주,051-665-4671,부산광역시 연제구청,2026-04-17
연산2동-455,1,부산광역시 연제구 황령산로543번길 22,부산광역시 연제구 연산동 산 183-2,35.16750794,129.0821507,,건축물,051-665-4671,부산광역시 연제구청,2026-04-17
연산2동-456,1,부산광역시 연제구 황령산로543번길 14-2,부산광역시 연제구 연산동 산 183-2,35.16784014,129.0822978,,한전주,051-665-4671,부산광역시 연제구청,2026-04-17
연산9동-212,1,부산광역시 연제구 토곡남로 26,부산광역시 연제구 연산동 22-84,35.18117861,129.1044657,2000,한전주,051-665-4671,부산광역시 연제구청,2026-04-17
거제3동-169,1,부산광역시 연제구 거제시장로21번길 55,부산광역시 연제구 거제동 736-6,35.17892017,129.0699182,,한전주,051-665-4671,부산광역시 연제구청,2026-04-17
거제3동-168,1,부산광역시 연제구 거제대로118번길 19-6,부산광역시 연제구 거제동 735-10,35.17886464,129.0700822,,한전주,051-665-4671,부산광역시 연제구청,2026-04-17
연산2동-149,1,부산광역시 연제구 중앙천로39번길 17,부산광역시 연제구 연산동 794-39,35.17829306,129.0816461,,한전주,051-665-4671,부산광역시 연제구청,2026-04-17
연산2동-266,1,부산광역시 연제구 중앙대로1038번길 54,부산광역시 연제구 연산동 1643-2,35.17860062,129.0793729,,건축물,051-665-4671,부산광역시 연제구청,2026-04-17
연산2동-265,1,부산광역시 연제구 중앙대로1038번길 54,부산광역시 연제구 연산동 1643-2,35.17860062,129.0793729,,건축물,051-665-4671,부산광역시 연제구청,2026-04-17
연산2동-264,1,부산광역시 연제구 중앙대로1038번길 54,부산광역시 연제구 연산동 1643-2,35.17860062,129.0793729,,건축물,051-665-4671,부산광역시 연제구청,2026-04-17
연산2동-411,1,부산광역시 연제구 황령산로517번길 5,부산광역시 연제구 연산동 산 182,35.16590845,129.0826015,,전용주,051-665-4671,부산광역시 연제구청,2026-04-17
연산2동-431,1,부산광역시 연제구 황령산로524번길 10,부산광역시 연제구 연산동 산 176-55,35.16620336,129.0832198,,한전주,051-665-4671,부산광역시 연제구청,2026-04-17
연산2동-412,1,부산광역시 연제구 황령산로516번길 3,부산광역시 연제구 연산동 산 181-1,35.16584055,129.0831385,,한전주,051-665-4671,부산광역시 연제구청,2026-04-17
연산2동-410,1,부산광역시 연제구 황령산로524번길 3,부산광역시 연제구 연산동 산 181-1,35.16525742,129.0838417,,한전주,051-665-4671,부산광역시 연제구청,2026-04-17
연산2동-465,1,부산광역시 연제구 황령산로 533-3,부산광역시 연제구 연산동 산 176-55,35.16723274,129.0826849,1997,한전주,051-665-4671,부산광역시 연제구청,2026-04-17
연산2동-406,1,부산광역시 연제구 황령산로 523,부산광역시 연제구 연산동 산 176-55,35.16659107,129.082874,1997,한전주,051-665-4671,부산광역시 연제구청,2026-04-17
거제3동-141,1,부산광역시 연제구 거제대로96번길 45-1,부산광역시 연제구 거제동 747-35,35.17651644,129.0705996,,한전주,051-665-4671,부산광역시 연제구청,2026-04-17
거제3동-138,1,부산광역시 연제구 거제천로23번길 7,부산광역시 연제구 거제동 747-39,35.17679574,129.0706149,,한전주,051-665-4671,부산광역시 연제구청,2026-04-17
거제3동-126,1,부산광역시 연제구 거제천로 35-15,부산광역시 연제구 거제동 566-49,35.17804571,129.0709497,,한전주,051-665-4671,부산광역시 연제구청,2026-04-17
거제3동-127,1,부산광역시 연제구 거제천로 35-5,부산광역시 연제구 거제동 566-14,35.17783385,129.0714629,1996,건축물,051-665-4671,부산광역시 연제구청,2026-04-17
연산5동-134,1,부산광역시 연제구 중앙대로1039번길 13,부산광역시 연제구 연산동 1358-14,35.18180306,129.0772022,,한전주,051-665-4671,부산광역시 연제구청,2026-04-17
연산5동-133,1,부산광역시 연제구 중앙대로1039번길 21,부산광역시 연제구 연산동 1357-4,35.18205718,129.077008,,한전주,051-665-4671,부산광역시 연제구청,2026-04-17
연산5동-124,1,부산광역시 연제구 월드컵대로153번길 93,부산광역시 연제구 연산동 1492-49,35.18303144,129.076922,,한전주,051-665-4671,부산광역시 연제구청,2026-04-17
연산5동-126,1,부산광역시 연제구 거제천로118번길 58,부산광역시 연제구 연산동 1492-32,35.18288255,129.077447,,한전주,051-665-4671,부산광역시 연제구청,2026-04-17
연산5동-148,1,부산광역시 연제구 신촌로23번길 22,부산광역시 연제구 연산동 1502-11,35.18221662,129.0752973,,한전주,051-665-4671,부산광역시 연제구청,2026-04-17
연산5동-149,1,부산광역시 연제구 신촌로23번길 18,부산광역시 연제구 연산동 1502-5,35.18238669,129.0754313,,한전주,051-665-4671,부산광역시 연제구청,2026-04-17
연산5동-150,1,부산광역시 연제구 신촌로23번길 12,부산광역시 연제구 연산동 1498-27,35.18262848,129.0756102,,건축물,051-665-4671,부산광역시 연제구청,2026-04-17
연산5동-153,1,부산광역시 연제구 거제천로104번길 27,부산광역시 연제구 연산동 1498-25,35.18275554,129.075513,1997,건축물,051-665-4671,부산광역시 연제구청,2026-04-17
연산5동-151,1,부산광역시 연제구 신촌로23번길 10,부산광역시 연제구 연산동 1498-28,35.18271822,129.0756553,,한전주,051-665-4671,부산광역시 연제구청,2026-04-17
연산1동-64,1,부산광역시 연제구 신금로 13-2,부산광역시 연제구 연산동 308-43,35.19027119,129.0938173,,건축물,051-665-4671,부산광역시 연제구청,2026-04-17
연산4동-85,1,부산광역시 연제구 대리로19번길 26,부산광역시 연제구 연산동 651-6,35.18245851,129.085555,,한전주,051-665-4671,부산광역시 연제구청,2026-04-17
연산4동-84,1,부산광역시 연제구 대리로19번길 29,부산광역시 연제구 연산동 1208-3,35.18256001,129.0852929,,한전주,051-665-4671,부산광역시 연제구청,2026-04-17
연산4동-219,1,부산광역시 연제구 묘봉산로 4,부산광역시 연제구 연산동 1136-5,35.18253158,129.0874554,,한전주,051-665-4671,부산광역시 연제구청,2026-04-17
연산4동-27,1,부산광역시 연제구 월드컵대로92번길 53,부산광역시 연제구 연산동 647-17,35.1829381,129.0863519,,한전주,051-665-4671,부산광역시 연제구청,2026-04-17
연산4동-174,1,부산광역시 연제구 대리로12번길 9,부산광역시 연제구 연산동 1152-5,35.18081055,129.0853794,,한전주,051-665-4671,부산광역시 연제구청,2026-04-17
연산4동-165,1,부산광역시 연제구 대리로6번길 11,부산광역시 연제구 연산동 1253-17,35.18068048,129.0848067,,한전주,051-665-4671,부산광역시 연제구청,2026-04-17
연산9동-214,1,부산광역시 연제구 토곡남로 28-1,부산광역시 연제구 연산동 22-93,35.18120845,129.1041587,1996,한전주,051-665-4671,부산광역시 연제구청,2026-04-17
연산5동-167,1,부산광역시 연제구 시청로32번길 30,부산광역시 연제구 연산동 1503-1,35.1827803,129.0747558,,한전주,051-665-4671,부산광역시 연제구청,2026-04-17
연산5동-172,1,부산광역시 연제구 시청로32번길 7,부산광역시 연제구 연산동 1505-43,35.18207491,129.0740048,,한전주,051-665-4671,부산광역시 연제구청,2026-04-17
연산5동-170,1,부산광역시 연제구 시청로32번길 19,부산광역시 연제구 연산동 1505-74,35.18248707,129.0742798,,한전주,051-665-4671,부산광역시 연제구청,2026-04-17
연산5동-169,1,부산광역시 연제구 시청로32번길 23-1,부산광역시 연제구 연산동 1505-50,35.18266605,129.0744249,,한전주,051-665-4671,부산광역시 연제구청,2026-04-17
연산5동-180,1,부산광역시 연제구 신촌로23번길 40-21,부산광역시 연제구 연산동 1503-7,35.18274141,129.0750737,,한전주,051-665-4671,부산광역시 연제구청,2026-04-17
연산5동-188,1,부산광역시 연제구 시청로 36-1,부산광역시 연제구 연산동 1505-35,35.18211389,129.0736711,,한전주,051-665-4671,부산광역시 연제구청,2026-04-17
연산5동-183,1,부산광역시 연제구 거제천로 102-13,부산광역시 연제구 연산동 1505-12,35.18273119,129.0741952,,한전주,051-665-4671,부산광역시 연제구청,2026-04-17
거제3동-76,1,부산광역시 연제구 거제시장로14번길 28,부산광역시 연제구 거제동 486-1,35.18193157,129.0727929,,한전주,051-665-4671,부산광역시 연제구청,2026-04-17
연산1동-66,1,부산광역시 연제구 신금로5번길 10,부산광역시 연제구 연산동 309-9,35.18975647,129.0935052,,한전주,051-665-4671,부산광역시 연제구청,2026-04-17
연산4동-80,1,부산광역시 연제구 대리로19번길 43,부산광역시 연제구 연산동 1128-3,35.1829614,129.0847602,,한전주,051-665-4671,부산광역시 연제구청,2026-04-17
연산4동-83,1,부산광역시 연제구 대리로19번길 37,부산광역시 연제구 연산동 1208-10,35.18277006,129.0849882,,한전주,051-665-4671,부산광역시 연제구청,2026-04-17
연산4동-137,1,부산광역시 연제구 월드컵대로92번길 20,부산광역시 연제구 연산동 1230-62,35.18273835,129.0845047,1997,한전주,051-665-4671,부산광역시 연제구청,2026-04-17
연산4동-131,1,부산광역시 연제구 대리로5번길 49-5,부산광역시 연제구 연산동 1230-17,35.18296843,129.0836183,,한전주,051-665-4671,부산광역시 연제구청,2026-04-17
연산5동-145,1,부산광역시 연제구 중앙대로1043번길 50,부산광역시 연제구 연산동 1369-9,35.18178508,129.0751709,,한전주,051-665-4671,부산광역시 연제구청,2026-04-17
연산5동-131,1,부산광역시 연제구 중앙대로1043번길 22-12,부산광역시 연제구 연산동 1357-9,35.18204043,129.076865,1997,건축물,051-665-4671,부산광역시 연제구청,2026-04-17
연산5동-135,1,부산광역시 연제구 중앙대로1039번길 9,부산광역시 연제구 연산동 1358-17,35.18171284,129.077212,,건축물,051-665-4671,부산광역시 연제구청,2026-04-17
연산9동-215,1,부산광역시 연제구 토곡남로 28-4,부산광역시 연제구 연산동 22-53,35.18143587,129.1039312,1997,한전주,051-665-4671,부산광역시 연제구청,2026-04-17
거제2동-247,1,부산광역시 연제구 여고로14번길 63,부산광역시 연제구 거제동 894-17,35.19218408,129.066348,,건축물,051-665-4671,부산광역시 연제구청,2026-04-17
거제2동-248,1,부산광역시 연제구 종합운동장로12번길 15,부산광역시 연제구 거제동 897-3,35.19281042,129.0658511,,한전주,051-665-4671,부산광역시 연제구청,2026-04-17
거제2동-250,1,부산광역시 연제구 여고로14번길 47,부산광역시 연제구 거제동 894-13,35.19281527,129.0663233,,한전주,051-665-4671,부산광역시 연제구청,2026-04-17
거제2동-255,1,부산광역시 연제구 종합운동장로28번길 12-3,부산광역시 연제구 거제동 897-25,35.19292273,129.0653804,,건축물,051-665-4671,부산광역시 연제구청,2026-04-17
거제2동-242,1,부산광역시 연제구 아시아드대로 56,부산광역시 연제구 거제동 987-10,35.19000574,129.0682199,,건축물,051-665-4671,부산광역시 연제구청,2026-04-17
거제2동-236,1,부산광역시 연제구 아시아드대로64번길 4,부산광역시 연제구 거제동 986-13,35.19023993,129.0680684,,한전주,051-665-4671,부산광역시 연제구청,2026-04-17
거제1동-94,1,부산광역시 연제구 중앙대로1251번길 37,부산광역시 연제구 거제동 213-14,35.19808889,129.0764402,,한전주,051-665-4671,부산광역시 연제구청,2026-04-17
연산1동-67,1,부산광역시 연제구 신금로5번길 13,부산광역시 연제구 연산동 309-8,35.18951365,129.092978,,한전주,051-665-4671,부산광역시 연제구청,2026-04-17
연산5동-152,1,부산광역시 연제구 신촌로23번길 6,부산광역시 연제구 연산동 1498-7,35.18277122,129.0757767,,건축물,051-665-4671,부산광역시 연제구청,2026-04-17
연산5동-155,1,부산광역시 연제구 신촌로 29-11,부산광역시 연제구 연산동 1498-11,35.18297399,129.0752744,1997,전용주,051-665-4671,부산광역시 연제구청,2026-04-17
연산5동-177,1,부산광역시 연제구 신촌로23번길 33,부산광역시 연제구 연산동 1371-10,35.1816969,129.0749501,,한전주,051-665-4671,부산광역시 연제구청,2026-04-17
연산5동-175,1,부산광역시 연제구 신촌로23번길 41,부산광역시 연제구 연산동 1371-12,35.18179054,129.0745561,,건축물,051-665-4671,부산광역시 연제구청,2026-04-17
연산5동-174,1,부산광역시 연제구 시청로32번길 8,부산광역시 연제구 연산동 1503-4,35.18192915,129.0741737,,건축물,051-665-4671,부산광역시 연제구청,2026-04-17
연산5동-178,1,부산광역시 연제구 신촌로23번길 40-3,부산광역시 연제구 연산동 1503-25,35.18202449,129.0746031,,한전주,051-665-4671,부산광역시 연제구청,2026-04-17
연산5동-179,1,부산광역시 연제구 신촌로23번길 40-12,부산광역시 연제구 연산동 1502-13,35.18232692,129.0750572,,건축물,051-665-4671,부산광역시 연제구청,2026-04-17
연산5동-154,1,부산광역시 연제구 신촌로23번길 40-21,부산광역시 연제구 연산동 1503-7,35.18274141,129.0750737,,한전주,051-665-4671,부산광역시 연제구청,2026-04-17
연산9동-216,1,부산광역시 연제구 토곡남로41번길 24,부산광역시 연제구 연산동 22-55,35.18136588,129.1037018,,한전주,051-665-4671,부산광역시 연제구청,2026-04-17
거제1동-82,1,부산광역시 연제구 미남로18번길 21,부산광역시 연제구 거제동 207-43,35.1961278,129.0729552,,한전주,051-665-4671,부산광역시 연제구청,2026-04-17
거제1동-88,1,부산광역시 연제구 교대로24번길 63,부산광역시 연제구 거제동 211-4,35.19802695,129.0752973,,한전주,051-665-4671,부산광역시 연제구청,2026-04-17
거제1동-84,1,부산광역시 연제구 중앙대로1251번길 53,부산광역시 연제구 거제동 210-9,35.19778077,129.0756125,,한전주,051-665-4671,부산광역시 연제구청,2026-04-17
거제1동-91,1,부산광역시 연제구 중앙대로1251번길 45,부산광역시 연제구 거제동 213-6,35.19793938,129.0760209,,한전주,051-665-4671,부산광역시 연제구청,2026-04-17
거제1동-100,1,부산광역시 연제구 교대로24번길 50,부산광역시 연제구 거제동 228-1,35.19750667,129.0760262,,건축물,051-665-4671,부산광역시 연제구청,2026-04-17
거제1동-103,1,부산광역시 연제구 교대로16번길 46,부산광역시 연제구 거제동 239-3,35.19748456,129.0774973,1997,한전주,051-665-4671,부산광역시 연제구청,2026-04-17
연산1동-69,1,부산광역시 연제구 신금로5번길 16-6,부산광역시 연제구 연산동 308-26,35.19027348,129.0935648,,한전주,051-665-4671,부산광역시 연제구청,2026-04-17
연산5동-181,1,부산광역시 연제구 거제천로 102,부산광역시 연제구 연산동 1505-15,35.18293084,129.0740441,,건축물,051-665-4671,부산광역시 연제구청,2026-04-17
거제3동-68,1,부산광역시 연제구 거제시장로14번길 42,부산광역시 연제구 거제동 457-6,35.18254265,129.0730948,,한전주,051-665-4671,부산광역시 연제구청,2026-04-17
거제3동-69,1,부산광역시 연제구 거제시장로14번길 55,부산광역시 연제구 거제동 453-3,35.18344394,129.0731067,,한전주,051-665-4671,부산광역시 연제구청,2026-04-17
연산5동-139,1,부산광역시 연제구 중앙대로1043번길 20,부산광역시 연제구 연산동 1362-8,35.18163465,129.0768816,,한전주,051-665-4671,부산광역시 연제구청,2026-04-17
연산5동-176,1,부산광역시 연제구 신촌로23번길 40,부산광역시 연제구 연산동 1502-25,35.18191467,129.0747883,,건축물,051-665-4671,부산광역시 연제구청,2026-04-17
거제3동-75,1,부산광역시 연제구 거제대로178번길 68-4,부산광역시 연제구 거제동 457-27,35.18311558,129.0735415,1996,건축물,051-665-4671,부산광역시 연제구청,2026-04-17
거제2동-251,1,부산광역시 연제구 여고로14번길 43,부산광역시 연제구 거제동 891-10,35.19308701,129.0661731,,한전주,051-665-4671,부산광역시 연제구청,2026-04-17
거제2동-245,1,부산광역시 연제구 여고로14번길 77,부산광역시 연제구 거제동 900-18,35.19154213,129.0665702,,건축물,051-665-4671,부산광역시 연제구청,2026-04-17
거제2동-246,1,부산광역시 연제구 종합운동장로12번길 15,부산광역시 연제구 거제동 897-3,35.19281042,129.0658511,,한전주,051-665-4671,부산광역시 연제구청,2026-04-17
연산9동-217,1,부산광역시 연제구 토곡남로41번길 27,부산광역시 연제구 연산동 22-57,35.18109997,129.1039925,1997,한전주,051-665-4671,부산광역시 연제구청,2026-04-17
연산6동-359,1,부산광역시 연제구 월드컵대로58번길 46-2,부산광역시 연제구 연산동 658-49,35.1796142,129.0871091,,건축물,051-665-4671,부산광역시 연제구청,2026-04-17
연산4동-4,1,부산광역시 연제구 월드컵대로58번길 47,부산광역시 연제구 연산동 655-36,35.17993777,129.0872122,,한전주,051-665-4671,부산광역시 연제구청,2026-04-17
연산4동-3,1,부산광역시 연제구 대리로22번길 31-15,부산광역시 연제구 연산동 655-31,35.18010743,129.0873901,,건축물,051-665-4671,부산광역시 연제구청,2026-04-17
연산4동-5,1,부산광역시 연제구 대리로22번길 31-9,부산광역시 연제구 연산동 655-33,35.18010099,129.0870995,,건축물,051-665-4671,부산광역시 연제구청,2026-04-17
연산4동-8,1,부산광역시 연제구 쌍미천로87번길 7,부산광역시 연제구 연산동 655-5,35.18035028,129.0874482,,한전주,051-665-4671,부산광역시 연제구청,2026-04-17
연산4동-7,1,부산광역시 연제구 쌍미천로87번길 17,부산광역시 연제구 연산동 655-50,35.18039989,129.0869439,,한전주,051-665-4671,부산광역시 연제구청,2026-04-17
거제1동-95,1,부산광역시 연제구 중앙대로1251번길 33-1,부산광역시 연제구 거제동 213-18,35.19818549,129.0767269,,한전주,051-665-4671,부산광역시 연제구청,2026-04-17
거제1동-90,1,부산광역시 연제구 교대로16번길 65,부산광역시 연제구 거제동 213-10,35.1981658,129.0769134,1996,건축물,051-665-4671,부산광역시 연제구청,2026-04-17
거제1동-89,1,부산광역시 연제구 교대로16번길 71,부산광역시 연제구 거제동 212-4,35.1984739,129.0767307,1997,건축물,051-665-4671,부산광역시 연제구청,2026-04-17
거제1동-97,1,부산광역시 연제구 중앙대로1251번길 23,부산광역시 연제구 거제동 226-1,35.19831334,129.0775522,,한전주,051-665-4671,부산광역시 연제구청,2026-04-17
거제1동-87,1,부산광역시 연제구 교대로24번길 63,부산광역시 연제구 거제동 211-4,35.19802695,129.0752973,,한전주,051-665-4671,부산광역시 연제구청,2026-04-17
거제1동-86,1,부산광역시 연제구 교대로24번길 63,부산광역시 연제구 거제동 211-4,35.19802695,129.0752973,,한전주,051-665-4671,부산광역시 연제구청,2026-04-17
거제1동-60,1,부산광역시 연제구 중앙대로 1250,부산광역시 연제구 거제동 125,35.19896011,129.0790118,,전용주,051-665-4671,부산광역시 연제구청,2026-04-17
거제1동-69,1,부산광역시 연제구 중앙대로1249번길 8,부산광역시 연제구 거제동 200-2,35.19843502,129.078059,,한전주,051-665-4671,부산광역시 연제구청,2026-04-17
거제1동-98,1,부산광역시 연제구 중앙대로1251번길 11,부산광역시 연제구 거제동 226-2,35.19856375,129.0777752,,한전주,051-665-4671,부산광역시 연제구청,2026-04-17
거제1동-81,1,부산광역시 연제구 미남로18번길 31,부산광역시 연제구 거제동 207-38,35.19634498,129.0728593,,한전주,051-665-4671,부산광역시 연제구청,2026-04-17
연산9동-218,1,부산광역시 연제구 토곡남로34번길 12,부산광역시 연제구 연산동 22-28,35.18099776,129.1034611,,한전주,051-665-4671,부산광역시 연제구청,2026-04-17
거제4동-179,1,부산광역시 연제구 해맞이로89번길 21,부산광역시 연제구 거제동 649-61,35.18180226,129.0681445,,한전주,051-665-4671,부산광역시 연제구청,2026-04-17
거제4동-185,1,부산광역시 연제구 해맞이로89번길 22,부산광역시 연제구 거제동 649-44,35.18200975,129.0681253,,한전주,051-665-4671,부산광역시 연제구청,2026-04-17
거제4동-184,1,부산광역시 연제구 해맞이로89번길 22-1,부산광역시 연제구 거제동 649-34,35.18217247,129.0680725,1996,한전주,051-665-4671,부산광역시 연제구청,2026-04-17
거제4동-85,1,부산광역시 연제구 해맞이로89번길 22-2,부산광역시 연제구 거제동 649-16,35.18231697,129.0680414,,건축물,051-665-4671,부산광역시 연제구청,2026-04-17
연산5동-97,1,부산광역시 연제구 월드컵대로145번길 83,부산광역시 연제구 연산동 1345-11,35.18306252,129.0784924,1996,한전주,051-665-4671,부산광역시 연제구청,2026-04-17
연산5동-280,1,부산광역시 연제구 월드컵대로99번길 7,부산광역시 연제구 연산동 711-4,35.18324333,129.0824693,,한전주,051-665-4671,부산광역시 연제구청,2026-04-17
연산5동-98,1,부산광역시 연제구 월드컵대로145번길 89,부산광역시 연제구 연산동 1343-3,35.18283837,129.0783577,,한전주,051-665-4671,부산광역시 연제구청,2026-04-17
연산5동-101,1,부산광역시 연제구 월드컵대로145번길 101,부산광역시 연제구 연산동 1343-27,35.1823556,129.0779122,1997,한전주,051-665-4671,부산광역시 연제구청,2026-04-17
연산2동-35,1,부산광역시 연제구 중앙대로1038번길 7,부산광역시 연제구 연산동 2063-52,35.18077552,129.0782097,1997,한전주,051-665-4671,부산광역시 연제구청,2026-04-17
연산2동-59,1,부산광역시 연제구 중앙대로 1044,부산광역시 연제구 연산동 1331-20,35.18141513,129.0782511,,건축물,051-665-4671,부산광역시 연제구청,2026-04-17
연산6동-371,1,부산광역시 연제구 대리로22번길 51,부산광역시 연제구 연산동 659-50,35.17922872,129.0868734,,한전주,051-665-4671,부산광역시 연제구청,2026-04-17
연산6동-365,1,부산광역시 연제구 대리로6번길 46,부산광역시 연제구 연산동 686-15,35.17919844,129.0852262,,건축물,051-665-4671,부산광역시 연제구청,2026-04-17
연산6동-366,1,부산광역시 연제구 쌍미천로73번길 57,부산광역시 연제구 연산동 660-8,35.17925966,129.0854356,1997,한전주,051-665-4671,부산광역시 연제구청,2026-04-17
연산6동-367,1,부산광역시 연제구 쌍미천로73번길 49,부산광역시 연제구 연산동 660-42,35.17922868,129.0858743,,한전주,051-665-4671,부산광역시 연제구청,2026-04-17
연산6동-368,1,부산광역시 연제구 쌍미천로73번길 45,부산광역시 연제구 연산동 660-21,35.1792378,129.0861258,,한전주,051-665-4671,부산광역시 연제구청,2026-04-17
연산6동-373,1,부산광역시 연제구 쌍미천로73번길 23,부산광역시 연제구 연산동 659-10,35.17922477,129.0873125,,한전주,051-665-4671,부산광역시 연제구청,2026-04-17
연산9동-219,1,부산광역시 연제구 토곡남로34번길 15,부산광역시 연제구 연산동 22-31,35.18079337,129.1032198,,한전주,051-665-4671,부산광역시 연제구청,2026-04-17
거제3동-120,1,부산광역시 연제구 거제시장로11번길 38,부산광역시 연제구 거제동 496-12,35.17929694,129.0711418,,한전주,051-665-4671,부산광역시 연제구청,2026-04-17
거제3동-119,1,부산광역시 연제구 거제시장로11번길 28,부산광역시 연제구 거제동 496-13,35.17968245,129.0713774,1996,한전주,051-665-4671,부산광역시 연제구청,2026-04-17
거제3동-118,1,부산광역시 연제구 거제시장로11번길 25,부산광역시 연제구 거제동 495-2,35.17968991,129.0715532,,건축물,051-665-4671,부산광역시 연제구청,2026-04-17
거제3동-117,1,부산광역시 연제구 거제시장로11번길 16,부산광역시 연제구 거제동 487-10,35.18016671,129.0716582,,한전주,051-665-4671,부산광역시 연제구청,2026-04-17
거제3동-116,1,부산광역시 연제구 거제시장로11번길 8,부산광역시 연제구 거제동 487-4,35.18050794,129.0718055,,한전주,051-665-4671,부산광역시 연제구청,2026-04-17
거제3동-112,1,부산광역시 연제구 거제대로136번길 19,부산광역시 연제구 거제동 740-40,35.18034002,129.0704089,1997,건축물,051-665-4671,부산광역시 연제구청,2026-04-17
거제4동-73,1,부산광역시 연제구 화지로76번길 5-5,부산광역시 연제구 거제동 766-124,35.18179235,129.0651792,,건축물,051-665-4671,부산광역시 연제구청,2026-04-17
거제4동-103,1,부산광역시 연제구 해맞이로77번길 60-9,부산광역시 연제구 거제동 766-16,35.1809276,129.0651138,,건축물,051-665-4671,부산광역시 연제구청,2026-04-17
거제4동-72,1,부산광역시 연제구 화지로76번길 6,부산광역시 연제구 거제동 766-166,35.18143998,129.0652742,1996,건축물,051-665-4671,부산광역시 연제구청,2026-04-17
거제4동-65,1,부산광역시 연제구 화지로 93-11,부산광역시 연제구 거제동 769-35,35.18283688,129.0653035,,건축물,051-665-4671,부산광역시 연제구청,2026-04-17
거제4동-140,1,부산광역시 연제구 해맞이로57번길 3,부산광역시 연제구 거제동 676-130,35.1793529,129.0678709,1998,건축물,051-665-4671,부산광역시 연제구청,2026-04-17
거제4동-153,1,부산광역시 연제구 해맞이로 69,부산광역시 연제구 거제동 676-317,35.18046681,129.0683027,1996,건축물,051-665-4671,부산광역시 연제구청,2026-04-17
거제4동-152,1,부산광역시 연제구 해맞이로73번길 7,부산광역시 연제구 거제동 676-304,35.18073768,129.0682513,,한전주,051-665-4671,부산광역시 연제구청,2026-04-17
거제4동-151,1,부산광역시 연제구 해맞이로73번길 13,부산광역시 연제구 거제동 676-53,35.18063273,129.0678876,,한전주,051-665-4671,부산광역시 연제구청,2026-04-17
거제4동-157,1,부산광역시 연제구 해맞이로77번길 13,부산광역시 연제구 거제동 676-30,35.18106467,129.0679701,,한전주,051-665-4671,부산광역시 연제구청,2026-04-17
거제4동-175,1,부산광역시 연제구 해맞이로81번길 18,부산광역시 연제구 거제동 649-70,35.18157985,129.0678122,,한전주,051-665-4671,부산광역시 연제구청,2026-04-17
연산9동-207,1,부산광역시 연제구 토곡남로20번가길 22,부산광역시 연제구 연산동 41,35.18199215,129.1051961,,한전주,051-665-4671,부산광역시 연제구청,2026-04-17
거제3동-81,1,부산광역시 연제구 거제시장로14번길 28,부산광역시 연제구 거제동 486-1,35.18193157,129.0727929,,건축물,051-665-4671,부산광역시 연제구청,2026-04-17
거제3동-82,1,부산광역시 연제구 거제시장로14번길 29,부산광역시 연제구 거제동 485-1,35.18219491,129.0724548,,건축물,051-665-4671,부산광역시 연제구청,2026-04-17
거제3동-84,1,부산광역시 연제구 거제시장로14번길 17-1,부산광역시 연제구 거제동 485-14,35.18172136,129.0721947,2000,건축물,051-665-4671,부산광역시 연제구청,2026-04-17
거제3동-86,1,부산광역시 연제구 거제시장로 18-11,부산광역시 연제구 거제동 599-13,35.18159006,129.0717538,,건축물,051-665-4671,부산광역시 연제구청,2026-04-17
거제3동-88,1,부산광역시 연제구 거제시장로 18-6,부산광역시 연제구 거제동 574-21,35.18122857,129.0718588,,건축물,051-665-4671,부산광역시 연제구청,2026-04-17
거제3동-91,1,부산광역시 연제구 거제시장로22번길 22,부산광역시 연제구 거제동 575-2,35.18202268,129.0717595,1997,한전주,051-665-4671,부산광역시 연제구청,2026-04-17
연산5동-243,1,부산광역시 연제구 월드컵대로119번길 53,부산광역시 연제구 연산동 705-31,35.18318106,129.0803605,,한전주,051-665-4671,부산광역시 연제구청,2026-04-17
연산4동-79,1,부산광역시 연제구 고분로20번길 54,부산광역시 연제구 연산동 1230-54,35.18316303,129.0843896,,한전주,051-665-4671,부산광역시 연제구청,2026-04-17
거제4동-8,1,부산광역시 연제구 해맞이로99번길 10,부산광역시 연제구 거제동 815-70,35.18321863,129.0690304,,한전주,051-665-4671,부산광역시 연제구청,2026-04-17
거제4동-6,1,부산광역시 연제구 해맞이로99번길 4,부산광역시 연제구 거제동 815-91,35.18320166,129.0694034,,한전주,051-665-4671,부산광역시 연제구청,2026-04-17
연산5동-122,1,부산광역시 연제구 거제천로118번길 48,부산광역시 연제구 연산동 1492-48,35.18312108,129.0769781,,한전주,051-665-4671,부산광역시 연제구청,2026-04-17
연산5동-158,1,부산광역시 연제구 신촌로 29-1,부산광역시 연제구 연산동 1498-20,35.18314406,129.0754084,,한전주,051-665-4671,부산광역시 연제구청,2026-04-17
연산5동-168,1,부산광역시 연제구 거제천로104번길 11,부산광역시 연제구 연산동 1500-16,35.18308693,129.0747379,,건축물,051-665-4671,부산광역시 연제구청,2026-04-17
연산5동-164,1,부산광역시 연제구 거제천로104번길 9,부산광역시 연제구 연산동 1500-33,35.18315089,129.0746399,1997,건축물,051-665-4671,부산광역시 연제구청,2026-04-17
연산5동-163,1,부산광역시 연제구 거제천로104번길 8,부산광역시 연제구 연산동 1505-3,35.1830444,129.0744519,,한전주,051-665-4671,부산광역시 연제구청,2026-04-17
연산5동-162,1,부산광역시 연제구 거제천로104번길 3,부산광역시 연제구 연산동 1500-27,35.18327922,129.0743968,1997,건축물,051-665-4671,부산광역시 연제구청,2026-04-17
거제3동-99,1,부산광역시 연제구 거제대로 148,부산광역시 연제구 거제동 596-26,35.18165901,129.0700749,,건축물,051-665-4671,부산광역시 연제구청,2026-04-17
거제3동-107,1,부산광역시 연제구 거제대로 140-5,부산광역시 연제구 거제동 605-11,35.18125353,129.0700586,,건축물,051-665-4671,부산광역시 연제구청,2026-04-17
거제3동-106,1,부산광역시 연제구 거제대로138번길 25,부산광역시 연제구 거제동 605-9,35.18113267,129.0704742,,전용주,051-665-4671,부산광역시 연제구청,2026-04-17
거제3동-109,1,부산광역시 연제구 거제대로138번길 14,부산광역시 연제구 거제동 605-24,35.18075695,129.0701509,,한전주,051-665-4671,부산광역시 연제구청,2026-04-17
거제3동-108,1,부산광역시 연제구 거제대로138번길 13,부산광역시 연제구 거제동 605-21,35.18083051,129.0699872,1996,한전주,051-665-4671,부산광역시 연제구청,2026-04-17
거제4동-154,1,부산광역시 연제구 해맞이로 73,부산광역시 연제구 거제동 676-34,35.18091658,129.0684074,,건축물,051-665-4671,부산광역시 연제구청,2026-04-17
거제3동-148,1,부산광역시 연제구 거제시장로21번길 22-2,부산광역시 연제구 거제동 740-368,35.18053753,129.0705035,,건축물,051-665-4671,부산광역시 연제구청,2026-04-17
거제3동-165,1,부산광역시 연제구 거제대로136번길 6,부산광역시 연제구 거제동 740-5,35.18035457,129.0697833,,한전주,051-665-4671,부산광역시 연제구청,2026-04-17
거제3동-167,1,부산광역시 연제구 거제대로 128,부산광역시 연제구 거제동 739-1,35.17960825,129.0695759,,한전주,051-665-4671,부산광역시 연제구청,2026-04-17
거제3동-113,1,부산광역시 연제구 거제대로136번길 6,부산광역시 연제구 거제동 740-5,35.18035457,129.0697833,1997,전용주,051-665-4671,부산광역시 연제구청,2026-04-17
거제3동-166,1,부산광역시 연제구 거제대로 128,부산광역시 연제구 거제동 739-1,35.17960825,129.0695759,,한전주,051-665-4671,부산광역시 연제구청,2026-04-17
거제3동-110,1,부산광역시 연제구 거제대로138번길 10,부산광역시 연제구 거제동 605-29,35.18058667,129.0700389,1996,한전주,051-665-4671,부산광역시 연제구청,2026-04-17
거제3동-115,1,부산광역시 연제구 거제시장로 15-3,부산광역시 연제구 거제동 574-56,35.18073413,129.0717096,,한전주,051-665-4671,부산광역시 연제구청,2026-04-17
거제3동-114,1,부산광역시 연제구 거제시장로 19-3,부산광역시 연제구 거제동 602-11,35.18079327,129.0711395,,전용주,051-665-4671,부산광역시 연제구청,2026-04-17
거제3동-78,1,부산광역시 연제구 거제시장로14번길 7,부산광역시 연제구 거제동 574-40,35.18127179,129.072068,,한전주,051-665-4671,부산광역시 연제구청,2026-04-17
거제3동-79,1,부산광역시 연제구 거제시장로14번길 15,부산광역시 연제구 거제동 485-4,35.18158588,129.0722259,,한전주,051-665-4671,부산광역시 연제구청,2026-04-17
연산2동-41,1,부산광역시 연제구 중앙대로1040번길 34-2,부산광역시 연제구 연산동 1597-4,35.18020772,129.0792122,,건축물,051-665-4671,부산광역시 연제구청,2026-04-17
연산2동-65,1,부산광역시 연제구 중앙대로1040번길 37,부산광역시 연제구 연산동 1320-91,35.1804201,129.0796542,,건축물,051-665-4671,부산광역시 연제구청,2026-04-17
연산2동-69,1,부산광역시 연제구 중앙대로1038번길 51,부산광역시 연제구 연산동 1643-8,35.17954302,129.079961,,한전주,051-665-4671,부산광역시 연제구청,2026-04-17
연산2동-269,1,부산광역시 연제구 중앙대로1038번길 54,부산광역시 연제구 연산동 1643-2,35.17860062,129.0793729,1996,건축물,051-665-4671,부산광역시 연제구청,2026-04-17
연산2동-268,1,부산광역시 연제구 중앙대로1038번길 54,부산광역시 연제구 연산동 1643-2,35.17860062,129.0793729,1996,건축물,051-665-4671,부산광역시 연제구청,2026-04-17
연산2동-480,1,부산광역시 연제구 중앙대로1038번길 57,부산광역시 연제구 연산동 1642-13,35.1794331,129.0801571,,건축물,051-665-4671,부산광역시 연제구청,2026-04-17
거제3동-101,1,부산광역시 연제구 거제대로138번길 30,부산광역시 연제구 거제동 605-3,35.18122076,129.070706,1998,건축물,051-665-4671,부산광역시 연제구청,2026-04-17
거제3동-102,1,부산광역시 연제구 거제대로138번길 28,부산광역시 연제구 거제동 605-4,35.18111309,129.0706496,1996,한전주,051-665-4671,부산광역시 연제구청,2026-04-17
거제3동-103,1,부산광역시 연제구 거제대로138번길 21,부산광역시 연제구 거제동 604-9,35.18114285,129.0703426,1998,한전주,051-665-4671,부산광역시 연제구청,2026-04-17
거제3동-105,1,부산광역시 연제구 거제대로138번길 31,부산광역시 연제구 거제동 605-7,35.18134801,129.0705869,,건축물,051-665-4671,부산광역시 연제구청,2026-04-17
거제3동-100,1,부산광역시 연제구 거제시장로 27,부산광역시 연제구 거제동 597-7,35.18176162,129.0707021,,건축물,051-665-4671,부산광역시 연제구청,2026-04-17
거제3동-60,1,부산광역시 연제구 거제시장로 27-1,부산광역시 연제구 거제동 596-9,35.18181687,129.0705711,,건축물,051-665-4671,부산광역시 연제구청,2026-04-17
거제3동-98,1,부산광역시 연제구 거제대로 154-3,부산광역시 연제구 거제동 596-24,35.18193495,129.0704361,,건축물,051-665-4671,부산광역시 연제구청,2026-04-17
거제3동-97,1,부산광역시 연제구 거제대로 154-3,부산광역시 연제구 거제동 596-24,35.18193495,129.0704361,,건축물,051-665-4671,부산광역시 연제구청,2026-04-17
거제3동-96,1,부산광역시 연제구 거제대로 156-1,부산광역시 연제구 거제동 608-8,35.18212573,129.0703006,,건축물,051-665-4671,부산광역시 연제구청,2026-04-17
거제3동-95,1,부산광역시 연제구 거제대로 158,부산광역시 연제구 거제동 596-1,35.18233971,129.0705669,,한전주,051-665-4671,부산광역시 연제구청,2026-04-17
연산1동-11,1,부산광역시 연제구 반송로77번길 8,부산광역시 연제구 연산동 582-64,35.19123822,129.0875386,,한전주,051-665-4671,부산광역시 연제구청,2026-04-17
거제1동-203,1,부산광역시 연제구 거제천로255번가길 33-1,부산광역시 연제구 거제동 1462-22,35.19302044,129.0868157,,건축물,051-665-4671,부산광역시 연제구청,2026-04-17
연산4동-282,1,부산광역시 연제구 세병로 35-5,부산광역시 연제구 연산동 579-67,35.19146473,129.083391,1998,건축물,051-665-4671,부산광역시 연제구청,2026-04-17
연산4동-285,1,부산광역시 연제구 거제천로 236,부산광역시 연제구 연산동 579-58,35.19189413,129.0827489,,한전주,051-665-4671,부산광역시 연제구청,2026-04-17
거제1동-220,1,부산광역시 연제구 거제천로225번길 25,부산광역시 연제구 거제동 1469-4,35.19313598,129.0809646,2000,한전주,051-665-4671,부산광역시 연제구청,2026-04-17
거제1동-9,1,부산광역시 연제구 거제천로 207,부산광역시 연제구 거제동 1-8,35.19136322,129.0796234,,한전주,051-665-4671,부산광역시 연제구청,2026-04-17
거제1동-2,1,부산광역시 연제구 거제대로 292-2,부산광역시 연제구 거제동 1-21,35.19182894,129.0789488,,건축물,051-665-4671,부산광역시 연제구청,2026-04-17
거제1동-1,1,부산광역시 연제구 거제대로 294-1,부산광역시 연제구 거제동 1-17,35.19198255,129.0789069,,건축물,051-665-4671,부산광역시 연제구청,2026-04-17
거제1동-4,1,부산광역시 연제구 중앙대로1175번길 24,부산광역시 연제구 거제동 1-39,35.19159361,129.0790183,1997,건축물,051-665-4671,부산광역시 연제구청,2026-04-17
거제1동-10,1,부산광역시 연제구 중앙대로1175번길 11,부산광역시 연제구 거제동 1-57,35.19207709,129.0794243,,건축물,051-665-4671,부산광역시 연제구청,2026-04-17
거제1동-8,1,부산광역시 연제구 중앙대로1175번길 31,부산광역시 연제구 거제동 1-71,35.19158991,129.0794727,,건축물,051-665-4671,부산광역시 연제구청,2026-04-17
거제1동-7,1,부산광역시 연제구 중앙대로 1171,부산광역시 연제구 거제동 1-68,35.19198353,129.0798074,,한전주,051-665-4671,부산광역시 연제구청,2026-04-17
거제1동-13,1,부산광역시 연제구 거제대로286번길 10-3,부산광역시 연제구 거제동 2-23,35.19078767,129.0784629,,한전주,051-665-4671,부산광역시 연제구청,2026-04-17
거제1동-14,1,부산광역시 연제구 거제대로286번길 10-1,부산광역시 연제구 거제동 2-26,35.19096636,129.0786409,,한전주,051-665-4671,부산광역시 연제구청,2026-04-17
거제1동-15,1,부산광역시 연제구 거제대로286번길 10,부산광역시 연제구 거제동 2-27,35.19103768,129.0787297,,한전주,051-665-4671,부산광역시 연제구청,2026-04-17
거제1동-5,1,부산광역시 연제구 거제대로286번길 15,부산광역시 연제구 거제동 1-46,35.19102573,129.079059,1998,건축물,051-665-4671,부산광역시 연제구청,2026-04-17
연산5동-7,1,부산광역시 연제구 월드컵대로 146-1,부산광역시 연제구 연산동 1127-15,35.18699279,129.0804879,,한전주,051-665-4671,부산광역시 연제구청,2026-04-17
연산5동-37,1,부산광역시 연제구 거제천로146번길 54,부산광역시 연제구 연산동 1288-5,35.18516858,129.0788497,,한전주,051-665-4671,부산광역시 연제구청,2026-04-17
연산5동-36,1,부산광역시 연제구 거제천로146번길 62,부산광역시 연제구 연산동 1288-16,35.18489506,129.0791974,,한전주,051-665-4671,부산광역시 연제구청,2026-04-17
연산1동-1,1,부산광역시 연제구 세병로 8,부산광역시 연제구 연산동 584-21,35.18916338,129.084711,1998,건축물,051-665-4671,부산광역시 연제구청,2026-04-17
연산1동-187,1,부산광역시 연제구 고분로13번길 72-2,부산광역시 연제구 연산동 615-60,35.18824338,129.0867849,,한전주,051-665-4671,부산광역시 연제구청,2026-04-17
연산1동-141,1,부산광역시 연제구 쌍미천로 175-2,부산광역시 연제구 연산동 615-103,35.18835679,129.0872037,1999,건축물,051-665-4671,부산광역시 연제구청,2026-04-17
연산1동-188,1,부산광역시 연제구 고분로13번길 70-1,부산광역시 연제구 연산동 615-145,35.18814601,129.086586,,건축물,051-665-4671,부산광역시 연제구청,2026-04-17
연산1동-177,1,부산광역시 연제구 반송로 62-17,부산광역시 연제구 연산동 589-23,35.18923084,129.0872373,1996,한전주,051-665-4671,부산광역시 연제구청,2026-04-17
연산1동-178,1,부산광역시 연제구 반송로 62-10,부산광역시 연제구 연산동 589-28,35.18936988,129.0868109,,한전주,051-665-4671,부산광역시 연제구청,2026-04-17
연산1동-179,1,부산광역시 연제구 반송로 62-8,부산광역시 연제구 연산동 589-29,35.18946079,129.0867243,,한전주,051-665-4671,부산광역시 연제구청,2026-04-17
연산1동-180,1,부산광역시 연제구 반송로 50-13,부산광역시 연제구 연산동 589-10,35.1886625,129.0862855,,한전주,051-665-4671,부산광역시 연제구청,2026-04-17
연산1동-182,1,부산광역시 연제구 반송로 52,부산광역시 연제구 연산동 589-9,35.18899031,129.0859165,1997,한전주,051-665-4671,부산광역시 연제구청,2026-04-17
연산1동-183,1,부산광역시 연제구 반송로 50,부산광역시 연제구 연산동 590-1,35.18892087,129.0856191,,건축물,051-665-4671,부산광역시 연제구청,2026-04-17
연산1동-184,1,부산광역시 연제구 반송로 46-2,부산광역시 연제구 연산동 590-52,35.18846954,129.085689,,한전주,051-665-4671,부산광역시 연제구청,2026-04-17
연산1동-2,1,부산광역시 연제구 세병로 10-4,부산광역시 연제구 연산동 584-7,35.18928114,129.0846467,,건축물,051-665-4671,부산광역시 연제구청,2026-04-17
연산4동-281,1,부산광역시 연제구 세병로 23,부산광역시 연제구 연산동 585-59,35.19051327,129.0839494,,건축물,051-665-4671,부산광역시 연제구청,2026-04-17
연산4동-280,1,부산광역시 연제구 중앙대로1150번길 52-1,부산광역시 연제구 연산동 585-54,35.19038916,129.0837171,,한전주,051-665-4671,부산광역시 연제구청,2026-04-17
연산5동-65,1,부산광역시 연제구 월드컵대로145번길 55,부산광역시 연제구 연산동 1384-3,35.1839929,129.0792843,1997,한전주,051-665-4671,부산광역시 연제구청,2026-04-17
연산5동-66,1,부산광역시 연제구 월드컵대로145번길 63,부산광역시 연제구 연산동 1384-4,35.18378698,129.0791279,1996,한전주,051-665-4671,부산광역시 연제구청,2026-04-17
연산5동-67,1,부산광역시 연제구 월드컵대로145번길 69,부산광역시 연제구 연산동 1384-20,35.1835549,129.0788723,1997,한전주,051-665-4671,부산광역시 연제구청,2026-04-17
연산4동-283,1,부산광역시 연제구 거제천로 238-10,부산광역시 연제구 연산동 579-63,35.19150432,129.0829963,,한전주,051-665-4671,부산광역시 연제구청,2026-04-17
연산4동-284,1,부산광역시 연제구 거제천로 238,부산광역시 연제구 연산동 579-6,35.19191088,129.0828919,,한전주,051-665-4671,부산광역시 연제구청,2026-04-17
연산4동-286,1,부산광역시 연제구 거제천로 236-9,부산광역시 연제구 연산동 579-54,35.1915056,129.0828536,,한전주,051-665-4671,부산광역시 연제구청,2026-04-17
연산5동-13,1,부산광역시 연제구 거제천로154번길 42,부산광역시 연제구 연산동 1255-4,35.18627676,129.0789083,1996,한전주,051-665-4671,부산광역시 연제구청,2026-04-17
연산5동-12,1,부산광역시 연제구 월드컵대로145번길 6,부산광역시 연제구 연산동 1241-3,35.18618565,129.080027,1996,한전주,051-665-4671,부산광역시 연제구청,2026-04-17
연산5동-17,1,부산광역시 연제구 월드컵대로165번길 13,부산광역시 연제구 연산동 1255-11,35.18651834,129.0781038,1997,한전주,051-665-4671,부산광역시 연제구청,2026-04-17
연산5동-23,1,부산광역시 연제구 거제천로152번길 21,부산광역시 연제구 연산동 1256-12,35.18652951,129.0778576,,한전주,051-665-4671,부산광역시 연제구청,2026-04-17
연산5동-25,1,부산광역시 연제구 거제천로152번길 31,부산광역시 연제구 연산동 1255-8,35.1862992,129.0784145,,한전주,051-665-4671,부산광역시 연제구청,2026-04-17
연산5동-26,1,부산광역시 연제구 거제천로152번길 39,부산광역시 연제구 연산동 1255-27,35.18610777,129.0786535,,한전주,051-665-4671,부산광역시 연제구청,2026-04-17
연산5동-27,1,부산광역시 연제구 월드컵대로153번길 22,부산광역시 연제구 연산동 1259-1,35.18578312,129.0786712,,한전주,051-665-4671,부산광역시 연제구청,2026-04-17
연산5동-29,1,부산광역시 연제구 거제천로152번길 52,부산광역시 연제구 연산동 1279-21,35.18560835,129.0790641,,한전주,051-665-4671,부산광역시 연제구청,2026-04-17
연산5동-42,1,부산광역시 연제구 거제천로146번길 27,부산광역시 연제구 연산동 1259-10,35.18593476,129.0778387,,건축물,051-665-4671,부산광역시 연제구청,2026-04-17
연산5동-40,1,부산광역시 연제구 거제천로146번길 36,부산광역시 연제구 연산동 1289-23,35.1854699,129.0780858,,한전주,051-665-4671,부산광역시 연제구청,2026-04-17
연산5동-266,1,부산광역시 연제구 중앙대로1076번길 11,부산광역시 연제구 연산동 707-3,35.18373573,129.080829,,한전주,051-665-4671,부산광역시 연제구청,2026-04-17
연산5동-265,1,부산광역시 연제구 중앙대로1076번길 11,부산광역시 연제구 연산동 707-3,35.18373573,129.080829,,한전주,051-665-4671,부산광역시 연제구청,2026-04-17
연산8동-127,1,부산광역시 연제구 과정로294번길 27,부산광역시 연제구 연산동 344-9,35.18925634,129.0944944,,한전주,051-665-4671,부산광역시 연제구청,2026-04-17
연산5동-34,1,부산광역시 연제구 월드컵대로145번길 41,부산광역시 연제구 연산동 1287-10,35.1846187,129.0798635,,한전주,051-665-4671,부산광역시 연제구청,2026-04-17
연산5동-33,1,부산광역시 연제구 중앙대로 1083,부산광역시 연제구 연산동 1287-7,35.18485049,129.080152,,한전주,051-665-4671,부산광역시 연제구청,2026-04-17
연산5동-32,1,부산광역시 연제구 월드컵대로145번길 24,부산광역시 연제구 연산동 1244-3,35.18539223,129.0800494,1997,한전주,051-665-4671,부산광역시 연제구청,2026-04-17
연산5동-31,1,부산광역시 연제구 거제천로152번길 66,부산광역시 연제구 연산동 1279-26,35.18524176,129.0797367,,한전주,051-665-4671,부산광역시 연제구청,2026-04-17
연산5동-30,1,부산광역시 연제구 거제천로152번길 59,부산광역시 연제구 연산동 1244-4,35.1856449,129.0797885,,한전주,051-665-4671,부산광역시 연제구청,2026-04-17
연산5동-63,1,부산광역시 연제구 중앙대로1075번길 8,부산광역시 연제구 연산동 1287-18,35.18439564,129.079608,,한전주,051-665-4671,부산광역시 연제구청,2026-04-17
연산5동-61,1,부산광역시 연제구 중앙대로1075번길 20,부산광역시 연제구 연산동 1288-27,35.18471549,129.0791182,,한전주,051-665-4671,부산광역시 연제구청,2026-04-17
연산5동-60,1,부산광역시 연제구 중앙대로1075번길 26,부산광역시 연제구 연산동 1288-21,35.18485254,129.0789114,,한전주,051-665-4671,부산광역시 연제구청,2026-04-17
연산5동-57,1,부산광역시 연제구 월드컵대로153번길 39,부산광역시 연제구 연산동 1288-7,35.18503623,129.0785295,,한전주,051-665-4671,부산광역시 연제구청,2026-04-17
연산5동-56,1,부산광역시 연제구 중앙대로1075번길 39,부산광역시 연제구 연산동 1293-11,35.1849601,129.0779686,,한전주,051-665-4671,부산광역시 연제구청,2026-04-17
연산5동-58,1,부산광역시 연제구 월드컵대로153번길 48,부산광역시 연제구 연산동 1293-10,35.18484186,129.0780878,,한전주,051-665-4671,부산광역시 연제구청,2026-04-17
연산5동-70,1,부산광역시 연제구 거제천로136번길 40,부산광역시 연제구 연산동 1299-18,35.18460204,129.0776894,,한전주,051-665-4671,부산광역시 연제구청,2026-04-17
연산5동-68,1,부산광역시 연제구 월드컵대로153번길 64,부산광역시 연제구 연산동 1299-2,35.18430501,129.0776415,,한전주,051-665-4671,부산광역시 연제구청,2026-04-17
거제1동-83,1,부산광역시 연제구 중앙대로1251번길 59,부산광역시 연제구 거제동 210-1,35.19766643,129.0752925,,건축물,051-665-4671,부산광역시 연제구청,2026-04-17
연산1동-68,1,부산광역시 연제구 신금로5번길 18-2,부산광역시 연제구 연산동 308-21,35.19010561,129.0931892,,건축물,051-665-4671,부산광역시 연제구청,2026-04-17
연산5동-95,1,부산광역시 연제구 중앙대로1065번길 2,부산광역시 연제구 연산동 1384-6,35.18336279,129.0791881,1997,건축물,051-665-4671,부산광역시 연제구청,2026-04-17
연산5동-94,1,부산광역시 연제구 중앙대로1065번길 17,부산광역시 연제구 연산동 1386-5,35.18357889,129.0781974,,건축물,051-665-4671,부산광역시 연제구청,2026-04-17
연산5동-93,1,부산광역시 연제구 중앙대로1065번길 25,부산광역시 연제구 연산동 1386-19,35.18384242,129.0779648,,건축물,051-665-4671,부산광역시 연제구청,2026-04-17
연산5동-96,1,부산광역시 연제구 월드컵대로145번길 73,부산광역시 연제구 연산동 1385-4,35.18342059,129.0787717,,한전주,051-665-4671,부산광역시 연제구청,2026-04-17
연산5동-102,1,부산광역시 연제구 거제천로124번길 55,부산광역시 연제구 연산동 1386-11,35.18357242,129.0780122,,한전주,051-665-4671,부산광역시 연제구청,2026-04-17
연산5동-9,1,부산광역시 연제구 월드컵대로145번길 19,부산광역시 연제구 연산동 1242-26,35.18555123,129.0804139,,한전주,051-665-4671,부산광역시 연제구청,2026-04-17
연산5동-272,1,부산광역시 연제구 월드컵대로119번길 11,부산광역시 연제구 연산동 709-14,35.18471096,129.0816434,,한전주,051-665-4671,부산광역시 연제구청,2026-04-17
연산5동-273,1,부산광역시 연제구 월드컵대로 119,부산광역시 연제구 연산동 709-15,35.1848243,129.0820731,1997,한전주,051-665-4671,부산광역시 연제구청,2026-04-17
연산5동-271,1,부산광역시 연제구 월드컵대로119번길 17,부산광역시 연제구 연산동 709-1,35.18458577,129.0815319,,한전주,051-665-4671,부산광역시 연제구청,2026-04-17
연산5동-276,1,부산광역시 연제구 월드컵대로99번길 38,부산광역시 연제구 연산동 708-2,35.18418294,129.0812192,,한전주,051-665-4671,부산광역시 연제구청,2026-04-17
연산5동-270,1,부산광역시 연제구 월드컵대로99번길 38,부산광역시 연제구 연산동 708-2,35.18418294,129.0812192,1996,한전주,051-665-4671,부산광역시 연제구청,2026-04-17
연산5동-278,1,부산광역시 연제구 월드컵대로99번길 20,부산광역시 연제구 연산동 710-10,35.18363392,129.0821341,,한전주,051-665-4671,부산광역시 연제구청,2026-04-17
연산5동-279,1,부산광역시 연제구 월드컵대로99번길 14,부산광역시 연제구 연산동 710-12,35.18355075,129.0824036,,한전주,051-665-4671,부산광역시 연제구청,2026-04-17
연산5동-268,1,부산광역시 연제구 중앙대로1076번길 10,부산광역시 연제구 연산동 703-2,35.18366638,129.0804695,1997,한전주,051-665-4671,부산광역시 연제구청,2026-04-17
연산4동-190,1,부산광역시 연제구 대리로12번가길 18,부산광역시 연제구 연산동 1150-16,35.18072707,129.0856417,,건축물,051-665-4671,부산광역시 연제구청,2026-04-17
거제1동-101,1,부산광역시 연제구 교대로16번길 58,부산광역시 연제구 거제동 238-1,35.19785487,129.0773816,,한전주,051-665-4671,부산광역시 연제구청,2026-04-17
거제1동-102,1,부산광역시 연제구 교대로16번길 60,부산광역시 연제구 거제동 238-4,35.19803659,129.0772521,,한전주,051-665-4671,부산광역시 연제구청,2026-04-17
거제1동-92,1,부산광역시 연제구 중앙대로1251번길 43-3,부산광역시 연제구 거제동 213-9,35.19783006,129.0761512,,건축물,051-665-4671,부산광역시 연제구청,2026-04-17
거제1동-93,1,부산광역시 연제구 중앙대로1251번길 33-14,부산광역시 연제구 거제동 213-11,35.19787424,129.0762506,,건축물,051-665-4671,부산광역시 연제구청,2026-04-17
거제1동-107,1,부산광역시 연제구 교대로22번길 7,부산광역시 연제구 거제동 249-15,35.19590065,129.0772129,,한전주,051-665-4671,부산광역시 연제구청,2026-04-17
거제1동-171,1,부산광역시 연제구 교대로54번길 31,부산광역시 연제구 거제동 359-3,35.19431598,129.0739746,,한전주,051-665-4671,부산광역시 연제구청,2026-04-17
거제1동-108,1,부산광역시 연제구 황새알로 15-2,부산광역시 연제구 거제동 357-12,35.19461675,129.0746154,,한전주,051-665-4671,부산광역시 연제구청,2026-04-17
거제1동-163,1,부산광역시 연제구 법원북로65번길 25,부산광역시 연제구 거제동 332-1,35.19445296,129.0747889,,건축물,051-665-4671,부산광역시 연제구청,2026-04-17
거제1동-164,1,부산광역시 연제구 황새알로 19-3,부산광역시 연제구 거제동 332-5,35.19439182,129.0745685,,건축물,051-665-4671,부산광역시 연제구청,2026-04-17
거제1동-172,1,부산광역시 연제구 교대로54번길 27,부산광역시 연제구 거제동 359-10,35.19423525,129.0739296,,한전주,051-665-4671,부산광역시 연제구청,2026-04-17
거제1동-178,1,부산광역시 연제구 법원북로65번길 9,부산광역시 연제구 거제동 381-12,35.19381871,129.0741437,2005,한전주,051-665-4671,부산광역시 연제구청,2026-04-17
거제1동-169,1,부산광역시 연제구 법원북로65번길 16,부산광역시 연제구 거제동 343-1,35.19389583,129.0745949,2005,한전주,051-665-4671,부산광역시 연제구청,2026-04-17
거제1동-167,1,부산광역시 연제구 교대로54번길 16-8,부산광역시 연제구 거제동 340-7,35.19399389,129.074717,,건축물,051-665-4671,부산광역시 연제구청,2026-04-17
거제1동-174,1,부산광역시 연제구 법원북로 59,부산광역시 연제구 거제동 366-2,35.19385847,129.0737269,2002,전용주,051-665-4671,부산광역시 연제구청,2026-04-17
거제1동-168,1,부산광역시 연제구 황새알로 21-3,부산광역시 연제구 거제동 340-11,35.19418915,129.0750566,,건축물,051-665-4671,부산광역시 연제구청,2026-04-17
연산4동-163,1,부산광역시 연제구 대리로6번길 7,부산광역시 연제구 연산동 1253-8,35.18086172,129.0847009,1996,건축물,051-665-4671,부산광역시 연제구청,2026-04-17
연산4동-6,1,부산광역시 연제구 대리로22번길 21,부산광역시 연제구 연산동 654-16,35.18055656,129.0865617,,한전주,051-665-4671,부산광역시 연제구청,2026-04-17
연산4동-300,1,부산광역시 연제구 대리로12번가길 3-1,부산광역시 연제구 연산동 1706-6,35.18031455,129.0854057,,건축물,051-665-4671,부산광역시 연제구청,2026-04-17
연산4동-182,1,부산광역시 연제구 대리로22번길 30,부산광역시 연제구 연산동 656-41,35.18015236,129.0863986,1996,건축물,051-665-4671,부산광역시 연제구청,2026-04-17
연산4동-183,1,부산광역시 연제구 대리로22번길 28-3,부산광역시 연제구 연산동 656-28,35.1801367,129.0861389,,건축물,051-665-4671,부산광역시 연제구청,2026-04-17
연산4동-186,1,부산광역시 연제구 월드컵대로58번길 19,부산광역시 연제구 연산동 656-33,35.17991552,129.0856749,,한전주,051-665-4671,부산광역시 연제구청,2026-04-17
연산4동-187,1,부산광역시 연제구 대리로12번가길 6-2,부산광역시 연제구 연산동 1707-1,35.18004278,129.0855558,,한전주,051-665-4671,부산광역시 연제구청,2026-04-17
연산6동-363,1,부산광역시 연제구 대리로6번길 31,부산광역시 연제구 연산동 657-50,35.17976644,129.0852118,1997,한전주,051-665-4671,부산광역시 연제구청,2026-04-17
연산4동-168,1,부산광역시 연제구 월드컵대로58번길 9,부산광역시 연제구 연산동 1705-3,35.17992907,129.0851679,,한전주,051-665-4671,부산광역시 연제구청,2026-04-17
연산4동-166,1,부산광역시 연제구 대리로6번길 17,부산광역시 연제구 연산동 1155-2,35.18035464,129.0849561,,한전주,051-665-4671,부산광역시 연제구청,2026-04-17
연산4동-170,1,부산광역시 연제구 대리로12번길 26,부산광역시 연제구 연산동 1707-7,35.18005495,129.0851998,2000,건축물,051-665-4671,부산광역시 연제구청,2026-04-17
연산4동-217,1,부산광역시 연제구 쌍미천로 104-4,부산광역시 연제구 연산동 1135-72,35.18190683,129.0877654,,한전주,051-665-4671,부산광역시 연제구청,2026-04-17
연산4동-20,1,부산광역시 연제구 쌍미천로103번길 18,부산광역시 연제구 연산동 650-9,35.18199146,129.0863722,,한전주,051-665-4671,부산광역시 연제구청,2026-04-17
연산4동-23,1,부산광역시 연제구 쌍미천로109번길 13,부산광역시 연제구 연산동 650-4,35.18228711,129.0865738,,건축물,051-665-4671,부산광역시 연제구청,2026-04-17
연산4동-22,1,부산광역시 연제구 고분로32번길 73,부산광역시 연제구 연산동 650-5,35.1823179,129.086157,1996,건축물,051-665-4671,부산광역시 연제구청,2026-04-17
연산4동-26,1,부산광역시 연제구 월드컵대로92번길 65,부산광역시 연제구 연산동 647-30,35.18290455,129.0870761,1996,한전주,051-665-4671,부산광역시 연제구청,2026-04-17
연산4동-102,1,부산광역시 연제구 월드컵대로92번길 17,부산광역시 연제구 연산동 1230-57,35.18285679,129.0843636,,한전주,051-665-4671,부산광역시 연제구청,2026-04-17
연산4동-180,1,부산광역시 연제구 대리로22번가길 8,부산광역시 연제구 연산동 1150-5,35.18084485,129.0859008,,건축물,051-665-4671,부산광역시 연제구청,2026-04-17
연산4동-179,1,부산광역시 연제구 대리로 20,부산광역시 연제구 연산동 656-30,35.1813555,129.0859246,,건축물,051-665-4671,부산광역시 연제구청,2026-04-17
연산4동-178,1,부산광역시 연제구 대리로22번가길 20,부산광역시 연제구 연산동 1149-5,35.18111255,129.0858774,2000,건축물,051-665-4671,부산광역시 연제구청,2026-04-17
연산4동-177,1,부산광역시 연제구 대리로 18-12,부산광역시 연제구 연산동 1147-11,35.18118761,129.0855491,,건축물,051-665-4671,부산광역시 연제구청,2026-04-17
연산4동-160,1,부산광역시 연제구 대리로 12,부산광역시 연제구 연산동 1161-1,35.1812174,129.0852421,,한전주,051-665-4671,부산광역시 연제구청,2026-04-17
연산4동-159,1,부산광역시 연제구 대리로 16,부산광역시 연제구 연산동 1147-12,35.18127773,129.0855503,,한전주,051-665-4671,부산광역시 연제구청,2026-04-17
연산4동-90,1,부산광역시 연제구 대리로 17,부산광역시 연제구 연산동 1147-3,35.18145681,129.0856844,,건축물,051-665-4671,부산광역시 연제구청,2026-04-17
연산4동-88,1,부산광역시 연제구 대리로19번길 3,부산광역시 연제구 연산동 1146-2,35.18149759,129.0857618,,건축물,051-665-4671,부산광역시 연제구청,2026-04-17
연산4동-91,1,부산광역시 연제구 대리로19번길 5,부산광역시 연제구 연산동 1147-1,35.18154772,129.0855978,,건축물,051-665-4671,부산광역시 연제구청,2026-04-17
연산4동-92,1,부산광역시 연제구 대리로 13-5,부산광역시 연제구 연산동 1177,35.18154159,129.0853273,,건축물,051-665-4671,부산광역시 연제구청,2026-04-17
연산4동-87,1,부산광역시 연제구 대리로19번길 9,부산광역시 연제구 연산동 1179,35.1816839,129.0854898,,건축물,051-665-4671,부산광역시 연제구청,2026-04-17
연산4동-13,1,부산광역시 연제구 대리로22번길 13,부산광역시 연제구 연산동 654-30,35.18086368,129.0864889,,한전주,051-665-4671,부산광역시 연제구청,2026-04-17
연산4동-14,1,부산광역시 연제구 대리로22번길 1,부산광역시 연제구 연산동 653-6,35.18134264,129.0863526,,한전주,051-665-4671,부산광역시 연제구청,2026-04-17
연산4동-89,1,부산광역시 연제구 대리로 21,부산광역시 연제구 연산동 651-18,35.18148921,129.0860911,,건축물,051-665-4671,부산광역시 연제구청,2026-04-17
연산4동-82,1,부산광역시 연제구 월드컵대로92번길 37,부산광역시 연제구 연산동 646-15,35.18297253,129.0855289,1998,한전주,051-665-4671,부산광역시 연제구청,2026-04-17
연산4동-93,1,부산광역시 연제구 대리로5번가길 10,부산광역시 연제구 연산동 1184-2,35.18174241,129.0849965,,건축물,051-665-4671,부산광역시 연제구청,2026-04-17
연산4동-86,1,부산광역시 연제구 대리로19번길 18,부산광역시 연제구 연산동 651-33,35.18212494,129.0855616,,한전주,051-665-4671,부산광역시 연제구청,2026-04-17
연산4동-164,1,부산광역시 연제구 대리로6번길 5-1,부산광역시 연제구 연산동 1253-3,35.18097829,129.0847668,,한전주,051-665-4671,부산광역시 연제구청,2026-04-17
연산4동-175,1,부산광역시 연제구 대리로12번길 9,부산광역시 연제구 연산동 1152-5,35.18081055,129.0853794,,한전주,051-665-4671,부산광역시 연제구청,2026-04-17
연산4동-167,1,부산광역시 연제구 대리로6번길 3,부산광역시 연제구 연산동 1165-2,35.18104217,129.0846798,2003,한전주,051-665-4671,부산광역시 연제구청,2026-04-17
연산4동-156,1,부산광역시 연제구 월드컵대로 76,부산광역시 연제구 연산동 700-8,35.18129053,129.0841232,2003,건축물,051-665-4671,부산광역시 연제구청,2026-04-17
연산4동-154,1,부산광역시 연제구 대리로5번길 9,부산광역시 연제구 연산동 700-7,35.18142454,129.0842567,2003,건축물,051-665-4671,부산광역시 연제구청,2026-04-17
연산4동-151,1,부산광역시 연제구 대리로5번가길 2,부산광역시 연제구 연산동 1189,35.18171079,129.0845021,,건축물,051-665-4671,부산광역시 연제구청,2026-04-17
연산4동-143,1,부산광역시 연제구 대리로5번길 24-6,부산광역시 연제구 연산동 1195,35.18215291,129.084453,1996,건축물,051-665-4671,부산광역시 연제구청,2026-04-17
연산4동-148,1,부산광역시 연제구 월드컵대로 90-12,부산광역시 연제구 연산동 700-38,35.18211247,129.0839365,,건축물,051-665-4671,부산광역시 연제구청,2026-04-17
연산4동-172,1,부산광역시 연제구 대리로12번길 16,부산광역시 연제구 연산동 1154-1,35.18046131,129.0851222,,건축물,051-665-4671,부산광역시 연제구청,2026-04-17
연산4동-158,1,부산광역시 연제구 고분로20번길 94,부산광역시 연제구 연산동 1173,35.18150916,129.0848727,1997,한전주,051-665-4671,부산광역시 연제구청,2026-04-17
연산4동-96,1,부산광역시 연제구 고분로20번길 79-3,부산광역시 연제구 연산동 1212-2,35.18222999,129.0849042,,건축물,051-665-4671,부산광역시 연제구청,2026-04-17
연산4동-142,1,부산광역시 연제구 고분로20번길 66,부산광역시 연제구 연산동 1230-68,35.18265664,129.0845695,,한전주,051-665-4671,부산광역시 연제구청,2026-04-17
연산4동-97,1,부산광역시 연제구 대리로19번길 25-3,부산광역시 연제구 연산동 1206,35.18217207,129.0852405,,건축물,051-665-4671,부산광역시 연제구청,2026-04-17
연산4동-98,1,부산광역시 연제구 대리로19번길 25-3,부산광역시 연제구 연산동 1206,35.18217207,129.0852405,,건축물,051-665-4671,부산광역시 연제구청,2026-04-17
연산4동-104,1,부산광역시 연제구 월드컵대로92번길 19-9,부산광역시 연제구 연산동 1230-30,35.18298622,129.0839978,,한전주,051-665-4671,부산광역시 연제구청,2026-04-17
연산4동-161,1,부산광역시 연제구 대리로 10,부산광역시 연제구 연산동 1164,35.1811125,129.0848784,1996,한전주,051-665-4671,부산광역시 연제구청,2026-04-17
연산4동-157,1,부산광역시 연제구 대리로 9,부산광역시 연제구 연산동 1172,35.1813191,129.084958,,한전주,051-665-4671,부산광역시 연제구청,2026-04-17
연산4동-162,1,부산광역시 연제구 대리로6번길 3,부산광역시 연제구 연산동 1165-2,35.18104217,129.0846798,,한전주,051-665-4671,부산광역시 연제구청,2026-04-17
연산4동-94,1,부산광역시 연제구 대리로5번가길 15,부산광역시 연제구 연산동 1202,35.18196645,129.0851422,,한전주,051-665-4671,부산광역시 연제구청,2026-04-17
연산4동-146,1,부산광역시 연제구 고분로20번길 84,부산광역시 연제구 연산동 1198,35.18189878,129.0846473,,한전주,051-665-4671,부산광역시 연제구청,2026-04-17
연산4동-139,1,부산광역시 연제구 대리로5번길 26-3,부산광역시 연제구 연산동 1222-1,35.18234483,129.0841592,,한전주,051-665-4671,부산광역시 연제구청,2026-04-17
연산4동-147,1,부산광역시 연제구 월드컵대로 90-2,부산광역시 연제구 연산동 700-1,35.1822318,129.0836965,,한전주,051-665-4671,부산광역시 연제구청,2026-04-17
연산4동-141,1,부산광역시 연제구 대리로5번길 26-6,부산광역시 연제구 연산동 1215-1,35.18251352,129.0843939,,건축물,051-665-4671,부산광역시 연제구청,2026-04-17
연산4동-101,1,부산광역시 연제구 고분로20번길 60,부산광역시 연제구 연산동 1230-69,35.18298199,129.084475,,건축물,051-665-4671,부산광역시 연제구청,2026-04-17
연산4동-100,1,부산광역시 연제구 대리로19번길 25-11,부산광역시 연제구 연산동 1230-42,35.18254543,129.0849084,,건축물,051-665-4671,부산광역시 연제구청,2026-04-17
연산4동-99,1,부산광역시 연제구 대리로19번길 25-10,부산광역시 연제구 연산동 1208-11,35.1825706,129.0851173,,건축물,051-665-4671,부산광역시 연제구청,2026-04-17
연산4동-10,1,부산광역시 연제구 쌍미천로93번길 3,부산광역시 연제구 연산동 654-8,35.18083767,129.0873779,,한전주,051-665-4671,부산광역시 연제구청,2026-04-17
연산4동-17,1,부산광역시 연제구 대리로 33,부산광역시 연제구 연산동 652-36,35.18146886,129.0873534,,건축물,051-665-4671,부산광역시 연제구청,2026-04-17
연산4동-16,1,부산광역시 연제구 대리로 32,부산광역시 연제구 연산동 653-26,35.18130781,129.0872195,1996,한전주,051-665-4671,부산광역시 연제구청,2026-04-17
연산4동-15,1,부산광역시 연제구 대리로 26-1,부산광역시 연제구 연산동 653-3,35.18132968,129.0867916,,한전주,051-665-4671,부산광역시 연제구청,2026-04-17
연산4동-21,1,부산광역시 연제구 고분로32번길 87,부산광역시 연제구 연산동 652-9,35.18173108,129.086259,,건축물,051-665-4671,부산광역시 연제구청,2026-04-17
연산4동-19,1,부산광역시 연제구 쌍미천로103번길 14,부산광역시 연제구 연산동 650-12,35.18197068,129.0866794,,한전주,051-665-4671,부산광역시 연제구청,2026-04-17
거제1동-78,1,부산광역시 연제구 여고로 78-6,부산광역시 연제구 거제동 207-25,35.19605321,129.0722185,,한전주,051-665-4671,부산광역시 연제구청,2026-04-17
거제2동-287,1,부산광역시 연제구 아시아드대로64번길 22,부산광역시 연제구 거제동 1056-14,35.19001741,129.0687682,,건축물,051-665-4671,부산광역시 연제구청,2026-04-17
거제2동-231,1,부산광역시 연제구 아시아드대로46번길 45,부산광역시 연제구 거제동 904-1,35.18847696,129.0707024,,한전주,051-665-4671,부산광역시 연제구청,2026-04-17
연산4동-75,1,부산광역시 연제구 쌍미천로119번길 31,부산광역시 연제구 연산동 646-22,35.18328035,129.0853793,1998,건축물,051-665-4671,부산광역시 연제구청,2026-04-17
연산4동-36,1,부산광역시 연제구 쌍미천로129번길 21,부산광역시 연제구 연산동 642-24,35.18418571,129.0859403,,한전주,051-665-4671,부산광역시 연제구청,2026-04-17
연산4동-46,1,부산광역시 연제구 쌍미천로141번길 17,부산광역시 연제구 연산동 638-16,35.18513048,129.0861286,,한전주,051-665-4671,부산광역시 연제구청,2026-04-17
연산4동-47,1,부산광역시 연제구 쌍미천로141번길 15-1,부산광역시 연제구 연산동 638-14,35.18502956,129.0863249,,한전주,051-665-4671,부산광역시 연제구청,2026-04-17
연산4동-49,1,부산광역시 연제구 쌍미천로141번길 5,부산광역시 연제구 연산동 638-1,35.18505078,129.0869729,,한전주,051-665-4671,부산광역시 연제구청,2026-04-17
연산4동-43,1,부산광역시 연제구 쌍미천로135번길 11,부산광역시 연제구 연산동 639-22,35.18464925,129.0865174,,한전주,051-665-4671,부산광역시 연제구청,2026-04-17
연산4동-44,1,부산광역시 연제구 쌍미천로135번길 15,부산광역시 연제구 연산동 639-7,35.18465181,129.086232,1997,건축물,051-665-4671,부산광역시 연제구청,2026-04-17
연산4동-41,1,부산광역시 연제구 쌍미천로135번길 5,부산광역시 연제구 연산동 639-5,35.18464659,129.0868138,1997,한전주,051-665-4671,부산광역시 연제구청,2026-04-17
연산4동-38,1,부산광역시 연제구 쌍미천로129번길 13,부산광역시 연제구 연산동 642-12,35.18416384,129.0863682,,한전주,051-665-4671,부산광역시 연제구청,2026-04-17
연산4동-33,1,부산광역시 연제구 쌍미천로125번길 7,부산광역시 연제구 연산동 643-27,35.18371074,129.0866367,,한전주,051-665-4671,부산광역시 연제구청,2026-04-17
연산4동-35,1,부산광역시 연제구 쌍미천로125번길 15,부산광역시 연제구 연산동 643-17,35.18366041,129.0862188,,한전주,051-665-4671,부산광역시 연제구청,2026-04-17
연산4동-28,1,부산광역시 연제구 쌍미천로119번길 18,부산광역시 연제구 연산동 643-7,35.18339943,129.0861714,,한전주,051-665-4671,부산광역시 연제구청,2026-04-17
연산4동-29,1,부산광역시 연제구 쌍미천로119번길 8,부산광역시 연제구 연산동 643-24,35.18338637,129.0866214,,한전주,051-665-4671,부산광역시 연제구청,2026-04-17
거제2동-240,1,부산광역시 연제구 아시아드대로64번길 20-4,부산광역시 연제구 거제동 987-1,35.19007421,129.0684615,,건축물,051-665-4671,부산광역시 연제구청,2026-04-17
거제2동-237,1,부산광역시 연제구 아시아드대로64번길 11,부산광역시 연제구 거제동 1081-2,35.19046215,129.0684227,,한전주,051-665-4671,부산광역시 연제구청,2026-04-17
거제2동-267,1,부산광역시 연제구 월드컵대로248번길 15,부산광역시 연제구 거제동 1040-2,35.19099725,129.0711089,,한전주,051-665-4671,부산광역시 연제구청,2026-04-17
연산4동-40,1,부산광역시 연제구 쌍미천로129번길 3,부산광역시 연제구 연산동 642-30,35.18411385,129.0869165,,한전주,051-665-4671,부산광역시 연제구청,2026-04-17
연산4동-37,1,부산광역시 연제구 쌍미천로129번길 17-1,부산광역시 연제구 연산동 642-22,35.18408529,129.0860817,,건축물,051-665-4671,부산광역시 연제구청,2026-04-17
거제1동-72,1,부산광역시 연제구 법원북로41번길 12,부산광역시 연제구 거제동 203-6,35.19462562,129.0715848,1996,한전주,051-665-4671,부산광역시 연제구청,2026-04-17
거제1동-71,1,부산광역시 연제구 법원북로41번길 16,부산광역시 연제구 거제동 203-4,35.19474278,129.0715864,,한전주,051-665-4671,부산광역시 연제구청,2026-04-17
거제1동-68,1,부산광역시 연제구 아시아드대로108번길 66,부산광역시 연제구 거제동 199-14,35.19478052,129.070379,1998,한전주,051-665-4671,부산광역시 연제구청,2026-04-17
거제1동-70,1,부산광역시 연제구 법원북로41번길 20,부산광역시 연제구 거제동 203-1,35.19496956,129.0714246,,한전주,051-665-4671,부산광역시 연제구청,2026-04-17
거제1동-66,1,부산광역시 연제구 여고로52번길 29,부산광역시 연제구 거제동 199-19,35.19442057,129.0701323,2002,한전주,051-665-4671,부산광역시 연제구청,2026-04-17
거제1동-181,1,부산광역시 연제구 법원북로 23,부산광역시 연제구 거제동 1474,35.19423483,129.0695559,2002,한전주,051-665-4671,부산광역시 연제구청,2026-04-17
거제1동-155,1,부산광역시 연제구 법원북로 13,부산광역시 연제구 거제동 1475,35.19372062,129.0689376,,건축물,051-665-4671,부산광역시 연제구청,2026-04-17
거제1동-76,1,부산광역시 연제구 미남로 20,부산광역시 연제구 거제동 207-1,35.19593964,129.0718107,1998,한전주,051-665-4671,부산광역시 연제구청,2026-04-17
거제1동-77,1,부산광역시 연제구 미남로18번길 7,부산광역시 연제구 거제동 207-19,35.19600158,129.0720969,,전용주,051-665-4671,부산광역시 연제구청,2026-04-17
거제1동-80,1,부산광역시 연제구 미남로18번길 17,부산광역시 연제구 거제동 207-36,35.19607606,129.072691,,한전주,051-665-4671,부산광역시 연제구청,2026-04-17
거제1동-79,1,부산광역시 연제구 여고로 78-9,부산광역시 연제구 거제동 207-31,35.19626747,129.072452,,한전주,051-665-4671,부산광역시 연제구청,2026-04-17
거제4동-1,1,부산광역시 연제구 해맞이로 105,부산광역시 연제구 거제동 815-78,35.18358263,129.069661,1996,한전주,051-665-4671,부산광역시 연제구청,2026-04-17
거제4동-9,1,부산광역시 연제구 해맞이로105번길 13,부산광역시 연제구 거제동 815-66,35.18345374,129.0689457,,한전주,051-665-4671,부산광역시 연제구청,2026-04-17
거제4동-55,1,부산광역시 연제구 해맞이로105번길 20,부산광역시 연제구 거제동 815-56,35.18355589,129.0686066,,한전주,051-665-4671,부산광역시 연제구청,2026-04-17
거제2동-273,1,부산광역시 연제구 법원로 2,부산광역시 연제구 거제동 1167-15,35.18970721,129.0722448,,한전주,051-665-4671,부산광역시 연제구청,2026-04-17
거제2동-277,1,부산광역시 연제구 월드컵대로 224,부산광역시 연제구 거제동 1189-1,35.18945997,129.0726808,,한전주,051-665-4671,부산광역시 연제구청,2026-04-17
거제2동-276,1,부산광역시 연제구 법원로 4-3,부산광역시 연제구 거제동 1166-16,35.1896848,129.0727387,,한전주,051-665-4671,부산광역시 연제구청,2026-04-17
거제2동-274,1,부산광역시 연제구 법원로8번길 6,부산광역시 연제구 거제동 1166-31,35.18983783,129.0727626,,건축물,051-665-4671,부산광역시 연제구청,2026-04-17
거제2동-275,1,부산광역시 연제구 법원로8번길 2,부산광역시 연제구 거제동 1166-7,35.18998369,129.0725779,,건축물,051-665-4671,부산광역시 연제구청,2026-04-17
거제2동-272,1,부산광역시 연제구 법원로 3-16,부산광역시 연제구 거제동 1166-3,35.19018927,129.0717571,,한전주,051-665-4671,부산광역시 연제구청,2026-04-17
거제2동-269,1,부산광역시 연제구 월드컵대로248번길 15,부산광역시 연제구 거제동 1040-2,35.19099725,129.0711089,,건축물,051-665-4671,부산광역시 연제구청,2026-04-17
거제2동-285,1,부산광역시 연제구 월드컵대로243번길 8,부산광역시 연제구 거제동 1032-2,35.18968062,129.0701583,1998,건축물,051-665-4671,부산광역시 연제구청,2026-04-17
거제2동-286,1,부산광역시 연제구 아시아드대로54번길 32,부산광역시 연제구 거제동 1017-2,35.18971125,129.0697524,,한전주,051-665-4671,부산광역시 연제구청,2026-04-17
거제2동-234,1,부산광역시 연제구 아시아드대로54번길 13,부산광역시 연제구 거제동 1056-6,35.1897574,129.0686111,1996,한전주,051-665-4671,부산광역시 연제구청,2026-04-17
거제2동-233,1,부산광역시 연제구 아시아드대로46번길 11-9,부산광역시 연제구 거제동 1014,35.18907862,129.0686794,1997,한전주,051-665-4671,부산광역시 연제구청,2026-04-17
거제2동-235,1,부산광역시 연제구 아시아드대로54번길 3,부산광역시 연제구 거제동 987-18,35.18946327,129.0682339,1996,한전주,051-665-4671,부산광역시 연제구청,2026-04-17
거제2동-241,1,부산광역시 연제구 아시아드대로64번길 20-4,부산광역시 연제구 거제동 987-1,35.19007421,129.0684615,,건축물,051-665-4671,부산광역시 연제구청,2026-04-17
거제2동-210,1,부산광역시 연제구 아시아드대로19번길 14-2,부산광역시 연제구 거제동 867-32,35.18707719,129.0689602,,한전주,051-665-4671,부산광역시 연제구청,2026-04-17
거제3동-8,1,부산광역시 연제구 거제대로230번길 14-1,부산광역시 연제구 거제동 38-38,35.18745342,129.0743123,2001,건축물,051-665-4671,부산광역시 연제구청,2026-04-17
연산5동-113,1,부산광역시 연제구 거제천로124번길 5,부산광역시 연제구 연산동 1478-9,35.18471093,129.0755827,,전용주,051-665-4671,부산광역시 연제구청,2026-04-17
거제2동-265,1,부산광역시 연제구 월드컵대로248번길 7,부산광역시 연제구 거제동 1096-4,35.19081293,129.0705465,,한전주,051-665-4671,부산광역시 연제구청,2026-04-17
거제2동-264,1,부산광역시 연제구 월드컵대로248번길 3,부산광역시 연제구 거제동 1095-12,35.19065129,129.0704785,,한전주,051-665-4671,부산광역시 연제구청,2026-04-17
거제2동-266,1,부산광역시 연제구 월드컵대로248번길 13,부산광역시 연제구 거제동 1097,35.19084568,129.0709202,,한전주,051-665-4671,부산광역시 연제구청,2026-04-17
거제2동-262,1,부산광역시 연제구 월드컵대로252번길 12,부산광역시 연제구 거제동 1094-5,35.19113944,129.0703202,1996,한전주,051-665-4671,부산광역시 연제구청,2026-04-17
거제4동-4,1,부산광역시 연제구 해맞이로109번길 9,부산광역시 연제구 거제동 815-41,35.18380175,129.0693455,,한전주,051-665-4671,부산광역시 연제구청,2026-04-17
거제3동-64,1,부산광역시 연제구 거제대로178번길 22-2,부산광역시 연제구 거제동 491-10,35.18391167,129.0722015,,건축물,051-665-4671,부산광역시 연제구청,2026-04-17
거제3동-66,1,부산광역시 연제구 거제대로178번길 40-2,부산광역시 연제구 거제동 552-3,35.18382988,129.0722773,2000,건축물,051-665-4671,부산광역시 연제구청,2026-04-17
거제3동-65,1,부산광역시 연제구 거제대로178번길 36,부산광역시 연제구 거제동 453-26,35.18414513,129.0723034,,건축물,051-665-4671,부산광역시 연제구청,2026-04-17
거제3동-58,1,부산광역시 연제구 거제대로188번길 24,부산광역시 연제구 거제동 834,35.18448493,129.0715942,,전용주,051-665-4671,부산광역시 연제구청,2026-04-17
거제3동-53,1,부산광역시 연제구 거제대로178번길 25,부산광역시 연제구 거제동 840-7,35.18433868,129.0718229,,건축물,051-665-4671,부산광역시 연제구청,2026-04-17
거제3동-54,1,부산광역시 연제구 거제대로188번길 14,부산광역시 연제구 거제동 837-2,35.18479039,129.071708,1996,건축물,051-665-4671,부산광역시 연제구청,2026-04-17
거제3동-55,1,부산광역시 연제구 거제대로 188,부산광역시 연제구 거제동 836-34,35.18492928,129.0712927,,건축물,051-665-4671,부산광역시 연제구청,2026-04-17
거제4동-5,1,부산광역시 연제구 해맞이로105번길 5,부산광역시 연제구 거제동 815-64,35.18342263,129.0694064,,한전주,051-665-4671,부산광역시 연제구청,2026-04-17
연산4동-258,1,부산광역시 연제구 쌍미천로155번길 37-2,부산광역시 연제구 연산동 630-34,35.1863837,129.0850912,,건축물,051-665-4671,부산광역시 연제구청,2026-04-17
연산4동-261,1,부산광역시 연제구 쌍미천로151번길 42,부산광역시 연제구 연산동 630-22,35.18628604,129.0849252,,건축물,051-665-4671,부산광역시 연제구청,2026-04-17
연산4동-260,1,부산광역시 연제구 쌍미천로151번길 42,부산광역시 연제구 연산동 630-22,35.18628604,129.0849252,,건축물,051-665-4671,부산광역시 연제구청,2026-04-17
거제4동-3,1,부산광역시 연제구 해맞이로109번길 7,부산광역시 연제구 거제동 815-40,35.18383644,129.0694996,,한전주,051-665-4671,부산광역시 연제구청,2026-04-17
거제4동-10,1,부산광역시 연제구 해맞이로109번길 15,부산광역시 연제구 거제동 815-43,35.18377791,129.0689828,,한전주,051-665-4671,부산광역시 연제구청,2026-04-17
거제4동-54,1,부산광역시 연제구 해맞이로109번길 25,부산광역시 연제구 거제동 815-45,35.18371393,129.0685956,,한전주,051-665-4671,부산광역시 연제구청,2026-04-17
거제4동-52,1,부산광역시 연제구 해맞이로113번길 27,부산광역시 연제구 거제동 815-26,35.18410187,129.0685698,,한전주,051-665-4671,부산광역시 연제구청,2026-04-17
거제4동-13,1,부산광역시 연제구 해맞이로117번길 13,부산광역시 연제구 거제동 815-9,35.1845943,129.0694218,1997,한전주,051-665-4671,부산광역시 연제구청,2026-04-17
거제4동-15,1,부산광역시 연제구 해맞이로117번길 15,부산광역시 연제구 거제동 815-10,35.18454138,129.0692893,,한전주,051-665-4671,부산광역시 연제구청,2026-04-17
거제4동-19,1,부산광역시 연제구 해맞이로117번길 16,부산광역시 연제구 거제동 815-5,35.18479345,129.0693255,1996,건축물,051-665-4671,부산광역시 연제구청,2026-04-17
거제4동-22,1,부산광역시 연제구 해맞이로 121-1,부산광역시 연제구 거제동 817-15,35.18504754,129.0701523,,한전주,051-665-4671,부산광역시 연제구청,2026-04-17
거제4동-25,1,부산광역시 연제구 해맞이로127번길 7,부산광역시 연제구 거제동 817-32,35.18539701,129.0700091,2002,한전주,051-665-4671,부산광역시 연제구청,2026-04-17
거제4동-23,1,부산광역시 연제구 해맞이로123번길 12,부산광역시 연제구 거제동 817-11,35.18519791,129.0696603,,한전주,051-665-4671,부산광역시 연제구청,2026-04-17
거제4동-24,1,부산광역시 연제구 해맞이로127번길 15,부산광역시 연제구 거제동 817-6,35.18536746,129.0696515,1997,한전주,051-665-4671,부산광역시 연제구청,2026-04-17
거제4동-26,1,부산광역시 연제구 해맞이로127번길 23,부산광역시 연제구 거제동 817-8,35.18528102,129.0692331,,한전주,051-665-4671,부산광역시 연제구청,2026-04-17
거제2동-215,1,부산광역시 연제구 아시아드대로 8,부산광역시 연제구 거제동 879-13,35.18628616,129.0707505,1997,건축물,051-665-4671,부산광역시 연제구청,2026-04-17
거제1동-58,1,부산광역시 연제구 교대로22번길 45,부산광역시 연제구 거제동 121-26,35.1965346,129.0789013,,한전주,051-665-4671,부산광역시 연제구청,2026-04-17
거제1동-43,1,부산광역시 연제구 교대로22번길 36,부산광역시 연제구 거제동 89-74,35.19661091,129.0784302,,한전주,051-665-4671,부산광역시 연제구청,2026-04-17
거제1동-45,1,부산광역시 연제구 교대로16번길 20,부산광역시 연제구 거제동 89-75,35.1964238,129.0781861,,한전주,051-665-4671,부산광역시 연제구청,2026-04-17
연산5동-264,1,부산광역시 연제구 중앙대로1076번길 18,부산광역시 연제구 연산동 706-2,35.18335543,129.0810215,,한전주,051-665-4671,부산광역시 연제구청,2026-04-17
연산5동-263,1,부산광역시 연제구 중앙대로1076번길 26,부산광역시 연제구 연산동 706-10,35.18322699,129.0812724,,한전주,051-665-4671,부산광역시 연제구청,2026-04-17
연산5동-269,1,부산광역시 연제구 중앙대로1076번길 11,부산광역시 연제구 연산동 707-3,35.18373573,129.080829,,한전주,051-665-4671,부산광역시 연제구청,2026-04-17
연산5동-267,1,부산광역시 연제구 월드컵대로119번길 48,부산광역시 연제구 연산동 703-10,35.1835499,129.0804422,,건축물,051-665-4671,부산광역시 연제구청,2026-04-17
연산5동-275,1,부산광역시 연제구 월드컵대로111번길 6-13,부산광역시 연제구 연산동 708-10,35.18427815,129.0816596,,건축물,051-665-4671,부산광역시 연제구청,2026-04-17
연산5동-274,1,부산광역시 연제구 월드컵대로111번길 6-16,부산광역시 연제구 연산동 709-17,35.18453835,129.0817948,,건축물,051-665-4671,부산광역시 연제구청,2026-04-17
연산4동-119,1,부산광역시 연제구 월드컵대로120번길 3-8,부산광역시 연제구 연산동 739-13,35.18546028,129.0825207,1998,한전주,051-665-4671,부산광역시 연제구청,2026-04-17
연산4동-117,1,부산광역시 연제구 월드컵대로120번길 5,부산광역시 연제구 연산동 739-16,35.18517069,129.0826486,,한전주,051-665-4671,부산광역시 연제구청,2026-04-17
연산5동-16,1,부산광역시 연제구 월드컵대로165번길 5,부산광역시 연제구 연산동 1143-12,35.18676855,129.0783438,,한전주,051-665-4671,부산광역시 연제구청,2026-04-17
연산4동-128,1,부산광역시 연제구 대리로5번길 58,부산광역시 연제구 연산동 1234-10,35.18361026,129.0837697,,건축물,051-665-4671,부산광역시 연제구청,2026-04-17
연산4동-109,1,부산광역시 연제구 고분로20번가길 16,부산광역시 연제구 연산동 767-62,35.18449008,129.0841657,,한전주,051-665-4671,부산광역시 연제구청,2026-04-17
연산4동-51,1,부산광역시 연제구 쌍미천로141번길 30,부산광역시 연제구 연산동 636-14,35.18530684,129.0855579,,건축물,051-665-4671,부산광역시 연제구청,2026-04-17
연산4동-259,1,부산광역시 연제구 쌍미천로155번길 37-1,부산광역시 연제구 연산동 630-32,35.18647383,129.0850924,,건축물,051-665-4671,부산광역시 연제구청,2026-04-17
거제1동-205,1,부산광역시 연제구 온천천공원길 60-4,부산광역시 연제구 거제동 1462-56,35.19354805,129.0872839,,건축물,051-665-4671,부산광역시 연제구청,2026-04-17
거제1동-207,1,부산광역시 연제구 거제천로269번길 44,부산광역시 연제구 거제동 1462-33,35.19380643,129.0866175,2000,한전주,051-665-4671,부산광역시 연제구청,2026-04-17
거제1동-216,1,부산광역시 연제구 온천천공원길 42,부산광역시 연제구 거제동 1465-16,35.19424009,129.0854971,,한전주,051-665-4671,부산광역시 연제구청,2026-04-17
거제1동-96,1,부산광역시 연제구 중앙대로1251번길 33-3,부산광역시 연제구 거제동 213-19,35.19807685,129.0767804,,건축물,051-665-4671,부산광역시 연제구청,2026-04-17
거제1동-26,1,부산광역시 연제구 명륜로2번길 11,부산광역시 연제구 거제동 42-1,35.19501517,129.0806264,1997,한전주,051-665-4671,부산광역시 연제구청,2026-04-17
거제1동-245,1,부산광역시 연제구 명륜로2번길 11,부산광역시 연제구 거제동 42-1,35.19501517,129.0806264,,한전주,051-665-4671,부산광역시 연제구청,2026-04-17
거제1동-25,1,부산광역시 연제구 명륜로2번길 27,부산광역시 연제구 거제동 42-23,35.19452964,129.0803462,,건축물,051-665-4671,부산광역시 연제구청,2026-04-17
거제1동-33,1,부산광역시 연제구 중앙대로 1191,부산광역시 연제구 거제동 60-18,35.19358144,129.0785218,2000,건축물,051-665-4671,부산광역시 연제구청,2026-04-17
거제1동-38,1,부산광역시 연제구 교대로11번길 5,부산광역시 연제구 거제동 79-35,35.19508697,129.0785011,,한전주,051-665-4671,부산광역시 연제구청,2026-04-17
거제1동-40,1,부산광역시 연제구 교대로11번길 15,부산광역시 연제구 거제동 84-13,35.1947918,129.0782414,,한전주,051-665-4671,부산광역시 연제구청,2026-04-17
거제1동-39,1,부산광역시 연제구 교대로11번길 21,부산광역시 연제구 거제동 84-5,35.1948686,129.0777153,,건축물,051-665-4671,부산광역시 연제구청,2026-04-17
거제1동-41,1,부산광역시 연제구 교대로 19-1,부산광역시 연제구 거제동 84-2,35.19517366,129.0778731,,건축물,051-665-4671,부산광역시 연제구청,2026-04-17
거제1동-37,1,부산광역시 연제구 중앙대로1219번길 25-3,부산광역시 연제구 거제동 79-12,35.19594348,129.0784762,,한전주,051-665-4671,부산광역시 연제구청,2026-04-17
거제1동-42,1,부산광역시 연제구 교대로22번길 16-8,부산광역시 연제구 거제동 89-54,35.19581504,129.0777168,,건축물,051-665-4671,부산광역시 연제구청,2026-04-17
거제1동-44,1,부산광역시 연제구 중앙대로1219번길 20-1,부산광역시 연제구 거제동 89-79,35.19634014,129.0784705,,전용주,051-665-4671,부산광역시 연제구청,2026-04-17
거제1동-46,1,부산광역시 연제구 교대로22번길 44-1,부산광역시 연제구 거제동 89-91,35.19653813,129.0785061,,건축물,051-665-4671,부산광역시 연제구청,2026-04-17
거제1동-194,1,부산광역시 연제구 거제대로267번길 13,부산광역시 연제구 거제동 482-95,35.19112014,129.0765567,1996,건축물,051-665-4671,부산광역시 연제구청,2026-04-17
거제1동-192,1,부산광역시 연제구 거제대로267번길 18,부산광역시 연제구 거제동 482-82,35.19114522,129.0767767,,한전주,051-665-4671,부산광역시 연제구청,2026-04-17
거제1동-151,1,부산광역시 연제구 거제대로267번길 21,부산광역시 연제구 거제동 312-97,35.19133449,129.0767792,,건축물,051-665-4671,부산광역시 연제구청,2026-04-17
거제1동-56,1,부산광역시 연제구 교대로22번길 37,부산광역시 연제구 거제동 114-11,35.19682595,129.0785758,2020,한전주,051-665-4671,부산광역시 연제구청,2026-04-17
거제1동-59,1,부산광역시 연제구 중앙대로 1225-2,부산광역시 연제구 거제동 121-43,35.19659573,129.0791218,,한전주,051-665-4671,부산광역시 연제구청,2026-04-17
거제1동-55,1,부산광역시 연제구 교대로22번길 35,부산광역시 연제구 거제동 114-8,35.19705401,129.0782713,,한전주,051-665-4671,부산광역시 연제구청,2026-04-17
거제1동-57,1,부산광역시 연제구 중앙대로1235번길 8,부산광역시 연제구 거제동 116-6,35.197512,129.078464,2000,한전주,051-665-4671,부산광역시 연제구청,2026-04-17
거제1동-104,1,부산광역시 연제구 중앙대로1235번길 23-6,부산광역시 연제구 거제동 242-23,35.19685915,129.0778844,1997,한전주,051-665-4671,부산광역시 연제구청,2026-04-17
거제1동-50,1,부산광역시 연제구 중앙대로1249번길 30,부산광역시 연제구 거제동 101,35.19751797,129.0777943,,한전주,051-665-4671,부산광역시 연제구청,2026-04-17
거제1동-51,1,부산광역시 연제구 중앙대로1249번길 24,부산광역시 연제구 거제동 105,35.19774329,129.0777973,1996,한전주,051-665-4671,부산광역시 연제구청,2026-04-17
거제1동-52,1,부산광역시 연제구 중앙대로1249번길 20,부산광역시 연제구 거제동 106-2,35.19799594,129.0777676,1997,한전주,051-665-4671,부산광역시 연제구청,2026-04-17
거제1동-215,1,부산광역시 연제구 온천천공원길 40-3,부산광역시 연제구 거제동 1465-19,35.19399783,129.0853793,1998,한전주,051-665-4671,부산광역시 연제구청,2026-04-17
거제1동-217,1,부산광역시 연제구 온천천공원길 42-2,부산광역시 연제구 거제동 1465-20,35.19399684,129.0854891,,전용주,051-665-4671,부산광역시 연제구청,2026-04-17
거제1동-201,1,부산광역시 연제구 거제천로255번가길 39-1,부산광역시 연제구 거제동 1462-10,35.19308988,129.0871131,1997,건축물,051-665-4671,부산광역시 연제구청,2026-04-17
거제1동-204,1,부산광역시 연제구 온천천공원길 56-4,부산광역시 연제구 거제동 1462-50,35.19331648,129.0869734,,전용주,051-665-4671,부산광역시 연제구청,2026-04-17
거제1동-206,1,부산광역시 연제구 온천천공원길 60-5,부산광역시 연제구 거제동 1462-63,35.19331184,129.0874894,,건축물,051-665-4671,부산광역시 연제구청,2026-04-17
연산4동-288,1,부산광역시 연제구 중앙대로1150번길 35-4,부산광역시 연제구 연산동 579-30,35.19099502,129.0824954,,건축물,051-665-4671,부산광역시 연제구청,2026-04-17
연산4동-289,1,부산광역시 연제구 중앙대로1150번길 35-3,부산광역시 연제구 연산동 579-31,35.19090459,129.0825271,,한전주,051-665-4671,부산광역시 연제구청,2026-04-17
연산4동-287,1,부산광역시 연제구 거제천로230번길 9-11,부산광역시 연제구 연산동 579-48,35.19150313,129.082535,,한전주,051-665-4671,부산광역시 연제구청,2026-04-17
거제1동-219,1,부산광역시 연제구 거제천로255번길 44,부산광역시 연제구 거제동 1465-27,35.19400039,129.0850938,1998,건축물,051-665-4671,부산광역시 연제구청,2026-04-17
거제1동-225,1,부산광역시 연제구 온천천공원길 18,부산광역시 연제구 거제동 1466-24,35.1954865,129.0832139,2009,한전주,051-665-4671,부산광역시 연제구청,2026-04-17
거제1동-23,1,부산광역시 연제구 월드컵대로 180,부산광역시 연제구 거제동 23-6,35.18803492,129.0768344,,건축물,051-665-4671,부산광역시 연제구청,2026-04-17
거제1동-20,1,부산광역시 연제구 거제천로 171,부산광역시 연제구 거제동 15-45,35.18867612,129.0777103,,건축물,051-665-4671,부산광역시 연제구청,2026-04-17
거제1동-21,1,부산광역시 연제구 월드컵대로188번길 36-2,부산광역시 연제구 거제동 15-67,35.18932524,129.0776969,,한전주,051-665-4671,부산광역시 연제구청,2026-04-17
거제2동-280,1,부산광역시 연제구 월드컵대로 216,부산광역시 연제구 거제동 439-10,35.18913751,129.0734671,1996,건축물,051-665-4671,부산광역시 연제구청,2026-04-17
거제2동-279,1,부산광역시 연제구 월드컵대로226번길 15,부산광역시 연제구 거제동 439-13,35.18946343,129.0733067,,한전주,051-665-4671,부산광역시 연제구청,2026-04-17
거제2동-278,1,부산광역시 연제구 월드컵대로226번길 11,부산광역시 연제구 거제동 439-1,35.18959166,129.0730778,1997,건축물,051-665-4671,부산광역시 연제구청,2026-04-17
거제1동-188,1,부산광역시 연제구 거제대로267번길 2,부산광역시 연제구 거제동 481-6,35.19085925,129.0764984,,건축물,051-665-4671,부산광역시 연제구청,2026-04-17
거제1동-193,1,부산광역시 연제구 거제대로267번길 3,부산광역시 연제구 거제동 482-89,35.1906982,129.0763645,2001,건축물,051-665-4671,부산광역시 연제구청,2026-04-17
거제1동-190,1,부산광역시 연제구 거제대로267번길 7,부산광역시 연제구 거제동 482-21,35.19081654,129.0762343,2001,건축물,051-665-4671,부산광역시 연제구청,2026-04-17
거제1동-195,1,부산광역시 연제구 거제대로267번길 9,부산광역시 연제구 거제동 482-109,35.19093273,129.0763456,1997,한전주,051-665-4671,부산광역시 연제구청,2026-04-17
거제1동-189,1,부산광역시 연제구 거제대로267번길 3-11,부산광역시 연제구 거제동 482-22,35.19101726,129.0759624,2001,건축물,051-665-4671,부산광역시 연제구청,2026-04-17
거제1동-17,1,부산광역시 연제구 거제대로286번길 20-1,부산광역시 연제구 거제동 2-46,35.19068334,129.0790435,1999,한전주,051-665-4671,부산광역시 연제구청,2026-04-17
거제1동-27,1,부산광역시 연제구 거제대로289번길 9,부산광역시 연제구 거제동 47-65,35.19218278,129.0776798,,한전주,051-665-4671,부산광역시 연제구청,2026-04-17
거제1동-29,1,부산광역시 연제구 거제대로 289,부산광역시 연제구 거제동 44-14,35.19204603,129.0778537,,한전주,051-665-4671,부산광역시 연제구청,2026-04-17
거제1동-146,1,부산광역시 연제구 거제대로277번길 1-6,부산광역시 연제구 거제동 312-29,35.19116041,129.0770953,,한전주,051-665-4671,부산광역시 연제구청,2026-04-17
거제1동-140,1,부산광역시 연제구 거제대로285번길 8,부산광역시 연제구 거제동 311-23,35.19200253,129.0776774,1996,한전주,051-665-4671,부산광역시 연제구청,2026-04-17
거제1동-12,1,부산광역시 연제구 거제대로286번길 10-4,부산광역시 연제구 거제동 2-22,35.19072536,129.0783742,1998,한전주,051-665-4671,부산광역시 연제구청,2026-04-17
연산4동-275,1,부산광역시 연제구 중앙대로1134번길 17,부산광역시 연제구 연산동 586-4,35.18947687,129.0819153,,건축물,051-665-4671,부산광역시 연제구청,2026-04-17
연산4동-276,1,부산광역시 연제구 중앙대로1134번길 15-3,부산광역시 연제구 연산동 586-21,35.18940089,129.0817495,,한전주,051-665-4671,부산광역시 연제구청,2026-04-17
연산4동-279,1,부산광역시 연제구 중앙대로1134번길 11-1,부산광역시 연제구 연산동 586-18,35.18912743,129.0816825,,건축물,051-665-4671,부산광역시 연제구청,2026-04-17
연산4동-290,1,부산광역시 연제구 중앙대로1150번길 35,부산광역시 연제구 연산동 579-37,35.19057935,129.0826107,,한전주,051-665-4671,부산광역시 연제구청,2026-04-17
연산5동-3,1,부산광역시 연제구 중앙대로1149번길 26,부산광역시 연제구 연산동 1122-28,35.1896643,129.0790959,,건축물,051-665-4671,부산광역시 연제구청,2026-04-17
연산5동-2,1,부산광역시 연제구 거제천로 192-2,부산광역시 연제구 연산동 1122-26,35.18980278,129.0791745,,건축물,051-665-4671,부산광역시 연제구청,2026-04-17
연산5동-1,1,부산광역시 연제구 거제천로 196-2,부산광역시 연제구 연산동 1122-15,35.19008565,129.079354,,한전주,051-665-4671,부산광역시 연제구청,2026-04-17
연산5동-4,1,부산광역시 연제구 중앙대로1133번길 14,부산광역시 연제구 연산동 1123-9,35.18858316,129.0800478,,한전주,051-665-4671,부산광역시 연제구청,2026-04-17
거제1동-11,1,부산광역시 연제구 거제천로 187-1,부산광역시 연제구 거제동 2-63,35.18991304,129.0784952,,한전주,051-665-4671,부산광역시 연제구청,2026-04-17
거제1동-18,1,부산광역시 연제구 거제천로 195,부산광역시 연제구 거제동 2-50,35.19049325,129.0789165,,한전주,051-665-4671,부산광역시 연제구청,2026-04-17
연산6동-167,1,부산광역시 연제구 연수로171번길 34,부산광역시 연제구 연산동 1876-42,35.17541528,129.0889413,1997,건축물,051-665-4671,부산광역시 연제구청,2026-04-17
연산6동-157,1,부산광역시 연제구 연수로171번길 26-16,부산광역시 연제구 연산동 1876-72,35.17495108,129.0894401,1997,건축물,051-665-4671,부산광역시 연제구청,2026-04-17
연산6동-154,1,부산광역시 연제구 연수로171번길 26-9,부산광역시 연제구 연산동 1876-58,35.17509706,129.0892445,,한전주,051-665-4671,부산광역시 연제구청,2026-04-17
연산3동-110,1,부산광역시 연제구 봉수로 138,부산광역시 연제구 연산동 산180-1,35.16382666,129.0875792,,한전주,051-665-4671,부산광역시 연제구청,2026-04-17
연산3동-109,1,부산광역시 연제구 봉수로 87-5,부산광역시 연제구 연산동 2022-222,35.16701049,129.0883681,,건축물,051-665-4671,부산광역시 연제구청,2026-04-17
연산3동-106,1,부산광역시 연제구 봉수로85번길 6,부산광역시 연제구 연산동 2022-214,35.16715489,129.0883481,1996,한전주,051-665-4671,부산광역시 연제구청,2026-04-17
연산3동-107,1,부산광역시 연제구 봉수로85번길 14,부산광역시 연제구 연산동 산178-49,35.1672588,129.0888215,,건축물,051-665-4671,부산광역시 연제구청,2026-04-17
연산3동-108,1,부산광역시 연제구 봉수로85번길 14,부산광역시 연제구 연산동 산178-49,35.1672588,129.0888215,1996,전용주,051-665-4671,부산광역시 연제구청,2026-04-17
연산3동-105,1,부산광역시 연제구 봉수로 86-1,부산광역시 연제구 연산동 2022-327,35.16712328,129.0878537,1996,건축물,051-665-4671,부산광역시 연제구청,2026-04-17
연산6동-355,1,부산광역시 연제구 쌍미천로 59,부산광역시 연제구 연산동 663-28,35.17820314,129.0891432,2004,한전주,051-665-4671,부산광역시 연제구청,2026-04-17
연산6동-415,1,부산광역시 연제구 쌍미천로59번길 3,부산광역시 연제구 연산동 664-4,35.17806494,129.0889877,1997,건축물,051-665-4671,부산광역시 연제구청,2026-04-17
연산6동-413,1,부산광역시 연제구 쌍미천로59번길 12,부산광역시 연제구 연산동 663-24,35.17822171,129.0885946,,한전주,051-665-4671,부산광역시 연제구청,2026-04-17
연산6동-380,1,부산광역시 연제구 월드컵대로46번길 66-2,부산광역시 연제구 연산동 663-17,35.1784916,129.0886531,,건축물,051-665-4671,부산광역시 연제구청,2026-04-17
연산6동-412,1,부산광역시 연제구 쌍미천로59번길 18,부산광역시 연제구 연산동 663-36,35.17823339,129.0882983,,한전주,051-665-4671,부산광역시 연제구청,2026-04-17
연산6동-409,1,부산광역시 연제구 쌍미천로59번길 24,부산광역시 연제구 연산동 663-43,35.17821942,129.087848,1996,한전주,051-665-4671,부산광역시 연제구청,2026-04-17
연산6동-381,1,부산광역시 연제구 월드컵대로46번길 60,부산광역시 연제구 연산동 663-70,35.17868374,129.0883372,1997,건축물,051-665-4671,부산광역시 연제구청,2026-04-17
연산6동-134,1,부산광역시 연제구 쌍미천로45번길 63-1,부산광역시 연제구 연산동 1935-7,35.17485735,129.0878361,,건축물,051-665-4671,부산광역시 연제구청,2026-04-17
연산6동-132,1,부산광역시 연제구 쌍미천로45번길 55,부산광역시 연제구 연산동 1935-2,35.17527065,129.0879843,,한전주,051-665-4671,부산광역시 연제구청,2026-04-17
연산6동-131,1,부산광역시 연제구 쌍미천로45번길 49-3,부산광역시 연제구 연산동 1934-11,35.175504,129.0880972,2001,건축물,051-665-4671,부산광역시 연제구청,2026-04-17
연산6동-162,1,부산광역시 연제구 연수로171번길 30-8,부산광역시 연제구 연산동 1876-49,35.17518719,129.0892457,2003,건축물,051-665-4671,부산광역시 연제구청,2026-04-17
연산6동-107,1,부산광역시 연제구 쌍미천로7번가길 15,부산광역시 연제구 연산동 2137-11,35.17522474,129.0904641,,한전주,051-665-4671,부산광역시 연제구청,2026-04-17
연산6동-165,1,부산광역시 연제구 쌍미천로7번길 65-13,부산광역시 연제구 연산동 1876-180,35.175528,129.0894369,,건축물,051-665-4671,부산광역시 연제구청,2026-04-17
연산6동-158,1,부산광역시 연제구 연수로171번길 26-21,부산광역시 연제구 연산동 1876-153,35.17505795,129.0895843,,건축물,051-665-4671,부산광역시 연제구청,2026-04-17
연산6동-160,1,부산광역시 연제구 연수로171번길 22-25,부산광역시 연제구 연산동 1876-17,35.1747941,129.0898552,,건축물,051-665-4671,부산광역시 연제구청,2026-04-17
연산6동-159,1,부산광역시 연제구 연수로171번길 22-17,부산광역시 연제구 연산동 1876-90,35.17484223,129.0895155,,건축물,051-665-4671,부산광역시 연제구청,2026-04-17
연산6동-155,1,부산광역시 연제구 연수로171번길 22-11,부산광역시 연제구 연산동 1876-87,35.17484441,129.089274,1997,건축물,051-665-4671,부산광역시 연제구청,2026-04-17
연산6동-181,1,부산광역시 연제구 연수로 175-8,부산광역시 연제구 연산동 1876-303,35.17457651,129.089995,1997,건축물,051-665-4671,부산광역시 연제구청,2026-04-17
연산6동-148,1,부산광역시 연제구 연수로 175-8,부산광역시 연제구 연산동 1876-303,35.17457651,129.089995,,건축물,051-665-4671,부산광역시 연제구청,2026-04-17
연산6동-180,1,부산광역시 연제구 연수로 175-8,부산광역시 연제구 연산동 1876-303,35.17457651,129.089995,,건축물,051-665-4671,부산광역시 연제구청,2026-04-17
연산6동-178,1,부산광역시 연제구 연수로171번길 22-25,부산광역시 연제구 연산동 1876-17,35.1747941,129.0898552,1997,건축물,051-665-4671,부산광역시 연제구청,2026-04-17
연산6동-176,1,부산광역시 연제구 쌍미천로7번길 49,부산광역시 연제구 연산동 1876-66,35.17520948,129.0897729,2003,한전주,051-665-4671,부산광역시 연제구청,2026-04-17
연산6동-166,1,부산광역시 연제구 쌍미천로7번길 65-20,부산광역시 연제구 연산동 1876-33,35.17543054,129.0892489,,건축물,051-665-4671,부산광역시 연제구청,2026-04-17
연산6동-173,1,부산광역시 연제구 쌍미천로7번길 65-4,부산광역시 연제구 연산동 1876-38,35.17576539,129.0891003,,한전주,051-665-4671,부산광역시 연제구청,2026-04-17
연산6동-169,1,부산광역시 연제구 연수로171번길 41,부산광역시 연제구 연산동 1876-216,35.17580352,129.0888697,,한전주,051-665-4671,부산광역시 연제구청,2026-04-17
연산6동-171,1,부산광역시 연제구 연수로171번길 45-4,부산광역시 연제구 연산동 1876-209,35.1759981,129.089026,,건축물,051-665-4671,부산광역시 연제구청,2026-04-17
연산6동-152,1,부산광역시 연제구 연수로171번길 26-3,부산광역시 연제구 연산동 1876-55,35.17511716,129.0890142,1997,한전주,051-665-4671,부산광역시 연제구청,2026-04-17
연산6동-147,1,부산광역시 연제구 연수로171번길 22-23,부산광역시 연제구 연산동 1876-155,35.17481312,129.0897457,,건축물,051-665-4671,부산광역시 연제구청,2026-04-17
연산6동-146,1,부산광역시 연제구 연수로171번길 22-17,부산광역시 연제구 연산동 1876-90,35.17484223,129.0895155,1997,건축물,051-665-4671,부산광역시 연제구청,2026-04-17
연산6동-145,1,부산광역시 연제구 연수로171번길 22-3,부산광역시 연제구 연산동 1876-83,35.17490125,129.0889674,,한전주,051-665-4671,부산광역시 연제구청,2026-04-17
연산6동-161,1,부산광역시 연제구 연수로171번길 29-8,부산광역시 연제구 연산동 1876-142,35.17524809,129.0885021,1997,건축물,051-665-4671,부산광역시 연제구청,2026-04-17
연산6동-143,1,부산광역시 연제구 연수로171번길 21-4,부산광역시 연제구 연산동 1876-124,35.17494086,129.0885727,,한전주,051-665-4671,부산광역시 연제구청,2026-04-17
연산6동-168,1,부산광역시 연제구 연수로171번길 35,부산광역시 연제구 연산동 1876-147,35.1754537,129.0886784,,한전주,051-665-4671,부산광역시 연제구청,2026-04-17
연산6동-151,1,부산광역시 연제구 연수로171번길 25,부산광역시 연제구 연산동 1876-139,35.17514667,129.0887401,,한전주,051-665-4671,부산광역시 연제구청,2026-04-17
연산6동-142,1,부산광역시 연제구 연수로171번길 6,부산광역시 연제구 연산동 1876-163,35.17459096,129.0893914,,한전주,051-665-4671,부산광역시 연제구청,2026-04-17
연산6동-141,1,부산광역시 연제구 연수로171번길 12,부산광역시 연제구 연산동 1876-190,35.17466554,129.0891179,,건축물,051-665-4671,부산광역시 연제구청,2026-04-17
연산6동-139,1,부산광역시 연제구 연수로171번길 17-4,부산광역시 연제구 연산동 1876-117,35.17482389,129.0885492,1997,한전주,051-665-4671,부산광역시 연제구청,2026-04-17
연산6동-138,1,부산광역시 연제구 연수로171번길 17-10,부산광역시 연제구 연산동 1876-151,35.17480774,129.0883404,,한전주,051-665-4671,부산광역시 연제구청,2026-04-17
연산6동-136,1,부산광역시 연제구 연수로159번길 15,부산광역시 연제구 연산동 1876-196,35.17520083,129.0882029,,한전주,051-665-4671,부산광역시 연제구청,2026-04-17
연산6동-292,1,부산광역시 연제구 쌍미천로45번길 38,부산광역시 연제구 연산동 1931-1,35.17604635,129.0879288,,한전주,051-665-4671,부산광역시 연제구청,2026-04-17
연산6동-290,1,부산광역시 연제구 쌍미천로45번길 46,부산광역시 연제구 연산동 1929-5,35.1756685,129.0878469,1996,한전주,051-665-4671,부산광역시 연제구청,2026-04-17
연산6동-348,1,부산광역시 연제구 쌍미천로47번길 11-2,부산광역시 연제구 연산동 668-53,35.17680592,129.0886635,,건축물,051-665-4671,부산광역시 연제구청,2026-04-17
연산6동-130,1,부산광역시 연제구 쌍미천로45번길 47-3,부산광역시 연제구 연산동 1934-5,35.17555719,129.0881967,,건축물,051-665-4671,부산광역시 연제구청,2026-04-17
연산6동-14,1,부산광역시 연제구 쌍미천로30번길 17-16,부산광역시 연제구 연산동 2144-44,35.17714764,129.0907539,,전용주,051-665-4671,부산광역시 연제구청,2026-04-17
연산6동-94,1,부산광역시 연제구 쌍미천로30번길 5-8,부산광역시 연제구 연산동 2145-40,35.17650157,129.0906684,,한전주,051-665-4671,부산광역시 연제구청,2026-04-17
연산6동-95,1,부산광역시 연제구 쌍미천로30번길 5-18,부산광역시 연제구 연산동 2145-8,35.17679905,129.0903039,,한전주,051-665-4671,부산광역시 연제구청,2026-04-17
연산6동-10,1,부산광역시 연제구 쌍미천로52번길 33,부산광역시 연제구 연산동 2144-5,35.17676831,129.0908367,,한전주,051-665-4671,부산광역시 연제구청,2026-04-17
연산6동-7,1,부산광역시 연제구 쌍미천로52번길 23,부산광역시 연제구 연산동 2144-43,35.17710554,129.090424,,한전주,051-665-4671,부산광역시 연제구청,2026-04-17
연산6동-5,1,부산광역시 연제구 쌍미천로44번길 15-1,부산광역시 연제구 연산동 1784-5,35.17786717,129.0899292,,건축물,051-665-4671,부산광역시 연제구청,2026-04-17
연산6동-3,1,부산광역시 연제구 쌍미천로52번길 11,부산광역시 연제구 연산동 1788-2,35.17744287,129.0900004,,한전주,051-665-4671,부산광역시 연제구청,2026-04-17
연산6동-96,1,부산광역시 연제구 쌍미천로30번길 5-22,부산광역시 연제구 연산동 2145-12,35.17693687,129.0901363,,건축물,051-665-4671,부산광역시 연제구청,2026-04-17
연산6동-124,1,부산광역시 연제구 쌍미천로45번길 29-4,부산광역시 연제구 연산동 1933-3,35.17600575,129.0884332,,건축물,051-665-4671,부산광역시 연제구청,2026-04-17
연산6동-128,1,부산광역시 연제구 쌍미천로45번길 29-8,부산광역시 연제구 연산동 1933-10,35.17596217,129.088268,,건축물,051-665-4671,부산광역시 연제구청,2026-04-17
연산6동-125,1,부산광역시 연제구 쌍미천로45번길 45-6,부산광역시 연제구 연산동 1934-19,35.17560949,129.088395,,한전주,051-665-4671,부산광역시 연제구청,2026-04-17
연산6동-170,1,부산광역시 연제구 연수로171번길 41-2,부산광역시 연제구 연산동 1876-213,35.17590236,129.0889039,,건축물,051-665-4671,부산광역시 연제구청,2026-04-17
거제3동-9,1,부산광역시 연제구 거제대로230번길 18,부산광역시 연제구 거제동 38-33,35.18749683,129.0745014,,건축물,051-665-4671,부산광역시 연제구청,2026-04-17
연산5동-120,1,부산광역시 연제구 거제천로118번길 38,부산광역시 연제구 연산동 1495-3,35.18329672,129.0764863,,한전주,051-665-4671,부산광역시 연제구청,2026-04-17
연산5동-72,1,부산광역시 연제구 거제천로136번길 34,부산광역시 연제구 연산동 1299-32,35.1846952,129.0773502,,한전주,051-665-4671,부산광역시 연제구청,2026-04-17
연산6동-115,1,부산광역시 연제구 쌍미천로7번길 68,부산광역시 연제구 연산동 1883-1,35.17597962,129.0893331,,건축물,051-665-4671,부산광역시 연제구청,2026-04-17
연산6동-109,1,부산광역시 연제구 쌍미천로29번길 12,부산광역시 연제구 연산동 2147-5,35.17559446,129.0900635,,한전주,051-665-4671,부산광역시 연제구청,2026-04-17
연산6동-110,1,부산광역시 연제구 쌍미천로7번가길 33,부산광역시 연제구 연산동 2147-8,35.17576778,129.0898353,2000,한전주,051-665-4671,부산광역시 연제구청,2026-04-17
연산6동-112,1,부산광역시 연제구 쌍미천로7번가길 37,부산광역시 연제구 연산동 2147-13,35.17588643,129.0896722,,한전주,051-665-4671,부산광역시 연제구청,2026-04-17
연산6동-116,1,부산광역시 연제구 쌍미천로7번길 56-1,부산광역시 연제구 연산동 2147-7,35.17561407,129.0898881,,건축물,051-665-4671,부산광역시 연제구청,2026-04-17
연산6동-113,1,부산광역시 연제구 쌍미천로43번길 21,부산광역시 연제구 연산동 2147-1,35.17612324,129.0893988,,한전주,051-665-4671,부산광역시 연제구청,2026-04-17
연산6동-117,1,부산광역시 연제구 쌍미천로43번길 15,부산광역시 연제구 연산동 2146-9,35.17639927,129.0897778,,건축물,051-665-4671,부산광역시 연제구청,2026-04-17
연산6동-119,1,부산광역시 연제구 쌍미천로 43-1,부산광역시 연제구 연산동 2146-1,35.17683505,129.0894324,,건축물,051-665-4671,부산광역시 연제구청,2026-04-17
연산6동-118,1,부산광역시 연제구 쌍미천로 43-1,부산광역시 연제구 연산동 2146-1,35.17683505,129.0894324,1998,건축물,051-665-4671,부산광역시 연제구청,2026-04-17
연산6동-2,1,부산광역시 연제구 쌍미천로52번길 9,부산광역시 연제구 연산동 1784-10,35.17756073,129.0899251,,한전주,051-665-4671,부산광역시 연제구청,2026-04-17
연산6동-121,1,부산광역시 연제구 쌍미천로45번길 3,부산광역시 연제구 연산동 2063-192,35.17689962,129.0892685,,건축물,051-665-4671,부산광역시 연제구청,2026-04-17
연산6동-122,1,부산광역시 연제구 쌍미천로45번길 3,부산광역시 연제구 연산동 2063-192,35.17689962,129.0892685,,건축물,051-665-4671,부산광역시 연제구청,2026-04-17
연산6동-123,1,부산광역시 연제구 연수로171번길 45-5,부산광역시 연제구 연산동 1876-11,35.17606558,129.0887963,,건축물,051-665-4671,부산광역시 연제구청,2026-04-17
연산4동-256,1,부산광역시 연제구 쌍미천로151번길 34,부산광역시 연제구 연산동 630-33,35.18626358,129.085419,,건축물,051-665-4671,부산광역시 연제구청,2026-04-17
연산4동-272,1,부산광역시 연제구 쌍미천로161번길 11,부산광역시 연제구 연산동 621-8,35.18692869,129.0866357,,건축물,051-665-4671,부산광역시 연제구청,2026-04-17
연산4동-271,1,부산광역시 연제구 쌍미천로161번길 7,부산광역시 연제구 연산동 621-10,35.18696336,129.0867898,,건축물,051-665-4671,부산광역시 연제구청,2026-04-17
연산5동-82,1,부산광역시 연제구 중앙대로1065번길 66,부산광역시 연제구 연산동 1292-30,35.18497516,129.0762779,,한전주,051-665-4671,부산광역시 연제구청,2026-04-17
거제3동-47,1,부산광역시 연제구 신촌로 46,부산광역시 연제구 거제동 41-51,35.18428286,129.074051,,한전주,051-665-4671,부산광역시 연제구청,2026-04-17
연산5동-160,1,부산광역시 연제구 신촌로 38-4,부산광역시 연제구 연산동 1499-25,35.18394972,129.0750237,,건축물,051-665-4671,부산광역시 연제구청,2026-04-17
거제3동-35,1,부산광역시 연제구 거제천로 121-2,부산광역시 연제구 거제동 40-20,35.18484521,129.0746732,1996,전용주,051-665-4671,부산광역시 연제구청,2026-04-17
거제3동-34,1,부산광역시 연제구 월드컵대로187번길 63-3,부산광역시 연제구 거제동 40-44,35.18507915,129.0747202,2000,건축물,051-665-4671,부산광역시 연제구청,2026-04-17
거제3동-19,1,부산광역시 연제구 거제대로230번길 42,부산광역시 연제구 거제동 39-32,35.18680503,129.0756541,,건축물,051-665-4671,부산광역시 연제구청,2026-04-17
거제3동-4,1,부산광역시 연제구 거제대로230번길 15-1,부산광역시 연제구 거제동 37-61,35.18776653,129.0745801,,건축물,051-665-4671,부산광역시 연제구청,2026-04-17
거제3동-11,1,부산광역시 연제구 거제대로230번길 28-1,부산광역시 연제구 거제동 38-21,35.18712321,129.0749558,2001,건축물,051-665-4671,부산광역시 연제구청,2026-04-17
연산5동-87,1,부산광역시 연제구 중앙대로1065번길 53,부산광역시 연제구 연산동 1405-28,35.18452982,129.0766893,,건축물,051-665-4671,부산광역시 연제구청,2026-04-17
연산5동-90,1,부산광역시 연제구 중앙대로1065번길 40,부산광역시 연제구 연산동 1299-15,35.18431549,129.077477,1996,한전주,051-665-4671,부산광역시 연제구청,2026-04-17
연산5동-103,1,부산광역시 연제구 거제천로124번길 53,부산광역시 연제구 연산동 1386-4,35.18361866,129.0777862,,한전주,051-665-4671,부산광역시 연제구청,2026-04-17
거제3동-52,1,부산광역시 연제구 거제대로178번길 51-1,부산광역시 연제구 거제동 558-3,35.18402889,129.0732132,,건축물,051-665-4671,부산광역시 연제구청,2026-04-17
거제3동-27,1,부산광역시 연제구 거제대로214번길 51-2,부산광역시 연제구 거제동 39-47,35.18622664,129.0754271,,건축물,051-665-4671,부산광역시 연제구청,2026-04-17
연산4동-55,1,부산광역시 연제구 고분로20번길 4,부산광역시 연제구 연산동 762-2,35.18550586,129.0844757,,전용주,051-665-4671,부산광역시 연제구청,2026-04-17
연산4동-127,1,부산광역시 연제구 대리로5번길 86,부산광역시 연제구 연산동 767-22,35.18485551,129.0836216,,한전주,051-665-4671,부산광역시 연제구청,2026-04-17
연산4동-126,1,부산광역시 연제구 대리로5번길 88,부산광역시 연제구 연산동 767-18,35.18496376,129.0836121,,한전주,051-665-4671,부산광역시 연제구청,2026-04-17
연산4동-262,1,부산광역시 연제구 고분로13번길 8,부산광역시 연제구 연산동 631-6,35.18607288,129.0845711,,한전주,051-665-4671,부산광역시 연제구청,2026-04-17
연산4동-264,1,부산광역시 연제구 고분로13번길 8,부산광역시 연제구 연산동 631-6,35.18607288,129.0845711,,건축물,051-665-4671,부산광역시 연제구청,2026-04-17
연산4동-265,1,부산광역시 연제구 고분로 17,부산광역시 연제구 연산동 756-7,35.18586765,129.0843378,,한전주,051-665-4671,부산광역시 연제구청,2026-04-17
연산1동-189,1,부산광역시 연제구 고분로31번길 46-3,부산광역시 연제구 연산동 615-86,35.18782224,129.0865048,,건축물,051-665-4671,부산광역시 연제구청,2026-04-17
연산1동-193,1,부산광역시 연제구 고분로31번길 44,부산광역시 연제구 연산동 615-90,35.18772705,129.0860644,1997,한전주,051-665-4671,부산광역시 연제구청,2026-04-17
연산1동-191,1,부산광역시 연제구 고분로31번길 36-11,부산광역시 연제구 연산동 615-76,35.18744489,129.086368,,건축물,051-665-4671,부산광역시 연제구청,2026-04-17
연산1동-135,1,부산광역시 연제구 쌍미천로161번길 8,부산광역시 연제구 연산동 615-40,35.18714342,129.0868142,1999,건축물,051-665-4671,부산광역시 연제구청,2026-04-17
연산1동-136,1,부산광역시 연제구 쌍미천로161번길 10-6,부산광역시 연제구 연산동 615-55,35.18772172,129.0866572,,건축물,051-665-4671,부산광역시 연제구청,2026-04-17
연산1동-137,1,부산광역시 연제구 쌍미천로 165,부산광역시 연제구 연산동 615-11,35.18746482,129.0871589,,건축물,051-665-4671,부산광역시 연제구청,2026-04-17
연산1동-138,1,부산광역시 연제구 쌍미천로 169-8,부산광역시 연제구 연산동 615-17,35.18792714,129.0868686,,한전주,051-665-4671,부산광역시 연제구청,2026-04-17
연산4동-266,1,부산광역시 연제구 쌍미천로155번길 34,부산광역시 연제구 연산동 620-9,35.18672363,129.0853812,,한전주,051-665-4671,부산광역시 연제구청,2026-04-17
연산4동-267,1,부산광역시 연제구 쌍미천로155번길 29,부산광역시 연제구 연산동 630-9,35.18655893,129.0856535,,한전주,051-665-4671,부산광역시 연제구청,2026-04-17
연산4동-257,1,부산광역시 연제구 쌍미천로155번길 35-1,부산광역시 연제구 연산동 630-36,35.18641847,129.0852344,,건축물,051-665-4671,부산광역시 연제구청,2026-04-17
연산4동-78,1,부산광역시 연제구 고분로20번길 45,부산광역시 연제구 연산동 644-7,35.18356654,129.0846256,,건축물,051-665-4671,부산광역시 연제구청,2026-04-17
연산4동-70,1,부산광역시 연제구 고분로20번길 38,부산광역시 연제구 연산동 1233-5,35.1839828,129.0844444,,한전주,051-665-4671,부산광역시 연제구청,2026-04-17
연산4동-69,1,부산광역시 연제구 고분로20번길 31,부산광역시 연제구 연산동 641-7,35.18423358,129.0846234,,한전주,051-665-4671,부산광역시 연제구청,2026-04-17
연산1동-134,1,부산광역시 연제구 쌍미천로161번길 6,부산광역시 연제구 연산동 615-134,35.18713323,129.0869458,,건축물,051-665-4671,부산광역시 연제구청,2026-04-17
연산4동-270,1,부산광역시 연제구 쌍미천로155번길 5,부산광역시 연제구 연산동 622-13,35.18652927,129.0869487,,건축물,051-665-4671,부산광역시 연제구청,2026-04-17
연산4동-269,1,부산광역시 연제구 쌍미천로155번길 10,부산광역시 연제구 연산동 621-26,35.18668407,129.0867751,,한전주,051-665-4671,부산광역시 연제구청,2026-04-17
연산4동-268,1,부산광역시 연제구 쌍미천로155번길 16,부산광역시 연제구 연산동 621-30,35.18670109,129.0862922,,한전주,051-665-4671,부산광역시 연제구청,2026-04-17
연산4동-252,1,부산광역시 연제구 쌍미천로 149-1,부산광역시 연제구 연산동 632-1,35.18605932,129.0870852,,전용주,051-665-4671,부산광역시 연제구청,2026-04-17
연산4동-253,1,부산광역시 연제구 쌍미천로151번길 10,부산광역시 연제구 연산동 622-25,35.18621629,129.0866701,,건축물,051-665-4671,부산광역시 연제구청,2026-04-17
연산4동-254,1,부산광역시 연제구 쌍미천로151번길 12,부산광역시 연제구 연산동 622-3,35.18627135,129.086561,,한전주,051-665-4671,부산광역시 연제구청,2026-04-17
연산4동-255,1,부산광역시 연제구 쌍미천로151번길 18,부산광역시 연제구 연산동 622-16,35.18622816,129.0863518,,한전주,051-665-4671,부산광역시 연제구청,2026-04-17
연산1동-94,1,부산광역시 연제구 쌍미천로 150,부산광역시 연제구 연산동 330-1,35.18602031,129.0874141,,한전주,051-665-4671,부산광역시 연제구청,2026-04-17
연산4동-118,1,부산광역시 연제구 월드컵대로120번길 14,부산광역시 연제구 연산동 731-9,35.18537386,129.0831125,,한전주,051-665-4671,부산광역시 연제구청,2026-04-17
연산4동-120,1,부산광역시 연제구 대리로5번길 88-24,부산광역시 연제구 연산동 764-8,35.18547542,129.0838494,,건축물,051-665-4671,부산광역시 연제구청,2026-04-17
연산4동-122,1,부산광역시 연제구 대리로5번길 88-24,부산광역시 연제구 연산동 764-8,35.18547542,129.0838494,,건축물,051-665-4671,부산광역시 연제구청,2026-04-17
연산4동-121,1,부산광역시 연제구 고분로20번길 2-9,부산광역시 연제구 연산동 763-1,35.18547316,129.0841019,,전용주,051-665-4671,부산광역시 연제구청,2026-04-17
연산4동-64,1,부산광역시 연제구 고분로32번길 28,부산광역시 연제구 연산동 640-15,35.18435952,129.0856572,1996,한전주,051-665-4671,부산광역시 연제구청,2026-04-17
연산4동-73,1,부산광역시 연제구 쌍미천로125번길 33,부산광역시 연제구 연산동 644-3,35.18367706,129.0853086,,한전주,051-665-4671,부산광역시 연제구청,2026-04-17
연산4동-74,1,부산광역시 연제구 고분로32번길 42,부산광역시 연제구 연산동 644-1,35.18373754,129.0856599,1997,건축물,051-665-4671,부산광역시 연제구청,2026-04-17
연산4동-115,1,부산광역시 연제구 대리로5번길 76,부산광역시 연제구 연산동 767-10,35.1844851,129.0837155,,건축물,051-665-4671,부산광역시 연제구청,2026-04-17
연산4동-129,1,부산광역시 연제구 대리로5번길 50,부산광역시 연제구 연산동 1232-3,35.18330373,129.0837767,,한전주,051-665-4671,부산광역시 연제구청,2026-04-17
연산4동-123,1,부산광역시 연제구 대리로5번길 88-10,부산광역시 연제구 연산동 767-32,35.18500508,129.0840298,,건축물,051-665-4671,부산광역시 연제구청,2026-04-17
연산4동-124,1,부산광역시 연제구 대리로5번길 86-10,부산광역시 연제구 연산동 767-59,35.18472579,129.0840151,,건축물,051-665-4671,부산광역시 연제구청,2026-04-17
연산4동-125,1,부산광역시 연제구 대리로5번길 86-12,부산광역시 연제구 연산동 767-56,35.18473372,129.084136,,건축물,051-665-4671,부산광역시 연제구청,2026-04-17
연산4동-112,1,부산광역시 연제구 고분로20번가길 12,부산광역시 연제구 연산동 767-54,35.18475957,129.0842681,1996,건축물,051-665-4671,부산광역시 연제구청,2026-04-17
연산4동-113,1,부산광역시 연제구 고분로20번가길 4,부산광역시 연제구 연산동 767-50,35.18496598,129.0843697,,건축물,051-665-4671,부산광역시 연제구청,2026-04-17
연산4동-59,1,부산광역시 연제구 고분로20번길 16,부산광역시 연제구 연산동 768-3,35.18495608,129.0844684,,건축물,051-665-4671,부산광역시 연제구청,2026-04-17
연산4동-108,1,부산광역시 연제구 쌍미천로129번길 51,부산광역시 연제구 연산동 1233-14,35.18420058,129.0842826,,한전주,051-665-4671,부산광역시 연제구청,2026-04-17
연산4동-107,1,부산광역시 연제구 고분로20번가길 27,부산광역시 연제구 연산동 1233-12,35.18398457,129.0842468,,건축물,051-665-4671,부산광역시 연제구청,2026-04-17
연산4동-106,1,부산광역시 연제구 고분로20번가길 31,부산광역시 연제구 연산동 1232-1,35.18379609,129.0841565,,한전주,051-665-4671,부산광역시 연제구청,2026-04-17
연산4동-105,1,부산광역시 연제구 고분로20번가길 36,부산광역시 연제구 연산동 1234-14,35.18369951,129.0838697,,건축물,051-665-4671,부산광역시 연제구청,2026-04-17
연산4동-77,1,부산광역시 연제구 쌍미천로119번길 46,부산광역시 연제구 연산동 644-38,35.18346759,129.0846023,,한전주,051-665-4671,부산광역시 연제구청,2026-04-17
연산1동-93,1,부산광역시 연제구 쌍미천로142번길 2,부산광역시 연제구 연산동 334-1,35.18509229,129.0873688,,한전주,051-665-4671,부산광역시 연제구청,2026-04-17
연산4동-299,1,부산광역시 연제구 쌍미천로 124-2,부산광역시 연제구 연산동 1120-16,35.18350555,129.0874025,,건축물,051-665-4671,부산광역시 연제구청,2026-04-17
연산1동-185,1,부산광역시 연제구 고분로13번길 41-1,부산광역시 연제구 연산동 590-97,35.18745731,129.0849848,,건축물,051-665-4671,부산광역시 연제구청,2026-04-17
연산4동-67,1,부산광역시 연제구 쌍미천로129번길 46,부산광역시 연제구 연산동 640-36,35.1843868,129.0846255,,한전주,051-665-4671,부산광역시 연제구청,2026-04-17
연산4동-68,1,부산광역시 연제구 고분로20번길 25,부산광역시 연제구 연산동 640-4,35.18448594,129.0846268,1997,한전주,051-665-4671,부산광역시 연제구청,2026-04-17
연산4동-60,1,부산광역시 연제구 고분로20번가길 9,부산광역시 연제구 연산동 768-9,35.18477593,129.084455,,건축물,051-665-4671,부산광역시 연제구청,2026-04-17
연산4동-58,1,부산광역시 연제구 고분로20번길 8,부산광역시 연제구 연산동 767-7,35.18526271,129.0844505,,한전주,051-665-4671,부산광역시 연제구청,2026-04-17
연산4동-52,1,부산광역시 연제구 쌍미천로141번길 36,부산광역시 연제구 연산동 636-9,35.18530049,129.0852635,,한전주,051-665-4671,부산광역시 연제구청,2026-04-17
연산4동-53,1,부산광역시 연제구 쌍미천로141번길 35,부산광역시 연제구 연산동 637-2,35.1851651,129.0852836,,건축물,051-665-4671,부산광역시 연제구청,2026-04-17
연산4동-62,1,부산광역시 연제구 쌍미천로135번길 39,부산광역시 연제구 연산동 640-11,35.18461779,129.0849557,2000,한전주,051-665-4671,부산광역시 연제구청,2026-04-17
연산4동-66,1,부산광역시 연제구 쌍미천로129번길 40,부산광역시 연제구 연산동 640-38,35.1844296,129.0848786,,한전주,051-665-4671,부산광역시 연제구청,2026-04-17
연산4동-72,1,부산광역시 연제구 쌍미천로125번길 38,부산광역시 연제구 연산동 641-16,35.18394114,129.0850697,,건축물,051-665-4671,부산광역시 연제구청,2026-04-17
연산4동-71,1,부산광역시 연제구 쌍미천로125번길 41,부산광역시 연제구 연산동 644-11,35.18369386,129.0848806,1997,건축물,051-665-4671,부산광역시 연제구청,2026-04-17
연산4동-76,1,부산광역시 연제구 쌍미천로119번길 34,부산광역시 연제구 연산동 644-25,35.18344445,129.0851729,,한전주,051-665-4671,부산광역시 연제구청,2026-04-17
연산4동-63,1,부산광역시 연제구 쌍미천로135번길 31,부산광역시 연제구 연산동 640-2,35.18468693,129.0853322,,한전주,051-665-4671,부산광역시 연제구청,2026-04-17
연산4동-65,1,부산광역시 연제구 쌍미천로129번길 36,부산광역시 연제구 연산동 640-28,35.18437247,129.0852182,,한전주,051-665-4671,부산광역시 연제구청,2026-04-17
연산3동-247,1,부산광역시 연제구 금련로 9,부산광역시 연제구 연산동 1811-9,35.17303048,129.0964952,,건축물,051-665-4671,부산광역시 연제구청,2026-04-17
연산3동-251,1,부산광역시 연제구 금련로11번길 6,부산광역시 연제구 연산동 1811-37,35.17274107,129.0965666,1996,한전주,051-665-4671,부산광역시 연제구청,2026-04-17
연산3동-254,1,부산광역시 연제구 금련로15번길 6,부산광역시 연제구 연산동 1811-57,35.17253667,129.0962745,,건축물,051-665-4671,부산광역시 연제구청,2026-04-17
연산3동-257,1,부산광역시 연제구 금련로 6,부산광역시 연제구 연산동 1811-215,35.17296216,129.0960771,1998,건축물,051-665-4671,부산광역시 연제구청,2026-04-17
연산3동-248,1,부산광역시 연제구 금련로 10,부산광역시 연제구 연산동 1811-221,35.17294244,129.0962635,,한전주,051-665-4671,부산광역시 연제구청,2026-04-17
연산3동-249,1,부산광역시 연제구 금련로 11,부산광역시 연제구 연산동 1811-432,35.17277951,129.0963381,,한전주,051-665-4671,부산광역시 연제구청,2026-04-17
연산3동-256,1,부산광역시 연제구 금련로 12,부산광역시 연제구 연산동 1811-223,35.17273654,129.096107,,건축물,051-665-4671,부산광역시 연제구청,2026-04-17
연산3동-255,1,부산광역시 연제구 금련로 15,부산광역시 연제구 연산동 1811-48,35.17253885,129.0960385,,한전주,051-665-4671,부산광역시 연제구청,2026-04-17
연산3동-277,1,부산광역시 연제구 금련로18번길 11,부산광역시 연제구 연산동 1811-339,35.17235645,129.0952786,,한전주,051-665-4671,부산광역시 연제구청,2026-04-17
연산3동-276,1,부산광역시 연제구 금련로18번길 3,부산광역시 연제구 연산동 1811-321,35.17232573,129.0956843,,한전주,051-665-4671,부산광역시 연제구청,2026-04-17
연산3동-275,1,부산광역시 연제구 금련로 18,부산광역시 연제구 연산동 1811-345,35.17227907,129.0958593,,한전주,051-665-4671,부산광역시 연제구청,2026-04-17
연산3동-297,1,부산광역시 연제구 금련로 20-1,부산광역시 연제구 연산동 1811-347,35.17214249,129.0960112,,전용주,051-665-4671,부산광역시 연제구청,2026-04-17
연산3동-296,1,부산광역시 연제구 금련로22번길 7,부산광역시 연제구 연산동 1811-356,35.17203712,129.0957024,,한전주,051-665-4671,부산광역시 연제구청,2026-04-17
연산3동-301,1,부산광역시 연제구 금련로24번길 11-1,부산광역시 연제구 연산동 1811-744,35.17183052,129.0956228,,한전주,051-665-4671,부산광역시 연제구청,2026-04-17
연산3동-302,1,부산광역시 연제구 금련로24번길 8,부산광역시 연제구 연산동 1811-352,35.17192728,129.0958875,,건축물,051-665-4671,부산광역시 연제구청,2026-04-17
연산3동-298,1,부산광역시 연제구 금련로 22-1,부산광역시 연제구 연산동 1811-348,35.17196064,129.0961844,1999,한전주,051-665-4671,부산광역시 연제구청,2026-04-17
연산3동-305,1,부산광역시 연제구 금련로 27,부산광역시 연제구 연산동 1811-144,35.17169848,129.0965871,1996,한전주,051-665-4671,부산광역시 연제구청,2026-04-17
연산3동-190,1,부산광역시 연제구 금련로 56-8,부산광역시 연제구 연산동 1818-68,35.16946413,129.0950578,1997,건축물,051-665-4671,부산광역시 연제구청,2026-04-17
연산3동-130,1,부산광역시 연제구 금련로62번길 11,부산광역시 연제구 연산동 1816-90,35.16925081,129.0948197,1997,한전주,051-665-4671,부산광역시 연제구청,2026-04-17
연산3동-129,1,부산광역시 연제구 금련로62번길 7,부산광역시 연제구 연산동 1816-92,35.16904173,129.0950145,1997,건축물,051-665-4671,부산광역시 연제구청,2026-04-17
연산3동-174,1,부산광역시 연제구 금련로38번길 16,부산광역시 연제구 연산동 1811-505,35.17077643,129.0955647,,한전주,051-665-4671,부산광역시 연제구청,2026-04-17
연산3동-175,1,부산광역시 연제구 금련로38번길 14-1,부산광역시 연제구 연산동 1811-794,35.1707479,129.095729,,한전주,051-665-4671,부산광역시 연제구청,2026-04-17
연산3동-320,1,부산광역시 연제구 금련로26번길 11,부산광역시 연제구 연산동 1811-476,35.1716019,129.0958777,,한전주,051-665-4671,부산광역시 연제구청,2026-04-17
연산3동-315,1,부산광역시 연제구 금련로30번길 15,부산광역시 연제구 연산동 1811-432,35.17135245,129.0956603,,건축물,051-665-4671,부산광역시 연제구청,2026-04-17
연산3동-317,1,부산광역시 연제구 금련로30번길 4,부산광역시 연제구 연산동 1811-409,35.17153545,129.0963543,,건축물,051-665-4671,부산광역시 연제구청,2026-04-17
연산3동-318,1,부산광역시 연제구 금련로 32,부산광역시 연제구 연산동 1811-452,35.17115622,129.0964261,,한전주,051-665-4671,부산광역시 연제구청,2026-04-17
연산3동-319,1,부산광역시 연제구 금련로32번길 10,부산광역시 연제구 연산동 1811-441,35.17125954,129.0959664,,한전주,051-665-4671,부산광역시 연제구청,2026-04-17
연산3동-322,1,부산광역시 연제구 금련로34번길 5,부산광역시 연제구 연산동 1811-495,35.17091466,129.0962252,,건축물,051-665-4671,부산광역시 연제구청,2026-04-17
연산3동-323,1,부산광역시 연제구 금련로 34,부산광역시 연제구 연산동 1811-453,35.17106599,129.0964358,,한전주,051-665-4671,부산광역시 연제구청,2026-04-17
연산3동-181,1,부산광역시 연제구 금련로 36-1,부산광역시 연제구 연산동 1811-502,35.17082285,129.0964106,,한전주,051-665-4671,부산광역시 연제구청,2026-04-17
연산3동-176,1,부산광역시 연제구 금련로38번길 8,부산광역시 연제구 연산동 1811-487,35.17080129,129.096081,,한전주,051-665-4671,부산광역시 연제구청,2026-04-17
연산3동-182,1,부산광역시 연제구 금련로 38,부산광역시 연제구 연산동 1811-601,35.17066963,129.0964085,,한전주,051-665-4671,부산광역시 연제구청,2026-04-17
연산3동-173,1,부산광역시 연제구 금련로38번길 17-1,부산광역시 연제구 연산동 1811-569,35.17053268,129.0956054,,전용주,051-665-4671,부산광역시 연제구청,2026-04-17
연산3동-187,1,부산광역시 연제구 금련로 52,부산광역시 연제구 연산동 1816-35,35.1696935,129.0957039,,한전주,051-665-4671,부산광역시 연제구청,2026-04-17
연산3동-188,1,부산광역시 연제구 금련로 54-6,부산광역시 연제구 연산동 1816-56,35.16972382,129.095342,,건축물,051-665-4671,부산광역시 연제구청,2026-04-17
연산3동-189,1,부산광역시 연제구 금련로 56-2,부산광역시 연제구 연산동 1816-73,35.16945936,129.0954356,,한전주,051-665-4671,부산광역시 연제구청,2026-04-17
연산3동-253,1,부산광역시 연제구 금련로15번길 11-1,부산광역시 연제구 연산동 1811-34,35.17267739,129.0966661,,건축물,051-665-4671,부산광역시 연제구청,2026-04-17
연산3동-271,1,부산광역시 연제구 금련로17번길 8-1,부산광역시 연제구 연산동 1811-97,35.17232877,129.096343,1999,한전주,051-665-4671,부산광역시 연제구청,2026-04-17
연산3동-300,1,부산광역시 연제구 금련로23번길 9,부산광역시 연제구 연산동 1811-122,35.17207284,129.0967348,1996,한전주,051-665-4671,부산광역시 연제구청,2026-04-17
연산3동-304,1,부산광역시 연제구 금련로25번길 8,부산광역시 연제구 연산동 1811-846,35.17175659,129.0968184,,전용주,051-665-4671,부산광역시 연제구청,2026-04-17
연산3동-303,1,부산광역시 연제구 금련로25번길 12,부산광역시 연제구 연산동 1811-838,35.17179085,129.0970164,,한전주,051-665-4671,부산광역시 연제구청,2026-04-17
연산3동-135,1,부산광역시 연제구 금련로 68,부산광역시 연제구 연산동 산161-1,35.16839331,129.0949509,1997,한전주,051-665-4671,부산광역시 연제구청,2026-04-17
연산3동-143,1,부산광역시 연제구 금련로38번가길 25,부산광역시 연제구 연산동 1824-73,35.17049041,129.0941648,,한전주,051-665-4671,부산광역시 연제구청,2026-04-17
연산3동-140,1,부산광역시 연제구 금련로38번가길 18,부산광역시 연제구 연산동 1816-132,35.17038537,129.0944487,1996,한전주,051-665-4671,부산광역시 연제구청,2026-04-17
연산3동-138,1,부산광역시 연제구 금련로38번가길 25,부산광역시 연제구 연산동 1816-139,35.17049041,129.0941648,,한전주,051-665-4671,부산광역시 연제구청,2026-04-17
연산3동-137,1,부산광역시 연제구 금련로62번길 43,부산광역시 연제구 연산동 1816-144,35.17042041,129.094067,,한전주,051-665-4671,부산광역시 연제구청,2026-04-17
연산3동-133,1,부산광역시 연제구 금련로 68,부산광역시 연제구 연산동 산161-1,35.16839331,129.0949509,,전용주,051-665-4671,부산광역시 연제구청,2026-04-17
연산3동-132,1,부산광역시 연제구 금련로62번길 25,부산광역시 연제구 연산동 1816-103,35.16980267,129.0945306,1997,한전주,051-665-4671,부산광역시 연제구청,2026-04-17
연산3동-131,1,부산광역시 연제구 금련로62번길 19,부산광역시 연제구 연산동 1816-89,35.16944203,129.094744,,한전주,051-665-4671,부산광역시 연제구청,2026-04-17
연산6동-77,1,부산광역시 연제구 쌍미천로8번길 15,부산광역시 연제구 연산동 2136-11,35.17534865,129.0923327,,한전주,051-665-4671,부산광역시 연제구청,2026-04-17
연산6동-76,1,부산광역시 연제구 쌍미천로8번길 8,부산광역시 연제구 연산동 2136-16,35.17494745,129.0926879,,한전주,051-665-4671,부산광역시 연제구청,2026-04-17
연산6동-100,1,부산광역시 연제구 쌍미천로7번길 25,부산광역시 연제구 연산동 2134-2,35.17460445,129.0908956,,한전주,051-665-4671,부산광역시 연제구청,2026-04-17
연산3동-127,1,부산광역시 연제구 금련로70번길 2,부산광역시 연제구 연산동 산161-1,35.16839331,129.0948295,,한전주,051-665-4671,부산광역시 연제구청,2026-04-17
연산3동-122,1,부산광역시 연제구 금련로70번길 6-5,부산광역시 연제구 연산동 산161-1,35.16812242,129.0942445,1997,건축물,051-665-4671,부산광역시 연제구청,2026-04-17
연산3동-124,1,부산광역시 연제구 금련로70번길 2,부산광역시 연제구 연산동 산161-1,35.16839331,129.0948295,1997,건축물,051-665-4671,부산광역시 연제구청,2026-04-17
연산3동-123,1,부산광역시 연제구 금련로70번길 6-7,부산광역시 연제구 연산동 산161-1,35.16821712,129.094365,1997,건축물,051-665-4671,부산광역시 연제구청,2026-04-17
연산3동-126,1,부산광역시 연제구 금련로70번길 2,부산광역시 연제구 연산동 산161-1,35.16839331,129.0948295,1997,건축물,051-665-4671,부산광역시 연제구청,2026-04-17
연산3동-125,1,부산광역시 연제구 금련로70번길 2-10,부산광역시 연제구 연산동 산161-1,35.16850954,129.0946202,,건축물,051-665-4671,부산광역시 연제구청,2026-04-17
연산3동-179,1,부산광역시 연제구 금련로 40-18,부산광역시 연제구 연산동 1811-586,35.17053891,129.0959128,,건축물,051-665-4671,부산광역시 연제구청,2026-04-17
연산3동-178,1,부산광역시 연제구 금련로 40-16,부산광역시 연제구 연산동 1811-589,35.17053802,129.0960116,,건축물,051-665-4671,부산광역시 연제구청,2026-04-17
연산3동-183,1,부산광역시 연제구 금련로 38,부산광역시 연제구 연산동 1816-11,35.17067019,129.096409,,한전주,051-665-4671,부산광역시 연제구청,2026-04-17
연산3동-171,1,부산광역시 연제구 금련로42번길 13,부산광역시 연제구 연산동 1816-50,35.16991766,129.0948396,1997,한전주,051-665-4671,부산광역시 연제구청,2026-04-17
연산3동-170,1,부산광역시 연제구 금련로42번길 13,부산광역시 연제구 연산동 1816-50,35.16991766,129.0948396,1997,한전주,051-665-4671,부산광역시 연제구청,2026-04-17
연산3동-185,1,부산광역시 연제구 금련로 48-5,부산광역시 연제구 연산동 1816-19,35.16990991,129.0956958,,건축물,051-665-4671,부산광역시 연제구청,2026-04-17
연산3동-186,1,부산광역시 연제구 금련로 50-1,부산광역시 연제구 연산동 1816-34,35.16972133,129.0956164,1997,한전주,051-665-4671,부산광역시 연제구청,2026-04-17
연산6동-347,1,부산광역시 연제구 월드컵대로10번길 63,부산광역시 연제구 연산동 668-1,35.1769835,129.0889623,,한전주,051-665-4671,부산광역시 연제구청,2026-04-17
연산6동-350,1,부산광역시 연제구 쌍미천로47번길 8,부산광역시 연제구 연산동 667-62,35.17713672,129.0889643,,한전주,051-665-4671,부산광역시 연제구청,2026-04-17
연산6동-351,1,부산광역시 연제구 쌍미천로47번길 8,부산광역시 연제구 연산동 667-62,35.17713672,129.0889643,1997,한전주,051-665-4671,부산광역시 연제구청,2026-04-17
연산3동-194,1,부산광역시 연제구 금련로 58-1,부산광역시 연제구 연산동 1816-87,35.16912939,129.0952591,,건축물,051-665-4671,부산광역시 연제구청,2026-04-17
연산3동-128,1,부산광역시 연제구 금련로62번길 1,부산광역시 연제구 연산동 1816-94,35.16883275,129.0951983,,한전주,051-665-4671,부산광역시 연제구청,2026-04-17
연산3동-167,1,부산광역시 연제구 금련로38번가길 6,부산광역시 연제구 연산동 1824-64,35.17055745,129.0949047,,전용주,051-665-4671,부산광역시 연제구청,2026-04-17
연산3동-142,1,부산광역시 연제구 금련로38번가길 10,부산광역시 연제구 연산동 1824-70,35.17054093,129.0946943,,건축물,051-665-4671,부산광역시 연제구청,2026-04-17
연산3동-193,1,부산광역시 연제구 금련로 58-1,부산광역시 연제구 연산동 1816-87,35.16912939,129.0952591,,한전주,051-665-4671,부산광역시 연제구청,2026-04-17
연산6동-17,1,부산광역시 연제구 쌍미천로30번길 36,부산광역시 연제구 연산동 2142-19,35.17708069,129.0921802,,한전주,051-665-4671,부산광역시 연제구청,2026-04-17
연산6동-98,1,부산광역시 연제구 쌍미천로7번길 6,부산광역시 연제구 연산동 2135-4,35.17464981,129.0918623,,건축물,051-665-4671,부산광역시 연제구청,2026-04-17
연산6동-78,1,부산광역시 연제구 배산북로11번길 12,부산광역시 연제구 연산동 2136-1,35.17583786,129.0927988,,한전주,051-665-4671,부산광역시 연제구청,2026-04-17
연산6동-21,1,부산광역시 연제구 배산북로23번길 37,부산광역시 연제구 연산동 2142-14,35.17675125,129.0922834,1997,한전주,051-665-4671,부산광역시 연제구청,2026-04-17
연산6동-87,1,부산광역시 연제구 쌍미천로52번길 50,부산광역시 연제구 연산동 2139-5,35.17607898,129.0913105,,건축물,051-665-4671,부산광역시 연제구청,2026-04-17
연산3동-200,1,부산광역시 연제구 연수로 204-4,부산광역시 연제구 연산동 1835-19,35.17352469,129.0926815,,건축물,051-665-4671,부산광역시 연제구청,2026-04-17
연산6동-102,1,부산광역시 연제구 연수로 187-2,부산광역시 연제구 연산동 1861-2,35.17428445,129.0913963,,건축물,051-665-4671,부산광역시 연제구청,2026-04-17
연산6동-101,1,부산광역시 연제구 쌍미천로7번길 21-1,부산광역시 연제구 연산동 2134-23,35.17443241,129.0909811,,건축물,051-665-4671,부산광역시 연제구청,2026-04-17
연산5동-80,1,부산광역시 연제구 중앙대로1065번길 70,부산광역시 연제구 연산동 1292-34,35.18509438,129.0760489,,한전주,051-665-4671,부산광역시 연제구청,2026-04-17
연산5동-85,1,부산광역시 연제구 월드컵대로165번길 60,부산광역시 연제구 연산동 1292-26,35.18483772,129.0765287,,한전주,051-665-4671,부산광역시 연제구청,2026-04-17
연산5동-74,1,부산광역시 연제구 월드컵대로165번길 54,부산광역시 연제구 연산동 1292-23,35.18512437,129.0767301,,한전주,051-665-4671,부산광역시 연제구청,2026-04-17
연산6동-349,1,부산광역시 연제구 쌍미천로47번길 17-2,부산광역시 연제구 연산동 668-48,35.17681779,129.0883453,,건축물,051-665-4671,부산광역시 연제구청,2026-04-17
연산6동-342,1,부산광역시 연제구 월드컵대로10번길 27,부산광역시 연제구 연산동 669-19,35.17619213,129.0877551,1996,건축물,051-665-4671,부산광역시 연제구청,2026-04-17
연산6동-343,1,부산광역시 연제구 월드컵대로10번길 31-1,부산광역시 연제구 연산동 669-5,35.17624384,129.0880192,,건축물,051-665-4671,부산광역시 연제구청,2026-04-17
연산6동-293,1,부산광역시 연제구 쌍미천로45번길 32,부산광역시 연제구 연산동 2063-214,35.17615114,129.0883034,,건축물,051-665-4671,부산광역시 연제구청,2026-04-17
연산6동-344,1,부산광역시 연제구 월드컵대로10번길 39,부산광역시 연제구 연산동 669-11,35.17629436,129.0884151,,건축물,051-665-4671,부산광역시 연제구청,2026-04-17
연산6동-337,1,부산광역시 연제구 월드컵대로20번길 33,부산광역시 연제구 연산동 668-62,35.17660593,129.0878484,1996,한전주,051-665-4671,부산광역시 연제구청,2026-04-17
연산6동-338,1,부산광역시 연제구 월드컵대로20번길 37,부산광역시 연제구 연산동 668-10,35.17670369,129.0880034,,한전주,051-665-4671,부산광역시 연제구청,2026-04-17
연산6동-339,1,부산광역시 연제구 월드컵대로20번길 43,부산광역시 연제구 연산동 668-35,35.17658228,129.0884739,,한전주,051-665-4671,부산광역시 연제구청,2026-04-17
연산6동-346,1,부산광역시 연제구 월드컵대로10번길 53,부산광역시 연제구 연산동 668-44,35.17656941,129.0889018,1996,한전주,051-665-4671,부산광역시 연제구청,2026-04-17
연산6동-345,1,부산광역시 연제구 월드컵대로10번길 52,부산광역시 연제구 연산동 1889-5,35.17648701,129.0890435,,한전주,051-665-4671,부산광역시 연제구청,2026-04-17
연산6동-455,1,부산광역시 연제구 쌍미천로47번길 14-3,부산광역시 연제구 연산동 667-72,35.17729389,129.0885273,1996,건축물,051-665-4671,부산광역시 연제구청,2026-04-17
연산6동-452,1,부산광역시 연제구 쌍미천로47번길 24,부산광역시 연제구 연산동 667-67,35.17713601,129.0880421,,한전주,051-665-4671,부산광역시 연제구청,2026-04-17
연산6동-454,1,부산광역시 연제구 쌍미천로47번길 16,부산광역시 연제구 연산동 667-36,35.17714166,129.0884155,,한전주,051-665-4671,부산광역시 연제구청,2026-04-17
거제3동-36,1,부산광역시 연제구 거제천로117번길 12-2,부산광역시 연제구 거제동 40-93,35.18495609,129.0743673,,한전주,051-665-4671,부산광역시 연제구청,2026-04-17
거제3동-38,1,부산광역시 연제구 월드컵대로187번길 65-1,부산광역시 연제구 거제동 40-50,35.18506415,129.0743797,,건축물,051-665-4671,부산광역시 연제구청,2026-04-17
거제3동-39,1,부산광역시 연제구 월드컵대로187번길 65-3,부산광역시 연제구 거제동 40-52,35.18496296,129.0746089,,건축물,051-665-4671,부산광역시 연제구청,2026-04-17
연산5동-89,1,부산광역시 연제구 중앙대로1065번길 50,부산광역시 연제구 연산동 1299-6,35.18464405,129.0770202,,한전주,051-665-4671,부산광역시 연제구청,2026-04-17
연산5동-91,1,부산광역시 연제구 월드컵대로153번길 67,부산광역시 연제구 연산동 1386-30,35.18400072,129.0776704,,한전주,051-665-4671,부산광역시 연제구청,2026-04-17
연산5동-104,1,부산광역시 연제구 월드컵대로153번길 75,부산광역시 연제구 연산동 1386-25,35.18372054,129.0774801,,한전주,051-665-4671,부산광역시 연제구청,2026-04-17
연산5동-123,1,부산광역시 연제구 월드컵대로153번길 80,부산광역시 연제구 연산동 1480-3,35.18358867,129.077105,,한전주,051-665-4671,부산광역시 연제구청,2026-04-17
연산5동-105,1,부산광역시 연제구 거제천로124번길 43,부산광역시 연제구 연산동 1405-33,35.18382183,129.0772399,,한전주,051-665-4671,부산광역시 연제구청,2026-04-17
연산5동-107,1,부산광역시 연제구 거제천로124번길 33,부산광역시 연제구 연산동 1405-31,35.18404137,129.0768805,,한전주,051-665-4671,부산광역시 연제구청,2026-04-17
연산5동-108,1,부산광역시 연제구 월드컵대로165번길 67,부산광역시 연제구 연산동 1405-39,35.18434172,129.076555,,한전주,051-665-4671,부산광역시 연제구청,2026-04-17
연산5동-111,1,부산광역시 연제구 거제천로124번길 13,부산광역시 연제구 연산동 1478-13,35.18460026,129.0759216,,한전주,051-665-4671,부산광역시 연제구청,2026-04-17
연산5동-109,1,부산광역시 연제구 거제천로124번길 15,부산광역시 연제구 연산동 1478-1,35.18448121,129.0760738,,한전주,051-665-4671,부산광역시 연제구청,2026-04-17
연산5동-117,1,부산광역시 연제구 월드컵대로165번길 77,부산광역시 연제구 연산동 1480-23,35.1840295,129.0761886,1997,한전주,051-665-4671,부산광역시 연제구청,2026-04-17
연산5동-119,1,부산광역시 연제구 신촌로 24-10,부산광역시 연제구 연산동 1495-10,35.18348824,129.0762364,,한전주,051-665-4671,부산광역시 연제구청,2026-04-17
연산5동-159,1,부산광역시 연제구 월드컵대로165번길 91,부산광역시 연제구 연산동 1498-2,35.18351948,129.0757647,,한전주,051-665-4671,부산광역시 연제구청,2026-04-17
연산5동-114,1,부산광역시 연제구 거제천로118번길 11-9,부산광역시 연제구 연산동 1479-16,35.18452127,129.0756242,,전용주,051-665-4671,부산광역시 연제구청,2026-04-17
거제3동-1,1,부산광역시 연제구 월드컵대로187번길 8-2,부산광역시 연제구 거제동 37-38,35.18765939,129.0754789,,한전주,051-665-4671,부산광역시 연제구청,2026-04-17
거제3동-24,1,부산광역시 연제구 월드컵대로187번길 33-1,부산광역시 연제구 거제동 39-26,35.18636252,129.075352,,건축물,051-665-4671,부산광역시 연제구청,2026-04-17
거제3동-16,1,부산광역시 연제구 거제대로230번길 45,부산광역시 연제구 거제동 34-26,35.18694259,129.0760075,,한전주,051-665-4671,부산광역시 연제구청,2026-04-17
연산5동-52,1,부산광역시 연제구 월드컵대로165번길 41,부산광역시 연제구 연산동 1293-32,35.18543523,129.0772502,,한전주,051-665-4671,부산광역시 연제구청,2026-04-17
연산5동-53,1,부산광역시 연제구 중앙대로1075번길 54,부산광역시 연제구 연산동 1289-28,35.18549616,129.0774926,,한전주,051-665-4671,부산광역시 연제구청,2026-04-17
연산5동-76,1,부산광역시 연제구 거제천로136번길 14,부산광역시 연제구 연산동 1292-8,35.18527151,129.0764026,,한전주,051-665-4671,부산광역시 연제구청,2026-04-17
연산5동-161,1,부산광역시 연제구 신촌로 37-3,부산광역시 연제구 연산동 1500-19,35.18352081,129.0745983,,건축물,051-665-4671,부산광역시 연제구청,2026-04-17
거제3동-49,1,부산광역시 연제구 거제대로178번길 65-1,부산광역시 연제구 거제동 41-36,35.18370799,129.0738238,,건축물,051-665-4671,부산광역시 연제구청,2026-04-17
연산5동-312,1,부산광역시 연제구 신촌로 35-5,부산광역시 연제구 연산동 1500-35,35.18329383,129.0747845,2018,건축물,051-665-4671,부산광역시 연제구청,2026-04-17
거제3동-74,1,부산광역시 연제구 거제천로 103,부산광역시 연제구 거제동 457-29,35.18331035,129.0739393,1996,건축물,051-665-4671,부산광역시 연제구청,2026-04-17
거제3동-73,1,부산광역시 연제구 거제시장로14번길 64,부산광역시 연제구 거제동 457-1,35.18349353,129.0736124,,전용주,051-665-4671,부산광역시 연제구청,2026-04-17
거제3동-72,1,부산광역시 연제구 거제시장로14번길 59,부산광역시 연제구 거제동 453-14,35.18341495,129.0733259,,건축물,051-665-4671,부산광역시 연제구청,2026-04-17
거제3동-46,1,부산광역시 연제구 신촌로 46,부산광역시 연제구 거제동 41-51,35.18428286,129.074051,,건축물,051-665-4671,부산광역시 연제구청,2026-04-17
거제3동-45,1,부산광역시 연제구 신촌로 42,부산광역시 연제구 거제동 41-22,35.18415424,129.0743238,,건축물,051-665-4671,부산광역시 연제구청,2026-04-17
거제3동-43,1,부산광역시 연제구 거제천로117번길 11,부산광역시 연제구 거제동 41-46,35.18464259,129.0740936,,한전주,051-665-4671,부산광역시 연제구청,2026-04-17
거제3동-44,1,부산광역시 연제구 거제천로117번길 3,부산광역시 연제구 거제동 41-25,35.18442317,129.074492,,한전주,051-665-4671,부산광역시 연제구청,2026-04-17
연산3동-114,1,부산광역시 연제구 봉수로 138,부산광역시 연제구 연산동 산180-1,35.16382666,129.0875792,1997,한전주,051-665-4671,부산광역시 연제구청,2026-04-17
연산3동-113,1,부산광역시 연제구 봉수로 138,부산광역시 연제구 연산동 산180-1,35.16382666,129.0875792,1997,한전주,051-665-4671,부산광역시 연제구청,2026-04-17
연산3동-112,1,부산광역시 연제구 봉수로 138,부산광역시 연제구 연산동 산180-1,35.16382666,129.0875792,1997,한전주,051-665-4671,부산광역시 연제구청,2026-04-17
거제3동-33,1,부산광역시 연제구 거제천로 123,부산광역시 연제구 거제동 40-16,35.18488871,129.0748495,,건축물,051-665-4671,부산광역시 연제구청,2026-04-17
거제3동-32,1,부산광역시 연제구 거제천로 127-7,부산광역시 연제구 거제동 40-63,35.18537423,129.0749876,,건축물,051-665-4671,부산광역시 연제구청,2026-04-17
거제3동-40,1,부산광역시 연제구 월드컵대로187번길 59-4,부산광역시 연제구 거제동 40-36,35.18522218,129.0748539,1996,건축물,051-665-4671,부산광역시 연제구청,2026-04-17
거제3동-21,1,부산광역시 연제구 거제천로 143,부산광역시 연제구 거제동 39-2,35.18641887,129.0761103,2004,건축물,051-665-4671,부산광역시 연제구청,2026-04-17
연산5동-47,1,부산광역시 연제구 거제천로 146,부산광역시 연제구 연산동 1290-28,35.18641555,129.0764836,,한전주,051-665-4671,부산광역시 연제구청,2026-04-17
연산5동-77,1,부산광역시 연제구 거제천로136번길 5,부산광역시 연제구 연산동 1291-36,35.18562545,129.0761328,1997,한전주,051-665-4671,부산광역시 연제구청,2026-04-17
연산5동-44,1,부산광역시 연제구 월드컵대로165번길 33,부산광역시 연제구 연산동 1289-7,35.1857303,129.0775176,,한전주,051-665-4671,부산광역시 연제구청,2026-04-17
연산5동-43,1,부산광역시 연제구 거제천로146번길 25,부산광역시 연제구 연산동 1259-9,35.18600794,129.0777189,,한전주,051-665-4671,부산광역시 연제구청,2026-04-17
연산5동-51,1,부산광역시 연제구 월드컵대로165번길 42,부산광역시 연제구 연산동 1291-8,35.18553593,129.0770759,,한전주,051-665-4671,부산광역시 연제구청,2026-04-17
연산5동-49,1,부산광역시 연제구 중앙대로1075번길 69,부산광역시 연제구 연산동 1291-27,35.18578377,129.0765741,,한전주,051-665-4671,부산광역시 연제구청,2026-04-17
연산5동-48,1,부산광역시 연제구 중앙대로1075번길 77,부산광역시 연제구 연산동 1291-41,35.18591259,129.0762793,,한전주,051-665-4671,부산광역시 연제구청,2026-04-17
거제3동-26,1,부산광역시 연제구 거제대로214번길 57-2,부산광역시 연제구 거제동 39-53,35.18608901,129.0756997,,건축물,051-665-4671,부산광역시 연제구청,2026-04-17
거제3동-13,1,부산광역시 연제구 거제대로230번길 31,부산광역시 연제구 거제동 37-18,35.18728173,129.0753751,,한전주,051-665-4671,부산광역시 연제구청,2026-04-17
연산6동-382,1,부산광역시 연제구 월드컵대로46번길 50,부산광역시 연제구 연산동 663-5,35.17859164,129.0878066,1997,건축물,051-665-4671,부산광역시 연제구청,2026-04-17
연산6동-144,1,부산광역시 연제구 연수로171번길 21,부산광역시 연제구 연산동 1876-126,35.17493066,129.0886989,1997,한전주,051-665-4671,부산광역시 연제구청,2026-04-17
연산6동-156,1,부산광역시 연제구 연수로171번길 30-10,부산광역시 연제구 연산동 1876-48,35.17519561,129.0893117,,건축물,051-665-4671,부산광역시 연제구청,2026-04-17
연산5동-22,1,부산광역시 연제구 거제천로152번길 13,부산광역시 연제구 연산동 1256-18,35.18669477,129.0775194,,한전주,051-665-4671,부산광역시 연제구청,2026-04-17
연산5동-21,1,부산광역시 연제구 거제천로 152,부산광역시 연제구 연산동 1258-3,35.18668417,129.0766848,,전용주,051-665-4671,부산광역시 연제구청,2026-04-17
거제3동-41,1,부산광역시 연제구 월드컵대로187번길 51-2,부산광역시 연제구 거제동 40-80,35.18562757,129.0748812,,한전주,051-665-4671,부산광역시 연제구청,2026-04-17
거제3동-42,1,부산광역시 연제구 월드컵대로187번길 45-1,부산광역시 연제구 거제동 40-70,35.18586161,129.0749172,,한전주,051-665-4671,부산광역시 연제구청,2026-04-17
거제3동-31,1,부산광역시 연제구 거제천로 131-7,부산광역시 연제구 거제동 40-55,35.18557144,129.075111,,건축물,051-665-4671,부산광역시 연제구청,2026-04-17
거제3동-3,1,부산광역시 연제구 거제대로230번길 21,부산광역시 연제구 거제동 37-31,35.18751144,129.0748841,,한전주,051-665-4671,부산광역시 연제구청,2026-04-17
거제3동-2,1,부산광역시 연제구 거제대로230번길 21-2,부산광역시 연제구 거제동 37-29,35.18773569,129.0750078,,한전주,051-665-4671,부산광역시 연제구청,2026-04-17
거제3동-6,1,부산광역시 연제구 월드컵대로 201,부산광역시 연제구 거제동 37-57,35.18790348,129.0743841,,한전주,051-665-4671,부산광역시 연제구청,2026-04-17
연산6동-295,1,부산광역시 연제구 쌍미천로45번길 48-6,부산광역시 연제구 연산동 1929-1,35.1756788,129.0877043,,한전주,051-665-4671,부산광역시 연제구청,2026-04-17
연산6동-289,1,부산광역시 연제구 쌍미천로45번길 64,부산광역시 연제구 연산동 1928-5,35.17488626,129.0876279,,한전주,051-665-4671,부산광역시 연제구청,2026-04-17
연산6동-285,1,부산광역시 연제구 쌍미천로45번길 67,부산광역시 연제구 연산동 1935-9,35.17471334,129.0878122,2006,전용주,051-665-4671,부산광역시 연제구청,2026-04-17
연산3동-116,1,부산광역시 연제구 봉수로 138,부산광역시 연제구 연산동 산180-1,35.16382666,129.0875792,,한전주,051-665-4671,부산광역시 연제구청,2026-04-17
연산3동-115,1,부산광역시 연제구 봉수로 138,부산광역시 연제구 연산동 산180-1,35.16382666,129.0875792,1997,한전주,051-665-4671,부산광역시 연제구청,2026-04-17
연산1동-29,1,부산광역시 연제구 과정로348번길 15,부산광역시 연제구 연산동 104-89,35.19156055,129.0907821,,한전주,051-665-4671,부산광역시 연제구청,2026-04-17
연산1동-33,1,부산광역시 연제구 온천천남로4번길 28-3,부산광역시 연제구 연산동 104-77,35.19171782,129.090334,,한전주,051-665-4671,부산광역시 연제구청,2026-04-17
연산1동-34,1,부산광역시 연제구 온천천남로4번길 28-1,부산광역시 연제구 연산동 104-74,35.19183212,129.0905284,,한전주,051-665-4671,부산광역시 연제구청,2026-04-17
연산6동-375,1,부산광역시 연제구 쌍미천로73번길 13,부산광역시 연제구 연산동 659-7,35.17921122,129.0878173,,한전주,051-665-4671,부산광역시 연제구청,2026-04-17
연산6동-358,1,부산광역시 연제구 쌍미천로 77-4,부산광역시 연제구 연산동 658-44,35.17964107,129.0881304,,건축물,051-665-4671,부산광역시 연제구청,2026-04-17
연산4동-1,1,부산광역시 연제구 월드컵대로58번길 59,부산광역시 연제구 연산동 655-40,35.17993234,129.0878159,,한전주,051-665-4671,부산광역시 연제구청,2026-04-17
연산4동-203,1,부산광역시 연제구 쌍미천로84번길 82-8,부산광역시 연제구 연산동 1135-115,35.18004874,129.0889044,,한전주,051-665-4671,부산광역시 연제구청,2026-04-17
연산4동-208,1,부산광역시 연제구 쌍미천로84번길 86,부산광역시 연제구 연산동 1135-127,35.17981907,129.0893844,,한전주,051-665-4671,부산광역시 연제구청,2026-04-17
연산4동-207,1,부산광역시 연제구 쌍미천로84번길 83,부산광역시 연제구 연산동 1135-85,35.18015978,129.0895866,,한전주,051-665-4671,부산광역시 연제구청,2026-04-17
연산4동-202,1,부산광역시 연제구 쌍미천로84번길 82-12,부산광역시 연제구 연산동 1135-114,35.18004742,129.0887702,,건축물,051-665-4671,부산광역시 연제구청,2026-04-17
연산4동-201,1,부산광역시 연제구 쌍미천로84번길 82-12,부산광역시 연제구 연산동 1135-113,35.18004993,129.0887727,,건축물,051-665-4671,부산광역시 연제구청,2026-04-17
연산4동-206,1,부산광역시 연제구 쌍미천로84번길 80,부산광역시 연제구 연산동 1135-91,35.18022741,129.0890824,,한전주,051-665-4671,부산광역시 연제구청,2026-04-17
연산4동-209,1,부산광역시 연제구 쌍미천로84번길 95,부산광역시 연제구 연산동 1135-162,35.17996932,129.0897158,,한전주,051-665-4671,부산광역시 연제구청,2026-04-17
연산4동-205,1,부산광역시 연제구 쌍미천로84번길 69,부산광역시 연제구 연산동 1135-195,35.18065993,129.0891033,,한전주,051-665-4671,부산광역시 연제구청,2026-04-17
연산4동-204,1,부산광역시 연제구 쌍미천로84번길 62,부산광역시 연제구 연산동 1135-137,35.18094201,129.088733,,한전주,051-665-4671,부산광역시 연제구청,2026-04-17
연산4동-192,1,부산광역시 연제구 쌍미천로84번길 3,부산광역시 연제구 연산동 1135-95,35.18050689,129.0880761,,한전주,051-665-4671,부산광역시 연제구청,2026-04-17
연산1동-129,1,부산광역시 연제구 고분로55번길 24,부산광역시 연제구 연산동 326-2,35.18671136,129.0887518,,한전주,051-665-4671,부산광역시 연제구청,2026-04-17
연산1동-111,1,부산광역시 연제구 쌍미천로156번길 23,부산광역시 연제구 연산동 326-39,35.18663094,129.0886739,,한전주,051-665-4671,부산광역시 연제구청,2026-04-17
연산1동-110,1,부산광역시 연제구 쌍미천로156번길 24,부산광역시 연제구 연산동 328-1,35.1864688,129.0886608,,한전주,051-665-4671,부산광역시 연제구청,2026-04-17
연산4동-212,1,부산광역시 연제구 쌍미천로84번길 57-19,부산광역시 연제구 연산동 1135-23,35.18191225,129.0885338,,한전주,051-665-4671,부산광역시 연제구청,2026-04-17
연산4동-194,1,부산광역시 연제구 쌍미천로84번길 22,부산광역시 연제구 연산동 1135-74,35.18129226,129.0881125,,한전주,051-665-4671,부산광역시 연제구청,2026-04-17
연산4동-199,1,부산광역시 연제구 쌍미천로84번길 48,부산광역시 연제구 연산동 1135-49,35.18140659,129.0882638,,한전주,051-665-4671,부산광역시 연제구청,2026-04-17
연산4동-195,1,부산광역시 연제구 쌍미천로84번길 30,부산광역시 연제구 연산동 1135-50,35.18159763,129.0880687,,한전주,051-665-4671,부산광역시 연제구청,2026-04-17
연산4동-198,1,부산광역시 연제구 쌍미천로84번길 43,부산광역시 연제구 연산동 1135-28,35.18158585,129.088376,,한전주,051-665-4671,부산광역시 연제구청,2026-04-17
거제1동-211,1,부산광역시 연제구 거제천로 281,부산광역시 연제구 거제동 1463-39,35.19193864,129.0878334,,한전주,051-665-4671,부산광역시 연제구청,2026-04-17
거제1동-210,1,부산광역시 연제구 거제천로 281-4,부산광역시 연제구 거제동 1463-36,35.19240508,129.0878273,,한전주,051-665-4671,부산광역시 연제구청,2026-04-17
연산1동-30,1,부산광역시 연제구 과정로348번길 11,부산광역시 연제구 연산동 104-40,35.1914625,129.0906624,,건축물,051-665-4671,부산광역시 연제구청,2026-04-17
연산1동-172,1,부산광역시 연제구 과정로 337-10,부산광역시 연제구 연산동 313-19,35.19000956,129.0906558,,한전주,051-665-4671,부산광역시 연제구청,2026-04-17
연산1동-175,1,부산광역시 연제구 과정로343번길 18,부산광역시 연제구 연산동 314-8,35.19023186,129.0893777,,건축물,051-665-4671,부산광역시 연제구청,2026-04-17
연산1동-13,1,부산광역시 연제구 반송로 106-14,부산광역시 연제구 연산동 104-24,35.19196919,129.0904472,1996,건축물,051-665-4671,부산광역시 연제구청,2026-04-17
연산1동-32,1,부산광역시 연제구 과정로348번길 6,부산광역시 연제구 연산동 306-27,35.19109416,129.0905233,,한전주,051-665-4671,부산광역시 연제구청,2026-04-17
연산1동-31,1,부산광역시 연제구 과정로348번길 8,부산광역시 연제구 연산동 306-20,35.19117419,129.0906452,,한전주,051-665-4671,부산광역시 연제구청,2026-04-17
연산1동-118,1,부산광역시 연제구 고분로67번길 30,부산광역시 연제구 연산동 327-3,35.18673604,129.0900148,1997,한전주,051-665-4671,부산광역시 연제구청,2026-04-17
연산1동-120,1,부산광역시 연제구 고분로67번길 23-1,부산광역시 연제구 연산동 326-15,35.18664819,129.0897611,,한전주,051-665-4671,부산광역시 연제구청,2026-04-17
연산1동-123,1,부산광역시 연제구 고분로67번길 30-8,부산광역시 연제구 연산동 327-1,35.18680559,129.090278,,한전주,051-665-4671,부산광역시 연제구청,2026-04-17
연산1동-35,1,부산광역시 연제구 온천천남로4번길 27,부산광역시 연제구 연산동 300-51,35.19197503,129.0908036,,건축물,051-665-4671,부산광역시 연제구청,2026-04-17
연산1동-36,1,부산광역시 연제구 온천천남로4번길 19,부산광역시 연제구 연산동 104-97,35.19236482,129.0906444,,한전주,051-665-4671,부산광역시 연제구청,2026-04-17
연산1동-39,1,부산광역시 연제구 온천천남로4번길 11-1,부산광역시 연제구 연산동 300-70,35.19256918,129.0908834,,한전주,051-665-4671,부산광역시 연제구청,2026-04-17
연산1동-37,1,부산광역시 연제구 온천천남로4번길 17,부산광역시 연제구 연산동 300-39,35.19248153,129.0906078,1996,한전주,051-665-4671,부산광역시 연제구청,2026-04-17
연산1동-38,1,부산광역시 연제구 온천천남로4번길 9-1,부산광역시 연제구 연산동 104-3,35.19267169,129.0909185,,한전주,051-665-4671,부산광역시 연제구청,2026-04-17
연산1동-212,1,부산광역시 연제구 반송로 81-1,부산광역시 연제구 연산동 582-37,35.19141122,129.087757,1999,한전주,051-665-4671,부산광역시 연제구청,2026-04-17
연산1동-9,1,부산광역시 연제구 반송로77번길 15,부산광역시 연제구 연산동 582-28,35.19153784,129.0882978,,한전주,051-665-4671,부산광역시 연제구청,2026-04-17
거제1동-197,1,부산광역시 연제구 거제천로287번길 12-2,부산광역시 연제구 거제동 1461-14,35.19232612,129.0887286,,한전주,051-665-4671,부산광역시 연제구청,2026-04-17
거제1동-212,1,부산광역시 연제구 거제천로 283-4,부산광역시 연제구 거제동 1463-42,35.19240014,129.0879603,,한전주,051-665-4671,부산광역시 연제구청,2026-04-17
거제1동-213,1,부산광역시 연제구 거제천로 283-1,부산광역시 연제구 거제동 1463-45,35.19207275,129.087956,,한전주,051-665-4671,부산광역시 연제구청,2026-04-17
거제1동-208,1,부산광역시 연제구 거제천로225번가길 52,부산광역시 연제구 거제동 1463-1,35.19273058,129.0878335,,한전주,051-665-4671,부산광역시 연제구청,2026-04-17
거제1동-209,1,부산광역시 연제구 거제천로225번가길 58,부산광역시 연제구 거제동 1463-2,35.19273374,129.0876244,,한전주,051-665-4671,부산광역시 연제구청,2026-04-17
연산1동-72,1,부산광역시 연제구 고분로72번길 25,부산광역시 연제구 연산동 952-18,35.18471436,129.0905036,,한전주,051-665-4671,부산광역시 연제구청,2026-04-17
연산1동-80,1,부산광역시 연제구 고분로56번길 14,부산광역시 연제구 연산동 799,35.18496294,129.0883469,1996,한전주,051-665-4671,부산광역시 연제구청,2026-04-17
연산1동-81,1,부산광역시 연제구 고분로56번길 19,부산광역시 연제구 연산동 799,35.18495272,129.088835,1996,한전주,051-665-4671,부산광역시 연제구청,2026-04-17
연산1동-83,1,부산광역시 연제구 고분로56번길 39,부산광역시 연제구 연산동 955,35.18486107,129.0890236,1996,전용주,051-665-4671,부산광역시 연제구청,2026-04-17
연산1동-104,1,부산광역시 연제구 고분로55번길 12,부산광역시 연제구 연산동 328-31,35.18615326,129.0886675,,건축물,051-665-4671,부산광역시 연제구청,2026-04-17
연산1동-96,1,부산광역시 연제구 쌍미천로152번길 15,부산광역시 연제구 연산동 330-16,35.18617508,129.088211,,한전주,051-665-4671,부산광역시 연제구청,2026-04-17
연산1동-95,1,부산광역시 연제구 쌍미천로152번길 8,부산광역시 연제구 연산동 330-9,35.1859711,129.0877822,,한전주,051-665-4671,부산광역시 연제구청,2026-04-17
연산1동-98,1,부산광역시 연제구 고분로55번길 6,부산광역시 연제구 연산동 331-3,35.18592204,129.0888275,,한전주,051-665-4671,부산광역시 연제구청,2026-04-17
연산1동-97,1,부산광역시 연제구 고분로55번길 12,부산광역시 연제구 연산동 331-1,35.18615023,129.0886643,,한전주,051-665-4671,부산광역시 연제구청,2026-04-17
연산1동-102,1,부산광역시 연제구 쌍미천로152번길 32,부산광역시 연제구 연산동 331-17,35.18596796,129.0891562,,한전주,051-665-4671,부산광역시 연제구청,2026-04-17
연산1동-100,1,부산광역시 연제구 쌍미천로152번길 40,부산광역시 연제구 연산동 331-25,35.18595549,129.0894807,1996,한전주,051-665-4671,부산광역시 연제구청,2026-04-17
연산1동-113,1,부산광역시 연제구 쌍미천로156번길 35,부산광역시 연제구 연산동 326-21,35.18661797,129.0892897,,한전주,051-665-4671,부산광역시 연제구청,2026-04-17
연산1동-114,1,부산광역시 연제구 쌍미천로156번길 37,부산광역시 연제구 연산동 326-17,35.1866047,129.0894117,1996,한전주,051-665-4671,부산광역시 연제구청,2026-04-17
연산1동-116,1,부산광역시 연제구 쌍미천로156번길 44,부산광역시 연제구 연산동 328-15,35.18642277,129.0897691,,건축물,051-665-4671,부산광역시 연제구청,2026-04-17
연산1동-117,1,부산광역시 연제구 고분로67번길 15,부산광역시 연제구 연산동 328-16,35.18633189,129.0897439,,한전주,051-665-4671,부산광역시 연제구청,2026-04-17
연산1동-99,1,부산광역시 연제구 고분로55번길 14,부산광역시 연제구 연산동 327-8,35.18626189,129.0886797,,건축물,051-665-4671,부산광역시 연제구청,2026-04-17
연산1동-119,1,부산광역시 연제구 고분로67번길 20,부산광역시 연제구 연산동 946-1,35.1866362,129.0902342,,한전주,051-665-4671,부산광역시 연제구청,2026-04-17
연산6동-86,1,부산광역시 연제구 배산북로11번길 40,부산광역시 연제구 연산동 2141-21,35.17673305,129.0917474,,한전주,051-665-4671,부산광역시 연제구청,2026-04-17
연산6동-19,1,부산광역시 연제구 쌍미천로30번길 53,부산광역시 연제구 연산동 산143-7,35.17780666,129.0926401,,한전주,051-665-4671,부산광역시 연제구청,2026-04-17
연산1동-124,1,부산광역시 연제구 고분로67번길 30-7,부산광역시 연제구 연산동 945-4,35.18707382,129.090335,,한전주,051-665-4671,부산광역시 연제구청,2026-04-17
연산4동-236,1,부산광역시 연제구 고분로68번길 47,부산광역시 연제구 연산동 1113-5,35.18412581,129.0906012,,한전주,051-665-4671,부산광역시 연제구청,2026-04-17
연산1동-45,1,부산광역시 연제구 고분로68번길 25,부산광역시 연제구 연산동 952-18,35.18471436,129.0905036,,건축물,051-665-4671,부산광역시 연제구청,2026-04-17
연산1동-71,1,부산광역시 연제구 고분로72번길 7,부산광역시 연제구 연산동 952-16,35.18517337,129.0903782,,한전주,051-665-4671,부산광역시 연제구청,2026-04-17
연산1동-70,1,부산광역시 연제구 고분로72번길 2,부산광역시 연제구 연산동 952-14,35.18543349,129.0901714,2004,한전주,051-665-4671,부산광역시 연제구청,2026-04-17
연산1동-90,1,부산광역시 연제구 고분로 14,부산광역시 연제구 연산동 334-10,35.18559527,129.0838132,,한전주,051-665-4671,부산광역시 연제구청,2026-04-17
연산1동-91,1,부산광역시 연제구 고분로 14-1,부산광역시 연제구 연산동 334-9,35.18561442,129.0839993,,건축물,051-665-4671,부산광역시 연제구청,2026-04-17
연산1동-89,1,부산광역시 연제구 고분로 19,부산광역시 연제구 연산동 334-14,35.18583608,129.0844402,,한전주,051-665-4671,부산광역시 연제구청,2026-04-17
연산1동-79,1,부산광역시 연제구 쌍미천로142번길 7,부산광역시 연제구 연산동 332-28,35.18520741,129.0877149,1997,한전주,051-665-4671,부산광역시 연제구청,2026-04-17
연산1동-78,1,부산광역시 연제구 쌍미천로142번길 28,부산광역시 연제구 연산동 335-16,35.18505202,129.0888395,,한전주,051-665-4671,부산광역시 연제구청,2026-04-17
연산1동-77,1,부산광역시 연제구 고분로68번길 34,부산광역시 연제구 연산동 335-4,35.18504955,129.0891139,,한전주,051-665-4671,부산광역시 연제구청,2026-04-17
연산1동-76,1,부산광역시 연제구 고분로68번길 39,부산광역시 연제구 연산동 335-9,35.18504658,129.0894433,,한전주,051-665-4671,부산광역시 연제구청,2026-04-17
연산1동-75,1,부산광역시 연제구 고분로68번길 5,부산광역시 연제구 연산동 336-4,35.18522989,129.0900113,,한전주,051-665-4671,부산광역시 연제구청,2026-04-17
연산1동-73,1,부산광역시 연제구 고분로72번길 13,부산광역시 연제구 연산동 336-3,35.18492467,129.0899687,,건축물,051-665-4671,부산광역시 연제구청,2026-04-17
연산3동-212,1,부산광역시 연제구 연미로13번길 28,부산광역시 연제구 연산동 1799-34,35.1725511,129.0936894,,한전주,051-665-4671,부산광역시 연제구청,2026-04-17
연산3동-210,1,부산광역시 연제구 연수로212번길 17,부산광역시 연제구 연산동 1799-32,35.17277414,129.0939449,,한전주,051-665-4671,부산광역시 연제구청,2026-04-17
연산6동-99,1,부산광역시 연제구 쌍미천로7번길 17,부산광역시 연제구 연산동 2134-3,35.17453819,129.091246,,한전주,051-665-4671,부산광역시 연제구청,2026-04-17
연산6동-91,1,부산광역시 연제구 쌍미천로16번길 14,부산광역시 연제구 연산동 2140-4,35.17591416,129.0920441,,한전주,051-665-4671,부산광역시 연제구청,2026-04-17
연산6동-92,1,부산광역시 연제구 쌍미천로16번길 4,부산광역시 연제구 연산동 2136-4,35.17518067,129.0919682,,한전주,051-665-4671,부산광역시 연제구청,2026-04-17
연산6동-104,1,부산광역시 연제구 쌍미천로7번길 25,부산광역시 연제구 연산동 2135-1,35.1747442,129.0913915,,한전주,051-665-4671,부산광역시 연제구청,2026-04-17
연산6동-105,1,부산광역시 연제구 쌍미천로7번가길 4,부산광역시 연제구 연산동 2137-7,35.17485353,129.0912132,,한전주,051-665-4671,부산광역시 연제구청,2026-04-17
연산6동-106,1,부산광역시 연제구 쌍미천로7번가길 9,부산광역시 연제구 연산동 2137-1,35.17502042,129.0907474,,한전주,051-665-4671,부산광역시 연제구청,2026-04-17
연산6동-93,1,부산광역시 연제구 쌍미천로16번길 5-6,부산광역시 연제구 연산동 2139-10,35.17581985,129.0914488,,건축물,051-665-4671,부산광역시 연제구청,2026-04-17
연산6동-80,1,부산광역시 연제구 쌍미천로16번길 23,부산광역시 연제구 연산동 2140-21,35.17592527,129.0926399,,한전주,051-665-4671,부산광역시 연제구청,2026-04-17
연산6동-83,1,부산광역시 연제구 배산북로11번길 20-1,부산광역시 연제구 연산동 2141-11,35.17615771,129.0925741,,건축물,051-665-4671,부산광역시 연제구청,2026-04-17
연산6동-82,1,부산광역시 연제구 배산북로11번길 22,부산광역시 연제구 연산동 2141-8,35.17624745,129.0922809,,한전주,051-665-4671,부산광역시 연제구청,2026-04-17
연산6동-85,1,부산광역시 연제구 쌍미천로52번길 51-3,부산광역시 연제구 연산동 2140-3,35.17636465,129.0917261,,건축물,051-665-4671,부산광역시 연제구청,2026-04-17
연산6동-84,1,부산광역시 연제구 배산북로11번길 32,부산광역시 연제구 연산동 2141-40,35.17650555,129.0919859,,한전주,051-665-4671,부산광역시 연제구청,2026-04-17
연산6동-12,1,부산광역시 연제구 쌍미천로30번길 17-9,부산광역시 연제구 연산동 2144-39,35.17683051,129.0909363,,한전주,051-665-4671,부산광역시 연제구청,2026-04-17
연산6동-15,1,부산광역시 연제구 쌍미천로30번길 21,부산광역시 연제구 연산동 2144-30,35.17680872,129.0913532,,한전주,051-665-4671,부산광역시 연제구청,2026-04-17
연산3동-223,1,부산광역시 연제구 연수로208번길 31-2,부산광역시 연제구 연산동 1825-4,35.17233668,129.0934779,,건축물,051-665-4671,부산광역시 연제구청,2026-04-17
연산3동-214,1,부산광역시 연제구 연수로212번길 29,부산광역시 연제구 연산동 1825-25,35.17220802,129.0937507,,한전주,051-665-4671,부산광역시 연제구청,2026-04-17
연산6동-352,1,부산광역시 연제구 월드컵대로10번길 71,부산광역시 연제구 연산동 667-20,35.17737066,129.0890114,,한전주,051-665-4671,부산광역시 연제구청,2026-04-17
연산6동-423,1,부산광역시 연제구 월드컵대로32번길 46,부산광역시 연제구 연산동 667-57,35.17748662,129.0881456,,한전주,051-665-4671,부산광역시 연제구청,2026-04-17
연산6동-417,1,부산광역시 연제구 월드컵대로32번길 60,부산광역시 연제구 연산동 667-15,35.17750194,129.0888813,,한전주,051-665-4671,부산광역시 연제구청,2026-04-17
연산6동-353,1,부산광역시 연제구 월드컵대로10번길 81,부산광역시 연제구 연산동 664-75,35.17779357,129.0890939,1997,한전주,051-665-4671,부산광역시 연제구청,2026-04-17
연산6동-427,1,부산광역시 연제구 월드컵대로32번길 40,부산광역시 연제구 연산동 667-11,35.17752553,129.0878277,1996,한전주,051-665-4671,부산광역시 연제구청,2026-04-17
연산6동-426,1,부산광역시 연제구 월드컵대로32번길 41-2,부산광역시 연제구 연산동 664-8,35.17781325,129.0878914,,건축물,051-665-4671,부산광역시 연제구청,2026-04-17
연산6동-420,1,부산광역시 연제구 월드컵대로32번길 55-2,부산광역시 연제구 연산동 664-5,35.17781584,129.0886221,,건축물,051-665-4671,부산광역시 연제구청,2026-04-17
연산6동-410,1,부산광역시 연제구 쌍미천로59번길 23-1,부산광역시 연제구 연산동 664-44,35.17791239,129.0879098,,건축물,051-665-4671,부산광역시 연제구청,2026-04-17
연산3동-92,1,부산광역시 연제구 봉수로77번가길 12,부산광역시 연제구 연산동 2022-404,35.16834339,129.0884956,,전용주,051-665-4671,부산광역시 연제구청,2026-04-17
연산3동-93,1,부산광역시 연제구 봉수로77번가길 12,부산광역시 연제구 연산동 2022-404,35.16834339,129.0884956,,한전주,051-665-4671,부산광역시 연제구청,2026-04-17
연산3동-98,1,부산광역시 연제구 봉수로77번길 34-8,부산광역시 연제구 연산동 2022-371,35.16936819,129.0888057,,전용주,051-665-4671,부산광역시 연제구청,2026-04-17
연산3동-292,1,부산광역시 연제구 금련로24번길 27-1,부산광역시 연제구 연산동 1811-639,35.17191979,129.0947238,,한전주,051-665-4671,부산광역시 연제구청,2026-04-17
연산3동-196,1,부산광역시 연제구 연미로13번길 8,부산광역시 연제구 연산동 1829-11,35.1724801,129.0925687,,한전주,051-665-4671,부산광역시 연제구청,2026-04-17
연산3동-213,1,부산광역시 연제구 연미로13번길 20,부산광역시 연제구 연산동 1825-14,35.17256378,129.0932834,,한전주,051-665-4671,부산광역시 연제구청,2026-04-17
연산3동-160,1,부산광역시 연제구 금련로38번길 77-5,부산광역시 연제구 연산동 1827-31,35.1717869,129.0936324,,건축물,051-665-4671,부산광역시 연제구청,2026-04-17
연산3동-159,1,부산광역시 연제구 금련로38번길 77-6,부산광역시 연제구 연산동 1827-7,35.17168567,129.0936982,1996,한전주,051-665-4671,부산광역시 연제구청,2026-04-17
연산3동-207,1,부산광역시 연제구 연수로212번길 10,부산광역시 연제구 연산동 1799-35,35.17308196,129.0937953,,한전주,051-665-4671,부산광역시 연제구청,2026-04-17
연산3동-208,1,부산광역시 연제구 연수로212번길 11-6,부산광역시 연제구 연산동 1799-28,35.17311414,129.0942239,,건축물,051-665-4671,부산광역시 연제구청,2026-04-17
연산3동-227,1,부산광역시 연제구 연수로218번길 11,부산광역시 연제구 연산동 1811-265,35.17292259,129.0944738,,한전주,051-665-4671,부산광역시 연제구청,2026-04-17
연산3동-226,1,부산광역시 연제구 연수로218번길 16,부산광역시 연제구 연산동 1811-269,35.17283425,129.094275,,건축물,051-665-4671,부산광역시 연제구청,2026-04-17
연산3동-225,1,부산광역시 연제구 금련로18번길 27,부산광역시 연제구 연산동 1811-715,35.17248156,129.0943987,,한전주,051-665-4671,부산광역시 연제구청,2026-04-17
연산3동-279,1,부산광역시 연제구 금련로18번길 21,부산광역시 연제구 연산동 1811-614,35.17241609,129.0946646,,건축물,051-665-4671,부산광역시 연제구청,2026-04-17
연산3동-278,1,부산광역시 연제구 금련로18번길 17-1,부산광역시 연제구 연산동 1811-611,35.17238696,129.0948948,,한전주,051-665-4671,부산광역시 연제구청,2026-04-17
연산3동-270,1,부산광역시 연제구 금련로16번길 17-1,부산광역시 연제구 연산동 1811-294,35.1726205,129.0949857,,건축물,051-665-4671,부산광역시 연제구청,2026-04-17
연산3동-264,1,부산광역시 연제구 금련로12번길 27-1,부산광역시 연제구 연산동 1811-260,35.17289366,129.094682,,건축물,051-665-4671,부산광역시 연제구청,2026-04-17
연산3동-262,1,부산광역시 연제구 금련로12번길 17,부산광역시 연제구 연산동 1811-244,35.17283472,129.0952191,,한전주,051-665-4671,부산광역시 연제구청,2026-04-17
연산3동-265,1,부산광역시 연제구 금련로12번길 29,부산광역시 연제구 연산동 1811-261,35.17290327,129.0946163,1998,건축물,051-665-4671,부산광역시 연제구청,2026-04-17
연산3동-266,1,부산광역시 연제구 금련로12번길 25,부산광역시 연제구 연산동 1811-255,35.17288276,129.0948904,1996,건축물,051-665-4671,부산광역시 연제구청,2026-04-17
연산3동-267,1,부산광역시 연제구 금련로12번길 23,부산광역시 연제구 연산동 1811-251,35.17286364,129.0950109,1996,건축물,051-665-4671,부산광역시 연제구청,2026-04-17
연산3동-224,1,부산광역시 연제구 연수로208번길 25-8,부산광역시 연제구 연산동 1799-15,35.17248851,129.0936337,,건축물,051-665-4671,부산광역시 연제구청,2026-04-17
연산3동-259,1,부산광역시 연제구 금련로12번길 9-1,부산광역시 연제구 연산동 1811-234,35.17277637,129.0956904,1996,한전주,051-665-4671,부산광역시 연제구청,2026-04-17
연산3동-238,1,부산광역시 연제구 금련로6번길 3,부산광역시 연제구 연산동 1811-206,35.1730103,129.0957374,1997,한전주,051-665-4671,부산광역시 연제구청,2026-04-17
연산3동-215,1,부산광역시 연제구 연수로212번길 32,부산광역시 연제구 연산동 1825-17,35.17219861,129.0935199,,건축물,051-665-4671,부산광역시 연제구청,2026-04-17
연산3동-216,1,부산광역시 연제구 금련로38번길 76,부산광역시 연제구 연산동 1825-18,35.17195864,129.093418,,건축물,051-665-4671,부산광역시 연제구청,2026-04-17
연산3동-217,1,부산광역시 연제구 금련로38번길 76,부산광역시 연제구 연산동 1825-18,35.17195864,129.093418,,전용주,051-665-4671,부산광역시 연제구청,2026-04-17
연산3동-283,1,부산광역시 연제구 연수로218번길 31-1,부산광역시 연제구 연산동 1811-734,35.17209699,129.0940675,,한전주,051-665-4671,부산광역시 연제구청,2026-04-17
연산3동-295,1,부산광역시 연제구 금련로22번길 24,부산광역시 연제구 연산동 1811-610,35.17227891,129.0948823,1998,건축물,051-665-4671,부산광역시 연제구청,2026-04-17
연산3동-294,1,부산광역시 연제구 연수로226번길 27,부산광역시 연제구 연산동 1811-374,35.17209557,129.0952202,,한전주,051-665-4671,부산광역시 연제구청,2026-04-17
연산3동-293,1,부산광역시 연제구 연수로226번길 31,부산광역시 연제구 연산동 1811-372,35.17198742,129.0952187,,한전주,051-665-4671,부산광역시 연제구청,2026-04-17
연산3동-290,1,부산광역시 연제구 금련로24번길 31-10,부산광역시 연제구 연산동 1811-655,35.17179768,129.0942721,,건축물,051-665-4671,부산광역시 연제구청,2026-04-17
연산3동-311,1,부산광역시 연제구 금련로38번길 42,부산광역시 연제구 연산동 1811-526,35.17145596,129.0951786,1997,한전주,051-665-4671,부산광역시 연제구청,2026-04-17
연산3동-288,1,부산광역시 연제구 금련로38번길 49,부산광역시 연제구 연산동 1811-676,35.17145182,129.0946407,,한전주,051-665-4671,부산광역시 연제구청,2026-04-17
연산3동-287,1,부산광역시 연제구 금련로38번길 57,부산광역시 연제구 연산동 1811-679,35.17157256,129.0942471,1996,건축물,051-665-4671,부산광역시 연제구청,2026-04-17
연산3동-285,1,부산광역시 연제구 금련로38번길 63,부산광역시 연제구 연산동 1811-685,35.17175569,129.0939312,1996,건축물,051-665-4671,부산광역시 연제구청,2026-04-17
연산3동-284,1,부산광역시 연제구 금련로38번길 67,부산광역시 연제구 연산동 1811-690,35.17185602,129.0937983,,한전주,051-665-4671,부산광역시 연제구청,2026-04-17
연산3동-218,1,부산광역시 연제구 금련로38번길 72-1,부산광역시 연제구 연산동 1811-766,35.17204658,129.0936607,,건축물,051-665-4671,부산광역시 연제구청,2026-04-17
연산3동-306,1,부산광역시 연제구 금련로26번길 9,부산광역시 연제구 연산동 1811-423,35.17161094,129.0959821,,한전주,051-665-4671,부산광역시 연제구청,2026-04-17
연산3동-313,1,부산광역시 연제구 금련로26번길 15,부산광역시 연제구 연산동 1811-428,35.17158658,129.0956854,1996,한전주,051-665-4671,부산광역시 연제구청,2026-04-17
연산3동-155,1,부산광역시 연제구 금련로38번나길 19,부산광역시 연제구 연산동 1824-20,35.17115986,129.094033,,한전주,051-665-4671,부산광역시 연제구청,2026-04-17
연산3동-162,1,부산광역시 연제구 금련로38번나길 8,부산광역시 연제구 연산동 1824-30,35.17130652,129.0947595,1999,한전주,051-665-4671,부산광역시 연제구청,2026-04-17
연산3동-165,1,부산광역시 연제구 금련로38번길 34,부산광역시 연제구 연산동 1811-538,35.17111318,129.095207,,한전주,051-665-4671,부산광역시 연제구청,2026-04-17
연산3동-146,1,부산광역시 연제구 금련로38번가길 31-1,부산광역시 연제구 연산동 1824-72,35.17075269,129.0940844,,한전주,051-665-4671,부산광역시 연제구청,2026-04-17
연산3동-147,1,부산광역시 연제구 금련로38번가길 31,부산광역시 연제구 연산동 산161-6,35.17081717,129.0941046,1999,한전주,051-665-4671,부산광역시 연제구청,2026-04-17
연산3동-154,1,부산광역시 연제구 금련로38번가길 37-5,부산광역시 연제구 연산동 1824-22,35.17097651,129.0939811,,건축물,051-665-4671,부산광역시 연제구청,2026-04-17
연산3동-153,1,부산광역시 연제구 금련로38번가길 37-7,부산광역시 연제구 연산동 1824-24,35.17093563,129.0939092,,건축물,051-665-4671,부산광역시 연제구청,2026-04-17
연산3동-151,1,부산광역시 연제구 금련로38번가길 37-15,부산광역시 연제구 연산동 1824-27,35.17072151,129.0936649,,건축물,051-665-4671,부산광역시 연제구청,2026-04-17
연산3동-152,1,부산광역시 연제구 금련로38번나길 31,부산광역시 연제구 연산동 1824-14,35.17087492,129.093645,,건축물,051-665-4671,부산광역시 연제구청,2026-04-17
연산3동-166,1,부산광역시 연제구 금련로38번길 24,부산광역시 연제구 연산동 1811-552,35.17077931,129.0952464,,한전주,051-665-4671,부산광역시 연제구청,2026-04-17
연산3동-310,1,부산광역시 연제구 금련로26번길 30,부산광역시 연제구 연산동 1811-669,35.17179192,129.0949087,1996,전용주,051-665-4671,부산광역시 연제구청,2026-04-17
연산3동-261,1,부산광역시 연제구 연수로226번길 9,부산광역시 연제구 연산동 1811-196,35.1729501,129.0954183,1997,건축물,051-665-4671,부산광역시 연제구청,2026-04-17
연산3동-260,1,부산광역시 연제구 금련로12번길 11-1,부산광역시 연제구 연산동 1811-238,35.17279549,129.0955699,,건축물,051-665-4671,부산광역시 연제구청,2026-04-17
연산3동-237,1,부산광역시 연제구 금련로6번길 7,부산광역시 연제구 연산동 1811-198,35.17303042,129.0955072,2000,건축물,051-665-4671,부산광역시 연제구청,2026-04-17
연산1동-53,1,부산광역시 연제구 신금로17번길 28,부산광역시 연제구 연산동 307-5,35.19102188,129.0930565,1996,한전주,051-665-4671,부산광역시 연제구청,2026-04-17
연산1동-55,1,부산광역시 연제구 신금로17번길 31,부산광역시 연제구 연산동 307-3,35.19093895,129.0926358,,한전주,051-665-4671,부산광역시 연제구청,2026-04-17
연산8동-163,1,부산광역시 연제구 과정로276번길 33,부산광역시 연제구 연산동 365-42,35.18955231,129.0975519,,한전주,051-665-4671,부산광역시 연제구청,2026-04-17
연산8동-164,1,부산광역시 연제구 과정로276번가길 6,부산광역시 연제구 연산동 365-16,35.18960798,129.0973769,,한전주,051-665-4671,부산광역시 연제구청,2026-04-17
연산9동-177,1,부산광역시 연제구 고분로242번길 33,부산광역시 연제구 연산동 487-51,35.1829519,129.1086727,,한전주,051-665-4671,부산광역시 연제구청,2026-04-17
연산9동-176,1,부산광역시 연제구 고분로242번길 43,부산광역시 연제구 연산동 487-14,35.1825284,129.1086561,,한전주,051-665-4671,부산광역시 연제구청,2026-04-17
연산9동-175,1,부산광역시 연제구 고분로242번길 47,부산광역시 연제구 연산동 487-21,35.18230299,129.1086639,,한전주,051-665-4671,부산광역시 연제구청,2026-04-17
연산9동-174,1,부산광역시 연제구 고분로242번길 55,부산광역시 연제구 연산동 487-29,35.1819603,129.1086812,,한전주,051-665-4671,부산광역시 연제구청,2026-04-17
연산9동-164,1,부산광역시 연제구 과정로114번길 25,부산광역시 연제구 연산동 487-37,35.18168992,129.1086775,,한전주,051-665-4671,부산광역시 연제구청,2026-04-17
연산9동-156,1,부산광역시 연제구 과정로114번길 18,부산광역시 연제구 연산동 492-2,35.18151449,129.1081482,,한전주,051-665-4671,부산광역시 연제구청,2026-04-17
연산9동-157,1,부산광역시 연제구 과정로114번길 18-6,부산광역시 연제구 연산동 117-68,35.18135226,129.1081461,,한전주,051-665-4671,부산광역시 연제구청,2026-04-17
연산9동-159,1,부산광역시 연제구 과정로114번길 18-16,부산광역시 연제구 연산동 117-69,35.18087459,129.1081395,,건축물,051-665-4671,부산광역시 연제구청,2026-04-17
연산4동-229,1,부산광역시 연제구 묘봉산로 55-5,부산광역시 연제구 연산동 산38-1,35.18246789,129.0927061,,한전주,051-665-4671,부산광역시 연제구청,2026-04-17
연산4동-230,1,부산광역시 연제구 묘봉산로 71,부산광역시 연제구 연산동 1111,35.18256901,129.0926846,,한전주,051-665-4671,부산광역시 연제구청,2026-04-17
연산9동-147,1,부산광역시 연제구 고분로242번길 23-1,부산광역시 연제구 연산동 482-33,35.1833831,129.1088323,,한전주,051-665-4671,부산광역시 연제구청,2026-04-17
연산9동-148,1,부산광역시 연제구 과정로132번길 29,부산광역시 연제구 연산동 482-32,35.18326604,129.1088197,,한전주,051-665-4671,부산광역시 연제구청,2026-04-17
연산8동-173,1,부산광역시 연제구 안연로7번길 62,부산광역시 연제구 연산동 364-3,35.1888405,129.0975203,,건축물,051-665-4671,부산광역시 연제구청,2026-04-17
연산8동-145,1,부산광역시 연제구 과정로278번길 29,부산광역시 연제구 연산동 346-39,35.1893111,129.0963189,,한전주,051-665-4671,부산광역시 연제구청,2026-04-17
연산8동-147,1,부산광역시 연제구 과정로278번길 29,부산광역시 연제구 연산동 346-39,35.1893111,129.0963189,,건축물,051-665-4671,부산광역시 연제구청,2026-04-17
연산8동-146,1,부산광역시 연제구 과정로278번길 25,부산광역시 연제구 연산동 367-1,35.18910302,129.0964039,,한전주,051-665-4671,부산광역시 연제구청,2026-04-17
연산8동-162,1,부산광역시 연제구 과정로276번길 37,부산광역시 연제구 연산동 365-21,35.18978554,129.0976758,1997,건축물,051-665-4671,부산광역시 연제구청,2026-04-17
연산8동-177,1,부산광역시 연제구 안연로7번길 55,부산광역시 연제구 연산동 382-13,35.18855891,129.0977581,,한전주,051-665-4671,부산광역시 연제구청,2026-04-17
연산1동-65,1,부산광역시 연제구 신금로 9,부산광역시 연제구 연산동 308-62,35.1898465,129.0939324,,건축물,051-665-4671,부산광역시 연제구청,2026-04-17
연산8동-128,1,부산광역시 연제구 과정로294번길 21,부산광역시 연제구 연산동 344-15,35.1891624,129.0948236,1997,한전주,051-665-4671,부산광역시 연제구청,2026-04-17
연산8동-152,1,부산광역시 연제구 과정로278번길 5,부산광역시 연제구 연산동 367-26,35.18846022,129.0967137,,건축물,051-665-4671,부산광역시 연제구청,2026-04-17
연산1동-60,1,부산광역시 연제구 신금로23번길 9,부산광역시 연제구 연산동 303-21,35.19127874,129.0940395,,한전주,051-665-4671,부산광역시 연제구청,2026-04-17
연산1동-58,1,부산광역시 연제구 신금로17번길 30-14,부산광역시 연제구 연산동 304-1,35.19133222,129.0934485,,한전주,051-665-4671,부산광역시 연제구청,2026-04-17
연산1동-59,1,부산광역시 연제구 신금로17번길 30-4,부산광역시 연제구 연산동 304-1,35.19115852,129.0930914,,한전주,051-665-4671,부산광역시 연제구청,2026-04-17
연산8동-138,1,부산광역시 연제구 과정로294번가길 26,부산광역시 연제구 연산동 346-1,35.19027625,129.0951621,1996,한전주,051-665-4671,부산광역시 연제구청,2026-04-17
연산1동-61,1,부산광역시 연제구 신금로 21-6,부산광역시 연제구 연산동 303-26,35.19101247,129.0941997,,건축물,051-665-4671,부산광역시 연제구청,2026-04-17
연산1동-63,1,부산광역시 연제구 신금로17번길 11,부산광역시 연제구 연산동 308-5,35.19060566,129.0937121,,한전주,051-665-4671,부산광역시 연제구청,2026-04-17
연산1동-51,1,부산광역시 연제구 과정로322번길 29,부산광역시 연제구 연산동 308-2,35.19079946,129.0932186,1996,한전주,051-665-4671,부산광역시 연제구청,2026-04-17
연산8동-46,1,부산광역시 연제구 고분로113번길 4-8,부산광역시 연제구 연산동 1012-7,35.18626632,129.0951141,1997,건축물,051-665-4671,부산광역시 연제구청,2026-04-17
연산8동-12,1,부산광역시 연제구 고분로 114,부산광역시 연제구 연산동 986-7,35.18561217,129.0946881,,한전주,051-665-4671,부산광역시 연제구청,2026-04-17
연산8동-25,1,부산광역시 연제구 연동로13번길 33-2,부산광역시 연제구 연산동 341-64,35.18753782,129.0950543,,건축물,051-665-4671,부산광역시 연제구청,2026-04-17
연산1동-202,1,부산광역시 연제구 연동로 22-3,부산광역시 연제구 연산동 337-18,35.18703414,129.0929394,,건축물,051-665-4671,부산광역시 연제구청,2026-04-17
연산8동-166,1,부산광역시 연제구 과정로276번가길 16,부산광역시 연제구 연산동 365-49,35.18977479,129.0968741,,한전주,051-665-4671,부산광역시 연제구청,2026-04-17
연산8동-144,1,부산광역시 연제구 과정로278번길 36,부산광역시 연제구 연산동 366-3,35.1896629,129.0962907,,건축물,051-665-4671,부산광역시 연제구청,2026-04-17
연산8동-168,1,부산광역시 연제구 과정로276번가길 22,부산광역시 연제구 연산동 365-32,35.18984948,129.0965896,,한전주,051-665-4671,부산광역시 연제구청,2026-04-17
연산8동-142,1,부산광역시 연제구 과정로278번길 47-6,부산광역시 연제구 연산동 346-46,35.19005059,129.0952857,,한전주,051-665-4671,부산광역시 연제구청,2026-04-17
연산8동-140,1,부산광역시 연제구 과정로278번길 47,부산광역시 연제구 연산동 346-48,35.18988537,129.0956129,,한전주,051-665-4671,부산광역시 연제구청,2026-04-17
연산8동-169,1,부산광역시 연제구 과정로276번가길 28,부산광역시 연제구 연산동 365-22,35.18993368,129.0962504,,한전주,051-665-4671,부산광역시 연제구청,2026-04-17
연산8동-222,1,부산광역시 연제구 과정로278번길 42-8,부산광역시 연제구 연산동 347-24,35.19002739,129.0961712,,한전주,051-665-4671,부산광역시 연제구청,2026-04-17
연산8동-139,1,부산광역시 연제구 과정로278번길 55,부산광역시 연제구 연산동 346-44,35.19018548,129.0953205,,한전주,051-665-4671,부산광역시 연제구청,2026-04-17
연산8동-157,1,부산광역시 연제구 안연로23번길 67,부산광역시 연제구 연산동 365-27,35.19017284,129.0967148,,건축물,051-665-4671,부산광역시 연제구청,2026-04-17
연산8동-171,1,부산광역시 연제구 과정로276번길 23-2,부산광역시 연제구 연산동 366-31,35.18924075,129.0971195,,건축물,051-665-4671,부산광역시 연제구청,2026-04-17
연산8동-170,1,부산광역시 연제구 과정로276번길 24,부산광역시 연제구 연산동 364-24,35.1891192,129.0976009,,한전주,051-665-4671,부산광역시 연제구청,2026-04-17
연산8동-172,1,부산광역시 연제구 과정로276번길 22,부산광역시 연제구 연산동 364-14,35.18898421,129.0975772,,한전주,051-665-4671,부산광역시 연제구청,2026-04-17
연산1동-211,1,부산광역시 연제구 고분로98번길 4,부산광역시 연제구 연산동 963-1,35.18567292,129.0929541,,한전주,051-665-4671,부산광역시 연제구청,2026-04-17
연산8동-56,1,부산광역시 연제구 고분로112번가길 38,부산광역시 연제구 연산동 1025-12,35.18612043,129.0952988,,건축물,051-665-4671,부산광역시 연제구청,2026-04-17
연산8동-57,1,부산광역시 연제구 고분로112번가길 43,부산광역시 연제구 연산동 1012-13,35.18648946,129.0953586,,전용주,051-665-4671,부산광역시 연제구청,2026-04-17
연산8동-154,1,부산광역시 연제구 과정로278번길 15,부산광역시 연제구 연산동 367-7,35.18884045,129.0965321,1999,한전주,051-665-4671,부산광역시 연제구청,2026-04-17
연산8동-153,1,부산광역시 연제구 과정로278번길 10-3,부산광역시 연제구 연산동 366-67,35.18875565,129.0969373,1999,건축물,051-665-4671,부산광역시 연제구청,2026-04-17
연산8동-149,1,부산광역시 연제구 과정로290번길 10-1,부산광역시 연제구 연산동 367-31,35.18872637,129.0961902,,한전주,051-665-4671,부산광역시 연제구청,2026-04-17
연산8동-150,1,부산광역시 연제구 과정로 290-1,부산광역시 연제구 연산동 346-24,35.18858634,129.0957272,,건축물,051-665-4671,부산광역시 연제구청,2026-04-17
연산8동-32,1,부산광역시 연제구 과정로291번길 5,부산광역시 연제구 연산동 449-1,35.18810334,129.0953144,,건축물,051-665-4671,부산광역시 연제구청,2026-04-17
연산8동-133,1,부산광역시 연제구 과정로294번가길 10-10,부산광역시 연제구 연산동 346-54,35.18956489,129.0951694,,건축물,051-665-4671,부산광역시 연제구청,2026-04-17
연산8동-134,1,부산광역시 연제구 과정로294번가길 20,부산광역시 연제구 연산동 346-4,35.19011755,129.0948584,1996,한전주,051-665-4671,부산광역시 연제구청,2026-04-17
연산8동-132,1,부산광역시 연제구 과정로294번가길 12,부산광역시 연제구 연산동 346-59,35.18982093,129.0947665,,한전주,051-665-4671,부산광역시 연제구청,2026-04-17
연산1동-47,1,부산광역시 연제구 과정로322번길 10,부산광역시 연제구 연산동 309-1,35.18991942,129.0928464,,한전주,051-665-4671,부산광역시 연제구청,2026-04-17
연산8동-36,1,부산광역시 연제구 연동로7번길 12,부산광역시 연제구 연산동 341-17,35.18811546,129.0939751,,한전주,051-665-4671,부산광역시 연제구청,2026-04-17
연산8동-37,1,부산광역시 연제구 연동로7번길 8,부산광역시 연제구 연산동 341-11,35.1881528,129.0938328,1996,한전주,051-665-4671,부산광역시 연제구청,2026-04-17
연산8동-62,1,부산광역시 연제구 과정로287번길 31,부산광역시 연제구 연산동 1029-1,35.18681945,129.0957473,,한전주,051-665-4671,부산광역시 연제구청,2026-04-17
연산8동-44,1,부산광역시 연제구 고분로113번길 12,부산광역시 연제구 연산동 1003-11,35.18636884,129.0947421,,한전주,051-665-4671,부산광역시 연제구청,2026-04-17
연산9동-151,1,부산광역시 연제구 과정로132번길 8,부산광역시 연제구 연산동 489-2,35.18310035,129.1076536,,건축물,051-665-4671,부산광역시 연제구청,2026-04-17
연산9동-228,1,부산광역시 연제구 토곡로53번길 21,부산광역시 연제구 연산동 10-13,35.18179246,129.1013999,,건축물,051-665-4671,부산광역시 연제구청,2026-04-17
연산9동-226,1,부산광역시 연제구 토곡로53번길 10,부산광역시 연제구 연산동 10-39,35.18154732,129.1015942,,건축물,051-665-4671,부산광역시 연제구청,2026-04-17
연산8동-15,1,부산광역시 연제구 고분로 136,부산광역시 연제구 연산동 1088,35.18502004,129.096371,1996,한전주,051-665-4671,부산광역시 연제구청,2026-04-17
연산8동-13,1,부산광역시 연제구 고분로 124-5,부산광역시 연제구 연산동 1021-5,35.1854403,129.0957508,,한전주,051-665-4671,부산광역시 연제구청,2026-04-17
연산8동-10,1,부산광역시 연제구 고분로112번가길 18-1,부산광역시 연제구 연산동 1023-8,35.18534563,129.0952554,1998,건축물,051-665-4671,부산광역시 연제구청,2026-04-17
연산8동-5,1,부산광역시 연제구 고분로112번길 31,부산광역시 연제구 연산동 984-2,35.18440724,129.0943645,,한전주,051-665-4671,부산광역시 연제구청,2026-04-17
연산8동-4,1,부산광역시 연제구 고분로112번길 31,부산광역시 연제구 연산동 984-2,35.18440724,129.0943645,1996,한전주,051-665-4671,부산광역시 연제구청,2026-04-17
연산8동-9,1,부산광역시 연제구 고분로112번가길 19-6,부산광역시 연제구 연산동 1014-24,35.18526829,129.0948372,,건축물,051-665-4671,부산광역시 연제구청,2026-04-17
연산8동-1,1,부산광역시 연제구 고분로104번길 7,부산광역시 연제구 연산동 980-15,35.18543986,129.0938074,,한전주,051-665-4671,부산광역시 연제구청,2026-04-17
연산8동-2,1,부산광역시 연제구 고분로104번길 14,부산광역시 연제구 연산동 969-16,35.18520712,129.0936286,1996,한전주,051-665-4671,부산광역시 연제구청,2026-04-17
연산8동-3,1,부산광역시 연제구 고분로104번길 23,부산광역시 연제구 연산동 969-3,35.18487255,129.0937449,1996,한전주,051-665-4671,부산광역시 연제구청,2026-04-17
연산1동-209,1,부산광역시 연제구 고분로100번길 28,부산광역시 연제구 연산동 958-8,35.18461148,129.0937084,,건축물,051-665-4671,부산광역시 연제구청,2026-04-17
연산1동-215,1,부산광역시 연제구 고분로100번길 12,부산광역시 연제구 연산동 959-2,35.18533677,129.0932461,,건축물,051-665-4671,부산광역시 연제구청,2026-04-17
연산1동-208,1,부산광역시 연제구 고분로100번길 10,부산광역시 연제구 연산동 964-14,35.18547176,129.0932698,,건축물,051-665-4671,부산광역시 연제구청,2026-04-17
연산1동-210,1,부산광역시 연제구 고분로98번길 8,부산광역시 연제구 연산동 960,35.18540174,129.0930383,,한전주,051-665-4671,부산광역시 연제구청,2026-04-17
연산6동-26,1,부산광역시 연제구 배산북로 27,부산광역시 연제구 연산동 2127-12,35.17627817,129.0938671,,한전주,051-665-4671,부산광역시 연제구청,2026-04-17
연산6동-27,1,부산광역시 연제구 배산북로 34,부산광역시 연제구 연산동 1849-7,35.17646451,129.0945323,,한전주,051-665-4671,부산광역시 연제구청,2026-04-17
연산6동-34,1,부산광역시 연제구 연수로213번길 44,부산광역시 연제구 연산동 2125-18,35.17574967,129.0946155,,한전주,051-665-4671,부산광역시 연제구청,2026-04-17
연산4동-237,1,부산광역시 연제구 묘봉산로 29,부산광역시 연제구 연산동 1114-9,35.18346272,129.0901577,1996,한전주,051-665-4671,부산광역시 연제구청,2026-04-17
연산4동-238,1,부산광역시 연제구 묘봉산로 27,부산광역시 연제구 연산동 1114-10,35.18351808,129.0900157,,건축물,051-665-4671,부산광역시 연제구청,2026-04-17
연산4동-239,1,부산광역시 연제구 묘봉산로 25,부산광역시 연제구 연산동 1114-15,35.18350312,129.0896752,,한전주,051-665-4671,부산광역시 연제구청,2026-04-17
연산4동-228,1,부산광역시 연제구 묘봉산로 21-1,부산광역시 연제구 연산동 1115-1,35.18337169,129.0892562,,한전주,051-665-4671,부산광역시 연제구청,2026-04-17
연산4동-240,1,부산광역시 연제구 묘봉산로11번길 35,부산광역시 연제구 연산동 1114-19,35.18357809,129.0893578,,건축물,051-665-4671,부산광역시 연제구청,2026-04-17
연산4동-243,1,부산광역시 연제구 묘봉산로11번길 16,부산광역시 연제구 연산동 1116-13,35.18379221,129.0886031,,건축물,051-665-4671,부산광역시 연제구청,2026-04-17
연산4동-249,1,부산광역시 연제구 묘봉산로11번길 11,부산광역시 연제구 연산동 1115-3,35.18366771,129.0883789,1997,건축물,051-665-4671,부산광역시 연제구청,2026-04-17
연산4동-244,1,부산광역시 연제구 묘봉산로11번길 7,부산광역시 연제구 연산동 1115-6,35.18350617,129.0883357,1996,한전주,051-665-4671,부산광역시 연제구청,2026-04-17
연산4동-248,1,부산광역시 연제구 묘봉산로9번길 10,부산광역시 연제구 연산동 1118-31,35.18360709,129.0881395,,한전주,051-665-4671,부산광역시 연제구청,2026-04-17
연산4동-247,1,부산광역시 연제구 묘봉산로9번길 5,부산광역시 연제구 연산동 1118-23,35.18338325,129.0879718,1997,한전주,051-665-4671,부산광역시 연제구청,2026-04-17
연산4동-250,1,부산광역시 연제구 묘봉산로5번길 13,부산광역시 연제구 연산동 1118-11,35.18363817,129.0876897,,한전주,051-665-4671,부산광역시 연제구청,2026-04-17
연산1동-108,1,부산광역시 연제구 쌍미천로156번길 16,부산광역시 연제구 연산동 325-9,35.18642431,129.088224,,한전주,051-665-4671,부산광역시 연제구청,2026-04-17
연산1동-107,1,부산광역시 연제구 쌍미천로156번길 7,부산광역시 연제구 연산동 325-24,35.18665657,129.0878288,,한전주,051-665-4671,부산광역시 연제구청,2026-04-17
연산3동-197,1,부산광역시 연제구 연수로208번길 13,부산광역시 연제구 연산동 1827-24,35.17306751,129.0934023,,건축물,051-665-4671,부산광역시 연제구청,2026-04-17
연산3동-204,1,부산광역시 연제구 연수로208번길 7-1,부산광역시 연제구 연산동 1832-6,35.17339028,129.0935909,1999,건축물,051-665-4671,부산광역시 연제구청,2026-04-17
연산3동-199,1,부산광역시 연제구 연수로 204-8,부산광역시 연제구 연산동 1831-1,35.17338782,129.0928663,,건축물,051-665-4671,부산광역시 연제구청,2026-04-17
연산6동-90,1,부산광역시 연제구 쌍미천로52번길 64,부산광역시 연제구 연산동 2139-49,35.1756324,129.0918534,,한전주,051-665-4671,부산광역시 연제구청,2026-04-17
연산6동-89,1,부산광역시 연제구 쌍미천로52번길 56,부산광역시 연제구 연산동 2139-54,35.17588763,129.0915385,,한전주,051-665-4671,부산광역시 연제구청,2026-04-17
연산6동-65,1,부산광역시 연제구 배산북로 4-7,부산광역시 연제구 연산동 2131-21,35.1748247,129.0934564,1999,건축물,051-665-4671,부산광역시 연제구청,2026-04-17
연산3동-205,1,부산광역시 연제구 연수로212번길 8-1,부산광역시 연제구 연산동 1827-12,35.17319429,129.093708,1997,건축물,051-665-4671,부산광역시 연제구청,2026-04-17
연산6동-30,1,부산광역시 연제구 배산북로 46,부산광역시 연제구 연산동 1849-20,35.17799291,129.0949652,,한전주,051-665-4671,부산광역시 연제구청,2026-04-17
연산6동-29,1,부산광역시 연제구 배산북로 46,부산광역시 연제구 연산동 1849-33,35.17799713,129.0949652,,한전주,051-665-4671,부산광역시 연제구청,2026-04-17
연산6동-28,1,부산광역시 연제구 배산북로 38-1,부산광역시 연제구 연산동 1849-14,35.17682817,129.0951849,,한전주,051-665-4671,부산광역시 연제구청,2026-04-17
연산6동-81,1,부산광역시 연제구 쌍미천로16번길 29,부산광역시 연제구 연산동 2141-36,35.17614672,129.0927935,,한전주,051-665-4671,부산광역시 연제구청,2026-04-17
연산6동-23,1,부산광역시 연제구 쌍미천로16번길 34,부산광역시 연제구 연산동 2128-14,35.17611159,129.0930893,1997,전용주,051-665-4671,부산광역시 연제구청,2026-04-17
연산6동-25,1,부산광역시 연제구 배산북로23번길 6,부산광역시 연제구 연산동 2127-5,35.1760646,129.0939012,,한전주,051-665-4671,부산광역시 연제구청,2026-04-17
연산6동-183,1,부산광역시 연제구 배산북로11번길 6-3,부산광역시 연제구 연산동 2128-22,35.17584563,129.0931956,,건축물,051-665-4671,부산광역시 연제구청,2026-04-17
연산6동-72,1,부산광역시 연제구 배산북로 15,부산광역시 연제구 연산동 2128-9,35.17579977,129.0932829,,한전주,051-665-4671,부산광역시 연제구청,2026-04-17
연산6동-73,1,부산광역시 연제구 배산북로 21,부산광역시 연제구 연산동 2129-2,35.17578371,129.093862,,한전주,051-665-4671,부산광역시 연제구청,2026-04-17
연산6동-39,1,부산광역시 연제구 배산로37번길 13,부산광역시 연제구 연산동 2119-21,35.17463415,129.0963506,,건축물,051-665-4671,부산광역시 연제구청,2026-04-17
연산6동-43,1,부산광역시 연제구 연수로225번길 20,부산광역시 연제구 연산동 2120-29,35.17447216,129.0957032,,한전주,051-665-4671,부산광역시 연제구청,2026-04-17
연산6동-44,1,부산광역시 연제구 연수로255번길 28,부산광역시 연제구 연산동 2120-31,35.17485901,129.0956415,,한전주,051-665-4671,부산광역시 연제구청,2026-04-17
연산6동-62,1,부산광역시 연제구 배산로11번길 21,부산광역시 연제구 연산동 2131-31,35.17531832,129.0936936,,한전주,051-665-4671,부산광역시 연제구청,2026-04-17
연산6동-63,1,부산광역시 연제구 배산로11번길 16,부산광역시 연제구 연산동 2130-19,35.17502862,129.0938324,,건축물,051-665-4671,부산광역시 연제구청,2026-04-17
연산6동-64,1,부산광역시 연제구 배산로11번길 7,부산광역시 연제구 연산동 2131-30,35.17465227,129.0935858,,건축물,051-665-4671,부산광역시 연제구청,2026-04-17
연산6동-66,1,부산광역시 연제구 배산로11번길 4,부산광역시 연제구 연산동 2130-39,35.17450668,129.0937376,,건축물,051-665-4671,부산광역시 연제구청,2026-04-17
연산6동-35,1,부산광역시 연제구 연수로213번길 41,부산광역시 연제구 연산동 2129-9,35.17562672,129.0943659,,한전주,051-665-4671,부산광역시 연제구청,2026-04-17
연산6동-58,1,부산광역시 연제구 연수로213번길 27,부산광역시 연제구 연산동 2124-3,35.17507644,129.0942578,,한전주,051-665-4671,부산광역시 연제구청,2026-04-17
연산6동-56,1,부산광역시 연제구 연수로213번길 19,부산광역시 연제구 연산동 2124-16,35.17468837,129.0942046,,건축물,051-665-4671,부산광역시 연제구청,2026-04-17
연산6동-45,1,부산광역시 연제구 배산로23번길 19,부산광역시 연제구 연산동 2123-24,35.17503533,129.0948862,,한전주,051-665-4671,부산광역시 연제구청,2026-04-17
연산6동-47,1,부산광역시 연제구 배산로23번길 3,부산광역시 연제구 연산동 2124-16,35.17444505,129.0945711,,건축물,051-665-4671,부산광역시 연제구청,2026-04-17
연산6동-48,1,부산광역시 연제구 배산로23번길 3,부산광역시 연제구 연산동 2124-16,35.17444505,129.0945711,,건축물,051-665-4671,부산광역시 연제구청,2026-04-17
연산6동-51,1,부산광역시 연제구 배산로23번길 12,부산광역시 연제구 연산동 2123-5,35.17458659,129.0950022,,건축물,051-665-4671,부산광역시 연제구청,2026-04-17
연산6동-69,1,부산광역시 연제구 연수로 201-6,부산광역시 연제구 연산동 2133-6,35.17420689,129.0930007,1998,건축물,051-665-4671,부산광역시 연제구청,2026-04-17
연산6동-67,1,부산광역시 연제구 연수로 209-3,부산광역시 연제구 연산동 2133-16,35.1739668,129.0936315,,건축물,051-665-4671,부산광역시 연제구청,2026-04-17
연산6동-379,1,부산광역시 연제구 쌍미천로73번길 3,부산광역시 연제구 연산동 659-2,35.17924184,129.0884215,2000,건축물,051-665-4671,부산광역시 연제구청,2026-04-17
연산6동-378,1,부산광역시 연제구 쌍미천로73번길 7-1,부산광역시 연제구 연산동 659-45,35.17914477,129.0881897,,한전주,051-665-4671,부산광역시 연제구청,2026-04-17
연산6동-377,1,부산광역시 연제구 쌍미천로73번길 9,부산광역시 연제구 연산동 659-20,35.17923599,129.0880701,2000,건축물,051-665-4671,부산광역시 연제구청,2026-04-17
연산3동-198,1,부산광역시 연제구 연수로 204,부산광역시 연제구 연산동 1835-14,35.17363116,129.0928696,,건축물,051-665-4671,부산광역시 연제구청,2026-04-17
연산3동-206,1,부산광역시 연제구 연수로212번길 8-1,부산광역시 연제구 연산동 1827-44,35.17319091,129.093709,,건축물,051-665-4671,부산광역시 연제구청,2026-04-17
연산6동-55,1,부산광역시 연제구 연수로213번길 13,부산광역시 연제구 연산동 2130-23,35.17437672,129.094153,,한전주,051-665-4671,부산광역시 연제구청,2026-04-17
연산6동-53,1,부산광역시 연제구 배산로 22-4,부산광역시 연제구 연산동 2122-2,35.17398659,129.0944332,,건축물,051-665-4671,부산광역시 연제구청,2026-04-17
연산6동-52,1,부산광역시 연제구 배산로 22-11,부산광역시 연제구 연산동 2122-10,35.17389279,129.0948381,,건축물,051-665-4671,부산광역시 연제구청,2026-04-17
연산3동-209,1,부산광역시 연제구 연수로212번길 11-7,부산광역시 연제구 연산동 1799-30,35.1732322,129.0941267,1997,건축물,051-665-4671,부산광역시 연제구청,2026-04-17
연산3동-228,1,부산광역시 연제구 연수로218번길 7,부산광역시 연제구 연산동 1811-171,35.17314761,129.0945098,,한전주,051-665-4671,부산광역시 연제구청,2026-04-17
연산3동-230,1,부산광역시 연제구 금련로6번길 21,부산광역시 연제구 연산동 1811-178,35.1731273,129.094762,,건축물,051-665-4671,부산광역시 연제구청,2026-04-17
연산3동-231,1,부산광역시 연제구 금련로6번길 19,부산광역시 연제구 연산동 1811-182,35.17312641,129.0948608,,한전주,051-665-4671,부산광역시 연제구청,2026-04-17
연산3동-233,1,부산광역시 연제구 금련로12번길 22-1,부산광역시 연제구 연산동 1811-188,35.17298962,129.0950346,,건축물,051-665-4671,부산광역시 연제구청,2026-04-17
연산6동-41,1,부산광역시 연제구 배산로33번길 20,부산광역시 연제구 연산동 2119-15,35.17482651,129.0962449,,한전주,051-665-4671,부산광역시 연제구청,2026-04-17
연산6동-42,1,부산광역시 연제구 배산로33번길 12,부산광역시 연제구 연산동 2119-20,35.17455652,129.0961973,,한전주,051-665-4671,부산광역시 연제구청,2026-04-17
연산6동-40,1,부산광역시 연제구 배산북로12번길 64,부산광역시 연제구 연산동 2119-1,35.17503953,129.0966094,,건축물,051-665-4671,부산광역시 연제구청,2026-04-17
연산4동-193,1,부산광역시 연제구 쌍미천로84번길 16,부산광역시 연제구 연산동 1135-54,35.1809769,129.0882338,,한전주,051-665-4671,부산광역시 연제구청,2026-04-17
연산4동-200,1,부산광역시 연제구 쌍미천로84번길 52,부산광역시 연제구 연산동 1135-64,35.18127675,129.0884128,1997,한전주,051-665-4671,부산광역시 연제구청,2026-04-17
연산4동-211,1,부산광역시 연제구 쌍미천로84번길 57-11,부산광역시 연제구 연산동 1135-104,35.18159309,129.0885737,,한전주,051-665-4671,부산광역시 연제구청,2026-04-17
연산3동-244,1,부산광역시 연제구 금련로 7,부산광역시 연제구 연산동 1807-2,35.17309397,129.0964521,,건축물,051-665-4671,부산광역시 연제구청,2026-04-17
연산3동-242,1,부산광역시 연제구 연수로 234,부산광역시 연제구 연산동 1805-13,35.17322253,129.0961904,,한전주,051-665-4671,부산광역시 연제구청,2026-04-17
연산3동-236,1,부산광역시 연제구 금련로6번길 7,부산광역시 연제구 연산동 1811-198,35.17303042,129.0955072,1997,한전주,051-665-4671,부산광역시 연제구청,2026-04-17
연산6동-32,1,부산광역시 연제구 배산북로23번길 2,부산광역시 연제구 연산동 2127-13,35.17603627,129.0940435,,한전주,051-665-4671,부산광역시 연제구청,2026-04-17
연산6동-49,1,부산광역시 연제구 배산로 27-1,부산광역시 연제구 연산동 2123-11,35.17434025,129.0951954,,건축물,051-665-4671,부산광역시 연제구청,2026-04-17
연산6동-37,1,부산광역시 연제구 배산북로12번길 57-3,부산광역시 연제구 연산동 2118-21,35.17552791,129.0963868,,한전주,051-665-4671,부산광역시 연제구청,2026-04-17
연산6동-57,1,부산광역시 연제구 연수로213번길 24-1,부산광역시 연제구 연산동 2124-22,35.17485212,129.0946003,2001,한전주,051-665-4671,부산광역시 연제구청,2026-04-17
연산9동-334,1,부산광역시 연제구 망미번영로 111,부산광역시 연제구 연산동 2239-2,35.17707201,129.1119302,,한전주,051-665-4671,부산광역시 연제구청,2026-04-17
연산9동-125,1,부산광역시 연제구 고분로 258-1,부산광역시 연제구 연산동 484-9,35.18425296,129.1103044,,한전주,051-665-4671,부산광역시 연제구청,2026-04-17
연산4동-245,1,부산광역시 연제구 묘봉산로11번길 1,부산광역시 연제구 연산동 1115-9,35.18320924,129.0882769,1996,건축물,051-665-4671,부산광역시 연제구청,2026-04-17
연산4동-221,1,부산광역시 연제구 묘봉산로 15,부산광역시 연제구 연산동 1115-16,35.18319216,129.0884001,,한전주,051-665-4671,부산광역시 연제구청,2026-04-17
연산4동-226,1,부산광역시 연제구 묘봉산로 19,부산광역시 연제구 연산동 1115-22,35.18331166,129.088915,,한전주,051-665-4671,부산광역시 연제구청,2026-04-17
연산4동-220,1,부산광역시 연제구 묘봉산로 9,부산광역시 연제구 연산동 1117-5,35.18321983,129.0881014,,한전주,051-665-4671,부산광역시 연제구청,2026-04-17
연산8동-181,1,부산광역시 연제구 안연로7번나길 16,부산광역시 연제구 연산동 363-25,35.18913856,129.0984467,,건축물,051-665-4671,부산광역시 연제구청,2026-04-17
연산8동-182,1,부산광역시 연제구 안연로7번나길 18-1,부산광역시 연제구 연산동 363-11,35.18925503,129.0985251,,한전주,051-665-4671,부산광역시 연제구청,2026-04-17
연산8동-183,1,부산광역시 연제구 안연로23번길 31,부산광역시 연제구 연산동 363-1,35.18964178,129.0986181,,한전주,051-665-4671,부산광역시 연제구청,2026-04-17
연산9동-3,1,부산광역시 연제구 온천천남로92번길 10,부산광역시 연제구 연산동 386-9,35.19063484,129.1004323,1996,한전주,051-665-4671,부산광역시 연제구청,2026-04-17
연산9동-25,1,부산광역시 연제구 연안로14번길 8-2,부산광역시 연제구 연산동 463-20,35.18878397,129.1076761,,건축물,051-665-4671,부산광역시 연제구청,2026-04-17
연산9동-9,1,부산광역시 연제구 연안로13번길 95,부산광역시 연제구 연산동 398-16,35.18878345,129.1018127,1997,한전주,051-665-4671,부산광역시 연제구청,2026-04-17
연산9동-10,1,부산광역시 연제구 연안로13번길 91,부산광역시 연제구 연산동 398-21,35.18880038,129.1020765,1996,한전주,051-665-4671,부산광역시 연제구청,2026-04-17
연산9동-11,1,부산광역시 연제구 과정로266번길 19,부산광역시 연제구 연산동 398-27,35.18866899,129.1024996,1997,한전주,051-665-4671,부산광역시 연제구청,2026-04-17
연산9동-74,1,부산광역시 연제구 과정로 226,부산광역시 연제구 연산동 399-10,35.18817299,129.1024979,,한전주,051-665-4671,부산광역시 연제구청,2026-04-17
연산9동-68,1,부산광역시 연제구 안연로8번길 53,부산광역시 연제구 연산동 398-34,35.18843776,129.1038025,,한전주,051-665-4671,부산광역시 연제구청,2026-04-17
연산9동-76,1,부산광역시 연제구 안연로8번길 20,부산광역시 연제구 연산동 399-6,35.18820423,129.1020684,,한전주,051-665-4671,부산광역시 연제구청,2026-04-17
연산9동-77,1,부산광역시 연제구 안연로8번길 8,부산광역시 연제구 연산동 399-2,35.18820132,129.1014009,,한전주,051-665-4671,부산광역시 연제구청,2026-04-17
연산8동-199,1,부산광역시 연제구 안연로7번길 3,부산광역시 연제구 연산동 383-26,35.18821663,129.1007071,,한전주,051-665-4671,부산광역시 연제구청,2026-04-17
연산8동-198,1,부산광역시 연제구 안연로7번길 7,부산광역시 연제구 연산동 383-19,35.18819209,129.1004322,,한전주,051-665-4671,부산광역시 연제구청,2026-04-17
연산8동-197,1,부산광역시 연제구 안연로7번길 10,부산광역시 연제구 연산동 384-24,35.18839754,129.1003143,,한전주,051-665-4671,부산광역시 연제구청,2026-04-17
연산9동-4,1,부산광역시 연제구 온천천남로92번길 18,부산광역시 연제구 연산동 386-17,35.19029106,129.1005704,1998,한전주,051-665-4671,부산광역시 연제구청,2026-04-17
연산9동-22,1,부산광역시 연제구 연안로13번길 3,부산광역시 연제구 연산동 419-13,35.18881064,129.1067321,,건축물,051-665-4671,부산광역시 연제구청,2026-04-17
연산9동-62,1,부산광역시 연제구 안연로8번길 76,부산광역시 연제구 연산동 401-3,35.18830306,129.1050673,,한전주,051-665-4671,부산광역시 연제구청,2026-04-17
연산9동-63,1,부산광역시 연제구 과정로208번길 9,부산광역시 연제구 연산동 400-18,35.18833642,129.1043761,1996,한전주,051-665-4671,부산광역시 연제구청,2026-04-17
연산9동-72,1,부산광역시 연제구 안연로8번길 35,부산광역시 연제구 연산동 397-41,35.18844938,129.1028623,1997,한전주,051-665-4671,부산광역시 연제구청,2026-04-17
연산9동-71,1,부산광역시 연제구 안연로8번길 37-1,부산광역시 연제구 연산동 397-43,35.18859208,129.1030289,,건축물,051-665-4671,부산광역시 연제구청,2026-04-17
연산8동-200,1,부산광역시 연제구 안연로7번가길 10,부산광역시 연제구 연산동 384-38,35.18875228,129.1002861,,한전주,051-665-4671,부산광역시 연제구청,2026-04-17
연산8동-201,1,부산광역시 연제구 안연로7번가길 16,부산광역시 연제구 연산동 384-13,35.18902406,129.1001361,,한전주,051-665-4671,부산광역시 연제구청,2026-04-17
연산8동-202,1,부산광역시 연제구 안연로7번가길 22,부산광역시 연제구 연산동 384-28,35.18921492,129.0999629,,한전주,051-665-4671,부산광역시 연제구청,2026-04-17
연산8동-185,1,부산광역시 연제구 과정로260번길 29,부산광역시 연제구 연산동 363-49,35.18934117,129.0989655,,한전주,051-665-4671,부산광역시 연제구청,2026-04-17
연산8동-186,1,부산광역시 연제구 과정로260번길 19,부산광역시 연제구 연산동 363-30,35.18884587,129.0989149,1997,한전주,051-665-4671,부산광역시 연제구청,2026-04-17
연산8동-188,1,부산광역시 연제구 과정로260번길 14,부산광역시 연제구 연산동 360-28,35.18853764,129.0991083,,한전주,051-665-4671,부산광역시 연제구청,2026-04-17
연산8동-192,1,부산광역시 연제구 안연로7번길 23,부산광역시 연제구 연산동 383-6,35.18819136,129.0995209,,한전주,051-665-4671,부산광역시 연제구청,2026-04-17
연산8동-190,1,부산광역시 연제구 안연로7번길 43,부산광역시 연제구 연산동 382-22,35.18827274,129.0984862,,한전주,051-665-4671,부산광역시 연제구청,2026-04-17
연산8동-176,1,부산광역시 연제구 안연로7번길 49,부산광역시 연제구 연산동 382-49,35.18848392,129.0980755,,한전주,051-665-4671,부산광역시 연제구청,2026-04-17
연산8동-180,1,부산광역시 연제구 안연로23번길 31,부산광역시 연제구 연산동 364-10,35.18964403,129.0986149,1997,건축물,051-665-4671,부산광역시 연제구청,2026-04-17
연산8동-179,1,부산광역시 연제구 안연로7번나길 7,부산광역시 연제구 연산동 364-10,35.1889615,129.0980929,1997,한전주,051-665-4671,부산광역시 연제구청,2026-04-17
연산9동-12,1,부산광역시 연제구 연안로13번길 77,부산광역시 연제구 연산동 397-37,35.18879734,129.1028451,,한전주,051-665-4671,부산광역시 연제구청,2026-04-17
연산9동-282,1,부산광역시 연제구 과정로237번길 91-10,부산광역시 연제구 연산동 416-31,35.18551982,129.1058311,,한전주,051-665-4671,부산광역시 연제구청,2026-04-17
연산9동-283,1,부산광역시 연제구 과정로191번길 59,부산광역시 연제구 연산동 417-19,35.18500136,129.1065376,,한전주,051-665-4671,부산광역시 연제구청,2026-04-17
연산9동-277,1,부산광역시 연제구 과정로191번나길 19-2,부산광역시 연제구 연산동 415-8,35.18632717,129.1052711,,한전주,051-665-4671,부산광역시 연제구청,2026-04-17
연산9동-278,1,부산광역시 연제구 과정로191번나길 17,부산광역시 연제구 연산동 415-5,35.18649701,129.1054271,,한전주,051-665-4671,부산광역시 연제구청,2026-04-17
연산9동-23,1,부산광역시 연제구 연안로14번길 8,부산광역시 연제구 연산동 463-12,35.18899127,129.1076788,,한전주,051-665-4671,부산광역시 연제구청,2026-04-17
연산9동-24,1,부산광역시 연제구 연안로14번길 5-3,부산광역시 연제구 연산동 458-31,35.18945242,129.1075204,,건축물,051-665-4671,부산광역시 연제구청,2026-04-17
연산9동-60,1,부산광역시 연제구 안연로8번길 82,부산광역시 연제구 연산동 401-7,35.18837115,129.1055074,1996,한전주,051-665-4671,부산광역시 연제구청,2026-04-17
연산9동-59,1,부산광역시 연제구 안연로8번길 92,부산광역시 연제구 연산동 401-12,35.18831266,129.1059897,,한전주,051-665-4671,부산광역시 연제구청,2026-04-17
연산9동-56,1,부산광역시 연제구 과정로 192,부산광역시 연제구 연산동 401-14,35.18806721,129.1062169,,한전주,051-665-4671,부산광역시 연제구청,2026-04-17
연산9동-57,1,부산광역시 연제구 과정로192번길 14,부산광역시 연제구 연산동 419-20,35.18854247,129.1064869,,한전주,051-665-4671,부산광역시 연제구청,2026-04-17
연산9동-55,1,부산광역시 연제구 연안로 9-1,부산광역시 연제구 연산동 419-16,35.1887114,129.1067417,,건축물,051-665-4671,부산광역시 연제구청,2026-04-17
연산9동-54,1,부산광역시 연제구 과정로192번길 15,부산광역시 연제구 연산동 396-28,35.1886976,129.1062804,1996,한전주,051-665-4671,부산광역시 연제구청,2026-04-17
연산9동-19,1,부산광역시 연제구 연안로13번길 21,부산광역시 연제구 연산동 396-25,35.18889138,129.1057889,1999,한전주,051-665-4671,부산광역시 연제구청,2026-04-17
연산9동-20,1,부산광역시 연제구 과정로192번길 21,부산광역시 연제구 연산동 396-44,35.18892291,129.1062835,1996,한전주,051-665-4671,부산광역시 연제구청,2026-04-17
연산9동-21,1,부산광역시 연제구 연안로13번길 7,부산광역시 연제구 연산동 419-28,35.18893783,129.1066241,1999,한전주,051-665-4671,부산광역시 연제구청,2026-04-17
연산1동-158,1,부산광역시 연제구 연동로14번길 12,부산광역시 연제구 연산동 317-46,35.18810003,129.0926902,,건축물,051-665-4671,부산광역시 연제구청,2026-04-17
연산1동-159,1,부산광역시 연제구 연동로14번길 20,부산광역시 연제구 연산동 317-36,35.18818452,129.0923181,1996,한전주,051-665-4671,부산광역시 연제구청,2026-04-17
연산1동-145,1,부산광역시 연제구 연동로8번길 22,부산광역시 연제구 연산동 312-18,35.18884338,129.0925364,,건축물,051-665-4671,부산광역시 연제구청,2026-04-17
연산1동-146,1,부산광역시 연제구 연동로8번길 22,부산광역시 연제구 연산동 312-18,35.18884338,129.0925364,,건축물,051-665-4671,부산광역시 연제구청,2026-04-17
연산1동-150,1,부산광역시 연제구 연동로8번길 25-1,부산광역시 연제구 연산동 317-15,35.18864685,129.0920278,,건축물,051-665-4671,부산광역시 연제구청,2026-04-17
연산9동-70,1,부산광역시 연제구 안연로8번길 39,부산광역시 연제구 연산동 397-55,35.18845569,129.1031588,,한전주,051-665-4671,부산광역시 연제구청,2026-04-17
연산9동-69,1,부산광역시 연제구 안연로8번길 45,부산광역시 연제구 연산동 397-60,35.18847121,129.1034335,1997,한전주,051-665-4671,부산광역시 연제구청,2026-04-17
연산9동-66,1,부산광역시 연제구 안연로8번길 59,부산광역시 연제구 연산동 397-22,35.18849985,129.1042464,,한전주,051-665-4671,부산광역시 연제구청,2026-04-17
연산9동-65,1,부산광역시 연제구 과정로208번길 17-2,부산광역시 연제구 연산동 397-16,35.18875341,129.1041181,,한전주,051-665-4671,부산광역시 연제구청,2026-04-17
연산9동-64,1,부산광역시 연제구 과정로208번길 15,부산광역시 연제구 연산동 397-20,35.18863384,129.1043744,,한전주,051-665-4671,부산광역시 연제구청,2026-04-17
연산9동-18,1,부산광역시 연제구 연안로13번길 33,부산광역시 연제구 연산동 396-13,35.1888974,129.1051302,1996,한전주,051-665-4671,부산광역시 연제구청,2026-04-17
연산9동-17,1,부산광역시 연제구 과정로208번길 22,부산광역시 연제구 연산동 396-39,35.18886646,129.1045698,1999,한전주,051-665-4671,부산광역시 연제구청,2026-04-17
연산9동-16,1,부산광역시 연제구 과정로208번길 21,부산광역시 연제구 연산동 397-13,35.18887758,129.1043394,1996,한전주,051-665-4671,부산광역시 연제구청,2026-04-17
연산9동-15,1,부산광역시 연제구 연안로13번길 53,부산광역시 연제구 연산동 397-11,35.18886216,129.1040537,1999,한전주,051-665-4671,부산광역시 연제구청,2026-04-17
연산9동-14,1,부산광역시 연제구 연안로13번길 63,부산광역시 연제구 연산동 397-34,35.18884013,129.1034989,1996,한전주,051-665-4671,부산광역시 연제구청,2026-04-17
연산9동-13,1,부산광역시 연제구 연안로13번길 69,부산광역시 연제구 연산동 397-50,35.18882461,129.1032297,1999,한전주,051-665-4671,부산광역시 연제구청,2026-04-17
연산1동-24,1,부산광역시 연제구 과정로348번길 35,부산광역시 연제구 연산동 300-34,35.19224888,129.0914172,,한전주,051-665-4671,부산광역시 연제구청,2026-04-17
연산1동-19,1,부산광역시 연제구 과정로348번길 39,부산광역시 연제구 연산동 305-22,35.19225677,129.0918135,,한전주,051-665-4671,부산광역시 연제구청,2026-04-17
연산1동-18,1,부산광역시 연제구 과정로348번길 42,부산광역시 연제구 연산동 300-58,35.19242165,129.0918252,1996,한전주,051-665-4671,부산광역시 연제구청,2026-04-17
연산1동-17,1,부산광역시 연제구 과정로348번길 50,부산광역시 연제구 연산동 305-2,35.19267035,129.0920817,1998,건축물,051-665-4671,부산광역시 연제구청,2026-04-17
연산1동-15,1,부산광역시 연제구 온천천남로 4-8,부산광역시 연제구 연산동 300-20,35.19273042,129.0909954,1996,건축물,051-665-4671,부산광역시 연제구청,2026-04-17
연산9동-276,1,부산광역시 연제구 과정로191번나길 15,부산광역시 연제구 연산동 415-17,35.18657692,129.1055599,,한전주,051-665-4671,부산광역시 연제구청,2026-04-17
연산9동-274,1,부산광역시 연제구 과정로191번나길 9,부산광역시 연제구 연산동 415-18,35.18658282,129.1058989,,한전주,051-665-4671,부산광역시 연제구청,2026-04-17
연산9동-271,1,부산광역시 연제구 과정로191번길 9,부산광역시 연제구 연산동 418-13,35.18731664,129.1064813,,건축물,051-665-4671,부산광역시 연제구청,2026-04-17
연산9동-285,1,부산광역시 연제구 과정로237번길 55,부산광역시 연제구 연산동 413-46,35.18627631,129.1039308,,한전주,051-665-4671,부산광역시 연제구청,2026-04-17
연산9동-281,1,부산광역시 연제구 과정로191번다길 45,부산광역시 연제구 연산동 413-38,35.18659857,129.1041768,,한전주,051-665-4671,부산광역시 연제구청,2026-04-17
연산9동-280,1,부산광역시 연제구 과정로191번나길 32,부산광역시 연제구 연산동 414-21,35.18672985,129.1046067,,한전주,051-665-4671,부산광역시 연제구청,2026-04-17
연산9동-268,1,부산광역시 연제구 과정로191번다길 61,부산광역시 연제구 연산동 413-17,35.18694716,129.1035117,,건축물,051-665-4671,부산광역시 연제구청,2026-04-17
연산9동-269,1,부산광역시 연제구 과정로 211,부산광역시 연제구 연산동 406-10,35.18728644,129.1038677,1997,한전주,051-665-4671,부산광역시 연제구청,2026-04-17
연산1동-22,1,부산광역시 연제구 과정로348번길 39-2,부산광역시 연제구 연산동 300-22,35.19259493,129.0910265,,한전주,051-665-4671,부산광역시 연제구청,2026-04-17
연산1동-163,1,부산광역시 연제구 과정로327번길 17,부산광역시 연제구 연산동 317-2,35.18894972,129.0914279,1996,건축물,051-665-4671,부산광역시 연제구청,2026-04-17
연산1동-155,1,부산광역시 연제구 과정로327번길 10,부산광역시 연제구 연산동 312-8,35.18930139,129.0917381,,건축물,051-665-4671,부산광역시 연제구청,2026-04-17
연산8동-90,1,부산광역시 연제구 과정로265번가길 13,부산광역시 연제구 연산동 1044-2,35.18723524,129.0976085,,건축물,051-665-4671,부산광역시 연제구청,2026-04-17
연산8동-88,1,부산광역시 연제구 과정로283번가길 14,부산광역시 연제구 연산동 371-8,35.18724201,129.0968621,,한전주,051-665-4671,부산광역시 연제구청,2026-04-17
연산8동-86,1,부산광역시 연제구 과정로273번길 16,부산광역시 연제구 연산동 371-14,35.18717464,129.0973332,,한전주,051-665-4671,부산광역시 연제구청,2026-04-17
연산8동-87,1,부산광역시 연제구 과정로273번길 8,부산광역시 연제구 연산동 370-21,35.18748157,129.0972824,,한전주,051-665-4671,부산광역시 연제구청,2026-04-17
연산8동-30,1,부산광역시 연제구 연동로7번길 34,부산광역시 연제구 연산동 341-51,35.18778938,129.0951455,,한전주,051-665-4671,부산광역시 연제구청,2026-04-17
연산1동-151,1,부산광역시 연제구 연동로8번길 28,부산광역시 연제구 연산동 312-48,35.18897933,129.0921421,,건축물,051-665-4671,부산광역시 연제구청,2026-04-17
연산1동-167,1,부산광역시 연제구 연동로8번길 50-2,부산광역시 연제구 연산동 313-72,35.18962795,129.0911845,,한전주,051-665-4671,부산광역시 연제구청,2026-04-17
연산1동-244,1,부산광역시 연제구 과정로 333-4,부산광역시 연제구 연산동 313-30,35.18978274,129.0910884,1997,건축물,051-665-4671,부산광역시 연제구청,2026-04-17
연산1동-25,1,부산광역시 연제구 과정로348번길 32-1,부산광역시 연제구 연산동 305-37,35.19192061,129.0916431,,한전주,051-665-4671,부산광역시 연제구청,2026-04-17
연산1동-21,1,부산광역시 연제구 과정로348번길 40-14,부산광역시 연제구 연산동 305-29,35.19199117,129.0920067,,건축물,051-665-4671,부산광역시 연제구청,2026-04-17
연산1동-20,1,부산광역시 연제구 과정로348번길 40-18,부산광역시 연제구 연산동 305-18,35.19219777,129.0919731,,건축물,051-665-4671,부산광역시 연제구청,2026-04-17
연산1동-42,1,부산광역시 연제구 신금로17번길 59,부산광역시 연제구 연산동 305-40,35.19136132,129.0912796,,한전주,051-665-4671,부산광역시 연제구청,2026-04-17
연산1동-41,1,부산광역시 연제구 신금로17번길 54,부산광역시 연제구 연산동 305-48,35.19149864,129.0916487,1996,한전주,051-665-4671,부산광역시 연제구청,2026-04-17
연산1동-57,1,부산광역시 연제구 신금로17번길 43,부산광역시 연제구 연산동 307-45,35.19106176,129.0921777,,한전주,051-665-4671,부산광역시 연제구청,2026-04-17
연산1동-56,1,부산광역시 연제구 신금로17번길 38,부산광역시 연제구 연산동 307-64,35.19117413,129.0924911,,한전주,051-665-4671,부산광역시 연제구청,2026-04-17
연산1동-27,1,부산광역시 연제구 과정로348번길 25,부산광역시 연제구 연산동 300-49,35.19193621,129.0911056,,한전주,051-665-4671,부산광역시 연제구청,2026-04-17
연산9동-204,1,부산광역시 연제구 토곡로9번가길 15,부산광역시 연제구 연산동 57-105,35.18158927,129.1058875,,건축물,051-665-4671,부산광역시 연제구청,2026-04-17
연산9동-196,1,부산광역시 연제구 토곡남로 6,부산광역시 연제구 연산동 57-1,35.18143874,129.1065771,,한전주,051-665-4671,부산광역시 연제구청,2026-04-17
연산9동-203,1,부산광역시 연제구 토곡로9번가길 8,부산광역시 연제구 연산동 70-29,35.18180376,129.1060881,,한전주,051-665-4671,부산광역시 연제구청,2026-04-17
연산9동-198,1,부산광역시 연제구 토곡로9번길 28,부산광역시 연제구 연산동 68-3,35.18161959,129.1065137,1997,건축물,051-665-4671,부산광역시 연제구청,2026-04-17
연산9동-292,1,부산광역시 연제구 토곡로9번길 20,부산광역시 연제구 연산동 69-2,35.18185634,129.1062534,,한전주,051-665-4671,부산광역시 연제구청,2026-04-17
연산8동-61,1,부산광역시 연제구 과정로287번길 37-1,부산광역시 연제구 연산동 1028-1,35.18650261,129.0958968,,한전주,051-665-4671,부산광역시 연제구청,2026-04-17
연산8동-60,1,부산광역시 연제구 과정로287번길 38,부산광역시 연제구 연산동 1011-7,35.18659572,129.0955687,,건축물,051-665-4671,부산광역시 연제구청,2026-04-17
연산8동-59,1,부산광역시 연제구 과정로287번길 43,부산광역시 연제구 연산동 1029-2,35.18627878,129.0957291,,한전주,051-665-4671,부산광역시 연제구청,2026-04-17
연산8동-58,1,부산광역시 연제구 과정로287번길 50,부산광역시 연제구 연산동 1024-2,35.18607328,129.0955287,,한전주,051-665-4671,부산광역시 연제구청,2026-04-17
연산8동-73,1,부산광역시 연제구 과정로283번길 26,부산광역시 연제구 연산동 1032-3,35.18692243,129.0963197,,한전주,051-665-4671,부산광역시 연제구청,2026-04-17
연산8동-74,1,부산광역시 연제구 과정로283번길 37,부산광역시 연제구 연산동 372-2,35.18646757,129.0964766,1996,건축물,051-665-4671,부산광역시 연제구청,2026-04-17
연산8동-76,1,부산광역시 연제구 과정로283번나길 10,부산광역시 연제구 연산동 372-5,35.18675582,129.0967971,,한전주,051-665-4671,부산광역시 연제구청,2026-04-17
연산8동-77,1,부산광역시 연제구 과정로283번나길 12,부산광역시 연제구 연산동 872-12,35.18666795,129.0969732,,한전주,051-665-4671,부산광역시 연제구청,2026-04-17
연산8동-85,1,부산광역시 연제구 과정로273번길 20,부산광역시 연제구 연산동 371-15,35.18695883,129.0972754,1996,한전주,051-665-4671,부산광역시 연제구청,2026-04-17
연산8동-78,1,부산광역시 연제구 과정로283번나길 20,부산광역시 연제구 연산동 372-22,35.18661555,129.0973586,,한전주,051-665-4671,부산광역시 연제구청,2026-04-17
연산8동-96,1,부산광역시 연제구 과정로265번나길 21,부산광역시 연제구 연산동 1070-12,35.18675597,129.0977777,,한전주,051-665-4671,부산광역시 연제구청,2026-04-17
연산9동-247,1,부산광역시 연제구 고분로254번길 91,부산광역시 연제구 연산동 118-48,35.18055165,129.1099356,,한전주,051-665-4671,부산광역시 연제구청,2026-04-17
연산9동-242,1,부산광역시 연제구 고분로254번길 75,부산광역시 연제구 연산동 118-39,35.18120625,129.1103068,,한전주,051-665-4671,부산광역시 연제구청,2026-04-17
연산9동-241,1,부산광역시 연제구 고분로254번길 69,부산광역시 연제구 연산동 118-14,35.18142397,129.1101561,,건축물,051-665-4671,부산광역시 연제구청,2026-04-17
연산9동-245,1,부산광역시 연제구 고분로254번길 87,부산광역시 연제구 연산동 118-72,35.18072078,129.1101685,,건축물,051-665-4671,부산광역시 연제구청,2026-04-17
연산9동-200,1,부산광역시 연제구 토곡로9번길 16,부산광역시 연제구 연산동 70-20,35.18201869,129.1061487,,한전주,051-665-4671,부산광역시 연제구청,2026-04-17
연산9동-201,1,부산광역시 연제구 토곡로 11,부산광역시 연제구 연산동 70-6,35.18256033,129.1061532,1999,한전주,051-665-4671,부산광역시 연제구청,2026-04-17
연산9동-153,1,부산광역시 연제구 고분로236번길 58-1,부산광역시 연제구 연산동 489-19,35.18184348,129.1076586,,건축물,051-665-4671,부산광역시 연제구청,2026-04-17
연산9동-154,1,부산광역시 연제구 과정로 114-1,부산광역시 연제구 연산동 491-1,35.18153105,129.1073251,,건축물,051-665-4671,부산광역시 연제구청,2026-04-17
연산9동-192,1,부산광역시 연제구 토곡남로7번길 4-7,부산광역시 연제구 연산동 57-124,35.18081937,129.1062943,1996,한전주,051-665-4671,부산광역시 연제구청,2026-04-17
연산9동-195,1,부산광역시 연제구 토곡남로7번길 13,부산광역시 연제구 연산동 57-108,35.1808036,129.1067222,,한전주,051-665-4671,부산광역시 연제구청,2026-04-17
연산9동-193,1,부산광역시 연제구 토곡남로7번길 5,부산광역시 연제구 연산동 57-37,35.18103547,129.1065361,,한전주,051-665-4671,부산광역시 연제구청,2026-04-17
연산9동-197,1,부산광역시 연제구 과정로 105-3,부산광역시 연제구 연산동 57-29,35.18099373,129.1067368,,한전주,051-665-4671,부산광역시 연제구청,2026-04-17
연산9동-194,1,부산광역시 연제구 토곡남로 9,부산광역시 연제구 연산동 57-51,35.18123416,129.1062779,,한전주,051-665-4671,부산광역시 연제구청,2026-04-17
연산9동-209,1,부산광역시 연제구 토곡남로 14-1,부산광역시 연제구 연산동 30-1,35.18149712,129.1056817,,한전주,051-665-4671,부산광역시 연제구청,2026-04-17
연산9동-202,1,부산광역시 연제구 토곡로9번길 12-3,부산광역시 연제구 연산동 70-17,35.18214846,129.1058481,,건축물,051-665-4671,부산광역시 연제구청,2026-04-17
연산9동-206,1,부산광역시 연제구 토곡남로20번가길 15,부산광역시 연제구 연산동 52-1,35.18175541,129.1054616,,전용주,051-665-4671,부산광역시 연제구청,2026-04-17
연산9동-181,1,부산광역시 연제구 고분로248번길 45-1,부산광역시 연제구 연산동 486-22,35.18237655,129.1094883,,건축물,051-665-4671,부산광역시 연제구청,2026-04-17
연산9동-180,1,부산광역시 연제구 고분로248번길 46,부산광역시 연제구 연산동 487-24,35.18238018,129.1090931,,한전주,051-665-4671,부산광역시 연제구청,2026-04-17
연산9동-179,1,부산광역시 연제구 고분로248번길 40,부산광역시 연제구 연산동 487-40,35.18266858,129.1090971,,건축물,051-665-4671,부산광역시 연제구청,2026-04-17
연산9동-178,1,부산광역시 연제구 고분로248번길 34,부산광역시 연제구 연산동 487-7,35.18288499,129.1090891,,한전주,051-665-4671,부산광역시 연제구청,2026-04-17
연산9동-235,1,부산광역시 연제구 토곡남로20번길 17,부산광역시 연제구 연산동 40-2,35.18173942,129.1044875,,한전주,051-665-4671,부산광역시 연제구청,2026-04-17
연산9동-232,1,부산광역시 연제구 토곡남로20번길 23,부산광역시 연제구 연산동 22-47,35.18161533,129.1042658,,한전주,051-665-4671,부산광역시 연제구청,2026-04-17
연산9동-230,1,부산광역시 연제구 토곡남로20번길 31,부산광역시 연제구 연산동 22-54,35.18150858,129.1038663,1996,한전주,051-665-4671,부산광역시 연제구청,2026-04-17
연산9동-229,1,부산광역시 연제구 토곡남로41번길 9,부산광역시 연제구 연산동 22-74,35.18170485,129.1031004,,건축물,051-665-4671,부산광역시 연제구청,2026-04-17
연산9동-223,1,부산광역시 연제구 토곡남로20번길 45,부산광역시 연제구 연산동 22-22,35.18109069,129.1032348,,한전주,051-665-4671,부산광역시 연제구청,2026-04-17
연산9동-221,1,부산광역시 연제구 토곡남로20번길 47,부산광역시 연제구 연산동 22-21,35.18098333,129.1031455,,한전주,051-665-4671,부산광역시 연제구청,2026-04-17
연산9동-220,1,부산광역시 연제구 토곡남로34번길 24-1,부산광역시 연제구 연산동 22-33,35.18074544,129.1027849,,한전주,051-665-4671,부산광역시 연제구청,2026-04-17
연산9동-225,1,부산광역시 연제구 토곡로 43,부산광역시 연제구 연산동 22-8,35.18191917,129.1028794,,한전주,051-665-4671,부산광역시 연제구청,2026-04-17
연산9동-224,1,부산광역시 연제구 토곡로 43-5,부산광역시 연제구 연산동 22-81,35.18175082,129.1029969,1996,건축물,051-665-4671,부산광역시 연제구청,2026-04-17
연산9동-237,1,부산광역시 연제구 고분로254번길 51,부산광역시 연제구 연산동 485-17,35.18213759,129.1099901,,한전주,051-665-4671,부산광역시 연제구청,2026-04-17
연산9동-183,1,부산광역시 연제구 고분로248번길 54,부산광역시 연제구 연산동 487-32,35.18208396,129.1089574,,한전주,051-665-4671,부산광역시 연제구청,2026-04-17
연산9동-161,1,부산광역시 연제구 고분로242번길 80,부산광역시 연제구 연산동 117-64,35.18086286,129.1084357,,건축물,051-665-4671,부산광역시 연제구청,2026-04-17
연산9동-138,1,부산광역시 연제구 과정로132번길 38,부산광역시 연제구 연산동 486-37,35.1831165,129.1093996,,한전주,051-665-4671,부산광역시 연제구청,2026-04-17
연산9동-130,1,부산광역시 연제구 과정로132번길 50,부산광역시 연제구 연산동 485-1,35.18309314,129.1099812,,한전주,051-665-4671,부산광역시 연제구청,2026-04-17
연산9동-149,1,부산광역시 연제구 과정로132번길 20,부산광역시 연제구 연산동 488-30,35.18311634,129.1084334,,한전주,051-665-4671,부산광역시 연제구청,2026-04-17
연산8동-160,1,부산광역시 연제구 안연로23번길 53,부산광역시 연제구 연산동 365-18,35.1899768,129.0974588,1997,건축물,051-665-4671,부산광역시 연제구청,2026-04-17
연산9동-169,1,부산광역시 연제구 고분로248번길 77-6,부산광역시 연제구 연산동 117-15,35.18087953,129.1095668,,건축물,051-665-4671,부산광역시 연제구청,2026-04-17
연산9동-162,1,부산광역시 연제구 고분로242번길 69,부산광역시 연제구 연산동 117-48,35.18136576,129.1086402,,한전주,051-665-4671,부산광역시 연제구청,2026-04-17
연산9동-167,1,부산광역시 연제구 과정로114번길 30-13,부산광역시 연제구 연산동 117-8,35.18101135,129.1089538,,한전주,051-665-4671,부산광역시 연제구청,2026-04-17
연산9동-166,1,부산광역시 연제구 과정로114번길 30-11,부산광역시 연제구 연산동 117-7,35.1811194,129.1089662,,전용주,051-665-4671,부산광역시 연제구청,2026-04-17
연산9동-171,1,부산광역시 연제구 고분로248번길 69,부산광역시 연제구 연산동 117-13,35.18129643,129.1093199,,한전주,051-665-4671,부산광역시 연제구청,2026-04-17
연산9동-170,1,부산광역시 연제구 고분로248번길 77,부산광역시 연제구 연산동 117-10,35.1809898,129.1093377,,한전주,051-665-4671,부산광역시 연제구청,2026-04-17
연산9동-239,1,부산광역시 연제구 고분로254번길 63,부산광역시 연제구 연산동 118-8,35.18158771,129.1099936,,한전주,051-665-4671,부산광역시 연제구청,2026-04-17
연산9동-238,1,부산광역시 연제구 고분로254번길 53,부산광역시 연제구 연산동 485-18,35.1820101,129.1101311,,한전주,051-665-4671,부산광역시 연제구청,2026-04-17
연산9동-188,1,부산광역시 연제구 고분로254번길 43,부산광역시 연제구 연산동 485-11,35.18255988,129.1101386,,한전주,051-665-4671,부산광역시 연제구청,2026-04-17
연산9동-186,1,부산광역시 연제구 고분로254번길 35,부산광역시 연제구 연산동 485-9,35.18280463,129.1099882,,한전주,051-665-4671,부산광역시 연제구청,2026-04-17
연산9동-172,1,부산광역시 연제구 과정로114번길 39,부산광역시 연제구 연산동 486-65,35.18172864,129.1093697,,한전주,051-665-4671,부산광역시 연제구청,2026-04-17
연산9동-173,1,부산광역시 연제구 고분로248번길 62,부산광역시 연제구 연산동 487-48,35.18168609,129.1090947,,한전주,051-665-4671,부산광역시 연제구청,2026-04-17
연산8동-83,1,부산광역시 연제구 고분로143번길 6-16,부산광역시 연제구 연산동 378-24,35.18586125,129.0990283,1996,한전주,051-665-4671,부산광역시 연제구청,2026-04-17
연산8동-82,1,부산광역시 연제구 고분로143번길 6-8,부산광역시 연제구 연산동 378-18,35.18585583,129.0986331,,한전주,051-665-4671,부산광역시 연제구청,2026-04-17
연산8동-123,1,부산광역시 연제구 과정로225번길 46,부산광역시 연제구 연산동 378-11,35.1862175,129.1004934,,한전주,051-665-4671,부산광역시 연제구청,2026-04-17
연산8동-121,1,부산광역시 연제구 과정로251번길 40,부산광역시 연제구 연산동 409-15,35.18670988,129.1013123,,한전주,051-665-4671,부산광역시 연제구청,2026-04-17
연산8동-119,1,부산광역시 연제구 과정로251번길 34,부산광역시 연제구 연산동 409-8,35.18685291,129.1009961,1997,한전주,051-665-4671,부산광역시 연제구청,2026-04-17
연산8동-117,1,부산광역시 연제구 과정로251번길 24,부산광역시 연제구 연산동 409-42,35.18688464,129.1004805,1997,한전주,051-665-4671,부산광역시 연제구청,2026-04-17
연산8동-118,1,부산광역시 연제구 과정로251번길 30,부산광역시 연제구 연산동 409-46,35.18687233,129.1008426,,건축물,051-665-4671,부산광역시 연제구청,2026-04-17
연산8동-120,1,부산광역시 연제구 과정로251번길 36-3,부산광역시 연제구 연산동 409-33,35.18651934,129.1010026,,건축물,051-665-4671,부산광역시 연제구청,2026-04-17
연산9동-37,1,부산광역시 연제구 연안로14번길 29,부산광역시 연제구 연산동 459-54,35.18921413,129.1089336,,한전주,051-665-4671,부산광역시 연제구청,2026-04-17
연산9동-39,1,부산광역시 연제구 연안로14번길 33,부산광역시 연제구 연산동 459-55,35.18921282,129.1090763,,한전주,051-665-4671,부산광역시 연제구청,2026-04-17
연산9동-38,1,부산광역시 연제구 연안로14번길 37,부산광역시 연제구 연산동 459-57,35.18922032,129.1092411,,한전주,051-665-4671,부산광역시 연제구청,2026-04-17
연산9동-28,1,부산광역시 연제구 온천천남로160번길 8,부산광역시 연제구 연산동 458-15,35.18967513,129.1078089,,한전주,051-665-4671,부산광역시 연제구청,2026-04-17
연산9동-48,1,부산광역시 연제구 온천천남로160번길 38,부산광역시 연제구 연산동 463-4,35.18834114,129.1078018,,한전주,051-665-4671,부산광역시 연제구청,2026-04-17
연산9동-50,1,부산광역시 연제구 온천천남로160번길 30,부산광역시 연제구 연산동 463-22,35.18869264,129.1078065,,한전주,051-665-4671,부산광역시 연제구청,2026-04-17
연산9동-29,1,부산광역시 연제구 온천천남로 164-6,부산광역시 연제구 연산동 459-5,35.18970796,129.1081607,,한전주,051-665-4671,부산광역시 연제구청,2026-04-17
연산9동-30,1,부산광역시 연제구 온천천남로 164-14,부산광역시 연제구 연산동 459-10,35.18940143,129.1081675,1996,한전주,051-665-4671,부산광역시 연제구청,2026-04-17
연산8동-81,1,부산광역시 연제구 고분로143번길 6,부산광역시 연제구 연산동 378-13,35.18585842,129.0983476,,한전주,051-665-4671,부산광역시 연제구청,2026-04-17
연산8동-97,1,부산광역시 연제구 과정로265번다길 24-3,부산광역시 연제구 연산동 1070-4,35.18656501,129.0979618,2000,한전주,051-665-4671,부산광역시 연제구청,2026-04-17
연산8동-92,1,부산광역시 연제구 과정로265번길 6,부산광역시 연제구 연산동 1051-3,35.18753699,129.0981286,1997,건축물,051-665-4671,부산광역시 연제구청,2026-04-17
연산9동-82,1,부산광역시 연제구 고분로241번길 58,부산광역시 연제구 연산동 472-21,35.18722423,129.1086979,,한전주,051-665-4671,부산광역시 연제구청,2026-04-17
연산9동-81,1,부산광역시 연제구 고분로235번길 60-20,부산광역시 연제구 연산동 472-20,35.1872131,129.1089283,,건축물,051-665-4671,부산광역시 연제구청,2026-04-17
연산9동-104,1,부산광역시 연제구 고분로241번길 30,부산광역시 연제구 연산동 476-5,35.18589025,129.1086907,,한전주,051-665-4671,부산광역시 연제구청,2026-04-17
연산9동-88,1,부산광역시 연제구 고분로241번길 36,부산광역시 연제구 연산동 472-25,35.18617866,129.1086947,,한전주,051-665-4671,부산광역시 연제구청,2026-04-17
연산9동-91,1,부산광역시 연제구 고분로241번길 50,부산광역시 연제구 연산동 472-2,35.18688975,129.1087909,,한전주,051-665-4671,부산광역시 연제구청,2026-04-17
연산8동-115,1,부산광역시 연제구 고분로143번길 48,부산광역시 연제구 연산동 409-56,35.18687882,129.1001291,,한전주,051-665-4671,부산광역시 연제구청,2026-04-17
연산8동-116,1,부산광역시 연제구 과정로251번길 14,부산광역시 연제구 연산동 294-2,35.18715902,129.1000451,,한전주,051-665-4671,부산광역시 연제구청,2026-04-17
연산8동-110,1,부산광역시 연제구 과정로251번길 5,부산광역시 연제구 연산동 408-49,35.18751141,129.0999509,,건축물,051-665-4671,부산광역시 연제구청,2026-04-17
연산8동-113,1,부산광역시 연제구 과정로251번가길 9,부산광역시 연제구 연산동 1056-1,35.18708309,129.0994731,,한전주,051-665-4671,부산광역시 연제구청,2026-04-17
연산8동-112,1,부산광역시 연제구 과정로251번가길 5,부산광역시 연제구 연산동 298-1,35.18713328,129.0999019,,건축물,051-665-4671,부산광역시 연제구청,2026-04-17
연산8동-105,1,부산광역시 연제구 과정로265번다길 6,부산광역시 연제구 연산동 1062-3,35.18704292,129.0989345,,전용주,051-665-4671,부산광역시 연제구청,2026-04-17
연산8동-106,1,부산광역시 연제구 과정로265번다길 7,부산광역시 연제구 연산동 1057-2,35.18679848,129.0990521,,전용주,051-665-4671,부산광역시 연제구청,2026-04-17
연산8동-107,1,부산광역시 연제구 과정로265번다길 16,부산광역시 연제구 연산동 1069-11,35.1866846,129.0986881,,건축물,051-665-4671,부산광역시 연제구청,2026-04-17
연산9동-100,1,부산광역시 연제구 고분로241번길 4,부산광역시 연제구 연산동 476-15,35.18478158,129.1086866,1997,한전주,051-665-4671,부산광역시 연제구청,2026-04-17
연산9동-109,1,부산광역시 연제구 고분로247번길 2,부산광역시 연제구 연산동 475-24,35.1846756,129.1094318,,한전주,051-665-4671,부산광역시 연제구청,2026-04-17
연산9동-108,1,부산광역시 연제구 고분로247번길 10,부산광역시 연제구 연산동 475-21,35.18498804,129.1094144,,한전주,051-665-4671,부산광역시 연제구청,2026-04-17
연산9동-107,1,부산광역시 연제구 고분로247번길 18,부산광역시 연제구 연산동 475-14,35.18527134,129.1093411,,한전주,051-665-4671,부산광역시 연제구청,2026-04-17
연산9동-112,1,부산광역시 연제구 고분로253번길 19,부산광역시 연제구 연산동 475-34,35.18542053,129.1097823,,한전주,051-665-4671,부산광역시 연제구청,2026-04-17
연산9동-111,1,부산광역시 연제구 고분로253번길 13,부산광역시 연제구 연산동 475-17,35.18517719,129.1097791,1999,한전주,051-665-4671,부산광역시 연제구청,2026-04-17
연산9동-110,1,부산광역시 연제구 고분로253번길 9,부산광역시 연제구 연산동 475-20,35.18489784,129.1096437,,한전주,051-665-4671,부산광역시 연제구청,2026-04-17
연산9동-144,1,부산광역시 연제구 고분로242번길 8,부산광역시 연제구 연산동 482-10,35.18404254,129.1086766,,건축물,051-665-4671,부산광역시 연제구청,2026-04-17
연산8동-114,1,부산광역시 연제구 과정로251번가길 14,부산광역시 연제구 연산동 380-22,35.18729188,129.0993111,,건축물,051-665-4671,부산광역시 연제구청,2026-04-17
연산8동-91,1,부산광역시 연제구 과정로265번길 6,부산광역시 연제구 연산동 1051-3,35.18753699,129.0981286,,한전주,051-665-4671,부산광역시 연제구청,2026-04-17
연산8동-100,1,부산광역시 연제구 과정로265번나길 11-14,부산광역시 연제구 연산동 1068-10,35.1869044,129.0983068,,한전주,051-665-4671,부산광역시 연제구청,2026-04-17
연산8동-95,1,부산광역시 연제구 과정로265번나길 13-2,부산광역시 연제구 연산동 1068-4,35.18695036,129.0981993,1996,한전주,051-665-4671,부산광역시 연제구청,2026-04-17
연산8동-101,1,부산광역시 연제구 과정로265번나길 11-5,부산광역시 연제구 연산동 1065-12,35.18704801,129.0983746,,건축물,051-665-4671,부산광역시 연제구청,2026-04-17
연산8동-93,1,부산광역시 연제구 과정로265번나길 13,부산광역시 연제구 연산동 1068-1,35.18706051,129.0979905,,건축물,051-665-4671,부산광역시 연제구청,2026-04-17
연산8동-94,1,부산광역시 연제구 과정로265번나길 15,부산광역시 연제구 연산동 1068-6,35.18694394,129.0979231,,한전주,051-665-4671,부산광역시 연제구청,2026-04-17
연산8동-79,1,부산광역시 연제구 과정로283번나길 26,부산광역시 연제구 연산동 372-30,35.18647767,129.0976532,1996,한전주,051-665-4671,부산광역시 연제구청,2026-04-17
연산9동-87,1,부산광역시 연제구 과정로164번길 19,부산광역시 연제구 연산동 471-23,35.18619119,129.1083105,,한전주,051-665-4671,부산광역시 연제구청,2026-04-17
연산9동-254,1,부산광역시 연제구 구락로153번길 37-30,부산광역시 연제구 연산동 2227,35.17939098,129.1129721,,한전주,051-665-4671,부산광역시 연제구청,2026-04-17
연산9동-253,1,부산광역시 연제구 구락로153번길 37-30,부산광역시 연제구 연산동 2227,35.17939098,129.1129721,,전용주,051-665-4671,부산광역시 연제구청,2026-04-17
연산9동-257,1,부산광역시 연제구 구락로153번길 37-22,부산광역시 연제구 연산동 2227-3,35.17954832,129.1131826,1996,한전주,051-665-4671,부산광역시 연제구청,2026-04-17
연산9동-258,1,부산광역시 연제구 구락로153번길 37-10,부산광역시 연제구 연산동 2225-1,35.17996209,129.1132761,,한전주,051-665-4671,부산광역시 연제구청,2026-04-17
연산9동-259,1,부산광역시 연제구 구락로153번길 37,부산광역시 연제구 연산동 산20-27,35.18048342,129.1134369,,한전주,051-665-4671,부산광역시 연제구청,2026-04-17
연산9동-252,1,부산광역시 연제구 과정로 240,부산광역시 연제구 연산동 2219,35.18204155,129.1116137,2000,한전주,051-665-4671,부산광역시 연제구청,2026-04-17
연산9동-244,1,부산광역시 연제구 고분로254번길 79,부산광역시 연제구 연산동 118-41,35.1810337,129.1104472,,한전주,051-665-4671,부산광역시 연제구청,2026-04-17
연산9동-93,1,부산광역시 연제구 고분로247번길 56,부산광역시 연제구 연산동 189-19,35.1870751,129.1092339,,한전주,051-665-4671,부산광역시 연제구청,2026-04-17
연산9동-98,1,부산광역시 연제구 과정로164번길 31,부산광역시 연제구 연산동 472-8,35.18639075,129.1090388,,한전주,051-665-4671,부산광역시 연제구청,2026-04-17
연산9동-97,1,부산광역시 연제구 과정로164번길 41,부산광역시 연제구 연산동 196-1,35.18612181,129.1099785,,전용주,051-665-4671,부산광역시 연제구청,2026-04-17
연산9동-105,1,부산광역시 연제구 고분로247번길 32,부산광역시 연제구 연산동 475-1,35.1859033,129.1093819,,전용주,051-665-4671,부산광역시 연제구청,2026-04-17
연산9동-114,1,부산광역시 연제구 고분로253번길 27,부산광역시 연제구 연산동 475-27,35.18582621,129.1097768,,한전주,051-665-4671,부산광역시 연제구청,2026-04-17
연산9동-113,1,부산광역시 연제구 고분로253번길 25,부산광역시 연제구 연산동 475-29,35.18569101,129.1097751,,한전주,051-665-4671,부산광역시 연제구청,2026-04-17
연산9동-103,1,부산광역시 연제구 고분로241번길 20,부산광역시 연제구 연산동 476-34,35.18543901,129.1087505,,한전주,051-665-4671,부산광역시 연제구청,2026-04-17
연산9동-102,1,부산광역시 연제구 고분로241번길 12,부산광역시 연제구 연산동 476-51,35.18510125,129.1086691,,한전주,051-665-4671,부산광역시 연제구청,2026-04-17
연산9동-265,1,부산광역시 연제구 구락로153번길 61,부산광역시 연제구 연산동 2207-11,35.1813605,129.1141186,,한전주,051-665-4671,부산광역시 연제구청,2026-04-17
연산9동-266,1,부산광역시 연제구 구락로153번길 50,부산광역시 연제구 연산동 2207-15,35.18093555,129.1139498,,한전주,051-665-4671,부산광역시 연제구청,2026-04-17
연산9동-267,1,부산광역시 연제구 구락로153번길 48,부산광역시 연제구 연산동 2209-1,35.18084019,129.1138481,,한전주,051-665-4671,부산광역시 연제구청,2026-04-17
연산9동-262,1,부산광역시 연제구 구락로153번길 80,부산광역시 연제구 연산동 2209-3,35.18069548,129.1139009,,한전주,051-665-4671,부산광역시 연제구청,2026-04-17
연산9동-263,1,부산광역시 연제구 구락로153번길 76,부산광역시 연제구 연산동 2207-18,35.18089264,129.1140244,1996,한전주,051-665-4671,부산광역시 연제구청,2026-04-17
연산9동-264,1,부산광역시 연제구 구락로153번길 68,부산광역시 연제구 연산동 2207-21,35.18120048,129.1141823,,한전주,051-665-4671,부산광역시 연제구청,2026-04-17
연산9동-123,1,부산광역시 연제구 고분로259번길 18,부산광역시 연제구 연산동 201-18,35.18492427,129.1108186,,한전주,051-665-4671,부산광역시 연제구청,2026-04-17
연산9동-121,1,부산광역시 연제구 고분로259번길 8,부산광역시 연제구 연산동 201-19,35.18493449,129.1106871,,한전주,051-665-4671,부산광역시 연제구청,2026-04-17
연산9동-145,1,부산광역시 연제구 고분로242번길 13,부산광역시 연제구 연산동 482-29,35.18380811,129.1086844,1996,한전주,051-665-4671,부산광역시 연제구청,2026-04-17
연산9동-142,1,부산광역시 연제구 고분로248번길 8,부산광역시 연제구 연산동 482-23,35.18409289,129.1090835,,한전주,051-665-4671,부산광역시 연제구청,2026-04-17
연산9동-141,1,부산광역시 연제구 고분로248번길 12,부산광역시 연제구 연산동 482-37,35.18389441,129.1091028,,한전주,051-665-4671,부산광역시 연제구청,2026-04-17
연산9동-140,1,부산광역시 연제구 고분로248번길 22,부산광역시 연제구 연산동 482-17,35.18342575,129.1090964,,한전주,051-665-4671,부산광역시 연제구청,2026-04-17
연산9동-129,1,부산광역시 연제구 고분로254번길 20,부산광역시 연제구 연산동 483-37,35.18356371,129.1097791,,한전주,051-665-4671,부산광역시 연제구청,2026-04-17
연산9동-127,1,부산광역시 연제구 고분로254번길 12,부산광역시 연제구 연산동 483-33,35.18396959,129.1097516,,한전주,051-665-4671,부산광역시 연제구청,2026-04-17
연산9동-126,1,부산광역시 연제구 고분로254번길 6,부산광역시 연제구 연산동 483-15,35.18414974,129.1097651,,한전주,051-665-4671,부산광역시 연제구청,2026-04-17
연산9동-84,1,부산광역시 연제구 고분로235번길 54,부산광역시 연제구 연산동 471-3,35.18703199,129.1080365,,한전주,051-665-4671,부산광역시 연제구청,2026-04-17
연산9동-35,1,부산광역시 연제구 온천천남로 172,부산광역시 연제구 연산동 459-46,35.1896198,129.1088902,,한전주,051-665-4671,부산광역시 연제구청,2026-04-17
연산9동-33,1,부산광역시 연제구 온천천남로 166-6,부산광역시 연제구 연산동 459-22,35.18966018,129.1084565,1996,한전주,051-665-4671,부산광역시 연제구청,2026-04-17
연산9동-32,1,부산광역시 연제구 연안로14번길 23,부산광역시 연제구 연산동 459-30,35.18919878,129.1084722,,한전주,051-665-4671,부산광역시 연제구청,2026-04-17
연산9동-36,1,부산광역시 연제구 온천천남로 170-7,부산광역시 연제구 연산동 459-49,35.18941231,129.1089473,1996,한전주,051-665-4671,부산광역시 연제구청,2026-04-17
연산9동-34,1,부산광역시 연제구 온천천남로 166,부산광역시 연제구 연산동 458-18,35.1898781,129.1084411,,한전주,051-665-4671,부산광역시 연제구청,2026-04-17
연산9동-132,1,부산광역시 연제구 과정로132번길 61-1,부산광역시 연제구 연산동 134-4,35.18338481,129.1106111,,한전주,051-665-4671,부산광역시 연제구청,2026-04-17
연산9동-116,1,부산광역시 연제구 고분로253번길 37-4,부산광역시 연제구 연산동 196-33,35.18610049,129.1104174,,건축물,051-665-4671,부산광역시 연제구청,2026-04-17
연산9동-119,1,부산광역시 연제구 고분로253번길 45,부산광역시 연제구 연산동 196-42,35.18598898,129.1107013,,한전주,051-665-4671,부산광역시 연제구청,2026-04-17
연산9동-243,1,부산광역시 연제구 고분로254번길 78,부산광역시 연제구 연산동 118-75,35.18102681,129.1102165,,건축물,051-665-4671,부산광역시 연제구청,2026-04-17
연산9동-248,1,부산광역시 연제구 고분로254번길 57-8,부산광역시 연제구 연산동 130-8,35.18172869,129.1103469,,한전주,051-665-4671,부산광역시 연제구청,2026-04-17
연산9동-136,1,부산광역시 연제구 과정로132번길 64-3,부산광역시 연제구 연산동 133-2,35.18287929,129.1106919,,한전주,051-665-4671,부산광역시 연제구청,2026-04-17
연산9동-131,1,부산광역시 연제구 과정로132번길 62,부산광역시 연제구 연산동 134-9,35.18309641,129.1106071,,한전주,051-665-4671,부산광역시 연제구청,2026-04-17
연산9동-134,1,부산광역시 연제구 과정로132번길 66,부산광역시 연제구 연산동 131-4,35.18310825,129.1108176,,한전주,051-665-4671,부산광역시 연제구청,2026-04-17
연산9동-256,1,부산광역시 연제구 구락로153번길 37-22,부산광역시 연제구 연산동 2227-3,35.17954832,129.1131826,,한전주,051-665-4671,부산광역시 연제구청,2026-04-17
연산9동-260,1,부산광역시 연제구 구락로153번길 39,부산광역시 연제구 연산동 2213-3,35.18053689,129.1135035,,한전주,051-665-4671,부산광역시 연제구청,2026-04-17
연산9동-261,1,부산광역시 연제구 구락로153번길 41,부산광역시 연제구 연산동 2213-7,35.1806178,129.1135266,,한전주,051-665-4671,부산광역시 연제구청,2026-04-17
연산8동-27,1,부산광역시 연제구 과정로291번길 27,부산광역시 연제구 연산동 1009-5,35.18714629,129.0954882,,한전주,051-665-4671,부산광역시 연제구청,2026-04-17
연산8동-29,1,부산광역시 연제구 과정로291번길 22,부산광역시 연제구 연산동 341-69,35.18747244,129.0953061,,한전주,051-665-4671,부산광역시 연제구청,2026-04-17
연산8동-43,1,부산광역시 연제구 고분로105번길 6-7,부산광역시 연제구 연산동 340-23,35.18638183,129.0943031,1996,한전주,051-665-4671,부산광역시 연제구청,2026-04-17
연산8동-55,1,부산광역시 연제구 고분로112번가길 33,부산광역시 연제구 연산동 산85-21,35.18606834,129.0950785,1996,건축물,051-665-4671,부산광역시 연제구청,2026-04-17
연산8동-45,1,부산광역시 연제구 고분로113번길 3,부산광역시 연제구 연산동 1013-4,35.18601544,129.0947445,,전용주,051-665-4671,부산광역시 연제구청,2026-04-17
연산1동-23,1,부산광역시 연제구 과정로348번길 35-1,부산광역시 연제구 연산동 300-33,35.19231306,129.0913008,,건축물,051-665-4671,부산광역시 연제구청,2026-04-17
연산1동-26,1,부산광역시 연제구 과정로348번길 33,부산광역시 연제구 연산동 300-48,35.19219076,129.0913308,,건축물,051-665-4671,부산광역시 연제구청,2026-04-17
연산1동-205,1,부산광역시 연제구 연동로 26-10,부산광역시 연제구 연산동 337-47,35.18673825,129.0926503,,한전주,051-665-4671,부산광역시 연제구청,2026-04-17
연산1동-206,1,부산광역시 연제구 고분로93번길 10,부산광역시 연제구 연산동 337-54,35.18638992,129.0927097,,한전주,051-665-4671,부산광역시 연제구청,2026-04-17
연산4동-233,1,부산광역시 연제구 묘봉산로 74,부산광역시 연제구 연산동 1112,35.18341974,129.0909257,,한전주,051-665-4671,부산광역시 연제구청,2026-04-17
연산4동-235,1,부산광역시 연제구 묘봉산로 74,부산광역시 연제구 연산동 1112,35.18341974,129.0909257,1996,한전주,051-665-4671,부산광역시 연제구청,2026-04-17
연산9동-44,1,부산광역시 연제구 온천천남로186번길 26,부산광역시 연제구 연산동 460-16,35.18865745,129.1086954,,한전주,051-665-4671,부산광역시 연제구청,2026-04-17
연산9동-43,1,부산광역시 연제구 온천천남로186번길,부산광역시 연제구 연산동 460-17,35.18865625,129.1088272,,한전주,051-665-4671,부산광역시 연제구청,2026-04-17
연산9동-41,1,부산광역시 연제구 온천천남로186번길 8,부산광역시 연제구 연산동 460-43,35.1887209,129.1096406,,한전주,051-665-4671,부산광역시 연제구청,2026-04-17
연산9동-40,1,부산광역시 연제구 온천천남로 186,부산광역시 연제구 연산동 460-38,35.18879159,129.1097953,,한전주,051-665-4671,부산광역시 연제구청,2026-04-17
연산9동-42,1,부산광역시 연제구 온천천남로186번길,부산광역시 연제구 연산동 460-30,35.18866974,129.1093215,,한전주,051-665-4671,부산광역시 연제구청,2026-04-17
연산8동-22,1,부산광역시 연제구 연동로13번길 23,부산광역시 연제구 연산동 341-39,35.18762301,129.0946053,,한전주,051-665-4671,부산광역시 연제구청,2026-04-17
연산8동-40,1,부산광역시 연제구 고분로105번길 20,부산광역시 연제구 연산동 340-10,35.18685278,129.0940569,,한전주,051-665-4671,부산광역시 연제구청,2026-04-17
연산8동-39,1,부산광역시 연제구 고분로105번길 32,부산광역시 연제구 연산동 340-1,35.18730381,129.0940191,,한전주,051-665-4671,부산광역시 연제구청,2026-04-17
연산1동-204,1,부산광역시 연제구 연동로 26-6,부산광역시 연제구 연산동 337-26,35.18678268,129.0928372,,한전주,051-665-4671,부산광역시 연제구청,2026-04-17
연산1동-203,1,부산광역시 연제구 연동로 24-2,부산광역시 연제구 연산동 337-28,35.18692312,129.0928403,,한전주,051-665-4671,부산광역시 연제구청,2026-04-17
연산8동-68,1,부산광역시 연제구 과정로283번길 5,부산광역시 연제구 연산동 370-3,35.18784093,129.0964199,,한전주,051-665-4671,부산광역시 연제구청,2026-04-17
연산8동-69,1,부산광역시 연제구 과정로283번길 14,부산광역시 연제구 연산동 446-15,35.18751846,129.0961959,,한전주,051-665-4671,부산광역시 연제구청,2026-04-17
연산8동-72,1,부산광역시 연제구 과정로283번길 20-1,부산광역시 연제구 연산동 1032-12,35.18721223,129.0961699,1997,한전주,051-665-4671,부산광역시 연제구청,2026-04-17
연산8동-70,1,부산광역시 연제구 과정로283번길 16-1,부산광역시 연제구 연산동 446-18,35.18742913,129.0961069,,건축물,051-665-4671,부산광역시 연제구청,2026-04-17
연산8동-71,1,부산광역시 연제구 과정로283번길 18-4,부산광역시 연제구 연산동 1031-15,35.18724165,129.0959067,1999,전용주,051-665-4671,부산광역시 연제구청,2026-04-17
연산8동-63,1,부산광역시 연제구 과정로287번길 27,부산광역시 연제구 연산동 1031-7,35.18699593,129.0958267,,한전주,051-665-4671,부산광역시 연제구청,2026-04-17
연산8동-64,1,부산광역시 연제구 과정로287번길 22,부산광역시 연제구 연산동 1009-3,35.18726237,129.0956106,,한전주,051-665-4671,부산광역시 연제구청,2026-04-17
연산8동-65,1,부산광역시 연제구 과정로287번길 13,부산광역시 연제구 연산동 446-3,35.18769319,129.0958141,,건축물,051-665-4671,부산광역시 연제구청,2026-04-17
연산8동-66,1,부산광역시 연제구 과정로287번길 7,부산광역시 연제구 연산동 369-3,35.18786314,129.0959591,,한전주,051-665-4671,부산광역시 연제구청,2026-04-17
연산8동-67,1,부산광역시 연제구 과정로287번길 6,부산광역시 연제구 연산동 449-27,35.18801904,129.0956647,,한전주,051-665-4671,부산광역시 연제구청,2026-04-17
연산8동-111,1,부산광역시 연제구 과정로287번길 8-8,부산광역시 연제구 연산동 449-21,35.18785028,129.0953879,,건축물,051-665-4671,부산광역시 연제구청,2026-04-17
연산9동-78,1,부산광역시 연제구 온천천남로92번길 59,부산광역시 연제구 연산동 398-2,35.18852438,129.1015567,2000,한전주,051-665-4671,부산광역시 연제구청,2026-04-17
연산9동-5,1,부산광역시 연제구 온천천남로92번길 30,부산광역시 연제구 연산동 392-2,35.18979356,129.1007613,,한전주,051-665-4671,부산광역시 연제구청,2026-04-17
연산9동-6,1,부산광역시 연제구 온천천남로92번길 40,부산광역시 연제구 연산동 392-6,35.18936846,129.1009203,1996,한전주,051-665-4671,부산광역시 연제구청,2026-04-17
연산9동-7,1,부산광역시 연제구 온천천남로92번길 48,부산광역시 연제구 연산동 392-23,35.18902388,129.1011462,1997,한전주,051-665-4671,부산광역시 연제구청,2026-04-17
연산9동-8,1,부산광역시 연제구 온천천남로92번길 53,부산광역시 연제구 연산동 398-1,35.18876832,129.1014941,1997,한전주,051-665-4671,부산광역시 연제구청,2026-04-17
연산8동-49,1,부산광역시 연제구 고분로113번길 16-9,부산광역시 연제구 연산동 1012-19,35.18667982,129.0952404,,건축물,051-665-4671,부산광역시 연제구청,2026-04-17
연산1동-207,1,부산광역시 연제구 고분로100번길 6,부산광역시 연제구 연산동 964-16,35.18556704,129.0932614,,한전주,051-665-4671,부산광역시 연제구청,2026-04-17
연산8동-42,1,부산광역시 연제구 고분로105번길 6-5,부산광역시 연제구 연산동 340-25,35.18632053,129.0941047,,한전주,051-665-4671,부산광역시 연제구청,2026-04-17
연산8동-41,1,부산광역시 연제구 고분로105번길 14,부산광역시 연제구 연산동 340-17,35.18663637,129.0940651,,한전주,051-665-4671,부산광역시 연제구청,2026-04-17
연산8동-54,1,부산광역시 연제구 고분로113번길 31,부산광역시 연제구 연산동 997-3,35.18714811,129.0942915,,건축물,051-665-4671,부산광역시 연제구청,2026-04-17
연산8동-52,1,부산광역시 연제구 고분로113번길 25,부산광역시 연제구 연산동 998,35.18693923,129.0944643,,한전주,051-665-4671,부산광역시 연제구청,2026-04-17
연산8동-53,1,부산광역시 연제구 고분로113번길 27,부산광역시 연제구 연산동 996-2,35.18703035,129.0943558,1997,한전주,051-665-4671,부산광역시 연제구청,2026-04-17
연산8동-50,1,부산광역시 연제구 고분로113번길 21,부산광역시 연제구 연산동 1000-1,35.18676769,129.0944951,,한전주,051-665-4671,부산광역시 연제구청,2026-04-17
연산8동-51,1,부산광역시 연제구 고분로113번길 22-2,부산광역시 연제구 연산동 1005-28,35.18697962,129.0949809,2000,건축물,051-665-4671,부산광역시 연제구청,2026-04-17
연산8동-24,1,부산광역시 연제구 연동로13번길 31,부산광역시 연제구 연산동 341-61,35.18742254,129.0948441,,한전주,051-665-4671,부산광역시 연제구청,2026-04-17
연산8동-21,1,부산광역시 연제구 연동로13번길 24,부산광역시 연제구 연산동 456-26,35.18740909,129.0943389,1997,건축물,051-665-4671,부산광역시 연제구청,2026-04-17
연산8동-193,1,부산광역시 연제구 안연로7번길 22-2,부산광역시 연제구 연산동 360-38,35.18867783,129.0996376,,건축물,051-665-4671,부산광역시 연제구청,2026-04-17
연산8동-175,1,부산광역시 연제구 안연로7번길 43-2,부산광역시 연제구 연산동 382-31,35.18828185,129.0984862,2000,전용주,051-665-4671,부산광역시 연제구청,2026-04-17
연산8동-207,1,부산광역시 연제구 과정로260번길 16-8,부산광역시 연제구 연산동 360-25,35.18870619,129.0994071,,한전주,051-665-4671,부산광역시 연제구청,2026-04-17
연산8동-206,1,부산광역시 연제구 과정로260번길 16-12,부산광역시 연제구 연산동 360-16,35.18891338,129.0994208,,건축물,051-665-4671,부산광역시 연제구청,2026-04-17
연산8동-204,1,부산광역시 연제구 안연로23번길 11-10,부산광역시 연제구 연산동 360-10,35.18909234,129.0995661,,한전주,051-665-4671,부산광역시 연제구청,2026-04-17
연산8동-17,1,부산광역시 연제구 연동로 19-3,부산광역시 연제구 연산동 339-47,35.18742545,129.0935266,1998,한전주,051-665-4671,부산광역시 연제구청,2026-04-17
연산1동-201,1,부산광역시 연제구 연동로 20-3,부산광역시 연제구 연산동 337-11,35.18728611,129.0929867,1997,건축물,051-665-4671,부산광역시 연제구청,2026-04-17
연산8동-33,1,부산광역시 연제구 연동로7번길 32-2,부산광역시 연제구 연산동 341-77,35.18768282,129.0949684,,건축물,051-665-4671,부산광역시 연제구청,2026-04-17
연산8동-34,1,부산광역시 연제구 연동로7번길 28,부산광역시 연제구 연산동 341-45,35.18788229,129.0948393,,한전주,051-665-4671,부산광역시 연제구청,2026-04-17
연산8동-35,1,부산광역시 연제구 연동로7번길 20,부산광역시 연제구 연산동 341-30,35.18796639,129.0945111,,한전주,051-665-4671,부산광역시 연제구청,2026-04-17
연산8동-20,1,부산광역시 연제구 연동로13번길 13,부산광역시 연제구 연산동 341-22,35.18773722,129.0939371,,한전주,051-665-4671,부산광역시 연제구청,2026-04-17
연산8동-18,1,부산광역시 연제구 연동로13번길 6,부산광역시 연제구 연산동 339-3,35.18765988,129.0935188,,한전주,051-665-4671,부산광역시 연제구청,2026-04-17
연산8동-19,1,부산광역시 연제구 연동로13번길 9-1,부산광역시 연제구 연산동 341-14,35.18783775,129.0937847,1997,한전주,051-665-4671,부산광역시 연제구청,2026-04-17
연산1동-156,1,부산광역시 연제구 연동로14번길 3,부산광역시 연제구 연산동 337-1,35.18781776,129.0929995,1996,건축물,051-665-4671,부산광역시 연제구청,2026-04-17
연산1동-157,1,부산광역시 연제구 연동로14번길 8,부산광역시 연제구 연산동 317-77,35.18801673,129.0929306,,건축물,051-665-4671,부산광역시 연제구청,2026-04-17
연산8동-187,1,부산광역시 연제구 과정로260번길 19-2,부산광역시 연제구 연산동 363-19,35.18885667,129.0987174,,한전주,051-665-4671,부산광역시 연제구청,2026-04-17
연산9동-31,1,부산광역시 연제구 연안로14번길 17,부산광역시 연제구 연산동 459-14,35.18916689,129.1081863,,한전주,051-665-4671,부산광역시 연제구청,2026-04-17
연산9동-290,1,부산광역시 연제구 고분로 180-6,부산광역시 연제구 연산동 410-24,35.18539426,129.1018108,,한전주,051-665-4671,부산광역시 연제구청,2026-04-17
연산8동-99,1,부산광역시 연제구 과정로265번다길 24,부산광역시 연제구 연산동 1069-8,35.18656963,129.0983323,1998,한전주,051-665-4671,부산광역시 연제구청,2026-04-17
연산8동-98,1,부산광역시 연제구 과정로265번다길 21,부산광역시 연제구 연산동 1075-1,35.18639357,129.0985527,,한전주,051-665-4671,부산광역시 연제구청,2026-04-17
연산8동-102,1,부산광역시 연제구 과정로265번길 16,부산광역시 연제구 연산동 1065-5,35.18723548,129.0985747,1997,한전주,051-665-4671,부산광역시 연제구청,2026-04-17
연산8동-103,1,부산광역시 연제구 과정로265번길 16,부산광역시 연제구 연산동 1065-7,35.18723443,129.0985791,,한전주,051-665-4671,부산광역시 연제구청,2026-04-17
연산8동-104,1,부산광역시 연제구 과정로265번길 28,부산광역시 연제구 연산동 1063,35.18703241,129.0990991,,한전주,051-665-4671,부산광역시 연제구청,2026-04-17
연산8동-108,1,부산광역시 연제구 과정로265번길 34,부산광역시 연제구 연산동 379-5,35.18676885,129.0993371,1997,한전주,051-665-4671,부산광역시 연제구청,2026-04-17
