보안등위치명,설치개수,소재지도로명주소,소재지지번주소,위도,경도,설치연도,설치형태,관리기관전화번호,관리기관명,데이터기준일자
남항동203,1,부산광역시 영도구 절영로94번길 47,,35.084492,129.038558,,한전주,051-419-4671,부산광역시 영도구청,2026-04-06
남항동204,1,부산광역시 영도구 남항서로 12-7,,35.083206,129.0378695,,한전주,051-419-4671,부산광역시 영도구청,2026-04-06
남항동205,1,부산광역시 영도구 절영로94번길 60-1,,35.084808,129.037963,,한전주,051-419-4671,부산광역시 영도구청,2026-04-06
남항동206,1,부산광역시 영도구 남항남로 33-6,,35.084667,129.0378596,,한전주,051-419-4671,부산광역시 영도구청,2026-04-06
남항동207,1,부산광역시 영도구 절영로94번길 52-4,,35.084723,129.038406,,한전주,051-419-4671,부산광역시 영도구청,2026-04-06
남항동208,1,부산광역시 영도구 절영로94번길 52-6,,35.084789,129.038436,,한전주,051-419-4671,부산광역시 영도구청,2026-04-06
남항동210,1,부산광역시 영도구 남항남로 23-12,,35.085175,129.0374257,,한전주,051-419-4671,부산광역시 영도구청,2026-04-06
남항동211,1,부산광역시 영도구 남항남로25번길 14-1,,35.084964,129.0375964,,한전주,051-419-4671,부산광역시 영도구청,2026-04-06
남항동212,1,부산광역시 영도구 남항남로25번길 11-1,,35.085001,129.037567,,한전주,051-419-4671,부산광역시 영도구청,2026-04-06
남항동213,1,부산광역시 영도구 남항남로 29-3,,35.084972,129.037399,,한전주,051-419-4671,부산광역시 영도구청,2026-04-06
남항동214,1,부산광역시 영도구 남항남로25번길 7,,35.086277,129.0377791,,한전주,051-419-4671,부산광역시 영도구청,2026-04-06
남항동215,1,부산광역시 영도구 남항남로 25-1,,35.085147,129.037170,,한전주,051-419-4671,부산광역시 영도구청,2026-04-06
남항동217,1,부산광역시 영도구 남항남로31번길 25,,35.085708,129.0375816,,한전주,051-419-4671,부산광역시 영도구청,2026-04-06
남항동218,1,부산광역시 영도구 남항서로70번길 54-10,,35.085612,129.037750,,한전주,051-419-4671,부산광역시 영도구청,2026-04-06
남항동219,1,부산광역시 영도구 남항서로70번길 54-2,,35.085834,129.0378704,,한전주,051-419-4671,부산광역시 영도구청,2026-04-06
남항동220,1,부산광역시 영도구 남항남로19번길 3,,35.085472,129.036590,,한전주,051-419-4671,부산광역시 영도구청,2026-04-06
남항동221,1,부산광역시 영도구 남항남로 17-2,,35.085529,129.036422,,한전주,051-419-4671,부산광역시 영도구청,2026-04-06
남항동222,1,부산광역시 영도구 남항남로11번길 21,,35.085712,129.036560,,한전주,051-419-4671,부산광역시 영도구청,2026-04-06
남항동223,1,부산광역시 영도구 남항남로11번길 20,,35.085678,129.036422,,한전주,051-419-4671,부산광역시 영도구청,2026-04-06
남항동224,1,부산광역시 영도구 남항남로 15-5,,35.085617,129.036239,,한전주,051-419-4671,부산광역시 영도구청,2026-04-06
남항동225,1,부산광역시 영도구 남항남로11번길 13-1,,35.085807,129.036132,,한전주,051-419-4671,부산광역시 영도구청,2026-04-06
남항동226,1,부산광역시 영도구 남항남로11번길 11-1,,35.085906,129.036087,,한전주,051-419-4671,부산광역시 영도구청,2026-04-06
남항동227,1,부산광역시 영도구 남항남로 13-4,,35.085674,129.035964,,한전주,051-419-4671,부산광역시 영도구청,2026-04-06
남항동228,1,부산광역시 영도구 남항남로11번길 5,,35.085922,129.035781,,한전주,051-419-4671,부산광역시 영도구청,2026-04-06
남항동229,1,부산광역시 영도구 남항남로9번길 6,,35.085876,129.0356578,,한전주,051-419-4671,부산광역시 영도구청,2026-04-06
남항동230,1,부산광역시 영도구 남항남로11번길 17,,35.085798,129.0362977,,한전주,051-419-4671,부산광역시 영도구청,2026-04-06
남항동231,1,부산광역시 영도구 남항남로19번길 10,,35.085750,129.0369285,,한전주,051-419-4671,부산광역시 영도구청,2026-04-06
남항동232,1,부산광역시 영도구 남항남로19번길 9,,35.085788,129.036688,,한전주,051-419-4671,부산광역시 영도구청,2026-04-06
남항동233,1,부산광역시 영도구 남항남로19번길 11-9,,35.085857,129.036544,,한전주,051-419-4671,부산광역시 영도구청,2026-04-06
남항동234,1,부산광역시 영도구 남항남로9번길 12-24,,35.085926,129.036270,,한전주,051-419-4671,부산광역시 영도구청,2026-04-06
남항동235,1,부산광역시 영도구 남항서로70번길 22-19,,35.086119,129.036163,,한전주,051-419-4671,부산광역시 영도구청,2026-04-06
남항동236,1,부산광역시 영도구 남항서로70번길 22-13,,35.086147,129.0360942,,한전주,051-419-4671,부산광역시 영도구청,2026-04-06
남항동237,1,부산광역시 영도구 남항서로70번길 22-10,,35.086151,129.036026,,한전주,051-419-4671,부산광역시 영도구청,2026-04-06
남항동238,1,부산광역시 영도구 남항남로9번길 12-3,,35.086146,129.0358793,,한전주,051-419-4671,부산광역시 영도구청,2026-04-06
남항동239,1,부산광역시 영도구 남항남로19번길 18,,35.085912,129.037017,,한전주,051-419-4671,부산광역시 영도구청,2026-04-06
남항동240,1,부산광역시 영도구 남항서로70번길 36,,35.086242,129.0369044,,한전주,051-419-4671,부산광역시 영도구청,2026-04-06
남항동241,1,부산광역시 영도구 남항서로70번길 46-2,,35.086019,129.037414,,한전주,051-419-4671,부산광역시 영도구청,2026-04-06
남항동242,1,부산광역시 영도구 남항남로19번길 30,,35.086621,129.037567,,한전주,051-419-4671,부산광역시 영도구청,2026-04-06
남항동243,1,부산광역시 영도구 남항서로70번길 52,,35.085979,129.037719,,한전주,051-419-4671,부산광역시 영도구청,2026-04-06
남항동244,1,부산광역시 영도구 남항서로70번길 51,,35.086326,129.0379439,,한전주,051-419-4671,부산광역시 영도구청,2026-04-06
남항동245,1,부산광역시 영도구 남항서로70번길 52-1,,35.085956,129.037796,,한전주,051-419-4671,부산광역시 영도구청,2026-04-06
남항동246,1,부산광역시 영도구 남항서로70번길 56,,35.085880,129.037994,,한전주,051-419-4671,부산광역시 영도구청,2026-04-06
남항동247,1,부산광역시 영도구 남항서로70번길 59-2,,35.085857,129.0383027,,한전주,051-419-4671,부산광역시 영도구청,2026-04-06
남항동248,1,부산광역시 영도구 남항서로70번길 66,,35.085693,129.038558,,한전주,051-419-4671,부산광역시 영도구청,2026-04-06
남항동249,1,부산광역시 영도구 남항서로70번길 72,,35.085584,129.0386943,,한전주,051-419-4671,부산광역시 영도구청,2026-04-06
남항동250,1,부산광역시 영도구 남항서로70번길 74-3,,35.085409,129.0384215,,한전주,051-419-4671,부산광역시 영도구청,2026-04-06
남항동251,1,부산광역시 영도구 남항서로70번길 74-3,,35.085409,129.0384215,,한전주,051-419-4671,부산광역시 영도구청,2026-04-06
남항동252,1,부산광역시 영도구 남항서로70번길 74-14,,35.085624,129.0383948,,한전주,051-419-4671,부산광역시 영도구청,2026-04-06
남항동253,1,부산광역시 영도구 남항서로70번길 76,,35.085515,129.0388105,,한전주,051-419-4671,부산광역시 영도구청,2026-04-06
남항동254,1,부산광역시 영도구 절영로94번길 32-5,,35.084852,129.0387326,,한전주,051-419-4671,부산광역시 영도구청,2026-04-06
남항동255,1,부산광역시 영도구 남항서로70번길 76,,35.085515,129.0388105,,한전주,051-419-4671,부산광역시 영도구청,2026-04-06
남항동256,1,부산광역시 영도구 절영로94번길 34,,35.084911,129.038940,,한전주,051-419-4671,부산광역시 영도구청,2026-04-06
남항동257,1,부산광역시 영도구 절영로94번길 42,,35.084529,129.0386849,,한전주,051-419-4671,부산광역시 영도구청,2026-04-06
남항동258,1,부산광역시 영도구 남항남로 10-1,,35.085582,129.0355084,,한전주,051-419-4671,부산광역시 영도구청,2026-04-06
남항동259,1,부산광역시 영도구 남항남로 10-5,,35.085430,129.0354168,,한전주,051-419-4671,부산광역시 영도구청,2026-04-06
남항동260,1,부산광역시 영도구 남항남로 6,,35.085649,129.0349758,,한전주,051-419-4671,부산광역시 영도구청,2026-04-06
남항동261,1,부산광역시 영도구 남항남로 3-1,,35.086013,129.035049,,한전주,051-419-4671,부산광역시 영도구청,2026-04-06
남항동262,1,부산광역시 영도구 남항남로9번길 3-7,,35.086044,129.035217,,한전주,051-419-4671,부산광역시 영도구청,2026-04-06
남항동263,1,부산광역시 영도구 남항남로9번길 3-3,,35.085968,129.035339,,한전주,051-419-4671,부산광역시 영도구청,2026-04-06
남항동264,1,부산광역시 영도구 남항남로9번길 14-2,,35.086288,129.035827,,한전주,051-419-4671,부산광역시 영도구청,2026-04-06
남항동265,1,부산광역시 영도구 남항남로9번길 14-7,,35.086254,129.036010,,한전주,051-419-4671,부산광역시 영도구청,2026-04-06
남항동266,1,부산광역시 영도구 남항남로9번길 16-7,,35.086322,129.0359492,,한전주,051-419-4671,부산광역시 영도구청,2026-04-06
남항동267,1,부산광역시 영도구 남항남로9번길 16-9,,35.086296,129.0360995,,한전주,051-419-4671,부산광역시 영도구청,2026-04-06
남항동268,1,부산광역시 영도구 남항남로9번길 18-5,,35.086404,129.036010,,한전주,051-419-4671,부산광역시 영도구청,2026-04-06
남항동269,1,부산광역시 영도구 남항남로9번길 20-8,,35.086383,129.036193,,한전주,051-419-4671,부산광역시 영도구청,2026-04-06
남항동270,1,부산광역시 영도구 남항남로9번길 22,,35.086521,129.0360073,,한전주,051-419-4671,부산광역시 영도구청,2026-04-06
남항동271,1,부산광역시 영도구 남항서로70번길 7,,35.086916,129.035598,,한전주,051-419-4671,부산광역시 영도구청,2026-04-06
남항동272,1,부산광역시 영도구 남항서로70번길 1,,35.087008,129.035339,,한전주,051-419-4671,부산광역시 영도구청,2026-04-06
남항동273,1,부산광역시 영도구 남항서로 72,,35.087131,129.035369,,한전주,051-419-4671,부산광역시 영도구청,2026-04-06
남항동274,1,부산광역시 영도구 남항서로 76-4,,35.087293,129.035578,,한전주,051-419-4671,부산광역시 영도구청,2026-04-06
남항동275,1,부산광역시 영도구 남항서로 78-3,,35.087670,129.035858,,한전주,051-419-4671,부산광역시 영도구청,2026-04-06
남항동276,1,부산광역시 영도구 남항서로 82번길,,35.087821,129.035812,,한전주,051-419-4671,부산광역시 영도구청,2026-04-06
남항동277,1,부산광역시 영도구 남항서로 82번길,,35.087585,129.036117,,한전주,051-419-4671,부산광역시 영도구청,2026-04-06
남항동278,1,부산광역시 영도구 남항남로9번길 37,,35.08729957,129.036254,,한전주,051-419-4671,부산광역시 영도구청,2026-04-06
남항동279,1,부산광역시 영도구 남항남로9번길 39-3,,35.087360,129.036117,,한전주,051-419-4671,부산광역시 영도구청,2026-04-06
남항동280,1,부산광역시 영도구 남항남로9번길 33-7,,35.087078,129.0358778,,한전주,051-419-4671,부산광역시 영도구청,2026-04-06
남항동281,1,부산광역시 영도구 남항남로9번길 29-9,,35.086967,129.035842,,한전주,051-419-4671,부산광역시 영도구청,2026-04-06
남항동282,1,부산광역시 영도구 남항서로70번길 22,,35.086540,129.0362096,,한전주,051-419-4671,부산광역시 영도구청,2026-04-06
남항동283,1,부산광역시 영도구 남항서로70번길 30,,35.086391,129.0366168,,한전주,051-419-4671,부산광역시 영도구청,2026-04-06
남항동284,1,부산광역시 영도구 남항남로19번길 30,,35.086621,129.0375415,,한전주,051-419-4671,부산광역시 영도구청,2026-04-06
남항동285,1,부산광역시 영도구 남항남로19번길 30,,35.086621,129.0375415,,한전주,051-419-4671,부산광역시 영도구청,2026-04-06
남항동286,1,부산광역시 영도구 남항남로19번길 37,,35.086818,129.0372568,,한전주,051-419-4671,부산광역시 영도구청,2026-04-06
남항동287,1,부산광역시 영도구 남항남로19번길 39-19,,35.086949,129.0369851,,한전주,051-419-4671,부산광역시 영도구청,2026-04-06
남항동288,1,부산광역시 영도구 남항남로19번길 39-21,,35.087162,129.036849,,한전주,051-419-4671,부산광역시 영도구청,2026-04-06
남항동289,1,부산광역시 영도구 남항서로82번길 39,,35.087165,129.0377181,,한전주,051-419-4671,부산광역시 영도구청,2026-04-06
남항동290,1,부산광역시 영도구 남항서로82번길 31,,35.087414,129.0373395,,한전주,051-419-4671,부산광역시 영도구청,2026-04-06
남항동291,1,부산광역시 영도구 남항서로82번길 43,,35.087133,129.037918,,한전주,051-419-4671,부산광역시 영도구청,2026-04-06
남항동292,1,부산광역시 영도구 남항서로82번길 50,,35.086837,129.038085,,한전주,051-419-4671,부산광역시 영도구청,2026-04-06
남항동293,1,부산광역시 영도구 남항서로82번길 48-18,,35.086658,129.0379742,,한전주,051-419-4671,부산광역시 영도구청,2026-04-06
남항동294,1,부산광역시 영도구 남항서로82번길 48-26,,35.086639,129.037841,,한전주,051-419-4671,부산광역시 영도구청,2026-04-06
남항동295,1,부산광역시 영도구 남항서로82번길 48-15,,35.086631,129.038238,,한전주,051-419-4671,부산광역시 영도구청,2026-04-06
남항동296,1,부산광역시 영도구 남항서로82번길 48-34,,35.086513,129.0379818,,한전주,051-419-4671,부산광역시 영도구청,2026-04-06
남항동297,1,부산광역시 영도구 남항서로82번길 48-38,,35.086452,129.037918,,한전주,051-419-4671,부산광역시 영도구청,2026-04-06
남항동298,1,부산광역시 영도구 남항서로70번길 59-7,,35.086292,129.038314,,한전주,051-419-4671,부산광역시 영도구청,2026-04-06
남항동299,1,부산광역시 영도구 남항서로82번길 56-27,,35.086406,129.038528,,한전주,051-419-4671,부산광역시 영도구청,2026-04-06
남항동300,1,부산광역시 영도구 남항서로82번길 64-14,,35.086238,129.038558,,한전주,051-419-4671,부산광역시 영도구청,2026-04-06
남항동301,1,부산광역시 영도구 남항서로70번길 59-6,,35.085976,129.038391,,한전주,051-419-4671,부산광역시 영도구청,2026-04-06
남항동302,1,부산광역시 영도구 남항서로82번길 64-8,,35.086414,129.038726,,한전주,051-419-4671,부산광역시 영도구청,2026-04-06
남항동303,1,부산광역시 영도구 남항서로82번길 56-9,,35.086502,129.038574,,한전주,051-419-4671,부산광역시 영도구청,2026-04-06
남항동304,1,부산광역시 영도구 남항서로82번길 56-6,,35.086602,129.0383606,,한전주,051-419-4671,부산광역시 영도구청,2026-04-06
남항동305,1,부산광역시 영도구 남항서로82번길 56,,35.086769,129.038467,,한전주,051-419-4671,부산광역시 영도구청,2026-04-06
남항동306,1,부산광역시 영도구 남항서로82번길 51,,35.086952,129.038223,,한전주,051-419-4671,부산광역시 영도구청,2026-04-06
남항동307,1,부산광역시 영도구 남항서로82번길 55,,35.086853,129.0385284,,전용주,051-419-4671,부산광역시 영도구청,2026-04-06
남항동308,1,부산광역시 영도구 남항서로82번길 55-11,,35.087013,129.038391,,한전주,051-419-4671,부산광역시 영도구청,2026-04-06
남항동309,1,부산광역시 영도구 남항서로82번길 59-6,,35.086899,129.0388071,,한전주,051-419-4671,부산광역시 영도구청,2026-04-06
남항동310,1,부산광역시 영도구 남항서로82번길 59,,35.086820,129.0387411,,한전주,051-419-4671,부산광역시 영도구청,2026-04-06
남항동311,1,부산광역시 영도구 남항서로82번길 60-4,,35.086725,129.038497,,한전주,051-419-4671,부산광역시 영도구청,2026-04-06
남항동312,1,부산광역시 영도구 남항서로82번길 64-1,,35.086632,129.038818,,한전주,051-419-4671,부산광역시 영도구청,2026-04-06
남항동313,1,부산광역시 영도구 남항서로82번길 65-4,,35.086746,129.039016,,한전주,051-419-4671,부산광역시 영도구청,2026-04-06
남항동314,1,부산광역시 영도구 남항서로82번길 68,,35.086582,129.0389912,,한전주,051-419-4671,부산광역시 영도구청,2026-04-06
남항동315,1,부산광역시 영도구 남항서로82번길 73,,35.086615,129.0393726,,한전주,051-419-4671,부산광역시 영도구청,2026-04-06
남항동316,1,부산광역시 영도구 절영로94번길 14,,35.085926,129.039064,,한전주,051-419-4671,부산광역시 영도구청,2026-04-06
남항동317,1,부산광역시 영도구 절영로94번길 14,,35.085936,129.039064,,한전주,051-419-4671,부산광역시 영도구청,2026-04-06
남항동318,1,부산광역시 영도구 남항남로19번길 54,,35.087356,129.0380023,,한전주,051-419-4671,부산광역시 영도구청,2026-04-06
남항동319,1,부산광역시 영도구 남항남로19번길 62,,35.087896,129.037902,,한전주,051-419-4671,부산광역시 영도구청,2026-04-06
남항동320,1,부산광역시 영도구 남항남로19번길 61,,35.087886,129.037765,,한전주,051-419-4671,부산광역시 영도구청,2026-04-06
남항동321,1,부산광역시 영도구 남항서로92번길 33,,35.088224,129.037883,,한전주,051-419-4671,부산광역시 영도구청,2026-04-06
남항동322,1,부산광역시 영도구 남항서로92번길 38,,35.088043,129.0382278,,한전주,051-419-4671,부산광역시 영도구청,2026-04-06
남항동323,1,부산광역시 영도구 남항서로92번길 43,,35.088417,129.038116,,한전주,051-419-4671,부산광역시 영도구청,2026-04-06
남항동324,1,부산광역시 영도구 남항서로92번길 43,,35.088451,129.0381195,,한전주,051-419-4671,부산광역시 영도구청,2026-04-06
남항동325,1,부산광역시 영도구 절영로66번길 6,,35.088670,129.0383355,,한전주,051-419-4671,부산광역시 영도구청,2026-04-06
남항동326,1,부산광역시 영도구 절영로 66,,35.088710,129.038436,,한전주,051-419-4671,부산광역시 영도구청,2026-04-06
남항동327,1,부산광역시 영도구 절영로66번길 11-1,,35.088535,129.0379187,,한전주,051-419-4671,부산광역시 영도구청,2026-04-06
남항동328,1,부산광역시 영도구 남항로16번길 22-6,,35.088716,129.037536,,한전주,051-419-4671,부산광역시 영도구청,2026-04-06
남항동329,1,부산광역시 영도구 남항로16번길 25,,35.088462,129.037673,,한전주,051-419-4671,부산광역시 영도구청,2026-04-06
남항동330,1,부산광역시 영도구 남항로16번길 25-6,,35.088428,129.037796,,한전주,051-419-4671,부산광역시 영도구청,2026-04-06
남항동331,1,부산광역시 영도구 남항서로92번길 23,,35.088363,129.0373667,,전용주,051-419-4671,부산광역시 영도구청,2026-04-06
남항동332,1,부산광역시 영도구 남항로16번길 20,,35.089099,129.0392663,,한전주,051-419-4671,부산광역시 영도구청,2026-04-06
남항동333,1,부산광역시 영도구 남항로16번길 17,,35.088824,129.0378563,,한전주,051-419-4671,부산광역시 영도구청,2026-04-06
남항동334,1,부산광역시 영도구 절영로64번길 8-3,,35.088932,129.038085,,한전주,051-419-4671,부산광역시 영도구청,2026-04-06
남항동335,1,부산광역시 영도구 절영로64번길 5,,35.088817,129.038177,,한전주,051-419-4671,부산광역시 영도구청,2026-04-06
남항동336,1,부산광역시 영도구 절영로64번길 1,,35.088863,129.038436,,한전주,051-419-4671,부산광역시 영도구청,2026-04-06
남항동337,1,부산광역시 영도구 남항로16번길 4,,35.089352,129.0378635,,한전주,051-419-4671,부산광역시 영도구청,2026-04-06
남항동338,1,부산광역시 영도구 남항로16번길 4,,35.089352,129.0378635,,한전주,051-419-4671,부산광역시 영도구청,2026-04-06
남항동339,1,부산광역시 영도구 남항로10번길 18,,35.089050,129.037139,,한전주,051-419-4671,부산광역시 영도구청,2026-04-06
남항동340,1,부산광역시 영도구 남항로10번길 23,,35.088787,129.037399,,한전주,051-419-4671,부산광역시 영도구청,2026-04-06
남항동341,1,부산광역시 영도구 남항로10번길 24-4,,35.088905,129.036972,,한전주,051-419-4671,부산광역시 영도구청,2026-04-06
남항동342,1,부산광역시 영도구 남항로10번길 27,,35.088611,129.037099,,한전주,051-419-4671,부산광역시 영도구청,2026-04-06
남항동343,1,부산광역시 영도구 남항서로92번길 23,,35.088340,129.037322,,한전주,051-419-4671,부산광역시 영도구청,2026-04-06
남항동344,1,부산광역시 영도구 남항서로92번길 32,,35.088087,129.037658,,한전주,051-419-4671,부산광역시 영도구청,2026-04-06
남항동345,1,부산광역시 영도구 남항남로9번길 62,,35.088151,129.037067,,한전주,051-419-4671,부산광역시 영도구청,2026-04-06
남항동346,1,부산광역시 영도구 남항서로 94,,35.088748,129.036697,,한전주,051-419-4671,부산광역시 영도구청,2026-04-06
남항동347,1,부산광역시 영도구 남항서로 94,,35.088748,129.0366493,,한전주,051-419-4671,부산광역시 영도구청,2026-04-06
남항동348,1,부산광역시 영도구 남항서로104번길 4,,35.089403,129.0366738,,한전주,051-419-4671,부산광역시 영도구청,2026-04-06
남항동349,1,부산광역시 영도구 남항서로104번길 8,,35.089434,129.036926,,한전주,051-419-4671,부산광역시 영도구청,2026-04-06
남항동350,1,부산광역시 영도구 남항서로104번길 7-1,,35.089519,129.037124,,한전주,051-419-4671,부산광역시 영도구청,2026-04-06
남항동351,1,부산광역시 영도구 남항서로104번길 7-6,,35.089655,129.037246,,한전주,051-419-4671,부산광역시 영도구청,2026-04-06
남항동352,1,부산광역시 영도구 남항서로104번길 12,,35.089317,129.0372667,,한전주,051-419-4671,부산광역시 영도구청,2026-04-06
남항동353,1,부산광역시 영도구 남항로9번길 11,,35.090442,129.0377367,,한전주,051-419-4671,부산광역시 영도구청,2026-04-06
남항동354,1,부산광역시 영도구 절영로50번길 6,,35.090202,129.038177,,한전주,051-419-4671,부산광역시 영도구청,2026-04-06
남항동355,1,부산광역시 영도구 남항로 11-12,,35.089984,129.038116,,한전주,051-419-4671,부산광역시 영도구청,2026-04-06
남항동356,1,부산광역시 영도구 남항로9번길 13-4,,35.090660,129.0376733,,한전주,051-419-4671,부산광역시 영도구청,2026-04-06
남항동357,1,부산광역시 영도구 절영로42번길 18,,35.091026,129.037979,,한전주,051-419-4671,부산광역시 영도구청,2026-04-06
남항동358,1,부산광역시 영도구 남항로9번길 34,,35.091136,129.038589,,한전주,051-419-4671,부산광역시 영도구청,2026-04-06
남항동359,1,부산광역시 영도구 절영로 40-1,,35.090991,129.0388147,,한전주,051-419-4671,부산광역시 영도구청,2026-04-06
남항동360,1,부산광역시 영도구 절영로36번길 22,,35.091773,129.038037,,한전주,051-419-4671,부산광역시 영도구청,2026-04-06
남항동361,1,부산광역시 영도구 남항로9번길 45,,35.091785,129.038696,,한전주,051-419-4671,부산광역시 영도구청,2026-04-06
남항동362,1,부산광역시 영도구 남항로9번길 45-4,,35.091823,129.038496,,한전주,051-419-4671,부산광역시 영도구청,2026-04-06
남항동363,1,부산광역시 영도구 절영로30번길 8,,35.091930,129.0390025,,한전주,051-419-4671,부산광역시 영도구청,2026-04-06
남항동364,1,부산광역시 영도구 절영로30번길 15,,35.091979,129.0385987,,한전주,051-419-4671,부산광역시 영도구청,2026-04-06
남항동365,1,부산광역시 영도구 절영로30번길 17-1,,35.091976,129.038452,,한전주,051-419-4671,부산광역시 영도구청,2026-04-06
남항동366,1,부산광역시 영도구 남항서로 138,,35.092419,129.038314,,한전주,051-419-4671,부산광역시 영도구청,2026-04-06
남항동367,1,부산광역시 영도구 태종로 86,,35.091758,129.040245,,한전주,051-419-4671,부산광역시 영도구청,2026-04-06
남항동368,1,부산광역시 영도구 절영로29번길 7,,35.091636,129.039901,,한전주,051-419-4671,부산광역시 영도구청,2026-04-06
남항동369,1,부산광역시 영도구 절영로 29,,35.091617,129.0395602,,한전주,051-419-4671,부산광역시 영도구청,2026-04-06
남항동370,1,부산광역시 영도구 남항로19번길 44-1,,35.091213,129.039871,,한전주,051-419-4671,부산광역시 영도구청,2026-04-06
남항동371,1,부산광역시 영도구 남항로19번길 44-3,,35.091211,129.039978,,한전주,051-419-4671,부산광역시 영도구청,2026-04-06
남항동372,1,부산광역시 영도구 남항로19번길 30,,35.090665,129.039535,,한전주,051-419-4671,부산광역시 영도구청,2026-04-06
남항동373,1,부산광역시 영도구 남항로19번길 28,,35.090587,129.039501,,한전주,051-419-4671,부산광역시 영도구청,2026-04-06
남항동374,1,부산광역시 영도구 절영로 37-6,,35.090820,129.0392816,,한전주,051-419-4671,부산광역시 영도구청,2026-04-06
남항동375,1,부산광역시 영도구 절영로43번길 7,,35.090526,129.0392886,,한전주,051-419-4671,부산광역시 영도구청,2026-04-06
남항동376,1,부산광역시 영도구 남항로19번길 18,,35.090187,129.039260,,한전주,051-419-4671,부산광역시 영도구청,2026-04-06
남항동377,1,부산광역시 영도구 남항로19번길 20,,35.090221,129.039398,,한전주,051-419-4671,부산광역시 영도구청,2026-04-06
남항동378,1,부산광역시 영도구 남항로25번길 15-9,,35.090255,129.039581,,한전주,051-419-4671,부산광역시 영도구청,2026-04-06
남항동379,1,부산광역시 영도구 남항로19번길 16-3,,35.090023,129.039321,,한전주,051-419-4671,부산광역시 영도구청,2026-04-06
남항동380,1,부산광역시 영도구 절영로49번길 7,,35.089934,129.038983,,한전주,051-419-4671,부산광역시 영도구청,2026-04-06
남항동381,1,부산광역시 영도구 절영로49번길 2,,35.089923,129.0386558,,한전주,051-419-4671,부산광역시 영도구청,2026-04-06
남항동382,1,부산광역시 영도구 남항로19번길 6,,35.089679,129.039001,,한전주,051-419-4671,부산광역시 영도구청,2026-04-06
남항동383,1,부산광역시 영도구 남항로19번길 6,,35.089637,129.0390598,,한전주,051-419-4671,부산광역시 영도구청,2026-04-06
남항동384,1,부산광역시 영도구 남항로 21,,35.089508,129.0389404,,한전주,051-419-4671,부산광역시 영도구청,2026-04-06
남항동385,1,부산광역시 영도구 절영로49번길 14,,35.089744,129.039169,,한전주,051-419-4671,부산광역시 영도구청,2026-04-06
남항동386,1,부산광역시 영도구 남항로25번길 7,,35.089626,129.0394883,,한전주,051-419-4671,부산광역시 영도구청,2026-04-06
남항동387,1,부산광역시 영도구 남항로 27,,35.089257,129.0395312,,한전주,051-419-4671,부산광역시 영도구청,2026-04-06
남항동388,1,부산광역시 영도구 남항로 29,,35.089171,129.0397784,,한전주,051-419-4671,부산광역시 영도구청,2026-04-06
남항동389,1,부산광역시 영도구 남항로 29-1,,35.089340,129.0398893,,한전주,051-419-4671,부산광역시 영도구청,2026-04-06
남항동390,1,부산광역시 영도구 남항로 29,,35.089176,129.0397784,,한전주,051-419-4671,부산광역시 영도구청,2026-04-06
남항동391,1,부산광역시 영도구 남항로25번길 13-3,,35.089881,129.039459,,한전주,051-419-4671,부산광역시 영도구청,2026-04-06
남항동392,1,부산광역시 영도구 남항로25번길 13-2,,35.089965,129.0395772,,한전주,051-419-4671,부산광역시 영도구청,2026-04-06
남항동393,1,부산광역시 영도구 남항로25번길 18,,35.089974,129.039825,,한전주,051-419-4671,부산광역시 영도구청,2026-04-06
남항동394,1,부산광역시 영도구 남항로25번길 20-16,,35.089891,129.0401372,,한전주,051-419-4671,부산광역시 영도구청,2026-04-06
남항동395,1,부산광역시 영도구 남항로25번길 20-16,,35.089891,129.0401372,,한전주,051-419-4671,부산광역시 영도구청,2026-04-06
남항동396,1,부산광역시 영도구 남항로25번길 22-5,,35.090042,129.040130,,한전주,051-419-4671,부산광역시 영도구청,2026-04-06
남항동397,1,부산광역시 영도구 절영로43번길 26-2,,35.090114,129.040176,,한전주,051-419-4671,부산광역시 영도구청,2026-04-06
남항동398,1,부산광역시 영도구 남항로25번길 22,,35.090133,129.0399149,,한전주,051-419-4671,부산광역시 영도구청,2026-04-06
남항동399,1,부산광역시 영도구 절영로43번길 16,,35.090225,129.039779,,한전주,051-419-4671,부산광역시 영도구청,2026-04-06
남항동400,1,부산광역시 영도구 절영로43번길 16,,35.090244,129.0397316,,한전주,051-419-4671,부산광역시 영도구청,2026-04-06
남항동401,1,부산광역시 영도구 절영로43번길 15,,35.090453,129.039718,,한전주,051-419-4671,부산광역시 영도구청,2026-04-06
남항동402,1,부산광역시 영도구 절영로43번길 11,,35.090521,129.039550,,한전주,051-419-4671,부산광역시 영도구청,2026-04-06
남항동403,1,부산광역시 영도구 절영로43번길 24-1,,35.090175,129.040084,,한전주,051-419-4671,부산광역시 영도구청,2026-04-06
남항동404,1,부산광역시 영도구 남항로25번길 27,,35.090399,129.0398806,,한전주,051-419-4671,부산광역시 영도구청,2026-04-06
남항동405,1,부산광역시 영도구 절영로35번길 25-3,,35.090965,129.040618,,한전주,051-419-4671,부산광역시 영도구청,2026-04-06
남항동406,1,부산광역시 영도구 남항로25번길 43,,35.091056,129.040267,,한전주,051-419-4671,부산광역시 영도구청,2026-04-06
남항동407,1,부산광역시 영도구 남항로25번길 43,,35.091094,129.040298,,한전주,051-419-4671,부산광역시 영도구청,2026-04-06
남항동408,1,부산광역시 영도구 남항로25번길 48,,35.091269,129.040496,,한전주,051-419-4671,부산광역시 영도구청,2026-04-06
남항동409,1,부산광역시 영도구 절영로29번길 14,,35.091384,129.0400975,,한전주,051-419-4671,부산광역시 영도구청,2026-04-06
남항동410,1,부산광역시 영도구 절영로29번길 13,,35.091564,129.040222,,한전주,051-419-4671,부산광역시 영도구청,2026-04-06
남항동411,1,부산광역시 영도구 절영로29번길 27,,35.091327,129.0409182,,한전주,051-419-4671,부산광역시 영도구청,2026-04-06
남항동412,1,부산광역시 영도구 절영로29번길 27,,35.091313,129.0409182,,한전주,051-419-4671,부산광역시 영도구청,2026-04-06
남항동413,1,부산광역시 영도구 절영로29번길 27,,35.091313,129.0409182,,한전주,051-419-4671,부산광역시 영도구청,2026-04-06
남항동414,1,부산광역시 영도구 절영로29번길 36,,35.090879,129.0411126,,한전주,051-419-4671,부산광역시 영도구청,2026-04-06
남항동415,1,부산광역시 영도구 절영로29번길 36-5,,35.090850,129.041229,,한전주,051-419-4671,부산광역시 영도구청,2026-04-06
남항동416,1,부산광역시 영도구 절영로35번길 34,,35.090587,129.040802,,한전주,051-419-4671,부산광역시 영도구청,2026-04-06
남항동417,1,부산광역시 영도구 남항로31번길 31,,35.090415,129.0403948,,한전주,051-419-4671,부산광역시 영도구청,2026-04-06
남항동418,1,부산광역시 영도구 남항로31번길 34-3,,35.090377,129.040786,,한전주,051-419-4671,부산광역시 영도구청,2026-04-06
남항동419,1,부산광역시 영도구 남항로31번길 34-11,,35.090316,129.040878,,한전주,051-419-4671,부산광역시 영도구청,2026-04-06
남항동420,1,부산광역시 영도구 남항로31번길 34-14,,35.090184,129.040969,,한전주,051-419-4671,부산광역시 영도구청,2026-04-06
남항동421,1,부산광역시 영도구 남항로31번길 23,,35.090072,129.040390,,한전주,051-419-4671,부산광역시 영도구청,2026-04-06
남항동422,1,부산광역시 영도구 절영로43번길 36,,35.089981,129.040649,,한전주,051-419-4671,부산광역시 영도구청,2026-04-06
남항동423,1,부산광역시 영도구 절영로43번길 34-5,,35.089855,129.0406288,,한전주,051-419-4671,부산광역시 영도구청,2026-04-06
남항동424,1,부산광역시 영도구 절영로43번길 34-12,,35.089748,129.040496,,한전주,051-419-4671,부산광역시 영도구청,2026-04-06
남항동425,1,부산광역시 영도구 절영로43번길 35-4,,35.090141,129.0409625,,한전주,051-419-4671,부산광역시 영도구청,2026-04-06
남항동426,1,부산광역시 영도구 절영로43번길 39,,35.089977,129.040908,,한전주,051-419-4671,부산광역시 영도구청,2026-04-06
남항동427,1,부산광역시 영도구 남항로31번길 17,,35.089838,129.040252,,한전주,051-419-4671,부산광역시 영도구청,2026-04-06
남항동428,1,부산광역시 영도구 남항로31번길 14-3,,35.089603,129.040374,,한전주,051-419-4671,부산광역시 영도구청,2026-04-06
남항동429,1,부산광역시 영도구 절영로49번길 27,,35.089589,129.039978,,한전주,051-419-4671,부산광역시 영도구청,2026-04-06
남항동430,1,부산광역시 영도구 절영로49번길 30,,35.089410,129.040054,,한전주,051-419-4671,부산광역시 영도구청,2026-04-06
남항동431,1,부산광역시 영도구 남항로31번길 4,,35.089153,129.040161,,한전주,051-419-4671,부산광역시 영도구청,2026-04-06
남항동432,1,부산광역시 영도구 남항로 35-2,,35.088936,129.040451,,한전주,051-419-4671,부산광역시 영도구청,2026-04-06
남항동433,1,부산광역시 영도구 남항로37번길 3,,35.089046,129.0404092,,한전주,051-419-4671,부산광역시 영도구청,2026-04-06
남항동434,1,부산광역시 영도구 남항로37번길 13,,35.089452,129.040695,,한전주,051-419-4671,부산광역시 영도구청,2026-04-06
남항동435,1,부산광역시 영도구 남항로37번길 13,,35.089450,129.0406275,,한전주,051-419-4671,부산광역시 영도구청,2026-04-06
남항동436,1,부산광역시 영도구 남항로37번길 14,,35.089381,129.040969,,한전주,051-419-4671,부산광역시 영도구청,2026-04-06
남항동437,1,부산광역시 영도구 남항로37번길 16-1,,35.089550,129.040847,,한전주,051-419-4671,부산광역시 영도구청,2026-04-06
남항동438,1,부산광역시 영도구 남항로37번길 20,,35.089608,129.040924,,한전주,051-419-4671,부산광역시 영도구청,2026-04-06
남항동439,1,부산광역시 영도구 남항로37번길 22,,35.089668,129.040908,,한전주,051-419-4671,부산광역시 영도구청,2026-04-06
남항동440,1,부산광역시 영도구 남항로37번길 22,,35.089660,129.040954,,한전주,051-419-4671,부산광역시 영도구청,2026-04-06
남항동441,1,부산광역시 영도구 남항로37번길 22,,35.089694,129.040985,,한전주,051-419-4671,부산광역시 영도구청,2026-04-06
남항동442,1,부산광역시 영도구 남항로37번길 22-1,,35.089759,129.040969,,한전주,051-419-4671,부산광역시 영도구청,2026-04-06
남항동443,1,부산광역시 영도구 절영로43번길 41-4,,35.089989,129.0411316,,한전주,051-419-4671,부산광역시 영도구청,2026-04-06
남항동444,1,부산광역시 영도구 남항로37번길 22-1,,35.089798,129.0409971,,한전주,051-419-4671,부산광역시 영도구청,2026-04-06
남항동445,1,부산광역시 영도구 절영로43번길 45,,35.089866,129.0412022,,한전주,051-419-4671,부산광역시 영도구청,2026-04-06
남항동446,1,부산광역시 영도구 절영로43번길 45-3,,35.090005,129.0412701,,한전주,051-419-4671,부산광역시 영도구청,2026-04-06
남항동447,1,부산광역시 영도구 절영로43번길 45-5,,35.090057,129.041351,,한전주,051-419-4671,부산광역시 영도구청,2026-04-06
남항동448,1,부산광역시 영도구 절영로43번길 46-1,,35.089756,129.0411982,,한전주,051-419-4671,부산광역시 영도구청,2026-04-06
남항동449,1,부산광역시 영도구 절영로43번길 46-1,,35.089730,129.041183,,한전주,051-419-4671,부산광역시 영도구청,2026-04-06
남항동450,1,부산광역시 영도구 남항로41번길 17-4,,35.089516,129.0411947,,한전주,051-419-4671,부산광역시 영도구청,2026-04-06
남항동451,1,부산광역시 영도구 남항로41번길 17,,35.089408,129.0412203,,한전주,051-419-4671,부산광역시 영도구청,2026-04-06
남항동452,1,부산광역시 영도구 남항로41번길 5,,35.088917,129.041046,,한전주,051-419-4671,부산광역시 영도구청,2026-04-06
남항동453,1,부산광역시 영도구 남항로41번길 7,,35.08897604,129.0410889,,한전주,051-419-4671,부산광역시 영도구청,2026-04-06
남항동454,1,부산광역시 영도구 남항로41번길 35,,35.090133,129.041625,,한전주,051-419-4671,부산광역시 영도구청,2026-04-06
남항동455,1,부산광역시 영도구 절영로35번길 36-4,,35.090435,129.040969,,한전주,051-419-4671,부산광역시 영도구청,2026-04-06
남항동456,1,부산광역시 영도구 절영로29번길 44,,35.090824,129.0416705,,한전주,051-419-4671,부산광역시 영도구청,2026-04-06
남항동457,1,부산광역시 영도구 태종로 98,,35.091202,129.0414975,,한전주,051-419-4671,부산광역시 영도구청,2026-04-06
남항동458,1,부산광역시 영도구 절영로29번길 45,,35.090908,129.041809,,한전주,051-419-4671,부산광역시 영도구청,2026-04-06
남항동459,1,부산광역시 영도구 절영로29번길 51,,35.090951,129.0418669,,한전주,051-419-4671,부산광역시 영도구청,2026-04-06
남항동460,1,부산광역시 영도구 남항로 22-10,,35.089038,129.038925,,한전주,051-419-4671,부산광역시 영도구청,2026-04-06
남항동461,1,부산광역시 영도구 남항로 24-1,,35.089080,129.039047,,한전주,051-419-4671,부산광역시 영도구청,2026-04-06
남항동462,1,부산광역시 영도구 남항로 24-4,,35.089068,129.0391963,,한전주,051-419-4671,부산광역시 영도구청,2026-04-06
남항동463,1,부산광역시 영도구 남항동2가 남항로 26-2,,35.089092,129.039306,,한전주,051-419-4671,부산광역시 영도구청,2026-04-06
남항동464,1,부산광역시 영도구 남항로 26-10,,35.088909,129.039245,,한전주,051-419-4671,부산광역시 영도구청,2026-04-06
남항동465,1,부산광역시 영도구 남항로 26-15,,35.088920,129.039306,,전용주,051-419-4671,부산광역시 영도구청,2026-04-06
남항동466,1,부산광역시 영도구 남항로 32-6,,35.088794,129.039642,,한전주,051-419-4671,부산광역시 영도구청,2026-04-06
남항동467,1,부산광역시 영도구 남항로 32-8,,35.088718,129.0396478,,한전주,051-419-4671,부산광역시 영도구청,2026-04-06
남항동468,1,부산광역시 영도구 남항로 38,,35.088657,129.0404651,,한전주,051-419-4671,부산광역시 영도구청,2026-04-06
남항동469,1,부산광역시 영도구 남항로 39-2,,35.088768,129.040811,,한전주,051-419-4671,부산광역시 영도구청,2026-04-06
남항동470,1,부산광역시 영도구 절영로93번길 39-3,,35.088165,129.040557,,한전주,051-419-4671,부산광역시 영도구청,2026-04-06
남항동471,1,부산광역시 영도구 절영로93번길 29,,35.087749,129.040344,,한전주,051-419-4671,부산광역시 영도구청,2026-04-06
남항동472,1,부산광역시 영도구 절영로93번길 29-13,,35.087741,129.0402565,,한전주,051-419-4671,부산광역시 영도구청,2026-04-06
남항동473,1,부산광역시 영도구 절영로93번길 23-4,,35.087566,129.040206,,한전주,051-419-4671,부산광역시 영도구청,2026-04-06
남항동474,1,부산광역시 영도구 절영로77번길 13,,35.087429,129.040069,,한전주,051-419-4671,부산광역시 영도구청,2026-04-06
남항동475,1,부산광역시 영도구 절영로77번길 12,,35.087467,129.039840,,한전주,051-419-4671,부산광역시 영도구청,2026-04-06
남항동476,1,부산광역시 영도구 절영로 79,,35.087554,129.0393817,,한전주,051-419-4671,부산광역시 영도구청,2026-04-06
남항동477,1,부산광역시 영도구 절영로93번길 13-1,,35.087139,129.0400831,,한전주,051-419-4671,부산광역시 영도구청,2026-04-06
남항동478,1,부산광역시 영도구 절영로93번길 5,,35.086830,129.039978,,한전주,051-419-4671,부산광역시 영도구청,2026-04-06
남항동479,1,부산광역시 영도구 절영로 91,,35.086627,129.039871,,한전주,051-419-4671,부산광역시 영도구청,2026-04-06
남항동480,1,부산광역시 영도구 절영로 87-3,,35.086952,129.039810,,한전주,051-419-4671,부산광역시 영도구청,2026-04-06
남항동481,1,부산광역시 영도구 절영로85번길 5,,35.087214,129.039794,,한전주,051-419-4671,부산광역시 영도구청,2026-04-06
남항동482,1,부산광역시 영도구 절영로85번길 10,,35.087320,129.039855,,한전주,051-419-4671,부산광역시 영도구청,2026-04-06
남항동483,1,부산광역시 영도구 절영로73번길 6,,35.088066,129.039382,,한전주,051-419-4671,부산광역시 영도구청,2026-04-06
남항동484,1,부산광역시 영도구 절영로73번길 7,,35.088308,129.0399633,,한전주,051-419-4671,부산광역시 영도구청,2026-04-06
남항동485,1,부산광역시 영도구 절영로73번길 16-1,,35.087772,129.039398,,한전주,051-419-4671,부산광역시 영도구청,2026-04-06
남항동486,1,부산광역시 영도구 절영로 59-1,,35.089202,129.0385576,,한전주,051-419-4671,부산광역시 영도구청,2026-04-06
남항동487,1,부산광역시 영도구 대평로19번길 18,,35.090212,129.034590,,한전주,051-419-4671,부산광역시 영도구청,2026-04-06
남항동488,1,부산광역시 영도구 대평남로 55,,35.092709,129.032129,,한전주,051-419-4671,부산광역시 영도구청,2026-04-06
남항동489,1,부산광역시 영도구 대평남로 54-2,,35.092567,129.0322888,,한전주,051-419-4671,부산광역시 영도구청,2026-04-06
남항동490,1,부산광역시 영도구 대평로46번길 7,,35.092869,129.033362,,한전주,051-419-4671,부산광역시 영도구청,2026-04-06
남항동491,1,부산광역시 영도구 대평로46번길 17,,35.093116,129.0337933,,한전주,051-419-4671,부산광역시 영도구청,2026-04-06
남항동492,1,부산광역시 영도구 대평로42번길 4,,35.092436,129.033555,,한전주,051-419-4671,부산광역시 영도구청,2026-04-06
남항동493,1,부산광역시 영도구 대평로34번길 9-5,,35.092380,129.0339963,,한전주,051-419-4671,부산광역시 영도구청,2026-04-06
남항동494,1,부산광역시 영도구 대평남로 49-1,,35.092129,129.032364,,한전주,051-419-4671,부산광역시 영도구청,2026-04-06
남항동495,1,부산광역시 영도구 대평남로 32,,35.090856,129.033645,,한전주,051-419-4671,부산광역시 영도구청,2026-04-06
남항동496,1,부산광역시 영도구 대평남로 25,,35.090469,129.034175,,한전주,051-419-4671,부산광역시 영도구청,2026-04-06
남항동497,1,부산광역시 영도구 대평로19번길 38-4,,35.089877,129.033875,,한전주,051-419-4671,부산광역시 영도구청,2026-04-06
남항동498,1,부산광역시 영도구 절영로49번길 46-1,,35.089070,129.040852,,한전주,051-419-4671,부산광역시 영도구청,2026-04-06
남항동499,1,부산광역시 영도구 대평로27번길8-8,,35.091363,129.0338568,,한전주,051-419-4671,부산광역시 영도구청,2026-04-06
남항동500,1,부산광역시 영도구 대평로27번길8-8,,35.091363,129.0338568,,전용주,051-419-4671,부산광역시 영도구청,2026-04-06
남항동501,1,부산광역시 영도구 남항남로36-1,,35.084344,129.0376906,,한전주,051-419-4671,부산광역시 영도구청,2026-04-06
동삼1동001,1,부산광역시 영도구 태종로700번길1,,35.071647,129.0756826,,한전주,051-419-4671,부산광역시 영도구청,2026-04-06
동삼1동002,1,부산광역시 영도구 태종로700번길7-6,,35.071552,129.075384,,한전주,051-419-4671,부산광역시 영도구청,2026-04-06
동삼1동003,1,부산광역시 영도구 태종로700번길7-8,,35.071418,129.0753515,,한전주,051-419-4671,부산광역시 영도구청,2026-04-06
동삼1동004,1,부산광역시 영도구 태종로700번길9,,35.071659,129.075469,,한전주,051-419-4671,부산광역시 영도구청,2026-04-06
동삼1동005,1,부산광역시 영도구 태종로700번길14,,35.071765,129.0753147,,한전주,051-419-4671,부산광역시 영도구청,2026-04-06
동삼1동006,1,부산광역시 영도구 태종로700번길22,,35.071901,129.0748005,,한전주,051-419-4671,부산광역시 영도구청,2026-04-06
동삼1동007,1,부산광역시 영도구 태종로700번길,,35.071750,129.074615,,전용주,051-419-4671,부산광역시 영도구청,2026-04-06
동삼1동008,1,부산광역시 영도구 태종로700번길,,35.071846,129.074417,,한전주,051-419-4671,부산광역시 영도구청,2026-04-06
동삼1동009,1,부산광역시 영도구 태종로700번길13-10,,35.071457,129.0751868,,한전주,051-419-4671,부산광역시 영도구청,2026-04-06
동삼1동010,1,부산광역시 영도구 태종로692-6,,35.071985,129.0751829,,한전주,051-419-4671,부산광역시 영도구청,2026-04-06
동삼1동011,1,부산광역시 영도구 와치로318,,35.071473,129.073684,,한전주,051-419-4671,부산광역시 영도구청,2026-04-06
동삼1동012,1,부산광역시 영도구 와치로,,35.070465,129.075424,,한전주,051-419-4671,부산광역시 영도구청,2026-04-06
동삼1동013,1,부산광역시 영도구 와치로,,35.070617,129.075393,,전용주,051-419-4671,부산광역시 영도구청,2026-04-06
동삼1동014,1,부산광역시 영도구 와치로,,35.070629,129.075195,,전용주,051-419-4671,부산광역시 영도구청,2026-04-06
동삼1동015,1,부산광역시 영도구 와치로,,35.070632,129.075027,,전용주,051-419-4671,부산광역시 영도구청,2026-04-06
동삼1동016,1,부산광역시 영도구 와치로,,35.070652,129.074859,,전용주,051-419-4671,부산광역시 영도구청,2026-04-06
동삼1동017,1,부산광역시 영도구 와치로,,35.070720,129.074737,,전용주,051-419-4671,부산광역시 영도구청,2026-04-06
동삼1동018,1,부산광역시 영도구 와치로,,35.070755,129.074584,,전용주,051-419-4671,부산광역시 영도구청,2026-04-06
동삼1동019,1,부산광역시 영도구 와치로,,35.070861,129.074432,,전용주,051-419-4671,부산광역시 영도구청,2026-04-06
동삼1동020,1,부산광역시 영도구 와치로,,35.070907,129.074279,,전용주,051-419-4671,부산광역시 영도구청,2026-04-06
남항동001,1,부산광역시 영도구 태종로99번길 6,,35.091697,129.042007,,한전주,051-419-4671,부산광역시 영도구청,2026-04-06
남항동002,1,부산광역시 영도구 절영로19번길 37,,35.092001,129.0419343,,한전주,051-419-4671,부산광역시 영도구청,2026-04-06
남항동003,1,부산광역시 영도구 태종로 105,,35.09149963,129.042358,,한전주,051-419-4671,부산광역시 영도구청,2026-04-06
남항동004,1,부산광역시 영도구 절영로19번길 37,,35.092001,129.0419343,,한전주,051-419-4671,부산광역시 영도구청,2026-04-06
남항동005,1,부산광역시 영도구 태종로 97-6,,35.091796,129.041763,,한전주,051-419-4671,부산광역시 영도구청,2026-04-06
남항동006,1,부산광역시 영도구 태종로 97-1,,35.091686,129.041656,,한전주,051-419-4671,부산광역시 영도구청,2026-04-06
남항동007,1,부산광역시 영도구 태종로95번길 11,,35.092121,129.041488,,한전주,051-419-4671,부산광역시 영도구청,2026-04-06
남항동008,1,부산광역시 영도구 태종로 89,,35.091986,129.041024,,한전주,051-419-4671,부산광역시 영도구청,2026-04-06
남항동009,1,부산광역시 영도구 태종로 89,,35.091986,129.041024,,한전주,051-419-4671,부산광역시 영도구청,2026-04-06
남항동010,1,부산광역시 영도구 태종로89번길 15,,35.092612,129.041061,,한전주,051-419-4671,부산광역시 영도구청,2026-04-06
남항동011,1,부산광역시 영도구 태종로83번길 7,,35.092374,129.0402931,,한전주,051-419-4671,부산광역시 영도구청,2026-04-06
남항동012,1,부산광역시 영도구 절영로14번길 17,,35.093204,129.0391785,,한전주,051-419-4671,부산광역시 영도구청,2026-04-06
남항동013,1,부산광역시 영도구 태종로73번길 9,,35.092908,129.0390883,,한전주,051-419-4671,부산광역시 영도구청,2026-04-06
남항동014,1,부산광역시 영도구 절영로20번길 8,,35.092913,129.0393857,,한전주,051-419-4671,부산광역시 영도구청,2026-04-06
남항동015,1,부산광역시 영도구 절영로20번길 8-3,,35.092971,129.0394863,,한전주,051-419-4671,부산광역시 영도구청,2026-04-06
남항동016,1,부산광역시 영도구 절영로 18,,35.092803,129.0397356,,한전주,051-419-4671,부산광역시 영도구청,2026-04-06
남항동017,1,부산광역시 영도구 태종로65번길 11,,35.093196,129.0384429,,전용주,051-419-4671,부산광역시 영도구청,2026-04-06
남항동018,1,부산광역시 영도구 태종로65번길 14,,35.093215,129.0387347,,한전주,051-419-4671,부산광역시 영도구청,2026-04-06
남항동019,1,부산광역시 영도구 태종로65번길 12-5,,35.093162,129.038921,,한전주,051-419-4671,부산광역시 영도구청,2026-04-06
남항동020,1,부산광역시 영도구 태종로65번길 12-9,,35.093109,129.039093,,한전주,051-419-4671,부산광역시 영도구청,2026-04-06
남항동021,1,부산광역시 영도구 태종로65번길 11,,35.093145,129.0384429,,한전주,051-419-4671,부산광역시 영도구청,2026-04-06
남항동022,1,부산광역시 영도구 태종로 55-7,,35.093444,129.0375568,,한전주,051-419-4671,부산광역시 영도구청,2026-04-06
남항동023,1,부산광역시 영도구 봉래나루로 40,,35.093479,129.037765,,한전주,051-419-4671,부산광역시 영도구청,2026-04-06
남항동024,1,부산광역시 영도구 봉래나루로 34,,35.093737,129.037429,,한전주,051-419-4671,부산광역시 영도구청,2026-04-06
남항동025,1,부산광역시 영도구 태종로50번길 7,,35.093421,129.036819,,한전주,051-419-4671,부산광역시 영도구청,2026-04-06
남항동026,1,부산광역시 영도구 태종로50번길 15,,35.093280,129.036895,,한전주,051-419-4671,부산광역시 영도구청,2026-04-06
남항동027,1,부산광역시 영도구 대평로6번길 7,,35.090583,129.0363923,,한전주,051-419-4671,부산광역시 영도구청,2026-04-06
남항동028,1,부산광역시 영도구 남항서로 119,,35.091085,129.0370712,,한전주,051-419-4671,부산광역시 영도구청,2026-04-06
남항동029,1,부산광역시 영도구 남항서로 119,,35.091085,129.037002,,한전주,051-419-4671,부산광역시 영도구청,2026-04-06
남항동030,1,부산광역시 영도구 대평로6번길 32,,35.091529,129.0372669,,한전주,051-419-4671,부산광역시 영도구청,2026-04-06
남항동031,1,부산광역시 영도구 대평로 4,,35.090331,129.036590,,한전주,051-419-4671,부산광역시 영도구청,2026-04-06
남항동032,1,부산광역시 영도구 대평로6번길 9-6,,35.090901,129.0364385,,한전주,051-419-4671,부산광역시 영도구청,2026-04-06
남항동033,1,부산광역시 영도구 대평로 10-7,,35.090845,129.036178,,한전주,051-419-4671,부산광역시 영도구청,2026-04-06
남항동034,1,부산광역시 영도구 대평로 10-1,,35.090583,129.036056,,한전주,051-419-4671,부산광역시 영도구청,2026-04-06
남항동035,1,부산광역시 영도구 대평로 16,,35.091168,129.0356506,,한전주,051-419-4671,부산광역시 영도구청,2026-04-06
남항동036,1,부산광역시 영도구 대평로 16,,35.091163,129.0356506,,한전주,051-419-4671,부산광역시 영도구청,2026-04-06
남항동037,1,부산광역시 영도구 대평로20번길 5,,35.091308,129.0351228,,한전주,051-419-4671,부산광역시 영도구청,2026-04-06
남항동038,1,부산광역시 영도구 대평로20번길 13,,35.091559,129.0352755,,한전주,051-419-4671,부산광역시 영도구청,2026-04-06
남항동039,1,부산광역시 영도구 대평로20번길 13,,35.091598,129.0352755,,한전주,051-419-4671,부산광역시 영도구청,2026-04-06
남항동040,1,부산광역시 영도구 대평로20번길 19,,35.091934,129.0354768,,전용주,051-419-4671,부산광역시 영도구청,2026-04-06
남항동041,1,부산광역시 영도구 대평로28번길 10-13,,35.091785,129.0351894,,한전주,051-419-4671,부산광역시 영도구청,2026-04-06
남항동042,1,부산광역시 영도구 대평로28번길 12,,35.091934,129.0352615,,한전주,051-419-4671,부산광역시 영도구청,2026-04-06
남항동044,1,부산광역시 영도구 대평로28번길 22,,35.092311,129.0351325,,한전주,051-419-4671,부산광역시 영도구청,2026-04-06
남항동045,1,부산광역시 영도구 대평로28번길 9,,35.092052,129.0346341,,한전주,051-419-4671,부산광역시 영도구청,2026-04-06
남항동046,1,부산광역시 영도구 대평로28번길 15,,35.092132,129.0347564,,한전주,051-419-4671,부산광역시 영도구청,2026-04-06
남항동047,1,부산광역시 영도구 대평로28번길 12,,35.091934,129.0352615,,한전주,051-419-4671,부산광역시 영도구청,2026-04-06
남항동048,1,부산광역시 영도구 대평로28번길 9-10,,35.092135,129.0342816,,한전주,051-419-4671,부산광역시 영도구청,2026-04-06
남항동049,1,부산광역시 영도구 대평로28번길 4,,35.091647,129.0346649,,한전주,051-419-4671,부산광역시 영도구청,2026-04-06
남항동050,1,부산광역시 영도구 대평로28번길 4,,35.091617,129.034652,,한전주,051-419-4671,부산광역시 영도구청,2026-04-06
남항동051,1,부산광역시 영도구 대평로28번길 4-15,,35.091508,129.034953,,한전주,051-419-4671,부산광역시 영도구청,2026-04-06
남항동052,1,부산광역시 영도구 대평로34번길 2,,35.091962,129.0340862,,한전주,051-419-4671,부산광역시 영도구청,2026-04-06
남항동053,1,부산광역시 영도구 대평로28번길 13-9,,35.092254,129.0343274,,한전주,051-419-4671,부산광역시 영도구청,2026-04-06
남항동054,1,부산광역시 영도구 대평로28번길 13-8,,35.092277,129.0344183,,한전주,051-419-4671,부산광역시 영도구청,2026-04-06
남항동055,1,부산광역시 영도구 대평로34번길 11,,35.092437,129.0341703,,한전주,051-419-4671,부산광역시 영도구청,2026-04-06
남항동056,1,부산광역시 영도구 대평북로 31,,35.092563,129.034500,,한전주,051-419-4671,부산광역시 영도구청,2026-04-06
남항동058,1,부산광역시 영도구 대평북로 33,,35.092729,129.0343516,,한전주,051-419-4671,부산광역시 영도구청,2026-04-06
남항동059,1,부산광역시 영도구 대평북로 39,,35.093208,129.0339513,,한전주,051-419-4671,부산광역시 영도구청,2026-04-06
남항동060,1,부산광역시 영도구 대평북로 39,,35.093269,129.033920,,한전주,051-419-4671,부산광역시 영도구청,2026-04-06
남항동061,1,부산광역시 영도구 대평북로 43,,35.093102,129.0336872,,한전주,051-419-4671,부산광역시 영도구청,2026-04-06
남항동062,1,부산광역시 영도구 대평로46번길 11-6,,35.093193,129.033401,,한전주,051-419-4671,부산광역시 영도구청,2026-04-06
남항동063,1,부산광역시 영도구 대평로50번길 9,,35.093036,129.033294,,한전주,051-419-4671,부산광역시 영도구청,2026-04-06
남항동064,1,부산광역시 영도구 대평로46번길 11-9,,35.093228,129.0332193,,한전주,051-419-4671,부산광역시 영도구청,2026-04-06
남항동065,1,부산광역시 영도구 대평로46번길 7-3,,35.092888,129.0331495,,한전주,051-419-4671,부산광역시 영도구청,2026-04-06
남항동066,1,부산광역시 영도구 대평로 50-1,,35.092937,129.032928,,한전주,051-419-4671,부산광역시 영도구청,2026-04-06
남항동067,1,부산광역시 영도구 대평로34번길 9-15,,35.092779,129.033538,,한전주,051-419-4671,부산광역시 영도구청,2026-04-06
남항동068,1,부산광역시 영도구 대평로34번길 9-24,,35.092674,129.033843,,한전주,051-419-4671,부산광역시 영도구청,2026-04-06
남항동069,1,부산광역시 영도구 대평로34번길 9-32,,35.092786,129.033996,,한전주,051-419-4671,부산광역시 영도구청,2026-04-06
남항동070,1,부산광역시 영도구 대평로34번길 9-9,,35.092517,129.033889,,한전주,051-419-4671,부산광역시 영도구청,2026-04-06
남항동071,1,부산광역시 영도구 대평로34번길 9-16,,35.092739,129.034072,,한전주,051-419-4671,부산광역시 영도구청,2026-04-06
남항동072,1,부산광역시 영도구 대평로34번길 13,,35.092571,129.0341702,,한전주,051-419-4671,부산광역시 영도구청,2026-04-06
남항동073,1,부산광역시 영도구 대평로34번길 5-9,,35.092262,129.033798,,한전주,051-419-4671,부산광역시 영도구청,2026-04-06
남항동074,1,부산광역시 영도구 대평로42번길 9,,35.092632,129.033569,,한전주,051-419-4671,부산광역시 영도구청,2026-04-06
남항동075,1,부산광역시 영도구 대평로42번길 9,,35.092691,129.0335633,,한전주,051-419-4671,부산광역시 영도구청,2026-04-06
남항동076,1,부산광역시 영도구 대평로 51,,35.093012,129.032745,,한전주,051-419-4671,부산광역시 영도구청,2026-04-06
남항동077,1,부산광역시 영도구 대평로 52-1,,35.093110,129.032928,,한전주,051-419-4671,부산광역시 영도구청,2026-04-06
남항동078,1,부산광역시 영도구 대평동2가 대평로 53,,35.093082,129.032730,,한전주,051-419-4671,부산광역시 영도구청,2026-04-06
남항동079,1,부산광역시 영도구 대평로 51-17,,35.092969,129.0324605,,한전주,051-419-4671,부산광역시 영도구청,2026-04-06
남항동080,1,부산광역시 영도구 대평로 51-11,,35.092849,129.032562,,한전주,051-419-4671,부산광역시 영도구청,2026-04-06
남항동081,1,부산광역시 영도구 대평로 51-11,,35.092815,129.032531,,한전주,051-419-4671,부산광역시 영도구청,2026-04-06
남항동082,1,부산광역시 영도구 대평남로 56-5,,35.092823,129.032333,,한전주,051-419-4671,부산광역시 영도구청,2026-04-06
남항동083,1,부산광역시 영도구 대평로 51-19,,35.092994,129.0323471,,한전주,051-419-4671,부산광역시 영도구청,2026-04-06
남항동084,1,부산광역시 영도구 대평북로 49-1,,35.093139,129.032806,,한전주,051-419-4671,부산광역시 영도구청,2026-04-06
남항동085,1,부산광역시 영도구 대평북로 49-1,,35.093196,129.032836,,한전주,051-419-4671,부산광역시 영도구청,2026-04-06
남항동086,1,부산광역시 영도구 대평로46번길 11-9,,35.093235,129.0332193,,한전주,051-419-4671,부산광역시 영도구청,2026-04-06
남항동087,1,부산광역시 영도구 대평로53번길 3,,35.093139,129.032501,,한전주,051-419-4671,부산광역시 영도구청,2026-04-06
남항동088,1,부산광역시 영도구 대평로 57-1,,35.093638,129.0324279,,한전주,051-419-4671,부산광역시 영도구청,2026-04-06
남항동089,1,부산광역시 영도구 대평로 63-1,,35.094093,129.0323078,,한전주,051-419-4671,부산광역시 영도구청,2026-04-06
남항동090,1,부산광역시 영도구 대평남로 65,,35.093439,129.0320094,,한전주,051-419-4671,부산광역시 영도구청,2026-04-06
남항동091,1,부산광역시 영도구 대평남로 70,,35.093915,129.0321722,,한전주,051-419-4671,부산광역시 영도구청,2026-04-06
남항동092,1,부산광역시 영도구 대평남로 66,,35.093538,129.0322489,,한전주,051-419-4671,부산광역시 영도구청,2026-04-06
남항동093,1,부산광역시 영도구 대평남로 61,,35.093364,129.032089,,한전주,051-419-4671,부산광역시 영도구청,2026-04-06
남항동094,1,부산광역시 영도구 대평남로51번길 8-4,,35.092259,129.0316732,,한전주,051-419-4671,부산광역시 영도구청,2026-04-06
남항동095,1,부산광역시 영도구 대평남로51번길 8-3,,35.092124,129.0318333,,한전주,051-419-4671,부산광역시 영도구청,2026-04-06
남항동096,1,부산광역시 영도구 대평남로51번길 8-3,,35.092151,129.0318333,,한전주,051-419-4671,부산광역시 영도구청,2026-04-06
남항동097,1,부산광역시 영도구 대평남로51번길 17,,35.091939,129.032302,,한전주,051-419-4671,부산광역시 영도구청,2026-04-06
남항동098,1,부산광역시 영도구 대평남로51번길 26,,35.091775,129.0323082,,한전주,051-419-4671,부산광역시 영도구청,2026-04-06
남항동099,1,부산광역시 영도구 대평남로51번길 29-1,,35.091457,129.032653,,한전주,051-419-4671,부산광역시 영도구청,2026-04-06
남항동100,1,부산광역시 영도구 대평남로51번길 35-2,,35.091294,129.032882,,한전주,051-419-4671,부산광역시 영도구청,2026-04-06
남항동101,1,부산광역시 영도구 대평남로51번길 35-8,,35.091217,129.032943,,한전주,051-419-4671,부산광역시 영도구청,2026-04-06
남항동102,1,부산광역시 영도구 대평남로 37-7,,35.091088,129.033004,,한전주,051-419-4671,부산광역시 영도구청,2026-04-06
남항동103,1,부산광역시 영도구 대평남로 35-1,,35.091190,129.0331464,,한전주,051-419-4671,부산광역시 영도구청,2026-04-06
남항동104,1,부산광역시 영도구 대평로33번길 17,,35.091018,129.033447,,한전주,051-419-4671,부산광역시 영도구청,2026-04-06
남항동105,1,부산광역시 영도구 대평남로51번길 37,,35.091171,129.032852,,한전주,051-419-4671,부산광역시 영도구청,2026-04-06
남항동106,1,부산광역시 영도구 대평남로 35,,35.090110,129.033218,,한전주,051-419-4671,부산광역시 영도구청,2026-04-06
남항동107,1,부산광역시 영도구 대평남로 37-1,,35.091274,129.033065,,한전주,051-419-4671,부산광역시 영도구청,2026-04-06
남항동108,1,부산광역시 영도구 대평남로 41,,35.091510,129.032836,,한전주,051-419-4671,부산광역시 영도구청,2026-04-06
남항동109,1,부산광역시 영도구 대평남로 42,,35.091541,129.032974,,한전주,051-419-4671,부산광역시 영도구청,2026-04-06
남항동110,1,부산광역시 영도구 대평로41번길 11-17,,35.091621,129.033172,,한전주,051-419-4671,부산광역시 영도구청,2026-04-06
남항동111,1,부산광역시 영도구 대평로37번길 9-1,,35.091644,129.033248,,한전주,051-419-4671,부산광역시 영도구청,2026-04-06
남항동112,1,부산광역시 영도구 대평로33번길 10,,35.091449,129.0335118,,한전주,051-419-4671,부산광역시 영도구청,2026-04-06
남항동113,1,부산광역시 영도구 대평로33번길 8,,35.091560,129.0335445,,한전주,051-419-4671,부산광역시 영도구청,2026-04-06
남항동114,1,부산광역시 영도구 대평로37번길 8,,35.091781,129.033279,,한전주,051-419-4671,부산광역시 영도구청,2026-04-06
남항동115,1,부산광역시 영도구 대평로41번길 3,,35.092025,129.0331365,,한전주,051-419-4671,부산광역시 영도구청,2026-04-06
남항동116,1,부산광역시 영도구 대평로37번길 9,,35.09169982,129.033264,,한전주,051-419-4671,부산광역시 영도구청,2026-04-06
남항동117,1,부산광역시 영도구 대평로37번길 3-2,,35.091865,129.033462,,한전주,051-419-4671,부산광역시 영도구청,2026-04-06
남항동118,1,부산광역시 영도구 대평로37번길 3-4,,35.091819,129.0335864,,한전주,051-419-4671,부산광역시 영도구청,2026-04-06
남항동119,1,부산광역시 영도구 대평남로 43,,35.091686,129.032684,,한전주,051-419-4671,부산광역시 영도구청,2026-04-06
남항동120,1,부산광역시 영도구 대평로41번길 10,,35.092013,129.0328045,,한전주,051-419-4671,부산광역시 영도구청,2026-04-06
남항동121,1,부산광역시 영도구 대평로41번길 11,,35.091846,129.032882,,한전주,051-419-4671,부산광역시 영도구청,2026-04-06
남항동122,1,부산광역시 영도구 대평로41번길 11-9,,35.091709,129.033081,,한전주,051-419-4671,부산광역시 영도구청,2026-04-06
남항동123,1,부산광역시 영도구 대평로43번길 7-4,,35.092056,129.032669,,한전주,051-419-4671,부산광역시 영도구청,2026-04-06
남항동124,1,부산광역시 영도구 대평로41번길 6,,35.092222,129.0329344,,한전주,051-419-4671,부산광역시 영도구청,2026-04-06
남항동125,1,부산광역시 영도구 대평남로 49,,35.092048,129.0323901,,한전주,051-419-4671,부산광역시 영도구청,2026-04-06
남항동126,1,부산광역시 영도구 대평로43번길 10,,35.092201,129.032669,,한전주,051-419-4671,부산광역시 영도구청,2026-04-06
남항동127,1,부산광역시 영도구 대평로43번길 6,,35.092325,129.0327827,,한전주,051-419-4671,부산광역시 영도구청,2026-04-06
남항동128,1,부산광역시 영도구 대평로43번길 2,,35.092395,129.0328918,,한전주,051-419-4671,부산광역시 영도구청,2026-04-06
남항동129,1,부산광역시 영도구 대평로45번길 6,,35.092625,129.0324552,,한전주,051-419-4671,부산광역시 영도구청,2026-04-06
남항동130,1,부산광역시 영도구 대평남로 52,,35.092309,129.032485,,한전주,051-419-4671,부산광역시 영도구청,2026-04-06
남항동131,1,부산광역시 영도구 대평로 45-14,,35.092391,129.032684,,한전주,051-419-4671,부산광역시 영도구청,2026-04-06
남항동132,1,부산광역시 영도구 대평로43번길 4,,35.092395,129.032775,,한전주,051-419-4671,부산광역시 영도구청,2026-04-06
남항동133,1,부산광역시 영도구 대평로 37-1,,35.091987,129.0334802,,한전주,051-419-4671,부산광역시 영도구청,2026-04-06
남항동134,1,부산광역시 영도구 대평로33번길 5,,35.091587,129.0338764,,한전주,051-419-4671,부산광역시 영도구청,2026-04-06
남항동135,1,부산광역시 영도구 대평로33번길 15,,35.091142,129.033569,,한전주,051-419-4671,부산광역시 영도구청,2026-04-06
남항동136,2,부산광역시 영도구 대평로27번길 8-14,,35.091363,129.0338568,,한전주,051-419-4671,부산광역시 영도구청,2026-04-06
남항동137,1,부산광역시 영도구 대평남로 32-7,,35.091126,129.033660,,한전주,051-419-4671,부산광역시 영도구청,2026-04-06
남항동138,1,부산광역시 영도구 대평로33번길 17,,35.091075,129.033493,,한전주,051-419-4671,부산광역시 영도구청,2026-04-06
남항동139,1,부산광역시 영도구 대평로27번길 6,,35.091363,129.0338568,,한전주,051-419-4671,부산광역시 영도구청,2026-04-06
남항동140,1,부산광역시 영도구 대평로 29-4,,35.091476,129.0339923,,한전주,051-419-4671,부산광역시 영도구청,2026-04-06
남항동141,1,부산광역시 영도구 대평로27번길 7-7,,35.091104,129.034378,,한전주,051-419-4671,부산광역시 영도구청,2026-04-06
남항동142,1,부산광역시 영도구 대평로 21-1,,35.091031,129.034667,,한전주,051-419-4671,부산광역시 영도구청,2026-04-06
남항동143,1,부산광역시 영도구 대평로19번길 2,,35.090835,129.0348403,,한전주,051-419-4671,부산광역시 영도구청,2026-04-06
남항동144,1,부산광역시 영도구 대평동1가 대평로27번길 7-28,,35.090793,129.034484,,한전주,051-419-4671,부산광역시 영도구청,2026-04-06
남항동145,1,부산광역시 영도구 대평로27번길 10,,35.091109,129.0339681,,한전주,051-419-4671,부산광역시 영도구청,2026-04-06
남항동146,1,부산광역시 영도구 대평로27번길 8-5,,35.091053,129.033813,,한전주,051-419-4671,부산광역시 영도구청,2026-04-06
남항동147,1,부산광역시 영도구 대평로27번길 13,,35.090884,129.034057,,한전주,051-419-4671,부산광역시 영도구청,2026-04-06
남항동148,1,부산광역시 영도구 대평로27번길 15,,35.090783,129.034017,,한전주,051-419-4671,부산광역시 영도구청,2026-04-06
남항동149,1,부산광역시 영도구 대평로27번길 15,,35.090755,129.034088,,한전주,051-419-4671,부산광역시 영도구청,2026-04-06
남항동150,1,부산광역시 영도구 대평로27번길 22,,35.090652,129.033798,,한전주,051-419-4671,부산광역시 영도구청,2026-04-06
남항동151,1,부산광역시 영도구 대평남로 30,,35.090755,129.033752,,한전주,051-419-4671,부산광역시 영도구청,2026-04-06
남항동152,1,부산광역시 영도구 대평남로 35,,35.090110,129.0332374,,한전주,051-419-4671,부산광역시 영도구청,2026-04-06
남항동153,1,부산광역시 영도구 대평로27번길 21,,35.090583,129.0338865,,한전주,051-419-4671,부산광역시 영도구청,2026-04-06
남항동154,1,부산광역시 영도구 대평남로 25-4,,35.090371,129.034027,,한전주,051-419-4671,부산광역시 영도구청,2026-04-06
남항동155,1,부산광역시 영도구 대평남로 21-1,,35.090415,129.034378,,한전주,051-419-4671,부산광역시 영도구청,2026-04-06
남항동156,1,부산광역시 영도구 대평남로23번길 9,,35.090217,129.034164,,한전주,051-419-4671,부산광역시 영도구청,2026-04-06
남항동157,1,부산광역시 영도구 대평남로23번길 14,,35.090217,129.033920,,한전주,051-419-4671,부산광역시 영도구청,2026-04-06
남항동158,1,부산광역시 영도구 대평로27번길 25-4,,35.090267,129.0337757,,한전주,051-419-4671,부산광역시 영도구청,2026-04-06
남항동159,1,부산광역시 영도구 대평남로23번길 15,,35.090141,129.033920,,한전주,051-419-4671,부산광역시 영도구청,2026-04-06
남항동160,1,부산광역시 영도구 대평로19번길 38-18,,35.089969,129.033828,,한전주,051-419-4671,부산광역시 영도구청,2026-04-06
남항동161,1,부산광역시 영도구 대평로19번길 38-8,,35.089908,129.0338813,,한전주,051-419-4671,부산광역시 영도구청,2026-04-06
남항동162,1,부산광역시 영도구 대평로19번길 38-16,,35.089994,129.033920,,한전주,051-419-4671,부산광역시 영도구청,2026-04-06
남항동163,1,부산광역시 영도구 대평로19번길 28-12,,35.090091,129.034179,,한전주,051-419-4671,부산광역시 영도구청,2026-04-06
남항동164,1,부산광역시 영도구 대평로19번길 20,,35.089973,129.0344102,,한전주,051-419-4671,부산광역시 영도구청,2026-04-06
남항동165,1,부산광역시 영도구 대평로19번길 20,,35.089973,129.0344102,,한전주,051-419-4671,부산광역시 영도구청,2026-04-06
남항동166,1,부산광역시 영도구 대평로19번길 16,,35.090312,129.0345852,,한전주,051-419-4671,부산광역시 영도구청,2026-04-06
남항동167,1,부산광역시 영도구 대평로19번길 7,,35.090511,129.0349547,,한전주,051-419-4671,부산광역시 영도구청,2026-04-06
남항동168,1,부산광역시 영도구 대평로19번길 16,,35.090303,129.0345852,,한전주,051-419-4671,부산광역시 영도구청,2026-04-06
남항동169,1,부산광역시 영도구 대평로19번길 26,,35.089904,129.034423,,한전주,051-419-4671,부산광역시 영도구청,2026-04-06
남항동170,1,부산광역시 영도구 대평로19번길 30,,35.089870,129.034286,,한전주,051-419-4671,부산광역시 영도구청,2026-04-06
남항동171,1,부산광역시 영도구 대평로19번길 32-1,,35.089817,129.034088,,한전주,051-419-4671,부산광역시 영도구청,2026-04-06
남항동172,1,부산광역시 영도구 대평로19번길 32-1,,35.089862,129.034042,,한전주,051-419-4671,부산광역시 영도구청,2026-04-06
남항동173,1,부산광역시 영도구 대평남로 35,,35.090110,129.0332374,,한전주,051-419-4671,부산광역시 영도구청,2026-04-06
남항동174,1,부산광역시 영도구 대평남로 35,,35.090110,129.0332374,,한전주,051-419-4671,부산광역시 영도구청,2026-04-06
남항동175,1,부산광역시 영도구 대평남로 35,,35.090110,129.0332374,,한전주,051-419-4671,부산광역시 영도구청,2026-04-06
남항동176,1,부산광역시 영도구 대평남로31번길 9,,35.090427,129.033645,,한전주,051-419-4671,부산광역시 영도구청,2026-04-06
남항동177,1,부산광역시 영도구 대평남로31번길 3,,35.090648,129.0336134,,한전주,051-419-4671,부산광역시 영도구청,2026-04-06
남항동178,1,부산광역시 영도구 대평로 15,,35.090568,129.0354341,,한전주,051-419-4671,부산광역시 영도구청,2026-04-06
남항동179,1,부산광역시 영도구 대평남로 7-1,,35.089923,129.035720,,한전주,051-419-4671,부산광역시 영도구청,2026-04-06
남항동180,1,부산광역시 영도구 대평남로 7,,35.089906,129.0357324,,전용주,051-419-4671,부산광역시 영도구청,2026-04-06
남항동181,1,부산광역시 영도구 대평남로 8,,35.090059,129.0358291,,한전주,051-419-4671,부산광역시 영도구청,2026-04-06
남항동182,1,부산광역시 영도구 대평남로 6-7,,35.090163,129.0362853,,한전주,051-419-4671,부산광역시 영도구청,2026-04-06
남항동183,1,부산광역시 영도구 대평로 11-1,,35.090385,129.035568,,한전주,051-419-4671,부산광역시 영도구청,2026-04-06
남항동184,1,부산광역시 영도구 대평로 9-5,,35.090232,129.035949,,한전주,051-419-4671,부산광역시 영도구청,2026-04-06
남항동185,1,부산광역시 영도구 남항로 26,,35.089099,129.0392663,,한전주,051-419-4671,부산광역시 영도구청,2026-04-06
남항동186,1,부산광역시 영도구 남항로 26,,35.08909927,129.0392663,,한전주,051-419-4671,부산광역시 영도구청,2026-04-06
남항동187,1,부산광역시 영도구 남항로 26,,35.08909927,129.0392663,,한전주,051-419-4671,부산광역시 영도구청,2026-04-06
남항동188,1,부산광역시 영도구 남항서로91번길 39,,35.089357,129.0340539,,한전주,051-419-4671,부산광역시 영도구청,2026-04-06
남항동189,1,부산광역시 영도구 남항서로91번길 45,,35.089222,129.033798,,한전주,051-419-4671,부산광역시 영도구청,2026-04-06
남항동190,1,부산광역시 영도구 남항서로91번길 53-1,,35.088993,129.033843,,한전주,051-419-4671,부산광역시 영도구청,2026-04-06
남항동191,1,부산광역시 영도구 남항서로91번길 37-13,,35.089093,129.034057,,한전주,051-419-4671,부산광역시 영도구청,2026-04-06
남항동192,1,부산광역시 영도구 남항서로91번길 37-26,,35.088859,129.033859,,한전주,051-419-4671,부산광역시 영도구청,2026-04-06
남항동193,1,부산광역시 영도구 남항서로91번길 37-28,,35.088829,129.033813,,한전주,051-419-4671,부산광역시 영도구청,2026-04-06
남항동194,1,부산광역시 영도구 남항서로 69-12,,35.087463,129.0344123,,전용주,051-419-4671,부산광역시 영도구청,2026-04-06
남항동195,1,부산광역시 영도구 남항서로 69-12,,35.087463,129.034469,,전용주,051-419-4671,부산광역시 영도구청,2026-04-06
남항동196,1,부산광역시 영도구 남항서로 85,,35.08866454,129.0348805,,전용주,051-419-4671,부산광역시 영도구청,2026-04-06
남항동197,1,부산광역시 영도구 남항서로 85,,35.08866454,129.0348805,,전용주,051-419-4671,부산광역시 영도구청,2026-04-06
남항동198,1,부산광역시 영도구 남항서로 85,,35.08866454,129.0348805,,전용주,051-419-4671,부산광역시 영도구청,2026-04-06
남항동199,1,부산광역시 영도구 남항서로91번길 37-31,,35.088707,129.0338791,,전용주,051-419-4671,부산광역시 영도구청,2026-04-06
남항동200,1,부산광역시 영도구 절영로94번길 56,,35.084648,129.038101,,한전주,051-419-4671,부산광역시 영도구청,2026-04-06
남항동201,1,부산광역시 영도구 남항남로 43-2,,35.084299,129.038558,,한전주,051-419-4671,부산광역시 영도구청,2026-04-06
남항동202,1,부산광역시 영도구 절영로94번길 47,,35.084468,129.0385299,,한전주,051-419-4671,부산광역시 영도구청,2026-04-06
봉래1동077,1,부산광역시 영도구 봉래나루로 58,,35.093563,129.0388733,,한전주,051-419-4671,부산광역시 영도구청,2026-04-06
봉래1동078,1,부산광역시 영도구 봉래나루로62번길 3,,35.093631,129.038940,,한전주,051-419-4671,부산광역시 영도구청,2026-04-06
봉래1동079,1,부산광역시 영도구 봉래나루로 60,,35.093635,129.038816,,한전주,051-419-4671,부산광역시 영도구청,2026-04-06
봉래1동080,1,부산광역시 영도구 봉래나루로 60,,35.093629,129.038816,,한전주,051-419-4671,부산광역시 영도구청,2026-04-06
봉래1동081,1,부산광역시 영도구 절영로14번길 8-3,,35.093242,129.039657,,한전주,051-419-4671,부산광역시 영도구청,2026-04-06
봉래1동082,1,부산광역시 영도구 태종로73번길 24-5,,35.093503,129.039646,,한전주,051-419-4671,부산광역시 영도구청,2026-04-06
봉래1동083,1,부산광역시 영도구 태종로73번길 22-1,,35.093452,129.0394879,,한전주,051-419-4671,부산광역시 영도구청,2026-04-06
봉래1동084,1,부산광역시 영도구 절영로 10-8,,35.093425,129.0400949,,한전주,051-419-4671,부산광역시 영도구청,2026-04-06
봉래1동085,1,부산광역시 영도구 절영로8번길 11,,35.093704,129.039764,,한전주,051-419-4671,부산광역시 영도구청,2026-04-06
봉래1동086,1,부산광역시 영도구 절영로8번길 12,,35.093784,129.0398435,,한전주,051-419-4671,부산광역시 영도구청,2026-04-06
봉래1동087,1,부산광역시 영도구 절영로8번길 8,,35.093715,129.0400311,,한전주,051-419-4671,부산광역시 영도구청,2026-04-06
봉래1동088,1,부산광역시 영도구 절영로8번길 6,,35.093654,129.040145,,한전주,051-419-4671,부산광역시 영도구청,2026-04-06
봉래1동089,1,부산광역시 영도구 절영로 6-9,,35.093804,129.040069,,한전주,051-419-4671,부산광역시 영도구청,2026-04-06
봉래1동090,1,부산광역시 영도구 절영로 6-1,,35.093856,129.040405,,한전주,051-419-4671,부산광역시 영도구청,2026-04-06
봉래1동091,1,부산광역시 영도구 대교로 45-10,,35.094043,129.0399966,,한전주,051-419-4671,부산광역시 영도구청,2026-04-06
봉래1동092,1,부산광역시 영도구 대교로 45-24,,35.094161,129.039947,,한전주,051-419-4671,부산광역시 영도구청,2026-04-06
봉래1동093,1,부산광역시 영도구 대교로 45-2,,35.094303,129.040130,,한전주,051-419-4671,부산광역시 영도구청,2026-04-06
봉래1동094,1,부산광역시 영도구 절영로 1-1,,35.093933,129.0407831,,한전주,051-419-4671,부산광역시 영도구청,2026-04-06
봉래1동095,1,부산광역시 영도구 태종로83번길 43,,35.093864,129.041076,,한전주,051-419-4671,부산광역시 영도구청,2026-04-06
봉래1동096,1,부산광역시 영도구 태종로83번길 43-7,,35.093803,129.0408993,,한전주,051-419-4671,부산광역시 영도구청,2026-04-06
봉래1동097,1,부산광역시 영도구 절영로 5-5,,35.093803,129.040802,,한전주,051-419-4671,부산광역시 영도구청,2026-04-06
봉래1동098,1,부산광역시 영도구 절영로 5-4,,35.093739,129.0408045,,한전주,051-419-4671,부산광역시 영도구청,2026-04-06
봉래1동099,1,부산광역시 영도구 대교로 29,,35.093817,129.041595,,한전주,051-419-4671,부산광역시 영도구청,2026-04-06
봉래1동100,1,부산광역시 영도구 태종로83번길 39,,35.093685,129.041091,,한전주,051-419-4671,부산광역시 영도구청,2026-04-06
봉래1동101,1,부산광역시 영도구 태종로83번길 33,,35.093467,129.040854,,한전주,051-419-4671,부산광역시 영도구청,2026-04-06
봉래1동102,1,부산광역시 영도구 태종로83번길 34,,35.093345,129.0410354,,한전주,051-419-4671,부산광역시 영도구청,2026-04-06
봉래1동103,1,부산광역시 영도구 절영로7번길 4,,35.093376,129.0406297,,한전주,051-419-4671,부산광역시 영도구청,2026-04-06
봉래1동104,1,부산광역시 영도구 절영로7번길 4,,35.093391,129.040649,,한전주,051-419-4671,부산광역시 영도구청,2026-04-06
봉래1동105,1,부산광역시 영도구 절영로 7-4,,35.093574,129.040802,,한전주,051-419-4671,부산광역시 영도구청,2026-04-06
봉래1동106,1,부산광역시 영도구 태종로83번길 28,,35.093193,129.0409246,,한전주,051-419-4671,부산광역시 영도구청,2026-04-06
봉래1동107,1,부산광역시 영도구 절영로13번길 5,,35.09300014,129.0405812,,한전주,051-419-4671,부산광역시 영도구청,2026-04-06
봉래1동108,1,부산광역시 영도구 태종로89번길 23,,35.092826,129.0411859,,한전주,051-419-4671,부산광역시 영도구청,2026-04-06
봉래1동109,1,부산광역시 영도구 태종로89번길 25,,35.092933,129.0412027,,한전주,051-419-4671,부산광역시 영도구청,2026-04-06
봉래1동110,1,부산광역시 영도구 태종로89번길 35,,35.093261,129.041427,,한전주,051-419-4671,부산광역시 영도구청,2026-04-06
봉래1동111,1,부산광역시 영도구 절영로7번길 13,,35.093306,129.0412269,,한전주,051-419-4671,부산광역시 영도구청,2026-04-06
봉래1동112,1,부산광역시 영도구 태종로89번길 37,,35.093463,129.041499,,한전주,051-419-4671,부산광역시 영도구청,2026-04-06
봉래1동113,1,부산광역시 영도구 태종로89번길 43-1,,35.093690,129.0416689,,한전주,051-419-4671,부산광역시 영도구청,2026-04-06
봉래1동114,1,부산광역시 영도구 태종로89번길 46,,35.093595,129.041854,,한전주,051-419-4671,부산광역시 영도구청,2026-04-06
봉래1동115,1,부산광역시 영도구 태종로89번길 42-1,,35.093566,129.0418997,,한전주,051-419-4671,부산광역시 영도구청,2026-04-06
봉래1동116,1,부산광역시 영도구 대교로 23,,35.093505,129.042144,,한전주,051-419-4671,부산광역시 영도구청,2026-04-06
봉래1동117,1,부산광역시 영도구 대교로 23,,35.093509,129.0421959,,한전주,051-419-4671,부산광역시 영도구청,2026-04-06
봉래1동118,1,부산광역시 영도구 태종로95번길 37-1,,35.093261,129.042097,,한전주,051-419-4671,부산광역시 영도구청,2026-04-06
봉래1동119,1,부산광역시 영도구 태종로95번길 35,,35.093105,129.042053,,한전주,051-419-4671,부산광역시 영도구청,2026-04-06
봉래1동120,1,부산광역시 영도구 절영로13번길 25,,35.092837,129.0416219,,한전주,051-419-4671,부산광역시 영도구청,2026-04-06
봉래1동121,1,부산광역시 영도구 절영로7번길 27,,35.093124,129.041809,,한전주,051-419-4671,부산광역시 영도구청,2026-04-06
봉래1동122,1,부산광역시 영도구 절영로7번길 25,,35.093103,129.041717,,한전주,051-419-4671,부산광역시 영도구청,2026-04-06
봉래1동123,1,부산광역시 영도구 절영로7번길 23-4,,35.093139,129.041778,,한전주,051-419-4671,부산광역시 영도구청,2026-04-06
봉래1동124,1,부산광역시 영도구 절영로13번길 25,,35.092837,129.0416219,,한전주,051-419-4671,부산광역시 영도구청,2026-04-06
봉래1동125,1,부산광역시 영도구 절영로13번길 25,,35.092837,129.0416219,,한전주,051-419-4671,부산광역시 영도구청,2026-04-06
봉래1동126,1,부산광역시 영도구 절영로13번길 25,,35.092837,129.0416219,,한전주,051-419-4671,부산광역시 영도구청,2026-04-06
봉래1동127,1,부산광역시 영도구 절영로13번길 39,,35.092422,129.0422041,,한전주,051-419-4671,부산광역시 영도구청,2026-04-06
봉래1동128,1,부산광역시 영도구 절영로13번길 37,,35.092586,129.042098,,한전주,051-419-4671,부산광역시 영도구청,2026-04-06
봉래1동129,1,부산광역시 영도구 절영로13번길 39-10,,35.092666,129.042175,,한전주,051-419-4671,부산광역시 영도구청,2026-04-06
봉래1동130,1,부산광역시 영도구 절영로13번길 39-12,,35.092777,129.042098,,한전주,051-419-4671,부산광역시 영도구청,2026-04-06
봉래1동131,1,부산광역시 영도구 절영로7번길 40,,35.092704,129.042343,,한전주,051-419-4671,부산광역시 영도구청,2026-04-06
봉래1동132,1,부산광역시 영도구 절영로13번길 39-5,,35.092571,129.0422835,,한전주,051-419-4671,부산광역시 영도구청,2026-04-06
봉래1동133,1,부산광역시 영도구 절영로13번길 39,,35.092418,129.042236,,한전주,051-419-4671,부산광역시 영도구청,2026-04-06
봉래1동134,1,부산광역시 영도구 태종로99번길 28,,35.092563,129.0426905,,한전주,051-419-4671,부산광역시 영도구청,2026-04-06
봉래1동135,1,부산광역시 영도구 절영로7번길 42,,35.092688,129.042572,,한전주,051-419-4671,부산광역시 영도구청,2026-04-06
봉래1동136,1,부산광역시 영도구 태종로99번길 35,,35.092932,129.042587,,한전주,051-419-4671,부산광역시 영도구청,2026-04-06
봉래1동137,1,부산광역시 영도구 절영로7번길 40,,35.092765,129.0423742,,한전주,051-419-4671,부산광역시 영도구청,2026-04-06
봉래1동138,1,부산광역시 영도구 절영로7번길 37-3,,35.093026,129.042465,,한전주,051-419-4671,부산광역시 영도구청,2026-04-06
봉래1동139,1,부산광역시 영도구 절영로7번길 35,,35.092920,129.042266,,한전주,051-419-4671,부산광역시 영도구청,2026-04-06
봉래1동140,1,부산광역시 영도구 대교로 19,,35.093355,129.0426446,,한전주,051-419-4671,부산광역시 영도구청,2026-04-06
봉래1동141,1,부산광역시 영도구 태종로105번길 37-2,,35.092917,129.043121,,한전주,051-419-4671,부산광역시 영도구청,2026-04-06
봉래1동142,1,부산광역시 영도구 태종로99번길 42-11,,35.093116,129.0432783,,한전주,051-419-4671,부산광역시 영도구청,2026-04-06
봉래1동143,1,부산광역시 영도구 태종로105번길 36-1,,35.092727,129.043411,,한전주,051-419-4671,부산광역시 영도구청,2026-04-06
봉래1동144,1,부산광역시 영도구 태종로99번길 28-7,,35.092453,129.042816,,한전주,051-419-4671,부산광역시 영도구청,2026-04-06
봉래1동145,1,부산광역시 영도구 절영로13번길 53,,35.092144,129.042938,,한전주,051-419-4671,부산광역시 영도구청,2026-04-06
봉래1동146,1,부산광역시 영도구 절영로13번길 45-5,,35.092411,129.042663,,한전주,051-419-4671,부산광역시 영도구청,2026-04-06
봉래1동147,1,부산광역시 영도구 절영로13번길 57,,35.092082,129.043136,,한전주,051-419-4671,부산광역시 영도구청,2026-04-06
봉래1동148,1,부산광역시 영도구 절영로7번길 56,,35.092311,129.043243,,한전주,051-419-4671,부산광역시 영도구청,2026-04-06
봉래1동149,1,부산광역시 영도구 태종로 133,,35.091918,129.0438639,,한전주,051-419-4671,부산광역시 영도구청,2026-04-06
봉래1동150,1,부산광역시 영도구 태종로 137,,35.092250,129.044143,,한전주,051-419-4671,부산광역시 영도구청,2026-04-06
봉래1동151,1,부산광역시 영도구 절영로7번길 61,,35.092521,129.043594,,한전주,051-419-4671,부산광역시 영도구청,2026-04-06
봉래1동152,1,부산광역시 영도구 태종로113번길 43,,35.092834,129.0439842,,한전주,051-419-4671,부산광역시 영도구청,2026-04-06
봉래1동153,1,부산광역시 영도구 절영로13번길 65,,35.091960,129.043487,,한전주,051-419-4671,부산광역시 영도구청,2026-04-06
봉래1동154,1,부산광역시 영도구 절영로14번길8-8,,35.093436,129.039850,,한전주,051-419-4671,부산광역시 영도구청,2026-04-06
봉래2동001,1,부산광역시 영도구 해돋이1길 94-1,,35.090023,129.0543942,,한전주,051-419-4671,부산광역시 영도구청,2026-04-06
봉래2동002,1,부산광역시 영도구 해돋이1길 17,,35.091346,129.055541,,한전주,051-419-4671,부산광역시 영도구청,2026-04-06
봉래2동003,1,부산광역시 영도구 해돋이1길 40,,35.091346,129.0555246,,한전주,051-419-4671,부산광역시 영도구청,2026-04-06
봉래2동004,1,부산광역시 영도구 해돋이1길 16,,35.091358,129.0555246,,한전주,051-419-4671,부산광역시 영도구청,2026-04-06
봉래2동005,1,부산광역시 영도구 봉래길 280,,35.091526,129.055358,,한전주,051-419-4671,부산광역시 영도구청,2026-04-06
봉래2동006,1,부산광역시 영도구 봉래길 274,,35.091595,129.055328,,한전주,051-419-4671,부산광역시 영도구청,2026-04-06
봉래2동007,1,부산광역시 영도구 봉래길 264,,35.091346,129.0555246,,한전주,051-419-4671,부산광역시 영도구청,2026-04-06
봉래2동008,1,부산광역시 영도구 봉래길 258,,35.091396,129.0555246,,한전주,051-419-4671,부산광역시 영도구청,2026-04-06
봉래2동009,1,부산광역시 영도구 봉래길 181,,35.091575,129.055648,,한전주,051-419-4671,부산광역시 영도구청,2026-04-06
봉래2동010,1,부산광역시 영도구 봉래길 167,,35.091812,129.0553504,,한전주,051-419-4671,부산광역시 영도구청,2026-04-06
봉래2동011,1,부산광역시 영도구 우정길 162,,35.091915,129.055633,,한전주,051-419-4671,부산광역시 영도구청,2026-04-06
봉래2동012,1,부산광역시 영도구 장미계단길 236,,35.092678,129.0549652,,한전주,051-419-4671,부산광역시 영도구청,2026-04-06
봉래2동013,1,부산광역시 영도구 장미계단길 230,,35.092941,129.055068,,한전주,051-419-4671,부산광역시 영도구청,2026-04-06
봉래2동014,1,부산광역시 영도구 장미계단길 107,,35.093132,129.055084,,한전주,051-419-4671,부산광역시 영도구청,2026-04-06
봉래2동015,1,부산광역시 영도구 우정길 72,,35.092998,129.055328,,한전주,051-419-4671,부산광역시 영도구청,2026-04-06
봉래2동016,1,부산광역시 영도구 방울꽃길 58,,35.092994,129.055603,,한전주,051-419-4671,부산광역시 영도구청,2026-04-06
봉래2동017,1,부산광역시 영도구 우정길 90,,35.092864,129.055603,,한전주,051-419-4671,부산광역시 영도구청,2026-04-06
봉래2동018,1,부산광역시 영도구 우정길 96,,35.092685,129.055694,,한전주,051-419-4671,부산광역시 영도구청,2026-04-06
봉래2동019,1,부산광역시 영도구 우정길 38,,35.092826,129.055898,,한전주,051-419-4671,부산광역시 영도구청,2026-04-06
봉래2동020,1,부산광역시 영도구 방울꽃길 50,,35.093143,129.055450,,한전주,051-419-4671,부산광역시 영도구청,2026-04-06
봉래2동021,1,부산광역시 영도구 방울꽃길 30,,35.093388,129.0552475,,한전주,051-419-4671,부산광역시 영도구청,2026-04-06
봉래2동022,1,부산광역시 영도구 방울꽃길 10,,35.093399,129.055068,,한전주,051-419-4671,부산광역시 영도구청,2026-04-06
봉래2동023,1,부산광역시 영도구 방울꽃길 18,,35.093326,129.055114,,한전주,051-419-4671,부산광역시 영도구청,2026-04-06
봉래2동024,1,부산광역시 영도구 장미계단길 224,,35.093173,129.0549209,,한전주,051-419-4671,부산광역시 영도구청,2026-04-06
봉래2동025,1,부산광역시 영도구 장미계단길 47,,35.093246,129.054763,,한전주,051-419-4671,부산광역시 영도구청,2026-04-06
봉래2동026,1,부산광역시 영도구 장미계단길 57,,35.093456,129.054779,,한전주,051-419-4671,부산광역시 영도구청,2026-04-06
봉래2동027,1,부산광역시 영도구 장미계단길 59,,35.093555,129.0546864,,한전주,051-419-4671,부산광역시 영도구청,2026-04-06
봉래2동028,1,부산광역시 영도구 장미계단길 83,,35.092632,129.0519079,,한전주,051-419-4671,부산광역시 영도구청,2026-04-06
봉래2동029,1,부산광역시 영도구 장미계단길 79,,35.093738,129.054977,,한전주,051-419-4671,부산광역시 영도구청,2026-04-06
봉래2동030,1,부산광역시 영도구 하나길 892,,35.093757,129.0545967,,한전주,051-419-4671,부산광역시 영도구청,2026-04-06
봉래2동031,1,부산광역시 영도구 장미계단길 4,,35.093822,129.0542887,,한전주,051-419-4671,부산광역시 영도구청,2026-04-06
봉래2동032,1,부산광역시 영도구 장미계단길 5,,35.093624,129.054535,,한전주,051-419-4671,부산광역시 영도구청,2026-04-06
봉래2동033,1,부산광역시 영도구 장미계단길 27,,35.093576,129.054336,,한전주,051-419-4671,부산광역시 영도구청,2026-04-06
봉래2동034,1,부산광역시 영도구 장미계단길 63,,35.093574,129.0546864,,한전주,051-419-4671,부산광역시 영도구청,2026-04-06
봉래2동035,1,부산광역시 영도구 장미계단길 10,,35.093727,129.0540911,,한전주,051-419-4671,부산광역시 영도구청,2026-04-06
봉래2동036,1,부산광역시 영도구 장미계단길 16,,35.093673,129.053955,,한전주,051-419-4671,부산광역시 영도구청,2026-04-06
봉래2동037,1,부산광역시 영도구 장미계단길 35,,35.093376,129.054229,,한전주,051-419-4671,부산광역시 영도구청,2026-04-06
봉래2동038,1,부산광역시 영도구 장미계단길 39,,35.093336,129.054458,,한전주,051-419-4671,부산광역시 영도구청,2026-04-06
봉래2동039,1,부산광역시 영도구 장미계단길 128,,35.093261,129.054321,,한전주,051-419-4671,부산광역시 영도구청,2026-04-06
봉래2동040,1,부산광역시 영도구 장미계단길 166,,35.093151,129.0545835,,한전주,051-419-4671,부산광역시 영도구청,2026-04-06
봉래2동041,1,부산광역시 영도구 장미계단길 204,,35.092853,129.054748,,한전주,051-419-4671,부산광역시 영도구청,2026-04-06
봉래2동042,1,부산광역시 영도구 장미계단길 192,,35.092628,129.0544857,,한전주,051-419-4671,부산광역시 영도구청,2026-04-06
동삼2동181,1,부산광역시 영도구 아랫서길16,,35.066230,129.080368,,한전주,051-419-4671,부산광역시 영도구청,2026-04-06
봉래2동043,1,부산광역시 영도구 장미계단길 148,,35.092817,129.0544308,,한전주,051-419-4671,부산광역시 영도구청,2026-04-06
봉래2동044,1,부산광역시 영도구 장미계단길 154,,35.093070,129.0544183,,한전주,051-419-4671,부산광역시 영도구청,2026-04-06
봉래2동045,1,부산광역시 영도구 장미계단길 36,,35.093517,129.054061,,한전주,051-419-4671,부산광역시 영도구청,2026-04-06
봉래2동046,1,부산광역시 영도구 장미계단길 108,,35.093565,129.053802,,한전주,051-419-4671,부산광역시 영도구청,2026-04-06
봉래2동047,1,부산광역시 영도구 장미계단길 86,,35.093811,129.053558,,한전주,051-419-4671,부산광역시 영도구청,2026-04-06
봉래2동048,1,부산광역시 영도구 장미계단길 50,,35.093826,129.053741,,한전주,051-419-4671,부산광역시 영도구청,2026-04-06
봉래2동049,1,부산광역시 영도구 장미계단길 76,,35.094047,129.0536909,,한전주,051-419-4671,부산광역시 영도구청,2026-04-06
봉래2동050,1,부산광역시 영도구 장미계단길 54,,35.093864,129.0541955,,한전주,051-419-4671,부산광역시 영도구청,2026-04-06
봉래2동051,1,부산광역시 영도구 목련길 35,,35.093596,129.0535261,,한전주,051-419-4671,부산광역시 영도구청,2026-04-06
봉래2동052,1,부산광역시 영도구 목련길 23,,35.093540,129.053314,,한전주,051-419-4671,부산광역시 영도구청,2026-04-06
봉래2동053,1,부산광역시 영도구 목련길 49,,35.093654,129.053176,,한전주,051-419-4671,부산광역시 영도구청,2026-04-06
봉래2동054,1,부산광역시 영도구 하나길 840,,35.093799,129.053029,,한전주,051-419-4671,부산광역시 영도구청,2026-04-06
봉래2동055,1,부산광역시 영도구 목련길 13,,35.093879,129.053268,,한전주,051-419-4671,부산광역시 영도구청,2026-04-06
봉래2동056,1,부산광역시 영도구 장미계단길 90,,35.093778,129.0533913,,한전주,051-419-4671,부산광역시 영도구청,2026-04-06
봉래2동057,1,부산광역시 영도구 목련길 49,,35.093666,129.053141,,한전주,051-419-4671,부산광역시 영도구청,2026-04-06
봉래2동058,1,부산광역시 영도구 목련길 55,,35.093666,129.053141,,한전주,051-419-4671,부산광역시 영도구청,2026-04-06
봉래2동059,1,부산광역시 영도구 목련길 65,,35.093417,129.053222,,한전주,051-419-4671,부산광역시 영도구청,2026-04-06
봉래2동060,1,부산광역시 영도구 목련길 69,,35.093490,129.0534164,,한전주,051-419-4671,부산광역시 영도구청,2026-04-06
봉래2동061,1,부산광역시 영도구 목련길 28,,35.093273,129.053771,,한전주,051-419-4671,부산광역시 영도구청,2026-04-06
봉래2동062,1,부산광역시 영도구 목련길 89,,35.093399,129.053924,,한전주,051-419-4671,부산광역시 영도구청,2026-04-06
봉래2동063,1,부산광역시 영도구 목련길 60,,35.093139,129.053955,,한전주,051-419-4671,부산광역시 영도구청,2026-04-06
봉래2동064,1,부산광역시 영도구 목련길 70,,35.092777,129.0540761,,한전주,051-419-4671,부산광역시 영도구청,2026-04-06
봉래2동065,1,부산광역시 영도구 목련길 127,,35.092571,129.0541698,,한전주,051-419-4671,부산광역시 영도구청,2026-04-06
봉래2동066,1,부산광역시 영도구 목련길 129,,35.092441,129.0542495,,한전주,051-419-4671,부산광역시 영도구청,2026-04-06
봉래2동067,1,부산광역시 영도구 봉래길 134,,35.091843,129.0539529,,한전주,051-419-4671,부산광역시 영도구청,2026-04-06
봉래2동068,1,부산광역시 영도구 봉래길 134,,35.091843,129.0539529,,전용주,051-419-4671,부산광역시 영도구청,2026-04-06
봉래2동069,1,부산광역시 영도구 봉래길 134,,35.091843,129.0539529,,전용주,051-419-4671,부산광역시 영도구청,2026-04-06
봉래2동070,1,부산광역시 영도구 봉래길 134,,35.091843,129.0539529,,한전주,051-419-4671,부산광역시 영도구청,2026-04-06
봉래2동071,1,부산광역시 영도구 봉래길 134,,35.091842,129.0539529,,한전주,051-419-4671,부산광역시 영도구청,2026-04-06
봉래2동072,1,부산광역시 영도구 봉래길 134,,35.091819,129.0539529,,한전주,051-419-4671,부산광역시 영도구청,2026-04-06
봉래2동073,1,부산광역시 영도구 봉래길 134,,35.091843,129.0539529,,한전주,051-419-4671,부산광역시 영도구청,2026-04-06
봉래2동074,1,부산광역시 영도구 봉래길 134,,35.091843,129.0539529,,한전주,051-419-4671,부산광역시 영도구청,2026-04-06
봉래2동075,1,부산광역시 영도구 봉래길 134,,35.091843,129.0539529,,한전주,051-419-4671,부산광역시 영도구청,2026-04-06
봉래2동076,1,부산광역시 영도구 봉래길 134,,35.091843,129.0539529,,한전주,051-419-4671,부산광역시 영도구청,2026-04-06
봉래2동077,1,부산광역시 영도구 청명길 1,,35.094326,129.0536977,,한전주,051-419-4671,부산광역시 영도구청,2026-04-06
봉래2동078,1,부산광역시 영도구 하나길 830,,35.093488,129.0526414,,한전주,051-419-4671,부산광역시 영도구청,2026-04-06
봉래2동079,1,부산광역시 영도구 찬새미길 20,,35.093386,129.0527709,,한전주,051-419-4671,부산광역시 영도구청,2026-04-06
봉래2동080,1,부산광역시 영도구 찬새미길 26,,35.093326,129.0528906,,한전주,051-419-4671,부산광역시 영도구청,2026-04-06
봉래2동081,1,부산광역시 영도구 찬새미길 32,,35.093206,129.052856,,한전주,051-419-4671,부산광역시 영도구청,2026-04-06
봉래2동082,1,부산광역시 영도구 오동꽃길 187,,35.093185,129.0525791,,한전주,051-419-4671,부산광역시 영도구청,2026-04-06
봉래2동083,1,부산광역시 영도구 하나길 828,,35.093345,129.052429,,한전주,051-419-4671,부산광역시 영도구청,2026-04-06
봉래2동084,1,부산광역시 영도구 오동꽃길 145,,35.093269,129.0522889,,한전주,051-419-4671,부산광역시 영도구청,2026-04-06
봉래2동085,1,부산광역시 영도구 오동꽃길 193,,35.093101,129.0526046,,한전주,051-419-4671,부산광역시 영도구청,2026-04-06
봉래2동086,1,부산광역시 영도구 오동꽃길 125,,35.092975,129.0522876,,한전주,051-419-4671,부산광역시 영도구청,2026-04-06
봉래2동087,1,부산광역시 영도구 오동꽃길 129,,35.093070,129.0521872,,한전주,051-419-4671,부산광역시 영도구청,2026-04-06
봉래2동088,1,부산광역시 영도구 오동꽃길 143,,35.093181,129.0522134,,한전주,051-419-4671,부산광역시 영도구청,2026-04-06
봉래2동089,1,부산광역시 영도구 오동꽃길 137,,35.093235,129.0520209,,한전주,051-419-4671,부산광역시 영도구청,2026-04-06
봉래2동090,1,부산광역시 영도구 오동꽃길 235,,35.092792,129.052429,,한전주,051-419-4671,부산광역시 영도구청,2026-04-06
봉래2동091,1,부산광역시 영도구 찬새미길 70,,35.092937,129.052642,,한전주,051-419-4671,부산광역시 영도구청,2026-04-06
봉래2동092,1,부산광역시 영도구 오동꽃길 249,,35.092582,129.052429,,한전주,051-419-4671,부산광역시 영도구청,2026-04-06
봉래2동093,1,부산광역시 영도구 봉래길 121,,35.092497,129.0530126,,한전주,051-419-4671,부산광역시 영도구청,2026-04-06
봉래2동094,1,부산광역시 영도구 오동꽃길 235,,35.092781,129.0524764,,한전주,051-419-4671,부산광역시 영도구청,2026-04-06
봉래2동095,1,부산광역시 영도구 오동꽃길 111,,35.092739,129.0521745,,한전주,051-419-4671,부산광역시 영도구청,2026-04-06
봉래2동096,1,부산광역시 영도구 오동꽃길 259,,35.092472,129.052459,,한전주,051-419-4671,부산광역시 영도구청,2026-04-06
봉래2동097,1,부산광역시 영도구 오동꽃길 259,,35.092456,129.052483,,한전주,051-419-4671,부산광역시 영도구청,2026-04-06
봉래2동098,1,부산광역시 영도구 오동꽃길 267,,35.092483,129.052673,,한전주,051-419-4671,부산광역시 영도구청,2026-04-06
봉래2동099,1,부산광역시 영도구 찬새미길 44,,35.093248,129.0530681,,한전주,051-419-4671,부산광역시 영도구청,2026-04-06
봉래2동100,1,부산광역시 영도구 찬새미길 52,,35.093248,129.0530681,,한전주,051-419-4671,부산광역시 영도구청,2026-04-06
봉래2동101,1,부산광역시 영도구 찬새미길 23,,35.093143,129.0535233,,한전주,051-419-4671,부산광역시 영도구청,2026-04-06
봉래2동102,1,부산광역시 영도구 찬새미길 56,,35.093025,129.053253,,한전주,051-419-4671,부산광역시 영도구청,2026-04-06
봉래2동103,1,부산광역시 영도구 찬새미길 66,,35.093036,129.0528724,,한전주,051-419-4671,부산광역시 영도구청,2026-04-06
봉래2동104,1,부산광역시 영도구 찬새미길 134,,35.092601,129.0533862,,한전주,051-419-4671,부산광역시 영도구청,2026-04-06
봉래2동105,1,부산광역시 영도구 목련길 52,,35.092929,129.053743,,한전주,051-419-4671,부산광역시 영도구청,2026-04-06
봉래2동106,1,부산광역시 영도구 찬새미길 73,,35.092517,129.0538298,,한전주,051-419-4671,부산광역시 영도구청,2026-04-06
봉래2동107,1,부산광역시 영도구 찬새미길 134,,35.092601,129.0533862,,한전주,051-419-4671,부산광역시 영도구청,2026-04-06
봉래2동108,1,부산광역시 영도구 찬새미길 136,,35.092407,129.0534573,,한전주,051-419-4671,부산광역시 영도구청,2026-04-06
봉래2동109,1,부산광역시 영도구 산유화길 65,,35.092818,129.050842,,한전주,051-419-4671,부산광역시 영도구청,2026-04-06
봉래2동110,1,부산광역시 영도구 봉래길 113,,35.092222,129.0527472,,한전주,051-419-4671,부산광역시 영도구청,2026-04-06
봉래2동111,1,부산광역시 영도구 봉래길 113,,35.092208,129.0527472,,한전주,051-419-4671,부산광역시 영도구청,2026-04-06
봉래2동112,1,부산광역시 영도구 나팔꽃길 97,,35.092269,129.052062,,한전주,051-419-4671,부산광역시 영도구청,2026-04-06
봉래2동113,1,부산광역시 영도구 나팔꽃길 87,,35.092250,129.052215,,한전주,051-419-4671,부산광역시 영도구청,2026-04-06
봉래2동114,1,부산광역시 영도구 나팔꽃길 129,,35.092193,129.051742,,한전주,051-419-4671,부산광역시 영도구청,2026-04-06
봉래2동115,1,부산광역시 영도구 봉래길 99,,35.092014,129.0518837,,한전주,051-419-4671,부산광역시 영도구청,2026-04-06
봉래2동116,1,부산광역시 영도구 봉래길 134,,35.091843,129.0539529,,한전주,051-419-4671,부산광역시 영도구청,2026-04-06
봉래2동117,1,부산광역시 영도구 나팔꽃길 72,,35.092149,129.0513851,,한전주,051-419-4671,부산광역시 영도구청,2026-04-06
봉래2동118,1,부산광역시 영도구 나팔꽃길 64,,35.092082,129.0512242,,한전주,051-419-4671,부산광역시 영도구청,2026-04-06
봉래2동119,1,부산광역시 영도구 나팔꽃길 153,,35.092391,129.051606,,한전주,051-419-4671,부산광역시 영도구청,2026-04-06
봉래2동120,1,부산광역시 영도구 나팔꽃길 34,,35.092414,129.0512327,,한전주,051-419-4671,부산광역시 영도구청,2026-04-06
봉래2동121,1,부산광역시 영도구 나팔꽃길 17,,35.092761,129.051513,,한전주,051-419-4671,부산광역시 영도구청,2026-04-06
동삼2동094,2,부산광역시 영도구 태종로802번길70,,35.065965,129.0782972,,전용주,051-419-4671,부산광역시 영도구청,2026-04-06
동삼2동095,1,부산광역시 영도구 태종로802번길70,,35.065975,129.078216,,한전주,051-419-4671,부산광역시 영도구청,2026-04-06
동삼2동096,1,부산광역시 영도구 태종로802번길60,,35.065650,129.078201,,한전주,051-419-4671,부산광역시 영도구청,2026-04-06
동삼2동097,1,부산광역시 영도구 태종로802번길61,,35.065641,129.0781318,,한전주,051-419-4671,부산광역시 영도구청,2026-04-06
동삼2동098,1,부산광역시 영도구 하리서길63,,35.068561,129.082199,,한전주,051-419-4671,부산광역시 영도구청,2026-04-06
동삼2동099,1,부산광역시 영도구 태종로765번길22-6,,35.068359,129.0820445,,한전주,051-419-4671,부산광역시 영도구청,2026-04-06
동삼2동100,1,부산광역시 영도구 태종로765번길22-4,,35.068445,129.0818815,,한전주,051-419-4671,부산광역시 영도구청,2026-04-06
동삼2동101,1,부산광역시 영도구 태종로765번길27,,35.068721,129.0817657,,한전주,051-419-4671,부산광역시 영도구청,2026-04-06
동삼2동102,1,부산광역시 영도구 하리해안길6-12,,35.068885,129.080947,,한전주,051-419-4671,부산광역시 영도구청,2026-04-06
동삼2동103,1,부산광역시 영도구 하리해안길6-14,,35.068745,129.081069,,한전주,051-419-4671,부산광역시 영도구청,2026-04-06
동삼2동104,1,부산광역시 영도구 하리해안길10-5,,35.069272,129.0810334,,한전주,051-419-4671,부산광역시 영도구청,2026-04-06
동삼2동105,2,부산광역시 영도구 하리해안길14,,35.069499,129.0810034,,한전주,051-419-4671,부산광역시 영도구청,2026-04-06
동삼2동106,1,부산광역시 영도구 하리해안길,,35.069610,129.080947,,한전주,051-419-4671,부산광역시 영도구청,2026-04-06
동삼2동107,1,부산광역시 영도구 하리해안길,,35.069644,129.081115,,한전주,051-419-4671,부산광역시 영도구청,2026-04-06
동삼2동108,1,부산광역시 영도구 하리해안길,,35.069911,129.080673,,한전주,051-419-4671,부산광역시 영도구청,2026-04-06
동삼2동109,1,부산광역시 영도구 하리해안길10-5,,35.069210,129.081039,,한전주,051-419-4671,부산광역시 영도구청,2026-04-06
동삼2동110,1,부산광역시 영도구 감지길87번길,,35.061553,129.076583,,한전주,051-419-4671,부산광역시 영도구청,2026-04-06
동삼2동111,1,부산광역시 영도구 감지길91번길12,,35.061817,129.0769799,,한전주,051-419-4671,부산광역시 영도구청,2026-04-06
동삼2동112,1,부산광역시 영도구 감지길91번길14-5,,35.062030,129.0765545,,한전주,051-419-4671,부산광역시 영도구청,2026-04-06
동삼2동113,1,부산광역시 영도구 감지길91번길8-2,,35.062038,129.0771507,,한전주,051-419-4671,부산광역시 영도구청,2026-04-06
동삼2동114,1,부산광역시 영도구 감지길,,35.062065,129.077438,,전용주,051-419-4671,부산광역시 영도구청,2026-04-06
동삼2동115,2,부산광역시 영도구 감지길104-4,,35.062586,129.076812,,전용주,051-419-4671,부산광역시 영도구청,2026-04-06
동삼2동116,1,부산광역시 영도구 감지길91번길8-3,,35.062091,129.0769632,,한전주,051-419-4671,부산광역시 영도구청,2026-04-06
동삼2동117,1,부산광역시 영도구 감지길94-3,,35.062329,129.077270,,한전주,051-419-4671,부산광역시 영도구청,2026-04-06
동삼2동118,1,부산광역시 영도구 감지길,,35.062488,129.077423,,한전주,051-419-4671,부산광역시 영도구청,2026-04-06
동삼2동119,1,부산광역시 영도구 감지길,,35.062492,129.077667,,전용주,051-419-4671,부산광역시 영도구청,2026-04-06
동삼2동120,1,부산광역시 영도구 감지길94-12,,35.062760,129.0772025,,한전주,051-419-4671,부산광역시 영도구청,2026-04-06
동삼2동121,1,부산광역시 영도구 감지길94-19,,35.062817,129.0767624,,전용주,051-419-4671,부산광역시 영도구청,2026-04-06
동삼2동122,1,부산광역시 영도구 감지길94-22,,35.063030,129.077117,,한전주,051-419-4671,부산광역시 영도구청,2026-04-06
동삼2동123,1,부산광역시 영도구 감지길,,35.062240,129.077880,,한전주,051-419-4671,부산광역시 영도구청,2026-04-06
동삼2동124,1,부산광역시 영도구 감지길70,,35.062634,129.0779999,,한전주,051-419-4671,부산광역시 영도구청,2026-04-06
동삼2동125,1,부산광역시 영도구 감지길,,35.062519,129.078323,,한전주,051-419-4671,부산광역시 영도구청,2026-04-06
동삼2동126,1,부산광역시 영도구 감지길64-8,,35.062633,129.0785076,,한전주,051-419-4671,부산광역시 영도구청,2026-04-06
동삼2동127,1,부산광역시 영도구 감지길58,,35.062469,129.078598,,한전주,051-419-4671,부산광역시 영도구청,2026-04-06
동삼2동128,1,부산광역시 영도구 감지길,,35.062530,129.078979,,한전주,051-419-4671,부산광역시 영도구청,2026-04-06
동삼2동129,1,부산광역시 영도구 감지길,,35.062675,129.079376,,한전주,051-419-4671,부산광역시 영도구청,2026-04-06
동삼2동130,1,부산광역시 영도구 감지길38,,35.062826,129.0794028,,한전주,051-419-4671,부산광역시 영도구청,2026-04-06
동삼2동131,1,부산광역시 영도구 감지길34,,35.063087,129.079666,,한전주,051-419-4671,부산광역시 영도구청,2026-04-06
동삼2동132,1,부산광역시 영도구 감지길31,,35.063085,129.0797327,,한전주,051-419-4671,부산광역시 영도구청,2026-04-06
동삼2동133,1,부산광역시 영도구 감지길27-4,,35.063140,129.0798949,,한전주,051-419-4671,부산광역시 영도구청,2026-04-06
동삼2동134,1,부산광역시 영도구 감지길25,,35.063358,129.0799083,,한전주,051-419-4671,부산광역시 영도구청,2026-04-06
동삼2동135,1,부산광역시 영도구 감지길19,,35.063431,129.0803928,,한전주,051-419-4671,부산광역시 영도구청,2026-04-06
동삼2동136,1,부산광역시 영도구 감지길13,,35.063869,129.0805598,,한전주,051-419-4671,부산광역시 영도구청,2026-04-06
동삼2동137,1,부산광역시 영도구 감지길8,,35.064082,129.0801422,,한전주,051-419-4671,부산광역시 영도구청,2026-04-06
동삼2동138,1,부산광역시 영도구 감지길,,35.061923,129.077392,,한전주,051-419-4671,부산광역시 영도구청,2026-04-06
동삼2동139,1,부산광역시 영도구 감지길87번길,,35.061801,129.077163,,한전주,051-419-4671,부산광역시 영도구청,2026-04-06
동삼2동141,1,부산광역시 영도구 감지해변길96,,35.061191,129.0774269,,전용주,051-419-4671,부산광역시 영도구청,2026-04-06
동삼2동142,1,부산광역시 영도구 태종로836번길58,,35.061016,129.078353,,한전주,051-419-4671,부산광역시 영도구청,2026-04-06
동삼2동143,1,부산광역시 영도구 태종로836번길52,,35.061271,129.078698,,한전주,051-419-4671,부산광역시 영도구청,2026-04-06
동삼2동144,1,부산광역시 영도구 태종로836번길52,,35.061248,129.078698,,한전주,051-419-4671,부산광역시 영도구청,2026-04-06
동삼2동145,1,부산광역시 영도구 태종로836번길52,,35.061271,129.078698,,한전주,051-419-4671,부산광역시 영도구청,2026-04-06
동삼2동146,1,부산광역시 영도구 태종로836번길,,35.061431,129.079223,,전용주,051-419-4671,부산광역시 영도구청,2026-04-06
동삼2동147,1,부산광역시 영도구 태종로836번길,,35.061668,129.079772,,전용주,051-419-4671,부산광역시 영도구청,2026-04-06
동삼2동148,1,부산광역시 영도구 태종로836번길,,35.061885,129.080108,,한전주,051-419-4671,부산광역시 영도구청,2026-04-06
동삼2동149,1,부산광역시 영도구 태종로836번길,,35.062286,129.080184,,전용주,051-419-4671,부산광역시 영도구청,2026-04-06
동삼2동150,1,부산광역시 영도구 태종로836번길,,35.061870,129.080307,,한전주,051-419-4671,부산광역시 영도구청,2026-04-06
동삼2동151,1,부산광역시 영도구 태종로836번길,,35.061874,129.080535,,한전주,051-419-4671,부산광역시 영도구청,2026-04-06
동삼2동152,1,부산광역시 영도구 태종로836번길,,35.061882,129.080780,,한전주,051-419-4671,부산광역시 영도구청,2026-04-06
동삼2동154,1,부산광역시 영도구 태종로802번길15,,35.064956,129.080085,,한전주,051-419-4671,부산광역시 영도구청,2026-04-06
동삼2동155,1,부산광역시 영도구 태종로802번길17,,35.064971,129.0799936,,한전주,051-419-4671,부산광역시 영도구청,2026-04-06
동삼2동156,1,부산광역시 영도구 태종로802번길25,,35.064968,129.079513,,한전주,051-419-4671,부산광역시 영도구청,2026-04-06
동삼2동157,1,부산광역시 영도구 태종로802번길15-7,,35.064777,129.0798974,,한전주,051-419-4671,부산광역시 영도구청,2026-04-06
동삼2동158,1,부산광역시 영도구 태종로802번길,,35.064998,129.079254,,한전주,051-419-4671,부산광역시 영도구청,2026-04-06
동삼2동159,1,부산광역시 영도구 태종로802번길,,35.065002,129.078720,,한전주,051-419-4671,부산광역시 영도구청,2026-04-06
동삼2동160,1,부산광역시 영도구 태종로802번길,,35.065013,129.078460,,한전주,051-419-4671,부산광역시 영도구청,2026-04-06
동삼2동161,1,부산광역시 영도구 태종로802번길43-10,,35.064659,129.078491,,한전주,051-419-4671,부산광역시 영도구청,2026-04-06
동삼2동162,1,부산광역시 영도구 태종로802번길,,35.065143,129.078521,,한전주,051-419-4671,부산광역시 영도구청,2026-04-06
동삼2동163,1,부산광역시 영도구 태종로802번길,,35.065200,129.078384,,전용주,051-419-4671,부산광역시 영도구청,2026-04-06
동삼2동164,1,부산광역시 영도구 태종로802번길,,35.065441,129.078369,,한전주,051-419-4671,부산광역시 영도구청,2026-04-06
동삼2동165,1,부산광역시 영도구 아랫서발길21번길24,,35.065326,129.079605,,한전주,051-419-4671,부산광역시 영도구청,2026-04-06
동삼2동166,1,부산광역시 영도구 아랫서발길21번길26,,35.065208,129.0797208,,한전주,051-419-4671,부산광역시 영도구청,2026-04-06
동삼2동167,1,부산광역시 영도구 아랫서발길21번길9,,35.065841,129.0800564,,한전주,051-419-4671,부산광역시 영도구청,2026-04-06
동삼2동168,1,부산광역시 영도구 아랫서발길21번길8,,35.066062,129.0797163,,한전주,051-419-4671,부산광역시 영도구청,2026-04-06
동삼2동169,1,부산광역시 영도구 본산남길42,,35.066287,129.0799695,,한전주,051-419-4671,부산광역시 영도구청,2026-04-06
동삼2동170,1,부산광역시 영도구 아랫서발길31,,35.066097,129.079559,,한전주,051-419-4671,부산광역시 영도구청,2026-04-06
동삼2동171,1,부산광역시 영도구 아랫서발길37번길5,,35.065873,129.079498,,한전주,051-419-4671,부산광역시 영도구청,2026-04-06
동삼2동172,1,부산광역시 영도구 아랫서발길39,,35.066181,129.0790622,,한전주,051-419-4671,부산광역시 영도구청,2026-04-06
동삼2동173,1,부산광역시 영도구 아랫서발길9,,35.066085,129.079208,,한전주,051-419-4671,부산광역시 영도구청,2026-04-06
동삼2동174,1,부산광역시 영도구 아랫서발길47,,35.066432,129.0789833,,한전주,051-419-4671,부산광역시 영도구청,2026-04-06
동삼2동175,1,부산광역시 영도구 아랫서발길45-3,,35.066297,129.078948,,한전주,051-419-4671,부산광역시 영도구청,2026-04-06
동삼2동176,1,부산광역시 영도구 아랫서발길45-4,,35.066430,129.078826,,한전주,051-419-4671,부산광역시 영도구청,2026-04-06
동삼2동177,1,부산광역시 영도구 아랫서발길49,,35.066593,129.078811,,한전주,051-419-4671,부산광역시 영도구청,2026-04-06
동삼2동178,1,부산광역시 영도구 아랫서발길49,,35.066555,129.0788618,,한전주,051-419-4671,부산광역시 영도구청,2026-04-06
동삼2동182,1,부산광역시 영도구 본산남길32번길3,,35.066787,129.0799103,,전용주,051-419-4671,부산광역시 영도구청,2026-04-06
동삼2동183,1,부산광역시 영도구 본산남길32번길9-2,,35.066825,129.079574,,한전주,051-419-4671,부산광역시 영도구청,2026-04-06
동삼2동184,1,부산광역시 영도구 본산남길32번길42-3,,35.066471,129.079483,,한전주,051-419-4671,부산광역시 영도구청,2026-04-06
동삼2동185,1,부산광역시 영도구 태종로780번길22,,35.066456,129.080398,,한전주,051-419-4671,부산광역시 영도구청,2026-04-06
동삼2동186,1,부산광역시 영도구 태종로780번길22-3,,35.066551,129.0803432,,한전주,051-419-4671,부산광역시 영도구청,2026-04-06
동삼2동187,1,부산광역시 영도구 태종로780번길14,,35.066636,129.080734,,한전주,051-419-4671,부산광역시 영도구청,2026-04-06
동삼2동188,1,부산광역시 영도구 태종로780번길7,,35.066615,129.0810219,,한전주,051-419-4671,부산광역시 영도구청,2026-04-06
동삼2동189,1,부산광역시 영도구 아랫서발길8-9,,35.066544,129.080825,,한전주,051-419-4671,부산광역시 영도구청,2026-04-06
동삼2동190,1,부산광역시 영도구 아랫서발길,,35.066085,129.080764,,전용주,051-419-4671,부산광역시 영도구청,2026-04-06
동삼2동191,1,부산광역시 영도구 아랫서발길12,,35.066167,129.080642,,한전주,051-419-4671,부산광역시 영도구청,2026-04-06
동삼2동192,1,부산광역시 영도구 아랫서발길9-6,,35.065834,129.0804526,,한전주,051-419-4671,부산광역시 영도구청,2026-04-06
동삼2동193,1,부산광역시 영도구 아랫서발길9-11,,35.065596,129.080457,,한전주,051-419-4671,부산광역시 영도구청,2026-04-06
동삼2동194,1,부산광역시 영도구 본산남길18,,35.066833,129.081115,,한전주,051-419-4671,부산광역시 영도구청,2026-04-06
동삼2동195,1,부산광역시 영도구 본산남길25번길,,35.067031,129.080780,,한전주,051-419-4671,부산광역시 영도구청,2026-04-06
동삼2동196,1,부산광역시 영도구 본산남길25번길8-1,,35.066963,129.0806055,,한전주,051-419-4671,부산광역시 영도구청,2026-04-06
동삼2동197,1,부산광역시 영도구 본산남길25번길8-16,,35.066864,129.080718,,한전주,051-419-4671,부산광역시 영도구청,2026-04-06
동삼2동198,1,부산광역시 영도구 태종로776,,35.067350,129.081176,,한전주,051-419-4671,부산광역시 영도구청,2026-04-06
동삼2동199,1,부산광역시 영도구 태종로776-7,,35.067386,129.080978,,한전주,051-419-4671,부산광역시 영도구청,2026-04-06
동삼2동200,1,부산광역시 영도구 본산로21-7,,35.067394,129.078552,,한전주,051-419-4671,부산광역시 영도구청,2026-04-06
동삼2동201,1,부산광역시 영도구 본산로23-8,,35.067477,129.0783284,,한전주,051-419-4671,부산광역시 영도구청,2026-04-06
동삼2동202,1,부산광역시 영도구 본산로37,,35.066477,129.0773096,,한전주,051-419-4671,부산광역시 영도구청,2026-04-06
동삼2동203,1,부산광역시 영도구 본산로,,35.066776,129.077636,,한전주,051-419-4671,부산광역시 영도구청,2026-04-06
동삼2동204,1,부산광역시 영도구 태종로756번길,,35.067985,129.078369,,한전주,051-419-4671,부산광역시 영도구청,2026-04-06
동삼2동205,1,부산광역시 영도구 태종로765번길,,35.068363,129.078262,,한전주,051-419-4671,부산광역시 영도구청,2026-04-06
동삼2동206,1,부산광역시 영도구 태종로765번길,,35.068561,129.078247,,한전주,051-419-4671,부산광역시 영도구청,2026-04-06
동삼2동207,1,부산광역시 영도구 태종로756번길37,,35.068278,129.078460,,한전주,051-419-4671,부산광역시 영도구청,2026-04-06
동삼2동208,1,부산광역시 영도구 본산로16번길16,,35.067573,129.079513,,한전주,051-419-4671,부산광역시 영도구청,2026-04-06
동삼2동209,1,부산광역시 영도구 본산로16번길8,,35.067794,129.0797147,,한전주,051-419-4671,부산광역시 영도구청,2026-04-06
동삼2동210,1,부산광역시 영도구 본산로16번길9,,35.068061,129.079589,,한전주,051-419-4671,부산광역시 영도구청,2026-04-06
동삼2동211,1,부산광역시 영도구 본산로16번길14-2,,35.068172,129.079681,,한전주,051-419-4671,부산광역시 영도구청,2026-04-06
동삼2동212,1,부산광역시 영도구 본산로16번길14-7,,35.068454,129.0795802,,한전주,051-419-4671,부산광역시 영도구청,2026-04-06
동삼2동213,1,부산광역시 영도구 본산로16번길17,,35.068172,129.0793884,,한전주,051-419-4671,부산광역시 영도구청,2026-04-06
동삼2동214,1,부산광역시 영도구 본산로16번길17-8,,35.068038,129.079269,,한전주,051-419-4671,부산광역시 영도구청,2026-04-06
동삼2동215,1,부산광역시 영도구 본산로16번길21-4,,35.068328,129.0790907,,한전주,051-419-4671,부산광역시 영도구청,2026-04-06
동삼2동216,1,부산광역시 영도구 본산로16번길21-5,,35.068279,129.0789865,,한전주,051-419-4671,부산광역시 영도구청,2026-04-06
동삼2동217,1,부산광역시 영도구 본산로16번길21-10,,35.068149,129.078755,,한전주,051-419-4671,부산광역시 영도구청,2026-04-06
동삼2동218,1,부산광역시 영도구 태종로756번길16,,35.068706,129.0794153,,한전주,051-419-4671,부산광역시 영도구청,2026-04-06
동삼2동219,1,부산광역시 영도구 태종로756번길26-4,,35.068789,129.079086,,한전주,051-419-4671,부산광역시 영도구청,2026-04-06
동삼2동220,1,부산광역시 영도구 태종로756번길34,,35.068504,129.078674,,한전주,051-419-4671,부산광역시 영도구청,2026-04-06
동삼2동221,1,부산광역시 영도구 태종로752번길,,35.068908,129.078933,,한전주,051-419-4671,부산광역시 영도구청,2026-04-06
동삼2동222,1,부산광역시 영도구 태종로752번길29,,35.068870,129.0786538,,한전주,051-419-4671,부산광역시 영도구청,2026-04-06
동삼2동223,1,부산광역시 영도구 태종로752번길45,,35.069038,129.078384,,한전주,051-419-4671,부산광역시 영도구청,2026-04-06
동삼2동224,1,부산광역시 영도구 태종로752번길,,35.069019,129.078231,,한전주,051-419-4671,부산광역시 영도구청,2026-04-06
동삼2동225,1,부산광역시 영도구 태종로752번길24-6,,35.069110,129.078903,,한전주,051-419-4671,부산광역시 영도구청,2026-04-06
동삼2동226,1,부산광역시 영도구 태종로756번길17,,35.068434,129.079330,,한전주,051-419-4671,부산광역시 영도구청,2026-04-06
동삼2동227,1,부산광역시 영도구 태종로756번길,,35.068641,129.080017,,한전주,051-419-4671,부산광역시 영도구청,2026-04-06
동삼2동228,1,부산광역시 영도구 태종로756번길26,,35.068607,129.079177,,한전주,051-419-4671,부산광역시 영도구청,2026-04-06
동삼2동229,1,부산광역시 영도구 태종로750번길25,,35.069374,129.0787737,,한전주,051-419-4671,부산광역시 영도구청,2026-04-06
동삼2동230,1,부산광역시 영도구 태종로750번길32,,35.069625,129.0786407,,한전주,051-419-4671,부산광역시 영도구청,2026-04-06
동삼2동231,1,부산광역시 영도구 태종로750번길38,,35.069515,129.078338,,한전주,051-419-4671,부산광역시 영도구청,2026-04-06
동삼2동232,1,부산광역시 영도구 태종로750번길42-1,,35.069232,129.0781661,,한전주,051-419-4671,부산광역시 영도구청,2026-04-06
동삼2동233,1,부산광역시 영도구 태종로750번길30,,35.069652,129.078735,,한전주,051-419-4671,부산광역시 영도구청,2026-04-06
동삼2동234,1,부산광역시 영도구 태종로750번길30-10,,35.069930,129.078842,,전용주,051-419-4671,부산광역시 영도구청,2026-04-06
동삼2동235,1,부산광역시 영도구 태종로750번길21,,35.069326,129.0790856,,한전주,051-419-4671,부산광역시 영도구청,2026-04-06
동삼2동236,1,부산광역시 영도구 태종로750번길18,,35.069520,129.079284,,한전주,051-419-4671,부산광역시 영도구청,2026-04-06
동삼2동237,1,부산광역시 영도구 태종로750번길15,,35.069386,129.079376,,한전주,051-419-4671,부산광역시 영도구청,2026-04-06
동삼2동238,1,부산광역시 영도구 태종로752번길10-3,,35.069192,129.079483,,한전주,051-419-4671,부산광역시 영도구청,2026-04-06
동삼2동239,1,부산광역시 영도구 태종로752번길12,,35.069050,129.0794094,,한전주,051-419-4671,부산광역시 영도구청,2026-04-06
동삼2동240,1,부산광역시 영도구 태종로752번길15,,35.068893,129.0794108,,한전주,051-419-4671,부산광역시 영도구청,2026-04-06
동삼2동241,1,부산광역시 영도구 태종로752번길20,,35.069015,129.0791874,,한전주,051-419-4671,부산광역시 영도구청,2026-04-06
동삼2동242,1,부산광역시 영도구 태종로752번길20-10,,35.069229,129.0792465,,한전주,051-419-4671,부산광역시 영도구청,2026-04-06
동삼2동243,1,부산광역시 영도구 태종로752번길13-14,,35.068813,129.079544,,한전주,051-419-4671,부산광역시 영도구청,2026-04-06
동삼2동244,1,부산광역시 영도구 태종로750번길8,,35.069370,129.079711,,한전주,051-419-4671,부산광역시 영도구청,2026-04-06
동삼2동245,1,부산광역시 영도구 태종로750번길8,,35.069244,129.079788,,한전주,051-419-4671,부산광역시 영도구청,2026-04-06
동삼2동246,1,부산광역시 영도구 태종로752-5,,35.068998,129.079864,,한전주,051-419-4671,부산광역시 영도구청,2026-04-06
동삼2동247,1,부산광역시 영도구 태종로,,35.070003,129.079467,,한전주,051-419-4671,부산광역시 영도구청,2026-04-06
동삼2동248,1,부산광역시 영도구 태종로742-5,,35.069856,129.0791992,,한전주,051-419-4671,부산광역시 영도구청,2026-04-06
동삼2동249,1,부산광역시 영도구 태종로750번길24-5,,35.069652,129.0788902,,한전주,051-419-4671,부산광역시 영도구청,2026-04-06
동삼2동250,1,부산광역시 영도구 태종로742-12,,35.070022,129.0790555,,한전주,051-419-4671,부산광역시 영도구청,2026-04-06
동삼2동251,1,부산광역시 영도구 태종로734-12,,35.070206,129.0790828,,한전주,051-419-4671,부산광역시 영도구청,2026-04-06
동삼2동252,1,부산광역시 영도구 태종로734-12,,35.070206,129.0790828,,한전주,051-419-4671,부산광역시 영도구청,2026-04-06
동삼2동253,1,부산광역시 영도구 태종로734-12,,35.070206,129.0790828,,한전주,051-419-4671,부산광역시 영도구청,2026-04-06
동삼2동254,1,부산광역시 영도구 태종로722번길10,,35.070882,129.0780821,,한전주,051-419-4671,부산광역시 영도구청,2026-04-06
동삼2동255,1,부산광역시 영도구 태종로722번길9-4,,35.070798,129.078323,,한전주,051-419-4671,부산광역시 영도구청,2026-04-06
동삼2동256,1,부산광역시 영도구 태종로722번길12,,35.070747,129.078247,,한전주,051-419-4671,부산광역시 영도구청,2026-04-06
동삼2동257,1,부산광역시 영도구 태종로722번길16,,35.070541,129.078155,,한전주,051-419-4671,부산광역시 영도구청,2026-04-06
동삼2동258,1,부산광역시 영도구 태종로722번길23,,35.070461,129.078682,,전용주,051-419-4671,부산광역시 영도구청,2026-04-06
동삼2동259,1,부산광역시 영도구 탸종로722번길24,,35.070407,129.078445,,한전주,051-419-4671,부산광역시 영도구청,2026-04-06
동삼2동260,1,부산광역시 영도구 태종로722번길28,,35.070181,129.0787155,,한전주,051-419-4671,부산광역시 영도구청,2026-04-06
동삼2동261,1,부산광역시 영도구 태종로722번길28,,35.070144,129.0787155,,한전주,051-419-4671,부산광역시 영도구청,2026-04-06
동삼2동262,1,부산광역시 영도구 태종로760-6,,35.068403,129.0799147,,한전주,051-419-4671,부산광역시 영도구청,2026-04-06
동삼2동263,1,부산광역시 영도구 태종로802번길11,,35.064994,129.0803122,,한전주,051-419-4671,부산광역시 영도구청,2026-04-06
동삼2동264,1,부산광역시 영도구 본산로15번길 26-3,,35.066718,129.0782301,,전용주,051-419-4671,부산광역시 영도구청,2026-04-06
동삼2동265,1,부산광역시 영도구 감지길27-6,,35.062983,129.079900,,전용주,051-419-4671,부산광역시 영도구청,2026-04-06
동삼2동266,1,부산광역시 영도구 태종로722번길9-8,,35.070857,129.078582,,한전주,051-419-4671,부산광역시 영도구청,2026-04-06
동삼3동001,1,부산광역시 영도구 은빛길85,,35.079509,129.0656987,,한전주,051-419-4671,부산광역시 영도구청,2026-04-06
동삼3동002,1,부산광역시 영도구 은빛길89,,35.079414,129.065933,,한전주,051-419-4671,부산광역시 영도구청,2026-04-06
동삼3동003,1,부산광역시 영도구 은빛길81,,35.079608,129.065567,,한전주,051-419-4671,부산광역시 영도구청,2026-04-06
동삼3동004,2,부산광역시 영도구 은빛길33,,35.079746,129.065353,,한전주,051-419-4671,부산광역시 영도구청,2026-04-06
동삼3동005,1,부산광역시 영도구 은빛길81,,35.079608,129.065551,,한전주,051-419-4671,부산광역시 영도구청,2026-04-06
동삼3동006,1,부산광역시 영도구 은빛길49,,35.079879,129.0657402,,한전주,051-419-4671,부산광역시 영도구청,2026-04-06
동삼3동007,1,부산광역시 영도구 운빛길53,,35.080032,129.065719,,한전주,051-419-4671,부산광역시 영도구청,2026-04-06
동삼3동008,1,부산광역시 영도구 운빛길27,,35.080005,129.065063,,한전주,051-419-4671,부산광역시 영도구청,2026-04-06
동삼3동009,1,부산광역시 영도구 은빛길23,,35.080192,129.0650567,,한전주,051-419-4671,부산광역시 영도구청,2026-04-06
동삼3동010,1,부산광역시 영도구 은빛길24,,35.080080,129.0641097,,한전주,051-419-4671,부산광역시 영도구청,2026-04-06
동삼3동011,1,부산광역시 영도구 은빛길27,,35.080007,129.0651382,,한전주,051-419-4671,부산광역시 영도구청,2026-04-06
동삼3동012,2,부산광역시 영도구 와치로161번길6-9,,35.080516,129.0646722,,한전주,051-419-4671,부산광역시 영도구청,2026-04-06
동삼3동013,1,부산광역시 영도구 와치로161번길,,35.080615,129.064163,,한전주,051-419-4671,부산광역시 영도구청,2026-04-06
동삼3동014,1,부산광역시 영도구 와치로161번길13,,35.080896,129.0644101,,한전주,051-419-4671,부산광역시 영도구청,2026-04-06
동삼3동015,1,부산광역시 영도구 와치로161번길13,,35.080896,129.0644101,,한전주,051-419-4671,부산광역시 영도구청,2026-04-06
동삼3동016,2,부산광역시 영도구 와치로155번길,,35.081287,129.064590,,전용주,051-419-4671,부산광역시 영도구청,2026-04-06
동삼3동017,1,부산광역시 영도구 와치로161번길21,,35.080788,129.064758,,한전주,051-419-4671,부산광역시 영도구청,2026-04-06
동삼3동018,1,부산광역시 영도구 와치로161번길26-8,,35.080558,129.0650252,,한전주,051-419-4671,부산광역시 영도구청,2026-04-06
동삼3동019,1,부산광역시 영도구 와치로161번길36,,35.080387,129.065231,,한전주,051-419-4671,부산광역시 영도구청,2026-04-06
동삼3동020,1,부산광역시 영도구 와치로167번길42,,35.080275,129.065612,,한전주,051-419-4671,부산광역시 영도구청,2026-04-06
동삼3동021,1,부산광역시 영도구 와치로167번길50,,35.080296,129.0659709,,한전주,051-419-4671,부산광역시 영도구청,2026-04-06
동삼3동022,1,부산광역시 영도구 와치로167번길51,,35.080417,129.066177,,한전주,051-419-4671,부산광역시 영도구청,2026-04-06
동삼3동023,1,부산광역시 영도구 와치로161번길48-8,,35.080646,129.0660195,,한전주,051-419-4671,부산광역시 영도구청,2026-04-06
동삼3동024,1,부산광역시 영도구 와치로161번길47,,35.081040,129.066116,,한전주,051-419-4671,부산광역시 영도구청,2026-04-06
동삼3동025,1,부산광역시 영도구 와치로161번길54,,35.080890,129.0664446,,한전주,051-419-4671,부산광역시 영도구청,2026-04-06
동삼3동026,1,부산광역시 영도구 와치로161번길41,,35.081073,129.0658175,,한전주,051-419-4671,부산광역시 영도구청,2026-04-06
동삼3동027,1,부산광역시 영도구 와치로161번길40-8,,35.080626,129.065658,,한전주,051-419-4671,부산광역시 영도구청,2026-04-06
동삼3동028,1,부산광역시 영도구 와치로161번길34,,35.080879,129.0655077,,한전주,051-419-4671,부산광역시 영도구청,2026-04-06
동삼1동021,1,부산광역시 영도구 절영로490번길,,35.070243,129.072204,,한전주,051-419-4671,부산광역시 영도구청,2026-04-06
동삼1동022,1,부산광역시 영도구 절영로490번길,,35.070396,129.071823,,한전주,051-419-4671,부산광역시 영도구청,2026-04-06
동삼1동023,1,부산광역시 영도구 절영로490번길45,,35.070698,129.0719742,,한전주,051-419-4671,부산광역시 영도구청,2026-04-06
동삼1동024,1,부산광역시 영도구 절영로490번길,,35.070732,129.070068,,한전주,051-419-4671,부산광역시 영도구청,2026-04-06
동삼1동025,1,부산광역시 영도구 절영로490번길8-7,,35.070604,129.069641,,한전주,051-419-4671,부산광역시 영도구청,2026-04-06
동삼1동026,1,부산광역시 영도구 절영로490번길,,35.070602,129.069396,,한전주,051-419-4671,부산광역시 영도구청,2026-04-06
동삼3동029,1,부산광역시 영도구 와치로161번길27,,35.081134,129.065139,,한전주,051-419-4671,부산광역시 영도구청,2026-04-06
동삼3동030,1,부산광역시 영도구 와치로155번길27,,35.081214,129.065017,,한전주,051-419-4671,부산광역시 영도구청,2026-04-06
동삼3동031,1,부산광역시 영도구 와치로147번길36-4,,35.081439,129.064849,,한전주,051-419-4671,부산광역시 영도구청,2026-04-06
동삼3동032,1,부산광역시 영도구 와치로147번길36,,35.081569,129.0649286,,전용주,051-419-4671,부산광역시 영도구청,2026-04-06
동삼3동033,1,부산광역시 영도구 와치로147번길31,,35.081714,129.0648314,,한전주,051-419-4671,부산광역시 영도구청,2026-04-06
동삼3동034,1,부산광역시 영도구 와치로147번길31,,35.081714,129.0648314,,전용주,051-419-4671,부산광역시 영도구청,2026-04-06
동삼3동035,1,부산광역시 영도구 와치로147번길30,,35.081676,129.064682,,한전주,051-419-4671,부산광역시 영도구청,2026-04-06
동삼3동036,1,부산광역시 영도구 와치로147번길19,,35.081687,129.064251,,한전주,051-419-4671,부산광역시 영도구청,2026-04-06
동삼3동037,1,부산광역시 영도구 와치로147번길17,,35.081684,129.064163,,한전주,051-419-4671,부산광역시 영도구청,2026-04-06
동삼3동038,1,부산광역시 영도구 와치로147번길12,,35.081668,129.0637908,,한전주,051-419-4671,부산광역시 영도구청,2026-04-06
동삼3동039,1,부산광역시 영도구 와치로147번길10,,35.081649,129.063644,,한전주,051-419-4671,부산광역시 영도구청,2026-04-06
동삼3동040,1,부산광역시 영도구 와치로147,,35.081779,129.063369,,한전주,051-419-4671,부산광역시 영도구청,2026-04-06
동삼3동041,1,부산광역시 영도구 와치로,,35.081947,129.062591,,한전주,051-419-4671,부산광역시 영도구청,2026-04-06
동삼3동042,1,부산광역시 영도구 와치로147번길38,,35.081588,129.0650622,,한전주,051-419-4671,부산광역시 영도구청,2026-04-06
동삼3동043,1,부산광역시 영도구 와치로147번길40,,35.081538,129.0652201,,한전주,051-419-4671,부산광역시 영도구청,2026-04-06
동삼3동044,1,부산광역시 영도구 와치로14번길45,,35.081748,129.065490,,한전주,051-419-4671,부산광역시 영도구청,2026-04-06
동삼3동045,1,부산광역시 영도구 와치로147번길47,,35.081832,129.0655377,,한전주,051-419-4671,부산광역시 영도구청,2026-04-06
동삼3동046,1,부산광역시 영도구 와치로147번길49,,35.081928,129.0656137,,한전주,051-419-4671,부산광역시 영도구청,2026-04-06
동삼3동047,1,부산광역시 영도구 와치로147번길53,,35.081948,129.065963,,한전주,051-419-4671,부산광역시 영도구청,2026-04-06
동삼3동048,1,부산광역시 영도구 와치로155번길35-3,,35.081546,129.065567,,한전주,051-419-4671,부산광역시 영도구청,2026-04-06
동삼3동049,1,부산광역시 영도구 와치로155번길37,,35.081437,129.065551,,한전주,051-419-4671,부산광역시 영도구청,2026-04-06
동삼3동050,1,부산광역시 영도구 와치로155번길43,,35.081402,129.065780,,한전주,051-419-4671,부산광역시 영도구청,2026-04-06
동삼3동051,1,부산광역시 영도구 웃서발로30번길15,,35.081653,129.0661082,,한전주,051-419-4671,부산광역시 영도구청,2026-04-06
동삼3동052,1,부산광역시 영도구 와치로155번길49,,35.081325,129.066009,,한전주,051-419-4671,부산광역시 영도구청,2026-04-06
동삼3동053,1,부산광역시 영도구 와치로155번길,,35.081489,129.066421,,한전주,051-419-4671,부산광역시 영도구청,2026-04-06
동삼3동054,1,부산광역시 영도구 웃서발로30번길15,,35.081665,129.066177,,한전주,051-419-4671,부산광역시 영도구청,2026-04-06
동삼3동055,1,부산광역시 영도구 와치로147번길6,,35.081928,129.066131,,한전주,051-419-4671,부산광역시 영도구청,2026-04-06
동삼3동056,1,부산광역시 영도구 웃서발로4번길56,,35.082283,129.0659926,,한전주,051-419-4671,부산광역시 영도구청,2026-04-06
동삼3동057,1,부산광역시 영도구 웃서발로4번길,,35.082321,129.065811,,한전주,051-419-4671,부산광역시 영도구청,2026-04-06
동삼3동058,1,부산광역시 영도구 웃서발로4번길62,,35.082500,129.0659101,,한전주,051-419-4671,부산광역시 영도구청,2026-04-06
동삼3동059,1,부산광역시 영도구 웃서발로4번길51,,35.082132,129.066284,,한전주,051-419-4671,부산광역시 영도구청,2026-04-06
동삼3동060,1,부산광역시 영도구 웃서발로4번길50-3,,35.082461,129.0662584,,한전주,051-419-4671,부산광역시 영도구청,2026-04-06
동삼3동061,1,부산광역시 영도구 웃서발로4번길48,,35.082328,129.0664823,,한전주,051-419-4671,부산광역시 영도구청,2026-04-06
동삼3동062,1,부산광역시 영도구 웃서발로4번길40,,35.082382,129.0668709,,한전주,051-419-4671,부산광역시 영도구청,2026-04-06
동삼3동063,1,부산광역시 영도구 웃서발로4번길32,,35.082489,129.067398,,한전주,051-419-4671,부산광역시 영도구청,2026-04-06
동삼3동064,1,부산광역시 영도구 웃서발로4번길20,,35.082515,129.067840,,한전주,051-419-4671,부산광역시 영도구청,2026-04-06
동삼3동065,1,부산광역시 영도구 웃서발로4번길22-8,,35.082817,129.067845,,한전주,051-419-4671,부산광역시 영도구청,2026-04-06
동삼3동066,1,부산광역시 영도구 웃서발로4번길20-4,,35.082626,129.067947,,한전주,051-419-4671,부산광역시 영도구청,2026-04-06
동삼3동067,1,부산광역시 영도구 웃서발로4번길16,,35.082511,129.0681382,,한전주,051-419-4671,부산광역시 영도구청,2026-04-06
동삼2동179,1,부산광역시 영도구 아랫서발길55,,35.066784,129.078872,,한전주,051-419-4671,부산광역시 영도구청,2026-04-06
동삼3동068,1,부산광역시 영도구 웃서발로4번길14,,35.082578,129.068252,,한전주,051-419-4671,부산광역시 영도구청,2026-04-06
동삼3동069,1,부산광역시 영도구 웃서발로4번길14-11,,35.082851,129.068038,,한전주,051-419-4671,부산광역시 영도구청,2026-04-06
동삼3동070,1,부산광역시 영도구 웃서발로4번길14-13,,35.082881,129.068176,,한전주,051-419-4671,부산광역시 영도구청,2026-04-06
동삼3동071,1,부산광역시 영도구 웃서발로4번길14-12,,35.082822,129.068435,,한전주,051-419-4671,부산광역시 영도구청,2026-04-06
동삼3동072,1,부산광역시 영도구 웃서발로4번길12,,35.082523,129.068481,,한전주,051-419-4671,부산광역시 영도구청,2026-04-06
동삼3동073,1,부산광역시 영도구 웃서발로4번길8-6,,35.082675,129.068603,,한전주,051-419-4671,부산광역시 영도구청,2026-04-06
동삼3동074,1,부산광역시 영도구 웃서발로4번길5,,35.082355,129.068664,,한전주,051-419-4671,부산광역시 영도구청,2026-04-06
동삼3동075,1,부산광역시 영도구 웃서발로16-5,,35.082328,129.0672165,,한전주,051-419-4671,부산광역시 영도구청,2026-04-06
동삼3동076,1,부산광역시 영도구 와치로147번길77,,35.081763,129.0668656,,한전주,051-419-4671,부산광역시 영도구청,2026-04-06
동삼3동077,1,부산광역시 영도구 와치로147번길66,,35.081714,129.0663796,,한전주,051-419-4671,부산광역시 영도구청,2026-04-06
동삼3동078,1,부산광역시 영도구 와치로147번길72,,35.081837,129.066467,,한전주,051-419-4671,부산광역시 영도구청,2026-04-06
동삼3동079,1,부산광역시 영도구 와치로147번길64,,35.081935,129.066299,,한전주,051-419-4671,부산광역시 영도구청,2026-04-06
동삼3동080,1,부산광역시 영도구 웃서발로30번길4,,35.081356,129.066604,,한전주,051-419-4671,부산광역시 영도구청,2026-04-06
동삼3동081,1,부산광역시 영도구 웃서발로30번길1,,35.081102,129.0665966,,한전주,051-419-4671,부산광역시 영도구청,2026-04-06
동삼3동082,1,부산광역시 영도구 웃서발로24-4,,35.081558,129.0668008,,한전주,051-419-4671,부산광역시 영도구청,2026-04-06
동삼3동083,1,부산광역시 영도구 동삼서로39-5,,35.082376,129.068965,,한전주,051-419-4671,부산광역시 영도구청,2026-04-06
동삼3동084,1,부산광역시 영도구 동삼서로39-7,,35.082435,129.068893,,한전주,051-419-4671,부산광역시 영도구청,2026-04-06
동삼3동085,1,부산광역시 영도구 동삼서로41-5,,35.082626,129.069091,,한전주,051-419-4671,부산광역시 영도구청,2026-04-06
동삼3동086,1,부산광역시 영도구 동삼서로41-12,,35.082855,129.068847,,한전주,051-419-4671,부산광역시 영도구청,2026-04-06
동삼3동087,1,부산광역시 영도구 동삼서로14-16,,35.082889,129.068679,,한전주,051-419-4671,부산광역시 영도구청,2026-04-06
동삼3동088,1,부산광역시 영도구 동삼서로51-7,,35.083507,129.0699882,,한전주,051-419-4671,부산광역시 영도구청,2026-04-06
동삼3동089,1,부산광역시 영도구 동삼서로51-23,,35.083384,129.0697493,,한전주,051-419-4671,부산광역시 영도구청,2026-04-06
동삼3동090,1,부산광역시 영도구 동삼서로51-24,,35.083620,129.0696489,,한전주,051-419-4671,부산광역시 영도구청,2026-04-06
동삼3동091,1,부산광역시 영도구 동삼서로51-30,,35.083641,129.069213,,한전주,051-419-4671,부산광역시 영도구청,2026-04-06
동삼3동092,1,부산광역시 영도구 동삼서로51-29,,35.083400,129.0693321,,전용주,051-419-4671,부산광역시 영도구청,2026-04-06
동삼3동093,1,부산광역시 영도구 동삼서로51-7,,35.083587,129.0699882,,한전주,051-419-4671,부산광역시 영도구청,2026-04-06
동삼3동094,1,부산광역시 영도구 동삼서로59-6,,35.083568,129.0709314,,한전주,051-419-4671,부산광역시 영도구청,2026-04-06
동삼3동095,1,부산광역시 영도구 선덤산길6,,35.084840,129.072006,,한전주,051-419-4671,부산광역시 영도구청,2026-04-06
동삼3동096,1,부산광역시 영도구 선덤산길14,,35.084835,129.071560,,한전주,051-419-4671,부산광역시 영도구청,2026-04-06
동삼3동097,1,부산광역시 영도구 선덤산길20,,35.084739,129.0712543,,한전주,051-419-4671,부산광역시 영도구청,2026-04-06
동삼3동098,1,부산광역시 영도구 선덤산길17-7,,35.084453,129.0715609,,한전주,051-419-4671,부산광역시 영도구청,2026-04-06
동삼3동099,1,부산광역시 영도구 선덤산길26,,35.084737,129.0709964,,한전주,051-419-4671,부산광역시 영도구청,2026-04-06
동삼3동100,1,부산광역시 영도구 선덤산길22-6,,35.084854,129.0709734,,한전주,051-419-4671,부산광역시 영도구청,2026-04-06
동삼3동101,1,부산광역시 영도구 선덤산길30,,35.084560,129.0706839,,한전주,051-419-4671,부산광역시 영도구청,2026-04-06
동삼3동102,1,부산광역시 영도구 선덤산길42,,35.084331,129.0700714,,한전주,051-419-4671,부산광역시 영도구청,2026-04-06
동삼3동103,1,부산광역시 영도구 선덤산길36-5,,35.084563,129.0702129,,한전주,051-419-4671,부산광역시 영도구청,2026-04-06
동삼3동104,1,부산광역시 영도구 태종로498-4,,35.085229,129.071636,,전용주,051-419-4671,부산광역시 영도구청,2026-04-06
동삼3동105,1,부산광역시 영도구 태종로498-16,,35.085094,129.0714835,,한전주,051-419-4671,부산광역시 영도구청,2026-04-06
동삼3동106,1,부산광역시 영도구 태종로498-6,,35.085193,129.071350,,한전주,051-419-4671,부산광역시 영도구청,2026-04-06
동삼3동107,1,부산광역시 영도구 태종로498-18,,35.085010,129.071273,,한전주,051-419-4671,부산광역시 영도구청,2026-04-06
동삼3동108,1,부산광역시 영도구 상리로,,35.084346,129.068786,,전용주,051-419-4671,부산광역시 영도구청,2026-04-06
동삼3동109,1,부산광역시 영도구 상리로,,35.084281,129.068679,,전용주,051-419-4671,부산광역시 영도구청,2026-04-06
동삼3동110,1,부산광역시 영도구 상리로,,35.084156,129.068679,,전용주,051-419-4671,부산광역시 영도구청,2026-04-06
동삼3동111,1,부산광역시 영도구 상리로,,35.084033,129.068679,,전용주,051-419-4671,부산광역시 영도구청,2026-04-06
동삼3동112,1,부산광역시 영도구 상리로,,35.083854,129.068664,,전용주,051-419-4671,부산광역시 영도구청,2026-04-06
동삼3동113,1,부산광역시 영도구 상리로,,35.083766,129.068557,,한전주,051-419-4671,부산광역시 영도구청,2026-04-06
동삼3동114,1,부산광역시 영도구 상리로,,35.084461,129.067077,,한전주,051-419-4671,부산광역시 영도구청,2026-04-06
동삼3동115,1,부산광역시 영도구 태종로515-5,,35.084835,129.073623,,한전주,051-419-4671,부산광역시 영도구청,2026-04-06
동삼3동116,1,부산광역시 영도구 태종로515-5,,35.084877,129.0736983,,한전주,051-419-4671,부산광역시 영도구청,2026-04-06
동삼3동117,1,부산광역시 영도구 태종로515-5,,35.084882,129.0736983,,한전주,051-419-4671,부산광역시 영도구청,2026-04-06
동삼3동118,1,부산광역시 영도구 태종로515-13,,35.085053,129.073944,,한전주,051-419-4671,부산광역시 영도구청,2026-04-06
동삼3동119,1,부산광역시 영도구 태종로503-1,,35.085198,129.0729918,,전용주,051-419-4671,부산광역시 영도구청,2026-04-06
동삼3동120,1,부산광역시 영도구 태종로501-1,,35.085485,129.072738,,한전주,051-419-4671,부산광역시 영도구청,2026-04-06
동삼3동121,1,부산광역시 영도구 태종로503-5,,35.085339,129.0731665,,한전주,051-419-4671,부산광역시 영도구청,2026-04-06
동삼3동122,1,부산광역시 영도구 태종로507-7,,35.085174,129.0734444,,한전주,051-419-4671,부산광역시 영도구청,2026-04-06
동삼3동123,1,부산광역시 영도구 태종로503-29,,35.085524,129.073486,,한전주,051-419-4671,부산광역시 영도구청,2026-04-06
동삼3동124,1,부산광역시 영도구 태종로503-6,,35.085132,129.073106,,한전주,051-419-4671,부산광역시 영도구청,2026-04-06
동삼3동125,1,부산광역시 영도구 탸종로493,,35.085704,129.072830,,한전주,051-419-4671,부산광역시 영도구청,2026-04-06
동삼3동126,1,부산광역시 영도구 태종로495,,35.085622,129.0727133,,한전주,051-419-4671,부산광역시 영도구청,2026-04-06
동삼3동127,1,부산광역시 영도구 태종로521-8,,35.084854,129.0742405,,한전주,051-419-4671,부산광역시 영도구청,2026-04-06
동삼3동128,1,부산광역시 영도구 조내기로,,35.085994,129.067092,,한전주,051-419-4671,부산광역시 영도구청,2026-04-06
동삼3동129,1,부산광역시 영도구 조내기로,,35.086200,129.067092,,한전주,051-419-4671,부산광역시 영도구청,2026-04-06
동삼3동130,1,부산광역시 영도구 조내기로,,35.086364,129.067123,,한전주,051-419-4671,부산광역시 영도구청,2026-04-06
동삼3동131,1,부산광역시 영도구 조내기로,,35.086528,129.067123,,한전주,051-419-4671,부산광역시 영도구청,2026-04-06
동삼3동132,1,부산광역시 영도구 태종로,,35.087764,129.070541,,전용주,051-419-4671,부산광역시 영도구청,2026-04-06
동삼3동133,1,부산광역시 영도구 태종로,,35.087642,129.070617,,전용주,051-419-4671,부산광역시 영도구청,2026-04-06
동삼3동134,1,부산광역시 영도구 태종로,,35.087535,129.070739,,전용주,051-419-4671,부산광역시 영도구청,2026-04-06
동삼3동135,1,부산광역시 영도구 태종로,,35.087402,129.070877,,전용주,051-419-4671,부산광역시 영도구청,2026-04-06
동삼3동136,1,부산광역시 영도구 태종로,,35.087284,129.071029,,전용주,051-419-4671,부산광역시 영도구청,2026-04-06
동삼3동137,1,부산광역시 영도구 태종로,,35.087108,129.071136,,전용주,051-419-4671,부산광역시 영도구청,2026-04-06
동삼3동138,1,부산광역시 영도구 해양로195번길66,,35.089707,129.0741014,,한전주,051-419-4671,부산광역시 영도구청,2026-04-06
동삼3동139,1,부산광역시 영도구 해양느195번길,,35.089550,129.074569,,한전주,051-419-4671,부산광역시 영도구청,2026-04-06
동삼3동140,1,부산광역시 영도구 해양로195번길,,35.089107,129.074966,,한전주,051-419-4671,부산광역시 영도구청,2026-04-06
동삼3동141,1,부산광역시 영도구 해양로195번길,,35.088886,129.075149,,한전주,051-419-4671,부산광역시 영도구청,2026-04-06
동삼3동142,1,부산광역시 영도구 해양로195번길,,35.088581,129.075439,,한전주,051-419-4671,부산광역시 영도구청,2026-04-06
동삼3동143,1,부산광역시 영도구 해양로195번길,,35.088302,129.075683,,한전주,051-419-4671,부산광역시 영도구청,2026-04-06
동삼3동144,1,부산광역시 영도구 해양로195번길,,35.088016,129.075912,,한전주,051-419-4671,부산광역시 영도구청,2026-04-06
동삼3동145,1,부산광역시 영도구 해양로195번길,,35.087753,129.076156,,한전주,051-419-4671,부산광역시 영도구청,2026-04-06
동삼3동146,1,부산광역시 영도구 와치로,,35.080726,129.063842,,전용주,051-419-4671,부산광역시 영도구청,2026-04-06
동삼3동147,1,부산광역시 영도구 와치로167번길57-4,,35.080626,129.066436,,한전주,051-419-4671,부산광역시 영도구청,2026-04-06
동삼3동148,1,부산광역시 영도구 와치로131,,35.083665,129.0646045,,전용주,051-419-4671,부산광역시 영도구청,2026-04-06
동삼3동149,1,부산광역시 영도구 와치로131,,35.083665,129.0646045,,전용주,051-419-4671,부산광역시 영도구청,2026-04-06
동삼3동150,1,부산광역시 영도구 와치로131,,35.083665,129.0646045,,전용주,051-419-4671,부산광역시 영도구청,2026-04-06
동삼3동151,1,부산광역시 영도구 와치로131,,35.083665,129.0646045,,전용주,051-419-4671,부산광역시 영도구청,2026-04-06
봉래1동001,1,부산광역시 영도구 태종로 134,,35.091606,129.0447681,,한전주,051-419-4671,부산광역시 영도구청,2026-04-06
봉래1동002,1,부산광역시 영도구 영봉길 182,,35.091897,129.045501,,한전주,051-419-4671,부산광역시 영도구청,2026-04-06
봉래1동003,1,부산광역시 영도구 번영길 16,,35.092262,129.045410,,한전주,051-419-4671,부산광역시 영도구청,2026-04-06
봉래1동004,1,부산광역시 영도구 태종로 140-8,,35.091938,129.045288,,한전주,051-419-4671,부산광역시 영도구청,2026-04-06
봉래1동005,1,부산광역시 영도구 번영1길 62,,35.092563,129.045654,,한전주,051-419-4671,부산광역시 영도구청,2026-04-06
봉래1동006,1,부산광역시 영도구 번영1길 191,,35.092494,129.045974,,한전주,051-419-4671,부산광역시 영도구청,2026-04-06
봉래1동007,1,부산광역시 영도구 태종로 158-1,,35.093329,129.0459471,,한전주,051-419-4671,부산광역시 영도구청,2026-04-06
봉래1동008,1,부산광역시 영도구 대교로2번길 18-3,,35.093700,129.045455,,한전주,051-419-4671,부산광역시 영도구청,2026-04-06
봉래1동009,1,부산광역시 영도구 대교로2번길 29-4,,35.094352,129.045181,,한전주,051-419-4671,부산광역시 영도구청,2026-04-06
봉래1동010,1,부산광역시 영도구 봉래나루로246번길 20,,35.094818,129.045593,,한전주,051-419-4671,부산광역시 영도구청,2026-04-06
봉래1동011,1,부산광역시 영도구 봉래나루로240번길 12,,35.095256,129.045639,,한전주,051-419-4671,부산광역시 영도구청,2026-04-06
봉래1동012,1,부산광역시 영도구 봉래나루로240번길 15,,35.095031,129.045547,,한전주,051-419-4671,부산광역시 영도구청,2026-04-06
봉래1동013,1,부산광역시 영도구 봉래나루로240번길 20,,35.094820,129.0455415,,한전주,051-419-4671,부산광역시 영도구청,2026-04-06
봉래1동014,1,부산광역시 영도구 대교로2번길 42,,35.094844,129.0455415,,한전주,051-419-4671,부산광역시 영도구청,2026-04-06
봉래1동015,1,부산광역시 영도구 봉래나루로240번길 14,,35.095252,129.0455393,,한전주,051-419-4671,부산광역시 영도구청,2026-04-06
봉래1동016,1,부산광역시 영도구 봉래나루로234번길 3-1,,35.095569,129.0454597,,한전주,051-419-4671,부산광역시 영도구청,2026-04-06
봉래1동017,1,부산광역시 영도구 봉래나루로234번길 5,,35.095577,129.045440,,한전주,051-419-4671,부산광역시 영도구청,2026-04-06
봉래1동018,1,부산광역시 영도구 봉래나루로234번길 10,,35.095432,129.045288,,한전주,051-419-4671,부산광역시 영도구청,2026-04-06
봉래1동019,1,부산광역시 영도구 봉래나루로234번길 10,,35.095424,129.045238,,한전주,051-419-4671,부산광역시 영도구청,2026-04-06
봉래1동020,1,부산광역시 영도구 봉래나루로234번길 12-7,,35.095512,129.044998,,한전주,051-419-4671,부산광역시 영도구청,2026-04-06
봉래1동021,1,부산광역시 영도구 봉래나루로234번길 13,,35.095123,129.045272,,한전주,051-419-4671,부산광역시 영도구청,2026-04-06
봉래1동022,1,부산광역시 영도구 봉래나루로234번길 16-4,,35.095264,129.045074,,한전주,051-419-4671,부산광역시 영도구청,2026-04-06
봉래1동023,1,부산광역시 영도구 봉래나루로234번길 18,,35.095092,129.0450786,,한전주,051-419-4671,부산광역시 영도구청,2026-04-06
봉래1동024,1,부산광역시 영도구 대교로14번길 46-3,,35.095371,129.0448006,,한전주,051-419-4671,부산광역시 영도구청,2026-04-06
봉래1동025,1,부산광역시 영도구 대교로14번길 50-3,,35.095451,129.0449341,,한전주,051-419-4671,부산광역시 영도구청,2026-04-06
봉래1동026,1,부산광역시 영도구 대교로14번길 52-4,,35.095322,129.044860,,한전주,051-419-4671,부산광역시 영도구청,2026-04-06
봉래1동027,1,부산광역시 영도구 대교로14번길 54-3,,35.095322,129.0448006,,한전주,051-419-4671,부산광역시 영도구청,2026-04-06
봉래1동028,1,부산광역시 영도구 대교로2번길 57,,35.094911,129.044540,,한전주,051-419-4671,부산광역시 영도구청,2026-04-06
봉래1동029,1,부산광역시 영도구 대교로2번길 57-5,,35.094772,129.0445188,,한전주,051-419-4671,부산광역시 영도구청,2026-04-06
봉래1동030,1,부산광역시 영도구 대교로6번길 26,,35.094261,129.044921,,한전주,051-419-4671,부산광역시 영도구청,2026-04-06
봉래1동031,1,부산광역시 영도구 대교로14번길 21-5,,35.094320,129.044418,,한전주,051-419-4671,부산광역시 영도구청,2026-04-06
봉래1동032,1,부산광역시 영도구 대교로2번길 57-14,,35.094451,129.044433,,한전주,051-419-4671,부산광역시 영도구청,2026-04-06
봉래1동033,1,부산광역시 영도구 대교로2번길 57-10,,35.094590,129.044494,,한전주,051-419-4671,부산광역시 영도구청,2026-04-06
봉래1동034,1,부산광역시 영도구 대교로14번길 20-1,,35.094215,129.044143,,한전주,051-419-4671,부산광역시 영도구청,2026-04-06
봉래1동035,1,부산광역시 영도구 대교로6번길 11,,35.093929,129.044388,,한전주,051-419-4671,부산광역시 영도구청,2026-04-06
봉래1동036,1,부산광역시 영도구 대교로14번길 12-11,,35.093906,129.044174,,한전주,051-419-4671,부산광역시 영도구청,2026-04-06
동삼2동180,1,부산광역시 영도구 본산남길38-6,,35.066539,129.079803,,한전주,051-419-4671,부산광역시 영도구청,2026-04-06
봉래1동037,1,부산광역시 영도구 대교로14번길 4-25,,35.093547,129.044052,,한전주,051-419-4671,부산광역시 영도구청,2026-04-06
봉래1동038,1,부산광역시 영도구 대교로6번길 5,,35.093563,129.0443171,,한전주,051-419-4671,부산광역시 영도구청,2026-04-06
봉래1동039,1,부산광역시 영도구 대교로6번길 5,,35.093505,129.0443171,,한전주,051-419-4671,부산광역시 영도구청,2026-04-06
봉래1동040,1,부산광역시 영도구 대교로14번길 4-25,,35.093515,129.044036,,한전주,051-419-4671,부산광역시 영도구청,2026-04-06
봉래1동041,1,부산광역시 영도구 대교로30번길 4,,35.094172,129.042114,,한전주,051-419-4671,부산광역시 영도구청,2026-04-06
봉래1동042,1,부산광역시 영도구 대교로30번길 12,,35.094494,129.042343,,한전주,051-419-4671,부산광역시 영도구청,2026-04-06
봉래1동043,1,부산광역시 영도구 대교로30번길 16,,35.094683,129.042434,,한전주,051-419-4671,부산광역시 영도구청,2026-04-06
봉래1동044,1,부산광역시 영도구 대교로30번길 18,,35.094863,129.0425997,,한전주,051-419-4671,부산광역시 영도구청,2026-04-06
봉래1동045,1,부산광역시 영도구 대교로32번길 21-1,,35.095092,129.0420984,,한전주,051-419-4671,부산광역시 영도구청,2026-04-06
봉래1동046,1,부산광역시 영도구 대교로32번길 19,,35.094917,129.042144,,한전주,051-419-4671,부산광역시 영도구청,2026-04-06
봉래1동047,1,부산광역시 영도구 대교로46번길 32-1,,35.094818,129.0419851,,한전주,051-419-4671,부산광역시 영도구청,2026-04-06
봉래1동048,1,부산광역시 영도구 대교로32번길 11,,35.094646,129.0419241,,한전주,051-419-4671,부산광역시 영도구청,2026-04-06
봉래1동049,1,부산광역시 영도구 대교로32번길 6,,35.094373,129.041900,,한전주,051-419-4671,부산광역시 영도구청,2026-04-06
봉래1동050,1,부산광역시 영도구 대교로46번길 32-10,,35.094871,129.041778,,한전주,051-419-4671,부산광역시 영도구청,2026-04-06
봉래1동051,1,부산광역시 영도구 대교로 34-8,,35.094543,129.041641,,한전주,051-419-4671,부산광역시 영도구청,2026-04-06
봉래1동053,1,부산광역시 영도구 봉래나루로166번길 25-29,,35.095740,129.0437261,,한전주,051-419-4671,부산광역시 영도구청,2026-04-06
봉래1동054,1,부산광역시 영도구 봉래나루로166번길 25-19,,35.095740,129.0437261,,한전주,051-419-4671,부산광역시 영도구청,2026-04-06
봉래1동055,1,부산광역시 영도구 봉래나루로166번길 25-9,,35.095740,129.043701,,한전주,051-419-4671,부산광역시 영도구청,2026-04-06
봉래1동056,1,부산광역시 영도구 봉래나루로166번길 10,,35.09600000,129.042892,,한전주,051-419-4671,부산광역시 영도구청,2026-04-06
봉래1동057,1,부산광역시 영도구 봉래나루로166번길 9,,35.095865,129.0431125,,한전주,051-419-4671,부산광역시 영도구청,2026-04-06
봉래1동058,1,부산광역시 영도구 봉래나루로166번길 10,,35.095825,129.042373,,한전주,051-419-4671,부산광역시 영도구청,2026-04-06
봉래1동059,1,부산광역시 영도구 봉래나루로166번길 10,,35.095596,129.042480,,한전주,051-419-4671,부산광역시 영도구청,2026-04-06
봉래1동060,1,부산광역시 영도구 대교로46번길 17-3,,35.094971,129.040985,,한전주,051-419-4671,부산광역시 영도구청,2026-04-06
봉래1동061,1,부산광역시 영도구 봉래나루로 112,,35.095340,129.0400208,,한전주,051-419-4671,부산광역시 영도구청,2026-04-06
봉래1동062,1,부산광역시 영도구 대교로46번길 9,,35.094802,129.040695,,한전주,051-419-4671,부산광역시 영도구청,2026-04-06
봉래1동063,1,부산광역시 영도구 대교로 42-2,,35.094650,129.040481,,한전주,051-419-4671,부산광역시 영도구청,2026-04-06
봉래1동064,1,부산광역시 영도구 태종로73번길 39,,35.094207,129.0394958,,한전주,051-419-4671,부산광역시 영도구청,2026-04-06
봉래1동065,1,부산광역시 영도구 태종로73번길 35-3,,35.094177,129.0393979,,한전주,051-419-4671,부산광역시 영도구청,2026-04-06
봉래1동066,1,부산광역시 영도구 태종로73번길 33,,35.093948,129.039459,,한전주,051-419-4671,부산광역시 영도구청,2026-04-06
봉래1동067,1,부산광역시 영도구 봉래나루로68번길 7-2,,35.094005,129.039215,,한전주,051-419-4671,부산광역시 영도구청,2026-04-06
봉래1동068,1,부산광역시 영도구 봉래나루로 70,,35.094054,129.0388871,,한전주,051-419-4671,부산광역시 영도구청,2026-04-06
봉래1동069,1,부산광역시 영도구 대교로 51-13,,35.094280,129.039047,,한전주,051-419-4671,부산광역시 영도구청,2026-04-06
봉래1동070,1,부산광역시 영도구 봉래나루로 64,,35.093780,129.038818,,한전주,051-419-4671,부산광역시 영도구청,2026-04-06
봉래1동071,1,부산광역시 영도구 봉래나루로66번길 6,,35.093833,129.039031,,한전주,051-419-4671,부산광역시 영도구청,2026-04-06
봉래1동072,1,부산광역시 영도구 봉래나루로66번길 8-1,,35.093753,129.039123,,한전주,051-419-4671,부산광역시 영도구청,2026-04-06
봉래1동073,1,부산광역시 영도구 봉래나루로66번길 8,,35.093811,129.039169,,한전주,051-419-4671,부산광역시 영도구청,2026-04-06
봉래1동074,1,부산광역시 영도구 태종로73번길 27,,35.093776,129.0392665,,한전주,051-419-4671,부산광역시 영도구청,2026-04-06
봉래1동075,1,부산광역시 영도구 태종로73번길 23-1,,35.093593,129.0392026,,한전주,051-419-4671,부산광역시 영도구청,2026-04-06
봉래1동076,1,부산광역시 영도구 봉래나루로62번길 12,,35.093532,129.0391989,,한전주,051-419-4671,부산광역시 영도구청,2026-04-06
동삼1동228,1,부산광역시 영도구 동삼로109-4,,35.083143,129.0712181,,한전주,051-419-4671,부산광역시 영도구청,2026-04-06
동삼1동229,1,부산광역시 영도구 동삼로93번길5,,35.081582,129.0702458,,한전주,051-419-4671,부산광역시 영도구청,2026-04-06
동삼1동230,1,부산광역시 영도구 동삼로93번길,,35.081764,129.070129,,한전주,051-419-4671,부산광역시 영도구청,2026-04-06
동삼1동231,1,부산광역시 영도구 동삼로81번길23,,35.081581,129.0698594,,한전주,051-419-4671,부산광역시 영도구청,2026-04-06
동삼1동232,1,부산광역시 영도구 동삼로81번길21,,35.081447,129.069976,,한전주,051-419-4671,부산광역시 영도구청,2026-04-06
동삼1동233,1,부산광역시 영도구 동삼로81번길11-1,,35.081081,129.0699577,,한전주,051-419-4671,부산광역시 영도구청,2026-04-06
동삼1동234,1,부산광역시 영도구 동삼로81번길11-5,,35.081306,129.0697888,,한전주,051-419-4671,부산광역시 영도구청,2026-04-06
동삼1동235,1,부산광역시 영도구 동삼로81번길5,,35.080825,129.070144,,한전주,051-419-4671,부산광역시 영도구청,2026-04-06
동삼1동236,1,부산광역시 영도구 동삼로81번길4,,35.080851,129.070343,,한전주,051-419-4671,부산광역시 영도구청,2026-04-06
동삼1동237,1,부산광역시 영도구 동삼로93번길15,,35.081697,129.0697846,,한전주,051-419-4671,부산광역시 영도구청,2026-04-06
동삼1동238,1,부산광역시 영도구 동삼로93번길17,,35.081682,129.069610,,한전주,051-419-4671,부산광역시 영도구청,2026-04-06
동삼1동239,1,부산광역시 영도구 동삼로93번길21-4,,35.081565,129.0694857,,한전주,051-419-4671,부산광역시 영도구청,2026-04-06
동삼1동240,1,부산광역시 영도구 동삼로93번길,,35.081901,129.069549,,전용주,051-419-4671,부산광역시 영도구청,2026-04-06
동삼1동241,1,부산광역시 영도구 동삼로77번길25,,35.080799,129.069290,,한전주,051-419-4671,부산광역시 영도구청,2026-04-06
동삼1동242,1,부산광역시 영도구 동삼로77번길19,,35.080655,129.069473,,전용주,051-419-4671,부산광역시 영도구청,2026-04-06
동삼1동243,1,부산광역시 영도구 동삼서로16,,35.080281,129.069061,,한전주,051-419-4671,부산광역시 영도구청,2026-04-06
동삼1동244,1,부산광역시 영도구 동삼서로16번길14,,35.079902,129.069030,,한전주,051-419-4671,부산광역시 영도구청,2026-04-06
동삼1동245,1,부산광역시 영도구 동삼서로6-5,,35.079625,129.0688596,,한전주,051-419-4671,부산광역시 영도구청,2026-04-06
동삼1동246,1,부산광역시 영도구 동삼서로6-10,,35.079471,129.0690898,,한전주,051-419-4671,부산광역시 영도구청,2026-04-06
동삼1동247,1,부산광역시 영도구 웃서발로67번길7,,35.079570,129.069412,,한전주,051-419-4671,부산광역시 영도구청,2026-04-06
동삼1동248,1,부산광역시 영도구 동삼서로10-3,,35.079799,129.0689679,,한전주,051-419-4671,부산광역시 영도구청,2026-04-06
동삼1동249,1,부산광역시 영도구 동삼서로10-11,,35.079814,129.069168,,한전주,051-419-4671,부산광역시 영도구청,2026-04-06
동삼1동250,1,부산광역시 영도구 웃서발로67번길9,,35.079680,129.0694231,,한전주,051-419-4671,부산광역시 영도구청,2026-04-06
동삼1동251,1,부산광역시 영도구 웃서발로67번길15,,35.079943,129.069549,,한전주,051-419-4671,부산광역시 영도구청,2026-04-06
동삼1동252,1,부산광역시 영도구 웃서발로67번길20,,35.080062,129.0697473,,한전주,051-419-4671,부산광역시 영도구청,2026-04-06
동삼1동253,1,부산광역시 영도구 동삼서로16번길7-13,,35.080219,129.069396,,한전주,051-419-4671,부산광역시 영도구청,2026-04-06
동삼1동254,1,부산광역시 영도구 동삼서로16번길8,,35.080226,129.0691765,,한전주,051-419-4671,부산광역시 영도구청,2026-04-06
동삼1동255,1,부산광역시 영도구 동삼로77번길17,,35.080524,129.0694393,,한전주,051-419-4671,부산광역시 영도구청,2026-04-06
동삼1동256,1,부산광역시 영도구 웃서발로69번길25,,35.080290,129.0699469,,한전주,051-419-4671,부산광역시 영도구청,2026-04-06
동삼1동257,1,부산광역시 영도구 웃서발로69번길22,,35.080005,129.070007,,한전주,051-419-4671,부산광역시 영도구청,2026-04-06
동삼1동258,1,부산광역시 영도구 웃서발로69번길10,,35.079513,129.069900,,한전주,051-419-4671,부산광역시 영도구청,2026-04-06
동삼1동259,1,부산광역시 영도구 웃서발로51번길19,,35.079944,129.068695,,한전주,051-419-4671,부산광역시 영도구청,2026-04-06
동삼1동260,1,부산광역시 영도구 웃서발로51번길8,,35.079392,129.0684123,,한전주,051-419-4671,부산광역시 영도구청,2026-04-06
동삼1동261,1,부산광역시 영도구 웃서발로51번길1,,35.079470,129.0681072,,한전주,051-419-4671,부산광역시 영도구청,2026-04-06
동삼1동262,1,부산광역시 영도구 웃서발로51번길7,,35.079631,129.0682389,,한전주,051-419-4671,부산광역시 영도구청,2026-04-06
동삼1동263,1,부산광역시 영도구 웃서발로51번길21-4,,35.080126,129.0685285,,한전주,051-419-4671,부산광역시 영도구청,2026-04-06
동삼1동264,1,부산광역시 영도구 웃서발로51번길26-4,,35.079952,129.068405,,한전주,051-419-4671,부산광역시 영도구청,2026-04-06
동삼1동265,1,부산광역시 영도구 웃서발로51번길35-4,,35.080631,129.068756,,한전주,051-419-4671,부산광역시 영도구청,2026-04-06
동삼1동266,1,부산광역시 영도구 동삼로93번길37-6,,35.081578,129.0685997,,한전주,051-419-4671,부산광역시 영도구청,2026-04-06
동삼1동267,1,부산광역시 영도구 동삼로93번길38,,35.081808,129.068664,,한전주,051-419-4671,부산광역시 영도구청,2026-04-06
동삼1동268,1,부산광역시 영도구 동삼로93번길39,,35.081675,129.0684716,,한전주,051-419-4671,부산광역시 영도구청,2026-04-06
동삼1동269,1,부산광역시 영도구 웃서발로7-8,,35.081752,129.0681995,,한전주,051-419-4671,부산광역시 영도구청,2026-04-06
동삼1동270,1,부산광역시 영도구 웃서발로51번길49,,35.081125,129.0689277,,한전주,051-419-4671,부산광역시 영도구청,2026-04-06
동삼1동271,1,부산광역시 영도구 웃서발로31번길38-18,,35.081035,129.068710,,한전주,051-419-4671,부산광역시 영도구청,2026-04-06
동삼1동272,1,부산광역시 영도구 웃서발로31번길38-4,,35.081264,129.0686796,,한전주,051-419-4671,부산광역시 영도구청,2026-04-06
동삼1동273,1,부산광역시 영도구 웃서발로31번길,,35.081375,129.068817,,한전주,051-419-4671,부산광역시 영도구청,2026-04-06
동삼1동274,1,부산광역시 영도구 웃서발로7-13,,35.081581,129.068267,,한전주,051-419-4671,부산광역시 영도구청,2026-04-06
동삼1동275,1,부산광역시 영도구 웃서발로31번길28,,35.081189,129.0682818,,한전주,051-419-4671,부산광역시 영도구청,2026-04-06
동삼1동276,1,부산광역시 영도구 웃서발로31번길22,,35.081097,129.068084,,한전주,051-419-4671,부산광역시 영도구청,2026-04-06
동삼1동277,1,부산광역시 영도구 웃서발로,,35.081233,129.067840,,한전주,051-419-4671,부산광역시 영도구청,2026-04-06
동삼1동278,1,부산광역시 영도구 웃서발로21-12,,35.081393,129.067440,,한전주,051-419-4671,부산광역시 영도구청,2026-04-06
동삼1동279,1,부산광역시 영도구 웃서발로21-6,,35.081562,129.067382,,한전주,051-419-4671,부산광역시 영도구청,2026-04-06
동삼1동280,1,부산광역시 영도구 웃서발로21-6,,35.081592,129.0673134,,한전주,051-419-4671,부산광역시 영도구청,2026-04-06
동삼1동281,1,부산광역시 영도구 웃서발로32번길12,,35.081043,129.067474,,한전주,051-419-4671,부산광역시 영도구청,2026-04-06
동삼1동282,1,부산광역시 영도구 웃서발로31번길8,,35.080865,129.067245,,한전주,051-419-4671,부산광역시 영도구청,2026-04-06
동삼1동283,1,부산광역시 영도구 웃서발로31번길4-1,,35.080688,129.0671915,,한전주,051-419-4671,부산광역시 영도구청,2026-04-06
동삼1동284,1,부산광역시 영도구 장수5길66,,35.080291,129.066604,,한전주,051-419-4671,부산광역시 영도구청,2026-04-06
동삼1동285,1,부산광역시 영도구 장수5길62,,35.080043,129.0667199,,한전주,051-419-4671,부산광역시 영도구청,2026-04-06
동삼1동286,1,부산광역시 영도구 장수5길93,,35.079925,129.066436,,한전주,051-419-4671,부산광역시 영도구청,2026-04-06
동삼1동287,1,부산광역시 영도구 장수5길56,,35.079805,129.066604,,한전주,051-419-4671,부산광역시 영도구청,2026-04-06
동삼1동288,1,부산광역시 영도구 근면길58,,35.079658,129.066299,,한전주,051-419-4671,부산광역시 영도구청,2026-04-06
동삼1동289,1,부산광역시 영도구 장수5길83,,35.079533,129.0663549,,한전주,051-419-4671,부산광역시 영도구청,2026-04-06
동삼1동290,1,부산광역시 영도구 장수5길,,35.079280,129.066452,,한전주,051-419-4671,부산광역시 영도구청,2026-04-06
동삼1동291,1,부산광역시 영도구 장수4길67,,35.079215,129.0667443,,한전주,051-419-4671,부산광역시 영도구청,2026-04-06
동삼1동292,1,부산광역시 영도구 장수4길68,,35.079296,129.066909,,한전주,051-419-4671,부산광역시 영도구청,2026-04-06
동삼1동293,1,부산광역시 영도구 장수4길81,,35.079471,129.066925,,한전주,051-419-4671,부산광역시 영도구청,2026-04-06
동삼1동294,1,부산광역시 영도구 장수4길89,,35.079836,129.066894,,한전주,051-419-4671,부산광역시 영도구청,2026-04-06
동삼1동295,1,부산광역시 영도구 장수4길95,,35.080036,129.0668938,,한전주,051-419-4671,부산광역시 영도구청,2026-04-06
동삼1동296,1,부산광역시 영도구 웃서발로39번길5,,35.080410,129.067413,,한전주,051-419-4671,부산광역시 영도구청,2026-04-06
동삼1동297,1,부산광역시 영도구 웃서발로39번길14,,35.080063,129.0676146,,한전주,051-419-4671,부산광역시 영도구청,2026-04-06
동삼1동298,1,부산광역시 영도구 웃서발로39번길24,,35.080383,129.0679161,,한전주,051-419-4671,부산광역시 영도구청,2026-04-06
동삼1동299,1,부산광역시 영도구 웃서발로39번길28,,35.080441,129.068054,,한전주,051-419-4671,부산광역시 영도구청,2026-04-06
동삼1동300,1,부산광역시 영도구 웃서발로39번길27,,35.080525,129.0680054,,한전주,051-419-4671,부산광역시 영도구청,2026-04-06
동삼1동301,1,부산광역시 영도구 웃서발로39번길33,,35.080718,129.067825,,한전주,051-419-4671,부산광역시 영도구청,2026-04-06
동삼1동302,1,부산광역시 영도구 웃서발로45-1,,35.079833,129.0676784,,한전주,051-419-4671,부산광역시 영도구청,2026-04-06
동삼1동303,1,부산광역시 영도구 웃서발로39번길16,,35.080080,129.0678548,,한전주,051-419-4671,부산광역시 영도구청,2026-04-06
동삼1동304,1,부산광역시 영도구 웃서발로51번길21-21,,35.080261,129.0681267,,한전주,051-419-4671,부산광역시 영도구청,2026-04-06
동삼1동305,1,부산광역시 영도구 근면길2길2,,35.079280,129.066085,,한전주,051-419-4671,부산광역시 영도구청,2026-04-06
동삼1동306,1,부산광역시 영도구 근면1길57,,35.079062,129.0656612,,한전주,051-419-4671,부산광역시 영도구청,2026-04-06
동삼1동307,1,부산광역시 영도구 근면1길5,,35.078904,129.065567,,한전주,051-419-4671,부산광역시 영도구청,2026-04-06
동삼1동308,1,부산광역시 영도구 근면1길39,,35.079210,129.065139,,한전주,051-419-4671,부산광역시 영도구청,2026-04-06
동삼1동309,1,부산광역시 영도구 근면1길37,,35.079113,129.064956,,한전주,051-419-4671,부산광역시 영도구청,2026-04-06
동삼1동310,1,부산광역시 영도구 근면1길21,,35.079242,129.064773,,한전주,051-419-4671,부산광역시 영도구청,2026-04-06
동삼1동311,1,부산광역시 영도구 근면1길31,,35.079296,129.0645666,,전용주,051-419-4671,부산광역시 영도구청,2026-04-06
동삼1동312,1,부산광역시 영도구 근면1길65,,35.079204,129.0654994,,한전주,051-419-4671,부산광역시 영도구청,2026-04-06
동삼1동313,1,부산광역시 영도구 근면1길81,,35.079463,129.065338,,한전주,051-419-4671,부산광역시 영도구청,2026-04-06
동삼1동314,1,부산광역시 영도구 근면1길87,,35.079639,129.0644176,,한전주,051-419-4671,부산광역시 영도구청,2026-04-06
동삼1동315,1,부산광역시 영도구 은빛길48,,35.080078,129.0643965,,한전주,051-419-4671,부산광역시 영도구청,2026-04-06
동삼1동316,1,부산광역시 영도구 은빛길46,,35.080081,129.064224,,한전주,051-419-4671,부산광역시 영도구청,2026-04-06
동삼1동317,1,부산광역시 영도구 와치로199-13,,35.077780,129.0654318,,한전주,051-419-4671,부산광역시 영도구청,2026-04-06
동삼1동318,1,부산광역시 영도구 와치로199-13,,35.077780,129.0654318,,한전주,051-419-4671,부산광역시 영도구청,2026-04-06
동삼1동319,1,부산광역시 영도구 근면길37,,35.078102,129.065338,,한전주,051-419-4671,부산광역시 영도구청,2026-04-06
동삼1동320,1,부산광역시 영도구 장수5길62,,35.080062,129.066787,,한전주,051-419-4671,부산광역시 영도구청,2026-04-06
동삼1동321,1,부산광역시 영도구 근면2길77,,35.078990,129.066452,,한전주,051-419-4671,부산광역시 영도구청,2026-04-06
동삼1동322,1,부산광역시 영도구 장수5길58,,35.078750,129.066848,,한전주,051-419-4671,부산광역시 영도구청,2026-04-06
동삼1동323,1,부산광역시 영도구 장수4길52,,35.078754,129.067062,,한전주,051-419-4671,부산광역시 영도구청,2026-04-06
동삼1동324,1,부산광역시 영도구 장수4길57,,35.078571,129.0667839,,한전주,051-419-4671,부산광역시 영도구청,2026-04-06
동삼1동325,1,부산광역시 영도구 장수4길31,,35.078663,129.0665544,,한전주,051-419-4671,부산광역시 영도구청,2026-04-06
동삼1동326,1,부산광역시 영도구 장수4길23,,35.078388,129.0663551,,한전주,051-419-4671,부산광역시 영도구청,2026-04-06
동삼1동327,1,부산광역시 영도구 장수4길21,,35.078274,129.066390,,한전주,051-419-4671,부산광역시 영도구청,2026-04-06
동삼1동328,1,부산광역시 영도구 장수5길41,,35.078544,129.0661231,,한전주,051-419-4671,부산광역시 영도구청,2026-04-06
동삼1동329,1,부산광역시 영도구 장수5길41,,35.078548,129.0661231,,한전주,051-419-4671,부산광역시 영도구청,2026-04-06
동삼1동330,1,부산광역시 영도구 장수5길41,,35.078544,129.066177,,한전주,051-419-4671,부산광역시 영도구청,2026-04-06
동삼1동331,1,부산광역시 영도구 장수5길49,,35.078620,129.066070,,한전주,051-419-4671,부산광역시 영도구청,2026-04-06
동삼1동332,1,부산광역시 영도구 장수5길14,,35.078083,129.066131,,한전주,051-419-4671,부산광역시 영도구청,2026-04-06
동삼1동333,1,부산광역시 영도구 장수5길17,,35.077889,129.0661996,,한전주,051-419-4671,부산광역시 영도구청,2026-04-06
동삼1동334,1,부산광역시 영도구 장수5길3,,35.077564,129.066207,,한전주,051-419-4671,부산광역시 영도구청,2026-04-06
동삼1동335,1,부산광역시 영도구 장수5길3,,35.077514,129.0662809,,한전주,051-419-4671,부산광역시 영도구청,2026-04-06
동삼1동336,1,부산광역시 영도구 장수4길47,,35.078214,129.066665,,한전주,051-419-4671,부산광역시 영도구청,2026-04-06
동삼1동337,1,부산광역시 영도구 장수4길11,,35.077899,129.066528,,한전주,051-419-4671,부산광역시 영도구청,2026-04-06
동삼1동338,1,부산광역시 영도구 장수4길7,,35.077762,129.066662,,한전주,051-419-4671,부산광역시 영도구청,2026-04-06
동삼1동339,1,부산광역시 영도구 장수4길1,,35.077548,129.066627,,한전주,051-419-4671,부산광역시 영도구청,2026-04-06
동삼1동340,1,부산광역시 영도구 장수3길2,,35.077796,129.067173,,한전주,051-419-4671,부산광역시 영도구청,2026-04-06
동삼1동341,1,부산광역시 영도구 장수3길21,,35.078342,129.067022,,한전주,051-419-4671,부산광역시 영도구청,2026-04-06
동삼1동342,1,부산광역시 영도구 장수3길15,,35.078280,129.066894,,한전주,051-419-4671,부산광역시 영도구청,2026-04-06
동삼1동343,1,부산광역시 영도구 장수3길16,,35.078436,129.067286,,한전주,051-419-4671,부산광역시 영도구청,2026-04-06
동삼1동344,1,부산광역시 영도구 장수3길42,,35.078578,129.067398,,한전주,051-419-4671,부산광역시 영도구청,2026-04-06
동삼1동345,1,부산광역시 영도구 근면2길24,,35.078819,129.067474,,한전주,051-419-4671,부산광역시 영도구청,2026-04-06
동삼1동346,1,부산광역시 영도구 근면2길20,,35.078884,129.0670758,,한전주,051-419-4671,부산광역시 영도구청,2026-04-06
동삼1동347,1,부산광역시 영도구 장수3길30,,35.078479,129.0678559,,한전주,051-419-4671,부산광역시 영도구청,2026-04-06
동삼1동348,1,부산광역시 영도구 동삼로59번길45,,35.078059,129.0682196,,한전주,051-419-4671,부산광역시 영도구청,2026-04-06
동삼1동349,1,부산광역시 영도구 동삼로59번길42,,35.078258,129.068099,,한전주,051-419-4671,부산광역시 영도구청,2026-04-06
동삼1동350,1,부산광역시 영도구 동상로59번길34,,35.078388,129.068389,,한전주,051-419-4671,부산광역시 영도구청,2026-04-06
동삼1동351,1,부산광역시 영도구 동삼로59번길27,,35.078487,129.0688314,,한전주,051-419-4671,부산광역시 영도구청,2026-04-06
동삼1동352,1,부산광역시 영도구 웃서발로62-9,,35.078615,129.0690971,,한전주,051-419-4671,부산광역시 영도구청,2026-04-06
동삼1동353,1,부산광역시 영도구 웃서발로62-5,,35.078772,129.069046,,한전주,051-419-4671,부산광역시 영도구청,2026-04-06
동삼1동354,1,부산광역시 영도구 동삼로59번길17,,35.078487,129.0693405,,한전주,051-419-4671,부산광역시 영도구청,2026-04-06
동삼1동355,1,부산광역시 영도구 웃서발로65-9,,35.078760,129.069427,,한전주,051-419-4671,부산광역시 영도구청,2026-04-06
동삼1동356,1,부산광역시 영도구 웃서발로65-9,,35.078760,129.069454,,한전주,051-419-4671,부산광역시 영도구청,2026-04-06
동삼1동357,1,부산광역시 영도구 동삼남로31번길28,,35.078708,129.0698552,,한전주,051-419-4671,부산광역시 영도구청,2026-04-06
동삼1동358,1,부산광역시 영도구 동삼남로31번길29,,35.078786,129.069671,,한전주,051-419-4671,부산광역시 영도구청,2026-04-06
동삼1동359,1,부산광역시 영도구 동삼남로31번길33,,35.079010,129.0694149,,한전주,051-419-4671,부산광역시 영도구청,2026-04-06
동삼1동360,1,부산광역시 영도구 동삼남로31번기리5,,35.078491,129.069671,,한전주,051-419-4671,부산광역시 영도구청,2026-04-06
동삼1동361,1,부산광역시 영도구 동삼남로31번길15,,35.078388,129.0693831,,한전주,051-419-4671,부산광역시 영도구청,2026-04-06
동삼1동362,1,부산광역시 영도구 동삼남로31번길9-4,,35.078267,129.0689776,,한전주,051-419-4671,부산광역시 영도구청,2026-04-06
동삼1동363,1,부산광역시 영도구 동삼남로31번길9-7,,35.078056,129.0687618,,한전주,051-419-4671,부산광역시 영도구청,2026-04-06
동삼1동364,1,부산광역시 영도구 동삼남로25-15,,35.078297,129.0685016,,한전주,051-419-4671,부산광역시 영도구청,2026-04-06
동삼1동365,1,부산광역시 영도구 동삼남로25-9,,35.078182,129.0683733,,한전주,051-419-4671,부산광역시 영도구청,2026-04-06
동삼1동366,1,부산광역시 영도구 동삼남로25-5,,35.078006,129.0683761,,한전주,051-419-4671,부산광역시 영도구청,2026-04-06
동삼1동367,1,부산광역시 영도구 동삼남로35-6,,35.077758,129.0695826,,한전주,051-419-4671,부산광역시 영도구청,2026-04-06
동삼1동368,1,부산광역시 영도구 동삼남로35-10,,35.07800029,129.069519,,한전주,051-419-4671,부산광역시 영도구청,2026-04-06
동삼1동369,1,부산광역시 영도구 동삼로51-5,,35.077786,129.0700539,,한전주,051-419-4671,부산광역시 영도구청,2026-04-06
동삼1동370,1,부산광역시 영도구 동삼로51-10,,35.077915,129.069915,,한전주,051-419-4671,부산광역시 영도구청,2026-04-06
동삼1동371,1,부산광역시 영도구 동삼로51-18,,35.078164,129.069671,,한전주,051-419-4671,부산광역시 영도구청,2026-04-06
동삼1동372,1,부산광역시 영도구 동삼로19-1,,35.077846,129.067749,,한전주,051-419-4671,부산광역시 영도구청,2026-04-06
동삼1동373,1,부산광역시 영도구 동삼로19-14,,35.078182,129.067687,,한전주,051-419-4671,부산광역시 영도구청,2026-04-06
동삼1동374,1,부산광역시 영도구 동삼로15-11,,35.078197,129.067428,,한전주,051-419-4671,부산광역시 영도구청,2026-04-06
동삼1동375,1,부산광역시 영도구 동삼로59번길2,,35.078894,129.0699722,,한전주,051-419-4671,부산광역시 영도구청,2026-04-06
동삼1동376,1,부산광역시 영도구 동삼로2,,35.078891,129.070053,,한전주,051-419-4671,부산광역시 영도구청,2026-04-06
동삼1동377,1,부산광역시 영도구 동삼로53-1,,35.078140,129.070129,,한전주,051-419-4671,부산광역시 영도구청,2026-04-06
동삼1동378,1,부산광역시 영도구 동삼로59번길30-8,,35.078834,129.0687468,,전용주,051-419-4671,부산광역시 영도구청,2026-04-06
동삼1동379,1,부산광역시 영도구 웃서발로56-5,,35.078772,129.0683389,,한전주,051-419-4671,부산광역시 영도구청,2026-04-06
동삼1동380,1,부산광역시 영도구 근면2길38,,35.079249,129.0679438,,한전주,051-419-4671,부산광역시 영도구청,2026-04-06
동삼1동381,1,부산광역시 영도구 근면2길43,,35.079253,129.067590,,한전주,051-419-4671,부산광역시 영도구청,2026-04-06
동삼1동382,1,부산광역시 영도구 근면2길39,,35.079140,129.0673744,,한전주,051-419-4671,부산광역시 영도구청,2026-04-06
동삼1동383,1,부산광역시 영도구 근면2길27,,35.079396,129.067443,,한전주,051-419-4671,부산광역시 영도구청,2026-04-06
동삼1동384,1,부산광역시 영도구 웃서발로46-6,,35.079542,129.0672081,,한전주,051-419-4671,부산광역시 영도구청,2026-04-06
동삼1동385,1,부산광역시 영도구 동삼남로38-12,,35.077178,129.0699872,,한전주,051-419-4671,부산광역시 영도구청,2026-04-06
동삼1동386,1,부산광역시 영도구 동삼로43번길3,,35.077137,129.070475,,한전주,051-419-4671,부산광역시 영도구청,2026-04-06
동삼1동387,1,부산광역시 영도구 동삼록3번길10,,35.076950,129.070327,,한전주,051-419-4671,부산광역시 영도구청,2026-04-06
동삼1동388,1,부산광역시 영도구 동삼로41-9,,35.076752,129.0703656,,한전주,051-419-4671,부산광역시 영도구청,2026-04-06
동삼1동389,1,부산광역시 영도구 동삼로39-2,,35.076969,129.070663,,전용주,051-419-4671,부산광역시 영도구청,2026-04-06
동삼1동390,1,부산광역시 영도구 동삼로43번길15,,35.076638,129.070251,,한전주,051-419-4671,부산광역시 영도구청,2026-04-06
동삼1동391,1,부산광역시 영도구 동삼로43번길19,,35.076583,129.0701269,,한전주,051-419-4671,부산광역시 영도구청,2026-04-06
동삼1동392,1,부산광역시 영도구 동삼로43번길16-4,,35.076905,129.0701111,,한전주,051-419-4671,부산광역시 영도구청,2026-04-06
동삼1동393,1,부산광역시 영도구 동삼로43번길20,,35.076677,129.069915,,전용주,051-419-4671,부산광역시 영도구청,2026-04-06
동삼1동394,1,부산광역시 영도구 동삼로29번길,,35.076225,129.071365,,한전주,051-419-4671,부산광역시 영도구청,2026-04-06
동삼1동395,1,부산광역시 영도구 동삼로29번길10-3,,35.076330,129.0711486,,한전주,051-419-4671,부산광역시 영도구청,2026-04-06
동삼1동396,1,부산광역시 영도구 동삼로29번길10-15,,35.076557,129.0706986,,전용주,051-419-4671,부산광역시 영도구청,2026-04-06
동삼1동397,1,부산광역시 영도구 동삼로29번길10-17,,35.076561,129.0705958,,한전주,051-419-4671,부산광역시 영도구청,2026-04-06
동삼1동398,1,부산광역시 영도구 동삼로29번길17,,35.076152,129.0708457,,한전주,051-419-4671,부산광역시 영도구청,2026-04-06
동삼1동399,1,부산광역시 영도구 동삼로29번길19,,35.076301,129.0707599,,한전주,051-419-4671,부산광역시 영도구청,2026-04-06
동삼1동400,1,부산광역시 영도구 절영로555,,35.075376,129.0722058,,한전주,051-419-4671,부산광역시 영도구청,2026-04-06
동삼1동401,1,부산광역시 영도구 중리로46-5,,35.075157,129.0685657,,한전주,051-419-4671,부산광역시 영도구청,2026-04-06
동삼1동402,1,부산광역시 영도구 중리로46-13,,35.075155,129.0690651,,한전주,051-419-4671,부산광역시 영도구청,2026-04-06
동삼1동403,1,부산광역시 영도구 중리로,,35.075229,129.069137,,한전주,051-419-4671,부산광역시 영도구청,2026-04-06
동삼1동404,1,부산광역시 영도구 중리로,,35.074958,129.068267,,한전주,051-419-4671,부산광역시 영도구청,2026-04-06
동삼1동405,1,부산광역시 영도구 웃서발로99번길15-2,,35.079418,129.072967,,한전주,051-419-4671,부산광역시 영도구청,2026-04-06
동삼1동406,1,부산광역시 영도구 웃서발로65-1,,35.079349,129.0693987,,한전주,051-419-4671,부산광역시 영도구청,2026-04-06
동삼1동407,1,부산광역시 영도구 와치로191,,35.078209,129.0645756,,한전주,051-419-4671,부산광역시 영도구청,2026-04-06
동삼1동408,1,부산광역시 영도구 근면길53,,35.078609,129.0648429,,전용주,051-419-4671,부산광역시 영도구청,2026-04-06
동삼1동409,1,부산광역시 영도구 근면길67,,35.078819,129.0647608,,한전주,051-419-4671,부산광역시 영도구청,2026-04-06
동삼1동410,1,부산광역시 영도구 동삼해수천 산책로 인근 철주,,35.080231,129.074544,,전용주,051-419-4671,부산광역시 영도구청,2026-04-06
동삼1동411,1,부산광역시 영도구 동삼로50번길,,35.077711,129.071701,,한전주,051-419-4671,부산광역시 영도구청,2026-04-06
동삼1동412,1,부산광역시 영도구 로 13,,35.080889,129.072133,,한전주,051-419-4671,부산광역시 영도구청,2026-04-06
동삼1동413,1,부산광역시 영도구 동삼로106번길 22,,35.082062,129.072450,,한전주,051-419-4671,부산광역시 영도구청,2026-04-06
동삼1동414,1,부산광역시 영도구 장수5길 37,,35.078435,129.066075,,한전주,051-419-4671,부산광역시 영도구청,2026-04-06
동삼2동001,1,부산광역시 영도구 태종로833번길55,,35.061201,129.084050,,한전주,051-419-4671,부산광역시 영도구청,2026-04-06
동삼2동002,1,부산광역시 영도구 태종로833번길55,,35.061201,129.084050,,한전주,051-419-4671,부산광역시 영도구청,2026-04-06
동삼2동003,1,부산광역시 영도구 태종로833번길,,35.061576,129.083129,,한전주,051-419-4671,부산광역시 영도구청,2026-04-06
동삼2동004,1,부산광역시 영도구 태종로827번길,,35.062839,129.081741,,한전주,051-419-4671,부산광역시 영도구청,2026-04-06
동삼2동005,1,부산광역시 영도구 태종로827번길20,,35.062868,129.0820791,,한전주,051-419-4671,부산광역시 영도구청,2026-04-06
동삼2동006,1,부산광역시 영도구 태종로827번길20,,35.062868,129.0820791,,한전주,051-419-4671,부산광역시 영도구청,2026-04-06
동삼2동007,1,부산광역시 영도구 대종로827번길27,,35.063190,129.082641,,한전주,051-419-4671,부산광역시 영도구청,2026-04-06
동삼2동008,1,부산광역시 영도구 태종로827번길27,,35.063385,129.082388,,한전주,051-419-4671,부산광역시 영도구청,2026-04-06
동삼2동010,1,부산광역시 영도구 태종로813-9,,35.063618,129.081497,,전용주,051-419-4671,부산광역시 영도구청,2026-04-06
동삼2동011,1,부산광역시 영도구 태종로313-5,,35.063835,129.081329,,한전주,051-419-4671,부산광역시 영도구청,2026-04-06
동삼2동012,1,부산광역시 영도구 태종로811-5,,35.064112,129.081344,,한전주,051-419-4671,부산광역시 영도구청,2026-04-06
동삼2동013,1,부산광역시 영도구 태종로805-7,,35.064521,129.0814246,,한전주,051-419-4671,부산광역시 영도구청,2026-04-06
동삼2동014,1,부산광역시 영도구 태종로805-10,,35.064353,129.0814811,,한전주,051-419-4671,부산광역시 영도구청,2026-04-06
동삼2동015,1,부산광역시 영도구 태종로793번길8-5,,35.065387,129.081604,,한전주,051-419-4671,부산광역시 영도구청,2026-04-06
동삼2동016,1,부산광역시 영도구 태종로795번길,,35.065269,129.081512,,한전주,051-419-4671,부산광역시 영도구청,2026-04-06
동삼2동017,1,부산광역시 영도구 태종로803-4,,35.064692,129.081420,,한전주,051-419-4671,부산광역시 영도구청,2026-04-06
동삼2동018,1,부산광역시 영도구 태종로975번길15,,35.065013,129.081756,,한전주,051-419-4671,부산광역시 영도구청,2026-04-06
동삼2동019,1,부산광역시 영도구 태종로795번길15,,35.064944,129.081787,,전용주,051-419-4671,부산광역시 영도구청,2026-04-06
동삼2동020,1,부산광역시 영도구 태종로795번길,,35.064743,129.081832,,전용주,051-419-4671,부산광역시 영도구청,2026-04-06
동삼2동021,1,부산광역시 영도구 태종로795번길26,,35.064350,129.081832,,한전주,051-419-4671,부산광역시 영도구청,2026-04-06
동삼2동022,1,부산광역시 영도구 태종로795번길26,,35.064350,129.0818784,,한전주,051-419-4671,부산광역시 영도구청,2026-04-06
동삼2동023,1,부산광역시 영도구 태종로795번길30,,35.064210,129.0820668,,한전주,051-419-4671,부산광역시 영도구청,2026-04-06
동삼2동024,1,부산광역시 영도구 태종로795번길9,,35.065199,129.081665,,한전주,051-419-4671,부산광역시 영도구청,2026-04-06
동삼2동025,1,부산광역시 영도구 태종로793번길,,35.065616,129.081619,,전용주,051-419-4671,부산광역시 영도구청,2026-04-06
동삼2동026,2,부산광역시 영도구 태종로793번길12-1,,35.065484,129.081970,,한전주,051-419-4671,부산광역시 영도구청,2026-04-06
동삼2동027,1,부산광역시 영도구 태종로793번길,,35.065483,129.082366,,한전주,051-419-4671,부산광역시 영도구청,2026-04-06
동삼2동028,1,부산광역시 영도구 태종로793번길16,,35.065280,129.0822006,,한전주,051-419-4671,부산광역시 영도구청,2026-04-06
동삼2동029,1,부산광역시 영도구 태종로795번길11-7,,35.065208,129.081985,,한전주,051-419-4671,부산광역시 영도구청,2026-04-06
동삼2동030,1,부산광역시 영도구 하리길4,,35.065853,129.0820255,,한전주,051-419-4671,부산광역시 영도구청,2026-04-06
동삼2동031,1,부산광역시 영도구 하리길14,,35.066207,129.0820932,,한전주,051-419-4671,부산광역시 영도구청,2026-04-06
동삼2동032,1,부산광역시 영도구 하리길14,,35.066261,129.0820932,,한전주,051-419-4671,부산광역시 영도구청,2026-04-06
동삼2동033,1,부산광역시 영도구 하리길16-5,,35.066226,129.082336,,한전주,051-419-4671,부산광역시 영도구청,2026-04-06
동삼2동034,1,부산광역시 영도구 하리서길4,,35.066064,129.0816579,,한전주,051-419-4671,부산광역시 영도구청,2026-04-06
동삼2동035,1,부산광역시 영도구 하리서길14,,35.066464,129.081863,,한전주,051-419-4671,부산광역시 영도구청,2026-04-06
동삼2동036,1,부산광역시 영도구 하리서길,,35.066982,129.082107,,한전주,051-419-4671,부산광역시 영도구청,2026-04-06
동삼2동037,1,부산광역시 영도구 하리서길29,,35.067104,129.081970,,한전주,051-419-4671,부산광역시 영도구청,2026-04-06
동삼2동038,1,부산광역시 영도구 태종로773-1,,35.067307,129.081591,,한전주,051-419-4671,부산광역시 영도구청,2026-04-06
동삼2동039,1,부산광역시 영도구 하리서길39-9,,35.067367,129.0818409,,한전주,051-419-4671,부산광역시 영도구청,2026-04-06
동삼2동040,1,부산광역시 영도구 하리서길39-5,,35.067462,129.081909,,한전주,051-419-4671,부산광역시 영도구청,2026-04-06
동삼2동041,1,부산광역시 영도구 하리서길37,,35.067487,129.082077,,한전주,051-419-4671,부산광역시 영도구청,2026-04-06
동삼2동042,1,부산광역시 영도구 하리서길39-2,,35.067590,129.0819413,,한전주,051-419-4671,부산광역시 영도구청,2026-04-06
동삼2동043,1,부산광역시 영도구 하리서길40,,35.067642,129.082275,,한전주,051-419-4671,부산광역시 영도구청,2026-04-06
동삼2동044,1,부산광역시 영도구 하리서길35,,35.067394,129.0820416,,한전주,051-419-4671,부산광역시 영도구청,2026-04-06
동삼2동045,1,부산광역시 영도구 하리길23-6,,35.066852,129.082275,,한전주,051-419-4671,부산광역시 영도구청,2026-04-06
동삼2동046,1,부산광역시 영도구 하리길33,,35.066989,129.0824828,,한전주,051-419-4671,부산광역시 영도구청,2026-04-06
동삼2동047,1,부산광역시 영도구 하리서길34-7,,35.067238,129.082443,,한전주,051-419-4671,부산광역시 영도구청,2026-04-06
동삼2동048,1,부산광역시 영도구 하리길24,,35.066486,129.0824397,,전용주,051-419-4671,부산광역시 영도구청,2026-04-06
동삼2동049,1,부산광역시 영도구 하리길24-4,,35.066338,129.082517,,한전주,051-419-4671,부산광역시 영도구청,2026-04-06
동삼2동050,1,부산광역시 영도구 하리길29,,35.066852,129.082489,,한전주,051-419-4671,부산광역시 영도구청,2026-04-06
동삼2동051,1,부산광역시 영도구 하리길38,,35.067001,129.0827791,,한전주,051-419-4671,부산광역시 영도구청,2026-04-06
동삼2동052,1,부산광역시 영도구 하리길16-29,,35.066879,129.082733,,한전주,051-419-4671,부산광역시 영도구청,2026-04-06
동삼2동053,1,부산광역시 영도구 하리길16-25,,35.066684,129.0826816,,한전주,051-419-4671,부산광역시 영도구청,2026-04-06
동삼2동054,1,부산광역시 영도구 하리길40,,35.067180,129.0828339,,한전주,051-419-4671,부산광역시 영도구청,2026-04-06
동삼2동055,1,부산광역시 영도구 하리길40-7,,35.067444,129.083038,,한전주,051-419-4671,부산광역시 영도구청,2026-04-06
동삼2동056,1,부산광역시 영도구 하리길42-2,,35.067356,129.082824,,한전주,051-419-4671,부산광역시 영도구청,2026-04-06
동삼2동057,1,부산광역시 영도구 하리길46,,35.067455,129.082626,,한전주,051-419-4671,부산광역시 영도구청,2026-04-06
동삼2동058,1,부산광역시 영도구 하리길50,,35.067607,129.0824843,,한전주,051-419-4671,부산광역시 영도구청,2026-04-06
동삼2동059,1,부산광역시 영도구 하리길53,,35.067733,129.082397,,전용주,051-419-4671,부산광역시 영도구청,2026-04-06
동삼2동060,1,부산광역시 영도구 하리동길5-1,,35.067999,129.082916,,한전주,051-419-4671,부산광역시 영도구청,2026-04-06
동삼2동061,1,부산광역시 영도구 하리동길6-6,,35.067665,129.0826553,,한전주,051-419-4671,부산광역시 영도구청,2026-04-06
동삼2동062,1,부산광역시 영도구 하리동길9,,35.067733,129.0832393,,한전주,051-419-4671,부산광역시 영도구청,2026-04-06
동삼2동063,1,부산광역시 영도구 하리동길9,,35.067735,129.083251,,한전주,051-419-4671,부산광역시 영도구청,2026-04-06
동삼2동064,1,부산광역시 영도구 하리동길18,,35.067393,129.083343,,한전주,051-419-4671,부산광역시 영도구청,2026-04-06
동삼2동065,1,부산광역시 영도구 하리동길22,,35.067371,129.083526,,한전주,051-419-4671,부산광역시 영도구청,2026-04-06
동삼2동066,1,부산광역시 영도구 하리동길,,35.067344,129.083923,,한전주,051-419-4671,부산광역시 영도구청,2026-04-06
동삼2동067,1,부산광역시 영도구 하리서길56-4,,35.068097,129.082244,,한전주,051-419-4671,부산광역시 영도구청,2026-04-06
동삼2동068,1,부산광역시 영도구 태종로773번길22,,35.068098,129.0819244,,한전주,051-419-4671,부산광역시 영도구청,2026-04-06
동삼2동069,1,부산광역시 영도구 태종로765번길14-7,,35.068202,129.081604,,한전주,051-419-4671,부산광역시 영도구청,2026-04-06
동삼2동070,1,부산광역시 영도구 태종로765번길14,,35.06829965,129.081527,,한전주,051-419-4671,부산광역시 영도구청,2026-04-06
동삼2동071,1,부산광역시 영도구 태종로765번길18,,35.068477,129.081771,,한전주,051-419-4671,부산광역시 영도구청,2026-04-06
동삼2동072,1,부산광역시 영도구 태종로765번길7,,35.068415,129.081207,,한전주,051-419-4671,부산광역시 영도구청,2026-04-06
동삼2동073,1,부산광역시 영도구 태종로765번길3,,35.068298,129.0810767,,한전주,051-419-4671,부산광역시 영도구청,2026-04-06
동삼2동074,1,부산광역시 영도구 태종로772-3,,35.067561,129.080734,,한전주,051-419-4671,부산광역시 영도구청,2026-04-06
동삼2동075,1,부산광역시 영도구 태종로772-9,,35.067561,129.0807529,,한전주,051-419-4671,부산광역시 영도구청,2026-04-06
동삼2동076,1,부산광역시 영도구 본산남길13-3,,35.067451,129.080413,,한전주,051-419-4671,부산광역시 영도구청,2026-04-06
동삼2동077,1,부산광역시 영도구 본산남길13-5,,35.067429,129.0806351,,한전주,051-419-4671,부산광역시 영도구청,2026-04-06
동삼2동078,1,부산광역시 영도구 본산남길24,,35.067192,129.079968,,한전주,051-419-4671,부산광역시 영도구청,2026-04-06
동삼2동079,1,부산광역시 영도구 본산남길24,,35.067108,129.079968,,한전주,051-419-4671,부산광역시 영도구청,2026-04-06
동삼2동080,1,부산광역시 영도구 본산남길22번길11,,35.067192,129.0794871,,한전주,051-419-4671,부산광역시 영도구청,2026-04-06
동삼2동081,1,부산광역시 영도구 본산남길22번길16,,35.067249,129.0793683,,한전주,051-419-4671,부산광역시 영도구청,2026-04-06
동삼2동082,1,부산광역시 영도구 본산남길22번길8-5,,35.067329,129.079757,,한전주,051-419-4671,부산광역시 영도구청,2026-04-06
동삼2동083,1,부산광역시 영도구 본산로15번길5,,35.067234,129.0791047,,한전주,051-419-4671,부산광역시 영도구청,2026-04-06
동삼2동084,1,부산광역시 영도구 본산남길15번길8,,35.067298,129.078918,,한전주,051-419-4671,부산광역시 영도구청,2026-04-06
동삼2동085,1,부산광역시 영도구 본산남길15번길14,,35.067134,129.078689,,한전주,051-419-4671,부산광역시 영도구청,2026-04-06
동삼2동086,1,부산광역시 영도구 본산남길15번길17,,35.067012,129.078582,,한전주,051-419-4671,부산광역시 영도구청,2026-04-06
동삼2동087,1,부산광역시 영도구 본산남길15번길22,,35.066932,129.078414,,한전주,051-419-4671,부산광역시 영도구청,2026-04-06
동삼2동088,1,부산광역시 영도구 본산남길15번길22,,35.067031,129.078292,,한전주,051-419-4671,부산광역시 영도구청,2026-04-06
동삼2동089,1,부산광역시 영도구 본산로15번길26-3,,35.066772,129.0782301,,한전주,051-419-4671,부산광역시 영도구청,2026-04-06
동삼2동090,1,부산광역시 영도구 본산로15번길23,,35.066756,129.078536,,한전주,051-419-4671,부산광역시 영도구청,2026-04-06
동삼2동091,1,부산광역시 영도구 본산남길15번길30-8,,35.066581,129.078079,,한전주,051-419-4671,부산광역시 영도구청,2026-04-06
동삼2동092,1,부산광역시 영도구 본산남길15번길,,35.066417,129.078475,,한전주,051-419-4671,부산광역시 영도구청,2026-04-06
동삼2동093,1,부산광역시 영도구 본산남길15번길34-9,,35.066444,129.078231,,한전주,051-419-4671,부산광역시 영도구청,2026-04-06
봉래2동324,1,부산광역시 영도구 외나무길 164,,35.093414,129.050918,,한전주,051-419-4671,부산광역시 영도구청,2026-04-06
봉래2동325,1,부산광역시 영도구 사택길 83,,35.093379,129.050781,,한전주,051-419-4671,부산광역시 영도구청,2026-04-06
봉래2동326,1,부산광역시 영도구 외나무길 85,,35.093532,129.0513559,,한전주,051-419-4671,부산광역시 영도구청,2026-04-06
봉래2동327,1,부산광역시 영도구 외나무길 55,,35.093608,129.051315,,한전주,051-419-4671,부산광역시 영도구청,2026-04-06
봉래2동328,1,부산광역시 영도구 외나무길 39,,35.093818,129.051361,,한전주,051-419-4671,부산광역시 영도구청,2026-04-06
봉래2동329,1,부산광역시 영도구 외나무길 37,,35.093837,129.0512244,,한전주,051-419-4671,부산광역시 영도구청,2026-04-06
봉래2동330,1,부산광역시 영도구 외나무길 68,,35.093999,129.0508742,,한전주,051-419-4671,부산광역시 영도구청,2026-04-06
봉래2동331,1,부산광역시 영도구 외나무길 54,,35.093971,129.0506896,,한전주,051-419-4671,부산광역시 영도구청,2026-04-06
봉래2동332,1,부산광역시 영도구 외나무길 138,,35.093791,129.051101,,한전주,051-419-4671,부산광역시 영도구청,2026-04-06
봉래2동333,1,부산광역시 영도구 외나무길 130,,35.093491,129.0510125,,한전주,051-419-4671,부산광역시 영도구청,2026-04-06
봉래2동334,1,부산광역시 영도구 외나무길 92,,35.093822,129.050765,,한전주,051-419-4671,부산광역시 영도구청,2026-04-06
봉래2동335,1,부산광역시 영도구 외나무길 21,,35.094127,129.051223,,한전주,051-419-4671,부산광역시 영도구청,2026-04-06
봉래2동336,1,부산광역시 영도구 봉래쉼터길 6,,35.093584,129.0528031,,한전주,051-419-4671,부산광역시 영도구청,2026-04-06
봉래2동337,1,부산광역시 영도구 봉래쉼터길 17,,35.094484,129.0523792,,전용주,051-419-4671,부산광역시 영도구청,2026-04-06
봉래2동338,1,부산광역시 영도구 봉래쉼터길 17,,35.094497,129.0523792,,한전주,051-419-4671,부산광역시 영도구청,2026-04-06
봉래2동339,1,부산광역시 영도구 봉숭아길 28,,35.094409,129.0521774,,한전주,051-419-4671,부산광역시 영도구청,2026-04-06
봉래2동340,1,부산광역시 영도구 봉래쉼터길 30,,35.094028,129.0521988,,한전주,051-419-4671,부산광역시 영도구청,2026-04-06
봉래2동341,1,부산광역시 영도구 봉래쉼터길 36,,35.093841,129.0523853,,한전주,051-419-4671,부산광역시 영도구청,2026-04-06
봉래2동342,1,부산광역시 영도구 봉래쉼터길 58,,35.093734,129.052612,,한전주,051-419-4671,부산광역시 영도구청,2026-04-06
봉래2동343,1,부산광역시 영도구 하나길 741,,35.094026,129.0528859,,한전주,051-419-4671,부산광역시 영도구청,2026-04-06
봉래2동344,1,부산광역시 영도구 태종로 173-3,,35.094382,129.046890,,한전주,051-419-4671,부산광역시 영도구청,2026-04-06
봉래2동345,1,부산광역시 영도구 태종로 167,,35.094108,129.046508,,한전주,051-419-4671,부산광역시 영도구청,2026-04-06
봉래2동347,1,부산광역시 영도구 태종로165번길 1-8,,35.094281,129.046256,,한전주,051-419-4671,부산광역시 영도구청,2026-04-06
봉래2동348,1,부산광역시 영도구 태종로 159,,35.093910,129.0460115,,한전주,051-419-4671,부산광역시 영도구청,2026-04-06
봉래2동349,1,부산광역시 영도구 봉래나루로246번길 5,,35.095272,129.046005,,한전주,051-419-4671,부산광역시 영도구청,2026-04-06
봉래2동350,1,부산광역시 영도구 나팔꽃길74(계단 벽면),,35.092069,129.0513539,,한전주,051-419-4671,부산광역시 영도구청,2026-04-06
봉래2동351,1,부산광역시 영도구 하나길734,,35.092190,129.0495937,,한전주,051-419-4671,부산광역시 영도구청,2026-04-06
신선동001,1,부산광역시 영도구 영봉길 48,,35.090545,129.045059,,한전주,051-419-4671,부산광역시 영도구청,2026-04-06
신선동002,1,부산광역시 영도구 영도새싹길 34,,35.090193,129.045425,,한전주,051-419-4671,부산광역시 영도구청,2026-04-06
신선동003,1,부산광역시 영도구 영봉길 72,,35.090656,129.045211,,한전주,051-419-4671,부산광역시 영도구청,2026-04-06
신선동004,1,부산광역시 영도구 영도새싹길 146,,35.090728,129.045669,,한전주,051-419-4671,부산광역시 영도구청,2026-04-06
신선동005,1,부산광역시 영도구 영도새싹길 84,,35.090541,129.045806,,한전주,051-419-4671,부산광역시 영도구청,2026-04-06
신선동006,1,부산광역시 영도구 영도새싹길 106,,35.090728,129.045867,,한전주,051-419-4671,부산광역시 영도구청,2026-04-06
신선동007,1,부산광역시 영도구 영도새싹길 122,,35.090969,129.046051,,한전주,051-419-4671,부산광역시 영도구청,2026-04-06
신선동008,1,부산광역시 영도구 영도새싹길 198,,35.091087,129.045989,,한전주,051-419-4671,부산광역시 영도구청,2026-04-06
신선동009,1,부산광역시 영도구 영도새싹길 234,,35.091228,129.046095,,한전주,051-419-4671,부산광역시 영도구청,2026-04-06
신선동010,1,부산광역시 영도구 영도새싹길 152,,35.090950,129.045822,,한전주,051-419-4671,부산광역시 영도구청,2026-04-06
신선동011,1,부산광역시 영도구 영봉길 106,,35.090909,129.045410,,한전주,051-419-4671,부산광역시 영도구청,2026-04-06
신선동012,1,부산광역시 영도구 영도새싹길 240,,35.091308,129.045944,,한전주,051-419-4671,부산광역시 영도구청,2026-04-06
신선동013,1,부산광역시 영도구 영봉길 144,,35.091964,129.045959,,한전주,051-419-4671,부산광역시 영도구청,2026-04-06
신선동014,1,부산광역시 영도구 영봉길 138,,35.091796,129.045822,,한전주,051-419-4671,부산광역시 영도구청,2026-04-06
신선동015,1,부산광역시 영도구 영봉길 132,,35.091682,129.045684,,한전주,051-419-4671,부산광역시 영도구청,2026-04-06
신선동016,1,부산광역시 영도구 영봉길 130,,35.091648,129.0456661,,한전주,051-419-4671,부산광역시 영도구청,2026-04-06
신선동017,1,부산광역시 영도구 번영길 33,,35.092304,129.046081,,한전주,051-419-4671,부산광역시 영도구청,2026-04-06
신선동018,1,부산광역시 영도구 번영1길 175,,35.092571,129.046249,,한전주,051-419-4671,부산광역시 영도구청,2026-04-06
신선동019,1,부산광역시 영도구 번영1길 175,,35.092596,129.046203,,한전주,051-419-4671,부산광역시 영도구청,2026-04-06
신선동020,1,부산광역시 영도구 번영1길 163,,35.092727,129.0461644,,한전주,051-419-4671,부산광역시 영도구청,2026-04-06
신선동021,1,부산광역시 영도구 번영1길 113,,35.092727,129.0465887,,한전주,051-419-4671,부산광역시 영도구청,2026-04-06
신선동022,1,부산광역시 영도구 번영1길 117,,35.092823,129.0464842,,한전주,051-419-4671,부산광역시 영도구청,2026-04-06
신선동023,1,부산광역시 영도구 번영1길 123,,35.092884,129.046386,,한전주,051-419-4671,부산광역시 영도구청,2026-04-06
신선동024,1,부산광역시 영도구 아리랑4길 4,,35.092514,129.0465404,,한전주,051-419-4671,부산광역시 영도구청,2026-04-06
신선동025,1,부산광역시 영도구 아리랑4길 42,,35.092276,129.046630,,한전주,051-419-4671,부산광역시 영도구청,2026-04-06
신선동026,1,부산광역시 영도구 아리랑4길 38,,35.092193,129.046524,,한전주,051-419-4671,부산광역시 영도구청,2026-04-06
신선동027,1,부산광역시 영도구 아리랑4길 32,,35.092044,129.0463845,,한전주,051-419-4671,부산광역시 영도구청,2026-04-06
신선동028,1,부산광역시 영도구 아리랑4길 68,,35.092250,129.046875,,한전주,051-419-4671,부산광역시 영도구청,2026-04-06
신선동029,1,부산광역시 영도구 아리랑4길 88,,35.092010,129.0469375,,한전주,051-419-4671,부산광역시 영도구청,2026-04-06
신선동030,1,부산광역시 영도구 아리랑4길 106,,35.091983,129.047058,,한전주,051-419-4671,부산광역시 영도구청,2026-04-06
신선동031,1,부산광역시 영도구 아리랑4길 82,,35.091910,129.0467672,,한전주,051-419-4671,부산광역시 영도구청,2026-04-06
신선동032,1,부산광역시 영도구 아리랑길 166,,35.091964,129.046630,,한전주,051-419-4671,부산광역시 영도구청,2026-04-06
신선동033,1,부산광역시 영도구 아리랑길 208,,35.091709,129.0463438,,한전주,051-419-4671,부산광역시 영도구청,2026-04-06
신선동034,1,부산광역시 영도구 아리랑길 214,,35.091529,129.046432,,한전주,051-419-4671,부산광역시 영도구청,2026-04-06
신선동035,1,부산광역시 영도구 아리랑길 198,,35.091887,129.046295,,한전주,051-419-4671,부산광역시 영도구청,2026-04-06
신선동036,1,부산광역시 영도구 아리랑길 191,,35.091737,129.047073,,한전주,051-419-4671,부산광역시 영도구청,2026-04-06
신선동037,1,부산광역시 영도구 아리랑길 195,,35.091560,129.047134,,한전주,051-419-4671,부산광역시 영도구청,2026-04-06
신선동038,1,부산광역시 영도구 아리랑길 199,,35.091575,129.047393,,한전주,051-419-4671,부산광역시 영도구청,2026-04-06
신선동039,1,부산광역시 영도구 아리랑길 227,,35.091419,129.046997,,한전주,051-419-4671,부산광역시 영도구청,2026-04-06
신선동040,1,부산광역시 영도구 아리랑길 223,,35.091425,129.047103,,한전주,051-419-4671,부산광역시 영도구청,2026-04-06
신선동041,1,부산광역시 영도구 아리랑길 209,,35.091509,129.047195,,한전주,051-419-4671,부산광역시 영도구청,2026-04-06
신선동042,1,부산광역시 영도구 아리랑길 215,,35.091407,129.047302,,한전주,051-419-4671,부산광역시 영도구청,2026-04-06
신선동043,1,부산광역시 영도구 아리랑길 253,,35.091598,129.046859,,한전주,051-419-4671,부산광역시 영도구청,2026-04-06
신선동044,1,부산광역시 영도구 아리랑길 227,,35.091453,129.046936,,한전주,051-419-4671,부산광역시 영도구청,2026-04-06
신선동045,1,부산광역시 영도구 아리랑길 277,,35.091331,129.046600,,한전주,051-419-4671,부산광역시 영도구청,2026-04-06
신선동046,1,부산광역시 영도구 한결길 95,,35.091224,129.046829,,한전주,051-419-4671,부산광역시 영도구청,2026-04-06
신선동047,1,부산광역시 영도구 한결길 81,,35.091096,129.046447,,한전주,051-419-4671,부산광역시 영도구청,2026-04-06
신선동048,1,부산광역시 영도구 한결길 50,,35.091037,129.046234,,한전주,051-419-4671,부산광역시 영도구청,2026-04-06
신선동049,1,부산광역시 영도구 영도새싹길 222,,35.090904,129.046279,,한전주,051-419-4671,부산광역시 영도구청,2026-04-06
신선동050,1,부산광역시 영도구 영도새싹길 214,,35.090892,129.046392,,한전주,051-419-4671,부산광역시 영도구청,2026-04-06
신선동051,1,부산광역시 영도구 참우물길 5,,35.090862,129.046737,,한전주,051-419-4671,부산광역시 영도구청,2026-04-06
신선동052,1,부산광역시 영도구 참우물길 99,,35.090728,129.046875,,한전주,051-419-4671,부산광역시 영도구청,2026-04-06
신선동053,1,부산광역시 영도구 한결길 92,,35.090904,129.047027,,한전주,051-419-4671,부산광역시 영도구청,2026-04-06
신선동054,1,부산광역시 영도구 참우물길 69,,35.090663,129.046936,,한전주,051-419-4671,부산광역시 영도구청,2026-04-06
신선동055,1,부산광역시 영도구 참우물길 75,,35.09059958,129.046829,,한전주,051-419-4671,부산광역시 영도구청,2026-04-06
신선동056,1,부산광역시 영도구 참우물길 77,,35.090526,129.0468382,,한전주,051-419-4671,부산광역시 영도구청,2026-04-06
신선동057,1,부산광역시 영도구 참우물길 83,,35.090266,129.046752,,한전주,051-419-4671,부산광역시 영도구청,2026-04-06
신선동058,1,부산광역시 영도구 참우물길 12,,35.090625,129.046630,,한전주,051-419-4671,부산광역시 영도구청,2026-04-06
신선동059,1,부산광역시 영도구 참우물길 23,,35.090446,129.046905,,한전주,051-419-4671,부산광역시 영도구청,2026-04-06
신선동060,1,부산광역시 영도구 참우물길 35,,35.090114,129.046844,,한전주,051-419-4671,부산광역시 영도구청,2026-04-06
신선동061,1,부산광역시 영도구 참우물길 125,,35.090145,129.046615,,한전주,051-419-4671,부산광역시 영도구청,2026-04-06
신선동062,1,부산광역시 영도구 참우물길 131,,35.089922,129.046581,,전용주,051-419-4671,부산광역시 영도구청,2026-04-06
신선동063,1,부산광역시 영도구 참우물길 211,,35.089759,129.046661,,전용주,051-419-4671,부산광역시 영도구청,2026-04-06
신선동064,1,부산광역시 영도구 참우물길 207,,35.089843,129.0467876,,한전주,051-419-4671,부산광역시 영도구청,2026-04-06
신선동065,1,부산광역시 영도구 참우물길 213,,35.089656,129.046722,,한전주,051-419-4671,부산광역시 영도구청,2026-04-06
신선동066,1,부산광역시 영도구 참우물길 245,,35.089519,129.046813,,한전주,051-419-4671,부산광역시 영도구청,2026-04-06
신선동068,1,부산광역시 영도구 꿈나무길 41,,35.090126,129.0462132,,전용주,051-419-4671,부산광역시 영도구청,2026-04-06
신선동069,1,부산광역시 영도구 꿈나무길 41,,35.090126,129.0462132,,전용주,051-419-4671,부산광역시 영도구청,2026-04-06
신선동070,1,부산광역시 영도구 새롬길 189,,35.088935,129.0464961,,한전주,051-419-4671,부산광역시 영도구청,2026-04-06
신선동071,1,부산광역시 영도구 새롬길 189,,35.088912,129.046447,,한전주,051-419-4671,부산광역시 영도구청,2026-04-06
신선동072,1,부산광역시 영도구 새롬길 203,,35.088684,129.046371,,한전주,051-419-4671,부산광역시 영도구청,2026-04-06
신선동073,1,부산광역시 영도구 새천년길 90,,35.088493,129.046157,,한전주,051-419-4671,부산광역시 영도구청,2026-04-06
신선동074,1,부산광역시 영도구 새천년길 102,,35.088489,129.045694,,한전주,051-419-4671,부산광역시 영도구청,2026-04-06
신선동075,1,부산광역시 영도구 새롬길 133,,35.088508,129.0463342,,한전주,051-419-4671,부산광역시 영도구청,2026-04-06
신선동076,1,부산광역시 영도구 새롬길 121,,35.088497,129.0465173,,한전주,051-419-4671,부산광역시 영도구청,2026-04-06
신선동077,1,부산광역시 영도구 새롬길 183,,35.088951,129.0466864,,한전주,051-419-4671,부산광역시 영도구청,2026-04-06
신선동078,1,부산광역시 영도구 새롬길 183,,35.088993,129.046646,,한전주,051-419-4671,부산광역시 영도구청,2026-04-06
신선동079,1,부산광역시 영도구 새롬길 42,,35.089080,129.0469166,,한전주,051-419-4671,부산광역시 영도구청,2026-04-06
신선동080,1,부산광역시 영도구 새롬길 81,,35.088851,129.046813,,한전주,051-419-4671,부산광역시 영도구청,2026-04-06
신선동081,1,부산광역시 영도구 새롬길 81,,35.088813,129.046859,,한전주,051-419-4671,부산광역시 영도구청,2026-04-06
신선동082,1,부산광역시 영도구 새롬길 25,,35.088722,129.046844,,한전주,051-419-4671,부산광역시 영도구청,2026-04-06
신선동083,1,부산광역시 영도구 새롬길 43,,35.088619,129.046722,,한전주,051-419-4671,부산광역시 영도구청,2026-04-06
신선동084,1,부산광역시 영도구 새롬길 17,,35.088913,129.0470103,,한전주,051-419-4671,부산광역시 영도구청,2026-04-06
신선동085,1,부산광역시 영도구 새롬길 56,,35.089416,129.047012,,한전주,051-419-4671,부산광역시 영도구청,2026-04-06
신선동086,1,부산광역시 영도구 새롬길 56,,35.089454,129.047042,,한전주,051-419-4671,부산광역시 영도구청,2026-04-06
신선동087,1,부산광역시 영도구 새롬길 56,,35.089408,129.047073,,한전주,051-419-4671,부산광역시 영도구청,2026-04-06
신선동088,1,부산광역시 영도구 참우물길 179,,35.089584,129.047073,,한전주,051-419-4671,부산광역시 영도구청,2026-04-06
신선동089,1,부산광역시 영도구 참우물길 187,,35.089748,129.046951,,한전주,051-419-4671,부산광역시 영도구청,2026-04-06
신선동090,1,부산광역시 영도구 참우물길 217,,35.089698,129.046859,,한전주,051-419-4671,부산광역시 영도구청,2026-04-06
신선동091,1,부산광역시 영도구 진달래길 115,,35.090189,129.046981,,한전주,051-419-4671,부산광역시 영도구청,2026-04-06
신선동092,1,부산광역시 영도구 진달래길 70,,35.090507,129.047088,,한전주,051-419-4671,부산광역시 영도구청,2026-04-06
신선동093,1,부산광역시 영도구 참우물길 19,,35.090648,129.047073,,한전주,051-419-4671,부산광역시 영도구청,2026-04-06
신선동094,1,부산광역시 영도구 한결길 95,,35.091251,129.0468719,,한전주,051-419-4671,부산광역시 영도구청,2026-04-06
신선동095,1,부산광역시 영도구 상수도길 53,,35.091201,129.047866,,한전주,051-419-4671,부산광역시 영도구청,2026-04-06
신선동096,1,부산광역시 영도구 상수도길 39,,35.091079,129.0483463,,한전주,051-419-4671,부산광역시 영도구청,2026-04-06
신선동097,1,부산광역시 영도구 상수도길 49,,35.091148,129.048004,,한전주,051-419-4671,부산광역시 영도구청,2026-04-06
동삼1동027,1,부산광역시 영도구 절영로490번길8-22,,35.069671,129.069638,,한전주,051-419-4671,부산광역시 영도구청,2026-04-06
동삼1동028,1,부산광역시 영도구 절영로490번길,,35.070487,129.069213,,전용주,051-419-4671,부산광역시 영도구청,2026-04-06
동삼1동029,1,부산광역시 영도구 절영로490번길,,35.070995,129.069534,,한전주,051-419-4671,부산광역시 영도구청,2026-04-06
동삼1동030,1,부산광역시 영도구 절영로490번길8-8,,35.070770,129.0694266,,한전주,051-419-4671,부산광역시 영도구청,2026-04-06
동삼1동031,1,부산광역시 영도구 절영로490번길,,35.070362,129.068954,,한전주,051-419-4671,부산광역시 영도구청,2026-04-06
동삼1동032,1,부산광역시 영도구 중리남로37,,35.070201,129.0684828,,한전주,051-419-4671,부산광역시 영도구청,2026-04-06
동삼1동033,1,부산광역시 영도구 중리남로35,,35.069844,129.0684119,,한전주,051-419-4671,부산광역시 영도구청,2026-04-06
동삼1동034,1,부산광역시 영도구 중리남로35,,35.069862,129.068481,,한전주,051-419-4671,부산광역시 영도구청,2026-04-06
동삼1동035,1,부산광역시 영도구 중리남로38,,35.069957,129.0686804,,전용주,051-419-4671,부산광역시 영도구청,2026-04-06
동삼1동036,1,부산광역시 영도구 중리남로38,,35.069957,129.0686804,,한전주,051-419-4671,부산광역시 영도구청,2026-04-06
동삼1동037,1,부산광역시 영도구 절영로472-4,,35.070152,129.068222,,한전주,051-419-4671,부산광역시 영도구청,2026-04-06
동삼1동038,1,부산광역시 영도구 중리남로27,,35.069805,129.0679061,,한전주,051-419-4671,부산광역시 영도구청,2026-04-06
동삼1동039,1,부산광역시 영도구 중리남로27,,35.069805,129.067916,,한전주,051-419-4671,부산광역시 영도구청,2026-04-06
동삼1동040,1,부산광역시 영도구 중리남로28,,35.069557,129.0678613,,한전주,051-419-4671,부산광역시 영도구청,2026-04-06
동삼1동041,1,부산광역시 영도구 중리남로19-1,,35.069530,129.067153,,한전주,051-419-4671,부산광역시 영도구청,2026-04-06
동삼1동042,1,부산광역시 영도구 중리남로18-4,,35.069008,129.066940,,한전주,051-419-4671,부산광역시 영도구청,2026-04-06
동삼1동043,1,부산광역시 영도구 중리남로12,,35.068965,129.0664187,,한전주,051-419-4671,부산광역시 영도구청,2026-04-06
동삼1동044,1,부산광역시 영도구 중리남로12,,35.068943,129.0664187,,한전주,051-419-4671,부산광역시 영도구청,2026-04-06
동삼1동045,1,부산광역시 영도구 중리남로6번길,,35.068447,129.066436,,전용주,051-419-4671,부산광역시 영도구청,2026-04-06
동삼1동046,1,부산광역시 영도구 중리남로6번길15,,35.068656,129.066574,,한전주,051-419-4671,부산광역시 영도구청,2026-04-06
동삼1동047,1,부산광역시 영도구 중리남로6번길15,,35.068628,129.066574,,한전주,051-419-4671,부산광역시 영도구청,2026-04-06
동삼1동048,1,부산광역시 영도구 중리남로6번길64,,35.067022,129.0673622,,한전주,051-419-4671,부산광역시 영도구청,2026-04-06
동삼1동049,1,부산광역시 영도구 중리남로6번길64,,35.067077,129.0673622,,한전주,051-419-4671,부산광역시 영도구청,2026-04-06
동삼1동050,1,부산광역시 영도구 중리남로6번길64,,35.067031,129.067306,,전용주,051-419-4671,부산광역시 영도구청,2026-04-06
동삼1동051,1,부산광역시 영도구 중리남로16번길45,,35.067096,129.067703,,전용주,051-419-4671,부산광역시 영도구청,2026-04-06
동삼1동052,1,부산광역시 영도구 중리북로22번길,,35.070224,129.067657,,한전주,051-419-4671,부산광역시 영도구청,2026-04-06
동삼1동053,1,부산광역시 영도구 중리북로22번길20-36,,35.070484,129.0675574,,한전주,051-419-4671,부산광역시 영도구청,2026-04-06
동삼1동054,1,부산광역시 영도구 중리북로22번길20-12,,35.070858,129.067733,,전용주,051-419-4671,부산광역시 영도구청,2026-04-06
동삼1동055,1,부산광역시 영도구 중리남로6길4-23,,35.067447,129.066146,,한전주,051-419-4671,부산광역시 영도구청,2026-04-06
동삼1동056,1,부산광역시 영도구 중리북로10,,35.070128,129.0669438,,한전주,051-419-4671,부산광역시 영도구청,2026-04-06
동삼1동057,1,부산광역시 영도구 중리북로22번길20-12,,35.070880,129.067733,,한전주,051-419-4671,부산광역시 영도구청,2026-04-06
동삼1동058,1,부산광역시 영도구 중리북로22번길19,,35.071056,129.067708,,한전주,051-419-4671,부산광역시 영도구청,2026-04-06
동삼1동059,1,부산광역시 영도구 중리북로22번길13,,35.071094,129.067504,,한전주,051-419-4671,부산광역시 영도구청,2026-04-06
동삼1동060,1,부산광역시 영도구 중리북로22번길7,,35.071147,129.0671056,,전용주,051-419-4671,부산광역시 영도구청,2026-04-06
동삼1동061,1,부산광역시 영도구 중리북로22번길27,,35.071328,129.0681569,,한전주,051-419-4671,부산광역시 영도구청,2026-04-06
동삼1동062,1,부산광역시 영도구 중리북로22번길27,,35.071304,129.068130,,한전주,051-419-4671,부산광역시 영도구청,2026-04-06
동삼1동063,1,부산광역시 영도구 중리북로22번길23,,35.071212,129.068099,,한전주,051-419-4671,부산광역시 영도구청,2026-04-06
동삼1동064,1,부산광역시 영도구 절영로477-10,,35.071071,129.0684185,,한전주,051-419-4671,부산광역시 영도구청,2026-04-06
동삼1동065,2,부산광역시 영도구 절영로475-6,,35.070812,129.0682549,,한전주,051-419-4671,부산광역시 영도구청,2026-04-06
동삼1동066,1,부산광역시 영도구 중리북로22번길34,,35.071157,129.0683856,,한전주,051-419-4671,부산광역시 영도구청,2026-04-06
동삼1동067,1,부산광역시 영도구 절영로479-7,,35.071093,129.0685973,,한전주,051-419-4671,부산광역시 영도구청,2026-04-06
동삼1동068,1,부산광역시 영도구 절영로483-5,,35.071273,129.0688715,,한전주,051-419-4671,부산광역시 영도구청,2026-04-06
동삼1동069,1,부산광역시 영도구 절영로,,35.071292,129.069473,,전용주,051-419-4671,부산광역시 영도구청,2026-04-06
동삼1동070,1,부산광역시 영도구 중리북로25,,35.071484,129.067184,,한전주,051-419-4671,부산광역시 영도구청,2026-04-06
동삼1동071,1,부산광역시 영도구 중리북로29번길10,,35.071708,129.0672192,,한전주,051-419-4671,부산광역시 영도구청,2026-04-06
동삼1동072,1,부산광역시 영도구 중리북로29번길19,,35.071934,129.0667747,,한전주,051-419-4671,부산광역시 영도구청,2026-04-06
동삼1동073,1,부산광역시 영도구 중리북로29번길22-5,,35.072360,129.067001,,전용주,051-419-4671,부산광역시 영도구청,2026-04-06
동삼1동074,1,부산광역시 영도구 중리북로29번길22-5,,35.072315,129.0670628,,한전주,051-419-4671,부산광역시 영도구청,2026-04-06
동삼1동075,1,부산광역시 영도구 중리북로39번길9-3,,35.071571,129.067886,,한전주,051-419-4671,부산광역시 영도구청,2026-04-06
동삼1동076,1,부산광역시 영도구 중리북로37,,35.071613,129.0683672,,한전주,051-419-4671,부산광역시 영도구청,2026-04-06
동삼1동077,1,부산광역시 영도구 중리북로39번길2-6,,35.071903,129.068527,,한전주,051-419-4671,부산광역시 영도구청,2026-04-06
동삼1동078,1,부산광역시 영도구 중리북로39번길8,,35.071846,129.068054,,한전주,051-419-4671,부산광역시 영도구청,2026-04-06
동삼1동079,1,부산광역시 영도구 중리북로39번길9-3,,35.071598,129.067825,,한전주,051-419-4671,부산광역시 영도구청,2026-04-06
동삼1동080,1,부산광역시 영도구 중리북로39번길13,,35.071778,129.067871,,한전주,051-419-4671,부산광역시 영도구청,2026-04-06
동삼1동081,1,부산광역시 영도구 중리북로39번길19,,35.072120,129.0677428,,한전주,051-419-4671,부산광역시 영도구청,2026-04-06
동삼1동082,1,부산광역시 영도구 중리북로39번길11-9,,35.072093,129.067467,,한전주,051-419-4671,부산광역시 영도구청,2026-04-06
동삼1동083,1,부산광역시 영도구 중리북로39번길18-1,,35.072177,129.067855,,한전주,051-419-4671,부산광역시 영도구청,2026-04-06
동삼1동084,1,부산광역시 영도구 중리북로39번길23,,35.072368,129.0675697,,한전주,051-419-4671,부산광역시 영도구청,2026-04-06
동삼1동085,1,부산광역시 영도구 중리북로39번길27,,35.072463,129.0674599,,한전주,051-419-4671,부산광역시 영도구청,2026-04-06
동삼1동086,1,부산광역시 영도구 중리북로39번길27,,35.072485,129.067443,,한전주,051-419-4671,부산광역시 영도구청,2026-04-06
동삼1동087,1,부산광역시 영도구 중리북로41번길11,,35.072052,129.068771,,한전주,051-419-4671,부산광역시 영도구청,2026-04-06
동삼1동088,1,부산광역시 영도구 중리북로41번길19-1,,35.072399,129.068405,,한전주,051-419-4671,부산광역시 영도구청,2026-04-06
동삼1동089,1,부산광역시 영도구 중리로23-7,,35.072753,129.068283,,한전주,051-419-4671,부산광역시 영도구청,2026-04-06
동삼1동090,2,부산광역시 영도구 중리로,,35.072700,129.068618,,한전주,051-419-4671,부산광역시 영도구청,2026-04-06
동삼1동091,1,부산광역시 영도구 중리북로51-8,,35.072019,129.0697226,,한전주,051-419-4671,부산광역시 영도구청,2026-04-06
동삼1동092,1,부산광역시 영도구 절영로503-3,,35.072406,129.0702962,,한전주,051-419-4671,부산광역시 영도구청,2026-04-06
동삼1동093,1,부산광역시 영도구 절영로503-3,,35.072462,129.0702962,,한전주,051-419-4671,부산광역시 영도구청,2026-04-06
동삼1동094,1,부산광역시 영도구 절영로513-35,,35.072960,129.0708077,,한전주,051-419-4671,부산광역시 영도구청,2026-04-06
동삼1동095,1,부산광역시 영도구 절영로513-3,,35.073001,129.070678,,한전주,051-419-4671,부산광역시 영도구청,2026-04-06
동삼1동096,1,부산광역시 영도구 절영로513-32,,35.073165,129.0705299,,한전주,051-419-4671,부산광역시 영도구청,2026-04-06
동삼1동097,1,부산광역시 영도구 절영로503-26,,35.072977,129.070373,,한전주,051-419-4671,부산광역시 영도구청,2026-04-06
동삼1동098,1,부산광역시 영도구 절영로503-30,,35.072929,129.070007,,한전주,051-419-4671,부산광역시 영도구청,2026-04-06
동삼1동099,1,부산광역시 영도구 절영로511-8,,35.072881,129.0716751,,한전주,051-419-4671,부산광역시 영도구청,2026-04-06
동삼1동100,1,부산광역시 영도구 절영로511-8,,35.072881,129.0716751,,한전주,051-419-4671,부산광역시 영도구청,2026-04-06
동삼1동101,1,부산광역시 영도구 절영로,,35.072982,129.071197,,전용주,051-419-4671,부산광역시 영도구청,2026-04-06
동삼1동102,1,부산광역시 영도구 태종로668번길21-2,,35.07329976,129.073577,,한전주,051-419-4671,부산광역시 영도구청,2026-04-06
동삼1동103,1,부산광역시 영도구 태종로668번길18,,35.073650,129.0738612,,한전주,051-419-4671,부산광역시 영도구청,2026-04-06
동삼1동104,1,부산광역시 영도구 태종로668번길17-5,,35.073505,129.0741378,,한전주,051-419-4671,부산광역시 영도구청,2026-04-06
동삼1동105,1,부산광역시 영도구 탸종로668번길,,35.073631,129.074081,,한전주,051-419-4671,부산광역시 영도구청,2026-04-06
동삼1동106,1,부산광역시 영도구 태종로668번길1,,35.073820,129.0741952,,한전주,051-419-4671,부산광역시 영도구청,2026-04-06
동삼1동107,1,부산광역시 영도구 태종로668번길2-1,,35.073909,129.073944,,한전주,051-419-4671,부산광역시 영도구청,2026-04-06
동삼1동108,1,부산광역시 영도구 태종로642번길4,,35.076368,129.073150,,한전주,051-419-4671,부산광역시 영도구청,2026-04-06
동삼1동109,1,부산광역시 영도구 태종로642번길14,,35.076587,129.072682,,한전주,051-419-4671,부산광역시 영도구청,2026-04-06
동삼1동110,1,부산광역시 영도구 태종로642번길19,,35.076337,129.072357,,한전주,051-419-4671,부산광역시 영도구청,2026-04-06
동삼1동111,1,부산광역시 영도구 동삼로28번길12,,35.076640,129.072219,,한전주,051-419-4671,부산광역시 영도구청,2026-04-06
동삼1동112,1,부산광역시 영도구 태종로368번길18,,35.076835,129.072448,,한전주,051-419-4671,부산광역시 영도구청,2026-04-06
동삼1동113,1,부산광역시 영도구 태종로638번길14,,35.076702,129.0726378,,한전주,051-419-4671,부산광역시 영도구청,2026-04-06
동삼1동114,1,부산광역시 영도구 태종로638번길9,,35.076587,129.072830,,한전주,051-419-4671,부산광역시 영도구청,2026-04-06
동삼1동115,1,부산광역시 영도구 태종로638번길5,,35.076599,129.073074,,한전주,051-419-4671,부산광역시 영도구청,2026-04-06
동삼1동116,1,부산광역시 영도구 동삼로28번길7-6,,35.076735,129.071960,,한전주,051-419-4671,부산광역시 영도구청,2026-04-06
동삼1동117,1,부산광역시 영도구 동삼로28번길7-10,,35.076828,129.071777,,한전주,051-419-4671,부산광역시 영도구청,2026-04-06
동삼1동118,1,부산광역시 영도구 동삼로28번길7-12,,35.076849,129.071578,,한전주,051-419-4671,부산광역시 영도구청,2026-04-06
동삼1동119,1,부산광역시 영도구 동삼로42번길16-4,,35.077064,129.0718171,,한전주,051-419-4671,부산광역시 영도구청,2026-04-06
동삼1동120,1,부산광역시 영도구 동삼로42번길16,,35.077078,129.0716812,,한전주,051-419-4671,부산광역시 영도구청,2026-04-06
동삼1동121,1,부산광역시 영도구 동삼로42번길16-5,,35.077129,129.0718819,,한전주,051-419-4671,부산광역시 영도구청,2026-04-06
동삼1동122,1,부산광역시 영도구 동삼로42번길17,,35.077267,129.0718051,,한전주,051-419-4671,부산광역시 영도구청,2026-04-06
동삼1동123,1,부산광역시 영도구 동삼록2번길12,,35.077133,129.071517,,한전주,051-419-4671,부산광역시 영도구청,2026-04-06
동삼1동124,1,부산광역시 영도구 동삼로42번길9,,35.077317,129.0713254,,한전주,051-419-4671,부산광역시 영도구청,2026-04-06
동삼1동125,1,부산광역시 영도구 동삼로42번길,,35.077159,129.071090,,한전주,051-419-4671,부산광역시 영도구청,2026-04-06
동삼1동126,1,부산광역시 영도구 동삼로50번길1,,35.077701,129.071121,,한전주,051-419-4671,부산광역시 영도구청,2026-04-06
동삼1동127,1,부산광역시 영도구 동삼로50번길18,,35.077567,129.0715663,,한전주,051-419-4671,부산광역시 영도구청,2026-04-06
동삼1동128,1,부산광역시 영도구 동삼로50번길,,35.077697,129.071670,,한전주,051-419-4671,부산광역시 영도구청,2026-04-06
동삼1동129,1,부산광역시 영도구 동삼로50번길27,,35.077910,129.0720418,,한전주,051-419-4671,부산광역시 영도구청,2026-04-06
동삼1동130,1,부산광역시 영도구 동삼로50번길34,,35.077736,129.0723233,,한전주,051-419-4671,부산광역시 영도구청,2026-04-06
동삼1동131,1,부산광역시 영도구 동삼로50번길39,,35.077922,129.072662,,한전주,051-419-4671,부산광역시 영도구청,2026-04-06
동삼1동132,1,부산광역시 영도구 웃서발로102-3,,35.078193,129.073120,,한전주,051-419-4671,부산광역시 영도구청,2026-04-06
동삼1동133,1,부산광역시 영도구 웃서발로98-3,,35.078361,129.072631,,한전주,051-419-4671,부산광역시 영도구청,2026-04-06
동삼1동134,1,부산광역시 영도구 웃서발로94번길1,,35.078594,129.072402,,한전주,051-419-4671,부산광역시 영도구청,2026-04-06
동삼1동135,1,부산광역시 영도구 웃서발로94번길7,,35.078363,129.0723293,,한전주,051-419-4671,부산광역시 영도구청,2026-04-06
동삼1동136,1,부산광역시 영도구 웃서발로94번길15,,35.078079,129.072021,,한전주,051-419-4671,부산광역시 영도구청,2026-04-06
동삼1동137,1,부산광역시 영도구 동삼로50번길27,,35.077910,129.0720418,,한전주,051-419-4671,부산광역시 영도구청,2026-04-06
동삼1동138,1,부산광역시 영도구 웃서발로88-4,,35.078739,129.0714755,,한전주,051-419-4671,부산광역시 영도구청,2026-04-06
동삼1동139,1,부산광역시 영도구 웃서발로82-5,,35.078742,129.0710321,,한전주,051-419-4671,부산광역시 영도구청,2026-04-06
동삼1동140,1,부산광역시 영도구 웃서발로80,,35.078884,129.070791,,한전주,051-419-4671,부산광역시 영도구청,2026-04-06
동삼1동141,1,부산광역시 영도구 웃서발로80-5,,35.078788,129.0709012,,한전주,051-419-4671,부산광역시 영도구청,2026-04-06
동삼1동142,1,부산광역시 영도구 웃서발로78,,35.078847,129.0705713,,한전주,051-419-4671,부산광역시 영도구청,2026-04-06
동삼1동143,1,부산광역시 영도구 웃서발로56,,35.079089,129.0680821,,한전주,051-419-4671,부산광역시 영도구청,2026-04-06
동삼1동144,1,부산광역시 영도구 동삼로68,,35.079506,129.070358,,전용주,051-419-4671,부산광역시 영도구청,2026-04-06
동삼1동145,1,부산광역시 영도구 웃서발로67번길9,,35.079601,129.0694231,,한전주,051-419-4671,부산광역시 영도구청,2026-04-06
동삼1동146,1,부산광역시 영도구 웃서발로83번길7,,35.079292,129.070983,,한전주,051-419-4671,부산광역시 영도구청,2026-04-06
동삼1동147,1,부산광역시 영도구 웃서발로83,,35.079010,129.0712844,,한전주,051-419-4671,부산광역시 영도구청,2026-04-06
동삼1동148,1,부산광역시 영도구 웃서발로83번길10-7,,35.079512,129.0712699,,한전주,051-419-4671,부산광역시 영도구청,2026-04-06
동삼1동149,1,부산광역시 영도구 웃서발로83번길19,,35.079776,129.070658,,한전주,051-419-4671,부산광역시 영도구청,2026-04-06
동삼1동150,1,부산광역시 영도구 웃서발로74번길10,,35.079982,129.070709,,한전주,051-419-4671,부산광역시 영도구청,2026-04-06
동삼1동151,1,부산광역시 영도구 웃서발로83번길30,,35.080195,129.0707451,,한전주,051-419-4671,부산광역시 영도구청,2026-04-06
동삼1동152,1,부산광역시 영도구 동삼로68번길18,,35.079596,129.0712436,,한전주,051-419-4671,부산광역시 영도구청,2026-04-06
동삼1동153,1,부산광역시 영도구 동삼로83번길19,,35.079727,129.071319,,한전주,051-419-4671,부산광역시 영도구청,2026-04-06
동삼1동154,1,부산광역시 영도구 동삼로68번길21,,35.079834,129.0713239,,한전주,051-419-4671,부산광역시 영도구청,2026-04-06
동삼1동155,1,부산광역시 영도구 동삼로68번길25,,35.079908,129.071685,,한전주,051-419-4671,부산광역시 영도구청,2026-04-06
동삼1동156,1,부산광역시 영도구 웃서발로93번길20,,35.079697,129.0718007,,한전주,051-419-4671,부산광역시 영도구청,2026-04-06
동삼1동157,1,부산광역시 영도구 웃서발로93번길17,,35.079509,129.0717429,,전용주,051-419-4671,부산광역시 영도구청,2026-04-06
동삼1동158,1,부산광역시 영도구 웃서발로93번길16-6,,35.079460,129.0721082,,한전주,051-419-4671,부산광역시 영도구청,2026-04-06
동삼1동159,1,부산광역시 영도구 웃서발로93번길14,,35.079405,129.0720036,,한전주,051-419-4671,부산광역시 영도구청,2026-04-06
동삼1동160,1,부산광역시 영도구 웃서발로85-9,,35.079392,129.071640,,한전주,051-419-4671,부산광역시 영도구청,2026-04-06
동삼1동161,1,부산광역시 영도구 웃서발로93번길8,,35.079192,129.0722199,,한전주,051-419-4671,부산광역시 영도구청,2026-04-06
동삼1동162,1,부산광역시 영도구 웃서발로93번길16-14,,35.079250,129.072372,,한전주,051-419-4671,부산광역시 영도구청,2026-04-06
동삼1동163,1,부산광역시 영도구 웃서발로93번길16-16,,35.079124,129.072418,,한전주,051-419-4671,부산광역시 영도구청,2026-04-06
동삼1동164,1,부산광역시 영도구 웃서발로93번길16-17,,35.079209,129.0724648,,한전주,051-419-4671,부산광역시 영도구청,2026-04-06
동삼1동165,1,부산광역시 영도구 웃서발로93번길15-10,,35.079376,129.072616,,한전주,051-419-4671,부산광역시 영도구청,2026-04-06
동삼1동166,1,부산광역시 영도구 웃서발로89-3,,35.079064,129.0718259,,한전주,051-419-4671,부산광역시 영도구청,2026-04-06
동삼1동167,1,부산광역시 영도구 웃서발로99번길5,,35.078904,129.0729561,,한전주,051-419-4671,부산광역시 영도구청,2026-04-06
동삼1동168,1,부산광역시 영도구 웃서발로99번길10,,35.079214,129.073059,,한전주,051-419-4671,부산광역시 영도구청,2026-04-06
동삼1동169,1,부산광역시 영도구 웃서발로99번길21,,35.079589,129.072738,,한전주,051-419-4671,부산광역시 영도구청,2026-04-06
동삼1동170,1,부산광역시 영도구 웃서발로99번길28,,35.079746,129.072913,,한전주,051-419-4671,부산광역시 영도구청,2026-04-06
동삼1동173,1,부산광역시 영도구 동삼로68번길37-8,,35.080016,129.072456,,한전주,051-419-4671,부산광역시 영도구청,2026-04-06
동삼1동174,1,부산광역시 영도구 로14번길21-3,,35.080196,129.072082,,한전주,051-419-4671,부산광역시 영도구청,2026-04-06
동삼1동175,1,부산광역시 영도구 로21-1,,35.079982,129.071853,,한전주,051-419-4671,부산광역시 영도구청,2026-04-06
동삼1동177,1,부산광역시 영도구 로14번길25,,35.080272,129.071884,,한전주,051-419-4671,부산광역시 영도구청,2026-04-06
동삼1동178,1,부산광역시 영도구 로27-6,,35.080055,129.071685,,한전주,051-419-4671,부산광역시 영도구청,2026-04-06
동삼1동179,1,부산광역시 영도구 로27-5,,35.080184,129.071716,,한전주,051-419-4671,부산광역시 영도구청,2026-04-06
동삼1동180,1,부산광역시 영도구 로14번길7,,35.080688,129.071777,,한전주,051-419-4671,부산광역시 영도구청,2026-04-06
동삼1동181,1,부산광역시 영도구 로18-2,,35.080738,129.072128,,한전주,051-419-4671,부산광역시 영도구청,2026-04-06
동삼1동182,1,부산광역시 영도구 동삼북로21,,35.080696,129.072570,,한전주,051-419-4671,부산광역시 영도구청,2026-04-06
동삼1동183,1,부산광역시 영도구 동삼북로51,,35.080879,129.072616,,한전주,051-419-4671,부산광역시 영도구청,2026-04-06
동삼1동184,1,부산광역시 영도구 동삼북로51,,35.080829,129.0726904,,한전주,051-419-4671,부산광역시 영도구청,2026-04-06
동삼1동185,1,부산광역시 영도구 동삼북로,,35.080814,129.072341,,한전주,051-419-4671,부산광역시 영도구청,2026-04-06
동삼1동186,1,부산광역시 영도구 동삼북로47,,35.081157,129.0726436,,전용주,051-419-4671,부산광역시 영도구청,2026-04-06
동삼1동187,1,부산광역시 영도구 동삼북로41,,35.081497,129.0726261,,한전주,051-419-4671,부산광역시 영도구청,2026-04-06
동삼1동188,1,부산광역시 영도구 동삼북로40,,35.081526,129.072265,,한전주,051-419-4671,부산광역시 영도구청,2026-04-06
동삼1동189,1,부산광역시 영도구 동삼북로37,,35.082073,129.072204,,한전주,051-419-4671,부산광역시 영도구청,2026-04-06
동삼1동190,1,부산광역시 영도구 동삼북로,,35.082057,129.071777,,한전주,051-419-4671,부산광역시 영도구청,2026-04-06
동삼1동191,1,부산광역시 영도구 로13번길18,,35.081832,129.071884,,한전주,051-419-4671,부산광역시 영도구청,2026-04-06
동삼1동192,1,부산광역시 영도구 로14,,35.081649,129.071975,,한전주,051-419-4671,부산광역시 영도구청,2026-04-06
동삼1동193,1,부산광역시 영도구 동상동로13번길10,,35.081401,129.071884,,한전주,051-419-4671,부산광역시 영도구청,2026-04-06
동삼1동194,1,부산광역시 영도구 동삼북로13번길6,,35.081298,129.071945,,한전주,051-419-4671,부산광역시 영도구청,2026-04-06
동삼1동195,1,부산광역시 영도구 로7-4,,35.081607,129.071502,,한전주,051-419-4671,부산광역시 영도구청,2026-04-06
동삼1동196,1,부산광역시 영도구 동삼북로,,35.082435,129.071380,,전용주,051-419-4671,부산광역시 영도구청,2026-04-06
동삼1동197,1,부산광역시 영도구 동삼로108번길,,35.082607,129.071578,,한전주,051-419-4671,부산광역시 영도구청,2026-04-06
동삼1동198,2,부산광역시 영도구 동삼로108번길,,35.082588,129.071792,,한전주,051-419-4671,부산광역시 영도구청,2026-04-06
동삼1동199,1,부산광역시 영도구 동삼로106번길23,,35.082012,129.072616,,한전주,051-419-4671,부산광역시 영도구청,2026-04-06
동삼1동200,1,부산광역시 영도구 동삼로106번길31,,35.081672,129.072631,,한전주,051-419-4671,부산광역시 영도구청,2026-04-06
동삼1동201,1,부산광역시 영도구 동삼로106번길39,,35.081372,129.0728997,,한전주,051-419-4671,부산광역시 영도구청,2026-04-06
동삼1동202,1,부산광역시 영도구 동삼로106번길33,,35.081603,129.0728412,,한전주,051-419-4671,부산광역시 영도구청,2026-04-06
동삼1동203,1,부산광역시 영도구 동삼로106번길42,,35.081142,129.0727573,,한전주,051-419-4671,부산광역시 영도구청,2026-04-06
동삼1동204,1,부산광역시 영도구 동삼로106번길52,,35.080843,129.0728193,,한전주,051-419-4671,부산광역시 영도구청,2026-04-06
동삼1동205,1,부산광역시 영도구 동삼로106번길,,35.080566,129.073165,,한전주,051-419-4671,부산광역시 영도구청,2026-04-06
동삼1동206,1,부산광역시 영도구 동삼로106번길,,35.080402,129.073379,,한전주,051-419-4671,부산광역시 영도구청,2026-04-06
동삼1동207,1,부산광역시 영도구 동삼로108번길,,35.082767,129.072311,,한전주,051-419-4671,부산광역시 영도구청,2026-04-06
동삼1동208,1,부산광역시 영도구 동삼로108번길13-5,,35.082915,129.0721185,,한전주,051-419-4671,부산광역시 영도구청,2026-04-06
동삼1동209,1,부산광역시 영도구 동삼로108번길21,,35.082766,129.0727068,,한전주,051-419-4671,부산광역시 영도구청,2026-04-06
동삼1동210,1,부산광역시 영도구 동삼로108번길30,,35.082328,129.0728097,,한전주,051-419-4671,부산광역시 영도구청,2026-04-06
동삼1동211,1,부산광역시 영도구 동삼로108번길31,,35.082413,129.073028,,한전주,051-419-4671,부산광역시 영도구청,2026-04-06
동삼1동212,1,부산광역시 영도구 동삼로108번길,,35.082088,129.072967,,한전주,051-419-4671,부산광역시 영도구청,2026-04-06
동삼1동213,1,부산광역시 영도구 동삼로108번길39-4,,35.081909,129.073165,,한전주,051-419-4671,부산광역시 영도구청,2026-04-06
동삼1동214,1,부산광역시 영도구 동삼로108번길42,,35.081707,129.0729683,,한전주,051-419-4671,부산광역시 영도구청,2026-04-06
동삼1동215,1,부산광역시 영도구 동삼로108번길31-4,,35.082270,129.0731473,,한전주,051-419-4671,부산광역시 영도구청,2026-04-06
동삼1동216,1,부산광역시 영도구 동삼로108번길23-1,,35.082914,129.0727789,,한전주,051-419-4671,부산광역시 영도구청,2026-04-06
동삼1동217,1,부산광역시 영도구 동삼로114-6,,35.083198,129.0720147,,전용주,051-419-4671,부산광역시 영도구청,2026-04-06
동삼1동218,1,부산광역시 영도구 태종로514번길3,,35.084389,129.0731366,,한전주,051-419-4671,부산광역시 영도구청,2026-04-06
동삼1동219,1,부산광역시 영도구 태종로518번길9,,35.084053,129.073857,,한전주,051-419-4671,부산광역시 영도구청,2026-04-06
동삼1동220,1,부산광역시 영도구 태종로518번길11,,35.083862,129.0740257,,한전주,051-419-4671,부산광역시 영도구청,2026-04-06
동삼1동221,1,부산광역시 영도구 태종로518번길16,,35.083843,129.073699,,한전주,051-419-4671,부산광역시 영도구청,2026-04-06
동삼1동222,1,부산광역시 영도구 태종로518번길2-4,,35.084322,129.0734917,,한전주,051-419-4671,부산광역시 영도구청,2026-04-06
동삼1동223,1,부산광역시 영도구 태종로522번길6,,35.084187,129.0739716,,한전주,051-419-4671,부산광역시 영도구청,2026-04-06
동삼1동224,1,부산광역시 영도구 태종로522번길5-3,,35.084161,129.074386,,전용주,051-419-4671,부산광역시 영도구청,2026-04-06
동삼1동225,1,부산광역시 영도구 태종로522번길3-9,,35.084087,129.074462,,한전주,051-419-4671,부산광역시 영도구청,2026-04-06
동삼1동226,1,부산광역시 영도구 태종로522번길3-13,,35.083808,129.0744692,,한전주,051-419-4671,부산광역시 영도구청,2026-04-06
동삼1동227,1,부산광역시 영도구 태종로522번길11,,35.083844,129.0743418,,한전주,051-419-4671,부산광역시 영도구청,2026-04-06
신선동301,1,부산광역시 영도구 수정길 130,,35.084560,129.043457,,한전주,051-419-4671,부산광역시 영도구청,2026-04-06
신선동302,1,부산광역시 영도구 재능길 175,,35.084789,129.0434483,,한전주,051-419-4671,부산광역시 영도구청,2026-04-06
신선동303,1,부산광역시 영도구 수정길 120,,35.084602,129.043655,,한전주,051-419-4671,부산광역시 영도구청,2026-04-06
신선동304,1,부산광역시 영도구 수정길 114,,35.084491,129.043457,,한전주,051-419-4671,부산광역시 영도구청,2026-04-06
신선동305,1,부산광역시 영도구 남항새싹길 27,,35.084236,129.0432147,,한전주,051-419-4671,부산광역시 영도구청,2026-04-06
신선동306,1,부산광역시 영도구 수정길 155,,35.084217,129.0435271,,전용주,051-419-4671,부산광역시 영도구청,2026-04-06
신선동307,1,부산광역시 영도구 수정길 102,,35.084434,129.043838,,한전주,051-419-4671,부산광역시 영도구청,2026-04-06
신선동308,1,부산광역시 영도구 수정길 117,,35.084247,129.0437418,,한전주,051-419-4671,부산광역시 영도구청,2026-04-06
신선동309,1,부산광역시 영도구 상록수길 84,,35.084041,129.043487,,한전주,051-419-4671,부산광역시 영도구청,2026-04-06
신선동310,1,부산광역시 영도구 수정길 125,,35.084068,129.043930,,한전주,051-419-4671,부산광역시 영도구청,2026-04-06
신선동311,1,부산광역시 영도구 수정길 105,,35.084172,129.043899,,한전주,051-419-4671,부산광역시 영도구청,2026-04-06
신선동312,1,부산광역시 영도구 재능길 131,,35.084518,129.0440245,,한전주,051-419-4671,부산광역시 영도구청,2026-04-06
신선동313,1,부산광역시 영도구 수정길 95,,35.084079,129.0440808,,한전주,051-419-4671,부산광역시 영도구청,2026-04-06
신선동314,1,부산광역시 영도구 수정길 73,,35.083854,129.044067,,한전주,051-419-4671,부산광역시 영도구청,2026-04-06
신선동315,1,부산광역시 영도구 수정길 75,,35.083869,129.044189,,한전주,051-419-4671,부산광역시 영도구청,2026-04-06
신선동316,1,부산광역시 영도구 재능길 91,,35.084236,129.0443174,,한전주,051-419-4671,부산광역시 영도구청,2026-04-06
신선동317,1,부산광역시 영도구 재능길 99,,35.084407,129.0441741,,한전주,051-419-4671,부산광역시 영도구청,2026-04-06
신선동318,1,부산광역시 영도구 수정길 70,,35.084203,129.0443969,,한전주,051-419-4671,부산광역시 영도구청,2026-04-06
신선동319,1,부산광역시 영도구 수정길 43,,35.084041,129.044448,,한전주,051-419-4671,부산광역시 영도구청,2026-04-06
신선동320,1,부산광역시 영도구 수정길 29,,35.083919,129.0445763,,한전주,051-419-4671,부산광역시 영도구청,2026-04-06
신선동321,1,부산광역시 영도구 수정길 36,,35.083914,129.0446942,,한전주,051-419-4671,부산광역시 영도구청,2026-04-06
신선동322,1,부산광역시 영도구 재능길 31,,35.084022,129.0450438,,한전주,051-419-4671,부산광역시 영도구청,2026-04-06
신선동323,2,부산광역시 영도구 재능길 55,,35.084278,129.044754,,한전주,051-419-4671,부산광역시 영도구청,2026-04-06
신선동324,1,부산광역시 영도구 수정길 16,,35.083946,129.044834,,한전주,051-419-4671,부산광역시 영도구청,2026-04-06
신선동325,1,부산광역시 영도구 수정길 12,,35.083912,129.045166,,한전주,051-419-4671,부산광역시 영도구청,2026-04-06
신선동326,1,부산광역시 영도구 수정길 7,,35.083751,129.045043,,한전주,051-419-4671,부산광역시 영도구청,2026-04-06
신선동327,1,부산광역시 영도구 상록수길 62,,35.083874,129.043746,,한전주,051-419-4671,부산광역시 영도구청,2026-04-06
신선동328,1,부산광역시 영도구 상록수길 58,,35.083728,129.0440106,,한전주,051-419-4671,부산광역시 영도구청,2026-04-06
신선동329,1,부산광역시 영도구 상록수길 52,,35.083713,129.044174,,한전주,051-419-4671,부산광역시 영도구청,2026-04-06
신선동330,1,부산광역시 영도구 상록수길 50,,35.083641,129.044265,,한전주,051-419-4671,부산광역시 영도구청,2026-04-06
신선동331,1,부산광역시 영도구 수정길 23,,35.083728,129.0446341,,한전주,051-419-4671,부산광역시 영도구청,2026-04-06
신선동332,1,부산광역시 영도구 상록수길 23,,35.083160,129.0447722,,한전주,051-419-4671,부산광역시 영도구청,2026-04-06
신선동333,1,부산광역시 영도구 상록수길 8,,35.083637,129.0451123,,한전주,051-419-4671,부산광역시 영도구청,2026-04-06
신선동334,1,부산광역시 영도구 상록수길 2,,35.083600,129.0451778,,한전주,051-419-4671,부산광역시 영도구청,2026-04-06
신선동335,1,부산광역시 영도구 상록수길 23,,35.083160,129.0447722,,한전주,051-419-4671,부산광역시 영도구청,2026-04-06
신선동336,1,부산광역시 영도구 하나길 293,,35.083062,129.0447744,,한전주,051-419-4671,부산광역시 영도구청,2026-04-06
신선동337,1,부산광역시 영도구 하나길 293,,35.083038,129.044769,,한전주,051-419-4671,부산광역시 영도구청,2026-04-06
신선동338,1,부산광역시 영도구 하나길 193,,35.082862,129.044845,,한전주,051-419-4671,부산광역시 영도구청,2026-04-06
신선동339,1,부산광역시 영도구 하나길 187,,35.082672,129.044784,,한전주,051-419-4671,부산광역시 영도구청,2026-04-06
신선동340,1,부산광역시 영도구 하나길 219,,35.082468,129.044754,,한전주,051-419-4671,부산광역시 영도구청,2026-04-06
신선동341,1,부산광역시 영도구 하나길 209,,35.082775,129.044570,,한전주,051-419-4671,부산광역시 영도구청,2026-04-06
신선동342,1,부산광역시 영도구 하나길 211,,35.082698,129.0446474,,한전주,051-419-4671,부산광역시 영도구청,2026-04-06
신선동343,1,부산광역시 영도구 하나길 215,,35.082601,129.044540,,한전주,051-419-4671,부산광역시 영도구청,2026-04-06
신선동344,1,부산광역시 영도구 하나길 221,,35.082473,129.044621,,한전주,051-419-4671,부산광역시 영도구청,2026-04-06
신선동345,1,부산광역시 영도구 하나길 269,,35.082168,129.044433,,한전주,051-419-4671,부산광역시 영도구청,2026-04-06
신선동346,1,부산광역시 영도구 하나길 247,,35.082157,129.044540,,한전주,051-419-4671,부산광역시 영도구청,2026-04-06
신선동347,1,부산광역시 영도구 하나길 259,,35.081934,129.044464,,한전주,051-419-4671,부산광역시 영도구청,2026-04-06
신선동348,1,부산광역시 영도구 에움길 206,,35.081588,129.0441592,,한전주,051-419-4671,부산광역시 영도구청,2026-04-06
신선동349,1,부산광역시 영도구 하나길 105,,35.081897,129.044570,,한전주,051-419-4671,부산광역시 영도구청,2026-04-06
신선동350,1,부산광역시 영도구 함박꽃길 10,,35.086708,129.0458231,,한전주,051-419-4671,부산광역시 영도구청,2026-04-06
신선동351,1,부산광역시 영도구 함박꽃길 12,,35.086813,129.045761,,한전주,051-419-4671,부산광역시 영도구청,2026-04-06
신선동352,1,부산광역시 영도구 하나길 463,,35.086798,129.045883,,한전주,051-419-4671,부산광역시 영도구청,2026-04-06
신선동353,1,부산광역시 영도구 하나길 453,,35.08679989,129.046218,,한전주,051-419-4671,부산광역시 영도구청,2026-04-06
신선동354,1,부산광역시 영도구 하나길 449,,35.086627,129.046157,,한전주,051-419-4671,부산광역시 영도구청,2026-04-06
신선동355,1,부산광역시 영도구 함박꽃길 13,,35.086460,129.045669,,한전주,051-419-4671,부산광역시 영도구청,2026-04-06
신선동356,1,부산광역시 영도구 함박꽃길 33,,35.086383,129.045928,,한전주,051-419-4671,부산광역시 영도구청,2026-04-06
신선동357,1,부산광역시 영도구 하나길 433,,35.086368,129.046066,,한전주,051-419-4671,부산광역시 영도구청,2026-04-06
신선동358,1,부산광역시 영도구 함박꽃길 119,,35.086479,129.045349,,한전주,051-419-4671,부산광역시 영도구청,2026-04-06
신선동359,1,부산광역시 영도구 함박꽃길 113,,35.086383,129.045288,,한전주,051-419-4671,부산광역시 영도구청,2026-04-06
신선동360,1,부산광역시 영도구 함박꽃길 103,,35.086315,129.045440,,한전주,051-419-4671,부산광역시 영도구청,2026-04-06
신선동361,1,부산광역시 영도구 함박꽃길 125,,35.086491,129.0452344,,한전주,051-419-4671,부산광역시 영도구청,2026-04-06
신선동362,1,부산광역시 영도구 함박꽃길 111,,35.086376,129.0452434,,한전주,051-419-4671,부산광역시 영도구청,2026-04-06
신선동363,1,부산광역시 영도구 나눔길 105,,35.086198,129.045547,,한전주,051-419-4671,부산광역시 영도구청,2026-04-06
신선동364,1,부산광역시 영도구 나눔길 125,,35.086148,129.045547,,한전주,051-419-4671,부산광역시 영도구청,2026-04-06
신선동365,1,부산광역시 영도구 나눔길 129,,35.086006,129.0455057,,한전주,051-419-4671,부산광역시 영도구청,2026-04-06
신선동366,1,부산광역시 영도구 나눔길 133,,35.086133,129.045639,,한전주,051-419-4671,부산광역시 영도구청,2026-04-06
신선동367,1,부산광역시 영도구 나눔길 149,,35.085953,129.045837,,한전주,051-419-4671,부산광역시 영도구청,2026-04-06
신선동368,1,부산광역시 영도구 나눔길 200,,35.085914,129.0454343,,한전주,051-419-4671,부산광역시 영도구청,2026-04-06
신선동369,1,부산광역시 영도구 나눔길 194,,35.085803,129.045639,,한전주,051-419-4671,부산광역시 영도구청,2026-04-06
신선동370,1,부산광역시 영도구 나눔길 178,,35.085582,129.045700,,한전주,051-419-4671,부산광역시 영도구청,2026-04-06
신선동371,1,부산광역시 영도구 나눔길 168,,35.085356,129.045623,,한전주,051-419-4671,부산광역시 영도구청,2026-04-06
신선동372,1,부산광역시 영도구 하나길 393,,35.085722,129.045822,,한전주,051-419-4671,부산광역시 영도구청,2026-04-06
신선동373,1,부산광역시 영도구 영상고뒷길 58,,35.085765,129.0454723,,한전주,051-419-4671,부산광역시 영도구청,2026-04-06
신선동374,1,부산광역시 영도구 영상고뒷길 70,,35.085613,129.045242,,한전주,051-419-4671,부산광역시 영도구청,2026-04-06
신선동375,1,부산광역시 영도구 영상고뒷길 50,,35.085529,129.045324,,한전주,051-419-4671,부산광역시 영도구청,2026-04-06
신선동376,1,부산광역시 영도구 영상고뒷길 96,,35.085464,129.045059,,한전주,051-419-4671,부산광역시 영도구청,2026-04-06
신선동377,1,부산광역시 영도구 영상고뒷길 38,,35.085311,129.045242,,한전주,051-419-4671,부산광역시 영도구청,2026-04-06
신선동378,1,부산광역시 영도구 영상고뒷길 2,,35.085147,129.045700,,한전주,051-419-4671,부산광역시 영도구청,2026-04-06
신선동379,1,부산광역시 영도구 하나길 72,,35.081150,129.044876,,한전주,051-419-4671,부산광역시 영도구청,2026-04-06
봉래2동122,1,부산광역시 영도구 나팔꽃길 9,,35.092777,129.051269,,한전주,051-419-4671,부산광역시 영도구청,2026-04-06
봉래2동123,1,부산광역시 영도구 나팔꽃길 4,,35.092941,129.051162,,한전주,051-419-4671,부산광역시 영도구청,2026-04-06
봉래2동124,1,부산광역시 영도구 하나길 778,,35.092895,129.051033,,한전주,051-419-4671,부산광역시 영도구청,2026-04-06
봉래2동125,1,부산광역시 영도구 오동꽃길 8,,35.092868,129.0515297,,한전주,051-419-4671,부산광역시 영도구청,2026-04-06
봉래2동126,1,부산광역시 영도구 오동꽃길 18,,35.092793,129.051666,,한전주,051-419-4671,부산광역시 영도구청,2026-04-06
봉래2동127,2,부산광역시 영도구 하나길 794,,35.0929995,129.0517327,,한전주,051-419-4671,부산광역시 영도구청,2026-04-06
봉래2동128,1,부산광역시 영도구 오동꽃길 71,,35.092777,129.052017,,한전주,051-419-4671,부산광역시 영도구청,2026-04-06
봉래2동129,1,부산광역시 영도구 오동꽃길 47,,35.092884,129.0521066,,한전주,051-419-4671,부산광역시 영도구청,2026-04-06
봉래2동130,1,부산광역시 영도구 오동꽃길 99,,35.092723,129.052154,,한전주,051-419-4671,부산광역시 영도구청,2026-04-06
봉래2동131,1,부산광역시 영도구 산유화길 69,,35.092582,129.050918,,한전주,051-419-4671,부산광역시 영도구청,2026-04-06
봉래2동132,1,부산광역시 영도구 산유화길 67,,35.092700,129.0508808,,한전주,051-419-4671,부산광역시 영도구청,2026-04-06
봉래2동133,1,부산광역시 영도구 산유화길 41,,35.092468,129.050796,,한전주,051-419-4671,부산광역시 영도구청,2026-04-06
봉래2동134,1,부산광역시 영도구 산유화길 99,,35.092299,129.0509038,,한전주,051-419-4671,부산광역시 영도구청,2026-04-06
봉래2동135,1,부산광역시 영도구 산유화길 95,,35.092292,129.051147,,한전주,051-419-4671,부산광역시 영도구청,2026-04-06
봉래2동136,1,부산광역시 영도구 산유화길 35,,35.092321,129.050750,,한전주,051-419-4671,부산광역시 영도구청,2026-04-06
봉래2동137,1,부산광역시 영도구 산유화길 82,,35.092441,129.0504881,,한전주,051-419-4671,부산광역시 영도구청,2026-04-06
봉래2동138,1,부산광역시 영도구 산유화길 44,,35.092273,129.050430,,한전주,051-419-4671,부산광역시 영도구청,2026-04-06
봉래2동139,1,부산광역시 영도구 동백꽃길 47,,35.092205,129.0501621,,한전주,051-419-4671,부산광역시 영도구청,2026-04-06
봉래2동140,1,부산광역시 영도구 산유화길 20,,35.092037,129.0502919,,한전주,051-419-4671,부산광역시 영도구청,2026-04-06
봉래2동141,1,부산광역시 영도구 동백꽃길 113,,35.092014,129.0501205,,한전주,051-419-4671,부산광역시 영도구청,2026-04-06
봉래2동142,1,부산광역시 영도구 동백꽃길 75,,35.091941,129.049957,,한전주,051-419-4671,부산광역시 영도구청,2026-04-06
봉래2동143,1,부산광역시 영도구 동백꽃길 57,,35.092048,129.049880,,한전주,051-419-4671,부산광역시 영도구청,2026-04-06
봉래2동144,1,부산광역시 영도구 동백꽃길 63,,35.091922,129.049774,,한전주,051-419-4671,부산광역시 영도구청,2026-04-06
봉래2동145,1,부산광역시 영도구 동백꽃길 83,,35.091854,129.049636,,한전주,051-419-4671,부산광역시 영도구청,2026-04-06
봉래2동146,1,부산광역시 영도구 동백꽃길 15,,35.092128,129.0496767,,한전주,051-419-4671,부산광역시 영도구청,2026-04-06
봉래2동147,1,부산광역시 영도구 동백꽃길 27,,35.092334,129.049926,,한전주,051-419-4671,부산광역시 영도구청,2026-04-06
봉래2동148,1,부산광역시 영도구 동백꽃길 37,,35.092170,129.049942,,한전주,051-419-4671,부산광역시 영도구청,2026-04-06
봉래2동149,1,부산광역시 영도구 산유화길 56,,35.092369,129.050109,,한전주,051-419-4671,부산광역시 영도구청,2026-04-06
봉래2동150,1,부산광역시 영도구 산유화길 30,,35.092269,129.050201,,한전주,051-419-4671,부산광역시 영도구청,2026-04-06
봉래2동151,1,부산광역시 영도구 산유화길 34,,35.092342,129.050292,,한전주,051-419-4671,부산광역시 영도구청,2026-04-06
봉래2동152,1,부산광역시 영도구 산유화길 68,,35.092529,129.0503097,,한전주,051-419-4671,부산광역시 영도구청,2026-04-06
봉래2동153,1,부산광역시 영도구 산유화길 58,,35.092494,129.050125,,한전주,051-419-4671,부산광역시 영도구청,2026-04-06
봉래2동154,1,부산광역시 영도구 산유화길 21,,35.092628,129.050445,,한전주,051-419-4671,부산광역시 영도구청,2026-04-06
봉래2동155,1,부산광역시 영도구 동백꽃길 141,,35.092138,129.050613,,한전주,051-419-4671,부산광역시 영도구청,2026-04-06
봉래2동156,1,부산광역시 영도구 봉래길 110,,35.091545,129.0518505,,한전주,051-419-4671,부산광역시 영도구청,2026-04-06
봉래2동157,1,부산광역시 영도구 봉래길 122,,35.091096,129.0519554,,전용주,051-419-4671,부산광역시 영도구청,2026-04-06
봉래2동158,2,부산광역시 영도구 봉래길 122,,35.091096,129.051971,,전용주,051-419-4671,부산광역시 영도구청,2026-04-06
봉래2동159,1,부산광역시 영도구 봉래길 122,,35.091096,129.0519554,,전용주,051-419-4671,부산광역시 영도구청,2026-04-06
봉래2동160,1,부산광역시 영도구 개량2길 3,,35.091571,129.051345,,한전주,051-419-4671,부산광역시 영도구청,2026-04-06
봉래2동161,1,부산광역시 영도구 개량1길 12,,35.091732,129.050959,,한전주,051-419-4671,부산광역시 영도구청,2026-04-06
봉래2동162,1,부산광역시 영도구 개량1길 12,,35.091762,129.050964,,한전주,051-419-4671,부산광역시 영도구청,2026-04-06
봉래2동163,1,부산광역시 영도구 개량1길 9,,35.091552,129.050933,,한전주,051-419-4671,부산광역시 영도구청,2026-04-06
봉래2동164,1,부산광역시 영도구 개량2길 10,,35.091523,129.0510975,,한전주,051-419-4671,부산광역시 영도구청,2026-04-06
봉래2동165,1,부산광역시 영도구 개량1길 22,,35.091711,129.0508107,,한전주,051-419-4671,부산광역시 영도구청,2026-04-06
봉래2동166,1,부산광역시 영도구 개량1길 17,,35.091350,129.050704,,한전주,051-419-4671,부산광역시 영도구청,2026-04-06
봉래2동167,1,부산광역시 영도구 개량1길 34,,35.091464,129.050643,,한전주,051-419-4671,부산광역시 영도구청,2026-04-06
봉래2동168,1,부산광역시 영도구 개량2길 17,,35.091247,129.050933,,한전주,051-419-4671,부산광역시 영도구청,2026-04-06
봉래2동169,1,부산광역시 영도구 개량2길 14,,35.091417,129.050979,,한전주,051-419-4671,부산광역시 영도구청,2026-04-06
봉래2동170,1,부산광역시 영도구 개량2길 24,,35.091171,129.050685,,한전주,051-419-4671,부산광역시 영도구청,2026-04-06
봉래2동171,1,부산광역시 영도구 개량2길 25,,35.091056,129.050734,,한전주,051-419-4671,부산광역시 영도구청,2026-04-06
봉래2동172,1,부산광역시 영도구 개량1길 56,,35.091243,129.0503917,,한전주,051-419-4671,부산광역시 영도구청,2026-04-06
봉래2동173,1,부산광역시 영도구 개량1길 70,,35.091083,129.050262,,한전주,051-419-4671,부산광역시 영도구청,2026-04-06
봉래2동174,1,부산광역시 영도구 개량1길 68,,35.091144,129.050170,,한전주,051-419-4671,부산광역시 영도구청,2026-04-06
봉래2동175,1,부산광역시 영도구 개량1길 31,,35.091007,129.0503258,,한전주,051-419-4671,부산광역시 영도구청,2026-04-06
봉래2동176,1,부산광역시 영도구 개량2길 35,,35.090794,129.050415,,한전주,051-419-4671,부산광역시 영도구청,2026-04-06
봉래2동177,1,부산광역시 영도구 개량1길 35,,35.090899,129.050155,,한전주,051-419-4671,부산광역시 영도구청,2026-04-06
봉래2동178,1,부산광역시 영도구 개량1길 37,,35.090785,129.0501021,,한전주,051-419-4671,부산광역시 영도구청,2026-04-06
봉래2동179,1,부산광역시 영도구 개량2길 41,,35.090671,129.050247,,한전주,051-419-4671,부산광역시 영도구청,2026-04-06
봉래2동180,1,부산광역시 영도구 개량2길 51,,35.090397,129.049972,,한전주,051-419-4671,부산광역시 영도구청,2026-04-06
봉래2동181,1,부산광역시 영도구 개량1길 92,,35.090844,129.049911,,한전주,051-419-4671,부산광역시 영도구청,2026-04-06
봉래2동182,1,부산광역시 영도구 개량1길 45,,35.090614,129.049835,,한전주,051-419-4671,부산광역시 영도구청,2026-04-06
봉래2동183,1,부산광역시 영도구 개량1길 53,,35.090408,129.049606,,한전주,051-419-4671,부산광역시 영도구청,2026-04-06
봉래2동184,1,부산광역시 영도구 개량2길 57,,35.090274,129.0498284,,한전주,051-419-4671,부산광역시 영도구청,2026-04-06
봉래2동185,1,부산광역시 영도구 개량1길 120,,35.090538,129.049438,,한전주,051-419-4671,부산광역시 영도구청,2026-04-06
봉래2동186,1,부산광역시 영도구 개량1길 126,,35.090429,129.049118,,한전주,051-419-4671,부산광역시 영도구청,2026-04-06
봉래2동187,1,부산광역시 영도구 중복길 510,,35.090007,129.0487887,,한전주,051-419-4671,부산광역시 영도구청,2026-04-06
봉래2동188,1,부산광역시 영도구 중복길 516,,35.089775,129.048645,,한전주,051-419-4671,부산광역시 영도구청,2026-04-06
봉래2동189,1,부산광역시 영도구 중복길 490,,35.089658,129.0489314,,한전주,051-419-4671,부산광역시 영도구청,2026-04-06
봉래2동190,1,부산광역시 영도구 상수도길 35,,35.091232,129.0484092,,한전주,051-419-4671,부산광역시 영도구청,2026-04-06
봉래2동191,1,부산광역시 영도구 상수도길 29,,35.091342,129.0485178,,한전주,051-419-4671,부산광역시 영도구청,2026-04-06
봉래2동192,1,부산광역시 영도구 상수도길 11,,35.091438,129.048431,,한전주,051-419-4671,부산광역시 영도구청,2026-04-06
봉래2동193,1,부산광역시 영도구 상수도길 7,,35.091497,129.048614,,한전주,051-419-4671,부산광역시 영도구청,2026-04-06
봉래2동194,1,부산광역시 영도구 상수도길 19,,35.091312,129.0482078,,한전주,051-419-4671,부산광역시 영도구청,2026-04-06
봉래2동195,1,부산광역시 영도구 상수도길 24,,35.091300,129.047958,,한전주,051-419-4671,부산광역시 영도구청,2026-04-06
봉래2동196,1,부산광역시 영도구 상수도길 34,,35.091300,129.047653,,한전주,051-419-4671,부산광역시 영도구청,2026-04-06
봉래2동197,1,부산광역시 영도구 한결길 133,,35.091442,129.047912,,한전주,051-419-4671,부산광역시 영도구청,2026-04-06
봉래2동198,1,부산광역시 영도구 한결길 123,,35.091405,129.0475085,,한전주,051-419-4671,부산광역시 영도구청,2026-04-06
봉래2동199,1,부산광역시 영도구 한결길 121,,35.091480,129.047424,,한전주,051-419-4671,부산광역시 영도구청,2026-04-06
봉래2동200,1,부산광역시 영도구 아리랑길 175,,35.091663,129.047393,,한전주,051-419-4671,부산광역시 영도구청,2026-04-06
봉래2동201,1,부산광역시 영도구 아리랑길 173,,35.091593,129.047515,,한전주,051-419-4671,부산광역시 영도구청,2026-04-06
봉래2동202,1,부산광역시 영도구 아리랑길 121,,35.091652,129.0477626,,한전주,051-419-4671,부산광역시 영도구청,2026-04-06
봉래2동203,1,부산광역시 영도구 아리랑길 103,,35.091709,129.047943,,전용주,051-419-4671,부산광역시 영도구청,2026-04-06
봉래2동204,2,부산광역시 영도구 봉래길 23,,35.090626,129.0490768,,한전주,051-419-4671,부산광역시 영도구청,2026-04-06
봉래2동205,1,부산광역시 영도구 다복솔길 27,,35.091037,129.049087,,한전주,051-419-4671,부산광역시 영도구청,2026-04-06
봉래2동206,1,부산광역시 영도구 다복솔길 39,,35.091178,129.049377,,한전주,051-419-4671,부산광역시 영도구청,2026-04-06
봉래2동207,1,부산광역시 영도구 다복솔길 53,,35.091129,129.0495522,,한전주,051-419-4671,부산광역시 영도구청,2026-04-06
봉래2동208,1,부산광역시 영도구 동백꽃길 128,,35.091304,129.049758,,한전주,051-419-4671,부산광역시 영도구청,2026-04-06
봉래2동209,1,부산광역시 영도구 동백꽃길 124,,35.091390,129.049743,,한전주,051-419-4671,부산광역시 영도구청,2026-04-06
봉래2동210,1,부산광역시 영도구 동백꽃길 118,,35.091361,129.049635,,한전주,051-419-4671,부산광역시 영도구청,2026-04-06
봉래2동211,1,부산광역시 영도구 동백꽃길 74,,35.091361,129.049423,,한전주,051-419-4671,부산광역시 영도구청,2026-04-06
봉래2동212,1,부산광역시 영도구 동백꽃길 22,,35.091333,129.049133,,한전주,051-419-4671,부산광역시 영도구청,2026-04-06
봉래2동213,1,부산광역시 영도구 동백꽃길 46,,35.091289,129.049072,,한전주,051-419-4671,부산광역시 영도구청,2026-04-06
봉래2동214,1,부산광역시 영도구 동백꽃길 44,,35.091175,129.048904,,한전주,051-419-4671,부산광역시 영도구청,2026-04-06
봉래2동215,1,부산광역시 영도구 하나길 696,,35.091110,129.0487223,,한전주,051-419-4671,부산광역시 영도구청,2026-04-06
봉래2동216,1,부산광역시 영도구 동백꽃길 78,,35.091537,129.0494014,,한전주,051-419-4671,부산광역시 영도구청,2026-04-06
봉래2동217,1,부산광역시 영도구 동백꽃길 166,,35.091609,129.050003,,한전주,051-419-4671,부산광역시 영도구청,2026-04-06
봉래2동218,1,부산광역시 영도구 동백꽃길 156,,35.091528,129.049915,,한전주,051-419-4671,부산광역시 영도구청,2026-04-06
봉래2동219,1,부산광역시 영도구 봉래길 63,,35.091667,129.050262,,한전주,051-419-4671,부산광역시 영도구청,2026-04-06
봉래2동220,1,부산광역시 영도구 봉래길 65,,35.091691,129.050491,,한전주,051-419-4671,부산광역시 영도구청,2026-04-06
봉래2동221,1,부산광역시 영도구 봉래길 64,,35.091545,129.050430,,한전주,051-419-4671,부산광역시 영도구청,2026-04-06
봉래2동222,1,부산광역시 영도구 봉래길 54,,35.091224,129.050155,,한전주,051-419-4671,부산광역시 영도구청,2026-04-06
봉래2동223,1,부산광역시 영도구 하나길 732,,35.092037,129.049575,,한전주,051-419-4671,부산광역시 영도구청,2026-04-06
봉래2동224,1,부산광역시 영도구 사택길 176,,35.093139,129.050079,,한전주,051-419-4671,부산광역시 영도구청,2026-04-06
봉래2동225,1,부산광역시 영도구 봉래언덕길 187,,35.093228,129.0501694,,한전주,051-419-4671,부산광역시 영도구청,2026-04-06
봉래2동226,1,부산광역시 영도구 봉래언덕길 177,,35.093246,129.0498732,,한전주,051-419-4671,부산광역시 영도구청,2026-04-06
봉래2동227,1,부산광역시 영도구 사택길 180,,35.093299,129.050186,,한전주,051-419-4671,부산광역시 영도구청,2026-04-06
봉래2동228,1,부산광역시 영도구 사택길 198,,35.093418,129.050506,,한전주,051-419-4671,부산광역시 영도구청,2026-04-06
봉래2동229,1,부산광역시 영도구 사택길 75,,35.093479,129.050643,,한전주,051-419-4671,부산광역시 영도구청,2026-04-06
봉래2동230,1,부산광역시 영도구 사택길 83,,35.093330,129.0507298,,한전주,051-419-4671,부산광역시 영도구청,2026-04-06
봉래2동231,1,부산광역시 영도구 사택길 214,,35.093154,129.0504783,,한전주,051-419-4671,부산광역시 영도구청,2026-04-06
봉래2동232,1,부산광역시 영도구 사택길 218,,35.093112,129.0505779,,한전주,051-419-4671,부산광역시 영도구청,2026-04-06
봉래2동233,1,부산광역시 영도구 사택길 99,,35.093208,129.050872,,한전주,051-419-4671,부산광역시 영도구청,2026-04-06
봉래2동234,1,부산광역시 영도구 사택길 91,,35.093322,129.051132,,한전주,051-419-4671,부산광역시 영도구청,2026-04-06
봉래2동235,1,부산광역시 영도구 사택길 154,,35.093582,129.050659,,한전주,051-419-4671,부산광역시 영도구청,2026-04-06
봉래2동236,1,부산광역시 영도구 사택길 150,,35.093696,129.050628,,한전주,051-419-4671,부산광역시 영도구청,2026-04-06
봉래2동237,1,부산광역시 영도구 사택길 59,,35.093788,129.050613,,한전주,051-419-4671,부산광역시 영도구청,2026-04-06
봉래2동238,1,부산광역시 영도구 사택길 142,,35.093677,129.0505052,,한전주,051-419-4671,부산광역시 영도구청,2026-04-06
봉래2동239,1,부산광역시 영도구 사택길 124,,35.093753,129.050399,,한전주,051-419-4671,부산광역시 영도구청,2026-04-06
봉래2동240,1,부산광역시 영도구 봉래언덕길 151,,35.093555,129.050338,,한전주,051-419-4671,부산광역시 영도구청,2026-04-06
봉래2동241,1,부산광역시 영도구 사택길 138,,35.093597,129.050155,,한전주,051-419-4671,부산광역시 영도구청,2026-04-06
봉래2동242,1,부산광역시 영도구 사택길 134,,35.093658,129.050125,,한전주,051-419-4671,부산광역시 영도구청,2026-04-06
봉래2동243,1,부산광역시 영도구 봉래언덕길 157,,35.093487,129.050125,,한전주,051-419-4671,부산광역시 영도구청,2026-04-06
봉래2동244,1,부산광역시 영도구 봉래언덕길 161,,35.093467,129.049987,,한전주,051-419-4671,부산광역시 영도구청,2026-04-06
봉래2동245,1,부산광역시 영도구 봉래언덕길 165,,35.093372,129.049850,,한전주,051-419-4671,부산광역시 영도구청,2026-04-06
봉래2동246,1,부산광역시 영도구 봉래언덕길 173,,35.093376,129.049636,,한전주,051-419-4671,부산광역시 영도구청,2026-04-06
봉래2동247,1,부산광역시 영도구 봉래언덕길 49,,35.093643,129.0495139,,한전주,051-419-4671,부산광역시 영도구청,2026-04-06
봉래2동248,1,부산광역시 영도구 봉래언덕길 81,,35.093437,129.049652,,한전주,051-419-4671,부산광역시 영도구청,2026-04-06
봉래2동249,1,부산광역시 영도구 봉래언덕길 103,,35.093524,129.0498272,,한전주,051-419-4671,부산광역시 영도구청,2026-04-06
봉래2동250,1,부산광역시 영도구 봉래언덕길 121,,35.093544,129.049911,,한전주,051-419-4671,부산광역시 영도구청,2026-04-06
봉래2동251,1,부산광역시 영도구 봉래언덕길 105,,35.093506,129.049896,,한전주,051-419-4671,부산광역시 영도구청,2026-04-06
봉래2동252,1,부산광역시 영도구 봉래언덕길 59,,35.093692,129.050102,,한전주,051-419-4671,부산광역시 영도구청,2026-04-06
봉래2동253,1,부산광역시 영도구 봉래언덕길 133,,35.093601,129.050018,,한전주,051-419-4671,부산광역시 영도구청,2026-04-06
봉래2동254,1,부산광역시 영도구 사택길 104,,35.093811,129.0502202,,한전주,051-419-4671,부산광역시 영도구청,2026-04-06
봉래2동255,1,부산광역시 영도구 사택길 100,,35.093914,129.050338,,한전주,051-419-4671,부산광역시 영도구청,2026-04-06
봉래2동256,1,부산광역시 영도구 사택길 51,,35.093921,129.050491,,한전주,051-419-4671,부산광역시 영도구청,2026-04-06
봉래2동257,1,부산광역시 영도구 사택길 41,,35.094074,129.050613,,한전주,051-419-4671,부산광역시 영도구청,2026-04-06
봉래2동258,1,부산광역시 영도구 사택길 33,,35.094196,129.0507829,,한전주,051-419-4671,부산광역시 영도구청,2026-04-06
봉래2동259,1,부산광역시 영도구 사택길 27,,35.094257,129.0510655,,한전주,051-419-4671,부산광역시 영도구청,2026-04-06
봉래2동260,1,부산광역시 영도구 외나무길 18,,35.094299,129.0510655,,한전주,051-419-4671,부산광역시 영도구청,2026-04-06
봉래2동261,1,부산광역시 영도구 외나무길 6,,35.094638,129.0511957,,한전주,051-419-4671,부산광역시 영도구청,2026-04-06
봉래2동262,1,부산광역시 영도구 사택길 30,,35.094627,129.050994,,한전주,051-419-4671,부산광역시 영도구청,2026-04-06
봉래2동263,1,부산광역시 영도구 사택길 15,,35.094470,129.051010,,한전주,051-419-4671,부산광역시 영도구청,2026-04-06
봉래2동264,1,부산광역시 영도구 외나무길 14,,35.094375,129.051010,,한전주,051-419-4671,부산광역시 영도구청,2026-04-06
봉래2동265,1,부산광역시 영도구 무궁화길 116,,35.094455,129.050537,,한전주,051-419-4671,부산광역시 영도구청,2026-04-06
봉래2동266,1,부산광역시 영도구 사택길 44,,35.094436,129.050720,,한전주,051-419-4671,부산광역시 영도구청,2026-04-06
봉래2동267,1,부산광역시 영도구 사택길 58,,35.094447,129.050796,,한전주,051-419-4671,부산광역시 영도구청,2026-04-06
봉래2동268,1,부산광역시 영도구 무궁화길 112,,35.094405,129.0505345,,한전주,051-419-4671,부산광역시 영도구청,2026-04-06
봉래2동269,1,부산광역시 영도구 무궁화길 108,,35.094337,129.0504308,,한전주,051-419-4671,부산광역시 영도구청,2026-04-06
봉래2동270,1,부산광역시 영도구 무궁화길 63,,35.094337,129.050308,,한전주,051-419-4671,부산광역시 영도구청,2026-04-06
봉래2동271,1,부산광역시 영도구 무궁화길 71,,35.094245,129.0501072,,한전주,051-419-4671,부산광역시 영도구청,2026-04-06
봉래2동272,1,부산광역시 영도구 무궁화길 98,,35.094219,129.050231,,한전주,051-419-4671,부산광역시 영도구청,2026-04-06
봉래2동273,1,부산광역시 영도구 무궁화길,,35.094062,129.050308,,한전주,051-419-4671,부산광역시 영도구청,2026-04-06
봉래2동274,1,부산광역시 영도구 무궁화길,,35.093940,129.049987,,한전주,051-419-4671,부산광역시 영도구청,2026-04-06
봉래2동275,1,부산광역시 영도구 무궁화길 44,,35.093852,129.049682,,한전주,051-419-4671,부산광역시 영도구청,2026-04-06
봉래2동276,1,부산광역시 영도구 무궁화길 42,,35.093864,129.049453,,한전주,051-419-4671,부산광역시 영도구청,2026-04-06
봉래2동277,1,부산광역시 영도구 무궁화길 10,,35.093795,129.049454,,한전주,051-419-4671,부산광역시 영도구청,2026-04-06
봉래2동278,1,부산광역시 영도구 무궁화길 34,,35.093864,129.049224,,한전주,051-419-4671,부산광역시 영도구청,2026-04-06
봉래2동279,1,부산광역시 영도구 무궁화길,,35.093975,129.048812,,전용주,051-419-4671,부산광역시 영도구청,2026-04-06
봉래2동280,1,부산광역시 영도구 무궁화길 3,,35.094047,129.048583,,전용주,051-419-4671,부산광역시 영도구청,2026-04-06
봉래2동281,1,부산광역시 영도구 무궁화길 30,,35.093967,129.049068,,한전주,051-419-4671,부산광역시 영도구청,2026-04-06
봉래2동282,1,부산광역시 영도구 무궁화길 34,,35.093889,129.049224,,한전주,051-419-4671,부산광역시 영도구청,2026-04-06
봉래2동283,1,부산광역시 영도구 무궁화길 17,,35.094005,129.049453,,한전주,051-419-4671,부산광역시 영도구청,2026-04-06
봉래2동284,1,부산광역시 영도구 무궁화길 54,,35.093971,129.049636,,한전주,051-419-4671,부산광역시 영도구청,2026-04-06
봉래2동285,1,부산광역시 영도구 무궁화길 62,,35.094051,129.049850,,한전주,051-419-4671,부산광역시 영도구청,2026-04-06
봉래2동286,1,부산광역시 영도구 무궁화길 64,,35.094058,129.0498791,,한전주,051-419-4671,부산광역시 영도구청,2026-04-06
봉래2동287,1,부산광역시 영도구 무궁화길 76,,35.094043,129.050003,,한전주,051-419-4671,부산광역시 영도구청,2026-04-06
봉래2동288,1,부산광역시 영도구 무궁화길 31,,35.094150,129.049819,,한전주,051-419-4671,부산광역시 영도구청,2026-04-06
봉래2동289,1,부산광역시 영도구 태종로 176-5,,35.094020,129.047882,,한전주,051-419-4671,부산광역시 영도구청,2026-04-06
봉래2동290,1,부산광역시 영도구 태종로 176-6,,35.093999,129.047805,,한전주,051-419-4671,부산광역시 영도구청,2026-04-06
봉래2동291,1,부산광역시 영도구 태종로 178-2,,35.094181,129.0478786,,한전주,051-419-4671,부산광역시 영도구청,2026-04-06
봉래2동292,1,부산광역시 영도구 봉숭아길 217,,35.094421,129.051223,,한전주,051-419-4671,부산광역시 영도구청,2026-04-06
봉래2동293,1,부산광역시 영도구 봉숭아길 217,,35.094440,129.0512228,,한전주,051-419-4671,부산광역시 영도구청,2026-04-06
봉래2동294,1,부산광역시 영도구 봉숭아길 181,,35.094509,129.051620,,한전주,051-419-4671,부산광역시 영도구청,2026-04-06
봉래2동295,1,부산광역시 영도구 외나무길 7,,35.094669,129.0513501,,한전주,051-419-4671,부산광역시 영도구청,2026-04-06
봉래2동296,1,부산광역시 영도구 봉숭아길 169,,35.094760,129.051544,,한전주,051-419-4671,부산광역시 영도구청,2026-04-06
봉래2동297,1,부산광역시 영도구 봉숭아길 157,,35.094848,129.051712,,한전주,051-419-4671,부산광역시 영도구청,2026-04-06
봉래2동298,1,부산광역시 영도구 봉숭아길 149,,35.094680,129.051773,,한전주,051-419-4671,부산광역시 영도구청,2026-04-06
봉래2동299,1,부산광역시 영도구 봉숭아길 40,,35.094587,129.051864,,한전주,051-419-4671,부산광역시 영도구청,2026-04-06
봉래2동300,1,부산광역시 영도구 봉숭아길 141,,35.094444,129.0517964,,한전주,051-419-4671,부산광역시 영도구청,2026-04-06
봉래2동301,1,부산광역시 영도구 봉숭아길 24,,35.094345,129.051940,,한전주,051-419-4671,부산광역시 영도구청,2026-04-06
봉래2동302,1,부산광역시 영도구 봉숭아길 85,,35.094291,129.0518291,,한전주,051-419-4671,부산광역시 영도구청,2026-04-06
봉래2동303,1,부산광역시 영도구 봉숭아길 205,,35.094383,129.0515161,,한전주,051-419-4671,부산광역시 영도구청,2026-04-06
봉래2동304,1,부산광역시 영도구 봉숭아길 127,,35.094048,129.051513,,한전주,051-419-4671,부산광역시 영도구청,2026-04-06
봉래2동305,1,부산광역시 영도구 봉숭아길 115,,35.094032,129.0516905,,한전주,051-419-4671,부산광역시 영도구청,2026-04-06
봉래2동306,1,부산광역시 영도구 봉숭아길 105,,35.093746,129.051925,,한전주,051-419-4671,부산광역시 영도구청,2026-04-06
봉래2동307,1,부산광역시 영도구 봉숭아길 29,,35.093818,129.0515871,,한전주,051-419-4671,부산광역시 영도구청,2026-04-06
봉래2동308,1,부산광역시 영도구 봉숭아길 65,,35.093742,129.051818,,한전주,051-419-4671,부산광역시 영도구청,2026-04-06
봉래2동309,1,부산광역시 영도구 봉숭아길 59,,35.093612,129.052062,,한전주,051-419-4671,부산광역시 영도구청,2026-04-06
봉래2동310,1,부산광역시 영도구 봉숭아길 103,,35.093815,129.051959,,한전주,051-419-4671,부산광역시 영도구청,2026-04-06
봉래2동311,1,부산광역시 영도구 봉숭아길 77,,35.093963,129.051940,,한전주,051-419-4671,부산광역시 영도구청,2026-04-06
봉래2동312,1,부산광역시 영도구 봉숭아길 20,,35.094196,129.0520293,,한전주,051-419-4671,부산광역시 영도구청,2026-04-06
봉래2동313,1,부산광역시 영도구 봉숭아길 3,,35.093551,129.052215,,한전주,051-419-4671,부산광역시 영도구청,2026-04-06
봉래2동314,1,부산광역시 영도구 하나길 727,,35.093578,129.052365,,한전주,051-419-4671,부산광역시 영도구청,2026-04-06
봉래2동315,1,부산광역시 영도구 봉숭아길 11,,35.093479,129.051986,,한전주,051-419-4671,부산광역시 영도구청,2026-04-06
봉래2동316,1,부산광역시 영도구 외나무길 105,,35.093429,129.0519034,,한전주,051-419-4671,부산광역시 영도구청,2026-04-06
봉래2동317,1,부산광역시 영도구 봉숭아길 41,,35.093615,129.051834,,한전주,051-419-4671,부산광역시 영도구청,2026-04-06
봉래2동318,1,부산광역시 영도구 하나길 711-1,,35.093379,129.051712,,한전주,051-419-4671,부산광역시 영도구청,2026-04-06
봉래2동319,1,부산광역시 영도구 외나무길 71,,35.093555,129.051605,,한전주,051-419-4671,부산광역시 영도구청,2026-04-06
봉래2동320,1,부산광역시 영도구 외나무길 95,,35.093338,129.051559,,한전주,051-419-4671,부산광역시 영도구청,2026-04-06
봉래2동321,1,부산광역시 영도구 외나무길 115,,35.093326,129.051361,,한전주,051-419-4671,부산광역시 영도구청,2026-04-06
봉래2동322,1,부산광역시 영도구 하나길 705,,35.093310,129.051330,,한전주,051-419-4671,부산광역시 영도구청,2026-04-06
봉래2동323,1,부산광역시 영도구 사택길 91,,35.093364,129.051177,,한전주,051-419-4671,부산광역시 영도구청,2026-04-06
신선동586,1,부산광역시 영도구 샛별길 77,,35.085276,129.046112,,한전주,051-419-4671,부산광역시 영도구청,2026-04-06
신선동587,1,부산광역시 영도구 샛별길 71,,35.085273,129.046234,,전용주,051-419-4671,부산광역시 영도구청,2026-04-06
신선동588,1,부산광역시 영도구 샛별길 81,,35.085159,129.0462261,,한전주,051-419-4671,부산광역시 영도구청,2026-04-06
신선동589,1,부산광역시 영도구 신선초롱길 24,,35.085796,129.0463509,,한전주,051-419-4671,부산광역시 영도구청,2026-04-06
신선동590,1,부산광역시 영도구 하나길 412,,35.086191,129.046295,,한전주,051-419-4671,부산광역시 영도구청,2026-04-06
신선동591,1,부산광역시 영도구 신선초롱길 44,,35.085893,129.046661,,한전주,051-419-4671,부산광역시 영도구청,2026-04-06
신선동592,1,부산광역시 영도구 신선초롱길 21,,35.085908,129.046798,,한전주,051-419-4671,부산광역시 영도구청,2026-04-06
신선동593,1,부산광역시 영도구 중복길 169,,35.085707,129.047103,,한전주,051-419-4671,부산광역시 영도구청,2026-04-06
신선동594,1,부산광역시 영도구 중복길 177,,35.085658,129.0471959,,한전주,051-419-4671,부산광역시 영도구청,2026-04-06
신선동595,1,부산광역시 영도구 신선초롱길 118,,35.085842,129.047180,,한전주,051-419-4671,부산광역시 영도구청,2026-04-06
신선동596,1,부산광역시 영도구 금잔디길 25,,35.086428,129.047241,,한전주,051-419-4671,부산광역시 영도구청,2026-04-06
신선동597,1,부산광역시 영도구 금잔디길 48,,35.086486,129.046859,,한전주,051-419-4671,부산광역시 영도구청,2026-04-06
신선동598,1,부산광역시 영도구 금잔디길 48,,35.086442,129.046844,,한전주,051-419-4671,부산광역시 영도구청,2026-04-06
신선동599,1,부산광역시 영도구 신선초롱길 15,,35.086083,129.046737,,한전주,051-419-4671,부산광역시 영도구청,2026-04-06
신선동600,1,부산광역시 영도구 금잔디길 14,,35.086589,129.0467885,,한전주,051-419-4671,부산광역시 영도구청,2026-04-06
신선동601,1,부산광역시 영도구 하나길 448,,35.086501,129.046447,,한전주,051-419-4671,부산광역시 영도구청,2026-04-06
신선동602,1,부산광역시 영도구 하나길 448,,35.086501,129.0464824,,한전주,051-419-4671,부산광역시 영도구청,2026-04-06
신선동603,1,부산광역시 영도구 하나길 462,,35.086811,129.046447,,한전주,051-419-4671,부산광역시 영도구청,2026-04-06
신선동604,1,부산광역시 영도구 중복길 386,,35.086222,129.0480564,,한전주,051-419-4671,부산광역시 영도구청,2026-04-06
신선동605,1,부산광역시 영도구 중복길 386,,35.086222,129.0480564,,한전주,051-419-4671,부산광역시 영도구청,2026-04-06
신선동606,1,부산광역시 영도구 산제당길 72,,35.086508,129.047866,,한전주,051-419-4671,부산광역시 영도구청,2026-04-06
신선동607,1,부산광역시 영도구 중복길 384,,35.086222,129.0480564,,한전주,051-419-4671,부산광역시 영도구청,2026-04-06
신선동608,1,부산광역시 영도구 중복길 400,,35.086914,129.047698,,한전주,051-419-4671,부산광역시 영도구청,2026-04-06
신선동609,1,부산광역시 영도구 중복길 396,,35.086677,129.0476881,,한전주,051-419-4671,부산광역시 영도구청,2026-04-06
신선동610,1,부산광역시 영도구 산제당길 84,,35.086879,129.047927,,한전주,051-419-4671,부산광역시 영도구청,2026-04-06
신선동611,1,부산광역시 영도구 산제당길 88,,35.086888,129.048141,,한전주,051-419-4671,부산광역시 영도구청,2026-04-06
신선동612,1,부산광역시 영도구 산제당길 108,,35.086971,129.048416,,한전주,051-419-4671,부산광역시 영도구청,2026-04-06
신선동613,1,부산광역시 영도구 산제당길 50,,35.087044,129.0481126,,한전주,051-419-4671,부산광역시 영도구청,2026-04-06
신선동614,1,부산광역시 영도구 산제당길 22,,35.087073,129.047943,,한전주,051-419-4671,부산광역시 영도구청,2026-04-06
신선동615,1,부산광역시 영도구 산제당길 26,,35.087230,129.047973,,한전주,051-419-4671,부산광역시 영도구청,2026-04-06
신선동616,1,부산광역시 영도구 산제당길 20,,35.087203,129.047851,,한전주,051-419-4671,부산광역시 영도구청,2026-04-06
신선동617,1,부산광역시 영도구 산제당길 2,,35.087397,129.047851,,한전주,051-419-4671,부산광역시 영도구청,2026-04-06
신선동618,1,부산광역시 영도구 중복길 358-1,,35.085724,129.048778,,전용주,051-419-4671,부산광역시 영도구청,2026-04-06
신선동619,1,부산광역시 영도구 중복길 358-1,,35.085724,129.048706,,전용주,051-419-4671,부산광역시 영도구청,2026-04-06
신선동620,2,부산광역시 영도구 중복길 270,,35.084033,129.0470098,,전용주,051-419-4671,부산광역시 영도구청,2026-04-06
신선동621,1,부산광역시 영도구 산제당길 226,,35.086792,129.0490649,,한전주,051-419-4671,부산광역시 영도구청,2026-04-06
신선동622,1,부산광역시 영도구 산제당길 226,,35.0867922,129.0490649,,한전주,051-419-4671,부산광역시 영도구청,2026-04-06
신선동623,1,부산광역시 영도구 산제당길 137,,35.086296,129.0504053,,한전주,051-419-4671,부산광역시 영도구청,2026-04-06
신선동624,1,부산광역시 영도구 산제당길 137,,35.086296,129.0504053,,전용주,051-419-4671,부산광역시 영도구청,2026-04-06
신선동625,1,부산광역시 영도구 산제당길 137,,35.086296,129.0504053,,한전주,051-419-4671,부산광역시 영도구청,2026-04-06
신선동626,1,부산광역시 영도구 산제당길 246,,35.086101,129.0507113,,전용주,051-419-4671,부산광역시 영도구청,2026-04-06
신선동627,1,부산광역시 영도구 산제당길 246,,35.086101,129.0507113,,전용주,051-419-4671,부산광역시 영도구청,2026-04-06
신선동628,1,부산광역시 영도구 산제당길 246,,35.086101,129.0507113,,전용주,051-419-4671,부산광역시 영도구청,2026-04-06
신선동629,1,부산광역시 영도구 산제당길 131,,35.086856,129.049621,,한전주,051-419-4671,부산광역시 영도구청,2026-04-06
신선동630,1,부산광역시 영도구 산제당길 123,,35.087137,129.049179,,한전주,051-419-4671,부산광역시 영도구청,2026-04-06
신선동631,1,부산광역시 영도구 산제당길 1,,35.087551,129.048004,,한전주,051-419-4671,부산광역시 영도구청,2026-04-06
신선동632,1,부산광역시 영도구 산제당길 15,,35.087444,129.048278,,한전주,051-419-4671,부산광역시 영도구청,2026-04-06
신선동633,1,부산광역시 영도구 산제당길 63,,35.087417,129.048568,,한전주,051-419-4671,부산광역시 영도구청,2026-04-06
신선동634,1,부산광역시 영도구 중복1길 56,,35.087520,129.048767,,한전주,051-419-4671,부산광역시 영도구청,2026-04-06
신선동635,1,부산광역시 영도구 중복1길 42,,35.087562,129.0486226,,한전주,051-419-4671,부산광역시 영도구청,2026-04-06
신선동636,1,부산광역시 영도구 중복1길 17,,35.087809,129.048583,,한전주,051-419-4671,부산광역시 영도구청,2026-04-06
신선동637,1,부산광역시 영도구 중복1길 66,,35.087665,129.0487877,,한전주,051-419-4671,부산광역시 영도구청,2026-04-06
신선동638,1,부산광역시 영도구 중복1길 32,,35.087757,129.048355,,한전주,051-419-4671,부산광역시 영도구청,2026-04-06
신선동639,1,부산광역시 영도구 중복2길 52,,35.087897,129.048568,,한전주,051-419-4671,부산광역시 영도구청,2026-04-06
신선동640,1,부산광역시 영도구 중복2길 60,,35.087963,129.048629,,한전주,051-419-4671,부산광역시 영도구청,2026-04-06
신선동641,1,부산광역시 영도구 중복1길 14,,35.087588,129.048171,,한전주,051-419-4671,부산광역시 영도구청,2026-04-06
신선동642,1,부산광역시 영도구 중복1길 6,,35.087821,129.048126,,한전주,051-419-4671,부산광역시 영도구청,2026-04-06
신선동643,1,부산광역시 영도구 중복2길 22,,35.087951,129.0483175,,한전주,051-419-4671,부산광역시 영도구청,2026-04-06
신선동644,1,부산광역시 영도구 중복2길 18,,35.087974,129.048126,,한전주,051-419-4671,부산광역시 영도구청,2026-04-06
신선동645,1,부산광역시 영도구 중복2길 2,,35.088100,129.048110,,한전주,051-419-4671,부산광역시 영도구청,2026-04-06
신선동646,1,부산광역시 영도구 중복2길 35,,35.088408,129.048324,,한전주,051-419-4671,부산광역시 영도구청,2026-04-06
신선동647,1,부산광역시 영도구 중복2길 11,,35.088550,129.048278,,한전주,051-419-4671,부산광역시 영도구청,2026-04-06
신선동648,1,부산광역시 영도구 중복2길 7,,35.088489,129.048217,,한전주,051-419-4671,부산광역시 영도구청,2026-04-06
신선동649,1,부산광역시 영도구 중복2길 7,,35.088405,129.0482006,,한전주,051-419-4671,부산광역시 영도구청,2026-04-06
신선동650,1,부산광역시 영도구 중복3길 25,,35.088638,129.048339,,한전주,051-419-4671,부산광역시 영도구청,2026-04-06
신선동651,1,부산광역시 영도구 중복3길 23,,35.088741,129.0484001,,한전주,051-419-4671,부산광역시 영도구청,2026-04-06
신선동652,1,부산광역시 영도구 중복3길 9,,35.088859,129.048446,,한전주,051-419-4671,부산광역시 영도구청,2026-04-06
신선동653,1,부산광역시 영도구 중복길 488,,35.089191,129.048568,,한전주,051-419-4671,부산광역시 영도구청,2026-04-06
신선동654,1,부산광역시 영도구 중복4길 20,,35.088912,129.048568,,한전주,051-419-4671,부산광역시 영도구청,2026-04-06
신선동655,1,부산광역시 영도구 중복4길 18,,35.088912,129.048645,,한전주,051-419-4671,부산광역시 영도구청,2026-04-06
신선동656,1,부산광역시 영도구 중복4길 54,,35.088893,129.0488155,,한전주,051-419-4671,부산광역시 영도구청,2026-04-06
신선동657,1,부산광역시 영도구 중복4길 58,,35.088951,129.048843,,한전주,051-419-4671,부산광역시 영도구청,2026-04-06
신선동658,1,부산광역시 영도구 중복3길 17,,35.088737,129.048568,,한전주,051-419-4671,부산광역시 영도구청,2026-04-06
신선동659,1,부산광역시 영도구 중복3길 43,,35.088672,129.0486482,,한전주,051-419-4671,부산광역시 영도구청,2026-04-06
신선동660,1,부산광역시 영도구 중복3길 59,,35.088661,129.048873,,한전주,051-419-4671,부산광역시 영도구청,2026-04-06
신선동661,1,부산광역시 영도구 중복3길 51,,35.088714,129.048965,,한전주,051-419-4671,부산광역시 영도구청,2026-04-06
신선동662,1,부산광역시 영도구 중복3길 85,,35.088493,129.0487922,,한전주,051-419-4671,부산광역시 영도구청,2026-04-06
신선동663,1,부산광역시 영도구 중복3길 34,,35.088390,129.048767,,한전주,051-419-4671,부산광역시 영도구청,2026-04-06
신선동664,1,부산광역시 영도구 중복2길 77,,35.088279,129.048690,,한전주,051-419-4671,부산광역시 영도구청,2026-04-06
신선동665,1,부산광역시 영도구 중복2길 141,,35.088207,129.048904,,한전주,051-419-4671,부산광역시 영도구청,2026-04-06
신선동666,1,부산광역시 영도구 중복2길 141,,35.088217,129.048965,,한전주,051-419-4671,부산광역시 영도구청,2026-04-06
신선동667,1,부산광역시 영도구 중복2길 119,,35.088119,129.048614,,한전주,051-419-4671,부산광역시 영도구청,2026-04-06
신선동668,1,부산광역시 영도구 중복2길 91,,35.088194,129.048446,,한전주,051-419-4671,부산광역시 영도구청,2026-04-06
신선동669,1,부산광역시 영도구 중복2길 57,,35.088371,129.048461,,한전주,051-419-4671,부산광역시 영도구청,2026-04-06
신선동670,1,부산광역시 영도구 중복3길 33,,35.088516,129.048522,,한전주,051-419-4671,부산광역시 영도구청,2026-04-06
신선동671,1,부산광역시 영도구 중복2길 27,,35.088525,129.048446,,한전주,051-419-4671,부산광역시 영도구청,2026-04-06
신선동672,1,부산광역시 영도구 중복4길 29,,35.088851,129.049240,,한전주,051-419-4671,부산광역시 영도구청,2026-04-06
신선동673,1,부산광역시 영도구 중복4길 29,,35.088829,129.0492529,,전용주,051-419-4671,부산광역시 영도구청,2026-04-06
신선동674,1,부산광역시 영도구 중복4길,,35.088798,129.049514,,전용주,051-419-4671,부산광역시 영도구청,2026-04-06
신선동675,1,부산광역시 영도구 중복4길,,35.088890,129.049591,,전용주,051-419-4671,부산광역시 영도구청,2026-04-06
신선동676,1,부산광역시 영도구 중복4길,,35.088672,129.049530,,전용주,051-419-4671,부산광역시 영도구청,2026-04-06
신선동677,1,부산광역시 영도구 중복길 313,,35.089889,129.048461,,한전주,051-419-4671,부산광역시 영도구청,2026-04-06
신선동678,1,부산광역시 영도구 신선초롱길54,,35.085688,129.046540,,한전주,051-419-4671,부산광역시 영도구청,2026-04-06
신선동679,1,부산광역시 영도구 비나리길 99,,35.085526,129.0481423,,한전주,051-419-4671,부산광역시 영도구청,2026-04-06
신선동680,1,부산광역시 영도구 산제당길51,,35.087355,129.048418,,한전주,051-419-4671,부산광역시 영도구청,2026-04-06
신선동681,1,부산광역시 영도구 하나길342,,35.084247,129.045961,,한전주,051-419-4671,부산광역시 영도구청,2026-04-06
신선동682,1,부산광역시 영도구 중복1길 11,,35.087821,129.048399,,한전주,051-419-4671,부산광역시 영도구청,2026-04-06
신선동683,1,부산광역시 영도구 중복2길 145,,35.088024,129.048944,,전용주,051-419-4671,부산광역시 영도구청,2026-04-06
신선동684,1,부산광역시 영도구 새천년길50,,35.088698,129.046950,,한전주,051-419-4671,부산광역시 영도구청,2026-04-06
영선1동001,1,부산광역시 영도구 영선대로67번길 16,,35.087409,129.040725,,한전주,051-419-4671,부산광역시 영도구청,2026-04-06
영선1동002,1,부산광역시 영도구 영선대로67번길 10,,35.087303,129.0410102,,한전주,051-419-4671,부산광역시 영도구청,2026-04-06
영선1동003,1,부산광역시 영도구 영선대로67번길 2,,35.087188,129.041305,,한전주,051-419-4671,부산광역시 영도구청,2026-04-06
영선1동004,1,부산광역시 영도구 절영로101번길 32,,35.087474,129.0413421,,한전주,051-419-4671,부산광역시 영도구청,2026-04-06
영선1동005,1,부산광역시 영도구 절영로93번길 40-12,,35.087778,129.041213,,한전주,051-419-4671,부산광역시 영도구청,2026-04-06
영선1동006,1,부산광역시 영도구 절영로93번길 32-12,,35.087635,129.040969,,한전주,051-419-4671,부산광역시 영도구청,2026-04-06
영선1동007,1,부산광역시 영도구 절영로93번길 32-17,,35.087722,129.0410121,,한전주,051-419-4671,부산광역시 영도구청,2026-04-06
영선1동008,1,부산광역시 영도구 절영로93번길 32-20,,35.087593,129.041107,,한전주,051-419-4671,부산광역시 영도구청,2026-04-06
영선1동009,1,부산광역시 영도구 절영로93번길 32-3,,35.087818,129.040740,,한전주,051-419-4671,부산광역시 영도구청,2026-04-06
영선1동010,1,부산광역시 영도구 절영로93번길 28,,35.087665,129.040527,,한전주,051-419-4671,부산광역시 영도구청,2026-04-06
영선1동011,1,부산광역시 영도구 절영로93번길 36,,35.087947,129.0407647,,한전주,051-419-4671,부산광역시 영도구청,2026-04-06
영선1동012,1,부산광역시 영도구 절영로93번길 40-3,,35.088134,129.040908,,한전주,051-419-4671,부산광역시 영도구청,2026-04-06
영선1동013,1,부산광역시 영도구 절영로93번길 40-8,,35.087993,129.041076,,한전주,051-419-4671,부산광역시 영도구청,2026-04-06
영선1동014,1,부산광역시 영도구 절영로101번길 42,,35.087879,129.0415628,,한전주,051-419-4671,부산광역시 영도구청,2026-04-06
영선1동015,1,부산광역시 영도구 절영로101번길 45-3,,35.088050,129.0413952,,한전주,051-419-4671,부산광역시 영도구청,2026-04-06
영선1동016,1,부산광역시 영도구 절영로101번길 45-4,,35.088146,129.041305,,한전주,051-419-4671,부산광역시 영도구청,2026-04-06
영선1동017,1,부산광역시 영도구 절영로101번길 49-1,,35.088194,129.041473,,한전주,051-419-4671,부산광역시 영도구청,2026-04-06
영선1동018,1,부산광역시 영도구 절영로93번길 46,,35.088344,129.0409641,,한전주,051-419-4671,부산광역시 영도구청,2026-04-06
영선1동019,1,부산광역시 영도구 남항로 46-2,,35.088436,129.041183,,한전주,051-419-4671,부산광역시 영도구청,2026-04-06
영선1동020,1,부산광역시 영도구 남항로 47-4,,35.088637,129.041595,,한전주,051-419-4671,부산광역시 영도구청,2026-04-06
영선1동021,1,부산광역시 영도구 남항로 43,,35.088691,129.0411414,,한전주,051-419-4671,부산광역시 영도구청,2026-04-06
영선1동022,1,부산광역시 영도구 절영로49번길 58,,35.088809,129.041381,,한전주,051-419-4671,부산광역시 영도구청,2026-04-06
신선동098,1,부산광역시 영도구 상수도길 54,,35.091116,129.047561,,한전주,051-419-4671,부산광역시 영도구청,2026-04-06
신선동099,1,부산광역시 영도구 상수도길 93,,35.090826,129.047897,,한전주,051-419-4671,부산광역시 영도구청,2026-04-06
신선동100,1,부산광역시 영도구 상수도길 81,,35.091079,129.0483463,,한전주,051-419-4671,부산광역시 영도구청,2026-04-06
신선동101,1,부산광역시 영도구 상수도길 93,,35.090808,129.0478284,,한전주,051-419-4671,부산광역시 영도구청,2026-04-06
신선동102,1,부산광역시 영도구 상수도길 117,,35.090918,129.0476347,,한전주,051-419-4671,부산광역시 영도구청,2026-04-06
신선동103,1,부산광역시 영도구 한결길 70,,35.091003,129.047012,,한전주,051-419-4671,부산광역시 영도구청,2026-04-06
신선동104,1,부산광역시 영도구 진달래길 103,,35.090232,129.0471228,,한전주,051-419-4671,부산광역시 영도구청,2026-04-06
신선동105,1,부산광역시 영도구 진달래길 97,,35.090298,129.047195,,한전주,051-419-4671,부산광역시 영도구청,2026-04-06
신선동106,1,부산광역시 영도구 진달래길 44,,35.090171,129.047317,,한전주,051-419-4671,부산광역시 영도구청,2026-04-06
신선동107,1,부산광역시 영도구 한결길 110,,35.090435,129.047363,,한전주,051-419-4671,부산광역시 영도구청,2026-04-06
신선동108,1,부산광역시 영도구 진달래길 50,,35.090244,129.047424,,한전주,051-419-4671,부산광역시 영도구청,2026-04-06
신선동109,1,부산광역시 영도구 진달래길 9,,35.090057,129.047363,,한전주,051-419-4671,부산광역시 영도구청,2026-04-06
신선동110,1,부산광역시 영도구 진달래길 36,,35.090122,129.047424,,한전주,051-419-4671,부산광역시 영도구청,2026-04-06
신선동111,1,부산광역시 영도구 하나길 595,,35.089920,129.047500,,한전주,051-419-4671,부산광역시 영도구청,2026-04-06
신선동112,1,부산광역시 영도구 진달래길 17,,35.089897,129.047286,,한전주,051-419-4671,부산광역시 영도구청,2026-04-06
신선동113,1,부산광역시 영도구 참우물길 173,,35.089675,129.047149,,한전주,051-419-4671,부산광역시 영도구청,2026-04-06
신선동114,1,부산광역시 영도구 새롬길 14,,35.089405,129.047271,,한전주,051-419-4671,부산광역시 영도구청,2026-04-06
신선동115,1,부산광역시 영도구 새롬길 10,,35.089275,129.0472104,,한전주,051-419-4671,부산광역시 영도구청,2026-04-06
신선동116,1,부산광역시 영도구 새롬길2,,35.089053,129.0472036,,한전주,051-419-4671,부산광역시 영도구청,2026-04-06
신선동117,1,부산광역시 영도구 진달래길 57,,35.089472,129.047363,,한전주,051-419-4671,부산광역시 영도구청,2026-04-06
신선동118,1,부산광역시 영도구 다복솔길 2,,35.090984,129.048481,,한전주,051-419-4671,부산광역시 영도구청,2026-04-06
신선동119,1,부산광역시 영도구 다복솔길 8,,35.090877,129.0486547,,한전주,051-419-4671,부산광역시 영도구청,2026-04-06
신선동120,1,부산광역시 영도구 다복솔길 32,,35.090751,129.048797,,한전주,051-419-4671,부산광역시 영도구청,2026-04-06
신선동121,1,부산광역시 영도구 다복솔길 60,,35.090538,129.0487445,,한전주,051-419-4671,부산광역시 영도구청,2026-04-06
신선동122,1,부산광역시 영도구 다복솔길 54,,35.090339,129.048553,,한전주,051-419-4671,부산광역시 영도구청,2026-04-06
신선동123,1,부산광역시 영도구 봉래길 7,,35.090335,129.048294,,한전주,051-419-4671,부산광역시 영도구청,2026-04-06
신선동124,1,부산광역시 영도구 다복솔길 46,,35.090572,129.048553,,한전주,051-419-4671,부산광역시 영도구청,2026-04-06
신선동125,1,부산광역시 영도구 하나길 674,,35.090726,129.048294,,한전주,051-419-4671,부산광역시 영도구청,2026-04-06
신선동126,1,부산광역시 영도구 참샘길 1,,35.090175,129.048324,,한전주,051-419-4671,부산광역시 영도구청,2026-04-06
신선동127,1,부산광역시 영도구 참샘길 3,,35.090026,129.048233,,한전주,051-419-4671,부산광역시 영도구청,2026-04-06
신선동128,1,부산광역시 영도구 참샘길 17,,35.089828,129.048156,,한전주,051-419-4671,부산광역시 영도구청,2026-04-06
신선동129,1,부산광역시 영도구 참샘길 32,,35.089866,129.047912,,한전주,051-419-4671,부산광역시 영도구청,2026-04-06
신선동130,1,부산광역시 영도구 참샘길 56,,35.089542,129.0478949,,한전주,051-419-4671,부산광역시 영도구청,2026-04-06
신선동131,1,부산광역시 영도구 참샘길 45,,35.089473,129.048141,,한전주,051-419-4671,부산광역시 영도구청,2026-04-06
신선동132,1,부산광역시 영도구 참샘길 74,,35.089286,129.0477848,,한전주,051-419-4671,부산광역시 영도구청,2026-04-06
신선동133,1,부산광역시 영도구 참샘길 59,,35.089321,129.048095,,한전주,051-419-4671,부산광역시 영도구청,2026-04-06
신선동134,1,부산광역시 영도구 참샘길 66,,35.089450,129.047714,,한전주,051-419-4671,부산광역시 영도구청,2026-04-06
신선동135,1,부산광역시 영도구 참샘길 89,,35.089050,129.048080,,한전주,051-419-4671,부산광역시 영도구청,2026-04-06
신선동136,1,부산광역시 영도구 참샘길 88,,35.089088,129.047683,,한전주,051-419-4671,부산광역시 영도구청,2026-04-06
신선동137,1,부산광역시 영도구 참샘길 98,,35.088958,129.047698,,한전주,051-419-4671,부산광역시 영도구청,2026-04-06
신선동138,1,부산광역시 영도구 참샘길 204,,35.088859,129.047744,,전용주,051-419-4671,부산광역시 영도구청,2026-04-06
신선동139,1,부산광역시 영도구 참샘길 214,,35.088893,129.047592,,한전주,051-419-4671,부산광역시 영도구청,2026-04-06
신선동140,1,부산광역시 영도구 참샘길 224,,35.088788,129.0480714,,한전주,051-419-4671,부산광역시 영도구청,2026-04-06
신선동141,1,부산광역시 영도구 참샘길 116,,35.088642,129.0475842,,한전주,051-419-4671,부산광역시 영도구청,2026-04-06
신선동142,1,부산광역시 영도구 세갈래길 35,,35.088558,129.047561,,한전주,051-419-4671,부산광역시 영도구청,2026-04-06
신선동143,1,부산광역시 영도구 참샘길 134,,35.088657,129.047714,,한전주,051-419-4671,부산광역시 영도구청,2026-04-06
신선동144,1,부산광역시 영도구 참샘길 140,,35.088699,129.047912,,한전주,051-419-4671,부산광역시 영도구청,2026-04-06
신선동145,1,부산광역시 영도구 참샘길 190,,35.088693,129.048095,,한전주,051-419-4671,부산광역시 영도구청,2026-04-06
신선동146,1,부산광역시 영도구 참샘길 182,,35.088626,129.048019,,한전주,051-419-4671,부산광역시 영도구청,2026-04-06
신선동147,1,부산광역시 영도구 참샘길 180,,35.088581,129.047943,,한전주,051-419-4671,부산광역시 영도구청,2026-04-06
신선동148,1,부산광역시 영도구 중복길 269,,35.088520,129.0480055,,한전주,051-419-4671,부산광역시 영도구청,2026-04-06
신선동149,1,부산광역시 영도구 참샘길 170,,35.088409,129.0479871,,한전주,051-419-4671,부산광역시 영도구청,2026-04-06
신선동150,1,부산광역시 영도구 세갈래길 45,,35.088428,129.047790,,한전주,051-419-4671,부산광역시 영도구청,2026-04-06
신선동151,1,부산광역시 영도구 세갈래길 67,,35.088272,129.047744,,한전주,051-419-4671,부산광역시 영도구청,2026-04-06
신선동152,1,부산광역시 영도구 중복길 259,,35.088134,129.047943,,한전주,051-419-4671,부산광역시 영도구청,2026-04-06
신선동153,1,부산광역시 영도구 세갈래길 83,,35.088432,129.047561,,한전주,051-419-4671,부산광역시 영도구청,2026-04-06
신선동154,1,부산광역시 영도구 세갈래길 87,,35.088369,129.0473666,,한전주,051-419-4671,부산광역시 영도구청,2026-04-06
신선동155,1,부산광역시 영도구 세갈래길 25,,35.088661,129.0475111,,한전주,051-419-4671,부산광역시 영도구청,2026-04-06
신선동156,1,부산광역시 영도구 참샘길 216,,35.088832,129.047668,,한전주,051-419-4671,부산광역시 영도구청,2026-04-06
신선동157,1,부산광역시 영도구 참샘길 208,,35.088815,129.047531,,한전주,051-419-4671,부산광역시 영도구청,2026-04-06
신선동158,1,부산광역시 영도구 세갈래길 9,,35.088638,129.047363,,한전주,051-419-4671,부산광역시 영도구청,2026-04-06
신선동159,1,부산광역시 영도구 세갈래길 18,,35.088451,129.047241,,한전주,051-419-4671,부산광역시 영도구청,2026-04-06
신선동160,1,부산광역시 영도구 세갈래길 103,,35.088367,129.047302,,한전주,051-419-4671,부산광역시 영도구청,2026-04-06
신선동161,1,부산광역시 영도구 세갈래길 22,,35.088256,129.0471928,,한전주,051-419-4671,부산광역시 영도구청,2026-04-06
신선동162,1,부산광역시 영도구 세갈래길 32,,35.088085,129.047271,,한전주,051-419-4671,부산광역시 영도구청,2026-04-06
신선동163,1,부산광역시 영도구 세갈래길 175,,35.088088,129.047393,,한전주,051-419-4671,부산광역시 영도구청,2026-04-06
신선동164,1,부산광역시 영도구 세갈래길 131,,35.088206,129.047531,,한전주,051-419-4671,부산광역시 영도구청,2026-04-06
신선동165,1,부산광역시 영도구 세갈래길 131,,35.088206,129.047561,,한전주,051-419-4671,부산광역시 영도구청,2026-04-06
신선동166,1,부산광역시 영도구 세갈래길 151,,35.087940,129.0477259,,한전주,051-419-4671,부산광역시 영도구청,2026-04-06
신선동167,1,부산광역시 영도구 세갈래길 187,,35.087810,129.047672,,한전주,051-419-4671,부산광역시 영도구청,2026-04-06
신선동168,1,부산광역시 영도구 중복길 247,,35.087856,129.047851,,한전주,051-419-4671,부산광역시 영도구청,2026-04-06
신선동169,1,부산광역시 영도구 세갈래길 34,,35.087959,129.047332,,한전주,051-419-4671,부산광역시 영도구청,2026-04-06
신선동170,1,부산광역시 영도구 세갈래길 36,,35.087913,129.047393,,한전주,051-419-4671,부산광역시 영도구청,2026-04-06
신선동171,1,부산광역시 영도구 세갈래길 185,,35.087871,129.047531,,한전주,051-419-4671,부산광역시 영도구청,2026-04-06
신선동172,1,부산광역시 영도구 세갈래길 3,,35.088892,129.047439,,한전주,051-419-4671,부산광역시 영도구청,2026-04-06
신선동173,1,부산광역시 영도구 도래샘길 6,,35.08759961,129.047088,,한전주,051-419-4671,부산광역시 영도구청,2026-04-06
신선동174,1,부산광역시 영도구 도래샘길 52,,35.087596,129.0473443,,한전주,051-419-4671,부산광역시 영도구청,2026-04-06
신선동175,1,부산광역시 영도구 도래샘길 35,,35.087692,129.047378,,한전주,051-419-4671,부산광역시 영도구청,2026-04-06
신선동176,1,부산광역시 영도구 도래샘길 76,,35.087524,129.047531,,한전주,051-419-4671,부산광역시 영도구청,2026-04-06
신선동177,1,부산광역시 영도구 세갈래길 48,,35.087635,129.0475963,,한전주,051-419-4671,부산광역시 영도구청,2026-04-06
신선동178,1,부산광역시 영도구 중복길 237,,35.087510,129.0477114,,한전주,051-419-4671,부산광역시 영도구청,2026-04-06
신선동179,1,부산광역시 영도구 도래샘길 52,,35.087554,129.047378,,한전주,051-419-4671,부산광역시 영도구청,2026-04-06
신선동180,1,부산광역시 영도구 도래샘길 10,,35.087562,129.0471357,,한전주,051-419-4671,부산광역시 영도구청,2026-04-06
신선동181,1,부산광역시 영도구 도래샘길 50,,35.087425,129.047424,,한전주,051-419-4671,부산광역시 영도구청,2026-04-06
신선동182,1,부산광역시 영도구 도래샘길 46,,35.087303,129.0475302,,한전주,051-419-4671,부산광역시 영도구청,2026-04-06
신선동183,1,부산광역시 영도구 도래샘길 40,,35.087146,129.0474502,,한전주,051-419-4671,부산광역시 영도구청,2026-04-06
신선동184,1,부산광역시 영도구 도래샘길 32,,35.087062,129.047363,,한전주,051-419-4671,부산광역시 영도구청,2026-04-06
신선동185,1,부산광역시 영도구 도래샘길 34,,35.086918,129.0474105,,한전주,051-419-4671,부산광역시 영도구청,2026-04-06
신선동186,1,부산광역시 영도구 중복길 209,,35.086654,129.047409,,한전주,051-419-4671,부산광역시 영도구청,2026-04-06
신선동187,1,부산광역시 영도구 금잔디길 13,,35.086563,129.0472792,,한전주,051-419-4671,부산광역시 영도구청,2026-04-06
신선동188,1,부산광역시 영도구 새천년길 21,,35.088100,129.046264,,한전주,051-419-4671,부산광역시 영도구청,2026-04-06
신선동189,1,부산광역시 영도구 새천년길 10,,35.088260,129.046539,,한전주,051-419-4671,부산광역시 영도구청,2026-04-06
신선동190,1,부산광역시 영도구 새천년길 2,,35.088111,129.046783,,한전주,051-419-4671,부산광역시 영도구청,2026-04-06
신선동191,1,부산광역시 영도구 새천년길 4,,35.088163,129.046773,,한전주,051-419-4671,부산광역시 영도구청,2026-04-06
신선동192,1,부산광역시 영도구 새천년길 4,,35.088163,129.046773,,한전주,051-419-4671,부산광역시 영도구청,2026-04-06
신선동193,1,부산광역시 영도구 새천년길 63,,35.087815,129.0463209,,한전주,051-419-4671,부산광역시 영도구청,2026-04-06
신선동194,1,부산광역시 영도구 새천년길 63,,35.087810,129.0463209,,한전주,051-419-4671,부산광역시 영도구청,2026-04-06
신선동195,1,부산광역시 영도구 새천년길 51,,35.087997,129.046447,,한전주,051-419-4671,부산광역시 영도구청,2026-04-06
신선동196,1,부산광역시 영도구 새천년길 41,,35.087871,129.0465268,,한전주,051-419-4671,부산광역시 영도구청,2026-04-06
신선동197,1,부산광역시 영도구 하나길 521,,35.087821,129.0466218,,한전주,051-419-4671,부산광역시 영도구청,2026-04-06
신선동198,1,부산광역시 영도구 하나길 519,,35.087718,129.046524,,한전주,051-419-4671,부산광역시 영도구청,2026-04-06
신선동199,1,부산광역시 영도구 새천년길 119,,35.088073,129.0460153,,한전주,051-419-4671,부산광역시 영도구청,2026-04-06
신선동200,1,부산광역시 영도구 새천년길 137,,35.088024,129.045944,,한전주,051-419-4671,부산광역시 영도구청,2026-04-06
신선동201,1,부산광역시 영도구 새천년길 173,,35.088312,129.045852,,한전주,051-419-4671,부산광역시 영도구청,2026-04-06
신선동202,1,부산광역시 영도구 새천년길 155,,35.088153,129.045669,,한전주,051-419-4671,부산광역시 영도구청,2026-04-06
신선동203,1,부산광역시 영도구 새천년길 221,,35.088256,129.045547,,한전주,051-419-4671,부산광역시 영도구청,2026-04-06
신선동204,1,부산광역시 영도구 새천년길 231,,35.088264,129.045211,,한전주,051-419-4671,부산광역시 영도구청,2026-04-06
신선동205,1,부산광역시 영도구 새천년길 359,,35.088169,129.045135,,한전주,051-419-4671,부산광역시 영도구청,2026-04-06
신선동206,1,부산광역시 영도구 새천년길 471,,35.087852,129.0450748,,한전주,051-419-4671,부산광역시 영도구청,2026-04-06
신선동207,1,부산광역시 영도구 새천년길 461,,35.088085,129.045318,,한전주,051-419-4671,부산광역시 영도구청,2026-04-06
신선동208,1,부산광역시 영도구 새천년길 461,,35.088043,129.045379,,한전주,051-419-4671,부산광역시 영도구청,2026-04-06
신선동209,1,부산광역시 영도구 남항시장길 209,,35.087722,129.0454699,,한전주,051-419-4671,부산광역시 영도구청,2026-04-06
신선동210,1,부산광역시 영도구 남항시장길 225,,35.087802,129.045623,,전용주,051-419-4671,부산광역시 영도구청,2026-04-06
신선동211,1,부산광역시 영도구 남항시장길 225,,35.087843,129.0456558,,한전주,051-419-4671,부산광역시 영도구청,2026-04-06
신선동212,1,부산광역시 영도구 새천년길 257,,35.088336,129.045043,,한전주,051-419-4671,부산광역시 영도구청,2026-04-06
신선동213,1,부산광역시 영도구 새천년길 325,,35.088401,129.0445745,,한전주,051-419-4671,부산광역시 영도구청,2026-04-06
신선동214,1,부산광역시 영도구 새천년길 315,,35.088294,129.044662,,한전주,051-419-4671,부산광역시 영도구청,2026-04-06
신선동215,1,부산광역시 영도구 새천년길 411,,35.088088,129.044830,,한전주,051-419-4671,부산광역시 영도구청,2026-04-06
신선동216,1,부산광역시 영도구 새천년길 411,,35.088012,129.044830,,한전주,051-419-4671,부산광역시 영도구청,2026-04-06
신선동217,1,부산광역시 영도구 새천년길 427,,35.087905,129.0445672,,한전주,051-419-4671,부산광역시 영도구청,2026-04-06
신선동218,1,부산광역시 영도구 새천년길 433,,35.087924,129.044847,,한전주,051-419-4671,부산광역시 영도구청,2026-04-06
신선동219,1,부산광역시 영도구 하나길 562,,35.087505,129.046737,,한전주,051-419-4671,부산광역시 영도구청,2026-04-06
신선동220,1,부산광역시 영도구 하나길 562,,35.087551,129.0467779,,한전주,051-419-4671,부산광역시 영도구청,2026-04-06
신선동221,1,부산광역시 영도구 하나길 548,,35.087451,129.046890,,한전주,051-419-4671,부산광역시 영도구청,2026-04-06
신선동222,1,부산광역시 영도구 하나길 482,,35.087193,129.0469236,,한전주,051-419-4671,부산광역시 영도구청,2026-04-06
신선동223,1,부산광역시 영도구 하나길 482,,35.087154,129.0469236,,한전주,051-419-4671,부산광역시 영도구청,2026-04-06
신선동224,1,부산광역시 영도구 하나길 490,,35.087135,129.047119,,한전주,051-419-4671,부산광역시 영도구청,2026-04-06
신선동225,1,부산광역시 영도구 하나길 500,,35.087162,129.047256,,한전주,051-419-4671,부산광역시 영도구청,2026-04-06
신선동226,1,부산광역시 영도구 남항시장길 400,,35.087364,129.046264,,한전주,051-419-4671,부산광역시 영도구청,2026-04-06
신선동227,1,부산광역시 영도구 남항시장길 392,,35.087421,129.046127,,한전주,051-419-4671,부산광역시 영도구청,2026-04-06
신선동228,1,부산광역시 영도구 남항시장길 390,,35.087436,129.045944,,한전주,051-419-4671,부산광역시 영도구청,2026-04-06
신선동229,1,부산광역시 영도구 남항시장길 241,,35.087638,129.046112,,한전주,051-419-4671,부산광역시 영도구청,2026-04-06
신선동230,1,부산광역시 영도구 남항시장길 239,,35.087707,129.046051,,한전주,051-419-4671,부산광역시 영도구청,2026-04-06
신선동231,1,부산광역시 영도구 남항시장길 203,,35.087734,129.045166,,한전주,051-419-4671,부산광역시 영도구청,2026-04-06
신선동232,1,부산광역시 영도구 남도여중길 18,,35.087341,129.0441971,,한전주,051-419-4671,부산광역시 영도구청,2026-04-06
신선동233,1,부산광역시 영도구 남도여중길 16,,35.087265,129.044128,,한전주,051-419-4671,부산광역시 영도구청,2026-04-06
신선동234,1,부산광역시 영도구 남도여중길 28,,35.087211,129.0445088,,한전주,051-419-4671,부산광역시 영도구청,2026-04-06
신선동235,1,부산광역시 영도구 남도여중길 28,,35.087299,129.044570,,전용주,051-419-4671,부산광역시 영도구청,2026-04-06
신선동236,1,부산광역시 영도구 남도여중길 38,,35.087055,129.044616,,한전주,051-419-4671,부산광역시 영도구청,2026-04-06
신선동237,1,부산광역시 영도구 남도여중길 98,,35.087131,129.0448392,,한전주,051-419-4671,부산광역시 영도구청,2026-04-06
신선동238,1,부산광역시 영도구 남도여중길 42,,35.087036,129.0448288,,한전주,051-419-4671,부산광역시 영도구청,2026-04-06
신선동239,1,부산광역시 영도구 남도여중길 50,,35.087051,129.0450111,,한전주,051-419-4671,부산광역시 영도구청,2026-04-06
신선동240,1,부산광역시 영도구 남도여중길 84,,35.087232,129.0450198,,한전주,051-419-4671,부산광역시 영도구청,2026-04-06
신선동241,1,부산광역시 영도구 함박꽃길 48,,35.086818,129.044810,,한전주,051-419-4671,부산광역시 영도구청,2026-04-06
신선동242,1,부산광역시 영도구 함박꽃길 147,,35.086742,129.045074,,한전주,051-419-4671,부산광역시 영도구청,2026-04-06
신선동243,1,부산광역시 영도구 함박꽃길 161,,35.086619,129.044952,,한전주,051-419-4671,부산광역시 영도구청,2026-04-06
신선동244,1,부산광역시 영도구 함박꽃길 157,,35.086414,129.044891,,한전주,051-419-4671,부산광역시 영도구청,2026-04-06
신선동245,1,부산광역시 영도구 남도여중길 120,,35.087326,129.0448436,,한전주,051-419-4671,부산광역시 영도구청,2026-04-06
신선동246,1,부산광역시 영도구 남도여중길 126,,35.087310,129.0451036,,한전주,051-419-4671,부산광역시 영도구청,2026-04-06
신선동247,1,부산광역시 영도구 남도여중길 76,,35.087150,129.0450926,,한전주,051-419-4671,부산광역시 영도구청,2026-04-06
신선동248,1,부산광역시 영도구 함박꽃길 34,,35.086971,129.0451199,,한전주,051-419-4671,부산광역시 영도구청,2026-04-06
신선동249,1,부산광역시 영도구 함박꽃길 149,,35.086654,129.045096,,한전주,051-419-4671,부산광역시 영도구청,2026-04-06
신선동250,1,부산광역시 영도구 함박꽃길 177,,35.086676,129.0445947,,한전주,051-419-4671,부산광역시 영도구청,2026-04-06
신선동251,1,부산광역시 영도구 함박꽃길 80,,35.086944,129.044625,,한전주,051-419-4671,부산광역시 영도구청,2026-04-06
신선동252,1,부산광역시 영도구 함박꽃길 80,,35.086960,129.044601,,한전주,051-419-4671,부산광역시 영도구청,2026-04-06
신선동253,1,부산광역시 영도구 나눔길 41,,35.086704,129.0444279,,한전주,051-419-4671,부산광역시 영도구청,2026-04-06
신선동254,1,부산광역시 영도구 함박꽃길 104,,35.086841,129.044403,,한전주,051-419-4671,부산광역시 영도구청,2026-04-06
신선동255,1,부산광역시 영도구 나눔길 27,,35.086903,129.044158,,한전주,051-419-4671,부산광역시 영도구청,2026-04-06
신선동256,1,부산광역시 영도구 나눔길 17,,35.087055,129.044158,,한전주,051-419-4671,부산광역시 영도구청,2026-04-06
신선동257,1,부산광역시 영도구 나눔길 34,,35.086650,129.043823,,한전주,051-419-4671,부산광역시 영도구청,2026-04-06
신선동258,1,부산광역시 영도구 나눔길 46,,35.086573,129.0440163,,한전주,051-419-4671,부산광역시 영도구청,2026-04-06
신선동259,1,부산광역시 영도구 나눔길 55,,35.086597,129.044372,,한전주,051-419-4671,부산광역시 영도구청,2026-04-06
신선동260,1,부산광역시 영도구 나눔길 76,,35.086330,129.0443945,,한전주,051-419-4671,부산광역시 영도구청,2026-04-06
신선동261,1,부산광역시 영도구 나눔길 94,,35.086412,129.044433,,한전주,051-419-4671,부산광역시 영도구청,2026-04-06
신선동262,1,부산광역시 영도구 나눔길 76,,35.086308,129.044387,,한전주,051-419-4671,부산광역시 영도구청,2026-04-06
신선동263,1,부산광역시 영도구 개나리길 65,,35.086124,129.044342,,한전주,051-419-4671,부산광역시 영도구청,2026-04-06
신선동264,1,부산광역시 영도구 나눔길 88,,35.086338,129.044647,,한전주,051-419-4671,부산광역시 영도구청,2026-04-06
신선동265,1,부산광역시 영도구 개나리길 110,,35.086292,129.043563,,한전주,051-419-4671,부산광역시 영도구청,2026-04-06
신선동266,1,부산광역시 영도구 개나리길 110,,35.086238,129.043548,,한전주,051-419-4671,부산광역시 영도구청,2026-04-06
신선동267,1,부산광역시 영도구 개나리길 104,,35.086082,129.043640,,한전주,051-419-4671,부산광역시 영도구청,2026-04-06
신선동268,1,부산광역시 영도구 개나리길 20,,35.086032,129.043350,,한전주,051-419-4671,부산광역시 영도구청,2026-04-06
신선동269,1,부산광역시 영도구 개나리길 28,,35.085861,129.0430548,,한전주,051-419-4671,부산광역시 영도구청,2026-04-06
신선동270,1,부산광역시 영도구 개나리길 34,,35.085781,129.0434362,,한전주,051-419-4671,부산광역시 영도구청,2026-04-06
신선동271,1,부산광역시 영도구 개나리길 56,,35.085758,129.0436099,,한전주,051-419-4671,부산광역시 영도구청,2026-04-06
신선동272,1,부산광역시 영도구 개나리길 54,,35.085754,129.0436849,,한전주,051-419-4671,부산광역시 영도구청,2026-04-06
신선동273,1,부산광역시 영도구 개나리길 92,,35.085877,129.043762,,한전주,051-419-4671,부산광역시 영도구청,2026-04-06
신선동274,1,부산광역시 영도구 개나리길 118,,35.086210,129.043746,,한전주,051-419-4671,부산광역시 영도구청,2026-04-06
신선동275,1,부산광역시 영도구 개나리길 29,,35.086182,129.044046,,한전주,051-419-4671,부산광역시 영도구청,2026-04-06
신선동276,1,부산광역시 영도구 개나리길 39,,35.086102,129.044052,,한전주,051-419-4671,부산광역시 영도구청,2026-04-06
신선동277,1,부산광역시 영도구 개나리길 138,,35.085903,129.044052,,한전주,051-419-4671,부산광역시 영도구청,2026-04-06
신선동278,1,부산광역시 영도구 개나리길 142,,35.085803,129.043960,,한전주,051-419-4671,부산광역시 영도구청,2026-04-06
신선동279,1,부산광역시 영도구 개나리길 192,,35.085590,129.043853,,한전주,051-419-4671,부산광역시 영도구청,2026-04-06
신선동280,1,부산광역시 영도구 개나리길 176,,35.085674,129.0439911,,한전주,051-419-4671,부산광역시 영도구청,2026-04-06
신선동281,1,부산광역시 영도구 개나리길 180,,35.085468,129.0440123,,한전주,051-419-4671,부산광역시 영도구청,2026-04-06
신선동282,1,부산광역시 영도구 개나리길 186,,35.085338,129.043960,,한전주,051-419-4671,부산광역시 영도구청,2026-04-06
신선동283,1,부산광역시 영도구 영상길 75,,35.085307,129.0438936,,한전주,051-419-4671,부산광역시 영도구청,2026-04-06
신선동284,1,부산광역시 영도구 영상길 77,,35.085155,129.043853,,한전주,051-419-4671,부산광역시 영도구청,2026-04-06
신선동285,1,부산광역시 영도구 개나리길 198,,35.085421,129.0437988,,한전주,051-419-4671,부산광역시 영도구청,2026-04-06
신선동286,1,부산광역시 영도구 개나리길 198,,35.085449,129.0437988,,한전주,051-419-4671,부산광역시 영도구청,2026-04-06
신선동287,1,부산광역시 영도구 개나리길 188,,35.085502,129.0439278,,한전주,051-419-4671,부산광역시 영도구청,2026-04-06
신선동288,1,부산광역시 영도구 개나리길 172,,35.085884,129.044189,,한전주,051-419-4671,부산광역시 영도구청,2026-04-06
신선동289,1,부산광역시 영도구 꿈나무길 277,,35.085701,129.0430087,,한전주,051-419-4671,부산광역시 영도구청,2026-04-06
신선동290,1,부산광역시 영도구 꿈나무길 279,,35.085620,129.042922,,한전주,051-419-4671,부산광역시 영도구청,2026-04-06
신선동291,1,부산광역시 영도구 영상길 37,,35.085556,129.0431239,,한전주,051-419-4671,부산광역시 영도구청,2026-04-06
신선동292,1,부산광역시 영도구 영상길 37,,35.085544,129.043151,,한전주,051-419-4671,부산광역시 영도구청,2026-04-06
신선동293,1,부산광역시 영도구 영상길 59,,35.085445,129.043518,,한전주,051-419-4671,부산광역시 영도구청,2026-04-06
신선동294,1,부산광역시 영도구 절영로 121-1,,35.085498,129.0428946,,한전주,051-419-4671,부산광역시 영도구청,2026-04-06
신선동295,1,부산광역시 영도구 영상길 3,,35.085367,129.0431856,,한전주,051-419-4671,부산광역시 영도구청,2026-04-06
신선동296,1,부산광역시 영도구 영상길 3,,35.085367,129.0431856,,한전주,051-419-4671,부산광역시 영도구청,2026-04-06
신선동297,1,부산광역시 영도구 영상길 71,,35.085212,129.0436256,,한전주,051-419-4671,부산광역시 영도구청,2026-04-06
신선동298,1,부산광역시 영도구 영상길 81,,35.085144,129.043960,,한전주,051-419-4671,부산광역시 영도구청,2026-04-06
신선동299,1,부산광역시 영도구 영상길 92,,35.084964,129.044387,,한전주,051-419-4671,부산광역시 영도구청,2026-04-06
신선동300,1,부산광역시 영도구 수정길 150,,35.084732,129.0432335,,한전주,051-419-4671,부산광역시 영도구청,2026-04-06
영선2동101,1,부산광역시 영도구 남항새싹1길 74,,35.083953,129.042739,,한전주,051-419-4671,부산광역시 영도구청,2026-04-06
영선2동102,1,부산광역시 영도구 남항새싹1길 58,,35.084159,129.042663,,한전주,051-419-4671,부산광역시 영도구청,2026-04-06
영선2동103,1,부산광역시 영도구 남항새싹1길 40,,35.083988,129.042434,,한전주,051-419-4671,부산광역시 영도구청,2026-04-06
영선2동104,1,부산광역시 영도구 남항새싹1길 10,,35.084274,129.0422693,,한전주,051-419-4671,부산광역시 영도구청,2026-04-06
영선2동105,1,부산광역시 영도구 남항새싹1길 18,,35.084072,129.042312,,한전주,051-419-4671,부산광역시 영도구청,2026-04-06
영선2동106,1,부산광역시 영도구 남항새싹1길 14,,35.084011,129.042221,,한전주,051-419-4671,부산광역시 영도구청,2026-04-06
영선2동107,1,부산광역시 영도구 절영로 139,,35.083805,129.0418698,,한전주,051-419-4671,부산광역시 영도구청,2026-04-06
영선2동108,1,부산광역시 영도구 남항새싹2길 1,,35.083984,129.042083,,한전주,051-419-4671,부산광역시 영도구청,2026-04-06
영선2동109,1,부산광역시 영도구 남항새싹2길 6,,35.083835,129.0420928,,한전주,051-419-4671,부산광역시 영도구청,2026-04-06
영선2동110,1,부산광역시 영도구 남항새싹2길 12,,35.083721,129.042190,,한전주,051-419-4671,부산광역시 영도구청,2026-04-06
영선2동111,1,부산광역시 영도구 남항새싹2길 18,,35.083545,129.042083,,한전주,051-419-4671,부산광역시 영도구청,2026-04-06
영선2동112,1,부산광역시 영도구 남항새싹2길 146,,35.083606,129.042327,,한전주,051-419-4671,부산광역시 영도구청,2026-04-06
영선2동113,1,부산광역시 영도구 남항새싹2길 39,,35.083862,129.0425088,,한전주,051-419-4671,부산광역시 영도구청,2026-04-06
영선2동114,1,부산광역시 영도구 남항새싹2길 65,,35.083839,129.042633,,한전주,051-419-4671,부산광역시 영도구청,2026-04-06
영선2동115,1,부산광역시 영도구 남항새싹2길 202,,35.083576,129.042465,,한전주,051-419-4671,부산광역시 영도구청,2026-04-06
영선2동116,1,부산광역시 영도구 남항새싹2길 214,,35.083660,129.0425872,,한전주,051-419-4671,부산광역시 영도구청,2026-04-06
영선2동117,1,부산광역시 영도구 남항새싹2길 97,,35.083759,129.042770,,한전주,051-419-4671,부산광역시 영도구청,2026-04-06
영선2동118,1,부산광역시 영도구 남항새싹2길 81,,35.083934,129.0427944,,한전주,051-419-4671,부산광역시 영도구청,2026-04-06
영선2동119,1,부산광역시 영도구 남항새싹길 112,,35.083312,129.042617,,한전주,051-419-4671,부산광역시 영도구청,2026-04-06
영선2동120,1,부산광역시 영도구 남항새싹3길 2,,35.083473,129.0416682,,한전주,051-419-4671,부산광역시 영도구청,2026-04-06
영선2동121,1,부산광역시 영도구 절영로 143,,35.083538,129.041793,,한전주,051-419-4671,부산광역시 영도구청,2026-04-06
영선2동122,1,부산광역시 영도구 남항새싹3길 182,,35.083385,129.041915,,한전주,051-419-4671,부산광역시 영도구청,2026-04-06
영선2동123,1,부산광역시 영도구 남항새싹3길 24,,35.083374,129.041671,,한전주,051-419-4671,부산광역시 영도구청,2026-04-06
영선2동124,1,부산광역시 영도구 절영로 147-5,,35.083129,129.041549,,한전주,051-419-4671,부산광역시 영도구청,2026-04-06
영선2동125,1,부산광역시 영도구 절영로 147-7,,35.083026,129.041564,,한전주,051-419-4671,부산광역시 영도구청,2026-04-06
영선2동126,1,부산광역시 영도구 남항새싹3길 48,,35.082969,129.0417014,,한전주,051-419-4671,부산광역시 영도구청,2026-04-06
영선2동127,1,부산광역시 영도구 남항새싹3길 90,,35.083164,129.041702,,한전주,051-419-4671,부산광역시 영도구청,2026-04-06
영선2동128,1,부산광역시 영도구 남항새싹3길 122,,35.083148,129.041809,,한전주,051-419-4671,부산광역시 영도구청,2026-04-06
영선2동129,1,부산광역시 영도구 남항새싹3길 122,,35.083126,129.041854,,한전주,051-419-4671,부산광역시 영도구청,2026-04-06
영선2동130,1,부산광역시 영도구 남항새싹3길 204,,35.083201,129.041900,,한전주,051-419-4671,부산광역시 영도구청,2026-04-06
영선2동131,1,부산광역시 영도구 남항새싹3길 208,,35.083145,129.041946,,한전주,051-419-4671,부산광역시 영도구청,2026-04-06
영선2동132,1,부산광역시 영도구 남항새싹3길 188,,35.083374,129.041983,,한전주,051-419-4671,부산광역시 영도구청,2026-04-06
영선2동133,1,부산광역시 영도구 남항새싹3길 23,,35.083421,129.042175,,한전주,051-419-4671,부산광역시 영도구청,2026-04-06
영선2동134,1,부산광역시 영도구 남항새싹3길 264,,35.083164,129.042068,,한전주,051-419-4671,부산광역시 영도구청,2026-04-06
영선2동135,1,부산광역시 영도구 남항새싹3길 31,,35.083347,129.0423053,,한전주,051-419-4671,부산광역시 영도구청,2026-04-06
영선2동136,1,부산광역시 영도구 남항새싹3길 39,,35.083278,129.0425003,,한전주,051-419-4671,부산광역시 영도구청,2026-04-06
영선2동137,1,부산광역시 영도구 남항새싹3길 340,,35.083042,129.0423052,,한전주,051-419-4671,부산광역시 영도구청,2026-04-06
영선2동138,1,부산광역시 영도구 남항새싹길 128,,35.083217,129.042633,,한전주,051-419-4671,부산광역시 영도구청,2026-04-06
영선2동139,1,부산광역시 영도구 남항새싹길 55,,35.083670,129.043117,,한전주,051-419-4671,부산광역시 영도구청,2026-04-06
영선2동140,1,부산광역시 영도구 남항새싹4길 102,,35.082763,129.042053,,한전주,051-419-4671,부산광역시 영도구청,2026-04-06
영선2동141,1,부산광역시 영도구 남항새싹4길 55,,35.082864,129.0421156,,한전주,051-419-4671,부산광역시 영도구청,2026-04-06
영선2동142,1,부산광역시 영도구 남항새싹3길 220,,35.082962,129.041961,,한전주,051-419-4671,부산광역시 영도구청,2026-04-06
영선2동143,1,부산광역시 영도구 남항새싹4길 31,,35.082915,129.041931,,한전주,051-419-4671,부산광역시 영도구청,2026-04-06
영선2동144,1,부산광역시 영도구 남항새싹4길 62,,35.082587,129.041983,,한전주,051-419-4671,부산광역시 영도구청,2026-04-06
영선2동145,1,부산광역시 영도구 남항새싹4길 34,,35.082656,129.041809,,한전주,051-419-4671,부산광역시 영도구청,2026-04-06
영선2동146,1,부산광역시 영도구 남항새싹4길 120,,35.082557,129.042083,,한전주,051-419-4671,부산광역시 영도구청,2026-04-06
영선2동147,1,부산광역시 영도구 남항새싹4길 122,,35.082469,129.042083,,한전주,051-419-4671,부산광역시 영도구청,2026-04-06
영선2동148,1,부산광역시 영도구 남항새싹4길 17,,35.082975,129.041763,,한전주,051-419-4671,부산광역시 영도구청,2026-04-06
영선2동149,1,부산광역시 영도구 남항새싹4길 6,,35.082828,129.041610,,한전주,051-419-4671,부산광역시 영도구청,2026-04-06
영선2동150,1,부산광역시 영도구 남항새싹5길 12,,35.082263,129.0417676,,한전주,051-419-4671,부산광역시 영도구청,2026-04-06
영선2동151,1,부산광역시 영도구 남항새싹5길 21,,35.082443,129.041763,,한전주,051-419-4671,부산광역시 영도구청,2026-04-06
영선2동152,1,부산광역시 영도구 남항새싹4길 86,,35.082500,129.041839,,한전주,051-419-4671,부산광역시 영도구청,2026-04-06
영선2동153,1,부산광역시 영도구 남항새싹5길 20,,35.082145,129.0417366,,한전주,051-419-4671,부산광역시 영도구청,2026-04-06
영선2동154,1,부산광역시 영도구 남항새싹5길 48,,35.082275,129.0421974,,한전주,051-419-4671,부산광역시 영도구청,2026-04-06
영선2동155,1,부산광역시 영도구 남항새싹5길 68,,35.082218,129.0423262,,한전주,051-419-4671,부산광역시 영도구청,2026-04-06
영선2동156,1,부산광역시 영도구 절영로 163,,35.081522,129.0412838,,한전주,051-419-4671,부산광역시 영도구청,2026-04-06
영선2동157,1,부산광역시 영도구 절영로 163,,35.081522,129.0412838,,한전주,051-419-4671,부산광역시 영도구청,2026-04-06
영선2동158,1,부산광역시 영도구 남항새싹길 230,,35.081595,129.042541,,한전주,051-419-4671,부산광역시 영도구청,2026-04-06
영선2동159,1,부산광역시 영도구 남항새싹길 224,,35.081535,129.0425154,,한전주,051-419-4671,부산광역시 영도구청,2026-04-06
영선2동160,1,부산광역시 영도구 남항새싹길 220,,35.081474,129.042434,,한전주,051-419-4671,부산광역시 영도구청,2026-04-06
영선2동161,1,부산광역시 영도구 남항새싹7길 26,,35.081157,129.042404,,한전주,051-419-4671,부산광역시 영도구청,2026-04-06
영선2동162,1,부산광역시 영도구 남항새싹7길 8,,35.081153,129.042251,,한전주,051-419-4671,부산광역시 영도구청,2026-04-06
영선2동163,1,부산광역시 영도구 남항새싹7길 4,,35.081138,129.042053,,한전주,051-419-4671,부산광역시 영도구청,2026-04-06
영선2동164,1,부산광역시 영도구 남항새싹길 260,,35.080726,129.042617,,한전주,051-419-4671,부산광역시 영도구청,2026-04-06
영선2동165,1,부산광역시 영도구 절영로 182-6,,35.080337,129.042465,,한전주,051-419-4671,부산광역시 영도구청,2026-04-06
영선2동166,1,부산광역시 영도구 절영로 184-1,,35.080234,129.042709,,한전주,051-419-4671,부산광역시 영도구청,2026-04-06
영선2동167,1,부산광역시 영도구 절영로 163,,35.081522,129.041229,,한전주,051-419-4671,부산광역시 영도구청,2026-04-06
영선2동168,1,부산광역시 영도구 절영로 163,,35.081522,129.041259,,한전주,051-419-4671,부산광역시 영도구청,2026-04-06
영선2동169,1,부산광역시 영도구 흰여울길 6,,35.079955,129.0430506,,전용주,051-419-4671,부산광역시 영도구청,2026-04-06
영선2동170,1,부산광역시 영도구 절영로 192,,35.079956,129.0433834,,한전주,051-419-4671,부산광역시 영도구청,2026-04-06
영선2동171,1,부산광역시 영도구 흰여울길 19,,35.079730,129.0437037,,한전주,051-419-4671,부산광역시 영도구청,2026-04-06
영선2동172,1,부산광역시 영도구 흰여울길 19,,35.079704,129.0437037,,한전주,051-419-4671,부산광역시 영도구청,2026-04-06
영선2동173,1,부산광역시 영도구 흰여울길 31,,35.079566,129.043853,,한전주,051-419-4671,부산광역시 영도구청,2026-04-06
영선2동174,1,부산광역시 영도구 흰여울길 37,,35.079425,129.0441142,,한전주,051-419-4671,부산광역시 영도구청,2026-04-06
영선2동175,1,부산광역시 영도구 흰여울길 51,,35.079319,129.0442601,,한전주,051-419-4671,부산광역시 영도구청,2026-04-06
영선2동176,1,부산광역시 영도구 흰여울길 55,,35.079204,129.0443094,,한전주,051-419-4671,부산광역시 영도구청,2026-04-06
영선2동177,1,부산광역시 영도구 흰여울길 123,,35.079009,129.044448,,한전주,051-419-4671,부산광역시 영도구청,2026-04-06
영선2동178,1,부산광역시 영도구 흰여울길 143,,35.078805,129.044647,,한전주,051-419-4671,부산광역시 영도구청,2026-04-06
영선2동179,1,부산광역시 영도구 흰여울길 129,,35.078849,129.044616,,한전주,051-419-4671,부산광역시 영도구청,2026-04-06
영선2동180,1,부산광역시 영도구 흰여울길 135,,35.078994,129.0447989,,한전주,051-419-4671,부산광역시 영도구청,2026-04-06
영선2동181,1,부산광역시 영도구 절영로 212,,35.078763,129.044967,,한전주,051-419-4671,부산광역시 영도구청,2026-04-06
신선동380,1,부산광역시 영도구 하나길 72,,35.081165,129.0448461,,한전주,051-419-4671,부산광역시 영도구청,2026-04-06
신선동381,1,부산광역시 영도구 하나길 56,,35.081175,129.045302,,한전주,051-419-4671,부산광역시 영도구청,2026-04-06
신선동382,1,부산광역시 영도구 하나길 58,,35.081188,129.0454074,,한전주,051-419-4671,부산광역시 영도구청,2026-04-06
신선동383,1,부산광역시 영도구 복지관길 27,,35.081112,129.045486,,한전주,051-419-4671,부산광역시 영도구청,2026-04-06
신선동384,1,부산광역시 영도구 중복길 12,,35.081588,129.045187,,한전주,051-419-4671,부산광역시 영도구청,2026-04-06
신선동385,1,부산광역시 영도구 놀이터길 8-1,,35.081840,129.045867,,한전주,051-419-4671,부산광역시 영도구청,2026-04-06
신선동386,1,부산광역시 영도구 영마루1길 7,,35.081804,129.046035,,한전주,051-419-4671,부산광역시 영도구청,2026-04-06
신선동387,1,부산광역시 영도구 영마루1길 10,,35.081775,129.046142,,한전주,051-419-4671,부산광역시 영도구청,2026-04-06
신선동388,1,부산광역시 영도구 영마루1길 14,,35.081684,129.0460981,,한전주,051-419-4671,부산광역시 영도구청,2026-04-06
신선동389,1,부산광역시 영도구 영마루1길 76,,35.081657,129.0462175,,한전주,051-419-4671,부산광역시 영도구청,2026-04-06
신선동390,1,부산광역시 영도구 영마루1길 122,,35.081714,129.046386,,한전주,051-419-4671,부산광역시 영도구청,2026-04-06
신선동391,1,부산광역시 영도구 영마루1길 150,,35.081680,129.046630,,한전주,051-419-4671,부산광역시 영도구청,2026-04-06
신선동392,1,부산광역시 영도구 영마루1길 94,,35.081611,129.046310,,한전주,051-419-4671,부산광역시 영도구청,2026-04-06
신선동393,1,부산광역시 영도구 영마루1길 72,,35.081558,129.0462778,,한전주,051-419-4671,부산광역시 영도구청,2026-04-06
신선동394,1,부산광역시 영도구 영마루1길 56,,35.081525,129.046035,,한전주,051-419-4671,부산광역시 영도구청,2026-04-06
신선동395,1,부산광역시 영도구 영마루길 25,,35.081642,129.0459061,,한전주,051-419-4671,부산광역시 영도구청,2026-04-06
신선동396,1,부산광역시 영도구 영마루길 55,,35.081550,129.045730,,한전주,051-419-4671,부산광역시 영도구청,2026-04-06
신선동397,1,부산광역시 영도구 영마루길 7,,35.081665,129.045654,,한전주,051-419-4671,부산광역시 영도구청,2026-04-06
신선동398,1,부산광역시 영도구 영마루길 8,,35.081562,129.045440,,한전주,051-419-4671,부산광역시 영도구청,2026-04-06
신선동399,1,부산광역시 영도구 영마루길 24,,35.081452,129.0451456,,한전주,051-419-4671,부산광역시 영도구청,2026-04-06
신선동400,1,부산광역시 영도구 영마루길 40,,35.081382,129.045410,,한전주,051-419-4671,부산광역시 영도구청,2026-04-06
신선동401,1,부산광역시 영도구 영마루길 32,,35.081390,129.045227,,한전주,051-419-4671,부산광역시 영도구청,2026-04-06
신선동402,1,부산광역시 영도구 영마루길 52,,35.081381,129.0453526,,한전주,051-419-4671,부산광역시 영도구청,2026-04-06
신선동403,1,부산광역시 영도구 영마루길 71,,35.081348,129.045715,,한전주,051-419-4671,부산광역시 영도구청,2026-04-06
신선동404,1,부산광역시 영도구 영마루길 93,,35.081272,129.045837,,한전주,051-419-4671,부산광역시 영도구청,2026-04-06
신선동405,1,부산광역시 영도구 영마루길 115,,35.081199,129.046096,,한전주,051-419-4671,부산광역시 영도구청,2026-04-06
신선동406,1,부산광역시 영도구 영마루길 107,,35.081241,129.046310,,한전주,051-419-4671,부산광역시 영도구청,2026-04-06
신선동407,1,부산광역시 영도구 영마루1길 46,,35.081413,129.046310,,한전주,051-419-4671,부산광역시 영도구청,2026-04-06
신선동408,1,부산광역시 영도구 영마루1길 54,,35.081428,129.046157,,한전주,051-419-4671,부산광역시 영도구청,2026-04-06
신선동409,1,부산광역시 영도구 영마루길 95,,35.081373,129.0457286,,한전주,051-419-4671,부산광역시 영도구청,2026-04-06
신선동410,1,부산광역시 영도구 영마루길 91,,35.081214,129.0458445,,한전주,051-419-4671,부산광역시 영도구청,2026-04-06
신선동411,1,부산광역시 영도구 영마루길 129,,35.081172,129.045715,,한전주,051-419-4671,부산광역시 영도구청,2026-04-06
신선동412,1,부산광역시 영도구 영마루길 143,,35.080619,129.0460914,,한전주,051-419-4671,부산광역시 영도구청,2026-04-06
신선동413,1,부산광역시 영도구 향토길 29,,35.080073,129.046142,,한전주,051-419-4671,부산광역시 영도구청,2026-04-06
신선동414,1,부산광역시 영도구 영마루길 151,,35.080323,129.0462527,,한전주,051-419-4671,부산광역시 영도구청,2026-04-06
신선동415,1,부산광역시 영도구 영마루3길 4,,35.080323,129.0462527,,한전주,051-419-4671,부산광역시 영도구청,2026-04-06
신선동416,1,부산광역시 영도구 영마루3길 15,,35.080501,129.046585,,한전주,051-419-4671,부산광역시 영도구청,2026-04-06
신선동417,1,부산광역시 영도구 영마루3길 26,,35.080326,129.0465261,,한전주,051-419-4671,부산광역시 영도구청,2026-04-06
신선동418,1,부산광역시 영도구 영마루길 225,,35.080181,129.0469342,,한전주,051-419-4671,부산광역시 영도구청,2026-04-06
신선동419,1,부산광역시 영도구 영마루길 211,,35.080217,129.0469998,,한전주,051-419-4671,부산광역시 영도구청,2026-04-06
신선동420,1,부산광역시 영도구 영마루길 213,,35.080150,129.047088,,한전주,051-419-4671,부산광역시 영도구청,2026-04-06
신선동421,1,부산광역시 영도구 영마루길 189,,35.080334,129.047012,,한전주,051-419-4671,부산광역시 영도구청,2026-04-06
신선동422,1,부산광역시 영도구 영마루길 195,,35.080322,129.047134,,한전주,051-419-4671,부산광역시 영도구청,2026-04-06
신선동423,1,부산광역시 영도구 영마루길 161,,35.080323,129.0462527,,한전주,051-419-4671,부산광역시 영도구청,2026-04-06
신선동424,1,부산광역시 영도구 영마루길 165,,35.080143,129.046676,,한전주,051-419-4671,부산광역시 영도구청,2026-04-06
신선동425,1,부산광역시 영도구 영마루2길 68,,35.080856,129.046249,,한전주,051-419-4671,부산광역시 영도구청,2026-04-06
신선동426,1,부산광역시 영도구 영마루2길 106,,35.080879,129.046737,,한전주,051-419-4671,부산광역시 영도구청,2026-04-06
신선동427,1,부산광역시 영도구 영마루2길 116,,35.080818,129.0470667,,한전주,051-419-4671,부산광역시 영도구청,2026-04-06
신선동428,1,부산광역시 영도구 영마루2길 33,,35.081329,129.046569,,한전주,051-419-4671,부산광역시 영도구청,2026-04-06
신선동429,1,부산광역시 영도구 영마루1길 88,,35.081607,129.046539,,한전주,051-419-4671,부산광역시 영도구청,2026-04-06
신선동430,1,부산광역시 영도구 영마루1길 156,,35.081844,129.046810,,한전주,051-419-4671,부산광역시 영도구청,2026-04-06
신선동431,1,부산광역시 영도구 영마루1길 136,,35.081790,129.046432,,한전주,051-419-4671,부산광역시 영도구청,2026-04-06
신선동432,1,부산광역시 영도구 놀이터길 46,,35.081915,129.046569,,한전주,051-419-4671,부산광역시 영도구청,2026-04-06
신선동433,1,부산광역시 영도구 놀이터길 20,,35.081928,129.0463763,,한전주,051-419-4671,부산광역시 영도구청,2026-04-06
신선동434,1,부산광역시 영도구 놀이터길 46,,35.081928,129.0465868,,한전주,051-419-4671,부산광역시 영도구청,2026-04-06
신선동435,1,부산광역시 영도구 영마루1길 31,,35.081678,129.0470091,,한전주,051-419-4671,부산광역시 영도구청,2026-04-06
신선동436,1,부산광역시 영도구 산정길 134-1,,35.081775,129.047134,,한전주,051-419-4671,부산광역시 영도구청,2026-04-06
신선동437,1,부산광역시 영도구 놀이터길 102,,35.081927,129.047088,,한전주,051-419-4671,부산광역시 영도구청,2026-04-06
신선동438,1,부산광역시 영도구 영마루1길 178,,35.081596,129.046752,,한전주,051-419-4671,부산광역시 영도구청,2026-04-06
신선동439,1,부산광역시 영도구 영마루1길 178,,35.081558,129.0467831,,한전주,051-419-4671,부산광역시 영도구청,2026-04-06
신선동440,1,부산광역시 영도구 영마루2길 81,,35.081443,129.0469589,,한전주,051-419-4671,부산광역시 영도구청,2026-04-06
신선동441,1,부산광역시 영도구 영마루2길 83,,35.081378,129.0469445,,한전주,051-419-4671,부산광역시 영도구청,2026-04-06
신선동442,1,부산광역시 영도구 놀이터길 6,,35.081836,129.0458006,,한전주,051-419-4671,부산광역시 영도구청,2026-04-06
신선동443,1,부산광역시 영도구 영마루1길 11,,35.081890,129.046218,,한전주,051-419-4671,부산광역시 영도구청,2026-04-06
신선동444,1,부산광역시 영도구 놀이터길 30,,35.081996,129.046508,,한전주,051-419-4671,부산광역시 영도구청,2026-04-06
신선동445,1,부산광역시 영도구 놀이터길 47,,35.082248,129.0465429,,한전주,051-419-4671,부산광역시 영도구청,2026-04-06
신선동446,1,부산광역시 영도구 놀이터길 80,,35.082054,129.0469245,,한전주,051-419-4671,부산광역시 영도구청,2026-04-06
신선동448,1,부산광역시 영도구 놀이터길 112,,35.081678,129.0470091,,한전주,051-419-4671,부산광역시 영도구청,2026-04-06
신선동449,1,부산광역시 영도구 놀이터길 124,,35.081678,129.0470091,,한전주,051-419-4671,부산광역시 영도구청,2026-04-06
신선동450,1,부산광역시 영도구 산정길 35,,35.082467,129.047668,,한전주,051-419-4671,부산광역시 영도구청,2026-04-06
신선동451,1,부산광역시 영도구 산정길,,35.082260,129.047988,,전용주,051-419-4671,부산광역시 영도구청,2026-04-06
신선동452,1,부산광역시 영도구 산정길,,35.082645,129.048416,,한전주,051-419-4671,부산광역시 영도구청,2026-04-06
신선동453,1,부산광역시 영도구 산정길,,35.082527,129.048950,,한전주,051-419-4671,부산광역시 영도구청,2026-04-06
신선동454,1,부산광역시 영도구 산정길 41,,35.082507,129.0510471,,한전주,051-419-4671,부산광역시 영도구청,2026-04-06
신선동455,1,부산광역시 영도구 산정길 41,,35.082504,129.0510471,,한전주,051-419-4671,부산광역시 영도구청,2026-04-06
신선동456,1,부산광역시 영도구 산정길 41,,35.082507,129.0510471,,한전주,051-419-4671,부산광역시 영도구청,2026-04-06
신선동457,1,부산광역시 영도구 산정길,,35.082748,129.049026,,한전주,051-419-4671,부산광역시 영도구청,2026-04-06
신선동458,1,부산광역시 영도구 산정길,,35.082733,129.048370,,전용주,051-419-4671,부산광역시 영도구청,2026-04-06
신선동459,1,부산광역시 영도구 산정길,,35.082508,129.048095,,한전주,051-419-4671,부산광역시 영도구청,2026-04-06
신선동460,1,부산광역시 영도구 산정길,,35.080444,129.047500,,전용주,051-419-4671,부산광역시 영도구청,2026-04-06
신선동461,1,부산광역시 영도구 산정길,,35.080467,129.047622,,전용주,051-419-4671,부산광역시 영도구청,2026-04-06
신선동462,1,부산광역시 영도구 산정길,,35.081005,129.048171,,전용주,051-419-4671,부산광역시 영도구청,2026-04-06
신선동463,1,부산광역시 영도구 산정길,,35.081123,129.048294,,전용주,051-419-4671,부산광역시 영도구청,2026-04-06
신선동464,1,부산광역시 영도구 산정길 33,,35.082511,129.047581,,한전주,051-419-4671,부산광역시 영도구청,2026-04-06
신선동465,1,부산광역시 영도구 산정길 116,,35.082527,129.047241,,한전주,051-419-4671,부산광역시 영도구청,2026-04-06
신선동466,1,부산광역시 영도구 배꽃길 43,,35.082650,129.0468321,,한전주,051-419-4671,부산광역시 영도구청,2026-04-06
신선동467,1,부산광역시 영도구 배꽃길 43,,35.082650,129.0468321,,한전주,051-419-4671,부산광역시 영도구청,2026-04-06
신선동468,1,부산광역시 영도구 산정길 17,,35.083619,129.0475994,,한전주,051-419-4671,부산광역시 영도구청,2026-04-06
신선동469,1,부산광역시 영도구 배꽃길 29,,35.082695,129.046829,,한전주,051-419-4671,부산광역시 영도구청,2026-04-06
신선동470,1,부산광역시 영도구 배꽃길 34,,35.082538,129.046768,,한전주,051-419-4671,부산광역시 영도구청,2026-04-06
신선동471,1,부산광역시 영도구 배꽃길 35,,35.082608,129.047027,,한전주,051-419-4671,부산광역시 영도구청,2026-04-06
신선동472,1,부산광역시 영도구 놀이터길 183,,35.082324,129.047119,,한전주,051-419-4671,부산광역시 영도구청,2026-04-06
신선동473,1,부산광역시 영도구 배꽃길 48,,35.082386,129.0469058,,한전주,051-419-4671,부산광역시 영도구청,2026-04-06
신선동474,1,부산광역시 영도구 놀이터길 137,,35.082252,129.046737,,한전주,051-419-4671,부산광역시 영도구청,2026-04-06
신선동475,1,부산광역시 영도구 놀이터길 155,,35.082172,129.046890,,한전주,051-419-4671,부산광역시 영도구청,2026-04-06
신선동476,1,부산광역시 영도구 배꽃길 32,,35.082447,129.046737,,한전주,051-419-4671,부산광역시 영도구청,2026-04-06
신선동477,1,부산광역시 영도구 놀이터길 113,,35.082401,129.046661,,한전주,051-419-4671,부산광역시 영도구청,2026-04-06
신선동478,1,부산광역시 영도구 놀이터길 95,,35.082198,129.046585,,한전주,051-419-4671,부산광역시 영도구청,2026-04-06
신선동479,1,부산광역시 영도구 놀이터길 71,,35.082218,129.046417,,한전주,051-419-4671,부산광역시 영도구청,2026-04-06
신선동480,1,부산광역시 영도구 놀이터길 69,,35.082248,129.0465429,,한전주,051-419-4671,부산광역시 영도구청,2026-04-06
신선동481,1,부산광역시 영도구 중복길 70,,35.082328,129.046112,,한전주,051-419-4671,부산광역시 영도구청,2026-04-06
신선동482,1,부산광역시 영도구 놀이터길 27,,35.082221,129.046157,,한전주,051-419-4671,부산광역시 영도구청,2026-04-06
신선동483,1,부산광역시 영도구 중복길 42,,35.082042,129.046051,,한전주,051-419-4671,부산광역시 영도구청,2026-04-06
신선동484,1,부산광역시 영도구 중복길 15,,35.081977,129.0455178,,한전주,051-419-4671,부산광역시 영도구청,2026-04-06
신선동485,1,부산광역시 영도구 중복길 27,,35.082216,129.045516,,한전주,051-419-4671,부산광역시 영도구청,2026-04-06
신선동486,1,부산광역시 영도구 해오름1길 22,,35.082164,129.045288,,한전주,051-419-4671,부산광역시 영도구청,2026-04-06
신선동487,1,부산광역시 영도구 해오름1길 36,,35.082347,129.045303,,한전주,051-419-4671,부산광역시 영도구청,2026-04-06
신선동488,1,부산광역시 영도구 해오름1길 34,,35.082292,129.045455,,한전주,051-419-4671,부산광역시 영도구청,2026-04-06
신선동489,1,부산광역시 영도구 중복길 45,,35.082302,129.045654,,한전주,051-419-4671,부산광역시 영도구청,2026-04-06
신선동490,1,부산광역시 영도구 중복길 47,,35.082346,129.0456223,,한전주,051-419-4671,부산광역시 영도구청,2026-04-06
신선동491,1,부산광역시 영도구 해오름1길 25,,35.082447,129.045639,,한전주,051-419-4671,부산광역시 영도구청,2026-04-06
신선동492,1,부산광역시 영도구 하나길 152,,35.082584,129.0454366,,한전주,051-419-4671,부산광역시 영도구청,2026-04-06
신선동493,1,부산광역시 영도구 해오름2길 60,,35.082969,129.045547,,한전주,051-419-4671,부산광역시 영도구청,2026-04-06
신선동494,1,부산광역시 영도구 해오름2길 80,,35.082892,129.045639,,한전주,051-419-4671,부산광역시 영도구청,2026-04-06
신선동495,1,부산광역시 영도구 해오름2길 84,,35.082881,129.0457726,,한전주,051-419-4671,부산광역시 영도구청,2026-04-06
신선동496,1,부산광역시 영도구 해오름2길 110,,35.083032,129.045669,,한전주,051-419-4671,부산광역시 영도구청,2026-04-06
신선동497,1,부산광역시 영도구 해오름2길 7,,35.083180,129.045547,,한전주,051-419-4671,부산광역시 영도구청,2026-04-06
신선동498,1,부산광역시 영도구 해오름2길 140,,35.083259,129.045852,,한전주,051-419-4671,부산광역시 영도구청,2026-04-06
신선동499,1,부산광역시 영도구 하나길 250,,35.083512,129.0456007,,한전주,051-419-4671,부산광역시 영도구청,2026-04-06
신선동500,1,부산광역시 영도구 해오름2길 31,,35.083509,129.045837,,한전주,051-419-4671,부산광역시 영도구청,2026-04-06
신선동501,1,부산광역시 영도구 해오름2길 41,,35.083621,129.045944,,한전주,051-419-4671,부산광역시 영도구청,2026-04-06
신선동502,1,부산광역시 영도구 해오름2길 49,,35.083477,129.046051,,한전주,051-419-4671,부산광역시 영도구청,2026-04-06
신선동503,1,부산광역시 영도구 해오름3길 54,,35.083477,129.046218,,한전주,051-419-4671,부산광역시 영도구청,2026-04-06
신선동504,1,부산광역시 영도구 중복길 89,,35.083415,129.0458831,,한전주,051-419-4671,부산광역시 영도구청,2026-04-06
신선동505,1,부산광역시 영도구 해오름2길 77,,35.083358,129.046218,,한전주,051-419-4671,부산광역시 영도구청,2026-04-06
신선동506,1,부산광역시 영도구 해오름2길 156,,35.083240,129.046096,,한전주,051-419-4671,부산광역시 영도구청,2026-04-06
신선동507,1,부산광역시 영도구 산정길 18,,35.082733,129.0464179,,한전주,051-419-4671,부산광역시 영도구청,2026-04-06
신선동508,1,부산광역시 영도구 중복길 102,,35.082542,129.046051,,한전주,051-419-4671,부산광역시 영도구청,2026-04-06
신선동509,1,부산광역시 영도구 배꽃길 14,,35.082530,129.046356,,한전주,051-419-4671,부산광역시 영도구청,2026-04-06
신선동510,1,부산광역시 영도구 배꽃길 14,,35.082534,129.0463851,,한전주,051-419-4671,부산광역시 영도구청,2026-04-06
신선동511,1,부산광역시 영도구 산정길 86,,35.082904,129.0467442,,한전주,051-419-4671,부산광역시 영도구청,2026-04-06
신선동512,1,부산광역시 영도구 산정길 88,,35.082855,129.046707,,한전주,051-419-4671,부산광역시 영도구청,2026-04-06
신선동513,1,부산광역시 영도구 산정길 7,,35.083222,129.046859,,한전주,051-419-4671,부산광역시 영도구청,2026-04-06
신선동514,1,부산광역시 영도구 중복길 154,,35.083416,129.046951,,한전주,051-419-4671,부산광역시 영도구청,2026-04-06
신선동515,1,부산광역시 영도구 산정길 58,,35.083019,129.046524,,한전주,051-419-4671,부산광역시 영도구청,2026-04-06
신선동516,1,부산광역시 영도구 중복길 134,,35.083312,129.046432,,한전주,051-419-4671,부산광역시 영도구청,2026-04-06
신선동517,1,부산광역시 영도구 중복길 162,,35.083431,129.046600,,한전주,051-419-4671,부산광역시 영도구청,2026-04-06
신선동518,1,부산광역시 영도구 중복길 180,,35.083503,129.0469435,,한전주,051-419-4671,부산광역시 영도구청,2026-04-06
신선동519,1,부산광역시 영도구 해오름3길 74,,35.083484,129.0458831,,한전주,051-419-4671,부산광역시 영도구청,2026-04-06
신선동520,1,부산광역시 영도구 해오름3길 80,,35.083637,129.0462123,,한전주,051-419-4671,부산광역시 영도구청,2026-04-06
신선동521,1,부산광역시 영도구 해오름3길 55,,35.083751,129.046218,,한전주,051-419-4671,부산광역시 영도구청,2026-04-06
신선동522,1,부산광역시 영도구 해오름3길 34,,35.083759,129.0459084,,한전주,051-419-4671,부산광역시 영도구청,2026-04-06
신선동523,1,부산광역시 영도구 해오름3길 7,,35.083866,129.0456959,,한전주,051-419-4671,부산광역시 영도구청,2026-04-06
신선동524,1,부산광역시 영도구 해오름3길 57,,35.083728,129.046310,,한전주,051-419-4671,부산광역시 영도구청,2026-04-06
신선동525,1,부산광역시 영도구 해오름3길 61,,35.083827,129.046386,,한전주,051-419-4671,부산광역시 영도구청,2026-04-06
신선동526,1,부산광역시 영도구 해오름3길 79,,35.083927,129.046524,,한전주,051-419-4671,부산광역시 영도구청,2026-04-06
신선동527,1,부산광역시 영도구 해오름3길 73,,35.084014,129.0464309,,한전주,051-419-4671,부산광역시 영도구청,2026-04-06
신선동528,1,부산광역시 영도구 해오름3길 43,,35.084083,129.0461994,,한전주,051-419-4671,부산광역시 영도구청,2026-04-06
신선동529,1,부산광역시 영도구 초롱꽃길 62,,35.084141,129.0464232,,한전주,051-419-4671,부산광역시 영도구청,2026-04-06
신선동530,1,부산광역시 영도구 하나길 326,,35.084186,129.046051,,한전주,051-419-4671,부산광역시 영도구청,2026-04-06
신선동531,1,부산광역시 영도구 하나길 354,,35.084346,129.045730,,한전주,051-419-4671,부산광역시 영도구청,2026-04-06
신선동532,1,부산광역시 영도구 하나길 322,,35.084049,129.046081,,한전주,051-419-4671,부산광역시 영도구청,2026-04-06
신선동533,1,부산광역시 영도구 해오름3길 45,,35.083915,129.046264,,한전주,051-419-4671,부산광역시 영도구청,2026-04-06
신선동534,1,부산광역시 영도구 하나길 286,,35.084053,129.045700,,한전주,051-419-4671,부산광역시 영도구청,2026-04-06
신선동535,1,부산광역시 영도구 중복길 214,,35.083625,129.046829,,한전주,051-419-4671,부산광역시 영도구청,2026-04-06
신선동536,1,부산광역시 영도구 중복길 264,,35.083738,129.047088,,한전주,051-419-4671,부산광역시 영도구청,2026-04-06
신선동537,1,부산광역시 영도구 산정길 17,,35.083619,129.0475994,,한전주,051-419-4671,부산광역시 영도구청,2026-04-06
신선동538,1,부산광역시 영도구 산정길 17,,35.083619,129.0475994,,한전주,051-419-4671,부산광역시 영도구청,2026-04-06
신선동539,1,부산광역시 영도구 초롱꽃길 45,,35.084422,129.046539,,한전주,051-419-4671,부산광역시 영도구청,2026-04-06
신선동540,1,부산광역시 영도구 초롱꽃길 43,,35.084499,129.046539,,한전주,051-419-4671,부산광역시 영도구청,2026-04-06
신선동541,1,부산광역시 영도구 초롱꽃길 27,,35.084529,129.046737,,한전주,051-419-4671,부산광역시 영도구청,2026-04-06
신선동542,1,부산광역시 영도구 초롱꽃길 34,,35.084655,129.046386,,한전주,051-419-4671,부산광역시 영도구청,2026-04-06
신선동543,1,부산광역시 영도구 초롱꽃길 21,,35.084651,129.0463747,,한전주,051-419-4671,부산광역시 영도구청,2026-04-06
신선동544,1,부산광역시 영도구 초롱꽃길 28,,35.084581,129.046249,,한전주,051-419-4671,부산광역시 영도구청,2026-04-06
신선동545,1,부산광역시 영도구 초롱꽃길 28,,35.084568,129.046218,,한전주,051-419-4671,부산광역시 영도구청,2026-04-06
신선동546,1,부산광역시 영도구 초롱꽃길 12,,35.084497,129.046035,,한전주,051-419-4671,부산광역시 영도구청,2026-04-06
신선동547,1,부산광역시 영도구 초롱꽃길 7,,35.084801,129.0461301,,한전주,051-419-4671,부산광역시 영도구청,2026-04-06
신선동548,1,부산광역시 영도구 샛별길 87,,35.085010,129.046066,,한전주,051-419-4671,부산광역시 영도구청,2026-04-06
신선동549,1,부산광역시 영도구 샛별길 107,,35.084960,129.0463133,,한전주,051-419-4671,부산광역시 영도구청,2026-04-06
신선동550,1,부산광역시 영도구 샛별길 103,,35.085075,129.0463376,,한전주,051-419-4671,부산광역시 영도구청,2026-04-06
신선동551,1,부산광역시 영도구 샛별길 117,,35.085021,129.0465497,,한전주,051-419-4671,부산광역시 영도구청,2026-04-06
신선동552,1,부산광역시 영도구 샛별길 18,,35.084850,129.0464791,,한전주,051-419-4671,부산광역시 영도구청,2026-04-06
신선동553,1,부산광역시 영도구 샛별길 127,,35.084983,129.046676,,한전주,051-419-4671,부산광역시 영도구청,2026-04-06
신선동554,1,부산광역시 영도구 샛별길 145,,35.085086,129.046630,,한전주,051-419-4671,부산광역시 영도구청,2026-04-06
신선동555,1,부산광역시 영도구 샛별길 153,,35.085224,129.046829,,한전주,051-419-4671,부산광역시 영도구청,2026-04-06
신선동556,1,부산광역시 영도구 샛별길 173,,35.084911,129.0468135,,한전주,051-419-4671,부산광역시 영도구청,2026-04-06
신선동557,1,부산광역시 영도구 중복길 282,,35.084403,129.047073,,한전주,051-419-4671,부산광역시 영도구청,2026-04-06
신선동558,1,부산광역시 영도구 중복길 292,,35.084434,129.047138,,한전주,051-419-4671,부산광역시 영도구청,2026-04-06
신선동559,1,부산광역시 영도구 비나리길 43,,35.085300,129.0475215,,한전주,051-419-4671,부산광역시 영도구청,2026-04-06
신선동560,1,부산광역시 영도구 비나리길 16,,35.085132,129.047409,,한전주,051-419-4671,부산광역시 영도구청,2026-04-06
신선동561,1,부산광역시 영도구 비나리길 12,,35.084980,129.047363,,한전주,051-419-4671,부산광역시 영도구청,2026-04-06
신선동562,1,부산광역시 영도구 비나리길 12,,35.084911,129.047332,,한전주,051-419-4671,부산광역시 영도구청,2026-04-06
신선동563,1,부산광역시 영도구 비나리길 33,,35.085662,129.0476297,,한전주,051-419-4671,부산광역시 영도구청,2026-04-06
신선동564,1,부산광역시 영도구 중복길 340,,35.085826,129.0474379,,한전주,051-419-4671,부산광역시 영도구청,2026-04-06
신선동565,1,부산광역시 영도구 중복길 352,,35.085937,129.0478199,,한전주,051-419-4671,부산광역시 영도구청,2026-04-06
신선동566,1,부산광역시 영도구 중복길 354,,35.085899,129.047958,,한전주,051-419-4671,부산광역시 영도구청,2026-04-06
신선동567,1,부산광역시 영도구 중복길 356,,35.085865,129.048141,,한전주,051-419-4671,부산광역시 영도구청,2026-04-06
신선동568,1,부산광역시 영도구 중복길 358,,35.085790,129.0483454,,전용주,051-419-4671,부산광역시 영도구청,2026-04-06
신선동569,1,부산광역시 영도구 비나리길 75,,35.085536,129.047836,,한전주,051-419-4671,부산광역시 영도구청,2026-04-06
신선동570,1,부산광역시 영도구 비나리길 51,,35.085433,129.047698,,한전주,051-419-4671,부산광역시 영도구청,2026-04-06
신선동571,1,부산광역시 영도구 비나리길 30,,35.085155,129.0478325,,한전주,051-419-4671,부산광역시 영도구청,2026-04-06
신선동572,1,부산광역시 영도구 비나리길 113,,35.085251,129.048080,,한전주,051-419-4671,부산광역시 영도구청,2026-04-06
신선동573,1,부산광역시 영도구 비나리길 119,,35.085147,129.048355,,한전주,051-419-4671,부산광역시 영도구청,2026-04-06
신선동574,1,부산광역시 영도구 비나리길 101,,35.085342,129.048126,,전용주,051-419-4671,부산광역시 영도구청,2026-04-06
신선동575,1,부산광역시 영도구 비나리길 65,,35.085727,129.048141,,한전주,051-419-4671,부산광역시 영도구청,2026-04-06
신선동576,1,부산광역시 영도구 신선초롱길 76,,35.085315,129.0469987,,한전주,051-419-4671,부산광역시 영도구청,2026-04-06
신선동577,1,부산광역시 영도구 신선초롱길 70,,35.085391,129.0467601,,한전주,051-419-4671,부산광역시 영도구청,2026-04-06
신선동578,1,부산광역시 영도구 신선초롱길 60,,35.085412,129.046551,,한전주,051-419-4671,부산광역시 영도구청,2026-04-06
신선동579,1,부산광역시 영도구 신선초롱길 66,,35.085315,129.0465701,,한전주,051-419-4671,부산광역시 영도구청,2026-04-06
신선동580,1,부산광역시 영도구 신선초롱길 102,,35.085684,129.0469106,,한전주,051-419-4671,부산광역시 영도구청,2026-04-06
신선동581,1,부산광역시 영도구 신선초롱길 98,,35.085689,129.046859,,한전주,051-419-4671,부산광역시 영도구청,2026-04-06
신선동582,1,부산광역시 영도구 신선초롱길 86,,35.085506,129.046661,,한전주,051-419-4671,부산광역시 영도구청,2026-04-06
신선동583,1,부산광역시 영도구 신선초롱길 22,,35.085709,129.0464169,,한전주,051-419-4671,부산광역시 영도구청,2026-04-06
신선동584,1,부산광역시 영도구 샛별길 39,,35.085571,129.046218,,한전주,051-419-4671,부산광역시 영도구청,2026-04-06
신선동585,1,부산광역시 영도구 하나길 392,,35.085362,129.046081,,한전주,051-419-4671,부산광역시 영도구청,2026-04-06
청학2동176,1,부산광역시 영도구 청학남로47번길44-6,,35.090246,129.063720,,한전주,051-419-4671,부산광역시 영도구청,2026-04-06
청학2동177,1,부산광역시 영도구 청학남로47번길44-1,,35.090316,129.063522,,한전주,051-419-4671,부산광역시 영도구청,2026-04-06
청학2동178,1,부산광역시 영도구 로38-14,,35.090438,129.063339,,한전주,051-419-4671,부산광역시 영도구청,2026-04-06
청학2동179,1,부산광역시 영도구 로38-3,,35.090583,129.063110,,한전주,051-419-4671,부산광역시 영도구청,2026-04-06
청학2동180,1,부산광역시 영도구 로36-16,,35.090335,129.063278,,한전주,051-419-4671,부산광역시 영도구청,2026-04-06
청학2동181,1,부산광역시 영도구 로36-6,,35.090461,129.063079,,한전주,051-419-4671,부산광역시 영도구청,2026-04-06
청학2동182,1,부산광역시 영도구 로34-14,,35.090270,129.063171,,한전주,051-419-4671,부산광역시 영도구청,2026-04-06
청학2동183,1,부산광역시 영도구 로34-4,,35.090412,129.062973,,한전주,051-419-4671,부산광역시 영도구청,2026-04-06
청학2동184,1,부산광역시 영도구 청학남로47번길33,,35.090001,129.0632337,,한전주,051-419-4671,부산광역시 영도구청,2026-04-06
청학2동185,1,부산광역시 영도구 청학남로47번길31,,35.089970,129.0631419,,한전주,051-419-4671,부산광역시 영도구청,2026-04-06
청학2동186,1,부산광역시 영도구 청학남로47번길34-6,,35.089782,129.063476,,한전주,051-419-4671,부산광역시 영도구청,2026-04-06
청학2동187,1,부산광역시 영도구 청학남로47번길34-8,,35.089681,129.063598,,한전주,051-419-4671,부산광역시 영도구청,2026-04-06
청학2동188,1,부산광역시 영도구 청학남로47번길30-6,,35.089540,129.063262,,한전주,051-419-4671,부산광역시 영도구청,2026-04-06
청학2동189,1,부산광역시 영도구 청학남로47번길30-9,,35.089500,129.063522,,한전주,051-419-4671,부산광역시 영도구청,2026-04-06
청학2동190,1,부산광역시 영도구 청학남로47번길28,,35.089664,129.0631392,,한전주,051-419-4671,부산광역시 영도구청,2026-04-06
청학2동191,1,부산광역시 영도구 로30번길18,,35.089546,129.063140,,한전주,051-419-4671,부산광역시 영도구청,2026-04-06
청학2동192,1,부산광역시 영도구 로30번길21,,35.089454,129.063262,,한전주,051-419-4671,부산광역시 영도구청,2026-04-06
청학2동193,1,부산광역시 영도구 로30번길24,,35.089328,129.063232,,한전주,051-419-4671,부산광역시 영도구청,2026-04-06
청학2동194,1,부산광역시 영도구 로30번길27,,35.089221,129.063400,,한전주,051-419-4671,부산광역시 영도구청,2026-04-06
청학2동195,1,부산광역시 영도구 로30번길7,,35.089904,129.062759,,한전주,051-419-4671,부산광역시 영도구청,2026-04-06
청학2동196,1,부산광역시 영도구 로32-6,,35.090076,129.062744,,한전주,051-419-4671,부산광역시 영도구청,2026-04-06
청학2동197,1,부산광역시 영도구 로32-7,,35.090099,129.062911,,한전주,051-419-4671,부산광역시 영도구청,2026-04-06
청학2동198,1,부산광역시 영도구 청학남로47번길20,,35.089354,129.062820,,한전주,051-419-4671,부산광역시 영도구청,2026-04-06
청학2동199,1,부산광역시 영도구 청학남로47번길20-5,,35.089363,129.0630244,,전용주,051-419-4671,부산광역시 영도구청,2026-04-06
청학2동200,1,부산광역시 영도구 청학남로47번길20-5,,35.089305,129.063064,,한전주,051-419-4671,부산광역시 영도구청,2026-04-06
청학2동201,1,부산광역시 영도구 로26-10,,35.089649,129.062561,,한전주,051-419-4671,부산광역시 영도구청,2026-04-06
청학2동202,1,부산광역시 영도구 와치로53번길33,,35.088833,129.061889,,한전주,051-419-4671,부산광역시 영도구청,2026-04-06
청학2동203,1,부산광역시 영도구 와치로51번길17,,35.088825,129.061080,,한전주,051-419-4671,부산광역시 영도구청,2026-04-06
청학2동204,1,부산광역시 영도구 와치로53번길19-20,,35.088620,129.0614853,,한전주,051-419-4671,부산광역시 영도구청,2026-04-06
청학2동205,1,부산광역시 영도구 와치로53번길19-8,,35.088462,129.061431,,한전주,051-419-4671,부산광역시 영도구청,2026-04-06
청학2동206,1,부산광역시 영도구 와치로53번길18,,35.088289,129.061553,,한전주,051-419-4671,부산광역시 영도구청,2026-04-06
청학2동207,1,부산광역시 영도구 와치로53번길14,,35.088099,129.0612986,,한전주,051-419-4671,부산광역시 영도구청,2026-04-06
청학2동208,1,부산광역시 영도구 와치로53번길4,,35.088104,129.061096,,한전주,051-419-4671,부산광역시 영도구청,2026-04-06
청학2동209,1,부산광역시 영도구 와치로51번길4,,35.088181,129.0610239,,한전주,051-419-4671,부산광역시 영도구청,2026-04-06
청학2동210,1,부산광역시 영도구 와치로51번길8,,35.088387,129.0612349,,한전주,051-419-4671,부산광역시 영도구청,2026-04-06
청학2동211,1,부산광역시 영도구 와치로23,,35.089549,129.058807,,한전주,051-419-4671,부산광역시 영도구청,2026-04-06
청학2동212,1,부산광역시 영도구 와치로21,,35.089698,129.058441,,한전주,051-419-4671,부산광역시 영도구청,2026-04-06
청학2동213,1,부산광역시 영도구 청학남로12-6,,35.089910,129.0588877,,한전주,051-419-4671,부산광역시 영도구청,2026-04-06
청학2동214,1,부산광역시 영도구 청학남로14,,35.089979,129.0592571,,한전주,051-419-4671,부산광역시 영도구청,2026-04-06
청학2동215,1,부산광역시 영도구 와치로27번길18-4,,35.089824,129.059417,,한전주,051-419-4671,부산광역시 영도구청,2026-04-06
청학2동378,1,부산광역시 영도구 태종로352번길14-5,,35.095371,129.063186,,한전주,051-419-4671,부산광역시 영도구청,2026-04-06
청학2동379,1,부산광역시 영도구 태종로344,,35.095623,129.063034,,한전주,051-419-4671,부산광역시 영도구청,2026-04-06
청학2동380,1,부산광역시 영도구 청학북로81,,35.095319,129.062927,,한전주,051-419-4671,부산광역시 영도구청,2026-04-06
청학2동381,1,부산광역시 영도구 청학북로78,,35.095003,129.063136,,한전주,051-419-4671,부산광역시 영도구청,2026-04-06
청학2동382,1,부산광역시 영도구 청학북로70,,35.094651,129.062744,,한전주,051-419-4671,부산광역시 영도구청,2026-04-06
청학2동383,1,부산광역시 영도구 청학북로73-6,,35.095039,129.062759,,한전주,051-419-4671,부산광역시 영도구청,2026-04-06
청학2동384,1,부산광역시 영도구 태종로344번길19,,35.094959,129.062454,,한전주,051-419-4671,부산광역시 영도구청,2026-04-06
청학2동385,1,부산광역시 영도구 태종로344번길16,,35.095180,129.062698,,한전주,051-419-4671,부산광역시 영도구청,2026-04-06
청학2동386,1,부산광역시 영도구 태종로344번길7,,35.095409,129.062835,,한전주,051-419-4671,부산광역시 영도구청,2026-04-06
청학2동387,1,부산광역시 영도구 태종로344번길6,,35.095603,129.062866,,한전주,051-419-4671,부산광역시 영도구청,2026-04-06
청학2동388,1,부산광역시 영도구 태종로344번길23,,35.095069,129.062271,,한전주,051-419-4671,부산광역시 영도구청,2026-04-06
청학2동389,1,부산광역시 영도구 태종로344번길31-4,,35.094787,129.062164,,한전주,051-419-4671,부산광역시 영도구청,2026-04-06
청학2동390,1,부산광역시 영도구 태종로344번길33,,35.094872,129.061935,,한전주,051-419-4671,부산광역시 영도구청,2026-04-06
청학2동391,1,부산광역시 영도구 청학로80번길27,,35.094985,129.061813,,한전주,051-419-4671,부산광역시 영도구청,2026-04-06
청학2동392,1,부산광역시 영도구 청학북로71-19,,35.094637,129.061737,,한전주,051-419-4671,부산광역시 영도구청,2026-04-06
청학2동393,1,부산광역시 영도구 청학북로25,,35.094208,129.0592881,,한전주,051-419-4671,부산광역시 영도구청,2026-04-06
청학2동394,1,부산광역시 영도구 청학북로71-19,,35.094650,129.0617971,,한전주,051-419-4671,부산광역시 영도구청,2026-04-06
청학2동395,1,부산광역시 영도구 청학북로71-11,,35.094491,129.062210,,한전주,051-419-4671,부산광역시 영도구청,2026-04-06
청학2동396,1,부산광역시 영도구 청학북로71-6,,35.094806,129.0624101,,한전주,051-419-4671,부산광역시 영도구청,2026-04-06
청학2동397,1,부산광역시 영도구 청학북로63-21,,35.094394,129.061934,,한전주,051-419-4671,부산광역시 영도구청,2026-04-06
청학2동398,1,부산광역시 영도구 청학북로63-17,,35.094192,129.0620099,,한전주,051-419-4671,부산광역시 영도구청,2026-04-06
청학2동399,1,부산광역시 영도구 청학북로53번길22-3,,35.094413,129.0617177,,한전주,051-419-4671,부산광역시 영도구청,2026-04-06
청학2동400,1,부산광역시 영도구 청학북로53번길20,,35.094268,129.0616531,,한전주,051-419-4671,부산광역시 영도구청,2026-04-06
청학2동401,1,부산광역시 영도구 청학북로53번길27,,35.094585,129.0613869,,한전주,051-419-4671,부산광역시 영도구청,2026-04-06
청학2동402,1,부산광역시 영도구 청학북로53번길27-6,,35.094510,129.0611795,,한전주,051-419-4671,부산광역시 영도구청,2026-04-06
청학2동403,1,부산광역시 영도구 청학북로53번길21-7,,35.094073,129.061248,,한전주,051-419-4671,부산광역시 영도구청,2026-04-06
청학2동404,1,부산광역시 영도구 청학북로53번길22-11,,35.094139,129.060958,,한전주,051-419-4671,부산광역시 영도구청,2026-04-06
청학2동405,1,부산광역시 영도구 청학북로37번길15-1,,35.094039,129.061126,,한전주,051-419-4671,부산광역시 영도구청,2026-04-06
청학2동406,1,부산광역시 영도구 청학북로37번길12,,35.093955,129.0608564,,한전주,051-419-4671,부산광역시 영도구청,2026-04-06
청학2동407,1,부산광역시 영도구 청학북로37번길5,,35.093942,129.060653,,한전주,051-419-4671,부산광역시 영도구청,2026-04-06
청학2동408,1,부산광역시 영도구 청학북로39번길7,,35.093727,129.061113,,한전주,051-419-4671,부산광역시 영도구청,2026-04-06
청학2동409,1,부산광역시 영도구 청학북로37번길17,,35.093948,129.0611916,,한전주,051-419-4671,부산광역시 영도구청,2026-04-06
청학2동410,1,부산광역시 영도구 청학북로53번길13,,35.093896,129.061584,,한전주,051-419-4671,부산광역시 영도구청,2026-04-06
청학2동411,1,부산광역시 영도구 청학북로53번길9,,35.093688,129.0615516,,한전주,051-419-4671,부산광역시 영도구청,2026-04-06
청학2동412,1,부산광역시 영도구 청학북로53번길7-7,,35.093573,129.0615056,,한전주,051-419-4671,부산광역시 영도구청,2026-04-06
청학2동413,1,부산광역시 영도구 청학북로53번길7-18,,35.093532,129.0611974,,한전주,051-419-4671,부산광역시 영도구청,2026-04-06
청학2동414,1,부산광역시 영도구 청학북로53번길6,,35.093602,129.061752,,한전주,051-419-4671,부산광역시 영도구청,2026-04-06
청학2동415,1,부산광역시 영도구 청학북로53번길12-1,,35.093864,129.061782,,한전주,051-419-4671,부산광역시 영도구청,2026-04-06
청학2동416,1,부산광역시 영도구 청학북로69,,35.094539,129.0624978,,한전주,051-419-4671,부산광역시 영도구청,2026-04-06
청학2동417,1,부산광역시 영도구 청학북로65,,35.094287,129.062297,,한전주,051-419-4671,부산광역시 영도구청,2026-04-06
청학2동418,1,부산광역시 영도구 청학북로63-5,,35.094096,129.0620788,,한전주,051-419-4671,부산광역시 영도구청,2026-04-06
청학2동419,1,부산광역시 영도구 청학북로64,,35.094040,129.0623823,,한전주,051-419-4671,부산광역시 영도구청,2026-04-06
청학2동420,1,부산광역시 영도구 청학북로59,,35.093903,129.062042,,한전주,051-419-4671,부산광역시 영도구청,2026-04-06
청학2동421,1,부산광역시 영도구 청학북로56,,35.093394,129.0620938,,한전주,051-419-4671,부산광역시 영도구청,2026-04-06
청학2동422,1,부산광역시 영도구 청학북로53,,35.093478,129.0619462,,한전주,051-419-4671,부산광역시 영도구청,2026-04-06
청학2동423,1,부산광역시 영도구 청학북로53번길2,,35.093463,129.0618285,,한전주,051-419-4671,부산광역시 영도구청,2026-04-06
청학2동424,1,부산광역시 영도구 청학북로49-9,,35.093421,129.0615273,,한전주,051-419-4671,부산광역시 영도구청,2026-04-06
청학2동425,1,부산광역시 영도구 청학북로48-1,,35.093087,129.061279,,한전주,051-419-4671,부산광역시 영도구청,2026-04-06
청학2동426,1,부산광역시 영도구 청학북로48번길4,,35.093019,129.0614194,,전용주,051-419-4671,부산광역시 영도구청,2026-04-06
청학2동427,1,부산광역시 영도구 청학북로47,,35.09319967,129.0612385,,한전주,051-419-4671,부산광역시 영도구청,2026-04-06
청학2동428,1,부산광역시 영도구 청학북로45-7,,35.093441,129.0612955,,한전주,051-419-4671,부산광역시 영도구청,2026-04-06
청학2동429,1,부산광역시 영도구 청학북로45-12,,35.093513,129.0615518,,한전주,051-419-4671,부산광역시 영도구청,2026-04-06
청학2동430,1,부산광역시 영도구 청학북로43-3,,35.093448,129.0612383,,한전주,051-419-4671,부산광역시 영도구청,2026-04-06
청학2동431,1,부산광역시 영도구 청학북로41-1,,35.093534,129.061019,,한전주,051-419-4671,부산광역시 영도구청,2026-04-06
청학2동432,1,부산광역시 영도구 청학로42번길29,,35.093383,129.0607856,,한전주,051-419-4671,부산광역시 영도구청,2026-04-06
청학2동433,1,부산광역시 영도구 청학로42번길25,,35.093317,129.060638,,한전주,051-419-4671,부산광역시 영도구청,2026-04-06
청학2동434,1,부산광역시 영도구 청학북로40-9,,35.093381,129.0606232,,한전주,051-419-4671,부산광역시 영도구청,2026-04-06
청학2동435,1,부산광역시 영도구 청학북로41,,35.093616,129.0609252,,한전주,051-419-4671,부산광역시 영도구청,2026-04-06
청학2동436,1,부산광역시 영도구 청학북로37,,35.093708,129.0606295,,한전주,051-419-4671,부산광역시 영도구청,2026-04-06
청학2동437,1,부산광역시 영도구 청학로76번길39,,35.093822,129.060424,,한전주,051-419-4671,부산광역시 영도구청,2026-04-06
청학2동438,1,부산광역시 영도구 청학북로33-4,,35.093975,129.060241,,한전주,051-419-4671,부산광역시 영도구청,2026-04-06
청학2동439,1,부산광역시 영도구 청학로76번길33-1,,35.094013,129.0606022,,한전주,051-419-4671,부산광역시 영도구청,2026-04-06
청학2동440,1,부산광역시 영도구 청학북로76번길41,,35.094066,129.060440,,한전주,051-419-4671,부산광역시 영도구청,2026-04-06
청학2동441,1,부산광역시 영도구 청학로76번길25-1,,35.094398,129.0610557,,한전주,051-419-4671,부산광역시 영도구청,2026-04-06
청학2동442,1,부산광역시 영도구 청학로66,,35.094524,129.060487,,한전주,051-419-4671,부산광역시 영도구청,2026-04-06
청학2동443,1,부산광역시 영도구 청학로76번길19,,35.094601,129.060836,,한전주,051-419-4671,부산광역시 영도구청,2026-04-06
청학2동444,1,부산광역시 영도구 청학로70번길15,,35.094700,129.0611057,,한전주,051-419-4671,부산광역시 영도구청,2026-04-06
청학2동445,1,부산광역시 영도구 청학로70번길19,,35.094831,129.0612202,,한전주,051-419-4671,부산광역시 영도구청,2026-04-06
청학2동446,1,부산광역시 영도구 청학로70번길21-6,,35.095024,129.061203,,한전주,051-419-4671,부산광역시 영도구청,2026-04-06
청학2동447,1,부산광역시 영도구 청학로76번길5-3,,35.095429,129.0606853,,한전주,051-419-4671,부산광역시 영도구청,2026-04-06
청학2동448,1,부산광역시 영도구 청학로87번길7-1,,35.095050,129.060913,,한전주,051-419-4671,부산광역시 영도구청,2026-04-06
청학2동449,1,부산광역시 영도구 청학로76번길11-3,,35.095031,129.0610569,,한전주,051-419-4671,부산광역시 영도구청,2026-04-06
청학2동450,1,부산광역시 영도구 청학로72-6,,35.094982,129.0605587,,한전주,051-419-4671,부산광역시 영도구청,2026-04-06
청학2동451,1,부산광역시 영도구 청학로76번길10,,35.095063,129.060714,,한전주,051-419-4671,부산광역시 영도구청,2026-04-06
청학2동452,1,부산광역시 영도구 청학로80번길6,,35.095442,129.0608257,,한전주,051-419-4671,부산광역시 영도구청,2026-04-06
청학2동453,1,부산광역시 영도구 청학로80번길12,,35.095325,129.061111,,한전주,051-419-4671,부산광역시 영도구청,2026-04-06
청학2동454,1,부산광역시 영도구 청학로80번길15,,35.095314,129.061363,,한전주,051-419-4671,부산광역시 영도구청,2026-04-06
영선1동023,1,부산광역시 영도구 절영로49번길 60,,35.088863,129.041580,,전용주,051-419-4671,부산광역시 영도구청,2026-04-06
영선1동024,1,부산광역시 영도구 절영로49번길 60,,35.088841,129.041534,,한전주,051-419-4671,부산광역시 영도구청,2026-04-06
영선1동025,1,부산광역시 영도구 남항로49번길 21,,35.089321,129.0420913,,한전주,051-419-4671,부산광역시 영도구청,2026-04-06
영선1동026,1,부산광역시 영도구 영선대로 95,,35.089420,129.0425659,,한전주,051-419-4671,부산광역시 영도구청,2026-04-06
영선1동027,1,부산광역시 영도구 절영로43번길 70,,35.089302,129.042373,,한전주,051-419-4671,부산광역시 영도구청,2026-04-06
영선1동028,1,부산광역시 영도구 영선대로 95,,35.089456,129.042572,,전용주,051-419-4671,부산광역시 영도구청,2026-04-06
영선1동029,1,부산광역시 영도구 절영로43번길 62,,35.089420,129.041900,,한전주,051-419-4671,부산광역시 영도구청,2026-04-06
영선1동030,1,부산광역시 영도구 절영로43번길 57-2,,35.089679,129.041915,,한전주,051-419-4671,부산광역시 영도구청,2026-04-06
영선1동031,1,부산광역시 영도구 절영로43번길 56,,35.089523,129.041671,,한전주,051-419-4671,부산광역시 영도구청,2026-04-06
영선1동032,1,부산광역시 영도구 남항로49번길 27-4,,35.089626,129.042160,,한전주,051-419-4671,부산광역시 영도구청,2026-04-06
영선1동033,1,부산광역시 영도구 남항로49번길 32-4,,35.089586,129.042541,,한전주,051-419-4671,부산광역시 영도구청,2026-04-06
영선1동034,1,부산광역시 영도구 절영로35번길 57-12,,35.090328,129.0422021,,한전주,051-419-4671,부산광역시 영도구청,2026-04-06
영선1동035,1,부산광역시 영도구 절영로35번길 56,,35.090084,129.0420637,,한전주,051-419-4671,부산광역시 영도구청,2026-04-06
영선1동036,1,부산광역시 영도구 남항로49번길 38-1,,35.089839,129.042617,,한전주,051-419-4671,부산광역시 영도구청,2026-04-06
영선1동037,1,부산광역시 영도구 태종로 110,,35.090772,129.0426757,,한전주,051-419-4671,부산광역시 영도구청,2026-04-06
영선1동038,1,부산광역시 영도구 남항로49번길 58,,35.090705,129.0430549,,한전주,051-419-4671,부산광역시 영도구청,2026-04-06
영선1동039,1,부산광역시 영도구 절영로29번길 57,,35.090744,129.042495,,한전주,051-419-4671,부산광역시 영도구청,2026-04-06
영선1동040,1,부산광역시 영도구 절영로29번길 57-6,,35.090831,129.042510,,한전주,051-419-4671,부산광역시 영도구청,2026-04-06
영선1동041,1,부산광역시 영도구 절영로29번길 53,,35.090778,129.0422388,,한전주,051-419-4671,부산광역시 영도구청,2026-04-06
영선1동042,1,부산광역시 영도구 남항로41번길 48,,35.090644,129.0421557,,한전주,051-419-4671,부산광역시 영도구청,2026-04-06
영선1동043,1,부산광역시 영도구 남항로41번길 46-3,,35.090506,129.0421972,,한전주,051-419-4671,부산광역시 영도구청,2026-04-06
영선1동044,1,부산광역시 영도구 남항로41번길 42,,35.090351,129.0420019,,한전주,051-419-4671,부산광역시 영도구청,2026-04-06
영선1동045,1,부산광역시 영도구 영선대로 107-1,,35.090499,129.0432081,,한전주,051-419-4671,부산광역시 영도구청,2026-04-06
영선1동046,1,부산광역시 영도구 영선대로 105-1,,35.090253,129.0430931,,한전주,051-419-4671,부산광역시 영도구청,2026-04-06
영선1동047,1,부산광역시 영도구 영선대로 105,,35.090240,129.043045,,한전주,051-419-4671,부산광역시 영도구청,2026-04-06
영선1동048,1,부산광역시 영도구 영선대로 87,,35.088782,129.042343,,한전주,051-419-4671,부산광역시 영도구청,2026-04-06
영선1동049,1,부산광역시 영도구 영선대로 71-3,,35.087532,129.041656,,한전주,051-419-4671,부산광역시 영도구청,2026-04-06
영선1동050,1,부산광역시 영도구 태종로105번길 6,,35.091587,129.042648,,한전주,051-419-4671,부산광역시 영도구청,2026-04-06
영선1동051,1,부산광역시 영도구 절영로13번길 54,,35.091911,129.042831,,한전주,051-419-4671,부산광역시 영도구청,2026-04-06
영선1동052,1,부산광역시 영도구 태종로105번길 16-6,,35.091762,129.0429773,,한전주,051-419-4671,부산광역시 영도구청,2026-04-06
영선1동053,1,부산광역시 영도구 태종로105번길 16-9,,35.091670,129.043167,,한전주,051-419-4671,부산광역시 영도구청,2026-04-06
영선1동054,1,부산광역시 영도구 절영로13번길 64,,35.091803,129.0433872,,한전주,051-419-4671,부산광역시 영도구청,2026-04-06
영선1동055,1,부산광역시 영도구 태종로113번길 18-4,,35.091632,129.043624,,한전주,051-419-4671,부산광역시 영도구청,2026-04-06
영선1동056,1,부산광역시 영도구 태종로 127-2,,35.091490,129.043716,,한전주,051-419-4671,부산광역시 영도구청,2026-04-06
영선1동057,1,부산광역시 영도구 태종로113번길 13,,35.091602,129.0432781,,한전주,051-419-4671,부산광역시 영도구청,2026-04-06
영선1동058,1,부산광역시 영도구 절영로19번길 63,,35.091534,129.043121,,한전주,051-419-4671,부산광역시 영도구청,2026-04-06
영선1동059,1,부산광역시 영도구 태종로113번길 5-4,,35.091307,129.043167,,한전주,051-419-4671,부산광역시 영도구청,2026-04-06
영선1동060,1,부산광역시 영도구 영봉길 45,,35.091255,129.044830,,한전주,051-419-4671,부산광역시 영도구청,2026-04-06
영선1동061,1,부산광역시 영도구 영봉길 37,,35.091003,129.0448922,,한전주,051-419-4671,부산광역시 영도구청,2026-04-06
영선1동062,1,부산광역시 영도구 영봉길 68,,35.090671,129.045028,,한전주,051-419-4671,부산광역시 영도구청,2026-04-06
영선1동063,1,부산광역시 영도구 태종로 126-9,,35.090812,129.044631,,한전주,051-419-4671,부산광역시 영도구청,2026-04-06
영선1동064,1,부산광역시 영도구 영봉길 17,,35.090503,129.044647,,한전주,051-419-4671,부산광역시 영도구청,2026-04-06
영선1동065,1,부산광역시 영도구 꿈나무길 17,,35.090324,129.0444811,,한전주,051-419-4671,부산광역시 영도구청,2026-04-06
영선1동066,1,부산광역시 영도구 영봉길 34,,35.090347,129.0449579,,한전주,051-419-4671,부산광역시 영도구청,2026-04-06
영선1동067,1,부산광역시 영도구 태종로 120,,35.090595,129.044219,,한전주,051-419-4671,부산광역시 영도구청,2026-04-06
영선1동068,1,부산광역시 영도구 태종로 122-2,,35.090702,129.044289,,한전주,051-419-4671,부산광역시 영도구청,2026-04-06
영선1동069,1,부산광역시 영도구 한사랑길 44,,35.089496,129.043960,,한전주,051-419-4671,부산광역시 영도구청,2026-04-06
영선1동070,1,부산광역시 영도구 한사랑길 87,,35.089778,129.044448,,한전주,051-419-4671,부산광역시 영도구청,2026-04-06
영선1동071,1,부산광역시 영도구 한사랑길 95,,35.089683,129.044540,,한전주,051-419-4671,부산광역시 영도구청,2026-04-06
영선1동072,1,부산광역시 영도구 영선대로 98,,35.088340,129.0431661,,한전주,051-419-4671,부산광역시 영도구청,2026-04-06
영선1동073,1,부산광역시 영도구 한사랑길 60,,35.088752,129.043930,,한전주,051-419-4671,부산광역시 영도구청,2026-04-06
영선1동074,1,부산광역시 영도구 한사랑길 66,,35.088619,129.044158,,한전주,051-419-4671,부산광역시 영도구청,2026-04-06
영선1동075,1,부산광역시 영도구 영선대로 76-3,,35.087582,129.042495,,한전주,051-419-4671,부산광역시 영도구청,2026-04-06
영선1동076,1,부산광역시 영도구 영선대로 76-5,,35.087581,129.042663,,전용주,051-419-4671,부산광역시 영도구청,2026-04-06
영선1동077,1,부산광역시 영도구 영선대로 76-5,,35.087520,129.042648,,한전주,051-419-4671,부산광역시 영도구청,2026-04-06
영선1동078,1,부산광역시 영도구 영선대로 76-10,,35.087379,129.042877,,한전주,051-419-4671,부산광역시 영도구청,2026-04-06
영선1동079,1,부산광역시 영도구 영선대로 76-13,,35.087444,129.042968,,한전주,051-419-4671,부산광역시 영도구청,2026-04-06
영선1동080,1,부산광역시 영도구 영선대로 74,,35.087443,129.0424038,,한전주,051-419-4671,부산광역시 영도구청,2026-04-06
영선1동081,1,부산광역시 영도구 영선대로 74-5,,35.087314,129.0426254,,한전주,051-419-4671,부산광역시 영도구청,2026-04-06
영선1동082,1,부산광역시 영도구 영일길 31,,35.087131,129.042449,,한전주,051-419-4671,부산광역시 영도구청,2026-04-06
영선1동083,1,부산광역시 영도구 영일길 23,,35.087093,129.042358,,한전주,051-419-4671,부산광역시 영도구청,2026-04-06
영선1동084,1,부산광역시 영도구 영선대로 72-2,,35.087169,129.042251,,한전주,051-419-4671,부산광역시 영도구청,2026-04-06
영선1동085,1,부산광역시 영도구 영선대로 74-7,,35.087310,129.042770,,한전주,051-419-4671,부산광역시 영도구청,2026-04-06
영선1동086,1,부산광역시 영도구 영일길 55,,35.087135,129.0427005,,한전주,051-419-4671,부산광역시 영도구청,2026-04-06
영선1동087,1,부산광역시 영도구 꿈나무길 114,,35.087319,129.043411,,한전주,051-419-4671,부산광역시 영도구청,2026-04-06
영선1동088,1,부산광역시 영도구 꿈나무길 134,,35.087253,129.043167,,한전주,051-419-4671,부산광역시 영도구청,2026-04-06
영선1동089,1,부산광역시 영도구 꿈나무길 132,,35.087465,129.0430946,,한전주,051-419-4671,부산광역시 영도구청,2026-04-06
영선1동090,1,부산광역시 영도구 꿈나무길 154,,35.087108,129.0432891,,한전주,051-419-4671,부산광역시 영도구청,2026-04-06
영선1동091,1,부산광역시 영도구 꿈나무길 184,,35.086940,129.043258,,한전주,051-419-4671,부산광역시 영도구청,2026-04-06
영선1동092,1,부산광역시 영도구 꿈나무길 210,,35.086761,129.043212,,한전주,051-419-4671,부산광역시 영도구청,2026-04-06
영선1동093,1,부산광역시 영도구 영선대로 76-12,,35.087207,129.0430138,,한전주,051-419-4671,부산광역시 영도구청,2026-04-06
영선1동094,1,부산광역시 영도구 영일길 75,,35.087020,129.0429266,,한전주,051-419-4671,부산광역시 영도구청,2026-04-06
영선1동095,1,부산광역시 영도구 영일길 61,,35.087032,129.042755,,한전주,051-419-4671,부산광역시 영도구청,2026-04-06
영선1동096,1,부산광역시 영도구 영일길 121,,35.086925,129.042648,,한전주,051-419-4671,부산광역시 영도구청,2026-04-06
영선1동097,1,부산광역시 영도구 영일길 17,,35.086963,129.042465,,한전주,051-419-4671,부산광역시 영도구청,2026-04-06
영선1동098,1,부산광역시 영도구 영일길 129,,35.086620,129.042984,,한전주,051-419-4671,부산광역시 영도구청,2026-04-06
영선1동099,1,부산광역시 영도구 꿈나무길 237,,35.086780,129.0434891,,한전주,051-419-4671,부산광역시 영도구청,2026-04-06
영선1동100,1,부산광역시 영도구 나눔길 1,,35.087024,129.0437254,,한전주,051-419-4671,부산광역시 영도구청,2026-04-06
영선1동101,1,부산광역시 영도구 나눔길 5,,35.086948,129.043899,,한전주,051-419-4671,부산광역시 영도구청,2026-04-06
영선1동102,1,부산광역시 영도구 꿈나무길 205,,35.087107,129.043884,,한전주,051-419-4671,부산광역시 영도구청,2026-04-06
영선1동103,1,부산광역시 영도구 꿈나무길 205,,35.087112,129.043899,,한전주,051-419-4671,부산광역시 영도구청,2026-04-06
영선1동104,1,부산광역시 영도구 남항시장길 189,,35.087706,129.044311,,한전주,051-419-4671,부산광역시 영도구청,2026-04-06
영선1동105,1,부산광역시 영도구 남항시장길 189,,35.087711,129.044387,,한전주,051-419-4671,부산광역시 영도구청,2026-04-06
영선1동106,1,부산광역시 영도구 새천년길 505,,35.087844,129.044326,,한전주,051-419-4671,부산광역시 영도구청,2026-04-06
영선1동107,1,부산광역시 영도구 새천년길 505,,35.087874,129.0443099,,한전주,051-419-4671,부산광역시 영도구청,2026-04-06
영선1동108,1,부산광역시 영도구 꿈나무길 175,,35.087931,129.044143,,한전주,051-419-4671,부산광역시 영도구청,2026-04-06
영선1동109,1,부산광역시 영도구 새천년길 517,,35.088099,129.044479,,한전주,051-419-4671,부산광역시 영도구청,2026-04-06
영선1동110,1,부산광역시 영도구 새천년길 335,,35.088420,129.044479,,한전주,051-419-4671,부산광역시 영도구청,2026-04-06
영선1동111,1,부산광역시 영도구 꿈나무길 165,,35.088256,129.044219,,한전주,051-419-4671,부산광역시 영도구청,2026-04-06
영선1동112,1,부산광역시 영도구 새천년길 146,,35.088645,129.0448633,,한전주,051-419-4671,부산광역시 영도구청,2026-04-06
영선1동113,1,부산광역시 영도구 꿈나무길 143,,35.088731,129.044494,,한전주,051-419-4671,부산광역시 영도구청,2026-04-06
영선1동114,1,부산광역시 영도구 꿈나무길 119,,35.089153,129.0448445,,한전주,051-419-4671,부산광역시 영도구청,2026-04-06
영선1동115,1,부산광역시 영도구 꿈나무길 121,,35.089114,129.044937,,한전주,051-419-4671,부산광역시 영도구청,2026-04-06
영선1동116,1,부산광역시 영도구 꿈나무길 105,,35.089282,129.044967,,한전주,051-419-4671,부산광역시 영도구청,2026-04-06
영선1동117,1,부산광역시 영도구 꿈나무길 125,,35.089124,129.045196,,한전주,051-419-4671,부산광역시 영도구청,2026-04-06
영선1동118,1,부산광역시 영도구 꿈나무길 89,,35.089416,129.0454322,,한전주,051-419-4671,부산광역시 영도구청,2026-04-06
영선1동119,1,부산광역시 영도구 꿈나무길 55,,35.089580,129.0450331,,한전주,051-419-4671,부산광역시 영도구청,2026-04-06
영선1동120,1,부산광역시 영도구 영도새싹길 8,,35.089927,129.0452619,,한전주,051-419-4671,부산광역시 영도구청,2026-04-06
영선2동001,1,부산광역시 영도구 영선대로67번길 17,,35.087211,129.0405384,,한전주,051-419-4671,부산광역시 영도구청,2026-04-06
영선2동002,1,부산광역시 영도구 영선대로67번길 17,,35.087291,129.0405384,,한전주,051-419-4671,부산광역시 영도구청,2026-04-06
영선2동003,1,부산광역시 영도구 절영로93번길 16-18,,35.086948,129.040634,,한전주,051-419-4671,부산광역시 영도구청,2026-04-06
영선2동004,1,부산광역시 영도구 절영로93번길 8-18,,35.086550,129.0402912,,한전주,051-419-4671,부산광역시 영도구청,2026-04-06
영선2동005,1,부산광역시 영도구 절영로93번길 8-26,,35.086559,129.040374,,한전주,051-419-4671,부산광역시 영도구청,2026-04-06
영선2동006,1,부산광역시 영도구 절영로 97-7,,35.086509,129.0402038,,한전주,051-419-4671,부산광역시 영도구청,2026-04-06
영선2동007,1,부산광역시 영도구 절영로101번길 9,,35.086518,129.040573,,한전주,051-419-4671,부산광역시 영도구청,2026-04-06
영선2동008,1,부산광역시 영도구 절영로101번길 10,,35.086551,129.0408224,,한전주,051-419-4671,부산광역시 영도구청,2026-04-06
영선2동009,1,부산광역시 영도구 절영로101번길 19,,35.086971,129.040863,,한전주,051-419-4671,부산광역시 영도구청,2026-04-06
영선2동010,1,부산광역시 영도구 영선대로 66,,35.086723,129.0420291,,한전주,051-419-4671,부산광역시 영도구청,2026-04-06
영선2동011,1,부산광역시 영도구 영일길 18,,35.086719,129.042343,,한전주,051-419-4671,부산광역시 영도구청,2026-04-06
영선2동012,1,부산광역시 영도구 영일길 34,,35.086559,129.042480,,한전주,051-419-4671,부산광역시 영도구청,2026-04-06
영선2동013,1,부산광역시 영도구 영일길 44,,35.086495,129.042770,,한전주,051-419-4671,부산광역시 영도구청,2026-04-06
영선2동014,1,부산광역시 영도구 꿈나무길 246,,35.086135,129.042846,,한전주,051-419-4671,부산광역시 영도구청,2026-04-06
영선2동015,1,부산광역시 영도구 향촌길 198,,35.086189,129.0425292,,한전주,051-419-4671,부산광역시 영도구청,2026-04-06
영선2동016,1,부산광역시 영도구 향촌길 190,,35.086299,129.042404,,한전주,051-419-4671,부산광역시 영도구청,2026-04-06
영선2동017,1,부산광역시 영도구 향촌길 180,,35.086383,129.0422083,,한전주,051-419-4671,부산광역시 영도구청,2026-04-06
영선2동018,1,부산광역시 영도구 영선대로 62-1,,35.086446,129.0419339,,한전주,051-419-4671,부산광역시 영도구청,2026-04-06
영선2동019,1,부산광역시 영도구 영선대로 58-1,,35.086121,129.0417542,,한전주,051-419-4671,부산광역시 영도구청,2026-04-06
영선2동020,1,부산광역시 영도구 향촌길 30,,35.086071,129.041946,,한전주,051-419-4671,부산광역시 영도구청,2026-04-06
영선2동021,1,부산광역시 영도구 향촌길 36,,35.085926,129.041870,,한전주,051-419-4671,부산광역시 영도구청,2026-04-06
영선2동022,1,부산광역시 영도구 향촌길 128,,35.086032,129.0423106,,한전주,051-419-4671,부산광역시 영도구청,2026-04-06
영선2동023,1,부산광역시 영도구 향촌길 66,,35.085765,129.042190,,한전주,051-419-4671,부산광역시 영도구청,2026-04-06
영선2동024,1,부산광역시 영도구 향촌길 90,,35.085895,129.0423943,,한전주,051-419-4671,부산광역시 영도구청,2026-04-06
영선2동025,1,부산광역시 영도구 꿈나무길 256,,35.085776,129.042678,,한전주,051-419-4671,부산광역시 영도구청,2026-04-06
영선2동026,1,부산광역시 영도구 절영로 119-8,,35.085704,129.042373,,한전주,051-419-4671,부산광역시 영도구청,2026-04-06
영선2동027,1,부산광역시 영도구 향촌길 42,,35.085746,129.0419511,,한전주,051-419-4671,부산광역시 영도구청,2026-04-06
영선2동028,1,부산광역시 영도구 영선대로 56,,35.085990,129.0416223,,한전주,051-419-4671,부산광역시 영도구청,2026-04-06
영선2동029,1,부산광역시 영도구 절영로 94,,35.086192,129.039749,,한전주,051-419-4671,부산광역시 영도구청,2026-04-06
영선2동030,1,부산광역시 영도구 절영로94번길 5,,35.086032,129.039657,,한전주,051-419-4671,부산광역시 영도구청,2026-04-06
영선2동031,1,부산광역시 영도구 절영로102번길 16,,35.085667,129.0398195,,한전주,051-419-4671,부산광역시 영도구청,2026-04-06
영선2동032,1,부산광역시 영도구 절영로102번길 16,,35.085667,129.0398195,,한전주,051-419-4671,부산광역시 영도구청,2026-04-06
영선2동033,1,부산광역시 영도구 절영로102번길 16,,35.085651,129.0398195,,한전주,051-419-4671,부산광역시 영도구청,2026-04-06
영선2동034,1,부산광역시 영도구 절영로 100,,35.085910,129.040283,,한전주,051-419-4671,부산광역시 영도구청,2026-04-06
영선2동035,1,부산광역시 영도구 절영로102번길 9,,35.085686,129.0403648,,한전주,051-419-4671,부산광역시 영도구청,2026-04-06
영선2동036,1,부산광역시 영도구 절영로102번길 16,,35.085685,129.0398195,,한전주,051-419-4671,부산광역시 영도구청,2026-04-06
영선2동037,1,부산광역시 영도구 절영로102번길 16,,35.085667,129.0398195,,한전주,051-419-4671,부산광역시 영도구청,2026-04-06
영선2동038,1,부산광역시 영도구 절영로102번길 16,,35.085667,129.0398195,,한전주,051-419-4671,부산광역시 영도구청,2026-04-06
영선2동039,1,부산광역시 영도구 영선대로 41,,35.084996,129.040033,,한전주,051-419-4671,부산광역시 영도구청,2026-04-06
영선2동040,1,부산광역시 영도구 영선대로 41,,35.084996,129.040039,,한전주,051-419-4671,부산광역시 영도구청,2026-04-06
영선2동041,1,부산광역시 영도구 남항서로70번길 86,,35.085249,129.0393681,,한전주,051-419-4671,부산광역시 영도구청,2026-04-06
영선2동042,1,부산광역시 영도구 절영로94번길 35-5,,35.084388,129.039350,,한전주,051-419-4671,부산광역시 영도구청,2026-04-06
영선2동043,1,부산광역시 영도구 절영로94번길 35-4,,35.084629,129.0389018,,한전주,051-419-4671,부산광역시 영도구청,2026-04-06
영선2동044,1,부산광역시 영도구 영선대로37번길 22,,35.084430,129.039276,,한전주,051-419-4671,부산광역시 영도구청,2026-04-06
영선2동045,1,부산광역시 영도구 영선대로37번길 22,,35.084415,129.039245,,한전주,051-419-4671,부산광역시 영도구청,2026-04-06
영선2동046,1,부산광역시 영도구 영선대로33번길 10,,35.084304,129.0395244,,한전주,051-419-4671,부산광역시 영도구청,2026-04-06
영선2동047,1,부산광역시 영도구 영선대로33번길 6,,35.084429,129.039672,,한전주,051-419-4671,부산광역시 영도구청,2026-04-06
영선2동048,1,부산광역시 영도구 영선대로33번길 11-1,,35.084302,129.039260,,한전주,051-419-4671,부산광역시 영도구청,2026-04-06
영선2동049,1,부산광역시 영도구 남항남로 47-6,,35.084159,129.039321,,한전주,051-419-4671,부산광역시 영도구청,2026-04-06
영선2동050,1,부산광역시 영도구 영선대로37번길 9,,35.084612,129.039505,,한전주,051-419-4671,부산광역시 영도구청,2026-04-06
영선2동051,1,부산광역시 영도구 영선대로37번길 28,,35.084537,129.0390145,,한전주,051-419-4671,부산광역시 영도구청,2026-04-06
영선2동052,1,부산광역시 영도구 영선대로 35-11,,35.084488,129.039764,,한전주,051-419-4671,부산광역시 영도구청,2026-04-06
영선2동053,1,부산광역시 영도구 영선대로37번길 3,,35.084659,129.039871,,한전주,051-419-4671,부산광역시 영도구청,2026-04-06
영선2동054,1,부산광역시 영도구 영선대로37번길 6,,35.084944,129.039719,,한전주,051-419-4671,부산광역시 영도구청,2026-04-06
영선2동055,1,부산광역시 영도구 해안산책길 31,,35.082958,129.040618,,한전주,051-419-4671,부산광역시 영도구청,2026-04-06
영선2동056,1,부산광역시 영도구 작은시장2길 1,,35.083555,129.041381,,한전주,051-419-4671,부산광역시 영도구청,2026-04-06
영선2동057,1,부산광역시 영도구 작은시장2길 8,,35.083744,129.041320,,한전주,051-419-4671,부산광역시 영도구청,2026-04-06
영선2동058,1,부산광역시 영도구 작은시장2길 43,,35.083591,129.041168,,한전주,051-419-4671,부산광역시 영도구청,2026-04-06
영선2동059,1,부산광역시 영도구 절영로 146-2,,35.083465,129.041229,,한전주,051-419-4671,부산광역시 영도구청,2026-04-06
영선2동060,1,부산광역시 영도구 작은시장2길 31,,35.083591,129.040939,,한전주,051-419-4671,부산광역시 영도구청,2026-04-06
영선2동061,1,부산광역시 영도구 작은시장2길 31,,35.083545,129.0409017,,한전주,051-419-4671,부산광역시 영도구청,2026-04-06
영선2동062,1,부산광역시 영도구 작은시장2길 93,,35.083469,129.040679,,한전주,051-419-4671,부산광역시 영도구청,2026-04-06
영선2동063,1,부산광역시 영도구 작은시장2길 73,,35.083690,129.0407163,,한전주,051-419-4671,부산광역시 영도구청,2026-04-06
영선2동064,1,부산광역시 영도구 작은시장2길 69,,35.083672,129.040832,,한전주,051-419-4671,부산광역시 영도구청,2026-04-06
영선2동065,1,부산광역시 영도구 작은시장2길 127,,35.083812,129.040557,,한전주,051-419-4671,부산광역시 영도구청,2026-04-06
영선2동066,1,부산광역시 영도구 작은시장2길 115,,35.083701,129.0406146,,한전주,051-419-4671,부산광역시 영도구청,2026-04-06
영선2동067,1,부산광역시 영도구 작은시장2길 51,,35.083687,129.041076,,한전주,051-419-4671,부산광역시 영도구청,2026-04-06
영선2동068,1,부산광역시 영도구 작은시장2길 38,,35.084004,129.040557,,한전주,051-419-4671,부산광역시 영도구청,2026-04-06
영선2동069,1,부산광역시 영도구 작은시장1길 61,,35.084133,129.040618,,한전주,051-419-4671,부산광역시 영도구청,2026-04-06
영선2동070,1,부산광역시 영도구 작은시장1길 69,,35.084011,129.040954,,한전주,051-419-4671,부산광역시 영도구청,2026-04-06
영선2동071,1,부산광역시 영도구 작은시장1길 25,,35.083898,129.041015,,한전주,051-419-4671,부산광역시 영도구청,2026-04-06
영선2동072,1,부산광역시 영도구 작은시장1길 59,,35.084262,129.040710,,한전주,051-419-4671,부산광역시 영도구청,2026-04-06
영선2동073,1,부산광역시 영도구 작은시장1길 36,,35.084335,129.0410191,,한전주,051-419-4671,부산광역시 영도구청,2026-04-06
영선2동074,1,부산광역시 영도구 작은시장1길 29,,35.084064,129.0410982,,한전주,051-419-4671,부산광역시 영도구청,2026-04-06
영선2동075,1,부산광역시 영도구 작은시장1길 15,,35.084136,129.0412726,,한전주,051-419-4671,부산광역시 영도구청,2026-04-06
영선2동076,1,부산광역시 영도구 작은시장1길 26,,35.084217,129.041427,,한전주,051-419-4671,부산광역시 영도구청,2026-04-06
영선2동077,1,부산광역시 영도구 해님2길 35,,35.084403,129.041595,,한전주,051-419-4671,부산광역시 영도구청,2026-04-06
영선2동078,1,부산광역시 영도구 절영로 138-1,,35.084079,129.0417316,,한전주,051-419-4671,부산광역시 영도구청,2026-04-06
영선2동079,1,부산광역시 영도구 해님2길 49,,35.084425,129.041290,,한전주,051-419-4671,부산광역시 영도구청,2026-04-06
영선2동080,1,부산광역시 영도구 해님2길 59,,35.084575,129.0413625,,한전주,051-419-4671,부산광역시 영도구청,2026-04-06
영선2동081,1,부산광역시 영도구 해님2길 9,,35.084506,129.0416571,,한전주,051-419-4671,부산광역시 영도구청,2026-04-06
영선2동082,1,부산광역시 영도구 해님2길 10,,35.084617,129.0419187,,한전주,051-419-4671,부산광역시 영도구청,2026-04-06
영선2동083,1,부산광역시 영도구 해님2길 3,,35.084434,129.0418025,,한전주,051-419-4671,부산광역시 영도구청,2026-04-06
영선2동084,1,부산광역시 영도구 해님2길 59,,35.084587,129.041397,,한전주,051-419-4671,부산광역시 영도구청,2026-04-06
영선2동085,1,부산광역시 영도구 해님1길 35,,35.084812,129.0414666,,한전주,051-419-4671,부산광역시 영도구청,2026-04-06
영선2동086,1,부산광역시 영도구 해님1길 41,,35.084945,129.0414999,,한전주,051-419-4671,부산광역시 영도구청,2026-04-06
영선2동087,1,부산광역시 영도구 해님2길 67,,35.084423,129.041198,,한전주,051-419-4671,부산광역시 영도구청,2026-04-06
영선2동088,1,부산광역시 영도구 해님2길 50,,35.085035,129.041351,,한전주,051-419-4671,부산광역시 영도구청,2026-04-06
영선2동089,1,부산광역시 영도구 해님2길 113,,35.084709,129.041152,,한전주,051-419-4671,부산광역시 영도구청,2026-04-06
영선2동090,1,부산광역시 영도구 해님2길 103,,35.084552,129.041061,,한전주,051-419-4671,부산광역시 영도구청,2026-04-06
영선2동091,1,부산광역시 영도구 영선대로 40,,35.084525,129.0409991,,한전주,051-419-4671,부산광역시 영도구청,2026-04-06
영선2동092,1,부산광역시 영도구 영선대로 48,,35.085206,129.041259,,한전주,051-419-4671,부산광역시 영도구청,2026-04-06
영선2동093,1,부산광역시 영도구 영선대로 50,,35.085406,129.0413425,,한전주,051-419-4671,부산광역시 영도구청,2026-04-06
영선2동094,1,부산광역시 영도구 해님1길 53,,35.085178,129.041381,,한전주,051-419-4671,부산광역시 영도구청,2026-04-06
영선2동095,1,부산광역시 영도구 해님1길 49,,35.085098,129.041595,,한전주,051-419-4671,부산광역시 영도구청,2026-04-06
영선2동096,1,부산광역시 영도구 해님1길 58,,35.085340,129.0416938,,한전주,051-419-4671,부산광역시 영도구청,2026-04-06
영선2동097,1,부산광역시 영도구 해님1길 7,,35.084968,129.041946,,한전주,051-419-4671,부산광역시 영도구청,2026-04-06
영선2동098,1,부산광역시 영도구 해님1길 24,,35.085144,129.0420692,,한전주,051-419-4671,부산광역시 영도구청,2026-04-06
영선2동099,1,부산광역시 영도구 남항새싹길 22,,35.084571,129.0425951,,한전주,051-419-4671,부산광역시 영도구청,2026-04-06
영선2동100,1,부산광역시 영도구 남항새싹1길 84,,35.084056,129.042953,,한전주,051-419-4671,부산광역시 영도구청,2026-04-06
청학1동440,1,부산광역시 영도구 청학북서길23번길6-5,,35.096141,129.059722,,한전주,051-419-4671,부산광역시 영도구청,2026-04-06
청학1동441,1,부산광역시 영도구 청학북서길23번길6-1,,35.096141,129.059585,,한전주,051-419-4671,부산광역시 영도구청,2026-04-06
청학1동442,1,부산광역시 영도구 청학서로6-2,,35.097011,129.059402,,한전주,051-419-4671,부산광역시 영도구청,2026-04-06
청학1동443,1,부산광역시 영도구 해양로,,35.096946,129.061065,,한전주,051-419-4671,부산광역시 영도구청,2026-04-06
청학1동444,1,부산광역시 영도구 해양로42-28,,35.097392,129.060226,,한전주,051-419-4671,부산광역시 영도구청,2026-04-06
청학1동445,1,부산광역시 영도구 해양로48,,35.097343,129.060424,,한전주,051-419-4671,부산광역시 영도구청,2026-04-06
청학1동446,1,부산광역시 영도구 해양로46-9,,35.097229,129.0602764,,한전주,051-419-4671,부산광역시 영도구청,2026-04-06
청학1동447,1,부산광역시 영도구 해양로42-8,,35.097549,129.059906,,한전주,051-419-4671,부산광역시 영도구청,2026-04-06
청학1동448,1,부산광역시 영도구 해양로42-14,,35.097492,129.059692,,한전주,051-419-4671,부산광역시 영도구청,2026-04-06
청학1동449,1,부산광역시 영도구 해양로38-8,,35.097681,129.059631,,한전주,051-419-4671,부산광역시 영도구청,2026-04-06
청학1동450,1,부산광역시 영도구 해양로36-4,,35.098007,129.059295,,한전주,051-419-4671,부산광역시 영도구청,2026-04-06
청학1동451,1,부산광역시 영도구 해양로36-28,,35.097957,129.059188,,한전주,051-419-4671,부산광역시 영도구청,2026-04-06
청학1동452,1,"부산광역시 영도구 해양로32,5",,35.098129,129.058929,,한전주,051-419-4671,부산광역시 영도구청,2026-04-06
청학1동453,1,부산광역시 영도구 해양로37-3,,35.098354,129.059753,,한전주,051-419-4671,부산광역시 영도구청,2026-04-06
청학1동454,1,부산광역시 영도구 해양로33,,35.098426,129.059448,,한전주,051-419-4671,부산광역시 영도구청,2026-04-06
청학1동455,1,부산광역시 영도구 해양로33-5,,35.098682,129.059478,,한전주,051-419-4671,부산광역시 영도구청,2026-04-06
청학1동456,1,부산광역시 영도구 해양로33-15,,35.099107,129.0597264,,한전주,051-419-4671,부산광역시 영도구청,2026-04-06
청학1동457,1,부산광역시 영도구 해양로21,,35.099150,129.058700,,한전주,051-419-4671,부산광역시 영도구청,2026-04-06
청학1동458,1,부산광역시 영도구 해양로23번길13,,35.099483,129.0589092,,한전주,051-419-4671,부산광역시 영도구청,2026-04-06
청학1동459,1,부산광역시 영도구 해양로23번길24,,35.099580,129.0597101,,한전주,051-419-4671,부산광역시 영도구청,2026-04-06
청학1동460,1,부산광역시 영도구 해양로23번길27,,35.099712,129.059148,,한전주,051-419-4671,부산광역시 영도구청,2026-04-06
청학1동461,1,부산광역시 영도구 해양로23번길27,,35.099712,129.059148,,한전주,051-419-4671,부산광역시 영도구청,2026-04-06
청학1동462,1,부산광역시 영도구 우정길 25,,35.092945,129.056123,,한전주,051-419-4671,부산광역시 영도구청,2026-04-06
청학1동463,1,부산광역시 영도구 우정길41,,35.092881,129.056291,,한전주,051-419-4671,부산광역시 영도구청,2026-04-06
청학1동464,1,부산광역시 영도구 태종로236-3,,35.095761,129.0539014,,전용주,051-419-4671,부산광역시 영도구청,2026-04-06
청학1동465,1,부산광역시 영도구 태종로230-2,,35.094989,129.053363,,한전주,051-419-4671,부산광역시 영도구청,2026-04-06
청학1동466,1,부산광역시 영도구 해돋이3길 412,,35.089385,129.0560483,,한전주,051-419-4671,부산광역시 영도구청,2026-04-06
청학1동467,1,부산광역시 영도구 하나길773,,35.094044,129.0545906,,한전주,051-419-4671,부산광역시 영도구청,2026-04-06
청학1동468,1,부산광역시 영도구 청학서로45번길25-1,,35.095179,129.055536,,한전주,051-419-4671,부산광역시 영도구청,2026-04-06
청학2동001,1,부산광역시 영도구 조내기로59,,35.086562,129.0656314,,한전주,051-419-4671,부산광역시 영도구청,2026-04-06
청학2동002,1,부산광역시 영도구 조내기로65,,35.086179,129.0662303,,한전주,051-419-4671,부산광역시 영도구청,2026-04-06
청학2동003,1,부산광역시 영도구 조내기로65,,35.086116,129.066268,,한전주,051-419-4671,부산광역시 영도구청,2026-04-06
청학2동004,1,부산광역시 영도구 조내기로71,,35.086131,129.066848,,한전주,051-419-4671,부산광역시 영도구청,2026-04-06
청학2동006,1,부산광역시 영도구 태종로472번길48,,35.088348,129.066467,,한전주,051-419-4671,부산광역시 영도구청,2026-04-06
청학2동007,1,부산광역시 영도구 태종로422번길45,,35.08859965,129.0666045,,한전주,051-419-4671,부산광역시 영도구청,2026-04-06
청학2동008,1,부산광역시 영도구 태종로422번길,,35.087909,129.066436,,전용주,051-419-4671,부산광역시 영도구청,2026-04-06
청학2동009,1,부산광역시 영도구 태종로422번길,,35.087776,129.066421,,전용주,051-419-4671,부산광역시 영도구청,2026-04-06
청학2동010,1,부산광역시 영도구 태종로422번길,,35.087673,129.066421,,전용주,051-419-4671,부산광역시 영도구청,2026-04-06
청학2동011,1,부산광역시 영도구 태종로422번길,,35.087539,129.066421,,전용주,051-419-4671,부산광역시 영도구청,2026-04-06
청학2동012,1,부산광역시 영도구 태종로422번길,,35.087429,129.066421,,전용주,051-419-4671,부산광역시 영도구청,2026-04-06
청학2동169,2,부산광역시 영도구 청학남로60번길40,,35.091304,129.064849,,한전주,051-419-4671,부산광역시 영도구청,2026-04-06
청학2동170,1,부산광역시 영도구 청학남로60번길41-3,,35.091331,129.065109,,한전주,051-419-4671,부산광역시 영도구청,2026-04-06
청학2동171,1,부산광역시 영도구 청학남로60번길37-10,,35.091514,129.065093,,한전주,051-419-4671,부산광역시 영도구청,2026-04-06
청학2동172,1,부산광역시 영도구 태종로392번길17-1,,35.091777,129.065155,,한전주,051-419-4671,부산광역시 영도구청,2026-04-06
청학2동173,1,부산광역시 영도구 청학남로47번길14,,35.090801,129.063949,,한전주,051-419-4671,부산광역시 영도구청,2026-04-06
청학2동174,1,부산광역시 영도구 로42-10,,35.090694,129.063598,,한전주,051-419-4671,부산광역시 영도구청,2026-04-06
청학2동175,1,부산광역시 영도구 청학남로47번길45,,35.090499,129.063491,,한전주,051-419-4671,부산광역시 영도구청,2026-04-06
청학2동216,1,부산광역시 영도구 와치로27번길16,,35.089672,129.059402,,한전주,051-419-4671,부산광역시 영도구청,2026-04-06
청학2동217,1,부산광역시 영도구 와치로27번길12-7,,35.089496,129.059539,,한전주,051-419-4671,부산광역시 영도구청,2026-04-06
청학2동218,1,부산광역시 영도구 와치로27번길13-1,,35.089584,129.059140,,한전주,051-419-4671,부산광역시 영도구청,2026-04-06
청학2동219,1,부산광역시 영도구 와치로27번길10,,35.089454,129.0593101,,한전주,051-419-4671,부산광역시 영도구청,2026-04-06
청학2동220,1,부산광역시 영도구 와치로27번길12-6,,35.089389,129.059463,,한전주,051-419-4671,부산광역시 영도구청,2026-04-06
청학2동221,1,부산광역시 영도구 와치로27번길9-4,,35.089424,129.059036,,한전주,051-419-4671,부산광역시 영도구청,2026-04-06
청학2동222,1,부산광역시 영도구 와치로27번길8-4,,35.089177,129.059326,,한전주,051-419-4671,부산광역시 영도구청,2026-04-06
청학2동223,1,부산광역시 영도구 와치로27번길7,,35.089343,129.059097,,한전주,051-419-4671,부산광역시 영도구청,2026-04-06
청학2동224,1,부산광역시 영도구 청학남로18-5,,35.089792,129.059600,,한전주,051-419-4671,부산광역시 영도구청,2026-04-06
청학2동225,1,부산광역시 영도구 청학남로20-6,,35.089679,129.0597528,,한전주,051-419-4671,부산광역시 영도구청,2026-04-06
청학2동226,1,부산광역시 영도구 와치로39번길28,,35.089740,129.060777,,한전주,051-419-4671,부산광역시 영도구청,2026-04-06
청학2동227,1,부산광역시 영도구 와치로37번길21-1,,35.089618,129.060363,,한전주,051-419-4671,부산광역시 영도구청,2026-04-06
청학2동228,1,부산광역시 영도구 와치로37번길15,,35.089487,129.0600834,,한전주,051-419-4671,부산광역시 영도구청,2026-04-06
청학2동229,1,부산광역시 영도구 와치로37번길16,,35.089408,129.0601974,,한전주,051-419-4671,부산광역시 영도구청,2026-04-06
청학2동230,1,부산광역시 영도구 와치로37번길10,,35.089271,129.059936,,한전주,051-419-4671,부산광역시 영도구청,2026-04-06
청학2동231,1,부산광역시 영도구 와치로37번길8,,35.089172,129.0598495,,한전주,051-419-4671,부산광역시 영도구청,2026-04-06
청학2동232,1,부산광역시 영도구 와치로39번길9,,35.089333,129.0602475,,한전주,051-419-4671,부산광역시 영도구청,2026-04-06
청학2동233,1,부산광역시 영도구 와치로39번길12,,35.089246,129.0603861,,한전주,051-419-4671,부산광역시 영도구청,2026-04-06
청학2동234,1,부산광역시 영도구 와치로39번길5-11,,35.089447,129.060760,,한전주,051-419-4671,부산광역시 영도구청,2026-04-06
청학2동235,1,부산광역시 영도구 로5,,35.089233,129.060791,,한전주,051-419-4671,부산광역시 영도구청,2026-04-06
청학2동236,1,부산광역시 영도구 청학남로32-7,,35.089469,129.0610058,,한전주,051-419-4671,부산광역시 영도구청,2026-04-06
청학2동237,1,부산광역시 영도구 청학남로32-6,,35.089645,129.0608807,,한전주,051-419-4671,부산광역시 영도구청,2026-04-06
청학2동238,1,부산광역시 영도구 로19번길35,,35.090274,129.061279,,한전주,051-419-4671,부산광역시 영도구청,2026-04-06
청학2동239,1,부산광역시 영도구 로19번길30,,35.090229,129.061462,,한전주,051-419-4671,부산광역시 영도구청,2026-04-06
청학2동240,1,부산광역시 영도구 로19번길27,,35.090118,129.061386,,한전주,051-419-4671,부산광역시 영도구청,2026-04-06
청학2동241,1,부산광역시 영도구 청학남로31-6,,35.089946,129.061279,,한전주,051-419-4671,부산광역시 영도구청,2026-04-06
청학2동242,1,부산광역시 영도구 청학남로31-6,,35.089984,129.0612126,,한전주,051-419-4671,부산광역시 영도구청,2026-04-06
청학2동243,1,부산광역시 영도구 로27번길13-17,,35.089862,129.061416,,한전주,051-419-4671,부산광역시 영도구청,2026-04-06
청학2동244,1,부산광역시 영도구 로27번길15,,35.090240,129.061660,,한전주,051-419-4671,부산광역시 영도구청,2026-04-06
청학2동245,1,부산광역시 영도구 로27번길19,,35.090412,129.061614,,한전주,051-419-4671,부산광역시 영도구청,2026-04-06
청학2동246,1,부산광역시 영도구 로27번길24,,35.090545,129.061401,,한전주,051-419-4671,부산광역시 영도구청,2026-04-06
청학2동247,1,부산광역시 영도구 로29-5,,35.090049,129.061798,,한전주,051-419-4671,부산광역시 영도구청,2026-04-06
청학2동248,1,부산광역시 영도구 로27번길9-15,,35.089843,129.061630,,한전주,051-419-4671,부산광역시 영도구청,2026-04-06
청학2동249,1,부산광역시 영도구 로27번길6,,35.090141,129.062026,,한전주,051-419-4671,부산광역시 영도구청,2026-04-06
청학2동250,1,부산광역시 영도구 로27번길6,,35.090061,129.062210,,한전주,051-419-4671,부산광역시 영도구청,2026-04-06
청학2동251,1,부산광역시 영도구 로25-4,,35.089912,129.062011,,한전주,051-419-4671,부산광역시 영도구청,2026-04-06
청학2동252,1,부산광역시 영도구 로,,35.089790,129.062011,,한전주,051-419-4671,부산광역시 영도구청,2026-04-06
청학2동253,1,부산광역시 영도구 로21-9,,35.089668,129.061904,,한전주,051-419-4671,부산광역시 영도구청,2026-04-06
청학2동254,1,부산광역시 영도구 로19-5,,35.089469,129.061996,,한전주,051-419-4671,부산광역시 영도구청,2026-04-06
청학2동255,1,부산광역시 영도구 로29-5,,35.090270,129.062225,,한전주,051-419-4671,부산광역시 영도구청,2026-04-06
청학2동256,1,부산광역시 영도구 로31-5,,35.090454,129.062408,,한전주,051-419-4671,부산광역시 영도구청,2026-04-06
청학2동257,1,부산광역시 영도구 로33-3,,35.090518,129.062591,,한전주,051-419-4671,부산광역시 영도구청,2026-04-06
청학2동258,1,부산광역시 영도구 로37,,35.090621,129.062820,,한전주,051-419-4671,부산광역시 영도구청,2026-04-06
청학2동259,1,부산광역시 영도구 로35-9,,35.090766,129.062500,,한전주,051-419-4671,부산광역시 영도구청,2026-04-06
청학2동260,1,부산광역시 영도구 로35-13,,35.090999,129.062286,,한전주,051-419-4671,부산광역시 영도구청,2026-04-06
청학2동261,1,부산광역시 영도구 로7번길11,,35.090496,129.061996,,한전주,051-419-4671,부산광역시 영도구청,2026-04-06
청학2동262,1,부산광역시 영도구 로7번길6,,35.090908,129.062118,,한전주,051-419-4671,부산광역시 영도구청,2026-04-06
청학2동263,1,부산광역시 영도구 청학남로29번길28-11,,35.091014,129.0620651,,한전주,051-419-4671,부산광역시 영도구청,2026-04-06
청학2동264,1,부산광역시 영도구 청학남로29번길30,,35.091121,129.0616324,,한전주,051-419-4671,부산광역시 영도구청,2026-04-06
청학2동265,1,부산광역시 영도구 청학남로29번길20,,35.09069982,129.0613711,,한전주,051-419-4671,부산광역시 영도구청,2026-04-06
청학2동266,1,부산광역시 영도구 청학남로29번길26,,35.090930,129.0618129,,한전주,051-419-4671,부산광역시 영도구청,2026-04-06
청학2동267,1,부산광역시 영도구 로42번길10,,35.091030,129.063537,,한전주,051-419-4671,부산광역시 영도구청,2026-04-06
청학2동268,1,부산광역시 영도구 로48-12,,35.091403,129.063659,,한전주,051-419-4671,부산광역시 영도구청,2026-04-06
청학2동269,1,부산광역시 영도구 로48-31,,35.091312,129.064010,,한전주,051-419-4671,부산광역시 영도구청,2026-04-06
청학2동270,1,부산광역시 영도구 로48-13,,35.091693,129.063827,,한전주,051-419-4671,부산광역시 영도구청,2026-04-06
청학2동271,1,부산광역시 영도구 태종로372번길47,,35.091844,129.0636549,,한전주,051-419-4671,부산광역시 영도구청,2026-04-06
청학2동272,1,부산광역시 영도구 로,,35.092304,129.063644,,한전주,051-419-4671,부산광역시 영도구청,2026-04-06
청학2동273,1,부산광역시 영도구 로60번길11,,35.092163,129.063934,,한전주,051-419-4671,부산광역시 영도구청,2026-04-06
청학2동274,1,부산광역시 영도구 태종로372번길33-5,,35.092306,129.0640265,,한전주,051-419-4671,부산광역시 영도구청,2026-04-06
청학2동275,1,부산광역시 영도구 로60번길24,,35.091979,129.064147,,전용주,051-419-4671,부산광역시 영도구청,2026-04-06
청학2동276,1,부산광역시 영도구 태종로384번길28,,35.092201,129.0642489,,한전주,051-419-4671,부산광역시 영도구청,2026-04-06
청학2동277,1,부산광역시 영도구 태종로384번길24,,35.092488,129.064539,,한전주,051-419-4671,부산광역시 영도구청,2026-04-06
청학2동278,1,부산광역시 영도구 로60번길24,,35.091873,129.064331,,한전주,051-419-4671,부산광역시 영도구청,2026-04-06
청학2동279,1,부산광역시 영도구 로60번길14-10,,35.091827,129.064147,,한전주,051-419-4671,부산광역시 영도구청,2026-04-06
청학2동280,1,부산광역시 영도구 로60번길14-8,,35.091922,129.063949,,한전주,051-419-4671,부산광역시 영도구청,2026-04-06
청학2동281,1,부산광역시 영도구 로60번길14-14,,35.091754,129.064407,,한전주,051-419-4671,부산광역시 영도구청,2026-04-06
청학2동282,1,부산광역시 영도구 태종로392번길29,,35.092051,129.064666,,한전주,051-419-4671,부산광역시 영도구청,2026-04-06
청학2동283,1,부산광역시 영도구 태종로384번길17,,35.092258,129.0647641,,한전주,051-419-4671,부산광역시 영도구청,2026-04-06
청학2동284,1,부산광역시 영도구 태종로384번길18,,35.092350,129.064599992,,한전주,051-419-4671,부산광역시 영도구청,2026-04-06
청학2동285,1,부산광역시 영도구 태종로384번길13,,35.092391,129.0649709,,한전주,051-419-4671,부산광역시 영도구청,2026-04-06
청학2동286,1,부산광역시 영도구 태종로384번길14-7,,35.092613,129.0645771,,한전주,051-419-4671,부산광역시 영도구청,2026-04-06
청학2동287,1,부산광역시 영도구 태종로384번길14-11,,35.092689,129.064483,,한전주,051-419-4671,부산광역시 영도구청,2026-04-06
청학2동288,1,부산광역시 영도구 태종로384번길28-6,,35.092758,129.064270,,한전주,051-419-4671,부산광역시 영도구청,2026-04-06
청학2동289,1,부산광역시 영도구 태종로372번길21-2,,35.092823,129.0642073,,한전주,051-419-4671,부산광역시 영도구청,2026-04-06
청학2동297,1,부산광역시 영도구 태종로380번길7,,35.092937,129.0649346,,한전주,051-419-4671,부산광역시 영도구청,2026-04-06
청학2동298,1,부산광역시 영도구 태종로380번길3,,35.093070,129.0649783,,한전주,051-419-4671,부산광역시 영도구청,2026-04-06
청학2동299,1,부산광역시 영도구 태종로372번길10,,35.093528,129.064453,,한전주,051-419-4671,부산광역시 영도구청,2026-04-06
청학2동300,1,부산광역시 영도구 로74-3,,35.093509,129.064300,,전용주,051-419-4671,부산광역시 영도구청,2026-04-06
청학2동301,1,부산광역시 영도구 로74-3,,35.093620,129.064254,,전용주,051-419-4671,부산광역시 영도구청,2026-04-06
청학2동302,1,부산광역시 영도구 태종로376번길9,,35.093376,129.0645761,,한전주,051-419-4671,부산광역시 영도구청,2026-04-06
청학2동303,1,부산광역시 영도구 태종로372번길,,35.093601,129.064697,,한전주,051-419-4671,부산광역시 영도구청,2026-04-06
청학2동304,1,부산광역시 영도구 태종로384번길8,,35.092662,129.0650055,,한전주,051-419-4671,부산광역시 영도구청,2026-04-06
청학2동305,1,부산광역시 영도구 태종로384번길7-13,,35.092460,129.0654207,,한전주,051-419-4671,부산광역시 영도구청,2026-04-06
청학2동306,1,부산광역시 영도구 태종로364,,35.094329,129.0642802,,한전주,051-419-4671,부산광역시 영도구청,2026-04-06
청학2동307,1,부산광역시 영도구 태종로366-1,,35.094253,129.0644058,,한전주,051-419-4671,부산광역시 영도구청,2026-04-06
청학2동308,1,부산광역시 영도구 로73-6,,35.093948,129.064010,,한전주,051-419-4671,부산광역시 영도구청,2026-04-06
청학2동309,1,부산광역시 영도구 로71-4,,35.093605,129.063858,,한전주,051-419-4671,부산광역시 영도구청,2026-04-06
청학2동310,1,부산광역시 영도구 로67-1,,35.093307,129.063858,,한전주,051-419-4671,부산광역시 영도구청,2026-04-06
청학2동311,1,부산광역시 영도구 로61번길1,,35.092723,129.063461,,한전주,051-419-4671,부산광역시 영도구청,2026-04-06
청학2동312,1,부산광역시 영도구 로61번길7,,35.092861,129.063095,,전용주,051-419-4671,부산광역시 영도구청,2026-04-06
청학2동313,1,부산광역시 영도구 로61번길14,,35.092899,129.062820,,한전주,051-419-4671,부산광역시 영도구청,2026-04-06
청학2동314,1,부산광역시 영도구 로61번길17,,35.092956,129.062606,,한전주,051-419-4671,부산광역시 영도구청,2026-04-06
청학2동315,1,부산광역시 영도구 로61번길22,,35.093067,129.062438,,한전주,051-419-4671,부산광역시 영도구청,2026-04-06
청학2동316,1,부산광역시 영도구 로61번길17-8,,35.092777,129.062347,,한전주,051-419-4671,부산광역시 영도구청,2026-04-06
청학2동317,1,부산광역시 영도구 로55번길33,,35.092792,129.062652,,한전주,051-419-4671,부산광역시 영도구청,2026-04-06
청학2동318,1,부산광역시 영도구 로59번길9,,35.092639,129.063018,,한전주,051-419-4671,부산광역시 영도구청,2026-04-06
청학2동319,1,부산광역시 영도구 로59번길3,,35.092559,129.063278,,한전주,051-419-4671,부산광역시 영도구청,2026-04-06
청학2동320,1,부산광역시 영도구 로55번길5,,35.092334,129.063034,,한전주,051-419-4671,부산광역시 영도구청,2026-04-06
청학2동321,1,부산광역시 영도구 로55번길10,,35.092433,129.062850,,한전주,051-419-4671,부산광역시 영도구청,2026-04-06
청학2동322,2,부산광역시 영도구 로51번길23,,35.092479,129.062545,,한전주,051-419-4671,부산광역시 영도구청,2026-04-06
청학2동323,2,부산광역시 영도구 로51번길27-8,,35.092506,129.062240,,한전주,051-419-4671,부산광역시 영도구청,2026-04-06
청학2동324,1,부산광역시 영도구 로51번길18-6,,35.092124,129.062835,,한전주,051-419-4671,부산광역시 영도구청,2026-04-06
청학2동325,1,부산광역시 영도구 로51번길18-1,,35.092239,129.062530,,한전주,051-419-4671,부산광역시 영도구청,2026-04-06
청학2동326,1,부산광역시 영도구 로16번길14-4,,35.092144,129.062118,,한전주,051-419-4671,부산광역시 영도구청,2026-04-06
청학2동327,1,부산광역시 영도구 로51번길13,,35.092041,129.062545,,한전주,051-419-4671,부산광역시 영도구청,2026-04-06
청학2동328,1,부산광역시 영도구 로6번길21,,35.091941,129.063262,,한전주,051-419-4671,부산광역시 영도구청,2026-04-06
청학2동329,1,부산광역시 영도구 로51번길11,,35.091957,129.062820,,전용주,051-419-4671,부산광역시 영도구청,2026-04-06
청학2동330,1,부산광역시 영도구 청학로8번길16,,35.091670,129.062713,,한전주,051-419-4671,부산광역시 영도구청,2026-04-06
청학2동331,1,부산광역시 영도구 청학로8번길13-7,,35.091679,129.062271,,한전주,051-419-4671,부산광역시 영도구청,2026-04-06
청학2동332,1,부산광역시 영도구 청학로8번길11-7,,35.091567,129.0622662,,한전주,051-419-4671,부산광역시 영도구청,2026-04-06
청학2동333,1,부산광역시 영도구 청학로8번길12,,35.091533,129.062742,,한전주,051-419-4671,부산광역시 영도구청,2026-04-06
청학2동334,1,부산광역시 영도구 청학로8번길9,,35.091415,129.062591,,한전주,051-419-4671,부산광역시 영도구청,2026-04-06
청학2동335,1,부산광역시 영도구 청학로8번길3,,35.091323,129.0624359,,한전주,051-419-4671,부산광역시 영도구청,2026-04-06
청학2동336,1,부산광역시 영도구 청학로6번길8-2,,35.091218,129.0628002,,한전주,051-419-4671,부산광역시 영도구청,2026-04-06
청학2동337,1,부산광역시 영도구 로43-6,,35.091361,129.062835,,한전주,051-419-4671,부산광역시 영도구청,2026-04-06
청학2동338,1,부산광역시 영도구 로43,,35.091274,129.063079,,한전주,051-419-4671,부산광역시 영도구청,2026-04-06
청학2동339,1,부산광역시 영도구 로6번길15,,35.091629,129.062927,,한전주,051-419-4671,부산광역시 영도구청,2026-04-06
청학2동340,1,부산광역시 영도구 로49,,35.091682,129.063217,,한전주,051-419-4671,부산광역시 영도구청,2026-04-06
청학2동341,1,부산광역시 영도구 로47,,35.091518,129.063201,,한전주,051-419-4671,부산광역시 영도구청,2026-04-06
청학2동342,1,부산광역시 영도구 청학로16번길6,,35.091688,129.0619776,,한전주,051-419-4671,부산광역시 영도구청,2026-04-06
청학2동343,1,부산광역시 영도구 청학로16번길,,35.091835,129.061737,,한전주,051-419-4671,부산광역시 영도구청,2026-04-06
청학2동344,1,부산광역시 영도구 청학로16번길12,,35.091877,129.0620068,,한전주,051-419-4671,부산광역시 영도구청,2026-04-06
청학2동345,1,부산광역시 영도구 청학로16번길14-1,,35.092140,129.061965,,한전주,051-419-4671,부산광역시 영도구청,2026-04-06
청학2동346,1,부산광역시 영도구 청학로16번길19,,35.092332,129.061798,,한전주,051-419-4671,부산광역시 영도구청,2026-04-06
청학2동347,1,부산광역시 영도구 청학북로48번길21-4,,35.092255,129.061614,,한전주,051-419-4671,부산광역시 영도구청,2026-04-06
청학2동348,1,부산광역시 영도구 청학북로48번길21,,35.092277,129.061508,,한전주,051-419-4671,부산광역시 영도구청,2026-04-06
청학2동349,1,부산광역시 영도구 청학로16번길24,,35.092381,129.0618107,,한전주,051-419-4671,부산광역시 영도구청,2026-04-06
청학2동350,1,부산광역시 영도구 청학로16번길34-6,,35.092603,129.0618812,,한전주,051-419-4671,부산광역시 영도구청,2026-04-06
청학2동351,1,부산광역시 영도구 청학북로48번길11-10,,35.092838,129.0616448,,한전주,051-419-4671,부산광역시 영도구청,2026-04-06
청학2동353,1,부산광역시 영도구 청학로16번길33-5,,35.093002,129.0615609,,한전주,051-419-4671,부산광역시 영도구청,2026-04-06
청학2동354,1,부산광역시 영도구 청락로16번길43,,35.093059,129.062088,,한전주,051-419-4671,부산광역시 영도구청,2026-04-06
청학2동355,1,부산광역시 영도구 청하교61번길50,,35.093154,129.062255,,한전주,051-419-4671,부산광역시 영도구청,2026-04-06
청학2동356,1,부산광역시 영도구 청학로16번길,,35.093288,129.062316,,한전주,051-419-4671,부산광역시 영도구청,2026-04-06
청학2동357,1,부산광역시 영도구 청학북로52-12,,35.093275,129.062133,,한전주,051-419-4671,부산광역시 영도구청,2026-04-06
청학2동358,1,부산광역시 영도구 청학로16번길53,,35.093551,129.0622636,,한전주,051-419-4671,부산광역시 영도구청,2026-04-06
청학2동359,1,부산광역시 영도구 태종로352번길47,,35.093779,129.0627174,,한전주,051-419-4671,부산광역시 영도구청,2026-04-06
청학2동360,1,부산광역시 영도구 태종로352번길47,,35.093715,129.0627174,,한전주,051-419-4671,부산광역시 영도구청,2026-04-06
청학2동361,1,부산광역시 영도구 태종로352번길47,,35.093779,129.0627174,,한전주,051-419-4671,부산광역시 영도구청,2026-04-06
청학2동362,1,부산광역시 영도구 태종로352번길34,,35.094242,129.0629838,,한전주,051-419-4671,부산광역시 영도구청,2026-04-06
청학2동363,1,부산광역시 영도구 태종로352번길28,,35.094524,129.0631453,,한전주,051-419-4671,부산광역시 영도구청,2026-04-06
청학2동364,1,부산광역시 영도구 태종로352번길,,35.094467,129.063369,,한전주,051-419-4671,부산광역시 영도구청,2026-04-06
청학2동365,1,부산광역시 영도구 태종로358번길12,,35.094696,129.063598,,전용주,051-419-4671,부산광역시 영도구청,2026-04-06
청학2동366,1,부산광역시 영도구 태종로358번길24,,35.094732,129.0631371,,한전주,051-419-4671,부산광역시 영도구청,2026-04-06
청학2동367,1,부산광역시 영도구 청학로16번길81,,35.094543,129.062896,,한전주,051-419-4671,부산광역시 영도구청,2026-04-06
청학2동368,1,부산광역시 영도구 태종로352번길78,,35.094432,129.062881,,한전주,051-419-4671,부산광역시 영도구청,2026-04-06
청학2동369,1,부산광역시 영도구 태종로352번길38-10,,35.094272,129.062759,,한전주,051-419-4671,부산광역시 영도구청,2026-04-06
청학2동370,1,부산광역시 영도구 청학로16번길70,,35.094104,129.062652,,한전주,051-419-4671,부산광역시 영도구청,2026-04-06
청학2동371,1,부산광역시 영도구 태종로352번길44-10,,35.093982,129.062530,,한전주,051-419-4671,부산광역시 영도구청,2026-04-06
청학2동372,1,부산광역시 영도구 태종로352번길48-8,,35.093841,129.062454,,한전주,051-419-4671,부산광역시 영도구청,2026-04-06
청학2동373,1,부산광역시 영도구 태종로352번길16,,35.094684,129.063323,,한전주,051-419-4671,부산광역시 영도구청,2026-04-06
청학2동374,1,부산광역시 영도구 태종로352번길14,,35.095085,129.063247,,한전주,051-419-4671,부산광역시 영도구청,2026-04-06
청학2동375,1,부산광역시 영도구 태종로352번길14-6,,35.095245,129.0633242,,한전주,051-419-4671,부산광역시 영도구청,2026-04-06
청학2동376,1,부산광역시 영도구 태종로352번길11,,35.094966,129.0633972,,한전주,051-419-4671,부산광역시 영도구청,2026-04-06
청학2동377,1,부산광역시 영도구 태종로352번길2-6,,35.095264,129.0634391,,한전주,051-419-4671,부산광역시 영도구청,2026-04-06
청학2동455,1,부산광역시 영도구 청학로80번길18,,35.095176,129.061462,,한전주,051-419-4671,부산광역시 영도구청,2026-04-06
청학2동456,1,부산광역시 영도구 청학로80번길21,,35.095206,129.0616473,,한전주,051-419-4671,부산광역시 영도구청,2026-04-06
청학2동457,1,부산광역시 영도구 청학로80번길23-3,,35.095229,129.061843,,한전주,051-419-4671,부산광역시 영도구청,2026-04-06
청학2동458,1,부산광역시 영도구 청학로84-5,,35.095649,129.061233,,한전주,051-419-4671,부산광역시 영도구청,2026-04-06
청학2동459,1,부산광역시 영도구 청학로84-9,,35.095522,129.061462,,한전주,051-419-4671,부산광역시 영도구청,2026-04-06
청학2동460,1,부산광역시 영도구 청학로84-15,,35.095279,129.061706,,한전주,051-419-4671,부산광역시 영도구청,2026-04-06
청학2동461,1,부산광역시 영도구 청학로86-7,,35.095611,129.0615764,,한전주,051-419-4671,부산광역시 영도구청,2026-04-06
청학2동462,1,부산광역시 영도구 청학로86-14,,35.095510,129.0618441,,한전주,051-419-4671,부산광역시 영도구청,2026-04-06
청학2동463,1,부산광역시 영도구 청학로86-14,,35.095577,129.0618441,,한전주,051-419-4671,부산광역시 영도구청,2026-04-06
청학2동464,1,부산광역시 영도구 태종로332번길9,,35.095783,129.0616778,,한전주,051-419-4671,부산광역시 영도구청,2026-04-06
청학2동465,1,부산광역시 영도구 태종로338-15,,35.095781,129.0618003,,한전주,051-419-4671,부산광역시 영도구청,2026-04-06
청학2동466,1,부산광역시 영도구 태종로338-11,,35.095688,129.062057,,한전주,051-419-4671,부산광역시 영도구청,2026-04-06
청학2동467,1,부산광역시 영도구 태종로338-15,,35.095781,129.061813,,한전주,051-419-4671,부산광역시 영도구청,2026-04-06
청학2동468,1,부산광역시 영도구 태종로338-7,,35.095748,129.062179,,한전주,051-419-4671,부산광역시 영도구청,2026-04-06
청학2동469,1,부산광역시 영도구 태종로338-3,,35.095794,129.0623897,,한전주,051-419-4671,부산광역시 영도구청,2026-04-06
청학2동470,1,부산광역시 영도구 태종로332,,35.096191,129.0616517,,한전주,051-419-4671,부산광역시 영도구청,2026-04-06
청학2동471,1,부산광역시 영도구 청학로68,,35.094654,129.060455,,한전주,051-419-4671,부산광역시 영도구청,2026-04-06
청학2동472,1,부산광역시 영도구 청학로42번길15,,35.093147,129.060302,,한전주,051-419-4671,부산광역시 영도구청,2026-04-06
청학2동473,1,부산광역시 영도구 청학로36-17,,35.092670,129.0601993,,한전주,051-419-4671,부산광역시 영도구청,2026-04-06
청학2동474,1,부산광역시 영도구 청학로26-18,,35.092529,129.060348,,전용주,051-419-4671,부산광역시 영도구청,2026-04-06
청학2동475,1,부산광역시 영도구 청학북로38번길10,,35.093345,129.0602608,,한전주,051-419-4671,부산광역시 영도구청,2026-04-06
청학2동476,1,부산광역시 영도구 청학북로38번길8,,35.093475,129.060373,,한전주,051-419-4671,부산광역시 영도구청,2026-04-06
청학2동477,1,부산광역시 영도구 청학북로38번길16,,35.093185,129.060195,,한전주,051-419-4671,부산광역시 영도구청,2026-04-06
청학2동478,1,부산광역시 영도구 청학북로34번길11,,35.093246,129.059982,,한전주,051-419-4671,부산광역시 영도구청,2026-04-06
청학2동479,1,부산광역시 영도구 청학북로36번길12,,35.093314,129.060073,,한전주,051-419-4671,부산광역시 영도구청,2026-04-06
청학2동480,1,부산광역시 영도구 청학북로36번길9,,35.093317,129.0602232,,한전주,051-419-4671,부산광역시 영도구청,2026-04-06
청학2동481,1,부산광역시 영도구 청학북로36번길4,,35.093524,129.060256,,한전주,051-419-4671,부산광역시 영도구청,2026-04-06
청학2동482,1,부산광역시 영도구 청학북로38번길18,,35.093055,129.060104,,한전주,051-419-4671,부산광역시 영도구청,2026-04-06
청학2동483,1,부산광역시 영도구 청학로42번길8,,35.092838,129.060134,,한전주,051-419-4671,부산광역시 영도구청,2026-04-06
청학2동484,1,부산광역시 영도구 청학로42번길6,,35.092712,129.0600768,,한전주,051-419-4671,부산광역시 영도구청,2026-04-06
청학2동485,1,부산광역시 영도구 청학북로34번길22,,35.092952,129.059844,,한전주,051-419-4671,부산광역시 영도구청,2026-04-06
청학2동486,1,부산광역시 영도구 청학북로34번길12,,35.093341,129.059890,,한전주,051-419-4671,부산광역시 영도구청,2026-04-06
청학2동487,1,부산광역시 영도구 청학북로34번길5,,35.093559,129.060104,,한전주,051-419-4671,부산광역시 영도구청,2026-04-06
청학2동488,1,부산광역시 영도구 청학북로34번길15,,35.093151,129.0599151,,한전주,051-419-4671,부산광역시 영도구청,2026-04-06
청학2동489,1,부산광역시 영도구 청학로54,,35.093536,129.059860,,한전주,051-419-4671,부산광역시 영도구청,2026-04-06
청학2동490,1,부산광역시 영도구 청학로38-5,,35.092430,129.060028,,한전주,051-419-4671,부산광역시 영도구청,2026-04-06
청학2동491,1,부산광역시 영도구 청학로38-16,,35.092514,129.060119,,한전주,051-419-4671,부산광역시 영도구청,2026-04-06
청학2동492,1,부산광역시 영도구 청학북로48번길25,,35.092033,129.061645,,한전주,051-419-4671,부산광역시 영도구청,2026-04-06
청학2동493,1,부산광역시 영도구 청학북로48번길15,,35.092517,129.061416,,한전주,051-419-4671,부산광역시 영도구청,2026-04-06
청학2동494,1,부산광역시 영도구 청학북로48번길12,,35.092666,129.061355,,한전주,051-419-4671,부산광역시 영도구청,2026-04-06
청학2동495,1,부산광역시 영도구 솔안길23,,35.093033,129.0608057,,전용주,051-419-4671,부산광역시 영도구청,2026-04-06
청학2동496,1,부산광역시 영도구 솔안길23,,35.093074,129.0608057,,한전주,051-419-4671,부산광역시 영도구청,2026-04-06
청학2동497,1,부산광역시 영도구 솔안길18-1,,35.092826,129.060928,,한전주,051-419-4671,부산광역시 영도구청,2026-04-06
청학2동498,1,부산광역시 영도구 솔안길18-3,,35.092942,129.061132,,한전주,051-419-4671,부산광역시 영도구청,2026-04-06
청학2동499,1,부산광역시 영도구 솔안길18-6,,35.092783,129.0612404,,한전주,051-419-4671,부산광역시 영도구청,2026-04-06
청학2동500,1,부산광역시 영도구 솔안길13,,35.092621,129.0608896,,한전주,051-419-4671,부산광역시 영도구청,2026-04-06
청학2동501,1,부산광역시 영도구 솔안길12-1,,35.092632,129.061065,,한전주,051-419-4671,부산광역시 영도구청,2026-04-06
청학2동502,1,부산광역시 영도구 솔안길12-5,,35.092609,129.061233,,한전주,051-419-4671,부산광역시 영도구청,2026-04-06
청학2동503,1,부산광역시 영도구 솔안길8-1,,35.092327,129.061050,,한전주,051-419-4671,부산광역시 영도구청,2026-04-06
청학2동504,1,부산광역시 영도구 솔안길2,,35.092056,129.061111,,한전주,051-419-4671,부산광역시 영도구청,2026-04-06
청학2동505,1,부산광역시 영도구 청학남로29번길,,35.090984,129.061309,,한전주,051-419-4671,부산광역시 영도구청,2026-04-06
청학2동506,1,부산광역시 영도구 청학남로27번길21,,35.090827,129.0609883,,한전주,051-419-4671,부산광역시 영도구청,2026-04-06
청학2동507,1,부산광역시 영도구 청학로21번길48,,35.090571,129.060760,,한전주,051-419-4671,부산광역시 영도구청,2026-04-06
청학2동508,1,부산광역시 영도구 청학로42,,35.092674,129.0597532,,한전주,051-419-4671,부산광역시 영도구청,2026-04-06
청학2동509,1,부산광역시 영도구 청학남로27번길11,,35.090518,129.060897,,한전주,051-419-4671,부산광역시 영도구청,2026-04-06
청학2동510,1,부산광역시 영도구 청학남로27번길6,,35.090263,129.060852,,한전주,051-419-4671,부산광역시 영도구청,2026-04-06
청학2동511,1,부산광역시 영도구 청학남로27번길5-1,,35.090263,129.060623,,한전주,051-419-4671,부산광역시 영도구청,2026-04-06
청학2동512,1,부산광역시 영도구 청학남로27번길5-7,,35.090389,129.060363,,한전주,051-419-4671,부산광역시 영도구청,2026-04-06
청학2동513,1,부산광역시 영도구 청학남로27번길5-13,,35.090270,129.060333,,한전주,051-419-4671,부산광역시 영도구청,2026-04-06
청학2동514,1,부산광역시 영도구 청학남로21번길36-4,,35.090538,129.060119,,한전주,051-419-4671,부산광역시 영도구청,2026-04-06
청학2동515,1,부산광역시 영도구 청학남로27번길5-3,,35.090251,129.060516,,한전주,051-419-4671,부산광역시 영도구청,2026-04-06
청학2동516,1,부산광역시 영도구 청합남로27번길3,,35.090126,129.060714,,한전주,051-419-4671,부산광역시 영도구청,2026-04-06
청학2동517,1,부산광역시 영도구 청학남로23-3,,35.090133,129.0600962,,한전주,051-419-4671,부산광역시 영도구청,2026-04-06
청학2동518,1,부산광역시 영도구 청학남로19-7,,35.090221,129.0597814,,한전주,051-419-4671,부산광역시 영도구청,2026-04-06
청학2동519,1,부산광역시 영도구 청학남로15번길6,,35.090236,129.0596249,,한전주,051-419-4671,부산광역시 영도구청,2026-04-06
청학2동520,1,부산광역시 영도구 청학남로15번길6-6,,35.090339,129.059890,,한전주,051-419-4671,부산광역시 영도구청,2026-04-06
청학2동521,1,부산광역시 영도구 청학남로15번길7,,35.090381,129.0594788,,한전주,051-419-4671,부산광역시 영도구청,2026-04-06
청학2동522,1,부산광역시 영도구 청학남로15번길15,,35.090578,129.0596468,,한전주,051-419-4671,부산광역시 영도구청,2026-04-06
청학2동523,1,부산광역시 영도구 청학남로15번길20,,35.090877,129.0598817,,한전주,051-419-4671,부산광역시 영도구청,2026-04-06
청학2동524,1,부산광역시 영도구 청학남로15번길25,,35.091171,129.059799,,한전주,051-419-4671,부산광역시 영도구청,2026-04-06
청학2동525,1,부산광역시 영도구 청학남로15번길38,,35.091621,129.0599727,,한전주,051-419-4671,부산광역시 영도구청,2026-04-06
청학2동526,1,부산광역시 영도구 청학로31번길9,,35.091697,129.060394,,한전주,051-419-4671,부산광역시 영도구청,2026-04-06
청학2동527,1,부산광역시 영도구 청학로31번11,,35.091609,129.060302,,한전주,051-419-4671,부산광역시 영도구청,2026-04-06
청학2동528,1,부산광역시 영도구 청학로31번길13-1,,35.091373,129.0602934,,한전주,051-419-4671,부산광역시 영도구청,2026-04-06
청학2동529,1,부산광역시 영도구 청학로31번길21,,35.091312,129.060134,,한전주,051-419-4671,부산광역시 영도구청,2026-04-06
청학2동290,1,부산광역시 영도구 태종로372번길26,,35.092825,129.063995,,한전주,051-419-4671,부산광역시 영도구청,2026-04-06
청학2동291,1,부산광역시 영도구 태종로372번길31-4,,35.092487,129.064178,,한전주,051-419-4671,부산광역시 영도구청,2026-04-06
청학2동292,1,부산광역시 영도구 태종로372번길33,,35.092375,129.063873,,한전주,051-419-4671,부산광역시 영도구청,2026-04-06
청학2동293,1,부산광역시 영도구 로66-5,,35.092983,129.063949,,한전주,051-419-4671,부산광역시 영도구청,2026-04-06
청학2동294,1,부산광역시 영도구 태종로372번길20,,35.093074,129.0641285,,한전주,051-419-4671,부산광역시 영도구청,2026-04-06
청학2동530,1,부산광역시 영도구 청학로21번길2,,35.091655,129.061065,,한전주,051-419-4671,부산광역시 영도구청,2026-04-06
청학2동531,1,부산광역시 영도구 청학로21번길,,35.091274,129.061004,,한전주,051-419-4671,부산광역시 영도구청,2026-04-06
청학2동532,1,부산광역시 영도구 청학로21번길19,,35.091098,129.0606449,,한전주,051-419-4671,부산광역시 영도구청,2026-04-06
청학2동533,1,부산광역시 영도구 청학로21번길22,,35.091201,129.060195,,한전주,051-419-4671,부산광역시 영도구청,2026-04-06
청학2동534,1,부산광역시 영도구 청학로21번길26,,35.091143,129.0602941,,한전주,051-419-4671,부산광역시 영도구청,2026-04-06
청학2동535,1,부산광역시 영도구 청학로21번길34,,35.090747,129.0601542,,한전주,051-419-4671,부산광역시 영도구청,2026-04-06
청학2동536,1,부산광역시 영도구 청학로19-7,,35.091278,129.0613492,,한전주,051-419-4671,부산광역시 영도구청,2026-04-06
청학2동537,1,부산광역시 영도구 청학로35번길3,,35.091991,129.0600445,,한전주,051-419-4671,부산광역시 영도구청,2026-04-06
청학2동538,1,부산광역시 영도구 청학로35번길,,35.091835,129.059829,,전용주,051-419-4671,부산광역시 영도구청,2026-04-06
청학2동539,1,부산광역시 영도구 청학로35번길,,35.091808,129.059783,,한전주,051-419-4671,부산광역시 영도구청,2026-04-06
청학2동540,1,부산광역시 영도구 청학로35번길10-3,,35.091732,129.0596791,,한전주,051-419-4671,부산광역시 영도구청,2026-04-06
청학2동541,1,부산광역시 영도구 청학로35번길10-7,,35.091819,129.059478,,한전주,051-419-4671,부산광역시 영도구청,2026-04-06
청학2동542,1,부산광역시 영도구 청학로35번길10-13,,35.091781,129.059219,,한전주,051-419-4671,부산광역시 영도구청,2026-04-06
청학2동543,1,부산광역시 영도구 청학로35번길12-5,,35.091644,129.059555,,한전주,051-419-4671,부산광역시 영도구청,2026-04-06
청학2동544,1,부산광역시 영도구 청학로35번길14,,35.091626,129.059661,,전용주,051-419-4671,부산광역시 영도구청,2026-04-06
청학2동545,1,부산광역시 영도구 청학로35번길16-3,,35.091490,129.059509,,한전주,051-419-4671,부산광역시 영도구청,2026-04-06
청학2동546,1,부산광역시 영도구 청학로35번길,,35.091327,129.059677,,전용주,051-419-4671,부산광역시 영도구청,2026-04-06
청학2동547,1,부산광역시 영도구 청학남로7번길34-10,,35.091425,129.059280,,한전주,051-419-4671,부산광역시 영도구청,2026-04-06
청학2동548,1,부산광역시 영도구 청합남로7번길34-8,,35.091468,129.059158,,한전주,051-419-4671,부산광역시 영도구청,2026-04-06
청학2동549,1,부산광역시 영도구 청학남로13번길23,,35.091037,129.059371,,한전주,051-419-4671,부산광역시 영도구청,2026-04-06
청학2동550,1,부산광역시 영도구 청학로13번길18,,35.090900,129.059463,,한전주,051-419-4671,부산광역시 영도구청,2026-04-06
청학2동551,1,부산광역시 영도구 청학남로7번길14-16,,35.090793,129.0591521,,한전주,051-419-4671,부산광역시 영도구청,2026-04-06
청학2동552,1,부산광역시 영도구 청학남로7번길14-6,,35.090835,129.058853,,한전주,051-419-4671,부산광역시 영도구청,2026-04-06
청학2동553,1,부산광역시 영도구 청학남로7번길14-6,,35.090804,129.058837,,한전주,051-419-4671,부산광역시 영도구청,2026-04-06
청학2동554,1,부산광역시 영도구 청학남로13번길18,,35.090759,129.0594969,,한전주,051-419-4671,부산광역시 영도구청,2026-04-06
청학2동555,1,부산광역시 영도구 청학남로13번길18,,35.090759,129.0594969,,한전주,051-419-4671,부산광역시 영도구청,2026-04-06
청학2동556,1,부산광역시 영도구 청학남로7번길6-16,,35.090381,129.0589135,,한전주,051-419-4671,부산광역시 영도구청,2026-04-06
청학2동557,1,부산광역시 영도구 청학남로7번길6-4,,35.090356,129.0586339,,한전주,051-419-4671,부산광역시 영도구청,2026-04-06
청학2동558,1,부산광역시 영도구 청학남로7번길7,,35.090427,129.058425,,한전주,051-419-4671,부산광역시 영도구청,2026-04-06
청학2동559,1,부산광역시 영도구 청학남로7번길7,,35.090493,129.058425,,한전주,051-419-4671,부산광역시 영도구청,2026-04-06
청학2동560,1,부산광역시 영도구 청학남로7번길12,,35.090728,129.058532,,한전주,051-419-4671,부산광역시 영도구청,2026-04-06
청학2동561,1,부산광역시 영도구 청학남로7번길17,,35.090996,129.058425,,한전주,051-419-4671,부산광역시 영도구청,2026-04-06
청학2동562,1,부산광역시 영도구 와치로3번길1,,35.090828,129.0574679,,한전주,051-419-4671,부산광역시 영도구청,2026-04-06
청학2동563,1,부산광역시 영도구 와치로3번길10,,35.090934,129.057819,,한전주,051-419-4671,부산광역시 영도구청,2026-04-06
청학2동564,1,부산광역시 영도구 청합남로3번길8,,35.090572,129.058090,,한전주,051-419-4671,부산광역시 영도구청,2026-04-06
청학2동565,1,부산광역시 영도구 청학남로3번길13,,35.090794,129.057983,,한전주,051-419-4671,부산광역시 영도구청,2026-04-06
청학2동566,1,부산광역시 영도구 청학남로3번길7-5,,35.090586,129.057785,,한전주,051-419-4671,부산광역시 영도구청,2026-04-06
청학2동567,1,부산광역시 영도구 청학남로3번길7-10,,35.090788,129.0577836,,한전주,051-419-4671,부산광역시 영도구청,2026-04-06
청학2동568,1,부산광역시 영도구 와치로10-4,,35.090182,129.057495,,한전주,051-419-4671,부산광역시 영도구청,2026-04-06
청학2동295,1,부산광역시 영도구 태종로372번길16,,35.093240,129.064254,,한전주,051-419-4671,부산광역시 영도구청,2026-04-06
청학2동569,1,부산광역시 영도구 와치로6-6,,35.090644,129.057098,,한전주,051-419-4671,부산광역시 영도구청,2026-04-06
청학2동570,2,부산광역시 영도구 와치로2-17,,35.090078,129.0570607,,한전주,051-419-4671,부산광역시 영도구청,2026-04-06
청학2동571,1,부산광역시 영도구 태종로363-3,,35.094525,129.064712,,전용주,051-419-4671,부산광역시 영도구청,2026-04-06
청학2동572,1,부산광역시 영도구 태종로363-10,,35.094582,129.064941,,한전주,051-419-4671,부산광역시 영도구청,2026-04-06
청학2동573,1,부산광역시 영도구 태종로369번길6,,35.094074,129.0651147,,한전주,051-419-4671,부산광역시 영도구청,2026-04-06
청학2동574,1,부산광역시 영도구 태종로369번길9,,35.094339,129.0649642,,한전주,051-419-4671,부산광역시 영도구청,2026-04-06
청학2동575,1,부산광역시 영도구 태종로369번길10-2,,35.094165,129.065216,,한전주,051-419-4671,부산광역시 영도구청,2026-04-06
청학2동586,1,부산광역시 영도구 태종로388-4,,35.092922,129.065673,,한전주,051-419-4671,부산광역시 영도구청,2026-04-06
청학2동587,1,부산광역시 영도구 태종로381번길12,,35.093444,129.0658969,,한전주,051-419-4671,부산광역시 영도구청,2026-04-06
청학2동588,1,부산광역시 영도구 태종로381번길19,,35.093734,129.065856,,한전주,051-419-4671,부산광역시 영도구청,2026-04-06
청학2동589,1,부산광역시 영도구 광암길19,,35.093128,129.065979,,한전주,051-419-4671,부산광역시 영도구청,2026-04-06
청학2동590,1,부산광역시 영도구 광암길19-6,,35.093192,129.066101,,한전주,051-419-4671,부산광역시 영도구청,2026-04-06
청학2동591,1,부산광역시 영도구 광암길3-6,,35.092636,129.065963,,한전주,051-419-4671,부산광역시 영도구청,2026-04-06
청학2동592,1,부산광역시 영도구 태종로385-4,,35.092754,129.065948,,한전주,051-419-4671,부산광역시 영도구청,2026-04-06
청학2동593,1,부산광역시 영도구 태종로385-6,,35.092853,129.065969,,한전주,051-419-4671,부산광역시 영도구청,2026-04-06
청학2동594,1,부산광역시 영도구 광암로7번길9,,35.092971,129.066024,,한전주,051-419-4671,부산광역시 영도구청,2026-04-06
청학2동595,1,부산광역시 영도구 광암길10,,35.092639,129.0664112,,한전주,051-419-4671,부산광역시 영도구청,2026-04-06
청학2동596,1,부산광역시 영도구 광암로10,,35.092670,129.066329,,한전주,051-419-4671,부산광역시 영도구청,2026-04-06
청학2동597,1,부산광역시 영도구 광암길10,,35.092628,129.0664112,,한전주,051-419-4671,부산광역시 영도구청,2026-04-06
청학2동598,1,부산광역시 영도구 광암길20번길29,,35.093048,129.066879,,한전주,051-419-4671,부산광역시 영도구청,2026-04-06
청학2동599,1,부산광역시 영도구 광암길20번길33,,35.093315,129.066864,,한전주,051-419-4671,부산광역시 영도구청,2026-04-06
청학2동600,1,부산광역시 영도구 광암길20번길25,,35.092941,129.066757,,한전주,051-419-4671,부산광역시 영도구청,2026-04-06
청학2동601,1,부산광역시 영도구 광암길20번길5-2,,35.093002,129.0666568,,한전주,051-419-4671,부산광역시 영도구청,2026-04-06
청학2동602,1,부산광역시 영도구 광암길20번길7-14,,35.093342,129.066726,,한전주,051-419-4671,부산광역시 영도구청,2026-04-06
청학2동603,1,부산광역시 영도구 광암길20,,35.093040,129.0664219,,한전주,051-419-4671,부산광역시 영도구청,2026-04-06
청학2동604,1,부산광역시 영도구 광암길25,,35.093290,129.066284,,한전주,051-419-4671,부산광역시 영도구청,2026-04-06
청학2동605,1,부산광역시 영도구 광암길26,,35.093235,129.066452,,한전주,051-419-4671,부산광역시 영도구청,2026-04-06
청학2동606,1,부산광역시 영도구 광암길30,,35.093482,129.066375,,한전주,051-419-4671,부산광역시 영도구청,2026-04-06
청학2동607,1,부산광역시 영도구 광암길27,,35.09339993,129.066284,,한전주,051-419-4671,부산광역시 영도구청,2026-04-06
청학2동608,1,부산광역시 영도구 광앙길,,35.093704,129.066299,,한전주,051-419-4671,부산광역시 영도구청,2026-04-06
청학2동609,1,부산광역시 영도구 광암길48-7,,35.093807,129.066619,,한전주,051-419-4671,부산광역시 영도구청,2026-04-06
청학2동610,1,부산광역시 영도구 광암길42-16,,35.093681,129.0666893,,한전주,051-419-4671,부산광역시 영도구청,2026-04-06
청학2동611,1,부산광역시 영도구 광암길42,,35.093957,129.066629,,한전주,051-419-4671,부산광역시 영도구청,2026-04-06
청학2동612,1,부산광역시 영도구 태종로395-9,,35.091863,129.0666178,,한전주,051-419-4671,부산광역시 영도구청,2026-04-06
청학2동613,1,부산광역시 영도구 태종로395-9,,35.091863,129.066619,,한전주,051-419-4671,부산광역시 영도구청,2026-04-06
청학2동614,1,부산광역시 영도구 태종로395-15,,35.091800,129.0668567,,한전주,051-419-4671,부산광역시 영도구청,2026-04-06
청학2동615,1,부산광역시 영도구 태종로409번길35-12,,35.092075,129.0670649,,한전주,051-419-4671,부산광역시 영도구청,2026-04-06
청학2동616,1,부산광역시 영도구 태종로395-15,,35.091815,129.0668567,,한전주,051-419-4671,부산광역시 영도구청,2026-04-06
청학2동617,1,부산광역시 영도구 태종로409번길8,,35.090610,129.0667571,,한전주,051-419-4671,부산광역시 영도구청,2026-04-06
청학2동618,1,부산광역시 영도구 태종로4090번길10,,35.090816,129.066818,,한전주,051-419-4671,부산광역시 영도구청,2026-04-06
청학2동296,1,부산광역시 영도구 태종로380번길14,,35.093162,129.064559,,한전주,051-419-4671,부산광역시 영도구청,2026-04-06
청학2동659,1,부산광역시 영도구 해양로135번길15,,35.094011,129.0692973,,한전주,051-419-4671,부산광역시 영도구청,2026-04-06
청학2동660,1,부산광역시 영도구 청학로43,,35.092556,129.059539,,전용주,051-419-4671,부산광역시 영도구청,2026-04-06
청학2동661,1,부산광역시 영도구 벚꽃길75,,35.085293,129.0583274,,한전주,051-419-4671,부산광역시 영도구청,2026-04-06
청학2동662,1,부산광역시 영도구 일산봉로52,,35.086671,129.0651086,,한전주,051-419-4671,부산광역시 영도구청,2026-04-06
청학2동663,1,부산광역시 영도구 청학남로47번길 16,,35.089303,129.062527,,한전주,051-419-4671,부산광역시 영도구청,2026-04-06
청학2동664,1,부산광역시 영도구 청학북로63-11,,35.094126,129.061890,,한전주,051-419-4671,부산광역시 영도구청,2026-04-06
청학2동665,1,부산광역시 영도구 로60번길 34-6,,35.091424,129.064080,,한전주,051-419-4671,부산광역시 영도구청,2026-04-06
영선2동182,1,부산광역시 영도구 절영로 206-1,,35.079231,129.044723,,한전주,051-419-4671,부산광역시 영도구청,2026-04-06
영선2동183,1,부산광역시 영도구 흰여울길 65,,35.079189,129.044525,,한전주,051-419-4671,부산광역시 영도구청,2026-04-06
영선2동184,1,부산광역시 영도구 흰여울길 101,,35.079124,129.0445969,,한전주,051-419-4671,부산광역시 영도구청,2026-04-06
영선2동185,1,부산광역시 영도구 흰여울길 81,,35.079036,129.044708,,한전주,051-419-4671,부산광역시 영도구청,2026-04-06
영선2동186,1,부산광역시 영도구 흰여울길 147,,35.078712,129.044723,,한전주,051-419-4671,부산광역시 영도구청,2026-04-06
영선2동187,1,부산광역시 영도구 흰여울길 141,,35.078830,129.044769,,한전주,051-419-4671,부산광역시 영도구청,2026-04-06
영선2동188,1,부산광역시 영도구 흰여울길 207,,35.078582,129.044906,,한전주,051-419-4671,부산광역시 영도구청,2026-04-06
영선2동189,1,부산광역시 영도구 흰여울길 193,,35.078713,129.045013,,한전주,051-419-4671,부산광역시 영도구청,2026-04-06
영선2동190,1,부산광역시 영도구 절영로 212-1,,35.078784,129.045104,,한전주,051-419-4671,부산광역시 영도구청,2026-04-06
영선2동191,1,부산광역시 영도구 흰여울길 223,,35.078609,129.045242,,한전주,051-419-4671,부산광역시 영도구청,2026-04-06
영선2동192,1,부산광역시 영도구 흰여울길 211,,35.078482,129.0450453,,한전주,051-419-4671,부산광역시 영도구청,2026-04-06
영선2동193,1,부산광역시 영도구 흰여울길 247,,35.078346,129.045135,,한전주,051-419-4671,부산광역시 영도구청,2026-04-06
영선2동194,1,부산광역시 영도구 흰여울길 263,,35.078273,129.045257,,한전주,051-419-4671,부산광역시 영도구청,2026-04-06
영선2동195,1,부산광역시 영도구 절영로 218-2,,35.078392,129.0455033,,한전주,051-419-4671,부산광역시 영도구청,2026-04-06
영선2동196,1,부산광역시 영도구 절영로 218,,35.078488,129.0453503,,한전주,051-419-4671,부산광역시 영도구청,2026-04-06
영선2동197,1,부산광역시 영도구 흰여울길 92,,35.078056,129.045532,,한전주,051-419-4671,부산광역시 영도구청,2026-04-06
영선2동198,1,부산광역시 영도구 흰여울길 291,,35.077938,129.045867,,한전주,051-419-4671,부산광역시 영도구청,2026-04-06
영선2동199,1,부산광역시 영도구 흰여울길 297,,35.077766,129.045928,,전용주,051-419-4671,부산광역시 영도구청,2026-04-06
영선2동200,1,부산광역시 영도구 절영로 226-1,,35.077827,129.046051,,한전주,051-419-4671,부산광역시 영도구청,2026-04-06
영선2동201,1,부산광역시 영도구 흰여울길 317,,35.077724,129.046081,,한전주,051-419-4671,부산광역시 영도구청,2026-04-06
영선2동202,1,부산광역시 영도구 흰여울길 331,,35.077438,129.046356,,한전주,051-419-4671,부산광역시 영도구청,2026-04-06
영선2동203,1,부산광역시 영도구 흰여울길 325,,35.077583,129.046234,,한전주,051-419-4671,부산광역시 영도구청,2026-04-06
영선2동204,1,부산광역시 영도구 흰여울길 379,,35.077243,129.0464935,,한전주,051-419-4671,부산광역시 영도구청,2026-04-06
영선2동205,1,부산광역시 영도구 흰여울길 381,,35.077049,129.0466021,,한전주,051-419-4671,부산광역시 영도구청,2026-04-06
영선2동206,1,부산광역시 영도구 흰여울길 391,,35.076897,129.0466274,,한전주,051-419-4671,부산광역시 영도구청,2026-04-06
영선2동207,1,부산광역시 영도구 절영로 190,,35.080078,129.043243,,한전주,051-419-4671,부산광역시 영도구청,2026-04-06
영선2동208,1,부산광역시 영도구 흰여울길 21,,35.079711,129.0437826,,한전주,051-419-4671,부산광역시 영도구청,2026-04-06
영선2동209,1,부산광역시 영도구 절영로 200-3,,35.079477,129.044174,,한전주,051-419-4671,부산광역시 영도구청,2026-04-06
영선2동210,1,부산광역시 영도구 절영로 238,,35.077072,129.046737,,한전주,051-419-4671,부산광역시 영도구청,2026-04-06
영선2동211,1,부산광역시 영도구 흰여울길 411,,35.076896,129.046844,,한전주,051-419-4671,부산광역시 영도구청,2026-04-06
영선2동212,1,부산광역시 영도구 흰여울길 409,,35.076820,129.046890,,한전주,051-419-4671,부산광역시 영도구청,2026-04-06
영선2동213,1,부산광역시 영도구 흰여울길 140,,35.076728,129.046737,,한전주,051-419-4671,부산광역시 영도구청,2026-04-06
영선2동214,1,부산광역시 영도구 흰여울길 445,,35.076660,129.046920,,한전주,051-419-4671,부산광역시 영도구청,2026-04-06
영선2동215,1,부산광역시 영도구 절영로 242,,35.076770,129.047134,,한전주,051-419-4671,부산광역시 영도구청,2026-04-06
영선2동216,1,부산광역시 영도구 절영로 244,,35.076622,129.0473074,,한전주,051-419-4671,부산광역시 영도구청,2026-04-06
영선2동217,1,부산광역시 영도구 흰여울길 451,,35.076652,129.047149,,한전주,051-419-4671,부산광역시 영도구청,2026-04-06
영선2동218,1,부산광역시 영도구 절영로 246-19,,35.076240,129.047622,,한전주,051-419-4671,부산광역시 영도구청,2026-04-06
영선2동219,1,부산광역시 영도구 절영로 246-39,,35.075892,129.048044,,한전주,051-419-4671,부산광역시 영도구청,2026-04-06
영선2동220,1,부산광역시 영도구 절영로 250-27,,35.075909,129.048171,,한전주,051-419-4671,부산광역시 영도구청,2026-04-06
영선2동221,1,부산광역시 영도구 절영로 250-27,,35.075909,129.048165,,한전주,051-419-4671,부산광역시 영도구청,2026-04-06
영선2동222,1,부산광역시 영도구 절영로 250-16,,35.075981,129.0478936,,한전주,051-419-4671,부산광역시 영도구청,2026-04-06
영선2동223,1,부산광역시 영도구 절영로 250-14,,35.076105,129.0478986,,한전주,051-419-4671,부산광역시 영도구청,2026-04-06
영선2동224,1,부산광역시 영도구 절영로 250-14,,35.076129,129.047851,,한전주,051-419-4671,부산광역시 영도구청,2026-04-06
영선2동225,1,부산광역시 영도구 절영로 250-5,,35.076251,129.047836,,한전주,051-419-4671,부산광역시 영도구청,2026-04-06
영선2동226,1,부산광역시 영도구 절영로 248-2,,35.076335,129.047637,,한전주,051-419-4671,부산광역시 영도구청,2026-04-06
영선2동227,1,부산광역시 영도구 절영로 227,,35.077545,129.0467404,,한전주,051-419-4671,부산광역시 영도구청,2026-04-06
영선2동228,1,부산광역시 영도구 절영로 227,,35.077545,129.0467404,,한전주,051-419-4671,부산광역시 영도구청,2026-04-06
영선2동229,1,부산광역시 영도구 절영로 227,,35.077545,129.0467404,,한전주,051-419-4671,부산광역시 영도구청,2026-04-06
영선2동230,1,부산광역시 영도구 절영로 227,,35.077545,129.046752,,한전주,051-419-4671,부산광역시 영도구청,2026-04-06
영선2동231,1,부산광역시 영도구 절영로 227,,35.077545,129.0467404,,한전주,051-419-4671,부산광역시 영도구청,2026-04-06
영선2동232,1,부산광역시 영도구 절영로 227,,35.077571,129.0467404,,전용주,051-419-4671,부산광역시 영도구청,2026-04-06
영선2동233,1,부산광역시 영도구 향토길 14,,35.078725,129.0468602,,한전주,051-419-4671,부산광역시 영도구청,2026-04-06
영선2동234,1,부산광역시 영도구 향토길 14,,35.078725,129.0468602,,한전주,051-419-4671,부산광역시 영도구청,2026-04-06
영선2동235,1,부산광역시 영도구 향토길 14,,35.078725,129.0468602,,한전주,051-419-4671,부산광역시 영도구청,2026-04-06
영선2동236,1,부산광역시 영도구 향토길 14,,35.078725,129.0468602,,한전주,051-419-4671,부산광역시 영도구청,2026-04-06
영선2동237,1,부산광역시 영도구 향토길 14,,35.078725,129.0468602,,한전주,051-419-4671,부산광역시 영도구청,2026-04-06
영선2동238,1,부산광역시 영도구 향토길 14,,35.078725,129.0468602,,한전주,051-419-4671,부산광역시 영도구청,2026-04-06
영선2동239,1,부산광역시 영도구 향토길 14,,35.078725,129.0468602,,한전주,051-419-4671,부산광역시 영도구청,2026-04-06
영선2동240,1,부산광역시 영도구 향토길 14,,35.078725,129.0468602,,한전주,051-419-4671,부산광역시 영도구청,2026-04-06
영선2동241,1,부산광역시 영도구 향토길 14,,35.078725,129.0468602,,한전주,051-419-4671,부산광역시 영도구청,2026-04-06
영선2동242,1,부산광역시 영도구 향토길 14,,35.078725,129.0468602,,한전주,051-419-4671,부산광역시 영도구청,2026-04-06
영선2동243,1,부산광역시 영도구 향토길 14,,35.078725,129.0468602,,한전주,051-419-4671,부산광역시 영도구청,2026-04-06
영선2동244,1,부산광역시 영도구 향토길 14,,35.078725,129.0468602,,한전주,051-419-4671,부산광역시 영도구청,2026-04-06
영선2동245,1,부산광역시 영도구 향토길 14,,35.078725,129.0468602,,한전주,051-419-4671,부산광역시 영도구청,2026-04-06
영선2동246,1,부산광역시 영도구 향토길 14,,35.078725,129.0468602,,한전주,051-419-4671,부산광역시 영도구청,2026-04-06
영선2동247,1,부산광역시 영도구 향토길 14,,35.078725,129.0468602,,한전주,051-419-4671,부산광역시 영도구청,2026-04-06
영선2동248,1,부산광역시 영도구 향토길 14,,35.078725,129.0468602,,한전주,051-419-4671,부산광역시 영도구청,2026-04-06
영선2동249,1,부산광역시 영도구 향토길 14,,35.078725,129.0468602,,한전주,051-419-4671,부산광역시 영도구청,2026-04-06
영선2동250,1,부산광역시 영도구 향토길 14,,35.078725,129.0468602,,한전주,051-419-4671,부산광역시 영도구청,2026-04-06
영선2동251,1,부산광역시 영도구 향토길 14,,35.078725,129.0468602,,한전주,051-419-4671,부산광역시 영도구청,2026-04-06
영선2동252,1,부산광역시 영도구 향토길 14,,35.078725,129.0468602,,한전주,051-419-4671,부산광역시 영도구청,2026-04-06
영선2동253,1,부산광역시 영도구 향토길 14,,35.078725,129.0468602,,한전주,051-419-4671,부산광역시 영도구청,2026-04-06
영선2동254,1,부산광역시 영도구 향토길 61,,35.080055,129.047219,,한전주,051-419-4671,부산광역시 영도구청,2026-04-06
영선2동255,1,부산광역시 영도구 향토길 22,,35.079612,129.046508,,한전주,051-419-4671,부산광역시 영도구청,2026-04-06
영선2동256,1,부산광역시 영도구 향토길 14,,35.078725,129.0468602,,한전주,051-419-4671,부산광역시 영도구청,2026-04-06
영선2동257,1,부산광역시 영도구 향토길 14,,35.078725,129.0468602,,한전주,051-419-4671,부산광역시 영도구청,2026-04-06
영선2동258,1,부산광역시 영도구 향토길 14,,35.078725,129.0468602,,한전주,051-419-4671,부산광역시 영도구청,2026-04-06
영선2동259,1,부산광역시 영도구 향토길 14,,35.078704,129.046813,,한전주,051-419-4671,부산광역시 영도구청,2026-04-06
영선2동260,1,부산광역시 영도구 향토길 14,,35.078725,129.0468602,,한전주,051-419-4671,부산광역시 영도구청,2026-04-06
영선2동261,1,부산광역시 영도구 향토길 14,,35.078725,129.0468602,,한전주,051-419-4671,부산광역시 영도구청,2026-04-06
영선2동262,1,부산광역시 영도구 향토길 14,,35.078725,129.0468602,,한전주,051-419-4671,부산광역시 영도구청,2026-04-06
영선2동263,1,부산광역시 영도구 향토길 14,,35.078725,129.0468602,,한전주,051-419-4671,부산광역시 영도구청,2026-04-06
영선2동264,1,부산광역시 영도구 향토길 14,,35.078725,129.0468602,,한전주,051-419-4671,부산광역시 영도구청,2026-04-06
영선2동265,1,부산광역시 영도구 향토길 14,,35.078725,129.0468602,,한전주,051-419-4671,부산광역시 영도구청,2026-04-06
영선2동266,1,부산광역시 영도구 향토길 13,,35.079515,129.045196,,한전주,051-419-4671,부산광역시 영도구청,2026-04-06
영선2동267,1,부산광역시 영도구 향토길 11,,35.079429,129.045089,,전용주,051-419-4671,부산광역시 영도구청,2026-04-06
영선2동268,1,부산광역시 영도구 절영로 211-2,,35.078941,129.045288,,한전주,051-419-4671,부산광역시 영도구청,2026-04-06
영선2동269,1,부산광역시 영도구 향토길 14,,35.078725,129.0468602,,한전주,051-419-4671,부산광역시 영도구청,2026-04-06
영선2동270,1,부산광역시 영도구 향토길 14,,35.078723,129.0468602,,한전주,051-419-4671,부산광역시 영도구청,2026-04-06
영선2동271,1,부산광역시 영도구 향토길 14,,35.078725,129.0468602,,한전주,051-419-4671,부산광역시 영도구청,2026-04-06
영선2동272,1,부산광역시 영도구 향토길 14,,35.078701,129.0468602,,한전주,051-419-4671,부산광역시 영도구청,2026-04-06
영선2동273,1,부산광역시 영도구 향토길 14,,35.078725,129.0468602,,한전주,051-419-4671,부산광역시 영도구청,2026-04-06
영선2동274,1,부산광역시 영도구 신선중뒷길 9,,35.080329,129.044601,,한전주,051-419-4671,부산광역시 영도구청,2026-04-06
영선2동275,1,부산광역시 영도구 신선중뒷길 49,,35.080123,129.0449392,,한전주,051-419-4671,부산광역시 영도구청,2026-04-06
영선2동276,1,부산광역시 영도구 신선중뒷길 74,,35.079956,129.0447951,,한전주,051-419-4671,부산광역시 영도구청,2026-04-06
영선2동277,1,부산광역시 영도구 신선중뒷길 59,,35.079807,129.044952,,한전주,051-419-4671,부산광역시 영도구청,2026-04-06
영선2동278,1,부산광역시 영도구 신선중뒷길 96,,35.079638,129.0449672,,한전주,051-419-4671,부산광역시 영도구청,2026-04-06
영선2동279,1,부산광역시 영도구 신선중뒷길 77,,35.079662,129.0451917,,한전주,051-419-4671,부산광역시 영도구청,2026-04-06
영선2동280,1,부산광역시 영도구 신선중뒷길 81,,35.079738,129.0453233,,한전주,051-419-4671,부산광역시 영도구청,2026-04-06
영선2동281,1,부산광역시 영도구 신선중뒷길 68,,35.079723,129.0449309,,한전주,051-419-4671,부산광역시 영도구청,2026-04-06
영선2동282,1,부산광역시 영도구 신선중뒷길 58,,35.079647,129.0448215,,한전주,051-419-4671,부산광역시 영도구청,2026-04-06
영선2동283,1,부산광역시 영도구 신선중뒷길 28,,35.080008,129.044570,,한전주,051-419-4671,부산광역시 영도구청,2026-04-06
영선2동284,1,부산광역시 영도구 복지관길 34,,35.080761,129.044754,,한전주,051-419-4671,부산광역시 영도구청,2026-04-06
영선2동285,1,부산광역시 영도구 에움길 17,,35.080484,129.0435486,,한전주,051-419-4671,부산광역시 영도구청,2026-04-06
영선2동286,1,부산광역시 영도구 에움길 105,,35.080513,129.043380,,전용주,051-419-4671,부산광역시 영도구청,2026-04-06
영선2동287,1,부산광역시 영도구 에움길 19,,35.080571,129.043655,,한전주,051-419-4671,부산광역시 영도구청,2026-04-06
영선2동288,1,부산광역시 영도구 에움길 31,,35.080448,129.043914,,한전주,051-419-4671,부산광역시 영도구청,2026-04-06
영선2동289,1,부산광역시 영도구 에움길 29,,35.080497,129.044006,,한전주,051-419-4671,부산광역시 영도구청,2026-04-06
영선2동290,1,부산광역시 영도구 하나길 27,,35.080635,129.044143,,한전주,051-419-4671,부산광역시 영도구청,2026-04-06
영선2동291,1,부산광역시 영도구 에움길 65,,35.080245,129.043838,,한전주,051-419-4671,부산광역시 영도구청,2026-04-06
영선2동292,1,부산광역시 영도구 에움길 75,,35.080204,129.0436807,,한전주,051-419-4671,부산광역시 영도구청,2026-04-06
영선2동293,1,부산광역시 영도구 에움길 53,,35.080309,129.044067,,한전주,051-419-4671,부산광역시 영도구청,2026-04-06
영선2동294,1,부산광역시 영도구 에움길 10,,35.080718,129.043731,,한전주,051-419-4671,부산광역시 영도구청,2026-04-06
영선2동295,1,부산광역시 영도구 에움길 6,,35.080764,129.0437714,,한전주,051-419-4671,부산광역시 영도구청,2026-04-06
영선2동296,1,부산광역시 영도구 에움길 32,,35.080921,129.044174,,한전주,051-419-4671,부산광역시 영도구청,2026-04-06
영선2동297,1,부산광역시 영도구 에움길 70,,35.081089,129.0439951,,한전주,051-419-4671,부산광역시 영도구청,2026-04-06
영선2동298,1,부산광역시 영도구 에움길 76,,35.080917,129.043869,,한전주,051-419-4671,부산광역시 영도구청,2026-04-06
영선2동299,1,부산광역시 영도구 에움길 125,,35.080844,129.043243,,한전주,051-419-4671,부산광역시 영도구청,2026-04-06
영선2동300,1,부산광역시 영도구 에움길 167,,35.080928,129.0432849,,한전주,051-419-4671,부산광역시 영도구청,2026-04-06
영선2동301,1,부산광역시 영도구 에움길 153,,35.080875,129.043075,,한전주,051-419-4671,부산광역시 영도구청,2026-04-06
영선2동302,1,부산광역시 영도구 에움길 191,,35.080913,129.043060,,한전주,051-419-4671,부산광역시 영도구청,2026-04-06
영선2동303,1,부산광역시 영도구 에움길 126,,35.081024,129.043365,,한전주,051-419-4671,부산광역시 영도구청,2026-04-06
영선2동304,1,부산광역시 영도구 에움길 94,,35.080957,129.0434785,,한전주,051-419-4671,부산광역시 영도구청,2026-04-06
영선2동305,1,부산광역시 영도구 에움길 110,,35.081050,129.0437812,,한전주,051-419-4671,부산광역시 영도구청,2026-04-06
영선2동306,1,부산광역시 영도구 에움길 213,,35.081043,129.043258,,한전주,051-419-4671,부산광역시 영도구청,2026-04-06
영선2동307,1,부산광역시 영도구 에움길 140,,35.081207,129.0434119,,한전주,051-419-4671,부산광역시 영도구청,2026-04-06
영선2동308,1,부산광역시 영도구 에움길 148,,35.081233,129.043472,,한전주,051-419-4671,부산광역시 영도구청,2026-04-06
영선2동309,1,부산광역시 영도구 남항새싹길 81,,35.082327,129.0440693,,한전주,051-419-4671,부산광역시 영도구청,2026-04-06
영선2동310,1,부산광역시 영도구 남항새싹길 81,,35.082327,129.0440693,,한전주,051-419-4671,부산광역시 영도구청,2026-04-06
영선2동311,1,부산광역시 영도구 에움길 172,,35.081451,129.0438182,,한전주,051-419-4671,부산광역시 영도구청,2026-04-06
영선2동312,1,부산광역시 영도구 에움길 114,,35.081287,129.0439375,,한전주,051-419-4671,부산광역시 영도구청,2026-04-06
영선2동313,1,부산광역시 영도구 에움길 64,,35.081402,129.0440902,,한전주,051-419-4671,부산광역시 영도구청,2026-04-06
영선2동314,1,부산광역시 영도구 에움길 48,,35.081344,129.044433,,한전주,051-419-4671,부산광역시 영도구청,2026-04-06
영선2동315,1,부산광역시 영도구 하나길 67,,35.081558,129.044540,,한전주,051-419-4671,부산광역시 영도구청,2026-04-06
영선2동316,1,부산광역시 영도구 에움길 190,,35.081485,129.043972,,한전주,051-419-4671,부산광역시 영도구청,2026-04-06
영선2동317,1,부산광역시 영도구 에움길 257,,35.081208,129.043014,,한전주,051-419-4671,부산광역시 영도구청,2026-04-06
영선2동318,1,부산광역시 영도구 남항새싹길 119,,35.081077,129.0428828,,한전주,051-419-4671,부산광역시 영도구청,2026-04-06
영선2동319,1,부산광역시 영도구 남항새싹길 175,,35.080665,129.043060,,한전주,051-419-4671,부산광역시 영도구청,2026-04-06
영선2동320,1,부산광역시 영도구 향토길 63,,35.080073,129.047271,,한전주,051-419-4671,부산광역시 영도구청,2026-04-06
영선2동321,1,부산광역시 영도구 남항새싹4길 12,,35.082771,129.041792,,한전주,051-419-4671,부산광역시 영도구청,2026-04-06
영선2동322,1,부산광역시 영도구 작은시장1길 22,,35.084147,129.0415161,,한전주,051-419-4671,부산광역시 영도구청,2026-04-06
영선2동323,1,부산광역시 영도구 향토길14,,35.07872456,129.0468602,,한전주,051-419-4671,부산광역시 영도구청,2026-04-06
영선2동324,1,부산광역시 영도구 흰여울길61,,35.079152,129.0443944,,한전주,051-419-4671,부산광역시 영도구청,2026-04-06
청학1동001,1,부산광역시 영도구 해돋이3길99,,35.089337,129.0572293,,전용주,051-419-4671,부산광역시 영도구청,2026-04-06
청학1동002,1,부산광역시 영도구 해돋이3길99,,35.089337,129.0572293,,전용주,051-419-4671,부산광역시 영도구청,2026-04-06
청학1동004,1,부산광역시 영도구 해돋이3길133,,35.089244,129.056838,,전용주,051-419-4671,부산광역시 영도구청,2026-04-06
청학1동005,1,부산광역시 영도구 해돋이3길133,,35.089244,129.056869,,전용주,051-419-4671,부산광역시 영도구청,2026-04-06
청학1동006,1,부산광역시 영도구 해돋이3길93,,35.089534,129.0566858,,한전주,051-419-4671,부산광역시 영도구청,2026-04-06
청학1동007,1,부산광역시 영도구 해돋이3길,,35.089675,129.056289,,전용주,051-419-4671,부산광역시 영도구청,2026-04-06
청학1동008,1,부산광역시 영도구 해돋이3길117,,35.089534,129.056442,,한전주,051-419-4671,부산광역시 영도구청,2026-04-06
청학1동009,1,부산광역시 영도구 해돋이3길143,,35.089447,129.0562831,,한전주,051-419-4671,부산광역시 영도구청,2026-04-06
청학1동010,1,부산광역시 영도구 해돋이3길430,,35.089447,129.056198,,한전주,051-419-4671,부산광역시 영도구청,2026-04-06
청학1동011,1,부산광역시 영도구 해돋이3길424,,35.089649,129.0560966,,한전주,051-419-4671,부산광역시 영도구청,2026-04-06
청학1동012,1,부산광역시 영도구 해돋이3길424,,35.089675,129.0560966,,한전주,051-419-4671,부산광역시 영도구청,2026-04-06
청학1동013,1,부산광역시 영도구 해돋이3길424,,35.089698,129.0560966,,한전주,051-419-4671,부산광역시 영도구청,2026-04-06
청학2동619,1,부산광역시 영도구 태종로409번길16,,35.090894,129.066925,,한전주,051-419-4671,부산광역시 영도구청,2026-04-06
청학2동620,1,부산광역시 영도구 태종로409번길12-6,,35.090630,129.066986,,한전주,051-419-4671,부산광역시 영도구청,2026-04-06
청학2동621,1,부산광역시 영도구 해양로102-10,,35.094947,129.0657489,,한전주,051-419-4671,부산광역시 영도구청,2026-04-06
청학2동622,1,부산광역시 영도구 해양로102-5,,35.094966,129.065902,,한전주,051-419-4671,부산광역시 영도구청,2026-04-06
청학2동623,1,부산광역시 영도구 해양로86-8,,35.095630,129.0640968,,한전주,051-419-4671,부산광역시 영도구청,2026-04-06
청학2동624,1,부산광역시 영도구 해양로80-3,,35.095947,129.063522,,한전주,051-419-4671,부산광역시 영도구청,2026-04-06
청학2동625,1,부산광역시 영도구 태종로341-8,,35.096193,129.063156,,한전주,051-419-4671,부산광역시 영도구청,2026-04-06
청학2동626,1,부산광역시 영도구 해양로58-66,,35.096580,129.061965,,한전주,051-419-4671,부산광역시 영도구청,2026-04-06
청학2동627,1,부산광역시 영도구 해양로58-56,,35.096572,129.061798,,한전주,051-419-4671,부산광역시 영도구청,2026-04-06
청학2동628,1,부산광역시 영도구 해양로58-48,,35.096522,129.0618356,,한전주,051-419-4671,부산광역시 영도구청,2026-04-06
청학2동629,1,부산광역시 영도구 해양로58-11,,35.096815,129.0616253,,한전주,051-419-4671,부산광역시 영도구청,2026-04-06
청학2동630,1,부산광역시 영도구 해양로57번길12,,35.097492,129.062184,,한전주,051-419-4671,부산광역시 영도구청,2026-04-06
청학2동631,1,부산광역시 영도구 해양로57번길20,,35.097695,129.0623676,,한전주,051-419-4671,부산광역시 영도구청,2026-04-06
청학2동632,1,부산광역시 영도구 해양로57번길26,,35.097963,129.0625518,,한전주,051-419-4671,부산광역시 영도구청,2026-04-06
청학2동633,1,부산광역시 영도구 해양로65번길25,,35.097818,129.0628359,,한전주,051-419-4671,부산광역시 영도구청,2026-04-06
청학2동634,1,부산광역시 영도구 해양로57번길35,,35.098110,129.063323,,한전주,051-419-4671,부산광역시 영도구청,2026-04-06
청학2동635,1,부산광역시 영도구 해양로65번길26-8,,35.097656,129.063186,,한전주,051-419-4671,부산광역시 영도구청,2026-04-06
청학2동636,1,부산광역시 영도구 해양로65번길26-14,,35.097234,129.0636106,,한전주,051-419-4671,부산광역시 영도구청,2026-04-06
청학2동637,1,부산광역시 영도구 해양로65번길20,,35.097395,129.0631471,,한전주,051-419-4671,부산광역시 영도구청,2026-04-06
청학2동638,1,부산광역시 영도구 해양로65번길26-21,,35.097377,129.064285,,한전주,051-419-4671,부산광역시 영도구청,2026-04-06
청학2동639,1,부산광역시 영도구 해양로73,,35.096672,129.0632351,,한전주,051-419-4671,부산광역시 영도구청,2026-04-06
청학2동640,1,부산광역시 영도구 해양로73번길16,,35.096878,129.0633489,,한전주,051-419-4671,부산광역시 영도구청,2026-04-06
청학2동641,1,부산광역시 영도구 해양로73번길22,,35.096899,129.063400,,전용주,051-419-4671,부산광역시 영도구청,2026-04-06
청학2동642,1,부산광역시 영도구 해양로73번길36,,35.097072,129.063644,,한전주,051-419-4671,부산광역시 영도구청,2026-04-06
청학2동643,1,부산광역시 영도구 해양로73번길36,,35.097038,129.0636428,,한전주,051-419-4671,부산광역시 영도구청,2026-04-06
청학2동644,1,부산광역시 영도구 해양로73번길100,,35.096787,129.063583,,한전주,051-419-4671,부산광역시 영도구청,2026-04-06
청학2동645,1,부산광역시 영도구 해양로73번길88,,35.096580,129.063568,,한전주,051-419-4671,부산광역시 영도구청,2026-04-06
청학2동646,1,부산광역시 영도구 해양로73번길77,,35.096454,129.063659,,한전주,051-419-4671,부산광역시 영도구청,2026-04-06
청학2동647,1,부산광역시 영도구 해양로73번길58,,35.096675,129.063858,,한전주,051-419-4671,부산광역시 영도구청,2026-04-06
청학2동648,1,부산광역시 영도구 해양로87번길16,,35.096320,129.0652475,,한전주,051-419-4671,부산광역시 영도구청,2026-04-06
청학2동649,1,부산광역시 영도구 해양로87번길19,,35.096730,129.0648446,,한전주,051-419-4671,부산광역시 영도구청,2026-04-06
청학2동650,1,부산광역시 영도구 해양로87번길26,,35.096759,129.0655544,,한전주,051-419-4671,부산광역시 영도구청,2026-04-06
청학2동651,1,부산광역시 영도구 해양로111번길10,,35.095097,129.0672917,,한전주,051-419-4671,부산광역시 영도구청,2026-04-06
청학2동652,1,부산광역시 영도구 해양로111번길16,,35.095319,129.067568,,한전주,051-419-4671,부산광역시 영도구청,2026-04-06
청학2동653,1,부산광역시 영도구 해양로117번길11,,35.094882,129.067703,,전용주,051-419-4671,부산광역시 영도구청,2026-04-06
청학2동654,1,부산광역시 영도구 해양로117번길19,,35.095339,129.067890,,전용주,051-419-4671,부산광역시 영도구청,2026-04-06
청학2동655,1,부산광역시 영도구 해양로117번길26,,35.095283,129.068439,,한전주,051-419-4671,부산광역시 영도구청,2026-04-06
청학2동656,1,부산광역시 영도구 해양로117번길,,35.095512,129.068496,,한전주,051-419-4671,부산광역시 영도구청,2026-04-06
청학2동657,1,부산광역시 영도구 해양로123번길7,,35.094512,129.0680177,,한전주,051-419-4671,부산광역시 영도구청,2026-04-06
청학2동658,1,부산광역시 영도구 해양로135번길10,,35.093578,129.0692568,,한전주,051-419-4671,부산광역시 영도구청,2026-04-06
청학1동014,1,부산광역시 영도구 해돋이3길,,35.089828,129.055801,,한전주,051-419-4671,부산광역시 영도구청,2026-04-06
청학1동015,1,부산광역시 영도구 햐돋이3길404,,35.089454,129.055847,,한전주,051-419-4671,부산광역시 영도구청,2026-04-06
청학1동016,1,부산광역시 영도구 해돋이3길410,,35.089228,129.0559186,,전용주,051-419-4671,부산광역시 영도구청,2026-04-06
청학1동017,1,부산광역시 영도구 해돋이3길111,,35.089441,129.0567024,,한전주,051-419-4671,부산광역시 영도구청,2026-04-06
청학1동018,1,부산광역시 영도구 해돋이3길,,35.089469,129.055282,,한전주,051-419-4671,부산광역시 영도구청,2026-04-06
청학1동019,1,부산광역시 영도구 해돋이1길80,,35.089838,129.0550003,,한전주,051-419-4671,부산광역시 영도구청,2026-04-06
청학1동020,1,부산광역시 영도구 해돋이2길306,,35.089595,129.0552977,,한전주,051-419-4671,부산광역시 영도구청,2026-04-06
청학1동051,1,부산광역시 영도구 봉래길324,,35.090827,129.055679,,한전주,051-419-4671,부산광역시 영도구청,2026-04-06
청학1동052,1,부산광역시 영도구 해돋이2길146,,35.090652,129.055694,,한전주,051-419-4671,부산광역시 영도구청,2026-04-06
청학1동053,1,부산광역시 영도구 해돋이2길140,,35.090641,129.055786,,한전주,051-419-4671,부산광역시 영도구청,2026-04-06
청학1동054,1,부산광역시 영도구 해돋이2길136,,35.090534,129.0558999,,한전주,051-419-4671,부산광역시 영도구청,2026-04-06
청학1동055,1,부산광역시 영도구 해돋이2길98,,35.090610,129.056075,,한전주,051-419-4671,부산광역시 영도구청,2026-04-06
청학1동056,1,부산광역시 영도구 해돋이1길9,,35.091121,129.0557256,,한전주,051-419-4671,부산광역시 영도구청,2026-04-06
청학1동057,1,부산광역시 영도구 봉래길338,,35.091018,129.055862,,한전주,051-419-4671,부산광역시 영도구청,2026-04-06
청학1동058,1,부산광역시 영도구 해돋이2길10,,35.091224,129.055923,,한전주,051-419-4671,부산광역시 영도구청,2026-04-06
청학1동059,1,부산광역시 영도구 해돋이2길82,,35.090961,129.0560835,,한전주,051-419-4671,부산광역시 영도구청,2026-04-06
청학1동060,1,부산광역시 영도구 해돋이2길23,,35.090808,129.056335,,한전주,051-419-4671,부산광역시 영도구청,2026-04-06
청학1동061,1,부산광역시 영도구 해돋이2길21,,35.090947,129.0563775,,한전주,051-419-4671,부산광역시 영도구청,2026-04-06
청학1동062,1,부산광역시 영도구 해돋이3길,,35.090785,129.056961,,한전주,051-419-4671,부산광역시 영도구청,2026-04-06
청학1동063,1,부산광역시 영도구 까치길214,,35.091579,129.0562712,,한전주,051-419-4671,부산광역시 영도구청,2026-04-06
청학1동064,1,부산광역시 영도구 까치길212,,35.091670,129.0562696,,한전주,051-419-4671,부산광역시 영도구청,2026-04-06
청학1동065,1,부산광역시 영도구 까치길210,,35.091585,129.0563922,,한전주,051-419-4671,부산광역시 영도구청,2026-04-06
청학1동066,1,부산광역시 영도구 까치길208,,35.091789,129.056427,,전용주,051-419-4671,부산광역시 영도구청,2026-04-06
청학1동067,1,부산광역시 영도구 까치길212,,35.091679,129.056243,,한전주,051-419-4671,부산광역시 영도구청,2026-04-06
청학1동068,1,부산광역시 영도구 까치길204,,35.091903,129.0565959,,한전주,051-419-4671,부산광역시 영도구청,2026-04-06
청학1동069,1,부산광역시 영도구 까치길206,,35.091892,129.0564157,,한전주,051-419-4671,부산광역시 영도구청,2026-04-06
청학1동070,1,부산광역시 영도구 우정길73-1,,35.091964,129.056030,,한전주,051-419-4671,부산광역시 영도구청,2026-04-06
청학1동071,1,부산광역시 영도구 우정길69,,35.092140,129.0558323,,한전주,051-419-4671,부산광역시 영도구청,2026-04-06
청학1동072,1,부산광역시 영도구 우정길75,,35.091928,129.0559539,,한전주,051-419-4671,부산광역시 영도구청,2026-04-06
청학1동073,1,부산광역시 영도구 우정길81,,35.091693,129.0558287,,한전주,051-419-4671,부산광역시 영도구청,2026-04-06
청학1동074,1,부산광역시 영도구 우정길152,,35.092006,129.0555396,,한전주,051-419-4671,부산광역시 영도구청,2026-04-06
청학1동075,1,부산광역시 영도구 우정길154,,35.092006,129.0555396,,한전주,051-419-4671,부산광역시 영도구청,2026-04-06
청학1동076,1,부산광역시 영도구 까치길144,,35.092319,129.056274,,한전주,051-419-4671,부산광역시 영도구청,2026-04-06
청학1동077,1,부산광역시 영도구 까치길184,,35.092163,129.056457,,전용주,051-419-4671,부산광역시 영도구청,2026-04-06
청학1동078,1,부산광역시 영도구 까치길132,,35.092266,129.056533,,한전주,051-419-4671,부산광역시 영도구청,2026-04-06
청학1동079,1,부산광역시 영도구 까치길114,,35.092122,129.0568132,,한전주,051-419-4671,부산광역시 영도구청,2026-04-06
청학1동080,1,부산광역시 영도구 청학서로11-7,,35.091840,129.056900,,한전주,051-419-4671,부산광역시 영도구청,2026-04-06
청학1동081,1,부산광역시 영도구 청학서로7-12,,35.091735,129.056808,,한전주,051-419-4671,부산광역시 영도구청,2026-04-06
청학1동082,1,부산광역시 영도구 청학서로7-6,,35.091720,129.057174,,한전주,051-419-4671,부산광역시 영도구청,2026-04-06
청학1동083,1,부산광역시 영도구 청학서로2-1,,35.091163,129.0573848,,한전주,051-419-4671,부산광역시 영도구청,2026-04-06
청학1동084,1,부산광역시 영도구 청학서로6-4,,35.091342,129.057479,,한전주,051-419-4671,부산광역시 영도구청,2026-04-06
청학1동085,1,부산광역시 영도구 해돋이3길,,35.090801,129.056915,,전용주,051-419-4671,부산광역시 영도구청,2026-04-06
청학1동086,1,부산광역시 영도구 해돋이3길,,35.090778,129.056762,,전용주,051-419-4671,부산광역시 영도구청,2026-04-06
청학1동087,1,부산광역시 영도구 와치로1번길2,,35.090979,129.057449,,전용주,051-419-4671,부산광역시 영도구청,2026-04-06
청학1동088,1,부산광역시 영도구 와치로1번길12,,35.091323,129.0578004,,전용주,051-419-4671,부산광역시 영도구청,2026-04-06
청학1동089,1,부산광역시 영도구 와치로1번길18,,35.091506,129.057937,,한전주,051-419-4671,부산광역시 영도구청,2026-04-06
청학1동090,1,부산광역시 영도구 와치로1번길20,,35.091526,129.0579937,,한전주,051-419-4671,부산광역시 영도구청,2026-04-06
청학1동091,1,부산광역시 영도구 와치로1번길17,,35.091587,129.057846,,한전주,051-419-4671,부산광역시 영도구청,2026-04-06
청학1동092,1,부산광역시 영도구 와치로8-4,,35.091564,129.057601,,한전주,051-419-4671,부산광역시 영도구청,2026-04-06
청학1동093,1,부산광역시 영도구 와치로3번길13,,35.091056,129.057815,,한전주,051-419-4671,부산광역시 영도구청,2026-04-06
청학1동094,1,부산광역시 영도구 와치로3번길15-8,,35.091247,129.0580286,,한전주,051-419-4671,부산광역시 영도구청,2026-04-06
청학1동095,1,부산광역시 영도구 와치로3번길17,,35.091089,129.0580904,,한전주,051-419-4671,부산광역시 영도구청,2026-04-06
청학1동096,1,부산광역시 영도구 와치로3번길28,,35.091225,129.058471,,한전주,051-419-4671,부산광역시 영도구청,2026-04-06
청학1동097,1,부산광역시 영도구 청학서로10-3,,35.091905,129.057647,,한전주,051-419-4671,부산광역시 영도구청,2026-04-06
청학1동098,1,부산광역시 영도구 청학서로12-2,,35.091982,129.0574667,,한전주,051-419-4671,부산광역시 영도구청,2026-04-06
청학1동099,1,부산광역시 영도구 청학서로16번길12,,35.092216,129.057800,,한전주,051-419-4671,부산광역시 영도구청,2026-04-06
청학1동100,1,부산광역시 영도구 청학서로16번길12,,35.092216,129.057861,,한전주,051-419-4671,부산광역시 영도구청,2026-04-06
청학1동101,1,부산광역시 영도구 청학서로43번길16,,35.092247,129.057998,,한전주,051-419-4671,부산광역시 영도구청,2026-04-06
청학1동102,1,부산광역시 영도구 청학서로16번길14-7,,35.091753,129.0581931,,한전주,051-419-4671,부산광역시 영도구청,2026-04-06
청학1동103,1,부산광역시 영도구 청학서로43번길16,,35.092178,129.058090,,한전주,051-419-4671,부산광역시 영도구청,2026-04-06
청학1동104,1,부산광역시 영도구 청학서로16번길18-18,,35.092109,129.058212,,한전주,051-419-4671,부산광역시 영도구청,2026-04-06
청학1동105,1,부산광역시 영도구 청학서로43번길18-12,,35.092002,129.058319,,한전주,051-419-4671,부산광역시 영도구청,2026-04-06
청학1동106,1,부산광역시 영도구 청학서로43번길18-8,,35.092056,129.058502,,한전주,051-419-4671,부산광역시 영도구청,2026-04-06
청학1동107,1,부산광역시 영도구 청학서로16번길34-20,,35.092178,129.0587277,,한전주,051-419-4671,부산광역시 영도구청,2026-04-06
청학1동108,1,부산광역시 영도구 청학서로16번길34-21,,35.092033,129.0589205,,한전주,051-419-4671,부산광역시 영도구청,2026-04-06
청학1동109,1,부산광역시 영도구 청학서로16번길34-27,,35.091774,129.0586084,,한전주,051-419-4671,부산광역시 영도구청,2026-04-06
청학1동110,1,부산광역시 영도구 청학로41번길16,,35.092018,129.059234,,한전주,051-419-4671,부산광역시 영도구청,2026-04-06
청학1동111,1,부산광역시 영도구 청학로41번길21,,35.091773,129.059182,,한전주,051-419-4671,부산광역시 영도구청,2026-04-06
청학1동112,1,부산광역시 영도구 청학로41번길25,,35.091541,129.058898,,한전주,051-419-4671,부산광역시 영도구청,2026-04-06
청학1동113,1,부산광역시 영도구 와치로3번길37,,35.091289,129.058731,,한전주,051-419-4671,부산광역시 영도구청,2026-04-06
청학1동114,1,부산광역시 영도구 청학로43번길18,,35.091930,129.0589752,,한전주,051-419-4671,부산광역시 영도구청,2026-04-06
청학1동115,1,부산광역시 영도구 청학로43번길25,,35.091596,129.058868,,한전주,051-419-4671,부산광역시 영도구청,2026-04-06
청학1동116,1,부산광역시 영도구 청학로43번길30,,35.091560,129.058746,,한전주,051-419-4671,부산광역시 영도구청,2026-04-06
청학1동117,1,부산광역시 영도구 청학로37번길22,,35.092350,129.0589653,,한전주,051-419-4671,부산광역시 영도구청,2026-04-06
청학1동118,1,부산광역시 영도구 청학로37번길22,,35.092349,129.058975,,한전주,051-419-4671,부산광역시 영도구청,2026-04-06
청학1동119,1,부산광역시 영도구 청학로43번길8-19,,35.092509,129.0587772,,한전주,051-419-4671,부산광역시 영도구청,2026-04-06
청학1동120,1,부산광역시 영도구 청학로43번길8-19,,35.092525,129.058746,,한전주,051-419-4671,부산광역시 영도구청,2026-04-06
청학1동121,1,부산광역시 영도구 청학서로16번길34-8,,35.092472,129.058532,,한전주,051-419-4671,부산광역시 영도구청,2026-04-06
청학1동122,1,부산광역시 영도구 청학로43번길8-30,,35.092613,129.058609,,한전주,051-419-4671,부산광역시 영도구청,2026-04-06
청학1동123,1,부산광역시 영도구 청학로43번길8-41,,35.092816,129.058456,,한전주,051-419-4671,부산광역시 영도구청,2026-04-06
청학1동124,1,부산광역시 영도구 청학로43번길8-41,,35.092849,129.058471,,한전주,051-419-4671,부산광역시 영도구청,2026-04-06
청학1동125,1,부산광역시 영도구 청학서로16번길34-6,,35.09259955,129.0583979,,한전주,051-419-4671,부산광역시 영도구청,2026-04-06
청학1동126,1,부산광역시 영도구 청학로43번길8-41,,35.092816,129.058410,,한전주,051-419-4671,부산광역시 영도구청,2026-04-06
청학1동127,1,부산광역시 영도구 청학서로16번길30,,35.092636,129.058304,,전용주,051-419-4671,부산광역시 영도구청,2026-04-06
청학1동128,1,부산광역시 영도구 청학서로16번길25,,35.092609,129.0580551,,한전주,051-419-4671,부산광역시 영도구청,2026-04-06
청학1동129,1,부산광역시 영도구 청학서로16번길30-6,,35.092468,129.0582841,,한전주,051-419-4671,부산광역시 영도구청,2026-04-06
청학1동130,1,부산광역시 영도구 청학서로16번길,,35.092315,129.058456,,한전주,051-419-4671,부산광역시 영도구청,2026-04-06
청학1동131,1,부산광역시 영도구 청학서로16번길30-23,,35.092327,129.058685,,한전주,051-419-4671,부산광역시 영도구청,2026-04-06
청학1동132,1,부산광역시 영도구 청학서로16번길37,,35.093058,129.058456,,한전주,051-419-4671,부산광역시 영도구청,2026-04-06
청학1동133,1,부산광역시 영도구 청학서로16번길37-5,,35.093021,129.058197,,한전주,051-419-4671,부산광역시 영도구청,2026-04-06
청학1동134,1,부산광역시 영도구 청학서로16번길43-3,,35.093185,129.0584616,,한전주,051-419-4671,부산광역시 영도구청,2026-04-06
청학1동135,1,부산광역시 영도구 청학서로16번길43-14,,35.093428,129.058227,,한전주,051-419-4671,부산광역시 영도구청,2026-04-06
청학1동136,1,부산광역시 영도구 청학서로16번길41,,35.093467,129.058547,,한전주,051-419-4671,부산광역시 영도구청,2026-04-06
청학1동137,1,부산광역시 영도구 청학서로16번길38,,35.093528,129.058456,,한전주,051-419-4671,부산광역시 영도구청,2026-04-06
청학1동138,1,부산광역시 영도구 청학서로16번길34,,35.093700,129.058349,,한전주,051-419-4671,부산광역시 영도구청,2026-04-06
청학1동139,1,부산광역시 영도구 청학서로32번길28,,35.093868,129.0581316,,한전주,051-419-4671,부산광역시 영도구청,2026-04-06
청학1동140,1,부산광역시 영도구 청학서로32번길34,,35.093642,129.058340,,한전주,051-419-4671,부산광역시 영도구청,2026-04-06
청학1동141,1,부산광역시 영도구 청학서로32번길28,,35.093845,129.0581316,,한전주,051-419-4671,부산광역시 영도구청,2026-04-06
청학1동142,1,부산광역시 영도구 청학서로32번길22,,35.093894,129.0577991,,한전주,051-419-4671,부산광역시 영도구청,2026-04-06
청학1동143,1,부산광역시 영도구 청학서로18번길32,,35.093662,129.057815,,한전주,051-419-4671,부산광역시 영도구청,2026-04-06
청학1동144,1,부산광역시 영도구 청학서로18번길28,,35.093482,129.0578235,,한전주,051-419-4671,부산광역시 영도구청,2026-04-06
청학1동145,1,부산광역시 영도구 청학북로14,,35.094005,129.057846,,한전주,051-419-4671,부산광역시 영도구청,2026-04-06
청학1동146,1,부산광역시 영도구 청학북로5,,35.094085,129.058044,,한전주,051-419-4671,부산광역시 영도구청,2026-04-06
청학1동147,1,부산광역시 영도구 청학북로16번길5-12,,35.094020,129.058303,,한전주,051-419-4671,부산광역시 영도구청,2026-04-06
청학1동148,1,부산광역시 영도구 청학북로16번길3-16,,35.094021,129.058441,,한전주,051-419-4671,부산광역시 영도구청,2026-04-06
청학1동149,1,부산광역시 영도구 청학서로32번길18-2,,35.093997,129.057678,,한전주,051-419-4671,부산광역시 영도구청,2026-04-06
청학1동150,1,부산광역시 영도구 청학서로32번길13,,35.094037,129.057479,,한전주,051-419-4671,부산광역시 영도구청,2026-04-06
청학1동151,1,부산광역시 영도구 청학서로32번길14,,35.093940,129.057357,,한전주,051-419-4671,부산광역시 영도구청,2026-04-06
청학1동152,1,부산광역시 영도구 청학서로32번길7,,35.093906,129.057174,,한전주,051-419-4671,부산광역시 영도구청,2026-04-06
청학1동153,1,부산광역시 영도구 청학서로32번길4,,35.093849,129.0571243,,한전주,051-419-4671,부산광역시 영도구청,2026-04-06
청학1동154,1,부산광역시 영도구 청학서로32번길15,,35.093978,129.057586,,한전주,051-419-4671,부산광역시 영도구청,2026-04-06
청학1동155,1,부산광역시 영도구 청학서로16번길53,,35.093700,129.058563,,한전주,051-419-4671,부산광역시 영도구청,2026-04-06
청학1동156,2,부산광역시 영도구 청학서로16번길55,,35.093776,129.058589,,한전주,051-419-4671,부산광역시 영도구청,2026-04-06
청학1동157,1,부산광역시 영도구 청학서로16번길55,,35.093760,129.058589,,한전주,051-419-4671,부산광역시 영도구청,2026-04-06
청학1동158,1,부산광역시 영도구 청학북로16번길55-4,,35.093875,129.058593,,한전주,051-419-4671,부산광역시 영도구청,2026-04-06
청학1동159,1,부산광역시 영도구 청학북로16번길3-19,,35.094070,129.0585504,,한전주,051-419-4671,부산광역시 영도구청,2026-04-06
청학1동160,1,부산광역시 영도구 청학북로16번길3-19,,35.094062,129.058517,,한전주,051-419-4671,부산광역시 영도구청,2026-04-06
청학1동161,1,부산광역시 영도구 청학북로16번길3,,35.094192,129.058105,,한전주,051-419-4671,부산광역시 영도구청,2026-04-06
청학1동162,1,부산광역시 영도구 청학서로32번길2-5,,35.093727,129.0572617,,한전주,051-419-4671,부산광역시 영도구청,2026-04-06
청학1동163,1,부산광역시 영도구 청학서로18번길31-7,,35.093730,129.057449,,한전주,051-419-4671,부산광역시 영도구청,2026-04-06
청학1동164,1,부산광역시 영도구 청학서로30-6,,35.093448,129.057128,,한전주,051-419-4671,부산광역시 영도구청,2026-04-06
청학1동165,1,부산광역시 영도구 청학서로18번길8-1,,35.092809,129.057418,,한전주,051-419-4671,부산광역시 영도구청,2026-04-06
청학1동166,1,부산광역시 영도구 청학서로18번길12,,35.092887,129.057434,,한전주,051-419-4671,부산광역시 영도구청,2026-04-06
청학1동167,1,부산광역시 영도구 청학서로18번길16,,35.092987,129.0576369,,한전주,051-419-4671,부산광역시 영도구청,2026-04-06
청학1동168,1,부산광역시 영도구 청학서로18번길22,,35.093292,129.0577238,,한전주,051-419-4671,부산광역시 영도구청,2026-04-06
청학1동169,1,부산광역시 영도구 까치길66,,35.092624,129.0566363,,한전주,051-419-4671,부산광역시 영도구청,2026-04-06
청학1동170,1,부산광역시 영도구 까치길48,,35.092849,129.0565421,,한전주,051-419-4671,부산광역시 영도구청,2026-04-06
청학1동171,1,부산광역시 영도구 까치길21,,35.093055,129.056579,,전용주,051-419-4671,부산광역시 영도구청,2026-04-06
청학1동172,1,부산광역시 영도구 까치길13,,35.093399,129.0564327,,한전주,051-419-4671,부산광역시 영도구청,2026-04-06
청학1동173,1,부산광역시 영도구 까치길11,,35.093349,129.0566313,,한전주,051-419-4671,부산광역시 영도구청,2026-04-06
청학1동174,1,부산광역시 영도구 까치길3,,35.093639,129.0562542,,한전주,051-419-4671,부산광역시 영도구청,2026-04-06
청학1동175,1,부산광역시 영도구 까치길9,,35.093463,129.0565221,,한전주,051-419-4671,부산광역시 영도구청,2026-04-06
청학1동176,1,부산광역시 영도구 까치길26,,35.093199,129.0564436,,한전주,051-419-4671,부산광역시 영도구청,2026-04-06
청학1동177,1,부산광역시 영도구 까지길24,,35.093036,129.056106,,한전주,051-419-4671,부산광역시 영도구청,2026-04-06
청학1동178,1,부산광역시 영도구 까치길30,,35.093154,129.056045,,한전주,051-419-4671,부산광역시 영도구청,2026-04-06
청학1동179,1,부산광역시 영도구 까치길16,,35.093212,129.056274,,한전주,051-419-4671,부산광역시 영도구청,2026-04-06
청학1동180,1,부산광역시 영도구 우정길14,,35.093582,129.055801,,한전주,051-419-4671,부산광역시 영도구청,2026-04-06
청학1동181,1,부산광역시 영도구 하나길,,35.093696,129.055892,,한전주,051-419-4671,부산광역시 영도구청,2026-04-06
청학1동182,1,부산광역시 영도구 하나길803,,35.093856,129.0558021,,한전주,051-419-4671,부산광역시 영도구청,2026-04-06
청학1동183,1,부산광역시 영도구 하나길932,,35.093578,129.056411,,한전주,051-419-4671,부산광역시 영도구청,2026-04-06
청학1동184,1,부산광역시 영도구 청학서로33-5,,35.093662,129.056671,,한전주,051-419-4671,부산광역시 영도구청,2026-04-06
청학1동185,1,부산광역시 영도구 방울꽃길4,,35.093627,129.0550201,,한전주,051-419-4671,부산광역시 영도구청,2026-04-06
청학1동186,1,부산광역시 영도구 방울꽃길34,,35.093399,129.055480,,한전주,051-419-4671,부산광역시 영도구청,2026-04-06
청학1동187,1,부산광역시 영도구 방울꽃길28,,35.093151,129.055862,,한전주,051-419-4671,부산광역시 영도구청,2026-04-06
청학1동188,1,부산광역시 영도구 우정길47,,35.092778,129.0560557,,한전주,051-419-4671,부산광역시 영도구청,2026-04-06
청학1동189,1,부산광역시 영도구 우정길31,,35.092712,129.056350,,한전주,051-419-4671,부산광역시 영도구청,2026-04-06
청학1동190,1,부산광역시 영도구 청면길12,,35.094440,129.054687,,한전주,051-419-4671,부산광역시 영도구청,2026-04-06
청학1동191,1,부산광역시 영도구 청영길210,,35.094501,129.054199,,한전주,051-419-4671,부산광역시 영도구청,2026-04-06
청학1동192,1,부산광역시 영도구 청명길192,,35.094619,129.054153,,전용주,051-419-4671,부산광역시 영도구청,2026-04-06
청학1동193,1,부산광역시 영도구 청명길188,,35.094650,129.0542898,,한전주,051-419-4671,부산광역시 영도구청,2026-04-06
청학1동194,1,부산광역시 영도구 청명길76,,35.094515,129.054336,,한전주,051-419-4671,부산광역시 영도구청,2026-04-06
청학1동195,1,부산광역시 영도구 청명길46,,35.094440,129.054611,,한전주,051-419-4671,부산광역시 영도구청,2026-04-06
청학1동196,1,부산광역시 영도구 청면길26,,35.094295,129.054595,,한전주,051-419-4671,부산광역시 영도구청,2026-04-06
청학1동197,1,부산광역시 영도구 봉학새샥길98,,35.094211,129.054611,,한전주,051-419-4671,부산광역시 영도구청,2026-04-06
청학1동198,1,부산광역시 영도구 청명길58,,35.094364,129.054687,,한전주,051-419-4671,부산광역시 영도구청,2026-04-06
청학1동199,1,부산광역시 영도구 봉학새싹길135,,35.094192,129.0548021,,한전주,051-419-4671,부산광역시 영도구청,2026-04-06
청학1동200,1,부산광역시 영도구 봉학새싹길,,35.094024,129.054733,,한전주,051-419-4671,부산광역시 영도구청,2026-04-06
청학1동201,1,부산광역시 영도구 봉학새싹길113,,35.094112,129.054901,,한전주,051-419-4671,부산광역시 영도구청,2026-04-06
청학1동202,1,부산광역시 영도구 봉학새싹길121,,35.094015,129.054885,,한전주,051-419-4671,부산광역시 영도구청,2026-04-06
청학1동203,1,부산광역시 영도구 봉학새싹길135,,35.094145,129.054809,,한전주,051-419-4671,부산광역시 영도구청,2026-04-06
청학1동204,1,부산광역시 영도구 봉학새싹길103,,35.094360,129.0550245,,한전주,051-419-4671,부산광역시 영도구청,2026-04-06
청학1동205,1,부산광역시 영도구 봉학새싹길,,35.094490,129.054901,,한전주,051-419-4671,부산광역시 영도구청,2026-04-06
청학1동206,1,부산광역시 영도구 청명길86,,35.094570,129.054489,,한전주,051-419-4671,부산광역시 영도구청,2026-04-06
청학1동207,1,부산광역시 영도구 청명길150,,35.094844,129.0544247,,한전주,051-419-4671,부산광역시 영도구청,2026-04-06
청학1동208,1,부산광역시 영도구 청명길122,,35.094589,129.054687,,한전주,051-419-4671,부산광역시 영도구청,2026-04-06
청학1동209,1,부산광역시 영도구 청명길7,,35.094497,129.0537275,,한전주,051-419-4671,부산광역시 영도구청,2026-04-06
청학1동210,1,부산광역시 영도구 봉학새싹길38,,35.095434,129.054138,,한전주,051-419-4671,부산광역시 영도구청,2026-04-06
청학1동021,1,부산광역시 영도구 해돋이2길296,,35.089756,129.055389,,한전주,051-419-4671,부산광역시 영도구청,2026-04-06
청학1동022,1,부산광역시 영도구 해돋이2길382,,35.089492,129.0555315,,한전주,051-419-4671,부산광역시 영도구청,2026-04-06
청학1동023,1,부산광역시 영도구 해돋이2길352,,35.089778,129.055648,,한전주,051-419-4671,부산광역시 영도구청,2026-04-06
청학1동024,1,부산광역시 영도구 해돋이1길43,,35.089852,129.055114,,한전주,051-419-4671,부산광역시 영도구청,2026-04-06
청학1동025,2,부산광역시 영도구 해돋이2길230,,35.090198,129.055541,,한전주,051-419-4671,부산광역시 영도구청,2026-04-06
청학1동026,1,부산광역시 영도구 해돋이1길43,,35.089817,129.055145,,전용주,051-419-4671,부산광역시 영도구청,2026-04-06
청학1동027,1,부산광역시 영도구 해돋이2길278,,35.089855,129.055358,,한전주,051-419-4671,부산광역시 영도구청,2026-04-06
청학1동028,1,부산광역시 영도구 해돋이2길246,,35.090084,129.055603,,한전주,051-419-4671,부산광역시 영도구청,2026-04-06
청학1동029,1,부산광역시 영도구 해돋이2길258,,35.090137,129.055389,,한전주,051-419-4671,부산광역시 영도구청,2026-04-06
청학1동030,1,부산광역시 영도구 해돋이1길 35,,35.090136,129.055221,,전용주,051-419-4671,부산광역시 영도구청,2026-04-06
청학1동031,1,부산광역시 영도구 해돋이1길31,,35.090366,129.055343,,한전주,051-419-4671,부산광역시 영도구청,2026-04-06
청학1동032,1,부산광역시 영도구 해돋이2길178,,35.090410,129.055526,,한전주,051-419-4671,부산광역시 영도구청,2026-04-06
청학1동033,1,부산광역시 영도구 해돋이2길172,,35.090451,129.055770,,한전주,051-419-4671,부산광역시 영도구청,2026-04-06
청학1동034,1,부산광역시 영도구 해돋이2길166,,35.090464,129.0558933,,한전주,051-419-4671,부산광역시 영도구청,2026-04-06
청학1동035,1,부산광역시 영도구 해돋이2길224,,35.090232,129.055770,,한전주,051-419-4671,부산광역시 영도구청,2026-04-06
청학1동036,1,부산광역시 영도구 해돋이2길218,,35.090278,129.056060,,한전주,051-419-4671,부산광역시 영도구청,2026-04-06
청학1동037,1,부산광역시 영도구 해돋이2길69,,35.090095,129.056065,,한전주,051-419-4671,부산광역시 영도구청,2026-04-06
청학1동038,1,부산광역시 영도구 해돋이2길240,,35.090068,129.055907,,한전주,051-419-4671,부산광역시 영도구청,2026-04-06
청학1동039,1,부산광역시 영도구 햐돋이3길178,,35.090179,129.056213,,한전주,051-419-4671,부산광역시 영도구청,2026-04-06
청학1동040,1,부산광역시 영도구 해돋이3길308,,35.090075,129.0564057,,한전주,051-419-4671,부산광역시 영도구청,2026-04-06
청학1동041,1,부산광역시 영도구 해돋이3길332,,35.089958,129.0561829,,한전주,051-419-4671,부산광역시 영도구청,2026-04-06
청학1동042,1,부산광역시 영도구 해돋이3길372,,35.089821,129.056442,,한전주,051-419-4671,부산광역시 영도구청,2026-04-06
청학1동043,2,부산광역시 영도구 해돋이3길364,,35.089979,129.056594,,한전주,051-419-4671,부산광역시 영도구청,2026-04-06
청학1동044,1,부산광역시 영도구 해돋이3길354,,35.089904,129.056533,,한전주,051-419-4671,부산광역시 영도구청,2026-04-06
청학1동045,1,부산광역시 영도구 해돋이3길41,,35.090194,129.056762,,한전주,051-419-4671,부산광역시 영도구청,2026-04-06
청학1동046,1,부산광역시 영도구 해돋이3길152,,35.090351,129.056457,,한전주,051-419-4671,부산광역시 영도구청,2026-04-06
청학1동047,1,부산광역시 영도구 해돋이3길70,,35.090408,129.0562116,,한전주,051-419-4671,부산광역시 영도구청,2026-04-06
청학1동048,1,부산광역시 영도구 해돋이3길68,,35.090503,129.0562769,,한전주,051-419-4671,부산광역시 영도구청,2026-04-06
청학1동049,1,부산광역시 영도구 해돋이3길31,,35.090644,129.056381,,한전주,051-419-4671,부산광역시 영도구청,2026-04-06
청학1동050,1,부산광역시 영도구 해돋이1길90,,35.090766,129.056045,,한전주,051-419-4671,부산광역시 영도구청,2026-04-06
청학2동666,1,부산광역시 영도구 로 69-6,,35.093450,129.063734,,한전주,051-419-4671,부산광역시 영도구청,2026-04-06
청학2동667,1,부산광역시 영도구 태종로394번길12,,35.091425,129.0658456,,한전주,051-419-4671,부산광역시 영도구청,2026-04-06
청학2동668,1,부산광역시 영도구 청학로33,,35.091956,129.060347,,한전주,051-419-4671,부산광역시 영도구청,2026-04-06
청학2동669,1,부산광역시 영도구 일산봉로57,,35.086917,129.0646204,,한전주,051-419-4671,부산광역시 영도구청,2026-04-06
청학2동679,1,부산광역시 영도구 해돋이3길,,35.089885,129.057067,,전용주,051-419-4671,부산광역시 영도구청,2026-04-06
청학2동680,1,부산광역시 영도구 와치로2-17,,35.090078,129.0570607,,전용주,051-419-4671,부산광역시 영도구청,2026-04-06
청학2동681,1,부산광역시 영도구 해양로81-6,,35.095764,129.064132,,한전주,051-419-4671,부산광역시 영도구청,2026-04-06
청학2동682,1,부산광역시 영도구 태종로361,,35.094684,129.064588,,전용주,051-419-4671,부산광역시 영도구청,2026-04-06
청학2동683,1,부산광역시 영도구 청학남로15번길17,,35.090713,129.059692,,한전주,051-419-4671,부산광역시 영도구청,2026-04-06
청학2동684,1,부산광역시 영도구 청학로31번길11,,35.091533,129.0603093,,한전주,051-419-4671,부산광역시 영도구청,2026-04-06
청학1동211,1,부산광역시 영도구 봉학새싹길30,,35.095329,129.054229,,한전주,051-419-4671,부산광역시 영도구청,2026-04-06
청학1동212,1,부산광역시 영도구 맛자랑길3,,35.095409,129.0535363,,한전주,051-419-4671,부산광역시 영도구청,2026-04-06
청학1동213,1,부산광역시 영도구 맛자랑길3,,35.095432,129.053512,,한전주,051-419-4671,부산광역시 영도구청,2026-04-06
청학1동214,1,부산광역시 영도구 맛자랑길11,,35.095344,129.053634,,한전주,051-419-4671,부산광역시 영도구청,2026-04-06
청학1동215,1,부산광역시 영도구 맛자랑길41,,35.095252,129.053833,,한전주,051-419-4671,부산광역시 영도구청,2026-04-06
청학1동216,1,부산광역시 영도구 맛자랑길15,,35.095556,129.053771,,한전주,051-419-4671,부산광역시 영도구청,2026-04-06
청학1동217,1,부산광역시 영도구 맛자랑길56,,35.094978,129.053680,,한전주,051-419-4671,부산광역시 영도구청,2026-04-06
청학1동218,1,부산광역시 영도구 맛자랑길64,,35.095077,129.0539539,,한전주,051-419-4671,부산광역시 영도구청,2026-04-06
청학1동219,1,부산광역시 영도구 맛자랑길64,,35.095062,129.0539539,,한전주,051-419-4671,부산광역시 영도구청,2026-04-06
청학1동220,1,부산광역시 영도구 맛자랑길72,,35.095085,129.054229,,한전주,051-419-4671,부산광역시 영도구청,2026-04-06
청학1동221,1,부산광역시 영도구 봉학새싹길22,,35.095184,129.0540778,,한전주,051-419-4671,부산광역시 영도구청,2026-04-06
청학1동222,1,부산광역시 영도구 맛자랑길18,,35.095016,129.0536141,,한전주,051-419-4671,부산광역시 영도구청,2026-04-06
청학1동223,1,부산광역시 영도구 맛자랑길32,,35.094882,129.0532825,,한전주,051-419-4671,부산광역시 영도구청,2026-04-06
청학1동224,1,부산광역시 영도구 맛자랑길40,,35.094795,129.0534429,,한전주,051-419-4671,부산광역시 영도구청,2026-04-06
청학1동225,1,부산광역시 영도구 태종로248번길14,,35.095855,129.055130,,한전주,051-419-4671,부산광역시 영도구청,2026-04-06
청학1동226,1,부산광역시 영도구 태종로248번길16,,35.095886,129.055282,,한전주,051-419-4671,부산광역시 영도구청,2026-04-06
청학1동227,1,부산광역시 영도구 태종로248번길14-5,,35.095623,129.0552401,,한전주,051-419-4671,부산광역시 영도구청,2026-04-06
청학1동228,1,부산광역시 영도구 태종로248번길14-9,,35.095371,129.055175,,한전주,051-419-4671,부산광역시 영도구청,2026-04-06
청학1동229,1,부산광역시 영도구 청학서로45번길38-8,,35.095073,129.054718,,한전주,051-419-4671,부산광역시 영도구청,2026-04-06
청학1동230,1,부산광역시 영도구 청학서로45번길27-7,,35.094871,129.055541,,한전주,051-419-4671,부산광역시 영도구청,2026-04-06
청학1동231,1,부산광역시 영도구 청학서로45번길19-12,,35.095001,129.055755,,한전주,051-419-4671,부산광역시 영도구청,2026-04-06
청학1동232,1,부산광역시 영도구 청학서로45번길22,,35.095356,129.055725,,한전주,051-419-4671,부산광역시 영도구청,2026-04-06
청학1동233,1,부산광역시 영도구 청학서로45번길19-11,,35.095123,129.055816,,한전주,051-419-4671,부산광역시 영도구청,2026-04-06
청학1동234,1,부산광역시 영도구 청학서로45번길19-28,,35.094878,129.055816,,한전주,051-419-4671,부산광역시 영도구청,2026-04-06
청학1동235,1,부산광역시 영도구 청학서로45번길16-20,,35.095069,129.056030,,한전주,051-419-4671,부산광역시 영도구청,2026-04-06
청학1동236,1,부산광역시 영도구 청학서로39번길16-6,,35.094772,129.055908,,한전주,051-419-4671,부산광역시 영도구청,2026-04-06
청학1동237,1,부산광역시 영도구 청학서로39번길16-3,,35.094669,129.055831,,한전주,051-419-4671,부산광역시 영도구청,2026-04-06
청학1동238,1,부산광역시 영도구 청학서로45번길37-6,,35.094699,129.0552678,,한전주,051-419-4671,부산광역시 영도구청,2026-04-06
청학1동239,1,부산광역시 영도구 청학서로45번길37-5,,35.094818,129.055252,,한전주,051-419-4671,부산광역시 영도구청,2026-04-06
청학1동240,1,부산광역시 영도구 청학서로45번길37-9,,35.094829,129.0554841,,한전주,051-419-4671,부산광역시 영도구청,2026-04-06
청학1동241,1,부산광역시 영도구 청학서로45번길37-12,,35.094669,129.055557,,한전주,051-419-4671,부산광역시 영도구청,2026-04-06
청학1동242,1,부산광역시 영도구 형제길50,,35.094532,129.055435,,한전주,051-419-4671,부산광역시 영도구청,2026-04-06
청학1동243,1,부산광역시 영도구 청학서로45번길37-17,,35.094581,129.055740,,한전주,051-419-4671,부산광역시 영도구청,2026-04-06
청학1동244,1,부산광역시 영도구 형제길28,,35.094476,129.055892,,한전주,051-419-4671,부산광역시 영도구청,2026-04-06
청학1동245,1,부산광역시 영도구 청학서로39번길12-14,,35.094810,129.0561233,,한전주,051-419-4671,부산광역시 영도구청,2026-04-06
청학1동246,1,부산광역시 영도구 청학서로45번길37-14,,35.094474,129.055679,,한전주,051-419-4671,부산광역시 영도구청,2026-04-06
청학1동247,1,부산광역시 영도구 청학서로39번길10-5,,35.094604,129.056167,,한전주,051-419-4671,부산광역시 영도구청,2026-04-06
청학1동248,1,부산광역시 영도구 청학서로39번길10-13,,35.094776,129.0561808,,한전주,051-419-4671,부산광역시 영도구청,2026-04-06
청학1동249,1,부산광역시 영도구 청학서로39번길7,,35.094444,129.056182,,한전주,051-419-4671,부산광역시 영도구청,2026-04-06
청학1동250,1,부산광역시 영도구 청학서로39번길8-18,,35.094848,129.056381,,한전주,051-419-4671,부산광역시 영도구청,2026-04-06
청학1동251,1,부산광역시 영도구 청학서로45번길5,,35.095031,129.056442,,한전주,051-419-4671,부산광역시 영도구청,2026-04-06
청학1동252,1,부산광역시 영도구 청학서로6-22,,35.094863,129.056472,,한전주,051-419-4671,부산광역시 영도구청,2026-04-06
청학1동253,1,부산광역시 영도구 청학서로39번길6-6,,35.094570,129.0564157,,한전주,051-419-4671,부산광역시 영도구청,2026-04-06
청학1동254,1,부산광역시 영도구 청학서로39번길2-16,,35.094749,129.056518,,한전주,051-419-4671,부산광역시 영도구청,2026-04-06
청학1동255,1,부산광역시 영도구 청합서로39번길37,,35.094337,129.056503,,한전주,051-419-4671,부산광역시 영도구청,2026-04-06
청학1동256,1,부산광역시 영도구 형제길45,,35.094371,129.055572,,한전주,051-419-4671,부산광역시 영도구청,2026-04-06
청학1동257,1,부산광역시 영도구 형제길5,,35.094066,129.055892,,한전주,051-419-4671,부산광역시 영도구청,2026-04-06
청학1동258,1,부산광역시 영도구 형제길22,,35.094261,129.0560847,,한전주,051-419-4671,부산광역시 영도구청,2026-04-06
청학1동259,1,부산광역시 영도구 형제길12,,35.094183,129.055999,,한전주,051-419-4671,부산광역시 영도구청,2026-04-06
청학1동260,1,부산광역시 영도구 형제길16,,35.094100,129.0560866,,한전주,051-419-4671,부산광역시 영도구청,2026-04-06
청학1동261,1,부산광역시 영도구 형제길7,,35.094215,129.056335,,한전주,051-419-4671,부산광역시 영도구청,2026-04-06
청학1동262,1,부산광역시 영도구 청학서로45번길9,,35.095095,129.056243,,한전주,051-419-4671,부산광역시 영도구청,2026-04-06
청학1동263,1,부산광역시 영도구 청학서로45번길12,,35.095207,129.0562202,,한전주,051-419-4671,부산광역시 영도구청,2026-04-06
청학1동264,1,부산광역시 영도구 청학서로39번길,,35.095230,129.056045,,한전주,051-419-4671,부산광역시 영도구청,2026-04-06
청학1동265,1,부산광역시 영도구 청학서로45번길,,35.095294,129.055786,,한전주,051-419-4671,부산광역시 영도구청,2026-04-06
청학1동266,1,부산광역시 영도구 청학서로45번길27-3,,35.095050,129.0555071,,한전주,051-419-4671,부산광역시 영도구청,2026-04-06
청학1동267,1,부산광역시 영도구 태종로292번길73-3,,35.095822,129.055816,,한전주,051-419-4671,부산광역시 영도구청,2026-04-06
청학1동268,1,부산광역시 영도구 태종로292번길73-4,,35.095711,129.0557728,,한전주,051-419-4671,부산광역시 영도구청,2026-04-06
청학1동269,1,부산광역시 영도구 태종로292번길,,35.095684,129.055984,,한전주,051-419-4671,부산광역시 영도구청,2026-04-06
청학1동270,1,부산광역시 영도구 태종로292번길74,,35.095890,129.0555834,,한전주,051-419-4671,부산광역시 영도구청,2026-04-06
청학1동271,1,부산광역시 영도구 태종로248번길20,,35.095870,129.0553591,,한전주,051-419-4671,부산광역시 영도구청,2026-04-06
청학1동272,1,부산광역시 영도구 태종로292번길65-3,,35.095798,129.056060,,한전주,051-419-4671,부산광역시 영도구청,2026-04-06
청학1동273,1,부산광역시 영도구 태종로292번길61-4,,35.095977,129.056365,,한전주,051-419-4671,부산광역시 영도구청,2026-04-06
청학1동274,1,부산광역시 영도구 청학서로65-3,,35.096626,129.056731,,전용주,051-419-4671,부산광역시 영도구청,2026-04-06
청학1동275,1,부산광역시 영도구 청학서로65-3,,35.096652,129.056777,,한전주,051-419-4671,부산광역시 영도구청,2026-04-06
청학1동276,1,부산광역시 영도구 태종로292번길,,35.097015,129.056762,,전용주,051-419-4671,부산광역시 영도구청,2026-04-06
청학1동277,1,부산광역시 영도구 태종로292번길39-6,,35.096923,129.056838,,한전주,051-419-4671,부산광역시 영도구청,2026-04-06
청학1동278,1,부산광역시 영도구 태종로292번길34,,35.097229,129.056686,,한전주,051-419-4671,부산광역시 영도구청,2026-04-06
청학1동279,1,부산광역시 영도구 태종로292번길26-7,,35.097739,129.0571826,,한전주,051-419-4671,부산광역시 영도구청,2026-04-06
청학1동280,1,부산광역시 영도구 청학서로65번길18,,35.097343,129.057342,,한전주,051-419-4671,부산광역시 영도구청,2026-04-06
청학1동281,1,부산광역시 영도구 청학서로65번길14,,35.097207,129.057312,,한전주,051-419-4671,부산광역시 영도구청,2026-04-06
청학1동282,1,부산광역시 영도구 청학서로73번길15,,35.097369,129.057556,,한전주,051-419-4671,부산광역시 영도구청,2026-04-06
청학1동283,1,부산광역시 영도구 청학서로73번길11,,35.097331,129.0576745,,한전주,051-419-4671,부산광역시 영도구청,2026-04-06
청학1동284,1,부산광역시 영도구 청학서로73번길3,,35.097131,129.057541,,한전주,051-419-4671,부산광역시 영도구청,2026-04-06
청학1동285,1,부산광역시 영도구 청학서로73번길12-4,,35.097187,129.0577739,,한전주,051-419-4671,부산광역시 영도구청,2026-04-06
청학1동286,1,부산광역시 영도구 태종로292번길9-9,,35.097332,129.058029,,한전주,051-419-4671,부산광역시 영도구청,2026-04-06
청학1동287,1,부산광역시 영도구 태종로298번길 22-5,,35.097240,129.0579572,,한전주,051-419-4671,부산광역시 영도구청,2026-04-06
청학1동288,1,부산광역시 영도구 태종로298번길20,,35.097122,129.058151,,한전주,051-419-4671,부산광역시 영도구청,2026-04-06
청학1동289,1,부산광역시 영도구 태종로298번길16,,35.097297,129.0581962,,한전주,051-419-4671,부산광역시 영도구청,2026-04-06
청학1동290,1,부산광역시 영도구 태종로298번길12,,35.097400,129.058258,,한전주,051-419-4671,부산광역시 영도구청,2026-04-06
청학1동291,1,부산광역시 영도구 태종로298번길10-5,,35.097549,129.058456,,한전주,051-419-4671,부산광역시 영도구청,2026-04-06
청학1동292,1,부산광역시 영도구 태종로292번길7-10,,35.097721,129.058395,,한전주,051-419-4671,부산광역시 영도구청,2026-04-06
청학1동293,1,부산광역시 영도구 태종로300,,35.097644,129.058837,,한전주,051-419-4671,부산광역시 영도구청,2026-04-06
청학1동294,1,부산광역시 영도구 태종로300번길8,,35.097372,129.058700,,한전주,051-419-4671,부산광역시 영도구청,2026-04-06
청학1동295,1,부산광역시 영도구 태종로300번길8,,35.097354,129.058731,,한전주,051-419-4671,부산광역시 영도구청,2026-04-06
청학1동296,1,부산광역시 영도구 태종로300번길10-5,,35.097488,129.058448,,한전주,051-419-4671,부산광역시 영도구청,2026-04-06
청학1동297,1,부산광역시 영도구 태종로300번길16,,35.097190,129.0587956,,한전주,051-419-4671,부산광역시 영도구청,2026-04-06
청학1동298,1,부산광역시 영도구 태종로302-2,,35.097461,129.059066,,한전주,051-419-4671,부산광역시 영도구청,2026-04-06
청학1동299,1,부산광역시 영도구 청학서로87-4,,35.097172,129.059051,,한전주,051-419-4671,부산광역시 영도구청,2026-04-06
청학1동300,1,부산광역시 영도구 청학서로,,35.096923,129.058975,,한전주,051-419-4671,부산광역시 영도구청,2026-04-06
청학1동301,1,부산광역시 영도구 청학서로77,,35.097230,129.0583136,,한전주,051-419-4671,부산광역시 영도구청,2026-04-06
청학1동302,1,부산광역시 영도구 청학서로71,,35.096908,129.0575901,,한전주,051-419-4671,부산광역시 영도구청,2026-04-06
청학1동303,1,부산광역시 영도구 청학서로67,,35.096931,129.0573099,,한전주,051-419-4671,부산광역시 영도구청,2026-04-06
청학1동304,1,부산광역시 영도구 청학서로67,,35.096992,129.0573099,,한전주,051-419-4671,부산광역시 영도구청,2026-04-06
청학1동305,1,부산광역시 영도구 청학서로70-8,,35.096523,129.057586,,한전주,051-419-4671,부산광역시 영도구청,2026-04-06
청학1동306,1,부산광역시 영도구 청학서로74번길2,,35.096649,129.0579863,,한전주,051-419-4671,부산광역시 영도구청,2026-04-06
청학1동307,1,부산광역시 영도구 청학서로74번길4-7,,35.096591,129.058013,,한전주,051-419-4671,부산광역시 영도구청,2026-04-06
청학1동308,1,부산광역시 영도구 청학서로74번길3-7,,35.096589,129.058425,,한전주,051-419-4671,부산광역시 영도구청,2026-04-06
청학1동309,1,부산광역시 영도구 청학서북길3,,35.096591,129.059005,,한전주,051-419-4671,부산광역시 영도구청,2026-04-06
청학1동310,1,부산광역시 영도구 청학북서길10-1,,35.096343,129.0588957,,한전주,051-419-4671,부산광역시 영도구청,2026-04-06
청학1동311,1,부산광역시 영도구 청학북서길12번길4-5,,35.096419,129.0587673,,한전주,051-419-4671,부산광역시 영도구청,2026-04-06
청학1동312,1,부산광역시 영도구 청학북서길12번길5,,35.096057,129.058914,,한전주,051-419-4671,부산광역시 영도구청,2026-04-06
청학1동313,1,부산광역시 영도구 청학북서길12번길13,,35.096038,129.058486,,한전주,051-419-4671,부산광역시 영도구청,2026-04-06
청학1동314,1,부산광역시 영도구 청학북서길15번길41,,35.095840,129.059097,,한전주,051-419-4671,부산광역시 영도구청,2026-04-06
청학1동315,1,부산광역시 영도구 청학북서길12번길20-8,,35.095680,129.059036,,한전주,051-419-4671,부산광역시 영도구청,2026-04-06
청학1동316,1,부산광역시 영도구 청학북서길12번길7-14,,35.095809,129.058959,,한전주,051-419-4671,부산광역시 영도구청,2026-04-06
청학1동317,1,부산광역시 영도구 청학북서길13-4,,35.096186,129.059249,,한전주,051-419-4671,부산광역시 영도구청,2026-04-06
청학1동318,1,부산광역시 영도구 청학북서길6-3,,35.096477,129.058822,,한전주,051-419-4671,부산광역시 영도구청,2026-04-06
청학1동319,1,부산광역시 영도구 청학서로76-18,,35.096647,129.058609,,한전주,051-419-4671,부산광역시 영도구청,2026-04-06
청학1동320,1,부산광역시 영도구 청학서로76-9,,35.096805,129.058517,,한전주,051-419-4671,부산광역시 영도구청,2026-04-06
청학1동321,1,부산광역시 영도구 청학서로78,,35.096839,129.058303,,한전주,051-419-4671,부산광역시 영도구청,2026-04-06
청학1동322,1,부산광역시 영도구 청학북로15번길30,,35.095417,129.058700,,한전주,051-419-4671,부산광역시 영도구청,2026-04-06
청학1동323,1,부산광역시 영도구 청학서로60번길50,,35.095796,129.058685,,한전주,051-419-4671,부산광역시 영도구청,2026-04-06
청학1동324,1,부산광역시 영도구 청학서로60번길46-1,,35.095771,129.0585158,,한전주,051-419-4671,부산광역시 영도구청,2026-04-06
청학1동325,1,부산광역시 영도구 청학서로41,,35.094605,129.0565581,,한전주,051-419-4671,부산광역시 영도구청,2026-04-06
청학1동326,1,부산광역시 영도구 청학서로60번길40-1,,35.095618,129.0581818,,한전주,051-419-4671,부산광역시 영도구청,2026-04-06
청학1동327,1,부산광역시 영도구 청학서로60번길34-1,,35.095691,129.0580929,,한전주,051-419-4671,부산광역시 영도구청,2026-04-06
청학1동328,1,부산광역시 영도구 청학서로60번길30-5,,35.095626,129.057876,,한전주,051-419-4671,부산광역시 영도구청,2026-04-06
청학1동329,1,부산광역시 영도구 청학서로60번길30,,35.095629,129.0577878,,한전주,051-419-4671,부산광역시 영도구청,2026-04-06
청학1동330,1,부산광역시 영도구 청학서로60번길30-14,,35.095551,129.0578591,,한전주,051-419-4671,부산광역시 영도구청,2026-04-06
청학1동331,1,부산광역시 영도구 청학서로60번길26-22,,35.095375,129.058074,,한전주,051-419-4671,부산광역시 영도구청,2026-04-06
청학1동332,1,부산광역시 영도구 청학서로60번길26-13,,35.095413,129.057815,,한전주,051-419-4671,부산광역시 영도구청,2026-04-06
청학1동333,1,부산광역시 영도구 청학서로60번길35-4,,35.095340,129.057739,,한전주,051-419-4671,부산광역시 영도구청,2026-04-06
청학1동334,1,부산광역시 영도구 청학서로60번길35,,35.095321,129.057815,,한전주,051-419-4671,부산광역시 영도구청,2026-04-06
청학1동335,1,부산광역시 영도구 청학서로60번길30-13,,35.095489,129.0579827,,한전주,051-419-4671,부산광역시 영도구청,2026-04-06
청학1동336,1,부산광역시 영도구 청학북로15번길31-22,,35.095542,129.0580889,,한전주,051-419-4671,부산광역시 영도구청,2026-04-06
청학1동337,1,부산광역시 영도구 청학북로15번길31-14,,35.095539,129.0584543,,한전주,051-419-4671,부산광역시 영도구청,2026-04-06
청학1동338,1,부산광역시 영도구 췽학북로15번길31-8,,35.095565,129.058654,,한전주,051-419-4671,부산광역시 영도구청,2026-04-06
청학1동339,1,부산광역시 영도구 청학북서길21,,35.096027,129.059463,,한전주,051-419-4671,부산광역시 영도구청,2026-04-06
청학1동340,1,부산광역시 영도구 청학북서길25,,35.095916,129.059621,,한전주,051-419-4671,부산광역시 영도구청,2026-04-06
청학1동341,1,부산광역시 영도구 청학북서길29,,35.095838,129.059780,,한전주,051-419-4671,부산광역시 영도구청,2026-04-06
청학1동342,1,부산광역시 영도구 청학로69번길10-31,,35.095600,129.059783,,한전주,051-419-4671,부산광역시 영도구청,2026-04-06
청학1동343,1,부산광역시 영도구 청학북로15번길44-11,,35.095794,129.059494,,한전주,051-419-4671,부산광역시 영도구청,2026-04-06
청학1동344,1,부산광역시 영도구 청학북로15번길44-14,,35.095683,129.059417,,한전주,051-419-4671,부산광역시 영도구청,2026-04-06
청학1동345,1,부산광역시 영도구 청학로69번길14-21,,35.095550,129.059494,,전용주,051-419-4671,부산광역시 영도구청,2026-04-06
청학1동346,1,부산광역시 영도구 청학북로15번길44-26,,35.095523,129.0595976,,한전주,051-419-4671,부산광역시 영도구청,2026-04-06
청학1동347,1,부산광역시 영도구 청학로69번길14-34,,35.095409,129.059661,,한전주,051-419-4671,부산광역시 영도구청,2026-04-06
청학1동348,1,부산광역시 영도구 청학로69번길16-7,,35.09529982,129.059432,,한전주,051-419-4671,부산광역시 영도구청,2026-04-06
청학1동349,1,부산광역시 영도구 청학로69번길16-24,,35.095603,129.059310,,한전주,051-419-4671,부산광역시 영도구청,2026-04-06
청학1동350,1,부산광역시 영도구 청학로69번길20-8,,35.095371,129.0592812,,한전주,051-419-4671,부산광역시 영도구청,2026-04-06
청학1동351,1,부산광역시 영도구 청학로69번길14-4,,35.095161,129.0597113,,한전주,051-419-4671,부산광역시 영도구청,2026-04-06
청학1동352,1,부산광역시 영도구 청학로69번길10-25,,35.095535,129.059860,,한전주,051-419-4671,부산광역시 영도구청,2026-04-06
청학1동353,1,부산광역시 영도구 청학로69번길10-24,,35.095317,129.060028,,한전주,051-419-4671,부산광역시 영도구청,2026-04-06
청학1동354,1,부산광역시 영도구 청학북서로40,,35.095539,129.060104,,한전주,051-419-4671,부산광역시 영도구청,2026-04-06
청학1동355,1,부산광역시 영도구 청학로69번길24-5,,35.095218,129.059066,,한전주,051-419-4671,부산광역시 영도구청,2026-04-06
청학1동356,1,부산광역시 영도구 청학북로19번길16,,35.095073,129.058914,,한전주,051-419-4671,부산광역시 영도구청,2026-04-06
청학1동357,1,부산광역시 영도구 청학북로19번길16,,35.095039,129.058914,,한전주,051-419-4671,부산광역시 영도구청,2026-04-06
청학1동358,1,부산광역시 영도구 청학북로15번길18,,35.095023,129.0585945,,한전주,051-419-4671,부산광역시 영도구청,2026-04-06
청학1동359,1,부산광역시 영도구 청학북로3번길49,,35.095387,129.058547,,한전주,051-419-4671,부산광역시 영도구청,2026-04-06
청학1동360,1,부산광역시 영도구 청학북로3번길47-5,,35.095382,129.058334,,한전주,051-419-4671,부산광역시 영도구청,2026-04-06
청학1동361,1,부산광역시 영도구 청학북로3번길41-1,,35.095211,129.0581432,,한전주,051-419-4671,부산광역시 영도구청,2026-04-06
청학1동362,1,부산광역시 영도구 청학북로3번길32-28,,35.094844,129.058486,,한전주,051-419-4671,부산광역시 영도구청,2026-04-06
청학1동363,1,부산광역시 영도구 청학북로3번길32-45,,35.095005,129.058364,,한전주,051-419-4671,부산광역시 영도구청,2026-04-06
청학1동364,1,부산광역시 영도구 청학북로3번길32-37,,35.095054,129.0581558,,한전주,051-419-4671,부산광역시 영도구청,2026-04-06
청학1동365,1,부산광역시 영도구 청학북로3번길31,,35.095123,129.057785,,한전주,051-419-4671,부산광역시 영도구청,2026-04-06
청학1동366,1,부산광역시 영도구 청학북로15번길12,,35.094703,129.0585254,,한전주,051-419-4671,부산광역시 영도구청,2026-04-06
청학1동367,1,부산광역시 영도구 청학북로15번길5,,35.094632,129.058303,,한전주,051-419-4671,부산광역시 영도구청,2026-04-06
청학1동368,1,부산광역시 영도구 청학북로15,,35.094451,129.058258,,한전주,051-419-4671,부산광역시 영도구청,2026-04-06
청학1동369,1,부산광역시 영도구 청학북로19번길11-4,,35.094947,129.058639,,한전주,051-419-4671,부산광역시 영도구청,2026-04-06
청학1동370,1,부산광역시 영도구 청학북로19번길11-2,,35.094879,129.058837,,한전주,051-419-4671,부산광역시 영도구청,2026-04-06
청학1동371,1,부산광역시 영도구 청학북로19번길5,,35.094647,129.058624,,한전주,051-419-4671,부산광역시 영도구청,2026-04-06
청학1동372,1,부산광역시 영도구 청학서로38,,35.094352,129.0568101,,한전주,051-419-4671,부산광역시 영도구청,2026-04-06
청학1동373,1,부산광역시 영도구 청학서로,,35.096103,129.056900,,한전주,051-419-4671,부산광역시 영도구청,2026-04-06
청학1동374,1,부산광역시 영도구 청학서로,,35.095832,129.057159,,한전주,051-419-4671,부산광역시 영도구청,2026-04-06
청학1동375,1,부산광역시 영도구 청학서로60번길,,35.095684,129.057434,,전용주,051-419-4671,부산광역시 영도구청,2026-04-06
청학1동376,1,부산광역시 영도구 청학서로60번길26,,35.095474,129.057525,,한전주,051-419-4671,부산광역시 영도구청,2026-04-06
청학1동377,1,부산광역시 영도구 청학서로60번길,,35.095264,129.057632,,한전주,051-419-4671,부산광역시 영도구청,2026-04-06
청학1동378,1,부산광역시 영도구 청학북로3번길17,,35.094590,129.057434,,한전주,051-419-4671,부산광역시 영도구청,2026-04-06
청학1동379,1,부산광역시 영도구 청학북로3번길13,,35.094456,129.0574909,,한전주,051-419-4671,부산광역시 영도구청,2026-04-06
청학1동380,1,부산광역시 영도구 청학북로3번길10,,35.094345,129.0573332,,한전주,051-419-4671,부산광역시 영도구청,2026-04-06
청학1동381,1,부산광역시 영도구 청학북로3번길5,,35.094314,129.057266,,한전주,051-419-4671,부산광역시 영도구청,2026-04-06
청학1동382,1,부산광역시 영도구 청학북로3번길3,,35.094303,129.057113,,한전주,051-419-4671,부산광역시 영도구청,2026-04-06
청학1동383,1,부산광역시 영도구 청학북로20번길9,,35.093933,129.059003,,한전주,051-419-4671,부산광역시 영도구청,2026-04-06
청학1동385,1,부산광역시 영도구 청학로55-9,,35.093845,129.059631,,한전주,051-419-4671,부산광역시 영도구청,2026-04-06
청학1동386,1,부산광역시 영도구 청학로61번길17,,35.094467,129.059249,,한전주,051-419-4671,부산광역시 영도구청,2026-04-06
청학1동387,1,부산광역시 영도구 청학북로23-3,,35.094371,129.0590642,,한전주,051-419-4671,부산광역시 영도구청,2026-04-06
청학1동388,1,부산광역시 영도구 청학로69번길21-10,,35.094676,129.0592863,,한전주,051-419-4671,부산광역시 영도구청,2026-04-06
청학1동389,1,부산광역시 영도구 청학로61번길18-10,,35.094757,129.059509,,한전주,051-419-4671,부산광역시 영도구청,2026-04-06
청학1동390,1,부산광역시 영도구 청학로69번길17-3,,35.094966,129.0595532,,한전주,051-419-4671,부산광역시 영도구청,2026-04-06
청학1동391,1,부산광역시 영도구 청학로61번길12,,35.094421,129.0596208,,한전주,051-419-4671,부산광역시 영도구청,2026-04-06
청학1동392,1,부산광역시 영도구 청학로61-26,,35.094562,129.059463,,한전주,051-419-4671,부산광역시 영도구청,2026-04-06
청학1동393,1,부산광역시 영도구 청학로61-18,,35.094543,129.059646,,한전주,051-419-4671,부산광역시 영도구청,2026-04-06
청학1동394,1,부산광역시 영도구 청학로69번길9-14,,35.094593,129.059585,,한전주,051-419-4671,부산광역시 영도구청,2026-04-06
청학1동395,1,부산광역시 영도구 청학로69번길9-7,,35.094772,129.059844,,한전주,051-419-4671,부산광역시 영도구청,2026-04-06
청학1동396,1,부산광역시 영도구 청학로69번길9-6,,35.094789,129.0597946,,한전주,051-419-4671,부산광역시 영도구청,2026-04-06
청학1동397,1,부산광역시 영도구 청학로65-8,,35.094688,129.0600375,,한전주,051-419-4671,부산광역시 영도구청,2026-04-06
청학1동398,1,부산광역시 영도구 태종로322번길16,,35.095996,129.0608583,,한전주,051-419-4671,부산광역시 영도구청,2026-04-06
청학1동399,1,부산광역시 영도구 청학로65-12,,35.094722,129.0599697,,한전주,051-419-4671,부산광역시 영도구청,2026-04-06
청학1동400,1,부산광역시 영도구 청학로61-6,,35.094429,129.059951,,한전주,051-419-4671,부산광역시 영도구청,2026-04-06
청학1동401,1,부산광역시 영도구 청학로61번길11,,35.094329,129.0594788,,한전주,051-419-4671,부산광역시 영도구청,2026-04-06
청학1동402,1,부산광역시 영도구 청학로61번길5-1,,35.094272,129.059783,,한전주,051-419-4671,부산광역시 영도구청,2026-04-06
청학1동403,1,부산광역시 영도구 청학로61번길5-2,,35.094184,129.0597883,,한전주,051-419-4671,부산광역시 영도구청,2026-04-06
청학1동404,1,부산광역시 영도구 청학로63-5,,35.094509,129.0599976,,한전주,051-419-4671,부산광역시 영도구청,2026-04-06
청학1동405,1,부산광역시 영도구 청학로67-4,,35.094811,129.0601882,,한전주,051-419-4671,부산광역시 영도구청,2026-04-06
청학1동406,1,부산광역시 영도구 청학로77-1,,35.095737,129.060470,,한전주,051-419-4671,부산광역시 영도구청,2026-04-06
청학1동407,1,부산광역시 영도구 태종로322번길12,,35.096271,129.060897,,한전주,051-419-4671,부산광역시 영도구청,2026-04-06
청학1동408,1,부산광역시 영도구 태종로322번길6,,35.096424,129.0608975,,한전주,051-419-4671,부산광역시 영도구청,2026-04-06
청학1동409,1,부산광역시 영도구 태종로322번길2,,35.096496,129.060836,,한전주,051-419-4671,부산광역시 영도구청,2026-04-06
청학1동410,1,부산광역시 영도구 태종로322번길8,,35.096322,129.0608993,,한전주,051-419-4671,부산광역시 영도구청,2026-04-06
청학1동411,1,부산광역시 영도구 태종로322번길2-6,,35.096313,129.060577,,한전주,051-419-4671,부산광역시 영도구청,2026-04-06
청학1동412,1,부산광역시 영도구 태종로318번길13-8,,35.096206,129.060638,,한전주,051-419-4671,부산광역시 영도구청,2026-04-06
청학1동413,1,부산광역시 영도구 태종로316번길1,,35.096604,129.060317,,한전주,051-419-4671,부산광역시 영도구청,2026-04-06
청학1동414,1,부산광역시 영도구 태종로316번길1,,35.096604,129.0603435,,한전주,051-419-4671,부산광역시 영도구청,2026-04-06
청학1동415,1,부산광역시 영도구 태종로312-3,,35.096879,129.060114,,한전주,051-419-4671,부산광역시 영도구청,2026-04-06
청학1동416,1,부산광역시 영도구 태종로316번길7,,35.096794,129.059906,,한전주,051-419-4671,부산광역시 영도구청,2026-04-06
청학1동417,1,부산광역시 영도구 태종로310번긴16,,35.096706,129.059860,,한전주,051-419-4671,부산광역시 영도구청,2026-04-06
청학1동418,1,부산광역시 영도구 태종로318번길20-11,,35.096449,129.060150,,한전주,051-419-4671,부산광역시 영도구청,2026-04-06
청학1동419,1,부산광역시 영도구 태종로318번길20-8,,35.096324,129.060224,,한전주,051-419-4671,부산광역시 영도구청,2026-04-06
청학1동420,1,부산광역시 영도구 태종로316번길20-3,,35.096145,129.060134,,한전주,051-419-4671,부산광역시 영도구청,2026-04-06
청학1동421,1,부산광역시 영도구 태종로310번길7,,35.096927,129.059753,,한전주,051-419-4671,부산광역시 영도구청,2026-04-06
청학1동422,1,부산광역시 영도구 태종로310번길5,,35.097038,129.059646,,한전주,051-419-4671,부산광역시 영도구청,2026-04-06
청학1동423,1,부산광역시 영도구 태종로310번길1,,35.09709955,129.059692,,한전주,051-419-4671,부산광역시 영도구청,2026-04-06
청학1동424,1,부산광역시 영도구 태종로310번길14,,35.096771,129.059722,,한전주,051-419-4671,부산광역시 영도구청,2026-04-06
청학1동425,1,부산광역시 영도구 태종로316번길20,,35.096537,129.0593773,,한전주,051-419-4671,부산광역시 영도구청,2026-04-06
청학1동426,1,부산광역시 영도구 청학북서길23번길7,,35.096477,129.059539,,한전주,051-419-4671,부산광역시 영도구청,2026-04-06
청학1동427,1,부산광역시 영도구 청학북서길23번길16,,35.096370,129.059783,,한전주,051-419-4671,부산광역시 영도구청,2026-04-06
청학1동428,1,부산광역시 영도구 청학북서길1-18,,35.096374,129.059295,,한전주,051-419-4671,부산광역시 영도구청,2026-04-06
청학1동429,1,부산광역시 영도구 청학북서길1-14,,35.096449,129.059112,,한전주,051-419-4671,부산광역시 영도구청,2026-04-06
청학1동430,1,부산광역시 영도구 청학북서길23번길8,,35.096244,129.0596154,,한전주,051-419-4671,부산광역시 영도구청,2026-04-06
청학1동431,1,부산광역시 영도구 청학북서길23번길10-11,,35.096225,129.059844,,한전주,051-419-4671,부산광역시 영도구청,2026-04-06
청학1동432,1,부산광역시 영도구 태종로318번길26-18,,35.096202,129.0600009,,한전주,051-419-4671,부산광역시 영도구청,2026-04-06
청학1동433,1,부산광역시 영도구 청학북서길23번길4-17,,35.096027,129.059967,,한전주,051-419-4671,부산광역시 영도구청,2026-04-06
청학1동434,1,부산광역시 영도구 청학북서길23번길4-15,,35.096008,129.059875,,한전주,051-419-4671,부산광역시 영도구청,2026-04-06
청학1동435,1,부산광역시 영도구 청학북서길23번길4-8,,35.096008,129.059688,,한전주,051-419-4671,부산광역시 영도구청,2026-04-06
청학1동436,1,부산광역시 영도구 청학북서길25,,35.095981,129.059661,,한전주,051-419-4671,부산광역시 영도구청,2026-04-06
청학1동437,1,부산광역시 영도구 청학북서길31,,35.095848,129.0599223,,한전주,051-419-4671,부산광역시 영도구청,2026-04-06
청학1동438,1,부산광역시 영도구 청학북서길33,,35.095729,129.059982,,한전주,051-419-4671,부산광역시 영도구청,2026-04-06
청학1동439,1,부산광역시 영도구 청학북서길24,,35.095893,129.0594375,,한전주,051-419-4671,부산광역시 영도구청,2026-04-06
청학2동013,1,부산광역시 영도구 태종로422번길36,,35.089050,129.0662425,,전용주,051-419-4671,부산광역시 영도구청,2026-04-06
청학2동014,1,부산광역시 영도구 일산봉로78번길36,,35.088848,129.0665159,,한전주,051-419-4671,부산광역시 영도구청,2026-04-06
청학2동015,1,부산광역시 영도구 일산봉로72번길42,,35.088867,129.066711,,한전주,051-419-4671,부산광역시 영도구청,2026-04-06
청학2동016,1,부산광역시 영도구 일산봉로72번길30,,35.088779,129.066131,,한전주,051-419-4671,부산광역시 영도구청,2026-04-06
청학2동017,1,부산광역시 영도구 일산봉로78번길23,,35.088932,129.065872,,한전주,051-419-4671,부산광역시 영도구청,2026-04-06
청학2동018,1,부산광역시 영도구 일산봉로72번길19,,35.088909,129.065628,,한전주,051-419-4671,부산광역시 영도구청,2026-04-06
청학2동019,1,부산광역시 영도구 일산봉로72번길14,,35.088603,129.065292,,한전주,051-419-4671,부산광역시 영도구청,2026-04-06
청학2동020,1,부산광역시 영도구 일산봉로72번길8,,35.088492,129.0649494,,한전주,051-419-4671,부산광역시 영도구청,2026-04-06
청학2동021,1,부산광역시 영도구 일산봉로84번길23,,35.088979,129.064926,,한전주,051-419-4671,부산광역시 영도구청,2026-04-06
청학2동022,1,부산광역시 영도구 일산봉로84번길15,,35.089023,129.0654105,,한전주,051-419-4671,부산광역시 영도구청,2026-04-06
청학2동023,1,부산광역시 영도구 일산봉로84번길15-4,,35.089096,129.065551,,한전주,051-419-4671,부산광역시 영도구청,2026-04-06
청학2동024,1,부산광역시 영도구 일산봉로84번길12,,35.089317,129.065277,,한전주,051-419-4671,부산광역시 영도구청,2026-04-06
청학2동025,1,부산광역시 영도구 일산봉로84번길7,,35.089549,129.065155,,한전주,051-419-4671,부산광역시 영도구청,2026-04-06
청학2동026,1,부산광역시 영도구 일산봉로74번길2,,35.089420,129.064865,,한전주,051-419-4671,부산광역시 영도구청,2026-04-06
청학2동027,1,부산광역시 영도구 태종로422번길33-6,,35.088938,129.0665946,,한전주,051-419-4671,부산광역시 영도구청,2026-04-06
청학2동028,1,부산광역시 영도구 태종로422번길33-8,,35.088959,129.0667153,,한전주,051-419-4671,부산광역시 영도구청,2026-04-06
청학2동029,1,부산광역시 영도구 태종로422번길31,,35.089122,129.066345,,한전주,051-419-4671,부산광역시 영도구청,2026-04-06
청학2동030,1,부산광역시 영도구 일산봉로100번길30,,35.089081,129.0657839,,한전주,051-419-4671,부산광역시 영도구청,2026-04-06
청학2동031,1,부산광역시 영도구 일산봉로100번길24,,35.089388,129.0657558,,한전주,051-419-4671,부산광역시 영도구청,2026-04-06
청학2동032,1,부산광역시 영도구 일산봉로100번길23,,35.089398,129.065917,,한전주,051-419-4671,부산광역시 영도구청,2026-04-06
청학2동033,1,부산광역시 영도구 일산봉로100번길9-4,,35.089702,129.0660238,,한전주,051-419-4671,부산광역시 영도구청,2026-04-06
청학2동034,1,부산광역시 영도구 태종로422번길16-8,,35.089523,129.0663398,,한전주,051-419-4671,부산광역시 영도구청,2026-04-06
청학2동035,1,부산광역시 영도구 태종로422번길16,,35.089530,129.066619,,한전주,051-419-4671,부산광역시 영도구청,2026-04-06
청학2동036,1,부산광역시 영도구 태종로422번길27,,35.089191,129.0664461,,한전주,051-419-4671,부산광역시 영도구청,2026-04-06
청학2동037,1,부산광역시 영도구 태종로422번길23-1,,35.089142,129.0667842,,한전주,051-419-4671,부산광역시 영도구청,2026-04-06
청학2동038,1,부산광역시 영도구 태종로422번길,,35.089157,129.067108,,한전주,051-419-4671,부산광역시 영도구청,2026-04-06
청학2동039,1,부산광역시 영도구 태종로422번길,,35.088989,129.067474,,한전주,051-419-4671,부산광역시 영도구청,2026-04-06
청학2동040,1,부산광역시 영도구 태종로422번길21-21,,35.088687,129.0680548,,전용주,051-419-4671,부산광역시 영도구청,2026-04-06
청학2동041,1,부산광역시 영도구 태종로422번길51,,35.088119,129.0673548,,한전주,051-419-4671,부산광역시 영도구청,2026-04-06
청학2동042,1,부산광역시 영도구 태종로422번길51,,35.088119,129.0673548,,한전주,051-419-4671,부산광역시 영도구청,2026-04-06
청학2동043,1,부산광역시 영도구 태종로422번길17-2,,35.089405,129.066818,,한전주,051-419-4671,부산광역시 영도구청,2026-04-06
청학2동044,1,부산광역시 영도구 태종로422번길17-2,,35.089439,129.066833,,한전주,051-419-4671,부산광역시 영도구청,2026-04-06
청학2동045,1,부산광역시 영도구 태종로422번길17-6,,35.089427,129.067047,,한전주,051-419-4671,부산광역시 영도구청,2026-04-06
청학2동046,1,부산광역시 영도구 태종로422번길16,,35.089586,129.0666504,,한전주,051-419-4671,부산광역시 영도구청,2026-04-06
청학2동047,1,부산광역시 영도구 태종로418,,35.089847,129.0665758,,한전주,051-419-4671,부산광역시 영도구청,2026-04-06
청학2동048,1,부산광역시 영도구 태종로422번길7,,35.089693,129.067062,,한전주,051-419-4671,부산광역시 영도구청,2026-04-06
청학2동049,1,부산광역시 영도구 태종로446-5,,35.088375,129.068725,,한전주,051-419-4671,부산광역시 영도구청,2026-04-06
청학2동050,1,부산광역시 영도구 일산봉로98,,35.090072,129.065689,,한전주,051-419-4671,부산광역시 영도구청,2026-04-06
청학2동051,1,부산광역시 영도구 일산봉로100번길6,,35.089996,129.066131,,한전주,051-419-4671,부산광역시 영도구청,2026-04-06
청학2동052,1,부산광역시 영도구 일산봉로100번길5,,35.089935,129.0661779,,한전주,051-419-4671,부산광역시 영도구청,2026-04-06
청학2동053,1,부산광역시 영도구 일산봉로100번길18,,35.089836,129.065689,,한전주,051-419-4671,부산광역시 영도구청,2026-04-06
청학2동054,1,부산광역시 영도구 일산봉로100번길22,,35.089839,129.065872,,한전주,051-419-4671,부산광역시 영도구청,2026-04-06
청학2동055,1,부산광역시 영도구 일산봉로88번길16-4,,35.089667,129.0654909,,한전주,051-419-4671,부산광역시 영도구청,2026-04-06
청학2동056,1,부산광역시 영도구 일산봉로88번길13,,35.089813,129.0654507,,한전주,051-419-4671,부산광역시 영도구청,2026-04-06
청학2동057,1,부산광역시 영도구 일산봉로88번길6,,35.089626,129.065185,,한전주,051-419-4671,부산광역시 영도구청,2026-04-06
청학2동058,1,부산광역시 영도구 일산봉로100번길8-5,,35.090034,129.0657924,,한전주,051-419-4671,부산광역시 영도구청,2026-04-06
청학2동059,1,부산광역시 영도구 일산봉로72번길6,,35.088459,129.0648538,,전용주,051-419-4671,부산광역시 영도구청,2026-04-06
청학2동060,1,부산광역시 영도구 일산봉로72번길7,,35.088681,129.0649338,,한전주,051-419-4671,부산광역시 영도구청,2026-04-06
청학2동061,1,부산광역시 영도구 일산봉로72번길11,,35.088706,129.0651909,,한전주,051-419-4671,부산광역시 영도구청,2026-04-06
청학2동062,1,부산광역시 영도구 일산봉로72번길14-8,,35.088363,129.0652246,,한전주,051-419-4671,부산광역시 영도구청,2026-04-06
청학2동063,1,부산광역시 영도구 일산봉로72번길14-10,,35.088393,129.065383,,한전주,051-419-4671,부산광역시 영도구청,2026-04-06
청학2동064,1,부산광역시 영도구 일산봉로72번길23,,35.088520,129.065673,,한전주,051-419-4671,부산광역시 영도구청,2026-04-06
청학2동065,1,부산광역시 영도구 일산봉로35-7,,35.084905,129.0649401,,한전주,051-419-4671,부산광역시 영도구청,2026-04-06
청학2동066,1,부산광역시 영도구 일산봉로35-7,,35.084905,129.0649401,,한전주,051-419-4671,부산광역시 영도구청,2026-04-06
청학2동067,1,부산광역시 영도구 일산봉로37번길10,,35.085279,129.064331,,한전주,051-419-4671,부산광역시 영도구청,2026-04-06
청학2동068,1,부산광역시 영도구 일산봉로37번길17,,35.084852,129.064282,,한전주,051-419-4671,부산광역시 영도구청,2026-04-06
청학2동069,1,부산광역시 영도구 일산봉로72번길25,,35.088585,129.0657422,,한전주,051-419-4671,부산광역시 영도구청,2026-04-06
청학2동070,1,부산광역시 영도구 일산봉로37번길5-15,,35.085353,129.064010,,한전주,051-419-4671,부산광역시 영도구청,2026-04-06
청학2동071,1,부산광역시 영도구 일산봉로39번길5-14,,35.085414,129.0642615,,한전주,051-419-4671,부산광역시 영도구청,2026-04-06
청학2동072,1,부산광역시 영도구 일산봉로39번길5-6,,35.085418,129.0644837,,한전주,051-419-4671,부산광역시 영도구청,2026-04-06
청학2동073,1,부산광역시 영도구 일산봉로39번길10,,35.085773,129.0647899,,한전주,051-419-4671,부산광역시 영도구청,2026-04-06
청학2동074,1,부산광역시 영도구 일산봉로39번길15,,35.085933,129.0643473,,한전주,051-419-4671,부산광역시 영도구청,2026-04-06
청학2동075,1,부산광역시 영도구 와치로97,,35.085498,129.061187,,한전주,051-419-4671,부산광역시 영도구청,2026-04-06
청학2동076,1,부산광역시 영도구 조내기로14번길,,35.086387,129.062118,,한전주,051-419-4671,부산광역시 영도구청,2026-04-06
청학2동077,1,부산광역시 영도구 조내기로14번길42,,35.086074,129.061813,,한전주,051-419-4671,부산광역시 영도구청,2026-04-06
청학2동078,1,부산광역시 영도구 조내기로14번길42,,35.086067,129.061813,,한전주,051-419-4671,부산광역시 영도구청,2026-04-06
청학2동079,1,부산광역시 영도구 조내기로14번길58-2,,35.085891,129.0613606,,한전주,051-419-4671,부산광역시 영도구청,2026-04-06
청학2동080,1,부산광역시 영도구 와치로,,35.087707,129.060775,,전용주,051-419-4671,부산광역시 영도구청,2026-04-06
청학2동081,1,부산광역시 영도구 와치로,,35.087627,129.060577,,전용주,051-419-4671,부산광역시 영도구청,2026-04-06
청학2동082,1,부산광역시 영도구 청학동 벚꽃길13-1,,35.087001,129.058761,,한전주,051-419-4671,부산광역시 영도구청,2026-04-06
청학2동083,1,부산광역시 영도구 벚꽃길45,,35.086627,129.058044,,한전주,051-419-4671,부산광역시 영도구청,2026-04-06
청학2동084,1,부산광역시 영도구 벚꽃5번길 22,,35.086254,129.058273,,한전주,051-419-4671,부산광역시 영도구청,2026-04-06
청학2동085,1,부산광역시 영도구 벚꽃5길 15,,35.086303,129.058441,,전용주,051-419-4671,부산광역시 영도구청,2026-04-06
청학2동086,1,부산광역시 영도구 벚꽃길1번길14-1,,35.085918,129.0585912,,한전주,051-419-4671,부산광역시 영도구청,2026-04-06
청학2동087,1,부산광역시 영도구 벚꽃길1번길 21,,35.085644,129.058471,,한전주,051-419-4671,부산광역시 영도구청,2026-04-06
청학2동088,1,부산광역시 영도구 벚꽃길1번길 15-8,,35.085777,129.058715,,한전주,051-419-4671,부산광역시 영도구청,2026-04-06
청학2동089,1,부산광역시 영도구 벚꽃길1번길 12,,35.086059,129.058761,,한전주,051-419-4671,부산광역시 영도구청,2026-04-06
청학2동090,1,부산광역시 영도구 벚꽃길5번길 13-5,,35.086222,129.058685,,한전주,051-419-4671,부산광역시 영도구청,2026-04-06
청학2동091,1,부산광역시 영도구 벚꽃길5번길 9,,35.086366,129.058700,,한전주,051-419-4671,부산광역시 영도구청,2026-04-06
청학2동092,1,부산광역시 영도구 벚꽃길1번길 6,,35.086215,129.0589205,,한전주,051-419-4671,부산광역시 영도구청,2026-04-06
청학2동093,1,부산광역시 영도구 벚꽃길1번길 13-34,,35.085227,129.0589744,,한전주,051-419-4671,부산광역시 영도구청,2026-04-06
청학2동094,1,부산광역시 영도구 벚꽃길1번길 13-3,,35.085445,129.059051,,한전주,051-419-4671,부산광역시 영도구청,2026-04-06
청학2동095,1,부산광역시 영도구 벚꽃길1번길 13-7,,35.085818,129.058975,,한전주,051-419-4671,부산광역시 영도구청,2026-04-06
청학2동096,1,부산광역시 영도구 벚꽃길1번길 13-6,,35.085748,129.058868,,한전주,051-419-4671,부산광역시 영도구청,2026-04-06
청학2동097,1,부산광역시 영도구 와치로84,,35.085968,129.059875,,한전주,051-419-4671,부산광역시 영도구청,2026-04-06
청학2동098,1,부산광역시 영도구 청학남로24번길,,35.087863,129.064239,,한전주,051-419-4671,부산광역시 영도구청,2026-04-06
청학2동099,1,부산광역시 영도구 일산봉로61,,35.087505,129.0645592,,전용주,051-419-4671,부산광역시 영도구청,2026-04-06
청학2동100,1,부산광역시 영도구 청학남로60번길23-2,,35.087852,129.0639903,,한전주,051-419-4671,부산광역시 영도구청,2026-04-06
청학2동101,1,부산광역시 영도구 청학남로60번길24,,35.087904,129.063796,,한전주,051-419-4671,부산광역시 영도구청,2026-04-06
청학2동102,1,부산광역시 영도구 청학남로60번길25,,35.087722,129.0638628,,한전주,051-419-4671,부산광역시 영도구청,2026-04-06
청학2동103,1,부산광역시 영도구 청학남로60번길28-5,,35.087848,129.063491,,한전주,051-419-4671,부산광역시 영도구청,2026-04-06
청학2동104,1,부산광역시 영도구 청학남로60번길34,,35.087631,129.063491,,한전주,051-419-4671,부산광역시 영도구청,2026-04-06
청학2동105,1,부산광역시 영도구 청학남로60번길38,,35.087463,129.0633877,,한전주,051-419-4671,부산광역시 영도구청,2026-04-06
청학2동106,1,부산광역시 영도구 청학남로60번길38-1,,35.087329,129.063461,,한전주,051-419-4671,부산광역시 영도구청,2026-04-06
청학2동107,1,부산광역시 영도구 청학남로60번길38-6,,35.087514,129.063278,,한전주,051-419-4671,부산광역시 영도구청,2026-04-06
청학2동108,1,부산광역시 영도구 청학남로60번길46,,35.087272,129.0632577,,한전주,051-419-4671,부산광역시 영도구청,2026-04-06
청학2동109,1,부산광역시 영도구 청학남로60번길22,,35.088022,129.0637623,,한전주,051-419-4671,부산광역시 영도구청,2026-04-06
청학2동110,1,부산광역시 영도구 청학남로60번길22-9,,35.088066,129.063461,,한전주,051-419-4671,부산광역시 영도구청,2026-04-06
청학2동111,1,부산광역시 영도구 청학남로60번길18-7,,35.088230,129.063461,,한전주,051-419-4671,부산광역시 영도구청,2026-04-06
청학2동112,1,부산광역시 영도구 청학남로60번길14,,35.088272,129.0637996,,한전주,051-419-4671,부산광역시 영도구청,2026-04-06
청학2동113,1,부산광역시 영도구 청학남로60번길11,,35.088202,129.0640985,,한전주,051-419-4671,부산광역시 영도구청,2026-04-06
청학2동114,1,부산광역시 영도구 청학남로30번길11,,35.088523,129.063842,,한전주,051-419-4671,부산광역시 영도구청,2026-04-06
청학2동115,1,부산광역시 영도구 청학남로30번길5,,35.088752,129.063842,,한전주,051-419-4671,부산광역시 영도구청,2026-04-06
청학2동116,1,부산광역시 영도구 청학남로30번길4-3,,35.088661,129.063613,,한전주,051-419-4671,부산광역시 영도구청,2026-04-06
청학2동117,1,부산광역시 영도구 청학남로30번길,,35.088939,129.063491,,한전주,051-419-4671,부산광역시 영도구청,2026-04-06
청학2동118,1,부산광역시 영도구 청학남로30번길,,35.088924,129.063659,,한전주,051-419-4671,부산광역시 영도구청,2026-04-06
청학2동119,2,부산광역시 영도구 청학남로59번길,,35.089073,129.063613,,한전주,051-419-4671,부산광역시 영도구청,2026-04-06
청학2동120,1,부산광역시 영도구 청학남로57번길1,,35.089235,129.063613,,한전주,051-419-4671,부산광역시 영도구청,2026-04-06
청학2동121,1,부산광역시 영도구 청학남로27번길5,,35.090207,129.0607054,,한전주,051-419-4671,부산광역시 영도구청,2026-04-06
청학2동122,1,부산광역시 영도구 청학남로57번길,,35.089748,129.063949,,한전주,051-419-4671,부산광역시 영도구청,2026-04-06
청학2동123,1,부산광역시 영도구 청학남로64번길19,,35.088158,129.0643044,,한전주,051-419-4671,부산광역시 영도구청,2026-04-06
청학2동124,1,부산광역시 영도구 청학남로64번길10,,35.088333,129.064208,,한전주,051-419-4671,부산광역시 영도구청,2026-04-06
청학2동125,1,부산광역시 영도구 청학남로64번길10,,35.088520,129.064208,,전용주,051-419-4671,부산광역시 영도구청,2026-04-06
청학2동126,1,부산광역시 영도구 청학남로64번길4,,35.088836,129.064193,,한전주,051-419-4671,부산광역시 영도구청,2026-04-06
청학2동127,1,부산광역시 영도구 일산봉로77-1,,35.088890,129.064437,,한전주,051-419-4671,부산광역시 영도구청,2026-04-06
청학2동128,1,부산광역시 영도구 청학남로61,,35.089103,129.0639781,,한전주,051-419-4671,부산광역시 영도구청,2026-04-06
청학2동129,1,부산광역시 영도구 청학남로61,,35.089114,129.0639781,,한전주,051-419-4671,부산광역시 영도구청,2026-04-06
청학2동130,1,부산광역시 영도구 청학남로59번길12,,35.089324,129.0641283,,한전주,051-419-4671,부산광역시 영도구청,2026-04-06
청학2동131,1,부산광역시 영도구 청학남로59번길17,,35.089642,129.0639879,,한전주,051-419-4671,부산광역시 영도구청,2026-04-06
청학2동132,1,부산광역시 영도구 청학남로57번길17,,35.089645,129.064010,,한전주,051-419-4671,부산광역시 영도구청,2026-04-06
청학2동133,1,부산광역시 영도구 청학남로57번길,,35.089878,129.064285,,전용주,051-419-4671,부산광역시 영도구청,2026-04-06
청학2동134,1,부산광역시 영도구 청학남로57번길,,35.089824,129.064453,,전용주,051-419-4671,부산광역시 영도구청,2026-04-06
청학2동135,1,부산광역시 영도구 청학남로59번길32,,35.090145,129.064300,,한전주,051-419-4671,부산광역시 영도구청,2026-04-06
청학2동136,1,부산광역시 영도구 청학남로57번길51-1,,35.090461,129.064453,,한전주,051-419-4671,부산광역시 영도구청,2026-04-06
청학2동137,1,부산광역시 영도구 청학남로57번길52,,35.090934,129.0648634,,한전주,051-419-4671,부산광역시 영도구청,2026-04-06
청학2동138,1,부산광역시 영도구 청학남로57번길40,,35.090911,129.064895,,한전주,051-419-4671,부산광역시 영도구청,2026-04-06
청학2동139,1,부산광역시 영도구 태종로394번길,,35.090557,129.064895,,전용주,051-419-4671,부산광역시 영도구청,2026-04-06
청학2동140,1,부산광역시 영도구 태종로394번길,,35.090538,129.064987,,전용주,051-419-4671,부산광역시 영도구청,2026-04-06
청학2동141,1,부산광역시 영도구 태종로394번길,,35.090465,129.064926,,전용주,051-419-4671,부산광역시 영도구청,2026-04-06
청학2동142,1,부산광역시 영도구 태종로394번길43-10,,35.090370,129.0647781,,전용주,051-419-4671,부산광역시 영도구청,2026-04-06
청학2동143,1,부산광역시 영도구 태종로394번길40,,35.090831,129.064987,,한전주,051-419-4671,부산광역시 영도구청,2026-04-06
청학2동144,1,부산광역시 영도구 태종로394번길30,,35.090871,129.065475,,전용주,051-419-4671,부산광역시 영도구청,2026-04-06
청학2동145,1,부산광역시 영도구 청학남로57번길72,,35.091056,129.0655842,,한전주,051-419-4671,부산광역시 영도구청,2026-04-06
청학2동146,1,부산광역시 영도구 청학남로57번길60,,35.09099979,129.0652268,,한전주,051-419-4671,부산광역시 영도구청,2026-04-06
청학2동147,1,부산광역시 영도구 청학남로57번길65,,35.091243,129.065338,,한전주,051-419-4671,부산광역시 영도구청,2026-04-06
청학2동148,1,부산광역시 영도구 태종로394번길12,,35.091425,129.0658456,,한전주,051-419-4671,부산광역시 영도구청,2026-04-06
청학2동149,1,부산광역시 영도구 태종로394번길8,,35.091556,129.0658127,,한전주,051-419-4671,부산광역시 영도구청,2026-04-06
청학2동150,1,부산광역시 영도구 태종로394,,35.091913,129.065795,,한전주,051-419-4671,부산광역시 영도구청,2026-04-06
청학2동151,1,부산광역시 영도구 대종로392번길10,,35.091831,129.065612,,한전주,051-419-4671,부산광역시 영도구청,2026-04-06
청학2동152,1,부산광역시 영도구 태종로392번길10,,35.091842,129.0655991,,한전주,051-419-4671,부산광역시 영도구청,2026-04-06
청학2동153,1,부산광역시 영도구 태종로392번길2-4,,35.092010,129.065643,,한전주,051-419-4671,부산광역시 영도구청,2026-04-06
청학2동154,1,부산광역시 영도구 태종로408-12,,35.090638,129.065673,,한전주,051-419-4671,부산광역시 영도구청,2026-04-06
청학2동155,1,부산광역시 영도구 태종로408-12,,35.090641,129.0656365,,한전주,051-419-4671,부산광역시 영도구청,2026-04-06
청학2동156,1,부산광역시 영도구 일산봉로97,,35.090448,129.0656829,,전용주,051-419-4671,부산광역시 영도구청,2026-04-06
청학2동157,1,부산광역시 영도구 일산봉로97,,35.090450,129.0656829,,한전주,051-419-4671,부산광역시 영도구청,2026-04-06
청학2동158,1,부산광역시 영도구 태종로408-6,,35.090822,129.065887,,한전주,051-419-4671,부산광역시 영도구청,2026-04-06
청학2동159,1,부산광역시 영도구 태종로394번길20,,35.091353,129.065658,,한전주,051-419-4671,부산광역시 영도구청,2026-04-06
청학2동160,1,부산광역시 영도구 청학남로57번길21,,35.089830,129.063796,,한전주,051-419-4671,부산광역시 영도구청,2026-04-06
청학2동161,1,부산광역시 영도구 청학남로47번길38-6,,35.089942,129.0635792,,한전주,051-419-4671,부산광역시 영도구청,2026-04-06
청학2동162,1,부산광역시 영도구 청학남로57번길25,,35.090148,129.063766,,한전주,051-419-4671,부산광역시 영도구청,2026-04-06
청학2동163,1,부산광역시 영도구 청학남로57번길27,,35.090217,129.063842,,한전주,051-419-4671,부산광역시 영도구청,2026-04-06
청학2동164,1,부산광역시 영도구 청학남로57번길37,,35.090656,129.0640644,,한전주,051-419-4671,부산광역시 영도구청,2026-04-06
청학2동165,1,부산광역시 영도구 태종로394번길50,,35.090595,129.0644276,,한전주,051-419-4671,부산광역시 영도구청,2026-04-06
청학2동166,1,부산광역시 영도구 청학남로57번길49,,35.090900,129.064590,,한전주,051-419-4671,부산광역시 영도구청,2026-04-06
청학2동167,1,부산광역시 영도구 청학남로57번길55,,35.091003,129.064926,,한전주,051-419-4671,부산광역시 영도구청,2026-04-06
청학2동168,1,부산광역시 영도구 청학남로60번길50,,35.091060,129.065124,,한전주,051-419-4671,부산광역시 영도구청,2026-04-06
청학2동576,1,부산광역시 영도구 태종로369번길11,,35.094379,129.065185,,한전주,051-419-4671,부산광역시 영도구청,2026-04-06
청학2동577,1,부산광역시 영도구 태종로381번길,,35.094123,129.066070,,한전주,051-419-4671,부산광역시 영도구청,2026-04-06
청학2동578,1,부산광역시 영도구 태종로375번길23,,35.094230,129.0656935,,한전주,051-419-4671,부산광역시 영도구청,2026-04-06
청학2동579,1,부산광역시 영도구 태종로375번길22,,35.094131,129.0659693,,한전주,051-419-4671,부산광역시 영도구청,2026-04-06
청학2동580,1,부산광역시 영도구 태종로375번길2,,35.093494,129.065322,,한전주,051-419-4671,부산광역시 영도구청,2026-04-06
청학2동581,1,부산광역시 영도구 태종로375번길2,,35.093429,129.065399,,한전주,051-419-4671,부산광역시 영도구청,2026-04-06
청학2동582,1,부산광역시 영도구 태종로381번길5,,35.093282,129.065567,,한전주,051-419-4671,부산광역시 영도구청,2026-04-06
청학2동583,1,부산광역시 영도구 태종로375번길10,,35.093830,129.0656429,,한전주,051-419-4671,부산광역시 영도구청,2026-04-06
청학2동584,1,부산광역시 영도구 태종로375번길15,,35.094116,129.065643,,한전주,051-419-4671,부산광역시 영도구청,2026-04-06
청학2동585,1,부산광역시 영도구 태종로381번길5,,35.093231,129.065597,,한전주,051-419-4671,부산광역시 영도구청,2026-04-06
