개방자치단체코드,관리번호,안전비상벨관리번호,설치목적,설치장소유형,설치위치,소재지도로명주소,소재지지번주소,WGS84위도,WGS84경도,연계방식,경찰연계유무,경비업체연계유무,관리사무소연계유무,부가기능,안전비상벨설치연도,최종점검일자,최종점검결과구분,관리기관명,관리기관전화번호,데이터기준일자,데이터갱신구분,데이터갱신시점,최종수정시점
3250000,202532500000900043,부산 중구-5,방범용,기타,6차 주교좌중앙성당,부산광역시 중구 대청로 99번길 5-1,부산광역시 중구 대청동4가 94,35.10343966,129.0306149,양방향,N,N,N,CCTV,2017,2025-10-30,Y,부산광역시 중구청,051-600-4171,2025-10-30,I,2026-05-15 18:45:46,2025-10-30 10:08:48
3250000,202532500000900053,부산 중구-15,방범용,건물,영주1동 주민센터,부산광역시 중구 대영로224번길 10,부산광역시 중구 영주동 671-3,35.11110305,129.0350204,양방향,Y,N,N,,2020,2025-10-30,Y,부산광역시 중구청,051-600-4174,2025-10-30,I,2026-05-15 18:45:46,2025-10-30 10:08:48
3250000,202532500000900048,부산 중구-10,방범용,건물,대청동 주민센터,부산광역시 중구 대청로99번길 14-1,부산광역시 중구 대청동2가 2-2,35.10424061,129.031089,양방향,Y,N,N,,2020,2025-10-30,Y,부산광역시 중구청,051-600-4174,2025-10-30,I,2026-05-15 18:45:46,2025-10-30 10:08:48
3250000,202532500000900050,부산 중구-12,방범용,건물,부평동 주민센터,부산광역시 중구 중구로29번길 23,부산광역시 중구 부평동1가 30-27,35.10036107,129.0265387,양방향,Y,N,N,,2020,2025-10-30,Y,부산광역시 중구청,051-600-4174,2025-10-30,I,2026-05-15 18:45:46,2025-10-30 10:08:48
3250000,202532500000900047,부산 중구-9,방범용,건물,동광동 주민센터,부산광역시 중구 동광길 49,부산광역시 중구 대청동1가 44-3,35.10500721,129.0344802,양방향,Y,N,N,,2020,2025-10-30,Y,부산광역시 중구청,051-600-4174,2025-10-30,I,2026-05-15 18:45:46,2025-10-30 10:08:48
3250000,202532500000900056,부산 중구-18,방범용,건물,중구청(1층 당직실),부산광역시 중구 중구로 120,부산광역시 중구 대청동1가 1-4,35.10619725,129.0323514,양방향,Y,N,N,,2020,2025-10-30,Y,부산광역시 중구청,051-600-4174,2025-10-30,I,2026-05-15 18:45:46,2025-10-30 10:08:48
3250000,202532500000900044,부산 중구-6,방범용,화장실,복병산체육공원 공중화장실,부산광역시 중구 샘길 10 (대청동1가),부산광역시 중구 대청동1가 6-4,35.105565,129.032507,양방향,Y,N,N,경보등+경보음+CCTV,2016,2025-08-07,Y,부산광역시 중구청,051-600-4442,2025-11-06,I,2026-05-15 18:45:46,2025-11-06 13:51:54
3250000,202532500000900040,부산 중구-2,방범용,기타,남포CGV뒷골목_회전,부산광역시 중구 중구로5번길 11,부산광역시 중구 남포동6가 72-1,35.09793403,129.0269802,양방향,N,N,N,CCTV,2017,2025-10-30,Y,부산광역시 중구청,051-600-4171,2025-10-30,I,2026-05-15 18:45:46,2025-10-30 10:08:48
3250000,202532500000900046,부산 중구-8,방범용,건물,중앙동 주민센터,부산광역시 중구 중앙대로41번길 10,부산광역시 중구 중앙동2가 19,35.10130243,129.0353425,양방향,Y,N,N,,2020,2025-10-30,Y,부산광역시 중구청,051-600-4174,2025-10-30,I,2026-05-15 18:45:46,2025-10-30 10:08:48
3250000,202532500000900055,부산 중구-17,방범용,건물,중구청(민원봉사과),부산광역시 중구 중구로 120,부산광역시 중구 대청동1가 1-4,35.10619725,129.0323514,양방향,Y,N,N,,2020,2025-10-30,Y,부산광역시 중구청,051-600-4174,2025-10-30,I,2026-05-15 18:45:46,2025-10-30 10:08:48
3250000,202532500000900045,부산 중구-7,방범용,화장실,유라리광장 공중화장실,부산광역시 중구 용미길 9번길 6-14,부산광역시 중구 남포동1가 62-29,35.09665141,129.0351256,양방향,Y,N,N,경보등+경보음+CCTV,2016,2025-08-07,Y,부산광역시 중구청,051-600-4442,2025-11-06,I,2026-05-15 18:45:46,2025-11-06 13:52:16
3250000,202532500000900051,부산 중구-13,방범용,건물,광복동 주민센터,부산광역시 중구 광복로55번길 10,부산광역시 중구 신창동1가 9-1,35.09995993,129.030401,양방향,Y,N,N,,2020,2025-10-30,Y,부산광역시 중구청,051-600-4174,2025-10-30,I,2026-05-15 18:45:46,2025-10-30 10:08:48
3250000,202532500000900041,부산 중구-3,방범용,기타,6차 동광원로의집 앞,부산광역시 중구 샘길 12,부산광역시 중구 대청동1가 6-27,35.1064329,129.0329371,양방향,N,N,N,CCTV,2017,2025-10-30,Y,부산광역시 중구청,051-600-4171,2025-10-30,I,2026-05-15 18:45:46,2025-10-30 10:08:48
3250000,202532500000900057,부산 중구-19,방범용,건물,중구청(2층 구청장실),부산광역시 중구 중구로 120,부산광역시 중구 대청동1가 1-4,35.10619725,129.0323514,양방향,Y,N,N,,2020,2025-10-30,Y,부산광역시 중구청,051-600-4174,2025-10-30,I,2026-05-15 18:45:46,2025-10-30 10:08:48
3250000,202532500000900054,부산 중구-16,방범용,건물,영주2동 주민센터,부산광역시 중구 동영로 71-2,부산광역시 중구 영주동 278-9,35.1115639,129.0318047,양방향,Y,N,N,,2020,2025-10-30,Y,부산광역시 중구청,051-600-4174,2025-10-30,I,2026-05-15 18:45:46,2025-10-30 10:08:48
3250000,202532500000900039,부산 중구-1,방범용,기타,남포 로얄호텔앞,부산광역시 중구 광복로67번길 8-6,부산광역시 중구 광복동2가 2-15,35.09906078,129.0328121,양방향,N,N,N,CCTV,2017,2025-10-30,Y,부산광역시 중구청,051-600-4171,2025-10-30,I,2026-05-15 18:45:46,2025-10-30 10:08:48
3250000,202532500000900052,부산 중구-14,방범용,건물,남포동 주민센터,부산광역시 중구 자갈치로 68-1,부산광역시 중구 남포동4가 32-2,35.09736387,129.031678,양방향,Y,N,N,,2020,2025-10-30,Y,부산광역시 중구청,051-600-4174,2025-10-30,I,2026-05-15 18:45:46,2025-10-30 10:08:48
3250000,202532500000900042,부산 중구-4,방범용,기타,2차 노틀담어린이집,부산광역시 중구 망양로 306-2,부산광역시 중구 대청동4가 75-190,35.10542554,129.0279317,양방향,N,N,N,CCTV,2017,2025-10-30,Y,부산광역시 중구청,051-600-4171,2025-10-30,I,2026-05-15 18:45:46,2025-10-30 10:08:48
3250000,202532500000900049,부산 중구-11,방범용,건물,보수동 주민센터,부산광역시 중구 보수대로140번길 61,부산광역시 중구 보수동1가 48-2,35.10618152,129.0246936,양방향,Y,N,N,,2020,2025-10-30,Y,부산광역시 중구청,051-600-4174,2025-10-30,I,2026-05-15 18:45:46,2025-10-30 10:08:48
3260000,202532600000900021,남항체육공원,방범용,화장실,여자 화장실 대변기칸 내,부산광역시 서구 등대로 107 (남부민동),부산광역시 서구 남부민동 523-28,35.081595,129.025541,양방향,Y,N,N,,2022,2025-10-24,Y,서구청 문화관광과,051-240-4082,2026-05-22,U,2026-05-23 03:03:03,2026-05-22 15:18:48
3260000,202532600000900025,송림공원 내,방범용,화장실,부산광역시 서구 송도해변로 171,"부산광역시 서구 송도해변로 171, 송도케이블카 하부정류장 (암남동)",부산광역시 서구 암남동 765,35.070604,129.019163,양방향,Y,N,N,,2016,2025-10-24,Y,서구청 해양산림과,051-240-4531,2026-05-22,U,2026-05-23 03:03:03,2026-05-22 15:17:59
3260000,202532600000900033,구덕문화공원(주차장),방범용,화장실,부산광역시 서구 꽃마을로163번길 73,"부산광역시 서구 꽃마을로163번길 73, 구덕문화공원 (서대신동3가)",부산광역시 서구 서대신동3가 산 18-15 구덕문화공원,35.126514,129.00497,양방향,Y,N,N,,2019,2025-10-24,Y,서구청 신성장사업추진단,051-240-3521,2026-05-22,U,2026-05-23 03:03:03,2026-05-22 15:14:50
3260000,202532600000900026,암남공원3호광장(주차장),방범용,화장실,부산광역시 서구 암남동 620-27,부산광역시 서구 원양로 105 (암남동),부산광역시 서구 암남동 620-27,35.062813,129.021508,양방향,Y,N,N,,2020,2025-10-24,Y,서구청 해양산림과,051-240-4534,2026-05-22,U,2026-05-23 03:03:03,2026-05-22 15:17:39
3260000,202532600000900029,암남공원 입구,방범용,화장실,부산광역시 서구 암남공원로 185,"부산광역시 서구 암남공원로 185, 국립동물검역소부산지소 (암남동)",부산광역시 서구 암남동 620-2,35.062598,129.015199,양방향,Y,N,N,,2020,2025-10-24,Y,서구청 해양산림과,051-240-4534,2026-05-22,U,2026-05-23 03:03:03,2026-05-22 15:16:45
3260000,202532600000900040,꽃마을,방범용,화장실,부산광역시 서구 꽃마을로159,부산광역시 서구 꽃마을로 159,,35.127576,129.006924,양방향,Y,N,N,,2017,2025-10-24,Y,서구청 청소행정과,051-240-4445,2026-05-22,U,2026-05-23 03:03:03,2026-05-22 15:12:53
3260000,202532600000900036,구름산책로,방범용,화장실,부산광역시 서구 송도해변로 152,부산광역시 서구 송도해변로 152 (암남동),부산광역시 서구 암남동 135-12,35.077228,129.021484,양방향,Y,N,N,,2017,2025-10-24,Y,서구청 청소행정과,051-240-4445,2026-05-22,U,2026-05-23 03:03:03,2026-05-22 15:14:07
3260000,202532600000900023,암남공원1호광장(두도),방범용,화장실,부산광역시 서구 암남동 193-4,"부산광역시 서구 암남공원로 181, 송도케이블카 (암남동)",부산광역시 서구 암남동 산 193-4 송도케이블카,35.059791,129.015118,양방향,Y,N,N,,2020,2025-10-24,Y,서구청 해양산림과,051-240-4534,2026-05-22,U,2026-05-23 03:03:03,2026-05-22 15:18:27
3260000,202532600000900022,남항대교 밑,방범용,화장실,"남, 여 화장실 대변기칸 내","부산광역시 서구 충무대로94번길 40, 남항대교 주차장 (암남동)",부산광역시 서구 암남동 123-29 남항대교 주차장,35.0793,129.024,양방향,Y,N,N,,2023,2025-10-24,Y,서구청 청소행정과,051-240-4442,2026-05-22,U,2026-05-23 03:03:03,2026-05-22 15:18:38
3260000,202532600000900039,부민산 체육공원,방범용,화장실,부산광역시 서구 부민동3가 8-247,부산광역시 서구 해돋이로273번길 73 (부민동3가),부산광역시 서구 부민동3가 8-247,35.104045,129.013777,양방향,Y,N,N,,2018,2025-10-24,Y,서구청 청소행정과,051-240-4445,2026-05-22,U,2026-05-23 03:03:03,2026-05-22 15:13:10
3260000,202532600000900030,구덕야영장,방범용,화장실,부산광역시 서구 보수대로320번길 59,부산광역시 서구 보수대로320번길 59 (서대신동3가),부산광역시 서구 서대신동3가 산 2-1,35.123373,129.022942,양방향,Y,N,N,,2016,2025-10-24,Y,서구청 신성장사업과,051-240-3522,2026-05-22,U,2026-05-23 03:03:03,2026-05-22 15:16:16
3260000,202532600000900034,구덕문화공원(인공폭포 앞,방범용,화장실,부산광역시 서구 꽃마을로163번길 73,"부산광역시 서구 꽃마을로163번길 73, 구덕문화공원 (서대신동3가)",부산광역시 서구 서대신동3가 산 18-15 구덕문화공원,35.126514,129.00497,양방향,Y,N,N,,2019,2025-10-24,Y,서구청 신성장사업추진단,051-240-3521,2026-05-22,U,2026-05-23 03:03:03,2026-05-22 15:14:34
3260000,202532600000900031,송도오션파크,방범용,화장실,부산광역시 서구 송도해변로 36,"부산광역시 서구 송도해변로 36, 송도오토캠핑장 (암남동)",부산광역시 서구 암남동 135-23 송도오토캠핑장,35.070593,129.019104,양방향,Y,N,N,,2017,2025-10-24,Y,서구청 문화관광과,051-240-4082,2026-05-22,U,2026-05-23 03:03:03,2026-05-22 15:15:28
3260000,202532600000900024,암남공원(풍차),방범용,화장실,부산광역시 서구 암남공원로 185,"부산광역시 서구 암남공원로 185, 국립동물검역소부산지소 (암남동)",부산광역시 서구 암남동 620-2,35.060573,129.013026,양방향,Y,N,N,,2020,2025-10-24,Y,서구청 해양산림과,051-240-4534,2026-05-22,U,2026-05-23 03:03:03,2026-05-22 15:18:10
3260000,202532600000900027,해안시장 내,방범용,화장실,부산광역시 서구 해안새벽시장길 27,"부산광역시 서구 해안새벽시장길 27, 충무동해안시장 상인교육관 및 고객쉼터 (충무동1가)",부산광역시 서구 충무동1가 43-1 충무동해안시장 상인교육관 및 고객쉼터,35.094225,129.025244,양방향,Y,N,N,,2020,2025-10-24,Y,서구청 일자리경제과,051-240-4472,2026-05-22,U,2026-05-23 03:03:03,2026-05-22 15:17:24
3260000,202532600000900038,암남동예비군교장,방범용,화장실,부산광역시 서구암남공원로522번길10,부산광역시 서구 암남공원로522번길 39-4 (암남동),부산광역시 서구 암남동 산 10,35.074709,129.012593,양방향,Y,N,N,,2017,2025-10-24,Y,서구청 청소행정과,051-240-4445,2026-05-22,U,2026-05-23 03:03:03,2026-05-22 15:13:21
3260000,202532600000900037,송도해양레포츠센터 내,방범용,화장실,부산광역시 서구 송도해변로 50,부산광역시 서구 송도해변로 50 (암남동),부산광역시 서구 암남동 135-5,35.073733,129.016356,양방향,Y,N,N,,2016,2025-10-24,Y,서구청 청소행정과,051-240-4445,2026-05-22,U,2026-05-23 03:03:03,2026-05-22 15:13:33
3260000,202532600000900035,내원정사 옆,방범용,화장실,부산광역시 서구 보수대로320번길 59,부산광역시 서구 보수대로320번길 59 (서대신동3가),부산광역시 서구 서대신동3가 산 2-1,35.126075,129.012497,양방향,Y,N,N,,2019,2025-10-24,Y,서구청 청소행정과,051-240-4445,2026-05-22,U,2026-05-23 03:03:03,2026-05-22 15:14:23
3260000,202532600000900032,천마산조각공원,방범용,화장실,부산광역시 서구암남동 산4-26,부산광역시 서구 천해로48번길 34 (암남동),부산광역시 서구 암남동 산 4-26,35.091203,129.017935,양방향,Y,N,N,,2020,2025-10-24,Y,서구청 신성장사업과,051-240-3521,2026-05-22,U,2026-05-23 03:03:03,2026-05-22 15:15:08
3260000,202532600000900028,암남공원2호광장,방범용,화장실,부산광역시 서구 암남동 산 193,"부산광역시 서구 암남공원로 181, 송도케이블카 (암남동)",부산광역시 서구 암남동 산 193 송도케이블카,35.061022,129.01607,양방향,Y,N,N,,2020,2025-10-24,Y,서구청 해양산림과,051-240-4534,2026-05-22,U,2026-05-23 03:03:03,2026-05-22 15:17:07
3270000,202632700000900023,비상벨-023호,방범용,가로변,청룡사 입구,부산광역시 동구망양로879번길 19,부산광역시 동구범일1동 1435-643,35.13939,129.04698,양방향,N,N,Y,,2021,2026-05-01,Y,부산광역시 동구청,051-440-6450,2026-05-01,I,2026-05-15 18:45:45,2026-05-07 17:53:05
3270000,202632700000900024,비상벨-024호,방범용,가로변,망양로 875번길 28,부산광역시 동구망양로875번길 28,부산광역시 동구범일1동 1435-296,35.14002,129.04803,양방향,N,N,Y,,2021,2026-05-01,Y,부산광역시 동구청,051-440-6450,2026-05-01,I,2026-05-15 18:45:45,2026-05-07 17:53:05
3270000,202632700000900001,비상벨-001호,방범용,가로변,다운아트빌 앞,부산광역시 동구증산동로 77,부산광역시 동구범일1동 1352-113,35.13823,129.05376,양방향,N,N,Y,,2019,2026-05-01,Y,부산광역시 동구청,051-440-6450,2026-05-01,I,2026-05-15 18:45:45,2026-05-07 17:53:05
3270000,202632700000900025,비상벨-025호,방범용,가로변,내곡삼거리 건강의원 앞,부산광역시 동구망양로 893-1,부산광역시 동구범일4동 1445-49,35.14039,129.04897,양방향,N,N,Y,,2021,2026-05-01,Y,부산광역시 동구청,051-440-6450,2026-05-01,I,2026-05-15 18:45:46,2026-05-07 17:53:05
3270000,202632700000900026,비상벨-026호,방범용,가로변,범상로 1번길 13 옆 사거리,부산광역시 동구범상로 1번길 13,부산광역시 동구범일1동 1504-448,35.14057,129.048211,양방향,N,N,Y,,2021,2026-05-01,Y,부산광역시 동구청,051-440-6450,2026-05-01,I,2026-05-15 18:45:46,2026-05-07 17:53:05
3270000,202632700000900002,비상벨-002호,방범용,가로변,수정2동 공영주차장 앞,부산광역시 동구수정공원로 48,부산광역시 동구수정2동 771-240,35.13068,129.03936,양방향,N,N,Y,,2019,2026-05-01,Y,부산광역시 동구청,051-440-6450,2026-05-01,I,2026-05-15 18:45:45,2026-05-07 17:53:05
3270000,202632700000900003,비상벨-003호,방범용,가로변,초량화신입구,부산광역시 동구망양로 516,부산광역시 동구초량2동 865-171,35.11856,129.03049,양방향,N,N,Y,,2019,2026-05-01,Y,부산광역시 동구청,051-440-6450,2026-05-01,I,2026-05-15 18:45:45,2026-05-07 17:53:05
3270000,202632700000900004,비상벨-004호,방범용,가로변,그린빌라 앞,부산광역시 동구좌천로 61,부산광역시 동구좌천동 822-18,35.1318,129.04874,양방향,N,N,Y,,2019,2026-05-01,Y,부산광역시 동구청,051-440-6450,2026-05-01,I,2026-05-15 18:45:45,2026-05-07 17:53:05
3270000,202632700000900005,비상벨-005호,방범용,가로변,부산은행 초량동지점,부산광역시 동구중앙대로 251번길 25,부산광역시 동구초량3동 147-2,35.11977,129.04042,양방향,N,N,Y,,2019,2026-05-01,Y,부산광역시 동구청,051-440-6450,2026-05-01,I,2026-05-15 18:45:45,2026-05-07 17:53:05
3270000,202632700000900006,비상벨-006호,방범용,가로변,수정초교 뒷편,부산광역시 동구수정중로 47,부산광역시 동구수정2동 463-13,35.1321,129.04621,양방향,N,N,Y,,2019,2026-05-01,Y,부산광역시 동구청,051-440-6450,2026-05-01,I,2026-05-15 18:45:45,2026-05-07 17:53:05
3270000,202632700000900007,비상벨-007호,방범용,가로변,매일유업 아랫길,부산광역시 동구망양로 694번길 25-3,부산광역시 동구수정4동 974-43,35.12739,129.04269,양방향,N,N,Y,,2019,2026-05-01,Y,부산광역시 동구청,051-440-6450,2026-05-01,I,2026-05-15 18:45:45,2026-05-07 17:53:05
3270000,202632700000900008,비상벨-008호,방범용,가로변,선화여중 옆길,부산광역시 동구초량로 80번길 38,부산광역시 동구초량6동 827-65,35.12176,129.03453,양방향,N,N,Y,,2019,2026-05-01,Y,부산광역시 동구청,051-440-6450,2026-05-01,I,2026-05-15 18:45:45,2026-05-07 17:53:05
3270000,202632700000900015,비상벨-015호,방범용,가로변,초량초등학교 정문,부산광역시 동구초량상로 49,부산광역시 동구초량1동 994-13,35.11612,129.03684,양방향,N,N,Y,,2020,2026-05-01,Y,부산광역시 동구청,051-440-6450,2026-05-01,I,2026-05-15 18:45:45,2026-05-07 17:53:05
3270000,202632700000900009,비상벨-009호,방범용,가로변,눌원빌딩(한국마사회)뒤,부산광역시 동구자성로134,부산광역시 동구범일2동 825-3,35.13621,129.0654,양방향,N,N,Y,,2020,2026-05-01,Y,부산광역시 동구청,051-440-6450,2026-05-01,I,2026-05-15 18:45:45,2026-05-07 17:53:05
3270000,202632700000900010,비상벨-010호,방범용,가로변,남경하이빌,부산광역시 동구구봉로49번길4,부산광역시 동구초량6동 754-87,35.12442,129.03687,양방향,N,N,Y,,2020,2026-05-01,Y,부산광역시 동구청,051-440-6450,2026-05-01,I,2026-05-15 18:45:45,2026-05-07 17:53:05
3270000,202632700000900011,비상벨-011호,방범용,가로변,경현허브빌라 골목 입구,부산광역시 동구정공단로39번길17,부산광역시 동구좌천동 704-24,35.13632,129.05423,양방향,N,N,Y,,2020,2026-05-01,Y,부산광역시 동구청,051-440-6450,2026-05-01,I,2026-05-15 18:45:45,2026-05-07 17:53:05
3270000,202632700000900012,비상벨-012호,방범용,가로변,정공단로 47번길 골목,부산광역시 동구정공단로47번길15-12,부산광역시 동구좌천동 707-21,35.13706,129.05459,양방향,N,N,Y,,2020,2026-05-01,Y,부산광역시 동구청,051-440-6450,2026-05-01,I,2026-05-15 18:45:45,2026-05-07 17:53:05
3270000,202632700000900013,비상벨-013호,방범용,가로변,금성고등학교 밑,부산광역시 동구정공단로11번가길 21-2,부산광역시 동구좌천동 768-27,35.13431,129.05214,양방향,N,N,Y,,2020,2026-05-01,Y,부산광역시 동구청,051-440-6450,2026-05-01,I,2026-05-15 18:45:45,2026-05-07 17:53:05
3270000,202632700000900014,비상벨-014호,방범용,가로변,수정초등학교 위,부산광역시 동구진성로71번가길 21,부산광역시 동구수정5동 453-39,35.13296,129.04504,양방향,N,N,Y,,2020,2026-05-01,Y,부산광역시 동구청,051-440-6450,2026-05-01,I,2026-05-15 18:45:45,2026-05-07 17:53:05
3270000,202632700000900016,비상벨-016호,방범용,가로변,범일초등학교 앞,부산광역시 동구증산서로 55,부산광역시 동구범일1동 1411-3,35.13965,129.05104,양방향,N,N,Y,,2020,2026-05-01,Y,부산광역시 동구청,051-440-6450,2026-05-01,I,2026-05-15 18:45:45,2026-05-07 17:53:05
3270000,202632700000900017,비상벨-017호,방범용,가로변,수성초등학교 정문,부산광역시 동구망양로808번길 3,부산광역시 동구수정5동 485-3,35.1344,129.04372,양방향,N,N,Y,,2020,2026-05-01,Y,부산광역시 동구청,051-440-6450,2026-05-01,I,2026-05-15 18:45:45,2026-05-07 17:53:05
3270000,202632700000900018,비상벨-018호,방범용,가로변,좌성초등학교 앞,부산광역시 동구증산로113번길 7,부산광역시 동구좌천동 786-1,35.13676,129.05317,양방향,N,N,Y,,2020,2026-05-01,Y,부산광역시 동구청,051-440-6450,2026-05-01,I,2026-05-15 18:45:45,2026-05-07 17:53:05
3270000,202632700000900019,비상벨-019호,방범용,가로변,성남초등학교 정문,부산광역시 동구범일로53번길 14,부산광역시 동구범일2동 305-6,35.13447,129.05897,양방향,N,N,Y,,2020,2026-05-01,Y,부산광역시 동구청,051-440-6450,2026-05-01,I,2026-05-15 18:45:45,2026-05-07 17:53:05
3270000,202632700000900020,비상벨-020호,방범용,가로변,수정파크빌라 뒤 골목,부산광역시 동구수정북로34번길 42-3,부산광역시 동구수정5동 537-4,35.13255,129.04425,양방향,N,N,Y,,2021,2026-05-01,Y,부산광역시 동구청,051-440-6450,2026-05-01,I,2026-05-15 18:45:45,2026-05-07 17:53:05
3270000,202632700000900021,비상벨-021호,방범용,가로변,부일방앗간 옆 육교 앞,부산광역시 동구성남일로 22,부산광역시 동구좌천동 35-5,35.13292,129.0553,양방향,N,N,Y,,2021,2026-05-01,Y,부산광역시 동구청,051-440-6450,2026-05-01,I,2026-05-15 18:45:45,2026-05-07 17:53:05
3270000,202632700000900033,비상벨-033호,방범용,가로변,친환경스카이웨이,부산광역시 동구초량로 108번길 62,부산광역시 동구초량6동 827-175,35.12016,129.03144,양방향,N,N,Y,,2022,2026-05-01,Y,부산광역시 동구청,051-440-6450,2026-05-01,I,2026-05-15 18:45:46,2026-05-07 17:53:05
3270000,202632700000900034,비상벨-034호,방범용,가로변,동일파크 일원,부산광역시 동구망양로 488,부산광역시 동구초량2동 865-38,35.11767,129.0332,양방향,N,N,Y,,2022,2026-05-01,Y,부산광역시 동구청,051-440-6450,2026-05-01,I,2026-05-15 18:45:46,2026-05-07 17:53:05
3270000,202632700000900022,비상벨-022호,방범용,가로변,근대화슈퍼 앞,부산광역시 동구망양로875번길 12,부산광역시 동구범일1동 1435-144,35.13923,129.0479,양방향,N,N,Y,,2021,2026-05-01,Y,부산광역시 동구청,051-440-6450,2026-05-01,I,2026-05-15 18:45:45,2026-05-07 17:53:05
3270000,202632700000900031,비상벨-031호,방범용,가로변,법천사일원,부산광역시 동구안창로 21번길 14,부산광역시 동구범일1동 산65-122,35.14512,129.0458,양방향,N,N,Y,,2022,2026-05-01,Y,부산광역시 동구청,051-440-6450,2026-05-01,I,2026-05-15 18:45:46,2026-05-07 17:53:05
3270000,202632700000900032,비상벨-032호,방범용,가로변,수정4초소,부산광역시 동구수정공원상로 60-60,부산광역시 동구수정4동 산 35-22,35.12832,129.0355,양방향,N,N,Y,,2022,2026-05-01,Y,부산광역시 동구청,051-440-6450,2026-05-01,I,2026-05-15 18:45:46,2026-05-07 17:53:05
3270000,202632700000900027,비상벨-027호,방범용,가로변,보광사 입구 사거리,부산광역시 동구범상로 1번길 35,부산광역시 동구범일1동 산 65-12,35.140963,129.047264,양방향,N,N,Y,,2022,2026-05-01,Y,부산광역시 동구청,051-440-6450,2026-05-01,I,2026-05-15 18:45:46,2026-05-07 17:53:05
3270000,202632700000900028,비상벨-028호,방범용,가로변,범상로 39번길 64 옆 계단,부산광역시 동구범상로 39번길 64,부산광역시 동구범일1동 1504-165,35.140933,129.04829,양방향,N,N,Y,,2022,2026-05-01,Y,부산광역시 동구청,051-440-6450,2026-05-01,I,2026-05-15 18:45:46,2026-05-07 17:53:05
3270000,202632700000900029,비상벨-029호,방범용,가로변,안창배수지,부산광역시 동구안창로 89번길 21,부산광역시 동구범일1동 산 65-121,35.14297,129.0397,양방향,N,N,Y,,2022,2026-05-01,Y,부산광역시 동구청,051-440-6450,2026-05-01,I,2026-05-15 18:45:46,2026-05-07 17:53:05
3270000,202632700000900030,비상벨-030호,방범용,가로변,안창마을입구,부산광역시 동구안창로 97번길 20,부산광역시 동구범일1동 산 65-121,35.14297,129.0397,양방향,N,N,Y,,2022,2026-05-01,Y,부산광역시 동구청,051-440-6450,2026-05-01,I,2026-05-15 18:45:46,2026-05-07 17:53:05
3280000,202032800000900001,3,방범용,가로변,부산광역시 영도구 대평로37번길 10,부산광역시 영도구 대평로37번길 10,부산광역시 영도구 대평동2가 37-10,35.0917072,129.0332056,미연계,N,N,N,경보음,2017,2020-12-14,Y,영도구청,051-419-4285,2020-12-14,I,2026-05-15 18:45:46,2020-12-14 17:34:09
3280000,202432800000900016,4,방범용,기타,신선동 주택밀집지역,부산광역시 영도구 신선초롱길 24,부산광역시 영도구 신선동2가 156-264,35.085704,129.046377,양방향,Y,N,N,,2023,2023-12-27,Y,영도구청,051-419-4861,2026-05-13,I,2026-05-15 18:45:46,2026-05-13 17:13:17
3280000,202432800000900023,11,방범용,기타,하리타운,부산광역시 영도구 태종로773번길 25,부산광역시 영도구 동삼동 863-4,35.068288,129.082132,양방향,Y,N,N,,2023,2023-12-27,Y,영도구청,051-419-4861,2026-05-13,I,2026-05-15 18:45:46,2026-05-13 17:14:02
3280000,202432800000900022,10,방범용,기타,육영선교원,부산광역시 영도구 하리서길 29,부산광역시 영도구 동삼동 901-24,35.067148,129.082017,양방향,Y,N,N,,2023,2023-12-27,Y,영도구청,051-419-4861,2026-05-13,I,2026-05-15 18:45:46,2026-05-13 17:13:57
3280000,202432800000900019,7,방범용,기타,동삼동 어린이공원,부산광역시 영도구 동삼동 1123-13,부산광역시 영도구 동삼동 1123-13,35.084246,129.069364,양방향,Y,N,N,,2023,2023-12-27,Y,영도구청,051-419-4861,2026-05-13,I,2026-05-15 18:45:46,2026-05-13 17:13:39
3280000,202432800000900014,2,방범용,기타,영도병원 부근,부산광역시 영도구 태종로 83번길 30,부산광역시 영도구 봉래동2가6-7,35.093253,129.040956,양방향,Y,N,N,,2023,2023-12-27,Y,영도구청,051-419-4861,2026-05-13,I,2026-05-15 18:45:46,2026-05-13 17:12:52
3280000,202432800000900021,9,방범용,기타,바다횟집,부산광역시 영도구 하리해안길 6-3,부산광역시 영도구 동삼동 769-9,35.069193,129.080768,양방향,Y,N,N,,2023,2023-12-27,Y,영도구청,051-419-4861,2026-05-13,I,2026-05-15 18:45:46,2026-05-13 17:13:52
3280000,202432800000900013,1,방범용,기타,영도구 노인복지회관,부산광역시 영도구 절영로 29번길 34,부산광역시 영도구 대교동2가 171-2,35.091062,129.041077,양방향,Y,N,N,,2023,2023-12-27,Y,영도구청,051-419-4861,2026-05-13,I,2026-05-15 18:45:46,2026-05-13 17:13:02
3280000,202432800000900015,3,방범용,기타,벧엘영아전담어린이집,부산광역시 영도구 절영로 93번길 29-4,부산광역시 영도구 남항동2가 229-1,35.08786,129.040479,양방향,Y,N,N,,2023,2023-12-27,Y,영도구청,051-419-4861,2026-05-13,I,2026-05-15 18:45:46,2026-05-13 17:13:11
3280000,202032800000900003,5,방범용,가로변,부산광역시 영도구 대평로 37번길 6,부산광역시 영도구 대평로 37번길 6,부산광역시 영도구 대평동2가 36-9,35.0919516,129.0332949,미연계,N,N,N,경보음,2017,2020-12-14,Y,영도구청,051-419-4285,2020-12-14,I,2026-05-15 18:45:46,2020-12-14 17:34:10
3280000,202032800000900002,4,방범용,가로변,부산광역시 영도구 대평로37번길 8,부산광역시 영도구 대평로37번길 8,부산광역시 영도구 대평동2가 35-59,35.0917646,129.033271,미연계,N,N,N,경보음,2017,2020-12-14,Y,영도구청,051-419-4285,2020-12-14,I,2026-05-15 18:45:46,2020-12-14 17:34:10
3280000,202432800000900017,5,방범용,기타,신선동 주택밀집지역,부산광역시 영도구 신선동3가 75-10,부산광역시 영도구 신선동3가 75-10,35.084035,129.046745,양방향,Y,N,N,,2023,2023-12-27,Y,영도구청,051-419-4861,2026-05-13,I,2026-05-15 18:45:46,2026-05-13 17:13:28
3280000,202432800000900020,8,방범용,기타,세진비엔씨,부산광역시 영도구 남항서로 70번길 12,부산광역시 영도구 남항동3가 21-1,35.08658,129.035682,양방향,Y,N,N,,2023,2023-12-27,Y,영도구청,051-419-4861,2026-05-13,I,2026-05-15 18:45:46,2026-05-13 17:13:45
3280000,202432800000900018,6,방범용,기타,여성1인가구 밀집지역,부산광역시 영도구 동삼동 1095-3,부산광역시 영도구 동삼동 1095-3,35.079256,129.071029,양방향,Y,N,N,,2023,2023-12-27,Y,영도구청,051-419-4861,2026-05-13,I,2026-05-15 18:45:46,2026-05-13 17:13:34
3290000,202432900000900054,20,방범용,기타,강산숯불갈비 옆 골목 안,부산광역시 부산진구 백양대로 316-7,부산광역시 부산진구 개금동 447-27,35.154501,129.016984,양방향,Y,N,N,,2022,2024-07-08,Y,부산진구청 안전도시과,051-605-4646,2024-07-16,I,2026-05-15 18:45:46,2024-07-16 10:45:12
3290000,202432900000900035,1,방범용,기타,모던빌,부산광역시 부산진구 범일로139번길 15,부산광역시 부산진구 범천동 721-58,35.142813,129.058168,양방향,Y,N,N,,2023,2024-07-08,Y,부산진구청 안전도시과,051-605-4646,2024-07-16,I,2026-05-15 18:45:46,2024-07-16 10:45:12
3290000,202432900000900042,8,방범용,기타,동하더파크아파트 앞,부산광역시 부산진구 신천대로216번길 11,부산광역시 부산진구 부암동 113-2,35.160936,129.050529,양방향,Y,N,N,,2024,2024-07-08,Y,부산진구청 안전도시과,051-605-4646,2024-07-16,I,2026-05-15 18:45:46,2024-07-16 10:45:12
3290000,202432900000900038,4,방범용,기타,부암주택 앞,부산광역시 부산진구 가야대로747번나길 24,부산광역시 부산진구 부암동 696-14,35.159069,129.052466,양방향,Y,N,N,,2023,2024-07-08,Y,부산진구청 안전도시과,051-605-4646,2024-07-16,I,2026-05-15 18:45:46,2024-07-16 10:45:12
3290000,202432900000900064,30,방범용,기타,롯데후문 옆,부산광역시 부산진구 부전로66번길 50,부산광역시 부산진구 부전동 517-2,35.155847,129.057304,양방향,Y,N,N,,2023,2024-07-08,Y,부산진구청 안전도시과,051-605-4646,2024-07-16,I,2026-05-15 18:45:46,2024-07-16 10:45:12
3290000,202432900000900080,46,방범용,기타,문현공동묘지 등산로 입구,부산광역시 부산진구 진남로 279,부산광역시 부산진구 전포동 산 50-3,35.150095,129.073495,양방향,Y,N,N,,2024,2024-07-08,Y,부산진구청 안전도시과,051-605-4646,2024-07-16,I,2026-05-15 18:45:46,2024-07-16 10:45:13
3290000,202432900000900077,43,방범용,기타,우진빌딩 앞,부산광역시 부산진구 복지로13번길 40,부산광역시 부산진구 개금동 177-276,35.152050,129.022492,양방향,Y,N,N,,2024,2024-07-08,Y,부산진구청 안전도시과,051-605-4646,2024-07-16,I,2026-05-15 18:45:46,2024-07-16 10:45:13
3290000,202432900000900052,18,방범용,기타,개금교회 앞,부산광역시 부산진구 가야대로406번길 29-1,부산광역시 부산진구 개금동 606-15,35.150506,129.017118,양방향,Y,N,N,,2022,2024-07-08,Y,부산진구청 안전도시과,051-605-4646,2024-07-16,I,2026-05-15 18:45:46,2024-07-16 10:45:12
3290000,202432900000900071,37,방범용,기타,범천지하보도,부산광역시 부산진구 신암로 56,부산광역시 부산진구 범천동 964,35.147150,129.055497,양방향,Y,N,N,,2024,2024-07-08,Y,부산진구청 안전도시과,051-605-4646,2024-07-16,I,2026-05-15 18:45:46,2024-07-16 10:45:13
3290000,202432900000900079,45,방범용,기타,양동여중 뒤 등산로 입구,부산광역시 부산진구 황령산로605번길 35-32,부산광역시 부산진구 양정동 산 59-2,35.169719,129.080082,양방향,Y,N,N,,2024,2024-07-08,Y,부산진구청 안전도시과,051-605-4646,2024-07-16,I,2026-05-15 18:45:46,2024-07-16 10:45:13
3290000,202432900000900046,12,방범용,기타,동서교회 입구,부산광역시 부산진구 백양대로 308-21,부산광역시 부산진구 개금동 447-1,35.154802,129.017076,양방향,Y,N,N,,2022,2024-07-08,Y,부산진구청 안전도시과,051-605-4646,2024-07-16,I,2026-05-15 18:45:46,2024-07-16 10:45:12
3290000,202432900000900045,11,방범용,기타,경남공고 통학로 주변,부산광역시 부산진구 전포대로175번길 22,부산광역시 부산진구 전포동 696-1,35.152254,129.063718,양방향,Y,N,N,,2022,2024-07-08,Y,부산진구청 안전도시과,051-605-4646,2024-07-16,I,2026-05-15 18:45:46,2024-07-16 10:45:12
3290000,202432900000900062,28,방범용,기타,숲속느티나무어린이집,부산광역시 부산진구 백양순환로127번길 15,부산광역시 부산진구 449-2,35.169705,129.041268,양방향,Y,N,N,,2023,2024-07-08,Y,부산진구청 안전도시과,051-605-4646,2024-07-16,I,2026-05-15 18:45:46,2024-07-16 10:45:12
3290000,202432900000900044,10,방범용,기타,화신그린빌라 앞,부산광역시 부산진구 신천대로216번길 19,부산광역시 부산진구 부암동 117-6,35.160768,129.051303,양방향,N,N,Y,,2020,2024-07-08,Y,부산진구청 안전도시과,051-605-4646,2024-07-16,I,2026-05-15 18:45:46,2024-07-16 10:45:12
3290000,202432900000900059,25,방범용,기타,광무지하보도,부산광역시 부산진구 중앙대로 658,부산광역시 부산진구 부전동 536-3,35.151448,129.059247,양방향,Y,N,N,,2023,2024-07-08,Y,부산진구청 안전도시과,051-605-4646,2024-07-16,I,2026-05-15 18:45:46,2024-07-16 10:45:12
3290000,202432900000900076,42,방범용,기타,부전초등학교 사거리,부산광역시 부산진구 신천대로162번길 85,부산광역시 부산진구 부전동 463-3,35.154339,129.054267,양방향,Y,N,N,,2024,2024-07-08,Y,부산진구청 안전도시과,051-605-4646,2024-07-16,I,2026-05-15 18:45:46,2024-07-16 10:45:13
3290000,202432900000900043,9,방범용,기타,한양세탁소 앞,부산광역시 부산진구 신천대로204번길 25,부산광역시 부산진구 부암동 124-26,35.160391,129.05168,양방향,N,N,Y,,2020,2024-07-08,Y,부산진구청 안전도시과,051-605-4646,2024-07-16,I,2026-05-15 18:45:46,2024-07-16 10:45:12
3290000,202432900000900056,22,방범용,기타,영 미용실 골목,부산광역시 부산진구 백양대로78번길 22-7,부산광역시 부산진구 당감동 252-63,35.163084,129.041007,양방향,Y,N,N,,2022,2024-07-08,Y,부산진구청 안전도시과,051-605-4646,2024-07-16,I,2026-05-15 18:45:46,2024-07-16 10:45:12
3290000,202432900000900047,13,방범용,기타,부산여자대학 기숙사입구 골목길,부산광역시 부산진구 진남로496번길 5,부산광역시 부산진구 양정동 420-16,35.168303,129.070651,양방향,Y,N,N,,2022,2024-07-08,Y,부산진구청 안전도시과,051-605-4646,2024-07-16,I,2026-05-15 18:45:46,2024-07-16 10:45:12
3290000,202432900000900049,15,방범용,기타,삼부아파트 앞,부산광역시 부산진구 시민공원로19번길 80,부산광역시 부산진구 부암동 39-1,35.166757,129.051156,양방향,Y,N,N,,2022,2024-07-08,Y,부산진구청 안전도시과,051-605-4646,2024-07-16,I,2026-05-15 18:45:46,2024-07-16 10:45:12
3290000,202432900000900055,21,방범용,기타,태청빌라 앞,부산광역시 부산진구 백양대로78번길 7,부산광역시 부산진구 당감동 249-2,35.162388,129.040965,양방향,Y,N,N,,2022,2024-07-08,Y,부산진구청 안전도시과,051-605-4646,2024-07-16,I,2026-05-15 18:45:46,2024-07-16 10:45:12
3290000,202432900000900060,26,방범용,기타,성북지하보도,부산광역시 부산진구 황령대로 78-1,부산광역시 부산진구 전포동 366-42,35.15437,129.0674,양방향,Y,N,N,,2023,2024-07-08,Y,부산진구청 안전도시과,051-605-4646,2024-07-16,I,2026-05-15 18:45:46,2024-07-16 10:45:12
3290000,202432900000900068,34,방범용,기타,조방재료 앞 사거리,부산광역시 부산진구 골드테마길 23,부산광역시 부산진구 범천동 727-7,35.14272,129.05993,양방향,Y,N,N,,2023,2024-07-08,Y,부산진구청 안전도시과,051-605-4646,2024-07-16,I,2026-05-15 18:45:46,2024-07-16 10:45:13
3290000,202432900000900075,41,방범용,기타,부전초등학교 정문 주변,부산광역시 부산진구 신천대로162번길 46,부산광역시 부산진구 부전동 439-23,35.155762,129.053431,양방향,Y,N,N,,2024,2024-07-08,Y,부산진구청 안전도시과,051-605-4646,2024-07-16,I,2026-05-15 18:45:46,2024-07-16 10:45:13
3290000,202432900000900051,17,방범용,기타,옛날구포집 앞 삼거리,부산광역시 부산진구 황령대로7번길 12,부산광역시 부산진구 범천동 858-53,35.148256,129.060031,양방향,Y,N,N,,2022,2024-07-08,Y,부산진구청 안전도시과,051-605-4646,2024-07-16,I,2026-05-15 18:45:46,2024-07-16 10:45:12
3290000,202432900000900069,35,방범용,기타,개금지하보도,부산광역시 부산진구 개금온정로17번길 77,부산광역시 부산진구 개금동 143-2,35.155961,129.023694,양방향,Y,N,N,,2024,2024-07-08,Y,부산진구청 안전도시과,051-605-4646,2024-07-16,I,2026-05-15 18:45:46,2024-07-16 10:45:13
3290000,202432900000900037,3,방범용,기타,서면중학교 앞 주변,부산광역시 부산진구 가야대로747번길 66,부산광역시 부산진구 부암동 680-1,35.160768,129.052655,양방향,Y,N,N,,2023,2024-07-08,Y,부산진구청 안전도시과,051-605-4646,2024-07-16,I,2026-05-15 18:45:46,2024-07-16 10:45:12
3290000,202432900000900067,33,방범용,기타,그린파크빌라 앞,부산광역시 부산진구 새싹로278번길 15,부산광역시 부산진구 초읍동 290-29,35.180946,129.048084,양방향,Y,N,N,,2023,2024-07-08,Y,부산진구청 안전도시과,051-605-4646,2024-07-16,I,2026-05-15 18:45:46,2024-07-16 10:45:13
3290000,202432900000900057,23,방범용,기타,빛뜰(마을마당),부산광역시 부산진구 백양대로64번길 14,부산광역시 부산진구 당감동 248-85,35.162821,129.042421,양방향,Y,N,N,,2022,2024-07-08,Y,부산진구청 안전도시과,051-605-4646,2024-07-16,I,2026-05-15 18:45:46,2024-07-16 10:45:12
3290000,202432900000900078,44,방범용,기타,초원아트빌 앞,부산광역시 부산진구 가야대로507번길 226,부산광역시 부산진구 가야동 68-9,35.156478,129.03812,양방향,Y,N,N,,2024,2024-07-08,Y,부산진구청 안전도시과,051-605-4646,2024-07-16,I,2026-05-15 18:45:46,2024-07-16 10:45:13
3290000,202432900000900048,14,방범용,기타,부산진고 후문 계단 앞,부산광역시 부산진구 성지로74번길 48,부산광역시 부산진구 초읍동 544-31,35.177756,129.055133,양방향,Y,N,N,,2022,2024-07-08,Y,부산진구청 안전도시과,051-605-4646,2024-07-16,I,2026-05-15 18:45:46,2024-07-16 10:45:12
3290000,202432900000900072,38,방범용,기타,범천지하보도,부산광역시 부산진구 신암로 56,부산광역시 부산진구 범천동 964,35.147110,129.055477,양방향,Y,N,N,,2024,2024-07-08,Y,부산진구청 안전도시과,051-605-4646,2024-07-16,I,2026-05-15 18:45:46,2024-07-16 10:45:13
3290000,202432900000900041,7,방범용,기타,굴다리 입구 쌈지공원,부산광역시 부산진구 부암동 676-1,부산광역시 부산진구 부암동 676-1,35.161093,129.052594,양방향,Y,N,N,,2024,2024-07-08,Y,부산진구청 안전도시과,051-605-4646,2024-07-16,I,2026-05-15 18:45:46,2024-07-16 10:45:12
3290000,202432900000900036,2,방범용,기타,범천연립앞삼거리,부산광역시 부산진구 범일로125번길 66,부산광역시 부산진구 범천동 62-85,35.143671,129.057598,양방향,Y,N,N,,2023,2024-07-08,Y,부산진구청 안전도시과,051-605-4646,2024-07-16,I,2026-05-15 18:45:46,2024-07-16 10:45:12
3290000,202432900000900058,24,방범용,기타,인쇄골목 안 공터,부산광역시 부산진구 신천대로78번길 28,부산광역시 부산진구 부전동 530-31,35.152006,129.056102,양방향,Y,N,N,,2022,2024-07-08,Y,부산진구청 안전도시과,051-605-4646,2024-07-16,I,2026-05-15 18:45:46,2024-07-16 10:45:12
3290000,202432900000900074,40,방범용,기타,당감지하보도,부산광역시 부산진구 마철로 100,부산광역시 부산진구 당감동 132-6,35.157571,129.040791,양방향,Y,N,N,,2024,2024-07-08,Y,부산진구청 안전도시과,051-605-4646,2024-07-16,I,2026-05-15 18:45:46,2024-07-16 10:45:13
3290000,202432900000900066,32,방범용,기타,당감삼익맨션 인근 주택가,부산광역시 부산진구 당감로31번길 20-2,부산광역시 부산진구 당감동 433-4,35.163978,129.038736,양방향,Y,N,N,,2023,2024-07-08,Y,부산진구청 안전도시과,051-605-4646,2024-07-16,I,2026-05-15 18:45:46,2024-07-16 10:45:13
3290000,202432900000900073,39,방범용,기타,당감지하보도,부산광역시 부산진구 마철로 100,부산광역시 부산진구 당감동 132-6,35.157571,129.040791,양방향,Y,N,N,,2024,2024-07-08,Y,부산진구청 안전도시과,051-605-4646,2024-07-16,I,2026-05-15 18:45:46,2024-07-16 10:45:13
3290000,202432900000900070,36,방범용,기타,개금지하보도,부산광역시 부산진구 개금온정로17번길 77,부산광역시 부산진구 개금동 143-2,35.155961,129.023694,양방향,Y,N,N,,2024,2024-07-08,Y,부산진구청 안전도시과,051-605-4646,2024-07-16,I,2026-05-15 18:45:46,2024-07-16 10:45:13
3290000,202432900000900053,19,방범용,기타,당감4동 새마을창고 앞,부산광역시 부산진구 당감서로146번길 2,부산광역시 부산진구 당감동 768-34,35.170531,129.031529,양방향,Y,N,N,,2022,2024-07-08,Y,부산진구청 안전도시과,051-605-4646,2024-07-16,I,2026-05-15 18:45:46,2024-07-16 10:45:12
3290000,202432900000900039,5,방범용,기타,서면중학교 뒤 골목,부산광역시 부산진구 가야대로747번가길 15-1,부산광역시 부산진구 부암동 682-7,35.160054,129.051884,양방향,Y,N,N,,2024,2024-07-08,Y,부산진구청 안전도시과,051-605-4646,2024-07-16,I,2026-05-15 18:45:46,2024-07-16 10:45:12
3290000,202432900000900061,27,방범용,기타,수정터널 앞 지하보도,부산광역시 부산진구 대학로46번길 42,부산광역시 부산진구 가야동 444-28,35.151759,129.032846,양방향,Y,N,N,,2023,2024-07-08,Y,부산진구청 안전도시과,051-605-4646,2024-07-16,I,2026-05-15 18:45:46,2024-07-16 10:45:12
3290000,202432900000900040,6,방범용,기타,철길마을 건강생활센터 옆,부산광역시 부산진구 신천대로204번길 56,부산광역시 부산진구 부암동 679-6,35.161003,129.053044,양방향,Y,N,N,,2024,2024-07-08,Y,부산진구청 안전도시과,051-605-4646,2024-07-16,I,2026-05-15 18:45:46,2024-07-16 10:45:12
3290000,202432900000900063,29,방범용,기타,미진축산,부산광역시 부산진구 중앙대로680번가길 63,부산광역시 부산진구 부전동 168-74,35.156381,129.060803,양방향,Y,N,N,,2023,2024-07-08,Y,부산진구청 안전도시과,051-605-4646,2024-07-16,I,2026-05-15 18:45:46,2024-07-16 10:45:12
3290000,202432900000900065,31,방범용,기타,탑클래스 안경체인,부산광역시 부산진구 서전로9번길 7,부산광역시 부산진구 부전동 140-3,35.157793,129.060606,양방향,Y,N,N,,2023,2024-07-08,Y,부산진구청 안전도시과,051-605-4646,2024-07-16,I,2026-05-15 18:45:46,2024-07-16 10:45:12
3290000,202432900000900050,16,방범용,기타,탑마트 앞 주차장 입구,부산광역시 부산진구 가야대로750번길 14,부산광역시 부산진구 부전동 508-31,35.156808,129.053752,양방향,Y,N,N,,2022,2024-07-08,Y,부산진구청 안전도시과,051-605-4646,2024-07-16,I,2026-05-15 18:45:46,2024-07-16 10:45:12
3300000,202433000000900023,동래구-비상벨-23,방범용,가로변,동래국밥 앞,부산광역시 동래구 충렬대로137번길 12,부산광역시 동래구 온천동 1437-1,35.20608,129.07592,양방향,Y,N,Y,화상통화,2021,2024-01-17,Y,부산광역시 동래구청,051-550-4355,2024-01-19,I,2026-05-15 18:45:46,2024-01-19 14:03:20
3300000,202433000000900040,동래문화회관-1호,약자보호,화장실,대극장 장애인화장실,부산광역시 동래구 문화로80,부산광역시 동래구 명륜동137,35.21196,129.0899,단방향,N,N,Y,,2021,2024-01-17,Y,부산광역시 동래구청,051-550-6622,2024-01-19,I,2026-05-15 18:45:46,2024-01-19 14:03:21
3300000,202433000000900038,화장실-11호,방범용,화장실,낙민공원 화장실,부산광역시 동래구 낙민동 92-8,부산광역시 동래구 낙민동 92-8,35.195553,129.096852,양방향,Y,N,N,,2019,2024-01-17,Y,부산광역시 동래구청,051-550-4504,2024-01-19,I,2026-05-15 18:45:46,2024-01-19 14:03:21
3300000,202433000000900019,동래구-비상벨-19,방범용,가로변,명장동 주택 앞,부산광역시 동래구 시실로135번길 30,부산광역시 동래구 명장동 516-2,35.210508,129.097381,양방향,Y,N,Y,화상통화,2020,2024-01-17,Y,부산광역시 동래구청,051-550-4355,2024-01-19,I,2026-05-15 18:45:46,2024-01-19 14:03:20
3300000,202433000000900041,동래문화회관-2호,약자보호,화장실,소극장 장애인화장실,부산광역시 동래구 문화로80,부산광역시 동래구 명륜동137,35.21196,129.0899,단방향,N,N,Y,,2021,2024-01-17,Y,부산광역시 동래구청,051-550-6622,2024-01-19,I,2026-05-15 18:45:46,2024-01-19 14:03:21
3300000,202433000000900030,화장실-03호,방범용,화장실,금강대 화장실,부산광역시 동래구 온천동 산 143-3,부산광역시 동래구 온천동 산 143-3,35.216558,129.059743,양방향,Y,N,N,,2021,2024-01-17,Y,부산광역시 동래구청,051-550-4441,2024-01-19,I,2026-05-15 18:45:46,2024-01-19 14:03:21
3300000,202433000000900033,화장실-06호,방범용,화장실,벚꽃 화장실,부산광역시 동래구 온천천로 288,부산광역시 동래구 수안동 50-2,35.195474,129.085016,양방향,Y,N,N,,2017,2024-01-17,Y,부산광역시 동래구청,051-550-6642,2024-01-19,I,2026-05-15 18:45:46,2024-01-19 14:03:21
3300000,202433000000900012,동래구-비상벨-12,방범용,공원,그린라인파크,부산광역시 동래구 충렬대로 450,부산광역시 동래구 안락동 258-8,35.195701,129.10736,미연계,N,N,N,,2018,2024-01-17,Y,부산광역시 동래구청,051-550-6962,2024-01-19,I,2026-05-15 18:45:46,2024-01-19 14:03:20
3300000,202433000000900039,공원-1호,방범용,공원,명장배수지상부체육공원 입구,부산광역시 동래구 명장동 419-1,부산광역시 동래구 명장동 419-1,35.20728,129.11044,양방향,Y,N,N,,2019,2024-01-17,Y,부산광역시 동래구청,051-550-4484,2024-01-19,I,2026-05-15 18:45:46,2024-01-19 14:03:21
3300000,202433000000900026,동래구-비상벨-26,방범용,가로변,온천교회 인근,부산광역시 동래구 차밭골로37번길 26,부산광역시 동래구 온천동 306-14,35.21614003,129.07690789,양방향,N,N,N,화상통화,2023,2024-01-17,Y,부산광역시 동래구청,051-550-4355,2024-01-19,I,2026-05-15 18:45:46,2024-01-19 14:03:20
3300000,202433000000900032,화장실-05호,방범용,화장실,물놀이장 화장실,부산광역시 동래구 중앙대로 1324,부산광역시 동래구 온천동 527,35.204082,129.078369,양방향,Y,N,N,,2017,2024-01-17,Y,부산광역시 동래구청,051-550-6642,2024-01-19,I,2026-05-15 18:45:46,2024-01-19 14:03:21
3300000,202633000000900002,복산-02,방범용,기타,복산동 골목,부산광역시 동래구 칠산로47번길 11 (칠산동),부산광역시 동래구 칠산동 11-5,35.20637080483,129.0942395517,양방향,N,N,N,,2024,2026-05-14,Y,도시관리과,051-550-4848,2026-05-14,,2026-05-15 22:27:56,2026-05-14 09:30:58
3300000,202433000000900022,동래구-비상벨-22,방범용,가로변,세븐일레븐 편의점 앞,부산광역시 동래구 여고북로23번길 46,부산광역시 동래구 온천동 1380-1,35.20311,129.06808,양방향,Y,N,Y,화상통화,2021,2024-01-17,Y,부산광역시 동래구청,051-550-4355,2024-01-19,I,2026-05-15 18:45:46,2024-01-19 14:03:20
3300000,202433000000900003,동래구-비상벨-03,방범용,공원,그린라인파크,부산광역시 동래구 수안로48번길 8,부산광역시 동래구 수안동 85-2 그린라인파크,35.19802,129.087508,미연계,N,N,N,,2018,2024-01-17,Y,부산광역시 동래구청,051-550-6962,2024-01-19,I,2026-05-15 18:45:46,2024-01-19 14:03:20
3300000,202633000000900006,온천1-02,방범용,가로변,온천교회 측면,부산광역시 동래구 차밭골로37번길 28 (온천동),부산광역시 동래구 온천동 306-10,35.21618175120,129.0767764665,양방향,N,N,N,,2023,2026-05-14,Y,도시관리과,051-550-4848,2026-05-14,,2026-05-15 22:27:56,2026-05-14 09:43:06
3300000,202433000000900037,화장실-10호,방범용,화장실,노인쉼터 화장실,부산광역시 동래구 온천천로 432,부산광역시 동래구 안락동 684-4,35.191623,129.100998,양방향,Y,N,N,,2018,2024-01-17,Y,부산광역시 동래구청,051-550-6642,2024-01-19,I,2026-05-15 18:45:46,2024-01-19 14:03:21
3300000,202433000000900036,화장실-09호,방범용,화장실,장미 화장실,부산광역시 동래구 중앙대로 1520,부산광역시 동래구 온천동 1750-1,35.21355,129.080148,양방향,Y,N,N,,2017,2024-01-17,Y,부산광역시 동래구청,051-550-6642,2024-01-19,I,2026-05-15 18:45:46,2024-01-19 14:03:21
3300000,202433000000900031,화장실-04호,방범용,화장실,수안인정시장 공용화장실,부산광역시 동래구 충렬대로237번가길 28,부산광역시 동래구 수안동 385-1,35.20243,129.08685,양방향,Y,N,N,,2017,2024-01-17,Y,부산광역시 동래구청,051-550-4914,2024-01-19,I,2026-05-15 18:45:46,2024-01-19 14:03:21
3300000,202433000000900010,동래구-비상벨-10,방범용,공원,그린라인파크,부산광역시 동래구 충렬대로 450,부산광역시 동래구 안락동 258-8,35.195701,129.10736,미연계,N,N,N,,2018,2024-01-17,Y,부산광역시 동래구청,051-550-6962,2024-01-19,I,2026-05-15 18:45:46,2024-01-19 14:03:20
3300000,202433000000900024,동래구-비상벨-24,방범용,가로변,대명여고 후문,부산광역시 동래구 시실로 135,부산광역시 동래구 명장동 533,35.211369,129.097673,양방향,N,N,N,화상통화,2022,2024-01-17,Y,부산광역시 동래구청,051-550-4355,2024-01-19,I,2026-05-15 18:45:46,2024-01-19 14:03:20
3300000,202433000000900025,동래구-비상벨-25,방범용,가로변,학산여고 후문,부산광역시 동래구 칠산로39번가길 20-3,부산광역시 동래구 칠산동 1-49,35.206051,129.09544,양방향,N,N,N,화상통화,2022,2024-01-17,Y,부산광역시 동래구청,051-550-4355,2024-01-19,I,2026-05-15 18:45:46,2024-01-19 14:03:20
3300000,202433000000900015,동래구-비상벨-15,방범용,공원,그린라인파크,부산광역시 동래구 충렬대로 460,부산광역시 동래구 안락동 201-16 그린라인파크,35.193012,129.11332,미연계,N,N,N,,2018,2024-01-17,Y,부산광역시 동래구청,051-550-6962,2024-01-19,I,2026-05-15 18:45:46,2024-01-19 14:03:20
3300000,202433000000900035,화장실-08호,방범용,화장실,칸나 화장실,부산광역시 동래구 안락동 1070-2,부산광역시 동래구 안락동 1070-2,35.190934,129.107392,양방향,Y,N,N,,2017,2024-01-17,Y,부산광역시 동래구청,051-550-6642,2024-01-19,I,2026-05-15 18:45:46,2024-01-19 14:03:21
3300000,202433000000900009,동래구-비상벨-09,방범용,공원,그린라인파크,부산광역시 동래구 충렬대로 450,부산광역시 동래구 안락동 258-8,35.195701,129.10736,미연계,N,N,N,,2018,2024-01-17,Y,부산광역시 동래구청,051-550-6962,2024-01-19,I,2026-05-15 18:45:46,2024-01-19 14:03:20
3300000,202433000000900020,동래구-비상벨-20,방범용,가로변,새마을금고ATM기 앞,부산광역시 동래구 아시아드대로247번가길 16,부산광역시 동래구 온천동 1312-1,35.20776,129.06677,양방향,Y,N,Y,화상통화,2021,2024-01-17,Y,부산광역시 동래구청,051-550-4355,2024-01-19,I,2026-05-15 18:45:46,2024-01-19 14:03:20
3300000,202433000000900013,동래구-비상벨-13,방범용,공원,그린라인파크,부산광역시 동래구 충렬대로 450,부산광역시 동래구 안락동 258-8,35.195701,129.10736,미연계,N,N,N,,2018,2024-01-17,Y,부산광역시 동래구청,051-550-6962,2024-01-19,I,2026-05-15 18:45:46,2024-01-19 14:03:20
3300000,202433000000900008,동래구-비상벨-08,방범용,공원,그린라인파크,부산광역시 동래구 온천천로359번길 70,부산광역시 동래구 낙민동 55-8,35.196391,129.093599,미연계,N,N,N,,2018,2024-01-17,Y,부산광역시 동래구청,051-550-6962,2024-01-19,I,2026-05-15 18:45:46,2024-01-19 14:03:20
3300000,202433000000900007,동래구-비상벨-07,방범용,공원,그린라인파크,부산광역시 동래구 온천천로359번길 70,부산광역시 동래구 낙민동 55-8,35.196391,129.093599,미연계,N,N,N,,2018,2024-01-17,Y,부산광역시 동래구청,051-550-6962,2024-01-19,I,2026-05-15 18:45:46,2024-01-19 14:03:20
3300000,202433000000900011,동래구-비상벨-11,방범용,공원,그린라인파크,부산광역시 동래구 충렬대로 450,부산광역시 동래구 안락동 258-8,35.195701,129.10736,미연계,N,N,N,,2018,2024-01-17,Y,부산광역시 동래구청,051-550-6962,2024-01-19,I,2026-05-15 18:45:46,2024-01-19 14:03:20
3300000,202433000000900002,동래구-비상벨-02,방범용,공원,그린라인파크,부산광역시 동래구 온천천로301번길 61,부산광역시 동래구 수안동 56-2 그린라인파크,35.19802,129.087508,미연계,N,N,N,,2018,2024-01-17,Y,부산광역시 동래구청,051-550-6962,2024-01-19,I,2026-05-15 18:45:46,2024-01-19 14:03:20
3300000,202433000000900042,동래문화회관-2호,약자보호,화장실,생활관 B1F 장애인화장실,부산광역시 동래구 문화로80,부산광역시 동래구 명륜동137,35.21196,129.0899,단방향,N,N,Y,,2021,2024-01-17,Y,부산광역시 동래구청,051-550-6622,2024-01-19,I,2026-05-15 18:45:46,2024-01-19 14:03:21
3300000,202433000000900005,동래구-비상벨-05,방범용,공원,그린라인파크,부산광역시 동래구 수안로48번길 35,부산광역시 동래구 수안동 37-6,35.19802,129.087508,미연계,N,N,N,,2018,2024-01-17,Y,부산광역시 동래구청,051-550-6962,2024-01-19,I,2026-05-15 18:45:46,2024-01-19 14:03:20
3300000,202433000000900028,화장실-01호,방범용,화장실,수안체육공원 화장실,부산광역시 동래구 수안동 7-11,부산광역시 동래구 수안동 7-11,35.198988,129.081368,단방향,Y,N,N,,2018,2024-01-17,Y,부산광역시 동래구청,051-550-4441,2024-01-19,I,2026-05-15 18:45:46,2024-01-19 14:03:21
3300000,202433000000900014,동래구-비상벨-14,방범용,공원,그린라인파크,부산광역시 동래구 충렬대로 450,부산광역시 동래구 안락동 258-8,35.195701,129.10736,미연계,N,N,N,,2018,2024-01-17,Y,부산광역시 동래구청,051-550-6962,2024-01-19,I,2026-05-15 18:45:46,2024-01-19 14:03:20
3300000,202433000000900034,화장실-07호,방범용,화장실,연산홍 화장실,부산광역시 동래구 낙민동 87,부산광역시 동래구 낙민동 87,35.193555,129.091984,양방향,Y,N,N,,2017,2024-01-17,Y,부산광역시 동래구청,051-550-6642,2024-01-19,I,2026-05-15 18:45:46,2024-01-19 14:03:21
3300000,202433000000900016,동래구-비상벨-16,방범용,가로변,내성 지하도 1(내산초방면),부산광역시 동래구 중앙대로1335번길 38,부산광역시 동래구 온천동 700-1,35.207139,129.076327,양방향,Y,N,Y,화상통화,2020,2024-01-17,Y,부산광역시 동래구청,051-550-4355,2024-01-19,I,2026-05-15 18:45:46,2024-01-19 14:03:20
3300000,202433000000900017,동래구-비상벨-17,방범용,가로변,내성 지하도 2(동래역방면),부산광역시 동래구 중앙대로1335번길 38,부산광역시 동래구 온천동 700-1,35.207139,129.076327,양방향,Y,N,Y,화상통화,2020,2024-01-17,Y,부산광역시 동래구청,051-550-4355,2024-01-19,I,2026-05-15 18:45:46,2024-01-19 14:03:20
3300000,202433000000900021,동래구-비상벨-21,방범용,가로변,경북쌀상회 앞,부산광역시 동래구 명안로9번길 60,부산광역시 동래구 안락동 510-11,35.19792,129.10097,양방향,Y,N,Y,화상통화,2021,2024-01-17,Y,부산광역시 동래구청,051-550-4355,2024-01-19,I,2026-05-15 18:45:46,2024-01-19 14:03:20
3300000,202433000000900027,동래구-비상벨-27,방범용,가로변,민들레유치원,부산광역시 동래구 차밭골로49번길 41,부산광역시 동래구 온천동 345-15,35.216632,129.075678,양방향,N,N,N,화상통화,2023,2024-01-17,Y,부산광역시 동래구청,051-550-4355,2024-01-19,I,2026-05-15 18:45:46,2024-01-19 14:03:21
3300000,202433000000900018,동래구-비상벨-18,방범용,가로변,온천동 J마트 앞,부산광역시 동래구 금강로 74번길 21,부산광역시 동래구 온천1동 444-72,35.21536126,129.0787309,양방향,Y,N,Y,화상통화,2020,2024-01-17,Y,부산광역시 동래구청,051-550-4355,2024-01-19,I,2026-05-15 18:45:46,2024-01-19 14:03:20
3300000,202433000000900006,동래구-비상벨-06,방범용,공원,그린라인파크,부산광역시 동래구 수안로48번길 35,부산광역시 동래구 수안동 37-6,35.19802,129.087508,미연계,N,N,N,,2018,2024-01-17,Y,부산광역시 동래구청,051-550-6962,2024-01-19,I,2026-05-15 18:45:46,2024-01-19 14:03:20
3300000,202433000000900001,동래구-비상벨-01,방범용,공원,그린라인파크,부산광역시 동래구 온천천로301번길 61,부산광역시 동래구 수안동 56-2,35.19802,129.087508,미연계,N,N,N,,2018,2024-01-17,Y,부산광역시 동래구청,051-550-6962,2024-01-19,I,2026-05-15 18:45:46,2024-01-19 14:03:20
3300000,202633000000900001,복산-01,방범용,기타,복산동 골목,부산광역시 동래구 칠산로39번길 23 (칠산동),부산광역시 동래구 칠산동 29-1,35.20765211835,129.0961673341,양방향,N,N,N,,2024,2026-05-14,Y,도시관리과,051-550-4848,2026-05-14,,2026-05-15 22:27:56,2026-05-14 09:33:46
3300000,202433000000900029,화장실-02호,방범용,화장실,수영강변친수공간 화장실,부산광역시 동래구 안락동 1063-1,부산광역시 동래구 안락동 1063-1,35.195968,129.113871,단방향,Y,N,N,,2018,2024-01-17,Y,부산광역시 동래구청,051-550-4441,2024-01-19,I,2026-05-15 18:45:46,2024-01-19 14:03:21
3300000,202633000000900005,온천1-01,방범용,가로변,스타뷰23 아파트 가로변,"부산광역시 동래구 금강로61번길 37 (온천동, 스타뷰23)",부산광역시 동래구 온천동 345-24 스타뷰23,35.21561784912,129.0753979559,양방향,N,N,N,,2023,2026-05-14,Y,도시관리과,051-550-4848,2026-05-14,,2026-05-15 22:27:56,2026-05-14 09:40:56
3300000,202633000000900003,복산-03,방범용,기타,복산동 골목,부산광역시 동래구 칠산로39번가길 42 (칠산동),부산광역시 동래구 칠산동 1-77,35.20550990881,129.0953241594,양방향,N,N,N,,2024,2026-05-14,Y,도시관리과,051-550-4848,2026-05-14,,2026-05-15 22:27:56,2026-05-14 09:32:09
3300000,202633000000900004,복산-04,방범용,기타,복산동 골목,부산광역시 동래구 동래로179번길 42 (칠산동),부산광역시 동래구 칠산동 93-2,35.20530750717,129.0908951601,양방향,N,N,N,,2024,2026-05-14,Y,도시관리과,051-550-4848,2026-05-14,,2026-05-15 22:27:56,2026-05-14 09:33:21
3300000,202433000000900004,동래구-비상벨-04,방범용,공원,그린라인파크,부산광역시 동래구 수안로48번길 8,부산광역시 동래구 수안동 85-2 그린라인파크,35.19802,129.087508,미연계,N,N,N,,2018,2024-01-17,Y,부산광역시 동래구청,051-550-6962,2024-01-19,I,2026-05-15 18:45:46,2024-01-19 14:03:20
3310000,202633100000900156,부산남구13,방범용,가로변,이수하이츠 앞,부산광역시 남구 진남로36번길 77,부산광역시 남구 대연동 281-17,35.138591,129.086147,양방향,N,N,N,,2019,2024-01-10,Y,부산광역시 남구,051-607-4646,2024-01-10,,2026-05-15 22:28:21,2026-05-14 13:37:15
3310000,202633100000900127,부산남구42,방범용,가로변,동명유리상사 앞,부산광역시 남구 유엔평화로9번길 22,부산광역시 남구 대연동 1738-1,35.134059,129.092980,양방향,Y,N,N,,2022,2025-12-03,Y,부산광역시 남구,051-607-4664,2026-01-01,,2026-05-15 22:28:21,2026-05-14 13:37:15
3310000,202633100000900116,부산남구53,방범용,가로변,weather 편의점(용호점) 옆,부산광역시 남구 용호로197번길 12,부산광역시 남구 용당동 532-2,35.114703,129.111765,양방향,Y,N,N,,2024,2025-12-03,Y,부산광역시 남구,051-607-4664,2026-01-01,,2026-05-15 22:28:21,2026-05-14 13:37:15
3310000,202633100000900099,부산남구70,방범용,가로변,토영마을 인근,부산광역시 남구 용호로216번길 34,부산광역시 남구 용호동 536-9,35.113118,129.108918,양방향,Y,N,N,,2025,2025-12-03,Y,부산광역시 남구,051-607-4664,2026-01-01,,2026-05-15 22:28:20,2026-05-14 13:37:15
3310000,202633100000900113,부산남구56,방범용,가로변,거창기업옆 현수막거치대,,부산광역시 남구 문현동 1215-8,35.128238,129.067898,양방향,Y,N,N,,2024,2025-12-03,Y,부산광역시 남구,051-607-4664,2026-01-01,,2026-05-15 22:28:21,2026-05-14 13:37:15
3310000,202633100000900124,부산남구45,방범용,가로변,남강카센타 앞,부산광역시 남구 천제등로46번길 22,부산광역시 남구 대연동 899-16,35.132192,129.088390,양방향,Y,N,N,,2022,2025-12-03,Y,부산광역시 남구,051-607-4664,2026-01-01,,2026-05-15 22:28:21,2026-05-14 13:37:15
3310000,202633100000900125,부산남구44,방범용,가로변,정원빌라 앞,부산광역시 남구 유엔로157번길 15,부산광역시 남구 대연동 882-3,35.130858,129.093239,양방향,Y,N,N,,2022,2025-12-03,Y,부산광역시 남구,051-607-4664,2026-01-01,,2026-05-15 22:28:21,2026-05-14 13:37:15
3310000,202633100000900159,부산남구10,방범용,가로변,석포로83번길 30,부산광역시 남구 석포로83번길 30,부산광역시 남구 대연동 1132-10,35.12651,129.08864,양방향,N,N,N,,2019,2024-01-10,Y,부산광역시 남구,051-607-4646,2024-01-10,,2026-05-15 22:28:21,2026-05-14 13:37:15
3310000,202633100000900134,부산남구35,방범용,가로변,목련5차아파트 상가동 앞,부산광역시 남구 용호로198번길 66(용호4동),부산광역시 남구 용호동 482-8,35.11617,129.10896,양방향,N,N,N,,2020,2024-01-10,Y,부산광역시 남구,051-607-4646,2024-01-10,,2026-05-15 22:28:21,2026-05-14 13:37:15
3310000,202633100000900141,부산남구28,방범용,가로변,우암동 셉테드4,부산광역시 남구 우암번영로34번길 4-19,부산광역시 남구 우암동 189-562,35.126744,129.070578,양방향,N,N,N,,2018,2024-01-10,Y,부산광역시 남구,051-607-4284,2024-01-10,,2026-05-15 22:28:21,2026-05-14 13:37:15
3310000,202633100000900146,부산남구23,방범용,가로변,우암동도시숲 입구,부산광역시 남구 동제당로 258,부산광역시 남구 우암동 127-44,35.12717198,129.0749074,양방향,N,N,N,,2019,2024-01-10,Y,부산광역시 남구,051-607-4352,2024-01-10,,2026-05-15 22:28:21,2026-05-14 13:37:15
3310000,202633100000900153,부산남구16,방범용,가로변,용당어린이집 삼거리,부산광역시 남구 신선로329번길 74 (용당동),부산광역시 남구 용당동 238-1,35.1134292,129.0930649,양방향,N,N,N,,2019,2024-01-10,Y,부산광역시 남구,051-607-4646,2024-01-10,,2026-05-15 22:28:21,2026-05-14 13:37:15
3310000,202633100000900160,부산남구9,방범용,가로변,삼호빌라,부산광역시 남구 유엔로157번가길 57,부산광역시 남구 대연동 1723-10,35.13275471,129.0965226,양방향,N,N,N,,2019,2024-01-10,Y,부산광역시 남구,051-607-4646,2024-01-10,,2026-05-15 22:28:21,2026-05-14 13:37:15
3310000,202633100000900100,부산남구69,방범용,가로변,오륙도어린이집 앞,부산광역시 남구 동명로118번길 140-6,부산광역시 남구 용호동 755-2,35.113873,129.109512,양방향,Y,N,N,,2025,2025-12-03,Y,부산광역시 남구,051-607-4664,2026-01-01,,2026-05-15 22:28:20,2026-05-14 13:37:15
3310000,202633100000900102,부산남구67,방범용,가로변,용호4동 공영주차장,,부산광역시 남구 용호동 485-2,35.116447,129.110188,양방향,Y,N,N,,2025,2025-12-03,Y,부산광역시 남구,051-607-4664,2026-01-01,,2026-05-15 22:28:20,2026-05-14 13:37:15
3310000,202633100000900131,부산남구38,방범용,가로변,용호3동 행정복지센터 앞,부산광역시 남구 동명로145번길 37(용호3동),부산광역시 남구 용호동 368-16,35.12115,129.11298,양방향,N,N,N,,2020,2024-01-10,Y,부산광역시 남구,051-607-4646,2024-01-10,,2026-05-15 22:28:21,2026-05-14 13:37:15
3310000,202633100000900167,부산남구2,방범용,가로변,대연롯데캐슬 어린이공원(기부체납),부산광역시 남구 진남로127번길 94,부산광역시 남구 대연동 산 140-24,35.13727873,129.078,양방향,N,N,N,,2018,2024-01-10,Y,부산광역시 남구,051-607-4284,2024-01-10,,2026-05-15 22:28:21,2026-05-14 13:37:15
3310000,202633100000900138,부산남구31,방범용,가로변,새봄빌 앞(예전 명칭 모닝마트),부산광역시 남구 유엔평화로 41번길 108(대연1동),부산광역시 남구 대연동 852-1,35.131162,129.0980467,양방향,N,N,N,,2019,2024-01-10,Y,부산광역시 남구,051-607-4284,2024-01-10,,2026-05-15 22:28:21,2026-05-14 13:37:15
3310000,202633100000900129,부산남구40,방범용,가로변,가마치 통닭 앞,부산광역시 남구 수영로 266번길 13,부산광역시 남구 대연동 376-8,35.135165,129.096141,양방향,Y,N,N,,2021,2025-12-03,Y,부산광역시 남구,051-607-4664,2026-01-01,,2026-05-15 22:28:21,2026-05-14 13:37:15
3310000,202633100000900168,부산남구1,방범용,가로변,대연롯데캐슬 어린이공원(기부체납),부산광역시 남구 진남로127번길 94,부산광역시 남구 대연동 1781-48,35.13729331,129.078,양방향,N,N,N,,2018,2024-01-10,Y,부산광역시 남구,051-607-4284,2024-01-10,,2026-05-15 22:28:21,2026-05-14 13:37:15
3310000,202633100000900098,부산남구71,방범용,가로변,용호4동 주민센터 앞 사거리,부산광역시 남구 용호로216번길 18-3,부산광역시 남구 용호동 534-24,35.112981,129.110052,양방향,Y,N,N,,2025,2025-12-03,Y,부산광역시 남구,051-607-4664,2026-01-01,,2026-05-15 22:28:20,2026-05-14 13:37:15
3310000,202633100000900109,부산남구60,방범용,가로변,한빛어린이집,부산광역시 남구 장고개로85번가길 16,부산광역시 남구 문현동 1091-2,35.131378,129.068868,양방향,Y,N,N,,2024,2025-12-03,Y,부산광역시 남구,051-607-4664,2026-01-01,,2026-05-15 22:28:20,2026-05-14 13:37:15
3310000,202633100000900085,부산남구84,방범용,가로변,뚱보네돼지갈비,부산광역시 남구 용소로13번길 43,부산광역시 남구 대연동 53-31,35.137260,129.102936,양방향,Y,N,N,,2025,2025-12-03,Y,부산광역시 남구,051-607-4664,2026-01-01,,2026-05-15 22:28:20,2026-05-14 13:37:14
3310000,202633100000900096,부산남구73,방범용,가로변,창의놀이학교 루젠 앞,부산광역시 남구 동명로169번길 18,부산광역시 남구 용호동 501-1,35.119809,129.115701,양방향,Y,N,N,,2025,2025-12-03,Y,부산광역시 남구,051-607-4664,2026-01-01,,2026-05-15 22:28:20,2026-05-14 13:37:15
3310000,202633100000900147,부산남구22,방범용,가로변,동항중학교앞,부산광역시 남구 양지골로 248 (감만2동),부산광역시 남구 감만동 176-82,35.119087,129.0854622,양방향,N,N,N,,2019,2024-01-10,Y,부산광역시 남구,051-607-4352,2024-01-10,,2026-05-15 22:28:21,2026-05-14 13:37:15
3310000,202633100000900155,부산남구14,방범용,가로변,백광세탁,부산광역시 남구 동명로 164번길 93,부산광역시 남구 용호동 521-21,35.114705,129.113861,양방향,N,N,N,,2019,2024-01-10,Y,부산광역시 남구,051-607-4646,2024-01-10,,2026-05-15 22:28:21,2026-05-14 13:37:15
3310000,202633100000900162,부산남구7,방범용,가로변,대연6주택재개발 어린이공원2-1,부산광역시 남구 홍곡로 309,부산광역시 남구 대연동 1896,35.12189374,129.0894132,양방향,N,N,N,,2018,2024-01-10,Y,부산광역시 남구,051-607-4284,2024-01-10,,2026-05-15 22:28:21,2026-05-14 13:37:15
3310000,202633100000900133,부산남구36,방범용,가로변,석포여중 앞,부산광역시 남구 유엔평화로126번길 33 (용당동),부산광역시 남구 용당동 592-7,35.12348,129.09489,양방향,N,N,N,,2020,2024-01-10,Y,부산광역시 남구,051-607-4646,2024-01-10,,2026-05-15 22:28:21,2026-05-14 13:37:15
3310000,202633100000900104,부산남구65,방범용,가로변,수성부동산앞,부산광역시 남구 석포로 26,부산광역시 남구 감만동 19-17,35.122444,129.083833,양방향,Y,N,N,,2025,2025-12-03,Y,부산광역시 남구,051-607-4664,2026-01-01,,2026-05-15 22:28:20,2026-05-14 13:37:15
3310000,202633100000900119,부산남구50,방범용,가로변,우암번영로34번길 8 앞,부산광역시 남구 우암번영로34번길 8,부산광역시 우암동 189-563,35.126740,129.070504,양방향,Y,N,N,,2017,2025-12-03,Y,부산광역시 남구,051-607-4664,2026-01-01,,2026-05-15 22:28:21,2026-05-14 13:37:15
3310000,202633100000900158,부산남구11,방범용,가로변,돌산아랫마을 안심길,부산광역시 남구 고동골로69번길 47-41,부산광역시 남구 문현동 553-15,35.144684,129.070094,양방향,N,N,N,,2019,2024-01-10,Y,부산광역시 남구,051-607-4646,2024-01-10,,2026-05-15 22:28:21,2026-05-14 13:37:15
3310000,202633100000900139,부산남구30,방범용,가로변,선상상회 앞,부산광역시 남구 석포로56번길 56 (감만2동),부산광역시 남구 감만동 3-9,35.1213884,129.0868774,양방향,N,N,N,,2018,2024-01-10,Y,부산광역시 남구,051-607-4284,2024-01-10,,2026-05-15 22:28:21,2026-05-14 13:37:15
3310000,202633100000900149,부산남구20,방범용,가로변,백운초교인근_예림문구앞,"부산광역시 남구 동명로92번길 58 (용호4동, 동양아파트)",부산광역시 남구 용호동 481-1,35.1168143,129.107028,양방향,N,N,N,,2019,2024-01-10,Y,부산광역시 남구,051-607-4352,2024-01-10,,2026-05-15 22:28:21,2026-05-14 13:37:15
3310000,202633100000900151,부산남구18,방범용,가로변,태성그렌저빌라 앞,부산광역시 남구 유엔로169번길 32,부산광역시 남구 대연동 871-13,35.1316189,129.0948934,양방향,N,N,N,,2019,2024-01-10,Y,부산광역시 남구,051-607-4352,2024-01-10,,2026-05-15 22:28:21,2026-05-14 13:37:15
3310000,202633100000900093,부산남구76,방범용,가로변,솔내음파크 맞은편,부산광역시 남구 동명로157번길 45,부산광역시 남구 용호동 372-1,35.121022,129.114675,양방향,Y,N,N,,2025,2025-12-03,Y,부산광역시 남구,051-607-4664,2026-01-01,,2026-05-15 22:28:20,2026-05-14 13:37:15
3310000,202633100000900114,부산남구55,방범용,가로변,용당새마을금고(본점) 맞은편,,부산광역시 남구 용당동 132-12,35.115370,129.094918,양방향,Y,N,N,,2024,2025-12-03,Y,부산광역시 남구,051-607-4664,2026-01-01,,2026-05-15 22:28:21,2026-05-14 13:37:15
3310000,202633100000900154,부산남구15,방범용,가로변,동일아파트 101동 뒤,부산광역시 남구 양지골로251번길 70-3 (감만2동),부산광역시 남구 감만동 3-356,35.1199272,129.0831311,양방향,N,N,N,,2019,2024-01-10,Y,부산광역시 남구,051-607-4646,2024-01-10,,2026-05-15 22:28:21,2026-05-14 13:37:15
3310000,202633100000900140,부산남구29,방범용,가로변,장수탕 뒤,부산광역시 남구 석포로 32번길 33 (감만2동),부산광역시 남구 감만동 29-31,35.121482,129.08506,양방향,N,N,N,,2018,2024-01-10,Y,부산광역시 남구,051-607-4284,2024-01-10,,2026-05-15 22:28:21,2026-05-14 13:37:15
3310000,202633100000900108,부산남구61,방범용,가로변,장고개로85번길 계단,부산광역시 남구 장고개로85번길 32-2,부산광역시 남구 문현동 1093-16,35.131576,129.069360,양방향,Y,N,N,,2024,2025-12-03,Y,부산광역시 남구,051-607-4664,2026-01-01,,2026-05-15 22:28:20,2026-05-14 13:37:15
3310000,202633100000900122,부산남구47,방범용,가로변,천제등로46번길 56 앞,부산광역시 남구 천제등로46번길 56,부산광역시 남구 대연동 1203-63,35.131043,129.086945,양방향,Y,N,N,,2022,2025-12-03,Y,부산광역시 남구,051-607-4664,2026-01-01,,2026-05-15 22:28:21,2026-05-14 13:37:15
3310000,202633100000900106,부산남구63,방범용,가로변,감만2동행정복지센터뒤편 골목길,부산광역시 남구 석포로32번길 8,부산광역시 남구 감만동 20-38,35.122438,129.084644,양방향,Y,N,N,,2025,2025-12-03,Y,부산광역시 남구,051-607-4664,2026-01-01,,2026-05-15 22:28:20,2026-05-14 13:37:15
3310000,202633100000900163,부산남구6,방범용,가로변,대연6주택재개발 어린이공원2,부산광역시 남구 홍곡로 309,부산광역시 남구 대연동 1170-72,35.12189374,129.0894132,양방향,N,N,N,,2018,2024-01-10,Y,부산광역시 남구,051-607-4284,2024-01-10,,2026-05-15 22:28:21,2026-05-14 13:37:15
3310000,202633100000900097,부산남구72,방범용,가로변,동림부동산앞,부산광역시 남구 동명로 165,부산광역시 남구 용호동 375-32,35.119041,129.114880,양방향,Y,N,N,,2025,2025-12-03,Y,부산광역시 남구,051-607-4664,2026-01-01,,2026-05-15 22:28:20,2026-05-14 13:37:15
3310000,202633100000900144,부산남구25,방범용,가로변,당산로 42 앞,부산광역시 남구 당산로 42,부산광역시 남구 우암동 93-9,35.12635,129.0776763,양방향,N,N,N,,2020,2024-01-10,Y,부산광역시 남구,051-607-4352,2024-01-10,,2026-05-15 22:28:21,2026-05-14 13:37:15
3310000,202633100000900120,부산남구49,방범용,가로변,우암로200번길 56 앞,부산광역시 남구 우암로200번길 56,부산광역시 남구 우암동 189-361,35.125440,129.072268,양방향,Y,N,N,,2022,2025-12-03,Y,부산광역시 남구,051-607-4664,2026-01-01,,2026-05-15 22:28:21,2026-05-14 13:37:15
3310000,202633100000900148,부산남구21,방범용,가로변,성도연립 앞,부산광역시 남구 신선로 337번길 26 (용당동),부산광역시 남구 용당동 309,35.11596563,129.0934489,양방향,N,N,N,,2019,2024-01-10,Y,부산광역시 남구,051-607-4352,2024-01-10,,2026-05-15 22:28:21,2026-05-14 13:37:15
3310000,202633100000900165,부산남구4,방범용,가로변,대연6주택재개발 어린이공원1,부산광역시 남구 석포로86번길 80,부산광역시 남구 대연동 969-16,35.12627257,129.09082,양방향,N,N,N,,2018,2024-01-10,Y,부산광역시 남구,051-607-4284,2024-01-10,,2026-05-15 22:28:21,2026-05-14 13:37:15
3310000,202633100000900115,부산남구54,방범용,가로변,다함께 돌봄센터 앞,부산광역시 남구 신선로329번길 22-5,부산광역시 남구 용당동 289,35.115295,129.093612,양방향,Y,N,N,,2024,2025-12-03,Y,부산광역시 남구,051-607-4664,2026-01-01,,2026-05-15 22:28:21,2026-05-14 13:37:15
3310000,202633100000900089,부산남구80,방범용,가로변,해마루원룸앞 삼거리,부산광역시 남구 황령대로492번길 70,부산광역시 남구 대연동 455-27,35.136488,129.104318,양방향,Y,N,N,,2025,2025-12-03,Y,부산광역시 남구,051-607-4664,2026-01-01,,2026-05-15 22:28:20,2026-05-14 13:37:14
3310000,202633100000900112,부산남구57,방범용,가로변,배정고등학교진입로,,부산광역시 남구 문현동 901-9,35.134218,129.067244,양방향,Y,N,N,,2024,2025-12-03,Y,부산광역시 남구,051-607-4664,2026-01-01,,2026-05-15 22:28:21,2026-05-14 13:37:15
3310000,202633100000900161,부산남구8,방범용,가로변,대연6주택재개발 소공원,부산광역시 남구 홍곡로 309,부산광역시 남구 대연동 1898,35.12189374,129.0894132,양방향,N,N,N,,2018,2024-01-10,Y,부산광역시 남구,051-607-4284,2024-01-10,,2026-05-15 22:28:21,2026-05-14 13:37:15
3310000,202633100000900166,부산남구3,방범용,가로변,대연롯데캐슬 어린이공원(기부체납),부산광역시 남구 진남로127번길 94,부산광역시 남구 대연동 산 140-24,35.13727873,129.078,양방향,N,N,N,,2018,2024-01-10,Y,부산광역시 남구,051-607-4284,2024-01-10,,2026-05-15 22:28:21,2026-05-14 13:37:15
3310000,202633100000900103,부산남구66,방범용,가로변,동천초등학교뒷편담장골목길,,부산광역시 남구 감만동 14-6,35.121713,129.083493,양방향,Y,N,N,,2025,2025-12-03,Y,부산광역시 남구,051-607-4664,2026-01-01,,2026-05-15 22:28:20,2026-05-14 13:37:15
3310000,202633100000900121,부산남구48,방범용,가로변,장고개로9번길 2-4 앞,부산광역시 남구 장고개로9번길 2-4,부산광역시 남구 우암동 189-683,35.126299,129.070912,양방향,Y,N,N,,2022,2025-12-03,Y,부산광역시 남구,051-607-4664,2026-01-01,,2026-05-15 22:28:21,2026-05-14 13:37:15
3310000,202633100000900126,부산남구43,방범용,가로변,경방빌라 앞,부산광역시 남구 유엔평화로29번길 19,부산광역시 남구 대연동 885-9,35.132337,129.093149,양방향,Y,N,N,,2022,2025-12-03,Y,부산광역시 남구,051-607-4664,2026-01-01,,2026-05-15 22:28:21,2026-05-14 13:37:15
3310000,202633100000900143,부산남구26,방범용,가로변,일광슈퍼,부산광역시 남구 전포대로48번길 27,부산광역시 남구 문현동479-13,35.14225143,129.0673475,양방향,N,N,N,,2020,2024-01-10,Y,부산광역시 남구,051-607-4352,2024-01-10,,2026-05-15 22:28:21,2026-05-14 13:37:15
3310000,202633100000900128,부산남구41,방범용,가로변,청풍각 앞,부산광역시 남구 수영로250번길 70,부산광역시 남구 대연동 1721-14,35.133767,129.097035,양방향,Y,N,N,,2021,2025-12-03,Y,부산광역시 남구,051-607-4664,2026-01-01,,2026-05-15 22:28:21,2026-05-14 13:37:15
3310000,202633100000900095,부산남구74,방범용,가로변,한국조형예술고 인근,,부산광역시 남구 용호동 374-8,35.120925,129.115974,양방향,Y,N,N,,2025,2025-12-03,Y,부산광역시 남구,051-607-4664,2026-01-01,,2026-05-15 22:28:20,2026-05-14 13:37:15
3310000,202633100000900130,부산남구39,방범용,가로변,린다비스타 앞 골목길,부산광역시 남구 수영로 274-6,부산광역시 남구 대연동 1661-7,35.135310,129.096410,양방향,Y,N,N,,2021,2025-12-03,Y,부산광역시 남구,051-607-4664,2026-01-01,,2026-05-15 22:28:21,2026-05-14 13:37:15
3310000,202633100000900110,부산남구59,방범용,가로변,범일마트 앞,,부산광역시 남구 문현동 1138-12,35.130633,129.068994,양방향,Y,N,N,,2024,2025-12-03,Y,부산광역시 남구,051-607-4664,2026-01-01,,2026-05-15 22:28:20,2026-05-14 13:37:15
3310000,202633100000900164,부산남구5,방범용,가로변,대연6주택재개발 어린이공원1-2,부산광역시 남구 석포로86번길 80,부산광역시 남구 대연동 969-16,35.12627257,129.09082,양방향,N,N,N,,2018,2024-01-10,Y,부산광역시 남구,051-607-4284,2024-01-10,,2026-05-15 22:28:21,2026-05-14 13:37:15
3310000,202633100000900137,부산남구32,방범용,가로변,GS편의점 앞,부산광역시 남구 못골로 73(대연5동),부산광역시 남구 대연동 1415-8,35.13608,129.09042,양방향,N,N,N,,2020,2024-01-10,Y,부산광역시 남구,051-607-4646,2024-01-10,,2026-05-15 22:28:21,2026-05-14 13:37:15
3310000,202633100000900087,부산남구82,방범용,가로변,부경플라워,,부산광역시 남구 대연동 1633-1,35.139061,129.106115,양방향,Y,N,N,,2025,2025-12-03,Y,부산광역시 남구,051-607-4664,2026-01-01,,2026-05-15 22:28:20,2026-05-14 13:37:14
3310000,202633100000900145,부산남구24,방범용,가로변,우영연립 근처,부산광역시 남구 황령대로352번가길 22,부산광역시 남구 대연동 219-23,35.146332,129.094929,양방향,N,N,N,,2020,2024-01-10,Y,부산광역시 남구,051-607-4352,2024-01-10,,2026-05-15 22:28:21,2026-05-14 13:37:15
3310000,202633100000900136,부산남구33,방범용,가로변,솔개다리 정류소 옆,부산광역시 남구 무민사로 30(감만1동),부산광역시 남구 감만동 267-9,35.11276,129.08175,양방향,N,N,N,,2020,2024-01-10,Y,부산광역시 남구,051-607-4646,2024-01-10,,2026-05-15 22:28:21,2026-05-14 13:37:15
3310000,202633100000900117,부산남구52,방범용,가로변,새마을금고 오륙도지점,부산광역시 남구 동명로152번길 105,부산광역시 남구 용호동 530-63,35.114700,129.112468,양방향,Y,N,N,,2024,2025-12-03,Y,부산광역시 남구,051-607-4664,2026-01-01,,2026-05-15 22:28:21,2026-05-14 13:37:15
3310000,202633100000900105,부산남구64,방범용,가로변,동천초등학교앞,,부산광역시 남구 감만동 22-15,35.121944,129.084102,양방향,Y,N,N,,2025,2025-12-03,Y,부산광역시 남구,051-607-4664,2026-01-01,,2026-05-15 22:28:20,2026-05-14 13:37:15
3310000,202633100000900152,부산남구17,방범용,가로변,솔밭 어린이공원 앞,부산광역시 남구 동명로 113 (용호1동),부산광역시 남구 용호동 413-8,35.1203,129.1094838,양방향,N,N,N,,2019,2024-01-10,Y,부산광역시 남구,051-607-4646,2024-01-10,,2026-05-15 22:28:21,2026-05-14 13:37:15
3310000,202633100000900150,부산남구19,방범용,가로변,백경사인근사거리(112신고표지판),부산광역시 남구 고동골로 18번길 31(문현3동),부산광역시 남구 문현동 189-45,35.138788,129.072888,양방향,N,N,N,,2019,2024-01-10,Y,부산광역시 남구,051-607-4352,2024-01-10,,2026-05-15 22:28:21,2026-05-14 13:37:15
3310000,202633100000900094,부산남구75,방범용,가로변,꿈샘어린이집앞,부산광역시 남구 동명로163번길 33,부산광역시 남구 용호동 373-4,35.120526,129.115210,양방향,Y,N,N,,2025,2025-12-03,Y,부산광역시 남구,051-607-4664,2026-01-01,,2026-05-15 22:28:20,2026-05-14 13:37:15
3310000,202633100000900092,부산남구77,방범용,가로변,풍년곱창 앞,부산광역시 남구 용소로28번길 22-1,부산광역시 남구 대연동 394-10,35.134785,129.099451,양방향,Y,N,N,,2025,2025-12-03,Y,부산광역시 남구,051-607-4664,2026-01-01,,2026-05-15 22:28:20,2026-05-14 13:37:14
3310000,202633100000900123,부산남구46,방범용,가로변,대연동현대아파트 앞,부산광역시 남구 천제등로28번길 50,부산광역시 남구 대연동 1203-47,35.131811,129.086486,양방향,Y,N,N,,2022,2025-12-03,Y,부산광역시 남구,051-607-4664,2026-01-01,,2026-05-15 22:28:21,2026-05-14 13:37:15
3310000,202633100000900135,부산남구34,방범용,가로변,문현초 문현여고 사이,부산광역시 남구 고동골로 86-34(문현1동),부산광역시 남구 문현동 117-16,35.14459,129.07356,양방향,N,N,N,,2020,2024-01-10,Y,부산광역시 남구,051-607-4646,2024-01-10,,2026-05-15 22:28:21,2026-05-14 13:37:15
3310000,202633100000900086,부산남구83,방범용,가로변,영진돼지국밥(부경점),부산광역시 남구 수영로346번길 12,부산광역시 남구 대연동 39-28,35.138266,129.103749,양방향,Y,N,N,,2025,2025-12-03,Y,부산광역시 남구,051-607-4664,2026-01-01,,2026-05-15 22:28:20,2026-05-14 13:37:14
3310000,202633100000900101,부산남구68,방범용,가로변,예쁘그랑헤어 앞,부산광역시 남구 동명로132번길 112,부산광역시 남구 용호동 485-25,35.114672,129.110167,양방향,Y,N,N,,2025,2025-12-03,Y,부산광역시 남구,051-607-4664,2026-01-01,,2026-05-15 22:28:20,2026-05-14 13:37:15
3310000,202633100000900118,부산남구51,방범용,가로변,차이나반점 앞,,부산광역시 남구 용호동 530-13,35.113118,129.113016,양방향,Y,N,N,,2024,2025-12-03,Y,부산광역시 남구,051-607-4664,2026-01-01,,2026-05-15 22:28:21,2026-05-14 13:37:15
3310000,202633100000900088,부산남구81,방범용,가로변,남천페인트 주위,부산광역시 남구 수영로358번길 36,부산광역시 남구 대연동 33-33,35.137867,129.105542,양방향,Y,N,N,,2025,2025-12-03,Y,부산광역시 남구,051-607-4664,2026-01-01,,2026-05-15 22:28:20,2026-05-14 13:37:14
3310000,202633100000900107,부산남구62,방범용,가로변,큰빛어린이집인근 사거리,,부산광역시 남구 문현동 1004-1,35.132859,129.069613,양방향,Y,N,N,,2024,2025-12-03,Y,부산광역시 남구,051-607-4664,2026-01-01,,2026-05-15 22:28:20,2026-05-14 13:37:15
3310000,202633100000900090,부산남구79,방범용,가로변,청년창조발전소,부산광역시 남구 용소로46번길 7,부산광역시 남구 대연동 540-8,35.133206,129.100604,양방향,Y,N,N,,2025,2025-12-03,Y,부산광역시 남구,051-607-4664,2026-01-01,,2026-05-15 22:28:20,2026-05-14 13:37:14
3310000,202633100000900142,부산남구27,방범용,가로변,호산나 어린이집 앞,부산광역시 남구 용호로106번가길 22,부산광역시 남구 용호동 95-36,35.123033,129.110914,양방향,N,N,N,,2018,2024-01-10,Y,부산광역시 남구,051-607-4284,2024-01-10,,2026-05-15 22:28:21,2026-05-14 13:37:15
3310000,202633100000900157,부산남구12,방범용,가로변,세무고 오르막길,부산광역시 남구 진남로82-50,부산광역시 남구 대연동 1543-20,35.14874731,129.0714752,양방향,N,N,N,,2019,2024-01-10,Y,부산광역시 남구,051-607-4646,2024-01-10,,2026-05-15 22:28:21,2026-05-14 13:37:15
3310000,202633100000900132,부산남구37,방범용,가로변,대연빌라 앞,부산광역시 남구 용소로34번길 30(대연3동),부산광역시 남구 대연동 392-6,35.13426,129.09955,양방향,N,N,N,,2020,2024-01-10,Y,부산광역시 남구,051-607-4646,2024-01-10,,2026-05-15 22:28:21,2026-05-14 13:37:15
3310000,202633100000900111,부산남구58,방범용,가로변,장고개물회수산 골목 안쪽,부산광역시 남구 장고개로67번길 11,부산광역시 남구 문현동 1076-1,35.131225,129.069871,양방향,Y,N,N,,2024,2025-12-03,Y,부산광역시 남구,051-607-4664,2026-01-01,,2026-05-15 22:28:20,2026-05-14 13:37:15
3310000,202633100000900091,부산남구78,방범용,가로변,부림빌라 앞,부산광역시 남구 동명로157번길 9,부산광역시 남구 용호동 392-31,35.119708,129.114248,양방향,Y,N,N,,2025,2025-12-03,Y,부산광역시 남구,051-607-4664,2026-01-01,,2026-05-15 22:28:20,2026-05-14 13:37:14
3320000,202233200000900233,10,방범용,가로변,부산광역시 북구,부산광역시 북구 낙동북로 645,부산광역시 북구 구포동 1052-10,35.203046,128.9956314,양방향,Y,N,N,,2018,2023-03-22,Y,부산광역시 북구 안전총괄과,051-309-4707,2025-10-14,I,2026-05-15 18:45:46,2025-11-06 17:05:53
3320000,202233200000900274,46,방범용,가로변,부산광역시 북구,부산광역시 북구 시랑로94번길 6-23,부산광역시 북구 구포동 1261-61,35.19764869,129.0061326,양방향,Y,N,N,,2019,2023-03-22,Y,부산광역시 북구 안전총괄과,051-309-4707,2025-10-14,I,2026-05-15 18:45:46,2025-11-06 17:40:28
3320000,202233200000900276,48,방범용,가로변,부산광역시 북구,부산광역시 북구 시랑로83번길 21,부산광역시 북구 구포동 1225-10,35.19790273,129.0074315,양방향,Y,N,N,,2019,2023-03-22,N,부산광역시 북구 안전총괄과,051-309-4707,2025-10-14,I,2026-05-15 18:45:46,2025-11-06 17:40:56
3320000,202233200000900283,55,방범용,가로변,부산광역시 북구,부산광역시 북구 효열로219번가길 42,부산광역시 북구 금곡동 629,35.26365604,129.017049,양방향,Y,N,N,,2019,2023-03-22,Y,부산광역시 북구 안전총괄과,051-309-4707,2025-10-14,I,2026-05-15 18:45:46,2025-11-06 17:43:56
3320000,202233200000900281,53,방범용,가로변,부산광역시 북구,부산광역시 북구 시랑로141번길 1,부산광역시 북구 구포동 1235-14,35.19551996,129.0106305,양방향,Y,N,N,,2019,2023-03-22,Y,부산광역시 북구 안전총괄과,051-309-4707,2025-10-14,I,2026-05-15 18:45:46,2025-11-06 17:42:48
3320000,202433200000900002,67,약자보호,화장실,부산광역시 북구,"부산광역시 북구 중리로 100, 오리마을 공중화장실 (만덕동)",부산광역시 북구 만덕동 49-8,35.2142095,129.0458556,양방향,Y,N,N,,2023,2023-08-18,Y,부산광역시 북구 자원순환과,051-309-4464,2024-07-11,I,2026-05-15 18:45:46,2024-08-05 13:48:27
3320000,202433200000900004,69,약자보호,화장실,부산광역시 북구,,부산광역시 북구 만덕동 산 2,35.2251667,129.0489444,양방향,Y,N,N,,2023,2023-08-18,Y,부산광역시 북구 자원순환과,051-309-4464,2024-07-11,I,2026-05-15 18:45:46,2024-08-05 13:48:09
3320000,202233200000900270,42,방범용,주차장,부산광역시 북구,부산광역시 북구 금곡대로7번길 35,부산광역시 북구 덕천동 732-5,35.2100828,129.003187,양방향,Y,N,N,,2018,2019-12-31,Y,부산광역시 북구 교통행정과,051-309-4505,2024-07-31,I,2026-05-15 18:45:46,2024-08-07 16:21:04
3320000,202233200000900253,25,방범용,가로변,부산광역시 북구,부산광역시 북구 구남언덕로 28-1,부산광역시 북구 구포동 923-3,35.20112697,128.9960019,양방향,Y,N,N,,2018,2023-03-22,Y,부산광역시 북구 안전총괄과,051-309-4707,2025-10-14,I,2026-05-15 18:45:46,2025-11-06 17:32:48
3320000,202233200000900216,2,약자보호,화장실,부산광역시 북구,부산광역시 북구 만덕동 산77-1,부산광역시 북구 만덕동 산77-1,35.243669,129.051029,양방향,Y,N,N,,2017,2023-01-19,Y,부산광역시 북구 자원순환과,051-309-4464,2024-07-11,I,2026-05-15 18:45:46,2024-08-05 13:49:28
3320000,202433200000900003,68,약자보호,화장실,부산광역시 북구,부산광역시 북구 상학산복길 197 (만덕동),부산광역시 북구 만덕동 산 13,35.2181223,129.0411427,양방향,Y,N,N,,2023,2023-08-18,Y,부산광역시 북구 자원순환과,051-309-4464,2024-07-11,I,2026-05-15 18:45:46,2024-08-05 13:48:19
3320000,202233200000900217,3,약자보호,화장실,부산광역시 북구,부산광역시 북구 상리로18번길 49(만덕동),부산광역시 북구 만덕동 843,35.20615971,129.0355637,양방향,Y,N,N,,2017,2023-01-19,Y,부산광역시 북구 자원순환과,051-309-4464,2024-07-11,I,2026-05-15 18:45:46,2024-08-05 13:49:18
3320000,202333200000900004,60,방범용,가로변,부산광역시 북구,부산광역시 북구 가람로48번길 24 (구포동),부산광역시 북구 구포동 1060-177,35.2050949,128.9985183,단방향,N,N,N,,2014,2025-05-12,Y,부산광역시 북구 도시창조과,051-309-4874,2025-05-15,I,2026-05-15 18:45:46,2025-05-15 14:41:03
3320000,202233200000900235,12,방범용,가로변,부산광역시 북구,부산광역시 북구 낙동북로 639,부산광역시 북구 구포동 1053-4,35.203211,128.9954113,양방향,Y,N,N,,2018,2023-12-20,Y,부산광역시 북구 안전총괄과,051-309-4707,2025-10-14,I,2026-05-15 18:45:46,2025-11-06 17:06:31
3320000,202233200000900259,31,방범용,가로변,부산광역시 북구,부산광역시 북구 낙동북로647번길 10,부산광역시 북구 구포동 1050-1,35.20288216,128.9963926,양방향,Y,N,N,,2018,2023-03-22,N,부산광역시 북구 안전총괄과,051-309-4707,2025-10-14,I,2026-05-15 18:45:46,2025-11-06 17:35:42
3320000,202333200000900005,61,방범용,가로변,부산광역시 북구,부산광역시 북구 낙동북로681번가길 21-11 (구포동),부산광역시 북구 구포동 774-3,35.2016875,129.0013629,양방향,Y,N,N,,2017,2025-05-12,Y,부산광역시 북구 도시창조과,051-309-4874,2025-05-15,I,2026-05-15 18:45:46,2025-05-15 13:10:57
3320000,202333200000900009,65,방범용,가로변,부산광역시 북구,부산광역시 북구 백양대로1048번가길 3 (구포동),부산광역시 북구 구포동 937-6,35.1985515,128.9969460,양방향,Y,N,N,,2022,2025-05-12,Y,부산광역시 북구 도시창조과,051-309-4874,2025-05-15,I,2026-05-15 18:45:46,2025-05-15 13:06:35
3320000,202233200000900215,1,약자보호,화장실,부산광역시 북구,부산광역시 북구 낙동대로 1773(구포동),부산광역시 북구 구포동 166,35.209839,129.003251,양방향,Y,N,N,,2014,2023-01-19,Y,부산광역시 북구 자원순환과,051-309-4464,2024-07-11,I,2026-05-15 18:45:46,2024-08-05 13:49:35
3320000,202433200000900008,73,약자보호,화장실,부산광역시 북구,,부산광역시 북구 덕천동 342-6 덕내공원,35.2137507,129.0138021,양방향,Y,N,N,,2023,2023-08-18,Y,부산광역시 북구 공원녹지과,051-309-2055,2024-07-11,I,2026-05-15 18:45:46,2024-08-05 13:47:23
3320000,202233200000900271,43,방범용,주차장,부산광역시 북구,부산광역시 북구 덕천로 123,부산광역시 북구 덕천동 139-3,35.21053932,129.0181156,양방향,Y,N,N,,2018,2019-12-31,Y,부산광역시 북구 교통행정과,051-309-4505,2024-07-31,I,2026-05-15 18:45:46,2024-08-07 16:20:56
3320000,202233200000900244,16,방범용,가로변,부산광역시 북구,부산광역시 북구 덕천로14번길 21,부산광역시 북구 구포동 130-12,35.207421,129.0075971,양방향,Y,N,N,,2018,2023-12-20,Y,부산광역시 북구 안전총괄과,051-309-4707,2025-10-14,I,2026-05-15 18:45:46,2025-11-06 17:29:39
3320000,202433200000900009,74,약자보호,화장실,부산광역시 북구,,부산광역시 북구 화명동 2328 화정근린공원,35.2223024,129.0099275,양방향,Y,N,N,,2023,2023-08-18,Y,부산광역시 북구 공원녹지과,051-309-2055,2024-07-11,I,2026-05-15 18:45:46,2024-08-05 13:47:10
3320000,202233200000900236,13,방범용,가로변,부산광역시 북구,부산광역시 북구 낙동북로663번나길 41-13,부산광역시 북구 구포동 413-19,35.20559856,128.9993786,양방향,Y,N,N,,2018,2023-12-20,Y,부산광역시 북구 안전총괄과,051-309-4707,2025-10-14,I,2026-05-15 18:45:46,2025-11-06 17:06:52
3320000,202233200000900254,26,방범용,가로변,부산광역시 북구,부산광역시 북구 백양대로1071번길 16,부산광역시 북구 구포동 930-10,35.2012264,128.9970657,양방향,Y,N,N,,2018,2023-03-22,Y,부산광역시 북구 안전총괄과,051-309-4707,2025-10-14,I,2026-05-15 18:45:46,2025-11-06 17:33:08
3320000,202233200000900268,40,방범용,주차장,부산광역시 북구,부산광역시 북구 모분재로105번길 20,부산광역시 북구 구포동 848,35.1983384,129.0093048,양방향,Y,N,N,,2018,2019-12-31,Y,부산광역시 북구 교통행정과,051-309-4505,2024-07-31,I,2026-05-15 18:45:46,2024-08-07 16:21:15
3320000,202233200000900252,24,방범용,가로변,부산광역시 북구,부산광역시 북구 구남언덕로32번길 12,부산광역시 북구 구포동 923-11,35.20077186,128.9962147,양방향,Y,N,N,,2018,2023-12-20,Y,부산광역시 북구 안전총괄과,051-309-4707,2025-10-14,I,2026-05-15 18:45:46,2025-11-06 17:32:29
3320000,202233200000900263,35,방범용,가로변,부산광역시 북구,부산광역시 북구 낙동북로663번나길 30,부산광역시 북구 구포동 1010-4,35.2050414,129.000019,양방향,Y,N,N,,2018,2023-03-22,Y,부산광역시 북구 안전총괄과,051-309-4707,2025-10-14,I,2026-05-15 18:45:46,2025-11-06 17:36:56
3320000,202433200000900001,66,약자보호,화장실,부산광역시 북구,"부산광역시 북구 남문길 15-1, 남문마을 공중화장실 (만덕동)",부산광역시 북구 만덕동 산 1-7,35.2236834,129.0560252,양방향,Y,N,N,,2023,2023-08-18,Y,부산광역시 북구 자원순환과,051-309-4464,2024-07-11,I,2026-05-15 18:45:46,2024-08-05 13:48:36
3320000,202233200000900248,20,방범용,가로변,부산광역시 북구,부산광역시 북구 구남로6번길 30,부산광역시 북구 구포동 919-4,35.199356,128.9958452,양방향,Y,N,N,,2018,2024-01-10,Y,부산광역시 북구 안전총괄과,051-309-4707,2025-10-14,I,2026-05-15 18:45:46,2025-11-06 17:31:08
3320000,202233200000900280,52,방범용,가로변,부산광역시 북구,부산광역시 북구 시랑로131번길 24,부산광역시 북구 구포동 1234-15,35.19647524,129.0106533,양방향,Y,N,N,,2019,2023-03-22,Y,부산광역시 북구 안전총괄과,051-309-4707,2025-10-14,I,2026-05-15 18:45:46,2025-11-06 17:42:13
3320000,202333200000900008,64,방범용,가로변,부산광역시 북구,부산광역시 북구 백양대로1124번길 24 (구포동),부산광역시 북구 구포동 734-1,35.2032661,129.0018542,양방향,Y,N,N,,2017,2025-05-12,Y,부산광역시 북구 도시창조과,051-309-4874,2025-05-15,I,2026-05-15 18:45:46,2025-05-15 13:16:06
3320000,202233200000900261,33,방범용,가로변,부산광역시 북구,부산광역시 북구 구포동 1078-4,부산광역시 북구 구포동 1078-4,35.199914,128.992488,양방향,Y,N,N,,2018,2023-12-20,Y,부산광역시 북구 안전총괄과,051-309-4707,2025-10-14,I,2026-05-15 18:45:46,2025-11-06 17:36:16
3320000,202333200000900001,57,방범용,가로변,부산광역시 북구,부산광역시 북구 가람로 40 (구포동),부산광역시 북구 구포동 1060-322,35.2056314,218.9981426,양방향,Y,N,N,,2021,2025-05-12,Y,부산광역시 북구 도시창조과,051-309-4874,2025-05-15,I,2026-05-15 18:45:46,2025-05-15 13:07:17
3320000,202233200000900284,56,방범용,가로변,부산광역시 북구,부산광역시 북구 효열로219번가길 20,부산광역시 북구 금곡동 189,35.26350175,129.018245,양방향,Y,N,N,,2019,2023-03-29,Y,부산광역시 북구 안전총괄과,051-309-4707,2025-10-14,I,2026-05-15 18:45:46,2025-11-06 17:44:17
3320000,202233200000900247,19,방범용,가로변,부산광역시 북구,부산광역시 북구 구남로20번길 7-2,부산광역시 북구 구포동 923-162,35.1993744,128.9939432,양방향,Y,N,N,,2018,2023-03-22,Y,부산광역시 북구 안전총괄과,051-309-4707,2025-10-14,I,2026-05-15 18:45:46,2025-11-06 17:30:44
3320000,202433200000900005,70,약자보호,화장실,부산광역시 북구,부산광역시 북구 와석장터로 77-53 (화명동),부산광역시 북구 화명동 산 185,35.2392121,129.0251075,양방향,Y,N,N,,2023,2023-08-18,Y,부산광역시 북구 자원순환과,051-309-4464,2024-07-11,I,2026-05-15 18:45:46,2024-08-05 13:48:01
3320000,202233200000900267,39,방범용,주차장,부산광역시 북구,부산광역시 북구 시랑로 166,부산광역시 북구 구포동 1248-10,35.195944,129.0134882,양방향,Y,N,N,,2018,2019-12-31,Y,부산광역시 북구 교통행정과,051-309-4505,2024-07-31,I,2026-05-15 18:45:46,2024-08-07 16:21:30
3320000,202233200000900258,30,방범용,가로변,부산광역시 북구,부산광역시 북구 낙동북로648번길 18,부산광역시 북구 구포동 1075-122,35.20211274,128.9951034,양방향,Y,N,N,,2018,2023-12-20,Y,부산광역시 북구 안전총괄과,051-309-4707,2025-10-14,I,2026-05-15 18:45:46,2025-11-06 17:35:28
3320000,202233200000900260,32,방범용,가로변,부산광역시 북구,부산광역시 북구 낙동북로663번길 23,부산광역시 북구 구포동 1030-68,35.202683,128.9979468,양방향,Y,N,N,,2018,2023-03-22,Y,부산광역시 북구 안전총괄과,051-309-4707,2025-10-14,I,2026-05-15 18:45:46,2025-11-06 17:35:58
3320000,202233200000900272,44,약자보호,화장실,부산광역시 북구,부산광역시 북구 화명동 1718-10,부산광역시 북구 화명동 1718-10,35.2401708,129.006031,양방향,Y,N,N,,2018,2023-01-19,Y,부산광역시 북구 자원순환과,051-309-4464,2024-07-11,I,2026-05-15 18:45:46,2024-08-05 13:48:49
3320000,202233200000900245,17,방범용,가로변,부산광역시 북구,부산광역시 북구 모분재로7번나길 3,부산광역시 북구 구포동 131-8,35.20686277,129.0073153,양방향,Y,N,N,,2018,2023-12-20,Y,부산광역시 북구 안전총괄과,051-309-4707,2025-10-14,I,2026-05-15 18:45:46,2025-11-06 17:30:00
3320000,202233200000900234,11,방범용,가로변,부산광역시 북구,부산광역시 북구 가람로24번길 10,부산광역시 북구 구포동 1027-1,35.204123,128.9969975,양방향,Y,N,N,,2018,2023-12-20,Y,부산광역시 북구 안전총괄과,051-309-4707,2025-10-14,I,2026-05-15 18:45:46,2025-11-06 17:06:11
3320000,202233200000900264,36,방범용,가로변,부산광역시 북구,부산광역시 북구 낙동북로663번나길 42,부산광역시 북구 구포동 415-30,35.2057091,129.000104,양방향,Y,N,N,,2018,2023-03-22,Y,부산광역시 북구 안전총괄과,051-309-4707,2025-10-14,I,2026-05-15 18:45:46,2025-11-06 17:37:26
3320000,202233200000900266,38,방범용,주차장,부산광역시 북구,부산광역시 북구 팽나무로56번길 34,부산광역시 북구 구포동 1204-32,35.2048188,129.010057,양방향,Y,N,N,,2018,2019-12-31,Y,부산광역시 북구 교통행정과,051-309-4505,2024-07-31,I,2026-05-15 18:45:46,2024-08-07 16:21:47
3320000,202233200000900237,14,방범용,가로변,부산광역시 북구,부산광역시 북구 가람로 10 (구포동),부산광역시 북구 구포동 1060-316,35.203068,128.9967082,양방향,Y,N,N,,2018,2023-12-20,Y,부산광역시 북구 안전총괄과,051-309-4707,2025-10-14,I,2026-05-15 18:45:46,2025-11-06 17:27:27
3320000,202233200000900231,8,방범용,가로변,부산광역시 북구,부산광역시 북구 가람로 60-13,부산광역시 북구 구포동 405-8,35.206748,128.9999647,양방향,Y,N,N,,2018,2023-12-20,Y,부산광역시 북구 안전총괄과,051-309-4707,2025-10-14,I,2026-05-15 18:45:46,2025-11-06 17:04:55
3320000,202233200000900218,4,약자보호,화장실,부산광역시 북구,부산광역시 북구 화명동 172-1,부산광역시 북구 화명동 172-1,35.263234,129.027413,양방향,Y,N,N,,2017,2023-01-19,Y,부산광역시 북구 자원순환과,051-309-4464,2024-07-11,I,2026-05-15 18:45:46,2024-08-05 13:49:04
3320000,202433200000900007,72,약자보호,화장실,부산광역시 북구,,부산광역시 북구 금곡동 1107 사랑공원,35.254197,129.0143556,양방향,Y,N,N,,2023,2023-08-18,Y,부산광역시 북구 공원녹지과,051-309-2055,2024-07-11,I,2026-05-15 18:45:46,2024-08-05 13:47:41
3320000,202233200000900279,51,방범용,가로변,부산광역시 북구,부산광역시 북구 시랑로132번길 17-4,부산광역시 북구 구포동 1252-5,35.19500222,129.008944,양방향,Y,N,N,,2019,2023-03-22,N,부산광역시 북구 안전총괄과,051-309-4707,2025-10-14,I,2026-05-15 18:45:46,2025-11-06 17:41:45
3320000,202233200000900246,18,방범용,가로변,부산광역시 북구,부산광역시 북구 덕천로38번길 14,부산광역시 북구 구포동 108-6,35.2073728,129.0092886,양방향,Y,N,N,,2018,2023-12-20,Y,부산광역시 북구 안전총괄과,051-309-4707,2025-10-14,I,2026-05-15 18:45:46,2025-11-06 17:30:17
3320000,202433200000900006,71,약자보호,화장실,부산광역시 북구,,부산광역시 북구 금곡동 57-2 건강공원,35.2638192,129.0212865,양방향,Y,N,N,,2023,2023-08-18,Y,부산광역시 북구 공원녹지과,051-309-2055,2024-07-11,I,2026-05-15 18:45:46,2024-08-05 13:47:52
3320000,202233200000900265,37,방범용,주차장,부산광역시 북구,부산광역시 북구 시랑로 115,부산광역시 북구 구포동 1231,35.19664218,129.0091011,양방향,Y,N,N,,2018,2019-12-31,Y,부산광역시 북구 교통행정과,051-309-4505,2024-07-31,I,2026-05-15 18:45:46,2024-08-07 16:21:54
3320000,202233200000900277,49,방범용,가로변,부산광역시 북구,부산광역시 북구 모분재로105번길 10,부산광역시 북구 구포동 816-1,35.19863011,129.0084288,양방향,Y,N,N,,2019,2023-03-22,Y,부산광역시 북구 안전총괄과,051-309-4707,2025-10-14,I,2026-05-15 18:45:46,2025-11-06 17:41:13
3320000,202333200000900006,62,방범용,가로변,부산광역시 북구,부산광역시 북구 낙동북로681번가길 21-2 (구포동),부산광역시 북구 구포동 774-26,35.2013545,129.0010207,양방향,Y,N,N,,2017,2025-05-12,Y,부산광역시 북구 도시창조과,051-309-4874,2025-05-15,I,2026-05-15 18:45:46,2025-05-15 13:12:32
3320000,202233200000900257,29,방범용,가로변,부산광역시 북구,부산광역시 북구 구남언덕로16번길 33,부산광역시 북구 구포동 1075-96,35.2008286,128.9937266,양방향,Y,N,N,,2018,2023-03-22,Y,부산광역시 북구 안전총괄과,051-309-4707,2025-10-14,I,2026-05-15 18:45:46,2025-11-06 17:35:08
3320000,202233200000900232,9,방범용,가로변,부산광역시 북구,부산광역시 북구 가람로50번길 17-4,부산광역시 북구 구포동 413-10,35.205353,128.9991443,양방향,Y,N,N,,2018,2023-12-20,Y,부산광역시 북구 안전총괄과,051-309-4707,2025-10-14,I,2026-05-15 18:45:46,2025-11-06 17:05:34
3320000,202233200000900251,23,방범용,가로변,부산광역시 북구,부산광역시 북구 구남언덕로28번길 23,부산광역시 북구 구포동 923-34,35.2003979,128.9955139,양방향,Y,N,N,,2018,2023-03-22,Y,부산광역시 북구 안전총괄과,051-309-4707,2025-10-14,I,2026-05-15 18:45:46,2025-11-06 17:32:12
3320000,202233200000900275,47,방범용,가로변,부산광역시 북구,부산광역시 북구 시랑로132번길 56,부산광역시 북구 구포동 1259-34,35.194793,129.0070087,양방향,Y,N,N,,2019,2023-09-27,Y,부산광역시 북구 안전총괄과,051-309-4707,2025-10-14,I,2026-05-15 18:45:46,2025-11-06 17:40:43
3320000,202333200000900003,59,방범용,가로변,부산광역시 북구,"부산광역시 북구 낙동북로663번길 55, 가람중학교 (구포동)",부산광역시 북구 구포동 1020-1 가람중학교,35.2036870,128.9983577,단방향,N,N,N,,2014,2023-06-27,Y,부산광역시 북구 도시창조과,051-309-4872,2024-07-01,I,2026-05-15 18:45:46,2024-07-12 12:43:48
3320000,202333200000900002,58,방범용,가로변,부산광역시 북구,부산광역시 북구 가람로48번길 33 (구포동),부산광역시 북구 구포동 1060-164,35.2048041,128.9987757,양방향,Y,N,N,,2022,2025-05-12,Y,부산광역시 북구 도시창조과,051-309-4874,2025-05-15,I,2026-05-15 18:45:46,2025-05-15 15:06:38
3320000,202233200000900269,41,방범용,주차장,부산광역시 북구,부산광역시 북구 의성로115번길 71,부산광역시 북구 덕천동 410-4,35.2113204,129.0145467,양방향,Y,N,N,,2018,2019-12-31,Y,부산광역시 북구 교통행정과,051-309-4505,2024-07-31,I,2026-05-15 18:45:46,2024-08-07 16:21:23
3320000,202233200000900249,21,방범용,가로변,부산광역시 북구,부산광역시 북구 백양대로1051번길 14,부산광역시 북구 구포동 934-12,35.19974366,128.9964198,양방향,Y,N,N,,2018,2023-12-20,Y,부산광역시 북구 안전총괄과,051-309-4707,2025-10-14,I,2026-05-15 18:45:46,2025-11-06 17:31:25
3320000,202233200000900282,54,방범용,공원,부산광역시 북구,부산광역시 북구 금곡동 92-1,부산광역시 북구 금곡동 92-1,35.26370296,129.0168298,양방향,Y,N,N,,2019,2023-03-22,N,부산광역시 북구 안전총괄과,051-309-4707,2025-10-14,I,2026-05-15 18:45:46,2025-11-06 17:43:43
3320000,202333200000900007,63,방범용,가로변,부산광역시 북구,"부산광역시 북구 낙동북로681번길 52 (구포동, 신진빌라)",부산광역시 북구 구포동 729-1 신진빌라,35.2022943,129.0011554,양방향,Y,N,N,,2017,2025-05-12,Y,부산광역시 북구 도시창조과,051-309-4874,2025-05-15,I,2026-05-15 18:45:46,2025-05-15 13:15:30
3320000,202233200000900256,28,방범용,가로변,부산광역시 북구,부산광역시 북구 구남언덕로20번길 38,부산광역시 북구 구포동 1075-99,35.2006634,128.993772,양방향,Y,N,N,,2018,2023-03-22,Y,부산광역시 북구 안전총괄과,051-309-4707,2025-10-14,I,2026-05-15 18:45:46,2025-11-06 17:34:49
3320000,202433200000900010,75,약자보호,화장실,부산광역시 북구,"부산광역시 북구 만덕대로65번길 78, 덕천생활체육공원 (덕천동)[*미고시]",부산광역시 북구 덕천동 457-49 덕천생활체육공원,35.2154359,129.011452,양방향,Y,N,N,,2023,2024-07-11,Y,부산광역시 북구 문화체육과,051-309-4122,2024-07-11,I,2026-05-15 18:45:46,2024-07-11 13:17:31
3320000,202233200000900255,27,방범용,가로변,부산광역시 북구,부산광역시 북구 낙동북로 660-2,부산광역시 북구 구포동 928-2,35.20160657,128.9968495,양방향,Y,N,N,,2018,2023-03-22,Y,부산광역시 북구 안전총괄과,051-309-4707,2025-10-14,I,2026-05-15 18:45:46,2025-11-06 17:34:28
3320000,202233200000900243,15,방범용,가로변,부산광역시 북구,부산광역시 북구 덕천로28번가길 12,부산광역시 북구 구포동 117-21,35.2071148,129.0086826,양방향,Y,N,N,,2018,2023-03-22,Y,부산광역시 북구 안전총괄과,051-309-4707,2025-10-14,I,2026-05-15 18:45:46,2025-11-06 17:29:24
3320000,202233200000900262,34,방범용,가로변,부산광역시 북구,부산광역시 북구 낙동북로663번길 85-4,부산광역시 북구 구포동 1009-46,35.20459797,129.0006782,양방향,Y,N,N,,2018,2023-12-20,N,부산광역시 북구 안전총괄과,051-309-4707,2025-10-14,I,2026-05-15 18:45:46,2025-11-06 17:36:35
3320000,202233200000900219,5,약자보호,화장실,부산광역시 북구,부산광역시 북구 금곡동 1873,부산광역시 북구 금곡동 1873,35.252132,129.010914,양방향,Y,N,N,,2018,2023-01-19,Y,부산광역시 북구 자원순환과,051-309-4464,2024-07-11,I,2026-05-15 18:45:46,2024-08-05 13:48:56
3320000,202233200000900250,22,방범용,가로변,부산광역시 북구,부산광역시 북구 구남로14번가길 15,부산광역시 북구 구포동 923-80,35.199693,128.9946869,양방향,Y,N,N,,2018,2023-03-22,Y,부산광역시 북구 안전총괄과,051-309-4707,2025-10-14,I,2026-05-15 18:45:46,2025-11-06 17:31:46
3320000,202233200000900278,50,방범용,가로변,부산광역시 북구,부산광역시 북구 시랑로83번길 47,부산광역시 북구 구포동 1229-14,35.19738458,129.0086221,양방향,Y,N,N,,2019,2023-03-22,N,부산광역시 북구 안전총괄과,051-309-4707,2025-10-14,I,2026-05-15 18:45:46,2025-11-06 17:41:29
3320000,202233200000900229,6,방범용,가로변,부산광역시 북구,부산광역시 북구 가람로 50,부산광역시 북구 구포동 413-31,35.20609887,128.9989869,양방향,Y,N,N,,2018,2023-12-20,Y,부산광역시 북구 안전총괄과,051-309-4707,2025-10-14,I,2026-05-15 18:45:46,2025-11-06 17:04:16
3330000,202033300000900009,82000011,방범용,화장실,반송공원 화장실,,부산광역시 해운대구 반송동 844-2,35.22025918,129.1592057,양방향,Y,N,N,경고등+경보음,2023,2026-03-11,Y,해운대구청 늘푸른과,051-749-7621,2026-05-08,I,2026-05-15 18:45:46,2026-05-08 15:24:11
3330000,202033300000900001,82000002,방범용,화장실,오산공원 화장실,,부산광역시 해운대구 중동 1762,35.16640058,129.1731727,양방향,Y,N,N,경고등+경보음,2018,2025-11-05,Y,해운대구청,051-749-4491,2025-11-05,I,2026-05-15 18:45:46,2025-11-05 15:34:27
3330000,202033300000900007,82000009,방범용,화장실,아시아선수촌공원 화장실,,부산광역시 해운대구 반여동 1634,35.171468,129.125367,양방향,Y,N,N,경고등+경보음,2023,2026-03-11,Y,해운대구청 늘푸른과,051-749-7621,2026-05-08,I,2026-05-15 18:45:46,2026-05-08 15:25:22
3330000,202033300000900006,82000008,방범용,화장실,APEC나루공원 2호 화장실,부산광역시 해운대구 수영강변대로 93 (우동),부산광역시 해운대구 우동 1494,35.16864139,129.1260362,미연계,N,N,N,경고등+경보음,2013,2025-11-05,Y,해운대구청,051-749-4491,2025-11-05,I,2026-05-15 18:45:46,2025-11-05 15:36:04
3330000,202033300000900005,82000007,방범용,화장실,APEC나루공원 1호 화장실,부산광역시 해운대구 수영강변대로 93 (우동),부산광역시 해운대구 우동 1494,35.16864139,129.1260362,미연계,N,N,N,경고등+경보음,2013,2025-11-05,Y,해운대구청,051-749-4491,2025-11-05,I,2026-05-15 18:45:46,2025-11-05 15:35:37
3330000,202033300000900003,82000004,방범용,화장실,대천공원 1호 화장실,"부산광역시 해운대구 장산로 331-18, 대천공원2호화장실 (좌동)",부산광역시 해운대구 좌동 1390 대천공원2호화장실,35.181524,129.167129,양방향,Y,N,N,경고등+경보음,2013,2025-11-05,Y,해운대구청 늘푸른과,051-749-4844,2025-11-05,I,2026-05-15 18:45:46,2026-05-07 15:10:51
3330000,202433300000900004,202400004,방범용,화장실,재송소공원 공중화장실,부산광역시 해운대구 해운대로383번길 573 (재송동),부산광역시 해운대구 재송동 138-2,35.18856,129.1344,양방향,Y,N,N,,2023,2026-03-17,Y,해운대구청 늘푸른과,051-749-4544,2025-11-05,I,2026-05-15 18:45:46,2026-05-07 14:58:58
3330000,202433300000900001,202400001,방범용,화장실,우동임도 공중화장실,"부산광역시 해운대구 해운대로383번길 478, 성불사임도 화장실 (재송동)",부산광역시 해운대구 재송동 산 74-1 성불사임도 화장실,35.18400,129.1345,양방향,Y,N,N,,2024,2026-03-17,Y,해운대구청 늘푸른과 산림관리팀,051-749-4544,2025-11-05,I,2026-05-15 18:45:46,2026-05-07 15:00:11
3330000,202433300000900006,202400006,방범용,화장실,장산 정상 공중화장실,"부산광역시 해운대구 장산로 331-187, 장산 정상 공중화장실 (반여동)",부산광역시 해운대구 반여동 산 4-20 장산 정상 공중화장실,35.19399,129.1451,단방향,N,N,N,,2024,2026-03-17,Y,해운대구청 늘푸른과,051-749-4544,2025-11-05,I,2026-05-15 18:45:46,2026-05-07 14:58:14
3330000,202033300000900010,82000012,방범용,화장실,명장공원(반여저류) 화장실,,부산광역시 해운대구 반여동 604,35.20953283,129.1146466,미연계,N,N,N,경고등+경보음,2019,2026-03-11,Y,해운대구청 늘푸른과,051-749-7621,2026-05-08,I,2026-05-15 18:45:46,2026-05-08 16:21:11
3330000,202033300000900011,82000011,방범용,화장실,반송공원 간이화장실,"부산광역시 해운대구 반송순환로 100-53, 반송공원 간이화장실 (반송동)",부산광역시 해운대구 반송동 844-2,35.2215765,129.1618295,양방향,Y,N,N,경고등+경보음,2020,2026-03-11,Y,해운대구청 늘푸른과,051-749-7621,2026-05-08,I,2026-05-15 18:45:46,2026-05-08 15:23:37
3330000,202433300000900003,202400003,방범용,화장실,오봉산 숲 놀이터 공중화장실,"부산광역시 해운대구 재반로 301, 반여초등학교 (반여동)",부산광역시 해운대구 반여동 1600-12 반여초등학교,35.20278,129.1291,양방향,Y,N,N,,2023,2026-03-17,Y,해운대구청 늘푸른과,051-749-4544,2025-11-05,I,2026-05-15 18:45:46,2026-05-07 14:59:17
3330000,202433300000900002,200400002,방범용,화장실,와우산 여가녹지 공중화장실,"부산광역시 해운대구 달맞이길 357, 와우산 공중화장실 (좌동)",부산광역시 해운대구 좌동 산 133-2 와우산 공중화장실,35.16840,129.1884,양방향,Y,N,N,,2024,2026-03-17,Y,해운대구청 늘푸른과,051-749-4544,2025-11-05,I,2026-05-15 18:45:46,2026-05-07 14:59:46
3330000,202433300000900005,202400005,방범용,화장실,오봉산 여가녹지 공중화장실,"부산광역시 해운대구 재반로255번길 30, 안양원경노인정 (반여동)",부산광역시 해운대구 반여동 산 134 안양원경노인정,35.20123,129.1293,양방향,Y,N,N,,2023,2026-03-17,Y,해운대구청 늘푸른과,051-749-4544,2025-11-05,I,2026-05-15 18:45:46,2026-05-07 14:58:28
3330000,202433300000900007,202400007`,방범용,화장실,장산 억새밭 공중화장실,"부산광역시 해운대구 재반로282번길 129, 장산화장실(반여지구) (반여동)",부산광역시 해운대구 반여동 산 4-1 장산화장실(반여지구),35.19965,129.1499,미연계,N,N,N,,2017,2026-03-17,Y,해운대구청 늘푸른과,051-749-4544,2025-11-05,I,2026-05-15 18:45:46,2026-05-07 14:57:54
3330000,202033300000900013,82000014,방범용,화장실,초록공원 화장실,,부산광역시 해운대구 반여동 산 111-2 초록공원,35.20338,129.13615,양방향,Y,N,N,경고등+경보음,2023,2026-03-11,Y,해운대구청 늘푸른과,051-749-7621,2026-05-08,I,2026-05-15 18:45:46,2026-05-08 15:35:27
3330000,202033300000900004,82000005,방범용,화장실,대천공원 2호 화장실,"부산광역시 해운대구 장산로 331-18, 대천공원2호화장실 (좌동)",부산광역시 해운대구 좌동 1390 대천공원2호화장실,35.181231,129.1667781,양방향,Y,N,N,경고등+경보음,2013,2025-11-05,Y,해운대구청 늘푸른과,051-749-4844,2025-11-05,I,2026-05-15 18:45:46,2026-05-07 15:10:17
3330000,202033300000900002,82000003,방범용,화장실,장산공원 화장실,부산광역시 해운대구 대천로 67번길 48,부산광역시 해운대구 좌동 1371-1,35.17440732,129.1651697,양방향,Y,N,N,경고등+경보음,2018,2025-11-05,Y,해운대구청,051-749-4491,2025-11-05,I,2026-05-15 18:45:46,2025-11-05 15:34:41
3330000,202033300000900008,82000010,방범용,화장실,꽃다래공원 화장실,,부산광역시 해운대구 반송동 산51-120,35.219018,129.156371,양방향,Y,N,N,경고등+경보음,2023,2026-03-11,Y,해운대구청 늘푸른과,051-749-7621,2026-05-08,I,2026-05-15 18:45:46,2026-05-08 15:24:55
3350000,202433500000900024,24,방범용,화장실,북문(신),부산광역시 금정구 북문로 124-2(청룡동 산2-1),,35.285208,129.064482,양방향,Y,N,N,,2024,2025-11-28,Y,금정구청,051-519-4442,2026-05-19,U,2026-05-21 03:03:03,2026-05-20 10:23:07
3350000,202433500000900020,20,방범용,화장실,동문 문화의숲,부산광역시 금정구 장전동 6-5,,35.244073,129.063768,양방향,Y,N,N,,2024,2025-11-28,Y,금정구청,051-519-4442,2026-05-19,U,2026-05-21 03:03:03,2026-05-20 10:23:45
3350000,202433500000900032,32,방범용,화장실,선동,부산광역시 금정구 선동 321,,35.266493,129.112443,양방향,Y,N,N,,2024,2025-11-28,Y,금정구청,051-519-4442,2026-05-19,U,2026-05-21 03:03:03,2026-05-20 10:17:34
3350000,202433500000900001,11,방범용,화장실,땅뫼산 산책로변,부산광역시 금정구 오륜대로 260-1,,35.24722442,129.1174179,단방향,Y,N,N,,2018,2025-11-28,Y,금정구청,051-519-4442,2026-05-19,U,2026-05-21 03:03:03,2026-05-20 10:26:38
3350000,202433500000900015,15,방범용,화장실,회동호 치유숲길,부산광역시 금정구 오륜동 357,,35.244993,129.115309,단방향,Y,N,N,,2022,2025-11-28,Y,금정구청,051-519-4442,2026-05-19,U,2026-05-21 03:03:03,2026-05-20 10:24:27
3350000,202433500000900022,22,방범용,화장실,서문,부산광역시 금정구 금성동 산86-1,,35.251563,129.046654,양방향,Y,N,N,,2024,2025-11-28,Y,금정구청,051-519-4442,2026-05-19,U,2026-05-21 03:03:03,2026-05-20 10:23:27
3350000,202433500000900021,21,방범용,화장실,윤산 산림욕장,부산광역시 금정구 금사동 산9,,35.230428,129.105578,양방향,Y,N,N,,2024,2025-11-28,Y,금정구청,051-519-4442,2026-05-19,U,2026-05-21 03:03:03,2026-05-20 10:23:36
3350000,202433500000900030,30,방범용,화장실,금정산성광장(2),부산광역시 금정구 산성로 501-2(금성동 686),,35.246111,129.056789,양방향,Y,N,N,,2024,2025-11-28,Y,금정구청,051-519-4442,2026-05-19,U,2026-05-21 03:03:03,2026-05-20 10:21:52
3350000,202433500000900029,29,방범용,화장실,금정산 등산로변,부산광역시 금정구 범어사로 246-1(청룡동 566),,35.287664,129.069122,양방향,Y,N,N,,2024,2025-11-28,Y,금정구청,051-519-4442,2026-05-19,U,2026-05-21 03:03:03,2026-05-20 10:22:03
3350000,202433500000900025,25,방범용,화장실,갈맷길(신천교),부산광역시 금정구 선동 1031-6,,35.276426,129.108888,양방향,Y,N,N,,2024,2025-11-28,Y,금정구청,051-519-4442,2026-05-19,U,2026-05-21 03:03:03,2026-05-20 10:22:42
3350000,202433500000900031,31,방범용,화장실,선동주차장,부산광역시 금정구 선동 720-2,,35.265625,129.109412,양방향,Y,N,N,,2024,2025-11-28,Y,금정구청,051-519-4442,2026-05-19,U,2026-05-21 03:03:03,2026-05-20 10:17:53
3350000,202433500000900018,18,방범용,화장실,북문(구),부산광역시 금정구 북문로 124-1(금성동 산1-1),,35.27568,129.056186,양방향,Y,N,N,,2024,2025-11-28,Y,금정구청,051-519-4442,2026-05-19,U,2026-05-21 03:03:03,2026-05-20 10:24:02
3350000,202433500000900010,1,방범용,화장실,범어사 경외주차장,부산광역시 금정구 범어사로 267(청룡동 산2-1),,35.221923,129.103589,단방향,Y,N,N,,2016,2025-11-28,Y,금정구청,051-519-4442,2026-05-19,U,2026-05-21 03:03:03,2026-05-20 10:25:14
3350000,202433500000900028,28,방범용,화장실,금정산성광장(1),부산광역시 금정구 산성로 501-1(금성동 686),,35.246419,129.05725,양방향,Y,N,N,,2024,2025-11-28,Y,금정구청,051-519-4442,2026-05-19,U,2026-05-21 03:03:03,2026-05-20 10:22:16
3350000,202433500000900013,13,방범용,화장실,오륜동주차장,부산광역시 금정구 오륜동 672-6,,35.24778,129.101805,단방향,Y,N,N,,2021,2025-11-28,Y,금정구청,051-519-4442,2026-05-19,U,2026-05-21 03:03:03,2026-05-20 10:24:49
3350000,202433500000900006,6,방범용,화장실,윤산 등산로변 2,부산광역시 금정구 서동 461-52,,35.220982,129.098911,단방향,Y,N,N,,2017,2025-11-28,Y,금정구청,051-519-4442,2026-05-19,U,2026-05-21 03:03:03,2026-05-20 10:26:02
3350000,202433500000900017,17,방범용,화장실,남문,부산광역시 금정구 남문로 56(금성동 산69),,35.235641,129.055192,양방향,Y,N,N,,2024,2025-11-28,Y,금정구청,051-519-4442,2026-05-19,U,2026-05-21 03:03:03,2026-05-20 10:24:10
3350000,202433500000900004,8,방범용,화장실,온천천변,부산광역시 금정구 부곡동 79,,35.241526,129.089188,단방향,Y,N,N,,2018,2025-11-28,Y,금정구청,051-519-4442,2026-05-19,U,2026-05-21 03:03:03,2026-05-20 10:26:10
3350000,202433500000900007,5,방범용,화장실,아름다운,부산광역시 금정구 산성로 458,,35.249977,129.056582,단방향,Y,N,N,,2018,2025-11-28,Y,금정구청,051-519-4442,2026-05-19,U,2026-05-21 03:03:03,2026-05-20 10:25:54
3350000,202433500000900023,23,방범용,화장실,동문,부산광역시 금정구 동문로35(금성동 629-2),,35.24598,129.063163,양방향,Y,N,N,,2024,2025-11-28,Y,금정구청,051-519-4442,2026-05-19,U,2026-05-21 03:03:03,2026-05-20 10:23:17
3350000,202433500000900012,12,방범용,화장실,서동시장,부산광역시 금정구 서동 302-18,,35.21614,129.101896,단방향,Y,N,N,,2020,2025-11-28,Y,금정구청,051-519-4442,2026-05-19,U,2026-05-21 03:03:03,2026-05-20 10:24:57
3350000,202433500000900003,9,방범용,화장실,홍법사앞,부산광역시 금정구 두구로33번길 202,,35.30385874,129.1104243,단방향,Y,N,N,,2018,2025-11-28,Y,금정구청,051-519-4442,2026-05-19,U,2026-05-21 03:03:03,2026-05-20 10:26:23
3350000,202433500000900026,26,방범용,화장실,상마공영주차장,부산광역시 금정구 범어사로 308(청룡동 435-19),,35.280042,129.074598,양방향,Y,N,N,,2024,2025-11-28,Y,금정구청,051-519-4442,2026-05-19,U,2026-05-21 03:03:03,2026-05-20 10:22:32
3350000,202433500000900008,4,방범용,화장실,놀이마당,부산광역시 금정구 놀이마당로 5,,35.275869,129.087247,단방향,Y,N,N,,2018,2025-11-28,Y,금정구청,051-519-4442,2026-05-19,U,2026-05-21 03:03:03,2026-05-20 10:25:45
3350000,202433500000900019,19,방범용,화장실,윤산체육공원,부산광역시 금정구 윤산로 73-5(부곡동 산13-7),,35.239688,129.101102,양방향,Y,N,N,,2024,2025-11-28,Y,금정구청,051-519-4442,2026-05-19,U,2026-05-21 03:03:03,2026-05-20 10:23:54
3350000,202433500000900033,33,방범용,화장실,푸드앤파크,부산광역시 금정구 서곡로20번길121(금사동),,35.221081,129.109329,단방향,Y,N,N,,2023,2025-11-28,Y,금정구청,051-519-4442,2026-05-19,U,2026-05-21 03:03:03,2026-05-20 10:17:25
3350000,202433500000900027,27,방범용,화장실,갈맷길(회동수원지),부산광역시 금정구 선동 438-3,,35.271097,129.111064,양방향,Y,N,N,,2024,2025-11-28,Y,금정구청,051-519-4442,2026-05-19,U,2026-05-21 03:03:03,2026-05-20 10:22:23
3350000,202433500000900011,2,방범용,화장실,고갯마루,부산광역시 금정구 남문로 3(금성동 산69),,35.23568,129.0551,단방향,Y,N,N,,2017,2025-11-28,Y,금정구청,051-519-4442,2026-05-19,U,2026-05-21 03:03:03,2026-05-20 10:25:05
3350000,202633500000900001,7,방범용,화장실,범어숲,,부산광역시 금정구 청룡동 108-1,35.2772245,129.0868266,단방향,Y,N,N,,2026,2026-03-27,Y,금정구청,051-519-4442,2026-05-19,,2026-05-21 22:28:20,2026-05-20 10:17:00
3350000,202433500000900016,16,방범용,화장실,구민운동장,부산광역시 금정구 두구동 1482-2,,35.278842,129.104719,단방향,Y,N,N,,2023,2025-11-28,Y,금정구청,051-519-4442,2026-05-19,U,2026-05-21 03:03:03,2026-05-20 10:24:19
3350000,202433500000900014,14,방범용,화장실,수영강(회동교),부산광역시 금정구 회동동 517-1(개좌로239번길14),,35.231687,129.122047,단방향,Y,N,N,,2023,2025-11-28,Y,금정구청,051-519-4442,2026-05-19,U,2026-05-21 03:03:03,2026-05-20 10:24:38
3350000,202433500000900009,3,방범용,화장실,윤산 등산로변 1,부산광역시 금정구 서동 산 90,,35.221923,129.103589,단방향,Y,N,N,,2017,2025-11-28,Y,금정구청,051-519-4442,2026-05-19,U,2026-05-21 03:03:03,2026-05-20 10:25:22
3350000,202433500000900002,10,방범용,화장실,만남의 광장,부산광역시 금정구 중앙대로 1810,,35.24701759,129.094722,단방향,Y,N,N,,2018,2025-11-28,Y,금정구청,051-519-4442,2026-05-19,U,2026-05-21 03:03:03,2026-05-20 10:26:30
3360000,202633600000900035,강서-방범-414,방범용,가로변,명지2)4253-14_아진빌라 옆,부산광역시,부산광역시 강서구 명지2동 4253-14,35.087399,128.911216,양방향,N,N,N,,2024,2026-05-14,Y,부산광역시 강서구,051-970-4862,2026-05-15,,2026-05-16 22:28:30,2026-05-15 12:06:59
3360000,202633600000900036,강서-방범-080,방범용,가로변,신호)265_월더하임 102동앞_소방서방면_2,부산광역시,부산광역시 강서구 신호동 265,35.087405,128.879823,양방향,N,N,N,,2024,2026-05-14,Y,부산광역시 강서구,051-970-4862,2026-05-15,,2026-05-16 22:28:30,2026-05-15 12:06:59
3360000,202633600000900037,부산11-강서-0242,방범용,가로변,명지2)3260-5_행복마을_내_공원앞,부산광역시,부산광역시 강서구 명지2동 3260-5,35.08452,128.909448,양방향,N,N,N,,2024,2026-05-14,Y,부산광역시 강서구,051-970-4862,2026-05-15,,2026-05-16 22:28:30,2026-05-15 12:06:59
3360000,202633600000900038,부산-3-강서-0033,방범용,가로변,(3차)_강동동_164-1_인근사거리(방범취약지),부산광역시,부산광역시 강서구 강동동 164-1,35.2198,128.936188,양방향,N,N,N,,2024,2026-05-14,Y,부산광역시 강서구,051-970-4862,2026-05-15,,2026-05-16 22:28:30,2026-05-15 12:06:59
3360000,202633600000900039,강서-방범-198,방범용,가로변,명지2)3302_오션시티_서쪽_해안산책로,부산광역시,부산광역시 강서구 명지2동 3302,35.08362,128.89551,양방향,N,N,N,,2024,2026-05-14,Y,부산광역시 강서구,051-970-4862,2026-05-15,,2026-05-16 22:28:30,2026-05-15 12:06:59
3360000,202633600000900040,부산-9-강서-0192,방범용,가로변,9차)신호동315-1 9-191 신호공원축구장주차장,부산광역시,부산광역시 강서구 신호동 315-1,35.082447,128.871003,양방향,N,N,N,,2024,2026-05-14,Y,부산광역시 강서구,051-970-4862,2026-05-15,,2026-05-16 22:28:30,2026-05-15 12:06:59
3360000,202633600000900041,강서-방범-274,방범용,가로변,명지1)3222_명지새동네공원,부산광역시,부산광역시 강서구 명지1동 3222,35.110073,128.932477,양방향,N,N,N,,2024,2026-05-14,Y,부산광역시 강서구,051-970-4862,2026-05-15,,2026-05-16 22:28:30,2026-05-15 12:06:59
3360000,202633600000900042,강서-방범-310,방범용,가로변,명지1)3221-4_해양경찰서_명지파출소뒷편,부산광역시,부산광역시 강서구 명지1동 3221-4,35.10675,128.931288,양방향,N,N,N,,2024,2026-05-14,Y,부산광역시 강서구,051-970-4862,2026-05-15,,2026-05-16 22:28:30,2026-05-15 12:06:59
3360000,202633600000900043,부산-13-강서-0258,방범용,가로변,(14차)명지국제6로318번길_54_울림공원_회전,부산광역시,부산광역시 강서구 명지동 3392,35.102339,128.926712,양방향,N,N,N,,2024,2026-05-14,Y,부산광역시 강서구,051-970-4862,2026-05-15,,2026-05-16 22:28:30,2026-05-15 12:06:59
3360000,202633600000900044,강서-방범-313,방범용,가로변,대저1)1301-9_태흥적벽돌기와산업삼거리,부산광역시,부산광역시 강서구 대저1동 1301-9,35.217569,128.965711,양방향,N,N,N,,2024,2026-05-14,Y,부산광역시 강서구,051-970-4862,2026-05-15,,2026-05-16 22:28:30,2026-05-15 12:06:59
3360000,202633600000900045,부산-9-강서-0188,방범용,가로변,(9차)오션초후문_명지동3241-3(9-188),부산광역시,부산광역시 강서구 명지동 3241-3,35.079959,128.907824,양방향,N,N,N,,2024,2026-05-14,Y,부산광역시 강서구,051-970-4862,2026-05-15,,2026-05-16 22:28:30,2026-05-15 12:06:59
3360000,202633600000900046,부산-2-강서-0006,방범용,가로변,(2차)강동동101-64_대사초교,부산광역시,부산광역시 강서구 강동동 101-64,35.220685,128.939369,양방향,N,N,N,,2024,2026-05-14,Y,부산광역시 강서구,051-970-4862,2026-05-15,,2026-05-16 22:28:30,2026-05-15 12:06:59
3360000,202633600000900071,강서-방범-480,방범용,가로변,EDC)명지_에코델타_단독7블록_3-4필지_앞(사거리)0,부산광역시,부산광역시 강서구 명지동 2998-9,35.129866,128.912442,양방향,N,N,N,,2024,2026-05-14,Y,부산광역시 강서구,051-970-4862,2026-05-15,,2026-05-16 22:28:30,2026-05-15 12:06:59
3360000,202633600000900072,강서-방범-481,방범용,가로변,EDC)명지_에코델타_단독7블록_8-10필지_앞(사거리)0,부산광역시,부산광역시 강서구 명지동 2993-5,35.131264,128.912814,양방향,N,N,N,,2024,2026-05-14,Y,부산광역시 강서구,051-970-4862,2026-05-15,,2026-05-16 22:28:30,2026-05-15 12:06:59
3360000,202633600000900073,강서-방범-482,방범용,가로변,EDC)명지_에코델타_단독7블록_9-10필지_앞(사거리)0,부산광역시,부산광역시 강서구 명지동 3006,35.130935,128.91317,양방향,N,N,N,,2024,2026-05-14,Y,부산광역시 강서구,051-970-4862,2026-05-15,,2026-05-16 22:28:30,2026-05-15 12:06:59
3360000,202633600000900074,강서-방범-483,방범용,가로변,EDC)명지_에코델타_단독7블록_1필지_앞_원형교차로0,부산광역시,부산광역시 강서구 명지동 2990-15,35.132574,128.913473,양방향,N,N,N,,2024,2026-05-14,Y,부산광역시 강서구,051-970-4862,2026-05-15,,2026-05-16 22:28:30,2026-05-15 12:06:59
3360000,202633600000900106,강서-방범-515,방범용,가로변,EDC)명지_에코델타_지원6블록_6필지_앞(공원보도)0,부산광역시,부산광역시 강서구 명지동 3084-20,35.121773,128.917739,양방향,N,N,N,,2024,2026-05-14,Y,부산광역시 강서구,051-970-4862,2026-05-15,,2026-05-16 22:28:29,2026-05-15 12:06:59
3360000,202633600000900107,강서-방범-516,방범용,가로변,EDC)명지_에코델타_지원9블록_1필지_앞(삼거리)0,부산광역시,부산광역시 강서구 명지동 3120-7,35.120639,128.917424,양방향,N,N,N,,2024,2026-05-14,Y,부산광역시 강서구,051-970-4862,2026-05-15,,2026-05-16 22:28:29,2026-05-15 12:06:59
3360000,202633600000900108,강서-방범-517,방범용,가로변,EDC)명지_에코델타_주차장35블록_앞(삼거리)0,부산광역시,부산광역시 강서구 명지동 3117-1,35.120521,128.916091,양방향,N,N,N,,2024,2026-05-14,Y,부산광역시 강서구,051-970-4862,2026-05-15,,2026-05-16 22:28:29,2026-05-15 12:06:59
3360000,202633600000900109,강서-방범-518,방범용,가로변,EDC)명지_에코델타_근린공원_5호_하부_도로0,부산광역시,부산광역시 강서구 명지동 3119-5,35.121037,128.916992,양방향,N,N,N,,2024,2026-05-14,Y,부산광역시 강서구,051-970-4862,2026-05-15,,2026-05-16 22:28:29,2026-05-15 12:06:59
3360000,202633600000900004,강서-방범-785,방범용,가로변,명지1)1342-4_라온하우스_맞은편,부산광역시,부산광역시 강서구 명지1동 1342-4,35.10675,128.92694,양방향,N,N,N,,2024,2026-05-14,Y,부산광역시 강서구,051-970-4862,2026-05-15,,2026-05-16 22:28:30,2026-05-15 12:06:59
3360000,202633600000900003,강서-재난-010,방범용,가로변,천성)1654_1_천성항방파제_등대,부산광역시,부산광역시 강서구 천성동 838,35.027087,128.808613,양방향,N,N,N,,2024,2026-05-14,Y,부산광역시 강서구,051-970-4862,2026-05-15,,2026-05-16 22:28:30,2026-05-15 12:06:59
3360000,202633600000900013,강서-방범-521,방범용,가로변,대저1)1318-51_서연정사거리,부산광역시,부산광역시 강서구 대저1동1318-51,35.217762,128.967717,양방향,N,N,N,,2024,2026-05-14,Y,부산광역시 강서구,051-970-4862,2026-05-15,,2026-05-16 22:28:30,2026-05-15 12:06:59
3360000,202633600000900014,강서-방범-074,방범용,가로변,강동)661-334_대사1구입구,부산광역시,부산광역시 강서구 강동동 661-334,35.220274,128.931699,양방향,N,N,N,,2024,2026-05-14,Y,부산광역시 강서구,051-970-4862,2026-05-15,,2026-05-16 22:28:30,2026-05-15 12:06:59
3360000,202633600000900015,강서-방범-277,방범용,가로변,명지1)227-1_명지농협인근,부산광역시,부산광역시 강서구 명지1동 227-1,35.111474,128.92443,양방향,N,N,N,,2024,2026-05-14,Y,부산광역시 강서구,051-970-4862,2026-05-15,,2026-05-16 22:28:30,2026-05-15 12:06:59
3360000,202633600000900016,부산-5-강서-0084,방범용,가로변,명지동_3214-1_평창면옥사거리,부산광역시,부산광역시 강서구 명지동 3214-1,35.108464,128.931553,양방향,N,N,N,,2024,2026-05-14,Y,부산광역시 강서구,051-970-4862,2026-05-15,,2026-05-16 22:28:30,2026-05-15 12:06:59
3360000,202633600000900020,강서-방범-361,방범용,가로변,지사)과학산단로334번길26_세븐일레븐사거리,부산광역시,부산광역시 강서구 지사동 1192-8,35.149982,128.834575,양방향,N,N,N,,2024,2026-05-14,Y,부산광역시 강서구,051-970-4862,2026-05-15,,2026-05-16 22:28:30,2026-05-15 12:06:59
3360000,202633600000900031,부산-8-강서-0168,방범용,가로변,(8차)신호동234-6_소정공원,부산광역시,부산광역시 강서구 신호동 234-6,35.084362,128.87922,양방향,N,N,N,,2024,2026-05-14,Y,부산광역시 강서구,051-970-4862,2026-05-15,,2026-05-16 22:28:30,2026-05-15 12:06:59
3360000,202633600000900087,강서-방범-496,방범용,가로변,EDC)명지_에코델타_아일랜드_건축사무소_앞(삼거리)0,부산광역시,부산광역시 강서구 명지동 3025-5,35.129661,128.91632,양방향,N,N,N,,2024,2026-05-14,Y,부산광역시 강서구,051-970-4862,2026-05-15,,2026-05-16 22:28:29,2026-05-15 12:06:59
3360000,202633600000900047,부산15-강서-0263,방범용,가로변,(15차)대진트레이닥트물류센터_앞_대저로_127,부산광역시,부산광역시 강서구 대저1동 775-6,35.215144,128.966564,양방향,N,N,N,,2024,2026-05-14,Y,부산광역시 강서구,051-970-4862,2026-05-15,,2026-05-16 22:28:30,2026-05-15 12:06:59
3360000,202633600000900048,강서-방범-938,방범용,가로변,대저1)1318-82_서연정소공원,부산광역시,부산광역시 강서구 대저1동 1318-82,35.218413,128.968114,양방향,N,N,N,,2024,2026-05-14,Y,부산광역시 강서구,051-970-4862,2026-05-15,,2026-05-16 22:28:30,2026-05-15 12:06:59
3360000,202633600000900049,강서-방범-371,방범용,가로변,신호)203_둘레길1,부산광역시,부산광역시 강서구 신호동 203,35.079793,128.882301,양방향,N,N,N,,2024,2026-05-14,Y,부산광역시 강서구,051-970-4862,2026-05-15,,2026-05-16 22:28:30,2026-05-15 12:06:59
3360000,202633600000900050,강서-방범-372,방범용,가로변,신호)203_둘레길2,부산광역시,부산광역시 강서구 신호동 203,35.07963,128.883809,양방향,N,N,N,,2024,2026-05-14,Y,부산광역시 강서구,051-970-4862,2026-05-15,,2026-05-16 22:28:30,2026-05-15 12:06:59
3360000,202633600000900053,강서-방범-375,방범용,가로변,신호)203_둘레길5,부산광역시,부산광역시 강서구 신호동 203,35.085317,128.885058,양방향,N,N,N,,2024,2026-05-14,Y,부산광역시 강서구,051-970-4862,2026-05-15,,2026-05-16 22:28:30,2026-05-15 12:06:59
3360000,202633600000900054,강서-방범-376,방범용,가로변,신호)203_둘레길6,부산광역시,부산광역시 강서구 신호동 203,35.087722,128.88598,양방향,N,N,N,,2024,2026-05-14,Y,부산광역시 강서구,051-970-4862,2026-05-15,,2026-05-16 22:28:30,2026-05-15 12:06:59
3360000,202633600000900057,강서-방범-883,방범용,가로변,명지1)3392_울림공원_1_놀이터,부산광역시,부산광역시 강서구 명지동 3392,35.102312,129.927213,양방향,N,N,N,,2026,2026-05-14,Y,부산광역시 강서구,051-970-4862,2026-05-15,,2026-05-16 22:28:30,2026-05-15 12:06:59
3360000,202633600000900058,강서-방범-884,방범용,가로변,명지1)3392_울림공원_2_놀이터,부산광역시,부산광역시 강서구 명지동 3392,35.10189,128.926866,양방향,N,N,N,,2026,2026-05-14,Y,부산광역시 강서구,051-970-4862,2026-05-15,,2026-05-16 22:28:30,2026-05-15 12:06:59
3360000,202633600000900059,강서-방범-885,방범용,가로변,명지1)3439_너울공원_1_놀이터,부산광역시,부산광역시 강서구 명지동 3439,35.095823,128.925123,양방향,N,N,N,,2026,2026-05-14,Y,부산광역시 강서구,051-970-4862,2026-05-15,,2026-05-16 22:28:30,2026-05-15 12:06:59
3360000,202633600000900060,강서-방범-886,방범용,가로변,명지1)3439_너울공원_2_놀이터,부산광역시,부산광역시 강서구 명지동 3439,35.095256,128.924759,양방향,N,N,N,,2026,2026-05-14,Y,부산광역시 강서구,051-970-4862,2026-05-15,,2026-05-16 22:28:30,2026-05-15 12:06:59
3360000,202633600000900061,강서-방범-923,방범용,가로변,명지1)3681_울림공원_진출입로_농구장_옆,부산광역시,부산광역시 강서구 명지동 3392,35.100849,128.926529,양방향,N,N,N,,2026,2026-05-14,Y,부산광역시 강서구,051-970-4862,2026-05-15,,2026-05-16 22:28:30,2026-05-15 12:06:59
3360000,202633600000900062,강서-방범-924,방범용,가로변,명지1)3681_울림공원_진출입로_화장실_옆,부산광역시,부산광역시 강서구 명지동 3392,35.098909,128.925874,양방향,N,N,N,,2026,2026-05-14,Y,부산광역시 강서구,051-970-4862,2026-05-15,,2026-05-16 22:28:30,2026-05-15 12:06:59
3360000,202633600000900063,강서-방범-925,방범용,가로변,명지1)3439_너울공원_진출입로_이디야인근,부산광역시,부산광역시 강서구 명지동 3439,35.095896,128.925018,양방향,N,N,N,,2026,2026-05-14,Y,부산광역시 강서구,051-970-4862,2026-05-15,,2026-05-16 22:28:30,2026-05-15 12:06:59
3360000,202633600000900064,강서-방범-926,방범용,가로변,명지1)3439_너울공원_진출입로_버거킹인근,부산광역시,부산광역시 강서구 명지동 3439,35.094253,128.92235,양방향,N,N,N,,2026,2026-05-14,Y,부산광역시 강서구,051-970-4862,2026-05-15,,2026-05-16 22:28:30,2026-05-15 12:06:59
3360000,202633600000900065,강서-방범-927,방범용,가로변,명지1)3247_명지근린공원_출입구_운동장방면,부산광역시,부산광역시 강서구 명지동 3247,35.087166,128.904118,양방향,N,N,N,,2026,2026-05-14,Y,부산광역시 강서구,051-970-4862,2026-05-15,,2026-05-16 22:28:30,2026-05-15 12:06:59
3360000,202633600000900066,강서-방범-928,방범용,가로변,명지1)3247_명지근린공원_출입구_놀이터옆,부산광역시,부산광역시 강서구 명지동 3247,35.087331,128.906914,양방향,N,N,N,,2026,2026-05-14,Y,부산광역시 강서구,051-970-4862,2026-05-15,,2026-05-16 22:28:30,2026-05-15 12:06:59
3360000,202633600000900067,강서-방범-929,방범용,가로변,명지1)3229-21_무더위쉼터_바다공원정자,부산광역시,부산광역시 강서구 명지동 3247,35.08718,128.90018,양방향,N,N,N,,2026,2026-05-14,Y,부산광역시 강서구,051-970-4862,2026-05-15,,2026-05-16 22:28:30,2026-05-15 12:06:59
3360000,202633600000900068,강서-방범-477,방범용,가로변,EDC)명지_에코델타_단독7블록_2-4필지_앞0,부산광역시,부산광역시 강서구 명지동 2994-3,35.131177,128.911183,양방향,N,N,N,,2024,2026-05-14,Y,부산광역시 강서구,051-970-4862,2026-05-15,,2026-05-16 22:28:30,2026-05-15 12:06:59
3360000,202633600000900069,강서-방범-478,방범용,가로변,EDC)명지_에코델타_단독7블록_8-5필지_앞0,부산광역시,부산광역시 강서구 명지동 2994-2,35.131042,128.911676,양방향,N,N,N,,2024,2026-05-14,Y,부산광역시 강서구,051-970-4862,2026-05-15,,2026-05-16 22:28:30,2026-05-15 12:06:59
3360000,202633600000900070,강서-방범-479,방범용,가로변,EDC)명지_에코델타_단독7블록_3-9필지_앞0,부산광역시,부산광역시 강서구 명지동 2998-6,35.130343,128.911922,양방향,N,N,N,,2024,2026-05-14,Y,부산광역시 강서구,051-970-4862,2026-05-15,,2026-05-16 22:28:30,2026-05-15 12:06:59
3360000,202633600000900075,강서-방범-484,방범용,가로변,EDC)명지_에코델타_단독7블록_29-1필지_앞0,부산광역시,부산광역시 강서구 명지동 2999-3,35.132207,128.913294,양방향,N,N,N,,2024,2026-05-14,Y,부산광역시 강서구,051-970-4862,2026-05-15,,2026-05-16 22:28:30,2026-05-15 12:06:59
3360000,202633600000900076,강서-방범-485,방범용,가로변,EDC)명지_에코델타_프로부동산_앞(사거리)0,부산광역시,부산광역시 강서구 명지동 3005-8,35.131263,128.914125,양방향,N,N,N,,2024,2026-05-14,Y,부산광역시 강서구,051-970-4862,2026-05-15,,2026-05-16 22:28:30,2026-05-15 12:06:59
3360000,202633600000900077,강서-방범-486,방범용,가로변,EDC)명지_에코델타_에코델타5로0,부산광역시,부산광역시 강서구 명지동 3005-21,35.131048,128.914905,양방향,N,N,N,,2024,2026-05-14,Y,부산광역시 강서구,051-970-4862,2026-05-15,,2026-05-16 22:28:30,2026-05-15 12:06:59
3360000,202633600000900051,강서-방범-373,방범용,가로변,신호)203_둘레길3,부산광역시,부산광역시 강서구 신호동 203,35.080885,128.883357,양방향,N,N,N,,2024,2026-05-14,Y,부산광역시 강서구,051-970-4862,2026-05-15,,2026-05-16 22:28:30,2026-05-15 12:06:59
3360000,202633600000900052,강서-방범-374,방범용,가로변,신호)203_둘레길4,부산광역시,부산광역시 강서구 신호동 203,35.085317,128.885058,양방향,N,N,N,,2024,2026-05-14,Y,부산광역시 강서구,051-970-4862,2026-05-15,,2026-05-16 22:28:30,2026-05-15 12:06:59
3360000,202633600000900111,강서-방범-520,방범용,가로변,EDC)명지_에코델타_근린공원_5호_상부_도로0,부산광역시,부산광역시 강서구 명지동 3084-6,35.122463,128.917004,양방향,N,N,N,,2024,2026-05-14,Y,부산광역시 강서구,051-970-4862,2026-05-15,,2026-05-16 22:28:29,2026-05-15 12:06:59
3360000,202633600000900088,강서-방범-497,방범용,가로변,EDC)명지_에코델타_스마트정수장_앞_원형교차로0,부산광역시,부산광역시 강서구 명지동 3020-6,35.129607,128.917112,양방향,N,N,N,,2024,2026-05-14,Y,부산광역시 강서구,051-970-4862,2026-05-15,,2026-05-16 22:28:29,2026-05-15 12:06:59
3360000,202633600000900089,강서-방범-498,방범용,가로변,EDC)명지_에코델타_단독7블록_17-4필지_앞(삼거리)0,부산광역시,부산광역시 강서구 명지동 3027-4,35.128871,128.915844,양방향,N,N,N,,2024,2026-05-14,Y,부산광역시 강서구,051-970-4862,2026-05-15,,2026-05-16 22:28:29,2026-05-15 12:06:59
3360000,202633600000900091,강서-방범-500,방범용,가로변,EDC)명지_에코델타_청8블록_옆_공원0,부산광역시,부산광역시 강서구 명지동 3021-4,35.128104,128.918658,양방향,N,N,N,,2024,2026-05-14,Y,부산광역시 강서구,051-970-4862,2026-05-15,,2026-05-16 22:28:29,2026-05-15 12:06:59
3360000,202633600000900092,강서-방범-501,방범용,가로변,EDC)명지_에코델타_연구3블록_옆_공원0,부산광역시,부산광역시 강서구 명지동 3033,35.128743,128.912844,양방향,N,N,N,,2024,2026-05-14,Y,부산광역시 강서구,051-970-4862,2026-05-15,,2026-05-16 22:28:29,2026-05-15 12:06:59
3360000,202633600000900110,강서-방범-519,방범용,가로변,EDC)명지_에코델타_산업23블록_옆_공원측0,부산광역시,부산광역시 강서구 명지동 3084-15,35.122011,128.916268,양방향,N,N,N,,2024,2026-05-14,Y,부산광역시 강서구,051-970-4862,2026-05-15,,2026-05-16 22:28:29,2026-05-15 12:06:59
3360000,202633600000900085,강서-방범-494,방범용,가로변,EDC)명지_에코델타_단독7블록_1-53필지_앞(사거리)0,부산광역시,부산광역시 강서구 명지동 3027-7,35.12899,128.915208,양방향,N,N,N,,2024,2026-05-14,Y,부산광역시 강서구,051-970-4862,2026-05-15,,2026-05-16 22:28:29,2026-05-15 12:06:59
3360000,202633600000900090,강서-방범-499,방범용,가로변,EDC)명지_에코델타_단독7블록_19-3필지_앞(삼거리)0,부산광역시,부산광역시 강서구 명지동 3025-4,35.129088,128.916508,양방향,N,N,N,,2024,2026-05-14,Y,부산광역시 강서구,051-970-4862,2026-05-15,,2026-05-16 22:28:29,2026-05-15 12:06:59
3360000,202633600000900093,강서-방범-502,방범용,가로변,EDC)명지_에코델타_어린이공원9_옆_보도0,부산광역시,부산광역시 강서구 명지동 3006-6,35.130358,128.914181,양방향,N,N,N,,2024,2026-05-14,Y,부산광역시 강서구,051-970-4862,2026-05-15,,2026-05-16 22:28:29,2026-05-15 12:06:59
3360000,202633600000900094,강서-방범-503,방범용,가로변,EDC)명지_에코델타_남도설렁탕0,부산광역시,부산광역시 강서구 명지동 2992-4,35.131654,128.912339,양방향,N,N,N,,2024,2026-05-14,Y,부산광역시 강서구,051-970-4862,2026-05-15,,2026-05-16 22:28:29,2026-05-15 12:06:59
3360000,202633600000900095,강서-방범-504,방범용,가로변,EDC)명지_에코델타_에코델타스마트로_원형교차로0,부산광역시,부산광역시 강서구 명지동 3031-9,35.128273,128.913175,양방향,N,N,N,,2024,2026-05-14,Y,부산광역시 강서구,051-970-4862,2026-05-15,,2026-05-16 22:28:29,2026-05-15 12:06:59
3360000,202633600000900096,강서-방범-505,방범용,가로변,EDC)명지_에코델타_에코델타스마트로-95번길_교차로0,부산광역시,부산광역시 강서구 명지동 3023-11,35.127772,128.916888,양방향,N,N,N,,2024,2026-05-14,Y,부산광역시 강서구,051-970-4862,2026-05-15,,2026-05-16 22:28:29,2026-05-15 12:06:59
3360000,202633600000900097,강서-방범-506,방범용,가로변,EDC)명지_에코델타_청8블록_앞_스마트로_변0,부산광역시,부산광역시 강서구 명지동 3022,35.127606,128.918571,양방향,N,N,N,,2024,2026-05-14,Y,부산광역시 강서구,051-970-4862,2026-05-15,,2026-05-16 22:28:29,2026-05-15 12:06:59
3360000,202633600000900098,강서-방범-507,방범용,가로변,EDC)명지_에코델타_청10블록_앞_삼거리0,부산광역시,부산광역시 강서구 명지동 3199-7,35.128094,128.919469,양방향,N,N,N,,2024,2026-05-14,Y,부산광역시 강서구,051-970-4862,2026-05-15,,2026-05-16 22:28:29,2026-05-15 12:06:59
3360000,202633600000900099,강서-방범-508,방범용,가로변,EDC)명지_에코델타_총6블록_앞_삼거리0,부산광역시,부산광역시 강서구 명지동 3025-1,35.128384,128.917179,양방향,N,N,N,,2024,2026-05-14,Y,부산광역시 강서구,051-970-4862,2026-05-15,,2026-05-16 22:28:29,2026-05-15 12:06:59
3360000,202633600000900100,강서-방범-509,방범용,가로변,EDC)명지_에코델타_단독7블록_6-6필지_앞(삼거리)0,부산광역시,부산광역시 강서구 명지동 3027-10,35.128934,128.915018,양방향,N,N,N,,2024,2026-05-14,Y,부산광역시 강서구,051-970-4862,2026-05-15,,2026-05-16 22:28:29,2026-05-15 12:06:59
3360000,202633600000900101,강서-방범-510,방범용,가로변,EDC)명지_에코델타_단독7블록_5-2필지_앞(삼거리)0,부산광역시,부산광역시 강서구 명지동 3027-16,35.129456,128.913301,양방향,N,N,N,,2024,2026-05-14,Y,부산광역시 강서구,051-970-4862,2026-05-15,,2026-05-16 22:28:29,2026-05-15 12:06:59
3360000,202633600000900024,강서-방범-434,방범용,가로변,명지1)4251-34_마을진입다리앞,부산광역시,부산광역시 강서구 명지동 173-2,35.112203,128.924146,양방향,N,N,N,,2024,2026-05-14,Y,부산광역시 강서구,051-970-4862,2026-05-15,,2026-05-16 22:28:30,2026-05-15 12:06:59
3360000,202633600000900025,강서-방범-370,방범용,가로변,화전)574-6_아름드리빌라앞,부산광역시,부산광역시 강서구 화전동 574-6,35.109481,128.880265,양방향,N,N,N,,2024,2026-05-14,Y,부산광역시 강서구,051-970-4862,2026-05-15,,2026-05-16 22:28:30,2026-05-15 12:06:59
3360000,202633600000900026,강서-방범-258,방범용,가로변,화전)564-1_세븐일레븐화전점,부산광역시,부산광역시 강서구 화전동 564-1,35.110929,128.878521,양방향,N,N,N,,2024,2026-05-14,Y,부산광역시 강서구,051-970-4862,2026-05-15,,2026-05-16 22:28:30,2026-05-15 12:06:59
3360000,202633600000900012,강서-방범-784-0,방범용,가로변,명지1)3209-17_명지새동네빌라촌,부산광역시,부산광역시 강서구 명지동3209-17,35.109212,128.932073,양방향,N,N,N,,2024,2026-05-14,Y,부산광역시 강서구,051-970-4862,2026-05-15,,2026-05-16 22:28:30,2026-05-15 12:06:59
3360000,202633600000900017,강서-방범-286,방범용,가로변,명지1)335_명지새동네동원빌라앞사거리,부산광역시,부산광역시 강서구 명지동 3212-11,35.107734,128.930862,양방향,N,N,N,,2024,2026-05-14,Y,부산광역시 강서구,051-970-4862,2026-05-15,,2026-05-16 22:28:30,2026-05-15 12:06:59
3360000,202633600000900018,부산-5-강서-0074,방범용,가로변,(5차)_명지동_3267-12_행복마을입구,부산광역시,부산광역시 강서구 명지동 3267-12,35.08441,128.911139,양방향,N,N,N,,2024,2026-05-14,Y,부산광역시 강서구,051-970-4862,2026-05-15,,2026-05-16 22:28:30,2026-05-15 12:06:59
3360000,202633600000900019,강서-방범-308,방범용,가로변,화전)산단5로132번길6_gs편의점_화전본점,부산광역시,부산광역시 강서구 화전동 635,35.110222,128.878779,양방향,N,N,N,,2024,2026-05-14,Y,부산광역시 강서구,051-970-4862,2026-05-15,,2026-05-16 22:28:30,2026-05-15 12:06:59
3360000,202633600000900021,강서-방범-240,방범용,가로변,범방)342-21_통합이주단지_북쪽출입구,부산광역시,부산광역시 강서구 범방동 342-21,35.150061,128.879989,양방향,N,N,N,,2024,2026-05-14,Y,부산광역시 강서구,051-970-4862,2026-05-15,,2026-05-16 22:28:30,2026-05-15 12:06:59
3360000,202633600000900022,강서-방범-261,방범용,가로변,신호)223-17_영진돼지국밥,부산광역시,부산광역시 강서구 신호동 223-17,35.084472,128.879825,양방향,N,N,N,,2024,2026-05-14,Y,부산광역시 강서구,051-970-4862,2026-05-15,,2026-05-16 22:28:30,2026-05-15 12:06:59
3360000,202633600000900023,강서-방범-413,방범용,가로변,명지2)3251-13_돈오리앞사거리,부산광역시,부산광역시 강서구 명지동 3261,35.086737,128.911427,양방향,N,N,N,,2024,2026-05-14,Y,부산광역시 강서구,051-970-4862,2026-05-15,,2026-05-16 22:28:30,2026-05-15 12:06:59
3360000,202633600000900027,강서-방범-254,방범용,가로변,지사)1192-3_부산갈매기앞,부산광역시,부산광역시 강서구 지사동 1192-3,35.150139,128.832989,양방향,N,N,N,,2024,2026-05-14,Y,부산광역시 강서구,051-970-4862,2026-05-15,,2026-05-16 22:28:30,2026-05-15 12:06:59
3360000,202633600000900028,강서-방범-311,방범용,가로변,지사)1187-15_엘리시안정문,부산광역시,부산광역시 강서구 지사동 1187-15,35.149989,128.836016,양방향,N,N,N,,2024,2026-05-14,Y,부산광역시 강서구,051-970-4862,2026-05-15,,2026-05-16 22:28:30,2026-05-15 12:06:59
3360000,202633600000900001,강서-재난-011,방범용,가로변,화전)678_화전2수문_갯벌,부산광역시,부산광역시 강서구 화전동 678,35.095155,128.888211,양방향,N,N,N,,2024,2026-05-14,Y,부산광역시 강서구,051-970-4862,2026-05-15,,2026-05-16 22:28:30,2026-05-15 12:06:59
3360000,202633600000900002,강서-재난-009,방범용,가로변,천성)1654_1_천성항방파제_입구,부산광역시,부산광역시 강서구 천성동 646,35.029947,128.809598,양방향,N,N,N,,2024,2026-05-14,Y,부산광역시 강서구,051-970-4862,2026-05-15,,2026-05-16 22:28:30,2026-05-15 12:06:59
3360000,202633600000900005,강서-방범-788-0,방범용,가로변,명지1)3214-6_행복빌앞,부산광역시,부산광역시 강서구 명지1동_3214-6,35.10789,128.931355,양방향,N,N,N,,2024,2026-05-14,Y,부산광역시 강서구,051-970-4862,2026-05-15,,2026-05-16 22:28:30,2026-05-15 12:06:59
3360000,202633600000900006,강서-방범-795-0,방범용,가로변,신호)233-21_송화빌,부산광역시,부산광역시 강서구 신호동 233-21,35.083811,128.878591,양방향,N,N,N,,2024,2026-05-14,Y,부산광역시 강서구,051-970-4862,2026-05-15,,2026-05-16 22:28:30,2026-05-15 12:06:59
3360000,202633600000900007,강서-방범-799-0,방범용,가로변,신호)253-4_루마썬팅,부산광역시,부산광역시 강서구 신호동253-4,35.081425,128.879967,양방향,N,N,N,,2024,2026-05-14,Y,부산광역시 강서구,051-970-4862,2026-05-15,,2026-05-16 22:28:30,2026-05-15 12:06:59
3360000,202633600000900008,강서-방범-805-0,방범용,가로변,화전)565-7_라원해물짬뽕옆,부산광역시,부산광역시 강서구 화전동 565-7,35.110352,128.879155,양방향,N,N,N,,2024,2026-05-14,Y,부산광역시 강서구,051-970-4862,2026-05-15,,2026-05-16 22:28:30,2026-05-15 12:06:59
3360000,202633600000900009,강서-방범-803-0,방범용,가로변,신호)234-7_주차장앞,부산광역시,부산광역시 강서구 신호산단4로 64번길14,35.084217,128.879461,양방향,N,N,N,,2024,2026-05-14,Y,부산광역시 강서구,051-970-4862,2026-05-15,,2026-05-16 22:28:30,2026-05-15 12:06:59
3360000,202633600000900010,강서-방범-774-0,방범용,가로변,대저2)2014-29_덕두시장,부산광역시,부산광역시 강서구 공항로811번다길7,35.179498,128.956323,양방향,N,N,N,,2024,2026-05-14,Y,부산광역시 강서구,051-970-4862,2026-05-15,,2026-05-16 22:28:30,2026-05-15 12:06:59
3360000,202633600000900011,강서-방범-770-0,방범용,가로변,대저1)800-23_서연정어린이집,부산광역시,부산광역시 강서구 대저1동1318-82,35.21852,128.968173,양방향,N,N,N,,2024,2026-05-14,Y,부산광역시 강서구,051-970-4862,2026-05-15,,2026-05-16 22:28:30,2026-05-15 12:06:59
3360000,202633600000900029,부산-5-강서-0083,방범용,가로변,(5차)_신호동_243_신호마을회관앞,부산광역시,부산광역시 강서구 신호동 243,35.083269,128.879942,양방향,N,N,N,,2024,2026-05-14,Y,부산광역시 강서구,051-970-4862,2026-05-15,,2026-05-16 22:28:30,2026-05-15 12:06:59
3360000,202633600000900030,부산-15-강서-0266,방범용,가로변,(15차)CU편의점 사거리(IP주),부산광역시,부산광역시 강서구 신호동 270,35.084613,128.881254,양방향,N,N,N,,2024,2026-05-14,Y,부산광역시 강서구,051-970-4862,2026-05-15,,2026-05-16 22:28:30,2026-05-15 12:06:59
3360000,202633600000900032,부산-강서-0052,방범용,가로변,(4차)_신호동_254_신호초등학교앞,부산광역시,부산광역시 강서구 신호동 254,35.082336,128.877372,양방향,N,N,N,,2024,2026-05-14,Y,부산광역시 강서구,051-970-4862,2026-05-15,,2026-05-16 22:28:30,2026-05-15 12:06:59
3360000,202633600000900033,강서-방범-422,방범용,가로변,범방)1878-1_능이칼국수앞사거리,부산광역시,부산광역시 강서구 범방동 1878-1,35.149517,128.881409,양방향,N,N,N,,2024,2026-05-14,Y,부산광역시 강서구,051-970-4862,2026-05-15,,2026-05-16 22:28:30,2026-05-15 12:06:59
3360000,202633600000900034,부산-11-강서-0241,방범용,가로변,(11차)범방동gs25앞_범방동1886-10,부산광역시,부산광역시 강서구 범방동 1886-10,35.148646,128.880912,양방향,N,N,N,,2024,2026-05-14,Y,부산광역시 강서구,051-970-4862,2026-05-15,,2026-05-16 22:28:30,2026-05-15 12:06:59
3360000,202633600000900055,강서-방범-627,방범용,가로변,명지1)3211-7_하삼동,부산광역시,부산광역시 강서구 명지동 3211-7,35.108664,128.93092,양방향,N,N,N,,2025,2026-05-14,Y,부산광역시 강서구,051-970-4862,2026-05-15,,2026-05-16 22:28:30,2026-05-15 12:06:59
3360000,202633600000900056,강서-방범-628,방범용,가로변,명지1)3216-1_강변횟집,부산광역시,부산광역시 강서구 명지동 3216-1,35.10746,128.93178,양방향,N,N,N,,2025,2026-05-14,Y,부산광역시 강서구,051-970-4862,2026-05-15,,2026-05-16 22:28:30,2026-05-15 12:06:59
3360000,202633600000900078,강서-방범-487,방범용,가로변,EDC)명지_에코델타_스마트빌리지_편의점_앞_교차로0,부산광역시,부산광역시 강서구 명지동 2988-35,35.133015,128.915253,양방향,N,N,N,,2024,2026-05-14,Y,부산광역시 강서구,051-970-4862,2026-05-15,,2026-05-16 22:28:29,2026-05-15 12:06:59
3360000,202633600000900079,강서-방범-488,방범용,가로변,EDC)명지_에코델타_스마트빌리지_103동_앞_교차로0,부산광역시,부산광역시 강서구 명지동 3004-8,35.13205,128.915857,양방향,N,N,N,,2024,2026-05-14,Y,부산광역시 강서구,051-970-4862,2026-05-15,,2026-05-16 22:28:29,2026-05-15 12:06:59
3360000,202633600000900080,강서-방범-489,방범용,가로변,EDC)명지_에코델타_단독7블록_24필지_옆_공원0,부산광역시,부산광역시 강서구 명지동 3006-7,35.12994,128.914261,양방향,N,N,N,,2024,2026-05-14,Y,부산광역시 강서구,051-970-4862,2026-05-15,,2026-05-16 22:28:29,2026-05-15 12:06:59
3360000,202633600000900081,강서-방범-490,방범용,가로변,EDC)명지_에코델타_단독7블록_23-6필지_앞(사거리)0,부산광역시,부산광역시 강서구 명지동 3006-9,35.13025,128.915126,양방향,N,N,N,,2024,2026-05-14,Y,부산광역시 강서구,051-970-4862,2026-05-15,,2026-05-16 22:28:29,2026-05-15 12:06:59
3360000,202633600000900082,강서-방범-491,방범용,가로변,EDC)명지_에코델타_단독7블록_21-6필지_앞(사거리)0,부산광역시,부산광역시 강서구 명지동 3024,35.129849,128.915852,양방향,N,N,N,,2024,2026-05-14,Y,부산광역시 강서구,051-970-4862,2026-05-15,,2026-05-16 22:28:29,2026-05-15 12:06:59
3360000,202633600000900083,강서-방범-492,방범용,가로변,EDC)명지_에코델타_단독7블록_22-5필지_앞(사거리)0,부산광역시,부산광역시 강서구 명지동 3025-9,35.129635,128.91506,양방향,N,N,N,,2024,2026-05-14,Y,부산광역시 강서구,051-970-4862,2026-05-15,,2026-05-16 22:28:29,2026-05-15 12:06:59
3360000,202633600000900084,강서-방범-493,방범용,가로변,EDC)명지_에코델타_단독7블록_14-5필지_앞(사거리)0,부산광역시,부산광역시 강서구 명지동 3027-13,35.12932,128.914209,양방향,N,N,N,,2024,2026-05-14,Y,부산광역시 강서구,051-970-4862,2026-05-15,,2026-05-16 22:28:29,2026-05-15 12:06:59
3360000,202633600000900086,강서-방범-495,방범용,가로변,EDC)명지_에코델타_단독7블록_10-6필지_앞(사거리)0,부산광역시,부산광역시 강서구 명지동 2998-5,35.13008,128.91273,양방향,N,N,N,,2024,2026-05-14,Y,부산광역시 강서구,051-970-4862,2026-05-15,,2026-05-16 22:28:29,2026-05-15 12:06:59
3360000,202633600000900102,강서-방범-511,방범용,가로변,EDC)명지_에코델타_청4_5블록_앞0,부산광역시,부산광역시 강서구 명지동 3200-2,35.128875,128.918777,양방향,N,N,N,,2024,2026-05-14,Y,부산광역시 강서구,051-970-4862,2026-05-15,,2026-05-16 22:28:29,2026-05-15 12:06:59
3360000,202633600000900103,강서-방범-512,방범용,가로변,EDC)명지_에코델타_순아양수장_앞0,부산광역시,부산광역시 강서구 명지동 457-1287,35.13045,128.910072,양방향,N,N,N,,2024,2026-05-14,Y,부산광역시 강서구,051-970-4862,2026-05-15,,2026-05-16 22:28:29,2026-05-15 12:06:59
3360000,202633600000900104,강서-방범-513,방범용,가로변,EDC)명지_에코델타_카페_그리움_앞_삼거리0,부산광역시,부산광역시 강서구 명지동 3006-5,35.130322,128.913758,양방향,N,N,N,,2024,2026-05-14,Y,부산광역시 강서구,051-970-4862,2026-05-15,,2026-05-16 22:28:29,2026-05-15 12:06:59
3360000,202633600000900105,강서-방범-514,방범용,가로변,EDC)명지_에코델타_지원6블록_1필지_앞(삼거리)0,부산광역시,부산광역시 강서구 명지동 3080-5,35.123,128.91789,양방향,N,N,N,,2024,2026-05-14,Y,부산광역시 강서구,051-970-4862,2026-05-15,,2026-05-16 22:28:29,2026-05-15 12:06:59
3370000,202333700000900004,온천천2호,방범용,화장실,온천천(백일홍),부산광역시 연제구 온천천공원길 12(맞은편),부산광역시 연제구 거제1동 155-1,35.189223,129.056081,양방향,Y,N,N,없음,2017,2022-01-28,Y,온천천관리사무소,051-665-4981,2023-04-30,I,2026-05-15 18:45:46,2023-05-08 09:34:21
3370000,202533700000900005,IP비상벨-045호,방범용,가로변,금련로38번나길24,부산광역시 연제구 금련로38번나길 24 (연산동),부산광역시 연제구 연산동 1824-9,35.1712370,129.0938369,양방향,Y,N,N,,2023,2025-10-31,Y,연제구 도시안전과,051-665-4647,2025-10-31,I,2026-05-15 18:45:46,2025-10-31 10:19:58
3370000,202333700000900008,온천천6호,방범용,화장실,온천천(영산홍),"부산광역시 연제구 온천천남로 110, 53동(맞은편)",부산광역시 연제구 거제동 2056-1,35.190858,129.102168,양방향,Y,N,N,없음,2020,2022-01-28,Y,온천천관리사무소,051-665-4981,2023-04-30,I,2026-05-15 18:45:46,2023-05-08 09:34:21
3370000,202333700000900005,온천천3호,방범용,화장실,온천천(수국),부산광역시 연제구 온천천공원길 68(맞은편),부산광역시 연제구 거제동 2056-1,35.1944254,129.0881891,양방향,Y,N,N,없음,2018,2022-01-28,Y,온천천관리사무소,051-665-4981,2023-04-30,I,2026-05-15 18:45:46,2023-05-08 09:34:21
3370000,202333700000900037,IP비상벨-011호,방범용,가로변,과정로283번나길 21(란헤어 앞 삼거리),부산광역시 연제구 과정로283번나길 21 (연산동),부산광역시 연제구 연산동 1048-3,35.18670349,129.097554,양방향,Y,N,N,CCTV,2019,2022-05-31,Y,연제구 도시안전과,051-665-4647,2023-04-30,U,2026-05-15 03:03:03,2026-05-14 14:34:17
3370000,202333700000900006,온천천4호,방범용,화장실,온천천(황매실),부산광역시 연제구 신금로23번길 30(맞은편),부산광역시 연제구 연산1동 503-1,35.192475,129.095137,양방향,Y,N,N,없음,2015,2022-01-28,Y,온천천관리사무소,051-665-4981,2023-04-30,I,2026-05-15 18:45:46,2023-05-08 09:34:21
3370000,202333700000900009,온천천7호,방범용,화장실,온천천(동백),"부산광역시 연제구 온천천남로 110, 1동(맞은편)",부산광역시 연제구 연산동 2042-1,35.19034,129.10565,양방향,Y,N,N,없음,2020,2022-01-28,Y,온천천관리사무소,051-665-4981,2023-04-30,I,2026-05-15 18:45:46,2023-05-08 09:34:21
3370000,202333700000900046,IP비상벨-002호,방범용,가로변,교대로22번길 37(MC하우스 원룸 앞),"부산광역시 연제구 교대로22번길 37 (거제동, MC하우스)",부산광역시 연제구 거제동 114-11 MC하우스,35.1968432,129.0785667,양방향,Y,N,N,CCTV,2019,2022-05-31,Y,연제구 도시안전과,051-665-4647,2023-04-30,U,2026-05-15 03:03:03,2026-05-14 14:39:32
3370000,202333700000900024,IP비상벨-024호,방범용,가로변,과정로105-7(은혜음악학원 앞 사거리),부산광역시 연제구 과정로 105-7 (연산동),부산광역시 연제구 연산동 57-28,35.181294,129.106630,양방향,Y,N,N,CCTV,2020,2022-05-31,Y,연제구 도시안전과,051-665-4647,2023-04-30,U,2026-05-15 03:03:03,2026-05-14 14:23:16
3370000,202533700000900006,IP비상벨-046호,방범용,가로변,금련로18번길 11,부산광역시 연제구 금련로18번길 11 (연산동),부산광역시 연제구 연산동 1811-339,35.1723834,129.0952930,양방향,Y,N,N,,2025,2025-10-31,Y,연제구 도시안전과,051-665-4647,2025-10-31,I,2026-05-15 18:45:46,2025-10-31 10:20:04
3370000,202433700000900002,IP비상벨-039호,방범용,가로변,고분로67번길 30-7,"부산광역시 연제구 고분로67번길 30-7, 은광교회 (연산동)",부산광역시 연제구 연산동 322-16 은광교회,35.1870987,129.0903063,양방향,Y,N,N,CCTV,2022,2022-08-31,Y,연제구 도시안전과,051-665-4647,2023-11-01,U,2026-05-15 03:03:03,2026-05-14 14:05:19
3370000,202333700000900015,IP비상벨-033호,방범용,가로변,고분로 111(준은헤어 앞),부산광역시 연제구 고분로 111 (연산동),부산광역시 연제구 연산동 988-3,35.1860127,129.094507,양방향,Y,N,N,CCTV,2021,2022-05-31,Y,연제구 도시안전과,051-665-4647,2023-04-30,U,2026-05-15 03:03:03,2026-05-14 14:13:20
3370000,202333700000900026,IP비상벨-022호,방범용,가로변,월드컵대로91번길 28(옛동산빌 앞),부산광역시 연제구 월드컵대로91번길 28 (연산동),부산광역시 연제구 연산동 715-11,35.18195075,129.0818484,양방향,Y,N,N,CCTV,2020,2022-05-31,Y,연제구 도시안전과,051-665-4647,2023-04-30,U,2026-05-15 03:03:03,2026-05-14 14:26:27
3370000,202333700000900017,IP비상벨-031호,방범용,가로변,대리로22번길 32(새나라어린이집 앞 사거리),부산광역시 연제구 대리로22번길 32 (연산동),부산광역시 연제구 연산동 656-8,35.18001028,129.0863823,양방향,Y,N,N,CCTV,2021,2022-05-31,Y,연제구 도시안전과,051-665-4647,2023-04-30,U,2026-05-15 03:03:03,2026-05-14 14:14:21
3370000,202333700000900023,IP비상벨-025호,방범용,가로변,고분로32번길 52(시장 산지직송 과일쟁이 앞),부산광역시 연제구 고분로32번길 52 (연산동),부산광역시 연제구 연산동 646-1,35.18326241,129.0856894,양방향,Y,N,N,CCTV,2020,2022-05-31,Y,연제구 도시안전과,051-665-4647,2023-04-30,U,2026-05-15 03:03:03,2026-05-14 14:19:43
3370000,202333700000900043,IP비상벨-005호,방범용,가로변,월드컵대로145번길 93(연제초등학교 인근),부산광역시 연제구 월드컵대로145번길 93,,35.18265475,129.0781912,양방향,Y,N,N,CCTV,2019,2022-05-31,Y,연제구 도시안전과,051-665-4647,2023-04-30,U,2026-05-15 03:03:03,2026-05-14 14:37:58
3370000,202333700000900013,IP비상벨-035호,방범용,가로변,고분로 240(부산참족발 앞),부산광역시 연제구 고분로 240 (연산동),부산광역시 연제구 연산동 481-2,35.18432345,129.1084176,양방향,Y,N,N,CCTV,2021,2022-05-31,Y,연제구 도시안전과,051-665-4647,2023-04-30,U,2026-05-15 03:03:03,2026-05-14 14:12:48
3370000,202333700000900001,과정공원1호,방범용,화장실,과정공원,부산광역시 연제구 과정로 227,부산광역시 연제구 연산8동 407,35.187463,129.102196,양방향,Y,N,N,없음,2024,2025-11-07,Y,연제구 자원순환과,051-665-4442,2024-03-30,U,2026-05-20 03:03:03,2026-05-19 17:43:55
3370000,202533700000900007,IP비상벨-047호,방범용,기타,연산동 952-48,,부산광역시 연제구 연산동 952-48,35.184566,129.091729,양방향,Y,N,N,,2025,2025-10-31,Y,연제구 도시안전과,051-665-4647,2025-10-31,I,2026-05-15 18:45:46,2025-10-31 10:20:12
3370000,202333700000900016,IP비상벨-032호,방범용,가로변,아시아드대로108번길 82(예동교회 입구),부산광역시 연제구 아시아드대로108번길 82 (거제동),부산광역시 연제구 거제동 199-4,35.19495234,129.0709463,양방향,Y,N,N,CCTV,2021,2022-05-31,Y,연제구 도시안전과,051-665-4647,2023-04-30,U,2026-05-15 03:03:03,2026-05-14 14:13:52
3370000,202333700000900039,IP비상벨-009호,방범용,가로변,과정로192번길 22((주)진솔컨설팅 맞은편),부산광역시 연제구 과정로192번길 22 (연산동),부산광역시 연제구 연산동 419-1,35.18892733,129.1064866,양방향,Y,N,N,CCTV,2019,2022-05-31,Y,연제구 도시안전과,051-665-4647,2023-04-30,U,2026-05-15 03:03:03,2026-05-14 14:35:39
3370000,202333700000900044,IP비상벨-004호,방범용,가로변,묘봉산로11번길 24(연산중학교 입구),"부산광역시 연제구 묘봉산로11번길 24 (연산동, 신우빌라)",부산광역시 연제구 연산동 1116-2 신우빌라,35.18372031,129.0888712,양방향,Y,N,N,CCTV,2019,2022-05-31,Y,연제구 도시안전과,051-665-4647,2023-04-30,U,2026-05-15 03:03:03,2026-05-14 14:38:26
3370000,202333700000900019,IP비상벨-029호,방범용,가로변,교대로22번길 37(거학초등학교 앞),"부산광역시 연제구 교대로22번길 37 (거제동, MC하우스)",부산광역시 연제구 거제동 114-11 MC하우스,35.196996,129.078556,양방향,Y,N,N,CCTV,2020,2022-05-31,Y,연제구 도시안전과,051-665-4647,2023-04-30,U,2026-05-15 03:03:03,2026-05-14 14:24:36
3370000,202333700000900041,IP비상벨-007호,방범용,가로변,온천천남로 164-1(동원종합카센터 앞 삼거리),부산광역시 연제구 온천천남로 164-1 (연산동),부산광역시 연제구 연산동 459-17,35.18990205,129.1083118,양방향,Y,N,N,CCTV,2019,2022-05-31,Y,연제구 도시안전과,051-665-4647,2023-04-30,U,2026-05-15 03:03:03,2026-05-14 14:36:46
3370000,202333700000900025,IP비상벨-023호,방범용,가로변,신금로17번길 30-18(종로문구사 앞),부산광역시 연제구 신금로17번길 30-18 (연산동),부산광역시 연제구 연산동 303-1,35.19158711,129.0934924,양방향,Y,N,N,CCTV,2020,2022-05-31,Y,연제구 도시안전과,051-665-4647,2023-04-30,U,2026-05-15 03:03:03,2026-05-14 14:25:51
3370000,202333700000900014,IP비상벨-034호,방범용,가로변,과정로237번길 105(CU연산엔젤점 앞 삼거리),"부산광역시 연제구 과정로237번길 105 (연산동, 리버풀하우스)",부산광역시 연제구 연산동 416-22 리버풀하우스,35.18505272,129.1062601,양방향,Y,N,N,CCTV,2021,2022-05-31,Y,연제구 도시안전과,051-665-4647,2023-04-30,U,2026-05-15 03:03:03,2026-05-14 14:10:32
3370000,202433700000900003,IP비상벨-040호,방범용,기타,월드컵대로 52(수연로 지하보도),"부산광역시 연제구 월드컵대로 52, 상원빌딩 (연산동)",부산광역시 연제구 연산동 686-6 상원빌딩,35.1791929,129.0849719,양방향,Y,N,N,CCTV,2023,2023-02-22,Y,연제구 도시안전과,051-665-4647,2023-11-01,U,2026-05-15 03:03:03,2026-05-14 14:11:52
3370000,202333700000900031,IP비상벨-017호,방범용,가로변,쌍미천로7번길 38(아이유파크 뒷골목),부산광역시 연제구 쌍미천로7번길 38 (연산동),부산광역시 연제구 연산동 2137-37,35.17488694,129.0902545,양방향,Y,N,N,CCTV,2020,2022-05-31,Y,연제구 도시안전과,051-665-4647,2023-04-30,U,2026-05-15 03:03:03,2026-05-14 14:30:20
3370000,202333700000900028,IP비상벨-020호,방범용,가로변,쌍미천로45번길 70,부산광역시 연제구 쌍미천로45번길 70 (연산동),부산광역시 연제구 연산동 1927-8,35.17469102,129.087596,양방향,Y,N,N,CCTV,2020,2022-05-31,Y,연제구 도시안전과,051-665-4647,2023-04-30,U,2026-05-15 03:03:03,2026-05-14 14:27:35
3370000,202533700000900001,IP비상벨-041호,방범용,가로변,금련로32번길 16,부산광역시 연제구 금련로32번길 16 (연산동),부산광역시 연제구 연산동 1811-783,35.1712861,129.0956929,양방향,Y,N,N,,2024,2025-10-31,Y,연제구 도시안전과,051-665-4647,2025-10-31,I,2026-05-15 18:45:46,2025-10-31 10:19:23
3370000,202333700000900012,IP비상벨-036호,방범용,가로변,거제시장로 11(버드나무한의원 앞 삼거리),부산광역시 연제구 거제시장로 11 (거제동),부산광역시 연제구 거제동 488-1,35.18059118,129.0720404,양방향,Y,N,N,CCTV,2021,2022-05-31,Y,연제구 도시안전과,051-665-4647,2023-04-30,U,2026-05-15 03:03:03,2026-05-14 14:12:31
3370000,202333700000900021,IP비상벨-027호,방범용,가로변,월드컵대로79번길 17(이오니아 근처),"부산광역시 연제구 월드컵대로79번길 17, 이오니아 (연산동)",부산광역시 연제구 연산동 719-11 이오니아,35.18111814,129.0827144,양방향,Y,N,N,CCTV,2020,2022-05-31,Y,연제구 도시안전과,051-665-4647,2023-04-30,U,2026-05-15 03:03:03,2026-05-14 14:18:38
3370000,202433700000900001,한들공원1호,방범용,화장실,한들공원 공중화장실,,부산광역시 연제구 연산동 2314,35.190555,129.095804,양방향,Y,N,N,,2023,2025-11-07,Y,연제구자원순환과,051-665-4442,2023-12-29,U,2026-05-20 03:03:03,2026-05-19 17:43:32
3370000,202333700000900022,IP비상벨-026호,방범용,가로변,과정로191번가길 55(삼천포횟집 앞),부산광역시 연제구 과정로191번가길 55 (연산동),부산광역시 연제구 연산동 413-8,35.18704277,129.1032828,양방향,Y,N,N,CCTV,2020,2022-05-31,Y,연제구 도시안전과,051-665-4647,2023-04-30,U,2026-05-15 03:03:03,2026-05-14 14:19:14
3370000,202533700000900009,유아숲 1호,방범용,화장실,부산광역시 연제구 연산동 산 140,,부산광역시 연제구 연산동 산 140,35.179081,129.091479,양방향,Y,N,N,,2025,2025-11-07,Y,연제구 자원순환과,051-665-4442,2025-07-31,U,2026-05-20 03:03:03,2026-05-19 17:42:50
3370000,202333700000900047,IP비상벨-001호,방범용,가로변,고분로13번길 8(연봉공원),부산광역시 연제구 고분로13번길 8 (연산동),부산광역시 연제구 연산동 631-6,35.18606964,129.0845725,양방향,Y,N,N,CCTV,2019,2022-05-31,Y,연제구 도시안전과,051-665-4647,2023-04-30,U,2026-05-15 03:03:03,2026-05-14 14:40:09
3370000,202333700000900030,IP비상벨-018호,방범용,가로변,쌍미천로45번길 78,부산광역시 연제구 쌍미천로45번길 78 (연산동),부산광역시 연제구 연산동 1927-14,35.174908,129.087273,양방향,Y,N,N,CCTV,2020,2022-05-31,Y,연제구 도시안전과,051-665-4647,2023-04-30,U,2026-05-15 03:03:03,2026-05-14 14:29:52
3370000,202333700000900045,IP비상벨-003호,방범용,가로변,해맞이로77번길 47(해맞이어린이집 인근),"부산광역시 연제구 해맞이로77번길 47 (거제동, 삼진무지개빌라)",부산광역시 연제구 거제동 676-23 삼진무지개빌라,35.18082038,129.0662593,양방향,Y,N,N,CCTV,2019,2022-05-31,Y,연제구 도시안전과,051-665-4647,2023-04-30,U,2026-05-15 03:03:03,2026-05-14 14:38:57
3370000,202533700000900002,IP비상벨-042호,방범용,가로변,연산동 2018-133,부산광역시 연제구 황령산로578번길 82 (연산동),부산광역시 연제구 연산동 2022-591,35.1691790,129.0856741,양방향,Y,N,N,,2024,2025-10-31,Y,연제구 도시안전과,051-665-4647,2025-10-31,I,2026-05-15 18:45:46,2025-10-31 10:19:33
3370000,202333700000900038,IP비상벨-010호,방범용,가로변,거제시장로 42(닥터메포츠 앞),부산광역시 연제구 거제시장로 42 (거제동),부산광역시 연제구 거제동 584-1,35.18312453,129.070886,양방향,Y,N,N,CCTV,2019,2022-05-31,Y,연제구 도시안전과,051-665-4647,2023-04-30,U,2026-05-15 03:03:03,2026-05-14 14:35:02
3370000,202333700000900036,IP비상벨-012호,방범용,가로변,대리로5번길 45(반도보라 뒤 소공원),부산광역시 연제구 대리로5번길 45 (연산동),부산광역시 연제구 연산동 1230-61,35.18302822,129.0837308,양방향,Y,N,N,CCTV,2019,2022-05-31,Y,연제구 도시안전과,051-665-4647,2023-04-30,U,2026-05-15 03:03:03,2026-05-14 14:33:45
3370000,202533700000900008,연봉공원 1호,방범용,화장실,부산광역시 연제구 고분로13번길 8 (연산동),"부산광역시 연제구 고분로13번길 8, 연봉공원 공중화장실 (연산동)",부산광역시 연제구 연산동 631-6,35.186086,129.084483,양방향,Y,N,N,,2024,2025-11-07,Y,연제구 자원순환과,051-665-4442,2025-07-31,U,2026-05-20 03:03:03,2026-05-19 17:43:10
3370000,202333700000900029,IP비상벨-019호,방범용,가로변,쌍미천로45번길 48-14(한일가스상사 골목 안),부산광역시 연제구 쌍미천로45번길 48-14 (연산동),부산광역시 연제구 연산동 1926-5,35.17549248,129.0873837,양방향,Y,N,N,CCTV,2020,2022-05-31,Y,연제구 도시안전과,051-665-4647,2023-04-30,U,2026-05-15 03:03:03,2026-05-14 14:28:12
3370000,202333700000900020,IP비상벨-028호,방범용,가로변,중앙대로990번길 24(세븐일레븐 건너편),부산광역시 연제구 중앙대로990번길 24 (연산동),부산광역시 연제구 연산동 866-1,35.17674542,129.076064,양방향,Y,N,N,CCTV,2020,2022-05-31,Y,연제구 도시안전과,051-665-4647,2023-04-30,U,2026-05-15 03:03:03,2026-05-14 14:17:58
3370000,202333700000900034,IP비상벨-014호,방범용,가로변,고분로68번길 25(혜원정사 앞),부산광역시 연제구 고분로68번길 25,,35.18471436,129.0905062,양방향,Y,N,N,CCTV,2019,2022-05-31,Y,연제구 도시안전과,051-665-4647,2023-04-30,U,2026-05-15 03:03:03,2026-05-14 14:32:39
3370000,202333700000900003,온천천1호,방범용,화장실,온천천(붓드레아),부산광역시 연제구 중앙대로1226번길 76(맞은편),부산광역시 연제구 거제1동 155-1,35.198143,129.081087,양방향,Y,N,N,없음,2017,2022-01-28,Y,온천천관리사무소,051-665-4981,2023-04-30,I,2026-05-15 18:45:46,2023-05-08 09:34:21
3370000,202533700000900003,IP비상벨-043호,방범용,가로변,금련로62번길41,부산광역시 연제구 금련로62번길 41 (연산동),부산광역시 연제구 연산동 1816-143,35.1704029,129.0941338,양방향,Y,N,N,,2023,2025-10-31,Y,연제구 도시안전과,051-665-4647,2025-10-31,I,2026-05-15 18:45:46,2025-10-31 10:19:42
3370000,202333700000900035,IP비상벨-013호,방범용,가로변,연수로225번길 34(세종영재어린이집),"부산광역시 연제구 연수로225번길 34 (연산동, 동아그랜드힐)",부산광역시 연제구 연산동 2120-3 동아그랜드힐,35.17507717,129.0956762,양방향,Y,N,N,CCTV,2019,2022-05-31,Y,연제구 도시안전과,051-665-4647,2023-04-30,U,2026-05-15 03:03:03,2026-05-14 14:33:17
3370000,202333700000900018,IP비상벨-030호,방범용,가로변,월드컵대로58번길 8(럭스컴 앞 사거리),부산광역시 연제구 월드컵대로58번길 8 (연산동),부산광역시 연제구 연산동 686-1,35.17973911,129.0850022,양방향,Y,N,N,CCTV,2021,2022-05-31,Y,연제구 도시안전과,051-665-4647,2023-04-30,U,2026-05-15 03:03:03,2026-05-14 14:14:52
3370000,202333700000900032,IP비상벨-016호,방범용,가로변,월드컵대로10번길 5(차차차 노래연습장),부산광역시 연제구 월드컵대로10번길 5 (연산동),부산광역시 연제구 연산동 683-18,35.17582338,129.0866258,양방향,Y,N,N,CCTV,2020,2022-05-31,Y,연제구 도시안전과,051-665-4647,2023-04-30,U,2026-05-15 03:03:03,2026-05-14 14:30:46
3370000,202333700000900040,IP비상벨-008호,방범용,가로변,중앙대로1056번길 17(하이트빌 A동 앞),부산광역시 연제구 중앙대로1056번길 17 (연산동),부산광역시 연제구 연산동 1310-2,35.18241724,129.0800362,양방향,Y,N,N,CCTV,2019,2022-05-31,Y,연제구 도시안전과,051-665-4647,2023-04-30,U,2026-05-15 03:03:03,2026-05-14 14:36:17
3370000,202333700000900007,온천천5호,방범용,화장실,온천천(관리사무소),부산광역시 연제구 온천천남로 39(맞은편),부산광역시 연제구 연산1동 503-1,35.192483,129.095115,양방향,Y,N,N,없음,2022,2022-01-28,Y,온천천관리사무소,051-665-4981,2023-04-30,I,2026-05-15 18:45:46,2023-05-08 09:34:21
3370000,202333700000900027,IP비상벨-021호,방범용,가로변,거제천로258번길 25(연서초 앞),부산광역시 연제구 거제천로258번길 25 (연산동),부산광역시 연제구 연산동 583-5,35.190986,129.085389,양방향,Y,N,N,CCTV,2020,2022-05-31,Y,연제구 도시안전과,051-665-4647,2023-04-30,U,2026-05-15 03:03:03,2026-05-14 14:26:57
3370000,202333700000900011,IP비상벨-037호,방범용,가로변,거제대로178번길 13(닥터메포츠 인근 삼거리),부산광역시 연제구 거제대로178번길 13 (거제동),부산광역시 연제구 거제동 840-4,35.18401416,129.0716178,양방향,Y,N,N,CCTV,2021,2022-05-31,Y,연제구 도시안전과,051-665-4647,2023-04-30,U,2026-05-15 03:03:03,2026-05-14 14:12:12
3370000,202333700000900010,IP비상벨-038호,방범용,가로변,해맞이로 69(삼성약국 앞 사거리),부산광역시 연제구 해맞이로 69 (거제동),부산광역시 연제구 거제동 676-317,35.18049839,129.068302,양방향,Y,N,N,CCTV,2021,2022-05-31,Y,연제구 도시안전과,051-665-4647,2023-04-30,U,2026-05-15 03:03:03,2026-05-14 14:11:00
3370000,202333700000900033,IP비상벨-015호,방범용,가로변,중앙천로 77-5(물꽁아구찜 앞),부산광역시 연제구 중앙천로 77-5 (연산동),부산광역시 연제구 연산동 1320-72,35.180960,129.079675,양방향,Y,N,N,CCTV,2020,2022-05-31,Y,연제구 도시안전과,051-665-4647,2023-04-30,U,2026-05-15 03:03:03,2026-05-14 14:31:49
3370000,202333700000900002,연제문화1호,방범용,화장실,연제문화체육공원,부산광역시 연제구 고분로68번길 29 (연산동),부산광역시 연제구 연산동 952-46,35.185066,129.090642,양방향,Y,N,N,없음,2016,2025-07-01,Y,연제구 문화체육과,051-665-4125,2025-07-01,U,2026-05-16 03:03:03,2026-05-15 10:17:20
3370000,202533700000900004,IP비상벨-044호,방범용,가로변,연산동 산161-1,부산광역시 연제구 금련로38번가길 26 (연산동),부산광역시 연제구 연산동 1824-62,35.1684151,129.0949608,양방향,Y,N,N,,2023,2025-10-31,Y,연제구 도시안전과,051-665-4647,2025-10-31,I,2026-05-15 18:45:46,2025-10-31 10:19:50
3370000,202333700000900042,IP비상벨-006호,방범용,가로변,쌍미천로7번길 58-1(삼정탕 뒷편),부산광역시 연제구 쌍미천로7번길 58-1 (연산동),부산광역시 연제구 연산동 1881-3,35.17568673,129.0896793,양방향,Y,N,N,CCTV,2019,2022-05-31,Y,연제구 도시안전과,051-665-4647,2023-04-30,U,2026-05-15 03:03:03,2026-05-14 14:37:13
3380000,202433800000900027,7,방범용,화장실,수변공원 제2공중화장실,부산광역시 수영구 민락수변로 219,,35.155559,129.134381,양방향,Y,N,N,경보등+경보음,2014,2023-12-29,Y,수영구청 자원순환과,051-610-4445,2024-06-30,I,2026-05-15 18:45:46,2024-07-19 13:23:11
3380000,202433800000900019,14,방범용,화장실,광안3동 간이화장실,부산광역시 수영구 광안동 산8-18,,35.16702,129.1074,양방향,Y,N,N,경보등+경보음,2023,2023-12-29,Y,수영구청 자원순환과,051-610-4445,2024-06-30,I,2026-05-15 18:45:46,2024-07-19 13:23:11
3380000,202433800000900031,11,방범용,화장실,팔도야시장 공중화장실,부산광역시 수영구 수영성로 28-5,,35.170595,129.116891,양방향,Y,N,N,경보등+경보음,2018,2023-12-29,Y,수영구청 자원순환과,051-610-4445,2024-06-30,I,2026-05-15 18:45:46,2024-07-19 13:23:11
3380000,202433800000900021,1,방범용,화장실,해양레포츠센터 공중화장실,부산광역시 수영구 광안해변로54번길 222,,35.146257,129.115381,양방향,Y,N,N,경보등+경보음,2018,2023-12-29,Y,수영구청 자원순환과,051-610-4445,2024-06-30,I,2026-05-15 18:45:46,2024-07-19 13:23:11
3380000,202433800000900022,2,방범용,화장실,광안리해변 공중화장실,부산광역시 수영구 광안해변로 138,,35.147143,129.114498,양방향,Y,N,N,경보등+경보음,2017,2023-12-29,Y,수영구청 자원순환과,051-610-4445,2024-06-30,I,2026-05-15 18:45:46,2024-07-19 13:23:11
3380000,202433800000900020,13,방범용,화장실,금련산 제1호 간이화장실,부산광역시 수영구 남천동 산26-1,,35.14928,129.1055,양방향,Y,N,N,경보등+경보음,2023,2023-12-29,Y,수영구청 자원순환과,051-610-4445,2024-06-30,I,2026-05-15 18:45:46,2024-07-19 13:23:11
3380000,202433800000900026,6,방범용,화장실,수변공원 제1공중화장실,부산광역시 수영구 민락수변로 95,,35.155038,129.130983,양방향,Y,N,N,경보등+경보음,2017,2023-12-29,Y,수영구청 자원순환과,051-610-4445,2024-06-30,I,2026-05-15 18:45:46,2024-07-19 13:23:11
3380000,202433800000900033,17,방범용,화장실,금련산 제2호 간이화장실,부산광역시 수영구 황령산로128,,35.14952,129.1046,양방향,Y,N,N,경보등+경보음,2018,2023-12-29,Y,수영구청 자원순환과,051-610-4445,2024-06-30,I,2026-05-15 18:45:46,2024-07-19 13:23:11
3380000,202433800000900028,8,방범용,화장실,수영사적공원 공중화장실,부산광역시 수영구 수영성로 43,,35.171245,129.113986,양방향,Y,N,N,경보등+경보음,2014,2023-12-29,Y,수영구청 자원순환과,051-610-4445,2024-06-30,I,2026-05-15 18:45:46,2024-07-19 13:23:11
3380000,202433800000900032,12,방범용,화장실,삼익비치타운 노인정,부산광역시 수영구 광안해변로 100,,35.140041,129.116653,양방향,Y,N,N,경보등+경보음,2018,2023-12-29,Y,수영구청 자원순환과,051-610-4445,2024-06-30,I,2026-05-15 18:45:46,2024-07-19 13:23:11
3380000,202433800000900018,15,방범용,화장실,광안4동 간이화장실,부산광역시 수영구 광안동 산33-3,,35.15888,129.1045,양방향,Y,N,N,경보등+경보음,2023,2023-12-29,Y,수영구청 자원순환과,051-610-4445,2024-06-30,I,2026-05-15 18:45:46,2024-07-19 13:23:11
3380000,202433800000900025,5,방범용,화장실,민락해변공원 공중화장실,부산광역시 수영구 민락동 181-78 내,,35.15443,129.123843,양방향,Y,N,N,경보등+경보음,2017,2023-12-29,Y,수영구청 자원순환과,051-610-4445,2024-06-30,I,2026-05-15 18:45:46,2024-07-19 13:23:11
3380000,202433800000900024,4,방범용,화장실,생활문화센터지하 공중화장실,부산광역시 수영구 광안해변로 219,,35.153914,129.118557,양방향,Y,N,N,경보등+경보음,2017,2023-12-29,Y,수영구청 자원순환과,051-610-4445,2024-06-30,I,2026-05-15 18:45:46,2024-07-19 13:23:11
3380000,202433800000900023,3,방범용,화장실,소라화장실,부산광역시 수영구 남천바다로33번길 77,,35.1515313,129.1161368,양방향,Y,N,N,경보등+경보음,2017,2023-12-29,Y,수영구청 자원순환과,051-610-4445,2024-06-30,I,2026-05-15 18:45:46,2024-07-19 13:23:11
3380000,202433800000900029,9,방범용,화장실,수영팔도상가시장 공중화장실,부산광역시 수영구 수영로725번길 20-8,,35.169158,129.117665,양방향,Y,N,N,경보등+경보음,2018,2023-12-29,Y,수영구청 자원순환과,051-610-4445,2024-06-30,I,2026-05-15 18:45:46,2024-07-19 13:23:11
3380000,202433800000900017,16,방범용,화장실,금련산 전망대 간이화장실,부산광역시 수영구 광안동 산39,,35.15893,129.097,양방향,Y,N,N,경보등+경보음,2023,2023-12-29,Y,수영구청 자원순환과,051-610-4445,2024-06-30,I,2026-05-15 18:45:46,2024-07-19 13:23:11
3380000,202433800000900030,10,방범용,화장실,수영강변로 공중화장실,부산광역시 수영구 망미동 985,,35.172905,129.12103,양방향,Y,N,N,경보등+경보음,2017,2023-12-29,Y,수영구청 자원순환과,051-610-4445,2024-06-30,I,2026-05-15 18:45:46,2024-07-19 13:23:11
3400000,202634000000900096,1010,방범용,기타,좌광천 산책로 달산교(북쪽),부산광역시 기장군 정관읍 달산리 1249,부산광역시 기장군 정관읍 달산리 1249,35.3205681,129.1880551,양방향,N,N,Y,경보음+CCTV,2015,2018-06-25,Y,부산광역시 기장군청,051-709-5421,2026-05-07,I,2026-05-15 18:45:46,2026-05-07 10:16:08
3400000,202634000000900034,1073,방범용,기타,신혼희망타운아파트 공원(2)_회1,부산광역시 기장군 기장읍 청강리 350,부산광역시 기장군 기장읍 청강리 350,35.233756,129.220287,양방향,N,N,Y,경보음+CCTV,2021,2021-12-31,Y,부산광역시 기장군청,051-709-5421,2026-05-07,I,2026-05-15 18:45:46,2026-05-07 10:16:08
3400000,202634000000900035,1072,방범용,기타,신혼희망타운아파트 공원(2)_회1,부산광역시 기장군 기장읍 청강리 350,부산광역시 기장군 기장읍 청강리 350,35.233599,129.219575,양방향,N,N,Y,경보음+CCTV,2021,2021-12-31,Y,부산광역시 기장군청,051-709-5421,2026-05-07,I,2026-05-15 18:45:46,2026-05-07 10:16:08
3400000,202634000000900036,1071,방범용,기타,신혼희망타운아파트 공원(1)_회1,부산광역시 기장군 기장읍 청강리 348-2,부산광역시 기장군 기장읍 청강리 348-2,35.232901,129.219277,양방향,N,N,Y,경보음+CCTV,2021,2021-12-31,Y,부산광역시 기장군청,051-709-5421,2026-05-07,I,2026-05-15 18:45:46,2026-05-07 10:16:08
3400000,202634000000900044,1063,방범용,공원,개나리공원,부산광역시 기장군 기장읍 청강리 295,부산광역시 기장군 기장읍 청강리 295,35.2376151,129.2176231,양방향,N,N,Y,경보음+CCTV,2021,2021-03-25,Y,부산광역시 기장군청,051-709-5421,2026-05-07,I,2026-05-15 18:45:46,2026-05-07 10:16:08
3400000,202634000000900050,1057,방범용,기타,삼성숲공원,부산광역시 기장군 일광면 삼성리 372,부산광역시 기장군 일광면 삼성리 372,35.263727,129.222449,양방향,N,N,Y,경보음+CCTV,2020,2020-03-10,Y,부산광역시 기장군청,051-709-5421,2026-05-07,I,2026-05-15 18:45:46,2026-05-07 10:16:08
3400000,202634000000900103,1003,방범용,기타,좌광천 산책로 용수교(북쪽),부산광역시 기장군 정관읍 용수리 1368,부산광역시 기장군 정관읍 용수리 1368,35.3318291,129.1707781,양방향,N,N,Y,경보음+CCTV,2015,2018-06-25,Y,부산광역시 기장군청,051-709-5421,2026-05-07,I,2026-05-15 18:45:46,2026-05-07 10:16:08
3400000,202634000000900054,1053,방범용,기타,부전아파트 104동 앞,부산광역시 기장군 기장읍 차성동로172번길 15,부산광역시 기장군 기장읍 교리 360-1,35.25327949,129.2188015,양방향,N,N,Y,경보음+CCTV,2019,2019-09-14,Y,부산광역시 기장군청,051-709-5421,2026-05-07,I,2026-05-15 18:45:46,2026-05-07 10:16:08
3400000,202634000000900063,1044,방범용,기타,두호마을 버스 회차장 앞,부산광역시 기장군 기장읍 두호길 22,부산광역시 기장군 기장읍 죽성리 234-6,35.24118268,129.2461555,양방향,N,N,Y,경보음+CCTV,2018,2018-06-25,Y,부산광역시 기장군청,051-709-5421,2026-05-07,I,2026-05-15 18:45:46,2026-05-07 10:16:08
3400000,202634000000900064,1043,방범용,기타,일광대복집,부산광역시 기장군 일광면 일광로 111,부산광역시 기장군 일광면 삼성리 26-3,35.26630821,129.2333699,양방향,N,N,Y,경보음+CCTV,2017,2018-06-25,Y,부산광역시 기장군청,051-709-5421,2026-05-07,I,2026-05-15 18:45:46,2026-05-07 10:16:08
3400000,202634000000900066,1040,방범용,공원,윗골공원,부산광역시 기장군 정관읍 정관8로 11,부산광역시 기장군 정관읍 매학리 709,35.32390107,129.1776117,양방향,N,N,Y,경보음+CCTV,2017,2018-06-25,Y,부산광역시 기장군청,051-709-5421,2026-05-07,I,2026-05-15 18:45:46,2026-05-07 10:16:08
3400000,202634000000900074,1032,방범용,기타,신정초교 앞 교차로,부산광역시 기장군 정관읍 정관로 460,부산광역시 기장군 정관읍 용수리 1358,35.32865722,129.1676847,양방향,N,N,Y,경보음+CCTV,2017,2018-06-25,Y,부산광역시 기장군청,051-709-5421,2026-05-07,I,2026-05-15 18:45:46,2026-05-07 10:16:08
3400000,202634000000900077,1029,방범용,기타,대청초등학교 주변,부산광역시 기장군 기장읍 차성서로 28,부산광역시 기장군 기장읍 대라리 184-6,35.23580393,129.2107864,양방향,N,N,Y,경보음+CCTV,2017,2018-06-25,Y,부산광역시 기장군청,051-709-5421,2026-05-07,I,2026-05-15 18:45:46,2026-05-07 10:16:08
3400000,202634000000900080,1026,방범용,기타,기장초교,부산광역시 기장군 기장읍 읍내로 71,부산광역시 기장군 기장읍 동부리 305-1,35.2453632,129.2122729,양방향,N,N,Y,경보음+CCTV,2017,2018-06-25,Y,부산광역시 기장군청,051-709-5421,2026-05-07,I,2026-05-15 18:45:46,2026-05-07 10:16:08
3400000,202634000000900089,1017,방범용,기타,일광초등학교,부산광역시 기장군 일광면 이화로 147,부산광역시 기장군 일광면 화전리 111,35.27950231,129.2317103,양방향,N,N,Y,경보음+CCTV,2016,2018-06-25,Y,부산광역시 기장군청,051-709-5421,2026-05-07,I,2026-05-15 18:45:46,2026-05-07 10:16:08
3400000,202634000000900095,1011,방범용,기타,좌광천 산책로 달산교(남쪽),부산광역시 기장군 정관읍 달산리 1249,부산광역시 기장군 정관읍 달산리 1249,35.3198651,129.1883741,양방향,N,N,Y,경보음+CCTV,2015,2018-06-25,Y,부산광역시 기장군청,051-709-5421,2026-05-07,I,2026-05-15 18:45:46,2026-05-07 10:16:08
3400000,202634000000900102,1004,방범용,기타,좌광천 산책로 평전교,부산광역시 기장군 정관읍 용수리 1325,부산광역시 기장군 정관읍 용수리 1325,35.3274131,129.1721601,양방향,N,N,Y,경보음+CCTV,2015,2018-06-25,Y,부산광역시 기장군청,051-709-5421,2026-05-07,I,2026-05-15 18:45:46,2026-05-07 10:16:08
3400000,202634000000900105,1001,방범용,기타,좌광천 산책로 모전교(남쪽),부산광역시 기장군 정관읍 모전리 761,부산광역시 기장군 정관읍 모전리 761,35.3331531,129.1704261,양방향,N,N,Y,경보음+CCTV,2015,2018-06-25,Y,부산광역시 기장군청,051-709-5421,2026-05-07,I,2026-05-15 18:45:46,2026-05-07 10:16:08
3400000,202634000000900029,1078,방범용,기타,공원관리-0080(새마을공원_회1),부산광역시 기장군기장읍 동부리 148-4,부산광역시 기장군기장읍 동부리 148-4,35.24553,129.21811,양방향,N,N,Y,경보음+CCTV,2022,2022-06-15,Y,부산광역시 기장군청,051-709-5421,2026-05-07,I,2026-05-15 18:45:46,2026-05-07 10:16:08
3400000,202634000000900003,1104,방범용,기타,비둘기공원,부산광역시 기장군 기장읍 동부리 138,부산광역시 기장군 기장읍 동부리 138,35.2477281,129.2152741,양방향,N,N,Y,경보음+CCTV,2025,2025-02-26,Y,부산광역시 기장군청,051-709-5421,2026-05-07,I,2026-05-15 18:45:46,2026-05-07 10:16:08
3400000,202634000000900007,1100,방범용,기타,부산장안지구(9),부산광역시 기장군 장안읍 좌천리 산 45-15,부산광역시 기장군 장안읍 좌천리 산 45-15,35.31531,129.23812,양방향,N,N,Y,경보음+CCTV,2024,2024-09-02,Y,부산광역시 기장군청,051-709-5421,2026-05-07,I,2026-05-15 18:45:46,2026-05-07 10:16:08
3400000,202634000000900010,1097,방범용,기타,부산장안지구(6),부산광역시 기장군 장안읍 좌천리 산 24-11,부산광역시 기장군 장안읍 좌천리 산 24-11,35.31707,129.237,양방향,N,N,Y,경보음+CCTV,2024,2024-09-02,Y,부산광역시 기장군청,051-709-5421,2026-05-07,I,2026-05-15 18:45:46,2026-05-07 10:16:08
3400000,202634000000900020,1087,방범용,기타,옥정사 입구 등산로,부산광역시 기장군 일광읍 원리 705-11,부산광역시 기장군 일광읍 원리 705-11,35.311909,129.2215,양방향,N,N,Y,경보음+CCTV,2024,2024-02-22,Y,부산광역시 기장군청,051-709-5421,2026-05-07,I,2026-05-15 18:45:46,2026-05-07 10:16:08
3400000,202634000000900022,1085,방범용,기타,일광이천생태공원,부산광역시 기장군 일광읍 이천리 692,부산광역시 기장군 일광읍 이천리 692,35.27124,129.23563,양방향,N,N,Y,경보음+CCTV,2023,2023-06-12,Y,부산광역시 기장군청,051-709-5421,2026-05-07,I,2026-05-15 18:45:46,2026-05-07 10:16:08
3400000,202634000000900040,1067,방범용,기타,병산저수지_13,부산광역시 기장군 정관읍 병산리 597-6,부산광역시 기장군 정관읍 병산리 597-6,35.344143,129.182574,양방향,N,N,Y,경보음+CCTV,2021,2021-12-31,Y,부산광역시 기장군청,051-709-5421,2026-05-07,I,2026-05-15 18:45:46,2026-05-07 10:16:08
3400000,202634000000900071,1035,방범용,기타,신진초등학교 옆,부산광역시 기장군 철마면 고촌로28번길 6,부산광역시 기장군 철마면 고촌리 656,35.23999191,129.1712047,양방향,N,N,Y,경보음+CCTV,2017,2018-06-25,Y,부산광역시 기장군청,051-709-5421,2026-05-07,I,2026-05-15 18:45:46,2026-05-07 10:16:08
3400000,202634000000900079,1027,방범용,기타,내리초등학교,부산광역시 기장군 기장읍 소정안길 50,부산광역시 기장군 기장읍 내리 772,35.20576309,129.2055052,양방향,N,N,Y,경보음+CCTV,2017,2018-06-25,Y,부산광역시 기장군청,051-709-5421,2026-05-07,I,2026-05-15 18:45:46,2026-05-07 10:16:08
3400000,202634000000900092,1014,방범용,기타,대변초등학교,부산광역시 기장군 기장읍 기장해안로 581,부산광역시 기장군 기장읍 대변리 443-13,35.22485387,129.2278623,양방향,N,N,Y,경보음+CCTV,2016,2018-06-25,Y,부산광역시 기장군청,051-709-5421,2026-05-07,I,2026-05-15 18:45:46,2026-05-07 10:16:08
3400000,202634000000900104,1002,방범용,기타,좌광천 산책로 용수교(남쪽),부산광역시 기장군 정관읍 용수리 1368,부산광역시 기장군 정관읍 용수리 1368,35.3303771,129.1708501,양방향,N,N,Y,경보음+CCTV,2015,2018-06-25,Y,부산광역시 기장군청,051-709-5421,2026-05-07,I,2026-05-15 18:45:46,2026-05-07 10:16:08
3400000,202634000000900014,1093,방범용,기타,부산장안지구(2),부산광역시 기장군 장안읍 좌동리 468,부산광역시 기장군 장안읍 좌동리 468,35.32059,129.23916,양방향,N,N,Y,경보음+CCTV,2024,2024-09-02,Y,부산광역시 기장군청,051-709-5421,2026-05-07,I,2026-05-15 18:45:46,2026-05-07 10:16:08
3400000,202634000000900015,1092,방범용,기타,부산장안지구(1),부산광역시 기장군 장안읍 좌천리 483-2,부산광역시 기장군 장안읍 좌천리 483-2,35.32087,129.23782,양방향,N,N,Y,경보음+CCTV,2024,2024-09-02,Y,부산광역시 기장군청,051-709-5421,2026-05-07,I,2026-05-15 18:45:46,2026-05-07 10:16:08
3400000,202634000000900021,1086,방범용,기타,희망공원,부산광역시 기장군 기장읍 교리 366,부산광역시 기장군 기장읍 교리 366,35.2533131,129.2132871,양방향,N,N,Y,경보음+CCTV,2023,2023-06-12,Y,부산광역시 기장군청,051-709-5421,2026-05-07,I,2026-05-15 18:45:46,2026-05-07 10:16:08
3400000,202634000000900041,1066,방범용,기타,평거요양병원 앞 삼거리,부산광역시 기장군 기장읍 대라리 169-7,부산 광역시 기장군 기장읍 대라리 169-7,35.23704,129.21638,양방향,N,N,Y,경보음+CCTV,2021,2021-03-25,Y,부산광역시 기장군청,051-709-5421,2026-05-07,I,2026-05-15 18:45:46,2026-05-07 10:16:08
3400000,202634000000900049,1058,방범용,기타,경주박가국밥 앞,부산광역시 기장군 정관읍 구연로2로 18,부산광역시 기장군 정관읍 매학리 761-15,35.32011155,129.181477,양방향,N,N,Y,경보음+CCTV,2020,2020-03-10,Y,부산광역시 기장군청,051-709-5421,2026-05-07,I,2026-05-15 18:45:46,2026-05-07 10:16:08
3400000,202634000000900051,1056,방범용,공원,횡계공원,부산광역시 기장군 일광면 삼성리 산33-4,부산광역시 기장군 일광면 삼성리 산33-4,35.26991,129.222323,양방향,N,N,Y,경보음+CCTV,2020,2020-03-10,Y,부산광역시 기장군청,051-709-5421,2026-05-07,I,2026-05-15 18:45:46,2026-05-07 10:16:08
3400000,202634000000900062,1045,방범용,기타,죽성 드림세트장 앞,부산광역시 기장군 기장읍 죽성로 29,부산광역시 기장군 기장읍 죽성리 134-7,35.2410651,129.2481371,양방향,N,N,Y,경보음+CCTV,2018,2018-06-25,Y,부산광역시 기장군청,051-709-5421,2026-05-07,I,2026-05-15 18:45:46,2026-05-07 10:16:08
3400000,202634000000900078,1028,방범용,기타,달산초등학교,부산광역시 기장군 정관읍 정관로 674,부산광역시 기장군 정관읍 달산리 1204,35.31946023,129.1875988,양방향,N,N,Y,경보음+CCTV,2017,2018-06-25,Y,부산광역시 기장군청,051-709-5421,2026-05-07,I,2026-05-15 18:45:46,2026-05-07 10:16:08
3400000,202634000000900090,1016,방범용,기타,칠암어린이집,부산광역시 기장군 일광면 박영준길 18,부산광역시 기장군 일광면 칠암리 145-2,35.29907947,129.2564867,양방향,N,N,Y,경보음+CCTV,2016,2018-06-25,Y,부산광역시 기장군청,051-709-5421,2026-05-07,I,2026-05-15 18:45:46,2026-05-07 10:16:08
3400000,202634000000900028,1079,방범용,기타,민들레공원,부산광역시 기장군 기장읍 대라리 182,부산광역시 기장군 기장읍 대라리 182,35.2357511,129.2120781,양방향,N,N,Y,경보음+CCTV,2022,2022-06-15,Y,부산광역시 기장군청,051-709-5421,2026-05-07,I,2026-05-15 18:45:46,2026-05-07 10:16:08
3400000,202634000000900001,1106,방범용,기타,신명마을 안 삼거리,부산광역시 기장군 장안읍 명례리 633-5,부산광역시 기장군 장안읍 명례리 633-5,35.3849391,129.2628921,양방향,N,N,Y,경보음+CCTV,2025,2025-02-26,Y,부산광역시 기장군청,051-709-5421,2026-05-07,I,2026-05-15 18:45:46,2026-05-07 10:16:08
3400000,202634000000900004,1103,방범용,기타,황학대 앞,부산광역시 기장군 기장읍 죽성리 30-35,부산광역시 기장군 기장읍 죽성리 30-35,35.242117,129.24712,양방향,N,N,Y,경보음+CCTV,2025,2025-02-26,Y,부산광역시 기장군청,051-709-5421,2026-05-07,I,2026-05-15 18:45:46,2026-05-07 10:16:08
3400000,202634000000900027,1080,방범용,기타,병산저수지_10(고정),부산광역시 기장군 정관읍 병산리 597-6,부산광역시 기장군 정관읍 병산리 597-6,35.345219,129.18476,양방향,N,N,Y,경보음+CCTV,2022,2022-07-31,Y,부산광역시 기장군청,051-709-5421,2026-05-07,I,2026-05-15 18:45:46,2026-05-07 10:16:08
3400000,202634000000900002,1105,방범용,기타,달음산등산로 입구,부산광역시 기장군 정관읍 달산리 399-8,부산광역시 기장군 정관읍 달산리 399-8,35.240715,129.222751,양방향,N,N,Y,경보음+CCTV,2025,2025-02-26,Y,부산광역시 기장군청,051-709-5421,2026-05-07,I,2026-05-15 18:45:46,2026-05-07 10:16:08
3400000,202634000000900008,1099,방범용,기타,부산장안지구(8),부산광역시 기장군 장안읍 좌천리 산 24-7,부산광역시 기장군 장안읍 좌천리 산 24-7,35.3156,129.23754,양방향,N,N,Y,경보음+CCTV,2024,2024-09-02,Y,부산광역시 기장군청,051-709-5421,2026-05-07,I,2026-05-15 18:45:46,2026-05-07 10:16:08
3400000,202634000000900026,1081,방범용,기타,병산저수지_10(고정),부산광역시 기장군 정관읍 병산리 597-6,부산광역시 기장군 정관읍 병산리 597-6,35.345219,129.18476,양방향,N,N,Y,경보음+CCTV,2022,2022-07-31,Y,부산광역시 기장군청,051-709-5421,2026-05-07,I,2026-05-15 18:45:46,2026-05-07 10:16:08
3400000,202634000000900012,1095,방범용,기타,부산장안지구(4),부산광역시 기장군 장안읍 좌천리 453,부산광역시 기장군 장안읍 좌천리 453,35.31821,129.23781,양방향,N,N,Y,경보음+CCTV,2024,2024-09-02,Y,부산광역시 기장군청,051-709-5421,2026-05-07,I,2026-05-15 18:45:46,2026-05-07 10:16:08
3400000,202634000000900023,1084,방범용,기타,별님공원,부산광역시 기장군 일광읍 삼성리 47-2,부산광역시 기장군 일광읍 삼성리 47-2,35.2647731,129.2348641,양방향,N,N,Y,경보음+CCTV,2023,2023-06-12,Y,부산광역시 기장군청,051-709-5421,2026-05-07,I,2026-05-15 18:45:46,2026-05-07 10:16:08
3400000,202634000000900030,1077,방범용,기타,용소웰빙공원 전망대,부산광역시 기장군기장읍 서부리 산5-3,부산광역시 기장군기장읍 서부리 산5-3,35.2463641,129.2052251,양방향,N,N,Y,경보음+CCTV,2022,2022-06-15,Y,부산광역시 기장군청,051-709-5421,2026-05-07,I,2026-05-15 18:45:46,2026-05-07 10:16:08
3400000,202634000000900032,1075,방범용,기타,조은자연어린이집,부산광역시 기장군정관읍 용수리 1070-2,부산광역시 기장군정관읍 용수리 1070-2,35.3330541,129.1724851,양방향,N,N,Y,경보음+CCTV,2022,2022-06-15,Y,부산광역시 기장군청,051-709-5421,2026-05-07,I,2026-05-15 18:45:46,2026-05-07 10:16:08
3400000,202634000000900005,1102,방범용,기타,오랑대 화장실 앞,부산광역시 기장군 기장읍 연화리 483-1,부산광역시 기장군 기장읍 연화리 483-1,35.205092,129.22729,양방향,N,N,Y,경보음+CCTV,2025,2025-02-26,Y,부산광역시 기장군청,051-709-5421,2026-05-07,I,2026-05-15 18:45:46,2026-05-07 10:16:08
3400000,202634000000900006,1101,방범용,기타,부산장안지구(10),부산광역시 기장군 장안읍 좌천리 510-312,부산광역시 기장군 장안읍 좌천리 510-312,35.31434,129.23815,양방향,N,N,Y,경보음+CCTV,2024,2024-09-02,Y,부산광역시 기장군청,051-709-5421,2026-05-07,I,2026-05-15 18:45:46,2026-05-07 10:16:08
3400000,202634000000900009,1098,방범용,기타,부산장안지구(7),부산광역시 기장군 장안읍 좌천리 419-1,부산광역시 기장군 장안읍 좌천리 419-1,35.3164,129.23738,양방향,N,N,Y,경보음+CCTV,2024,2024-09-02,Y,부산광역시 기장군청,051-709-5421,2026-05-07,I,2026-05-15 18:45:46,2026-05-07 10:16:08
3400000,202634000000900013,1094,방범용,기타,부산장안지구(3),부산광역시 기장군 장안읍 좌천리 436-6,부산광역시 기장군 장안읍 좌천리 436-6,35.31992,129.23698,양방향,N,N,Y,경보음+CCTV,2024,2024-09-02,Y,부산광역시 기장군청,051-709-5421,2026-05-07,I,2026-05-15 18:45:46,2026-05-07 10:16:08
3400000,202634000000900016,1091,방범용,기타,사라수변공원 출입구,부산광역시 기장군 기장읍 대라리 374-26,부산광역시 기장군 기장읍 대라리 374-26,35.2400691,129.2081201,양방향,N,N,Y,경보음+CCTV,2024,2024-02-22,Y,부산광역시 기장군청,051-709-5421,2026-05-07,I,2026-05-15 18:45:46,2026-05-07 10:16:08
3400000,202634000000900017,1090,방범용,기타,배산로 등산로 입구,부산광역시 기장군 기장읍 만화리 17,부산광역시 기장군 기장읍 만화리 17,35.253124,129.208145,양방향,N,N,Y,경보음+CCTV,2024,2024-02-22,Y,부산광역시 기장군청,051-709-5421,2026-05-07,I,2026-05-15 18:45:46,2026-05-07 10:16:08
3400000,202634000000900018,1089,방범용,기타,가화일광타워 놀이터 뒤편,부산광역시 기장군 일광읍 이천리 921-1,부산광역시 기장군 일광읍 이천리 921-1,35.269873,129.236404,양방향,N,N,Y,경보음+CCTV,2024,2024-02-22,Y,부산광역시 기장군청,051-709-5421,2026-05-07,I,2026-05-15 18:45:46,2026-05-07 10:16:08
3400000,202634000000900033,1074,방범용,기타,신혼희망타운아파트 공원(2)_회1,부산광역시 기장군 기장읍 청강리 350,부산광역시 기장군 기장읍 청강리 350,35.233437,129.220156,양방향,N,N,Y,경보음+CCTV,2021,2021-12-31,Y,부산광역시 기장군청,051-709-5421,2026-05-07,I,2026-05-15 18:45:46,2026-05-07 10:16:08
3400000,202634000000900038,1069,방범용,기타,신혼희망타운아파트 공원(1)_회1,부산광역시 기장군 기장읍 청강리 348-2,부산광역시 기장군 기장읍 청강리 348-2,35.233009,129.219575,양방향,N,N,Y,경보음+CCTV,2021,2021-12-31,Y,부산광역시 기장군청,051-709-5421,2026-05-07,I,2026-05-15 18:45:46,2026-05-07 10:16:08
3400000,202634000000900039,1068,방범용,기타,병산저수지_5,부산광역시 기장군 정관읍 병산리 597-6,부산광역시 기장군 정관읍 병산리 597-6,35.344989,129.182768,양방향,N,N,Y,경보음+CCTV,2021,2021-12-31,Y,부산광역시 기장군청,051-709-5421,2026-05-07,I,2026-05-15 18:45:46,2026-05-07 10:16:08
3400000,202634000000900046,1061,방범용,화장실,임랑해수욕장 화장실 옆,부산광역시 기장군 장안읍 임랑해안길 14-1,부산광역시 기장군 장안읍 임랑리 145-7,35.3163471,129.2625741,양방향,N,N,Y,경보음+CCTV,2020,2021-03-25,Y,부산광역시 기장군청,051-709-5421,2026-05-07,I,2026-05-15 18:45:46,2026-05-07 10:16:08
3400000,202634000000900047,1060,방범용,기타,뜨란채식당 옆 삼거리,부산광역시 기장군 정관읍 달산4길 50,부산광역시 기장군 정관읍 달산리 991-2,35.31770141,129.1778105,양방향,N,N,Y,경보음+CCTV,2020,2020-03-10,Y,부산광역시 기장군청,051-709-5421,2026-05-07,I,2026-05-15 18:45:46,2026-05-07 10:16:08
3400000,202634000000900048,1059,방범용,기타,산골공원 인근,부산광역시 기장군 정관읍 가동3로 1,부산광역시 기장군 정관읍 용수리 1291-1,35.32813794,129.1807721,양방향,N,N,Y,경보음+CCTV,2020,2020-03-10,Y,부산광역시 기장군청,051-709-5421,2026-05-07,I,2026-05-15 18:45:46,2026-05-07 10:16:08
3400000,202634000000900053,1054,방범용,기타,대전마을 소머리국밥 앞,부산광역시 기장군 정관읍 달산길 17,부산광역시 기장군 정관읍 매학리 785-10,35.31920108,129.1827938,양방향,N,N,Y,경보음+CCTV,2019,2019-09-14,Y,부산광역시 기장군청,051-709-5421,2026-05-07,I,2026-05-15 18:45:46,2026-05-07 10:16:08
3400000,202634000000900057,1050,방범용,기타,서편마을회관,부산광역시 기장군 정관읍 서편길 19,부산광역시 기장군 정관읍 예림리 893-1,35.32606069,129.2020488,양방향,N,N,Y,경보음+CCTV,2018,2018-06-25,Y,부산광역시 기장군청,051-709-5421,2026-05-07,I,2026-05-15 18:45:46,2026-05-07 10:16:08
3400000,202634000000900058,1049,방범용,기타,달산6마을 버스정류장 진입로,부산광역시 기장군 정관읍 달산4길,부산광역시 기장군 정관읍 달산리 1003,35.3176571,129.1787381,양방향,N,N,Y,경보음+CCTV,2018,2018-06-25,Y,부산광역시 기장군청,051-709-5421,2026-05-07,I,2026-05-15 18:45:46,2026-05-07 10:16:08
3400000,202634000000900059,1048,방범용,기타,한국타이어 앞,부산광역시 기장군 기장읍 대청로 70,부산광역시 기장군 기장읍 청강리 702-2,35.23640724,129.2170149,양방향,N,N,Y,경보음+CCTV,2018,2018-06-25,Y,부산광역시 기장군청,051-709-5421,2026-05-07,I,2026-05-15 18:45:46,2026-05-07 10:16:08
3400000,202634000000900060,1047,방범용,기타,월전경로당 앞,부산광역시 기장군 기장읍 기장해안로 940,부산광역시 기장군 기장읍 죽성리 381,35.23854313,129.2427174,양방향,N,N,Y,경보음+CCTV,2018,2018-06-25,Y,부산광역시 기장군청,051-709-5421,2026-05-07,I,2026-05-15 18:45:46,2026-05-07 10:16:08
3400000,202634000000900065,1042,방범용,기타,일광해수욕장 임해봉사실 옆,부산광역시 기장군 일광면 삼성3길 17,부산광역시 기장군 일광면 삼성리 115-2,35.26330339,129.2338851,양방향,N,N,Y,경보음+CCTV,2017,2018-06-25,Y,부산광역시 기장군청,051-709-5421,2026-05-07,I,2026-05-15 18:45:46,2026-05-07 10:16:08
3400000,202634000000900067,1039,방범용,기타,애솔공원 인근,부산광역시 기장군 정관읍 달산2길,부산광역시 기장군 정관읍 달산리 1012,35.3181731,129.1822231,양방향,N,N,Y,경보음+CCTV,2017,2018-06-25,Y,부산광역시 기장군청,051-709-5421,2026-05-07,I,2026-05-15 18:45:46,2026-05-07 10:16:08
3400000,202634000000900069,1037,방범용,기타,카페백프로 옆 두호1길,부산광역시 기장군 기장읍 죽성로 326,부산광역시 기장군 기장읍 죽성리 134-10,35.24016369,129.2480385,양방향,N,N,Y,경보음+CCTV,2017,2018-06-25,Y,부산광역시 기장군청,051-709-5421,2026-05-07,I,2026-05-15 18:45:46,2026-05-07 10:16:08
3400000,202634000000900070,1036,방범용,기타,칠암초등학교 진입로,부산광역시 기장군 일광면 박영준길 19,부산광역시 기장군 일광면 칠암리 149-8,35.29875141,129.2559105,양방향,N,N,Y,경보음+CCTV,2017,2018-06-25,Y,부산광역시 기장군청,051-709-5421,2026-05-07,I,2026-05-15 18:45:46,2026-05-07 10:16:08
3400000,202634000000900072,1034,방범용,기타,정원초등학교,부산광역시 기장군 정관읍 정관로 423,부산광역시 기장군 정관읍 모전리 754,35.33196633,129.1672717,양방향,N,N,Y,경보음+CCTV,2017,2018-06-25,Y,부산광역시 기장군청,051-709-5421,2026-05-07,I,2026-05-15 18:45:46,2026-05-07 10:16:08
3400000,202634000000900073,1033,방범용,기타,정관초등학교 및 유치원 후문,부산광역시 기장군 정관읍 정관로 530,부산광역시 기장군 정관읍 용수리 1391,35.32321538,129.1718495,양방향,N,N,Y,경보음+CCTV,2017,2018-06-25,Y,부산광역시 기장군청,051-709-5421,2026-05-07,I,2026-05-15 18:45:46,2026-05-07 10:16:08
3400000,202634000000900075,1031,방범용,기타,방곡초등학교 후문,부산광역시 기장군 정관읍 정관덕산길 61,부산광역시 기장군 정관읍 방곡리 424,35.32292944,129.1867072,양방향,N,N,Y,경보음+CCTV,2017,2018-06-25,Y,부산광역시 기장군청,051-709-5421,2026-05-07,I,2026-05-15 18:45:46,2026-05-07 10:16:08
3400000,202634000000900076,1030,방범용,기타,모전초등학교,부산광역시 기장군 정관읍 정관1로 18,부산광역시 기장군 정관읍 모전리 723,35.3386331,129.1630656,양방향,N,N,Y,경보음+CCTV,2017,2018-06-25,Y,부산광역시 기장군청,051-709-5421,2026-05-07,I,2026-05-15 18:45:46,2026-05-07 10:16:08
3400000,202634000000900081,1025,방범용,기타,교리초등학교 정문 주변,부산광역시 기장군 기장읍 차성로 427,부산광역시 기장군 기장읍 교리 244-1,35.25506584,129.216719,양방향,N,N,Y,경보음+CCTV,2017,2018-06-25,Y,부산광역시 기장군청,051-709-5421,2026-05-07,I,2026-05-15 18:45:46,2026-05-07 10:16:08
3400000,202634000000900084,1022,방범용,기타,신진초등학교 정문,부산광역시 기장군 철마면 고촌로28번길 10,부산광역시 기장군 철마면 고촌리 655,35.24092086,129.1714623,양방향,N,N,Y,경보음+CCTV,2016,2018-06-25,Y,부산광역시 기장군청,051-709-5421,2026-05-07,I,2026-05-15 18:45:46,2026-05-07 10:16:08
3400000,202634000000900086,1020,방범용,기타,좌천초등학교 후문,부산광역시 기장군 장안읍 좌천로 13-66,부산광역시 기장군 장안읍 좌천리 111,35.31195211,129.2395584,양방향,N,N,Y,경보음+CCTV,2016,2018-06-25,Y,부산광역시 기장군청,051-709-5421,2026-05-07,I,2026-05-15 18:45:46,2026-05-07 10:16:08
3400000,202634000000900087,1019,방범용,기타,월내초등학교,부산광역시 기장군 장안읍 길천2길 25,부산광역시 기장군 장안읍 길천리 191-1,35.32806456,129.2824809,양방향,N,N,Y,경보음+CCTV,2016,2018-06-25,Y,부산광역시 기장군청,051-709-5421,2026-05-07,I,2026-05-15 18:45:46,2026-05-07 10:16:08
3400000,202634000000900093,1013,방범용,기타,좌광천 산책로 달음교(북쪽),부산광역시 기장군 정관읍 달산리 1249,부산광역시 기장군 정관읍 달산리 1249,35.3197531,129.1968571,양방향,N,N,Y,경보음+CCTV,2015,2018-06-25,Y,부산광역시 기장군청,051-709-5421,2026-05-07,I,2026-05-15 18:45:46,2026-05-07 10:16:08
3400000,202634000000900097,1009,방범용,기타,좌광천 산책로 구연교(남쪽),부산광역시 기장군 정관읍 달산리 1249,부산광역시 기장군 정관읍 달산리 1249,35.32126,129.1848791,양방향,N,N,Y,경보음+CCTV,2015,2018-06-25,Y,부산광역시 기장군청,051-709-5421,2026-05-07,I,2026-05-15 18:45:46,2026-05-07 10:16:08
3400000,202634000000900099,1007,방범용,기타,좌광천 산책로 용상교(남쪽),부산광역시 기장군 정관읍 매학리 708,부산광역시 기장군 정관읍 매학리 708,35.32428,129.1770011,양방향,N,N,Y,경보음+CCTV,2015,2018-06-25,Y,부산광역시 기장군청,051-709-5421,2026-05-07,I,2026-05-15 18:45:46,2026-05-07 10:16:08
3400000,202634000000900101,1005,방범용,기타,좌광천 산책로 덕전교,부산광역시 기장군 정관읍 용수리 1325,부산광역시 기장군 정관읍 용수리 1325,35.3254611,129.1740661,양방향,N,N,Y,경보음+CCTV,2015,2018-06-25,Y,부산광역시 기장군청,051-709-5421,2026-05-07,I,2026-05-15 18:45:46,2026-05-07 10:16:08
3400000,202634000000900011,1096,방범용,기타,부산장안지구(5),부산광역시 기장군 장안읍 좌천리 362-6,부산광역시 기장군 장안읍 좌천리 362-6,35.31661,129.23897,양방향,N,N,Y,경보음+CCTV,2024,2024-09-02,Y,부산광역시 기장군청,051-709-5421,2026-05-07,I,2026-05-15 18:45:46,2026-05-07 10:16:08
3400000,202634000000900037,1070,방범용,기타,신혼희망타운아파트 공원(1)_회1,부산광역시 기장군 기장읍 청강리 348-2,부산광역시 기장군 기장읍 청강리 348-2,35.232822,129.219505,양방향,N,N,Y,경보음+CCTV,2021,2021-12-31,Y,부산광역시 기장군청,051-709-5421,2026-05-07,I,2026-05-15 18:45:46,2026-05-07 10:16:08
3400000,202634000000900045,1062,방범용,기타,한솔유치원주변,부산광역시 기장군 기장읍 대청로 45,부산광역시 기장군 기장읍 대라리 268-11,35.2378301,129.2152211,양방향,N,N,Y,경보음+CCTV,2021,2021-03-25,Y,부산광역시 기장군청,051-709-5421,2026-05-07,I,2026-05-15 18:45:46,2026-05-07 10:16:08
3400000,202634000000900055,1052,방범용,기타,해연어린이집,부산광역시 기장군 일광면 이천길 31,부산광역시 기장군 일광면 이천리 395-9,35.26519566,129.2370091,양방향,N,N,Y,경보음+CCTV,2018,2018-06-25,Y,부산광역시 기장군청,051-709-5421,2026-05-07,I,2026-05-15 18:45:46,2026-05-07 10:16:08
3400000,202634000000900082,1024,방범용,기타,가동초등학교,부산광역시 기장군 정관읍 정관5로 100,부산광역시 기장군 정관읍 용수리 1305,35.32690047,129.178585,양방향,N,N,Y,경보음+CCTV,2017,2018-06-25,Y,부산광역시 기장군청,051-709-5421,2026-05-07,I,2026-05-15 18:45:46,2026-05-07 10:16:08
3400000,202634000000900083,1023,방범용,기타,철마초등학교 앞 사거리,부산광역시 기장군 철마면 철마로 486,부산광역시 기장군 철마면 장전리 299-3,35.27459015,129.1496982,양방향,N,N,Y,경보음+CCTV,2016,2018-06-25,Y,부산광역시 기장군청,051-709-5421,2026-05-07,I,2026-05-15 18:45:46,2026-05-07 10:16:08
3400000,202634000000900085,1021,방범용,기타,월평초등학교 앞,부산광역시 기장군 정관읍 월평1길 21,부산광역시 기장군 정관읍 월평리 125-2,35.35969529,129.1383609,양방향,N,N,Y,경보음+CCTV,2016,2018-06-25,Y,부산광역시 기장군청,051-709-5421,2026-05-07,I,2026-05-15 18:45:46,2026-05-07 10:16:08
3400000,202634000000900098,1008,방범용,기타,좌광천 산책로 구연교(북쪽),부산광역시 기장군 정관읍 매학리 741,부산광역시 기장군 정관읍 매학리 741,35.3218,129.1836141,양방향,N,N,Y,경보음+CCTV,2015,2018-06-25,Y,부산광역시 기장군청,051-709-5421,2026-05-07,I,2026-05-15 18:45:46,2026-05-07 10:16:08
3400000,202634000000900100,1006,방범용,기타,좌광천 산책로 용상교(북쪽),부산광역시 기장군 정관읍 용수리 1325,부산광역시 기장군 정관읍 용수리 1325,35.3245751,129.1762151,양방향,N,N,Y,경보음+CCTV,2015,2018-06-25,Y,부산광역시 기장군청,051-709-5421,2026-05-07,I,2026-05-15 18:45:46,2026-05-07 10:16:08
3400000,202634000000900025,1082,방범용,기타,아라공원-01,부산광역시 기장군 일광읍 삼성리 421-1,부산광역시 기장군 일광읍 삼성리 421-1,35.26079,129.22064,양방향,N,N,Y,경보음+CCTV,2023,2023-06-12,Y,부산광역시 기장군청,051-709-5421,2026-05-07,I,2026-05-15 18:45:46,2026-05-07 10:16:08
3400000,202634000000900019,1088,방범용,기타,보명사 앞,부산광역시 기장군 기장읍 대라리 867,부산광역시 기장군 기장읍 대라리 867,35.2426621,129.2070011,양방향,N,N,Y,경보음+CCTV,2024,2024-02-22,Y,부산광역시 기장군청,051-709-5421,2026-05-07,I,2026-05-15 18:45:46,2026-05-07 10:16:08
3400000,202634000000900024,1083,방범용,기타,후동숲공원-01,부산광역시 기장군 일광읍 삼성리 산30-1,부산광역시 기장군 일광읍 삼성리 산30-1,35.262345,129.224252,양방향,N,N,Y,경보음+CCTV,2023,2023-06-12,Y,부산광역시 기장군청,051-709-5421,2026-05-07,I,2026-05-15 18:45:46,2026-05-07 10:16:08
3400000,202634000000900031,1076,방범용,기타,신평소공원,부산광역시 기장군일광읍 신평리 11-1,부산광역시 기장군일광읍 신평리 11-1,35.2936081,129.2603221,양방향,N,N,Y,경보음+CCTV,2022,2022-06-15,Y,부산광역시 기장군청,051-709-5421,2026-05-07,I,2026-05-15 18:45:46,2026-05-07 10:16:08
3400000,202634000000900042,1065,방범용,기타,기장읍사무소 뒤 오거리,부산광역시 기장군 기장읍 차성로242번길 56,부산광역시 기장군 기장읍 대라리 149-5,35.2388411,129.2167511,양방향,N,N,Y,경보음+CCTV,2021,2021-03-25,Y,부산광역시 기장군청,051-709-5421,2026-05-07,I,2026-05-15 18:45:46,2026-05-07 10:16:08
3400000,202634000000900043,1064,방범용,공원,해바라기공원,부산광역시 기장군 기장읍 대라리 171,부산광역시 기장군 기장읍 대라리 171,35.2359811,129.2153461,양방향,N,N,Y,경보음+CCTV,2021,2021-03-25,Y,부산광역시 기장군청,051-709-5421,2026-05-07,I,2026-05-15 18:45:46,2026-05-07 10:16:08
3400000,202634000000900052,1055,방범용,기타,동부1마을 안길 삼거리,부산광역시 기장군 기장읍 읍내로74번길 27,부산광역시 기장군 동부리 249,35.2445411,129.2125214,양방향,N,N,Y,경보음+CCTV,2019,2019-09-14,Y,부산광역시 기장군청,051-709-5421,2026-05-07,I,2026-05-15 18:45:46,2026-05-07 10:16:08
3400000,202634000000900056,1051,방범용,기타,구)이발소 앞,부산광역시 기장군 장안읍 좌천2길 21-18,부산광역시 기장군 장안읍 좌천리 151-3,35.31355554,129.2417266,양방향,N,N,Y,경보음+CCTV,2018,2018-06-25,Y,부산광역시 기장군청,051-709-5421,2026-05-07,I,2026-05-15 18:45:46,2026-05-07 10:16:08
3400000,202634000000900061,1046,방범용,기타,두호마을회관 맞은편,부산광역시 기장군 기장읍 두호길 25-26,부산광역시 기장군 기장읍 죽성리 30-37,35.24174711,129.2468169,양방향,N,N,Y,경보음+CCTV,2018,2018-06-25,Y,부산광역시 기장군청,051-709-5421,2026-05-07,I,2026-05-15 18:45:46,2026-05-07 10:16:08
3400000,202634000000900068,1038,방범용,기타,아름공원 옆 오거리,부산광역시 기장군 기장읍 차성동로45번길 35,부산광역시 기장군 기장읍 대라리 126-1,35.24172871,129.2145852,양방향,N,N,Y,경보음+CCTV,2017,2018-06-25,Y,부산광역시 기장군청,051-709-5421,2026-05-07,I,2026-05-15 18:45:46,2026-05-07 10:16:08
3400000,202634000000900088,1018,방범용,기타,장안초등학교 앞,부산광역시 기장군 장안읍 장안로 67-4,부산광역시 기장군 장안읍 기룡리 301-1,35.3465,129.2541012,양방향,N,N,Y,경보음+CCTV,2016,2018-06-25,Y,부산광역시 기장군청,051-709-5421,2026-05-07,I,2026-05-15 18:45:46,2026-05-07 10:16:08
3400000,202634000000900091,1015,방범용,기타,죽성초등학교 맞은편,부산광역시 기장군 기장읍 죽성로 271,부산광역시 기장군 기장읍 죽성리 84-4,35.2424229,129.2445955,양방향,N,N,Y,경보음+CCTV,2016,2018-06-25,Y,부산광역시 기장군청,051-709-5421,2026-05-07,I,2026-05-15 18:45:46,2026-05-07 10:16:08
3400000,202634000000900094,1012,방범용,기타,좌광천 산책로 강변교(남쪽),부산광역시 기장군 정관읍 달산리 1249,부산광역시 기장군 정관읍 달산리 1249,35.3190461,129.1927211,양방향,N,N,Y,경보음+CCTV,2015,2018-06-25,Y,부산광역시 기장군청,051-709-5421,2026-05-07,I,2026-05-15 18:45:46,2026-05-07 10:16:08
