prkplceNo,prkplceNm,prkplceSe,prkplceType,rdnmadr,lnmadr,prkcmprt,feedingSe,enforceSe,operDay,weekdayOperOpenHhmm,weekdayOperColseHhmm,satOperOperOpenHhmm,satOperCloseHhmm,holidayOperOpenHhmm,holidayCloseOpenHhmm,parkingchrgeInfo,basicTime,basicCharge,addUnitTime,addUnitCharge,dayCmmtktAdjTime,dayCmmtkt,monthCmmtkt,metpay,spcmnt,institutionNm,phoneNumber,latitude,longitude,pwdbsPpkZoneYn,referenceDate,insttCode,insttNm
133-2-000023,청학스카이웨이,공영,노외,부산광역시 영도구 청학남로 15,부산광역시 영도구 청학동 446-67,45,4,요일제,평일+토요일+공휴일,00:00,23:59,00:00,23:59,00:00,23:59,유료,10,100,10,100,1200,2400,52000,현금,,부산광역시 영도구청,051-419-4552,35.0902062,129.0593647,Y,2026-04-17,3280000,부산광역시 영도구
133-2-000024,영도중학교옆,공영,노외,부산광역시 영도구 동삼남로 32,부산광역시 영도구 동삼동 328-22,20,4,요일제,평일+토요일+공휴일,00:00,23:59,00:00,23:59,00:00,23:59,유료,10,100,10,100,1200,2400,52000,현금,,부산광역시 영도구청,051-419-4552,35.077534,129.0692786,Y,2026-04-17,3280000,부산광역시 영도구
133-2-000025,영도해녀문화전시관,공영,노외,부산광역시 영도구 중리남로 2-36,부산광역시 영도구 동삼동 640-14,28,4,요일제,평일+토요일+공휴일,00:00,23:59,00:00,23:59,00:00,23:59,유료,10,100,10,100,1200,2400,52000,현금,,부산광역시 영도구청,051-419-4552,35.06773357,129.0657989,Y,2026-04-17,3280000,부산광역시 영도구
133-2-000026,신선스카이웨이,공영,노외,부산광역시 영도구 산제당길 154,부산광역시 영도구 신선동2가 141-84,49,4,요일제,평일+토요일+공휴일,00:00,23:59,00:00,23:59,00:00,23:59,유료,10,100,10,100,1200,2400,52000,현금+카드,,부산광역시 영도구청,051-419-4552,35.086553,129.0483665,Y,2026-04-17,3280000,부산광역시 영도구
133-2-000027,봉래산,공영,노외,부산광역시 영도구 와치로78,부산광역시 영도구 청학동 483-1,64,4,요일제,평일+토요일+공휴일,00:00,23:59,00:00,23:59,00:00,23:59,유료,10,100,10,100,1200,2400,52000,현금+카드,,부산광역시 영도구청,051-419-4552,35.08595151,129.0596031,Y,2026-04-17,3280000,부산광역시 영도구
133-2-000028,블루포트2021,공영,노외,부산광역시 영도구 봉래나루로 138,부산광역시 영도구 봉래동1가 202-1,30,2,요일제,평일+토요일+공휴일,00:00,23:59,00:00,23:59,00:00,23:59,유료,10,300,10,300,1200,8000,160000,현금+카드,,부산광역시 영도구청,051-419-4552,35.095588,129.041131,Y,2026-04-17,3280000,부산광역시 영도구
133-2-000029,중리산,공영,노외,부산광역시 영도구 해양힐링로 136,부산광역시 영도구 동삼동 647-8,62,4,요일제,평일+토요일+공휴일,00:00,23:59,00:00,23:59,00:00,23:59,무료,10,0,10,0,0,0,0,현금+카드,,부산광역시 영도구청,051-419-4552,35.06589635,129.0694376,Y,2026-04-17,3280000,부산광역시 영도구
133-2-000030,동삼하리항,공영,노외,부산광역시 영도구 하리해안길 17-5,부산광역시 영도구 동삼동 1181,82,2,요일제,평일+토요일+공휴일,00:00,23:59,00:00,23:59,00:00,23:59,유료,10,300,10,300,1200,8000,160000,현금+카드,,부산광역시 영도구청,051-419-4552,35.06978487,129.0812787,Y,2026-04-17,3280000,부산광역시 영도구
145-1-000003,기장 1-3구역노상공영주차장,공영,노상,,부산광역시 기장군 기장읍 대라리 64-2,124,2,미시행,평일+토요일+공휴일,09:00,20:00,09:00,20:00,09:00,20:00,유료,10,200,10,200,400,8000,0,현금,,기장군도시관리공단,051-792-4992,35.2430764921,129.2158754807,N,2026-04-16,3400000,부산광역시 기장군
145-2-000002,기장제1공영주차장,공영,노외,부산광역시 기장군 기장읍 차성동로 70,부산광역시 기장군 기장읍 동부리 280-9,100,2,미시행,평일+토요일+공휴일,00:00,23:59,00:00,23:59,00:00,23:59,유료,10,200,10,200,400,8000,160000,신용카드,,기장군도시관리공단,051-792-4992,35.24403255,129.216915,N,2026-04-16,3400000,부산광역시 기장군
145-2-000001,동부근린공영주차장,공영,노외,부산광역시 기장군 기장읍 차성동로 119,부산광역시 기장군 기장읍 동부리 151-8,183,2,미시행,평일+토요일+공휴일,00:00,23:59,00:00,23:59,00:00,23:59,유료,10,200,10,200,240,4700,40000,신용카드,,기장군도시관리공단,051-792-4992,35.24854274,129.2166643,N,2026-04-16,3400000,부산광역시 기장군
145-2-000007,신천리공영주차장,공영,노외,,부산광역시 기장군 기장읍 신천리 298,157,기타,5부제,평일,09:00,19:00,00:00,00:00,00:00,00:00,유료,60,0,10,200,0,4700,10000,신용카드,,기장군도시관리공단,051-792-4897,35.2429531659,129.2240292517,Y,2026-04-16,3400000,부산광역시 기장군
145-2-000006,군청사부설주차장,공영,노외,부산광역시 기장군 기장읍 기장대로 560,부산광역시 기장군 기장읍 신천리 1,410,기타,5부제,평일,09:00,19:00,00:00,00:00,00:00,00:00,유료,60,0,10,200,0,4700,10000,신용카드,,기장군도시관리공단,051-792-4897,35.2434815827,129.2229656,Y,2026-04-16,3400000,부산광역시 기장군
145-2-000005,기장시장공영주차장,공영,노외,부산광역시 기장군 기장읍 읍내로94번길 9,부산광역시 기장군 기장읍 대라리 427,216,2,미시행,평일+토요일+공휴일,00:00,23:59,00:00,23:59,00:00,23:59,유료,10,200,10,200,400,8000,160000,신용카드,,기장군도시관리공단,051-792-4992,35.244193356,129.2149936,N,2026-04-16,3400000,부산광역시 기장군
145-2-000040,일광신도시 공영주차장,공영,노외,,부산광역시 기장군 일광읍 삼성리 846,23,4,미시행,평일+토요일+공휴일,00:00,23:59,00:00,23:59,00:00,23:59,유료,10,100,10,100,,2400,52000,신용카드,,부산광역시 기장군 도시관리공단,051-792-4995,35.26350421,129.2252188,Y,2026-04-16,3400000,부산광역시 기장군
145-2-000039,정관읍 임시공영주차장,공영,노외,,부산광역시 기장군 정관읍 용수리 1313,210,4,5부제,평일+토요일+공휴일,00:00,23:59,00:00,23:59,00:00,23:59,유료,10,100,10,100,,2400,52000,신용카드,,부산광역시 기장군 도시관리공단,051-792-4995,35.32504443,129.1778358,Y,2026-04-16,3400000,부산광역시 기장군
145-2-000038,화전리 노외공영주차장,공영,노외,,부산광역시 기장군 일광읍 화전리 295-17,20,4,미시행,평일+토요일+공휴일,00:00,23:59,00:00,23:59,00:00,23:59,무료,0,0,,,,,,,,부산광역시 기장군청 교통행정과,051-792-4995,35.28098593,129.2306166,Y,2026-04-16,3400000,부산광역시 기장군
145-2-000037,임기리 노외공영주차장,공영,노외,,부산광역시 기장군 철마면 임기리 699-4,22,4,미시행,평일+토요일+공휴일,00:00,23:59,00:00,23:59,00:00,23:59,무료,0,0,,,,,,,,부산광역시 기장군청 교통행정과,051-792-4995,35.31948236,129.1179538,Y,2026-04-16,3400000,부산광역시 기장군
145-2-000036,오랑대 공영주차장,공영,노외,,부산광역시 기장군 기장읍 연화리 산 65-1,65,2,미시행,평일+토요일+공휴일,00:00,23:59,00:00,23:59,00:00,23:59,유료,10,300,10,300,,8000,160000,신용카드,,부산광역시 기장군 도시관리공단,051-792-4995,35.20509906,129.2278508,Y,2026-04-16,3400000,부산광역시 기장군
145-1-000014,동산그린타워 주변 이면도로,공영,노상,,부산광역시 기장군 기장읍 동부리 448,63,4,미시행,평일+토요일+공휴일,00:00,23:59,00:00,23:59,00:00,23:59,무료,0,0,,,,,,,,부산광역시 기장군청 교통행정과,051-709-2486,35.24883371,129.216946,Y,2026-04-16,3400000,부산광역시 기장군
145-1-000012,일광해수욕장 주변,공영,노상,,부산광역시 기장군 일광읍 삼성리 720,45,2,미시행,평일+토요일+공휴일,09:00,20:00,09:00,20:00,09:00,20:00,유료,10,300,10,300,,8000,,현금,,부산광역시 기장군 도시관리공단,051-792-4995,35.26026379,129.232753,Y,2026-04-16,3400000,부산광역시 기장군
145-1-000004,기장탕 옆 놀이터,공영,노상,,부산광역시 기장군 기장읍 대라리 124-2,25,2,미시행,평일+토요일+공휴일,09:00,20:00,09:00,20:00,09:00,20:00,유료,10,200,10,200,,8000,,현금,,부산광역시 기장군 도시관리공단,051-792-4995,35.2416169489,129.2141686057,Y,2026-04-16,3400000,부산광역시 기장군
145-1-000003,구 국민은행 옆 주변 복개도로,공영,노상,,부산광역시 기장군 기장읍 대라리 775-2,20,2,미시행,평일+토요일+공휴일,09:00,20:00,09:00,20:00,09:00,20:00,유료,10,200,10,200,,8000,,현금,,부산광역시 기장군 도시관리공단,051-792-4995,35.2437390033,129.2170291751,Y,2026-04-16,3400000,부산광역시 기장군
145-1-000002,기장시장입구 동부산농협 주변,공영,노상,,부산광역시 기장군 기장읍 대라리 418-10,24,2,미시행,평일+토요일+공휴일,09:00,20:00,09:00,20:00,09:00,20:00,유료,10,200,10,200,,8000,,현금,,부산광역시 기장군 도시관리공단,051-792-4995,35.243153331,129.2138199147,Y,2026-04-16,3400000,부산광역시 기장군
145-1-000001,기장시장 뒤편 부산은행 주변,공영,노상,,부산광역시 기장군 기장읍 동부리 486,9,2,미시행,평일+토요일+공휴일,09:00,20:00,09:00,20:00,09:00,20:00,유료,10,200,10,200,,8000,,현금,,부산광역시 기장군 도시관리공단,051-792-4995,35.2449335839,129.2154195211,Y,2026-04-16,3400000,부산광역시 기장군
145-1-000004,정관읍상업지역노상공영주차장,공영,노상,"부산광역시 기장군 정관읍 정관7로, 정관8로",,54,2,미시행,평일+토요일+공휴일,09:00,20:00,09:00,20:00,09:00,20:00,유료,10,300,10,300,280,8000,0,현금,,기장군도시관리공단,051-792-4992,35.322927,129.177814,N,2026-04-16,3400000,부산광역시 기장군
145-2-000008,좌천 재래시장,공영,노외,,부산광역시 기장군 장안읍 좌천리 45-8,55,4,미시행,평일+토요일+공휴일,00:00,23:59,00:00,23:59,00:00,23:59,무료,0,0,,,,,,,,부산광역시 기장군청 교통행정과,051-709-2486,35.3092765027,129.2432829092,Y,2026-04-16,3400000,부산광역시 기장군
145-2-000007,장안읍 임랑리 아름마을,공영,노외,,부산광역시 기장군 장안읍 임랑리 380-5,17,4,미시행,평일+토요일+공휴일,00:00,23:59,00:00,23:59,00:00,23:59,무료,0,0,,,,,,,,부산광역시 기장군청 교통행정과,051-709-2486,35.3161790109,129.259625,Y,2026-04-16,3400000,부산광역시 기장군
145-2-000006,임랑해수욕장 주변 행정봉사실 옆,공영,노외,,부산광역시 기장군 장안읍 임랑리 1-75,51,4,미시행,평일+토요일+공휴일,00:00,23:59,00:00,23:59,00:00,23:59,무료,0,0,,,,,,,,부산광역시 기장군청 교통행정과,051-709-2486,35.3191536597,129.2640349716,Y,2026-04-16,3400000,부산광역시 기장군
145-1-000037,일광해수욕장 일방통행로,공영,노상,,부산광역시 기장군 일광읍 삼성리 115-25,39,2,미시행,평일+토요일+공휴일,00:00,23:59,00:00,23:59,00:00,23:59,유료,10,300,10,300,,,,,,부산광역시 기장군청 교통행정과,051-709-2486,35.2623490428,129.2336376019,Y,2026-04-16,3400000,부산광역시 기장군
145-1-000021,기장중학교 정문 주변,공영,노상,,부산광역시 기장군 기장읍 대라리 4-15,11,2,미시행,평일+토요일+공휴일,09:00,20:00,09:00,20:00,09:00,20:00,유료,10,200,10,200,,8000,,현금,,부산광역시 기장군 도시관리공단,051-792-4995,35.24530092,129.2185245826,Y,2026-04-16,3400000,부산광역시 기장군
145-1-000020,정관읍 달산리 성림아파트 전면도로,공영,노상,,부산광역시 기장군 정관읍 달산리 1234,8,4,미시행,평일+토요일+공휴일,00:00,23:59,00:00,23:59,00:00,23:59,무료,0,0,,,,,,,,부산광역시 기장군청 교통행정과,051-709-2486,35.3221048177,129.1940378203,Y,2026-04-16,3400000,부산광역시 기장군
145-1-000017,청강리 기장병원 주변 이면도로,공영,노상,,부산광역시 기장군 기장읍 청강리 305,190,2,미시행,평일+토요일+공휴일,00:00,23:59,00:00,23:59,00:00,23:59,무료,0,0,,,,,,,,부산광역시 기장군청 교통행정과,051-709-2486,35.23807078,129.218303,Y,2026-04-16,3400000,부산광역시 기장군
145-2-000043,오리산업단지 노외공영주차장,공영,노외,,부산광역시 기장군 장안읍 오리 1121-4,49,4,미시행,평일+토요일+공휴일,00:00,23:59,00:00,23:59,00:00,23:59,무료,0,0,,,,,,,,부산광역시 기장군청 교통행정과,051-709-2486,35.35576623,129.2719539,Y,2026-04-16,3400000,부산광역시 기장군
145-2-000042,일광해수욕장 공영주차장,공영,노외,,"부산광역시 기장군 일광읍 삼성리 712, 712-2",71,2,5부제,평일+토요일+공휴일,00:00,23:59,00:00,23:59,00:00,23:59,유료,10,300,10,300,,8000,128000,신용카드,,부산광역시 기장군 도시관리공단,051-792-4995,35.26191568,129.2321412,Y,2026-04-16,3400000,부산광역시 기장군
145-2-000041,교리 공영주차장,공영,노외,,부산광역시 기장군 기장읍 교리 12,34,4,5부제,평일+토요일+공휴일,00:00,23:59,00:00,23:59,00:00,23:59,유료,10,100,10,100,,2400,52000,신용카드,,부산광역시 기장군 도시관리공단,051-792-4995,35.25586946,129.2195113,Y,2026-04-16,3400000,부산광역시 기장군
145-2-000010,동부근린공원 인근 노외 공영 주차장,공영,노외,부산광역시 기장군 기장읍 차성동로 119,부산광역시 기장군 기장읍 동부리 151-8,97,2,미시행,평일+토요일+공휴일,00:00,23:59,00:00,23:59,00:00,23:59,유료,10,100,10,100,,2400,52000,신용카드,,부산광역시 기장군 도시관리공단,051-792-4995,35.24854274,129.216683,Y,2026-04-16,3400000,부산광역시 기장군
145-2-000009,장안사 진입도로변,공영,노외,,부산광역시 기장군 장안읍 장안리 686-1,106,4,미시행,평일+토요일+공휴일,00:00,23:59,00:00,23:59,00:00,23:59,무료,0,0,,,,,,,,부산광역시 기장군청 교통행정과,051-709-2486,35.37102072,129.241907,Y,2026-04-16,3400000,부산광역시 기장군
145-2-000024,하장안마을 공영주차장,공영,노외,,부산광역시 기장군 장안읍 장안리 120-6,28,2,미시행,평일+토요일+공휴일,00:00,23:59,00:00,23:59,00:00,23:59,무료,0,0,,,,,,,,부산광역시 기장군청 교통행정과,051-709-2486,35.3626916955,129.2490322267,Y,2026-04-16,3400000,부산광역시 기장군
145-2-000023,상장안마을 공영주차장,공영,노외,,부산광역시 기장군 장안읍 장안리 412-12,35,4,미시행,평일+토요일+공휴일,00:00,23:59,00:00,23:59,00:00,23:59,무료,0,0,,,,,,,,부산광역시 기장군청 교통행정과,051-709-2486,35.3705460934,129.243948406,Y,2026-04-16,3400000,부산광역시 기장군
145-2-000022,마지마을 공영주차장,공영,노외,,부산광역시 기장군 철마면 연구리 304-3,29,4,미시행,평일+토요일+공휴일,00:00,23:59,00:00,23:59,00:00,23:59,무료,0,0,,,,,,,,부산광역시 기장군청 교통행정과,051-709-2486,35.27461793,129.165284,Y,2026-04-16,3400000,부산광역시 기장군
145-2-000018,기장 제1공영주차장,공영,노외,부산광역시 기장군 기장읍 차성동로 70,부산광역시 기장군 기장읍 동부리 280-9,176,2,미시행,평일+토요일+공휴일,00:00,23:59,00:00,23:59,00:00,23:59,유료,10,200,10,200,,4700,60000,신용카드,,부산광역시 기장군 도시관리공단,051-792-4995,35.24403255,129.216915,Y,2026-04-16,3400000,부산광역시 기장군
145-2-000011,오리 대룡마을,공영,노외,,부산광역시 기장군 장안읍 오리 141-8,37,4,미시행,평일+토요일+공휴일,00:00,23:59,00:00,23:59,00:00,23:59,무료,0,0,,,,,,,,부산광역시 기장군청 교통행정과,051-709-2486,35.3701961004,129.2644709627,Y,2026-04-16,3400000,부산광역시 기장군
133-2-000020,해돋이마을,공영,노외,부산광역시 영도구 와치로 2-14,부산광역시 영도구 청학동 468-57,22,4,요일제,평일+토요일+공휴일,00:00,23:59,00:00,23:59,00:00,23:59,유료,10,100,10,100,1200,2400,52000,현금,,부산광역시 영도구청,051-419-4552,35.0904128,129.0568423,Y,2026-04-17,3280000,부산광역시 영도구
133-2-000021,청학2동,공영,노외,부산광역시 영도구 청학동로 18-1,부산광역시 영도구 청학동 99-229,53,4,요일제,평일+토요일+공휴일,00:00,23:59,00:00,23:59,00:00,23:59,유료,10,100,10,100,1200,2400,52000,현금,,부산광역시 영도구청,051-419-4552,35.08920619,129.0622152,Y,2026-04-17,3280000,부산광역시 영도구
133-2-000022,청학동로,공영,노외,부산광역시 영도구 청학동로 58,부산광역시 영도구 청학동 120-8,22,4,요일제,평일+토요일+공휴일,00:00,23:59,00:00,23:59,00:00,23:59,유료,10,100,10,100,1200,2400,52000,현금,,부산광역시 영도구청,051-419-4552,35.09243615,129.0634763,N,2026-04-17,3280000,부산광역시 영도구
133-2-000012,남항시장,공영,노외,부산광역시 영도구 절영로93번길 41,부산광역시 영도구 남항동2가 267,66,2,요일제,평일+토요일+공휴일,00:00,23:59,00:00,23:59,00:00,23:59,유료,10,300,10,300,1200,8000,160000,현금+카드,,부산광역시 영도구청,051-419-4552,35.08826833,129.0407422,Y,2026-04-17,3280000,부산광역시 영도구
133-2-000013,신선하나,공영,노외,부산광역시 영도구 한결길 209,부산광역시 영도구 신선동1가 196-5,42,4,요일제,평일+토요일+공휴일,00:00,23:59,00:00,23:59,00:00,23:59,유료,10,100,10,100,1200,2400,52000,현금,,부산광역시 영도구청,051-419-4552,35.09054756,129.0477633,N,2026-04-17,3280000,부산광역시 영도구
133-2-000014,신선동,공영,노외,부산광역시 영도구 하나길 472,부산광역시 영도구 신선동2가 136-1,19,4,요일제,평일+토요일+공휴일,00:00,23:59,00:00,23:59,00:00,23:59,유료,10,100,10,100,1200,2400,52000,현금,,부산광역시 영도구청,051-419-4552,35.08705315,129.046782,Y,2026-04-17,3280000,부산광역시 영도구
133-2-000015,봉래시장,공영,노외,부산광역시 영도구 대교로 9,부산광역시 영도구 봉래동3가 22-2,23,2,요일제,평일+토요일+공휴일,00:00,23:59,00:00,23:59,00:00,23:59,유료,10,300,10,300,1200,8000,160000,현금,,부산광역시 영도구청,051-419-4552,35.09272002,129.0438271,Y,2026-04-17,3280000,부산광역시 영도구
133-2-000016,유정아파트,공영,노외,부산광역시 영도구 장미계단길 123,부산광역시 영도구 봉래동5가 122-37,20,4,요일제,평일+토요일+공휴일,00:00,23:59,00:00,23:59,00:00,23:59,유료,10,100,10,100,1200,2400,52000,현금,,부산광역시 영도구청,051-419-4552,35.09266318,129.0552642,Y,2026-04-17,3280000,부산광역시 영도구
133-2-000017,청학시장,공영,노외,부산광역시 영도구 청학서로 88,부산광역시 영도구 청학동 307-19,26,4,요일제,평일+토요일+공휴일,00:00,23:59,00:00,23:59,00:00,23:59,유료,10,100,10,100,1200,2400,52000,현금,,부산광역시 영도구청,051-419-4552,35.0968306,129.0592136,Y,2026-04-17,3280000,부산광역시 영도구
133-2-000018,청학하나,공영,노외,부산광역시 영도구 청학서로 88,부산광역시 영도구 청학동 307-19,57,4,요일제,평일+토요일+공휴일,00:00,23:59,00:00,23:59,00:00,23:59,유료,10,300,10,300,1200,8000,160000,현금,,부산광역시 영도구청,051-419-4552,35.09680071,129.0592793,Y,2026-04-17,3280000,부산광역시 영도구
133-2-000019,청학1동,공영,노외,부산광역시 영도구 봉래길 191,부산광역시 영도구 청학동 418-5,40,4,요일제,평일+토요일+공휴일,00:00,23:59,00:00,23:59,00:00,23:59,유료,10,100,10,100,1200,2400,52000,현금,,부산광역시 영도구청,051-419-4552,35.09140058,129.056113,Y,2026-04-17,3280000,부산광역시 영도구
133-1-000010,하늘전망대앞,공영,노상,부산광역시 영도구 절영로 321,부산광역시 영도구 동삼동 산149-4,28,4,요일제,평일+토요일+공휴일,08:00,20:00,08:00,20:00,08:00,20:00,유료,10,100,10,100,600,2400,30000,현금,,부산광역시 영도구청,051-419-4552,35.07447027,129.0541446,Y,2026-04-17,3280000,부산광역시 영도구
133-1-000011,하수종말처리장옆,공영,노상,부산광역시 영도구 해양로 248,부산광역시 영도구 동삼동 190,66,2,요일제,평일+토요일+공휴일,08:00,20:00,08:00,20:00,08:00,20:00,유료,10,300,10,300,600,8000,90000,현금,,부산광역시 영도구청,051-419-4552,35.08557037,129.0756495,Y,2026-04-17,3280000,부산광역시 영도구
133-1-000027,75광장앞,공영,노상,부산광역시 영도구 절영로 355,부산광역시 영도구 동삼동 628-1,19,4,요일제,평일+토요일+공휴일,08:00,20:00,08:00,20:00,08:00,20:00,유료,10,100,10,100,600,2400,30000,현금,,부산광역시 영도구청,051-419-4552,35.0716713,129.0573621,Y,2026-04-17,3280000,부산광역시 영도구
144-2-000001,엄궁초등학교지하주차장,공영,노외,부산광역시 사상구 엄궁로191번길 23,부산광역시 사상구 엄궁동 47,93,4,미시행,평일+토요일+공휴일,00:00,23:59,00:00,23:59,00:00,23:59,유료,10,100,10,100,,2400,52000,현금,,부산광역시 사상구청,051-310-4515,35.12918509,128.9743982,,2026-04-16,3390000,부산광역시 사상구
144-2-000002,학장천공영주차장,공영,노외,부산광역시 사상구 학장로 256,부산광역시 사상구 주례동 1287,90,4,미시행,평일+토요일+공휴일,00:00,23:59,00:00,23:59,00:00,23:59,유료,10,100,10,100,,2400,52000,현금,,부산광역시 사상구청,051-310-4515,35.14567213,128.9946989,,2026-04-16,3390000,부산광역시 사상구
144-2-000003,덕포백양공원공영주차장,공영,노외,부산광역시 사상구 백양대로762번길 17,부산광역시 사상구 덕포동 776-1,50,4,미시행,평일+토요일+공휴일,00:00,23:59,00:00,23:59,00:00,23:59,유료,10,100,10,100,,2400,52000,현금,,부산광역시 사상구청,051-310-4515,35.17490755,128.9895784,,2026-04-16,3390000,부산광역시 사상구
144-2-000004,양지2공원주변,공영,노외,부산광역시 사상구 양지로 18,부산광역시 사상구 주례동 314,74,4,미시행,평일+토요일+공휴일,00:00,23:59,00:00,23:59,00:00,23:59,유료,10,100,10,100,,2400,52000,현금,,부산광역시 사상구청,051-310-4515,35.15408297,129.0044592,,2026-04-16,3390000,부산광역시 사상구
144-2-000005,고동바위공영주차장,공영,노외,부산광역시 사상구 백양대로907번다길 6,부산광역시 사상구 모라동 1359,41,4,미시행,평일+토요일+공휴일,00:00,23:59,00:00,23:59,00:00,23:59,유료,10,100,10,100,,2400,52000,현금,,부산광역시 사상구청,051-310-4515,35.18821145,128.990298,,2026-04-16,3390000,부산광역시 사상구
144-2-000006,모라중학교 지하(노외),공영,노외,부산광역시 사상구 백양대로 936,부산광역시 사상구 모라동 1348,136,4,미시행,평일+토요일+공휴일,00:00,23:59,00:00,23:59,00:00,23:59,유료,10,100,10,100,,2400,52000,현금,,부산광역시 사상구청,051-310-4515,35.19067059,128.9924437,,2026-04-16,3390000,부산광역시 사상구
144-2-000007,감전역 역세권 공영주차장,공영,노외,부산광역시 사상구 새벽시장로133번길 10,부산광역시 사상구 감전동 134-7,215,3,미시행,평일+토요일+공휴일,00:00,23:59,00:00,23:59,00:00,23:59,유료,10,200,10,200,,4700,90000,카드,,부산광역시 사상구청,051-310-4515,35.15424995,128.9886995,,2026-04-16,3390000,부산광역시 사상구
144-2-000008,서감초등학교주변,공영,노외,부산광역시 사상구 새벽시장로63번길 10,부산광역시 사상구 감전동 130-6,18,4,미시행,평일+토요일+공휴일,00:00,23:59,00:00,23:59,00:00,23:59,유료,10,100,10,100,,2400,52000,카드,,부산광역시 사상구청,051-310-4515,35.15553901,128.9811154,,2026-04-16,3390000,부산광역시 사상구
144-2-000009,덕포역역세권 공영주차장,공영,노외,부산광역시 사상구 삼덕로 76,부산광역시 사상구 덕포동 415-1,54,3,미시행,평일+토요일+공휴일,00:00,23:59,00:00,23:59,00:00,23:59,유료,10,200,10,200,,4700,90000,카드,,부산광역시 사상구청,051-310-4515,35.17348043,128.9852643,,2026-04-16,3390000,부산광역시 사상구
144-2-000010,운수천공영주차장,공영,노외,,부산광역시 사상구 모라동 61-1,63,기타,미시행,평일+토요일+공휴일,00:00,23:59,00:00,23:59,00:00,23:59,무료,0,,,,,,,,,부산광역시 사상구청,051-310-4515,35.185597859,129.0105770312,,2026-04-16,3390000,부산광역시 사상구
145-1-000008,일광해수욕장노상공영주차장,공영,노상,,부산광역시 기장군 일광면 삼성리 720,47,2,미시행,평일+토요일+공휴일,09:00,20:00,09:00,20:00,09:00,20:00,유료,10,300,10,300,400,8000,0,현금,,기장군도시관리공단,051-792-4992,35.261539,129.233086,N,2026-04-16,3400000,부산광역시 기장군
145-2-000048,좌천리 노외공영주차장,공영,노외,,부산광역시 기장군 장안읍 좌천리 254-9,55,3,5부제,평일+토요일+공휴일,00:00,23:59,00:00,23:59,00:00,23:59,유료,10,300,10,300,,4700,60000,신용카드,,부산광역시 기장군 도시관리공단,051-792-4995,35.31411533,129.2439460005,Y,2026-04-16,3400000,부산광역시 기장군
145-2-000047,길천리 공유수면 매립지 노외공영주차장,공영,노외,,부산광역시 기장군 장안읍 길천리 500,31,4,미시행,평일+토요일+공휴일,00:00,23:59,00:00,23:59,00:00,23:59,무료,0,0,,,,,,,,부산광역시 기장군청 교통행정과,051-709-2486,35.32658766,129.2824625,Y,2026-04-16,3400000,부산광역시 기장군
145-2-000046,월내리 공유수면 매립지 노외공영주차장,공영,노외,,부산광역시 기장군 장안읍 월내리 667,33,4,미시행,평일+토요일+공휴일,00:00,23:59,00:00,23:59,00:00,23:59,무료,0,0,,,,,,,,부산광역시 기장군청 교통행정과,051-709-2486,35.32614138,129.2792043,Y,2026-04-16,3400000,부산광역시 기장군
145-2-000045,월내리 노외공영주차장,공영,노외,,부산광역시 기장군 장안읍 월내리 618-29,50,4,미시행,평일+토요일+공휴일,00:00,23:59,00:00,23:59,00:00,23:59,무료,0,0,,,,,,,,부산광역시 기장군청 교통행정과,051-709-2486,35.32767269,129.280356,Y,2026-04-16,3400000,부산광역시 기장군
145-2-000044,삼성리 노외공영주차장(마을전용),공영,노외,,부산광역시 기장군 일광읍 삼성리 39-23,34,2,미시행,평일+토요일+공휴일,00:00,23:59,00:00,23:59,00:00,23:59,무료,0,0,,,,,,,,부산광역시 기장군청 교통행정과,051-709-2486,35.26407647,129.2346318,Y,2026-04-16,3400000,부산광역시 기장군
145-2-000035,정관 모전리 공영주차장,공영,노외,부산광역시 기장군 정관읍 모전1길 10,부산광역시 기장군 정관읍 모전리 739-3,13,2,미시행,평일+토요일+공휴일,00:00,23:59,00:00,23:59,00:00,23:59,유료,10,300,10,300,,8000,160000,신용카드,,부산광역시 기장군 도시관리공단,051-792-4995,35.33536741,129.166157,Y,2026-04-16,3400000,부산광역시 기장군
145-2-000033,백길마을 공영주차장,공영,노외,,부산광역시 기장군 철마면 백길리153-1,25,4,미시행,평일+토요일+공휴일,00:00,23:59,00:00,23:59,00:00,23:59,무료,0,0,,,,,,,,부산광역시 기장군청 교통행정과,051-709-2486,35.28354056,129.155375,Y,2026-04-16,3400000,부산광역시 기장군
145-2-000032,용수리 공영주차장,공영,노외,,부산광역시 기장군 정관읍 용수리 1366-11,12,2,미시행,평일+토요일+공휴일,00:00,23:59,00:00,23:59,00:00,23:59,무료,0,0,,,,,,,,부산광역시 기장군청 교통행정과,051-709-2486,35.326936,129.171662,Y,2026-04-16,3400000,부산광역시 기장군
145-2-000031,이천마을 공영주차장,공영,노외,,부산광역시 기장군 일광읍 이천리 930-1,18,4,미시행,평일+토요일+공휴일,00:00,23:59,00:00,23:59,00:00,23:59,무료,0,0,,,,,,,,부산광역시 기장군청 교통행정과,051-709-2486,35.26759332,129.2360645,Y,2026-04-16,3400000,부산광역시 기장군
145-2-000030,기장시장 공영주차장,공영,노외,부산광역시 기장군 기장읍 읍내로94번길 9,부산광역시 기장군 기장읍 대라리 427,216,2,미시행,평일+토요일+공휴일,00:00,23:59,00:00,23:59,00:00,23:59,유료,10,200,10,200,,8000,160000,신용카드,,부산광역시 기장군 도시관리공단,051-792-4995,35.24419336,129.2149936,Y,2026-04-16,3400000,부산광역시 기장군
144-1-000007,동영공업주변,공영,노상,부산광역시 사상구 학장로95번길 51,부산광역시 사상구 학장동 748-1,414,4,미시행,평일+토요일,08:00,20:00,08:00,15:00,00:00,00:00,유료,10,100,10,100,,2400,30000,현금,,부산광역시 사상구청,051-310-4515,35.14084027,128.9752151,,2026-04-16,3390000,부산광역시 사상구
144-1-000008,공영주차장(주례역),공영,노상,부산광역시 사상구 가야대로 288,부산광역시 사상구 주례동 506,8,2,미시행,평일+토요일,08:00,20:00,08:00,15:00,00:00,00:00,유료,10,300,10,300,,8000,160000,현금,,부산광역시 사상구청,051-310-4515,35.15000861,129.0040872,,2026-04-16,3390000,부산광역시 사상구
144-1-000009,공영주차장(사상초등학교),공영,노상,부산광역시 사상구 운산로 81,부산광역시 사상구 덕포동 752-3,25,4,미시행,평일+토요일,08:00,20:00,08:00,15:00,00:00,00:00,유료,10,100,10,100,,2400,30000,현금,,부산광역시 사상구청,051-310-4515,35.1676053,128.9851336,,2026-04-16,3390000,부산광역시 사상구
144-1-000010,공영주차장(사상전화국),공영,노상,부산광역시 사상구 가야대로176번길 53,부산광역시 사상구 학장동 281-9,208,4,미시행,평일+토요일,08:00,20:00,08:00,15:00,00:00,00:00,유료,10,100,10,100,,2400,30000,현금,,부산광역시 사상구청,051-310-4515,35.14712995,128.9915395,,2026-04-16,3390000,부산광역시 사상구
144-1-000011,해표사료주변,공영,노상,부산광역시 사상구 새벽시장로9번길 28,부산광역시 사상구 감전동 127-1,69,4,미시행,평일+토요일,08:00,20:00,08:00,15:00,00:00,00:00,유료,10,100,10,100,,2400,30000,현금,,부산광역시 사상구청,051-310-4515,35.15725882,128.9754935,,2026-04-16,3390000,부산광역시 사상구
144-1-000012,공영주차장(신일금속),공영,노상,부산광역시 사상구 장인로77번길 116,부산광역시 사상구 학장동 723-1,384,4,미시행,평일+토요일,08:00,20:00,08:00,15:00,00:00,00:00,유료,10,100,10,100,,2400,30000,현금,,부산광역시 사상구청,051-310-4515,35.14700812,128.9789585,,2026-04-16,3390000,부산광역시 사상구
144-1-000013,모라1동행정복지센터주변,공영,노상,부산광역시 사상구 백양대로 949-7,부산광역시 사상구 모라동 1347-4,105,4,미시행,평일+토요일,08:00,20:00,08:00,15:00,00:00,00:00,유료,10,100,10,100,,2400,30000,현금,,부산광역시 사상구청,051-310-4515,35.19091357,128.9912597,,2026-04-16,3390000,부산광역시 사상구
144-1-000014,삼락재첩거리주변,공영,노상,부산광역시 사상구 낙동대로1518번길 33,부산광역시 사상구 삼락동 70-21,135,4,미시행,평일+토요일,08:00,20:00,08:00,15:00,00:00,00:00,유료,10,100,10,100,,2400,30000,현금,,부산광역시 사상구청,051-310-4515,35.19343902,128.9858334,,2026-04-16,3390000,부산광역시 사상구
144-1-000015,엄궁외식1번가주변,공영,노상,부산광역시 사상구 농산물시장로 36,부산광역시 사상구 엄궁동 652-7,73,4,미시행,평일+토요일,08:00,20:00,08:00,15:00,00:00,00:00,유료,10,100,10,100,,2400,30000,현금,,부산광역시 사상구청,051-310-4515,35.12658641,128.9670652,,2026-04-16,3390000,부산광역시 사상구
144-1-000016,학장동행정복지센터주변,공영,노상,부산광역시 사상구 학감대로147번길 11,부산광역시 사상구 학장동 386-1,110,4,미시행,평일+토요일,08:00,20:00,08:00,15:00,00:00,00:00,유료,10,100,10,100,,2400,30000,현금,,부산광역시 사상구청,051-310-4515,35.14410084,128.9873097,,2026-04-16,3390000,부산광역시 사상구
144-1-000017,동서고가도로밑주변,공영,노상,부산광역시 사상구 백양대로445번길 2,부산광역시 사상구 주례동 394,87,4,미시행,평일+토요일,08:00,20:00,08:00,15:00,00:00,00:00,유료,10,100,10,100,,2400,30000,현금,,부산광역시 사상구청,051-310-4515,35.15248721,129.0028664,,2026-04-16,3390000,부산광역시 사상구
144-1-000018,동신운수옆복개공영주차장,공영,노상,부산광역시 사상구 가야대로230번길 3,부산광역시 사상구 주례동 1160-53,91,4,미시행,평일+토요일,08:00,20:00,08:00,15:00,00:00,00:00,유료,10,100,10,100,,2400,30000,현금,,부산광역시 사상구청,051-310-4515,35.14963302,128.9977998,,2026-04-16,3390000,부산광역시 사상구
144-1-000019,주례오거리공영주차장,공영,노상,부산광역시 사상구 가야대로255번길 17,부산광역시 사상구 주례동 437-1,55,4,미시행,평일+토요일,08:00,20:00,08:00,15:00,00:00,00:00,유료,10,100,10,100,,2400,30000,현금,,부산광역시 사상구청,051-310-4515,35.15133904,129.0010988,,2026-04-16,3390000,부산광역시 사상구
144-1-000020,감전중천주변,공영,노상,부산광역시 사상구 새벽시장로56번가길 63,부산광역시 사상구 감전동 150-1,189,4,미시행,평일+토요일,08:00,20:00,08:00,15:00,00:00,00:00,유료,10,100,10,100,,2400,30000,현금,,부산광역시 사상구청,051-310-4515,35.15409387,128.9770409,,2026-04-16,3390000,부산광역시 사상구
144-1-000021,유진맨션건너편,공영,노상,부산광역시 사상구 모라로 39,부산광역시 사상구 모라동 651-39,151,4,미시행,평일,08:00,20:00,00:00,00:00,00:00,00:00,유료,10,100,10,100,,2400,30000,현금,,부산광역시 사상구청,051-310-4515,35.1910413,128.9869951,,2026-04-16,3390000,부산광역시 사상구
144-1-000022,주례새마을금고주변,공영,노상,부산광역시 사상구 사상로 19,부산광역시 사상구 주례동 693-1,40,4,미시행,평일+토요일,08:00,20:00,08:00,15:00,00:00,00:00,유료,10,100,10,100,,2400,30000,현금,,부산광역시 사상구청,051-310-4515,35.15111194,128.9980202,,2026-04-16,3390000,부산광역시 사상구
133-1-000001,토토볼링장앞,공영,노상,부산광역시 영도구 대평남로 7,부산광역시 영도구 대평동1가 162-1,24,2,요일제,평일+토요일+공휴일,08:00,20:00,08:00,20:00,08:00,20:00,유료,10,300,10,300,600,8000,90000,현금,,부산광역시 영도구청,051-419-4552,35.08990647,129.0357324,Y,2026-04-17,3280000,부산광역시 영도구
133-1-000002,선용품유통센터앞,공영,노상,부산광역시 영도구 남항로 26,부산광역시 영도구 남항동2가 273-1,26,2,요일제,평일+토요일+공휴일,08:00,20:00,08:00,20:00,08:00,20:00,유료,10,300,10,300,600,8000,90000,현금,,부산광역시 영도구청,051-419-4552,35.08909927,129.0392675,Y,2026-04-17,3280000,부산광역시 영도구
133-1-000003,남항방파제,공영,노상,부산광역시 영도구 남항서로 52,부산광역시 영도구 남항동3가 141-37,119,3,요일제,평일+토요일+공휴일,08:00,20:00,08:00,20:00,08:00,20:00,유료,10,200,10,200,600,4700,50000,현금,,부산광역시 영도구청,051-419-4552,35.08558483,129.034834,Y,2026-04-17,3280000,부산광역시 영도구
133-1-000004,절영해안산책로앞,공영,노상,부산광역시 영도구 해안산책길 52,부산광역시 영도구 영선동4가 186-101,102,3,요일제,평일+토요일+공휴일,08:00,20:00,08:00,20:00,08:00,20:00,유료,10,200,10,200,600,4700,50000,현금,,부산광역시 영도구청,051-419-4552,35.0811807,129.0412093,Y,2026-04-17,3280000,부산광역시 영도구
133-1-000005,봉래동물양장,공영,노상,부산광역시 영도구 봉래나루로 79,부산광역시 영도구 봉래동1가 1,48,2,요일제,평일+토요일+공휴일,08:00,20:00,08:00,20:00,08:00,20:00,유료,10,300,10,300,600,8000,90000,현금,,부산광역시 영도구청,051-419-4552,35.09453741,129.0387845,Y,2026-04-17,3280000,부산광역시 영도구
133-1-000006,인제병원앞,공영,노상,부산광역시 영도구 절영로 6,부산광역시 영도구 봉래동1가 91-12,25,2,요일제,평일+토요일+공휴일,08:00,20:00,08:00,20:00,08:00,20:00,유료,10,300,10,300,600,8000,90000,현금,,부산광역시 영도구청,051-419-4552,35.09366223,129.0403349,Y,2026-04-17,3280000,부산광역시 영도구
133-1-000008,해양로변,공영,노상,부산광역시 영도구 해양로 155,부산광역시 영도구 청학동 1-54,22,4,요일제,평일+토요일+공휴일,08:00,20:00,08:00,20:00,08:00,20:00,유료,10,100,10,100,600,2400,30000,현금,,부산광역시 영도구청,051-419-4552,35.09221782,129.0704607,Y,2026-04-17,3280000,부산광역시 영도구
133-1-000009,태종보세장치장옆,공영,노상,부산광역시 영도구 해양로195번길 10,부산광역시 영도구 동삼동 201-21,56,4,요일제,평일+토요일+공휴일,08:00,20:00,08:00,20:00,08:00,20:00,유료,10,100,10,100,600,2400,30000,현금,,부산광역시 영도구청,051-419-4552,35.08872459,129.0727985,Y,2026-04-17,3280000,부산광역시 영도구
141-4-000024,강서주차장,민영,노외,,부산광역시 강서구 대저2동 1873-2,30,기타,미시행,평일+토요일+공휴일,09:30,23:59,09:30,23:59,09:30,23:59,유료,10,,,,,,,,,부산광역시 강서구청,,35.18416187,128.9584447,,2026-04-16,3360000,부산광역시 강서구
141-4-000025,보광주차장 3,민영,노외,,부산광역시 강서구 대저2동 1875-2,12,기타,미시행,평일+토요일+공휴일,09:30,23:59,09:30,23:59,09:30,23:59,유료,10,,,,,,,,,부산광역시 강서구청,,35.18362715,128.9582058,,2026-04-16,3360000,부산광역시 강서구
141-4-000026,신흥주차장,민영,노외,,부산광역시 강서구 대저2동 1884-2,170,기타,미시행,평일+토요일+공휴일,09:30,23:59,09:30,23:59,09:30,23:59,유료,10,,,,,,,,,부산광역시 강서구청,,35.18224522,128.9576049,,2026-04-16,3360000,부산광역시 강서구
141-4-000027,우현주차장,민영,노외,,부산광역시 강서구 대저2동 2021-6,34,기타,미시행,평일+토요일+공휴일,09:30,23:59,09:30,23:59,09:30,23:59,유료,10,,,,,,,,,부산광역시 강서구청,,35.17994616,128.9557464,,2026-04-16,3360000,부산광역시 강서구
141-4-000028,가가주차장,민영,노외,부산광역시 강서구 공항앞길 9,부산광역시 강서구 대저2동 2027-2,22,기타,미시행,평일+토요일+공휴일,09:30,23:59,09:30,23:59,09:30,23:59,유료,10,,,,,,,,,부산광역시 강서구청,,35.17987053,128.9544302,,2026-04-16,3360000,부산광역시 강서구
141-4-000029,발렛주차장,민영,노외,부산광역시 강서구 공항앞길13번길 37,부산광역시 강서구 대저2동 2032-7,15,기타,미시행,평일+토요일+공휴일,09:30,23:59,09:30,23:59,09:30,23:59,유료,10,,,,,,,,,부산광역시 강서구청,,35.17867362,128.9550364,,2026-04-16,3360000,부산광역시 강서구
141-4-000030,국제주차장,민영,노외,,부산광역시 강서구 대저2동 2037,64,기타,미시행,평일+토요일+공휴일,09:30,23:59,09:30,23:59,09:30,23:59,유료,10,,,,,,,,,부산광역시 강서구청,,35.17782587,128.9561812,,2026-04-16,3360000,부산광역시 강서구
141-4-000031,부산주차장,민영,노외,부산광역시 강서구 공항앞길13번길 12,부산광역시 강서구 대저2동 2058-3,54,기타,미시행,평일+토요일+공휴일,09:30,23:59,09:30,23:59,09:30,23:59,유료,10,,,,,,,,,부산광역시 강서구청,,35.17949883,128.954233,,2026-04-16,3360000,부산광역시 강서구
141-4-000032,차차주차장,민영,노외,부산광역시 강서구 공항앞길13번길 8,부산광역시 강서구 대저2동 2058-5,30,기타,미시행,평일+토요일+공휴일,09:30,23:59,09:30,23:59,09:30,23:59,유료,10,,,,,,,,,부산광역시 강서구청,,35.17975562,128.9540415,,2026-04-16,3360000,부산광역시 강서구
141-4-000033,VIP주차장(B동),민영,노외,,부산광역시 강서구 대저2동 2062-1번지,150,기타,미시행,평일+토요일+공휴일,09:30,23:59,09:30,23:59,09:30,23:59,유료,10,,,,,,,,,부산광역시 강서구청,,35.18026547,128.9536905,,2026-04-16,3360000,부산광역시 강서구
141-4-000034,강동주차장,민영,노외,,부산광역시 강서구 대저2동 2078,118,기타,미시행,평일+토요일+공휴일,09:30,23:59,09:30,23:59,09:30,23:59,유료,10,,,,,,,,,부산광역시 강서구청,,35.17921199,128.9519624,,2026-04-16,3360000,부산광역시 강서구
141-4-000035,동해주차장,민영,노외,,부산광역시 강서구 대저2동 2080-9,13,기타,미시행,평일+토요일+공휴일,09:30,23:59,09:30,23:59,09:30,23:59,유료,10,,,,,,,,,부산광역시 강서구청,,35.17950219,128.9532226,,2026-04-16,3360000,부산광역시 강서구
144-1-000001,감전중고차시장주변,공영,노상,부산광역시 사상구 학감대로221번길 26,부산광역시 사상구 감전동 156-1,97,4,미시행,평일+토요일,08:00,20:00,08:00,15:00,00:00,00:00,유료,10,100,10,100,,2400,30000,현금,,부산광역시 사상구청,051-310-4515,35.15130434,128.9886787,,2026-04-16,3390000,부산광역시 사상구
144-1-000002,감전시장주변,공영,노상,부산광역시 사상구 대동로 303,부산광역시 사상구 감전동 132-7,102,4,미시행,평일+토요일,08:00,20:00,08:00,15:00,00:00,00:00,유료,10,100,10,100,,2400,30000,현금,,부산광역시 사상구청,051-310-4515,35.15465512,128.9861379,,2026-04-16,3390000,부산광역시 사상구
144-1-000003,파라곤호텔주변,공영,노상,부산광역시 사상구 광장로 34,부산광역시 사상구 괘법동 565-6,55,4,미시행,평일+토요일,08:00,20:00,08:00,15:00,00:00,00:00,유료,10,100,10,100,,2400,30000,현금,,부산광역시 사상구청,051-310-4515,35.16190916,128.9804382,,2026-04-16,3390000,부산광역시 사상구
144-1-000004,학장지구대주변,공영,노상,부산광역시 사상구 대동로 205,부산광역시 사상구 학장동 242-1,194,4,미시행,평일+토요일,08:00,20:00,08:00,15:00,00:00,00:00,유료,10,100,10,100,,2400,30000,현금,,부산광역시 사상구청,051-310-4515,35.14614847,128.9845727,,2026-04-16,3390000,부산광역시 사상구
144-1-000005,한국강관주변,공영,노상,부산광역시 사상구 장인로17번길 78,부산광역시 사상구 감전동 949-7,327,4,미시행,평일+토요일,08:00,20:00,08:00,15:00,00:00,00:00,유료,10,100,10,100,,2400,30000,현금,,부산광역시 사상구청,051-310-4515,35.14764235,128.9730052,,2026-04-16,3390000,부산광역시 사상구
144-1-000006,위생처리장주변,공영,노상,부산광역시 사상구 낙동대로943번길 157,부산광역시 사상구 감전동 509-11,214,4,미시행,평일+토요일,08:00,20:00,08:00,15:00,00:00,00:00,유료,10,100,10,100,,2400,30000,현금,,부산광역시 사상구청,051-310-4515,35.13710101,128.9686434,,2026-04-16,3390000,부산광역시 사상구
141-4-000020,삼천리주차장,민영,노외,,부산광역시 강서구 대저2동 1846-3,200,기타,미시행,평일+토요일+공휴일,09:30,23:59,09:30,23:59,09:30,23:59,유료,10,,,,,,,,,부산광역시 강서구청,,35.18140746,128.955677,,2026-04-16,3360000,부산광역시 강서구
141-4-000021,광남주차장,민영,노외,부산광역시 강서구 공항진입로 36,부산광역시 강서구 대저2동 1858-1,245,기타,미시행,평일+토요일+공휴일,09:30,23:59,09:30,23:59,09:30,23:59,유료,10,,,,,,,,,부산광역시 강서구청,,35.18177187,128.9541601,,2026-04-16,3360000,부산광역시 강서구
141-4-000022,광남주차장,민영,노외,,부산광역시 강서구 대저2동 1858-1,245,기타,미시행,평일+토요일+공휴일,09:30,23:59,09:30,23:59,09:30,23:59,유료,10,,,,,,,,,부산광역시 강서구청,,35.18176269,128.9541709,,2026-04-16,3360000,부산광역시 강서구
141-4-000023,장기주차장,민영,노외,,부산광역시 강서구 대저2동 1873-2,35,기타,미시행,평일+토요일+공휴일,09:30,23:59,09:30,23:59,09:30,23:59,유료,10,,,,,,,,,부산광역시 강서구청,,35.18416187,128.9584447,,2026-04-16,3360000,부산광역시 강서구
141-4-000004,우리들주차장,민영,노외,,부산광역시 강서구 녹산동 1277-9,11,기타,미시행,평일+토요일+공휴일,09:30,23:59,09:30,23:59,09:30,23:59,유료,10,,,,,,,,,부산광역시 강서구청,,35.11904561,128.8905371,,2026-04-16,3360000,부산광역시 강서구
141-4-000005,동양주차장,민영,노외,,부산광역시 강서구 녹산동 92-1,20,기타,미시행,평일+토요일+공휴일,09:30,23:59,09:30,23:59,09:30,23:59,유료,10,,,,,,,,,부산광역시 강서구청,,35.11986081,128.8965902,,2026-04-16,3360000,부산광역시 강서구
141-4-000006,금호주차장,민영,노외,부산광역시 강서구 대저로29번길 58,부산광역시 강서구 대저1동 1190,25,기타,미시행,평일+토요일+공휴일,09:30,23:59,09:30,23:59,09:30,23:59,유료,10,,,,,,,,,부산광역시 강서구청,,35.21726607,128.9558723,,2026-04-16,3360000,부산광역시 강서구
141-4-000007,무지개주차장,민영,노외,,부산광역시 강서구 대저1동 1314-8,17,기타,미시행,평일+토요일+공휴일,09:30,23:59,09:30,23:59,09:30,23:59,유료,10,,,,,,,,,부산광역시 강서구청,,35.21648179,128.9687711,,2026-04-16,3360000,부산광역시 강서구
141-4-000008,동호주차장,민영,노외,,부산광역시 강서구 대저1동 1491-60,8,기타,미시행,평일+토요일+공휴일,09:30,23:59,09:30,23:59,09:30,23:59,유료,10,,,,,,,,,부산광역시 강서구청,,35.21550869,128.9630396,,2026-04-16,3360000,부산광역시 강서구
141-4-000009,부자집주차장,민영,노외,,부산광역시 강서구 대저1동 2345-11,10,기타,미시행,평일+토요일+공휴일,09:30,23:59,09:30,23:59,09:30,23:59,유료,10,,,,,,,,,부산광역시 강서구청,,35.21206253,128.9832048,,2026-04-16,3360000,부산광역시 강서구
141-4-000010,강서주차장,민영,노외,,부산광역시 강서구 대저1동 2376-2,12,기타,미시행,평일+토요일+공휴일,09:30,23:59,09:30,23:59,09:30,23:59,유료,10,,,,,,,,,부산광역시 강서구청,,35.2136696,128.9808984,,2026-04-16,3360000,부산광역시 강서구
141-4-000011,대보주차장,민영,노외,,부산광역시 강서구 대저1동 2377-22,14,기타,미시행,평일+토요일+공휴일,09:30,23:59,09:30,23:59,09:30,23:59,유료,10,,,,,,,,,부산광역시 강서구청,,35.21456825,128.9808873,,2026-04-16,3360000,부산광역시 강서구
141-4-000012,대저주차장,민영,노외,,부산광역시 강서구 대저1동 2377-27,38,기타,미시행,평일+토요일+공휴일,09:30,23:59,09:30,23:59,09:30,23:59,유료,10,,,,,,,,,부산광역시 강서구청,,35.21424984,128.9808151,,2026-04-16,3360000,부산광역시 강서구
141-4-000013,대저주차장,민영,노외,,부산광역시 강서구 대저1동 750-1,50,기타,미시행,평일+토요일+공휴일,09:30,23:59,09:30,23:59,09:30,23:59,유료,10,,,,,,,,,부산광역시 강서구청,,35.21580764,128.9734345,,2026-04-16,3360000,부산광역시 강서구
141-4-000014,일공주차장,민영,노외,,부산광역시 강서구 대저1동 754-1,30,기타,미시행,평일+토요일+공휴일,09:30,23:59,09:30,23:59,09:30,23:59,유료,10,,,,,,,,,부산광역시 강서구청,,35.21702737,128.9734997,,2026-04-16,3360000,부산광역시 강서구
141-4-000015,보광주차장 2,민영,노외,,부산광역시 강서구 대저2동 1833,5,기타,미시행,평일+토요일+공휴일,09:30,23:59,09:30,23:59,09:30,23:59,유료,10,,,,,,,,,부산광역시 강서구청,,35.18077924,128.9534953,,2026-04-16,3360000,부산광역시 강서구
141-4-000016,강서제일 주차장,민영,노외,,"부산광역시 강서구 대저2동 1841-1,1842-5,1842-1-,1842-13,1843-4",34,기타,미시행,평일+토요일+공휴일,09:30,23:59,09:30,23:59,09:30,23:59,유료,10,,,,,,,,,부산광역시 강서구청,,35.18076581,128.9563136,,2026-04-16,3360000,부산광역시 강서구
141-4-000017,뉴공항주차장,민영,노외,부산광역시 강서구 공항진입로 11,부산광역시 강서구 대저2동 1842-10,13,기타,미시행,평일+토요일+공휴일,09:30,23:59,09:30,23:59,09:30,23:59,유료,10,,,,,,,,,부산광역시 강서구청,,35.18079326,128.9563045,,2026-04-16,3360000,부산광역시 강서구
141-4-000018,공항주차장,민영,노외,,부산광역시 강서구 대저2동 1843-23,35,기타,미시행,평일+토요일+공휴일,09:30,23:59,09:30,23:59,09:30,23:59,유료,10,,,,,,,,,부산광역시 강서구청,,35.18056638,128.9558761,,2026-04-16,3360000,부산광역시 강서구
141-4-000019,보광주차장,민영,노외,,부산광역시 강서구 대저2동 1845-1,10,기타,미시행,평일+토요일+공휴일,09:30,23:59,09:30,23:59,09:30,23:59,유료,10,,,,,,,,,부산광역시 강서구청,,35.18181108,128.9561575,,2026-04-16,3360000,부산광역시 강서구
141-2-000093,대항공영 주차장,공영,노외,,부산광역시 강서구 대항동 산 13-26,89,4,미시행,평일+토요일+공휴일,09:30,23:59,09:30,23:59,09:30,23:59,무료,10,,,,,,,,,부산광역시 강서구청,,35.01167482,128.8300358,,2026-04-16,3360000,부산광역시 강서구
141-4-000094,드림주차장,민영,노외,,부산광역시 강서구 명지동 12,5,기타,미시행,평일+토요일+공휴일,09:30,23:59,09:30,23:59,09:30,23:59,유료,10,,,,,,,,,부산광역시 강서구청,,35.11395173,128.9249276,,2026-04-16,3360000,부산광역시 강서구
141-4-000100,형제주차장,민영,노외,,부산광역시 강서구 대저2동 2432-4,17,기타,미시행,평일+토요일+공휴일,09:30,23:59,09:30,23:59,09:30,23:59,유료,10,,,,,,,,,부산광역시 강서구청,,35.17566102,128.9529401,,2026-04-16,3360000,부산광역시 강서구
141-4-000101,대저주차장,민영,노외,,부산광역시 강서구 대저2동 2129-1,26,기타,미시행,평일+토요일+공휴일,09:30,23:59,09:30,23:59,09:30,23:59,유료,10,,,,,,,,,부산광역시 강서구청,,35.17821975,128.9512343,,2026-04-16,3360000,부산광역시 강서구
141-4-000102,도원주차장,민영,노외,,부산광역시 강서구 미음동 1656-7,49,기타,미시행,평일+토요일+공휴일,09:30,23:59,09:30,23:59,09:30,23:59,유료,10,,,,,,,,,부산광역시 강서구청,,35.14708125,128.8757893,,2026-04-16,3360000,부산광역시 강서구
141-4-000001,오토마트주차장,민영,노외,,부산광역시 강서구 강동동 1751,52,기타,미시행,평일+토요일+공휴일,09:30,23:59,09:30,23:59,09:30,23:59,유료,10,,,,,,,,,부산광역시 강서구청,,35.19746953,128.9168552,,2026-04-16,3360000,부산광역시 강서구
141-4-000002,엔투로지스주차장,민영,노외,,부산광역시 강서구 구랑동 1193-5,78,기타,미시행,평일+토요일+공휴일,09:30,23:59,09:30,23:59,09:30,23:59,유료,10,,,,,,,,,부산광역시 강서구청,,35.13391102,128.854688,,2026-04-16,3360000,부산광역시 강서구
141-4-000003,스카이주차장,민영,노외,,부산광역시 강서구 구랑동 1203,39,기타,미시행,평일+토요일+공휴일,09:30,23:59,09:30,23:59,09:30,23:59,유료,10,,,,,,,,,부산광역시 강서구청,,35.1281014,128.8521909,,2026-04-16,3360000,부산광역시 강서구
141-4-000044,현대주차장,민영,노외,,"부산광역시 강서구 대저2동 2400, 2401-1, 2401-6",84,기타,미시행,평일+토요일+공휴일,09:30,23:59,09:30,23:59,09:30,23:59,유료,10,,,,,,,,,부산광역시 강서구청,,35.17611554,128.9505439,,2026-04-16,3360000,부산광역시 강서구
141-4-000045,현대주차장,민영,노외,,"부산광역시 강서구 대저2동 2400, 2401-1, 2401-6",84,기타,미시행,평일+토요일+공휴일,09:30,23:59,09:30,23:59,09:30,23:59,유료,10,,,,,,,,,부산광역시 강서구청,,35.17611554,128.9505439,,2026-04-16,3360000,부산광역시 강서구
141-4-000046,신공항주차장,민영,노외,,부산광역시 강서구 대저2동 2405-2,15,기타,미시행,평일+토요일+공휴일,09:30,23:59,09:30,23:59,09:30,23:59,유료,10,,,,,,,,,부산광역시 강서구청,,35.17538766,128.9505434,,2026-04-16,3360000,부산광역시 강서구
141-4-000047,삼성주차장,민영,노외,,"부산광역시 강서구 대저2동 2405-2,3131-6,3131-7,3132-2,3134-4,3134-5",144,기타,미시행,평일+토요일+공휴일,09:30,23:59,09:30,23:59,09:30,23:59,유료,10,,,,,,,,,부산광역시 강서구청,,35.17538766,128.9505434,,2026-04-16,3360000,부산광역시 강서구
141-4-000048,한국주차장,민영,노외,,부산광역시 강서구 대저2동 2418-6,4,기타,미시행,평일+토요일+공휴일,09:30,23:59,09:30,23:59,09:30,23:59,유료,10,,,,,,,,,부산광역시 강서구청,,35.17455553,128.9525452,,2026-04-16,3360000,부산광역시 강서구
141-4-000049,부용주차장,민영,노외,,부산광역시 강서구 대저2동 2441,20,기타,미시행,평일+토요일+공휴일,09:30,23:59,09:30,23:59,09:30,23:59,유료,10,,,,,,,,,부산광역시 강서구청,,35.17377711,128.9537809,,2026-04-16,3360000,부산광역시 강서구
141-4-000050,ABC주차장,민영,노외,,부산광역시 강서구 대저2동 2455-1,40,기타,미시행,평일+토요일+공휴일,09:30,23:59,09:30,23:59,09:30,23:59,유료,10,,,,,,,,,부산광역시 강서구청,,35.17507076,128.953654,,2026-04-16,3360000,부산광역시 강서구
141-4-000051,김해주차장,민영,노외,,부산광역시 강서구 대저2동 2464-3,32,기타,미시행,평일+토요일+공휴일,09:30,23:59,09:30,23:59,09:30,23:59,유료,10,,,,,,,,,부산광역시 강서구청,,35.17674063,128.9546902,,2026-04-16,3360000,부산광역시 강서구
141-4-000052,김해공항라운지주차장,민영,노외,,부산광역시 강서구 대저2동 2493-2,46,기타,미시행,평일+토요일+공휴일,09:30,23:59,09:30,23:59,09:30,23:59,유료,10,,,,,,,,,부산광역시 강서구청,,35.17628073,128.9558896,,2026-04-16,3360000,부산광역시 강서구
141-4-000053,위드주차장,민영,노외,,부산광역시 강서구 대저2동 2509-1,30,기타,미시행,평일+토요일+공휴일,09:30,23:59,09:30,23:59,09:30,23:59,유료,10,,,,,,,,,부산광역시 강서구청,,35.17311845,128.9582509,,2026-04-16,3360000,부산광역시 강서구
141-4-000054,드림주차장,민영,노외,,부산광역시 강서구 대저2동 2510-2번지,28,기타,미시행,평일+토요일+공휴일,09:30,23:59,09:30,23:59,09:30,23:59,유료,10,,,,,,,,,부산광역시 강서구청,,35.17329491,128.9581498,,2026-04-16,3360000,부산광역시 강서구
141-4-000055,신공항주차장,민영,노외,,부산광역시 강서구 대저2동 2699,15,기타,미시행,평일+토요일+공휴일,09:30,23:59,09:30,23:59,09:30,23:59,유료,10,,,,,,,,,부산광역시 강서구청,,35.17175893,128.9544911,,2026-04-16,3360000,부산광역시 강서구
141-4-000056,김해공항신공항주차장,민영,노외,,부산광역시 강서구 대저2동 2699-1,120,기타,미시행,평일+토요일+공휴일,09:30,23:59,09:30,23:59,09:30,23:59,유료,10,,,,,,,,,부산광역시 강서구청,,35.17180141,128.9547138,,2026-04-16,3360000,부산광역시 강서구
141-4-000069,고정주차장,민영,노외,,부산광역시 강서구 명지동 1-667,11,기타,미시행,평일+토요일+공휴일,09:30,23:59,09:30,23:59,09:30,23:59,유료,10,,,,,,,,,부산광역시 강서구청,,35.11349581,128.9324486,,2026-04-16,3360000,부산광역시 강서구
141-4-000070,진목주차장,민영,노외,,부산광역시 강서구 명지동 3183-8,176,기타,미시행,평일+토요일+공휴일,09:30,23:59,09:30,23:59,09:30,23:59,유료,10,,,,,,,,,부산광역시 강서구청,,35.11410649,128.9272681,,2026-04-16,3360000,부산광역시 강서구
141-2-000071,행복마을 공영주차장,공영,노외,,부산광역시 강서구 명지동 3254-7,25,4,미시행,평일+토요일+공휴일,09:30,23:59,09:30,23:59,09:30,23:59,무료,10,,,,,,,,,부산광역시 강서구청,,35.08660982,128.9103818,,2026-04-16,3360000,부산광역시 강서구
141-4-000057,강동주차장,민영,노외,,"부산광역시 강서구 대저2동 3134-1, 2108-1, 2107-1",118,기타,미시행,평일+토요일+공휴일,09:30,23:59,09:30,23:59,09:30,23:59,유료,10,,,,,,,,,부산광역시 강서구청,,35.1736422,128.9526045,,2026-04-16,3360000,부산광역시 강서구
141-4-000036,동원주차장,민영,노외,,부산광역시 강서구 대저2동 2081-5,61,기타,미시행,평일+토요일+공휴일,09:30,23:59,09:30,23:59,09:30,23:59,유료,10,,,,,,,,,부산광역시 강서구청,,35.17922061,128.9534181,,2026-04-16,3360000,부산광역시 강서구
141-4-000037,동원주차장,민영,노외,부산광역시 강서구 공항앞길33번길 12,부산광역시 강서구 대저2동 2081-5,61,기타,미시행,평일+토요일+공휴일,09:30,23:59,09:30,23:59,09:30,23:59,유료,10,,,,,,,,,부산광역시 강서구청,,35.17922889,128.9534256,,2026-04-16,3360000,부산광역시 강서구
141-4-000038,제이엠알주차장,민영,노외,,부산광역시 강서구 대저2동 2093,31,기타,미시행,평일+토요일+공휴일,09:30,23:59,09:30,23:59,09:30,23:59,유료,10,,,,,,,,,부산광역시 강서구청,,35.17754393,128.9542756,,2026-04-16,3360000,부산광역시 강서구
141-4-000039,명성주차장,민영,노외,,"부산광역시 강서구 대저2동 2095-2,2094-9",33,기타,미시행,평일+토요일+공휴일,09:30,23:59,09:30,23:59,09:30,23:59,유료,10,,,,,,,,,부산광역시 강서구청,,35.1767442,128.9540485,,2026-04-16,3360000,부산광역시 강서구
141-4-000040,유카주차장,민영,노외,,부산광역시 강서구 대저2동 2157,10,기타,미시행,평일+토요일+공휴일,09:30,23:59,09:30,23:59,09:30,23:59,유료,10,,,,,,,,,부산광역시 강서구청,,35.17771616,128.9507204,,2026-04-16,3360000,부산광역시 강서구
141-4-000041,유니티주차장,민영,노외,,"부산광역시 강서구 대저2동 2160,2160-2,2160-3",102,기타,미시행,평일+토요일+공휴일,09:30,23:59,09:30,23:59,09:30,23:59,유료,10,,,,,,,,,부산광역시 강서구청,,35.17718321,128.9504343,,2026-04-16,3360000,부산광역시 강서구
141-4-000042,김해주차장,민영,노외,,부산광역시 강서구 대저2동 2160-2,22,기타,미시행,평일+토요일+공휴일,09:30,23:59,09:30,23:59,09:30,23:59,유료,10,,,,,,,,,부산광역시 강서구청,,35.17731536,128.9508008,,2026-04-16,3360000,부산광역시 강서구
141-4-000043,김해주차장,민영,노외,부산광역시 강서구 공항앞길 126,부산광역시 강서구 대저2동 2162-3,22,기타,미시행,평일+토요일+공휴일,09:30,23:59,09:30,23:59,09:30,23:59,유료,10,,,,,,,,,부산광역시 강서구청,,35.17656233,128.9504326,,2026-04-16,3360000,부산광역시 강서구
141-4-000066,명지주차장,민영,노외,,부산광역시 강서구 명지동 1-377,50,기타,미시행,평일+토요일+공휴일,09:30,23:59,09:30,23:59,09:30,23:59,유료,10,,,,,,,,,부산광역시 강서구청,,35.11283525,128.9321176,,2026-04-16,3360000,부산광역시 강서구
141-1-000067,명지IC공영주차장,공영,노상,,부산광역시 강서구 명지동 1-395,36,4,미시행,평일+토요일+공휴일,09:30,23:59,09:30,23:59,09:30,23:59,유료,10,,,,,,,,,부산광역시 강서구청,,35.11187367,128.9315465,,2026-04-16,3360000,부산광역시 강서구
141-4-000068,신포주차장,민영,노외,,부산광역시 강서구 명지동 1-658,15,기타,미시행,평일+토요일+공휴일,09:30,23:59,09:30,23:59,09:30,23:59,유료,10,,,,,,,,,부산광역시 강서구청,,35.11324409,128.9325711,,2026-04-16,3360000,부산광역시 강서구
141-4-000091,오복미역 전용 주차장,민영,노외,,부산광역시 강서구 화전동 555-1,19,기타,미시행,평일+토요일+공휴일,09:30,23:59,09:30,23:59,09:30,23:59,유료,10,,,,,,,,,부산광역시 강서구청,,35.11220095,128.8805326,,2026-04-16,3360000,부산광역시 강서구
141-1-000072,오션시티중앙상가공영주차장,공영,노상,,부산광역시 강서구 명지동 3282,71,2,미시행,평일+토요일+공휴일,09:30,23:59,09:30,23:59,09:30,23:59,무료,10,,,,,,,,,부산광역시 강서구청,,35.08431799,128.9035948,,2026-04-16,3360000,부산광역시 강서구
141-4-000058,강동K주차장,민영,노외,,"부산광역시 강서구 대저2동 3134-1,2108-1,2107-1",118,기타,미시행,평일+토요일+공휴일,09:30,23:59,09:30,23:59,09:30,23:59,유료,10,,,,,,,,,부산광역시 강서구청,,35.1736422,128.9526045,,2026-04-16,3360000,부산광역시 강서구
141-2-000059,유통단지1로40번길공영주차장,공영,노외,,부산광역시 강서구 대저2동 3135,58,4,미시행,평일+토요일+공휴일,09:30,23:59,09:30,23:59,09:30,23:59,무료,10,,,,,,,,,부산광역시 강서구청,,35.17060706,128.9533401,,2026-04-16,3360000,부산광역시 강서구
141-4-000060,부영주차장,민영,노외,,부산광역시 강서구 대저2동 3903,23,기타,미시행,평일+토요일+공휴일,09:30,23:59,09:30,23:59,09:30,23:59,유료,10,,,,,,,,,부산광역시 강서구청,,35.16180594,128.9549596,,2026-04-16,3360000,부산광역시 강서구
141-4-000061,보성주차장,민영,노외,,부산광역시 강서구 대저2동 3972-1,30,기타,미시행,평일+토요일+공휴일,09:30,23:59,09:30,23:59,09:30,23:59,유료,10,,,,,,,,,부산광역시 강서구청,,35.15695896,128.9545701,,2026-04-16,3360000,부산광역시 강서구
141-4-000062,부용주차장,민영,노외,,부산광역시 강서구 대저2동 4440,20,기타,미시행,평일+토요일+공휴일,09:30,23:59,09:30,23:59,09:30,23:59,유료,10,,,,,,,,,부산광역시 강서구청,,35.14918105,128.9508772,,2026-04-16,3360000,부산광역시 강서구
141-4-000063,맥도주차장,민영,노외,,부산광역시 강서구 대저2동 5514,28,기타,미시행,평일+토요일+공휴일,09:30,23:59,09:30,23:59,09:30,23:59,유료,10,,,,,,,,,부산광역시 강서구청,,35.13924125,128.9382283,,2026-04-16,3360000,부산광역시 강서구
141-2-000064,천성~외양포간도로2공구 공영주차장,공영,노외,,부산광역시 강서구 대항동 산 13-31,60,4,미시행,평일+토요일+공휴일,09:30,23:59,09:30,23:59,09:30,23:59,무료,10,,,,,,,,,부산광역시 강서구청,,35.00735769,128.8267977,,2026-04-16,3360000,부산광역시 강서구
141-2-000065,명지시장공영주차장,공영,노외,,부산광역시 강서구 명지동 1-377,15,4,미시행,평일+토요일+공휴일,09:30,23:59,09:30,23:59,09:30,23:59,유료,10,,,,,,,,,부산광역시 강서구청,,35.11283525,128.9321176,,2026-04-16,3360000,부산광역시 강서구
141-2-000080,송정동 공영주차장,공영,노외,,부산광역시 강서구 송정동 1440,69,4,미시행,평일+토요일+공휴일,09:30,23:59,09:30,23:59,09:30,23:59,무료,10,,,,,,,,,부산광역시 강서구청,,35.10147028,128.8418356,,2026-04-16,3360000,부산광역시 강서구
141-2-000081,녹산산단공영주차장,공영,노외,부산광역시 강서구 녹산산단262로50번길 53,부산광역시 강서구 송정동 1759,144,2,미시행,평일+토요일+공휴일,09:30,23:59,09:30,23:59,09:30,23:59,무료,10,,,,,,,,,부산광역시 강서구청,,35.0844054,128.840243,,2026-04-16,3360000,부산광역시 강서구
141-4-000082,명진포장주차장,민영,노외,,부산광역시 강서구 식만동 429-3,16,기타,미시행,평일+토요일+공휴일,09:30,23:59,09:30,23:59,09:30,23:59,유료,10,,,,,,,,,부산광역시 강서구청,,35.21200686,128.9103824,,2026-04-16,3360000,부산광역시 강서구
141-4-000083,녹산종합주차장,민영,노외,,부산광역시 강서구 신호동 186,28,기타,미시행,평일+토요일+공휴일,09:30,23:59,09:30,23:59,09:30,23:59,유료,10,,,,,,,,,부산광역시 강서구청,,35.09823363,128.8669653,,2026-04-16,3360000,부산광역시 강서구
141-4-000084,신호주차장,민영,노외,,부산광역시 강서구 신호동 186,270,기타,미시행,평일+토요일+공휴일,09:30,23:59,09:30,23:59,09:30,23:59,유료,10,,,,,,,,,부산광역시 강서구청,,35.09823363,128.866964,,2026-04-16,3360000,부산광역시 강서구
141-4-000085,더메이주차장,민영,노외,,부산광역시 강서구 신호동 215-6,16,기타,미시행,평일+토요일+공휴일,09:30,23:59,09:30,23:59,09:30,23:59,유료,10,,,,,,,,,부산광역시 강서구청,,35.08719277,128.8793664,,2026-04-16,3360000,부산광역시 강서구
141-4-000086,한국주차장,민영,노외,,부산광역시 강서구 신호동 217-6,30,기타,미시행,평일+토요일+공휴일,09:30,23:59,09:30,23:59,09:30,23:59,유료,10,,,,,,,,,부산광역시 강서구청,,35.08599078,128.8792745,,2026-04-16,3360000,부산광역시 강서구
141-4-000087,가락주차장,민영,노외,,부산광역시 강서구 죽림동 177,20,기타,미시행,평일+토요일+공휴일,09:30,23:59,09:30,23:59,09:30,23:59,유료,10,,,,,,,,,부산광역시 강서구청,,35.20344853,128.9019229,,2026-04-16,3360000,부산광역시 강서구
141-4-000088,가락화물주차장,민영,노외,,부산광역시 강서구 죽림동 177,57,기타,미시행,평일+토요일+공휴일,09:30,23:59,09:30,23:59,09:30,23:59,유료,10,,,,,,,,,부산광역시 강서구청,,35.20344853,128.9019229,,2026-04-16,3360000,부산광역시 강서구
141-4-000089,가락주차장,민영,노외,,부산광역시 강서구 죽림동 931,20,기타,미시행,평일+토요일+공휴일,09:30,23:59,09:30,23:59,09:30,23:59,유료,10,,,,,,,,,부산광역시 강서구청,,35.19287364,128.9037141,,2026-04-16,3360000,부산광역시 강서구
141-2-000090,지양곡 공영주차장,공영,노외,,부산광역시 강서구 천성동 271-22,99,4,미시행,평일+토요일+공휴일,09:30,23:59,09:30,23:59,09:30,23:59,무료,10,,,,,,,,,부산광역시 강서구청,,35.02155111,128.8226465,,2026-04-16,3360000,부산광역시 강서구
135-2-000011,온천2동 무료개방 공영주차장,공영,노외,,부산광역시 동래구 온천동 871-8,24,1,미시행,평일+토요일+공휴일,00:00,23:59,00:00,23:59,00:00,23:59,무료,10,,,,,,,,,부산광역시 동래구청,051-550-4532,35.2128021,129.0678151,N,2026-04-17,3300000,부산광역시 동래구
141-4-000092,오륙도주차장,민영,노외,,부산광역시 강서구 화전동 556-1,23,기타,미시행,평일+토요일+공휴일,09:30,23:59,09:30,23:59,09:30,23:59,유료,10,,,,,,,,,부산광역시 강서구청,,35.11165687,128.8811248,,2026-04-16,3360000,부산광역시 강서구
141-4-000073,화인종합주차장,민영,노외,,부산광역시 강서구 명지동 616-93,154,기타,미시행,평일+토요일+공휴일,09:30,23:59,09:30,23:59,09:30,23:59,유료,10,,,,,,,,,부산광역시 강서구청,,35.1090313,128.9297095,,2026-04-16,3360000,부산광역시 강서구
141-4-000074,화인종합주차장,민영,노외,,부산광역시 강서구 명지동 616-93,154,기타,미시행,평일+토요일+공휴일,09:30,23:59,09:30,23:59,09:30,23:59,유료,10,,,,,,,,,부산광역시 강서구청,,35.1090313,128.9297095,,2026-04-16,3360000,부산광역시 강서구
141-4-000075,거양주차장,민영,노외,,부산광역시 강서구 명지동 616-97,19,기타,미시행,평일+토요일+공휴일,09:30,23:59,09:30,23:59,09:30,23:59,유료,10,,,,,,,,,부산광역시 강서구청,,35.10930444,128.9301939,,2026-04-16,3360000,부산광역시 강서구
141-4-000076,준주차장,민영,노외,,부산광역시 강서구 범방동 1883-1,13,기타,미시행,평일+토요일+공휴일,09:30,23:59,09:30,23:59,09:30,23:59,유료,10,,,,,,,,,부산광역시 강서구청,,35.14885545,128.8822819,,2026-04-16,3360000,부산광역시 강서구
141-4-000077,가락IC주차장,민영,노외,,부산광역시 강서구 봉림동 738-253,39,기타,미시행,평일+토요일+공휴일,09:30,23:59,09:30,23:59,09:30,23:59,유료,10,,,,,,,,,부산광역시 강서구청,,35.16853592,128.8998195,,2026-04-16,3360000,부산광역시 강서구
141-4-000078,서림주차장,민영,노외,,부산광역시 강서구 생곡동 1531-6,20,기타,미시행,평일+토요일+공휴일,09:30,23:59,09:30,23:59,09:30,23:59,유료,10,,,,,,,,,부산광역시 강서구청,,35.13531889,128.8859826,,2026-04-16,3360000,부산광역시 강서구
141-4-000079,박부덕씨주차장,민영,노외,,"부산광역시 강서구 송정동 1216-4, -2",22,기타,미시행,평일+토요일+공휴일,09:30,23:59,09:30,23:59,09:30,23:59,유료,10,,,,,,,,,부산광역시 강서구청,,35.10328773,128.8411575,,2026-04-16,3360000,부산광역시 강서구
135-2-000008,명장1동공영주차장,공영,노외,부산광역시 동래구 명장로 77,부산광역시 동래구 명장동 147-23,28,3,미시행,평일+토요일+공휴일,00:00,23:59,00:00,23:59,00:00,23:59,유료,10,200,10,200,4,4700,90000,현금+신용카드,,부산광역시 동래구청,051-550-4532,35.203998,129.1091391,Y,2026-04-17,3300000,부산광역시 동래구
135-2-000009,온천천카페거리공영주차장,공영,노외,,부산광역시 동래구 안락동 243-58,31,3,미시행,평일+토요일+공휴일,00:00,23:59,00:00,23:59,00:00,23:59,유료,10,200,10,200,4,4700,90000,현금+신용카드,,부산광역시 동래구청,051-550-4532,35.1923521,129.1043811,Y,2026-04-17,3300000,부산광역시 동래구
135-2-000010,우장춘로 무료개방 공영주차장,공영,노외,,부산광역시 동래구 온천동 850-77,8,1,미시행,평일+토요일+공휴일,00:00,23:59,00:00,23:59,00:00,23:59,무료,10,,,,,,,,,부산광역시 동래구청,051-550-4532,35.212561,129.071804,N,2026-04-17,3300000,부산광역시 동래구
130-2-000002,영주 공영주차장,공영,노외,부산광역시 중구 동영로 58,부산광역시 중구 영주동 462-51,43,4,요일제,평일+토요일+공휴일,00:00,23:59,00:00,23:59,00:00,23:59,유료,10,100,10,100,4,2400,52000,현금,경차 50프로 할인+장애인 차량 50프로 할인,부산광역시 중구청,051-600-4556,35.1108044251,129.0321248088,,2026-04-16,3250000,부산광역시 중구
130-2-000003,용두산 공영주차장,공영,노외,부산광역시 중구 대청로 120,부산광역시 중구 대청동1가 43-1,292,1,요일제,평일+토요일+공휴일,00:00,23:59,00:00,23:59,00:00,23:59,유료,10,500,10,500,5,15000,240000,현금+신용카드,경차 50프로 할인+장애인 차량 50프로 할인,부산광역시 중구청,051-600-4556,35.1023198646,129.0326840333,,2026-04-16,3250000,부산광역시 중구
130-2-000004,보수 공영주차장,공영,노외,부산광역시 중구 중구로75번길 25,부산광역시 중구 보수동1가 146-18,34,4,요일제,평일+토요일+공휴일,00:00,23:59,00:00,23:59,00:00,23:59,유료,10,100,10,100,4,2400,52000,현금,경차 50프로 할인+장애인 차량 50프로 할인,부산광역시 중구청,051-600-4556,35.1038331442,129.0279003728,,2026-04-16,3250000,부산광역시 중구
130-2-000005,보수종합시장 공영주차장,공영,노외,부산광역시 중구 보수대로106번길 27,부산광역시 중구 보수동3가 45,10,2,요일제,평일+토요일+공휴일,00:00,23:59,00:00,23:59,00:00,23:59,유료,10,300,10,300,4.5,8000,160000,현금,경차 50프로 할인+장애인 차량 50프로 할인,부산광역시 중구청,051-600-4556,35.1043354534,129.0223137278,,2026-04-16,3250000,부산광역시 중구
130-2-000006,대청 공영주차장,공영,노외,부산광역시 중구 망양로 333,부산광역시 중구 대청동4가 2-119,78,4,요일제,평일+토요일+공휴일,00:00,23:59,00:00,23:59,00:00,23:59,유료,10,100,10,100,4,2400,52000,현금,경차 50프로 할인+장애인 차량 50프로 할인,부산광역시 중구청,051-600-4556,35.1075235601,129.0296274496,,2026-04-16,3250000,부산광역시 중구
130-2-000007,부평 공영주차장,공영,노외,부산광역시 중구 중구로33번길 32,부산광역시 중구 부평동2가 18-2,85,1,요일제,평일+토요일+공휴일,00:00,23:59,00:00,23:59,00:00,23:59,유료,10,500,10,500,5,15000,240000,현금+신용카드,경차 50프로 할인+장애인 차량 50프로 할인,부산광역시 중구청,051-600-4556,35.101103145,129.0261857195,,2026-04-16,3250000,부산광역시 중구
130-2-000008,신창 공영주차장,공영,노외,부산광역시 중구 광복로35번길 35,부산광역시 중구 신창동3가 39,44,1,요일제,평일+토요일+공휴일,08:00,21:00,08:00,21:00,08:00,21:00,유료,10,500,10,500,5,15000,240000,현금+신용카드,경차 50프로 할인+장애인 차량 50프로 할인,부산광역시 중구청,051-600-4556,35.102542609,129.0286304028,,2026-04-16,3250000,부산광역시 중구
130-2-000009,자갈치 보수복개천 공영주차장,공영,노외,부산광역시 중구 구덕로 93,부산광역시 중구 남포동6가 118,149,1,요일제,평일+토요일+공휴일,00:00,23:59,00:00,23:59,00:00,23:59,유료,10,500,10,500,5,15000,240000,현금+신용카드,경차 50프로 할인+장애인 차량 50프로 할인,부산광역시 중구청,051-600-4556,35.0964384756,129.0260078746,,2026-04-16,3250000,부산광역시 중구
135-2-000012,온천장 무료개방 공영주차장,공영,노외,,부산광역시 동래구 온천동 93-13,36,1,미시행,평일+토요일+공휴일,00:00,23:59,00:00,23:59,00:00,23:59,무료,10,,,,,,,,,부산광역시 동래구청,051-550-4532,35.2214111,129.080234,N,2026-04-17,3300000,부산광역시 동래구
135-2-000001,금강공원공영주차장,공영,노외,부산광역시 동래구 우장춘로 192,부산광역시 동래구 온천동 102-10,215,3,미시행,평일+토요일+공휴일,00:00,23:59,00:00,23:59,00:00,23:59,유료,10,200,10,200,4,4700,90000,현금+신용카드,,부산광역시 동래구청,051-550-4532,35.22284239,129.0773246,Y,2026-04-17,3300000,부산광역시 동래구
135-2-000002,사적공원공영주차장,공영,노외,부산광역시 동래구 문화로 62,부산광역시 동래구 명륜동 146,242,4,미시행,평일+토요일+공휴일,00:00,23:59,00:00,23:59,00:00,23:59,유료,10,100,10,100,4,2400,52000,현금+신용카드,,부산광역시 동래구청,051-550-4532,35.21150529,129.0890876,Y,2026-04-17,3300000,부산광역시 동래구
135-2-000003,명장동공영주차장,공영,노외,부산광역시 동래구 시실로 135번길 39,부산광역시 동래구 명장동 538,147,4,미시행,평일+토요일+공휴일,00:00,23:59,00:00,23:59,00:00,23:59,유료,10,100,10,100,4,2400,52000,현금+신용카드,,부산광역시 동래구청,051-550-4532,35.21045213,129.097864,Y,2026-04-17,3300000,부산광역시 동래구
135-2-000004,동래시장공영주차장,공영,노외,부산광역시 동래구 동래로 148번길 13,부산광역시 동래구 복천동 241,36,2,미시행,평일+토요일+공휴일,08:00,20:00,08:00,20:00,08:00,20:00,유료,10,300,10,600,4,8000,,현금+신용카드,,부산광역시 동래구청,051-550-4532,35.20441206,129.0861259,N,2026-04-17,3300000,부산광역시 동래구
135-2-000005,차밭골소규모공영주차장,공영,노외,,부산광역시 동래구 온천동 200-3,12,1,미시행,평일+토요일+공휴일,00:00,23:59,00:00,23:59,00:00,23:59,유료,10,500,10,500,4,15000,,현금+신용카드,,부산광역시 동래구청,051-550-4532,35.216941,129.077940,N,2026-04-17,3300000,부산광역시 동래구
135-2-000006,온천2동공영주차장,공영,노외,,부산광역시 동래구 온천동 754-12,107,2,미시행,평일+토요일+공휴일,00:00,23:59,00:00,23:59,00:00,23:59,유료,10,300,10,300,4,8000,160000,현금+신용카드,,부산광역시 동래구청,051-550-4532,35.2124091,129.0766241,Y,2026-04-17,3300000,부산광역시 동래구
135-2-000007,온천2동제2공영주차장,공영,노외,,부산광역시 동래구 온천동 1853-18,31,2,미시행,평일+토요일+공휴일,00:00,23:59,00:00,23:59,00:00,23:59,유료,10,300,10,300,4,8000,160000,현금+신용카드,,부산광역시 동래구청,051-550-4532,35.2092821,129.070776,Y,2026-04-17,3300000,부산광역시 동래구
130-1-000008,국제회관 옆 공영주차장,공영,노상,부산광역시 중구 대교로 103,부산광역시 중구 중앙동6가 79-9,23,1,요일제,평일,09:00,20:00,00:00,00:00,00:00,00:00,유료,10,500,10,500,,,,현금,경차 50프로 할인+장애인 차량 50프로 할인,부산광역시 중구청,051-600-4556,35.0994165808,129.0374693197,,2026-04-16,3250000,부산광역시 중구
130-1-000009,유창빌딩 앞 공영주차장,공영,노상,부산광역시 중구 중앙대로 72,부산광역시 중구 중앙동4가 25-2,20,1,요일제,평일,09:00,20:00,00:00,00:00,00:00,00:00,유료,10,500,10,500,,,,현금,경차 50프로 할인+장애인 차량 50프로 할인,부산광역시 중구청,051-600-4556,35.1041683503,129.036763411,,2026-04-16,3250000,부산광역시 중구
130-1-000010,신한은행부산금융센터 뒤 공영주차장,공영,노상,부산광역시 중구 해관로 7,부산광역시 중구 동광동1가 2,13,1,요일제,평일,09:00,20:00,00:00,00:00,00:00,00:00,유료,10,500,10,500,,,,현금,경차 50프로 할인+장애인 차량 50프로 할인,부산광역시 중구청,051-600-4556,35.0994371904,129.0356153913,,2026-04-16,3250000,부산광역시 중구
130-1-000011,국제시장로 1구간 공영주차장,공영,노상,부산광역시 중구 중구로 32,부산광역시 중구 신창동4가 60-3,29,1,요일제,평일+토요일+공휴일,10:00,21:00,10:00,21:00,10:00,21:00,유료,10,500,10,500,,,,현금,경차 50프로 할인+장애인 차량 50프로 할인,부산광역시 중구청,051-600-4556,35.1006920785,129.0280522776,,2026-04-16,3250000,부산광역시 중구
130-1-000012,광복로 부평동구간 공영주차장,공영,노상,부산광역시 중구 광복로 13-1,부산광역시 중구 부평동1가 35-3,17,1,요일제,평일+토요일+공휴일,10:00,21:00,10:00,21:00,10:00,21:00,유료,10,500,10,500,,,,현금,경차 50프로 할인+장애인 차량 50프로 할인,부산광역시 중구청,051-600-4556,35.0995923209,129.0266477248,,2026-04-16,3250000,부산광역시 중구
130-1-000013,보수복개천 공영주차장,공영,노상,부산광역시 중구 보수대로 42,부산광역시 중구 부평동3가 58-3,24,2,요일제,평일,09:00,20:00,00:00,00:00,00:00,00:00,유료,10,300,10,300,,,,현금,경차 50프로 할인+장애인 차량 50프로 할인,부산광역시 중구청,051-600-4556,35.100520794,129.0239697786,,2026-04-16,3250000,부산광역시 중구
130-1-000014,자갈치시장 앞 공영주차장,공영,노상,부산광역시 중구 자갈치해안로 52,부산광역시 중구 남포동4가 37-1,26,1,요일제,평일+토요일+공휴일,10:00,21:00,10:00,21:00,10:00,21:00,유료,10,500,10,500,,,,현금+신용카드,경차 50프로 할인+장애인 차량 50프로 할인,부산광역시 중구청,051-600-4556,35.0966137769,129.030583691,,2026-04-16,3250000,부산광역시 중구
130-1-000015,건어물시장 공영주차장,공영,노상,부산광역시 중구 구덕로 19-1,부산광역시 중구 남포동4가 19-4,11,1,요일제,평일+토요일+공휴일,08:00,19:00,08:00,19:00,08:00,19:00,유료,10,500,10,500,,,,현금+신용카드,경차 50프로 할인+장애인 차량 50프로 할인,부산광역시 중구청,051-600-4556,35.0974068155,129.0333355051,,2026-04-16,3250000,부산광역시 중구
130-1-000016,자갈밭시장 공영주차장,공영,노상,부산광역시 중구 구덕로 19-1,부산광역시 중구 남포동4가 19-4,20,1,요일제,평일+토요일+공휴일,10:00,21:00,10:00,21:00,10:00,21:00,유료,10,500,10,500,,,,현금+신용카드,경차 50프로 할인+장애인 차량 50프로 할인,부산광역시 중구청,051-600-4556,35.0974068155,129.0333355051,,2026-04-16,3250000,부산광역시 중구
130-2-000001,중앙동 공영주차장,공영,노외,부산광역시 중구 대청로135번길 36,부산광역시 중구 중앙동4가 52-3,29,1,요일제,평일+토요일+공휴일,00:00,23:59,00:00,23:59,00:00,23:59,유료,10,500,10,500,5,15000,240000,현금+신용카드,경차 50프로 할인+장애인 차량 50프로 할인,부산광역시 중구청,051-600-4556,35.1059011402,129.0352446321,,2026-04-16,3250000,부산광역시 중구
130-1-000005,중앙동 KT 뒤 공영주차장,공영,노상,부산광역시 중구 충장대로5번길 69,부산광역시 중구 중앙동4가 76-7,47,1,요일제,평일,09:00,20:00,00:00,00:00,00:00,00:00,유료,10,500,10,500,,,,현금,경차 50프로 할인+장애인 차량 50프로 할인,부산광역시 중구청,051-600-4556,35.1113474655,129.0385420534,,2026-04-16,3250000,부산광역시 중구
130-1-000006,부산데파트 뒤 공영주차장,공영,노상,부산광역시 중구 해관로 41-2,부산광역시 중구 중앙동2가 49-31,71,1,요일제,평일+토요일+공휴일,09:00,20:00,09:00,20:00,09:00,20:00,유료,10,500,10,500,,,,현금,경차 50프로 할인+장애인 차량 50프로 할인,부산광역시 중구청,051-600-4556,35.1026882613,129.0354976554,,2026-04-16,3250000,부산광역시 중구
130-1-000007,부산우체국 뒤 공영주차장,공영,노상,부산광역시 중구 해관로 63-1,부산광역시 중구 중앙동4가 36-9,30,1,요일제,평일+토요일+공휴일,09:00,20:00,09:00,20:00,09:00,20:00,유료,10,500,10,500,,,,현금,경차 50프로 할인+장애인 차량 50프로 할인,부산광역시 중구청,051-600-4556,35.1045975883,129.035314637,,2026-04-16,3250000,부산광역시 중구
130-2-000010,보수동 오르미 공영주차장,공영,노외,부산광역시 중구 법수길 52,부산광역시 중구 보수동1가 41-45,60,4,요일제,평일+토요일+공휴일,00:00,23:59,00:00,23:59,00:00,23:59,유료,10,100,10,100,4,2400,52000,현금+신용카드,경차 50프로 할인+장애인 차량 50프로 할인,부산광역시 중구청,051-600-4556,35.1061741911,129.0255119326,,2026-04-16,3250000,부산광역시 중구
130-1-000001,중앙동 교보생명 옆 공영주차장,공영,노상,부산광역시 중구 중앙대로116번길 12,부산광역시 중구 중앙동4가 85-1,40,1,요일제,평일,09:00,20:00,00:00,00:00,00:00,00:00,유료,10,500,10,500,,,,현금,경차 50프로 할인+장애인 차량 50프로 할인,부산광역시 중구청,051-600-4556,35.1074730801,129.037827912,,2026-04-16,3250000,부산광역시 중구
130-1-000002,중부소방서 뒤 공영주차장,공영,노상,부산광역시 중구 중앙대로 130,부산광역시 중구 중앙동4가 82-1,40,1,요일제,평일,09:00,20:00,00:00,00:00,00:00,00:00,유료,10,500,10,500,,,,현금,경차 50프로 할인+장애인 차량 50프로 할인,부산광역시 중구청,051-600-4556,35.1089871865,129.0374232284,,2026-04-16,3250000,부산광역시 중구
130-1-000003,중앙동 객화차담 밑 공영주차장,공영,노상,부산광역시 중구 충장대로13번길 40,부산광역시 중구 중앙동4가 90-1,68,1,요일제,평일,09:00,20:00,00:00,00:00,00:00,00:00,유료,10,500,10,500,,,,현금,경차 50프로 할인+장애인 차량 50프로 할인,부산광역시 중구청,051-600-4556,35.1076035409,129.0384458237,,2026-04-16,3250000,부산광역시 중구
130-1-000004,중앙동 마린센터 공영주차장,공영,노상,부산광역시 중구 충장대로5번길 72,부산광역시 중구 중앙동4가 75-1,45,1,요일제,평일,09:00,20:00,00:00,00:00,00:00,00:00,유료,10,500,10,500,,,,현금,경차 50프로 할인+장애인 차량 50프로 할인,부산광역시 중구청,051-600-4556,35.1115353768,129.0390123879,,2026-04-16,3250000,부산광역시 중구
143-1-000008,민락해변공원 공영주차장,공영,노상,부산광역시 수영구 광안해변로 278번길 42,부산광역시 수영구 민락동 181-154,26,2,미시행,평일+토요일+공휴일,09:00,01:00,09:00,01:00,09:00,01:00,유료,10,300,10,300,0,0,0,현금+신용카드,,부산광역시 수영구청,051-610-4552,35.15397219,129.12451320,N,2026-03-25,3380000,부산광역시 수영구
143-1-000001,남천1동 공영주차장,공영,노상,부산광역시 수영구 황령대로 489번길 45,부산광역시 수영구 남천동 212,66,3,미시행,평일+토요일,10:00,22:00,10:00,22:00,00:00,00:00,유료,10,200,10,200,0,0,0,현금+신용카드,,부산광역시 수영구청,051-610-4552,35.13985428,129.10917370,Y,2026-03-25,3380000,부산광역시 수영구
143-2-000003,광안리해수욕장 공영주차장,공영,노외,부산광역시 수영구 남천바다로33번길 75 (광안동),부산광역시 수영구 광안동 198-3,54,1,미시행,평일+토요일+공휴일,00:00,23:59,00:00,23:59,00:00,23:59,유료,10,500,10,500,0,0,0,신용카드,,부산광역시 수영구청,051-610-4552,35.15143053,129.11609520,Y,2026-03-25,3380000,부산광역시 수영구
143-2-000006,망미동노외공영주차장,공영,노외,부산광역시 수영구 금련로43번길 17 (망미동),부산광역시 수영구 망미동 979-73,171,4,미시행,평일+토요일+공휴일,00:00,23:59,00:00,23:59,00:00,23:59,유료,10,100,10,100,24,2400,52000,신용카드,,부산광역시 수영구청,051-610-4552,35.17031496,129.09689200,Y,2026-03-25,3380000,부산광역시 수영구
143-1-000007,민락수변공원 공영주차장,공영,노상,부산광역시 수영구 민락수변로 109,부산광역시 수영구 민락동 110-49,43,2,미시행,평일+토요일+공휴일,11:00,23:59,11:00,23:59,11:00,23:59,유료,10,300,10,300,24,8000,160000,신용카드,,부산광역시 수영구청,051-610-4552,35.15480612,129.13243950,N,2026-03-25,3380000,부산광역시 수영구
142-2-000009,연제문화체육공원 공영주차장,공영,노외,,부산광역시 연제구 연산동 952-18,25,4,미시행,평일+토요일+공휴일,00:00,23:59,00:00,23:59,00:00,23:59,유료,10,100,100,,24,2400,,,,부산광역시 연제구청,051-665-5032,35.18471436,129.090531,N,2026-04-15,3370000,부산광역시 연제구
142-2-000010,해맞이 공영주차장,공영,노외,,부산광역시 연제구 거제동 625-11,14,3,미시행,평일+토요일+공휴일,00:00,23:59,00:00,23:59,00:00,23:59,유료,10,200,200,,24,4700,,,,부산광역시 연제구청,051-665-5032,35.18323045,129.069733,N,2026-04-15,3370000,부산광역시 연제구
142-2-000011,한빛 공영주차장,공영,노외,부산광역시 연제구 연동로8번길 45,부산광역시 연제구 연산동 2273,21,4,미시행,평일+토요일+공휴일,00:00,23:59,00:00,23:59,00:00,23:59,유료,10,100,100,,24,2400,,,,부산광역시 연제구청,051-665-5032,35.18905223,129.091121,Y,2026-04-15,3370000,부산광역시 연제구
142-2-000012,연삼행복공영주차장,공영,노외,,부산광역시 연제구 연산동 1829,44,3,미시행,평일+토요일+공휴일,00:00,23:59,00:00,23:59,00:00,23:59,유료,10,200,200,,24,4700,,,,부산광역시 연제구청,051-665-5032,35.17293313,129.0929105,Y,2026-04-15,3370000,부산광역시 연제구
142-2-000013,황령산봉수대공영주차장,공영,노외,,부산광역시 연제구 연산동 산181-22,28,기타,미시행,평일+토요일+공휴일,00:00,23:59,00:00,23:59,00:00,23:59,무료,0,0,0,,0,0,,,,부산광역시 연제구청,051-665-5032,35.15949925,129.081392,N,2026-04-15,3370000,부산광역시 연제구
143-2-000009,호암골 공영주차장,공영,노외,부산광역시 수영구 호암로 71(광안동),부산광역시 수영구 광안동 1146-4,53,4,미시행,평일+토요일+공휴일,00:00,23:59,00:00,23:59,00:00,23:59,유료,10,100,10,100,24,2400,52000,신용카드,,부산광역시 수영구청,051-610-4552,35.15881629,129.10605000,Y,2026-03-25,3380000,부산광역시 수영구
136-2-000002,용호부두 공영주차장,공영,노외,부산광역시 남구 분포로 93,부산광역시 남구 용호동 960,172,2,미시행,평일+토요일+공휴일,12:00,23:59,12:00,23:59,12:00,23:59,유료,10,300,10,300,24,8000,160000,현금+카드,무인주차장,부산관광공사,051-626-8302,35.1321062,129.1160951,Y,2026-04-24,B552974,부산관광공사
136-2-000003,용호만유람선터미널 부설주차장,공영,노외,부산광역시 남구 분포로 101,부산광역시 남구 용호동 959,66,2,미시행,평일+토요일+공휴일,12:00,23:59,12:00,23:59,12:00,23:59,유료,10,300,10,300,24,8000,160000,현금+카드,무인주차장,부산관광공사,051-626-8302,35.13272835,129.1153521,Y,2026-04-24,B552974,부산관광공사
136-2-001045,용호중학교 옆 공영주차장,공영,노외,,부산광역시 남구 용호동 514,42,4,미시행,평일+토요일+공휴일,00:00,23:59,00:00,23:59,00:00,23:59,유료,0,40000,,,,,40000,고지서+카드결제+자동이체,,용호3동 단체장협의회,051-607-6764,35.1187193,129.1173071,N,2026-04-15,3310000,부산광역시 남구
136-2-000008,동명로118번길 공영주차장,공영,노외,,부산광역시 남구 용호동 485-16,20,4,미시행,평일+토요일+공휴일,00:00,23:59,00:00,23:59,00:00,23:59,유료,0,40000,,,,,40000,고지서+카드결제+자동이체,,용호4동 주민자치위원회,051-607-6782,35.11511138,129.1097275,N,2026-04-15,3310000,부산광역시 남구
136-1-000004,대연극동아파트 옆,공영,노상,,부산광역시 남구 대연동 282-5,12,4,미시행,평일+토요일+공휴일,00:00,23:59,00:00,23:59,00:00,23:59,유료,0,40000,,,,,40000,고지서+카드결제+자동이체,,대연5동 주민자치위원회,051-607-6688,35.14019243,129.0914363,N,2026-04-15,3310000,부산광역시 남구
136-1-000077,사슴빌라 주변,공영,노상,,부산광역시 남구 대연동 1487-15,5,4,미시행,평일+토요일+공휴일,00:00,23:59,00:00,23:59,00:00,23:59,유료,0,40000,,,,,40000,고지서+카드결제+자동이체,,대연5동 주민자치위원회,051-607-6688,35.1414207,129.0903588,N,2026-04-15,3310000,부산광역시 남구
136-1-000078,동보빌리지 주변,공영,노상,,부산광역시 남구 대연동 1479-22,8,4,미시행,평일+토요일+공휴일,00:00,23:59,00:00,23:59,00:00,23:59,유료,0,40000,,,,,40000,고지서+카드결제+자동이체,,대연5동 주민자치위원회,051-607-6688,35.14041633,129.0893992,N,2026-04-15,3310000,부산광역시 남구
136-1-000079,못골성당 앞,공영,노상,,부산광역시 남구 대연동 1535-2,7,4,미시행,평일+토요일+공휴일,00:00,23:59,00:00,23:59,00:00,23:59,유료,0,40000,,,,,40000,고지서+카드결제+자동이체,,대연5동 주민자치위원회,051-607-6688,35.1372213,129.0872388,N,2026-04-15,3310000,부산광역시 남구
136-1-000001,수영로266번길(글로리빌라 앞),공영,노상,,부산광역시 남구 대연동 548-6,5,4,미시행,평일+토요일+공휴일,00:00,23:59,00:00,23:59,00:00,23:59,유료,0,40000,,,,,40000,고지서+카드결제+자동이체,,대연3동 주민자치위원회,051-607-6644,35.1326995,129.0998691,N,2026-04-15,3310000,부산광역시 남구
136-1-001376,부산공고담장주변,공영,노상,,부산광역시 남구 대연동 1203-115,28,4,미시행,평일+토요일+공휴일,00:00,23:59,00:00,23:59,00:00,23:59,유료,0,40000,,,,,40000,고지서+카드결제+자동이체,,대연4동 주민자치위원회,051-607-6662,35.13091392,129.0869949,N,2026-04-15,3310000,부산광역시 남구
136-1-001536,문화회관진입로,공영,노상,,부산광역시 남구 대연동 848-4,19,4,미시행,평일+토요일+공휴일,00:00,23:59,00:00,23:59,00:00,23:59,유료,0,40000,,,,,40000,고지서+카드결제+자동이체,,대연4동 주민자치위원회,051-607-6662,35.12718493,129.0934781,N,2026-04-15,3310000,부산광역시 남구
142-2-000014,연일시장공영주차장,공영,노외,부산광역시 연제구 고분로13번길 8,부산광역시 연제구 연산동 631-6,50,1,미시행,평일+토요일+공휴일,00:00,23:59,00:00,23:59,00:00,23:59,유료,10,500,500,,24,15000,,,,부산광역시 연제구청,051-665-5032,35.18606964,129.0845725,Y,2026-04-15,3370000,부산광역시 연제구
142-2-000001,황금로 공영주차장,공영,노외,부산광역시 연제구 금련로42번길 18,부산광역시 연제구 연산동 1811-561,53,4,미시행,평일+토요일+공휴일,00:00,23:59,00:00,23:59,00:00,23:59,유료,10,100,100,,24,2400,,,,부산광역시 연제구청,051-665-5032,35.17046555,129.095149,Y,2026-04-15,3370000,부산광역시 연제구
142-2-000002,연일 공영주차장,공영,노외,,부산광역시 연제구 연산동 768-6,22,4,미시행,평일+토요일+공휴일,00:00,23:59,00:00,23:59,00:00,23:59,유료,10,100,100,,24,2400,,,,부산광역시 연제구청,051-665-5032,35.1843557321,129.0844073365,N,2026-04-15,3370000,부산광역시 연제구
142-2-000003,과정 공영주차장,공영,노외,,부산광역시 연제구 연산동 1062-1,54,4,미시행,평일+토요일+공휴일,00:00,23:59,00:00,23:59,00:00,23:59,유료,10,100,100,,24,2400,,,,부산광역시 연제구청,051-665-5032,35.18707007,129.098859,Y,2026-04-15,3370000,부산광역시 연제구
142-2-000004,금련 공영주차장,공영,노외,부산광역시 연제구 금련로38번길 50,부산광역시 연제구 연산동 1811-664,130,4,미시행,평일+토요일+공휴일,00:00,23:59,00:00,23:59,00:00,23:59,유료,10,100,100,,24,2400,,,,부산광역시 연제구청,051-665-5032,35.17162666,129.094771,Y,2026-04-15,3370000,부산광역시 연제구
142-2-000005,연미 공영주차장,공영,노외,,부산광역시 연제구 연산동 2122-12,22,2,미시행,평일+토요일+공휴일,00:00,23:59,00:00,23:59,00:00,23:59,유료,10,300,300,,24,8000,,,,부산광역시 연제구청,051-665-5032,35.1739462998,129.095139349,N,2026-04-15,3370000,부산광역시 연제구
142-1-000006,한양아파트 앞 공영주차장,공영,노상,,부산광역시 연제구 연산동 420-4,65,4,미시행,평일+토요일,08:00,20:00,08:00,20:00,00:00,00:00,유료,10,100,100,,24,2400,,,,부산광역시 연제구청,051-665-5032,35.18916976,129.1065425,Y,2026-04-15,3370000,부산광역시 연제구
142-1-000007,시티타워 뒤 공영주차장,공영,노상,,부산광역시 연제구 연산동 1123-1,11,3,미시행,평일+토요일,08:00,20:00,08:00,20:00,00:00,00:00,유료,10,200,200,,24,4700,,,,부산광역시 연제구청,051-665-5032,35.189578,129.080157,N,2026-04-15,3370000,부산광역시 연제구
142-1-000008,태경선샤인아파트 앞 공영주차장,공영,노상,,부산광역시 연제구 거제동 120-6,22,4,미시행,평일+토요일,08:00,20:00,08:00,20:00,00:00,00:00,유료,10,100,100,,24,2400,,,,부산광역시 연제구청,051-665-5032,35.19792748,129.079206,N,2026-04-15,3370000,부산광역시 연제구
136-1-000010,솔밭공원 아랫길,공영,노상,,부산광역시 남구 용호동 356-1,10,4,미시행,평일+토요일+공휴일,00:00,23:59,00:00,23:59,00:00,23:59,유료,0,40000,,,,,40000,고지서+카드결제+자동이체,,용호1동 주민자치위원회,051-607-6734,35.11957014,129.1098529,N,2026-04-15,3310000,부산광역시 남구
136-1-000011,용호성당 주변,공영,노상,,부산광역시 남구 용호동 487-9,4,4,미시행,평일+토요일+공휴일,00:00,23:59,00:00,23:59,00:00,23:59,유료,0,40000,,,,,40000,고지서+카드결제+자동이체,,용호1동 주민자치위원회,051-607-6734,35.11697196,129.110632,N,2026-04-15,3310000,부산광역시 남구
136-2-000004,삼성시장 배수펌프장 상부,공영,노외,,부산광역시 남구 용호동 261-5,18,4,미시행,평일+토요일+공휴일,00:00,23:59,00:00,23:59,00:00,23:59,유료,0,40000,,,,,40000,고지서+카드결제+자동이체,,용호1동 주민자치위원회,051-607-6734,35.12352921,129.1101868,N,2026-04-15,3310000,부산광역시 남구
136-2-002009,용호1동 제4공영주차장,공영,노외,,부산광역시 남구 용호동 221-1,17,4,미시행,평일+토요일+공휴일,00:00,23:59,00:00,23:59,00:00,23:59,유료,0,40000,,,,,40000,고지서+카드결제+자동이체,,용호1동 주민자치위원회,051-607-6734,35.12443012,129.1093228,N,2026-04-15,3310000,부산광역시 남구
136-2-000001,백세교,공영,노외,,부산광역시 남구 용호동 869,28,4,미시행,평일+토요일+공휴일,00:00,23:59,00:00,23:59,00:00,23:59,유료,0,40000,,,,,40000,고지서+카드결제+자동이체,,용호2동 주민자치위원회,051-607-6742,35.11380616,129.1163929,N,2026-04-15,3310000,부산광역시 남구
136-2-002002,다보네가구 주차장(부설개방),공영,노외,부산광역시 남구 이기대공원로 450,부산광역시 남구 용호동 566-3,5,4,미시행,평일+토요일+공휴일,00:00,23:59,00:00,23:59,00:00,23:59,유료,0,40000,,,,,40000,고지서+카드결제+자동이체,,용호2동 주민자치위원회,051-607-6742,35.10826905,129.1134225,N,2026-04-15,3310000,부산광역시 남구
136-2-002010,동산그린아파트 앞,공영,노외,,부산광역시 남구 용호동 527-11,10,4,미시행,평일+토요일+공휴일,00:00,23:59,00:00,23:59,00:00,23:59,유료,0,40000,,,,,40000,고지서+카드결제+자동이체,,용호2동 주민자치위원회,051-607-6742,35.11448428,129.1141799,N,2026-04-15,3310000,부산광역시 남구
136-1-001552,용호종합복지관주변,공영,노상,,부산광역시 남구 용호동 85-2,18,4,미시행,평일+토요일+공휴일,00:00,23:59,00:00,23:59,00:00,23:59,유료,0,40000,,,,,40000,고지서+카드결제+자동이체,,용호3동 단체장협의회,051-607-6764,35.12424973,129.1138002,N,2026-04-15,3310000,부산광역시 남구
136-1-001544,분포맨션주변,공영,노상,,부산광역시 남구 용호동 368-3,8,4,미시행,평일+토요일+공휴일,00:00,23:59,00:00,23:59,00:00,23:59,유료,0,40000,,,,,40000,고지서+카드결제+자동이체,,용호3동 단체장협의회,051-607-6764,35.12152751,129.1129157,N,2026-04-15,3310000,부산광역시 남구
136-2-000010,동명로157번길 공영주차장,공영,노외,,부산광역시 남구 용호동 373-15,23,4,미시행,평일+토요일+공휴일,00:00,23:59,00:00,23:59,00:00,23:59,유료,0,40000,,,,,40000,고지서+카드결제+자동이체,,용호3동 단체장협의회,051-607-6764,35.11963238,129.1145472,N,2026-04-15,3310000,부산광역시 남구
136-2-000001,대연5동 제1공영주차장,공영,노외,,부산광역시 남구 대연동 1490-17,13,4,미시행,평일+토요일+공휴일,00:00,23:59,00:00,23:59,00:00,23:59,유료,0,40000,,,,,40000,고지서+카드결제+자동이체,,대연5동 주민자치위원회,051-607-6688,35.14210156,129.0894217,N,2026-04-15,3310000,부산광역시 남구
136-1-001317,중앙고교담장주변,공영,노상,,부산광역시 남구 대연동 1779,35,4,미시행,평일+토요일+공휴일,00:00,23:59,00:00,23:59,00:00,23:59,유료,0,40000,,,,,40000,고지서+카드결제+자동이체,,대연6동 주민자치위원회,051-607-6704,35.13976019,129.0782076,N,2026-04-15,3310000,부산광역시 남구
136-1-000009,부산세무고등학교주변,공영,노상,,부산광역시 남구 대연동 1801,29,4,미시행,평일+토요일+공휴일,00:00,23:59,00:00,23:59,00:00,23:59,유료,0,40000,,,,,40000,고지서+카드결제+자동이체,,대연6동 주민자치위원회,051-607-6704,35.13885179,129.0847678,N,2026-04-15,3310000,부산광역시 남구
136-2-000002,대연6동 제1공영주차장,공영,노외,부산광역시 남구 진남로 151,부산광역시 남구 대연동 1578-16,9,4,미시행,평일+토요일+공휴일,00:00,23:59,00:00,23:59,00:00,23:59,유료,0,40000,,,,,40000,고지서+카드결제+자동이체,,대연6동 주민자치위원회,051-607-6704,35.1401005413,129.0794642,N,2026-04-15,3310000,부산광역시 남구
136-2-000006,용호초등학교뒤 공영주차장,공영,노외,,부산광역시 남구 용호동 66-3,19,4,미시행,평일+토요일+공휴일,00:00,23:59,00:00,23:59,00:00,23:59,유료,0,40000,,,,,40000,고지서+카드결제+자동이체,,용호1동 주민자치위원회,051-607-6734,35.1229471,129.1081843,N,2026-04-15,3310000,부산광역시 남구
136-2-000006,용호중앙교회앞 공영주차장,공영,노외,,부산광역시 남구 용호동 409-25,14,4,미시행,평일+토요일+공휴일,00:00,23:59,00:00,23:59,00:00,23:59,유료,0,40000,,,,,40000,고지서+카드결제+자동이체,,용호1동 주민자치위원회,051-607-6734,35.11856099,129.1091141,N,2026-04-15,3310000,부산광역시 남구
136-1-000009,솔밭공원 윗길,공영,노상,,부산광역시 남구 용호동 409-22,10,4,미시행,평일+토요일+공휴일,00:00,23:59,00:00,23:59,00:00,23:59,유료,0,40000,,,,,40000,고지서+카드결제+자동이체,,용호1동 주민자치위원회,051-607-6734,35.1186689,129.1087497,N,2026-04-15,3310000,부산광역시 남구
136-1-000012,용호4동주민센터 주변,공영,노상,부산광역시 남구 동명로132번길 146,부산광역시 남구 용호동 534-18,19,4,미시행,평일+토요일+공휴일,00:00,23:59,00:00,23:59,00:00,23:59,유료,0,40000,,,,,40000,고지서+카드결제+자동이체,,용호4동 주민자치위원회,051-607-6782,35.11332715,129.1100981,N,2026-04-15,3310000,부산광역시 남구
136-1-000013,해군아파트아래 담장길,공영,노상,부산광역시 남구 동명로118번길 125,부산광역시 남구 용호동 534-30,11,4,미시행,평일+토요일+공휴일,00:00,23:59,00:00,23:59,00:00,23:59,유료,0,40000,,,,,40000,고지서+카드결제+자동이체,,용호4동 주민자치위원회,051-607-6782,35.11453756,129.1096444,N,2026-04-15,3310000,부산광역시 남구
136-2-002003,용호로178번길 공영주차장,공영,노외,,부산광역시 남구 용호동 485-2,25,4,미시행,평일+토요일+공휴일,00:00,23:59,00:00,23:59,00:00,23:59,유료,0,40000,,,,,40000,고지서+카드결제+자동이체,,용호4동 주민자치위원회,051-607-6782,35.11643077,129.1100396,N,2026-04-15,3310000,부산광역시 남구
136-2-002004,부산성모병원 주차장,공영,노외,부산광역시 남구 용호로232번길 25-14,,10,4,미시행,평일+토요일+공휴일,00:00,23:59,00:00,23:59,00:00,23:59,유료,0,40000,,,,,40000,고지서+카드결제+자동이체,,용호4동 주민자치위원회,051-607-6782,35.11051609,129.1091865,N,2026-04-15,3310000,부산광역시 남구
145-2-000001,동부근린공영주차장,공영,노외,부산광역시 기장군 기장읍 차성동로 119,부산광역시 기장군 기장읍 동부리 151-8,92,4,미시행,평일+토요일+공휴일,00:00,23:59,00:00,23:59,00:00,23:59,유료,10,100,10,100,4,2400,40000,신용카드,"국가유공자 50할인, 장애인 50할인, 다자녀 50할인, 친환경 차량 50할인, 경차 50할인",기장군도시관리공단,051-792-4860,35.24854274,129.2166643,Y,2026-05-12,B552554,기장군도시관리공단
145-2-000002,기장제1공영주차장,공영,노외,부산광역시 기장군 기장읍 차성동로 70,부산광역시 기장군 기장읍 동부리 280-9,176,2,미시행,평일+토요일+공휴일,00:00,23:59,00:00,23:59,00:00,23:59,유료,10,200,10,200,4,4700,60000,신용카드+주차권,"국가유공자 50할인, 장애인 50할인, 다자녀 50할인, 친환경 차량 50할인, 경차 50할인",기장군도시관리공단,051-792-4860,35.24403255,129.216915,Y,2026-05-12,B552554,기장군도시관리공단
145-1-000003,기장 1-3구역노상공영주차장,공영,노상,부산광역시 기장군 기장읍 차성로 288번길,부산광역시 기장군 기장읍 대라리 64-2,96,2,미시행,평일+토요일+공휴일,09:00,20:00,09:00,20:00,09:00,20:00,유료,10,200,10,200,7,8000,,현금+신용카드,"국가유공자 50할인, 장애인 50할인, 다자녀 50할인, 친환경 차량 50할인, 경차 50할인",기장군도시관리공단,051-792-4860,35.24307649,129.2158755,Y,2026-05-12,B552554,기장군도시관리공단
145-1-000004,정관읍상업지역노상공영주차장,공영,노상,부산광역시 기장군 정관읍 정관8로,부산광역시 기장군 정관읍 매학리 731,61,2,미시행,평일+토요일+공휴일,09:00,20:00,09:00,20:00,09:00,20:00,유료,10,300,10,300,5,8000,,현금+신용카드,"국가유공자 50할인, 장애인 50할인, 다자녀 50할인, 친환경 차량 50할인, 경차 50할인",기장군도시관리공단,051-792-4860,35.32300872,129.1776297,Y,2026-05-12,B552554,기장군도시관리공단
145-2-000005,기장시장공영주차장,공영,노외,부산광역시 기장군 기장읍 읍내로94번길 9,부산광역시 기장군 기장읍 대라리 427,216,2,미시행,평일+토요일+공휴일,00:00,23:59,00:00,23:59,00:00,23:59,유료,10,200,10,200,7,8000,160000,신용카드+주차권,"국가유공자 50할인, 장애인 50할인, 다자녀 50할인, 친환경 차량 50할인, 경차 50할인",기장군도시관리공단,051-792-4860,35.24419336,129.2149936,Y,2026-05-12,B552554,기장군도시관리공단
145-2-000006,군청사부설주차장,공영,노외,부산광역시 기장군 기장읍 기장대로 560,부산광역시 기장군 기장읍 신천리 1,400,기타,5부제,평일,09:00,19:00,00:00,00:00,00:00,00:00,유료,60,0,10,200,5,4700,,신용카드,"국가유공자 50할인, 장애인 50할인, 다자녀 50할인, 친환경 차량 50할인, 경차 50할인",기장군도시관리공단,051-792-4860,35.24348158,129.2229656,N,2026-05-12,B552554,기장군도시관리공단
145-2-000007,신천리공영주차장,공영,노외,,부산광역시 기장군 기장읍 신천리 298,160,기타,5부제,평일,09:00,19:00,00:00,00:00,00:00,00:00,유료,60,0,10,200,5,4700,,신용카드,"국가유공자 50할인, 장애인 50할인, 다자녀 50할인, 친환경 차량 50할인, 경차 50할인",기장군도시관리공단,051-792-4860,35.24295317,129.2240293,Y,2026-05-12,B552554,기장군도시관리공단
145-1-000008,일광해수욕장노상공영주차장,공영,노상,부산광역시 기장군 기장읍 일역길 78-1,부산광역시 기장군 일광면 삼성리 714-3,47,2,미시행,평일+토요일+공휴일,09:00,20:00,09:00,20:00,09:00,20:00,유료,10,300,10,300,5,8000,,현금+신용카드,"국가유공자 50할인, 장애인 50할인, 다자녀 50할인, 친환경 차량 50할인, 경차 50할인",기장군도시관리공단,051-792-4860,35.261539,129.233086,Y,2026-05-12,B552554,기장군도시관리공단
145-2-000009,정관 모전리 공영주차장,공영,노외,부산광역시 기장군 정관읍 모전1길 10 (모전리 739-3),부산광역시 기장군 정관읍 모전리 739-3,13,2,미시행,평일+토요일+공휴일,00:00,23:59,00:00,23:59,00:00,23:59,유료,10,300,10,300,5,8000,,신용카드,"국가유공자 50할인, 장애인 50할인, 다자녀 50할인, 친환경 차량 50할인, 경차 50할인",기장군도시관리공단,051-792-4860,35.33536741,129.166157,N,2026-05-12,B552554,기장군도시관리공단
145-2-000010,오랑대공영주차장,공영,노외,부산광역시 기장군 기장읍 기장해안로 340-41,부산광역시 기장군 기장읍 연화리 산 65-1,67,2,미시행,평일+토요일+공휴일,00:00,23:59,00:00,23:59,00:00,23:59,유료,10,300,10,300,5,8000,,신용카드,"국가유공자 50할인, 장애인 50할인, 다자녀 50할인, 친환경 차량 50할인, 경차 50할인",기장군도시관리공단,051-792-4860,35.2050990632,129.2278508492,Y,2026-05-12,B552554,기장군도시관리공단
145-2-000011,일광신도시 공영주차장,공영,노외,,부산광역시 기장군 일광읍 삼성리 846번지,23,2,미시행,평일+토요일+공휴일,00:00,23:59,00:00,23:59,00:00,23:59,유료,30,0,10,100,5,2400,52000,신용카드,"국가유공자 50할인, 장애인 50할인, 다자녀 50할인, 친환경 차량 50할인, 경차 50할인",기장군도시관리공단,051-792-4860,,,Y,2026-05-12,B552554,기장군도시관리공단
145-2-000012,교리 공영주차장,공영,노외,,부산광역시 기장군 기장읍 교리 12,34,4,5부제,평일+토요일+공휴일,00:00,23:59,00:00,23:59,00:00,23:59,유료,10,100,10,100,4,2400,52000,신용카드,"국가유공자 50할인, 장애인 50할인, 다자녀 50할인, 친환경 차량 50할인, 경차 50할인",기장군도시관리공단,051-792-4860,35.25586848,129.2195471,Y,2026-05-12,B552554,기장군도시관리공단
145-2-000013,일광해수욕장공영주차장,공영,노외,,부산광역시 기장군 일광읍 삼성리 712번지 일원,71,2,5부제,평일+토요일+공휴일,00:00,23:59,00:00,23:59,00:00,23:59,유료,10,300,10,300,5,8000,128000,신용카드,"국가유공자 50할인, 장애인 50할인, 다자녀 50할인, 친환경 차량 50할인, 경차 50할인",기장군도시관리공단,051-792-4860,,,Y,2026-05-12,B552554,기장군도시관리공단
145-2-000014,좌천리주차장,공영,노외,부산광역시 기장군 장안읍 좌천로 68,부산광역시 기장군 장안읍 좌천리 254-10,55,2,5부제,평일+토요일+공휴일,00:00,23:59,00:00,23:59,00:00,23:59,유료,10,200,10,200,4,4700,,신용카드,"국가유공자 50할인, 장애인 50할인, 다자녀 50할인, 친환경 차량 50할인, 경차 50할인",기장군도시관리공단,051-792-4860,35.3141153326,129.243735398,Y,2026-05-12,B552554,기장군도시관리공단
145-2-000015,정관임시주차장,공영,노외,,부산광역시 기장군 정관읍 용수리 1313번지,210,2,5부제,평일+토요일+공휴일,00:00,23:59,00:00,23:59,00:00,23:59,유료,10,100,10,100,4,2400,,신용카드,"국가유공자 50할인, 장애인 50할인, 다자녀 50할인, 친환경 차량 50할인, 경차 50할인",기장군도시관리공단,051-792-4860,,,Y,2026-05-12,B552554,기장군도시관리공단
137-2-000017,시랑공원 공영주차장,공영,노외,,부산광역시 북구 구포동 1214-39,28,4,미시행,평일+토요일+공휴일,00:00,23:59,00:00,23:59,00:00,23:59,유료,10,100,10,100,24,2400,52000,현금,,부산광역시 북구청,051-309-4505,35.2018789,129.0058004,Y,2026-04-15,3320000,부산광역시 북구
137-2-000018,덕천3동 공영주차장,공영,노외,,부산광역시 북구 덕천동 139-3,97,3,미시행,평일+토요일+공휴일,00:00,23:59,00:00,23:59,00:00,23:59,유료,10,200,10,200,24,4700,52000,현금+카드,주차관제,부산광역시 북구청,051-309-4505,35.2105292,129.0181311,Y,2026-04-15,3320000,부산광역시 북구
137-2-000019,구포축산물도매시장 고객주차장,공영,노외,,부산광역시 북구 구포동 1187-4,44,3,미시행,평일+토요일+공휴일,00:00,23:59,00:00,23:59,00:00,23:59,유료,10,200,10,200,24,4700,90000,현금+카드,주차관제,부산광역시 북구청,051-309-4505,35.1960798,128.9897953,Y,2026-04-15,3320000,부산광역시 북구
137-2-000020,덕천2동 공영주차장,공영,노외,,부산광역시 북구 덕천동 346-1,31,3,5부제,평일+토요일+공휴일,00:00,23:59,00:00,23:59,00:00,23:59,유료,10,200,10,200,24,4700,60000,현금+카드,주차관제,부산광역시 북구청,051-309-4505,35.21234337,129.0077429,Y,2026-04-15,3320000,부산광역시 북구
137-2-000021,대천천마을공동주차장,공영,노외,,부산광역시 북구 화명동 174-4,73,4,미시행,평일+토요일+공휴일,00:00,23:59,00:00,23:59,00:00,23:59,유료,10,100,10,100,24,2400,52000,현금,,부산광역시 북구청,051-309-4505,35.2432227,129.0265206,N,2026-04-15,3320000,부산광역시 북구
137-2-000022,만덕동심공원 공영주차장,공영,노외,,부산광역시 북구 만덕동 872-3,32,3,미시행,평일+토요일+공휴일,00:00,23:59,00:00,23:59,00:00,23:59,유료,10,200,10,200,24,4700,52000,카드,주차관제,부산광역시 북구청,051-309-4505,35.20899751,129.0387629,Y,2026-04-15,3320000,부산광역시 북구
137-2-000023,구포2동 공영주차장,공영,노외,,부산광역시 북구 구포동 969-4,52,3,5부제,평일+토요일+공휴일,00:00,23:59,00:00,23:59,00:00,23:59,유료,10,200,10,200,24,4700,52000,카드,주차관제,부산광역시 북구청,051-309-4505,35.20167701,128.999408,Y,2026-04-15,3320000,부산광역시 북구
137-2-000024,만덕1동 공영주차장,공영,노외,,부산광역시 북구 만덕동 642-14,50,3,미시행,평일+토요일+공휴일,00:00,23:59,00:00,23:59,00:00,23:59,유료,10,200,10,200,24,4700,52000,카드,주차관제,부산광역시 북구청,051-309-4505,35.214018,129.0305246,Y,2026-04-15,3320000,부산광역시 북구
137-2-000025,물소리공원 공영주차장,공영,노외,,부산광역시 북구 만덕동 642-14,32,3,미시행,평일+토요일+공휴일,00:00,23:59,00:00,23:59,00:00,23:59,유료,10,200,10,200,24,4700,90000,카드,주차관제,부산광역시 북구청,051-309-4505,35.21403255,129.0305246,Y,2026-04-15,3320000,부산광역시 북구
137-2-000027,대동화명대교하부 공영주차장,공영,노외,,부산광역시 북구 화명동 2257,39,2,미시행,평일+토요일+공휴일,00:00,23:59,00:00,23:59,00:00,23:59,유료,10,300,10,300,24,8000,0,카드,주차관제,부산광역시 북구청,051-309-4505,35.23291647,129.0081355,Y,2026-04-15,3320000,부산광역시 북구
137-2-000028,남산정 공영주차장,공영,노외,,부산광역시 북구 덕천동 404-7,52,3,미시행,평일+토요일+공휴일,00:00,23:59,00:00,23:59,00:00,23:59,유료,10,200,10,200,24,4700,52000,카드,주차관제,부산광역시 북구청,051-309-4505,35.21220803,129.0221515,Y,2026-04-15,3320000,부산광역시 북구
137-2-000029,백산 공영주차장,공영,노외,,부산광역시 북구 만덕동 912-2,17,3,미시행,평일+토요일+공휴일,00:00,23:59,00:00,23:59,00:00,23:59,유료,10,200,10,200,24,4700,52000,카드,주차관제,부산광역시 북구청,051-309-4505,35.21110148,129.027515,N,2026-04-15,3320000,부산광역시 북구
137-2-000011,행복마을 공영주차장,공영,노외,,부산광역시 북구 구포동 1083-3,28,3,미시행,평일+토요일+공휴일,00:00,23:59,00:00,23:59,00:00,23:59,유료,10,200,10,200,24,4700,52000,현금,,부산광역시 북구청,051-309-4505,35.1989123,128.9950349,Y,2026-04-15,3320000,부산광역시 북구
137-2-000012,포천초교 공영주차장,공영,노외,,부산광역시 북구 구포동 1231,89,4,미시행,평일+토요일+공휴일,00:00,23:59,00:00,23:59,00:00,23:59,유료,10,100,10,100,24,2400,52000,현금+카드,주차관제,부산광역시 북구청,051-309-4505,35.19664218,129.0091011,Y,2026-04-15,3320000,부산광역시 북구
137-2-000013,구포시장 고객전용 공영주차장,공영,노외,,부산광역시 북구 구포동 596-13,165,2,미시행,평일+토요일+공휴일,00:00,23:59,00:00,23:59,00:00,23:59,유료,10,300,10,300,24,8000,160000,현금+카드,주차관제,부산광역시 북구청,051-309-4505,35.2075065,129.0043653,Y,2026-04-15,3320000,부산광역시 북구
137-2-000014,만덕3동 공영주차장,공영,노외,,부산광역시 북구 만덕동 913-2,15,3,미시행,평일+토요일+공휴일,00:00,23:59,00:00,23:59,00:00,23:59,유료,10,200,10,200,24,4700,52000,현금,,부산광역시 북구청,051-309-4505,35.2111572,129.0280167,N,2026-04-15,3320000,부산광역시 북구
137-2-000015,경혜길 공영주차장,공영,노외,,부산광역시 북구 구포동 1204-32,65,4,미시행,평일+토요일+공휴일,00:00,23:59,00:00,23:59,00:00,23:59,유료,10,100,10,100,24,2400,52000,현금+카드,주차관제,부산광역시 북구청,051-309-4505,35.20481802,129.0100649,Y,2026-04-15,3320000,부산광역시 북구
137-2-000016,모분재 공영주차장,공영,노외,,부산광역시 북구 구포동 848,78,4,미시행,평일+토요일+공휴일,00:00,23:59,00:00,23:59,00:00,23:59,유료,10,100,10,100,24,2400,52000,현금+카드,주차관제,부산광역시 북구청,051-309-4505,35.1983433,129.0093037,Y,2026-04-15,3320000,부산광역시 북구
133-3-000001,태종대유원지부설주차장,공영,부설,부산광역시 영도구 태종로 833번길 23,부산광역시 영도구 동삼동 1011,683,기타,미시행,평일+토요일+공휴일,09:00,23:59,09:00,23:59,09:00,23:59,유료,60,1000,10,200,24,10000,100000,카드,무인정산기,부산관광공사,051-405-8745,35.062149,129.0820953,Y,2026-04-24,B552974,부산관광공사
132-1-000013,중앙대로180번길 제3공영,공영,노상,부산광역시 동구 중앙대로180번길 12,부산광역시 동구 초량동 1213-1,37,1,미시행,평일+토요일+공휴일,08:00,21:00,08:00,21:00,08:00,18:00,유료,10,500,10,500,,,,현금+카드결제 등,,부산광역시 동구청,051-440-4742,35.11286526,129.0401886,Y,2026-04-16,3270000,부산광역시 동구
132-2-000008,성북공영,공영,노외,부산광역시 동구 망양로860번길 3,부산광역시 동구 좌천동 910-3,47,4,미시행,평일+토요일+공휴일,00:00,23:59,00:00,23:59,00:00,23:59,유료,10,100,10,100,24,2400,52000,현금+카드결제 등,,부산광역시 동구청,051-440-4742,35.13729921,129.0479509,Y,2026-04-16,3270000,부산광역시 동구
132-1-000026,범일2동 제1노상,공영,노상,부산광역시 동구 자성로133번길 10,부산광역시 동구 범일동 830-9,39,1,미시행,평일+토요일+공휴일,08:00,21:00,08:00,21:00,08:00,18:00,유료,10,500,10,500,,,,현금+카드결제 등,,부산광역시 동구청,051-440-4742,35.13809798,129.0650803,Y,2026-04-16,3270000,부산광역시 동구
137-2-000030,시상로 공영주차장,공영,노외,,부산광역시 북구 구포동 866-1,43,4,미시행,평일+토요일+공휴일,00:00,23:59,00:00,23:59,00:00,23:59,유료,10,100,10,100,24,2400,52000,카드,주차관제,부산광역시 북구청,051-309-4505,35.1943422,129.0068465,Y,2026-04-15,3320000,부산광역시 북구
137-1-000026,화명중앙공원주변 공영주차장,공영,노상,,부산광역시 북구 화명동 2257,23,2,미시행,평일+토요일+공휴일,00:00,23:59,00:00,23:59,00:00,23:59,유료,10,300,10,300,24,8000,0,카드,주차관제,부산광역시 북구청,051-309-4505,35.23291647,129.0081355,Y,2026-04-15,3320000,부산광역시 북구
137-2-000001,낙동 공영주차장,공영,노외,,부산광역시 북구 구포동 1190,48,3,미시행,평일+토요일+공휴일,00:00,23:59,00:00,23:59,00:00,23:59,유료,10,200,10,200,24,4700,90000,현금,,부산광역시 북구청,051-309-4505,35.19749154,128.9888091,N,2026-04-15,3320000,부산광역시 북구
137-2-000002,동원 공영주차장,공영,노외,,부산광역시 북구 만덕동 934,63,3,미시행,평일+토요일+공휴일,00:00,23:59,00:00,23:59,00:00,23:59,유료,10,200,10,200,24,4700,52000,현금,,부산광역시 북구청,051-309-4505,35.21048421,129.0308587,Y,2026-04-15,3320000,부산광역시 북구
137-2-000003,대리천 공영주차장,공영,노외,,부산광역시 북구 덕천동 732-5,163,2,미시행,평일+토요일+공휴일,00:00,23:59,00:00,23:59,00:00,23:59,유료,10,300,10,300,24,8000,160000,현금+카드,주차관제,부산광역시 북구청,051-309-4505,35.2100763,129.0031779,Y,2026-04-15,3320000,부산광역시 북구
137-2-000004,화명 공영주차장,공영,노외,,부산광역시 북구 화명동 2126,35,3,미시행,평일+토요일+공휴일,00:00,23:59,00:00,23:59,00:00,23:59,유료,10,200,10,200,24,4700,52000,현금,,부산광역시 북구청,051-309-4505,35.238036,129.017135,Y,2026-04-15,3320000,부산광역시 북구
137-2-000005,덕천 공영주차장,공영,노외,,부산광역시 북구 덕천동 457-31,133,3,미시행,평일+토요일+공휴일,00:00,23:59,00:00,23:59,00:00,23:59,유료,10,200,10,200,24,4700,52000,현금+카드,임시폐쇄,부산광역시 북구청,051-309-4505,35.21503207,129.009813,Y,2026-04-15,3320000,부산광역시 북구
137-2-000006,신만덕사거리 공영주차장,공영,노외,,부산광역시 북구 만덕동 872-1,16,3,미시행,평일+토요일+공휴일,00:00,23:59,00:00,23:59,00:00,23:59,유료,10,200,10,200,24,4700,90000,현금,,부산광역시 북구청,051-309-4505,35.2092225,129.0381256,Y,2026-04-15,3320000,부산광역시 북구
137-2-000007,구포3동 공영주차장,공영,노외,,부산광역시 북구 구포동 1248-10,81,4,미시행,평일+토요일+공휴일,00:00,23:59,00:00,23:59,00:00,23:59,유료,10,100,10,100,24,2400,52000,현금+카드,주차관제,부산광역시 북구청,051-309-4505,35.1959376,129.0134907,Y,2026-04-15,3320000,부산광역시 북구
137-2-000009,삼성 공영주차장,공영,노외,,부산광역시 북구 만덕동 783-4,31,3,미시행,평일+토요일+공휴일,00:00,23:59,00:00,23:59,00:00,23:59,유료,10,200,10,200,24,4700,52000,현금,,부산광역시 북구청,051-309-4505,35.2110894,129.0380066,N,2026-04-15,3320000,부산광역시 북구
136-1-000032,한신문화타운맞은편,공영,노상,,부산광역시 남구 용당동 566-2,21,4,미시행,평일+토요일+공휴일,00:00,23:59,00:00,23:59,00:00,23:59,유료,0,40000,,,,,40000,고지서+카드결제+자동이체,,용당동 주민자치위원회,051-607-6802,35.12391022,129.0972203,N,2026-04-15,3310000,부산광역시 남구
136-1-000014,유엔평화로153번길,공영,노상,부산광역시 남구 유엔평화로153번길 20,부산광역시 남구 용당동 552-16,9,4,미시행,평일+토요일+공휴일,00:00,23:59,00:00,23:59,00:00,23:59,유료,0,40000,,,,,40000,고지서+카드결제+자동이체,,용당동 주민자치위원회,051-607-6802,35.12338347,129.0984844,N,2026-04-15,3310000,부산광역시 남구
136-1-000002,동국제강 진입로,공영,노상,,부산광역시 남구 감만동 602,47,4,미시행,평일+토요일+공휴일,00:00,23:59,00:00,23:59,00:00,23:59,유료,0,40000,,,,,40000,고지서+카드결제+자동이체,,감만1동 주민자치위원회,051-607-6822,35.11996835,129.0809973,N,2026-04-15,3310000,부산광역시 남구
136-1-000015,119안전센터 옆,공영,노상,,부산광역시 남구 감만동 592-24,19,4,미시행,평일+토요일+공휴일,00:00,23:59,00:00,23:59,00:00,23:59,유료,0,40000,,,,,40000,고지서+카드결제+자동이체,,감만1동 주민자치위원회,051-607-6822,35.11771738,129.0805327,N,2026-04-15,3310000,부산광역시 남구
136-1-001393,국제아파트주변,공영,노상,,부산광역시 남구 감만동 27-10,13,4,미시행,평일+토요일+공휴일,00:00,23:59,00:00,23:59,00:00,23:59,유료,0,40000,,,,,40000,고지서+카드결제+자동이체,,감만2동 청년회,051-607-6842,35.1217363,129.0852169,N,2026-04-15,3310000,부산광역시 남구
136-1-001389,하얏트아파트주변,공영,노상,,부산광역시 남구 감만동 33-401,9,4,미시행,평일+토요일+공휴일,00:00,23:59,00:00,23:59,00:00,23:59,유료,0,40000,,,,,40000,고지서+카드결제+자동이체,,감만2동 청년회,051-607-6842,35.12429821,129.0867311,N,2026-04-15,3310000,부산광역시 남구
136-2-002005,양지아파트주변,공영,노외,,부산광역시 남구 감만동 44-149,15,4,미시행,평일+토요일+공휴일,00:00,23:59,00:00,23:59,00:00,23:59,유료,0,40000,,,,,40000,고지서+카드결제+자동이체,,감만2동 청년회,051-607-6842,35.12351383,129.085048,N,2026-04-15,3310000,부산광역시 남구
136-2-001046,감만2동 제1공영주차장,공영,노외,,부산광역시 남구 감만동 3-47,22,4,미시행,평일+토요일+공휴일,00:00,23:59,00:00,23:59,00:00,23:59,유료,0,40000,,,,,40000,고지서+카드결제+자동이체,,감만2동 청년회,051-607-6842,35.12114984,129.0867098,N,2026-04-15,3310000,부산광역시 남구
136-2-002006,감만2동 제2공영주차장,공영,노외,,부산광역시 남구 감만동 3-598,10,4,미시행,평일+토요일+공휴일,00:00,23:59,00:00,23:59,00:00,23:59,유료,0,40000,,,,,40000,고지서+카드결제+자동이체,,감만2동 청년회,051-607-6842,35.11990315,129.0860342,N,2026-04-15,3310000,부산광역시 남구
136-1-000029,새마을금고주변,공영,노상,,부산광역시 남구 우암동 189,16,4,미시행,평일+토요일+공휴일,00:00,23:59,00:00,23:59,00:00,23:59,유료,0,40000,,,,,40000,고지서+카드결제+자동이체,,우암동 청년회,051-607-6866,35.12791844,129.0710305,N,2026-04-15,3310000,부산광역시 남구
136-2-000003,당산로 공영주차장,공영,노외,,부산광역시 남구 우암동 93-11,16,4,미시행,평일+토요일+공휴일,00:00,23:59,00:00,23:59,00:00,23:59,유료,0,40000,,,,,40000,고지서+카드결제+자동이체,,우암동 청년회,051-607-6866,35.12597625,129.077699,N,2026-04-15,3310000,부산광역시 남구
136-1-002002,우암양달로 주거지주차장,공영,노상,,부산광역시 남구 우암동 181-498,12,4,미시행,평일+토요일+공휴일,00:00,23:59,00:00,23:59,00:00,23:59,유료,0,40000,,,,,40000,고지서+카드결제+자동이체,,우암동 청년회,051-607-6866,35.12617922,129.0721521,N,2026-04-15,3310000,부산광역시 남구
136-2-000011,용호로232번길 공영주차장,공영,노외,,부산광역시 남구 용호동 536-1,28,4,미시행,평일+토요일+공휴일,00:00,23:59,00:00,23:59,00:00,23:59,유료,0,40000,,,,,40000,고지서+카드결제+자동이체,,용호4동 주민자치위원회,051-607-6782,35.1136905,129.1090257,N,2026-04-15,3310000,부산광역시 남구
136-1-000011,효성택시 진입로,공영,노상,부산광역시 남구 진남로188번길 13,부산광역시 남구 문현동 86-7,11,4,미시행,평일+토요일+공휴일,00:00,23:59,00:00,23:59,00:00,23:59,유료,0,40000,,,,,40000,고지서+카드결제+자동이체,,문현1동주민자치위원회,051-607-6906,35.14343606,129.0784764,N,2026-04-15,3310000,부산광역시 남구
136-2-000005,진남로232번길 공영주차장,공영,노외,,부산광역시 남구 문현동 53-11,28,4,미시행,평일+토요일+공휴일,00:00,23:59,00:00,23:59,00:00,23:59,유료,0,40000,,,,,40000,고지서+카드결제+자동이체,,문현1동주민자치위원회,051-607-6906,35.14579738,129.0767795,N,2026-04-15,3310000,부산광역시 남구
136-2-002007,문현1동 제2공영주차장,공영,노외,,부산광역시 남구 문현동 54-59,36,4,미시행,평일+토요일+공휴일,00:00,23:59,00:00,23:59,00:00,23:59,유료,0,40000,,,,,40000,고지서+카드결제+자동이체,,문현1동주민자치위원회,051-607-6906,35.14510729,129.0764783,Y,2026-04-15,3310000,부산광역시 남구
136-2-002011,문현1동 제3공영주차장,공영,노외,,부산광역시 남구 문현동 125-7,14,4,미시행,평일+토요일+공휴일,00:00,23:59,00:00,23:59,00:00,23:59,유료,0,40000,,,,,40000,고지서+카드결제+자동이체,,문현1동주민자치위원회,051-607-6906,35.14360716,129.0724354,N,2026-04-15,3310000,부산광역시 남구
136-1-001424,성동중학교 담장 주변,공영,노상,,부산광역시 남구 문현동 791-1,17,4,미시행,평일+토요일+공휴일,00:00,23:59,00:00,23:59,00:00,23:59,유료,0,40000,,,,,40000,고지서+카드결제+자동이체,,문현2동 주민자치위원회,051-607-6922,35.14135678,129.065057,N,2026-04-15,3310000,부산광역시 남구
136-1-000004,E-마트 담벽 주변,공영,노상,부산광역시 남구 전포대로91번길 47,부산광역시 남구 문현동 751,18,4,미시행,평일+토요일+공휴일,00:00,23:59,00:00,23:59,00:00,23:59,유료,0,40000,,,,,40000,고지서+카드결제+자동이체,,문현2동 주민자치위원회,051-607-6922,35.1443054,129.0642386,N,2026-04-15,3310000,부산광역시 남구
136-2-000005,수영로69번길 공영주차장,공영,노외,,부산광역시 남구 문현동 262-2,16,4,미시행,평일+토요일+공휴일,00:00,23:59,00:00,23:59,00:00,23:59,유료,0,40000,,,,,40000,고지서+카드결제+자동이체,,문현3동 새마을지도자협의회,051-607-6951,35.13664128,129.0769611,N,2026-04-15,3310000,부산광역시 남구
136-1-001569,수영로39번길(번영로 아래),공영,노상,,부산광역시 남구 문현동 231-8,121,4,미시행,평일+토요일+공휴일,00:00,23:59,00:00,23:59,00:00,23:59,유료,0,40000,,,,,40000,고지서+카드결제+자동이체,,문현3동 주민자치위원회,051-607-6951,35.13755761,129.0743417,N,2026-04-15,3310000,부산광역시 남구
136-2-001239,구거복개지,공영,노외,,부산광역시 남구 문현동 837-1,27,4,미시행,평일+토요일+공휴일,00:00,23:59,00:00,23:59,00:00,23:59,유료,0,40000,,,,,40000,고지서+카드결제+자동이체,,문현4동 새마을지도자협의회,051-607-6962,35.13588156,129.0680648,N,2026-04-15,3310000,부산광역시 남구
136-1-001262,현대오일뱅크주유소 옆,공영,노상,,부산광역시 남구 문현동 854-18,29,4,미시행,평일+토요일+공휴일,00:00,23:59,00:00,23:59,00:00,23:59,유료,0,40000,,,,,40000,고지서+카드결제+자동이체,,문현4동 방위협의회,051-607-6962,35.1347774,129.0683264,N,2026-04-15,3310000,부산광역시 남구
136-1-001166,청호탕 주변,공영,노상,,부산광역시 남구 문현동 655-149,17,4,미시행,평일+토요일+공휴일,00:00,23:59,00:00,23:59,00:00,23:59,유료,0,40000,,,,,40000,고지서+카드결제+자동이체,,문현4동 바르게살기위원회,051-607-6962,35.13282338,129.0764345,N,2026-04-15,3310000,부산광역시 남구
136-1-001255,한일오피스텔주변,공영,노상,부산광역시 남구 지게골로 17,부산광역시 남구 문현동 838,51,4,미시행,평일+토요일+공휴일,00:00,23:59,00:00,23:59,00:00,23:59,유료,0,40000,,,,,40000,고지서+카드결제+자동이체,,문현4동 한국자유총연맹,051-607-6962,35.13578498,129.0690086,N,2026-04-15,3310000,부산광역시 남구
136-2-000007,이기대제1공영주차장,공영,노외,,부산광역시 남구 용호동 15-1,67,2,미시행,평일+토요일+공휴일,00:00,23:59,00:00,23:59,00:00,23:59,유료,0,300,,,,,160000,카드결제,,부산광역시 남구시설관리공단,051-601-3465,35.12558312,129.1184079,Y,2026-04-15,3310000,부산광역시 남구
136-2-000009,이기대제2공영주차장,공영,노외,,부산광역시 남구 용호동 15-15,67,2,미시행,평일+토요일+공휴일,00:00,23:59,00:00,23:59,00:00,23:59,유료,0,300,,,,,0,카드결제,,부산광역시 남구시설관리공단,051-601-3465,35.1249511164,129.1191215198,Y,2026-04-15,3310000,부산광역시 남구
136-2-000005,스카이워크공영주차장,공영,노외,,부산광역시 남구 용호동 950,42,2,미시행,평일+토요일+공휴일,00:00,23:59,00:00,23:59,00:00,23:59,유료,0,300,,,,,0,카드결제,,부산광역시 남구시설관리공단,051-601-3465,35.10248663,129.1223846,Y,2026-04-15,3310000,부산광역시 남구
136-1-000006,백운포체육공원앞공영주차장,공영,노상,,부산광역시 남구 용호동 895-5,121,4,미시행,평일+토요일+공휴일,00:00,18:00,00:00,15:00,00:00,23:59,유료,0,100,,,,,30000,카드결제,,부산광역시 남구시설관리공단,051-601-3465,35.10227327,129.1091912,Y,2026-04-15,3310000,부산광역시 남구
136-2-002008,오륙도수변공원 공영주차장,공영,노외,,부산광역시 남구 용호동 산 196-4,82,2,미시행,평일+토요일+공휴일,00:00,18:00,00:00,18:00,00:00,18:00,유료,0,300,,,,,0,카드결제,,부산광역시 남구시설관리공단,051-601-3465,35.09984817,129.1229845,Y,2026-04-15,3310000,부산광역시 남구
136-1-002003,뉴서울아파트주변,공영,노상,,부산광역시 남구 우암동 53-5,10,4,미시행,평일+토요일+공휴일,00:00,23:59,00:00,23:59,00:00,23:59,유료,0,40000,,,,,40000,고지서+카드결제+자동이체,,우암동 청년회,051-607-6866,35.12445436,129.0806891,N,2026-04-15,3310000,부산광역시 남구
136-1-000016,성암사 주변,공영,노상,,부산광역시 남구 문현동 71-6,21,4,미시행,평일+토요일+공휴일,00:00,23:59,00:00,23:59,00:00,23:59,유료,0,40000,,,,,40000,고지서+카드결제+자동이체,,문현1동주민자치위원회,051-607-6906,35.14566492,129.0786738,N,2026-04-15,3310000,부산광역시 남구
136-1-002001,제2주거지전용주차장,공영,노상,부산광역시 남구 유엔로157번길 57,부산광역시 남구 대연동 1735-1,17,4,미시행,평일+토요일+공휴일,00:00,23:59,00:00,23:59,00:00,23:59,유료,0,40000,,,,,40000,고지서+카드결제+자동이체,,대연1동 주민자치위원회,051-607-6604,35.1328152,129.0932175,N,2026-04-15,3310000,부산광역시 남구
136-1-000006,남천중 진입로,공영,노상,,부산광역시 남구 대연동 455-13,37,4,미시행,평일+토요일+공휴일,00:00,23:59,00:00,23:59,00:00,23:59,유료,0,40000,,,,,40000,고지서+카드결제+자동이체,,대연3동 주민자치위원회,051-607-6644,35.13693222,129.1050051,N,2026-04-15,3310000,부산광역시 남구
136-1-000008,대연성당 주변,공영,노상,,부산광역시 남구 대연동 67-33,8,4,미시행,평일+토요일+공휴일,00:00,23:59,00:00,23:59,00:00,23:59,유료,0,40000,,,,,40000,고지서+카드결제+자동이체,,대연3동 주민자치위원회,051-607-6644,35.13545514,129.0977949,N,2026-04-15,3310000,부산광역시 남구
136-1-000010,구)대연3동주민센터 주변,공영,노상,,부산광역시 남구 대연동 393-28,8,4,미시행,평일+토요일+공휴일,00:00,23:59,00:00,23:59,00:00,23:59,유료,0,40000,,,,,40000,고지서+카드결제+자동이체,,대연3동 주민자치위원회,051-607-6644,35.13451584,129.0996374,N,2026-04-15,3310000,부산광역시 남구
136-1-000001,대연천 구거복개지,공영,노상,,부산광역시 남구 대연동 1635-55,6,4,미시행,평일+토요일+공휴일,00:00,23:59,00:00,23:59,00:00,23:59,유료,0,40000,,,,,40000,고지서+카드결제+자동이체,,대연3동 주민자치위원회,051-607-6644,35.1291666,129.1053065,N,2026-04-15,3310000,부산광역시 남구
136-1-000012,수영로325번길(번영로 아래),공영,노상,,부산광역시 남구 대연동 217-6,16,4,미시행,평일+토요일+공휴일,00:00,23:59,00:00,23:59,00:00,23:59,유료,0,40000,,,,,40000,고지서+카드결제+자동이체,,대연3동 주민자치위원회,051-607-6644,35.14507117,129.0958034,N,2026-04-15,3310000,부산광역시 남구
136-1-000012,대흥택시 주변,공영,노상,,부산광역시 남구 대연동 1018,11,4,미시행,평일+토요일+공휴일,00:00,23:59,00:00,23:59,00:00,23:59,유료,0,40000,,,,,40000,고지서+카드결제+자동이체,,대연3동 주민자치위원회,051-607-6644,35.13150697,129.0981915,N,2026-04-15,3310000,부산광역시 남구
136-1-000005,하이빌 주변,공영,노상,부산광역시 남구 전포대로110번길 26,부산광역시 남구 문현동 603,12,4,미시행,평일+토요일+공휴일,00:00,23:59,00:00,23:59,00:00,23:59,유료,0,40000,,,,,40000,고지서+카드결제+자동이체,,문현2동 주민자치위원회,051-607-6922,35.14648842,129.0683827,N,2026-04-15,3310000,부산광역시 남구
136-1-001273,신풍상사 주변,공영,노상,부산광역시 남구 자유평화로59번길 71,부산광역시 남구 문현동 738-1,9,4,미시행,평일+토요일+공휴일,00:00,23:59,00:00,23:59,00:00,23:59,유료,0,40000,,,,,40000,고지서+카드결제+자동이체,,문현2동 주민자치위원회,051-607-6922,35.14464319,129.0660965,N,2026-04-15,3310000,부산광역시 남구
136-1-001052,문현2동 주민센터 윗편,공영,노상,,부산광역시 남구 문현동 552-8,13,4,미시행,평일+토요일+공휴일,00:00,23:59,00:00,23:59,00:00,23:59,유료,0,40000,,,,,40000,고지서+카드결제+자동이체,,문현2동 주민자치위원회,051-607-6922,35.1449971,129.0693615,N,2026-04-15,3310000,부산광역시 남구
132-2-000002,독도주차장,공영,노외,부산광역시 동구 증산로 100,부산광역시 동구 좌천동 722,42,4,미시행,평일+토요일+공휴일,00:00,23:59,00:00,23:59,00:00,23:59,유료,10,100,10,100,24,2400,52000,현금+카드결제 등,,부산광역시 동구청,051-440-4742,35.13563677,129.0529467,Y,2026-04-16,3270000,부산광역시 동구
132-2-000003,동구공영주차빌딩,공영,노외,부산광역시 동구 중앙대로 196번길 12-12,부산광역시 동구 초량동 1204-9,152,2,미시행,평일+토요일+공휴일,00:00,23:59,00:00,23:59,00:00,23:59,유료,10,300,10,300,24,8000,160000,현금+카드결제 등,,부산광역시 동구청,051-440-4742,35.11352832,129.0401986,N,2026-04-16,3270000,부산광역시 동구
132-2-000004,동구체육공원,공영,노외,부산광역시 동구 수정공원중로 22,부산광역시 동구 수정동 711-4,50,4,미시행,평일+토요일+공휴일,00:00,23:59,00:00,23:59,00:00,23:59,유료,10,100,10,100,24,2400,52000,현금+카드결제 등,,부산광역시 동구청,051-440-4742,35.1323287,129.0385856,Y,2026-04-16,3270000,부산광역시 동구
132-1-000009,중앙대로320번길 제2노상,공영,노상,부산광역시 동구 중앙대로332번길 8,부산광역시 동구 초량동 1154-1,11,1,미시행,평일+토요일+공휴일,08:00,21:00,08:00,21:00,08:00,18:00,유료,10,500,10,500,,,,현금+카드결제 등,,부산광역시 동구청,051-440-4742,35.12524118,129.0465389,N,2026-04-16,3270000,부산광역시 동구
132-1-000010,중앙대로320번길 제3노상,공영,노상,부산광역시 동구 중앙대로332번길 8,부산광역시 동구 초량동 1154-1,14,1,미시행,평일+토요일+공휴일,08:00,21:00,08:00,21:00,08:00,18:00,유료,10,500,10,500,,,,현금+카드결제 등,,부산광역시 동구청,051-440-4742,35.12524118,129.0465389,N,2026-04-16,3270000,부산광역시 동구
132-1-000011,중앙대로236번길 제2노상,공영,노상,부산광역시 동구 중앙대로248번길 14,부산광역시 동구 초량동 1195-1,8,1,미시행,평일+토요일+공휴일,08:00,21:00,08:00,21:00,08:00,18:00,유료,10,500,10,500,,,,현금+카드결제 등,,부산광역시 동구청,051-440-4742,35.11837406,129.0431338,N,2026-04-16,3270000,부산광역시 동구
132-2-000005,범일1동,공영,노외,부산광역시 동구 증산로 154,부산광역시 동구 범일동 1338-11,45,4,미시행,평일+토요일+공휴일,00:00,23:59,00:00,23:59,00:00,23:59,유료,10,100,10,100,24,2400,52000,현금+카드결제 등,,부산광역시 동구청,051-440-4742,35.13947459,129.0532274,Y,2026-04-16,3270000,부산광역시 동구
132-2-000006,범일1동 제3공영,공영,노외,부산광역시 동구 범내로 34,부산광역시 동구 범일동 1511-4,28,4,미시행,평일+토요일+공휴일,00:00,23:59,00:00,23:59,00:00,23:59,유료,10,100,10,100,24,2400,52000,현금+카드결제 등,,부산광역시 동구청,051-440-4742,35.14346251,129.0495404,Y,2026-04-16,3270000,부산광역시 동구
132-2-000007,범일1동 제2공영,공영,노외,부산광역시 동구 범곡서로 21,부산광역시 동구 범일동 1424-7,19,4,미시행,평일+토요일+공휴일,00:00,23:59,00:00,23:59,00:00,23:59,유료,10,100,10,100,24,2400,30000,현금+카드결제 등,,부산광역시 동구청,051-440-4742,35.14051494,129.0516079,N,2026-04-16,3270000,부산광역시 동구
132-1-000001,조방로10번길 제1노상,공영,노상,부산광역시 동구 자성로133번길 15,부산광역시 동구 범일동 830-30,17,1,미시행,평일+토요일+공휴일,08:00,21:00,08:00,21:00,08:00,18:00,유료,10,500,10,500,,,,현금+카드결제 등,,부산광역시 동구청,051-440-4742,35.13827371,129.0640755,Y,2026-04-16,3270000,부산광역시 동구
132-1-000012,중앙대로399번길 제1노상,공영,노상,부산광역시 동구 중앙대로 401,부산광역시 동구 좌천동 682-1,8,2,미시행,평일+토요일+공휴일,08:00,21:00,08:00,21:00,08:00,18:00,유료,10,300,10,300,13,8000,90000,현금+카드결제 등,,부산광역시 동구청,051-440-4742,35.13086132,129.0505627,N,2026-04-16,3270000,부산광역시 동구
132-2-000014,수정산,공영,노외,부산광역시 동구 수정공원로 89,부산광역시 동구 수정동 600-3,97,4,미시행,평일+토요일+공휴일,00:00,23:59,00:00,23:59,00:00,23:59,유료,10,100,10,100,24,2400,52000,현금,,부산광역시 동구청,051-440-4742,35.13294221,129.0404701,Y,2026-04-16,3270000,부산광역시 동구
132-2-000015,고관로 제2공영,공영,노외,부산광역시 동구 성남로 61-2,부산광역시 동구 좌천동 68-595,74,2,미시행,평일+토요일+공휴일,00:00,23:59,00:00,23:59,00:00,23:59,유료,10,300,10,300,24,8000,160000,현금+카드결제 등,,부산광역시 동구청,051-440-4742,35.13130178,129.0558391,Y,2026-04-16,3270000,부산광역시 동구
132-2-000016,고관로 제1공영,공영,노외,부산광역시 동구 성남로 69,부산광역시 동구 좌천동 68-569,21,2,미시행,평일+토요일+공휴일,00:00,23:59,00:00,23:59,00:00,23:59,유료,10,300,10,300,24,8000,160000,현금+카드결제 등,,부산광역시 동구청,051-440-4742,35.13134533,129.0564589,Y,2026-04-16,3270000,부산광역시 동구
132-1-000016,스카이웨이,공영,노상,부산광역시 동구 망양로579번길 7-8,부산광역시 동구 초량동 827-248,55,4,미시행,평일+토요일+공휴일,08:00,21:00,08:00,21:00,08:00,18:00,유료,10,100,10,100,13,2400,30000,현금+카드결제 등,,부산광역시 동구청,051-440-4742,35.12239082,129.0332091,Y,2026-04-16,3270000,부산광역시 동구
132-1-000017,부산진성공원로 제1노상,공영,노상,부산광역시 동구 부산진성공원로 23,부산광역시 동구 범일동 830-29,5,1,미시행,평일+토요일+공휴일,08:00,21:00,08:00,21:00,08:00,18:00,유료,10,500,10,500,,,,현금,,부산광역시 동구청,051-440-4742,35.13771728,129.0624598,N,2026-04-16,3270000,부산광역시 동구
132-1-000006,중앙대로332번길 제2공영,공영,노상,부산광역시 동구 중앙대로332번길 9,부산광역시 동구 초량동 1150-7,9,1,미시행,평일+토요일+공휴일,08:00,21:00,08:00,21:00,08:00,18:00,유료,10,500,10,500,,,,현금+카드결제 등,,부산광역시 동구청,051-440-4742,35.12553427,129.0466866,N,2026-04-16,3270000,부산광역시 동구
132-1-000007,중앙대로236번길 제3노상,공영,노상,부산광역시 동구 중앙대로236번길 7-12,부산광역시 동구 초량동 1195-2,12,1,미시행,평일+토요일+공휴일,08:00,21:00,08:00,21:00,08:00,18:00,유료,10,500,10,500,,,,현금+카드결제 등,,부산광역시 동구청,051-440-4742,35.11845666,129.0429384,N,2026-04-16,3270000,부산광역시 동구
132-2-000026,범일1동 제4공영,공영,노외,부산광역시 동구 범내남로26번길 16,부산광역시 동구 범일동 1438-216,49,4,미시행,평일+토요일+공휴일,00:00,23:59,00:00,23:59,00:00,23:59,유료,10,100,10,100,24,2400,52000,현금+카드결제 등,,부산광역시 동구청,051-440-4742,35.1416543,129.050623,Y,2026-04-16,3270000,부산광역시 동구
132-1-000033,중앙대로260번길제2노상,공영,노상,부산광역시 동구 중앙대로260번길 11,부산광역시 동구 초량동 1167,22,1,미시행,평일+토요일+공휴일,08:00,21:00,08:00,21:00,08:00,18:00,유료,10,500,10,500,,,,현금+카드결제 등,,부산광역시 동구청,051-440-4742,35.12032104,129.0441278,Y,2026-04-16,3270000,부산광역시 동구
132-2-000023,부산진역,공영,노외,부산광역시 동구 중앙대로 380,부산광역시 동구 좌천동 1164-2,38,2,5부제,평일+토요일+공휴일,00:00,23:59,00:00,23:59,00:00,23:59,유료,10,300,10,300,24,8000,160000,현금+카드결제 등,,부산광역시 동구청,051-440-4742,35.12845648,129.0490542,Y,2026-04-16,3270000,부산광역시 동구
132-2-000024,초량2동 제2공영,공영,노외,부산광역시 동구 망양로 488,부산광역시 동구 초량동 865-148,34,4,미시행,평일+토요일+공휴일,00:00,23:59,00:00,23:59,00:00,23:59,유료,10,100,10,100,24,2400,52000,현금+카드결제 등,,부산광역시 동구청,051-440-4742,35.11767417,129.0332089,Y,2026-04-16,3270000,부산광역시 동구
132-2-000025,수정2동 제3공영,공영,노외,부산광역시 동구 구청로 8,부산광역시 동구 수정동 822,72,2,미시행,평일+토요일+공휴일,00:00,23:59,00:00,23:59,00:00,23:59,유료,10,300,10,300,24,8000,52000,현금+카드결제 등,,부산광역시 동구청,051-440-4742,35.12895295,129.0446742,Y,2026-04-16,3270000,부산광역시 동구
132-1-000004,구봉로 제1노상,공영,노상,부산광역시 동구 구봉로 19,부산광역시 동구 초량동 1118-1,36,4,미시행,평일+토요일+공휴일,08:00,21:00,08:00,21:00,08:00,18:00,유료,10,100,10,100,13,2400,30000,현금+카드결제 등,,부산광역시 동구청,051-440-4742,35.12220161,129.0378198,Y,2026-04-16,3270000,부산광역시 동구
132-1-000005,수정공원상로 제1노상,공영,노상,부산광역시 동구 수정공원상로20번길 7,부산광역시 동구 수정동 1178-43,20,4,미시행,평일+토요일+공휴일,00:00,23:00,00:00,23:00,00:00,23:00,무료,10,0,10,0,,,,,,부산광역시 동구청,051-440-4742,35.1284546,129.0389585,Y,2026-04-16,3270000,부산광역시 동구
132-2-000001,가구거리,공영,노외,부산광역시 동구 중앙대로 471-10,부산광역시 동구 범일동 183,63,2,미시행,평일+토요일+공휴일,00:00,23:59,00:00,23:59,00:00,23:59,유료,10,300,10,300,24,8000,90000,현금+카드결제 등,,부산광역시 동구청,051-440-4742,35.13613716,129.0553244,Y,2026-04-16,3270000,부산광역시 동구
132-1-000027,범일로90번길 노상,공영,노상,부산광역시 동구 조방로 15,부산광역시 동구 범일동 830-63,16,1,미시행,평일+토요일+공휴일,08:00,18:00,08:00,18:00,08:00,18:00,유료,10,500,10,500,,,,현금+카드결제 등,,부산광역시 동구청,051-440-4742,35.13822332,129.0622617,Y,2026-04-16,3270000,부산광역시 동구
132-1-000028,부산고등학교입구,공영,노상,부산광역시 동구 초량로 36,부산광역시 동구 초량동 667-8,16,2,미시행,평일+토요일+공휴일,08:00,21:00,08:00,21:00,08:00,18:00,유료,10,300,10,300,13,8000,90000,현금+카드결제 등,,부산광역시 동구청,051-440-4742,35.1205107,129.0387329,N,2026-04-16,3270000,부산광역시 동구
132-1-000029,부산진성공원로 제2노상,공영,노상,부산광역시 동구 부산진성공원로 23,부산광역시 동구 범일동 830-29,9,1,미시행,평일+토요일+공휴일,08:00,21:00,08:00,21:00,08:00,18:00,유료,10,500,10,500,,,,현금+카드결제 등,,부산광역시 동구청,051-440-4742,35.13771686,129.0624578,N,2026-04-16,3270000,부산광역시 동구
132-1-000030,조방로10번길 제2노상,공영,노상,부산광역시 동구 자성로133번길 16,부산광역시 동구 범일동 830-31,48,1,미시행,평일+토요일+공휴일,00:00,23:59,00:00,23:59,00:00,23:59,유료,10,500,10,500,,,,현금+카드결제 등,,부산광역시 동구청,051-440-4742,35.13884638,129.065224,Y,2026-04-16,3270000,부산광역시 동구
132-1-000031,중앙대로196번길 노상,공영,노상,부산광역시 동구 중앙대로196번길 12-3,부산광역시 동구 초량동 1203-2,14,1,미시행,평일+토요일+공휴일,08:00,21:00,08:00,21:00,08:00,18:00,유료,10,500,10,500,,,,현금+카드결제 등,,부산광역시 동구청,051-440-4742,35.1139274,129.0407124,N,2026-04-16,3270000,부산광역시 동구
132-1-000032,성남로 제2노상,공영,노상,부산광역시 동구 충장대로 351,부산광역시 동구 좌천동 1116-1,25,2,미시행,평일+토요일+공휴일,08:00,21:00,08:00,21:00,08:00,18:00,유료,10,300,10,300,13,8000,90000,현금+카드결제 등,,부산광역시 동구청,051-440-4742,35.12948701,129.056747,Y,2026-04-16,3270000,부산광역시 동구
132-1-000008,자성로140번길 제1노상,공영,노상,부산광역시 동구 자성로 134,부산광역시 동구 범일동 825-3,30,2,미시행,평일+토요일+공휴일,08:00,21:00,08:00,21:00,08:00,18:00,유료,10,300,10,300,13,8000,90000,현금+카드결제 등,,부산광역시 동구청,051-440-4742,35.1366352,129.065039,Y,2026-04-16,3270000,부산광역시 동구
136-1-000024,제1주거지전용주차장,공영,노상,부산광역시 남구 유엔평화로9번길 53,부산광역시 남구 대연동 1728-3,12,4,미시행,평일+토요일+공휴일,00:00,23:59,00:00,23:59,00:00,23:59,유료,0,40000,,,,,40000,고지서+카드결제+자동이체,,대연1동 주민자치위원회,051-607-6604,35.13441511,129.0949226,N,2026-04-15,3310000,부산광역시 남구
136-2-002001,솔밭주거지전용주차장,공영,노외,,부산광역시 남구 대연동 1002-1,4,4,미시행,평일+토요일+공휴일,00:00,23:59,00:00,23:59,00:00,23:59,유료,0,40000,,,,,40000,고지서+카드결제+자동이체,,대연1동 주민자치위원회,051-607-6604,35.13250888,129.0899247,N,2026-04-15,3310000,부산광역시 남구
132-1-000003,자성로 제1노상,공영,노상,부산광역시 동구 자성로 115,부산광역시 동구 범일동 829-16,13,1,미시행,평일+토요일+공휴일,08:00,21:00,08:00,21:00,08:00,18:00,유료,10,500,10,500,,,,현금+카드결제 등,,부산광역시 동구청,051-440-4742,35.13676626,129.0630589,N,2026-04-16,3270000,부산광역시 동구
132-2-000018,좌천동 제1공영,공영,노외,부산광역시 동구 증산로65번길 7,부산광역시 동구 좌천동 808-12,51,4,미시행,평일+토요일+공휴일,00:00,23:59,00:00,23:59,00:00,23:59,유료,10,100,10,100,24,2400,52000,현금+카드결제 등,,부산광역시 동구청,051-440-4742,35.13327668,129.0505487,Y,2026-04-16,3270000,부산광역시 동구
132-2-000019,좌천동 제2공영,공영,노외,부산광역시 동구 증산로8번길 9,부산광역시 동구 좌천동 952-2,49,4,미시행,평일+토요일+공휴일,00:00,23:59,00:00,23:59,00:00,23:59,유료,10,100,10,100,24,2400,52000,현금+카드결제 등,,부산광역시 동구청,051-440-4742,35.13472964,129.0464824,Y,2026-04-16,3270000,부산광역시 동구
132-1-000022,중앙대로260번길 제1노상,공영,노상,부산광역시 동구 중앙대로260번길 3-2,부산광역시 동구 초량동 1168-13,16,1,미시행,평일+토요일+공휴일,08:00,21:00,08:00,21:00,08:00,18:00,유료,10,500,10,500,,,,현금+카드결제 등,,부산광역시 동구청,051-440-4742,35.11991224,129.0431941,N,2026-04-16,3270000,부산광역시 동구
132-2-000020,차이나타운,공영,노외,부산광역시 동구 중앙대로195번길 23,부산광역시 동구 초량동 545-7,62,1,미시행,평일+토요일+공휴일,00:00,23:59,00:00,23:59,00:00,23:59,유료,10,500,10,500,24,15000,240000,현금+카드결제 등,,부산광역시 동구청,051-440-4742,35.1152382,129.0379841,Y,2026-04-16,3270000,부산광역시 동구
132-2-000021,초량2동,공영,노외,부산광역시 동구 영초길247번가길 9-6,부산광역시 동구 초량동 865,46,4,미시행,평일+토요일+공휴일,00:00,23:59,00:00,23:59,00:00,23:59,유료,10,100,10,100,24,2400,52000,현금+카드결제 등,,부산광역시 동구청,051-440-4742,35.11859783,129.0336895,Y,2026-04-16,3270000,부산광역시 동구
132-2-000022,초량6동,공영,노외,부산광역시 동구 고관로141번길 18-4,부산광역시 동구 좌천동 689-94,47,4,미시행,평일+토요일+공휴일,00:00,23:59,00:00,23:59,00:00,23:59,유료,10,100,10,100,24,2400,52000,현금+카드결제 등,,부산광역시 동구청,051-440-4742,35.13134562,129.0485696,Y,2026-04-16,3270000,부산광역시 동구
132-1-000023,조방로16번길 제2노상,공영,노상,부산광역시 동구 조방로 48,부산광역시 동구 범일동 830-24,22,1,미시행,평일+토요일+공휴일,08:00,21:00,08:00,21:00,08:00,18:00,유료,10,500,10,500,,,,현금+카드결제 등,,부산광역시 동구청,051-440-4742,35.1409748,129.0610412,Y,2026-04-16,3270000,부산광역시 동구
132-1-000024,조방로34번길 제2노상,공영,노상,부산광역시 동구 조방로 48,부산광역시 동구 범일동 830-24,17,1,미시행,평일+토요일+공휴일,08:00,21:00,08:00,21:00,08:00,18:00,유료,10,500,10,500,,,,현금+카드결제 등,,부산광역시 동구청,051-440-4742,35.1409748,129.0610412,Y,2026-04-16,3270000,부산광역시 동구
132-1-000025,행복예식장옆,공영,노상,부산광역시 동구 조방로 48,부산광역시 동구 범일동 830-24,10,1,미시행,평일+토요일+공휴일,08:00,21:00,08:00,21:00,08:00,18:00,유료,10,500,10,500,,,,현금+카드결제 등,,부산광역시 동구청,051-440-4742,35.1409748,129.0610412,N,2026-04-16,3270000,부산광역시 동구
132-1-000014,성남로49번길 제1노상,공영,노상,부산광역시 동구 성남로47번길 28-12,부산광역시 동구 좌천동 68-1,30,2,미시행,평일+토요일+공휴일,08:00,21:00,08:00,21:00,08:00,18:00,유료,10,300,10,300,13,8000,90000,현금+카드결제 등,,부산광역시 동구청,051-440-4742,35.1301641,129.0529936,Y,2026-04-16,3270000,부산광역시 동구
132-2-000009,수정1동,공영,노외,부산광역시 동구 홍곡남로 15,부산광역시 동구 수정동 1043-60,53,4,미시행,평일+토요일+공휴일,00:00,23:59,00:00,23:59,00:00,23:59,유료,10,100,10,100,24,2400,52000,현금,,부산광역시 동구청,051-440-4742,35.12482562,129.0389031,Y,2026-04-16,3270000,부산광역시 동구
132-2-000010,수정2동,공영,노외,부산광역시 동구 수정공원로 41,부산광역시 동구 수정동 771-210,28,4,미시행,평일+토요일+공휴일,00:00,23:59,00:00,23:59,00:00,23:59,유료,10,100,10,100,24,2400,52000,현금+카드결제 등,,부산광역시 동구청,051-440-4742,35.1305959,129.0391654,N,2026-04-16,3270000,부산광역시 동구
132-2-000011,수정2동 제2공영,공영,노외,부산광역시 동구 수정로 54-1,부산광역시 동구 수정동 785-8,40,4,미시행,평일+토요일+공휴일,00:00,23:59,00:00,23:59,00:00,23:59,유료,10,100,10,100,24,2400,52000,현금+카드결제 등,,부산광역시 동구청,051-440-4742,35.13014573,129.0419229,Y,2026-04-16,3270000,부산광역시 동구
132-2-000012,수정4동,공영,노외,부산광역시 동구 망양로694번길 7-1,부산광역시 동구 수정동 968-11,38,4,미시행,평일+토요일+공휴일,00:00,23:59,00:00,23:59,00:00,23:59,유료,10,100,10,100,24,2400,52000,현금+카드결제 등,,부산광역시 동구청,051-440-4742,35.1273455,129.0416731,Y,2026-04-16,3270000,부산광역시 동구
132-2-000013,수정5동,공영,노외,부산광역시 동구 수정공원북로 7,부산광역시 동구 수정동 410-111,49,4,미시행,평일+토요일+공휴일,00:00,23:59,00:00,23:59,00:00,23:59,유료,10,100,10,100,24,2400,52000,현금+카드결제 등,,부산광역시 동구청,051-440-4742,35.13711518,129.0456733,Y,2026-04-16,3270000,부산광역시 동구
132-1-000015,중앙대로296번길 제1노상,공영,노상,부산광역시 동구 중앙대로296번길 7-3,부산광역시 동구 초량동 1159-1,9,1,미시행,평일+토요일+공휴일,08:00,21:00,08:00,21:00,08:00,18:00,유료,10,500,10,500,,,,현금+카드결제 등,,부산광역시 동구청,051-440-4742,35.12320136,129.0450086,N,2026-04-16,3270000,부산광역시 동구
132-1-000002,조방로16번길 제1노상,공영,노상,부산광역시 동구 조방로 39-7,부산광역시 동구 범일동 830-303,17,1,미시행,평일+토요일+공휴일,08:00,21:00,08:00,21:00,08:00,18:00,유료,10,500,10,500,,,,현금+카드결제 등,,부산광역시 동구청,051-440-4742,35.13956561,129.0610276,N,2026-04-16,3270000,부산광역시 동구
132-1-000020,중앙대로248번길 제3노상,공영,노상,부산광역시 동구 중앙대로248번길 7-6,부산광역시 동구 초량동 1188-1,20,1,미시행,평일+토요일+공휴일,08:00,21:00,08:00,21:00,08:00,18:00,유료,10,500,10,500,,,,현금+카드결제 등,,부산광역시 동구청,051-440-4742,35.11900702,129.0434347,Y,2026-04-16,3270000,부산광역시 동구
132-2-000017,성남로 제1노외,공영,노외,부산광역시 동구 성남로 35-1,부산광역시 동구 좌천동 1119,29,2,미시행,평일+토요일+공휴일,00:00,23:59,00:00,23:59,00:00,23:59,유료,10,300,10,300,24,8000,160000,현금+카드결제 등,,부산광역시 동구청,051-440-4742,35.12974704,129.0544179,Y,2026-04-16,3270000,부산광역시 동구
132-1-000021,중앙대로332번길 제3노상,공영,노상,부산광역시 동구 중앙대로332번길 7-12,부산광역시 동구 초량동 1150-1,22,1,미시행,평일+토요일+공휴일,08:00,21:00,08:00,21:00,08:00,18:00,유료,10,500,10,500,,,,현금+카드결제 등,,부산광역시 동구청,051-440-4742,35.12613367,129.0470526,Y,2026-04-16,3270000,부산광역시 동구
136-2-001438,대연1동 공영주차장,공영,노외,,부산광역시 남구 대연동 1750-7,10,4,미시행,평일+토요일+공휴일,00:00,23:59,00:00,23:59,00:00,23:59,유료,0,40000,,,,,40000,고지서+카드결제+자동이체,,대연1동 주민자치위원회,051-607-6604,35.1341998,129.0898621,N,2026-04-15,3310000,부산광역시 남구
136-1-000001,유엔평화로 9번길(항도빌라 주변),공영,노상,부산광역시 남구 유엔평화로9번길 42,부산광역시 남구 대연동 1731-1,11,4,미시행,평일+토요일+공휴일,00:00,23:59,00:00,23:59,00:00,23:59,유료,0,40000,,,,,40000,고지서+카드결제+자동이체,,대연1동 주민자치위원회,051-607-6604,35.13403725,129.094297,N,2026-04-15,3310000,부산광역시 남구
131-2-000001,충무동새벽시장공영,공영,노외,,부산광역시 서구 남부민동 685-1,68,2,요일제,평일+토요일+공휴일,00:00,23:59,00:00,23:59,00:00,23:59,유료,10,300,10,300,24,,,현금+신용카드,"장애인, 친환경, 경차, 다자녀, 임산부, 국가유공자 등 감면",부산광역시 서구청,051-240-4555,35.092783,129.0249253,,2026-04-21,3260000,부산광역시 서구
131-2-000002,송도공영,공영,노외,,부산광역시 서구 암남동 579,49,2,요일제,평일+토요일+공휴일,00:00,23:59,00:00,23:59,00:00,23:59,유료,10,300,10,300,24,,,현금+신용카드,"장애인, 친환경, 경차, 다자녀, 임산부, 국가유공자 등 감면",부산광역시 서구청,051-240-4512,35.07374199,129.0157119,,2026-04-21,3260000,부산광역시 서구
131-2-000003,망양공영,공영,노외,,부산광역시 서구 동대신동1가 11-15,101,4,요일제,평일+토요일+공휴일,00:00,23:59,00:00,23:59,00:00,23:59,유료,10,100,10,100,24,,,현금+신용카드,"장애인, 친환경, 경차, 다자녀, 임산부, 국가유공자 등 감면",부산광역시 서구청,051-240-4512,35.11160047,129.0251193,,2026-04-21,3260000,부산광역시 서구
131-2-000004,북산리공영,공영,노외,,부산광역시 서구 동대신동2가 79-39,99,4,요일제,평일+토요일+공휴일,00:00,23:59,00:00,23:59,00:00,23:59,유료,10,100,10,100,24,,,현금+신용카드,"장애인, 친환경, 경차, 다자녀, 임산부, 국가유공자 등 감면",부산광역시 서구청,051-240-4512,35.11450349,129.0241822,,2026-04-21,3260000,부산광역시 서구
131-2-000005,고운들공영,공영,노외,,부산광역시 서구 서대신동2가 509-233,81,4,요일제,평일+토요일+공휴일,00:00,23:59,00:00,23:59,00:00,23:59,유료,10,100,10,100,24,,,현금+신용카드,"장애인, 친환경, 경차, 다자녀, 임산부, 국가유공자 등 감면",부산광역시 서구청,051-240-4512,35.10674959,129.0125065,,2026-04-21,3260000,부산광역시 서구
131-2-000006,구덕꽃마을공영,공영,노외,,부산광역시 서구 서대신동3가 산 10-1,124,4,요일제,평일+토요일+공휴일,00:00,23:59,00:00,23:59,00:00,23:59,유료,10,100,10,100,24,,,현금+신용카드,"장애인, 친환경, 경차, 다자녀, 임산부, 국가유공자 등 감면",부산광역시 서구청,051-240-4512,35.12709753,129.0077639,,2026-04-21,3260000,부산광역시 서구
131-2-000008,아미까치공영,공영,노외,,부산광역시 서구 아미동2가 249-1,65,4,요일제,평일+토요일+공휴일,00:00,23:59,00:00,23:59,00:00,23:59,유료,10,100,10,100,24,,,현금+신용카드,"장애인, 친환경, 경차, 다자녀, 임산부, 국가유공자 등 감면",부산광역시 서구청,051-240-4512,35.10443625,129.0094865,,2026-04-21,3260000,부산광역시 서구
131-2-000009,아미골공영,공영,노외,,부산광역시 서구 아미동2가 212-8,62,4,요일제,평일+토요일+공휴일,00:00,23:59,00:00,23:59,00:00,23:59,유료,10,100,10,100,24,,,현금+신용카드,"장애인, 친환경, 경차, 다자녀, 임산부, 국가유공자 등 감면",부산광역시 서구청,051-240-4512,35.09916475,129.0136227,,2026-04-21,3260000,부산광역시 서구
131-2-000010,아미초등학교지하공영,공영,노외,,부산광역시 서구 아미동2가 89,75,4,요일제,평일+토요일+공휴일,00:00,23:59,00:00,23:59,00:00,23:59,유료,10,100,10,100,24,,,현금+신용카드,"장애인, 친환경, 경차, 다자녀, 임산부, 국가유공자 등 감면",부산광역시 서구청,051-240-4512,35.09877555,129.0155897,,2026-04-21,3260000,부산광역시 서구
131-2-000011,해돋이공영,공영,노외,,부산광역시 서구 남부민동 50-13,101,4,요일제,평일+토요일+공휴일,00:00,23:59,00:00,23:59,00:00,23:59,유료,10,100,10,100,24,,,현금+신용카드,"장애인, 친환경, 경차, 다자녀, 임산부, 국가유공자 등 감면",부산광역시 서구청,051-240-4555,35.091305,129.0211395,,2026-04-21,3260000,부산광역시 서구
131-2-000012,부민동공영,공영,노외,,부산광역시 서구 부민동3가 56,56,4,요일제,평일+토요일+공휴일,00:00,23:59,00:00,23:59,00:00,23:59,유료,10,100,10,100,24,,,현금+신용카드,"장애인, 친환경, 경차, 다자녀, 임산부, 국가유공자 등 감면",부산광역시 서구청,051-240-4512,35.10249017,129.0167617,,2026-04-21,3260000,부산광역시 서구
131-2-000013,부민동제2공영,공영,노외,,부산광역시 서구 부민동3가 36-1,30,4,요일제,평일+토요일+공휴일,00:00,23:59,00:00,23:59,00:00,23:59,유료,10,100,10,100,24,,,현금+신용카드,"장애인, 친환경, 경차, 다자녀, 임산부, 국가유공자 등 감면",부산광역시 서구청,051-240-4512,35.10334257,129.0177433,,2026-04-21,3260000,부산광역시 서구
131-2-000014,남부민2동공영,공영,노외,,부산광역시 서구 남부민동 595-2,149,4,요일제,평일+토요일+공휴일,00:00,23:59,00:00,23:59,00:00,23:59,유료,10,100,10,100,24,,,현금+신용카드,"장애인, 친환경, 경차, 다자녀, 임산부, 국가유공자 등 감면",부산광역시 서구청,051-240-4555,35.08369899,129.0211272,,2026-04-21,3260000,부산광역시 서구
131-2-000015,충무동골목시장공영,공영,노외,,부산광역시 서구 충무동1가 37-1,12,2,요일제,평일+토요일+공휴일,00:00,23:59,00:00,23:59,00:00,23:59,유료,10,300,10,300,24,,,현금+신용카드,"장애인, 친환경, 경차, 다자녀, 임산부, 국가유공자 등 감면",부산광역시 서구청,051-240-4512,35.09439676,129.0238831,,2026-04-21,3260000,부산광역시 서구
131-2-000016,암남공원공영,공영,노외,,부산광역시 서구 암남동 620-4,320,4,요일제,평일+토요일+공휴일,00:00,23:59,00:00,23:59,00:00,23:59,유료,10,300,10,300,24,,,현금+신용카드,"장애인, 친환경, 경차, 다자녀, 임산부, 국가유공자 등 감면",부산광역시 서구청,051-240-4512,35.06379407,129.0205153,,2026-04-21,3260000,부산광역시 서구
131-2-000017,천해로공영,공영,노외,,부산광역시 서구 남부민동 434-227,54,4,요일제,평일+토요일+공휴일,00:00,23:59,00:00,23:59,00:00,23:59,유료,10,100,10,100,24,,,현금+신용카드,"장애인, 친환경, 경차, 다자녀, 임산부, 국가유공자 등 감면",부산광역시 서구청,051-240-4555,35.08407811,129.0161998,,2026-04-21,3260000,부산광역시 서구
131-2-000019,시약로공영,공영,노외,,부산광역시 서구 서대신동3가 92,20,4,요일제,평일+토요일+공휴일,00:00,23:59,00:00,23:59,00:00,23:59,유료,10,100,10,100,24,,,현금+신용카드,"장애인, 친환경, 경차, 다자녀, 임산부, 국가유공자 등 감면",부산광역시 서구청,051-240-4512,35.11864534,129.0135839,,2026-04-21,3260000,부산광역시 서구
131-2-000020,등대시장공영,공영,노외,,부산광역시 서구 남부민동 632-1,44,4,요일제,평일+토요일+공휴일,00:00,23:59,00:00,23:59,00:00,23:59,유료,10,100,10,100,24,,,현금+신용카드,"장애인, 친환경, 경차, 다자녀, 임산부, 국가유공자 등 감면",부산광역시 서구청,051-240-4512,35.08429018,129.0227413,,2026-04-21,3260000,부산광역시 서구
131-1-000011,남부민2동제3공영,공영,노상,,부산광역시 서구 남부민동 705,14,2,요일제,평일+토요일,07:00,20:00,07:00,20:00,00:00,00:00,유료,10,300,10,300,13,,,현금,"장애인, 친환경, 경차, 다자녀, 임산부, 국가유공자 등 감면",부산광역시 서구청,051-240-4555,35.08483806,129.025797,,2026-04-21,3260000,부산광역시 서구
131-1-000012,암남동제1공영,공영,노상,,부산광역시 서구 암남동 135-2,30,2,요일제,평일+토요일+공휴일,10:00,22:00,10:00,22:00,10:00,22:00,유료,10,300,10,300,12,,,현금+신용카드,"장애인, 친환경, 경차, 다자녀, 임산부, 국가유공자 등 감면",부산광역시 서구청,051-240-4555,35.076124,129.0227267,,2026-04-21,3260000,부산광역시 서구
131-1-000013,암남동제2공영,공영,노상,,부산광역시 서구 암남동 135-8,31,2,요일제,평일+토요일+공휴일,11:00,23:00,11:00,23:00,11:00,23:00,유료,10,300,10,300,12,,,현금+신용카드,"장애인, 친환경, 경차, 다자녀, 임산부, 국가유공자 등 감면",부산광역시 서구청,051-240-4555,35.07247828,129.0169719,,2026-04-21,3260000,부산광역시 서구
131-1-000014,암남동제7공영,공영,노상,,부산광역시 서구 암남동 537-4,28,2,요일제,평일+토요일+공휴일,11:00,23:00,11:00,23:00,11:00,23:00,유료,10,300,10,300,12,,,현금+신용카드,"장애인, 친환경, 경차, 다자녀, 임산부, 국가유공자 등 감면",부산광역시 서구청,051-240-4555,35.07549432,129.0161189,,2026-04-21,3260000,부산광역시 서구
131-1-000015,암남동제8공영,공영,노상,,부산광역시 서구 암남동 614-5,50,2,요일제,평일+토요일+공휴일,11:00,23:00,11:00,23:00,11:00,23:00,유료,10,300,10,300,12,,,현금+신용카드,"장애인, 친환경, 경차, 다자녀, 임산부, 국가유공자 등 감면",부산광역시 서구청,051-240-4555,35.07219403,129.0164542,,2026-04-21,3260000,부산광역시 서구
131-1-000016,암남동제10공영,공영,노상,,부산광역시 서구 암남동 95-13,46,2,요일제,평일+토요일,08:00,21:00,08:00,21:00,00:00,00:00,유료,10,300,10,300,13,,,현금+신용카드,"장애인, 친환경, 경차, 다자녀, 임산부, 국가유공자 등 감면",부산광역시 서구청,051-240-4555,35.08060134,129.0243117,,2026-04-21,3260000,부산광역시 서구
131-1-000017,남부민2동제1공영,공영,노상,,부산광역시 서구 남부민동 705,13,2,요일제,평일+토요일+공휴일,09:00,22:00,09:00,22:00,09:00,22:00,유료,10,300,10,300,13,,,현금,"장애인, 친환경, 경차, 다자녀, 임산부, 국가유공자 등 감면",부산광역시 서구청,051-240-4555,35.08483806,129.025797,,2026-04-21,3260000,부산광역시 서구
131-1-000018,동대1제4공영,공영,노상,,부산광역시 서구 동대신동1가 9-48,15,4,요일제,평일+토요일,09:00,22:00,09:00,22:00,00:00,00:00,유료,10,100,10,100,13,,,현금,"장애인, 친환경, 경차, 다자녀, 임산부, 국가유공자 등 감면",부산광역시 서구청,051-240-4555,35.11198516,129.024565,,2026-04-21,3260000,부산광역시 서구
131-1-000020,서대4제1공영,공영,노상,,부산광역시 서구 서대신동3가 산2-6,19,4,요일제,평일+토요일,07:00,20:00,07:00,20:00,00:00,00:00,유료,10,100,10,100,13,,,현금,"장애인, 친환경, 경차, 다자녀, 임산부, 국가유공자 등 감면",부산광역시 서구청,051-240-4555,35.12113658,129.015146,,2026-04-21,3260000,부산광역시 서구
131-1-000021,서대4제2공영,공영,노상,,부산광역시 서구 서대신동3가 147-45,12,4,요일제,평일+토요일,08:00,21:00,08:00,21:00,00:00,00:00,유료,10,100,10,100,13,,,현금,"장애인, 친환경, 경차, 다자녀, 임산부, 국가유공자 등 감면",부산광역시 서구청,051-240-4555,35.11811565,129.0119306,,2026-04-21,3260000,부산광역시 서구
131-1-000022,서대4제3공영,공영,노상,,부산광역시 서구 서대신동3가 7-5,22,4,요일제,평일+토요일+공휴일,08:00,21:00,08:00,21:00,08:00,21:00,유료,10,100,10,100,13,,,현금,"장애인, 친환경, 경차, 다자녀, 임산부, 국가유공자 등 감면",부산광역시 서구청,051-240-4555,35.12769905,129.0071508,,2026-04-21,3260000,부산광역시 서구
131-1-000023,초장동제1공영,공영,노상,,부산광역시 서구 초장동 128-28,36,4,요일제,평일+토요일,07:00,20:00,07:00,20:00,00:00,00:00,유료,10,100,10,100,13,,,현금,"장애인, 친환경, 경차, 다자녀, 임산부, 국가유공자 등 감면",부산광역시 서구청,051-240-4555,35.09296243,129.018806,,2026-04-21,3260000,부산광역시 서구
131-1-000025,등대로공영,공영,노상,,부산광역시 서구 암남동 123-37,49,4,요일제,평일+토요일+공휴일,08:00,21:00,08:00,21:00,08:00,21:00,유료,10,100,10,100,13,,,현금,"장애인, 친환경, 경차, 다자녀, 임산부, 국가유공자 등 감면",부산광역시 서구청,051-240-4555,35.08086932,129.0249644,,2026-04-21,3260000,부산광역시 서구
131-1-000043,충무동제7공영,공영,노상,,부산광역시 서구 충무동1가 43-1,8,2,요일제,평일+토요일+공휴일,08:00,21:00,08:00,21:00,08:00,21:00,유료,10,300,10,300,13,,,현금,"장애인, 친환경, 경차, 다자녀, 임산부, 국가유공자 등 감면",부산광역시 서구청,051-240-4555,35.09594124,129.0261031,,2026-04-21,3260000,부산광역시 서구
131-1-000044,암남동제5공영,공영,노상,,부산광역시 서구 암남동 123-50,33,2,요일제,평일+토요일+공휴일,10:00,22:00,10:00,22:00,10:00,22:00,유료,10,300,10,300,12,,,현금,"장애인, 친환경, 경차, 다자녀, 임산부, 국가유공자 등 감면",부산광역시 서구청,051-240-4555,35.07754461,129.0246254,,2026-04-21,3260000,부산광역시 서구
131-1-000045,서구 원양로제1공영,공영,노상,,부산광역시 서구 암남동 633-2,82,4,요일제,평일+토요일,07:00,20:00,07:00,20:00,00:00,00:00,유료,10,100,10,100,13,,,현금,"장애인, 친환경, 경차, 다자녀, 임산부, 국가유공자 등 감면",부산광역시 서구청,051-240-4555,35.07181961,129.0071921,,2026-04-21,3260000,부산광역시 서구
131-1-000046,서구 원양로제2공영,공영,노상,,부산광역시 서구 암남동 633-2,23,4,요일제,평일+토요일,07:00,20:00,07:00,20:00,00:00,00:00,유료,10,100,10,100,13,,,현금,"장애인, 친환경, 경차, 다자녀, 임산부, 국가유공자 등 감면",부산광역시 서구청,051-240-4555,35.07181961,129.0071921,,2026-04-21,3260000,부산광역시 서구
131-1-000047,남항체육공원,공영,노상,,부산광역시 서구 남부민동 523-28,52,4,요일제,평일+토요일+공휴일,08:00,21:00,08:00,21:00,08:00,21:00,유료,10,100,10,100,13,,,현금,"장애인, 친환경, 경차, 다자녀, 임산부, 국가유공자 등 감면",부산광역시 서구청,051-240-4513,35.08537635,129.0264553,,2026-04-21,3260000,부산광역시 서구
131-1-000001,동대2제1공영,공영,노상,,부산광역시 서구 동대신동2가 452-4,11,2,요일제,평일+토요일,08:00,21:00,08:00,21:00,00:00,00:00,유료,10,300,10,300,13,,,현금,"장애인, 친환경, 경차, 다자녀, 임산부, 국가유공자 등 감면",부산광역시 서구청,051-240-4555,35.11168679,129.020888,,2026-04-21,3260000,부산광역시 서구
131-1-000005,부민동제4공영,공영,노상,,부산광역시 서구 부용동1가 66-1,15,2,요일제,평일+토요일+공휴일,08:00,21:00,08:00,21:00,08:00,21:00,유료,10,300,10,300,13,,,현금,"장애인, 친환경, 경차, 다자녀, 임산부, 국가유공자 등 감면",부산광역시 서구청,051-240-4555,35.10541463,129.0210272,,2026-04-21,3260000,부산광역시 서구
131-1-000006,아미제2공영,공영,노상,,부산광역시 서구 아미동1가 1,11,2,요일제,평일+토요일,08:00,21:00,08:00,21:00,00:00,00:00,유료,10,300,10,300,13,,,현금,"장애인, 친환경, 경차, 다자녀, 임산부, 국가유공자 등 감면",부산광역시 서구청,051-240-4555,35.10142254,129.0187487,,2026-04-21,3260000,부산광역시 서구
131-1-000007,충무동제2공영,공영,노상,,부산광역시 서구 토성동3가 32,12,2,요일제,평일+토요일,08:00,21:00,08:00,21:00,00:00,00:00,유료,10,300,10,300,13,,,현금,"장애인, 친환경, 경차, 다자녀, 임산부, 국가유공자 등 감면",부산광역시 서구청,051-240-4555,35.10070591,129.0197881,,2026-04-21,3260000,부산광역시 서구
131-1-000008,충무동제5공영,공영,노상,,부산광역시 서구 토성동1가 8-1,13,2,요일제,평일+토요일,08:00,21:00,08:00,21:00,00:00,00:00,유료,10,300,10,300,13,,,현금,"장애인, 친환경, 경차, 다자녀, 임산부, 국가유공자 등 감면",부산광역시 서구청,051-240-4555,35.09999115,129.0239548,,2026-04-21,3260000,부산광역시 서구
131-1-000009,남부민1동제1공영,공영,노상,,부산광역시 서구 남부민동 695-2,14,2,요일제,평일+토요일,06:00,18:00,06:00,18:00,00:00,00:00,유료,10,300,10,300,12,,,현금,"장애인, 친환경, 경차, 다자녀, 임산부, 국가유공자 등 감면",부산광역시 서구청,051-240-4555,35.09097518,129.0250696,,2026-04-21,3260000,부산광역시 서구
131-1-000010,남부민2동제2공영,공영,노상,,부산광역시 서구 남부민동 692-2,11,2,요일제,평일+토요일,06:00,18:00,06:00,18:00,00:00,00:00,유료,10,300,10,300,12,,,현금,"장애인, 친환경, 경차, 다자녀, 임산부, 국가유공자 등 감면",부산광역시 서구청,051-240-4555,35.08663694,129.0256069,,2026-04-21,3260000,부산광역시 서구
132-1-000018,중앙대로236번길 제4노상,공영,노상,부산광역시 동구 중앙대로226번길 13-7,부산광역시 동구 초량동 1196-4,14,1,미시행,평일+토요일+공휴일,08:00,21:00,08:00,21:00,08:00,18:00,유료,10,500,10,500,,,,현금+카드결제 등,,부산광역시 동구청,051-440-4742,35.11725625,129.0425136,N,2026-04-16,3270000,부산광역시 동구
132-1-000019,자유시장뒤,공영,노상,부산광역시 동구 조방로 48,부산광역시 동구 범일동 830-24,31,1,미시행,평일+토요일+공휴일,08:00,20:00,08:00,20:00,10:00,19:00,유료,10,500,10,500,,,,현금+카드결제 등,,부산광역시 동구청,051-440-4742,35.1409748,129.0610412,Y,2026-04-16,3270000,부산광역시 동구
140-2-000028,오륜동공영주차장,공영,노외,부산광역시 금정구 범어사로 307,부산광역시 금정구 청룡동 439-1,47,기타,요일제,평일+토요일+공휴일,00:00,23:59,00:00,23:59,00:00,23:59,무료,0,0,0,0,0,0,0,,,부산광역시 금정구청,051-519-4515,35.2798638,129.0742432,Y,2026-04-16,3350000,부산광역시 금정구
140-2-000006,구서1동공영주차장,공영,노외,부산광역시 금정구 금강로 446번길 20,부산광역시 금정구 구서동 87-50,43,3,요일제,평일+토요일+공휴일,00:00,23:59,00:00,23:59,00:00,23:59,유료,10,200,10,200,240,4700,90000,현금,50할인(경차+장애인차량),부산광역시 금정구청,051-519-4515,35.247916,129.0893642,Y,2026-04-16,3350000,부산광역시 금정구
140-1-000007,금샘로노상공영주차장,공영,노상,부산광역시 금정구 금샘로 553-1,부산광역시 금정구 남산동 970-1,169,4,요일제,평일+토요일,08:00,20:00,08:00,15:00,00:00,00:00,유료,10,100,10,100,240,2400,52000,현금,50할인(경차+장애인차량),부산광역시 금정구청,051-519-4515,35.27166663,129.084858,Y,2026-04-16,3350000,부산광역시 금정구
140-1-000008,온천천복개도로노상공영주차장,공영,노상,부산광역시 금정구 범어천로 62,부산광역시 금정구 남산동 18-2,88,3,요일제,평일+토요일,08:00,20:00,08:00,15:00,00:00,00:00,유료,10,200,10,200,240,4700,52000,현금,50할인(경차+장애인차량),부산광역시 금정구청,051-519-4515,35.2717971,129.0894366,N,2026-04-16,3350000,부산광역시 금정구
140-1-000009,금정농협앞노상공영주차장,공영,노상,부산광역시 금정구 금강로 717,부산광역시 금정구 남산동 320-19,11,3,요일제,평일+토요일,08:00,20:00,08:00,15:00,00:00,00:00,유료,10,200,10,200,240,4700,52000,현금,50할인(경차+장애인차량),부산광역시 금정구청,051-519-4515,35.2715838,129.0887885,N,2026-04-16,3350000,부산광역시 금정구
140-2-000010,구서동만남의광장공영주차장,공영,노외,부산광역시 금정구 중앙대로 1810,부산광역시 금정구 구서동 481-1,107,3,요일제,평일+토요일+공휴일,00:00,23:59,00:00,23:59,00:00,23:59,유료,10,200,10,200,240,4700,90000,현금,50할인(경차+장애인차량),부산광역시 금정구청,051-519-4515,35.24701759,129.094722,Y,2026-04-16,3350000,부산광역시 금정구
140-2-000011,두구동수내공영주차장,공영,노외,,부산광역시 금정구 두구동 314-64,38,기타,요일제,평일+토요일+공휴일,00:00,23:59,00:00,23:59,00:00,23:59,무료,0,0,0,0,0,0,0,,,부산광역시 금정구청,051-519-4515,35.2933789,129.1116203,N,2026-04-16,3350000,부산광역시 금정구
140-2-000012,범어사상마공영주차장,공영,노외,부산광역시 금정구 범어사로 307,부산광역시 금정구 청룡동 439-1,114,기타,요일제,평일+토요일+공휴일,00:00,23:59,00:00,23:59,00:00,23:59,무료,0,0,0,0,0,0,0,,,부산광역시 금정구청,051-519-4515,35.2798631,129.0742632,Y,2026-04-16,3350000,부산광역시 금정구
140-2-000013,서1동제1공영주차장,공영,노외,부산광역시 금정구 서동로 103번길 39,부산광역시 금정구 서동 161-26,22,4,요일제,평일+토요일+공휴일,00:00,23:59,00:00,23:59,00:00,23:59,유료,10,100,10,100,240,2400,52000,현금,50할인(경차+장애인차량),부산광역시 금정구청,051-519-4516,35.21810034,129.0992917,Y,2026-04-16,3350000,부산광역시 금정구
140-2-000014,서1동제2공영주차장,공영,노외,부산광역시 금정구 동현로 131,부산광역시 금정구 서동 510-35,85,4,요일제,평일+토요일+공휴일,00:00,23:59,00:00,23:59,00:00,23:59,유료,10,100,10,100,240,2400,52000,현금,50할인(경차+장애인차량),부산광역시 금정구청,051-519-4516,35.21829209,129.0970619,Y,2026-04-16,3350000,부산광역시 금정구
140-2-000015,서1동제3공영주차장,공영,노외,부산광역시 금정구 명서로 41,부산광역시 금정구 서동 302-1973,79,4,요일제,평일+토요일+공휴일,00:00,23:59,00:00,23:59,00:00,23:59,유료,10,100,10,100,240,2400,52000,현금,50할인(경차+장애인차량),부산광역시 금정구청,051-519-4516,35.2160512,129.0953033,Y,2026-04-16,3350000,부산광역시 금정구
140-2-000016,서1동제4공영주차장,공영,노외,부산광역시 금정구 서부로 109,부산광역시 금정구 부곡동 961,31,4,요일제,평일+토요일+공휴일,00:00,23:59,00:00,23:59,00:00,23:59,유료,10,100,10,100,240,2400,52000,현금,50할인(경차+장애인차량),부산광역시 금정구청,051-519-4516,35.21944676,129.0961752,Y,2026-04-16,3350000,부산광역시 금정구
140-2-000017,서2동공영주차장(기계식주차장),공영,노외,부산광역시 금정구 서동중심로 60-14,부산광역시 금정구 서동 200-3,106,3,요일제,평일+토요일+공휴일,00:00,23:59,00:00,23:59,00:00,23:59,유료,10,100,10,100,240,2400,52000,현금,50할인(경차+장애인차량),부산광역시 금정구청,051-519-4516,35.2138787,129.1038695,Y,2026-04-16,3350000,부산광역시 금정구
140-2-000018,서2동오차로공영주차장,공영,노외,부산광역시 금정구 명서로 45번길 74,부산광역시 금정구 서동 302-1049,29,4,요일제,평일+토요일+공휴일,00:00,23:59,00:00,23:59,00:00,23:59,유료,10,100,10,100,240,2400,52000,현금,50할인(경차+장애인차량),부산광역시 금정구청,051-519-4516,35.2149949,129.098963,Y,2026-04-16,3350000,부산광역시 금정구
140-2-000019,서3동제1공영주차장,공영,노외,부산광역시 금정구 서금로 42-1,부산광역시 금정구 서동 37-7,38,4,요일제,평일+토요일+공휴일,00:00,23:59,00:00,23:59,00:00,23:59,유료,10,100,10,100,240,2400,52000,현금,50할인(경차+장애인차량),부산광역시 금정구청,051-519-4516,35.2192505,129.1061743,Y,2026-04-16,3350000,부산광역시 금정구
140-2-000020,서3동제2공영주차장,공영,노외,부산광역시 금정구 서부로30번길 24,부산광역시 금정구 서동 410-3,26,3,요일제,평일+토요일+공휴일,00:00,23:59,00:00,23:59,00:00,23:59,유료,10,200,10,200,240,4700,90000,현금,50할인(경차+장애인차량),부산광역시 금정구청,051-519-4516,35.2175281,129.1034884,N,2026-04-16,3350000,부산광역시 금정구
140-2-000021,서3동제3공영주차장,공영,노외,부산광역시 금정구 서동로 103번길 92,부산광역시 금정구 서동 167-4,22,4,요일제,평일+토요일+공휴일,00:00,23:59,00:00,23:59,00:00,23:59,유료,10,100,10,100,240,2400,52000,현금,50할인(경차+장애인차량),부산광역시 금정구청,051-519-4516,35.2168088,129.1016901,Y,2026-04-16,3350000,부산광역시 금정구
140-2-000022,서3동제5공영주차장,공영,노외,부산광역시 금정구 서곡로20번길 9,부산광역시 금정구 서동 135-2,33,4,요일제,평일+토요일+공휴일,00:00,23:59,00:00,23:59,00:00,23:59,유료,10,100,10,100,240,2400,52000,현금,50할인(경차+장애인차량),부산광역시 금정구청,051-519-4516,35.21718268,129.1054011,Y,2026-04-16,3350000,부산광역시 금정구
140-2-000023,금사동제1공영주차장,공영,노외,부산광역시 금정구 서곡로 20번길 121,부산광역시 금정구 금사동 527-3,81,4,요일제,평일+토요일+공휴일,00:00,23:59,00:00,23:59,00:00,23:59,유료,10,100,10,100,240,2400,52000,현금,50할인(경차+장애인차량),부산광역시 금정구청,051-519-4516,35.2209451,129.1094916,Y,2026-04-16,3350000,부산광역시 금정구
140-2-000024,금사동제2공영주차장,공영,노외,,부산광역시 금정구 금사동 388-12,38,3,요일제,평일+토요일+공휴일,00:00,23:59,00:00,23:59,00:00,23:59,유료,10,200,10,200,240,4700,90000,현금,50할인(경차+장애인차량),부산광역시 금정구청,051-519-4516,35.22040586,129.1114731,N,2026-04-16,3350000,부산광역시 금정구
140-2-000025,부곡2동공영주차장,공영,노외,부산광역시 금정구 부곡로 132,부산광역시 금정구 부곡동 294-20,72,3,요일제,평일+토요일+공휴일,00:00,23:59,00:00,23:59,00:00,23:59,유료,10,200,10,200,240,4700,90000,현금,50할인(경차+장애인차량),부산광역시 금정구청,051-519-4516,35.22773109,129.0923915,Y,2026-04-16,3350000,부산광역시 금정구
140-2-000026,부곡4동공영주차장,공영,노외,부산광역시 금정구 서동로 55,부산광역시 금정구 부곡동 768-47,32,4,요일제,평일+토요일+공휴일,00:00,23:59,00:00,23:59,00:00,23:59,유료,10,100,10,100,240,2400,52000,현금,50할인(경차+장애인차량),부산광역시 금정구청,051-519-4516,35.21857591,129.0935978,Y,2026-04-16,3350000,부산광역시 금정구
140-2-000027,선동공영주차장,공영,노외,부산광역시 금정구 범어사로 307,부산광역시 금정구 청룡동 439-1,52,기타,요일제,평일+토요일+공휴일,00:00,23:59,00:00,23:59,00:00,23:59,무료,0,0,0,0,0,0,0,,,부산광역시 금정구청,051-519-4515,35.2798638,129.0742432,Y,2026-04-16,3350000,부산광역시 금정구
138-2-000025,송정 중앙 공영,공영,노외,,부산광역시 해운대구 송정동 711-5,144,기타,5부제,평일+토요일+공휴일,00:01,23:59,00:01,23:59,00:01,23:59,유료,10,300,10,300,,8000,,현금+카드,가변급지(2~3),부산광역시 해운대구청,051-749-4885,35.17985694,129.2005259,,2026-04-17,3330000,부산광역시 해운대구
138-2-000011,죽도공원,공영,노외,,부산광역시 해운대구 송정동 288-2,46,기타,5부제,평일+토요일+공휴일,09:00,22:00,09:00,22:00,09:00,22:00,유료,10,300,10,300,,8000,,현금+카드,가변급지(2~3),부산광역시 해운대구청,051-749-4882,35.18102448,129.2054768,,2026-04-17,3330000,부산광역시 해운대구
138-2-000005,반여3동 중앙공영,공영,노외,부산광역시 해운대구 재반로264(반여동),,213,4,5부제,평일+토요일+공휴일,00:01,23:59,00:01,23:59,00:01,23:59,유료,10,100,10,100,,2400,,현금+카드,,부산광역시 해운대구청,051-749-4882,,,,2026-04-17,3330000,부산광역시 해운대구
138-2-000017,동백 공영,공영,노외,,부산광역시 해운대구 우동1151-3,70,기타,5부제,평일+토요일+공휴일,00:01,23:59,00:01,23:59,00:01,23:59,유료,10,500,10,500,,15000,,현금+카드,가변급지(1~2),부산광역시 해운대구청,051-749-4882,35.15793728,129.1532207,,2026-04-17,3330000,부산광역시 해운대구
138-2-000013,문탠로드관광 공영,공영,노외,부산광역시 해운대구 달맞이길 64,부산광역시 해운대구 중동974-1,98,2,5부제,평일+토요일+공휴일,00:01,23:59,00:01,23:59,00:01,23:59,유료,10,300,10,300,,8000,,현금+카드,,부산광역시 해운대구청,051-749-4885,35.16098302,129.1715271,,2026-04-17,3330000,부산광역시 해운대구
138-2-000016,해월정 달맞이길 공영,공영,노외,부산광역시 해운대구 달맞이길 190 (중동),부산광역시 해운대구 중동산42-20,52,기타,5부제,평일+토요일+공휴일,09:00,22:00,09:00,22:00,09:00,22:00,유료,10,300,10,300,,8000,,현금+카드,가변급지(2~3),부산광역시 해운대구청,051-749-4882,35.15768031,129.1825416,,2026-04-17,3330000,부산광역시 해운대구
138-1-000023,대천공원공영주차장,공영,노상,부산광역시 해운대구 양운로 199,부산광역시 해운대구 좌동1384,78,3,미시행,평일+토요일+공휴일,00:01,23:59,00:01,23:59,00:01,23:59,유료,10,200,10,200,,4700,,현금+카드,,부산광역시 해운대구청,051-749-4882,35.17881234,129.1679709,,2026-04-17,3330000,부산광역시 해운대구
138-1-000026,좌3동 신도 노상 공영,공영,노상,,부산광역시 해운대구 좌동1341-26,39,3,미시행,평일+토요일+공휴일,09:00,20:00,09:00,20:00,09:00,20:00,유료,10,200,10,200,,4700,,현금+카드,,부산광역시 해운대구청,051-749-4882,35.17085105,129.1663429,,2026-04-17,3330000,부산광역시 해운대구
138-1-000004,해운대교육지원청주변 노상 공영,공영,노상,부산광역시 해운대구 세실로 137 (좌동),"부산광역시 해운대구 좌동 1290, 1407-6번지",34,2,미시행,평일+토요일+공휴일,09:00,22:00,09:00,22:00,09:00,22:00,유료,10,300,10,300,,8000,,현금+카드,,부산광역시 해운대구청,051-749-4882,35.17688155,129.1759429,,2026-04-17,3330000,부산광역시 해운대구
138-1-000001,송정호안도로 노상 공영,공영,노상,,부산광역시 해운대구 송정동288-44,168,기타,5부제,평일+토요일+공휴일,09:00,22:00,09:00,22:00,09:00,22:00,유료,10,300,10,300,,8000,,현금+카드,가변급지(2~3),부산광역시 해운대구청,051-749-4882,35.18056289,129.2050866,,2026-04-17,3330000,부산광역시 해운대구
138-1-000003,송정 광어골 노상 공영,공영,노상,,부산광역시 해운대구 송정동462,79,2,미시행,평일+토요일+공휴일,09:00,22:00,09:00,22:00,09:00,22:00,유료,10,300,10,300,,8000,,현금+카드,,부산광역시 해운대구청,051-749-4882,35.17553721,129.1962056,,2026-04-17,3330000,부산광역시 해운대구
138-2-000005,반여2동 제1공영,공영,노외,부산광역시 해운대구 재반로211번길 62 (반여동),부산광역시 해운대구 반여동1291-1509,264,4,5부제,평일+토요일+공휴일,00:01,23:59,00:01,23:59,00:01,23:59,유료,10,100,10,100,,2400,,현금+카드,,부산광역시 해운대구청,051-749-4882,35.19571685,129.1273916,,2026-04-17,3330000,부산광역시 해운대구
138-2-000006,반여2동 제2공영,공영,노외,부산광역시 해운대구 재반로184번길 31 (반여동),부산광역시 해운대구 반여동1291-940,232,4,미시행,평일+토요일+공휴일,00:01,23:59,00:01,23:59,00:01,23:59,유료,10,100,10,100,,2400,,현금+카드,,부산광역시 해운대구청,051-749-4882,35.19424621,129.1323064,,2026-04-17,3330000,부산광역시 해운대구
138-2-000008,반여4동 공영,공영,노외,부산광역시 해운대구 삼어로91번길 97,부산광역시 해운대구 반여동620-14,109,4,미시행,평일+토요일+공휴일,00:01,23:59,00:01,23:59,00:01,23:59,유료,10,100,10,100,,2400,,현금+카드,,부산광역시 해운대구청,051-749-4882,35.20918836,129.1159308,,2026-04-17,3330000,부산광역시 해운대구
138-2-000009,반송1동 제1공영,공영,노외,부산광역시 해운대구 반송순환로 24 (반송동),부산광역시 해운대구 반송동745-13,301,4,미시행,평일+토요일+공휴일,00:01,23:59,00:01,23:59,00:01,23:59,유료,10,100,10,100,,2400,,현금+카드,,부산광역시 해운대구청,051-749-4882,35.22081459,129.146627,,2026-04-17,3330000,부산광역시 해운대구
138-2-000010,반송1동 제2공영,공영,노외,부산광역시 해운대구 반송순환로 164 (반송동),부산광역시 해운대구 반송동259-86,154,4,미시행,평일+토요일+공휴일,00:01,23:59,00:01,23:59,00:01,23:59,유료,10,100,10,100,,2400,,현금+카드,,부산광역시 해운대구청,051-749-4882,35.22497776,129.1515028,,2026-04-17,3330000,부산광역시 해운대구
138-2-000015,반송2동 공영,공영,노외,부산광역시 해운대구 윗반송로 26,부산광역시 해운대구 반송동 303,290,4,5부제,평일+토요일+공휴일,00:01,23:59,00:01,23:59,00:01,23:59,유료,10,100,10,100,,2400,,현금+카드,,부산광역시 해운대구청,051-749-4882,35.22964675,129.1518458,,2026-04-17,3330000,부산광역시 해운대구
140-2-000001,온천장북측공영주차장,공영,노외,부산광역시 금정구 장전온천천로 48,부산광역시 금정구 장전동 427,182,2,요일제,평일+토요일+공휴일,00:00,23:59,00:00,23:59,00:00,23:59,유료,10,300,10,300,240,8000,160000,현금,50할인(경차+장애인차량),부산광역시 금정구청,051-519-4516,35.2296176,129.0893411,Y,2026-04-16,3350000,부산광역시 금정구
140-2-000002,부곡4동삼차로공영주차장,공영,노외,,부산광역시 금정구 부곡동 737-165,70,3,요일제,평일+토요일+공휴일,00:00,23:59,00:00,23:59,00:00,23:59,유료,10,100,10,100,240,2400,52000,현금,50할인(경차+장애인차량),부산광역시 금정구청,051-519-4516,35.21689273,129.0941282,Y,2026-04-16,3350000,부산광역시 금정구
140-2-000003,서동미로시장공영주차장,공영,노외,부산광역시 금정구 서부로16번길 15,부산광역시 금정구 서동 190-9,145,3,요일제,평일+토요일+공휴일,00:00,23:59,00:00,23:59,00:00,23:59,유료,10,200,10,200,240,4700,90000,현금,50할인(경차+장애인차량),부산광역시 금정구청,051-519-4516,35.21611589,129.1039615,Y,2026-04-16,3350000,부산광역시 금정구
140-2-000004,금샘공영주차장,공영,노외,부산광역시 금정구 기찰로 94,부산광역시 금정구 부곡동 982,75,4,요일제,평일+토요일+공휴일,00:00,23:59,00:00,23:59,00:00,23:59,유료,10,100,10,100,240,2400,52000,현금,50할인(경차+장애인차량),부산광역시 금정구청,051-519-4516,35.23899704,129.094208,Y,2026-04-16,3350000,부산광역시 금정구
140-2-000005,남산동요산공영주차장,공영,노외,부산광역시 금정구 팔송로 51,부산광역시 금정구 남산동 967-1,46,3,요일제,평일+토요일+공휴일,00:00,23:59,00:00,23:59,00:00,23:59,유료,10,200,10,200,240,4700,90000,현금,50할인(경차+장애인차량),부산광역시 금정구청,051-519-4515,35.2718193,129.0869705,Y,2026-04-16,3350000,부산광역시 금정구
138-4-000021,대성주차장,민영,노외,,부산광역시 해운대구 반여동955,27,기타,미시행,평일+토요일+공휴일,10:00,22:00,10:00,22:00,10:00,22:00,유료,10,,,,,,,현금,,부산광역시 해운대구청,051-749-4887,35.20709646,129.125643,,2026-04-17,3330000,부산광역시 해운대구
138-4-000022,대영주차장,민영,노외,,부산광역시 해운대구 재송동1071-26,7,기타,미시행,평일+토요일+공휴일,10:00,22:00,10:00,22:00,10:00,22:00,유료,10,,,,,,,현금,,부산광역시 해운대구청,051-749-4887,35.18624334,129.121459,,2026-04-17,3330000,부산광역시 해운대구
138-4-000023,대천주차장,민영,노외,,부산광역시 해운대구 좌동 1482-4,20,기타,미시행,평일+토요일+공휴일,10:00,22:00,10:00,22:00,10:00,22:00,유료,30,1500,,,,,,현금,,부산광역시 해운대구청,051-749-4887,35.167825,129.178074,,2026-04-17,3330000,부산광역시 해운대구
138-2-000027,반송2동 운봉 공영,공영,노외,,부산광역시 해운대구 반송동 621-1,79,4,미시행,평일+토요일+공휴일,00:01,23:59,00:01,23:59,00:01,23:59,유료,10,100,10,100,,2400,,현금+카드,,부산광역시 해운대구청,051-749-4882,35.23250093,129.1457464,,2026-04-17,3330000,부산광역시 해운대구
138-2-000014,재송2동 공영,공영,노외,,부산광역시 해운대구 재송동1042-3,114,4,미시행,평일+토요일+공휴일,00:01,23:59,00:01,23:59,00:01,23:59,유료,10,100,10,100,,2400,,현금+카드,,부산광역시 해운대구청,051-749-4882,35.19228343,129.1267189,,2026-04-17,3330000,부산광역시 해운대구
138-2-000028,해리단길공영주차장,공영,노외,,부산광역시 해운대구 우동 524-16,74,2,미시행,평일+토요일+공휴일,09:00,22:00,09:00,22:00,09:00,22:00,유료,10,300,10,300,,8000,,현금+카드,,부산광역시 해운대구청,051-749-4882,35.1636178328,129.1574507637,,2026-04-17,3330000,부산광역시 해운대구
138-4-000001,1박2일주차장,민영,노외,부산광역시 해운대구 해운대로 591 (우동),부산광역시 해운대구 우동640-3,6,기타,미시행,평일+토요일+공휴일,10:00,22:00,10:00,22:00,10:00,22:00,유료,60,2000,30,1000,,8000,,현금,,부산광역시 해운대구청,051-749-4887,35.16223403,129.1557888,,2026-04-17,3330000,부산광역시 해운대구
138-4-000002,24시주차장,민영,노외,,부산광역시 해운대구 우동647-8,32,기타,미시행,평일+토요일+공휴일,10:00,22:00,10:00,22:00,10:00,22:00,유료,30,1500,,,,,,현금,,부산광역시 해운대구청,051-749-4887,,,,2026-04-17,3330000,부산광역시 해운대구
138-4-000003,5994주차장,민영,노외,부산광역시 해운대구 재반로242번길 7-46 (반여동),부산광역시 해운대구 반여동 1607-18,3,기타,미시행,평일+토요일+공휴일,10:00,22:00,10:00,22:00,10:00,22:00,유료,10,,,,,,50000,현금,월주차만,부산광역시 해운대구청,051-749-4887,35.19930983,129.1319426,,2026-04-17,3330000,부산광역시 해운대구
138-4-000004,IS프라자 근린상가주차장,민영,노외,부산광역시 해운대구 좌동순환로249번길 21 (좌동),부산광역시 해운대구 좌동1431,297,기타,미시행,평일+토요일+공휴일,10:00,22:00,10:00,22:00,10:00,22:00,유료,60,1500,10,500,,8000,77000,현금,,부산광역시 해운대구청,051-749-4887,35.17430239,129.1818179,,2026-04-17,3330000,부산광역시 해운대구
138-4-000005,k주차장,민영,노외,부산광역시 해운대구 구남로12번길 39 (우동),부산광역시 해운대구 우동637-4,20,기타,미시행,평일+토요일+공휴일,10:00,22:00,10:00,22:00,10:00,22:00,유료,10,,,,,,,현금,,부산광역시 해운대구청,051-749-4887,35.16156122,129.1576921,,2026-04-17,3330000,부산광역시 해운대구
138-4-000006,강남주차장,민영,노외,,부산광역시 해운대구 반송동250-1751,3,기타,미시행,평일+토요일+공휴일,10:00,22:00,10:00,22:00,10:00,22:00,유료,10,,,,,,,현금,,부산광역시 해운대구청,051-749-4887,35.22156408,129.1520749,,2026-04-17,3330000,부산광역시 해운대구
138-4-000007,개미주차장,민영,노외,부산광역시 해운대구 구남로30번길 9-3 (우동),"부산광역시 해운대구 우동1366, 1369",19,기타,미시행,평일+토요일+공휴일,10:00,22:00,10:00,22:00,10:00,22:00,유료,30,1500,30,1500,,,,현금,,부산광역시 해운대구청,051-749-4887,35.16100069,129.1604326,,2026-04-17,3330000,부산광역시 해운대구
138-4-000008,개미집전용주차장,민영,노외,,부산광역시 해운대구 송정동422-15,14,기타,미시행,평일+토요일+공휴일,10:00,22:00,10:00,22:00,10:00,22:00,유료,10,,,,,,,현금,,부산광역시 해운대구청,051-749-4887,35.1784728,129.1971284,,2026-04-17,3330000,부산광역시 해운대구
138-4-000009,경화주차장,민영,노외,부산광역시 해운대구 반여로167번길 68 (반여동),부산광역시 해운대구 반여동881-6,13,기타,미시행,평일+토요일+공휴일,10:00,22:00,10:00,22:00,10:00,22:00,유료,10,,,,,,,현금,,부산광역시 해운대구청,051-749-4887,35.20780901,129.1237642,,2026-04-17,3330000,부산광역시 해운대구
138-4-000010,고래사어묵주차장,민영,노외,부산광역시 해운대구 구남로12번길 20 (우동),부산광역시 해운대구 우동540-7,11,기타,미시행,평일+토요일+공휴일,10:00,22:00,10:00,22:00,10:00,22:00,유료,10,,,,,,,현금,,부산광역시 해운대구청,051-749-4887,35.16230577,129.1585552,,2026-04-17,3330000,부산광역시 해운대구
138-4-000011,광장주차장,민영,노외,,부산광역시 해운대구 중동1411-11,57,기타,미시행,평일+토요일+공휴일,10:00,22:00,10:00,22:00,10:00,22:00,유료,30,2000,10,1000,,,,현금,,부산광역시 해운대구청,051-749-4887,35.15965373,129.1630047,,2026-04-17,3330000,부산광역시 해운대구
138-4-000012,구해운대역주차장,민영,노외,,부산광역시 해운대구 우동524-16,73,기타,미시행,평일+토요일+공휴일,10:00,22:00,10:00,22:00,10:00,22:00,유료,10,,,,,,,현금,,부산광역시 해운대구청,051-749-4887,35.16361783,129.1574508,,2026-04-17,3330000,부산광역시 해운대구
138-4-000013,글로리아주차장,민영,노외,,부산광역시 해운대구 우동 649-5,18,기타,미시행,평일+토요일+공휴일,10:00,22:00,10:00,22:00,10:00,22:00,유료,10,,,,,,,현금,,부산광역시 해운대구청,051-749-4887,35.15924291,129.1569186,,2026-04-17,3330000,부산광역시 해운대구
138-4-000014,금수주차장,민영,노외,,부산광역시 해운대구 중동1398-86,15,기타,미시행,평일+토요일+공휴일,10:00,22:00,10:00,22:00,10:00,22:00,유료,10,,,,,,,현금,,부산광역시 해운대구청,051-749-4887,35.16192298,129.1643314,,2026-04-17,3330000,부산광역시 해운대구
138-4-000015,기장주차장,민영,노외,부산광역시 해운대구 구남로24번길 12 (우동),부산광역시 해운대구 우동542-25,16,기타,미시행,평일+토요일+공휴일,10:00,22:00,10:00,22:00,10:00,22:00,유료,60,3000,,,,25000,,현금,,부산광역시 해운대구청,051-749-4887,35.16166095,129.1596093,,2026-04-17,3330000,부산광역시 해운대구
138-4-000016,길병원주차장,민영,노외,,부산광역시 해운대구 반여동1618,29,기타,미시행,평일+토요일+공휴일,10:00,22:00,10:00,22:00,10:00,22:00,유료,10,,,,,,,현금,,부산광역시 해운대구청,051-749-4887,35.20561177,129.121611,,2026-04-17,3330000,부산광역시 해운대구
138-2-000018,청사포 공영,공영,노외,,부산광역시 해운대구 중동553,113,2,5부제,평일+토요일+공휴일,06:00,22:00,06:00,22:00,06:00,22:00,유료,10,300,10,300,,8000,,현금+카드,,부산광역시 해운대구청,051-749-4885,35.1619382,129.1917743,,2026-04-17,3330000,부산광역시 해운대구
138-4-000031,리베라세이브존주차장,민영,노외,,부산광역시 해운대구 중동1394-174,49,기타,미시행,평일+토요일+공휴일,10:00,22:00,10:00,22:00,10:00,22:00,유료,30,1500,10,500,,,,현금,,부산광역시 해운대구청,051-749-4887,35.16279067,129.1619095,,2026-04-17,3330000,부산광역시 해운대구
138-4-000032,문명주차장,민영,노외,,"부산광역시 해운대구 송정동306-8,306-9",8,기타,미시행,평일+토요일+공휴일,10:00,22:00,10:00,22:00,10:00,22:00,유료,10,,,,,,,현금,,부산광역시 해운대구청,051-749-4887,35.18086721,129.197956,,2026-04-17,3330000,부산광역시 해운대구
138-4-000033,미소주차장,민영,노외,,부산광역시 해운대구 우동652-2,8,기타,미시행,평일+토요일+공휴일,10:00,22:00,10:00,22:00,10:00,22:00,유료,10,,,,,,,현금,,부산광역시 해운대구청,051-749-4887,35.1595262,129.155049,,2026-04-17,3330000,부산광역시 해운대구
138-4-000034,미진마트주차장,민영,노외,부산광역시 해운대구 재반로 172 (재송동),부산광역시 해운대구 재송동1149-1,23,기타,미시행,평일+토요일+공휴일,10:00,22:00,10:00,22:00,10:00,22:00,유료,10,,,,,,,현금,,부산광역시 해운대구청,051-749-4887,35.19286959,129.1292215,,2026-04-17,3330000,부산광역시 해운대구
138-4-000035,미진유통주차장,민영,노외,,부산광역시 해운대구 재송동1150-7,28,기타,미시행,평일+토요일+공휴일,10:00,22:00,10:00,22:00,10:00,22:00,유료,10,,,,,,,현금,,부산광역시 해운대구청,051-749-4887,35.19305311,129.129782,,2026-04-17,3330000,부산광역시 해운대구
138-4-000036,미포주차장,민영,노외,,부산광역시 해운대구 중동1035-2,8,기타,미시행,평일+토요일+공휴일,10:00,22:00,10:00,22:00,10:00,22:00,유료,10,,,,,,,현금,,부산광역시 해운대구청,051-749-4887,35.15941086,129.1705394,,2026-04-17,3330000,부산광역시 해운대구
138-4-000037,민수주차장,민영,노외,부산광역시 해운대구 반여로167번길 10 (반여동),부산광역시 해운대구 반여동995-13,12,기타,미시행,평일+토요일+공휴일,10:00,22:00,10:00,22:00,10:00,22:00,유료,10,,,,,,,현금,,부산광역시 해운대구청,051-749-4887,35.20626727,129.126303,,2026-04-17,3330000,부산광역시 해운대구
138-4-000038,반송주차장,민영,노외,,부산광역시 해운대구 반송동744-206,7,기타,미시행,평일+토요일+공휴일,10:00,22:00,10:00,22:00,10:00,22:00,유료,10,,,,,,50000,현금,월주차만,부산광역시 해운대구청,051-749-4887,35.22396259,129.146839,,2026-04-17,3330000,부산광역시 해운대구
138-4-000039,반송주차장,민영,노외,부산광역시 해운대구 아랫반송로70번길 63-8 (반송동),부산광역시 해운대구 반송동250-2463,4,기타,미시행,평일+토요일+공휴일,10:00,22:00,10:00,22:00,10:00,22:00,유료,10,,,,,,,현금,,부산광역시 해운대구청,051-749-4887,35.22059681,129.1499353,,2026-04-17,3330000,부산광역시 해운대구
138-4-000040,반여동주차장,민영,노외,부산광역시 해운대구 선수촌로 215 (반여동),부산광역시 해운대구 반여동740-6,14,기타,미시행,평일+토요일+공휴일,10:00,22:00,10:00,22:00,10:00,22:00,유료,10,,,,,,,현금,,부산광역시 해운대구청,051-749-4887,35.21146287,129.1258383,,2026-04-17,3330000,부산광역시 해운대구
138-4-000041,반여주차장,민영,노외,,부산광역시 해운대구 반여동1010-9,12,기타,미시행,평일+토요일+공휴일,10:00,22:00,10:00,22:00,10:00,22:00,유료,30,1000,10,100,,,,현금,,부산광역시 해운대구청,051-749-4887,35.20575261,129.1249737,,2026-04-17,3330000,부산광역시 해운대구
138-4-000042,반여주차장,민영,노외,부산광역시 해운대구 반여로185번길6 (반여동),부산광역시 해운대구 반여동836-2,3,기타,미시행,평일+토요일+공휴일,10:00,22:00,10:00,22:00,10:00,22:00,유료,10,,,,,,,현금,,부산광역시 해운대구청,051-749-4887,35.20719898,129.1279839,,2026-04-17,3330000,부산광역시 해운대구
138-4-000017,누리주차장,민영,노외,,부산광역시 해운대구 우동 641-14,12,기타,미시행,평일+토요일+공휴일,10:00,22:00,10:00,22:00,10:00,22:00,유료,30,1500,,,,15000,70000,현금,,부산광역시 해운대구청,051-749-4887,35.16163416,129.156327,,2026-04-17,3330000,부산광역시 해운대구
138-4-000018,달맞이주차장,민영,노외,,부산광역시 해운대구 중동944-8,11,기타,미시행,평일+토요일+공휴일,10:00,22:00,10:00,22:00,10:00,22:00,유료,10,,,,,,,현금,,부산광역시 해운대구청,051-749-4887,35.16072447,129.1710001,,2026-04-17,3330000,부산광역시 해운대구
138-4-000019,대교주차장,민영,노외,부산광역시 해운대구 재송1로20번길 64 (재송동),부산광역시 해운대구 재송동1094-28,12,기타,미시행,평일+토요일+공휴일,10:00,22:00,10:00,22:00,10:00,22:00,유료,10,,,,,,,현금,,부산광역시 해운대구청,051-749-4887,35.18496576,129.1217113,,2026-04-17,3330000,부산광역시 해운대구
138-4-000020,대성주차장,민영,노외,부산광역시 해운대구 반송순환로 150,부산광역시 해운대구 반송동259-111,12,기타,미시행,평일+토요일+공휴일,10:00,22:00,10:00,22:00,10:00,22:00,유료,10,,,,,,60000,현금,월주차만,부산광역시 해운대구청,051-749-4887,35.22409615,129.1528972,,2026-04-17,3330000,부산광역시 해운대구
138-4-000025,동남주차장,민영,노외,부산광역시 해운대구 구남로30번길 3 (우동),부산광역시 해운대구 우동1337,19,기타,미시행,평일+토요일+공휴일,10:00,22:00,10:00,22:00,10:00,22:00,유료,10,,,,,,,현금,,부산광역시 해운대구청,051-749-4887,35.1612494,129.1604834,,2026-04-17,3330000,부산광역시 해운대구
138-4-000026,동백가든주차장,민영,노외,부산광역시 해운대구 구남로24번길 39 (우동),부산광역시 해운대구 우동635-6,15,기타,미시행,평일+토요일+공휴일,10:00,22:00,10:00,22:00,10:00,22:00,유료,10,,,,,,,현금,,부산광역시 해운대구청,051-749-4887,35.16074935,129.1583867,,2026-04-17,3330000,부산광역시 해운대구
138-4-000027,동백주차장,민영,노외,부산광역시 해운대구 구남로18번길 7 (우동),부산광역시 해운대구 우동542-6,20,기타,미시행,평일+토요일+공휴일,10:00,22:00,10:00,22:00,10:00,22:00,유료,30,1500,30,1500,,15000,100000,현금,,부산광역시 해운대구청,051-749-4887,35.16197013,129.1594377,,2026-04-17,3330000,부산광역시 해운대구
138-4-000028,동일주차장,민영,노외,부산광역시 해운대구 재송2로 35-21 (재송동),부산광역시 해운대구 재송동1152-18,14,기타,미시행,평일+토요일+공휴일,10:00,22:00,10:00,22:00,10:00,22:00,유료,10,,,,,,,현금,,부산광역시 해운대구청,051-749-4887,35.19286209,129.1315781,,2026-04-17,3330000,부산광역시 해운대구
138-4-000029,두리주차장,민영,노외,부산광역시 해운대구 해운대해변로209번나길 31 (우동),부산광역시 해운대구 우동646-3,5,기타,미시행,평일+토요일+공휴일,10:00,22:00,10:00,22:00,10:00,22:00,유료,10,,,,,,,현금,,부산광역시 해운대구청,051-749-4887,35.16027127,129.1553825,,2026-04-17,3330000,부산광역시 해운대구
138-4-000030,롯데주차장,민영,노외,,부산광역시 해운대구 송정동85-16,10,기타,미시행,평일+토요일+공휴일,10:00,22:00,10:00,22:00,10:00,22:00,유료,10,,,,,,,현금,,부산광역시 해운대구청,051-749-4887,35.19480056,129.2065201,,2026-04-17,3330000,부산광역시 해운대구
138-4-000079,오반장주차장,민영,노외,부산광역시 해운대구 구남로24번길 20 (우동),부산광역시 해운대구 우동542-11,16,기타,미시행,평일+토요일+공휴일,10:00,22:00,10:00,22:00,10:00,22:00,유료,10,,,,,,,현금,,부산광역시 해운대구청,051-749-4887,35.16143898,129.1591505,,2026-04-17,3330000,부산광역시 해운대구
138-4-000080,온천주차장,민영,노외,,"부산광역시 해운대구 중동1226-3,14,15,1370-2,3,4",158,기타,미시행,평일+토요일+공휴일,10:00,22:00,10:00,22:00,10:00,22:00,유료,10,,,,,,,현금,,부산광역시 해운대구청,051-749-4887,35.16341368,129.1653768,,2026-04-17,3330000,부산광역시 해운대구
138-4-000043,부산익스프레스주차장,민영,노외,,부산광역시 해운대구 재송동478,4,기타,미시행,평일+토요일+공휴일,10:00,22:00,10:00,22:00,10:00,22:00,유료,10,,,,,,,현금,,부산광역시 해운대구청,051-749-4887,35.18375905,129.1259803,,2026-04-17,3330000,부산광역시 해운대구
138-4-000044,부일주차장,민영,노외,,"부산광역시 해운대구 우동151-4,150-2",9,기타,미시행,평일+토요일+공휴일,10:00,22:00,10:00,22:00,10:00,22:00,유료,60,2000,30,1000,,,,현금,,부산광역시 해운대구청,051-749-4887,35.16691615,129.1599477,,2026-04-17,3330000,부산광역시 해운대구
138-4-000045,빅스주차장,민영,노외,,부산광역시 해운대구 재송동1119-25,5,기타,미시행,평일+토요일+공휴일,10:00,22:00,10:00,22:00,10:00,22:00,유료,10,,,,,,,현금,,부산광역시 해운대구청,051-749-4887,35.18623246,129.1263634,,2026-04-17,3330000,부산광역시 해운대구
138-4-000046,삼성주차장,민영,노외,부산광역시 해운대구 수영강변대로 504 (반여동),부산광역시 해운대구 반여동1200-2,19,기타,미시행,평일+토요일+공휴일,10:00,22:00,10:00,22:00,10:00,22:00,유료,60,2000,30,1000,,,,현금,,부산광역시 해운대구청,051-749-4887,35.20290438,129.1188839,,2026-04-17,3330000,부산광역시 해운대구
138-4-000047,삼성주차장,민영,노외,,부산광역시 해운대구 반여동1202-6,11,기타,미시행,평일+토요일+공휴일,10:00,22:00,10:00,22:00,10:00,22:00,유료,10,,,,,,,현금,,부산광역시 해운대구청,051-749-4887,35.20303289,129.1192471,,2026-04-17,3330000,부산광역시 해운대구
138-4-000048,삼원주차장,민영,노외,,부산광역시 해운대구 반여동939-1,8,기타,미시행,평일+토요일+공휴일,10:00,22:00,10:00,22:00,10:00,22:00,유료,10,,,,,,,현금,,부산광역시 해운대구청,051-749-4887,35.20772329,129.1243483,,2026-04-17,3330000,부산광역시 해운대구
138-4-000049,삼절주차장,민영,노외,,부산광역시 해운대구 반송동149,20,기타,미시행,평일+토요일+공휴일,10:00,22:00,10:00,22:00,10:00,22:00,유료,10,,,,,,,현금,,부산광역시 해운대구청,051-749-4887,35.229109,129.1611168,,2026-04-17,3330000,부산광역시 해운대구
138-4-000050,상하이주차장,민영,노외,,부산광역시 해운대구 재송동1106-4,5,기타,미시행,평일+토요일+공휴일,10:00,22:00,10:00,22:00,10:00,22:00,유료,10,,,,,,,현금,,부산광역시 해운대구청,051-749-4887,35.18417336,129.1233022,,2026-04-17,3330000,부산광역시 해운대구
138-4-000051,서목주차장,민영,노외,,"부산광역시 해운대구 중동 1012-3, 1015-14외",4,기타,미시행,평일+토요일+공휴일,10:00,22:00,10:00,22:00,10:00,22:00,유료,10,,,,,,,현금,,부산광역시 해운대구청,051-749-4887,35.15782146,129.1729286,,2026-04-17,3330000,부산광역시 해운대구
138-4-000052,선경주차장,민영,노외,부산광역시 해운대구 재반로125번길 57 (재송동),부산광역시 해운대구 재송동1056-1,7,기타,미시행,평일+토요일+공휴일,10:00,22:00,10:00,22:00,10:00,22:00,유료,10,,,,,,,현금,,부산광역시 해운대구청,051-749-4887,35.18922851,129.1236041,,2026-04-17,3330000,부산광역시 해운대구
138-4-000053,선수촌주차장,민영,노외,,"부산광역시 해운대구 반여동1445-1,2",7,기타,미시행,평일+토요일+공휴일,10:00,22:00,10:00,22:00,10:00,22:00,유료,60,1500,,,,10000,70000,현금,,부산광역시 해운대구청,051-749-4887,35.20076218,129.120082,,2026-04-17,3330000,부산광역시 해운대구
138-4-000054,세명주차장,민영,노외,,부산광역시 해운대구 우동1078-8,12,기타,미시행,평일+토요일+공휴일,10:00,22:00,10:00,22:00,10:00,22:00,유료,10,,,,,,,현금,,부산광역시 해운대구청,051-749-4887,,,,2026-04-17,3330000,부산광역시 해운대구
138-4-000055,세중주차장,민영,노외,부산광역시 해운대구 송정광어골로 87 (송정동),부산광역시 해운대구 송정동446-5,8,기타,미시행,평일+토요일+공휴일,10:00,22:00,10:00,22:00,10:00,22:00,유료,10,,,,,,,현금,,부산광역시 해운대구청,051-749-4887,35.17372164,129.1966722,,2026-04-17,3330000,부산광역시 해운대구
138-4-000024,더베이주차장,민영,노외,,"부산광역시 해운대구 우동747-5,-6,-9,-10-11",78,기타,미시행,평일+토요일+공휴일,10:00,22:00,10:00,22:00,10:00,22:00,유료,60,6000,10,1000,,,,현금,,부산광역시 해운대구청,051-749-4887,35.15710433,129.1525931,,2026-04-17,3330000,부산광역시 해운대구
138-4-000074,에이원원룸주차장,민영,노외,부산광역시 해운대구 아랫반송로5번길 52 (반송동),부산광역시 해운대구 반송동261-131,12,기타,미시행,평일+토요일+공휴일,10:00,22:00,10:00,22:00,10:00,22:00,유료,10,,,,,,,현금,,부산광역시 해운대구청,051-749-4887,35.22671978,129.1477775,,2026-04-17,3330000,부산광역시 해운대구
138-4-000075,여인천하주차장,민영,노외,,부산광역시 해운대구 우동426-5,5,기타,미시행,평일+토요일+공휴일,10:00,22:00,10:00,22:00,10:00,22:00,유료,10,,,,,,,현금,,부산광역시 해운대구청,051-749-4887,35.16747119,129.1596998,,2026-04-17,3330000,부산광역시 해운대구
138-4-000078,예원주차장,민영,노외,,부산광역시 해운대구 송정동201-19,18,기타,미시행,평일+토요일+공휴일,10:00,22:00,10:00,22:00,10:00,22:00,유료,10,,,,,,,현금,,부산광역시 해운대구청,051-749-4887,35.1833602,129.2042323,,2026-04-17,3330000,부산광역시 해운대구
138-4-000099,조은주차빌딩주차장,민영,노외,부산광역시 해운대구 반여로 116 (반여동),부산광역시 해운대구 반여동1627-2,33,기타,미시행,평일+토요일+공휴일,10:00,22:00,10:00,22:00,10:00,22:00,유료,10,,,,,,,현금,,부산광역시 해운대구청,051-749-4887,35.20184202,129.1239478,,2026-04-17,3330000,부산광역시 해운대구
138-4-000056,센텀Q주차장,민영,노외,부산광역시 해운대구 센텀5로 55 (우동),부산광역시 해운대구 우동1483,399,기타,미시행,평일+토요일+공휴일,10:00,22:00,10:00,22:00,10:00,22:00,유료,60,2000,,,,10000,100000,현금,,부산광역시 해운대구청,051-749-4887,35.17295765,129.131585,,2026-04-17,3330000,부산광역시 해운대구
138-4-000057,센텀힐주차장,민영,노외,부산광역시 해운대구 재반로 74 (재송동),부산광역시 해운대구 재송동1118-4,37,기타,미시행,평일+토요일+공휴일,10:00,22:00,10:00,22:00,10:00,22:00,유료,10,,,,,,,현금,,부산광역시 해운대구청,051-749-4887,35.18536711,129.1261143,,2026-04-17,3330000,부산광역시 해운대구
138-4-000059,송민주차장,민영,노외,,"부산광역시 해운대구 반송동250-1004,1005",6,기타,미시행,평일+토요일+공휴일,10:00,22:00,10:00,22:00,10:00,22:00,유료,10,,,,,,,현금,,부산광역시 해운대구청,051-749-4887,35.22231893,129.1496924,,2026-04-17,3330000,부산광역시 해운대구
138-4-000060,송정바다주차장,민영,노외,,"부산광역시 해운대구 송정동 323-10,323-13",26,기타,미시행,평일+토요일+공휴일,10:00,22:00,10:00,22:00,10:00,22:00,유료,10,,,,,,,현금,,부산광역시 해운대구청,051-749-4887,35.18077639,129.2006535,,2026-04-17,3330000,부산광역시 해운대구
138-4-000061,송정주차장,민영,노외,,"부산광역시 해운대구 송정동297-58,59,60",30,기타,미시행,평일+토요일+공휴일,10:00,22:00,10:00,22:00,10:00,22:00,유료,10,,,,,,,현금,,부산광역시 해운대구청,051-749-4887,35.18082607,129.2016783,,2026-04-17,3330000,부산광역시 해운대구
138-4-000062,송정주차장,민영,노외,,부산광역시 해운대구 송정동427-2,101,기타,미시행,평일+토요일+공휴일,10:00,22:00,10:00,22:00,10:00,22:00,유료,10,,,,,,,현금,,부산광역시 해운대구청,051-749-4887,35.18231331,129.200985,,2026-04-17,3330000,부산광역시 해운대구
138-4-000063,송정주차장,민영,노외,,부산광역시 해운대구 송정동140-11,15,기타,미시행,평일+토요일+공휴일,10:00,22:00,10:00,22:00,10:00,22:00,유료,10,,,,,,,현금,,부산광역시 해운대구청,051-749-4887,35.18239043,129.1997463,,2026-04-17,3330000,부산광역시 해운대구
138-4-000064,신도시주차장,민영,노외,부산광역시 해운대구 좌동로91번길 52 (좌동),부산광역시 해운대구 좌동912,45,기타,미시행,평일+토요일+공휴일,10:00,22:00,10:00,22:00,10:00,22:00,유료,30,1500,,,,,,현금,,부산광역시 해운대구청,051-749-4887,35.17430132,129.1737361,,2026-04-17,3330000,부산광역시 해운대구
138-4-000065,신리주차장,민영,노외,,부산광역시 해운대구 반송동788-15,13,기타,미시행,평일+토요일+공휴일,10:00,22:00,10:00,22:00,10:00,22:00,유료,60,1000,,,,,50000,현금,,부산광역시 해운대구청,051-749-4887,35.23090171,129.1530403,,2026-04-17,3330000,부산광역시 해운대구
138-4-000066,신촌주차장,민영,노외,부산광역시 해운대구 반여로155번길 6 (반여동),부산광역시 해운대구 반여동1248,13,기타,미시행,평일+토요일+공휴일,10:00,22:00,10:00,22:00,10:00,22:00,유료,10,,,,,,50000,현금,월주차만,부산광역시 해운대구청,051-749-4887,35.20525571,129.1255353,,2026-04-17,3330000,부산광역시 해운대구
138-4-000067,신해운대주차장,민영,노외,,부산광역시 해운대구 우동648-3,9,기타,미시행,평일+토요일+공휴일,10:00,22:00,10:00,22:00,10:00,22:00,유료,10,,,,,,,현금,,부산광역시 해운대구청,051-749-4887,,,,2026-04-17,3330000,부산광역시 해운대구
138-4-000070,알리주차장,민영,노외,,부산광역시 해운대구 송정동292,7,기타,미시행,평일+토요일+공휴일,10:00,22:00,10:00,22:00,10:00,22:00,유료,10,,,,,,,현금,,부산광역시 해운대구청,051-749-4887,35.18158127,129.2036316,,2026-04-17,3330000,부산광역시 해운대구
138-4-000071,알천애프앤비,민영,노외,부산광역시 해운대구 재반로64번길 19 (재송동),부산광역시 해운대구 재송동1119-8,5,기타,미시행,평일+토요일+공휴일,10:00,22:00,10:00,22:00,10:00,22:00,유료,10,,,,,,,현금,,부산광역시 해운대구청,051-749-4887,35.18506588,129.1269232,,2026-04-17,3330000,부산광역시 해운대구
138-4-000072,암소갈비주차장,민영,노외,,부산광역시 해운대구 중동1220-1,15,기타,미시행,평일+토요일+공휴일,10:00,22:00,10:00,22:00,10:00,22:00,유료,10,,,,,,,현금,,부산광역시 해운대구청,051-749-4887,,,,2026-04-17,3330000,부산광역시 해운대구
138-4-000073,양지주차장,민영,노외,,부산광역시 해운대구 반송동250-2343,6,기타,미시행,평일+토요일+공휴일,10:00,22:00,10:00,22:00,10:00,22:00,유료,10,,,,,,40000,현금,월주차만,부산광역시 해운대구청,051-749-4887,35.21967318,129.1527163,,2026-04-17,3330000,부산광역시 해운대구
138-4-000086,유로주차장,민영,노외,부산광역시 해운대구 우동2로30번가길 11 (우동),부산광역시 해운대구 우동229-4,3,기타,미시행,평일+토요일+공휴일,10:00,22:00,10:00,22:00,10:00,22:00,유료,10,,,,,,50000,현금,월주차만,부산광역시 해운대구청,051-749-4887,35.16778016,129.161215,,2026-04-17,3330000,부산광역시 해운대구
138-4-000087,유진주차장,민영,노외,,"부산광역시 해운대구 반송동331-8,13",30,기타,미시행,평일+토요일+공휴일,10:00,22:00,10:00,22:00,10:00,22:00,유료,10,,,,,,,현금,,부산광역시 해운대구청,051-749-4887,35.2314525,129.1536118,,2026-04-17,3330000,부산광역시 해운대구
138-4-000088,은화요양병원주차장,민영,노외,부산광역시 해운대구 반송로828번길 7 (반송동),부산광역시 해운대구 반송동679-5,7,기타,미시행,평일+토요일+공휴일,10:00,22:00,10:00,22:00,10:00,22:00,유료,10,,,,,,,현금,,부산광역시 해운대구청,051-749-4887,35.22751158,129.147256,,2026-04-17,3330000,부산광역시 해운대구
138-4-000089,이비스주차장,민영,노외,,부산광역시 해운대구 우동629-1,6,기타,미시행,평일+토요일+공휴일,10:00,22:00,10:00,22:00,10:00,22:00,유료,10,,,,,,,현금,,부산광역시 해운대구청,051-749-4887,,,,2026-04-17,3330000,부산광역시 해운대구
138-4-000090,일승주차장,민영,노외,부산광역시 해운대구 좌동로 115 (좌동),부산광역시 해운대구 좌동420-1,14,기타,미시행,평일+토요일+공휴일,10:00,22:00,10:00,22:00,10:00,22:00,유료,10,,,,,,,현금,,부산광역시 해운대구청,051-749-4887,35.173709,129.1771468,,2026-04-17,3330000,부산광역시 해운대구
138-4-000091,일품한우주차장,민영,노외,부산광역시 해운대구 해운대로570번길 49 (우동),부산광역시 해운대구 우동626-11,20,기타,미시행,평일+토요일+공휴일,10:00,22:00,10:00,22:00,10:00,22:00,유료,10,,,,,,,현금,,부산광역시 해운대구청,051-749-4887,35.16023416,129.159398,,2026-04-17,3330000,부산광역시 해운대구
138-4-000092,장산주차장,민영,노외,,부산광역시 해운대구 반여동1603-19,7,기타,미시행,평일+토요일+공휴일,10:00,22:00,10:00,22:00,10:00,22:00,유료,30,1000,,,,,,현금,,부산광역시 해운대구청,051-749-4887,35.20037245,129.1313545,,2026-04-17,3330000,부산광역시 해운대구
138-4-000093,장산주차장,민영,노외,,부산광역시 해운대구 좌동1463-2,10,기타,미시행,평일+토요일+공휴일,10:00,22:00,10:00,22:00,10:00,22:00,유료,10,,,,,,,현금,,부산광역시 해운대구청,051-749-4887,35.17157892,129.1759117,,2026-04-17,3330000,부산광역시 해운대구
138-4-000094,장터주차장,민영,노외,,부산광역시 해운대구 재송동1124-7,10,기타,미시행,평일+토요일+공휴일,10:00,22:00,10:00,22:00,10:00,22:00,유료,10,,,,,,,현금,,부산광역시 해운대구청,051-749-4887,35.18684535,129.1259517,,2026-04-17,3330000,부산광역시 해운대구
138-4-000095,재송동주차장,민영,노외,,"부산광역시 해운대구 재송동1118-5,1118-25",21,기타,미시행,평일+토요일+공휴일,10:00,22:00,10:00,22:00,10:00,22:00,유료,10,,,,,,,현금,,부산광역시 해운대구청,051-749-4887,35.1851902,129.1261074,,2026-04-17,3330000,부산광역시 해운대구
138-4-000096,제일주차장,민영,노외,부산광역시 해운대구 우동2로14번가길 10 (우동),부산광역시 해운대구 우동175-3,24,기타,미시행,평일+토요일+공휴일,10:00,22:00,10:00,22:00,10:00,22:00,유료,30,500,30,1000,,5000,,현금,,부산광역시 해운대구청,051-749-4887,35.16683624,129.1607997,,2026-04-17,3330000,부산광역시 해운대구
138-4-000097,제타호텔부설주차장,민영,노외,부산광역시 해운대구 송정중앙로33번길 10-1 (송정동),부산광역시 해운대구 송정동203-7,10,기타,미시행,평일+토요일+공휴일,10:00,22:00,10:00,22:00,10:00,22:00,유료,10,,,,,,,현금,,부산광역시 해운대구청,051-749-4887,35.18252522,129.2044966,,2026-04-17,3330000,부산광역시 해운대구
138-4-000098,조방주차장,민영,노외,부산광역시 해운대구 좌동로75번길 47 (좌동),부산광역시 해운대구 좌동815-40,7,기타,미시행,평일+토요일+공휴일,10:00,22:00,10:00,22:00,10:00,22:00,유료,10,,,,,,,현금,,부산광역시 해운대구청,051-749-4887,35.1732131,129.172426,,2026-04-17,3330000,부산광역시 해운대구
138-4-000113,하나주차장,민영,노외,,부산광역시 해운대구 좌동985-8,19,기타,미시행,평일+토요일+공휴일,10:00,22:00,10:00,22:00,10:00,22:00,유료,30,1000,,,,,,현금,,부산광역시 해운대구청,051-749-4887,35.1727031,129.1745661,,2026-04-17,3330000,부산광역시 해운대구
138-4-000100,조이박주차장,민영,노외,,부산광역시 해운대구 재송동521-1,2,기타,미시행,평일+토요일+공휴일,10:00,22:00,10:00,22:00,10:00,22:00,유료,10,,,,,,,현금,,부산광역시 해운대구청,051-749-4887,35.18063874,129.1260695,,2026-04-17,3330000,부산광역시 해운대구
138-4-000101,주차장,민영,노외,,부산광역시 해운대구 중동 276-1,20,기타,미시행,평일+토요일+공휴일,10:00,22:00,10:00,22:00,10:00,22:00,유료,10,,,,,,,현금,,부산광역시 해운대구청,051-749-4887,35.16861669,129.1718465,,2026-04-17,3330000,부산광역시 해운대구
138-4-000102,주차장,민영,노외,,부산광역시 해운대구 중동1480-4,6,기타,미시행,평일+토요일+공휴일,10:00,22:00,10:00,22:00,10:00,22:00,유료,10,,,,,,,현금,,부산광역시 해운대구청,051-749-4887,35.16058049,129.1838891,,2026-04-17,3330000,부산광역시 해운대구
138-4-000103,중동주차장,민영,노외,부산광역시 해운대구 달맞이길 22 (중동),부산광역시 해운대구 중동1139-4,33,기타,미시행,평일+토요일+공휴일,10:00,22:00,10:00,22:00,10:00,22:00,유료,10,,,,,,,현금,,부산광역시 해운대구청,051-749-4887,35.16190854,129.1672589,,2026-04-17,3330000,부산광역시 해운대구
138-4-000104,지에스타임즈스테이션센텀필주차장,민영,노외,부산광역시 해운대구 센텀동로 102 (재송동),부산광역시 해운대구 재송동1220,290,기타,미시행,평일+토요일+공휴일,10:00,22:00,10:00,22:00,10:00,22:00,유료,30,1000,30,1000,,20000,70000,현금,,부산광역시 해운대구청,051-749-4887,35.17658669,129.1264896,,2026-04-17,3330000,부산광역시 해운대구
138-4-000105,진영주차장,민영,노외,부산광역시 해운대구 아랫반송로90번길 11-17 (반송동),"부산광역시 해운대구 반송동250-2296,2297",7,기타,미시행,평일+토요일+공휴일,10:00,22:00,10:00,22:00,10:00,22:00,유료,10,,,,,,,현금,,부산광역시 해운대구청,051-749-4887,35.21985669,129.1530278,,2026-04-17,3330000,부산광역시 해운대구
138-4-000081,왕자주차장,민영,노외,부산광역시 해운대구 선수촌로21번길 7,부산광역시 해운대구 반여동 1361-1,10,기타,미시행,평일+토요일+공휴일,10:00,22:00,10:00,22:00,10:00,22:00,유료,10,,,,,,,현금,,부산광역시 해운대구청,051-749-4887,35.19596682,129.1180908,,2026-04-17,3330000,부산광역시 해운대구
138-4-000082,상월우동주차장,민영,노외,,"부산광역시 해운대구 우동437-3,439-1,440-3",29,기타,미시행,평일+토요일+공휴일,10:00,22:00,10:00,22:00,10:00,22:00,유료,10,,,,,6500,50000,현금,,부산광역시 해운대구청,051-749-4887,35.16718249,129.1594797,,2026-04-17,3330000,부산광역시 해운대구
138-4-000083,우양주차장,민영,노외,부산광역시 해운대구 반송로 833 (반송동),부산광역시 해운대구 반송동683-18,12,기타,미시행,평일+토요일+공휴일,10:00,22:00,10:00,22:00,10:00,22:00,유료,10,,,,,,,현금,,부산광역시 해운대구청,051-749-4887,35.22787065,129.1464758,,2026-04-17,3330000,부산광역시 해운대구
138-4-000084,우일주차장,민영,노외,부산광역시 해운대구 우동2로30번길 3 (우동),부산광역시 해운대구 우동442-1,5,기타,미시행,평일+토요일+공휴일,10:00,22:00,10:00,22:00,10:00,22:00,유료,10,,,,,,,현금,,부산광역시 해운대구청,051-749-4887,35.16737478,129.1597887,,2026-04-17,3330000,부산광역시 해운대구
138-4-000085,원도주차장,민영,노외,,부산광역시 해운대구 송정동306-10,5,기타,미시행,평일+토요일+공휴일,10:00,22:00,10:00,22:00,10:00,22:00,유료,10,,,,,,,현금,,부산광역시 해운대구청,051-749-4887,35.18107167,129.1980511,,2026-04-17,3330000,부산광역시 해운대구
138-4-000109,태성주차장,민영,노외,부산광역시 해운대구 윗반송로 68 (반송동),부산광역시 해운대구 반송동211-2,15,기타,미시행,평일+토요일+공휴일,10:00,22:00,10:00,22:00,10:00,22:00,유료,10,,,,,,,현금,,부산광역시 해운대구청,051-749-4887,35.23011735,129.1570364,,2026-04-17,3330000,부산광역시 해운대구
138-4-000110,태양주차장,민영,노외,,부산광역시 해운대구 우동649-2,89,기타,미시행,평일+토요일+공휴일,10:00,22:00,10:00,22:00,10:00,22:00,유료,10,,,,,,,현금,,부산광역시 해운대구청,051-749-4887,35.15909839,129.1564351,,2026-04-17,3330000,부산광역시 해운대구
138-4-000111,포트주차장,민영,노외,부산광역시 해운대구 송정구덕포길 170-32 (송정동),부산광역시 해운대구 송정동850-1,3,기타,미시행,평일+토요일+공휴일,10:00,22:00,10:00,22:00,10:00,22:00,유료,10,,,,,,,현금,,부산광역시 해운대구청,051-749-4887,35.16819252,129.1966096,,2026-04-17,3330000,부산광역시 해운대구
138-4-000112,프로미카윈드주차장,민영,노외,,"부산광역시 해운대구 반여동1244-4,5",12,기타,미시행,평일+토요일+공휴일,10:00,22:00,10:00,22:00,10:00,22:00,유료,10,,,,,,55000,현금,월주차만,부산광역시 해운대구청,051-749-4887,35.20525658,129.1248747,,2026-04-17,3330000,부산광역시 해운대구
138-4-000114,하이파킹주차장,민영,노외,부산광역시 해운대구 해운대로570번길 46 (우동),"부산광역시 해운대구 우동629-6,628-1,2,4,8",149,기타,미시행,평일+토요일+공휴일,10:00,22:00,10:00,22:00,10:00,22:00,유료,10,,,,,,,현금,,부산광역시 해운대구청,051-749-4887,35.15980603,129.1587259,,2026-04-17,3330000,부산광역시 해운대구
138-4-000115,한라주차장,민영,노외,,부산광역시 해운대구 중동1521-3,363,기타,미시행,평일+토요일+공휴일,10:00,22:00,10:00,22:00,10:00,22:00,유료,60,1000,60,1000,,7000,30000,현금,,부산광역시 해운대구청,051-749-4887,35.16218543,129.1773373,,2026-04-17,3330000,부산광역시 해운대구
138-4-000117,한양주차장,민영,노외,부산광역시 해운대구 재송1로60번길 15 (재송동),부산광역시 해운대구 재송동1087-1,13,기타,미시행,평일+토요일+공휴일,10:00,22:00,10:00,22:00,10:00,22:00,유료,10,,,,,,,현금,,부산광역시 해운대구청,051-749-4887,35.18688187,129.1241932,,2026-04-17,3330000,부산광역시 해운대구
138-4-000118,해동주차장,민영,노외,부산광역시 해운대구 우동1로 84-10 (우동),부산광역시 해운대구 우동381-1,16,기타,미시행,평일+토요일+공휴일,10:00,22:00,10:00,22:00,10:00,22:00,유료,60,2000,,,,,,현금,,부산광역시 해운대구청,051-749-4887,35.16881937,129.1563468,,2026-04-17,3330000,부산광역시 해운대구
138-4-000106,청도주차장,민영,노외,,부산광역시 해운대구 반송동250-1687,15,기타,미시행,평일+토요일+공휴일,10:00,22:00,10:00,22:00,10:00,22:00,유료,10,,,,,,40000,현금,월주차만,부산광역시 해운대구청,051-749-4887,35.22182901,129.1526616,,2026-04-17,3330000,부산광역시 해운대구
138-4-000107,카카오T해운대파킹,민영,노외,,부산광역시 해운대구 우동762-46,20,기타,미시행,평일+토요일+공휴일,10:00,22:00,10:00,22:00,10:00,22:00,유료,20,1000,,,,,,카드,카드전용,부산광역시 해운대구청,051-749-4887,35.15938748,129.1535111,,2026-04-17,3330000,부산광역시 해운대구
138-4-000108,코리아주차장,민영,노외,,부산광역시 해운대구 중동204-4,3,기타,미시행,평일+토요일+공휴일,10:00,22:00,10:00,22:00,10:00,22:00,유료,10,,,,,,,현금,,부산광역시 해운대구청,051-749-4887,35.17047575,129.1721731,,2026-04-17,3330000,부산광역시 해운대구
138-4-000120,해송주차장,민영,노외,"부산광역시 해운대구 송정1로7번길 28-1 (송정동, 해림파크빌라)",부산광역시 해운대구 송정동306-2,7,기타,미시행,평일+토요일+공휴일,10:00,22:00,10:00,22:00,10:00,22:00,유료,10,,,,,,,현금,,부산광역시 해운대구청,051-749-4887,35.18130674,129.198221,,2026-04-17,3330000,부산광역시 해운대구
138-4-000121,해수주차장,민영,노외,,"부산광역시 해운대구 송정동288-7,16,17",8,기타,미시행,평일+토요일+공휴일,10:00,22:00,10:00,22:00,10:00,22:00,유료,10,,,,,,,현금,,부산광역시 해운대구청,051-749-4887,35.18166658,129.2057897,,2026-04-17,3330000,부산광역시 해운대구
138-4-000122,해수주차장,민영,노외,부산광역시 해운대구 해운대로1105번길 32-19,부산광역시 해운대구 송정동521-1,11,기타,미시행,평일+토요일+공휴일,10:00,22:00,10:00,22:00,10:00,22:00,유료,10,,,,,,,현금,,부산광역시 해운대구청,051-749-4887,35.18573467,129.1990227,,2026-04-17,3330000,부산광역시 해운대구
138-4-000123,해우주차장,민영,노외,부산광역시 해운대구 해운대해변로 293 (중동),부산광역시 해운대구 중동1396-59,24,기타,미시행,평일+토요일+공휴일,10:00,22:00,10:00,22:00,10:00,22:00,유료,30,2000,,,,,,현금,,부산광역시 해운대구청,051-749-4887,35.16094323,129.162617,,2026-04-17,3330000,부산광역시 해운대구
138-4-000124,해운대구청주차장,민영,노외,부산광역시 해운대구 중동2로 11 (중동),부산광역시 해운대구 중동1378-95,99,기타,미시행,평일+토요일+공휴일,10:00,22:00,10:00,22:00,10:00,23:59,유료,10,300,,,,,,현금+신용카드,,부산광역시 해운대구청,051-749-4887,35.16313992,129.1635613,,2026-04-17,3330000,부산광역시 해운대구
138-4-000125,해운대미포주차장,민영,노외,부산광역시 해운대구 달맞이길62번길 11,부산광역시 해운대구 중동947-1,120,기타,미시행,평일+토요일+공휴일,10:00,22:00,10:00,22:00,10:00,22:00,유료,10,,,,,,,현금,,부산광역시 해운대구청,051-749-4887,35.16005397,129.1711588,,2026-04-17,3330000,부산광역시 해운대구
138-4-000126,해운대블루주차장,민영,노외,,부산광역시 해운대구 좌동 1360,43,기타,미시행,평일+토요일+공휴일,10:00,22:00,10:00,22:00,10:00,22:00,유료,10,,,,,,,현금,,부산광역시 해운대구청,051-749-4887,35.16826816,129.1638854,,2026-04-17,3330000,부산광역시 해운대구
138-4-000127,해운대비치주차장,민영,노외,부산광역시 해운대구 해운대해변로209번가길 24 (우동),부산광역시 해운대구 우동649-1,40,기타,미시행,평일+토요일+공휴일,10:00,22:00,10:00,22:00,10:00,22:00,유료,60,3000,30,1500,,30000,,현금,,부산광역시 해운대구청,051-749-4887,35.15924612,129.1563448,,2026-04-17,3330000,부산광역시 해운대구
138-4-000128,해운대푸르지오주차장,민영,노외,부산광역시 해운대구 해운대해변로298번길 29 (중동),부산광역시 해운대구 중동1123,35,기타,미시행,평일+토요일+공휴일,10:00,22:00,10:00,22:00,10:00,22:00,유료,10,,,,,,,현금,,부산광역시 해운대구청,051-749-4887,35.16096716,129.1668836,,2026-04-17,3330000,부산광역시 해운대구
138-4-000129,해운주차장,민영,노외,부산광역시 해운대구 해운대해변로209번길 11 (우동),부산광역시 해운대구 우동762-47,14,기타,미시행,평일+토요일+공휴일,10:00,22:00,10:00,22:00,10:00,22:00,유료,10,,,,,,,현금,,부산광역시 해운대구청,051-749-4887,35.15945791,129.1539637,,2026-04-17,3330000,부산광역시 해운대구
138-4-000130,해운주차장,민영,노외,부산광역시 해운대구 중동1로 42-16 (중동),부산광역시 해운대구 중동1395-21,43,기타,미시행,평일+토요일+공휴일,10:00,22:00,10:00,22:00,10:00,22:00,유료,10,,,,,,,현금,,부산광역시 해운대구청,051-749-4887,35.16147538,129.1627111,,2026-04-17,3330000,부산광역시 해운대구
138-4-000131,해천주차장,민영,노외,,부산광역시 해운대구 반송동250-2292,14,기타,미시행,평일+토요일+공휴일,10:00,22:00,10:00,22:00,10:00,22:00,유료,10,,,,,,,현금,,부산광역시 해운대구청,051-749-4887,35.22022418,129.1527375,,2026-04-17,3330000,부산광역시 해운대구
134-2-000002,유원오피스텔 뒤,공영,노외,부산광역시 부산진구 서면문화로 29-16,부산광역시 부산진구 부전동 474-97,12,1,요일제,평일+토요일+공휴일,00:00,23:59,00:00,23:59,00:00,23:59,유료,10,700,10,700,13,21000,220000,,4.27.부터 5부제적용,부산광역시 부산진구청,051-605-5886,35.15973252,129.0551543,N,2026-04-20,3290000,부산광역시 부산진구
134-2-000003,가야공원,공영,노외,부산광역시 부산진구 가야공원로 70,부산광역시 부산진구 가야동 484-8,39,3,요일제,평일+토요일+공휴일,00:00,23:59,00:00,23:59,00:00,23:59,유료,10,200,10,200,24,4700,50000,,4.27.부터 5부제적용,부산광역시 부산진구청,051-605-5886,35.14721452,129.029831,N,2026-04-20,3290000,부산광역시 부산진구
138-1-000024,동백공원공영주차장,공영,노상,부산광역시 해운대구 동백로 90,부산광역시 해운대구 우동721,127,기타,미시행,평일+토요일+공휴일,00:01,23:59,00:01,23:59,00:01,23:59,유료,10,500,10,500,,15000,,현금+카드,가변급지(1~2),부산광역시 해운대구청,051-749-4885,35.15401381,129.1510145,,2026-04-17,3330000,부산광역시 해운대구
138-2-000016,APEC 나루공원 공영,공영,노외,,부산광역시 해운대구 우동 1494,49,2,미시행,평일+토요일+공휴일,00:01,23:59,00:01,23:59,00:01,23:59,유료,10,300,10,300,,8000,,현금+카드,,부산광역시 해운대구청,051-749-4885,35.16790825,129.1273173,,2026-04-17,3330000,부산광역시 해운대구
138-4-000132,행운주차장,민영,노외,부산광역시 해운대구 반여로185번길 87 (반여동),부산광역시 해운대구 반여동873,13,기타,미시행,평일+토요일+공휴일,10:00,22:00,10:00,22:00,10:00,22:00,유료,60,2000,10,2000,,,,현금,,부산광역시 해운대구청,051-749-4887,35.20864273,129.1241096,,2026-04-17,3330000,부산광역시 해운대구
138-4-000133,향토주차장,민영,노외,,"부산광역시 해운대구 우동 441-3,9,10",10,기타,미시행,평일+토요일+공휴일,10:00,22:00,10:00,22:00,10:00,22:00,유료,10,,,,,,,현금,,부산광역시 해운대구청,051-749-4887,35.1673571,129.1596098,,2026-04-17,3330000,부산광역시 해운대구
138-4-000134,현대주차장,민영,노외,부산광역시 해운대구 구남로18번길 8-1 (우동),"부산광역시 해운대구 우동 541-16,21,23",23,기타,미시행,평일+토요일+공휴일,10:00,22:00,10:00,22:00,10:00,22:00,유료,30,1500,10,500,,,,현금,,부산광역시 해운대구청,051-749-4887,35.16227693,129.1593745,,2026-04-17,3330000,부산광역시 해운대구
138-4-000135,흥안인더스트리,민영,노외,부산광역시 해운대구 해운대해변로265번길 7 (우동),부산광역시 해운대구 우동626-4,9,기타,미시행,평일+토요일+공휴일,10:00,22:00,10:00,22:00,10:00,22:00,유료,60,4000,30,2000,,,,현금,,부산광역시 해운대구청,051-749-4887,35.16021916,129.1606128,,2026-04-17,3330000,부산광역시 해운대구
138-4-000136,미포주차장,민영,노외,부산광역시 해운대구 달맞이길50번길 6,"부산광역시 해운대구 중동 1087-5,6",15,기타,미시행,평일+토요일+공휴일,10:00,22:00,10:00,22:00,10:00,22:00,유료,10,,,,,,,현금,,부산광역시 해운대구청,051-749-4887,35.16098415,129.1700917,,2026-04-17,3330000,부산광역시 해운대구
138-4-000137,태양주차장,민영,노외,,부산광역시 해운대구 재송동 939-9,8,기타,미시행,평일+토요일+공휴일,10:00,22:00,10:00,22:00,10:00,22:00,유료,10,,,,,,,현금,,부산광역시 해운대구청,051-749-4887,35.19023506,129.1174634,,2026-04-17,3330000,부산광역시 해운대구
138-4-000138,신신주차장,민영,노외,,부산광역시 해운대구 송정동 137-6,13,기타,미시행,평일+토요일+공휴일,10:00,22:00,10:00,22:00,10:00,22:00,유료,10,,,,,,,현금,,부산광역시 해운대구청,051-749-4887,35.18375523,129.2002387,,2026-04-17,3330000,부산광역시 해운대구
138-4-000139,동남주차장,민영,노외,부산광역시 해운대구 해운대해변로237번길 9 (우동),부산광역시 해운대구 우동 648-1,9,기타,미시행,평일+토요일+공휴일,10:00,22:00,10:00,22:00,10:00,22:00,유료,10,,,,,,,현금,,부산광역시 해운대구청,051-749-4887,35.15964313,129.1575361,,2026-04-17,3330000,부산광역시 해운대구
138-4-000140,비치주차장,민영,노외,부산광역시 해운대구 해운대해변로209번가길 24(우동),부산광역시 해운대구 우동 649-1,108,기타,미시행,평일+토요일+공휴일,10:00,22:00,10:00,22:00,10:00,22:00,유료,10,,,,,,,현금,,부산광역시 해운대구청,051-749-4887,35.15924612,129.1563448,,2026-04-17,3330000,부산광역시 해운대구
138-4-000141,파킹오피스 해운대점,민영,노외,부산광역시 해운대구 중동1로 42-18 (중동),부산광역시 해운대구 중동 1394-372,66,기타,미시행,평일+토요일+공휴일,10:00,22:00,10:00,22:00,10:00,22:00,유료,10,,,,,,,현금,,부산광역시 해운대구청,051-749-4887,35.16152903,129.1630879,,2026-04-17,3330000,부산광역시 해운대구
138-4-000142,W주차장,민영,노외,,부산광역시 해운대구 송정동 136-7,4,기타,미시행,평일+토요일+공휴일,10:00,22:00,10:00,22:00,10:00,22:00,유료,10,,,,,,,현금,,부산광역시 해운대구청,051-749-4887,35.18376164,129.1999432,,2026-04-17,3330000,부산광역시 해운대구
138-4-000143,센텀병원주차장,민영,노외,,부산광역시 해운대구 반여동 1206-36,5,기타,미시행,평일+토요일+공휴일,10:00,22:00,10:00,22:00,10:00,22:00,유료,10,,,,,,,현금,,부산광역시 해운대구청,051-749-4887,35.20253149,129.1197364,,2026-04-17,3330000,부산광역시 해운대구
138-4-000144,중동주차장,민영,노외,,부산광역시 해운대구 중동 1326-6,13,기타,미시행,평일+토요일+공휴일,10:00,22:00,10:00,22:00,10:00,22:00,유료,10,,,,,,,현금,,부산광역시 해운대구청,051-749-4887,35.16821772,129.1702956,,2026-04-17,3330000,부산광역시 해운대구
138-4-000145,송정,민영,노외,,부산광역시 해운대구 송정동 121-2,18,기타,미시행,평일+토요일+공휴일,10:00,22:00,10:00,22:00,10:00,22:00,유료,10,,,,,,,현금,,부산광역시 해운대구청,051-749-4887,35.18755196,129.2034486,,2026-04-17,3330000,부산광역시 해운대구
138-4-000146,중동주차장,민영,노외,,부산광역시 해운대구 중동 249-3,18,기타,미시행,평일+토요일+공휴일,10:00,22:00,10:00,22:00,10:00,22:00,유료,10,,,,,,,현금,,부산광역시 해운대구청,051-749-4887,35.16901183,129.172154,,2026-04-17,3330000,부산광역시 해운대구
138-4-000147,해운대백병원임시주차장,민영,노외,부산광역시 해운대구 해운대로875 (좌동),부산광역시 해운대구 좌동 1435,352,기타,미시행,평일+토요일+공휴일,09:00,22:00,09:00,22:00,09:00,22:00,유료,10,,,,,,,현금+카드,,부산광역시 해운대구청,051-749-4887,35.17325948,129.1821639,,2026-04-17,3330000,부산광역시 해운대구
138-4-000148,강변주차장,민영,노외,부산광역시 해운대구 선수촌로145,부산광역시 해운대구 반여동 1218-3,81,기타,미시행,평일+토요일+공휴일,10:00,22:00,10:00,22:00,10:00,22:00,유료,10,,,,,,,현금,,부산광역시 해운대구청,051-749-4887,35.20757877,129.1213594,,2026-04-17,3330000,부산광역시 해운대구
138-4-000149,요한파킹주차장,민영,노외,,부산광역시 해운대구 반여동 1449-20,14,기타,미시행,평일+토요일+공휴일,10:00,22:00,10:00,22:00,10:00,22:00,유료,10,,,,,,,현금,,부산광역시 해운대구청,051-749-4887,35.2004074,129.1203123,,2026-04-17,3330000,부산광역시 해운대구
138-4-000119,해동주차장,민영,노외,부산광역시 해운대구 재반로 91 (재송동),부산광역시 해운대구 재송동1086-7,13,기타,미시행,평일+토요일+공휴일,10:00,22:00,10:00,22:00,10:00,22:00,유료,10,,,,,,,현금,,부산광역시 해운대구청,051-749-4887,35.18687439,129.1252504,,2026-04-17,3330000,부산광역시 해운대구
134-1-000001,가야중복도로,공영,노상,부산광역시 부산진구 냉정로 223,부산광역시 부산진구 개금동 171-49,119,3,요일제,평일+토요일,08:00,20:00,08:00,20:00,00:00,00:00,유료,10,200,10,200,12,4700,50000,,,부산광역시 부산진구청,051-605-5886,35.15130998,129.0241527,Y,2026-04-20,3290000,부산광역시 부산진구
134-1-000002,가야공원진입로,공영,노상,부산광역시 부산진구 가야공원로 30-1,부산광역시 부산진구 가야동 596-7,33,3,요일제,평일+토요일,08:00,20:00,08:00,20:00,00:00,00:00,유료,10,200,10,200,12,4700,50000,,4.27.부터 5부제적용,부산광역시 부산진구청,051-605-5886,35.15072727,129.0297645,Y,2026-04-20,3290000,부산광역시 부산진구
134-1-000003,신부산빌딩 앞(소망빌딩),공영,노상,부산광역시 부산진구 자유평화로 3번길 14-21,부산광역시 부산진구 범천동 839-32,27,1,요일제,평일+토요일,08:00,20:00,08:00,20:00,00:00,00:00,유료,10,500,10,500,12,15000,160000,,,부산광역시 부산진구청,051-605-5886,35.1422231,129.0618871,Y,2026-04-20,3290000,부산광역시 부산진구
134-1-000004,범천동신암로,공영,노상,부산광역시 부산진구 신암로 83,부산광역시 부산진구 범천동 1234-36,86,3,요일제,평일+토요일,08:00,20:00,08:00,20:00,00:00,00:00,유료,10,200,10,200,12,4700,50000,,4.27.부터 5부제적용,부산광역시 부산진구청,051-605-5886,35.14867928,129.0533226,Y,2026-04-20,3290000,부산광역시 부산진구
134-1-000005,경남공고 뒤,공영,노상,부산광역시 부산진구 전포대로 189번길 30,부산광역시 부산진구 전포동 693-2,27,2,요일제,평일+토요일,08:00,20:00,08:00,20:00,00:00,00:00,유료,10,300,10,300,12,8000,90000,,4.27.부터 5부제적용,부산광역시 부산진구청,051-605-5886,35.15371912,129.0634983,Y,2026-04-20,3290000,부산광역시 부산진구
134-1-000006,초읍동 성지곡로,공영,노상,부산광역시 부산진구 성지곡로 36-1,부산광역시 부산진구 초읍동 337-3,29,3,요일제,평일+토요일,08:00,20:00,08:00,20:00,00:00,00:00,유료,10,200,10,200,12,4700,50000,,4.27.부터 5부제적용,부산광역시 부산진구청,051-605-5886,35.1864407,129.0485185,Y,2026-04-20,3290000,부산광역시 부산진구
134-2-000001,주례초등학교,공영,노외,부산광역시 부산진구 진사로61번길 28-7,부산광역시 부산진구 개금동 630-5,67,2,요일제,평일,00:00,23:59,00:00,00:00,00:00,00:00,유료,10,300,10,300,24,8000,90000,,,부산광역시 부산진구청,051-605-5886,35.14579543,129.0194537,Y,2026-04-20,3290000,부산광역시 부산진구
139-2-000001,동주마루 공영주차장,공영,노외,,부산광역시 사하구 괴정동 378-57,48,4,미시행,평일+토요일+공휴일,00:00,23:59,00:00,23:59,00:00,23:59,유료,10,100,10,100,24,2400,52000,신용카드,,부산광역시 사하구청,051-220-4511,35.0997866,129.0019298,Y,2026-07-08,3340000,부산광역시 사하구
139-1-000012,하단동 유수지 공영주차장,공영,노상,부산광역시 사하구 하신번영로 243,부산광역시 사하구 하단동 1172,17,4,미시행,평일+토요일,08:00,20:00,08:00,15:00,00:00,00:00,유료,10,100,10,100,12,2400,30000,현금,,부산광역시 사하구청,051-220-4515,35.1032902,128.9567705,Y,2026-07-08,3340000,부산광역시 사하구
139-1-000011,에코팩토리존 노상공영주차장,공영,노상,부산광역시 사하구 신산로 13,부산광역시 사하구 신평동 653-4,42,4,미시행,평일+토요일,08:00,20:00,08:00,15:00,00:00,00:00,유료,10,100,10,100,12,2400,30000,현금,,부산광역시 사하구청,051-220-4515,35.090522,128.957233,N,2026-07-08,3340000,부산광역시 사하구
139-1-000009,하단5일상설시장 공영주차장,공영,노상,,부산광역시 사하구 하단동 621,35,3,미시행,평일+토요일+공휴일,08:00,21:00,08:00,21:00,08:00,21:00,유료,10,200,10,200,12,4700,50000,현금,,부산광역시 사하구청,051-220-4515,35.1038468726,128.9714372688,N,2026-07-08,3340000,부산광역시 사하구
139-1-000008,장림2동 공영주차장,공영,노상,,부산광역시 사하구 장림동 569-1,83,4,미시행,평일+토요일,08:00,20:00,08:00,15:00,00:00,00:00,유료,10,100,10,100,12,2400,30000,현금,,부산광역시 사하구청,051-220-4515,35.0724231385,128.9729461,N,2026-07-08,3340000,부산광역시 사하구
139-1-000007,신평패션칼라 공영주차장,공영,노상,,부산광역시 사하구 신평동 664,94,4,미시행,평일+토요일,08:00,20:00,08:00,15:00,00:00,00:00,유료,10,100,10,100,12,2400,30000,현금,,부산광역시 사하구청,051-220-4515,35.092528728,128.9568032593,N,2026-07-08,3340000,부산광역시 사하구
139-1-000014,장림대동맨션 앞 노상공영주차장,공영,노상,부산광역시 사하구 다대로 289,부산광역시 사하구 장림동 307,49,3,미시행,평일+토요일,08:00,20:00,08:00,15:00,00:00,00:00,유료,10,200,10,200,12,4700,50000,현금,,부산광역시 사하구청,051-220-4515,35.0767481,128.9774694,Y,2026-07-08,3340000,부산광역시 사하구
139-2-000016,사릿골 공영주차장,공영,노외,부산광역시 사하구 사리로 47,부산광역시 사하구 괴정동 237-4,27,3,미시행,평일+토요일+공휴일,00:00,23:59,00:00,23:59,00:00,23:59,유료,10,200,10,200,24,4700,90000,신용카드,,부산광역시 사하구청,051-220-4511,35.1041517,128.9984397,Y,2026-07-08,3340000,부산광역시 사하구
139-2-000015,신평골목시장 공영주차장,공영,노외,부산광역시 사하구 다대로116번길 13,부산광역시 사하구 신평동 99-9,25,3,미시행,평일+토요일+공휴일,00:00,23:59,00:00,23:59,00:00,23:59,유료,10,200,10,200,24,4700,90000,신용카드,,부산광역시 사하구청,051-220-4515,35.0924643,128.9772853856,Y,2026-07-08,3340000,부산광역시 사하구
139-2-000013,감천문화마을 공영주차장,공영,노외,,부산광역시 사하구 감천동 17-46,27,4,미시행,평일+토요일+공휴일,00:00,23:59,00:00,23:59,00:00,23:59,유료,10,100,10,100,24,2400,52000,신용카드,,부산광역시 사하구청,051-220-4511,35.0915280554,129.0073225415,Y,2026-07-08,3340000,부산광역시 사하구
139-2-000012,회화나무 공영주차장,공영,노외,부산광역시 사하구 괴정로 283-1,부산광역시 사하구 괴정동 514-4,62,3,미시행,평일+토요일+공휴일,00:00,23:59,00:00,23:59,00:00,23:59,유료,10,200,10,200,24,4700,90000,신용카드,,부산광역시 사하구청,051-220-4511,35.0967843814,128.9923394625,Y,2026-07-08,3340000,부산광역시 사하구
139-2-000011,다대 중앙 공영주차장,공영,노외,,부산광역시 사하구 다대동 1552-20,156,3,미시행,평일+토요일+공휴일,00:00,23:59,00:00,23:59,00:00,23:59,유료,10,200,10,200,24,4700,90000,신용카드,,부산광역시 사하구청,051-220-4511,35.0479120776,128.9656286007,Y,2026-07-08,3340000,부산광역시 사하구
139-2-000010,몰운대 공영주차장,공영,노외,부산광역시 사하구 몰운대1길 14,부산광역시 사하구 다대동 482-3,230,3,미시행,평일+토요일+공휴일,00:00,23:59,00:00,23:59,00:00,23:59,유료,10,200,10,200,24,4700,90000,신용카드,,부산광역시 사하구청,051-220-4511,35.0463817181,128.9680154,Y,2026-07-08,3340000,부산광역시 사하구
139-2-000009,다대2동 공영주차장,공영,노외,,부산광역시 사하구 다대동 1588,125,4,미시행,평일+토요일+공휴일,00:00,23:59,00:00,23:59,00:00,23:59,유료,10,100,10,100,24,2400,52000,신용카드,,부산광역시 사하구청,051-220-4511,35.0587524,128.9806860347,Y,2026-07-08,3340000,부산광역시 사하구
139-2-000008,감내 공영주차장,공영,노외,부산광역시 사하구 옥천로 57-1,부산광역시 사하구 감천동 16-485,50,4,미시행,평일+토요일+공휴일,00:00,23:59,00:00,23:59,00:00,23:59,유료,10,100,10,100,24,2400,52000,신용카드,,부산광역시 사하구청,051-220-4511,35.0920321,129.0081873,Y,2026-07-08,3340000,부산광역시 사하구
139-2-000007,감천2동 공영주차장,공영,노외,부산광역시 사하구 감내1로175번길 5,부산광역시 사하구 감천동 12,40,4,미시행,평일+토요일+공휴일,00:00,23:59,00:00,23:59,00:00,23:59,유료,10,100,10,100,24,2400,52000,신용카드,,부산광역시 사하구청,051-220-4511,35.0956857695,129.008716,Y,2026-07-08,3340000,부산광역시 사하구
139-2-000005,장림동 복합 공영주차장,공영,노외,부산광역시 사하구 장림로 106,부산광역시 사하구 장림동 1144-1,149,4,미시행,평일+토요일+공휴일,00:00,23:59,00:00,23:59,00:00,23:59,유료,10,100,10,100,24,2400,52000,신용카드,,부산광역시 사하구청,051-220-4511,35.081669196,128.9608015469,Y,2026-07-08,3340000,부산광역시 사하구
139-1-000013,통일아시아드공원 일원 노상공영,공영,노상,,부산광역시 사하구 다대동 1595,144,4,미시행,평일+토요일,08:00,20:00,08:00,15:00,00:00,00:00,유료,10,100,10,100,12,2400,30000,현금,,부산광역시 사하구청,051-220-4515,35.0604040771,128.9842654956,Y,2026-07-08,3340000,부산광역시 사하구
139-2-000004,장림 노외 공영주차장,공영,노외,,부산광역시 사하구 장림동 328-4,53,4,미시행,평일+토요일+공휴일,00:00,23:59,00:00,23:59,00:00,23:59,유료,10,100,10,100,24,2400,52000,신용카드,,부산광역시 사하구청,051-220-4511,35.0821613,128.9671194,Y,2026-07-08,3340000,부산광역시 사하구
139-2-000003,신평장림산업단지 공영주차장,공영,노외,부산광역시 사하구 장평로 254,부산광역시 사하구 신평동 545-2,135,3,미시행,평일+토요일+공휴일,00:00,23:59,00:00,23:59,00:00,23:59,유료,10,200,10,200,24,4700,90000,신용카드,,부산광역시 사하구청,051-220-4511,35.088676952,128.9733394,Y,2026-07-08,3340000,부산광역시 사하구
139-2-000002,을숙도 공영주차장,공영,노외,부산광역시 사하구 낙동남로1233번길 20,부산광역시 사하구 하단동 1149-5,340,4,미시행,평일+토요일+공휴일,00:00,23:59,00:00,23:59,00:00,23:59,유료,10,100,10,100,24,2400,52000,신용카드,,부산광역시 사하구청,051-220-4511,35.1094411,128.9469487,Y,2026-07-08,3340000,부산광역시 사하구
139-2-000022,부네치아 공영주차장,공영,노외,부산광역시 사하구 을숙도대로 466,부산광역시 사하구 신평동 659-2,46,4,미시행,평일+토요일+공휴일,00:00,23:59,00:00,23:59,00:00,23:59,유료,10,100,10,100,24,2400,52000,신용카드,,부산광역시 사하구청,051-220-4511,35.0833161,128.956595103,Y,2026-07-08,3340000,부산광역시 사하구
139-1-000006,동성화학 앞 공영주차장,공영,노상,부산광역시 사하구 하신번영로 19,부산광역시 사하구 신평동 370-116,47,4,미시행,평일+토요일,08:00,20:00,08:00,15:00,00:00,00:00,유료,10,100,10,100,12,2400,30000,현금,,부산광역시 사하구청,051-220-4515,35.0842304,128.9584313,N,2026-07-08,3340000,부산광역시 사하구
139-1-000005,대한제강 앞 복합 공영주차장,공영,노상,,부산광역시 사하구 신평동 370-17,164,4,미시행,평일+토요일,08:00,20:00,08:00,15:00,00:00,00:00,유료,10,100,10,100,12,2400,30000,현금,,부산광역시 사하구청,051-220-4515,35.0870544418,128.9649848972,N,2026-07-08,3340000,부산광역시 사하구
139-1-000004,도시철도 신평역 앞 공영주차장,공영,노상,,부산광역시 사하구 신평동 665,49,3,미시행,평일+토요일,08:00,20:00,08:00,15:00,00:00,00:00,유료,10,200,10,200,12,4700,50000,현금,,부산광역시 사하구청,051-220-4515,35.0939046036,128.9603137071,Y,2026-07-08,3340000,부산광역시 사하구
139-1-000003,괴정천복개로(하단동) 공영주차장,공영,노상,,부산광역시 사하구 하단동 870-6,88,3,미시행,평일+토요일,08:00,20:00,08:00,15:00,00:00,00:00,유료,10,200,10,200,12,4700,50000,현금,,부산광역시 사하구청,051-220-4515,35.1029816,128.9681119548,N,2026-07-08,3340000,부산광역시 사하구
139-1-000001,사하구청 앞 공영주차장,공영,노상,,부산광역시 사하구 당리동 317-100,29,2,미시행,평일+토요일,08:00,20:00,08:00,15:00,00:00,00:00,유료,10,300,10,300,24,8000,90000,현금,,부산광역시 사하구청,051-220-4515,35.1037247,128.9749952,Y,2026-07-08,3340000,부산광역시 사하구
139-2-000021,괴정3동 공영주차장,공영,노외,부산광역시 사하구 낙동대로199번길 51,부산광역시 사하구 괴정동 1238-281,60,3,미시행,평일+토요일+공휴일,00:00,23:59,00:00,23:59,00:00,23:59,유료,10,200,10,200,24,4700,90000,신용카드,,부산광역시 사하구청,051-220-4511,35.0984997,128.996350,Y,2026-07-08,3340000,부산광역시 사하구
139-2-000020,당리동 샛별공원 지하공영주차장,공영,노외,부산광역시 사하구 낙동대로356번길 55,부산광역시 사하구 당리동 348-6,40,3,미시행,평일+토요일+공휴일,00:00,23:59,00:00,23:59,00:00,23:59,유료,10,200,10,200,24,4700,90000,신용카드,,부산광역시 사하구청,051-220-4511,35.1024464,128.9815438,Y,2026-07-08,3340000,부산광역시 사하구
139-2-000019,장림골목시장 공영주차장,공영,노외,,부산광역시 사하구 장림동 328-4,144,3,미시행,평일+토요일+공휴일,00:00,23:59,00:00,23:59,00:00,23:59,유료,10,200,10,200,24,4700,90000,신용카드,,부산광역시 사하구청,051-220-4515,35.0821613,128.9671194,Y,2026-07-08,3340000,부산광역시 사하구
139-2-000018,하단1동 공영주차장,공영,노외,부산광역시 사하구 제석로12번길 2,부산광역시 사하구 하단동 53,60,3,미시행,평일+토요일+공휴일,00:00,23:59,00:00,23:59,00:00,23:59,유료,10,200,10,200,24,4700,90000,신용카드,,부산광역시 사하구청,051-220-4511,35.103121686,128.9708162893,Y,2026-07-08,3340000,부산광역시 사하구
139-2-000017,하단동 광장 공영주차장,공영,노외,,부산광역시 사하구 하단동 1163,42,3,미시행,평일+토요일+공휴일,00:00,23:59,00:00,23:59,00:00,23:59,유료,10,200,10,200,24,4700,90000,신용카드,,부산광역시 사하구청,051-220-4511,35.1064200557,128.9574844,Y,2026-07-08,3340000,부산광역시 사하구
